timestamp,open,high,low,close,volume,datetime
1683115200000,0.1,2.0,0.1,1.3018,304968314.3,2023-05-03 12:00:00
1683129600000,1.3018,1.3995,1.281,1.3188,94852681.2,2023-05-03 16:00:00
1683144000000,1.3192,1.415,1.3077,1.4016,46777497.9,2023-05-03 20:00:00
1683158400000,1.4016,1.499,1.3746,1.406,57737857.3,2023-05-04 00:00:00
1683172800000,1.4055,1.418,1.3501,1.372,26480327.4,2023-05-04 04:00:00
1683187200000,1.3721,1.3978,1.2968,1.3021,35676815.0,2023-05-04 08:00:00
1683201600000,1.3022,1.35,1.2961,1.3315,22327421.2,2023-05-04 12:00:00
1683216000000,1.3316,1.3475,1.3133,1.3342,11839492.9,2023-05-04 16:00:00
1683230400000,1.3341,1.347,1.3088,1.3303,6634528.8,2023-05-04 20:00:00
1683244800000,1.3303,1.339,1.26,1.268,20588621.5,2023-05-05 00:00:00
1683259200000,1.2681,1.29,1.2603,1.2747,11894492.0,2023-05-05 04:00:00
1683273600000,1.2747,1.38,1.2625,1.3427,32181136.2,2023-05-05 08:00:00
1683288000000,1.3425,1.3694,1.2939,1.3061,24424318.4,2023-05-05 12:00:00
1683302400000,1.3061,1.3255,1.2801,1.3084,13597469.5,2023-05-05 16:00:00
1683316800000,1.3083,1.3173,1.2872,1.3064,6417839.7,2023-05-05 20:00:00
1683331200000,1.3067,1.3616,1.2902,1.3431,18623663.0,2023-05-06 00:00:00
1683345600000,1.343,1.3752,1.325,1.3452,15001295.1,2023-05-06 04:00:00
1683360000000,1.3452,1.3472,1.3007,1.3243,12716229.8,2023-05-06 08:00:00
1683374400000,1.3243,1.3516,1.27,1.3348,22818042.3,2023-05-06 12:00:00
1683388800000,1.3348,1.3451,1.3018,1.3277,10165166.9,2023-05-06 16:00:00
1683403200000,1.3277,1.3388,1.3066,1.3297,5342221.6,2023-05-06 20:00:00
1683417600000,1.3299,1.3469,1.2866,1.296,11259447.0,2023-05-07 00:00:00
1683432000000,1.2959,1.3097,1.2939,1.2992,4226882.2,2023-05-07 04:00:00
1683446400000,1.2991,1.3138,1.2817,1.2908,5784731.1,2023-05-07 08:00:00
1683460800000,1.2908,1.311,1.2817,1.2861,8123655.8,2023-05-07 12:00:00
1683475200000,1.2862,1.2976,1.27,1.2798,5952284.5,2023-05-07 16:00:00
1683489600000,1.2799,1.2894,1.22,1.2431,6557639.4,2023-05-07 20:00:00
1683504000000,1.243,1.2439,1.09,1.1606,34566473.4,2023-05-08 00:00:00
1683518400000,1.1606,1.1662,1.1124,1.1304,16265960.0,2023-05-08 04:00:00
1683532800000,1.1304,1.1596,1.125,1.1434,15178115.7,2023-05-08 08:00:00
1683547200000,1.143,1.1623,1.1305,1.1462,13237394.5,2023-05-08 12:00:00
1683561600000,1.1462,1.1498,1.0222,1.0434,22736358.9,2023-05-08 16:00:00
1683576000000,1.0433,1.16,1.0432,1.1374,18761798.5,2023-05-08 20:00:00
1683590400000,1.1377,1.1434,1.1032,1.1145,9331148.6,2023-05-09 00:00:00
1683604800000,1.1145,1.155,1.0932,1.1501,12262049.3,2023-05-09 04:00:00
1683619200000,1.1502,1.1507,1.106,1.1405,12931580.5,2023-05-09 08:00:00
1683633600000,1.1403,1.1759,1.1237,1.1505,21160296.8,2023-05-09 12:00:00
1683648000000,1.1506,1.1887,1.1403,1.1861,16195401.4,2023-05-09 16:00:00
1683662400000,1.1861,1.2158,1.15,1.1842,12866480.0,2023-05-09 20:00:00
1683676800000,1.1842,1.2284,1.1675,1.2012,17334827.5,2023-05-10 00:00:00
1683691200000,1.2006,1.2096,1.1583,1.173,18935959.6,2023-05-10 04:00:00
1683705600000,1.173,1.18,1.115,1.1459,51311950.9,2023-05-10 08:00:00
1683720000000,1.1461,1.2448,1.1366,1.2029,39043033.7,2023-05-10 12:00:00
1683734400000,1.2029,1.21,1.0988,1.1778,29104890.0,2023-05-10 16:00:00
1683748800000,1.1774,1.2005,1.1634,1.1787,12392959.6,2023-05-10 20:00:00
1683763200000,1.1788,1.1819,1.1312,1.133,11977902.4,2023-05-11 00:00:00
1683777600000,1.1329,1.1479,1.125,1.1367,9200341.6,2023-05-11 04:00:00
1683792000000,1.1367,1.1442,1.1211,1.1272,8836703.8,2023-05-11 08:00:00
1683806400000,1.1271,1.146,1.0751,1.0964,19745893.8,2023-05-11 12:00:00
1683820800000,1.0965,1.1039,1.0336,1.0479,27674952.7,2023-05-11 16:00:00
1683835200000,1.048,1.0813,1.0386,1.0736,9394684.4,2023-05-11 20:00:00
1683849600000,1.0737,1.0834,1.0201,1.0309,13001307.9,2023-05-12 00:00:00
1683864000000,1.0307,1.049,1.013,1.0411,12438251.1,2023-05-12 04:00:00
1683878400000,1.0416,1.0725,1.0372,1.0484,9058423.3,2023-05-12 08:00:00
1683892800000,1.0484,1.08,1.0432,1.0501,10955426.6,2023-05-12 12:00:00
1683907200000,1.05,1.0891,1.03,1.0849,11001729.0,2023-05-12 16:00:00
1683921600000,1.0844,1.1229,1.0758,1.1152,10135256.9,2023-05-12 20:00:00
1683936000000,1.115,1.1231,1.0857,1.0957,5717314.8,2023-05-13 00:00:00
1683950400000,1.0956,1.1085,1.0901,1.1052,3588911.2,2023-05-13 04:00:00
1683964800000,1.1053,1.1274,1.0955,1.126,5894004.4,2023-05-13 08:00:00
1683979200000,1.126,1.14,1.0966,1.0974,10827525.6,2023-05-13 12:00:00
1683993600000,1.0975,1.1084,1.0855,1.0957,6873554.2,2023-05-13 16:00:00
1684008000000,1.0965,1.1029,1.0918,1.0994,3046737.6,2023-05-13 20:00:00
1684022400000,1.0993,1.0994,1.0677,1.0897,4942555.1,2023-05-14 00:00:00
1684036800000,1.0901,1.1023,1.0825,1.0981,3535041.9,2023-05-14 04:00:00
1684051200000,1.0979,1.1436,1.0935,1.1258,8229919.2,2023-05-14 08:00:00
1684065600000,1.1259,1.2,1.1169,1.1921,18498198.4,2023-05-14 12:00:00
1684080000000,1.1921,1.2049,1.142,1.1456,11180220.6,2023-05-14 16:00:00
1684094400000,1.1454,1.1675,1.14,1.1591,4807508.9,2023-05-14 20:00:00
1684108800000,1.1589,1.2389,1.1241,1.2244,18661420.3,2023-05-15 00:00:00
1684123200000,1.2246,1.2298,1.2047,1.215,13105264.7,2023-05-15 04:00:00
1684137600000,1.2152,1.2548,1.2106,1.2154,17094225.4,2023-05-15 08:00:00
1684152000000,1.2163,1.25,1.2101,1.2317,13372698.9,2023-05-15 12:00:00
1684166400000,1.2317,1.2475,1.2025,1.2189,9872507.7,2023-05-15 16:00:00
1684180800000,1.2187,1.2228,1.1835,1.193,4644877.5,2023-05-15 20:00:00
1684195200000,1.1934,1.2071,1.1714,1.1786,9394832.1,2023-05-16 00:00:00
1684209600000,1.1786,1.1971,1.165,1.191,8839257.4,2023-05-16 04:00:00
1684224000000,1.1911,1.2004,1.1676,1.1717,9855127.3,2023-05-16 08:00:00
1684238400000,1.1717,1.179,1.1529,1.1628,10028308.1,2023-05-16 12:00:00
1684252800000,1.1632,1.1708,1.1405,1.1631,7172880.2,2023-05-16 16:00:00
1684267200000,1.1634,1.1728,1.1561,1.1651,3365780.4,2023-05-16 20:00:00
1684281600000,1.1654,1.199,1.1523,1.1808,7243901.5,2023-05-17 00:00:00
1684296000000,1.1808,1.185,1.1452,1.1506,6973641.2,2023-05-17 04:00:00
1684310400000,1.1508,1.152,1.1115,1.1219,9715227.5,2023-05-17 08:00:00
1684324800000,1.1215,1.1754,1.1187,1.1728,14498853.3,2023-05-17 12:00:00
1684339200000,1.1727,1.2031,1.1566,1.1964,16961080.5,2023-05-17 16:00:00
1684353600000,1.1966,1.2155,1.186,1.2131,9153811.1,2023-05-17 20:00:00
1684368000000,1.2131,1.2245,1.1825,1.2,7857257.1,2023-05-18 00:00:00
1684382400000,1.2,1.2011,1.1774,1.1928,6135816.0,2023-05-18 04:00:00
1684396800000,1.193,1.1964,1.1676,1.1822,6237274.6,2023-05-18 08:00:00
1684411200000,1.1821,1.1838,1.1511,1.1607,8832192.3,2023-05-18 12:00:00
1684425600000,1.1607,1.1666,1.1266,1.138,7917256.5,2023-05-18 16:00:00
1684440000000,1.1382,1.1613,1.131,1.1415,3553816.0,2023-05-18 20:00:00
1684454400000,1.1413,1.1465,1.1292,1.146,3172876.5,2023-05-19 00:00:00
1684468800000,1.1453,1.1494,1.1324,1.1345,3834302.3,2023-05-19 04:00:00
1684483200000,1.1341,1.1397,1.1197,1.1299,4580103.8,2023-05-19 08:00:00
1684497600000,1.1301,1.146,1.1153,1.132,7025414.1,2023-05-19 12:00:00
1684512000000,1.1323,1.1445,1.1273,1.1317,4355418.6,2023-05-19 16:00:00
1684526400000,1.1317,1.1376,1.1293,1.1304,2121074.9,2023-05-19 20:00:00
1684540800000,1.1304,1.1322,1.1167,1.1231,3709472.1,2023-05-20 00:00:00
1684555200000,1.1231,1.125,1.108,1.1177,3345039.8,2023-05-20 04:00:00
1684569600000,1.1177,1.1248,1.1168,1.1196,2068401.5,2023-05-20 08:00:00
1684584000000,1.1196,1.1288,1.1158,1.1254,2390985.1,2023-05-20 12:00:00
1684598400000,1.1252,1.1343,1.1178,1.1246,2741810.7,2023-05-20 16:00:00
1684612800000,1.1247,1.1294,1.1203,1.124,1886358.5,2023-05-20 20:00:00
1684627200000,1.1241,1.1353,1.1213,1.1284,2836792.8,2023-05-21 00:00:00
1684641600000,1.1285,1.153,1.1257,1.1381,5891336.0,2023-05-21 04:00:00
1684656000000,1.1384,1.1417,1.1194,1.1216,5024341.6,2023-05-21 08:00:00
1684670400000,1.1216,1.1293,1.051,1.076,11897948.0,2023-05-21 12:00:00
1684684800000,1.0762,1.08,1.057,1.0767,8402630.3,2023-05-21 16:00:00
1684699200000,1.0768,1.0822,1.0636,1.073,2767590.3,2023-05-21 20:00:00
1684713600000,1.0729,1.0781,1.0337,1.0466,8224449.4,2023-05-22 00:00:00
1684728000000,1.0465,1.0636,1.0405,1.0563,5490240.1,2023-05-22 04:00:00
1684742400000,1.0564,1.0675,1.0543,1.0621,4485730.3,2023-05-22 08:00:00
1684756800000,1.062,1.074,1.044,1.0556,7982710.7,2023-05-22 12:00:00
1684771200000,1.0555,1.0602,1.0488,1.0511,2463368.3,2023-05-22 16:00:00
1684785600000,1.0512,1.059,1.0469,1.0502,2098366.5,2023-05-22 20:00:00
1684800000000,1.0502,1.098,1.041,1.0877,7667869.8,2023-05-23 00:00:00
1684814400000,1.0877,1.0941,1.0681,1.0765,5547714.6,2023-05-23 04:00:00
1684828800000,1.0768,1.0843,1.0702,1.0767,4545121.2,2023-05-23 08:00:00
1684843200000,1.0767,1.084,1.0514,1.0597,7235909.3,2023-05-23 12:00:00
1684857600000,1.0597,1.063,1.0506,1.0586,2429188.1,2023-05-23 16:00:00
1684872000000,1.0587,1.0604,1.0228,1.0533,6713747.2,2023-05-23 20:00:00
1684886400000,1.0532,1.0532,1.0086,1.0248,9454813.1,2023-05-24 00:00:00
1684900800000,1.0246,1.0248,0.96,0.9787,23169321.0,2023-05-24 04:00:00
1684915200000,0.9785,0.9951,0.9762,0.986,6642203.4,2023-05-24 08:00:00
1684929600000,0.986,0.9898,0.9413,0.974,21843480.6,2023-05-24 12:00:00
1684944000000,0.9741,0.9865,0.9575,0.9722,6756093.8,2023-05-24 16:00:00
1684958400000,0.9721,0.9862,0.9711,0.9784,4647964.9,2023-05-24 20:00:00
1684972800000,0.9784,0.9886,0.9366,0.9689,8575158.4,2023-05-25 00:00:00
1684987200000,0.9687,0.9753,0.9561,0.9571,4672298.7,2023-05-25 04:00:00
1685001600000,0.9571,0.995,0.9563,0.9926,7436963.7,2023-05-25 08:00:00
1685016000000,0.9926,1.0103,0.9674,0.9726,10302673.2,2023-05-25 12:00:00
1685030400000,0.9727,0.9953,0.9685,0.9844,4696171.9,2023-05-25 16:00:00
1685044800000,0.9844,0.9872,0.9784,0.982,1950604.1,2023-05-25 20:00:00
1685059200000,0.9821,0.9925,0.9723,0.9778,4450026.6,2023-05-26 00:00:00
1685073600000,0.9778,0.988,0.9627,0.9844,3936859.3,2023-05-26 04:00:00
1685088000000,0.9845,0.9976,0.9806,0.986,5246977.5,2023-05-26 08:00:00
1685102400000,0.9861,1.01,0.9766,0.9998,9562754.1,2023-05-26 12:00:00
1685116800000,0.9997,1.0033,0.9813,0.9894,3562831.9,2023-05-26 16:00:00
1685131200000,0.9895,0.9958,0.9865,0.9911,2047401.9,2023-05-26 20:00:00
1685145600000,0.9911,0.9951,0.9828,0.9938,2348400.3,2023-05-27 00:00:00
1685160000000,0.994,1.0176,0.9915,1.0033,7553134.5,2023-05-27 04:00:00
1685174400000,1.0032,1.0039,0.9936,0.9971,3171019.8,2023-05-27 08:00:00
1685188800000,0.997,1.0032,0.986,0.9922,3623012.2,2023-05-27 12:00:00
1685203200000,0.9922,0.994,0.9827,0.9913,2917026.3,2023-05-27 16:00:00
1685217600000,0.9912,1.0006,0.9893,0.998,1754318.6,2023-05-27 20:00:00
1685232000000,0.998,1.0157,0.9926,1.0084,4251477.6,2023-05-28 00:00:00
1685246400000,1.0084,1.012,0.9977,1.0075,2954157.2,2023-05-28 04:00:00
1685260800000,1.0075,1.03,1.0006,1.0119,5199954.9,2023-05-28 08:00:00
1685275200000,1.0118,1.028,1.0078,1.0262,4509698.1,2023-05-28 12:00:00
1685289600000,1.0262,1.053,1.0197,1.0353,10981936.9,2023-05-28 16:00:00
1685304000000,1.0351,1.0729,1.0294,1.0617,10102482.1,2023-05-28 20:00:00
1685318400000,1.0619,1.0671,1.0329,1.0363,8009862.1,2023-05-29 00:00:00
1685332800000,1.0364,1.0501,1.0225,1.0455,7759031.2,2023-05-29 04:00:00
1685347200000,1.0454,1.09,1.0454,1.079,17096977.7,2023-05-29 08:00:00
1685361600000,1.079,1.1,1.0458,1.0514,20075696.2,2023-05-29 12:00:00
1685376000000,1.0514,1.0642,1.04,1.046,9072539.5,2023-05-29 16:00:00
1685390400000,1.0455,1.0586,1.0265,1.0392,4895886.4,2023-05-29 20:00:00
1685404800000,1.0391,1.0619,1.0251,1.0514,5557797.7,2023-05-30 00:00:00
1685419200000,1.0514,1.0558,1.0292,1.0292,6247145.5,2023-05-30 04:00:00
1685433600000,1.0294,1.0516,1.0171,1.041,9486364.1,2023-05-30 08:00:00
1685448000000,1.0408,1.0433,0.9893,1.0009,12777976.3,2023-05-30 12:00:00
1685462400000,1.001,1.0104,0.9965,1.0062,5830695.3,2023-05-30 16:00:00
1685476800000,1.0062,1.0164,0.9994,1.0011,3621198.7,2023-05-30 20:00:00
1685491200000,1.001,1.0097,0.979,0.991,5937806.5,2023-05-31 00:00:00
1685505600000,0.9911,0.9914,0.9608,0.9728,8373030.3,2023-05-31 04:00:00
1685520000000,0.9726,0.975,0.955,0.9589,5081455.8,2023-05-31 08:00:00
1685534400000,0.9589,0.9717,0.9429,0.9589,8313497.3,2023-05-31 12:00:00
1685548800000,0.9589,0.9747,0.9542,0.9651,3523517.3,2023-05-31 16:00:00
1685563200000,0.9648,0.9794,0.9582,0.9743,2477184.3,2023-05-31 20:00:00
1685577600000,0.9746,0.9794,0.9464,0.9557,5065803.2,2023-06-01 00:00:00
1685592000000,0.9566,0.9621,0.94,0.945,3746049.7,2023-06-01 04:00:00
1685606400000,0.9448,0.9604,0.9426,0.9564,2526899.0,2023-06-01 08:00:00
1685620800000,0.9564,0.9786,0.9513,0.962,7320099.3,2023-06-01 12:00:00
1685635200000,0.9619,0.9757,0.9502,0.9599,5820881.9,2023-06-01 16:00:00
1685649600000,0.9601,0.9663,0.9415,0.9461,3291846.6,2023-06-01 20:00:00
1685664000000,0.946,0.9464,0.905,0.9268,13493938.3,2023-06-02 00:00:00
1685678400000,0.9268,0.94,0.9168,0.9316,6900718.4,2023-06-02 04:00:00
1685692800000,0.9316,0.963,0.9312,0.955,8088565.8,2023-06-02 08:00:00
1685707200000,0.955,0.9612,0.9333,0.9457,8965927.8,2023-06-02 12:00:00
1685721600000,0.9456,0.9569,0.9249,0.9505,5809934.8,2023-06-02 16:00:00
1685736000000,0.9507,0.9536,0.9391,0.9414,4691232.0,2023-06-02 20:00:00
1685750400000,0.9414,0.9418,0.9227,0.9298,3731584.4,2023-06-03 00:00:00
1685764800000,0.9297,0.9433,0.9068,0.9413,9003671.4,2023-06-03 04:00:00
1685779200000,0.9414,0.9543,0.9332,0.9385,7133302.0,2023-06-03 08:00:00
1685793600000,0.9383,0.9568,0.9371,0.9476,5514305.4,2023-06-03 12:00:00
1685808000000,0.9474,0.948,0.92,0.9256,4821285.9,2023-06-03 16:00:00
1685822400000,0.9256,0.9345,0.9205,0.9333,2813094.6,2023-06-03 20:00:00
1685836800000,0.9332,0.95,0.9266,0.9409,5141604.7,2023-06-04 00:00:00
1685851200000,0.9411,0.968,0.9393,0.96,6624907.8,2023-06-04 04:00:00
1685865600000,0.9599,0.9766,0.9528,0.9624,5678247.1,2023-06-04 08:00:00
1685880000000,0.9625,0.9726,0.9503,0.9651,6063321.4,2023-06-04 12:00:00
1685894400000,0.9654,0.9727,0.9524,0.9577,4117015.5,2023-06-04 16:00:00
1685908800000,0.9576,0.9785,0.954,0.9602,6502455.0,2023-06-04 20:00:00
1685923200000,0.9604,0.9715,0.9252,0.9307,10772238.6,2023-06-05 00:00:00
1685937600000,0.9303,0.9327,0.907,0.9221,7980329.1,2023-06-05 04:00:00
1685952000000,0.922,0.9223,0.906,0.9138,5309357.1,2023-06-05 08:00:00
1685966400000,0.9141,0.9147,0.781,0.781,37967859.9,2023-06-05 12:00:00
1685980800000,0.7817,0.8136,0.75,0.8097,39868623.7,2023-06-05 16:00:00
1685995200000,0.8091,0.8253,0.8,0.8169,8084763.1,2023-06-05 20:00:00
1686009600000,0.8171,0.8214,0.8018,0.8144,5705696.7,2023-06-06 00:00:00
1686024000000,0.8145,0.8212,0.797,0.8007,4260673.0,2023-06-06 04:00:00
1686038400000,0.8009,0.8099,0.797,0.7986,4070235.2,2023-06-06 08:00:00
1686052800000,0.799,0.8209,0.7553,0.8133,20933831.6,2023-06-06 12:00:00
1686067200000,0.8131,0.8496,0.8105,0.8408,12585693.2,2023-06-06 16:00:00
1686081600000,0.8408,0.8446,0.8205,0.8314,5353788.7,2023-06-06 20:00:00
1686096000000,0.8314,0.8314,0.782,0.7905,10203470.7,2023-06-07 00:00:00
1686110400000,0.7903,0.7981,0.7814,0.7869,4211471.4,2023-06-07 04:00:00
1686124800000,0.7871,0.7998,0.7602,0.7935,10352280.6,2023-06-07 08:00:00
1686139200000,0.7935,0.7943,0.7465,0.7556,12540308.8,2023-06-07 12:00:00
1686153600000,0.7557,0.7631,0.7433,0.7602,5759134.8,2023-06-07 16:00:00
1686168000000,0.7604,0.7644,0.7461,0.7572,4684642.9,2023-06-07 20:00:00
1686182400000,0.7572,0.7937,0.7538,0.7654,8890376.4,2023-06-08 00:00:00
1686196800000,0.7653,0.7735,0.7475,0.7553,7497001.4,2023-06-08 04:00:00
1686211200000,0.7553,0.7565,0.7216,0.7414,12942336.3,2023-06-08 08:00:00
1686225600000,0.7415,0.7595,0.7392,0.7431,8968217.5,2023-06-08 12:00:00
1686240000000,0.743,0.7436,0.715,0.7284,8589447.7,2023-06-08 16:00:00
1686254400000,0.7284,0.7412,0.7268,0.7287,4072779.5,2023-06-08 20:00:00
1686268800000,0.7287,0.7374,0.7102,0.7318,7169707.3,2023-06-09 00:00:00
1686283200000,0.7319,0.7503,0.728,0.7435,11356938.9,2023-06-09 04:00:00
1686297600000,0.7434,0.7594,0.7408,0.7562,9414445.9,2023-06-09 08:00:00
1686312000000,0.7561,0.7627,0.7442,0.748,6687815.7,2023-06-09 12:00:00
1686326400000,0.7479,0.7576,0.7222,0.7276,9253459.5,2023-06-09 16:00:00
1686340800000,0.7275,0.7485,0.7263,0.7382,4638497.4,2023-06-09 20:00:00
1686355200000,0.7382,0.7417,0.6612,0.666,20894186.2,2023-06-10 00:00:00
1686369600000,0.6661,0.6734,0.51,0.5857,50518582.9,2023-06-10 04:00:00
1686384000000,0.5856,0.6152,0.58,0.6073,17040268.4,2023-06-10 08:00:00
1686398400000,0.6071,0.6101,0.5843,0.5947,12897452.3,2023-06-10 12:00:00
1686412800000,0.5947,0.6384,0.5917,0.6119,16840109.9,2023-06-10 16:00:00
1686427200000,0.6119,0.6199,0.6026,0.6095,4667245.1,2023-06-10 20:00:00
1686441600000,0.6095,0.6134,0.5905,0.5967,7619387.5,2023-06-11 00:00:00
1686456000000,0.5967,0.623,0.5865,0.6079,11637564.6,2023-06-11 04:00:00
1686470400000,0.6079,0.6242,0.6028,0.6132,5533027.1,2023-06-11 08:00:00
1686484800000,0.6137,0.6158,0.5934,0.5998,9468378.7,2023-06-11 12:00:00
1686499200000,0.5998,0.6198,0.5995,0.617,6368468.6,2023-06-11 16:00:00
1686513600000,0.6169,0.6231,0.597,0.6055,4834779.2,2023-06-11 20:00:00
1686528000000,0.6054,0.6066,0.5693,0.595,11822977.2,2023-06-12 00:00:00
1686542400000,0.5951,0.6202,0.595,0.6053,9268309.3,2023-06-12 04:00:00
1686556800000,0.6054,0.6794,0.6053,0.6613,33162211.4,2023-06-12 08:00:00
1686571200000,0.6612,0.6789,0.6521,0.6657,17601301.0,2023-06-12 12:00:00
1686585600000,0.6657,0.6876,0.6442,0.6527,16944815.3,2023-06-12 16:00:00
1686600000000,0.6526,0.6684,0.6517,0.6633,6256463.9,2023-06-12 20:00:00
1686614400000,0.6633,0.7159,0.6618,0.7103,24643470.5,2023-06-13 00:00:00
1686628800000,0.7103,0.7112,0.6874,0.7003,13311360.1,2023-06-13 04:00:00
1686643200000,0.7002,0.7197,0.6901,0.6982,15781838.6,2023-06-13 08:00:00
1686657600000,0.6978,0.7294,0.6671,0.6701,27314404.3,2023-06-13 12:00:00
1686672000000,0.6701,0.697,0.6657,0.6914,10080078.7,2023-06-13 16:00:00
1686686400000,0.6913,0.6999,0.6873,0.6983,4715187.4,2023-06-13 20:00:00
1686700800000,0.6982,0.7131,0.6848,0.698,10977327.7,2023-06-14 00:00:00
1686715200000,0.6982,0.7033,0.6687,0.6759,7849322.3,2023-06-14 04:00:00
1686729600000,0.6758,0.6966,0.6738,0.6852,7501831.4,2023-06-14 08:00:00
1686744000000,0.6851,0.6901,0.674,0.676,7428199.7,2023-06-14 12:00:00
1686758400000,0.6759,0.6889,0.651,0.6707,12100877.5,2023-06-14 16:00:00
1686772800000,0.6709,0.6729,0.6273,0.6506,16691439.1,2023-06-14 20:00:00
1686787200000,0.6505,0.6562,0.631,0.6427,5990012.3,2023-06-15 00:00:00
1686801600000,0.6427,0.6441,0.6233,0.6296,6090869.7,2023-06-15 04:00:00
1686816000000,0.6297,0.6521,0.6201,0.6436,7414719.0,2023-06-15 08:00:00
1686830400000,0.6437,0.6592,0.6344,0.6415,8959559.1,2023-06-15 12:00:00
1686844800000,0.6416,0.6532,0.6287,0.6521,7737832.4,2023-06-15 16:00:00
1686859200000,0.6521,0.6591,0.6428,0.649,5289592.1,2023-06-15 20:00:00
1686873600000,0.6489,0.6541,0.6366,0.6528,3275035.0,2023-06-16 00:00:00
1686888000000,0.6527,0.6655,0.6503,0.653,5449919.2,2023-06-16 04:00:00
1686902400000,0.6533,0.6604,0.6271,0.6328,5769770.4,2023-06-16 08:00:00
1686916800000,0.6329,0.6479,0.6227,0.642,7347358.9,2023-06-16 12:00:00
1686931200000,0.6425,0.6875,0.6395,0.6872,12952159.1,2023-06-16 16:00:00
1686945600000,0.687,0.7217,0.678,0.7072,15407232.3,2023-06-16 20:00:00
1686960000000,0.7072,0.741,0.7043,0.7275,16083468.7,2023-06-17 00:00:00
1686974400000,0.7272,0.7748,0.7259,0.7615,21122220.1,2023-06-17 04:00:00
1686988800000,0.7614,0.7688,0.7485,0.7552,11917778.4,2023-06-17 08:00:00
1687003200000,0.7552,0.785,0.7363,0.7492,22069034.7,2023-06-17 12:00:00
1687017600000,0.7492,0.7761,0.7449,0.7482,13964239.1,2023-06-17 16:00:00
1687032000000,0.7482,0.7657,0.7445,0.7541,7049702.8,2023-06-17 20:00:00
1687046400000,0.7539,0.78,0.7401,0.7709,10440199.9,2023-06-18 00:00:00
1687060800000,0.7707,0.7961,0.755,0.7666,26573707.4,2023-06-18 04:00:00
1687075200000,0.7667,0.7679,0.7502,0.7625,9277048.9,2023-06-18 08:00:00
1687089600000,0.7625,0.7628,0.7471,0.7554,6187462.9,2023-06-18 12:00:00
1687104000000,0.7553,0.7625,0.7388,0.7451,7520071.3,2023-06-18 16:00:00
1687118400000,0.7454,0.7466,0.7096,0.7207,10238516.2,2023-06-18 20:00:00
1687132800000,0.7206,0.7273,0.7093,0.7233,7499878.2,2023-06-19 00:00:00
1687147200000,0.7232,0.7723,0.722,0.756,12735724.1,2023-06-19 04:00:00
1687161600000,0.7561,0.7769,0.752,0.7639,12490951.3,2023-06-19 08:00:00
1687176000000,0.7636,0.7752,0.7456,0.7546,10959096.0,2023-06-19 12:00:00
1687190400000,0.7543,0.7895,0.7456,0.7662,15443902.2,2023-06-19 16:00:00
1687204800000,0.7664,0.7926,0.765,0.7851,10986102.6,2023-06-19 20:00:00
1687219200000,0.7851,0.8168,0.7782,0.7974,17128924.2,2023-06-20 00:00:00
1687233600000,0.7974,0.8031,0.7776,0.7808,11636429.9,2023-06-20 04:00:00
1687248000000,0.7809,0.7811,0.7654,0.7779,9923810.4,2023-06-20 08:00:00
1687262400000,0.7778,0.7818,0.7485,0.7631,12678878.7,2023-06-20 12:00:00
1687276800000,0.7632,0.8039,0.7585,0.7964,21966276.3,2023-06-20 16:00:00
1687291200000,0.7965,0.8278,0.7865,0.8189,12660016.7,2023-06-20 20:00:00
1687305600000,0.819,0.8336,0.8018,0.8159,13962989.3,2023-06-21 00:00:00
1687320000000,0.8157,0.8266,0.7972,0.8017,10932690.2,2023-06-21 04:00:00
1687334400000,0.8018,0.8018,0.7777,0.7931,13658990.2,2023-06-21 08:00:00
1687348800000,0.793,0.8044,0.7686,0.7981,18278782.4,2023-06-21 12:00:00
1687363200000,0.7981,0.8506,0.7933,0.8238,26889918.7,2023-06-21 16:00:00
1687377600000,0.8239,0.8365,0.8057,0.8312,10478899.4,2023-06-21 20:00:00
1687392000000,0.8312,0.8899,0.8201,0.861,20588654.9,2023-06-22 00:00:00
1687406400000,0.861,0.8766,0.8241,0.8373,14578489.0,2023-06-22 04:00:00
1687420800000,0.8374,0.85,0.8013,0.8123,14742985.4,2023-06-22 08:00:00
1687435200000,0.8122,0.8579,0.8041,0.8238,17795003.7,2023-06-22 12:00:00
1687449600000,0.8236,0.838,0.8164,0.8241,8881357.6,2023-06-22 16:00:00
1687464000000,0.8243,0.8262,0.7901,0.803,9488567.1,2023-06-22 20:00:00
1687478400000,0.803,0.8115,0.7963,0.8097,6960630.6,2023-06-23 00:00:00
1687492800000,0.8098,0.8122,0.7921,0.7978,6617934.0,2023-06-23 04:00:00
1687507200000,0.7979,0.803,0.7781,0.796,12407829.5,2023-06-23 08:00:00
1687521600000,0.796,0.8292,0.7856,0.8254,14582754.7,2023-06-23 12:00:00
1687536000000,0.8251,0.8361,0.7992,0.8075,13256315.8,2023-06-23 16:00:00
1687550400000,0.8075,0.8164,0.7936,0.7984,7039282.5,2023-06-23 20:00:00
1687564800000,0.7983,0.7984,0.7815,0.7938,6366991.0,2023-06-24 00:00:00
1687579200000,0.7939,0.7939,0.752,0.7676,7608089.0,2023-06-24 04:00:00
1687593600000,0.7674,0.7775,0.7655,0.7737,5427126.2,2023-06-24 08:00:00
1687608000000,0.7738,0.7835,0.7232,0.7459,13553623.5,2023-06-24 12:00:00
1687622400000,0.7458,0.7512,0.7387,0.7468,6601845.5,2023-06-24 16:00:00
1687636800000,0.7468,0.759,0.7406,0.7528,4080394.5,2023-06-24 20:00:00
1687651200000,0.7529,0.77,0.74,0.7688,6987128.4,2023-06-25 00:00:00
1687665600000,0.7688,0.778,0.7582,0.7691,8647313.0,2023-06-25 04:00:00
1687680000000,0.7688,0.7805,0.7647,0.772,5559319.9,2023-06-25 08:00:00
1687694400000,0.772,0.776,0.7405,0.7463,9331695.6,2023-06-25 12:00:00
1687708800000,0.746,0.7532,0.7423,0.7494,4809194.6,2023-06-25 16:00:00
1687723200000,0.7491,0.7543,0.7432,0.7451,2990598.6,2023-06-25 20:00:00
1687737600000,0.7451,0.7504,0.7224,0.7305,8460448.2,2023-06-26 00:00:00
1687752000000,0.7306,0.7605,0.7237,0.7416,7649555.3,2023-06-26 04:00:00
1687766400000,0.7417,0.7572,0.7353,0.7474,8434534.4,2023-06-26 08:00:00
1687780800000,0.7477,0.7595,0.739,0.7515,7048918.5,2023-06-26 12:00:00
1687795200000,0.7513,0.7526,0.7182,0.7303,7872508.6,2023-06-26 16:00:00
1687809600000,0.7304,0.7317,0.7114,0.7265,4669771.0,2023-06-26 20:00:00
1687824000000,0.7264,0.7575,0.7173,0.7461,7463018.2,2023-06-27 00:00:00
1687838400000,0.7461,0.7565,0.726,0.7333,9480565.8,2023-06-27 04:00:00
1687852800000,0.7335,0.735,0.7204,0.7285,8157258.6,2023-06-27 08:00:00
1687867200000,0.7283,0.7328,0.7022,0.712,13909790.2,2023-06-27 12:00:00
1687881600000,0.7118,0.7286,0.7112,0.7209,7536943.5,2023-06-27 16:00:00
1687896000000,0.7209,0.7267,0.7165,0.7203,3040940.6,2023-06-27 20:00:00
1687910400000,0.7203,0.7208,0.7038,0.7121,4212973.1,2023-06-28 00:00:00
1687924800000,0.712,0.7138,0.6813,0.6842,9864367.0,2023-06-28 04:00:00
1687939200000,0.6842,0.6845,0.6701,0.6759,9338890.2,2023-06-28 08:00:00
1687953600000,0.676,0.6867,0.6671,0.6825,9882012.8,2023-06-28 12:00:00
1687968000000,0.6824,0.685,0.6366,0.6556,9286414.0,2023-06-28 16:00:00
1687982400000,0.6557,0.67,0.6515,0.6631,3673730.9,2023-06-28 20:00:00
1687996800000,0.6634,0.6733,0.6603,0.6631,4429540.5,2023-06-29 00:00:00
1688011200000,0.6633,0.6707,0.6608,0.6681,2722455.4,2023-06-29 04:00:00
1688025600000,0.6682,0.69,0.6645,0.6829,7539887.6,2023-06-29 08:00:00
1688040000000,0.683,0.715,0.6764,0.6805,27618525.5,2023-06-29 12:00:00
1688054400000,0.6804,0.6893,0.6699,0.6779,6883773.3,2023-06-29 16:00:00
1688068800000,0.6779,0.6837,0.6684,0.6807,3398985.1,2023-06-29 20:00:00
1688083200000,0.6808,0.7021,0.6688,0.6936,8961693.9,2023-06-30 00:00:00
1688097600000,0.6937,0.7095,0.686,0.6917,8937503.9,2023-06-30 04:00:00
1688112000000,0.6917,0.7057,0.6894,0.6996,7079551.8,2023-06-30 08:00:00
1688126400000,0.6998,0.7118,0.628,0.6607,20038969.5,2023-06-30 12:00:00
1688140800000,0.6607,0.6965,0.656,0.686,10505717.2,2023-06-30 16:00:00
1688155200000,0.6859,0.6945,0.6842,0.6891,3589971.7,2023-06-30 20:00:00
1688169600000,0.6888,0.69,0.6737,0.6785,5247625.2,2023-07-01 00:00:00
1688184000000,0.6785,0.6806,0.6677,0.6762,4332722.2,2023-07-01 04:00:00
1688198400000,0.6764,0.6789,0.6672,0.6727,3912465.9,2023-07-01 08:00:00
1688212800000,0.673,0.6845,0.6702,0.6754,5542538.4,2023-07-01 12:00:00
1688227200000,0.6754,0.691,0.6738,0.6787,5674002.4,2023-07-01 16:00:00
1688241600000,0.6789,0.6897,0.6765,0.6893,2286301.7,2023-07-01 20:00:00
1688256000000,0.6895,0.6899,0.6692,0.6719,4525255.1,2023-07-02 00:00:00
1688270400000,0.6714,0.6849,0.6683,0.6829,2161542.7,2023-07-02 04:00:00
1688284800000,0.683,0.6876,0.6762,0.6797,3216108.9,2023-07-02 08:00:00
1688299200000,0.68,0.6832,0.659,0.6734,6361944.1,2023-07-02 12:00:00
1688313600000,0.6732,0.6751,0.6661,0.6726,4146375.6,2023-07-02 16:00:00
1688328000000,0.6728,0.6943,0.6703,0.6907,6292537.3,2023-07-02 20:00:00
1688342400000,0.6907,0.7168,0.6881,0.7046,16912145.5,2023-07-03 00:00:00
1688356800000,0.7045,0.7068,0.689,0.6952,8160417.3,2023-07-03 04:00:00
1688371200000,0.6952,0.6993,0.6903,0.6942,6561525.9,2023-07-03 08:00:00
1688385600000,0.6942,0.7085,0.6854,0.7021,9123967.0,2023-07-03 12:00:00
1688400000000,0.7025,0.7148,0.6907,0.7048,9441149.5,2023-07-03 16:00:00
1688414400000,0.7049,0.707,0.6926,0.7,3611379.9,2023-07-03 20:00:00
1688428800000,0.6998,0.7196,0.6932,0.718,8467207.2,2023-07-04 00:00:00
1688443200000,0.718,0.725,0.7018,0.7099,11602856.7,2023-07-04 04:00:00
1688457600000,0.7095,0.7389,0.7013,0.7193,11566190.3,2023-07-04 08:00:00
1688472000000,0.7193,0.7239,0.6959,0.6999,9913840.1,2023-07-04 12:00:00
1688486400000,0.6998,0.7053,0.6788,0.6853,8548929.8,2023-07-04 16:00:00
1688500800000,0.685,0.6944,0.6843,0.6855,2502662.7,2023-07-04 20:00:00
1688515200000,0.6855,0.6917,0.6777,0.6873,3763172.0,2023-07-05 00:00:00
1688529600000,0.6874,0.6901,0.6821,0.688,3079920.3,2023-07-05 04:00:00
1688544000000,0.6881,0.6889,0.6538,0.6709,10246276.7,2023-07-05 08:00:00
1688558400000,0.6707,0.6725,0.6525,0.6595,7128966.7,2023-07-05 12:00:00
1688572800000,0.6593,0.6593,0.645,0.6536,9055285.2,2023-07-05 16:00:00
1688587200000,0.6536,0.666,0.6521,0.6624,3191527.4,2023-07-05 20:00:00
1688601600000,0.6624,0.6711,0.659,0.667,2685058.7,2023-07-06 00:00:00
1688616000000,0.667,0.673,0.66,0.6694,2766898.6,2023-07-06 04:00:00
1688630400000,0.6695,0.6821,0.6575,0.6636,5889603.2,2023-07-06 08:00:00
1688644800000,0.6637,0.6651,0.6344,0.6526,7842484.3,2023-07-06 12:00:00
1688659200000,0.6523,0.6782,0.6423,0.6651,5884747.3,2023-07-06 16:00:00
1688673600000,0.6648,0.6681,0.6469,0.6495,4054891.2,2023-07-06 20:00:00
1688688000000,0.649,0.6561,0.6396,0.6553,4561243.8,2023-07-07 00:00:00
1688702400000,0.6552,0.6616,0.6437,0.6466,6066514.7,2023-07-07 04:00:00
1688716800000,0.6466,0.6593,0.643,0.6536,3829640.0,2023-07-07 08:00:00
1688731200000,0.6536,0.6667,0.6465,0.6606,4691686.4,2023-07-07 12:00:00
1688745600000,0.6605,0.6626,0.6466,0.6546,3255272.6,2023-07-07 16:00:00
1688760000000,0.6546,0.6616,0.6536,0.6613,2208506.9,2023-07-07 20:00:00
1688774400000,0.6615,0.6689,0.6581,0.6603,2902350.8,2023-07-08 00:00:00
1688788800000,0.6603,0.6621,0.6561,0.6591,1658545.8,2023-07-08 04:00:00
1688803200000,0.6593,0.6673,0.6504,0.6552,4163441.0,2023-07-08 08:00:00
1688817600000,0.6553,0.6556,0.651,0.6517,1435628.5,2023-07-08 12:00:00
1688832000000,0.652,0.6563,0.643,0.6453,2335964.1,2023-07-08 16:00:00
1688846400000,0.6453,0.6533,0.6412,0.6527,1781084.1,2023-07-08 20:00:00
1688860800000,0.6528,0.6651,0.65,0.6582,2363009.4,2023-07-09 00:00:00
1688875200000,0.6584,0.6584,0.6517,0.6544,1168148.7,2023-07-09 04:00:00
1688889600000,0.6544,0.6593,0.6539,0.6558,1079014.2,2023-07-09 08:00:00
1688904000000,0.6559,0.6667,0.6517,0.6605,2999142.6,2023-07-09 12:00:00
1688918400000,0.6605,0.6654,0.6579,0.6624,1687761.3,2023-07-09 16:00:00
1688932800000,0.6624,0.663,0.6539,0.6591,1824691.3,2023-07-09 20:00:00
1688947200000,0.6591,0.6594,0.637,0.6411,4406255.2,2023-07-10 00:00:00
1688961600000,0.6409,0.6417,0.6345,0.6382,2164694.6,2023-07-10 04:00:00
1688976000000,0.6382,0.6419,0.6271,0.6402,3811806.8,2023-07-10 08:00:00
1688990400000,0.6403,0.6587,0.6366,0.6513,8010311.0,2023-07-10 12:00:00
1689004800000,0.6513,0.6627,0.6485,0.6606,2899046.2,2023-07-10 16:00:00
1689019200000,0.661,0.6668,0.6491,0.6551,3758663.0,2023-07-10 20:00:00
1689033600000,0.6552,0.6619,0.6472,0.6614,2621197.5,2023-07-11 00:00:00
1689048000000,0.6611,0.67,0.6606,0.6632,4336913.5,2023-07-11 04:00:00
1689062400000,0.6632,0.6661,0.6519,0.6529,3221530.6,2023-07-11 08:00:00
1689076800000,0.6528,0.6537,0.6427,0.6493,3782803.3,2023-07-11 12:00:00
1689091200000,0.6494,0.6559,0.6476,0.6496,1948543.8,2023-07-11 16:00:00
1689105600000,0.6499,0.6564,0.6493,0.6556,1276317.9,2023-07-11 20:00:00
1689120000000,0.6556,0.6619,0.6544,0.6603,2253192.7,2023-07-12 00:00:00
1689134400000,0.6607,0.6876,0.6581,0.678,8586325.3,2023-07-12 04:00:00
1689148800000,0.6783,0.6848,0.6758,0.6763,4918860.3,2023-07-12 08:00:00
1689163200000,0.6763,0.6855,0.6618,0.6639,8681868.4,2023-07-12 12:00:00
1689177600000,0.6638,0.664,0.6456,0.6462,4581711.0,2023-07-12 16:00:00
1689192000000,0.646,0.6574,0.645,0.6556,2028618.3,2023-07-12 20:00:00
1689206400000,0.6557,0.6582,0.6482,0.6546,2237859.2,2023-07-13 00:00:00
1689220800000,0.6544,0.66,0.65,0.6566,2586314.8,2023-07-13 04:00:00
1689235200000,0.6566,0.6649,0.6555,0.6606,4126968.9,2023-07-13 08:00:00
1689249600000,0.661,0.6837,0.6552,0.6801,7012587.3,2023-07-13 12:00:00
1689264000000,0.6803,0.7164,0.676,0.6929,25894566.9,2023-07-13 16:00:00
1689278400000,0.6927,0.7014,0.6874,0.6978,5493069.6,2023-07-13 20:00:00
1689292800000,0.6978,0.7356,0.6975,0.7058,11887816.9,2023-07-14 00:00:00
1689307200000,0.7058,0.7225,0.7031,0.7057,9018944.4,2023-07-14 04:00:00
1689321600000,0.7055,0.7215,0.7033,0.7215,6365436.0,2023-07-14 08:00:00
1689336000000,0.7212,0.7357,0.7072,0.7262,9906870.7,2023-07-14 12:00:00
1689350400000,0.7261,0.7634,0.658,0.6644,31112270.6,2023-07-14 16:00:00
1689364800000,0.6639,0.6815,0.6582,0.6804,6078732.2,2023-07-14 20:00:00
1689379200000,0.6801,0.6829,0.6707,0.672,3595902.7,2023-07-15 00:00:00
1689393600000,0.6719,0.6879,0.6671,0.6833,5013472.8,2023-07-15 04:00:00
1689408000000,0.6833,0.6987,0.6777,0.6892,4506675.8,2023-07-15 08:00:00
1689422400000,0.6893,0.6915,0.6776,0.6817,3209964.1,2023-07-15 12:00:00
1689436800000,0.6817,0.6927,0.6786,0.6852,3036727.4,2023-07-15 16:00:00
1689451200000,0.6851,0.6851,0.6756,0.6829,1546689.9,2023-07-15 20:00:00
1689465600000,0.683,0.6942,0.6712,0.6798,6333272.7,2023-07-16 00:00:00
1689480000000,0.6798,0.687,0.6795,0.6824,2295402.9,2023-07-16 04:00:00
1689494400000,0.6824,0.6924,0.6812,0.6864,3068357.8,2023-07-16 08:00:00
1689508800000,0.6865,0.6925,0.6813,0.6902,4147080.8,2023-07-16 12:00:00
1689523200000,0.6901,0.692,0.6725,0.6748,5845078.9,2023-07-16 16:00:00
1689537600000,0.6745,0.6834,0.6616,0.6726,3842748.4,2023-07-16 20:00:00
1689552000000,0.6723,0.6806,0.6651,0.6783,3558870.8,2023-07-17 00:00:00
1689566400000,0.6783,0.6949,0.6774,0.69,4214156.6,2023-07-17 04:00:00
1689580800000,0.69,0.7092,0.665,0.6874,15819541.9,2023-07-17 08:00:00
1689595200000,0.6875,0.7322,0.6774,0.6991,21644878.1,2023-07-17 12:00:00
1689609600000,0.699,0.7025,0.6772,0.6908,9355510.8,2023-07-17 16:00:00
1689624000000,0.6904,0.7247,0.6849,0.7197,9767099.0,2023-07-17 20:00:00
1689638400000,0.7197,0.785,0.7195,0.7601,44396160.5,2023-07-18 00:00:00
1689652800000,0.7601,0.7617,0.7055,0.7299,27620191.6,2023-07-18 04:00:00
1689667200000,0.73,0.7628,0.7202,0.737,26709123.7,2023-07-18 08:00:00
1689681600000,0.7368,0.7466,0.7163,0.7335,21934005.3,2023-07-18 12:00:00
1689696000000,0.7337,0.7642,0.72,0.75,25355320.2,2023-07-18 16:00:00
1689710400000,0.7502,0.7545,0.7324,0.7361,8890689.4,2023-07-18 20:00:00
1689724800000,0.7364,0.776,0.7299,0.7567,13575317.0,2023-07-19 00:00:00
1689739200000,0.7568,0.7645,0.7259,0.7278,10025119.5,2023-07-19 04:00:00
1689753600000,0.7278,0.73,0.7141,0.7279,9460814.4,2023-07-19 08:00:00
1689768000000,0.7282,0.7282,0.7051,0.7131,11140118.7,2023-07-19 12:00:00
1689782400000,0.7131,0.7236,0.707,0.7168,7341823.2,2023-07-19 16:00:00
1689796800000,0.7169,0.7177,0.7024,0.71,5473600.3,2023-07-19 20:00:00
1689811200000,0.7098,0.7226,0.7047,0.7122,5820707.5,2023-07-20 00:00:00
1689825600000,0.7128,0.7213,0.7093,0.7159,4547814.3,2023-07-20 04:00:00
1689840000000,0.7158,0.7282,0.7129,0.7147,7796982.5,2023-07-20 08:00:00
1689854400000,0.7149,0.7171,0.6832,0.6884,12840929.2,2023-07-20 12:00:00
1689868800000,0.6883,0.6939,0.682,0.6892,4763483.7,2023-07-20 16:00:00
1689883200000,0.6893,0.6915,0.6804,0.6885,2802371.9,2023-07-20 20:00:00
1689897600000,0.6885,0.696,0.6805,0.6925,4068345.6,2023-07-21 00:00:00
1689912000000,0.6926,0.6942,0.6759,0.6794,3691445.5,2023-07-21 04:00:00
1689926400000,0.6794,0.6841,0.6712,0.6784,3352710.9,2023-07-21 08:00:00
1689940800000,0.6785,0.6863,0.678,0.6805,3477513.3,2023-07-21 12:00:00
1689955200000,0.6806,0.6947,0.6765,0.6828,4019260.7,2023-07-21 16:00:00
1689969600000,0.6829,0.6877,0.6798,0.6835,1708214.8,2023-07-21 20:00:00
1689984000000,0.6836,0.6983,0.6827,0.6894,4499114.9,2023-07-22 00:00:00
1689998400000,0.6896,0.6965,0.6863,0.6931,2430428.6,2023-07-22 04:00:00
1690012800000,0.6928,0.6939,0.6817,0.688,2630768.8,2023-07-22 08:00:00
1690027200000,0.6879,0.691,0.6836,0.6894,1398453.2,2023-07-22 12:00:00
1690041600000,0.6894,0.694,0.6849,0.6922,2190908.1,2023-07-22 16:00:00
1690056000000,0.6921,0.705,0.6851,0.6936,6253451.4,2023-07-22 20:00:00
1690070400000,0.6936,0.7039,0.6897,0.6982,4649410.9,2023-07-23 00:00:00
1690084800000,0.6989,0.6991,0.686,0.6887,2795064.8,2023-07-23 04:00:00
1690099200000,0.6888,0.6928,0.6869,0.6877,1548498.8,2023-07-23 08:00:00
1690113600000,0.6877,0.6905,0.6809,0.6832,2463916.8,2023-07-23 12:00:00
1690128000000,0.6833,0.694,0.6815,0.6823,5128355.2,2023-07-23 16:00:00
1690142400000,0.6822,0.6871,0.6732,0.6787,3219458.4,2023-07-23 20:00:00
1690156800000,0.6788,0.6806,0.66,0.6636,5103397.1,2023-07-24 00:00:00
1690171200000,0.6635,0.6696,0.6557,0.6674,3197757.5,2023-07-24 04:00:00
1690185600000,0.6673,0.6673,0.609,0.6281,14863942.3,2023-07-24 08:00:00
1690200000000,0.6283,0.636,0.6233,0.6344,6341716.0,2023-07-24 12:00:00
1690214400000,0.6344,0.6358,0.6284,0.631,2919202.6,2023-07-24 16:00:00
1690228800000,0.631,0.64,0.63,0.6366,3242256.1,2023-07-24 20:00:00
1690243200000,0.6367,0.652,0.6353,0.6412,4812610.7,2023-07-25 00:00:00
1690257600000,0.6413,0.6415,0.6296,0.6327,2612134.4,2023-07-25 04:00:00
1690272000000,0.6327,0.6448,0.6304,0.6358,2329864.6,2023-07-25 08:00:00
1690286400000,0.636,0.6407,0.6281,0.6327,3119733.0,2023-07-25 12:00:00
1690300800000,0.6326,0.6364,0.6248,0.6313,2812579.8,2023-07-25 16:00:00
1690315200000,0.6312,0.6432,0.6303,0.6367,2485661.8,2023-07-25 20:00:00
1690329600000,0.6367,0.6388,0.6255,0.633,2436348.9,2023-07-26 00:00:00
1690344000000,0.6331,0.6348,0.6292,0.6301,2271649.8,2023-07-26 04:00:00
1690358400000,0.6301,0.6309,0.6223,0.6244,2221560.3,2023-07-26 08:00:00
1690372800000,0.6243,0.6313,0.6232,0.6296,2209186.2,2023-07-26 12:00:00
1690387200000,0.6296,0.642,0.6158,0.6366,8258296.4,2023-07-26 16:00:00
1690401600000,0.6366,0.6434,0.63,0.6346,5424088.3,2023-07-26 20:00:00
1690416000000,0.6344,0.6415,0.6313,0.6389,2103432.9,2023-07-27 00:00:00
1690430400000,0.6389,0.6431,0.6377,0.639,2830015.5,2023-07-27 04:00:00
1690444800000,0.6389,0.6502,0.6384,0.644,3761008.6,2023-07-27 08:00:00
1690459200000,0.644,0.6447,0.632,0.6347,3315255.9,2023-07-27 12:00:00
1690473600000,0.6346,0.6363,0.624,0.6306,2760431.1,2023-07-27 16:00:00
1690488000000,0.6305,0.6369,0.6287,0.6306,1734150.5,2023-07-27 20:00:00
1690502400000,0.6307,0.6353,0.6295,0.6313,3307961.4,2023-07-28 00:00:00
1690516800000,0.6313,0.6315,0.625,0.6281,2443138.2,2023-07-28 04:00:00
1690531200000,0.6281,0.634,0.6264,0.633,1717895.8,2023-07-28 08:00:00
1690545600000,0.633,0.6434,0.6329,0.6366,3366275.4,2023-07-28 12:00:00
1690560000000,0.6364,0.6366,0.6291,0.6303,1704568.2,2023-07-28 16:00:00
1690574400000,0.6303,0.6318,0.628,0.6296,2474161.4,2023-07-28 20:00:00
1690588800000,0.6297,0.6325,0.628,0.6296,1415604.8,2023-07-29 00:00:00
1690603200000,0.6295,0.6319,0.6269,0.6294,1551241.5,2023-07-29 04:00:00
1690617600000,0.6293,0.6293,0.6255,0.627,1383960.9,2023-07-29 08:00:00
1690632000000,0.6268,0.6337,0.6267,0.6332,1407241.9,2023-07-29 12:00:00
1690646400000,0.633,0.6373,0.6312,0.636,1334608.4,2023-07-29 16:00:00
1690660800000,0.636,0.6408,0.635,0.6385,1793245.1,2023-07-29 20:00:00
1690675200000,0.6385,0.6397,0.6357,0.636,1392355.7,2023-07-30 00:00:00
1690689600000,0.6359,0.6387,0.6309,0.6321,1462286.6,2023-07-30 04:00:00
1690704000000,0.6321,0.634,0.6289,0.6317,1304914.1,2023-07-30 08:00:00
1690718400000,0.6317,0.6342,0.6271,0.6291,1680861.7,2023-07-30 12:00:00
1690732800000,0.6291,0.632,0.6142,0.6181,4542832.6,2023-07-30 16:00:00
1690747200000,0.618,0.6219,0.6,0.6202,5125864.7,2023-07-30 20:00:00
1690761600000,0.6203,0.6258,0.6169,0.6199,2423536.6,2023-07-31 00:00:00
1690776000000,0.62,0.6204,0.6131,0.617,2465729.5,2023-07-31 04:00:00
1690790400000,0.6169,0.6243,0.6167,0.6242,1473661.1,2023-07-31 08:00:00
1690804800000,0.6242,0.6306,0.6226,0.6253,4748843.7,2023-07-31 12:00:00
1690819200000,0.6254,0.6309,0.6179,0.6201,2938104.8,2023-07-31 16:00:00
1690833600000,0.6198,0.6342,0.6174,0.632,3680197.3,2023-07-31 20:00:00
1690848000000,0.632,0.6372,0.6088,0.617,8546702.8,2023-08-01 00:00:00
1690862400000,0.6164,0.6306,0.6135,0.6292,5189264.5,2023-08-01 04:00:00
1690876800000,0.629,0.6383,0.6286,0.6316,5538410.6,2023-08-01 08:00:00
1690891200000,0.6319,0.6425,0.6255,0.6391,7491079.6,2023-08-01 12:00:00
1690905600000,0.6392,0.644,0.636,0.6386,4611032.0,2023-08-01 16:00:00
1690920000000,0.6387,0.6474,0.6352,0.6467,2962265.8,2023-08-01 20:00:00
1690934400000,0.6467,0.65,0.6416,0.6421,4627258.8,2023-08-02 00:00:00
1690948800000,0.6421,0.6429,0.6311,0.6325,2691875.0,2023-08-02 04:00:00
1690963200000,0.6324,0.635,0.6309,0.6336,1769508.9,2023-08-02 08:00:00
1690977600000,0.6335,0.634,0.6159,0.6223,7018356.7,2023-08-02 12:00:00
1690992000000,0.6223,0.6227,0.6081,0.614,5012665.6,2023-08-02 16:00:00
1691006400000,0.6139,0.6163,0.6091,0.614,2280534.8,2023-08-02 20:00:00
1691020800000,0.614,0.6197,0.6095,0.6112,2918670.8,2023-08-03 00:00:00
1691035200000,0.6112,0.6117,0.5968,0.5995,6070188.7,2023-08-03 04:00:00
1691049600000,0.5995,0.6012,0.5916,0.5975,5151659.7,2023-08-03 08:00:00
1691064000000,0.5975,0.605,0.5857,0.5882,9696602.8,2023-08-03 12:00:00
1691078400000,0.5882,0.5925,0.5852,0.591,3425717.1,2023-08-03 16:00:00
1691092800000,0.591,0.5972,0.5877,0.5929,6936566.7,2023-08-03 20:00:00
1691107200000,0.5929,0.6014,0.5913,0.5955,3384051.3,2023-08-04 00:00:00
1691121600000,0.5957,0.5982,0.5903,0.5923,2713139.7,2023-08-04 04:00:00
1691136000000,0.5922,0.5957,0.5895,0.5925,2263227.9,2023-08-04 08:00:00
1691150400000,0.5924,0.6005,0.5919,0.5971,3147720.8,2023-08-04 12:00:00
1691164800000,0.597,0.6002,0.586,0.5897,3553272.3,2023-08-04 16:00:00
1691179200000,0.5899,0.5935,0.5795,0.5923,3493480.3,2023-08-04 20:00:00
1691193600000,0.5924,0.5937,0.5816,0.5867,2313588.6,2023-08-05 00:00:00
1691208000000,0.5867,0.588,0.5811,0.5869,1309976.9,2023-08-05 04:00:00
1691222400000,0.587,0.5896,0.5851,0.5856,1438000.3,2023-08-05 08:00:00
1691236800000,0.5853,0.5894,0.5819,0.5843,2190160.4,2023-08-05 12:00:00
1691251200000,0.5844,0.5923,0.5831,0.588,1945821.4,2023-08-05 16:00:00
1691265600000,0.588,0.5928,0.5869,0.5923,1683663.7,2023-08-05 20:00:00
1691280000000,0.5924,0.5984,0.5901,0.5951,2358458.3,2023-08-06 00:00:00
1691294400000,0.595,0.6067,0.5947,0.6032,8352891.9,2023-08-06 04:00:00
1691308800000,0.6031,0.6096,0.6009,0.6023,3977144.0,2023-08-06 08:00:00
1691323200000,0.6023,0.6036,0.592,0.5959,3581715.1,2023-08-06 12:00:00
1691337600000,0.596,0.604,0.59,0.5924,6775665.5,2023-08-06 16:00:00
1691352000000,0.5924,0.5981,0.591,0.5921,2666880.2,2023-08-06 20:00:00
1691366400000,0.5922,0.5997,0.5882,0.5951,3396295.3,2023-08-07 00:00:00
1691380800000,0.595,0.5994,0.589,0.5908,3890556.8,2023-08-07 04:00:00
1691395200000,0.5907,0.5938,0.5887,0.591,2600114.9,2023-08-07 08:00:00
1691409600000,0.5911,0.5915,0.5801,0.5832,5009428.7,2023-08-07 12:00:00
1691424000000,0.5831,0.5842,0.5598,0.5807,11610347.4,2023-08-07 16:00:00
1691438400000,0.5807,0.5844,0.5796,0.5831,1307213.4,2023-08-07 20:00:00
1691452800000,0.5833,0.5833,0.576,0.5768,4485542.1,2023-08-08 00:00:00
1691467200000,0.577,0.5876,0.5755,0.5838,5152589.8,2023-08-08 04:00:00
1691481600000,0.5838,0.5925,0.5796,0.5922,4083541.1,2023-08-08 08:00:00
1691496000000,0.5923,0.5962,0.5874,0.5925,5040079.6,2023-08-08 12:00:00
1691510400000,0.5924,0.5984,0.5898,0.5947,3484779.9,2023-08-08 16:00:00
1691524800000,0.5951,0.6031,0.5933,0.594,3067250.2,2023-08-08 20:00:00
1691539200000,0.5947,0.5981,0.5913,0.5933,1456168.0,2023-08-09 00:00:00
1691553600000,0.5934,0.6015,0.5922,0.5997,2010961.1,2023-08-09 04:00:00
1691568000000,0.5996,0.6036,0.5973,0.5998,2392898.5,2023-08-09 08:00:00
1691582400000,0.5996,0.6269,0.5981,0.6035,14651763.8,2023-08-09 12:00:00
1691596800000,0.6031,0.6041,0.5938,0.5943,3082749.3,2023-08-09 16:00:00
1691611200000,0.5942,0.5963,0.588,0.5951,2247084.6,2023-08-09 20:00:00
1691625600000,0.5951,0.6003,0.5936,0.5977,1863999.1,2023-08-10 00:00:00
1691640000000,0.5978,0.6022,0.5911,0.5922,2802522.1,2023-08-10 04:00:00
1691654400000,0.5921,0.5941,0.5876,0.5907,1822544.8,2023-08-10 08:00:00
1691668800000,0.5906,0.6025,0.5898,0.5999,5151181.7,2023-08-10 12:00:00
1691683200000,0.6,0.6057,0.5986,0.6034,2372907.2,2023-08-10 16:00:00
1691697600000,0.6034,0.6053,0.6016,0.6053,949808.7,2023-08-10 20:00:00
1691712000000,0.6051,0.6112,0.6025,0.6064,2428262.6,2023-08-11 00:00:00
1691726400000,0.6063,0.6184,0.6059,0.6087,3277054.2,2023-08-11 04:00:00
1691740800000,0.6087,0.6125,0.6048,0.6071,2710182.0,2023-08-11 08:00:00
1691755200000,0.6072,0.6079,0.6003,0.6008,2234004.9,2023-08-11 12:00:00
1691769600000,0.6009,0.6029,0.5963,0.5989,1262890.9,2023-08-11 16:00:00
1691784000000,0.5989,0.6059,0.5975,0.6049,1035424.6,2023-08-11 20:00:00
1691798400000,0.6049,0.6082,0.6023,0.6036,1442861.6,2023-08-12 00:00:00
1691812800000,0.6035,0.6073,0.6034,0.6061,767093.4,2023-08-12 04:00:00
1691827200000,0.6061,0.6122,0.6061,0.611,1169560.5,2023-08-12 08:00:00
1691841600000,0.611,0.614,0.6067,0.6083,1285870.6,2023-08-12 12:00:00
1691856000000,0.6085,0.6118,0.6066,0.6072,990670.2,2023-08-12 16:00:00
1691870400000,0.607,0.6096,0.6065,0.6074,642745.8,2023-08-12 20:00:00
1691884800000,0.6076,0.6092,0.6041,0.6054,1079842.4,2023-08-13 00:00:00
1691899200000,0.6053,0.607,0.6018,0.6052,1009336.8,2023-08-13 04:00:00
1691913600000,0.6052,0.6112,0.6048,0.607,1379064.7,2023-08-13 08:00:00
1691928000000,0.6072,0.6135,0.6056,0.6066,2161910.6,2023-08-13 12:00:00
1691942400000,0.6064,0.6135,0.6033,0.6121,1374381.6,2023-08-13 16:00:00
1691956800000,0.6123,0.6129,0.5943,0.5983,2641749.3,2023-08-13 20:00:00
1691971200000,0.5983,0.5987,0.5872,0.5981,2927867.7,2023-08-14 00:00:00
1691985600000,0.5981,0.6024,0.5978,0.6012,1332088.0,2023-08-14 04:00:00
1692000000000,0.6014,0.6031,0.5974,0.5999,1702642.0,2023-08-14 08:00:00
1692014400000,0.5998,0.6037,0.5945,0.6017,2477195.4,2023-08-14 12:00:00
1692028800000,0.6016,0.604,0.5912,0.5949,2067676.6,2023-08-14 16:00:00
1692043200000,0.5949,0.6004,0.5939,0.5993,1236570.9,2023-08-14 20:00:00
1692057600000,0.5993,0.6027,0.5914,0.5931,3085205.4,2023-08-15 00:00:00
1692072000000,0.5928,0.594,0.5865,0.5919,3404536.8,2023-08-15 04:00:00
1692086400000,0.5919,0.593,0.5864,0.5869,1368654.1,2023-08-15 08:00:00
1692100800000,0.5869,0.5912,0.5842,0.5856,3580971.7,2023-08-15 12:00:00
1692115200000,0.586,0.5882,0.5229,0.5549,11224041.7,2023-08-15 16:00:00
1692129600000,0.5549,0.5662,0.5527,0.5606,4250898.4,2023-08-15 20:00:00
1692144000000,0.5607,0.5785,0.5572,0.5716,12391240.0,2023-08-16 00:00:00
1692158400000,0.5718,0.5784,0.5591,0.5627,8099979.4,2023-08-16 04:00:00
1692172800000,0.5622,0.5622,0.5505,0.5533,7357141.7,2023-08-16 08:00:00
1692187200000,0.553,0.5543,0.5376,0.538,7793927.4,2023-08-16 12:00:00
1692201600000,0.538,0.5476,0.5343,0.5391,8867762.1,2023-08-16 16:00:00
1692216000000,0.5391,0.5414,0.5104,0.5271,16524460.5,2023-08-16 20:00:00
1692230400000,0.5274,0.5366,0.5101,0.5304,10766016.5,2023-08-17 00:00:00
1692244800000,0.5305,0.5349,0.5282,0.533,2794998.1,2023-08-17 04:00:00
1692259200000,0.5329,0.5355,0.527,0.5297,3878175.8,2023-08-17 08:00:00
1692273600000,0.5299,0.5321,0.5148,0.5183,8548784.8,2023-08-17 12:00:00
1692288000000,0.5184,0.5252,0.5119,0.5199,5207515.7,2023-08-17 16:00:00
1692302400000,0.5201,0.5214,0.45,0.475,26606802.1,2023-08-17 20:00:00
1692316800000,0.4752,0.4848,0.4683,0.4721,9795098.8,2023-08-18 00:00:00
1692331200000,0.4722,0.4792,0.4673,0.4772,8270509.9,2023-08-18 04:00:00
1692345600000,0.4774,0.4831,0.4735,0.4786,5846566.6,2023-08-18 08:00:00
1692360000000,0.4789,0.4818,0.4744,0.4766,4238998.8,2023-08-18 12:00:00
1692374400000,0.4766,0.4827,0.4651,0.4755,7586789.4,2023-08-18 16:00:00
1692388800000,0.4758,0.49,0.4756,0.484,2629870.7,2023-08-18 20:00:00
1692403200000,0.4841,0.5004,0.4826,0.4959,5837636.7,2023-08-19 00:00:00
1692417600000,0.4958,0.5047,0.4933,0.4973,7309929.7,2023-08-19 04:00:00
1692432000000,0.4975,0.5097,0.4952,0.5011,4105441.0,2023-08-19 08:00:00
1692446400000,0.5011,0.5063,0.4969,0.506,2898784.0,2023-08-19 12:00:00
1692460800000,0.5058,0.565,0.5051,0.5556,38761839.2,2023-08-19 16:00:00
1692475200000,0.5555,0.5622,0.5372,0.5598,18426422.0,2023-08-19 20:00:00
1692489600000,0.5597,0.571,0.5462,0.5515,21941335.4,2023-08-20 00:00:00
1692504000000,0.5514,0.5577,0.5388,0.5513,11492405.8,2023-08-20 04:00:00
1692518400000,0.5514,0.5709,0.5466,0.5626,13118404.0,2023-08-20 08:00:00
1692532800000,0.5631,0.5752,0.5445,0.5484,21419173.5,2023-08-20 12:00:00
1692547200000,0.5486,0.5517,0.5414,0.5444,7515445.9,2023-08-20 16:00:00
1692561600000,0.5444,0.5499,0.5366,0.5437,5823585.1,2023-08-20 20:00:00
1692576000000,0.5437,0.5482,0.5275,0.5301,5836356.1,2023-08-21 00:00:00
1692590400000,0.5304,0.5358,0.5232,0.5291,6153302.0,2023-08-21 04:00:00
1692604800000,0.529,0.5327,0.518,0.5289,9071633.1,2023-08-21 08:00:00
1692619200000,0.5289,0.5346,0.4994,0.5114,13551986.6,2023-08-21 12:00:00
1692633600000,0.5115,0.5186,0.5077,0.5157,5557654.8,2023-08-21 16:00:00
1692648000000,0.5159,0.5207,0.5136,0.5142,2749762.2,2023-08-21 20:00:00
1692662400000,0.5143,0.5169,0.5043,0.5137,6790622.4,2023-08-22 00:00:00
1692676800000,0.5136,0.5295,0.5085,0.5246,6854947.8,2023-08-22 04:00:00
1692691200000,0.5246,0.5588,0.5246,0.5461,19625713.2,2023-08-22 08:00:00
1692705600000,0.5461,0.5584,0.5289,0.5298,17484358.5,2023-08-22 12:00:00
1692720000000,0.5296,0.543,0.5151,0.5229,16164638.9,2023-08-22 16:00:00
1692734400000,0.5228,0.5457,0.512,0.5359,11087337.6,2023-08-22 20:00:00
1692748800000,0.5361,0.5797,0.5353,0.5656,25802446.2,2023-08-23 00:00:00
1692763200000,0.5657,0.5843,0.5657,0.5719,17880424.1,2023-08-23 04:00:00
1692777600000,0.572,0.5879,0.572,0.5752,15528581.2,2023-08-23 08:00:00
1692792000000,0.575,0.5964,0.566,0.5862,20943603.2,2023-08-23 12:00:00
1692806400000,0.5864,0.6258,0.5842,0.6074,24899848.4,2023-08-23 16:00:00
1692820800000,0.6075,0.6153,0.5957,0.6019,12570346.9,2023-08-23 20:00:00
1692835200000,0.6018,0.6207,0.5906,0.6006,21088787.5,2023-08-24 00:00:00
1692849600000,0.6005,0.6086,0.5932,0.6051,9581545.6,2023-08-24 04:00:00
1692864000000,0.6053,0.608,0.585,0.588,9272859.2,2023-08-24 08:00:00
1692878400000,0.588,0.5889,0.571,0.572,12474261.0,2023-08-24 12:00:00
1692892800000,0.5721,0.5768,0.5615,0.5676,9706554.6,2023-08-24 16:00:00
1692907200000,0.568,0.5761,0.556,0.5727,10208732.3,2023-08-24 20:00:00
1692921600000,0.5728,0.5728,0.5432,0.5452,11216172.6,2023-08-25 00:00:00
1692936000000,0.5453,0.546,0.5335,0.541,12554884.0,2023-08-25 04:00:00
1692950400000,0.5413,0.552,0.5408,0.5473,7256277.9,2023-08-25 08:00:00
1692964800000,0.5472,0.565,0.54,0.5527,18074152.4,2023-08-25 12:00:00
1692979200000,0.5524,0.5532,0.5371,0.5489,7059868.5,2023-08-25 16:00:00
1692993600000,0.5489,0.5605,0.545,0.5569,4734829.3,2023-08-25 20:00:00
1693008000000,0.5567,0.5901,0.5471,0.5777,17848929.8,2023-08-26 00:00:00
1693022400000,0.5773,0.5907,0.5727,0.5838,9512756.7,2023-08-26 04:00:00
1693036800000,0.5839,0.604,0.5837,0.5974,16724673.8,2023-08-26 08:00:00
1693051200000,0.5973,0.6034,0.586,0.592,13952223.2,2023-08-26 12:00:00
1693065600000,0.5921,0.5938,0.5757,0.5852,9526816.4,2023-08-26 16:00:00
1693080000000,0.5851,0.595,0.5788,0.5879,7323842.2,2023-08-26 20:00:00
1693094400000,0.5879,0.5963,0.5731,0.5784,10378369.4,2023-08-27 00:00:00
1693108800000,0.5783,0.582,0.5756,0.5775,4840923.5,2023-08-27 04:00:00
1693123200000,0.5776,0.588,0.576,0.5828,11518220.8,2023-08-27 08:00:00
1693137600000,0.5828,0.5905,0.5775,0.5812,6238837.9,2023-08-27 12:00:00
1693152000000,0.5811,0.5927,0.578,0.5836,6516192.1,2023-08-27 16:00:00
1693166400000,0.5833,0.5859,0.5781,0.5838,3446203.7,2023-08-27 20:00:00
1693180800000,0.5835,0.5837,0.5491,0.5528,14627525.3,2023-08-28 00:00:00
1693195200000,0.5527,0.5541,0.5388,0.5417,11936791.2,2023-08-28 04:00:00
1693209600000,0.5418,0.546,0.5352,0.5441,7066078.3,2023-08-28 08:00:00
1693224000000,0.544,0.5527,0.5398,0.5426,9286688.3,2023-08-28 12:00:00
1693238400000,0.5427,0.5467,0.5379,0.5426,3990679.4,2023-08-28 16:00:00
1693252800000,0.5424,0.5509,0.5388,0.5477,3905389.7,2023-08-28 20:00:00
1693267200000,0.5475,0.5519,0.5073,0.5229,10245308.9,2023-08-29 00:00:00
1693281600000,0.523,0.5259,0.5154,0.5182,7029971.8,2023-08-29 04:00:00
1693296000000,0.5181,0.5217,0.5105,0.511,5450904.8,2023-08-29 08:00:00
1693310400000,0.5109,0.5458,0.5093,0.5325,21127498.1,2023-08-29 12:00:00
1693324800000,0.5326,0.5412,0.528,0.5321,13452016.0,2023-08-29 16:00:00
1693339200000,0.5322,0.5514,0.5311,0.5454,11652249.1,2023-08-29 20:00:00
1693353600000,0.5453,0.5465,0.5219,0.5266,8950690.4,2023-08-30 00:00:00
1693368000000,0.5265,0.5333,0.5238,0.5298,4592981.2,2023-08-30 04:00:00
1693382400000,0.5299,0.5335,0.5237,0.5244,5742493.3,2023-08-30 08:00:00
1693396800000,0.5244,0.5298,0.515,0.5218,6136262.6,2023-08-30 12:00:00
1693411200000,0.5217,0.524,0.5179,0.5209,2747619.2,2023-08-30 16:00:00
1693425600000,0.521,0.5271,0.5209,0.5255,3083740.8,2023-08-30 20:00:00
1693440000000,0.5253,0.5253,0.5132,0.5145,3063687.6,2023-08-31 00:00:00
1693454400000,0.5149,0.5199,0.5142,0.5184,2950762.6,2023-08-31 04:00:00
1693468800000,0.5183,0.5237,0.5146,0.5203,3569430.2,2023-08-31 08:00:00
1693483200000,0.5203,0.5206,0.4974,0.5017,8590050.5,2023-08-31 12:00:00
1693497600000,0.5017,0.5049,0.4821,0.4996,8291229.6,2023-08-31 16:00:00
1693512000000,0.4994,0.5042,0.4972,0.5005,2961439.9,2023-08-31 20:00:00
1693526400000,0.5004,0.5161,0.4999,0.5121,4568720.2,2023-09-01 00:00:00
1693540800000,0.5121,0.5161,0.5067,0.5093,2769796.4,2023-09-01 04:00:00
1693555200000,0.5095,0.5116,0.5007,0.5035,3506741.1,2023-09-01 08:00:00
1693569600000,0.5035,0.5068,0.493,0.4981,5587358.5,2023-09-01 12:00:00
1693584000000,0.4982,0.5011,0.4805,0.4858,8314299.7,2023-09-01 16:00:00
1693598400000,0.4853,0.4925,0.4847,0.4889,3497925.1,2023-09-01 20:00:00
1693612800000,0.4889,0.494,0.4868,0.4933,2952616.7,2023-09-02 00:00:00
1693627200000,0.4933,0.5039,0.4926,0.4951,3706746.1,2023-09-02 04:00:00
1693641600000,0.4953,0.498,0.4855,0.4898,3642048.7,2023-09-02 08:00:00
1693656000000,0.4899,0.4925,0.4829,0.492,3915820.9,2023-09-02 12:00:00
1693670400000,0.492,0.4945,0.4824,0.4888,2743337.8,2023-09-02 16:00:00
1693684800000,0.4888,0.4916,0.4857,0.4909,1174558.9,2023-09-02 20:00:00
1693699200000,0.4909,0.5029,0.4899,0.4935,6883404.7,2023-09-03 00:00:00
1693713600000,0.4936,0.4955,0.4863,0.4866,3939319.3,2023-09-03 04:00:00
1693728000000,0.4866,0.4866,0.4772,0.4816,5605506.0,2023-09-03 08:00:00
1693742400000,0.4815,0.4849,0.4783,0.4785,3262764.9,2023-09-03 12:00:00
1693756800000,0.4785,0.4872,0.4724,0.4866,4532784.9,2023-09-03 16:00:00
1693771200000,0.4866,0.4882,0.4817,0.484,7319992.3,2023-09-03 20:00:00
1693785600000,0.4841,0.4926,0.4828,0.4858,4076154.4,2023-09-04 00:00:00
1693800000000,0.4861,0.4896,0.4825,0.4871,4459331.0,2023-09-04 04:00:00
1693814400000,0.4872,0.4924,0.4805,0.4815,9616567.7,2023-09-04 08:00:00
1693828800000,0.4814,0.4878,0.477,0.4854,6452487.5,2023-09-04 12:00:00
1693843200000,0.485,0.4963,0.4825,0.4852,6073236.3,2023-09-04 16:00:00
1693857600000,0.4851,0.4858,0.4721,0.4831,4411065.7,2023-09-04 20:00:00
1693872000000,0.4833,0.4839,0.467,0.4723,7081858.9,2023-09-05 00:00:00
1693886400000,0.4722,0.4756,0.4705,0.4747,5527139.0,2023-09-05 04:00:00
1693900800000,0.4746,0.4814,0.4716,0.4797,7398156.6,2023-09-05 08:00:00
1693915200000,0.4799,0.4871,0.4754,0.4802,6979909.9,2023-09-05 12:00:00
1693929600000,0.4804,0.49,0.4794,0.4837,4303518.5,2023-09-05 16:00:00
1693944000000,0.4838,0.493,0.4819,0.4907,3604541.3,2023-09-05 20:00:00
1693958400000,0.4907,0.4934,0.4847,0.4859,6164257.9,2023-09-06 00:00:00
1693972800000,0.4859,0.4867,0.4784,0.481,7633767.2,2023-09-06 04:00:00
1693987200000,0.4811,0.4895,0.4795,0.4893,6237205.0,2023-09-06 08:00:00
1694001600000,0.4892,0.4918,0.4812,0.4839,5850268.7,2023-09-06 12:00:00
1694016000000,0.4839,0.4992,0.4739,0.4777,14978208.5,2023-09-06 16:00:00
1694030400000,0.4778,0.4825,0.4774,0.4817,2298686.8,2023-09-06 20:00:00
1694044800000,0.4816,0.4854,0.4782,0.4844,6172257.7,2023-09-07 00:00:00
1694059200000,0.4845,0.4858,0.4799,0.4823,4990478.2,2023-09-07 04:00:00
1694073600000,0.4823,0.4849,0.4768,0.4777,4960467.5,2023-09-07 08:00:00
1694088000000,0.4777,0.4835,0.4757,0.4804,4082357.4,2023-09-07 12:00:00
1694102400000,0.4804,0.4849,0.4788,0.4807,3236885.7,2023-09-07 16:00:00
1694116800000,0.4808,0.4874,0.4801,0.4858,4642232.8,2023-09-07 20:00:00
1694131200000,0.4858,0.4934,0.4829,0.4879,7804688.2,2023-09-08 00:00:00
1694145600000,0.4879,0.4906,0.4808,0.4858,7458392.3,2023-09-08 04:00:00
1694160000000,0.4858,0.4858,0.4732,0.4784,6053718.1,2023-09-08 08:00:00
1694174400000,0.4783,0.4815,0.4778,0.478,2058358.8,2023-09-08 12:00:00
1694188800000,0.4781,0.4821,0.4772,0.4816,1757418.8,2023-09-08 16:00:00
1694203200000,0.4818,0.4824,0.4799,0.4814,1250990.2,2023-09-08 20:00:00
1694217600000,0.4814,0.4834,0.4776,0.4806,2465294.6,2023-09-09 00:00:00
1694232000000,0.4809,0.4859,0.4793,0.483,2448052.6,2023-09-09 04:00:00
1694246400000,0.4831,0.4849,0.4807,0.4813,2020692.0,2023-09-09 08:00:00
1694260800000,0.4812,0.4826,0.4782,0.4812,2172918.7,2023-09-09 12:00:00
1694275200000,0.4812,0.4829,0.478,0.4794,1074376.3,2023-09-09 16:00:00
1694289600000,0.4794,0.4823,0.4792,0.4814,950258.1,2023-09-09 20:00:00
1694304000000,0.4814,0.4817,0.475,0.4776,2480947.8,2023-09-10 00:00:00
1694318400000,0.4776,0.4777,0.4513,0.4642,8809165.4,2023-09-10 04:00:00
1694332800000,0.4642,0.4642,0.4593,0.4604,2264852.1,2023-09-10 08:00:00
1694347200000,0.4604,0.464,0.452,0.4564,4953265.6,2023-09-10 12:00:00
1694361600000,0.4564,0.4569,0.4441,0.4497,6113345.3,2023-09-10 16:00:00
1694376000000,0.4497,0.4583,0.4489,0.4553,3424060.3,2023-09-10 20:00:00
1694390400000,0.4551,0.456,0.4437,0.4497,5456308.8,2023-09-11 00:00:00
1694404800000,0.4496,0.4534,0.4466,0.4477,5852544.2,2023-09-11 04:00:00
1694419200000,0.4476,0.4481,0.4219,0.4309,13077740.7,2023-09-11 08:00:00
1694433600000,0.4308,0.4365,0.4245,0.4322,8376960.4,2023-09-11 12:00:00
1694448000000,0.4321,0.4349,0.4185,0.4212,4985156.3,2023-09-11 16:00:00
1694462400000,0.4209,0.4271,0.419,0.4267,4211142.2,2023-09-11 20:00:00
1694476800000,0.4264,0.4503,0.4258,0.4446,8818488.5,2023-09-12 00:00:00
1694491200000,0.4447,0.4478,0.4391,0.4438,10185115.0,2023-09-12 04:00:00
1694505600000,0.4444,0.458,0.4416,0.4479,11870657.4,2023-09-12 08:00:00
1694520000000,0.448,0.4496,0.4314,0.4322,9341143.2,2023-09-12 12:00:00
1694534400000,0.4321,0.4341,0.423,0.4281,6862899.3,2023-09-12 16:00:00
1694548800000,0.4281,0.4317,0.4252,0.4278,2152529.1,2023-09-12 20:00:00
1694563200000,0.4278,0.4345,0.4228,0.4248,2735310.9,2023-09-13 00:00:00
1694577600000,0.4248,0.444,0.4187,0.4292,9457076.7,2023-09-13 04:00:00
1694592000000,0.4294,0.4379,0.4281,0.4369,5708246.5,2023-09-13 08:00:00
1694606400000,0.4369,0.4378,0.4308,0.4342,3993658.1,2023-09-13 12:00:00
1694620800000,0.4341,0.4353,0.4303,0.434,2239703.8,2023-09-13 16:00:00
1694635200000,0.434,0.4448,0.4335,0.4426,5031094.2,2023-09-13 20:00:00
1694649600000,0.4426,0.4516,0.44,0.4417,5820361.7,2023-09-14 00:00:00
1694664000000,0.4417,0.4424,0.4365,0.4387,5557933.9,2023-09-14 04:00:00
1694678400000,0.4386,0.4415,0.4366,0.4407,2135558.5,2023-09-14 08:00:00
1694692800000,0.4411,0.4445,0.4356,0.4425,7699314.4,2023-09-14 12:00:00
1694707200000,0.4426,0.444,0.4383,0.4421,2786780.5,2023-09-14 16:00:00
1694721600000,0.4421,0.4516,0.4401,0.4449,6453297.0,2023-09-14 20:00:00
1694736000000,0.4452,0.4472,0.4377,0.4445,4786009.3,2023-09-15 00:00:00
1694750400000,0.4444,0.448,0.4343,0.4357,8418528.6,2023-09-15 04:00:00
1694764800000,0.4357,0.4388,0.4325,0.4332,4233848.1,2023-09-15 08:00:00
1694779200000,0.4332,0.439,0.4317,0.4386,5676934.5,2023-09-15 12:00:00
1694793600000,0.4385,0.4409,0.4357,0.4404,2480569.9,2023-09-15 16:00:00
1694808000000,0.4408,0.4485,0.4389,0.4464,4602511.3,2023-09-15 20:00:00
1694822400000,0.4463,0.4634,0.4455,0.4536,11421180.3,2023-09-16 00:00:00
1694836800000,0.4537,0.4587,0.4503,0.4573,5559551.9,2023-09-16 04:00:00
1694851200000,0.4573,0.4647,0.4507,0.4621,6532654.8,2023-09-16 08:00:00
1694865600000,0.4621,0.4671,0.4507,0.454,9476409.2,2023-09-16 12:00:00
1694880000000,0.4539,0.459,0.4526,0.4555,2265156.6,2023-09-16 16:00:00
1694894400000,0.4555,0.467,0.455,0.4667,3064049.4,2023-09-16 20:00:00
1694908800000,0.4667,0.4667,0.4462,0.4513,7683857.5,2023-09-17 00:00:00
1694923200000,0.4513,0.4513,0.4424,0.4429,2940398.1,2023-09-17 04:00:00
1694937600000,0.4429,0.4486,0.4422,0.4457,3228688.5,2023-09-17 08:00:00
1694952000000,0.4456,0.4469,0.4425,0.4434,2684233.0,2023-09-17 12:00:00
1694966400000,0.4432,0.4436,0.4351,0.439,4432101.0,2023-09-17 16:00:00
1694980800000,0.4391,0.44,0.425,0.4345,6262080.2,2023-09-17 20:00:00
1694995200000,0.4346,0.4414,0.4259,0.4411,7923900.5,2023-09-18 00:00:00
1695009600000,0.4411,0.4418,0.4354,0.4394,2604374.1,2023-09-18 04:00:00
1695024000000,0.439,0.4483,0.4384,0.4462,4341647.6,2023-09-18 08:00:00
1695038400000,0.4464,0.4498,0.4433,0.4475,4554187.5,2023-09-18 12:00:00
1695052800000,0.4474,0.4486,0.4369,0.4407,4521708.1,2023-09-18 16:00:00
1695067200000,0.4411,0.4533,0.4398,0.448,6903964.8,2023-09-18 20:00:00
1695081600000,0.4479,0.4566,0.4471,0.4547,5537880.3,2023-09-19 00:00:00
1695096000000,0.4547,0.4568,0.4467,0.4477,3104814.4,2023-09-19 04:00:00
1695110400000,0.4478,0.4556,0.4473,0.4528,3843649.0,2023-09-19 08:00:00
1695124800000,0.4529,0.4546,0.4467,0.4514,5597539.1,2023-09-19 12:00:00
1695139200000,0.4515,0.4528,0.4477,0.4496,1880049.6,2023-09-19 16:00:00
1695153600000,0.4495,0.4554,0.448,0.4542,1993389.2,2023-09-19 20:00:00
1695168000000,0.4543,0.4552,0.4423,0.445,2885396.3,2023-09-20 00:00:00
1695182400000,0.445,0.447,0.4408,0.4447,2889024.4,2023-09-20 04:00:00
1695196800000,0.4448,0.4456,0.4384,0.4422,3612002.8,2023-09-20 08:00:00
1695211200000,0.4422,0.4444,0.4384,0.4434,1860336.3,2023-09-20 12:00:00
1695225600000,0.4434,0.4473,0.4368,0.4415,4092363.4,2023-09-20 16:00:00
1695240000000,0.4415,0.4473,0.4408,0.4466,1435055.8,2023-09-20 20:00:00
1695254400000,0.4465,0.4582,0.4458,0.4542,5898955.2,2023-09-21 00:00:00
1695268800000,0.4541,0.4541,0.4428,0.4453,3485298.2,2023-09-21 04:00:00
1695283200000,0.4453,0.4459,0.4347,0.4381,4549981.2,2023-09-21 08:00:00
1695297600000,0.4378,0.4406,0.4332,0.4391,2584099.8,2023-09-21 12:00:00
1695312000000,0.439,0.4402,0.4376,0.4397,776640.0,2023-09-21 16:00:00
1695326400000,0.4398,0.4417,0.4364,0.4402,2623244.4,2023-09-21 20:00:00
1695340800000,0.44,0.4432,0.4332,0.4431,3072198.3,2023-09-22 00:00:00
1695355200000,0.4432,0.445,0.44,0.4426,2154104.0,2023-09-22 04:00:00
1695369600000,0.4427,0.4443,0.4404,0.4436,2121995.6,2023-09-22 08:00:00
1695384000000,0.4436,0.4442,0.4393,0.4415,3051785.8,2023-09-22 12:00:00
1695398400000,0.4413,0.4445,0.4384,0.4406,2242872.4,2023-09-22 16:00:00
1695412800000,0.4406,0.4458,0.4389,0.445,2862538.1,2023-09-22 20:00:00
1695427200000,0.445,0.4494,0.4407,0.4426,3861256.0,2023-09-23 00:00:00
1695441600000,0.4422,0.4472,0.441,0.4468,1663093.4,2023-09-23 04:00:00
1695456000000,0.4468,0.4511,0.4459,0.447,3247947.8,2023-09-23 08:00:00
1695470400000,0.447,0.4486,0.4397,0.4407,2658537.0,2023-09-23 12:00:00
1695484800000,0.4403,0.444,0.4398,0.443,1830668.2,2023-09-23 16:00:00
1695499200000,0.4429,0.4463,0.4428,0.4461,1013052.7,2023-09-23 20:00:00
1695513600000,0.4459,0.4465,0.4399,0.4404,1966465.1,2023-09-24 00:00:00
1695528000000,0.4405,0.4429,0.4398,0.4423,1888108.2,2023-09-24 04:00:00
1695542400000,0.4423,0.4456,0.44,0.4455,1994992.3,2023-09-24 08:00:00
1695556800000,0.4456,0.4647,0.44,0.4467,21654251.2,2023-09-24 12:00:00
1695571200000,0.4468,0.4493,0.4425,0.4442,5894809.7,2023-09-24 16:00:00
1695585600000,0.4442,0.4457,0.4354,0.439,3511068.8,2023-09-24 20:00:00
1695600000000,0.4387,0.4413,0.4323,0.4371,3752972.3,2023-09-25 00:00:00
1695614400000,0.437,0.4401,0.4351,0.438,1929710.7,2023-09-25 04:00:00
1695628800000,0.438,0.4426,0.4379,0.4408,3307915.5,2023-09-25 08:00:00
1695643200000,0.4408,0.4488,0.4389,0.447,4316240.8,2023-09-25 12:00:00
1695657600000,0.4471,0.4494,0.441,0.444,5663977.2,2023-09-25 16:00:00
1695672000000,0.4442,0.4458,0.4413,0.4428,1351221.1,2023-09-25 20:00:00
1695686400000,0.4429,0.4453,0.4401,0.4422,2054641.5,2023-09-26 00:00:00
1695700800000,0.4421,0.4444,0.4412,0.4424,2726425.2,2023-09-26 04:00:00
1695715200000,0.4425,0.4428,0.4358,0.4418,3201347.5,2023-09-26 08:00:00
1695729600000,0.4418,0.442,0.4374,0.4393,3058354.7,2023-09-26 12:00:00
1695744000000,0.439,0.4428,0.4385,0.4421,2486994.5,2023-09-26 16:00:00
1695758400000,0.442,0.4422,0.4339,0.4386,2200706.0,2023-09-26 20:00:00
1695772800000,0.4384,0.4401,0.4347,0.4387,2420857.4,2023-09-27 00:00:00
1695787200000,0.439,0.439,0.4361,0.437,1655644.1,2023-09-27 04:00:00
1695801600000,0.4369,0.4441,0.435,0.4426,5442680.2,2023-09-27 08:00:00
1695816000000,0.4429,0.4441,0.429,0.4332,6693487.5,2023-09-27 12:00:00
1695830400000,0.4332,0.4345,0.4273,0.4321,2036549.0,2023-09-27 16:00:00
1695844800000,0.4322,0.4385,0.4309,0.4374,2774940.6,2023-09-27 20:00:00
1695859200000,0.4372,0.4404,0.4346,0.4363,4211546.8,2023-09-28 00:00:00
1695873600000,0.4364,0.4396,0.4355,0.4389,2221976.5,2023-09-28 04:00:00
1695888000000,0.4389,0.443,0.4363,0.4384,4929656.3,2023-09-28 08:00:00
1695902400000,0.4384,0.4447,0.4368,0.4428,5470973.9,2023-09-28 12:00:00
1695916800000,0.4427,0.4499,0.4427,0.4488,5753777.8,2023-09-28 16:00:00
1695931200000,0.4488,0.4498,0.444,0.4474,2789558.1,2023-09-28 20:00:00
1695945600000,0.4473,0.4497,0.4441,0.4495,3224172.7,2023-09-29 00:00:00
1695960000000,0.4495,0.472,0.4476,0.4659,13175255.6,2023-09-29 04:00:00
1695974400000,0.4658,0.4971,0.4632,0.4836,29877225.5,2023-09-29 08:00:00
1695988800000,0.4836,0.4847,0.4716,0.4763,22021554.9,2023-09-29 12:00:00
1696003200000,0.4763,0.4822,0.474,0.4792,4564803.8,2023-09-29 16:00:00
1696017600000,0.4793,0.4867,0.4786,0.4791,4332413.0,2023-09-29 20:00:00
1696032000000,0.4792,0.4861,0.4659,0.4715,8883743.9,2023-09-30 00:00:00
1696046400000,0.4715,0.4722,0.4654,0.4667,3356752.0,2023-09-30 04:00:00
1696060800000,0.4668,0.4676,0.462,0.464,6081465.4,2023-09-30 08:00:00
1696075200000,0.464,0.4739,0.4622,0.471,5334326.9,2023-09-30 12:00:00
1696089600000,0.4709,0.4785,0.4706,0.4767,3497551.5,2023-09-30 16:00:00
1696104000000,0.4766,0.4778,0.4697,0.4703,2477266.0,2023-09-30 20:00:00
1696118400000,0.4703,0.4713,0.4644,0.4713,5943178.9,2023-10-01 00:00:00
1696132800000,0.4713,0.4814,0.4693,0.4751,5207940.1,2023-10-01 04:00:00
1696147200000,0.4751,0.4855,0.4706,0.4811,10531317.5,2023-10-01 08:00:00
1696161600000,0.4812,0.4887,0.477,0.481,7344515.5,2023-10-01 12:00:00
1696176000000,0.481,0.4898,0.4801,0.4889,6582396.5,2023-10-01 16:00:00
1696190400000,0.4888,0.5099,0.4855,0.507,13627038.1,2023-10-01 20:00:00
1696204800000,0.5071,0.5077,0.4951,0.4973,7329860.4,2023-10-02 00:00:00
1696219200000,0.4971,0.4979,0.4886,0.4961,5782740.7,2023-10-02 04:00:00
1696233600000,0.4961,0.4986,0.4884,0.4892,5324046.2,2023-10-02 08:00:00
1696248000000,0.4891,0.4919,0.4741,0.4764,6699303.5,2023-10-02 12:00:00
1696262400000,0.4763,0.48,0.4612,0.4703,6421491.4,2023-10-02 16:00:00
1696276800000,0.4703,0.4703,0.4579,0.4663,5228277.1,2023-10-02 20:00:00
1696291200000,0.4663,0.4687,0.464,0.4654,4676684.9,2023-10-03 00:00:00
1696305600000,0.4653,0.4653,0.4565,0.4591,7472928.0,2023-10-03 04:00:00
1696320000000,0.4593,0.4616,0.4484,0.4523,8411911.4,2023-10-03 08:00:00
1696334400000,0.4522,0.455,0.4464,0.4523,9458368.9,2023-10-03 12:00:00
1696348800000,0.452,0.4565,0.448,0.4484,5032990.0,2023-10-03 16:00:00
1696363200000,0.4486,0.4523,0.4412,0.4445,8169628.7,2023-10-03 20:00:00
1696377600000,0.4444,0.4447,0.4252,0.4398,10644897.8,2023-10-04 00:00:00
1696392000000,0.4393,0.4453,0.4367,0.4444,5569862.6,2023-10-04 04:00:00
1696406400000,0.444,0.4474,0.4409,0.4436,7848849.4,2023-10-04 08:00:00
1696420800000,0.4437,0.4461,0.4315,0.4348,5708585.2,2023-10-04 12:00:00
1696435200000,0.435,0.4414,0.4343,0.4381,3429062.6,2023-10-04 16:00:00
1696449600000,0.4379,0.4447,0.4372,0.4418,1881117.8,2023-10-04 20:00:00
1696464000000,0.4419,0.4462,0.4359,0.4399,3468055.7,2023-10-05 00:00:00
1696478400000,0.44,0.4432,0.4379,0.4404,3177424.0,2023-10-05 04:00:00
1696492800000,0.4405,0.4423,0.4384,0.4387,3248427.0,2023-10-05 08:00:00
1696507200000,0.4387,0.4492,0.4339,0.4375,19162885.8,2023-10-05 12:00:00
1696521600000,0.4376,0.4395,0.4323,0.4366,7598412.2,2023-10-05 16:00:00
1696536000000,0.4366,0.4383,0.4339,0.4342,2900915.3,2023-10-05 20:00:00
1696550400000,0.4344,0.4377,0.433,0.4365,2660972.0,2023-10-06 00:00:00
1696564800000,0.4366,0.4396,0.4347,0.4383,2339761.6,2023-10-06 04:00:00
1696579200000,0.4384,0.4409,0.4344,0.4346,3762338.2,2023-10-06 08:00:00
1696593600000,0.4349,0.4463,0.4334,0.445,9819037.0,2023-10-06 12:00:00
1696608000000,0.445,0.4473,0.4436,0.444,3233012.3,2023-10-06 16:00:00
1696622400000,0.4439,0.4486,0.4416,0.4436,2110062.3,2023-10-06 20:00:00
1696636800000,0.4435,0.4567,0.4427,0.4513,8450383.4,2023-10-07 00:00:00
1696651200000,0.4511,0.4592,0.4483,0.4497,6158407.5,2023-10-07 04:00:00
1696665600000,0.4496,0.4521,0.4411,0.4426,5435454.7,2023-10-07 08:00:00
1696680000000,0.4425,0.4447,0.4406,0.4414,2748227.1,2023-10-07 12:00:00
1696694400000,0.4415,0.4441,0.4384,0.4391,3276524.9,2023-10-07 16:00:00
1696708800000,0.4391,0.4431,0.4388,0.4427,1157115.9,2023-10-07 20:00:00
1696723200000,0.4421,0.4442,0.4406,0.443,1527179.4,2023-10-08 00:00:00
1696737600000,0.4431,0.4434,0.4383,0.4403,2188190.5,2023-10-08 04:00:00
1696752000000,0.4403,0.4421,0.4352,0.4362,3037148.8,2023-10-08 08:00:00
1696766400000,0.4362,0.4404,0.4344,0.4376,2446847.3,2023-10-08 12:00:00
1696780800000,0.4377,0.4392,0.4358,0.4384,1585159.2,2023-10-08 16:00:00
1696795200000,0.4382,0.4394,0.4357,0.4377,967902.8,2023-10-08 20:00:00
1696809600000,0.4379,0.4383,0.4348,0.4375,1753525.5,2023-10-09 00:00:00
1696824000000,0.4376,0.4388,0.4313,0.4333,2920407.7,2023-10-09 04:00:00
1696838400000,0.4333,0.4335,0.4018,0.412,14504523.9,2023-10-09 08:00:00
1696852800000,0.4117,0.416,0.4112,0.4122,4018205.4,2023-10-09 12:00:00
1696867200000,0.4123,0.4149,0.4021,0.4121,8717153.5,2023-10-09 16:00:00
1696881600000,0.412,0.4175,0.4091,0.4164,5672076.3,2023-10-09 20:00:00
1696896000000,0.4163,0.4172,0.4119,0.4144,3048926.8,2023-10-10 00:00:00
1696910400000,0.4145,0.418,0.414,0.4161,1884945.9,2023-10-10 04:00:00
1696924800000,0.4162,0.4189,0.4136,0.414,2444666.6,2023-10-10 08:00:00
1696939200000,0.414,0.4186,0.4113,0.4144,3793501.9,2023-10-10 12:00:00
1696953600000,0.4143,0.4173,0.4137,0.416,1993597.1,2023-10-10 16:00:00
1696968000000,0.416,0.4173,0.4112,0.4158,2185201.3,2023-10-10 20:00:00
1696982400000,0.416,0.4173,0.4035,0.4083,4930243.6,2023-10-11 00:00:00
1696996800000,0.4084,0.4109,0.4067,0.4085,3128730.9,2023-10-11 04:00:00
1697011200000,0.4085,0.4144,0.4076,0.4122,2911248.3,2023-10-11 08:00:00
1697025600000,0.4122,0.4135,0.4007,0.4049,5041242.0,2023-10-11 12:00:00
1697040000000,0.4049,0.4061,0.4024,0.4056,3505705.2,2023-10-11 16:00:00
1697054400000,0.4057,0.4112,0.4051,0.4099,1788562.5,2023-10-11 20:00:00
1697068800000,0.4098,0.4099,0.4047,0.4085,1769734.6,2023-10-12 00:00:00
1697083200000,0.4084,0.4129,0.4077,0.41,2096280.2,2023-10-12 04:00:00
1697097600000,0.4104,0.4127,0.4011,0.4082,4852694.0,2023-10-12 08:00:00
1697112000000,0.4083,0.4092,0.4056,0.4068,3224338.3,2023-10-12 12:00:00
1697126400000,0.4068,0.4071,0.4006,0.4056,4668400.7,2023-10-12 16:00:00
1697140800000,0.4056,0.4092,0.405,0.4074,2049363.9,2023-10-12 20:00:00
1697155200000,0.4073,0.4087,0.4056,0.4058,2196444.0,2023-10-13 00:00:00
1697169600000,0.4059,0.4098,0.4059,0.4086,2026029.0,2023-10-13 04:00:00
1697184000000,0.4086,0.4102,0.4069,0.4101,2772843.6,2023-10-13 08:00:00
1697198400000,0.4101,0.4243,0.409,0.4132,12005874.7,2023-10-13 12:00:00
1697212800000,0.4131,0.4173,0.4099,0.4106,2713492.9,2023-10-13 16:00:00
1697227200000,0.4107,0.4172,0.41,0.4134,4394351.5,2023-10-13 20:00:00
1697241600000,0.4135,0.4172,0.4114,0.4162,2062071.6,2023-10-14 00:00:00
1697256000000,0.4163,0.4186,0.4149,0.4168,2053363.2,2023-10-14 04:00:00
1697270400000,0.4168,0.4182,0.4149,0.4158,1874949.1,2023-10-14 08:00:00
1697284800000,0.4157,0.418,0.4128,0.4176,1842816.5,2023-10-14 12:00:00
1697299200000,0.4175,0.4182,0.4156,0.4176,1737124.8,2023-10-14 16:00:00
1697313600000,0.4175,0.4194,0.4154,0.4155,1802681.7,2023-10-14 20:00:00
1697328000000,0.4155,0.416,0.408,0.4091,6463998.2,2023-10-15 00:00:00
1697342400000,0.4091,0.4093,0.4063,0.408,4724317.9,2023-10-15 04:00:00
1697356800000,0.408,0.4115,0.4075,0.4084,1916588.6,2023-10-15 08:00:00
1697371200000,0.4084,0.4097,0.4051,0.4082,3185850.8,2023-10-15 12:00:00
1697385600000,0.4083,0.4105,0.407,0.4101,3204260.8,2023-10-15 16:00:00
1697400000000,0.41,0.413,0.4085,0.4105,2640866.6,2023-10-15 20:00:00
1697414400000,0.4105,0.4188,0.4099,0.4134,3818231.7,2023-10-16 00:00:00
1697428800000,0.4134,0.4226,0.4117,0.4175,7368215.5,2023-10-16 04:00:00
1697443200000,0.4178,0.4204,0.4142,0.4149,4396877.3,2023-10-16 08:00:00
1697457600000,0.4149,0.43,0.4041,0.4074,19822254.4,2023-10-16 12:00:00
1697472000000,0.4074,0.4115,0.4068,0.4102,3958315.3,2023-10-16 16:00:00
1697486400000,0.4103,0.413,0.4088,0.4103,3835757.1,2023-10-16 20:00:00
1697500800000,0.4106,0.4118,0.4084,0.4088,4518282.8,2023-10-17 00:00:00
1697515200000,0.4088,0.4114,0.3937,0.3982,9762360.0,2023-10-17 04:00:00
1697529600000,0.3983,0.3997,0.395,0.3969,7606121.5,2023-10-17 08:00:00
1697544000000,0.3969,0.3972,0.3688,0.3824,23433618.4,2023-10-17 12:00:00
1697558400000,0.3825,0.3835,0.3761,0.3791,5413896.5,2023-10-17 16:00:00
1697572800000,0.3792,0.3818,0.3786,0.3806,2498237.1,2023-10-17 20:00:00
1697587200000,0.3807,0.3829,0.3642,0.3711,9022023.5,2023-10-18 00:00:00
1697601600000,0.3711,0.3791,0.3699,0.3731,5931181.2,2023-10-18 04:00:00
1697616000000,0.3731,0.3787,0.3721,0.3754,3955081.2,2023-10-18 08:00:00
1697630400000,0.3755,0.377,0.3697,0.3737,4256958.3,2023-10-18 12:00:00
1697644800000,0.3736,0.3902,0.3734,0.3838,11340173.2,2023-10-18 16:00:00
1697659200000,0.3838,0.3851,0.3791,0.3826,4114547.1,2023-10-18 20:00:00
1697673600000,0.3825,0.3829,0.3672,0.377,10671151.3,2023-10-19 00:00:00
1697688000000,0.3773,0.3794,0.374,0.374,2525428.3,2023-10-19 04:00:00
1697702400000,0.374,0.3746,0.362,0.3663,10152020.7,2023-10-19 08:00:00
1697716800000,0.3663,0.3716,0.3652,0.3681,5147229.8,2023-10-19 12:00:00
1697731200000,0.3681,0.3705,0.3664,0.3688,3061015.5,2023-10-19 16:00:00
1697745600000,0.3688,0.3711,0.3642,0.3703,3602222.5,2023-10-19 20:00:00
1697760000000,0.3703,0.3764,0.3643,0.3739,8195125.0,2023-10-20 00:00:00
1697774400000,0.374,0.38,0.3729,0.3775,4201090.6,2023-10-20 04:00:00
1697788800000,0.3775,0.3851,0.3768,0.377,7942899.1,2023-10-20 08:00:00
1697803200000,0.377,0.3816,0.374,0.3802,4245109.2,2023-10-20 12:00:00
1697817600000,0.3803,0.3887,0.376,0.3833,12159291.1,2023-10-20 16:00:00
1697832000000,0.3833,0.3874,0.3821,0.3827,2285030.3,2023-10-20 20:00:00
1697846400000,0.3828,0.3846,0.3795,0.3817,2205576.5,2023-10-21 00:00:00
1697860800000,0.3818,0.389,0.3816,0.3874,3121293.5,2023-10-21 04:00:00
1697875200000,0.3873,0.3918,0.3866,0.391,3247003.2,2023-10-21 08:00:00
1697889600000,0.391,0.3977,0.3835,0.3958,15975110.5,2023-10-21 12:00:00
1697904000000,0.3957,0.4002,0.3937,0.3974,8593789.0,2023-10-21 16:00:00
1697918400000,0.3974,0.3976,0.3883,0.3908,2611604.2,2023-10-21 20:00:00
1697932800000,0.3909,0.3957,0.3874,0.3949,4067083.1,2023-10-22 00:00:00
1697947200000,0.3949,0.4194,0.3926,0.4015,26641880.8,2023-10-22 04:00:00
1697961600000,0.4015,0.4043,0.3939,0.399,7067919.2,2023-10-22 08:00:00
1697976000000,0.399,0.401,0.3925,0.3954,6066228.9,2023-10-22 12:00:00
1697990400000,0.3955,0.3998,0.3949,0.3957,2848305.0,2023-10-22 16:00:00
1698004800000,0.3956,0.4044,0.3956,0.4043,2747289.8,2023-10-22 20:00:00
1698019200000,0.4043,0.415,0.4007,0.4109,11244167.8,2023-10-23 00:00:00
1698033600000,0.4109,0.4159,0.3952,0.3985,11202971.9,2023-10-23 04:00:00
1698048000000,0.3986,0.4012,0.392,0.398,6157869.8,2023-10-23 08:00:00
1698062400000,0.3982,0.4018,0.3946,0.3978,5153148.4,2023-10-23 12:00:00
1698076800000,0.3978,0.4082,0.3952,0.4058,9300444.6,2023-10-23 16:00:00
1698091200000,0.4058,0.4214,0.4036,0.4208,12089702.2,2023-10-23 20:00:00
1698105600000,0.4206,0.4424,0.4178,0.4222,26661811.1,2023-10-24 00:00:00
1698120000000,0.4221,0.4374,0.4209,0.4253,12397658.5,2023-10-24 04:00:00
1698134400000,0.4253,0.4594,0.4244,0.451,30671796.2,2023-10-24 08:00:00
1698148800000,0.4509,0.456,0.414,0.425,23270407.5,2023-10-24 12:00:00
1698163200000,0.4253,0.4361,0.4194,0.434,7915020.6,2023-10-24 16:00:00
1698177600000,0.4337,0.4401,0.4271,0.4345,5985998.9,2023-10-24 20:00:00
1698192000000,0.4342,0.4439,0.4294,0.4312,6637048.4,2023-10-25 00:00:00
1698206400000,0.4316,0.4391,0.4196,0.4245,9128701.8,2023-10-25 04:00:00
1698220800000,0.4247,0.4381,0.4219,0.4308,8367505.6,2023-10-25 08:00:00
1698235200000,0.4307,0.4496,0.4303,0.4493,14715377.3,2023-10-25 12:00:00
1698249600000,0.4494,0.4505,0.4233,0.4336,17210217.8,2023-10-25 16:00:00
1698264000000,0.4337,0.44,0.4282,0.4369,5928082.4,2023-10-25 20:00:00
1698278400000,0.437,0.4469,0.4315,0.4459,7711912.1,2023-10-26 00:00:00
1698292800000,0.4459,0.4588,0.4334,0.4567,13734882.4,2023-10-26 04:00:00
1698307200000,0.4567,0.4635,0.4355,0.4423,14842942.8,2023-10-26 08:00:00
1698321600000,0.4419,0.4486,0.4167,0.4269,13842773.2,2023-10-26 12:00:00
1698336000000,0.4268,0.4329,0.4196,0.4308,8248630.8,2023-10-26 16:00:00
1698350400000,0.4308,0.4444,0.4299,0.4401,7945383.8,2023-10-26 20:00:00
1698364800000,0.44,0.4522,0.4294,0.4366,15351429.4,2023-10-27 00:00:00
1698379200000,0.4366,0.4432,0.4333,0.4352,6062428.1,2023-10-27 04:00:00
1698393600000,0.4351,0.4421,0.4322,0.4363,5303061.4,2023-10-27 08:00:00
1698408000000,0.4361,0.456,0.43,0.4372,12545963.8,2023-10-27 12:00:00
1698422400000,0.4372,0.4386,0.4203,0.4301,8816081.5,2023-10-27 16:00:00
1698436800000,0.4301,0.4343,0.429,0.4308,1904573.7,2023-10-27 20:00:00
1698451200000,0.4308,0.448,0.4306,0.4456,9577583.2,2023-10-28 00:00:00
1698465600000,0.4456,0.4687,0.4441,0.463,12754761.9,2023-10-28 04:00:00
1698480000000,0.4629,0.4698,0.4565,0.4584,13549228.9,2023-10-28 08:00:00
1698494400000,0.4584,0.4786,0.4509,0.4741,16917070.2,2023-10-28 12:00:00
1698508800000,0.4742,0.4743,0.4616,0.4624,6338384.6,2023-10-28 16:00:00
1698523200000,0.4626,0.4695,0.4601,0.4671,4212237.2,2023-10-28 20:00:00
1698537600000,0.4673,0.4696,0.4505,0.4531,7775739.9,2023-10-29 00:00:00
1698552000000,0.4531,0.4613,0.4518,0.4597,4179052.4,2023-10-29 04:00:00
1698566400000,0.4599,0.4625,0.4526,0.4538,4977389.5,2023-10-29 08:00:00
1698580800000,0.4539,0.4645,0.4526,0.4594,6026652.6,2023-10-29 12:00:00
1698595200000,0.4593,0.4623,0.4527,0.4561,5720199.8,2023-10-29 16:00:00
1698609600000,0.4562,0.4618,0.4513,0.4527,3596418.9,2023-10-29 20:00:00
1698624000000,0.4527,0.4564,0.4456,0.4517,6955948.4,2023-10-30 00:00:00
1698638400000,0.4518,0.4554,0.4465,0.4486,4421419.6,2023-10-30 04:00:00
1698652800000,0.4486,0.4739,0.4475,0.466,12493357.7,2023-10-30 08:00:00
1698667200000,0.4661,0.4707,0.458,0.4608,7944438.4,2023-10-30 12:00:00
1698681600000,0.4608,0.462,0.4428,0.4575,7285454.8,2023-10-30 16:00:00
1698696000000,0.4576,0.4642,0.4548,0.4628,3030447.0,2023-10-30 20:00:00
1698710400000,0.463,0.4759,0.4555,0.4564,9486819.1,2023-10-31 00:00:00
1698724800000,0.4566,0.4603,0.4492,0.4506,5347875.6,2023-10-31 04:00:00
1698739200000,0.4508,0.4616,0.4436,0.458,8528804.4,2023-10-31 08:00:00
1698753600000,0.4579,0.4595,0.42,0.4307,19326846.0,2023-10-31 12:00:00
1698768000000,0.4307,0.442,0.4276,0.4398,5452746.5,2023-10-31 16:00:00
1698782400000,0.4398,0.4447,0.4388,0.4429,3313150.8,2023-10-31 20:00:00
1698796800000,0.4428,0.4477,0.4379,0.4391,4307086.8,2023-11-01 00:00:00
1698811200000,0.4393,0.4413,0.4251,0.4333,7147082.9,2023-11-01 04:00:00
1698825600000,0.4335,0.4382,0.428,0.4343,4511698.7,2023-11-01 08:00:00
1698840000000,0.4343,0.4485,0.4286,0.4368,14062143.4,2023-11-01 12:00:00
1698854400000,0.4368,0.4657,0.4351,0.4612,14283066.5,2023-11-01 16:00:00
1698868800000,0.4614,0.4726,0.4603,0.4651,11614105.8,2023-11-01 20:00:00
1698883200000,0.4652,0.4777,0.4603,0.4774,9558783.8,2023-11-02 00:00:00
1698897600000,0.4774,0.4813,0.46,0.4633,12181867.6,2023-11-02 04:00:00
1698912000000,0.4633,0.4778,0.458,0.4755,11705576.3,2023-11-02 08:00:00
1698926400000,0.4754,0.476,0.444,0.4477,15328982.2,2023-11-02 12:00:00
1698940800000,0.4477,0.4593,0.4409,0.459,7771880.0,2023-11-02 16:00:00
1698955200000,0.4592,0.4607,0.4529,0.4584,4104499.6,2023-11-02 20:00:00
1698969600000,0.4586,0.4586,0.4376,0.4456,7973935.6,2023-11-03 00:00:00
1698984000000,0.4455,0.446,0.4388,0.4408,7247539.0,2023-11-03 04:00:00
1698998400000,0.4407,0.4446,0.4314,0.4364,8914665.1,2023-11-03 08:00:00
1699012800000,0.4364,0.4477,0.4334,0.4472,6906700.5,2023-11-03 12:00:00
1699027200000,0.4473,0.4486,0.4398,0.4458,4068767.7,2023-11-03 16:00:00
1699041600000,0.4459,0.4558,0.4447,0.4554,3327676.4,2023-11-03 20:00:00
1699056000000,0.4554,0.4646,0.4509,0.4604,7466097.8,2023-11-04 00:00:00
1699070400000,0.4603,0.4626,0.4533,0.4571,5361563.2,2023-11-04 04:00:00
1699084800000,0.4571,0.4671,0.4539,0.4615,6944019.7,2023-11-04 08:00:00
1699099200000,0.4615,0.4647,0.4524,0.4551,7597088.5,2023-11-04 12:00:00
1699113600000,0.455,0.4974,0.4537,0.4893,24952591.0,2023-11-04 16:00:00
1699128000000,0.4895,0.5196,0.4851,0.5064,24634950.4,2023-11-04 20:00:00
1699142400000,0.5064,0.5238,0.503,0.5131,22202840.5,2023-11-05 00:00:00
1699156800000,0.5131,0.5166,0.4951,0.497,15046722.9,2023-11-05 04:00:00
1699171200000,0.4969,0.5094,0.4888,0.5065,12450733.4,2023-11-05 08:00:00
1699185600000,0.5062,0.5104,0.4818,0.4866,19517122.6,2023-11-05 12:00:00
1699200000000,0.4867,0.4966,0.4858,0.4905,8951713.9,2023-11-05 16:00:00
1699214400000,0.4905,0.5032,0.4841,0.5001,7318823.6,2023-11-05 20:00:00
1699228800000,0.4999,0.5093,0.4932,0.5032,8994946.4,2023-11-06 00:00:00
1699243200000,0.5032,0.5057,0.4863,0.4978,9899782.5,2023-11-06 04:00:00
1699257600000,0.4978,0.5158,0.4921,0.5124,14598963.1,2023-11-06 08:00:00
1699272000000,0.5119,0.5378,0.5051,0.5208,22900984.5,2023-11-06 12:00:00
1699286400000,0.5212,0.5226,0.5081,0.5179,9854733.5,2023-11-06 16:00:00
1699300800000,0.5179,0.5285,0.51,0.5285,5400042.6,2023-11-06 20:00:00
1699315200000,0.5285,0.5285,0.5065,0.5161,10897620.9,2023-11-07 00:00:00
1699329600000,0.5161,0.5284,0.5124,0.5256,8488601.8,2023-11-07 04:00:00
1699344000000,0.526,0.5266,0.5067,0.5094,13375138.2,2023-11-07 08:00:00
1699358400000,0.5092,0.519,0.4958,0.5053,15371549.8,2023-11-07 12:00:00
1699372800000,0.5053,0.5232,0.4915,0.5203,11080344.0,2023-11-07 16:00:00
1699387200000,0.5205,0.5286,0.5134,0.5235,6230468.8,2023-11-07 20:00:00
1699401600000,0.5235,0.5424,0.5171,0.5285,11254558.2,2023-11-08 00:00:00
1699416000000,0.5282,0.5391,0.5239,0.534,6404435.2,2023-11-08 04:00:00
1699430400000,0.5338,0.5467,0.529,0.5458,9625591.4,2023-11-08 08:00:00
1699444800000,0.5457,0.6,0.5451,0.5786,42790265.9,2023-11-08 12:00:00
1699459200000,0.5784,0.5941,0.5739,0.5824,15809621.8,2023-11-08 16:00:00
1699473600000,0.5824,0.5891,0.5752,0.578,10483986.9,2023-11-08 20:00:00
1699488000000,0.5781,0.593,0.566,0.5863,15533465.0,2023-11-09 00:00:00
1699502400000,0.5864,0.6078,0.5838,0.5871,17602093.8,2023-11-09 04:00:00
1699516800000,0.5869,0.5924,0.5677,0.5741,15291817.6,2023-11-09 08:00:00
1699531200000,0.5741,0.5946,0.5612,0.5623,26102731.2,2023-11-09 12:00:00
1699545600000,0.5621,0.568,0.4797,0.5353,32076214.8,2023-11-09 16:00:00
1699560000000,0.5351,0.566,0.5198,0.561,14361662.6,2023-11-09 20:00:00
1699574400000,0.561,0.5708,0.554,0.561,11668446.8,2023-11-10 00:00:00
1699588800000,0.5612,0.5677,0.5455,0.55,13812292.7,2023-11-10 04:00:00
1699603200000,0.55,0.5646,0.5374,0.5615,11320455.8,2023-11-10 08:00:00
1699617600000,0.5617,0.5656,0.534,0.5467,12566187.0,2023-11-10 12:00:00
1699632000000,0.5468,0.5607,0.5467,0.5602,8450351.6,2023-11-10 16:00:00
1699646400000,0.5602,0.626,0.5567,0.6095,31861746.7,2023-11-10 20:00:00
1699660800000,0.6094,0.6142,0.5754,0.5818,16534085.4,2023-11-11 00:00:00
1699675200000,0.5817,0.587,0.5675,0.5788,13033334.3,2023-11-11 04:00:00
1699689600000,0.5789,0.5946,0.573,0.587,11224857.1,2023-11-11 08:00:00
1699704000000,0.5869,0.5981,0.58,0.5923,10923204.8,2023-11-11 12:00:00
1699718400000,0.5926,0.6054,0.5849,0.6026,9663517.5,2023-11-11 16:00:00
1699732800000,0.6026,0.6049,0.581,0.5921,11528017.2,2023-11-11 20:00:00
1699747200000,0.5923,0.5953,0.5575,0.5756,14410373.0,2023-11-12 00:00:00
1699761600000,0.5758,0.6008,0.5704,0.5976,9019536.1,2023-11-12 04:00:00
1699776000000,0.5976,0.6459,0.5891,0.6302,29502702.7,2023-11-12 08:00:00
1699790400000,0.63,0.6303,0.597,0.6044,22367062.5,2023-11-12 12:00:00
1699804800000,0.6046,0.6313,0.5998,0.629,13528493.3,2023-11-12 16:00:00
1699819200000,0.629,0.639,0.6111,0.6179,9842632.3,2023-11-12 20:00:00
1699833600000,0.6179,0.649,0.6082,0.6114,17465809.3,2023-11-13 00:00:00
1699848000000,0.6116,0.6232,0.6023,0.6224,13752230.8,2023-11-13 04:00:00
1699862400000,0.6227,0.6528,0.6165,0.6219,25402028.4,2023-11-13 08:00:00
1699876800000,0.6218,0.66,0.6129,0.6353,38267251.5,2023-11-13 12:00:00
1699891200000,0.6351,0.6536,0.6175,0.6358,15625175.9,2023-11-13 16:00:00
1699905600000,0.6359,0.6381,0.6003,0.6005,12683021.0,2023-11-13 20:00:00
1699920000000,0.601,0.6047,0.58,0.6028,12952601.5,2023-11-14 00:00:00
1699934400000,0.6028,0.63,0.6011,0.6154,12652156.3,2023-11-14 04:00:00
1699948800000,0.6151,0.6247,0.571,0.5757,20742813.2,2023-11-14 08:00:00
1699963200000,0.5757,0.6123,0.5716,0.5891,19295642.4,2023-11-14 12:00:00
1699977600000,0.5891,0.5957,0.539,0.5617,16583551.3,2023-11-14 16:00:00
1699992000000,0.5615,0.5727,0.5598,0.5662,6780999.5,2023-11-14 20:00:00
1700006400000,0.566,0.5724,0.5598,0.5612,10609088.5,2023-11-15 00:00:00
1700020800000,0.5611,0.5852,0.5606,0.5822,8253753.2,2023-11-15 04:00:00
1700035200000,0.5824,0.601,0.5785,0.598,9489667.4,2023-11-15 08:00:00
1700049600000,0.5979,0.6035,0.5878,0.5967,14220910.1,2023-11-15 12:00:00
1700064000000,0.5966,0.6188,0.592,0.6134,16072607.2,2023-11-15 16:00:00
1700078400000,0.6132,0.6209,0.6039,0.619,7614490.4,2023-11-15 20:00:00
1700092800000,0.6191,0.6307,0.6153,0.6245,10946159.9,2023-11-16 00:00:00
1700107200000,0.6242,0.6422,0.6203,0.6277,12212576.2,2023-11-16 04:00:00
1700121600000,0.6275,0.6302,0.596,0.6093,19520848.5,2023-11-16 08:00:00
1700136000000,0.6091,0.6095,0.566,0.5741,20082610.2,2023-11-16 12:00:00
1700150400000,0.5741,0.5834,0.5505,0.5679,14905191.3,2023-11-16 16:00:00
1700164800000,0.5681,0.5716,0.5544,0.5652,10497725.3,2023-11-16 20:00:00
1700179200000,0.5652,0.5862,0.5627,0.5807,9829460.6,2023-11-17 00:00:00
1700193600000,0.5809,0.5839,0.566,0.568,6869688.9,2023-11-17 04:00:00
1700208000000,0.5678,0.5768,0.545,0.5534,16159942.6,2023-11-17 08:00:00
1700222400000,0.5536,0.5588,0.525,0.5282,21065512.3,2023-11-17 12:00:00
1700236800000,0.5284,0.5507,0.525,0.5443,12233441.9,2023-11-17 16:00:00
1700251200000,0.5443,0.5565,0.539,0.5541,5049726.8,2023-11-17 20:00:00
1700265600000,0.554,0.5546,0.5351,0.536,7703156.2,2023-11-18 00:00:00
1700280000000,0.5362,0.5437,0.514,0.5332,9490370.0,2023-11-18 04:00:00
1700294400000,0.5332,0.5405,0.5292,0.5329,5045384.5,2023-11-18 08:00:00
1700308800000,0.5329,0.5473,0.5245,0.5461,7795786.6,2023-11-18 12:00:00
1700323200000,0.5463,0.5577,0.5398,0.5491,12817638.4,2023-11-18 16:00:00
1700337600000,0.549,0.5502,0.5395,0.5466,4731452.5,2023-11-18 20:00:00
1700352000000,0.5463,0.5464,0.5282,0.5391,5648015.7,2023-11-19 00:00:00
1700366400000,0.539,0.5527,0.5364,0.5489,4669712.9,2023-11-19 04:00:00
1700380800000,0.5492,0.5536,0.5315,0.5405,7287940.7,2023-11-19 08:00:00
1700395200000,0.5405,0.5445,0.5358,0.5439,4482377.5,2023-11-19 12:00:00
1700409600000,0.5439,0.5586,0.5416,0.558,4316500.1,2023-11-19 16:00:00
1700424000000,0.558,0.567,0.551,0.5633,5754418.5,2023-11-19 20:00:00
1700438400000,0.5632,0.5698,0.5573,0.5602,5979015.6,2023-11-20 00:00:00
1700452800000,0.5603,0.5683,0.5548,0.5679,3756912.5,2023-11-20 04:00:00
1700467200000,0.5679,0.5738,0.556,0.5619,7594422.4,2023-11-20 08:00:00
1700481600000,0.5619,0.5698,0.5483,0.5656,7492213.6,2023-11-20 12:00:00
1700496000000,0.5655,0.5786,0.5534,0.5592,14090163.1,2023-11-20 16:00:00
1700510400000,0.5596,0.5637,0.5425,0.5547,3962967.0,2023-11-20 20:00:00
1700524800000,0.5547,0.568,0.5458,0.5562,7429761.9,2023-11-21 00:00:00
1700539200000,0.5563,0.5828,0.5527,0.5609,13172079.2,2023-11-21 04:00:00
1700553600000,0.5605,0.5702,0.5521,0.5549,8229330.9,2023-11-21 08:00:00
1700568000000,0.5549,0.559,0.5209,0.5384,16372472.6,2023-11-21 12:00:00
1700582400000,0.5382,0.5496,0.5156,0.5256,15012418.4,2023-11-21 16:00:00
1700596800000,0.5258,0.5354,0.5,0.5022,12736387.0,2023-11-21 20:00:00
1700611200000,0.5023,0.5223,0.5002,0.5213,6805249.9,2023-11-22 00:00:00
1700625600000,0.5214,0.5281,0.5193,0.5226,4292593.6,2023-11-22 04:00:00
1700640000000,0.5227,0.531,0.5227,0.5266,6676186.6,2023-11-22 08:00:00
1700654400000,0.5266,0.5378,0.5229,0.5341,6623212.4,2023-11-22 12:00:00
1700668800000,0.5338,0.56,0.533,0.5587,11626188.0,2023-11-22 16:00:00
1700683200000,0.5587,0.5637,0.5508,0.5562,5728504.3,2023-11-22 20:00:00
1700697600000,0.5566,0.5853,0.5519,0.5818,15188741.1,2023-11-23 00:00:00
1700712000000,0.5818,0.5895,0.5743,0.5777,13984258.5,2023-11-23 04:00:00
1700726400000,0.5776,0.5863,0.5725,0.5823,9365065.3,2023-11-23 08:00:00
1700740800000,0.5822,0.5912,0.566,0.5683,24935702.1,2023-11-23 12:00:00
1700755200000,0.5681,0.5934,0.5671,0.5878,11030529.7,2023-11-23 16:00:00
1700769600000,0.5879,0.5955,0.5841,0.5885,6711600.1,2023-11-23 20:00:00
1700784000000,0.5884,0.5954,0.5814,0.5876,6635062.6,2023-11-24 00:00:00
1700798400000,0.5877,0.6161,0.5831,0.6105,17022996.9,2023-11-24 04:00:00
1700812800000,0.6108,0.6416,0.6068,0.6227,25306008.7,2023-11-24 08:00:00
1700827200000,0.623,0.6286,0.6142,0.627,9898119.0,2023-11-24 12:00:00
1700841600000,0.6271,0.6422,0.6124,0.6146,13634460.9,2023-11-24 16:00:00
1700856000000,0.6145,0.63,0.6127,0.6267,6324700.5,2023-11-24 20:00:00
1700870400000,0.6268,0.6891,0.6214,0.6772,33471554.0,2023-11-25 00:00:00
1700884800000,0.6776,0.6796,0.6506,0.6544,15892845.4,2023-11-25 04:00:00
1700899200000,0.6544,0.6572,0.6372,0.6406,12984862.1,2023-11-25 08:00:00
1700913600000,0.6405,0.6666,0.6404,0.6549,9680978.1,2023-11-25 12:00:00
1700928000000,0.6549,0.6631,0.6492,0.6509,7381090.9,2023-11-25 16:00:00
1700942400000,0.651,0.6579,0.649,0.6553,3537124.8,2023-11-25 20:00:00
1700956800000,0.6555,0.67,0.6325,0.6536,12798911.1,2023-11-26 00:00:00
1700971200000,0.6536,0.6575,0.6389,0.6399,6426653.1,2023-11-26 04:00:00
1700985600000,0.6398,0.6413,0.6235,0.6248,7070033.6,2023-11-26 08:00:00
1701000000000,0.6248,0.6317,0.6167,0.6211,14172380.5,2023-11-26 12:00:00
1701014400000,0.6211,0.6443,0.6072,0.6379,13048231.8,2023-11-26 16:00:00
1701028800000,0.6378,0.6455,0.6339,0.6349,5650078.0,2023-11-26 20:00:00
1701043200000,0.6349,0.6475,0.6119,0.618,8652928.2,2023-11-27 00:00:00
1701057600000,0.6181,0.6244,0.5909,0.5999,10930615.3,2023-11-27 04:00:00
1701072000000,0.5998,0.609,0.5904,0.5977,7359833.4,2023-11-27 08:00:00
1701086400000,0.5977,0.5996,0.5791,0.5802,9464590.5,2023-11-27 12:00:00
1701100800000,0.5802,0.5939,0.577,0.5819,10405653.6,2023-11-27 16:00:00
1701115200000,0.5819,0.5943,0.5771,0.5933,3466679.5,2023-11-27 20:00:00
1701129600000,0.5934,0.5962,0.5817,0.5845,3854851.5,2023-11-28 00:00:00
1701144000000,0.5844,0.5858,0.5639,0.5736,5627733.5,2023-11-28 04:00:00
1701158400000,0.5736,0.59,0.5694,0.589,5245673.1,2023-11-28 08:00:00
1701172800000,0.5891,0.6037,0.5807,0.6001,11823452.9,2023-11-28 12:00:00
1701187200000,0.6002,0.6289,0.5984,0.6264,17153303.3,2023-11-28 16:00:00
1701201600000,0.6264,0.63,0.6134,0.618,5349525.3,2023-11-28 20:00:00
1701216000000,0.6179,0.6234,0.601,0.6055,8614147.7,2023-11-29 00:00:00
1701230400000,0.6055,0.6181,0.6021,0.6078,6326951.7,2023-11-29 04:00:00
1701244800000,0.6079,0.6197,0.5976,0.5991,9835611.0,2023-11-29 08:00:00
1701259200000,0.5991,0.6046,0.5809,0.5847,10192383.4,2023-11-29 12:00:00
1701273600000,0.5847,0.5945,0.5781,0.5938,7958992.2,2023-11-29 16:00:00
1701288000000,0.5938,0.6022,0.5878,0.601,8578956.2,2023-11-29 20:00:00
1701302400000,0.601,0.6197,0.5991,0.6148,9122588.0,2023-11-30 00:00:00
1701316800000,0.6148,0.644,0.6017,0.6071,26868732.9,2023-11-30 04:00:00
1701331200000,0.6072,0.6087,0.587,0.6062,11446094.4,2023-11-30 08:00:00
1701345600000,0.6061,0.6093,0.5896,0.5967,8089406.6,2023-11-30 12:00:00
1701360000000,0.5966,0.6024,0.592,0.5956,4523348.1,2023-11-30 16:00:00
1701374400000,0.5956,0.599,0.5905,0.5971,2968366.5,2023-11-30 20:00:00
1701388800000,0.5971,0.6143,0.5911,0.6114,12009780.9,2023-12-01 00:00:00
1701403200000,0.6116,0.6203,0.6108,0.6143,7047436.1,2023-12-01 04:00:00
1701417600000,0.6143,0.6198,0.6095,0.6121,6413131.8,2023-12-01 08:00:00
1701432000000,0.6121,0.6192,0.6097,0.6142,5500275.2,2023-12-01 12:00:00
1701446400000,0.6143,0.628,0.6108,0.614,7573276.5,2023-12-01 16:00:00
1701460800000,0.614,0.6146,0.6103,0.6131,3205118.3,2023-12-01 20:00:00
1701475200000,0.6131,0.616,0.6034,0.6122,5005852.8,2023-12-02 00:00:00
1701489600000,0.6122,0.6148,0.6096,0.6125,2706701.6,2023-12-02 04:00:00
1701504000000,0.6125,0.6222,0.6124,0.617,5258863.1,2023-12-02 08:00:00
1701518400000,0.617,0.6264,0.6125,0.6207,11820432.6,2023-12-02 12:00:00
1701532800000,0.6206,0.631,0.6138,0.6261,6259717.2,2023-12-02 16:00:00
1701547200000,0.6259,0.6339,0.6183,0.6253,5058108.0,2023-12-02 20:00:00
1701561600000,0.6253,0.6301,0.6113,0.6144,6432806.6,2023-12-03 00:00:00
1701576000000,0.6148,0.6193,0.6117,0.6179,3805129.7,2023-12-03 04:00:00
1701590400000,0.618,0.6226,0.6119,0.6159,3995232.8,2023-12-03 08:00:00
1701604800000,0.616,0.6166,0.6031,0.6078,6321768.8,2023-12-03 12:00:00
1701619200000,0.608,0.6176,0.5973,0.6073,7790535.1,2023-12-03 16:00:00
1701633600000,0.6072,0.622,0.6066,0.6153,6552811.6,2023-12-03 20:00:00
1701648000000,0.6152,0.6307,0.6103,0.6267,10360860.0,2023-12-04 00:00:00
1701662400000,0.6269,0.639,0.621,0.6256,11870503.3,2023-12-04 04:00:00
1701676800000,0.6256,0.6316,0.5557,0.5987,22519425.1,2023-12-04 08:00:00
1701691200000,0.5988,0.6195,0.5929,0.6022,18179399.2,2023-12-04 12:00:00
1701705600000,0.6022,0.625,0.6005,0.6188,10938037.2,2023-12-04 16:00:00
1701720000000,0.6188,0.6345,0.6165,0.629,8377379.8,2023-12-04 20:00:00
1701734400000,0.6289,0.6435,0.6171,0.6253,13423065.4,2023-12-05 00:00:00
1701748800000,0.6254,0.659,0.6232,0.6325,27706610.2,2023-12-05 04:00:00
1701763200000,0.6325,0.6369,0.6205,0.6252,10288073.0,2023-12-05 08:00:00
1701777600000,0.6253,0.6393,0.6213,0.6372,8782850.3,2023-12-05 12:00:00
1701792000000,0.6372,0.6478,0.627,0.6328,15105063.8,2023-12-05 16:00:00
1701806400000,0.6326,0.6455,0.6258,0.6443,13592110.2,2023-12-05 20:00:00
1701820800000,0.6444,0.6624,0.6304,0.6352,14443935.0,2023-12-06 00:00:00
1701835200000,0.6352,0.6405,0.6151,0.6279,10692174.4,2023-12-06 04:00:00
1701849600000,0.6279,0.6399,0.6033,0.6159,15341320.1,2023-12-06 08:00:00
1701864000000,0.6158,0.6294,0.6127,0.6274,6982775.8,2023-12-06 12:00:00
1701878400000,0.6274,0.6424,0.6251,0.6388,6217211.7,2023-12-06 16:00:00
1701892800000,0.6388,0.6408,0.6142,0.6201,8535604.2,2023-12-06 20:00:00
1701907200000,0.6202,0.6288,0.615,0.621,3356947.3,2023-12-07 00:00:00
1701921600000,0.621,0.642,0.6193,0.6345,7913562.8,2023-12-07 04:00:00
1701936000000,0.6345,0.6393,0.6045,0.6154,11290164.8,2023-12-07 08:00:00
1701950400000,0.6154,0.6428,0.6072,0.6397,14219269.0,2023-12-07 12:00:00
1701964800000,0.6397,0.6869,0.636,0.6559,24293882.8,2023-12-07 16:00:00
1701979200000,0.6559,0.6809,0.6549,0.6713,12134572.8,2023-12-07 20:00:00
1701993600000,0.6714,0.6942,0.6694,0.6768,12387319.8,2023-12-08 00:00:00
1702008000000,0.6768,0.693,0.6717,0.6752,10671729.3,2023-12-08 04:00:00
1702022400000,0.6752,0.6995,0.6684,0.6981,9206877.3,2023-12-08 08:00:00
1702036800000,0.6981,0.6986,0.6755,0.6858,10641580.6,2023-12-08 12:00:00
1702051200000,0.6858,0.7147,0.6858,0.7065,13030477.9,2023-12-08 16:00:00
1702065600000,0.7064,0.7147,0.7017,0.7029,5603420.7,2023-12-08 20:00:00
1702080000000,0.7029,0.7141,0.6908,0.7044,7525016.8,2023-12-09 00:00:00
1702094400000,0.7045,0.7106,0.7009,0.708,5201082.4,2023-12-09 04:00:00
1702108800000,0.7078,0.713,0.6831,0.6997,13019937.2,2023-12-09 08:00:00
1702123200000,0.6996,0.7268,0.6937,0.7189,13931830.3,2023-12-09 12:00:00
1702137600000,0.7189,0.72,0.6883,0.6954,9155814.1,2023-12-09 16:00:00
1702152000000,0.6952,0.6953,0.6705,0.6778,5260961.7,2023-12-09 20:00:00
1702166400000,0.6783,0.7014,0.6777,0.7011,4994152.6,2023-12-10 00:00:00
1702180800000,0.7012,0.7159,0.6911,0.6994,6120814.2,2023-12-10 04:00:00
1702195200000,0.6992,0.7,0.6671,0.6827,9731906.1,2023-12-10 08:00:00
1702209600000,0.6825,0.6915,0.6766,0.6878,4978200.6,2023-12-10 12:00:00
1702224000000,0.6876,0.693,0.6734,0.6844,5034013.8,2023-12-10 16:00:00
1702238400000,0.6845,0.6999,0.6836,0.6925,5158830.0,2023-12-10 20:00:00
1702252800000,0.6926,0.7143,0.6102,0.6638,24217075.9,2023-12-11 00:00:00
1702267200000,0.6639,0.6718,0.6507,0.6524,13534728.4,2023-12-11 04:00:00
1702281600000,0.6531,0.6615,0.6468,0.6561,9035704.2,2023-12-11 08:00:00
1702296000000,0.6561,0.6609,0.6239,0.6356,12320996.7,2023-12-11 12:00:00
1702310400000,0.6357,0.6384,0.6068,0.6196,9375312.1,2023-12-11 16:00:00
1702324800000,0.6197,0.6332,0.6132,0.6291,5001786.3,2023-12-11 20:00:00
1702339200000,0.6291,0.664,0.6272,0.6524,10075748.5,2023-12-12 00:00:00
1702353600000,0.6524,0.6595,0.6354,0.6562,9016783.1,2023-12-12 04:00:00
1702368000000,0.6562,0.6589,0.636,0.6365,6405912.3,2023-12-12 08:00:00
1702382400000,0.6365,0.6596,0.6202,0.6352,14825978.6,2023-12-12 12:00:00
1702396800000,0.6352,0.645,0.619,0.6384,8634426.6,2023-12-12 16:00:00
1702411200000,0.6384,0.6615,0.6322,0.6597,8490673.6,2023-12-12 20:00:00
1702425600000,0.6597,0.6647,0.618,0.6243,12640161.0,2023-12-13 00:00:00
1702440000000,0.6243,0.6308,0.605,0.6193,8323203.5,2023-12-13 04:00:00
1702454400000,0.6194,0.6282,0.615,0.6165,6124167.9,2023-12-13 08:00:00
1702468800000,0.6165,0.6447,0.615,0.6423,7520730.0,2023-12-13 12:00:00
1702483200000,0.6423,0.657,0.6345,0.6554,6267358.3,2023-12-13 16:00:00
1702497600000,0.6554,0.6664,0.6473,0.6527,7457555.2,2023-12-13 20:00:00
1702512000000,0.6529,0.6547,0.6415,0.6452,6434022.8,2023-12-14 00:00:00
1702526400000,0.6452,0.6543,0.6421,0.6498,5733981.8,2023-12-14 04:00:00
1702540800000,0.6498,0.67,0.6447,0.6688,12838661.5,2023-12-14 08:00:00
1702555200000,0.6687,0.67,0.6262,0.6482,9132834.7,2023-12-14 12:00:00
1702569600000,0.6482,0.6648,0.6482,0.6501,5029873.2,2023-12-14 16:00:00
1702584000000,0.6502,0.6637,0.646,0.6545,3855410.6,2023-12-14 20:00:00
1702598400000,0.6546,0.6556,0.6352,0.6483,9000473.7,2023-12-15 00:00:00
1702612800000,0.6484,0.6544,0.6351,0.6353,8253162.1,2023-12-15 04:00:00
1702627200000,0.6354,0.6513,0.6327,0.6454,8648090.1,2023-12-15 08:00:00
1702641600000,0.6454,0.6472,0.6227,0.6305,9068059.1,2023-12-15 12:00:00
1702656000000,0.6304,0.6437,0.6264,0.6364,5109034.6,2023-12-15 16:00:00
1702670400000,0.6364,0.6401,0.6153,0.6175,7293034.0,2023-12-15 20:00:00
1702684800000,0.6175,0.6236,0.6001,0.6233,8521861.8,2023-12-16 00:00:00
1702699200000,0.6232,0.6253,0.617,0.6212,4571681.5,2023-12-16 04:00:00
1702713600000,0.6211,0.6353,0.6194,0.6352,5641219.3,2023-12-16 08:00:00
1702728000000,0.6352,0.6441,0.6313,0.6415,6886800.6,2023-12-16 12:00:00
1702742400000,0.6414,0.6498,0.6282,0.6333,9161130.4,2023-12-16 16:00:00
1702756800000,0.6334,0.6393,0.6254,0.6322,5212964.9,2023-12-16 20:00:00
1702771200000,0.6322,0.6365,0.6218,0.6242,4930872.5,2023-12-17 00:00:00
1702785600000,0.6241,0.6269,0.6075,0.6088,7585185.3,2023-12-17 04:00:00
1702800000000,0.609,0.6215,0.6063,0.6168,4191604.9,2023-12-17 08:00:00
1702814400000,0.6167,0.6182,0.6043,0.6146,6824821.6,2023-12-17 12:00:00
1702828800000,0.6149,0.6271,0.6105,0.6248,5587028.4,2023-12-17 16:00:00
1702843200000,0.6246,0.6273,0.606,0.6105,5917259.1,2023-12-17 20:00:00
1702857600000,0.6104,0.6194,0.5838,0.5984,12542268.4,2023-12-18 00:00:00
1702872000000,0.5984,0.6038,0.5904,0.5926,4379748.8,2023-12-18 04:00:00
1702886400000,0.5927,0.598,0.5635,0.5831,10887623.8,2023-12-18 08:00:00
1702900800000,0.5832,0.5953,0.5765,0.5876,4061887.3,2023-12-18 12:00:00
1702915200000,0.5876,0.5994,0.5846,0.5962,3829999.8,2023-12-18 16:00:00
1702929600000,0.5962,0.6113,0.592,0.6105,9145346.4,2023-12-18 20:00:00
1702944000000,0.6105,0.6267,0.6052,0.6258,11480929.2,2023-12-19 00:00:00
1702958400000,0.6257,0.6644,0.6154,0.6477,14257860.7,2023-12-19 04:00:00
1702972800000,0.6477,0.6535,0.6273,0.6348,15101284.1,2023-12-19 08:00:00
1702987200000,0.6348,0.6499,0.6182,0.6424,17413406.8,2023-12-19 12:00:00
1703001600000,0.6424,0.7189,0.6411,0.6964,63408280.1,2023-12-19 16:00:00
1703016000000,0.6965,0.7102,0.67,0.6786,21925713.9,2023-12-19 20:00:00
1703030400000,0.6787,0.6842,0.6446,0.6585,23339277.1,2023-12-20 00:00:00
1703044800000,0.6585,0.7477,0.6525,0.7295,45022915.1,2023-12-20 04:00:00
1703059200000,0.7298,0.7408,0.6865,0.7009,55581161.3,2023-12-20 08:00:00
1703073600000,0.7008,0.7188,0.692,0.7057,16664909.0,2023-12-20 12:00:00
1703088000000,0.7057,0.7117,0.6824,0.6839,14801297.5,2023-12-20 16:00:00
1703102400000,0.6839,0.6905,0.6735,0.688,11093392.7,2023-12-20 20:00:00
1703116800000,0.6881,0.6993,0.6743,0.6912,13380179.1,2023-12-21 00:00:00
1703131200000,0.6912,0.7184,0.6894,0.7048,19310583.6,2023-12-21 04:00:00
1703145600000,0.7049,0.7098,0.6916,0.7029,12127364.9,2023-12-21 08:00:00
1703160000000,0.7029,0.7053,0.6706,0.6815,12445296.7,2023-12-21 12:00:00
1703174400000,0.6814,0.6968,0.679,0.6921,8565018.2,2023-12-21 16:00:00
1703188800000,0.6921,0.6974,0.6849,0.6876,7320059.8,2023-12-21 20:00:00
1703203200000,0.6875,0.7007,0.677,0.682,12881281.0,2023-12-22 00:00:00
1703217600000,0.6821,0.687,0.6564,0.6641,13384846.4,2023-12-22 04:00:00
1703232000000,0.6641,0.681,0.6611,0.6789,13795271.1,2023-12-22 08:00:00
1703246400000,0.6789,0.69,0.6725,0.6898,11943572.1,2023-12-22 12:00:00
1703260800000,0.6897,0.693,0.6707,0.674,11892919.3,2023-12-22 16:00:00
1703275200000,0.6741,0.6984,0.6733,0.695,8268981.6,2023-12-22 20:00:00
1703289600000,0.695,0.745,0.692,0.7087,36607256.4,2023-12-23 00:00:00
1703304000000,0.7087,0.7232,0.7005,0.7162,15952852.7,2023-12-23 04:00:00
1703318400000,0.7161,0.7458,0.7121,0.732,20800885.1,2023-12-23 08:00:00
1703332800000,0.7319,0.7403,0.7069,0.7089,18143947.6,2023-12-23 12:00:00
1703347200000,0.7089,0.7286,0.7072,0.724,11385168.1,2023-12-23 16:00:00
1703361600000,0.7241,0.7592,0.718,0.7534,14490587.9,2023-12-23 20:00:00
1703376000000,0.7536,0.7633,0.7257,0.7288,15684039.1,2023-12-24 00:00:00
1703390400000,0.729,0.7398,0.7147,0.7202,13799730.1,2023-12-24 04:00:00
1703404800000,0.7201,0.7251,0.7071,0.7184,12178536.1,2023-12-24 08:00:00
1703419200000,0.7184,0.7391,0.7147,0.7275,11046710.8,2023-12-24 12:00:00
1703433600000,0.7278,0.7398,0.7249,0.7381,8341030.8,2023-12-24 16:00:00
1703448000000,0.7381,0.74,0.7014,0.7142,12385886.3,2023-12-24 20:00:00
1703462400000,0.714,0.7312,0.7094,0.7265,8646715.1,2023-12-25 00:00:00
1703476800000,0.7267,0.7433,0.7256,0.7363,10150302.8,2023-12-25 04:00:00
1703491200000,0.7363,0.7427,0.7268,0.738,9062422.3,2023-12-25 08:00:00
1703505600000,0.7376,0.7729,0.7334,0.7607,24714299.5,2023-12-25 12:00:00
1703520000000,0.7607,0.8286,0.7604,0.811,41647987.6,2023-12-25 16:00:00
1703534400000,0.8117,0.8279,0.7936,0.8166,19094364.1,2023-12-25 20:00:00
1703548800000,0.8168,0.8875,0.8149,0.8746,31830725.1,2023-12-26 00:00:00
1703563200000,0.8744,0.8875,0.8052,0.8399,36729597.5,2023-12-26 04:00:00
1703577600000,0.8396,0.8711,0.8226,0.848,26742934.7,2023-12-26 08:00:00
1703592000000,0.848,0.885,0.8234,0.8288,27006860.5,2023-12-26 12:00:00
1703606400000,0.8286,0.87,0.7737,0.8674,23931169.0,2023-12-26 16:00:00
1703620800000,0.8675,0.909,0.8633,0.8838,20962708.6,2023-12-26 20:00:00
1703635200000,0.8841,0.9216,0.8406,0.8425,29403867.0,2023-12-27 00:00:00
1703649600000,0.8426,0.8558,0.8207,0.8255,16137364.2,2023-12-27 04:00:00
1703664000000,0.8254,0.8629,0.8248,0.8451,14091194.2,2023-12-27 08:00:00
1703678400000,0.8449,0.8665,0.8364,0.8473,13416618.6,2023-12-27 12:00:00
1703692800000,0.8473,0.8494,0.8215,0.8326,9749683.6,2023-12-27 16:00:00
1703707200000,0.8325,0.8443,0.8221,0.8301,5340508.4,2023-12-27 20:00:00
1703721600000,0.8301,0.8517,0.8244,0.8361,9849324.6,2023-12-28 00:00:00
1703736000000,0.8364,0.8554,0.7946,0.8037,16524128.5,2023-12-28 04:00:00
1703750400000,0.8039,0.864,0.7982,0.861,12735136.2,2023-12-28 08:00:00
1703764800000,0.8608,0.8638,0.7768,0.8036,22108829.8,2023-12-28 12:00:00
1703779200000,0.8035,0.8134,0.7956,0.8094,5506427.4,2023-12-28 16:00:00
1703793600000,0.8091,0.8095,0.7905,0.7966,3928797.5,2023-12-28 20:00:00
1703808000000,0.7966,0.803,0.76,0.7866,10248150.4,2023-12-29 00:00:00
1703822400000,0.7869,0.7912,0.767,0.7699,10721360.6,2023-12-29 04:00:00
1703836800000,0.7697,0.843,0.7688,0.8363,22246470.2,2023-12-29 08:00:00
1703851200000,0.8363,0.8417,0.8055,0.8105,12694568.3,2023-12-29 12:00:00
1703865600000,0.8104,0.8194,0.7882,0.81,10954696.6,2023-12-29 16:00:00
1703880000000,0.8099,0.811,0.782,0.8057,5409504.5,2023-12-29 20:00:00
1703894400000,0.8059,0.8108,0.7854,0.7911,4820149.6,2023-12-30 00:00:00
1703908800000,0.7908,0.8019,0.7895,0.7915,2817715.2,2023-12-30 04:00:00
1703923200000,0.7917,0.7918,0.7693,0.776,8686729.6,2023-12-30 08:00:00
1703937600000,0.7763,0.7923,0.7694,0.7896,8823533.5,2023-12-30 12:00:00
1703952000000,0.7898,0.8156,0.7898,0.8143,9152282.1,2023-12-30 16:00:00
1703966400000,0.8143,0.823,0.8001,0.8082,9835483.5,2023-12-30 20:00:00
1703980800000,0.8085,0.8301,0.7825,0.7997,13173084.3,2023-12-31 00:00:00
1703995200000,0.7995,0.8218,0.7957,0.8216,5928783.0,2023-12-31 04:00:00
1704009600000,0.8213,0.8308,0.8111,0.821,5775608.2,2023-12-31 08:00:00
1704024000000,0.821,0.8272,0.8,0.8028,10369883.7,2023-12-31 12:00:00
1704038400000,0.8023,0.8148,0.8,0.8039,3379217.4,2023-12-31 16:00:00
1704052800000,0.8039,0.806,0.7637,0.7752,6260614.1,2023-12-31 20:00:00
1704067200000,0.7753,0.7918,0.7676,0.7702,6234755.3,2024-01-01 00:00:00
1704081600000,0.7703,0.7741,0.7557,0.7703,7630481.7,2024-01-01 04:00:00
1704096000000,0.7703,0.7846,0.7666,0.7844,7017491.7,2024-01-01 08:00:00
1704110400000,0.7843,0.8073,0.7771,0.8047,6508125.7,2024-01-01 12:00:00
1704124800000,0.805,0.8429,0.7943,0.838,15817241.3,2024-01-01 16:00:00
1704139200000,0.8381,0.8478,0.8333,0.8438,6653775.6,2024-01-01 20:00:00
1704153600000,0.8438,0.8789,0.84,0.8773,13760521.9,2024-01-02 00:00:00
1704168000000,0.8771,0.921,0.8769,0.8891,17130552.6,2024-01-02 04:00:00
1704182400000,0.8889,0.9166,0.863,0.8726,15332797.5,2024-01-02 08:00:00
1704196800000,0.8726,0.8798,0.844,0.8559,13057653.5,2024-01-02 12:00:00
1704211200000,0.8557,0.897,0.85,0.8967,9798901.4,2024-01-02 16:00:00
1704225600000,0.8965,0.932,0.88,0.9062,15575765.5,2024-01-02 20:00:00
1704240000000,0.9061,0.942,0.8804,0.8877,14955480.0,2024-01-03 00:00:00
1704254400000,0.8874,0.9138,0.8809,0.8839,9201909.5,2024-01-03 04:00:00
1704268800000,0.8838,0.8982,0.844,0.8518,12988925.8,2024-01-03 08:00:00
1704283200000,0.8516,0.8518,0.68,0.8292,55504413.5,2024-01-03 12:00:00
1704297600000,0.8291,0.848,0.8,0.833,15104445.3,2024-01-03 16:00:00
1704312000000,0.8329,0.8756,0.8276,0.8437,9763490.6,2024-01-03 20:00:00
1704326400000,0.8433,0.8627,0.82,0.8491,9533110.6,2024-01-04 00:00:00
1704340800000,0.8493,0.8711,0.8244,0.8249,9947390.4,2024-01-04 04:00:00
1704355200000,0.825,0.8304,0.8052,0.8213,9739100.9,2024-01-04 08:00:00
1704369600000,0.8213,0.8644,0.8108,0.8523,16317147.0,2024-01-04 12:00:00
1704384000000,0.8523,0.8577,0.8312,0.8463,9560920.6,2024-01-04 16:00:00
1704398400000,0.8463,0.8673,0.842,0.8535,11113593.8,2024-01-04 20:00:00
1704412800000,0.8538,0.8574,0.785,0.8163,16655582.5,2024-01-05 00:00:00
1704427200000,0.8163,0.8179,0.7984,0.8012,11937769.3,2024-01-05 04:00:00
1704441600000,0.8012,0.8098,0.7762,0.7789,13030964.6,2024-01-05 08:00:00
1704456000000,0.7788,0.825,0.7676,0.8243,18973985.7,2024-01-05 12:00:00
1704470400000,0.8245,0.8514,0.8131,0.843,25577133.7,2024-01-05 16:00:00
1704484800000,0.8431,0.9007,0.8389,0.8999,17427717.9,2024-01-05 20:00:00
1704499200000,0.9,0.9,0.8261,0.8312,17782067.6,2024-01-06 00:00:00
1704513600000,0.8314,0.8525,0.8072,0.8495,22570487.0,2024-01-06 04:00:00
1704528000000,0.8495,0.892,0.8409,0.8815,23522712.9,2024-01-06 08:00:00
1704542400000,0.8813,0.8999,0.8628,0.8681,22187859.6,2024-01-06 12:00:00
1704556800000,0.8685,0.8718,0.8231,0.8281,15942188.7,2024-01-06 16:00:00
1704571200000,0.828,0.8338,0.8183,0.8316,5789824.2,2024-01-06 20:00:00
1704585600000,0.8314,0.8512,0.8209,0.8253,9347731.2,2024-01-07 00:00:00
1704600000000,0.8251,0.8374,0.8202,0.8206,8082450.9,2024-01-07 04:00:00
1704614400000,0.8206,0.843,0.8081,0.8377,9530024.7,2024-01-07 08:00:00
1704628800000,0.8375,0.8611,0.8158,0.823,11904503.5,2024-01-07 12:00:00
1704643200000,0.823,0.8478,0.802,0.8451,10154534.2,2024-01-07 16:00:00
1704657600000,0.8455,0.852,0.7913,0.8002,9653789.1,2024-01-07 20:00:00
1704672000000,0.7998,0.8107,0.7201,0.7442,25418400.1,2024-01-08 00:00:00
1704686400000,0.7441,0.7863,0.7386,0.7684,20499639.9,2024-01-08 04:00:00
1704700800000,0.7684,0.7768,0.7533,0.7738,7614002.7,2024-01-08 08:00:00
1704715200000,0.7735,0.8312,0.7733,0.828,23310465.2,2024-01-08 12:00:00
1704729600000,0.8281,0.8843,0.8273,0.8601,17690978.8,2024-01-08 16:00:00
1704744000000,0.8601,0.8723,0.845,0.8599,7160411.2,2024-01-08 20:00:00
1704758400000,0.86,0.8743,0.8345,0.8432,9278270.5,2024-01-09 00:00:00
1704772800000,0.8432,0.8559,0.836,0.8479,5839885.6,2024-01-09 04:00:00
1704787200000,0.848,0.8586,0.8171,0.8241,10576849.8,2024-01-09 08:00:00
1704801600000,0.8243,0.8485,0.7956,0.8281,15701331.7,2024-01-09 12:00:00
1704816000000,0.8281,0.8306,0.7896,0.7971,10312361.8,2024-01-09 16:00:00
1704830400000,0.7971,0.8074,0.7758,0.7983,16324004.4,2024-01-09 20:00:00
1704844800000,0.7982,0.8266,0.7901,0.8059,8142245.1,2024-01-10 00:00:00
1704859200000,0.806,0.8183,0.7944,0.7953,6469456.3,2024-01-10 04:00:00
1704873600000,0.7954,0.8159,0.7864,0.7947,10573868.4,2024-01-10 08:00:00
1704888000000,0.7949,0.7966,0.7601,0.7862,12604348.1,2024-01-10 12:00:00
1704902400000,0.7864,0.8088,0.7805,0.8002,8026165.1,2024-01-10 16:00:00
1704916800000,0.8001,0.8622,0.7774,0.842,21735286.3,2024-01-10 20:00:00
1704931200000,0.8419,0.93,0.8301,0.9194,32669933.0,2024-01-11 00:00:00
1704945600000,0.9194,0.9836,0.8898,0.9782,33800383.4,2024-01-11 04:00:00
1704960000000,0.978,1.0287,0.9761,1.0211,46038573.4,2024-01-11 08:00:00
1704974400000,1.0215,1.0677,0.966,1.0025,53167889.6,2024-01-11 12:00:00
1704988800000,1.0024,1.1,0.9775,1.098,35310827.1,2024-01-11 16:00:00
1705003200000,1.0974,1.15,1.0551,1.0927,29071287.2,2024-01-11 20:00:00
1705017600000,1.0928,1.1271,1.0434,1.0899,30849184.8,2024-01-12 00:00:00
1705032000000,1.0898,1.1258,1.07,1.1208,25064366.1,2024-01-12 04:00:00
1705046400000,1.1207,1.2177,1.0741,1.1884,42612314.3,2024-01-12 08:00:00
1705060800000,1.1884,1.2266,1.136,1.1652,50281302.6,2024-01-12 12:00:00
1705075200000,1.1652,1.204,1.088,1.1569,46639071.8,2024-01-12 16:00:00
1705089600000,1.1572,1.204,1.098,1.1685,32063158.4,2024-01-12 20:00:00
1705104000000,1.1685,1.2138,1.1196,1.1794,31427022.3,2024-01-13 00:00:00
1705118400000,1.1792,1.2931,1.1684,1.2594,42362425.9,2024-01-13 04:00:00
1705132800000,1.2596,1.3645,1.2557,1.3259,43664460.8,2024-01-13 08:00:00
1705147200000,1.3255,1.3357,1.2256,1.2747,37866814.1,2024-01-13 12:00:00
1705161600000,1.2749,1.3286,1.2483,1.3109,22782830.1,2024-01-13 16:00:00
1705176000000,1.3112,1.3363,1.2849,1.2895,12247793.6,2024-01-13 20:00:00
1705190400000,1.2892,1.314,1.2324,1.2459,18543615.6,2024-01-14 00:00:00
1705204800000,1.2457,1.3209,1.2321,1.2973,15332597.3,2024-01-14 04:00:00
1705219200000,1.2972,1.3536,1.261,1.2715,21567310.0,2024-01-14 08:00:00
1705233600000,1.2717,1.286,1.2483,1.2632,12948834.0,2024-01-14 12:00:00
1705248000000,1.2633,1.2894,1.2377,1.2518,13096386.2,2024-01-14 16:00:00
1705262400000,1.2517,1.31,1.24,1.2506,14814636.2,2024-01-14 20:00:00
1705276800000,1.2508,1.3283,1.25,1.3057,21962841.2,2024-01-15 00:00:00
1705291200000,1.3055,1.4392,1.3049,1.4313,43858960.9,2024-01-15 04:00:00
1705305600000,1.4315,1.4508,1.3958,1.419,23918785.1,2024-01-15 08:00:00
1705320000000,1.4191,1.4323,1.3585,1.3757,24113798.5,2024-01-15 12:00:00
1705334400000,1.3754,1.428,1.3625,1.396,14527277.0,2024-01-15 16:00:00
1705348800000,1.396,1.4016,1.3603,1.3716,9834714.0,2024-01-15 20:00:00
1705363200000,1.3721,1.3986,1.3412,1.3606,12438331.9,2024-01-16 00:00:00
1705377600000,1.361,1.3621,1.2957,1.3088,18521899.0,2024-01-16 04:00:00
1705392000000,1.309,1.3179,1.2813,1.3122,13119279.7,2024-01-16 08:00:00
1705406400000,1.312,1.3128,1.2525,1.2717,18519478.9,2024-01-16 12:00:00
1705420800000,1.2718,1.2823,1.2394,1.2522,11077201.4,2024-01-16 16:00:00
1705435200000,1.2525,1.2822,1.2477,1.2704,9204197.5,2024-01-16 20:00:00
1705449600000,1.2702,1.3299,1.2634,1.293,16807380.3,2024-01-17 00:00:00
1705464000000,1.293,1.3133,1.202,1.2201,22058801.4,2024-01-17 04:00:00
1705478400000,1.2202,1.2548,1.2069,1.2429,12895293.9,2024-01-17 08:00:00
1705492800000,1.2429,1.2786,1.2385,1.2668,10931551.1,2024-01-17 12:00:00
1705507200000,1.267,1.3293,1.261,1.3208,13228681.5,2024-01-17 16:00:00
1705521600000,1.3208,1.3224,1.2737,1.2933,11236479.1,2024-01-17 20:00:00
1705536000000,1.2934,1.3183,1.2505,1.2899,12322497.9,2024-01-18 00:00:00
1705550400000,1.29,1.3472,1.2844,1.3204,14106271.1,2024-01-18 04:00:00
1705564800000,1.3202,1.333,1.2609,1.2695,14728796.1,2024-01-18 08:00:00
1705579200000,1.2695,1.2702,1.2055,1.2131,20182263.9,2024-01-18 12:00:00
1705593600000,1.2129,1.2134,1.1438,1.1558,31016800.7,2024-01-18 16:00:00
1705608000000,1.1557,1.1813,1.1542,1.1586,9790105.1,2024-01-18 20:00:00
1705622400000,1.1586,1.1681,1.1,1.1249,18487314.1,2024-01-19 00:00:00
1705636800000,1.1248,1.1316,1.1109,1.1185,9823863.3,2024-01-19 04:00:00
1705651200000,1.1185,1.1667,1.1109,1.1584,12215960.0,2024-01-19 08:00:00
1705665600000,1.1584,1.1865,1.1212,1.1447,15411340.4,2024-01-19 12:00:00
1705680000000,1.1449,1.1888,1.084,1.171,25052795.6,2024-01-19 16:00:00
1705694400000,1.1708,1.1923,1.1609,1.1659,9976250.5,2024-01-19 20:00:00
1705708800000,1.1659,1.1663,1.1211,1.125,8311079.4,2024-01-20 00:00:00
1705723200000,1.1251,1.1361,1.1023,1.1124,11351141.0,2024-01-20 04:00:00
1705737600000,1.1125,1.1126,1.064,1.0766,19729968.6,2024-01-20 08:00:00
1705752000000,1.0768,1.0891,1.062,1.0684,9181506.0,2024-01-20 12:00:00
1705766400000,1.0682,1.0967,1.057,1.0942,8223592.2,2024-01-20 16:00:00
1705780800000,1.094,1.1072,1.0885,1.1024,5068936.6,2024-01-20 20:00:00
1705795200000,1.1023,1.1256,1.0786,1.1119,7042669.4,2024-01-21 00:00:00
1705809600000,1.1117,1.13,1.0909,1.1095,8145290.3,2024-01-21 04:00:00
1705824000000,1.1098,1.1276,1.1034,1.1101,9788050.7,2024-01-21 08:00:00
1705838400000,1.11,1.1193,1.078,1.082,9406566.5,2024-01-21 12:00:00
1705852800000,1.0818,1.0963,1.0736,1.0808,5880389.6,2024-01-21 16:00:00
1705867200000,1.0809,1.082,1.0552,1.0613,6073081.7,2024-01-21 20:00:00
1705881600000,1.0611,1.0677,1.0074,1.0219,17910292.5,2024-01-22 00:00:00
1705896000000,1.0218,1.0495,1.0127,1.0372,10367794.9,2024-01-22 04:00:00
1705910400000,1.0373,1.079,1.0215,1.0544,16644365.8,2024-01-22 08:00:00
1705924800000,1.0544,1.0946,1.0465,1.0733,17211369.0,2024-01-22 12:00:00
1705939200000,1.0736,1.1134,1.0559,1.0845,20651266.1,2024-01-22 16:00:00
1705953600000,1.0844,1.1312,1.0615,1.0739,18548811.3,2024-01-22 20:00:00
1705968000000,1.0738,1.1064,1.0234,1.0956,20968525.3,2024-01-23 00:00:00
1705982400000,1.0956,1.1297,1.0699,1.0707,21678641.0,2024-01-23 04:00:00
1705996800000,1.0705,1.0935,1.013,1.0799,38593237.7,2024-01-23 08:00:00
1706011200000,1.0804,1.1732,1.0615,1.1529,48044682.1,2024-01-23 12:00:00
1706025600000,1.1531,1.2274,1.1244,1.1362,55735548.3,2024-01-23 16:00:00
1706040000000,1.1364,1.1985,1.1108,1.1859,30803774.8,2024-01-23 20:00:00
1706054400000,1.186,1.196,1.1424,1.1511,19138436.1,2024-01-24 00:00:00
1706068800000,1.1513,1.2273,1.1505,1.2263,28999156.6,2024-01-24 04:00:00
1706083200000,1.2266,1.284,1.2069,1.2674,30661532.3,2024-01-24 08:00:00
1706097600000,1.2675,1.3069,1.242,1.2692,24070247.3,2024-01-24 12:00:00
1706112000000,1.2687,1.3175,1.2593,1.2955,17269078.9,2024-01-24 16:00:00
1706126400000,1.2961,1.3067,1.2644,1.2926,10408913.7,2024-01-24 20:00:00
1706140800000,1.2925,1.294,1.2247,1.2462,15656426.0,2024-01-25 00:00:00
1706155200000,1.2463,1.2898,1.2368,1.2814,16389459.5,2024-01-25 04:00:00
1706169600000,1.2814,1.2866,1.2018,1.2111,16176984.7,2024-01-25 08:00:00
1706184000000,1.2109,1.2224,1.1655,1.1905,21188441.9,2024-01-25 12:00:00
1706198400000,1.1906,1.216,1.1625,1.2085,15222011.1,2024-01-25 16:00:00
1706212800000,1.2086,1.2089,1.1725,1.1785,6557753.0,2024-01-25 20:00:00
1706227200000,1.1785,1.1954,1.1564,1.1745,12973737.7,2024-01-26 00:00:00
1706241600000,1.1745,1.2122,1.1716,1.2033,9775784.4,2024-01-26 04:00:00
1706256000000,1.2034,1.2621,1.1958,1.2554,16013767.3,2024-01-26 08:00:00
1706270400000,1.2557,1.3,1.221,1.2925,21226124.1,2024-01-26 12:00:00
1706284800000,1.2925,1.4487,1.2924,1.4452,39785116.0,2024-01-26 16:00:00
1706299200000,1.445,1.4722,1.404,1.4588,23495463.4,2024-01-26 20:00:00
1706313600000,1.4589,1.496,1.4124,1.4423,24046297.8,2024-01-27 00:00:00
1706328000000,1.4423,1.4612,1.3798,1.387,15693931.3,2024-01-27 04:00:00
1706342400000,1.387,1.4197,1.3725,1.3778,14195539.5,2024-01-27 08:00:00
1706356800000,1.3777,1.418,1.3726,1.3999,13240843.7,2024-01-27 12:00:00
1706371200000,1.3995,1.417,1.3694,1.3983,11016082.3,2024-01-27 16:00:00
1706385600000,1.3982,1.402,1.383,1.3946,4545461.1,2024-01-27 20:00:00
1706400000000,1.3947,1.442,1.3866,1.4396,14536936.0,2024-01-28 00:00:00
1706414400000,1.4393,1.4894,1.4,1.4035,18248394.0,2024-01-28 04:00:00
1706428800000,1.4035,1.42,1.383,1.3913,13262990.4,2024-01-28 08:00:00
1706443200000,1.3912,1.3927,1.33,1.3531,20087982.5,2024-01-28 12:00:00
1706457600000,1.3533,1.3582,1.3271,1.3314,9311662.6,2024-01-28 16:00:00
1706472000000,1.3313,1.3538,1.3101,1.3331,9749360.4,2024-01-28 20:00:00
1706486400000,1.3331,1.4161,1.3272,1.3892,15997290.8,2024-01-29 00:00:00
1706500800000,1.3892,1.4111,1.3827,1.3924,9631565.8,2024-01-29 04:00:00
1706515200000,1.3925,1.4702,1.3918,1.4502,18680439.1,2024-01-29 08:00:00
1706529600000,1.4503,1.4654,1.4031,1.4398,16488395.8,2024-01-29 12:00:00
1706544000000,1.44,1.5882,1.4277,1.5477,41093646.0,2024-01-29 16:00:00
1706558400000,1.5477,1.5769,1.5274,1.5623,12211816.8,2024-01-29 20:00:00
1706572800000,1.5624,1.65,1.5422,1.5997,26926759.3,2024-01-30 00:00:00
1706587200000,1.5996,1.6302,1.577,1.619,14171998.7,2024-01-30 04:00:00
1706601600000,1.619,1.6345,1.5907,1.611,13369844.7,2024-01-30 08:00:00
1706616000000,1.6112,1.6194,1.5288,1.5394,20629136.9,2024-01-30 12:00:00
1706630400000,1.5393,1.5574,1.5142,1.5429,10547415.6,2024-01-30 16:00:00
1706644800000,1.5429,1.5584,1.5204,1.5448,8474892.2,2024-01-30 20:00:00
1706659200000,1.5447,1.5528,1.48,1.5318,19020896.4,2024-01-31 00:00:00
1706673600000,1.5317,1.635,1.5298,1.6307,18433806.2,2024-01-31 04:00:00
1706688000000,1.6307,1.6399,1.5324,1.5676,24159692.9,2024-01-31 08:00:00
1706702400000,1.5676,1.6293,1.5574,1.6059,25324105.2,2024-01-31 12:00:00
1706716800000,1.6058,1.62,1.5602,1.6034,13914151.5,2024-01-31 16:00:00
1706731200000,1.6038,1.6054,1.5173,1.5187,13069519.5,2024-01-31 20:00:00
1706745600000,1.5186,1.5587,1.456,1.4571,20965718.3,2024-02-01 00:00:00
1706760000000,1.4571,1.4975,1.4481,1.4782,18406974.3,2024-02-01 04:00:00
1706774400000,1.4783,1.4854,1.4319,1.4507,14938668.9,2024-02-01 08:00:00
1706788800000,1.4506,1.4979,1.4364,1.4644,12863224.3,2024-02-01 12:00:00
1706803200000,1.4645,1.5498,1.4366,1.5486,16474647.1,2024-02-01 16:00:00
1706817600000,1.5485,1.5679,1.5138,1.5259,7885555.1,2024-02-01 20:00:00
1706832000000,1.5259,1.5454,1.5033,1.5087,9660676.3,2024-02-02 00:00:00
1706846400000,1.5087,1.5171,1.493,1.5078,8841011.9,2024-02-02 04:00:00
1706860800000,1.5078,1.5086,1.4497,1.4744,12119202.3,2024-02-02 08:00:00
1706875200000,1.4743,1.4805,1.4447,1.4722,9733352.2,2024-02-02 12:00:00
1706889600000,1.4722,1.505,1.4564,1.4655,10170131.6,2024-02-02 16:00:00
1706904000000,1.4657,1.4797,1.4574,1.4625,4799954.6,2024-02-02 20:00:00
1706918400000,1.4625,1.4851,1.3986,1.4092,13063020.9,2024-02-03 00:00:00
1706932800000,1.4093,1.423,1.3907,1.3982,9915215.1,2024-02-03 04:00:00
1706947200000,1.398,1.4159,1.3877,1.3996,6065286.7,2024-02-03 08:00:00
1706961600000,1.3996,1.4333,1.3966,1.4237,6562913.8,2024-02-03 12:00:00
1706976000000,1.4237,1.4721,1.4236,1.4526,11204986.9,2024-02-03 16:00:00
1706990400000,1.4526,1.4534,1.4308,1.4377,4551338.4,2024-02-03 20:00:00
1707004800000,1.4376,1.492,1.4237,1.4798,10001121.0,2024-02-04 00:00:00
1707019200000,1.4799,1.4832,1.4554,1.4756,8891004.0,2024-02-04 04:00:00
1707033600000,1.4755,1.52,1.4723,1.5037,12481148.3,2024-02-04 08:00:00
1707048000000,1.5038,1.5333,1.4958,1.5252,8681752.6,2024-02-04 12:00:00
1707062400000,1.5252,1.5403,1.4955,1.4978,7762302.6,2024-02-04 16:00:00
1707076800000,1.4979,1.5096,1.4627,1.4647,9645586.6,2024-02-04 20:00:00
1707091200000,1.4644,1.4794,1.433,1.4688,9391385.2,2024-02-05 00:00:00
1707105600000,1.4689,1.5289,1.4637,1.5167,7599602.3,2024-02-05 04:00:00
1707120000000,1.5166,1.5631,1.5116,1.5445,9089144.0,2024-02-05 08:00:00
1707134400000,1.5442,1.663,1.5403,1.5685,26581780.8,2024-02-05 12:00:00
1707148800000,1.5687,1.6085,1.555,1.5928,12462783.7,2024-02-05 16:00:00
1707163200000,1.5927,1.596,1.5487,1.576,6772203.9,2024-02-05 20:00:00
1707177600000,1.5758,1.6152,1.5532,1.5975,9323460.4,2024-02-06 00:00:00
1707192000000,1.5972,1.5991,1.5401,1.5545,7896468.8,2024-02-06 04:00:00
1707206400000,1.5546,1.5883,1.5186,1.533,15975754.8,2024-02-06 08:00:00
1707220800000,1.533,1.55,1.51,1.5487,7879711.7,2024-02-06 12:00:00
1707235200000,1.5488,1.5642,1.5277,1.553,6342779.8,2024-02-06 16:00:00
1707249600000,1.553,1.5563,1.516,1.5178,6036442.0,2024-02-06 20:00:00
1707264000000,1.5181,1.549,1.514,1.5462,7644731.8,2024-02-07 00:00:00
1707278400000,1.5463,1.5488,1.5118,1.5135,7992990.3,2024-02-07 04:00:00
1707292800000,1.5136,1.5608,1.4861,1.5408,9695164.6,2024-02-07 08:00:00
1707307200000,1.5408,1.5437,1.4945,1.5037,9862117.1,2024-02-07 12:00:00
1707321600000,1.5036,1.5312,1.4993,1.5013,9291494.5,2024-02-07 16:00:00
1707336000000,1.5013,1.5584,1.5013,1.5411,8399802.3,2024-02-07 20:00:00
1707350400000,1.5407,1.587,1.5393,1.5463,8952470.1,2024-02-08 00:00:00
1707364800000,1.5464,1.5576,1.5279,1.5409,5421226.5,2024-02-08 04:00:00
1707379200000,1.5407,1.5503,1.5209,1.5294,7062555.8,2024-02-08 08:00:00
1707393600000,1.5294,1.5601,1.5176,1.5493,8202055.3,2024-02-08 12:00:00
1707408000000,1.5493,1.5551,1.504,1.5123,7710162.7,2024-02-08 16:00:00
1707422400000,1.5123,1.5372,1.5098,1.5262,4652469.3,2024-02-08 20:00:00
1707436800000,1.5261,1.5937,1.5195,1.5667,7959095.7,2024-02-09 00:00:00
1707451200000,1.5667,1.577,1.5525,1.5623,5046465.9,2024-02-09 04:00:00
1707465600000,1.5624,1.5682,1.5435,1.5644,4543624.3,2024-02-09 08:00:00
1707480000000,1.5644,1.6684,1.56,1.6663,25987131.1,2024-02-09 12:00:00
1707494400000,1.6658,1.7883,1.6562,1.776,30214682.6,2024-02-09 16:00:00
1707508800000,1.7759,1.808,1.7522,1.7612,16571002.4,2024-02-09 20:00:00
1707523200000,1.7613,1.8139,1.7612,1.7765,12307070.3,2024-02-10 00:00:00
1707537600000,1.7766,1.7802,1.7286,1.7561,9978675.6,2024-02-10 04:00:00
1707552000000,1.756,1.7633,1.6994,1.713,9661088.0,2024-02-10 08:00:00
1707566400000,1.7131,1.7661,1.706,1.7474,8809840.9,2024-02-10 12:00:00
1707580800000,1.7475,1.7535,1.7076,1.7249,6566623.3,2024-02-10 16:00:00
1707595200000,1.7248,1.7616,1.7192,1.7315,6845993.4,2024-02-10 20:00:00
1707609600000,1.7315,1.7625,1.723,1.7384,8946225.6,2024-02-11 00:00:00
1707624000000,1.7384,1.7987,1.7381,1.7564,6595232.0,2024-02-11 04:00:00
1707638400000,1.7564,1.7689,1.7158,1.729,7530299.1,2024-02-11 08:00:00
1707652800000,1.729,1.7302,1.678,1.6873,9315138.1,2024-02-11 12:00:00
1707667200000,1.6874,1.7199,1.678,1.6959,6085488.1,2024-02-11 16:00:00
1707681600000,1.6959,1.7083,1.6842,1.6945,3381024.6,2024-02-11 20:00:00
1707696000000,1.6944,1.7566,1.6869,1.7381,9967911.6,2024-02-12 00:00:00
1707710400000,1.7382,1.7511,1.7131,1.7353,9066627.7,2024-02-12 04:00:00
1707724800000,1.7353,1.7625,1.7196,1.7577,7463637.2,2024-02-12 08:00:00
1707739200000,1.7575,1.8299,1.7309,1.7793,22491134.4,2024-02-12 12:00:00
1707753600000,1.7796,1.817,1.7629,1.7717,15918634.0,2024-02-12 16:00:00
1707768000000,1.7718,1.778,1.752,1.7619,7604778.0,2024-02-12 20:00:00
1707782400000,1.7619,1.7988,1.728,1.7406,9481684.4,2024-02-13 00:00:00
1707796800000,1.7408,1.7994,1.74,1.7884,7441363.3,2024-02-13 04:00:00
1707811200000,1.7884,1.8614,1.7807,1.8589,15269780.8,2024-02-13 08:00:00
1707825600000,1.8586,1.8796,1.77,1.7841,18248072.4,2024-02-13 12:00:00
1707840000000,1.7841,1.8488,1.763,1.8387,13328390.1,2024-02-13 16:00:00
1707854400000,1.8388,1.8707,1.8317,1.8558,10252999.1,2024-02-13 20:00:00
1707868800000,1.8559,1.8814,1.8163,1.8359,8185019.6,2024-02-14 00:00:00
1707883200000,1.8359,1.8834,1.8126,1.8778,7130956.9,2024-02-14 04:00:00
1707897600000,1.8781,1.9385,1.8606,1.9341,13533792.9,2024-02-14 08:00:00
1707912000000,1.9343,1.974,1.8942,1.9117,14202941.6,2024-02-14 12:00:00
1707926400000,1.9117,1.938,1.8833,1.9214,7728812.8,2024-02-14 16:00:00
1707940800000,1.9215,1.9278,1.9018,1.9054,6067272.1,2024-02-14 20:00:00
1707955200000,1.9052,1.9467,1.8845,1.898,8069841.0,2024-02-15 00:00:00
1707969600000,1.8983,1.8993,1.852,1.8609,7885778.8,2024-02-15 04:00:00
1707984000000,1.8609,1.933,1.8475,1.8994,9820546.7,2024-02-15 08:00:00
1707998400000,1.8994,1.9125,1.835,1.8503,13114079.0,2024-02-15 12:00:00
1708012800000,1.8503,1.865,1.8202,1.8578,11954693.4,2024-02-15 16:00:00
1708027200000,1.8577,1.872,1.8272,1.8629,7001506.3,2024-02-15 20:00:00
1708041600000,1.8628,1.8809,1.8382,1.8642,4496183.3,2024-02-16 00:00:00
1708056000000,1.8643,1.8678,1.8116,1.8167,5595643.6,2024-02-16 04:00:00
1708070400000,1.8169,1.8313,1.7839,1.8127,7643075.6,2024-02-16 08:00:00
1708084800000,1.8126,1.8333,1.7436,1.7888,13652438.5,2024-02-16 12:00:00
1708099200000,1.7888,1.8187,1.7781,1.7844,8137620.5,2024-02-16 16:00:00
1708113600000,1.7844,1.8149,1.7808,1.8072,4044750.8,2024-02-16 20:00:00
1708128000000,1.8074,1.8142,1.7746,1.7788,5395025.6,2024-02-17 00:00:00
1708142400000,1.7787,1.7809,1.7585,1.7732,6130347.3,2024-02-17 04:00:00
1708156800000,1.7732,1.7743,1.7431,1.7564,6416086.5,2024-02-17 08:00:00
1708171200000,1.7563,1.759,1.7022,1.7309,10939425.8,2024-02-17 12:00:00
1708185600000,1.7308,1.7567,1.7236,1.7535,5048144.7,2024-02-17 16:00:00
1708200000000,1.7536,1.7691,1.7468,1.7677,5433391.9,2024-02-17 20:00:00
1708214400000,1.7677,1.7996,1.7419,1.7532,9020604.9,2024-02-18 00:00:00
1708228800000,1.7532,1.775,1.7332,1.7535,6183208.7,2024-02-18 04:00:00
1708243200000,1.7535,1.7868,1.7485,1.785,8757590.3,2024-02-18 08:00:00
1708257600000,1.7851,1.7975,1.7689,1.7851,6904816.1,2024-02-18 12:00:00
1708272000000,1.7851,1.8099,1.7701,1.7855,6204040.6,2024-02-18 16:00:00
1708286400000,1.7854,1.8157,1.77,1.7997,5517553.8,2024-02-18 20:00:00
1708300800000,1.7996,1.8088,1.7731,1.7794,5364282.1,2024-02-19 00:00:00
1708315200000,1.7794,1.8341,1.7635,1.8243,10614513.2,2024-02-19 04:00:00
1708329600000,1.8241,1.8264,1.786,1.7936,7996341.3,2024-02-19 08:00:00
1708344000000,1.7935,1.7943,1.7556,1.7676,7647229.3,2024-02-19 12:00:00
1708358400000,1.7676,1.7805,1.7367,1.7742,7503965.5,2024-02-19 16:00:00
1708372800000,1.7734,1.7897,1.7617,1.7735,4305247.4,2024-02-19 20:00:00
1708387200000,1.7735,1.778,1.7118,1.7215,7869474.2,2024-02-20 00:00:00
1708401600000,1.7216,1.7528,1.7134,1.7428,5097908.9,2024-02-20 04:00:00
1708416000000,1.7429,1.7453,1.69,1.7327,9561227.1,2024-02-20 08:00:00
1708430400000,1.7327,1.7491,1.6177,1.6633,18166344.4,2024-02-20 12:00:00
1708444800000,1.6635,1.6798,1.6232,1.6789,11015865.1,2024-02-20 16:00:00
1708459200000,1.679,1.7399,1.675,1.7169,8122430.2,2024-02-20 20:00:00
1708473600000,1.7168,1.7177,1.6752,1.6849,5027987.5,2024-02-21 00:00:00
1708488000000,1.6852,1.6928,1.6439,1.663,5626516.7,2024-02-21 04:00:00
1708502400000,1.663,1.6747,1.621,1.6323,7626332.8,2024-02-21 08:00:00
1708516800000,1.6323,1.7113,1.6183,1.6998,14919629.3,2024-02-21 12:00:00
1708531200000,1.6998,1.7219,1.6395,1.6595,11559836.1,2024-02-21 16:00:00
1708545600000,1.6594,1.694,1.6455,1.6922,8105046.4,2024-02-21 20:00:00
1708560000000,1.6923,1.6937,1.6389,1.6539,11800820.6,2024-02-22 00:00:00
1708574400000,1.6539,1.7052,1.646,1.6978,10559410.0,2024-02-22 04:00:00
1708588800000,1.6979,1.717,1.673,1.6865,15015373.3,2024-02-22 08:00:00
1708603200000,1.6864,1.7097,1.6553,1.692,15705710.7,2024-02-22 12:00:00
1708617600000,1.6919,1.7644,1.6747,1.7576,14462848.0,2024-02-22 16:00:00
1708632000000,1.7576,1.7722,1.7184,1.7187,12856637.5,2024-02-22 20:00:00
1708646400000,1.7187,1.7481,1.6965,1.7004,11224152.6,2024-02-23 00:00:00
1708660800000,1.7004,1.7171,1.6835,1.693,7908611.8,2024-02-23 04:00:00
1708675200000,1.6929,1.6994,1.6673,1.6835,9531398.8,2024-02-23 08:00:00
1708689600000,1.6835,1.6842,1.6052,1.6091,15339379.2,2024-02-23 12:00:00
1708704000000,1.6091,1.63,1.5646,1.6268,20377152.2,2024-02-23 16:00:00
1708718400000,1.6268,1.6332,1.5884,1.6034,6910882.8,2024-02-23 20:00:00
1708732800000,1.6033,1.6067,1.5524,1.5875,7949653.8,2024-02-24 00:00:00
1708747200000,1.5874,1.6175,1.5839,1.6121,6453950.2,2024-02-24 04:00:00
1708761600000,1.6122,1.6307,1.603,1.6233,6761316.7,2024-02-24 08:00:00
1708776000000,1.6233,1.6362,1.6017,1.6353,7199345.9,2024-02-24 12:00:00
1708790400000,1.6353,1.6667,1.635,1.6558,10069330.7,2024-02-24 16:00:00
1708804800000,1.6558,1.6614,1.6338,1.636,4807431.1,2024-02-24 20:00:00
1708819200000,1.636,1.6467,1.6131,1.6266,5461092.9,2024-02-25 00:00:00
1708833600000,1.6266,1.6428,1.6131,1.6305,6548647.0,2024-02-25 04:00:00
1708848000000,1.6304,1.6375,1.6175,1.6368,4338355.9,2024-02-25 08:00:00
1708862400000,1.6367,1.6466,1.62,1.6222,3937020.0,2024-02-25 12:00:00
1708876800000,1.6221,1.6444,1.6182,1.6341,3034649.8,2024-02-25 16:00:00
1708891200000,1.634,1.6555,1.6334,1.6455,3599444.8,2024-02-25 20:00:00
1708905600000,1.6455,1.65,1.6204,1.647,3589526.0,2024-02-26 00:00:00
1708920000000,1.6469,1.6512,1.6125,1.6144,7099779.6,2024-02-26 04:00:00
1708934400000,1.6144,1.6211,1.5789,1.5941,9032732.3,2024-02-26 08:00:00
1708948800000,1.594,1.63,1.5817,1.6278,7488789.0,2024-02-26 12:00:00
1708963200000,1.6279,1.7167,1.6245,1.7154,16555838.9,2024-02-26 16:00:00
1708977600000,1.7148,1.7161,1.6629,1.6705,7490153.3,2024-02-26 20:00:00
1708992000000,1.6705,1.7047,1.6372,1.6671,12272601.5,2024-02-27 00:00:00
1709006400000,1.6671,1.6767,1.6424,1.6466,7715284.7,2024-02-27 04:00:00
1709020800000,1.6465,1.6793,1.6445,1.6593,11654066.7,2024-02-27 08:00:00
1709035200000,1.6593,1.67,1.6031,1.6119,15077411.6,2024-02-27 12:00:00
1709049600000,1.612,1.6185,1.568,1.6041,14152318.1,2024-02-27 16:00:00
1709064000000,1.6041,1.6206,1.5923,1.6148,5470641.1,2024-02-27 20:00:00
1709078400000,1.615,1.6258,1.602,1.6084,5977535.6,2024-02-28 00:00:00
1709092800000,1.6084,1.6237,1.5991,1.6187,5967521.3,2024-02-28 04:00:00
1709107200000,1.6187,1.7197,1.5858,1.6457,23062241.2,2024-02-28 08:00:00
1709121600000,1.6459,1.6864,1.635,1.6615,14406124.2,2024-02-28 12:00:00
1709136000000,1.6615,1.6949,1.37,1.5411,36181680.5,2024-02-28 16:00:00
1709150400000,1.5411,1.5966,1.5244,1.5834,10453968.6,2024-02-28 20:00:00
1709164800000,1.5836,1.633,1.5698,1.6046,10377755.5,2024-02-29 00:00:00
1709179200000,1.6046,1.6133,1.5689,1.5993,12197406.6,2024-02-29 04:00:00
1709193600000,1.5993,1.7155,1.5917,1.6529,22685601.7,2024-02-29 08:00:00
1709208000000,1.653,1.699,1.6282,1.6748,11111734.3,2024-02-29 12:00:00
1709222400000,1.6751,1.6894,1.6189,1.6776,12870656.2,2024-02-29 16:00:00
1709236800000,1.6777,1.6982,1.59,1.6769,12423757.8,2024-02-29 20:00:00
1709251200000,1.6769,1.7118,1.6525,1.6651,8239757.6,2024-03-01 00:00:00
1709265600000,1.6651,1.7446,1.6613,1.6925,10490787.4,2024-03-01 04:00:00
1709280000000,1.6925,1.7142,1.6774,1.6819,7132585.3,2024-03-01 08:00:00
1709294400000,1.6819,1.73,1.678,1.6919,9992734.1,2024-03-01 12:00:00
1709308800000,1.6919,1.7091,1.6717,1.68,7516913.6,2024-03-01 16:00:00
1709323200000,1.68,1.6962,1.6746,1.6903,5043921.9,2024-03-01 20:00:00
1709337600000,1.6903,1.6993,1.6353,1.677,17282624.5,2024-03-02 00:00:00
1709352000000,1.677,1.677,1.641,1.6603,12760523.0,2024-03-02 04:00:00
1709366400000,1.6606,1.6625,1.6077,1.6111,11539857.9,2024-03-02 08:00:00
1709380800000,1.6115,1.6294,1.5893,1.6025,10086582.3,2024-03-02 12:00:00
1709395200000,1.6024,1.617,1.5869,1.6097,6966344.0,2024-03-02 16:00:00
1709409600000,1.6098,1.6227,1.5945,1.621,5517852.4,2024-03-02 20:00:00
1709424000000,1.6211,1.6219,1.5987,1.6093,6159442.0,2024-03-03 00:00:00
1709438400000,1.6093,1.6283,1.421,1.5416,15138578.6,2024-03-03 04:00:00
1709452800000,1.5417,1.5727,1.523,1.5692,10706063.2,2024-03-03 08:00:00
1709467200000,1.5693,1.5876,1.56,1.5741,6379938.2,2024-03-03 12:00:00
1709481600000,1.5741,1.5809,1.5631,1.5682,5216156.6,2024-03-03 16:00:00
1709496000000,1.5682,1.5722,1.554,1.559,3436777.3,2024-03-03 20:00:00
1709510400000,1.5592,1.591,1.5244,1.531,7085662.0,2024-03-04 00:00:00
1709524800000,1.5313,1.55,1.5282,1.5317,5254961.2,2024-03-04 04:00:00
1709539200000,1.5317,1.5539,1.4987,1.5146,12830789.4,2024-03-04 08:00:00
1709553600000,1.5146,1.5339,1.47,1.5111,17886840.2,2024-03-04 12:00:00
1709568000000,1.5113,1.5189,1.4333,1.4959,18539365.4,2024-03-04 16:00:00
1709582400000,1.496,1.5126,1.4754,1.4868,6636264.2,2024-03-04 20:00:00
1709596800000,1.4869,1.4872,1.451,1.469,9728384.3,2024-03-05 00:00:00
1709611200000,1.4689,1.5866,1.4685,1.529,46360395.3,2024-03-05 04:00:00
1709625600000,1.529,1.5498,1.5045,1.5306,12888494.4,2024-03-05 08:00:00
1709640000000,1.5306,1.5436,1.4612,1.5055,13680399.4,2024-03-05 12:00:00
1709654400000,1.5054,1.5611,1.212,1.3191,29874469.3,2024-03-05 16:00:00
1709668800000,1.3185,1.4055,1.283,1.3962,21490059.8,2024-03-05 20:00:00
1709683200000,1.3962,1.4185,1.3585,1.4181,10972048.7,2024-03-06 00:00:00
1709697600000,1.4182,1.505,1.4161,1.473,21793229.3,2024-03-06 04:00:00
1709712000000,1.473,1.5097,1.445,1.4597,20306954.8,2024-03-06 08:00:00
1709726400000,1.4597,1.4609,1.3912,1.4285,20196978.5,2024-03-06 12:00:00
1709740800000,1.4285,1.4476,1.4186,1.4378,10426275.3,2024-03-06 16:00:00
1709755200000,1.4378,1.4855,1.43,1.4749,12343074.2,2024-03-06 20:00:00
1709769600000,1.475,1.548,1.4711,1.5298,15036257.1,2024-03-07 00:00:00
1709784000000,1.5297,1.602,1.5029,1.5427,23318189.9,2024-03-07 04:00:00
1709798400000,1.5428,1.5522,1.5214,1.5337,12162646.4,2024-03-07 08:00:00
1709812800000,1.5336,1.5528,1.5129,1.5373,14576797.3,2024-03-07 12:00:00
1709827200000,1.5374,1.5451,1.5163,1.5248,7854950.6,2024-03-07 16:00:00
1709841600000,1.5249,1.62,1.5106,1.5799,15003907.3,2024-03-07 20:00:00
1709856000000,1.58,1.6024,1.5523,1.5565,10040129.6,2024-03-08 00:00:00
1709870400000,1.5566,1.5891,1.5451,1.5567,9610397.3,2024-03-08 04:00:00
1709884800000,1.5567,1.5725,1.537,1.5467,9109269.1,2024-03-08 08:00:00
1709899200000,1.5466,1.5587,1.453,1.5083,15296996.3,2024-03-08 12:00:00
1709913600000,1.5078,1.5297,1.4791,1.5238,12190326.2,2024-03-08 16:00:00
1709928000000,1.5238,1.5574,1.5165,1.5439,5462518.4,2024-03-08 20:00:00
1709942400000,1.5438,1.5449,1.5187,1.5344,6976006.6,2024-03-09 00:00:00
1709956800000,1.5345,1.5521,1.5246,1.5482,5673938.7,2024-03-09 04:00:00
1709971200000,1.5482,1.58,1.5222,1.5754,11045775.5,2024-03-09 08:00:00
1709985600000,1.5754,1.6715,1.5749,1.6675,28491099.5,2024-03-09 12:00:00
1710000000000,1.6673,1.6674,1.5934,1.5962,15361253.2,2024-03-09 16:00:00
1710014400000,1.5963,1.61,1.57,1.5838,7597730.3,2024-03-09 20:00:00
1710028800000,1.5839,1.652,1.5788,1.6119,12809464.5,2024-03-10 00:00:00
1710043200000,1.6119,1.6289,1.593,1.6285,8305928.9,2024-03-10 04:00:00
1710057600000,1.6285,1.6317,1.5731,1.5837,11853056.4,2024-03-10 08:00:00
1710072000000,1.5837,1.5837,1.5303,1.5474,12326179.2,2024-03-10 12:00:00
1710086400000,1.5475,1.563,1.5449,1.5582,5911114.0,2024-03-10 16:00:00
1710100800000,1.5581,1.5631,1.5161,1.5553,6966127.9,2024-03-10 20:00:00
1710115200000,1.5552,1.5697,1.475,1.5401,15077416.6,2024-03-11 00:00:00
1710129600000,1.54,1.5671,1.5222,1.5605,8692980.5,2024-03-11 04:00:00
1710144000000,1.5606,1.5925,1.5434,1.5532,8948557.6,2024-03-11 08:00:00
1710158400000,1.5535,1.57,1.5315,1.5434,10057321.3,2024-03-11 12:00:00
1710172800000,1.5434,1.5614,1.523,1.5503,13043916.6,2024-03-11 16:00:00
1710187200000,1.5503,1.5811,1.5477,1.5717,5555117.7,2024-03-11 20:00:00
1710201600000,1.5718,1.6254,1.57,1.6018,10272639.1,2024-03-12 00:00:00
1710216000000,1.6019,1.6155,1.5469,1.5507,11371486.0,2024-03-12 04:00:00
1710230400000,1.5507,1.5557,1.4995,1.5267,11530942.5,2024-03-12 08:00:00
1710244800000,1.5266,1.5648,1.5014,1.5552,17246696.3,2024-03-12 12:00:00
1710259200000,1.5552,1.6347,1.43,1.613,29654587.5,2024-03-12 16:00:00
1710273600000,1.6129,1.6141,1.566,1.5993,7213045.1,2024-03-12 20:00:00
1710288000000,1.5994,1.697,1.5886,1.629,18832857.7,2024-03-13 00:00:00
1710302400000,1.6289,1.6481,1.6104,1.628,9365124.4,2024-03-13 04:00:00
1710316800000,1.628,1.6344,1.6,1.6016,8028174.0,2024-03-13 08:00:00
1710331200000,1.6017,1.6228,1.5702,1.6049,18242002.7,2024-03-13 12:00:00
1710345600000,1.605,1.6222,1.5925,1.6058,8828165.5,2024-03-13 16:00:00
1710360000000,1.6058,1.6259,1.5935,1.6212,6607444.6,2024-03-13 20:00:00
1710374400000,1.6213,1.6602,1.614,1.6456,11627570.9,2024-03-14 00:00:00
1710388800000,1.6453,1.6515,1.5993,1.6101,11407582.6,2024-03-14 04:00:00
1710403200000,1.6101,1.6273,1.5632,1.5825,11369770.7,2024-03-14 08:00:00
1710417600000,1.5825,1.5886,1.5052,1.5262,20075139.2,2024-03-14 12:00:00
1710432000000,1.5262,1.5518,1.472,1.507,17300480.6,2024-03-14 16:00:00
1710446400000,1.507,1.5726,1.5046,1.5672,9123237.3,2024-03-14 20:00:00
1710460800000,1.5672,1.5822,1.3929,1.4715,23415996.5,2024-03-15 00:00:00
1710475200000,1.4716,1.4878,1.4368,1.4747,12684470.4,2024-03-15 04:00:00
1710489600000,1.4748,1.4751,1.3386,1.4169,26173903.5,2024-03-15 08:00:00
1710504000000,1.4167,1.442,1.3835,1.4209,27149330.2,2024-03-15 12:00:00
1710518400000,1.4213,1.4658,1.4044,1.426,14523234.0,2024-03-15 16:00:00
1710532800000,1.426,1.497,1.3907,1.4927,14435648.7,2024-03-15 20:00:00
1710547200000,1.4927,1.6668,1.485,1.6273,44196175.5,2024-03-16 00:00:00
1710561600000,1.6273,1.6761,1.5819,1.6363,23246057.6,2024-03-16 04:00:00
1710576000000,1.6365,1.72,1.6212,1.6255,24739291.2,2024-03-16 08:00:00
1710590400000,1.6252,1.6496,1.5355,1.646,26436263.8,2024-03-16 12:00:00
1710604800000,1.6458,1.708,1.5363,1.596,41100388.7,2024-03-16 16:00:00
1710619200000,1.596,1.6526,1.5478,1.6342,29428735.4,2024-03-16 20:00:00
1710633600000,1.6341,1.6388,1.5114,1.5556,22265609.7,2024-03-17 00:00:00
1710648000000,1.5555,1.5585,1.4351,1.465,17080194.0,2024-03-17 04:00:00
1710662400000,1.4651,1.5566,1.4589,1.5202,19306704.8,2024-03-17 08:00:00
1710676800000,1.5204,1.5646,1.5,1.5554,17392304.3,2024-03-17 12:00:00
1710691200000,1.5553,1.5715,1.5353,1.5589,10540309.8,2024-03-17 16:00:00
1710705600000,1.5588,1.6185,1.5507,1.6185,12040238.8,2024-03-17 20:00:00
1710720000000,1.6185,1.6564,1.5578,1.6226,20033817.5,2024-03-18 00:00:00
1710734400000,1.6228,1.754,1.6063,1.7375,25895916.1,2024-03-18 04:00:00
1710748800000,1.7376,1.7377,1.6435,1.6458,24742196.9,2024-03-18 08:00:00
1710763200000,1.6458,1.6715,1.5814,1.5877,23126769.4,2024-03-18 12:00:00
1710777600000,1.5876,1.65,1.5177,1.533,26728046.7,2024-03-18 16:00:00
1710792000000,1.5332,1.567,1.5192,1.5236,12384000.6,2024-03-18 20:00:00
1710806400000,1.5236,1.5543,1.4463,1.4939,23893091.5,2024-03-19 00:00:00
1710820800000,1.4934,1.5583,1.43,1.5506,25740758.5,2024-03-19 04:00:00
1710835200000,1.551,1.6264,1.51,1.6183,35326980.4,2024-03-19 08:00:00
1710849600000,1.6183,1.7349,1.5854,1.7102,41877710.0,2024-03-19 12:00:00
1710864000000,1.7107,1.7371,1.6702,1.6883,23939042.4,2024-03-19 16:00:00
1710878400000,1.6884,1.6978,1.6041,1.6464,29224680.8,2024-03-19 20:00:00
1710892800000,1.6463,1.652,1.5498,1.5563,25947351.4,2024-03-20 00:00:00
1710907200000,1.5563,1.5804,1.4994,1.5729,20982639.6,2024-03-20 04:00:00
1710921600000,1.5729,1.6221,1.555,1.5953,17794598.9,2024-03-20 08:00:00
1710936000000,1.5953,1.6199,1.5445,1.5494,23133953.0,2024-03-20 12:00:00
1710950400000,1.5494,1.6624,1.512,1.6352,33959408.6,2024-03-20 16:00:00
1710964800000,1.6352,1.78,1.6317,1.7537,24365534.6,2024-03-20 20:00:00
1710979200000,1.7537,1.877,1.7404,1.8347,28937814.2,2024-03-21 00:00:00
1710993600000,1.8347,1.8914,1.7868,1.8514,21685731.9,2024-03-21 04:00:00
1711008000000,1.8515,1.8944,1.8232,1.8615,16348784.3,2024-03-21 08:00:00
1711022400000,1.8614,1.9486,1.8363,1.8445,23011889.4,2024-03-21 12:00:00
1711036800000,1.8444,1.887,1.8145,1.8356,18262677.1,2024-03-21 16:00:00
1711051200000,1.8356,1.865,1.8027,1.8264,9698827.7,2024-03-21 20:00:00
1711065600000,1.8264,1.8264,1.7737,1.7963,10668912.9,2024-03-22 00:00:00
1711080000000,1.7963,1.8307,1.7907,1.8246,7676395.9,2024-03-22 04:00:00
1711094400000,1.8246,1.8319,1.76,1.7909,12956674.0,2024-03-22 08:00:00
1711108800000,1.7909,1.831,1.7401,1.7969,19800645.1,2024-03-22 12:00:00
1711123200000,1.7971,1.8061,1.7427,1.7572,9013820.4,2024-03-22 16:00:00
1711137600000,1.7572,1.7582,1.6837,1.7313,8000695.3,2024-03-22 20:00:00
1711152000000,1.7312,1.738,1.67,1.6774,8129923.1,2024-03-23 00:00:00
1711166400000,1.6773,1.7295,1.675,1.7106,6334385.3,2024-03-23 04:00:00
1711180800000,1.7104,1.7164,1.6795,1.6933,6343036.6,2024-03-23 08:00:00
1711195200000,1.6933,1.7183,1.6857,1.6921,6624532.3,2024-03-23 12:00:00
1711209600000,1.692,1.7089,1.6608,1.674,7392207.6,2024-03-23 16:00:00
1711224000000,1.674,1.6766,1.6412,1.6445,4974873.7,2024-03-23 20:00:00
1711238400000,1.6447,1.6634,1.6417,1.649,4463174.3,2024-03-24 00:00:00
1711252800000,1.649,1.658,1.6186,1.6284,5335206.0,2024-03-24 04:00:00
1711267200000,1.6285,1.6533,1.6236,1.6455,5675091.0,2024-03-24 08:00:00
1711281600000,1.6454,1.6796,1.6353,1.6749,6535542.1,2024-03-24 12:00:00
1711296000000,1.6747,1.6756,1.6288,1.6568,5069671.2,2024-03-24 16:00:00
1711310400000,1.6567,1.6989,1.6498,1.6783,6162729.3,2024-03-24 20:00:00
1711324800000,1.6787,1.6939,1.6587,1.6881,3780142.6,2024-03-25 00:00:00
1711339200000,1.688,1.717,1.6774,1.7008,7017043.6,2024-03-25 04:00:00
1711353600000,1.7007,1.7246,1.6672,1.6725,6590798.1,2024-03-25 08:00:00
1711368000000,1.6726,1.7257,1.6544,1.7165,10811447.7,2024-03-25 12:00:00
1711382400000,1.7166,1.7478,1.7078,1.7292,6894738.0,2024-03-25 16:00:00
1711396800000,1.7292,1.7411,1.6972,1.7036,5213709.6,2024-03-25 20:00:00
1711411200000,1.7035,1.7618,1.6966,1.7561,7181372.1,2024-03-26 00:00:00
1711425600000,1.7561,1.7867,1.7541,1.7642,7541703.7,2024-03-26 04:00:00
1711440000000,1.7643,1.8162,1.7571,1.8145,7379864.1,2024-03-26 08:00:00
1711454400000,1.8145,1.8319,1.7336,1.8179,19161396.8,2024-03-26 12:00:00
1711468800000,1.8179,1.886,1.7749,1.8623,21006821.1,2024-03-26 16:00:00
1711483200000,1.8629,1.897,1.85,1.8858,8930700.2,2024-03-26 20:00:00
1711497600000,1.8859,2.0909,1.8557,2.0462,33082841.1,2024-03-27 00:00:00
1711512000000,2.0465,2.0755,1.9795,2.001,20638405.5,2024-03-27 04:00:00
1711526400000,2.0008,2.08,1.9192,2.0723,30708762.4,2024-03-27 08:00:00
1711540800000,2.0721,2.1592,1.991,2.1074,35742370.1,2024-03-27 12:00:00
1711555200000,2.1079,2.1829,2.09,2.1366,19888945.5,2024-03-27 16:00:00
1711569600000,2.1365,2.1694,2.0707,2.0754,11745130.8,2024-03-27 20:00:00
1711584000000,2.0754,2.1675,1.973,2.0166,29459140.9,2024-03-28 00:00:00
1711598400000,2.0161,2.0427,1.9928,2.0172,11192970.1,2024-03-28 04:00:00
1711612800000,2.0174,2.0494,1.9804,1.9921,12513713.4,2024-03-28 08:00:00
1711627200000,1.9921,2.0415,1.9588,1.9816,12324849.1,2024-03-28 12:00:00
1711641600000,1.9825,2.0061,1.9769,1.9981,4954268.3,2024-03-28 16:00:00
1711656000000,1.9983,2.0286,1.9826,2.0219,6360175.0,2024-03-28 20:00:00
1711670400000,2.0219,2.1379,2.0043,2.1315,17522090.8,2024-03-29 00:00:00
1711684800000,2.1319,2.1472,2.0669,2.0829,14257288.7,2024-03-29 04:00:00
1711699200000,2.0828,2.1312,2.0012,2.0109,12460868.9,2024-03-29 08:00:00
1711713600000,2.011,2.0201,1.9361,1.9452,14284505.1,2024-03-29 12:00:00
1711728000000,1.9452,1.9563,1.9321,1.9413,5553867.8,2024-03-29 16:00:00
1711742400000,1.9415,1.9415,1.9015,1.903,5836601.7,2024-03-29 20:00:00
1711756800000,1.903,1.945,1.8741,1.9294,9371322.3,2024-03-30 00:00:00
1711771200000,1.9292,1.9487,1.9104,1.9182,5090454.2,2024-03-30 04:00:00
1711785600000,1.9183,1.9285,1.8897,1.9041,5246003.1,2024-03-30 08:00:00
1711800000000,1.9041,1.9554,1.8927,1.9297,6363839.9,2024-03-30 12:00:00
1711814400000,1.9297,1.9466,1.9003,1.9122,3835252.0,2024-03-30 16:00:00
1711828800000,1.912,1.9128,1.8661,1.8805,3483617.0,2024-03-30 20:00:00
1711843200000,1.8805,1.923,1.8689,1.9016,4005762.0,2024-03-31 00:00:00
1711857600000,1.9017,1.905,1.8678,1.8827,4632335.4,2024-03-31 04:00:00
1711872000000,1.8826,1.8865,1.8651,1.8804,2934735.1,2024-03-31 08:00:00
1711886400000,1.8805,1.8993,1.8741,1.8794,3266071.8,2024-03-31 12:00:00
1711900800000,1.8792,1.918,1.8768,1.9147,3249015.7,2024-03-31 16:00:00
1711915200000,1.9147,1.9263,1.9,1.9137,4386875.4,2024-03-31 20:00:00
1711929600000,1.9143,1.9629,1.9017,1.919,8926489.7,2024-04-01 00:00:00
1711944000000,1.919,1.942,1.8,1.8878,15243583.1,2024-04-01 04:00:00
1711958400000,1.8882,1.9862,1.8542,1.9671,16823598.8,2024-04-01 08:00:00
1711972800000,1.9671,2.0263,1.9238,1.9431,24832613.8,2024-04-01 12:00:00
1711987200000,1.9428,1.9698,1.8749,1.9306,19224747.3,2024-04-01 16:00:00
1712001600000,1.9306,1.9676,1.9267,1.9398,5618088.4,2024-04-01 20:00:00
1712016000000,1.9399,2.0054,1.8333,1.915,23741708.2,2024-04-02 00:00:00
1712030400000,1.9151,1.9239,1.8141,1.8168,13328870.3,2024-04-02 04:00:00
1712044800000,1.8167,1.8239,1.7268,1.7535,15554365.2,2024-04-02 08:00:00
1712059200000,1.7535,1.7981,1.7286,1.748,9635821.9,2024-04-02 12:00:00
1712073600000,1.7482,1.7844,1.731,1.7673,6011411.0,2024-04-02 16:00:00
1712088000000,1.7666,1.7743,1.7317,1.733,4394342.7,2024-04-02 20:00:00
1712102400000,1.7331,1.7616,1.6643,1.7396,9557795.2,2024-04-03 00:00:00
1712116800000,1.7395,1.7625,1.7313,1.7343,7297836.5,2024-04-03 04:00:00
1712131200000,1.7339,1.7655,1.7186,1.7312,7915597.2,2024-04-03 08:00:00
1712145600000,1.7313,1.751,1.69,1.7113,10685789.4,2024-04-03 12:00:00
1712160000000,1.7113,1.7178,1.6597,1.6739,6914314.9,2024-04-03 16:00:00
1712174400000,1.6739,1.679,1.6363,1.6681,4646448.6,2024-04-03 20:00:00
1712188800000,1.6682,1.7028,1.6574,1.6827,4333990.7,2024-04-04 00:00:00
1712203200000,1.683,1.7106,1.6689,1.6865,4154792.6,2024-04-04 04:00:00
1712217600000,1.6873,1.7097,1.6835,1.7013,2989803.8,2024-04-04 08:00:00
1712232000000,1.701,1.7389,1.6982,1.7247,6985616.6,2024-04-04 12:00:00
1712246400000,1.725,1.743,1.7044,1.7066,3940717.7,2024-04-04 16:00:00
1712260800000,1.7067,1.7088,1.6615,1.6839,5814182.1,2024-04-04 20:00:00
1712275200000,1.6839,1.684,1.6067,1.6305,7485097.0,2024-04-05 00:00:00
1712289600000,1.6301,1.6307,1.5754,1.5828,6492577.2,2024-04-05 04:00:00
1712304000000,1.5829,1.6014,1.5515,1.5526,6815474.4,2024-04-05 08:00:00
1712318400000,1.5529,1.6214,1.5406,1.6174,9456024.3,2024-04-05 12:00:00
1712332800000,1.6174,1.6271,1.6006,1.6123,2155148.4,2024-04-05 16:00:00
1712347200000,1.6127,1.6274,1.6075,1.6075,1571843.4,2024-04-05 20:00:00
1712361600000,1.6077,1.6298,1.6004,1.6241,3184991.8,2024-04-06 00:00:00
1712376000000,1.6243,1.6445,1.616,1.6294,3244526.0,2024-04-06 04:00:00
1712390400000,1.6294,1.6432,1.6181,1.6193,2731430.1,2024-04-06 08:00:00
1712404800000,1.6188,1.6325,1.606,1.6303,2611117.3,2024-04-06 12:00:00
1712419200000,1.6304,1.6338,1.6083,1.6104,1929058.9,2024-04-06 16:00:00
1712433600000,1.6101,1.6434,1.6086,1.6248,2329912.7,2024-04-06 20:00:00
1712448000000,1.6247,1.6622,1.6188,1.6622,3434487.1,2024-04-07 00:00:00
1712462400000,1.6622,1.6682,1.62,1.6285,8100724.7,2024-04-07 04:00:00
1712476800000,1.6284,1.6408,1.617,1.6405,2698227.0,2024-04-07 08:00:00
1712491200000,1.6404,1.6619,1.6351,1.6375,4210712.9,2024-04-07 12:00:00
1712505600000,1.6376,1.6532,1.6218,1.6243,3398953.2,2024-04-07 16:00:00
1712520000000,1.6243,1.6422,1.6185,1.6421,2154344.8,2024-04-07 20:00:00
1712534400000,1.6419,1.6706,1.6189,1.6268,4427184.8,2024-04-08 00:00:00
1712548800000,1.6267,1.6606,1.6207,1.6551,2251968.0,2024-04-08 04:00:00
1712563200000,1.6552,1.6971,1.6531,1.6896,9287114.8,2024-04-08 08:00:00
1712577600000,1.6898,1.7032,1.6689,1.6866,6800197.1,2024-04-08 12:00:00
1712592000000,1.6865,1.6978,1.67,1.6848,3723285.2,2024-04-08 16:00:00
1712606400000,1.6849,1.7225,1.6808,1.7099,2433592.7,2024-04-08 20:00:00
1712620800000,1.7096,1.7188,1.6705,1.6766,4937382.0,2024-04-09 00:00:00
1712635200000,1.6759,1.6902,1.6415,1.6443,5199040.6,2024-04-09 04:00:00
1712649600000,1.6442,1.66,1.6198,1.6395,7026009.9,2024-04-09 08:00:00
1712664000000,1.6394,1.6444,1.5691,1.5963,9773920.8,2024-04-09 12:00:00
1712678400000,1.5964,1.617,1.5777,1.6036,3328048.8,2024-04-09 16:00:00
1712692800000,1.6036,1.6094,1.5708,1.5748,4925518.8,2024-04-09 20:00:00
1712707200000,1.5745,1.5841,1.5151,1.5498,7217383.2,2024-04-10 00:00:00
1712721600000,1.5499,1.5699,1.5419,1.5638,3312180.9,2024-04-10 04:00:00
1712736000000,1.5637,1.5637,1.4798,1.5224,18799469.3,2024-04-10 08:00:00
1712750400000,1.5225,1.5258,1.46,1.5071,11213768.5,2024-04-10 12:00:00
1712764800000,1.5071,1.537,1.4931,1.5155,6232631.1,2024-04-10 16:00:00
1712779200000,1.5156,1.5331,1.5101,1.5216,3513138.4,2024-04-10 20:00:00
1712793600000,1.5217,1.5297,1.5095,1.518,3601595.2,2024-04-11 00:00:00
1712808000000,1.518,1.5531,1.5051,1.5424,3781421.7,2024-04-11 04:00:00
1712822400000,1.5423,1.5604,1.4852,1.4898,8087926.8,2024-04-11 08:00:00
1712836800000,1.4898,1.5182,1.4804,1.4894,9900947.1,2024-04-11 12:00:00
1712851200000,1.4894,1.5074,1.4753,1.4992,4869147.3,2024-04-11 16:00:00
1712865600000,1.4995,1.5108,1.4804,1.4904,3196923.3,2024-04-11 20:00:00
1712880000000,1.4904,1.5118,1.4841,1.5059,3231824.1,2024-04-12 00:00:00
1712894400000,1.5055,1.5144,1.4701,1.4748,3385816.7,2024-04-12 04:00:00
1712908800000,1.4748,1.4831,1.4572,1.4703,5949531.4,2024-04-12 08:00:00
1712923200000,1.4705,1.4708,1.4071,1.4071,10214195.6,2024-04-12 12:00:00
1712937600000,1.4071,1.4173,1.04,1.1848,55107653.6,2024-04-12 16:00:00
1712952000000,1.185,1.2479,1.1805,1.2394,13685951.2,2024-04-12 20:00:00
1712966400000,1.2395,1.2455,1.1706,1.2074,12195484.3,2024-04-13 00:00:00
1712980800000,1.2073,1.2417,1.1971,1.2282,7376893.4,2024-04-13 04:00:00
1712995200000,1.2283,1.2461,1.2076,1.2274,7866739.6,2024-04-13 08:00:00
1713009600000,1.2273,1.2453,1.2105,1.2137,7680023.3,2024-04-13 12:00:00
1713024000000,1.2138,1.2192,1.0055,1.0411,38276656.5,2024-04-13 16:00:00
1713038400000,1.0425,1.0798,0.8856,1.0611,52458059.4,2024-04-13 20:00:00
1713052800000,1.0612,1.08,1.0246,1.0707,17072487.3,2024-04-14 00:00:00
1713067200000,1.0708,1.1611,1.063,1.1592,13498874.4,2024-04-14 04:00:00
1713081600000,1.1595,1.167,1.118,1.126,11782309.0,2024-04-14 08:00:00
1713096000000,1.1259,1.1573,1.0987,1.1399,19365537.5,2024-04-14 12:00:00
1713110400000,1.14,1.1839,1.106,1.1532,26689042.9,2024-04-14 16:00:00
1713124800000,1.1532,1.2097,1.1213,1.1985,9093609.1,2024-04-14 20:00:00
1713139200000,1.1983,1.1983,1.1566,1.1694,7319766.8,2024-04-15 00:00:00
1713153600000,1.1694,1.252,1.1526,1.2321,11820020.8,2024-04-15 04:00:00
1713168000000,1.2321,1.285,1.2177,1.2719,11460360.3,2024-04-15 08:00:00
1713182400000,1.272,1.2982,1.2028,1.2258,16334997.5,2024-04-15 12:00:00
1713196800000,1.2259,1.2306,1.1152,1.1791,20130887.2,2024-04-15 16:00:00
1713211200000,1.1796,1.1864,1.1472,1.1716,5338087.1,2024-04-15 20:00:00
1713225600000,1.1716,1.1835,1.1332,1.1422,7057884.4,2024-04-16 00:00:00
1713240000000,1.1427,1.1993,1.105,1.1939,11550754.8,2024-04-16 04:00:00
1713254400000,1.194,1.21,1.1391,1.1978,13448021.6,2024-04-16 08:00:00
1713268800000,1.1976,1.1999,1.1334,1.1402,14504399.6,2024-04-16 12:00:00
1713283200000,1.1401,1.2112,1.1356,1.1843,10296269.1,2024-04-16 16:00:00
1713297600000,1.184,1.2335,1.1805,1.2239,5307513.3,2024-04-16 20:00:00
1713312000000,1.2239,1.239,1.2075,1.2152,6361770.1,2024-04-17 00:00:00
1713326400000,1.2152,1.242,1.2023,1.222,6706612.5,2024-04-17 04:00:00
1713340800000,1.2221,1.2306,1.1837,1.1852,5133323.0,2024-04-17 08:00:00
1713355200000,1.1853,1.2826,1.177,1.2579,28172055.7,2024-04-17 12:00:00
1713369600000,1.2578,1.3578,1.2283,1.33,21056301.4,2024-04-17 16:00:00
1713384000000,1.33,1.3374,1.2523,1.2598,10167208.9,2024-04-17 20:00:00
1713398400000,1.2598,1.2885,1.2212,1.2587,11914775.3,2024-04-18 00:00:00
1713412800000,1.2588,1.285,1.2073,1.2176,11120240.9,2024-04-18 04:00:00
1713427200000,1.2175,1.2628,1.2053,1.2449,10009544.2,2024-04-18 08:00:00
1713441600000,1.2446,1.2565,1.2079,1.233,14170591.5,2024-04-18 12:00:00
1713456000000,1.233,1.2488,1.1984,1.2418,8403210.7,2024-04-18 16:00:00
1713470400000,1.2418,1.26,1.2354,1.2552,3262131.4,2024-04-18 20:00:00
1713484800000,1.2553,1.2553,1.1347,1.2044,14535172.0,2024-04-19 00:00:00
1713499200000,1.2046,1.2719,1.2023,1.2545,11445562.4,2024-04-19 04:00:00
1713513600000,1.2548,1.3057,1.2525,1.2938,9743607.3,2024-04-19 08:00:00
1713528000000,1.2938,1.3376,1.2871,1.3087,14231353.3,2024-04-19 12:00:00
1713542400000,1.3085,1.391,1.3061,1.384,13858249.4,2024-04-19 16:00:00
1713556800000,1.3837,1.3883,1.3112,1.3334,6507314.7,2024-04-19 20:00:00
1713571200000,1.3331,1.3455,1.3048,1.3267,7173785.5,2024-04-20 00:00:00
1713585600000,1.3268,1.3775,1.321,1.3648,5713860.2,2024-04-20 04:00:00
1713600000000,1.3646,1.3647,1.3211,1.3269,4815011.1,2024-04-20 08:00:00
1713614400000,1.3267,1.3687,1.3256,1.364,5188736.6,2024-04-20 12:00:00
1713628800000,1.3638,1.3995,1.3505,1.3934,7450164.3,2024-04-20 16:00:00
1713643200000,1.3946,1.4354,1.3878,1.4272,5325500.7,2024-04-20 20:00:00
1713657600000,1.427,1.4448,1.4,1.4075,6504696.0,2024-04-21 00:00:00
1713672000000,1.4075,1.4093,1.389,1.407,3471017.9,2024-04-21 04:00:00
1713686400000,1.4065,1.4153,1.3835,1.3894,4527162.5,2024-04-21 08:00:00
1713700800000,1.3891,1.3939,1.3569,1.3776,4614215.2,2024-04-21 12:00:00
1713715200000,1.3778,1.3788,1.3407,1.368,4515537.1,2024-04-21 16:00:00
1713729600000,1.3679,1.3902,1.3635,1.3706,2860275.2,2024-04-21 20:00:00
1713744000000,1.3701,1.4061,1.3542,1.3953,6853674.5,2024-04-22 00:00:00
1713758400000,1.3955,1.4233,1.394,1.4092,5218805.5,2024-04-22 04:00:00
1713772800000,1.4093,1.44,1.3883,1.4131,7026623.5,2024-04-22 08:00:00
1713787200000,1.4131,1.4218,1.381,1.3943,5225842.2,2024-04-22 12:00:00
1713801600000,1.394,1.4306,1.3863,1.39,9216925.2,2024-04-22 16:00:00
1713816000000,1.3902,1.4034,1.3825,1.3925,4085226.8,2024-04-22 20:00:00
1713830400000,1.3924,1.4169,1.3703,1.3735,4767692.0,2024-04-23 00:00:00
1713844800000,1.3734,1.3815,1.3434,1.3488,5609588.1,2024-04-23 04:00:00
1713859200000,1.3487,1.3579,1.3351,1.3434,4921170.8,2024-04-23 08:00:00
1713873600000,1.3432,1.3792,1.3347,1.3643,7035566.7,2024-04-23 12:00:00
1713888000000,1.365,1.3741,1.3105,1.3249,5614036.7,2024-04-23 16:00:00
1713902400000,1.3248,1.3296,1.3111,1.3263,2929181.8,2024-04-23 20:00:00
1713916800000,1.3262,1.3432,1.3132,1.3343,5161424.5,2024-04-24 00:00:00
1713931200000,1.3345,1.3491,1.3144,1.3187,5161704.1,2024-04-24 04:00:00
1713945600000,1.3187,1.3367,1.3055,1.3325,4150787.3,2024-04-24 08:00:00
1713960000000,1.3324,1.3413,1.2656,1.2697,16573235.3,2024-04-24 12:00:00
1713974400000,1.2693,1.29,1.2516,1.2716,6791134.1,2024-04-24 16:00:00
1713988800000,1.2715,1.276,1.2366,1.2506,4350395.6,2024-04-24 20:00:00
1714003200000,1.2508,1.2657,1.2254,1.2313,6188922.8,2024-04-25 00:00:00
1714017600000,1.2317,1.2446,1.2086,1.2222,6860778.2,2024-04-25 04:00:00
1714032000000,1.2224,1.2271,1.1931,1.2073,6691099.5,2024-04-25 08:00:00
1714046400000,1.2075,1.239,1.1876,1.237,7565982.5,2024-04-25 12:00:00
1714060800000,1.2369,1.2409,1.2228,1.234,3539026.9,2024-04-25 16:00:00
1714075200000,1.2339,1.2482,1.2199,1.2242,2548429.7,2024-04-25 20:00:00
1714089600000,1.2242,1.2302,1.1879,1.192,8809764.1,2024-04-26 00:00:00
1714104000000,1.192,1.2,1.1758,1.1856,3999236.9,2024-04-26 04:00:00
1714118400000,1.1856,1.1943,1.1716,1.1774,3658856.9,2024-04-26 08:00:00
1714132800000,1.1775,1.201,1.1614,1.1809,5759762.8,2024-04-26 12:00:00
1714147200000,1.1808,1.187,1.1713,1.183,2199943.5,2024-04-26 16:00:00
1714161600000,1.1831,1.1893,1.1632,1.1737,1872468.6,2024-04-26 20:00:00
1714176000000,1.1744,1.1836,1.118,1.1585,6752908.1,2024-04-27 00:00:00
1714190400000,1.1585,1.1778,1.1585,1.1697,2514725.0,2024-04-27 04:00:00
1714204800000,1.1696,1.2072,1.1674,1.1923,5125561.8,2024-04-27 08:00:00
1714219200000,1.1922,1.2219,1.1852,1.2022,5985046.7,2024-04-27 12:00:00
1714233600000,1.2024,1.2323,1.1916,1.2051,5551148.4,2024-04-27 16:00:00
1714248000000,1.2056,1.2181,1.1983,1.2111,2333469.8,2024-04-27 20:00:00
1714262400000,1.2112,1.2552,1.2058,1.2506,4216139.9,2024-04-28 00:00:00
1714276800000,1.2502,1.2556,1.243,1.2527,2346282.2,2024-04-28 04:00:00
1714291200000,1.2527,1.2599,1.2327,1.2366,3060307.5,2024-04-28 08:00:00
1714305600000,1.2364,1.2598,1.2362,1.2515,1926535.8,2024-04-28 12:00:00
1714320000000,1.2513,1.2578,1.2427,1.2492,1720763.5,2024-04-28 16:00:00
1714334400000,1.2489,1.2529,1.21,1.2177,3021391.2,2024-04-28 20:00:00
1714348800000,1.217,1.2315,1.1856,1.1863,4279096.4,2024-04-29 00:00:00
1714363200000,1.1861,1.2089,1.1796,1.1913,3601643.0,2024-04-29 04:00:00
1714377600000,1.1913,1.1969,1.1735,1.1855,3818383.7,2024-04-29 08:00:00
1714392000000,1.1852,1.21,1.175,1.2001,4173157.6,2024-04-29 12:00:00
1714406400000,1.2003,1.2055,1.18,1.1882,3980947.2,2024-04-29 16:00:00
1714420800000,1.1883,1.2055,1.1669,1.1921,3591364.7,2024-04-29 20:00:00
1714435200000,1.1922,1.2059,1.1594,1.1709,4301992.9,2024-04-30 00:00:00
1714449600000,1.171,1.1735,1.158,1.1624,3471018.4,2024-04-30 04:00:00
1714464000000,1.1625,1.1706,1.1205,1.1243,9521773.4,2024-04-30 08:00:00
1714478400000,1.1242,1.1687,1.0967,1.1043,19930487.8,2024-04-30 12:00:00
1714492800000,1.104,1.1049,1.072,1.0966,9591952.9,2024-04-30 16:00:00
1714507200000,1.0971,1.161,1.0971,1.1438,5011693.0,2024-04-30 20:00:00
1714521600000,1.1434,1.1668,1.133,1.1416,6179467.9,2024-05-01 00:00:00
1714536000000,1.1417,1.1438,1.0683,1.0981,10606390.6,2024-05-01 04:00:00
1714550400000,1.0985,1.1226,1.0803,1.1115,11016842.7,2024-05-01 08:00:00
1714564800000,1.1115,1.1224,1.0883,1.0995,6155268.4,2024-05-01 12:00:00
1714579200000,1.0994,1.1566,1.0863,1.1173,10210168.0,2024-05-01 16:00:00
1714593600000,1.1178,1.1516,1.1161,1.1474,3640509.7,2024-05-01 20:00:00
1714608000000,1.1474,1.1518,1.1054,1.1141,2941911.9,2024-05-02 00:00:00
1714622400000,1.114,1.1201,1.0926,1.1022,3486284.8,2024-05-02 04:00:00
1714636800000,1.1022,1.1508,1.1002,1.1502,4676444.5,2024-05-02 08:00:00
1714651200000,1.15,1.1606,1.128,1.1398,7425168.1,2024-05-02 12:00:00
1714665600000,1.1402,1.1408,1.1178,1.1235,3975947.5,2024-05-02 16:00:00
1714680000000,1.1232,1.1385,1.1077,1.1212,3347099.8,2024-05-02 20:00:00
1714694400000,1.121,1.1468,1.115,1.1312,3765493.2,2024-05-03 00:00:00
1714708800000,1.1312,1.1355,1.0864,1.0912,4986724.9,2024-05-03 04:00:00
1714723200000,1.0911,1.1036,1.0693,1.072,6732865.0,2024-05-03 08:00:00
1714737600000,1.0719,1.1378,1.0702,1.1339,11595502.4,2024-05-03 12:00:00
1714752000000,1.1342,1.1408,1.0868,1.1018,8565189.7,2024-05-03 16:00:00
1714766400000,1.1018,1.1241,1.092,1.1119,15289453.3,2024-05-03 20:00:00
1714780800000,1.1116,1.1186,1.0876,1.0909,19565332.5,2024-05-04 00:00:00
1714795200000,1.0909,1.1017,1.0829,1.0853,9410694.8,2024-05-04 04:00:00
1714809600000,1.0851,1.1249,1.083,1.1016,9827503.1,2024-05-04 08:00:00
1714824000000,1.1015,1.1074,1.0812,1.0942,10134745.1,2024-05-04 12:00:00
1714838400000,1.0941,1.0944,1.0766,1.0869,13936792.5,2024-05-04 16:00:00
1714852800000,1.087,1.0932,1.0816,1.091,7122341.6,2024-05-04 20:00:00
1714867200000,1.091,1.0932,1.0622,1.0673,7476790.6,2024-05-05 00:00:00
1714881600000,1.067,1.0768,1.0535,1.0721,5772760.0,2024-05-05 04:00:00
1714896000000,1.0721,1.083,1.0652,1.0788,5213332.0,2024-05-05 08:00:00
1714910400000,1.0785,1.1158,1.0671,1.1036,11900809.9,2024-05-05 12:00:00
1714924800000,1.1037,1.1216,1.0979,1.1074,8202902.6,2024-05-05 16:00:00
1714939200000,1.1074,1.1096,1.089,1.0954,6709383.1,2024-05-05 20:00:00
1714953600000,1.0956,1.1454,1.0956,1.1074,18376009.7,2024-05-06 00:00:00
1714968000000,1.1075,1.1393,1.1013,1.1354,9913339.7,2024-05-06 04:00:00
1714982400000,1.1355,1.1519,1.1115,1.1348,12102132.8,2024-05-06 08:00:00
1714996800000,1.1349,1.1366,1.0818,1.0985,13470540.6,2024-05-06 12:00:00
1715011200000,1.0983,1.1013,1.0787,1.0868,5971783.5,2024-05-06 16:00:00
1715025600000,1.0868,1.1098,1.0828,1.0932,6248429.3,2024-05-06 20:00:00
1715040000000,1.0933,1.1329,1.0826,1.1068,9719775.5,2024-05-07 00:00:00
1715054400000,1.1068,1.131,1.1,1.1172,11110761.5,2024-05-07 04:00:00
1715068800000,1.1172,1.1264,1.092,1.0938,7045644.4,2024-05-07 08:00:00
1715083200000,1.0938,1.145,1.0915,1.1309,9374357.5,2024-05-07 12:00:00
1715097600000,1.1309,1.1387,1.0977,1.1103,7178241.1,2024-05-07 16:00:00
1715112000000,1.1104,1.1244,1.0755,1.0797,8866903.6,2024-05-07 20:00:00
1715126400000,1.0796,1.0833,1.0614,1.0737,5058457.0,2024-05-08 00:00:00
1715140800000,1.0738,1.0771,1.0453,1.0494,6878042.9,2024-05-08 04:00:00
1715155200000,1.0499,1.0547,1.0366,1.0498,6473332.9,2024-05-08 08:00:00
1715169600000,1.0499,1.0811,1.0434,1.0588,9322079.7,2024-05-08 12:00:00
1715184000000,1.0583,1.0637,1.0315,1.038,4428244.8,2024-05-08 16:00:00
1715198400000,1.0381,1.0441,1.0048,1.0105,6795717.6,2024-05-08 20:00:00
1715212800000,1.0104,1.0127,0.987,0.9892,6768758.9,2024-05-09 00:00:00
1715227200000,0.9892,1.0094,0.9738,0.9973,10119915.2,2024-05-09 04:00:00
1715241600000,0.9972,1.0049,0.9866,1.0003,8378822.3,2024-05-09 08:00:00
1715256000000,1.0003,1.0155,0.9891,1.0089,6908477.9,2024-05-09 12:00:00
1715270400000,1.0089,1.0198,0.9924,1.0118,6900751.1,2024-05-09 16:00:00
1715284800000,1.0117,1.0404,0.9969,1.0262,7183266.9,2024-05-09 20:00:00
1715299200000,1.0262,1.0541,1.0183,1.0472,7790718.3,2024-05-10 00:00:00
1715313600000,1.0471,1.0622,1.0435,1.0604,7629023.2,2024-05-10 04:00:00
1715328000000,1.0604,1.0872,1.0553,1.0833,9735949.3,2024-05-10 08:00:00
1715342400000,1.0833,1.1108,1.0303,1.0361,24896843.7,2024-05-10 12:00:00
1715356800000,1.0359,1.0454,1.0141,1.0332,9903693.6,2024-05-10 16:00:00
1715371200000,1.0334,1.0341,1.0022,1.0076,6479579.8,2024-05-10 20:00:00
1715385600000,1.0076,1.0325,1.0045,1.0126,6166986.9,2024-05-11 00:00:00
1715400000000,1.0127,1.0189,1.0097,1.0151,2681148.3,2024-05-11 04:00:00
1715414400000,1.0151,1.0171,0.9901,0.9947,5305580.0,2024-05-11 08:00:00
1715428800000,0.9946,1.0201,0.9944,1.014,4216406.0,2024-05-11 12:00:00
1715443200000,1.0141,1.019,1.0002,1.0015,2943034.5,2024-05-11 16:00:00
1715457600000,1.0016,1.0028,0.992,0.9944,2032526.9,2024-05-11 20:00:00
1715472000000,0.9944,1.0029,0.9917,1.0015,1649361.6,2024-05-12 00:00:00
1715486400000,1.0016,1.0125,0.9942,0.9973,2295766.6,2024-05-12 04:00:00
1715500800000,0.9973,1.0155,0.9933,1.0091,3124092.6,2024-05-12 08:00:00
1715515200000,1.009,1.0201,1.0068,1.0151,2573402.1,2024-05-12 12:00:00
1715529600000,1.015,1.0208,1.0042,1.0086,2543070.9,2024-05-12 16:00:00
1715544000000,1.0087,1.0112,0.998,1.0037,2871135.9,2024-05-12 20:00:00
1715558400000,1.004,1.0148,0.9426,0.9629,9585871.1,2024-05-13 00:00:00
1715572800000,0.9628,0.9848,0.9481,0.9837,5341644.3,2024-05-13 04:00:00
1715587200000,0.9837,1.001,0.9711,0.9797,8843748.0,2024-05-13 08:00:00
1715601600000,0.9798,0.9946,0.971,0.9893,8005098.2,2024-05-13 12:00:00
1715616000000,0.9894,0.999,0.9699,0.9844,4320809.8,2024-05-13 16:00:00
1715630400000,0.9843,0.9853,0.9633,0.9696,2340485.3,2024-05-13 20:00:00
1715644800000,0.9695,0.9765,0.9531,0.9564,3417704.6,2024-05-14 00:00:00
1715659200000,0.956,0.9651,0.9326,0.9502,5938514.7,2024-05-14 04:00:00
1715673600000,0.9502,0.9505,0.9292,0.9315,5067412.9,2024-05-14 08:00:00
1715688000000,0.9316,0.9398,0.903,0.9116,12810067.5,2024-05-14 12:00:00
1715702400000,0.9116,0.9126,0.8851,0.9002,10103231.3,2024-05-14 16:00:00
1715716800000,0.9,0.9015,0.8919,0.8964,3209759.1,2024-05-14 20:00:00
1715731200000,0.8965,0.9253,0.8859,0.9224,4734934.7,2024-05-15 00:00:00
1715745600000,0.9221,0.9239,0.9058,0.9071,3190275.2,2024-05-15 04:00:00
1715760000000,0.907,0.9219,0.8936,0.9035,7044669.5,2024-05-15 08:00:00
1715774400000,0.9037,0.9685,0.898,0.9536,16137203.4,2024-05-15 12:00:00
1715788800000,0.9535,1.0216,0.9485,1.0197,15345238.6,2024-05-15 16:00:00
1715803200000,1.0197,1.0266,0.9871,0.9921,11407046.1,2024-05-15 20:00:00
1715817600000,0.9918,0.9961,0.9753,0.9926,6818996.2,2024-05-16 00:00:00
1715832000000,0.9926,1.0192,0.9847,1.0148,7758392.1,2024-05-16 04:00:00
1715846400000,1.0147,1.0545,1.0135,1.0451,12950451.7,2024-05-16 08:00:00
1715860800000,1.0449,1.0754,1.0119,1.0436,24752227.1,2024-05-16 12:00:00
1715875200000,1.0435,1.0476,1.0179,1.0365,7056399.9,2024-05-16 16:00:00
1715889600000,1.0364,1.037,1.0137,1.024,4475425.7,2024-05-16 20:00:00
1715904000000,1.024,1.0599,1.0092,1.0479,9083668.3,2024-05-17 00:00:00
1715918400000,1.0478,1.0636,1.0251,1.0507,9267334.2,2024-05-17 04:00:00
1715932800000,1.0508,1.0639,1.0394,1.0572,6937944.9,2024-05-17 08:00:00
1715947200000,1.0571,1.0759,1.0409,1.0719,8619067.4,2024-05-17 12:00:00
1715961600000,1.0714,1.1087,1.0671,1.0991,12482941.2,2024-05-17 16:00:00
1715976000000,1.0989,1.1051,1.0748,1.0755,4197580.8,2024-05-17 20:00:00
1715990400000,1.0755,1.0898,1.0685,1.0808,8797458.3,2024-05-18 00:00:00
1716004800000,1.0808,1.0894,1.072,1.0739,5402564.4,2024-05-18 04:00:00
1716019200000,1.0739,1.0864,1.0721,1.0762,5250135.8,2024-05-18 08:00:00
1716033600000,1.0763,1.0791,1.0516,1.0769,6900247.9,2024-05-18 12:00:00
1716048000000,1.0769,1.0836,1.0711,1.0763,3402440.9,2024-05-18 16:00:00
1716062400000,1.0762,1.0855,1.0696,1.0811,3319630.7,2024-05-18 20:00:00
1716076800000,1.0811,1.0894,1.0728,1.0775,4221572.5,2024-05-19 00:00:00
1716091200000,1.0775,1.0832,1.0668,1.0716,2526110.2,2024-05-19 04:00:00
1716105600000,1.0716,1.0739,1.05,1.0567,3876550.1,2024-05-19 08:00:00
1716120000000,1.0568,1.0576,1.023,1.0315,5647755.4,2024-05-19 12:00:00
1716134400000,1.0313,1.037,1.02,1.028,3975009.4,2024-05-19 16:00:00
1716148800000,1.028,1.0367,1.0182,1.0269,2923388.3,2024-05-19 20:00:00
1716163200000,1.0268,1.0358,1.0081,1.0251,4303570.8,2024-05-20 00:00:00
1716177600000,1.0251,1.0582,1.0229,1.0523,4717121.3,2024-05-20 04:00:00
1716192000000,1.0524,1.0874,1.0524,1.0805,7973795.2,2024-05-20 08:00:00
1716206400000,1.0805,1.1369,1.0788,1.1164,15806182.3,2024-05-20 12:00:00
1716220800000,1.1165,1.1435,1.102,1.133,13241560.6,2024-05-20 16:00:00
1716235200000,1.1332,1.147,1.1134,1.1467,9926968.1,2024-05-20 20:00:00
1716249600000,1.1466,1.172,1.133,1.1602,9795317.7,2024-05-21 00:00:00
1716264000000,1.1604,1.1716,1.1356,1.1375,7010408.6,2024-05-21 04:00:00
1716278400000,1.1375,1.1589,1.1366,1.1403,6531168.3,2024-05-21 08:00:00
1716292800000,1.1403,1.1564,1.1255,1.1287,8797407.7,2024-05-21 12:00:00
1716307200000,1.1288,1.1476,1.1173,1.1226,7159779.3,2024-05-21 16:00:00
1716321600000,1.1227,1.1416,1.1196,1.1406,3154507.4,2024-05-21 20:00:00
1716336000000,1.1407,1.1527,1.1214,1.1289,3424260.9,2024-05-22 00:00:00
1716350400000,1.1289,1.1544,1.1063,1.1348,7336721.9,2024-05-22 04:00:00
1716364800000,1.1347,1.1384,1.1074,1.1075,4863348.3,2024-05-22 08:00:00
1716379200000,1.1075,1.1313,1.0809,1.1261,11043561.2,2024-05-22 12:00:00
1716393600000,1.1259,1.136,1.0906,1.1032,5267696.4,2024-05-22 16:00:00
1716408000000,1.1036,1.1137,1.0851,1.1051,4052857.7,2024-05-22 20:00:00
1716422400000,1.1054,1.1335,1.1034,1.1301,5130823.7,2024-05-23 00:00:00
1716436800000,1.1301,1.1302,1.1017,1.1156,4736433.9,2024-05-23 04:00:00
1716451200000,1.1157,1.1214,1.0965,1.1213,9273571.8,2024-05-23 08:00:00
1716465600000,1.1213,1.1331,1.0426,1.0656,20252156.3,2024-05-23 12:00:00
1716480000000,1.0655,1.0762,1.0396,1.0511,7212459.8,2024-05-23 16:00:00
1716494400000,1.0512,1.0828,1.0038,1.0764,13248073.4,2024-05-23 20:00:00
1716508800000,1.0762,1.0858,1.0669,1.0781,3521238.6,2024-05-24 00:00:00
1716523200000,1.0781,1.0835,1.0316,1.0535,6996908.8,2024-05-24 04:00:00
1716537600000,1.0534,1.0621,1.0356,1.0561,5843602.3,2024-05-24 08:00:00
1716552000000,1.0557,1.0751,1.0432,1.057,6418143.6,2024-05-24 12:00:00
1716566400000,1.0568,1.0669,1.0462,1.0553,3679497.8,2024-05-24 16:00:00
1716580800000,1.0552,1.0711,1.0539,1.0676,3508868.3,2024-05-24 20:00:00
1716595200000,1.0676,1.0837,1.064,1.081,3469002.0,2024-05-25 00:00:00
1716609600000,1.0813,1.0831,1.0636,1.0657,2870626.2,2024-05-25 04:00:00
1716624000000,1.0656,1.0749,1.063,1.0639,3947566.5,2024-05-25 08:00:00
1716638400000,1.0638,1.0693,1.0526,1.0656,4037148.8,2024-05-25 12:00:00
1716652800000,1.0655,1.0678,1.0568,1.0572,1952760.9,2024-05-25 16:00:00
1716667200000,1.0572,1.0634,1.051,1.0629,1853425.9,2024-05-25 20:00:00
1716681600000,1.0629,1.0704,1.0454,1.0538,3903655.2,2024-05-26 00:00:00
1716696000000,1.0538,1.0539,1.0381,1.044,4963060.3,2024-05-26 04:00:00
1716710400000,1.0436,1.0462,1.0263,1.0346,5248626.0,2024-05-26 08:00:00
1716724800000,1.0345,1.0473,1.0221,1.0362,5564039.2,2024-05-26 12:00:00
1716739200000,1.0362,1.0469,1.0331,1.0465,2604993.3,2024-05-26 16:00:00
1716753600000,1.0466,1.0535,1.032,1.0419,2462875.2,2024-05-26 20:00:00
1716768000000,1.042,1.0533,1.0406,1.0429,2586981.9,2024-05-27 00:00:00
1716782400000,1.043,1.0532,1.0313,1.0348,3425817.9,2024-05-27 04:00:00
1716796800000,1.0349,1.0634,1.032,1.0597,4904749.4,2024-05-27 08:00:00
1716811200000,1.0596,1.0732,1.0512,1.0705,6818507.6,2024-05-27 12:00:00
1716825600000,1.0704,1.0829,1.0526,1.057,5023557.7,2024-05-27 16:00:00
1716840000000,1.0568,1.078,1.0561,1.0743,3462815.8,2024-05-27 20:00:00
1716854400000,1.0744,1.0759,1.0314,1.0366,7429136.6,2024-05-28 00:00:00
1716868800000,1.0364,1.0365,1.0137,1.024,7143079.5,2024-05-28 04:00:00
1716883200000,1.0237,1.0479,1.0228,1.0461,4158005.8,2024-05-28 08:00:00
1716897600000,1.046,1.0525,1.0268,1.0434,5621766.4,2024-05-28 12:00:00
1716912000000,1.0438,1.0467,1.0268,1.0407,4151844.0,2024-05-28 16:00:00
1716926400000,1.0411,1.043,1.0286,1.0303,3236998.3,2024-05-28 20:00:00
1716940800000,1.0302,1.0391,1.02,1.0348,4426713.4,2024-05-29 00:00:00
1716955200000,1.0348,1.0475,1.0333,1.0336,3204066.4,2024-05-29 04:00:00
1716969600000,1.0338,1.0471,1.0224,1.0331,5452151.9,2024-05-29 08:00:00
1716984000000,1.033,1.0393,1.027,1.0296,4832169.5,2024-05-29 12:00:00
1716998400000,1.0297,1.0353,1.0131,1.0139,6351900.6,2024-05-29 16:00:00
1717012800000,1.0139,1.0237,1.0081,1.0165,2223572.0,2024-05-29 20:00:00
1717027200000,1.0164,1.033,1.0151,1.0313,2187569.5,2024-05-30 00:00:00
1717041600000,1.0319,1.0354,0.9822,0.9865,6518503.9,2024-05-30 04:00:00
1717056000000,0.9864,1.025,0.98,1.0153,7656953.7,2024-05-30 08:00:00
1717070400000,1.0153,1.0289,1.0141,1.021,4001732.2,2024-05-30 12:00:00
1717084800000,1.021,1.0332,1.0192,1.0224,3652437.3,2024-05-30 16:00:00
1717099200000,1.0225,1.023,1.0086,1.013,2986476.5,2024-05-30 20:00:00
1717113600000,1.0129,1.0204,1.0083,1.0184,2541268.5,2024-05-31 00:00:00
1717128000000,1.0186,1.0202,0.9987,1.0114,3303858.3,2024-05-31 04:00:00
1717142400000,1.0114,1.0179,1.0038,1.0166,2805542.2,2024-05-31 08:00:00
1717156800000,1.0167,1.034,1.0052,1.0056,5686989.3,2024-05-31 12:00:00
1717171200000,1.0055,1.0258,0.9951,1.0253,3553580.9,2024-05-31 16:00:00
1717185600000,1.0256,1.0284,1.0212,1.0234,1874270.3,2024-05-31 20:00:00
1717200000000,1.0233,1.029,1.014,1.0164,1762928.9,2024-06-01 00:00:00
1717214400000,1.0163,1.0169,1.0096,1.0124,1503455.8,2024-06-01 04:00:00
1717228800000,1.0126,1.0274,1.0119,1.022,2032247.2,2024-06-01 08:00:00
1717243200000,1.0219,1.0365,1.0185,1.0275,3567214.1,2024-06-01 12:00:00
1717257600000,1.0276,1.0328,1.0263,1.0272,2145679.7,2024-06-01 16:00:00
1717272000000,1.027,1.0293,1.0225,1.024,1917180.8,2024-06-01 20:00:00
1717286400000,1.0239,1.0315,1.0192,1.0202,2656733.8,2024-06-02 00:00:00
1717300800000,1.0203,1.0262,1.0131,1.0141,2494005.8,2024-06-02 04:00:00
1717315200000,1.0141,1.0226,1.007,1.0216,2553327.9,2024-06-02 08:00:00
1717329600000,1.0216,1.0385,1.018,1.0359,4250548.3,2024-06-02 12:00:00
1717344000000,1.0361,1.0389,1.0086,1.0275,4403364.3,2024-06-02 16:00:00
1717358400000,1.0275,1.0292,1.0137,1.0164,2285918.4,2024-06-02 20:00:00
1717372800000,1.0165,1.0528,1.0134,1.0393,5522615.1,2024-06-03 00:00:00
1717387200000,1.0391,1.0531,1.0264,1.0493,5431262.9,2024-06-03 04:00:00
1717401600000,1.0493,1.0561,1.0426,1.0482,4390219.3,2024-06-03 08:00:00
1717416000000,1.0481,1.0551,1.0261,1.0402,5666000.8,2024-06-03 12:00:00
1717430400000,1.0405,1.0455,1.0307,1.0438,2425510.3,2024-06-03 16:00:00
1717444800000,1.0436,1.0498,1.0375,1.04,1984589.7,2024-06-03 20:00:00
1717459200000,1.0399,1.0559,1.039,1.0453,2738936.9,2024-06-04 00:00:00
1717473600000,1.0451,1.0458,1.0324,1.0371,3165155.7,2024-06-04 04:00:00
1717488000000,1.0372,1.0414,1.015,1.017,5322726.1,2024-06-04 08:00:00
1717502400000,1.0169,1.0341,1.0121,1.033,6291686.1,2024-06-04 12:00:00
1717516800000,1.0331,1.0487,1.0291,1.0402,3613160.5,2024-06-04 16:00:00
1717531200000,1.0401,1.0547,1.0344,1.054,2425176.7,2024-06-04 20:00:00
1717545600000,1.0539,1.062,1.0463,1.0598,4846516.9,2024-06-05 00:00:00
1717560000000,1.0599,1.0842,1.0561,1.0803,6788940.1,2024-06-05 04:00:00
1717574400000,1.0803,1.09,1.0725,1.0865,8819069.6,2024-06-05 08:00:00
1717588800000,1.0865,1.1021,1.0763,1.0996,10336932.8,2024-06-05 12:00:00
1717603200000,1.0996,1.1011,1.0839,1.0923,3731931.6,2024-06-05 16:00:00
1717617600000,1.0926,1.1049,1.0908,1.1041,2594056.2,2024-06-05 20:00:00
1717632000000,1.1041,1.1364,1.0972,1.1101,7147570.3,2024-06-06 00:00:00
1717646400000,1.1101,1.1221,1.0997,1.1019,5068424.5,2024-06-06 04:00:00
1717660800000,1.1016,1.1211,1.0967,1.1184,5128921.1,2024-06-06 08:00:00
1717675200000,1.1185,1.1208,1.103,1.1161,4814403.6,2024-06-06 12:00:00
1717689600000,1.1161,1.1268,1.0974,1.099,4889962.2,2024-06-06 16:00:00
1717704000000,1.0991,1.1231,1.0857,1.1132,5632705.0,2024-06-06 20:00:00
1717718400000,1.1132,1.1366,1.1093,1.1333,6443464.5,2024-06-07 00:00:00
1717732800000,1.1334,1.1677,1.1308,1.1489,12262056.8,2024-06-07 04:00:00
1717747200000,1.1491,1.1719,1.1412,1.1586,8314666.9,2024-06-07 08:00:00
1717761600000,1.1587,1.1688,1.119,1.1624,10482769.7,2024-06-07 12:00:00
1717776000000,1.1624,1.1625,0.983,1.058,28723426.9,2024-06-07 16:00:00
1717790400000,1.058,1.0968,1.0503,1.081,5164108.3,2024-06-07 20:00:00
1717804800000,1.0809,1.1243,1.0746,1.1178,9450485.3,2024-06-08 00:00:00
1717819200000,1.1179,1.1711,1.1105,1.1494,16081669.5,2024-06-08 04:00:00
1717833600000,1.1494,1.1531,1.0866,1.0874,10958762.6,2024-06-08 08:00:00
1717848000000,1.0877,1.1255,1.0637,1.1151,15458020.2,2024-06-08 12:00:00
1717862400000,1.115,1.1455,1.1075,1.1151,10232449.7,2024-06-08 16:00:00
1717876800000,1.1151,1.1202,1.0907,1.1041,4387063.6,2024-06-08 20:00:00
1717891200000,1.104,1.1136,1.0654,1.0706,7266544.3,2024-06-09 00:00:00
1717905600000,1.0704,1.1203,1.0639,1.1088,6011137.3,2024-06-09 04:00:00
1717920000000,1.109,1.1295,1.1047,1.105,5420850.1,2024-06-09 08:00:00
1717934400000,1.105,1.1187,1.0773,1.0905,9255521.8,2024-06-09 12:00:00
1717948800000,1.0906,1.1186,1.088,1.112,4130955.6,2024-06-09 16:00:00
1717963200000,1.1124,1.1132,1.0874,1.094,4298649.4,2024-06-09 20:00:00
1717977600000,1.094,1.0964,1.0661,1.0699,5013281.1,2024-06-10 00:00:00
1717992000000,1.0695,1.0728,1.0324,1.0355,8212535.2,2024-06-10 04:00:00
1718006400000,1.0355,1.0786,1.0353,1.0707,6992172.9,2024-06-10 08:00:00
1718020800000,1.0706,1.0784,1.0504,1.0701,7017471.1,2024-06-10 12:00:00
1718035200000,1.0701,1.0715,1.0411,1.0462,4501592.8,2024-06-10 16:00:00
1718049600000,1.046,1.0461,1.0311,1.0338,4012460.1,2024-06-10 20:00:00
1718064000000,1.0338,1.0374,1.0005,1.0134,7477265.8,2024-06-11 00:00:00
1718078400000,1.0133,1.0223,1.0016,1.0166,4895386.5,2024-06-11 04:00:00
1718092800000,1.0162,1.0439,1.0114,1.0309,5978235.8,2024-06-11 08:00:00
1718107200000,1.0309,1.035,0.98,0.9923,8848868.3,2024-06-11 12:00:00
1718121600000,0.9921,1.0121,0.9851,1.0048,5534673.7,2024-06-11 16:00:00
1718136000000,1.0045,1.009,0.9921,0.9921,2304574.9,2024-06-11 20:00:00
1718150400000,0.9922,1.0012,0.96,0.9942,6564441.3,2024-06-12 00:00:00
1718164800000,0.9943,1.0066,0.9891,1.0002,4534129.2,2024-06-12 04:00:00
1718179200000,1.0003,1.0048,0.9863,0.9865,5073574.9,2024-06-12 08:00:00
1718193600000,0.9867,1.0421,0.9855,1.0404,12806946.2,2024-06-12 12:00:00
1718208000000,1.0403,1.0545,1.0028,1.0094,10018384.3,2024-06-12 16:00:00
1718222400000,1.0095,1.0251,1.0036,1.0185,3350537.7,2024-06-12 20:00:00
1718236800000,1.0186,1.0207,0.9756,0.9893,6112126.3,2024-06-13 00:00:00
1718251200000,0.9891,0.9994,0.9856,0.9914,2743363.2,2024-06-13 04:00:00
1718265600000,0.9913,0.9952,0.9803,0.9869,2787381.0,2024-06-13 08:00:00
1718280000000,0.9871,1.0096,0.9759,0.9791,7522339.7,2024-06-13 12:00:00
1718294400000,0.9785,0.9933,0.9708,0.9805,3453813.4,2024-06-13 16:00:00
1718308800000,0.9803,0.9832,0.9583,0.9658,3605451.6,2024-06-13 20:00:00
1718323200000,0.9659,0.9743,0.9526,0.9685,4688685.3,2024-06-14 00:00:00
1718337600000,0.9687,0.9986,0.9675,0.9886,4303160.5,2024-06-14 04:00:00
1718352000000,0.9889,1.0,0.9859,0.9975,2560429.8,2024-06-14 08:00:00
1718366400000,0.9976,1.0032,0.9574,0.9592,5804691.0,2024-06-14 12:00:00
1718380800000,0.9589,0.9613,0.9021,0.9132,12323916.2,2024-06-14 16:00:00
1718395200000,0.9139,0.9409,0.9125,0.9294,3445854.7,2024-06-14 20:00:00
1718409600000,0.9295,0.9448,0.9261,0.9439,2383117.1,2024-06-15 00:00:00
1718424000000,0.9441,0.9594,0.9382,0.9505,3271601.0,2024-06-15 04:00:00
1718438400000,0.9506,0.954,0.9426,0.9447,2055560.6,2024-06-15 08:00:00
1718452800000,0.9446,0.9582,0.9371,0.9517,4202050.6,2024-06-15 12:00:00
1718467200000,0.9514,0.959,0.944,0.9453,2730953.9,2024-06-15 16:00:00
1718481600000,0.9456,0.947,0.9354,0.9444,1314429.7,2024-06-15 20:00:00
1718496000000,0.9446,0.9446,0.927,0.9287,2445537.9,2024-06-16 00:00:00
1718510400000,0.9287,0.949,0.9232,0.9447,2149573.6,2024-06-16 04:00:00
1718524800000,0.9448,0.947,0.9386,0.9412,1868289.2,2024-06-16 08:00:00
1718539200000,0.9412,0.9545,0.9394,0.9543,2940352.1,2024-06-16 12:00:00
1718553600000,0.9544,0.9558,0.9489,0.9534,1685018.9,2024-06-16 16:00:00
1718568000000,0.9535,0.97,0.9513,0.9698,2157907.6,2024-06-16 20:00:00
1718582400000,0.9699,0.9852,0.943,0.9457,5010347.9,2024-06-17 00:00:00
1718596800000,0.946,0.9468,0.913,0.9181,5041600.8,2024-06-17 04:00:00
1718611200000,0.9183,0.9222,0.8781,0.9005,10100474.6,2024-06-17 08:00:00
1718625600000,0.9005,0.9089,0.89,0.8952,4249349.6,2024-06-17 12:00:00
1718640000000,0.895,0.9303,0.8616,0.9198,7716623.2,2024-06-17 16:00:00
1718654400000,0.9196,0.9204,0.8872,0.8907,3242601.8,2024-06-17 20:00:00
1718668800000,0.8909,0.8943,0.753,0.817,24770430.8,2024-06-18 00:00:00
1718683200000,0.817,0.8372,0.812,0.8197,6431898.5,2024-06-18 04:00:00
1718697600000,0.8196,0.8235,0.7921,0.8026,5958290.7,2024-06-18 08:00:00
1718712000000,0.8025,0.8055,0.7712,0.79,13055880.7,2024-06-18 12:00:00
1718726400000,0.7901,0.7901,0.761,0.7804,8834400.8,2024-06-18 16:00:00
1718740800000,0.7803,0.8075,0.7748,0.8001,4797916.9,2024-06-18 20:00:00
1718755200000,0.8001,0.8385,0.7912,0.8306,6175712.5,2024-06-19 00:00:00
1718769600000,0.8308,0.8373,0.8232,0.8275,4510232.3,2024-06-19 04:00:00
1718784000000,0.8275,0.8362,0.8183,0.8325,5016426.8,2024-06-19 08:00:00
1718798400000,0.8326,0.8552,0.8311,0.8484,8269272.3,2024-06-19 12:00:00
1718812800000,0.8481,0.8693,0.8453,0.86,5709485.0,2024-06-19 16:00:00
1718827200000,0.8601,0.8758,0.8511,0.8654,3107629.3,2024-06-19 20:00:00
1718841600000,0.8655,0.887,0.8597,0.8669,4156413.8,2024-06-20 00:00:00
1718856000000,0.8668,0.8934,0.8582,0.8934,3677931.3,2024-06-20 04:00:00
1718870400000,0.8936,0.9239,0.8906,0.9175,6882279.6,2024-06-20 08:00:00
1718884800000,0.9173,0.9223,0.8818,0.8893,6732141.1,2024-06-20 12:00:00
1718899200000,0.8894,0.9138,0.8748,0.9098,4763259.3,2024-06-20 16:00:00
1718913600000,0.9097,0.9145,0.8905,0.8942,3234697.2,2024-06-20 20:00:00
1718928000000,0.8944,0.9077,0.8824,0.9064,4515049.1,2024-06-21 00:00:00
1718942400000,0.9065,0.9163,0.8843,0.8875,4437468.1,2024-06-21 04:00:00
1718956800000,0.8877,0.9085,0.8662,0.9056,6786596.8,2024-06-21 08:00:00
1718971200000,0.9056,0.9083,0.8735,0.8955,6031727.3,2024-06-21 12:00:00
1718985600000,0.8956,0.9172,0.8786,0.9054,4852364.5,2024-06-21 16:00:00
1719000000000,0.9057,0.9203,0.899,0.9201,3171671.9,2024-06-21 20:00:00
1719014400000,0.92,0.9247,0.9002,0.923,3797065.8,2024-06-22 00:00:00
1719028800000,0.9228,0.9242,0.903,0.9053,2582738.0,2024-06-22 04:00:00
1719043200000,0.9054,0.9057,0.8912,0.9037,3265924.6,2024-06-22 08:00:00
1719057600000,0.9037,0.907,0.8914,0.8959,2276446.8,2024-06-22 12:00:00
1719072000000,0.896,0.9009,0.8922,0.8941,1879484.5,2024-06-22 16:00:00
1719086400000,0.8941,0.8957,0.8875,0.8909,1118923.7,2024-06-22 20:00:00
1719100800000,0.8907,0.9044,0.89,0.9029,2049502.8,2024-06-23 00:00:00
1719115200000,0.9025,0.9126,0.8936,0.9083,2265305.7,2024-06-23 04:00:00
1719129600000,0.9083,0.9336,0.9059,0.9123,5653339.3,2024-06-23 08:00:00
1719144000000,0.9123,0.9433,0.9094,0.912,7843782.7,2024-06-23 12:00:00
1719158400000,0.9121,0.9135,0.8927,0.8997,3801590.1,2024-06-23 16:00:00
1719172800000,0.8999,0.9008,0.8775,0.8811,3257547.8,2024-06-23 20:00:00
1719187200000,0.8812,0.8885,0.8542,0.8561,5671597.2,2024-06-24 00:00:00
1719201600000,0.856,0.86,0.83,0.8346,6520776.4,2024-06-24 04:00:00
1719216000000,0.8348,0.8626,0.8075,0.8566,10685678.6,2024-06-24 08:00:00
1719230400000,0.8562,0.8737,0.8411,0.8454,4757924.8,2024-06-24 12:00:00
1719244800000,0.8454,0.8742,0.8395,0.8452,11267779.6,2024-06-24 16:00:00
1719259200000,0.8451,0.8987,0.8302,0.8949,7334040.9,2024-06-24 20:00:00
1719273600000,0.8949,0.907,0.8879,0.8998,4010127.7,2024-06-25 00:00:00
1719288000000,0.9,0.9056,0.8842,0.8848,2731457.5,2024-06-25 04:00:00
1719302400000,0.8848,0.8919,0.8695,0.8851,3726987.8,2024-06-25 08:00:00
1719316800000,0.8852,0.901,0.8768,0.899,5447378.3,2024-06-25 12:00:00
1719331200000,0.8992,0.9014,0.8711,0.8864,5694661.1,2024-06-25 16:00:00
1719345600000,0.8865,0.8879,0.8744,0.8785,1613264.0,2024-06-25 20:00:00
1719360000000,0.8783,0.8905,0.87,0.8712,2887367.6,2024-06-26 00:00:00
1719374400000,0.8711,0.8732,0.8524,0.8554,3797064.0,2024-06-26 04:00:00
1719388800000,0.8553,0.8562,0.8435,0.8466,4345065.7,2024-06-26 08:00:00
1719403200000,0.8466,0.8588,0.831,0.8319,4848662.2,2024-06-26 12:00:00
1719417600000,0.8319,0.8346,0.8201,0.8345,2713176.3,2024-06-26 16:00:00
1719432000000,0.8346,0.8442,0.8289,0.8297,2144312.0,2024-06-26 20:00:00
1719446400000,0.8296,0.8422,0.8259,0.8366,1908337.8,2024-06-27 00:00:00
1719460800000,0.8367,0.8411,0.8257,0.8356,1975186.3,2024-06-27 04:00:00
1719475200000,0.8356,0.8424,0.8309,0.8379,2474620.1,2024-06-27 08:00:00
1719489600000,0.838,0.8714,0.8371,0.8505,4884666.4,2024-06-27 12:00:00
1719504000000,0.8507,0.8548,0.8347,0.835,2905314.5,2024-06-27 16:00:00
1719518400000,0.8354,0.8402,0.8315,0.8368,1875189.3,2024-06-27 20:00:00
1719532800000,0.8368,0.8448,0.8265,0.8298,3077409.5,2024-06-28 00:00:00
1719547200000,0.8297,0.8309,0.8221,0.8284,2235632.7,2024-06-28 04:00:00
1719561600000,0.8283,0.8302,0.82,0.8264,2576715.4,2024-06-28 08:00:00
1719576000000,0.8264,0.8333,0.8113,0.8173,4564924.5,2024-06-28 12:00:00
1719590400000,0.8173,0.8196,0.7873,0.7959,5047547.5,2024-06-28 16:00:00
1719604800000,0.7964,0.8012,0.7864,0.7908,1989117.8,2024-06-28 20:00:00
1719619200000,0.7907,0.8059,0.7898,0.8,1802045.6,2024-06-29 00:00:00
1719633600000,0.7999,0.804,0.792,0.8026,1865246.7,2024-06-29 04:00:00
1719648000000,0.8027,0.8058,0.7978,0.8005,2548867.7,2024-06-29 08:00:00
1719662400000,0.8003,0.8036,0.7953,0.7998,1675521.9,2024-06-29 12:00:00
1719676800000,0.7997,0.8001,0.7898,0.7953,1438242.7,2024-06-29 16:00:00
1719691200000,0.7951,0.797,0.78,0.7825,1973757.9,2024-06-29 20:00:00
1719705600000,0.7825,0.7888,0.7728,0.7819,3341493.1,2024-06-30 00:00:00
1719720000000,0.7819,0.7998,0.7762,0.7975,2712930.2,2024-06-30 04:00:00
1719734400000,0.7978,0.8057,0.7967,0.7999,2244340.7,2024-06-30 08:00:00
1719748800000,0.7999,0.8077,0.7931,0.8037,2524810.8,2024-06-30 12:00:00
1719763200000,0.8039,0.8095,0.8007,0.8079,1483630.9,2024-06-30 16:00:00
1719777600000,0.808,0.825,0.8057,0.8201,2682885.5,2024-06-30 20:00:00
1719792000000,0.82,0.8357,0.817,0.8276,3515203.9,2024-07-01 00:00:00
1719806400000,0.8276,0.8326,0.8237,0.8265,1583272.3,2024-07-01 04:00:00
1719820800000,0.8266,0.8273,0.811,0.813,2084192.2,2024-07-01 08:00:00
1719835200000,0.8131,0.819,0.8056,0.8123,2406740.9,2024-07-01 12:00:00
1719849600000,0.8126,0.8268,0.8098,0.8267,1736276.9,2024-07-01 16:00:00
1719864000000,0.8261,0.8282,0.8067,0.8092,1379643.8,2024-07-01 20:00:00
1719878400000,0.8092,0.814,0.7997,0.8098,2140844.3,2024-07-02 00:00:00
1719892800000,0.8098,0.8206,0.8094,0.8107,1383585.3,2024-07-02 04:00:00
1719907200000,0.8108,0.8199,0.8081,0.8193,1272696.0,2024-07-02 08:00:00
1719921600000,0.8193,0.837,0.8108,0.8143,4193287.4,2024-07-02 12:00:00
1719936000000,0.8141,0.83,0.8043,0.8273,2172639.1,2024-07-02 16:00:00
1719950400000,0.8275,0.8286,0.8203,0.8254,1539095.6,2024-07-02 20:00:00
1719964800000,0.8256,0.83,0.7918,0.803,3441565.8,2024-07-03 00:00:00
1719979200000,0.8024,0.8198,0.7952,0.813,3112114.1,2024-07-03 04:00:00
1719993600000,0.8129,0.8225,0.7953,0.8049,3946831.8,2024-07-03 08:00:00
1720008000000,0.8051,0.8078,0.7836,0.7924,3496407.0,2024-07-03 12:00:00
1720022400000,0.7917,0.7967,0.7673,0.7744,3928704.3,2024-07-03 16:00:00
1720036800000,0.7742,0.7822,0.7698,0.776,1830014.7,2024-07-03 20:00:00
1720051200000,0.7761,0.7835,0.7284,0.7512,10165011.7,2024-07-04 00:00:00
1720065600000,0.751,0.7609,0.741,0.7439,3115942.6,2024-07-04 04:00:00
1720080000000,0.7439,0.7492,0.7226,0.7249,5796216.8,2024-07-04 08:00:00
1720094400000,0.7249,0.7264,0.6894,0.7166,14517904.9,2024-07-04 12:00:00
1720108800000,0.7165,0.7167,0.7025,0.7084,5260429.2,2024-07-04 16:00:00
1720123200000,0.7084,0.7175,0.6697,0.6736,5828687.4,2024-07-04 20:00:00
1720137600000,0.6735,0.6748,0.5728,0.5926,36778554.5,2024-07-05 00:00:00
1720152000000,0.5927,0.6196,0.5801,0.6095,15796653.7,2024-07-05 04:00:00
1720166400000,0.6095,0.6396,0.5859,0.6389,19325794.5,2024-07-05 08:00:00
1720180800000,0.6389,0.6517,0.6331,0.6432,16410446.7,2024-07-05 12:00:00
1720195200000,0.643,0.6543,0.6345,0.6449,6333391.0,2024-07-05 16:00:00
1720209600000,0.6451,0.6509,0.64,0.6439,3522433.6,2024-07-05 20:00:00
1720224000000,0.6439,0.6682,0.6398,0.6547,5683801.3,2024-07-06 00:00:00
1720238400000,0.6547,0.6742,0.6476,0.671,3818139.3,2024-07-06 04:00:00
1720252800000,0.6708,0.6778,0.6626,0.6711,3062296.8,2024-07-06 08:00:00
1720267200000,0.6709,0.6774,0.6631,0.6735,2962607.6,2024-07-06 12:00:00
1720281600000,0.6738,0.691,0.6706,0.6836,5035489.5,2024-07-06 16:00:00
1720296000000,0.6837,0.7003,0.6835,0.6938,2626628.9,2024-07-06 20:00:00
1720310400000,0.6938,0.6938,0.673,0.6892,6250867.6,2024-07-07 00:00:00
1720324800000,0.6892,0.6922,0.6744,0.6809,3482099.9,2024-07-07 04:00:00
1720339200000,0.6809,0.6981,0.6785,0.6952,2811400.8,2024-07-07 08:00:00
1720353600000,0.6953,0.6971,0.6562,0.6611,7810398.7,2024-07-07 12:00:00
1720368000000,0.6611,0.6766,0.6593,0.6647,2506133.9,2024-07-07 16:00:00
1720382400000,0.6644,0.667,0.6368,0.64,3007503.2,2024-07-07 20:00:00
1720396800000,0.6401,0.6486,0.6126,0.6385,7510988.2,2024-07-08 00:00:00
1720411200000,0.6383,0.6526,0.6335,0.6441,5724434.3,2024-07-08 04:00:00
1720425600000,0.6437,0.697,0.6415,0.6943,10559058.5,2024-07-08 08:00:00
1720440000000,0.6942,0.6961,0.6547,0.6677,11164993.6,2024-07-08 12:00:00
1720454400000,0.6678,0.6779,0.66,0.676,4990169.0,2024-07-08 16:00:00
1720468800000,0.6762,0.6788,0.6686,0.6734,2455088.1,2024-07-08 20:00:00
1720483200000,0.6733,0.6895,0.6666,0.6861,5104294.0,2024-07-09 00:00:00
1720497600000,0.6863,0.6919,0.677,0.69,2770109.1,2024-07-09 04:00:00
1720512000000,0.69,0.6962,0.6817,0.6858,2946755.5,2024-07-09 08:00:00
1720526400000,0.6854,0.7095,0.6783,0.7043,5789987.7,2024-07-09 12:00:00
1720540800000,0.7042,0.7379,0.7019,0.7343,8488995.2,2024-07-09 16:00:00
1720555200000,0.7342,0.7559,0.7248,0.7434,10058627.7,2024-07-09 20:00:00
1720569600000,0.7434,0.7453,0.7218,0.7346,6751288.9,2024-07-10 00:00:00
1720584000000,0.7349,0.7677,0.7345,0.7574,11316081.6,2024-07-10 04:00:00
1720598400000,0.7574,0.7578,0.7396,0.7451,5883045.2,2024-07-10 08:00:00
1720612800000,0.7452,0.7454,0.7193,0.7305,6134731.7,2024-07-10 12:00:00
1720627200000,0.7307,0.7399,0.7274,0.732,3081757.0,2024-07-10 16:00:00
1720641600000,0.732,0.739,0.7243,0.7379,3216437.4,2024-07-10 20:00:00
1720656000000,0.738,0.7563,0.7267,0.7344,5263148.4,2024-07-11 00:00:00
1720670400000,0.7344,0.7565,0.7318,0.7507,4186115.9,2024-07-11 04:00:00
1720684800000,0.7507,0.7612,0.746,0.7601,3510070.7,2024-07-11 08:00:00
1720699200000,0.7599,0.7786,0.7452,0.7499,11808100.8,2024-07-11 12:00:00
1720713600000,0.7499,0.7747,0.7436,0.7602,4416571.7,2024-07-11 16:00:00
1720728000000,0.76,0.7673,0.7494,0.7558,4290596.1,2024-07-11 20:00:00
1720742400000,0.7559,0.7718,0.7457,0.755,4823742.8,2024-07-12 00:00:00
1720756800000,0.755,0.7688,0.7452,0.7511,4980379.2,2024-07-12 04:00:00
1720771200000,0.7511,0.757,0.7313,0.7316,5364651.4,2024-07-12 08:00:00
1720785600000,0.7316,0.7527,0.7308,0.7431,4037804.8,2024-07-12 12:00:00
1720800000000,0.7431,0.751,0.7344,0.7402,2359196.9,2024-07-12 16:00:00
1720814400000,0.7403,0.7486,0.7331,0.7483,1402057.8,2024-07-12 20:00:00
1720828800000,0.7484,0.7534,0.7441,0.7494,1206687.2,2024-07-13 00:00:00
1720843200000,0.7497,0.7532,0.7434,0.7492,1422882.4,2024-07-13 04:00:00
1720857600000,0.7492,0.7612,0.7451,0.7587,1758420.7,2024-07-13 08:00:00
1720872000000,0.7588,0.7661,0.7504,0.7588,1803271.3,2024-07-13 12:00:00
1720886400000,0.759,0.7621,0.7502,0.7513,913691.8,2024-07-13 16:00:00
1720900800000,0.7514,0.7673,0.7428,0.7579,2058104.7,2024-07-13 20:00:00
1720915200000,0.7579,0.7743,0.7569,0.7681,2258195.7,2024-07-14 00:00:00
1720929600000,0.7681,0.8064,0.7677,0.7987,7495189.0,2024-07-14 04:00:00
1720944000000,0.7986,0.8194,0.795,0.8101,5604761.8,2024-07-14 08:00:00
1720958400000,0.81,0.8119,0.7898,0.7945,4511768.0,2024-07-14 12:00:00
1720972800000,0.7947,0.7992,0.7901,0.7934,1203613.6,2024-07-14 16:00:00
1720987200000,0.7933,0.8106,0.7924,0.8073,2269964.3,2024-07-14 20:00:00
1721001600000,0.807,0.8174,0.803,0.8104,2963024.7,2024-07-15 00:00:00
1721016000000,0.8103,0.8144,0.7982,0.8073,3786591.9,2024-07-15 04:00:00
1721030400000,0.8074,0.8129,0.7931,0.7994,3255152.1,2024-07-15 08:00:00
1721044800000,0.7995,0.812,0.799,0.8062,3911673.9,2024-07-15 12:00:00
1721059200000,0.8062,0.8244,0.8027,0.8152,4402956.0,2024-07-15 16:00:00
1721073600000,0.8146,0.8496,0.8122,0.8442,4406136.4,2024-07-15 20:00:00
1721088000000,0.844,0.8695,0.8377,0.8606,6353738.3,2024-07-16 00:00:00
1721102400000,0.8605,0.8715,0.8257,0.8289,7405924.6,2024-07-16 04:00:00
1721116800000,0.8288,0.8416,0.8159,0.8338,4410080.3,2024-07-16 08:00:00
1721131200000,0.8336,0.8738,0.828,0.8652,6246768.5,2024-07-16 12:00:00
1721145600000,0.865,0.8835,0.8551,0.881,5496358.0,2024-07-16 16:00:00
1721160000000,0.881,0.8836,0.8636,0.8673,2919663.5,2024-07-16 20:00:00
1721174400000,0.8674,0.881,0.8572,0.8615,2497847.9,2024-07-17 00:00:00
1721188800000,0.8615,0.8781,0.8566,0.8736,3619519.6,2024-07-17 04:00:00
1721203200000,0.8736,0.892,0.8572,0.8625,6282880.6,2024-07-17 08:00:00
1721217600000,0.8624,0.8894,0.8575,0.8652,5325394.7,2024-07-17 12:00:00
1721232000000,0.8652,0.8682,0.8459,0.8569,4649043.5,2024-07-17 16:00:00
1721246400000,0.8572,0.8649,0.8391,0.8401,3762122.8,2024-07-17 20:00:00
1721260800000,0.8402,0.8528,0.838,0.8485,3173764.7,2024-07-18 00:00:00
1721275200000,0.8488,0.853,0.8365,0.8403,3417846.5,2024-07-18 04:00:00
1721289600000,0.8403,0.8499,0.8376,0.8469,3145905.5,2024-07-18 08:00:00
1721304000000,0.8469,0.8568,0.8139,0.8146,7465095.7,2024-07-18 12:00:00
1721318400000,0.8146,0.8188,0.7862,0.7988,8270823.1,2024-07-18 16:00:00
1721332800000,0.7986,0.8134,0.7939,0.8109,1968792.4,2024-07-18 20:00:00
1721347200000,0.811,0.819,0.7965,0.8187,4046257.8,2024-07-19 00:00:00
1721361600000,0.8187,0.8222,0.8059,0.8082,2814393.7,2024-07-19 04:00:00
1721376000000,0.8082,0.815,0.8006,0.8133,3106628.5,2024-07-19 08:00:00
1721390400000,0.8139,0.8451,0.8084,0.8449,6371110.8,2024-07-19 12:00:00
1721404800000,0.8448,0.856,0.8445,0.8514,6149752.0,2024-07-19 16:00:00
1721419200000,0.8515,0.8631,0.85,0.854,4639519.2,2024-07-19 20:00:00
1721433600000,0.854,0.8621,0.8478,0.857,4486524.0,2024-07-20 00:00:00
1721448000000,0.8571,0.8886,0.8547,0.8814,8122347.1,2024-07-20 04:00:00
1721462400000,0.8814,0.8918,0.8624,0.8641,8941624.7,2024-07-20 08:00:00
1721476800000,0.8641,0.866,0.8469,0.8642,5892468.1,2024-07-20 12:00:00
1721491200000,0.8641,0.867,0.8489,0.8494,6345846.8,2024-07-20 16:00:00
1721505600000,0.8494,0.8546,0.8434,0.8503,2758562.9,2024-07-20 20:00:00
1721520000000,0.8505,0.8567,0.845,0.8497,2990855.1,2024-07-21 00:00:00
1721534400000,0.8496,0.8506,0.83,0.8351,2894592.5,2024-07-21 04:00:00
1721548800000,0.8351,0.8449,0.8349,0.8423,1792542.1,2024-07-21 08:00:00
1721563200000,0.8422,0.8496,0.8317,0.8431,2658747.8,2024-07-21 12:00:00
1721577600000,0.843,0.8543,0.8104,0.8355,6314297.7,2024-07-21 16:00:00
1721592000000,0.8354,0.8596,0.8353,0.8591,5399804.3,2024-07-21 20:00:00
1721606400000,0.8593,0.9024,0.8551,0.8682,14038457.2,2024-07-22 00:00:00
1721620800000,0.8683,0.8697,0.8371,0.8403,6982883.6,2024-07-22 04:00:00
1721635200000,0.8403,0.8531,0.8371,0.8498,3690445.0,2024-07-22 08:00:00
1721649600000,0.8498,0.8542,0.8297,0.8394,3808694.0,2024-07-22 12:00:00
1721664000000,0.8395,0.8522,0.836,0.8508,2229056.7,2024-07-22 16:00:00
1721678400000,0.8508,0.8528,0.8258,0.8314,2768996.7,2024-07-22 20:00:00
1721692800000,0.8314,0.845,0.8289,0.8389,1908920.0,2024-07-23 00:00:00
1721707200000,0.8388,0.8398,0.8138,0.8185,3772490.7,2024-07-23 04:00:00
1721721600000,0.8188,0.8465,0.8173,0.8339,3684413.3,2024-07-23 08:00:00
1721736000000,0.8339,0.8471,0.8207,0.8294,6000717.8,2024-07-23 12:00:00
1721750400000,0.8285,0.8292,0.8,0.819,5387245.2,2024-07-23 16:00:00
1721764800000,0.8189,0.8259,0.8097,0.8145,3112914.7,2024-07-23 20:00:00
1721779200000,0.8144,0.8224,0.7996,0.8076,2288800.9,2024-07-24 00:00:00
1721793600000,0.8077,0.8082,0.7901,0.8024,2842268.9,2024-07-24 04:00:00
1721808000000,0.8024,0.8141,0.8002,0.8135,2702005.4,2024-07-24 08:00:00
1721822400000,0.8134,0.8262,0.8051,0.8054,4056862.2,2024-07-24 12:00:00
1721836800000,0.8055,0.814,0.7949,0.7956,2251464.8,2024-07-24 16:00:00
1721851200000,0.7961,0.8005,0.7646,0.7709,4885569.8,2024-07-24 20:00:00
1721865600000,0.7708,0.7717,0.7376,0.7421,7903052.3,2024-07-25 00:00:00
1721880000000,0.7422,0.7509,0.7361,0.7448,4712492.0,2024-07-25 04:00:00
1721894400000,0.7449,0.7557,0.7377,0.7415,2876241.7,2024-07-25 08:00:00
1721908800000,0.7415,0.7474,0.72,0.7376,5535208.9,2024-07-25 12:00:00
1721923200000,0.7377,0.7458,0.712,0.7218,4853534.9,2024-07-25 16:00:00
1721937600000,0.7217,0.7522,0.71,0.7497,5135112.0,2024-07-25 20:00:00
1721952000000,0.7496,0.7641,0.7466,0.7591,3611455.9,2024-07-26 00:00:00
1721966400000,0.7592,0.78,0.7583,0.7731,3520384.5,2024-07-26 04:00:00
1721980800000,0.773,0.7827,0.7675,0.7726,2782495.8,2024-07-26 08:00:00
1721995200000,0.7728,0.783,0.7642,0.7812,2764715.9,2024-07-26 12:00:00
1722009600000,0.781,0.7934,0.7797,0.7872,1874464.5,2024-07-26 16:00:00
1722024000000,0.7872,0.7912,0.7824,0.7872,1008716.7,2024-07-26 20:00:00
1722038400000,0.7872,0.7878,0.7755,0.777,1727215.6,2024-07-27 00:00:00
1722052800000,0.777,0.7927,0.777,0.7887,1221969.6,2024-07-27 04:00:00
1722067200000,0.7887,0.7913,0.7773,0.7833,2035333.4,2024-07-27 08:00:00
1722081600000,0.7834,0.7972,0.7745,0.7812,3642937.8,2024-07-27 12:00:00
1722096000000,0.7812,0.7908,0.7703,0.7798,2933860.0,2024-07-27 16:00:00
1722110400000,0.7797,0.799,0.7631,0.7844,3957439.8,2024-07-27 20:00:00
1722124800000,0.7844,0.7844,0.7732,0.7735,1981452.1,2024-07-28 00:00:00
1722139200000,0.7734,0.774,0.7586,0.772,2128311.7,2024-07-28 04:00:00
1722153600000,0.772,0.7772,0.7672,0.7734,1039151.8,2024-07-28 08:00:00
1722168000000,0.7734,0.7766,0.7624,0.7628,1428486.0,2024-07-28 12:00:00
1722182400000,0.7628,0.7647,0.7571,0.7577,1621968.0,2024-07-28 16:00:00
1722196800000,0.7577,0.7581,0.7435,0.7498,2305035.5,2024-07-28 20:00:00
1722211200000,0.7498,0.783,0.7482,0.7731,3769904.2,2024-07-29 00:00:00
1722225600000,0.773,0.7851,0.7711,0.7795,4600844.8,2024-07-29 04:00:00
1722240000000,0.7797,0.7835,0.7739,0.774,3089472.4,2024-07-29 08:00:00
1722254400000,0.774,0.7801,0.7472,0.7552,5133518.5,2024-07-29 12:00:00
1722268800000,0.755,0.7564,0.7425,0.7483,4477956.7,2024-07-29 16:00:00
1722283200000,0.7482,0.7508,0.7362,0.74,1306871.9,2024-07-29 20:00:00
1722297600000,0.7401,0.7511,0.7313,0.7419,2221494.9,2024-07-30 00:00:00
1722312000000,0.7419,0.7495,0.7411,0.7475,1274214.6,2024-07-30 04:00:00
1722326400000,0.7474,0.7475,0.7282,0.7329,2399042.2,2024-07-30 08:00:00
1722340800000,0.7329,0.7393,0.7226,0.7303,2057499.2,2024-07-30 12:00:00
1722355200000,0.7305,0.7335,0.7011,0.7051,4725399.3,2024-07-30 16:00:00
1722369600000,0.7056,0.7096,0.694,0.7078,3519421.9,2024-07-30 20:00:00
1722384000000,0.7078,0.7153,0.7012,0.7078,3854929.1,2024-07-31 00:00:00
1722398400000,0.7073,0.7197,0.7009,0.7163,2034585.3,2024-07-31 04:00:00
1722412800000,0.7163,0.719,0.7093,0.7145,2154013.3,2024-07-31 08:00:00
1722427200000,0.7145,0.7264,0.7133,0.7176,2082647.7,2024-07-31 12:00:00
1722441600000,0.7176,0.7255,0.703,0.7078,3592468.5,2024-07-31 16:00:00
1722456000000,0.7074,0.7154,0.6936,0.7071,6538088.6,2024-07-31 20:00:00
1722470400000,0.7071,0.718,0.704,0.7091,3005620.4,2024-08-01 00:00:00
1722484800000,0.7094,0.713,0.688,0.6892,4343632.2,2024-08-01 04:00:00
1722499200000,0.6892,0.7056,0.688,0.7024,3347438.2,2024-08-01 08:00:00
1722513600000,0.7025,0.7136,0.6827,0.6906,8001991.4,2024-08-01 12:00:00
1722528000000,0.6907,0.6926,0.6571,0.6918,7667834.1,2024-08-01 16:00:00
1722542400000,0.6917,0.701,0.6801,0.6961,3808149.8,2024-08-01 20:00:00
1722556800000,0.6959,0.7007,0.6794,0.6899,4304433.9,2024-08-02 00:00:00
1722571200000,0.69,0.6935,0.6652,0.6743,3345458.8,2024-08-02 04:00:00
1722585600000,0.6742,0.6785,0.6673,0.677,3554066.8,2024-08-02 08:00:00
1722600000000,0.6769,0.6923,0.641,0.6605,8602985.5,2024-08-02 12:00:00
1722614400000,0.6602,0.6622,0.64,0.6473,4458954.2,2024-08-02 16:00:00
1722628800000,0.6472,0.655,0.6347,0.6381,4362263.7,2024-08-02 20:00:00
1722643200000,0.6381,0.648,0.6209,0.6464,7685847.4,2024-08-03 00:00:00
1722657600000,0.6466,0.6537,0.6416,0.6474,1495015.5,2024-08-03 04:00:00
1722672000000,0.6475,0.6496,0.6426,0.6469,1468473.2,2024-08-03 08:00:00
1722686400000,0.6467,0.6532,0.628,0.6285,2859325.5,2024-08-03 12:00:00
1722700800000,0.6285,0.632,0.5956,0.5966,10564601.1,2024-08-03 16:00:00
1722715200000,0.5966,0.6145,0.5938,0.6104,3507116.8,2024-08-03 20:00:00
1722729600000,0.6105,0.6224,0.6069,0.621,2490091.2,2024-08-04 00:00:00
1722744000000,0.6211,0.6259,0.6145,0.6161,1712642.0,2024-08-04 04:00:00
1722758400000,0.6161,0.6297,0.6127,0.6248,1653656.7,2024-08-04 08:00:00
1722772800000,0.6247,0.6256,0.5804,0.5818,8740147.4,2024-08-04 12:00:00
1722787200000,0.5823,0.6072,0.563,0.6026,12633997.5,2024-08-04 16:00:00
1722801600000,0.6024,0.6091,0.5747,0.5775,5028665.2,2024-08-04 20:00:00
1722816000000,0.5777,0.5815,0.5,0.5231,35810965.5,2024-08-05 00:00:00
1722830400000,0.5232,0.5342,0.4785,0.5174,35473084.7,2024-08-05 04:00:00
1722844800000,0.5173,0.5177,0.4658,0.4832,18745417.2,2024-08-05 08:00:00
1722859200000,0.4832,0.5553,0.4625,0.548,34261809.2,2024-08-05 12:00:00
1722873600000,0.5481,0.5567,0.5254,0.5325,12240417.7,2024-08-05 16:00:00
1722888000000,0.5322,0.5456,0.5274,0.5348,7100945.4,2024-08-05 20:00:00
1722902400000,0.5349,0.5843,0.5342,0.5656,9319370.8,2024-08-06 00:00:00
1722916800000,0.5653,0.5942,0.5621,0.5918,5889120.4,2024-08-06 04:00:00
1722931200000,0.5917,0.5917,0.5689,0.5748,5833997.9,2024-08-06 08:00:00
1722945600000,0.5744,0.6062,0.5649,0.5984,11160577.9,2024-08-06 12:00:00
1722960000000,0.5985,0.6046,0.5908,0.598,5836961.8,2024-08-06 16:00:00
1722974400000,0.598,0.6156,0.5952,0.6012,5377114.6,2024-08-06 20:00:00
1722988800000,0.6013,0.6205,0.5905,0.6144,5013714.8,2024-08-07 00:00:00
1723003200000,0.614,0.6212,0.6054,0.6126,3993251.7,2024-08-07 04:00:00
1723017600000,0.6129,0.6408,0.6109,0.6217,9310477.1,2024-08-07 08:00:00
1723032000000,0.622,0.6504,0.6106,0.6347,27838277.7,2024-08-07 12:00:00
1723046400000,0.6347,0.6408,0.62,0.6262,16405354.0,2024-08-07 16:00:00
1723060800000,0.6263,0.6346,0.6085,0.6167,8575318.8,2024-08-07 20:00:00
1723075200000,0.6168,0.6467,0.6,0.6344,10446316.4,2024-08-08 00:00:00
1723089600000,0.6344,0.6596,0.6321,0.6333,9082982.2,2024-08-08 04:00:00
1723104000000,0.6334,0.6577,0.6323,0.6542,7891857.8,2024-08-08 08:00:00
1723118400000,0.6542,0.7189,0.6435,0.7174,24809651.9,2024-08-08 12:00:00
1723132800000,0.7175,0.7771,0.7085,0.7749,21450988.1,2024-08-08 16:00:00
1723147200000,0.7749,0.8628,0.7717,0.8525,32692674.1,2024-08-08 20:00:00
1723161600000,0.8525,0.8709,0.8325,0.8433,22968982.6,2024-08-09 00:00:00
1723176000000,0.8433,0.8519,0.8251,0.8464,11338318.1,2024-08-09 04:00:00
1723190400000,0.8465,0.8518,0.8246,0.8352,10077131.1,2024-08-09 08:00:00
1723204800000,0.8352,0.8799,0.8314,0.8441,23596782.9,2024-08-09 12:00:00
1723219200000,0.8441,0.8677,0.8366,0.8583,10712343.7,2024-08-09 16:00:00
1723233600000,0.8582,0.8641,0.8422,0.8552,7398252.8,2024-08-09 20:00:00
1723248000000,0.8555,0.8861,0.8482,0.8615,12653159.7,2024-08-10 00:00:00
1723262400000,0.8614,0.8961,0.8579,0.8905,10871455.8,2024-08-10 04:00:00
1723276800000,0.8904,0.8967,0.8601,0.893,13340607.4,2024-08-10 08:00:00
1723291200000,0.8928,0.9522,0.8791,0.9384,26822375.5,2024-08-10 12:00:00
1723305600000,0.9383,0.96,0.9016,0.9295,18599889.8,2024-08-10 16:00:00
1723320000000,0.9296,0.9428,0.9069,0.9196,7915691.0,2024-08-10 20:00:00
1723334400000,0.9195,0.9218,0.8785,0.8835,13476841.2,2024-08-11 00:00:00
1723348800000,0.8834,0.9064,0.8806,0.8882,7685543.2,2024-08-11 04:00:00
1723363200000,0.8882,0.8986,0.8779,0.8844,7884226.7,2024-08-11 08:00:00
1723377600000,0.8843,0.9306,0.8732,0.9017,24444014.6,2024-08-11 12:00:00
1723392000000,0.9017,0.9228,0.886,0.8867,10508162.7,2024-08-11 16:00:00
1723406400000,0.8868,0.9153,0.8585,0.8737,19319849.4,2024-08-11 20:00:00
1723420800000,0.8735,0.9587,0.8731,0.9155,26942749.9,2024-08-12 00:00:00
1723435200000,0.9155,0.926,0.888,0.9014,16540133.9,2024-08-12 04:00:00
1723449600000,0.9015,1.067,0.9015,1.0481,56407781.6,2024-08-12 08:00:00
1723464000000,1.048,1.1174,1.013,1.0837,62019038.3,2024-08-12 12:00:00
1723478400000,1.0836,1.0878,0.9993,1.007,27162116.4,2024-08-12 16:00:00
1723492800000,1.007,1.0379,0.9963,1.0143,18527338.0,2024-08-12 20:00:00
1723507200000,1.0143,1.0165,0.9622,0.9668,21158757.3,2024-08-13 00:00:00
1723521600000,0.9668,0.9919,0.9568,0.9823,14219193.7,2024-08-13 04:00:00
1723536000000,0.9825,0.9916,0.9665,0.9844,11031659.8,2024-08-13 08:00:00
1723550400000,0.9844,0.9975,0.9324,0.9436,22460306.2,2024-08-13 12:00:00
1723564800000,0.9436,0.9816,0.9351,0.9509,20060691.5,2024-08-13 16:00:00
1723579200000,0.9509,0.9638,0.9437,0.9552,8989287.8,2024-08-13 20:00:00
1723593600000,0.9552,0.9728,0.9386,0.94,12381404.9,2024-08-14 00:00:00
1723608000000,0.9401,0.9546,0.927,0.9361,12101655.5,2024-08-14 04:00:00
1723622400000,0.9361,0.942,0.916,0.9217,20054642.8,2024-08-14 08:00:00
1723636800000,0.9218,0.9354,0.8871,0.9033,30405662.8,2024-08-14 12:00:00
1723651200000,0.9033,0.9069,0.886,0.8881,8563197.2,2024-08-14 16:00:00
1723665600000,0.888,0.9416,0.8865,0.934,12143316.1,2024-08-14 20:00:00
1723680000000,0.934,0.9394,0.9047,0.9089,9907340.0,2024-08-15 00:00:00
1723694400000,0.9091,0.9178,0.8821,0.9019,14239208.8,2024-08-15 04:00:00
1723708800000,0.9019,0.9035,0.8736,0.8986,13427882.3,2024-08-15 08:00:00
1723723200000,0.8983,0.9349,0.8516,0.8537,21044918.8,2024-08-15 12:00:00
1723737600000,0.8536,0.8711,0.8231,0.8395,20810857.0,2024-08-15 16:00:00
1723752000000,0.8395,0.8469,0.8268,0.8452,10572814.1,2024-08-15 20:00:00
1723766400000,0.8452,0.8774,0.8414,0.8646,13117828.6,2024-08-16 00:00:00
1723780800000,0.8646,0.8847,0.8613,0.8664,9396865.2,2024-08-16 04:00:00
1723795200000,0.8665,0.8761,0.8439,0.8454,5491288.9,2024-08-16 08:00:00
1723809600000,0.8454,0.8486,0.8062,0.8183,22088803.6,2024-08-16 12:00:00
1723824000000,0.8182,0.85,0.8087,0.8217,17247858.2,2024-08-16 16:00:00
1723838400000,0.8219,0.8354,0.811,0.8117,7307502.2,2024-08-16 20:00:00
1723852800000,0.8118,0.8186,0.7982,0.8044,7370718.8,2024-08-17 00:00:00
1723867200000,0.8045,0.824,0.8004,0.8124,6778703.1,2024-08-17 04:00:00
1723881600000,0.8124,0.8164,0.8045,0.8087,5737561.6,2024-08-17 08:00:00
1723896000000,0.8087,0.8407,0.8034,0.821,13596257.7,2024-08-17 12:00:00
1723910400000,0.821,0.851,0.8084,0.8093,11468077.8,2024-08-17 16:00:00
1723924800000,0.8093,0.832,0.8076,0.8281,4815501.4,2024-08-17 20:00:00
1723939200000,0.8281,0.8573,0.824,0.8276,11207708.5,2024-08-18 00:00:00
1723953600000,0.8273,0.8514,0.8242,0.8441,7110700.8,2024-08-18 04:00:00
1723968000000,0.844,0.8487,0.8185,0.8242,8824355.0,2024-08-18 08:00:00
1723982400000,0.824,0.8366,0.8182,0.8291,8557327.5,2024-08-18 12:00:00
1723996800000,0.8291,0.8504,0.8266,0.836,8956159.5,2024-08-18 16:00:00
1724011200000,0.8359,0.855,0.8231,0.8246,6518178.5,2024-08-18 20:00:00
1724025600000,0.8247,0.8507,0.8104,0.8494,10106110.6,2024-08-19 00:00:00
1724040000000,0.8491,0.8586,0.8374,0.8394,10892408.5,2024-08-19 04:00:00
1724054400000,0.8396,0.8406,0.8173,0.8302,8358342.4,2024-08-19 08:00:00
1724068800000,0.8301,0.8548,0.8214,0.8462,11874741.6,2024-08-19 12:00:00
1724083200000,0.8462,0.8999,0.838,0.8935,18747324.2,2024-08-19 16:00:00
1724097600000,0.8937,0.9172,0.8898,0.9012,16442635.4,2024-08-19 20:00:00
1724112000000,0.9012,0.9272,0.8872,0.8987,15135198.4,2024-08-20 00:00:00
1724126400000,0.8988,0.9295,0.8981,0.9092,11529042.2,2024-08-20 04:00:00
1724140800000,0.9092,0.9141,0.8784,0.8818,10567529.6,2024-08-20 08:00:00
1724155200000,0.882,0.8887,0.8657,0.8736,14391441.3,2024-08-20 12:00:00
1724169600000,0.8736,0.8822,0.8664,0.8769,7925398.9,2024-08-20 16:00:00
1724184000000,0.8769,0.883,0.8675,0.8706,5432654.6,2024-08-20 20:00:00
1724198400000,0.8706,0.8845,0.8618,0.872,6476426.7,2024-08-21 00:00:00
1724212800000,0.8719,0.8809,0.863,0.8675,7265905.3,2024-08-21 04:00:00
1724227200000,0.8675,0.8712,0.8464,0.8505,10796371.5,2024-08-21 08:00:00
1724241600000,0.8504,0.8582,0.8323,0.8379,10763675.4,2024-08-21 12:00:00
1724256000000,0.838,0.8623,0.835,0.8587,8139719.4,2024-08-21 16:00:00
1724270400000,0.8588,0.8642,0.8462,0.8496,8398011.2,2024-08-21 20:00:00
1724284800000,0.8495,0.8652,0.8448,0.8517,6528971.7,2024-08-22 00:00:00
1724299200000,0.8518,0.8527,0.8401,0.8414,5119391.6,2024-08-22 04:00:00
1724313600000,0.8413,0.8559,0.8379,0.8503,6936676.7,2024-08-22 08:00:00
1724328000000,0.8503,0.8511,0.8334,0.8392,7587432.8,2024-08-22 12:00:00
1724342400000,0.8387,0.8445,0.8353,0.8402,3420510.4,2024-08-22 16:00:00
1724356800000,0.8403,0.8543,0.8401,0.852,3334590.6,2024-08-22 20:00:00
1724371200000,0.8521,0.877,0.851,0.8608,8498991.4,2024-08-23 00:00:00
1724385600000,0.8608,0.8884,0.8608,0.8786,10535575.4,2024-08-23 04:00:00
1724400000000,0.8786,0.9198,0.8774,0.9011,16404994.7,2024-08-23 08:00:00
1724414400000,0.9012,0.9973,0.8914,0.9829,36355247.8,2024-08-23 12:00:00
1724428800000,0.9828,1.02,0.9757,1.0084,35383287.4,2024-08-23 16:00:00
1724443200000,1.0085,1.0365,1.0052,1.0158,20475854.5,2024-08-23 20:00:00
1724457600000,1.0158,1.0206,0.9855,0.9903,13788889.5,2024-08-24 00:00:00
1724472000000,0.9903,1.0473,0.9902,1.0178,18066263.0,2024-08-24 04:00:00
1724486400000,1.0177,1.0253,1.0039,1.0055,11097653.0,2024-08-24 08:00:00
1724500800000,1.0054,1.0242,1.0037,1.0185,7552284.3,2024-08-24 12:00:00
1724515200000,1.0184,1.0565,1.0155,1.0266,13651093.9,2024-08-24 16:00:00
1724529600000,1.0267,1.0306,1.002,1.018,8618745.6,2024-08-24 20:00:00
1724544000000,1.018,1.019,0.9768,0.9977,12156579.4,2024-08-25 00:00:00
1724558400000,0.9977,0.9994,0.9566,0.9671,10225393.6,2024-08-25 04:00:00
1724572800000,0.9669,0.9912,0.9604,0.977,8445535.2,2024-08-25 08:00:00
1724587200000,0.977,1.0139,0.9749,1.0019,7637276.3,2024-08-25 12:00:00
1724601600000,1.0019,1.0125,0.9958,1.0043,6066636.5,2024-08-25 16:00:00
1724616000000,1.0043,1.022,0.9926,0.999,7039876.2,2024-08-25 20:00:00
1724630400000,0.9988,1.0144,0.9765,0.9938,11323824.7,2024-08-26 00:00:00
1724644800000,0.9937,1.0008,0.9707,0.9718,10232302.8,2024-08-26 04:00:00
1724659200000,0.9718,0.9872,0.9629,0.9729,9032308.6,2024-08-26 08:00:00
1724673600000,0.9729,0.9746,0.9451,0.9571,14186182.5,2024-08-26 12:00:00
1724688000000,0.957,0.9641,0.9318,0.9415,9982127.8,2024-08-26 16:00:00
1724702400000,0.9414,0.9464,0.9263,0.9265,6756228.8,2024-08-26 20:00:00
1724716800000,0.9265,0.9768,0.9263,0.9649,13329033.2,2024-08-27 00:00:00
1724731200000,0.9651,0.9705,0.9354,0.9364,9996257.2,2024-08-27 04:00:00
1724745600000,0.9364,0.9462,0.8903,0.9015,15168116.3,2024-08-27 08:00:00
1724760000000,0.9015,0.9032,0.8844,0.9011,17799150.9,2024-08-27 12:00:00
1724774400000,0.901,0.9441,0.8979,0.9027,19032685.3,2024-08-27 16:00:00
1724788800000,0.9028,0.9034,0.8321,0.8475,23219941.2,2024-08-27 20:00:00
1724803200000,0.8475,0.8475,0.8157,0.8439,15171014.2,2024-08-28 00:00:00
1724817600000,0.8438,0.8444,0.8155,0.8163,9865259.5,2024-08-28 04:00:00
1724832000000,0.8166,0.8513,0.8113,0.8322,17190036.2,2024-08-28 08:00:00
1724846400000,0.8322,0.8448,0.7963,0.8058,15432960.3,2024-08-28 12:00:00
1724860800000,0.8058,0.8325,0.7624,0.8179,33817200.5,2024-08-28 16:00:00
1724875200000,0.8181,0.8367,0.8001,0.8098,10657701.5,2024-08-28 20:00:00
1724889600000,0.8099,0.8411,0.8086,0.8188,7827010.4,2024-08-29 00:00:00
1724904000000,0.8189,0.8333,0.8106,0.8301,5661532.7,2024-08-29 04:00:00
1724918400000,0.8301,0.8545,0.8236,0.8411,8194473.5,2024-08-29 08:00:00
1724932800000,0.841,0.8542,0.8347,0.8444,8367231.7,2024-08-29 12:00:00
1724947200000,0.8442,0.8478,0.793,0.8019,8475903.0,2024-08-29 16:00:00
1724961600000,0.8019,0.8155,0.7956,0.8034,4850462.6,2024-08-29 20:00:00
1724976000000,0.8031,0.8128,0.7938,0.8001,5713015.2,2024-08-30 00:00:00
1724990400000,0.8002,0.8199,0.7938,0.8143,4126300.0,2024-08-30 04:00:00
1725004800000,0.8142,0.8234,0.8054,0.8055,4591420.4,2024-08-30 08:00:00
1725019200000,0.8056,0.8196,0.7662,0.7702,17049274.9,2024-08-30 12:00:00
1725033600000,0.7704,0.8378,0.7673,0.8114,16050085.0,2024-08-30 16:00:00
1725048000000,0.8122,0.8371,0.8049,0.8319,6906251.9,2024-08-30 20:00:00
1725062400000,0.8319,0.8363,0.8225,0.8255,3380569.4,2024-08-31 00:00:00
1725076800000,0.8255,0.8306,0.8146,0.8183,2996398.0,2024-08-31 04:00:00
1725091200000,0.8182,0.8217,0.8068,0.8126,3658381.2,2024-08-31 08:00:00
1725105600000,0.8123,0.8164,0.8041,0.8102,2550463.6,2024-08-31 12:00:00
1725120000000,0.8102,0.8121,0.7843,0.7977,3979141.4,2024-08-31 16:00:00
1725134400000,0.7977,0.8077,0.7935,0.7962,1843234.4,2024-08-31 20:00:00
1725148800000,0.7961,0.8055,0.7851,0.8016,3691653.5,2024-09-01 00:00:00
1725163200000,0.8017,0.8019,0.7838,0.8016,3925542.6,2024-09-01 04:00:00
1725177600000,0.8017,0.8021,0.785,0.7907,2417696.6,2024-09-01 08:00:00
1725192000000,0.7901,0.8115,0.7731,0.8055,7623065.7,2024-09-01 12:00:00
1725206400000,0.8055,0.8097,0.7803,0.8075,5858961.2,2024-09-01 16:00:00
1725220800000,0.8076,0.8129,0.756,0.7606,8227682.8,2024-09-01 20:00:00
1725235200000,0.7606,0.7901,0.7591,0.7813,9700456.2,2024-09-02 00:00:00
1725249600000,0.7815,0.7826,0.7415,0.7444,8040103.1,2024-09-02 04:00:00
1725264000000,0.7442,0.7868,0.7441,0.777,9809379.9,2024-09-02 08:00:00
1725278400000,0.7768,0.7869,0.7597,0.7758,10714242.4,2024-09-02 12:00:00
1725292800000,0.7759,0.7833,0.7644,0.7691,6018944.4,2024-09-02 16:00:00
1725307200000,0.7692,0.799,0.7683,0.7871,5676551.0,2024-09-02 20:00:00
1725321600000,0.7869,0.8047,0.7803,0.7915,8788950.5,2024-09-03 00:00:00
1725336000000,0.7915,0.8279,0.7817,0.8198,13831170.5,2024-09-03 04:00:00
1725350400000,0.8199,0.8376,0.8027,0.831,13255308.3,2024-09-03 08:00:00
1725364800000,0.8313,0.8327,0.7829,0.7854,15593406.3,2024-09-03 12:00:00
1725379200000,0.7854,0.8226,0.78,0.8148,10437219.9,2024-09-03 16:00:00
1725393600000,0.8148,0.8215,0.7835,0.7853,8436910.3,2024-09-03 20:00:00
1725408000000,0.7853,0.807,0.7487,0.8047,19092265.5,2024-09-04 00:00:00
1725422400000,0.8046,0.8135,0.781,0.7956,13224510.8,2024-09-04 04:00:00
1725436800000,0.7957,0.7976,0.7643,0.7722,11356488.2,2024-09-04 08:00:00
1725451200000,0.772,0.8249,0.7696,0.8219,24767957.0,2024-09-04 12:00:00
1725465600000,0.8218,0.8339,0.8092,0.8129,12018903.7,2024-09-04 16:00:00
1725480000000,0.8128,0.8171,0.8042,0.8089,4481000.6,2024-09-04 20:00:00
1725494400000,0.809,0.8286,0.7964,0.8003,8133415.9,2024-09-05 00:00:00
1725508800000,0.8002,0.8403,0.7985,0.8362,12939205.9,2024-09-05 04:00:00
1725523200000,0.8361,0.8394,0.8149,0.8173,9223670.3,2024-09-05 08:00:00
1725537600000,0.8171,0.8289,0.7864,0.7945,16479301.8,2024-09-05 12:00:00
1725552000000,0.7945,0.8004,0.78,0.7837,7153482.1,2024-09-05 16:00:00
1725566400000,0.7837,0.8046,0.7813,0.7971,4019126.9,2024-09-05 20:00:00
1725580800000,0.7969,0.8379,0.7968,0.8268,10959453.5,2024-09-06 00:00:00
1725595200000,0.8269,0.8342,0.8139,0.8231,12306686.0,2024-09-06 04:00:00
1725609600000,0.8233,0.8499,0.8124,0.8363,15342481.7,2024-09-06 08:00:00
1725624000000,0.836,0.888,0.8355,0.8484,47335497.5,2024-09-06 12:00:00
1725638400000,0.8488,0.8565,0.8176,0.8269,25390161.6,2024-09-06 16:00:00
1725652800000,0.827,0.8402,0.7889,0.8376,22141711.7,2024-09-06 20:00:00
1725667200000,0.8377,0.8664,0.8326,0.8329,13026222.9,2024-09-07 00:00:00
1725681600000,0.833,0.89,0.8288,0.8709,19657851.4,2024-09-07 04:00:00
1725696000000,0.8708,0.8805,0.8625,0.8651,12500502.7,2024-09-07 08:00:00
1725710400000,0.865,0.8747,0.8565,0.873,11250121.2,2024-09-07 12:00:00
1725724800000,0.8728,0.9175,0.8531,0.9098,17306797.1,2024-09-07 16:00:00
1725739200000,0.9097,0.918,0.8789,0.8914,12340265.1,2024-09-07 20:00:00
1725753600000,0.8914,0.9146,0.8842,0.9131,12819149.9,2024-09-08 00:00:00
1725768000000,0.9131,0.9455,0.9115,0.9419,16633755.7,2024-09-08 04:00:00
1725782400000,0.9421,0.9865,0.9383,0.954,32628550.7,2024-09-08 08:00:00
1725796800000,0.9544,0.9665,0.924,0.9244,26968651.2,2024-09-08 12:00:00
1725811200000,0.9244,0.95,0.9241,0.9374,16330710.4,2024-09-08 16:00:00
1725825600000,0.9374,0.9569,0.9274,0.9393,16106305.6,2024-09-08 20:00:00
1725840000000,0.9393,0.9478,0.9132,0.9181,12676371.0,2024-09-09 00:00:00
1725854400000,0.9182,0.9211,0.9028,0.9105,11734792.5,2024-09-09 04:00:00
1725868800000,0.9102,0.9327,0.9088,0.9259,15841454.0,2024-09-09 08:00:00
1725883200000,0.9258,0.928,0.8948,0.902,14620432.8,2024-09-09 12:00:00
1725897600000,0.902,0.9547,0.9015,0.9532,20885344.6,2024-09-09 16:00:00
1725912000000,0.9532,0.974,0.9303,0.9581,24077593.9,2024-09-09 20:00:00
1725926400000,0.9581,0.9711,0.9364,0.9386,12841069.8,2024-09-10 00:00:00
1725940800000,0.9386,0.9425,0.9188,0.928,13066528.3,2024-09-10 04:00:00
1725955200000,0.928,0.9338,0.9143,0.9318,10955605.0,2024-09-10 08:00:00
1725969600000,0.9315,0.9346,0.9093,0.9099,11942667.4,2024-09-10 12:00:00
1725984000000,0.91,0.9352,0.9093,0.9291,11599099.4,2024-09-10 16:00:00
1725998400000,0.9292,0.9317,0.9164,0.9179,6753209.3,2024-09-10 20:00:00
1726012800000,0.918,0.9227,0.8838,0.8877,14250984.4,2024-09-11 00:00:00
1726027200000,0.8876,0.8893,0.8738,0.8884,10871640.4,2024-09-11 04:00:00
1726041600000,0.8884,0.8908,0.8745,0.8811,6780109.3,2024-09-11 08:00:00
1726056000000,0.8812,0.8974,0.8663,0.8812,20225785.6,2024-09-11 12:00:00
1726070400000,0.8811,0.9225,0.8803,0.9087,15942620.3,2024-09-11 16:00:00
1726084800000,0.9085,0.9335,0.9069,0.9301,9781289.6,2024-09-11 20:00:00
1726099200000,0.9301,1.0215,0.9272,1.0078,38720323.5,2024-09-12 00:00:00
1726113600000,1.0078,1.0496,1.0046,1.0192,29690945.7,2024-09-12 04:00:00
1726128000000,1.0191,1.045,1.0163,1.0408,24411293.3,2024-09-12 08:00:00
1726142400000,1.0409,1.0711,1.0182,1.023,36968942.4,2024-09-12 12:00:00
1726156800000,1.0229,1.039,1.0057,1.0379,24765304.2,2024-09-12 16:00:00
1726171200000,1.0378,1.049,1.026,1.0395,17998003.1,2024-09-12 20:00:00
1726185600000,1.0395,1.0481,1.0171,1.0296,10858659.6,2024-09-13 00:00:00
1726200000000,1.0296,1.0339,1.0073,1.0124,10292090.9,2024-09-13 04:00:00
1726214400000,1.0124,1.0148,0.9927,0.995,13332379.9,2024-09-13 08:00:00
1726228800000,0.9952,1.0308,0.994,1.0267,16723954.7,2024-09-13 12:00:00
1726243200000,1.0268,1.0485,1.017,1.0263,18397095.0,2024-09-13 16:00:00
1726257600000,1.0263,1.0338,1.0181,1.0275,8055365.5,2024-09-13 20:00:00
1726272000000,1.0275,1.057,1.0204,1.0411,12844076.9,2024-09-14 00:00:00
1726286400000,1.0411,1.0692,1.0317,1.0329,15567547.1,2024-09-14 04:00:00
1726300800000,1.033,1.0364,1.0079,1.0125,10758152.4,2024-09-14 08:00:00
1726315200000,1.0125,1.0298,1.0044,1.0158,9459964.0,2024-09-14 12:00:00
1726329600000,1.0158,1.0312,1.0031,1.0096,9553769.8,2024-09-14 16:00:00
1726344000000,1.0093,1.0477,1.0059,1.0445,12767570.7,2024-09-14 20:00:00
1726358400000,1.0445,1.11,1.041,1.0795,23683026.2,2024-09-15 00:00:00
1726372800000,1.0794,1.0933,1.0616,1.0721,10973861.7,2024-09-15 04:00:00
1726387200000,1.0722,1.1232,1.0675,1.0934,28095776.1,2024-09-15 08:00:00
1726401600000,1.0935,1.0959,1.0735,1.084,10974871.8,2024-09-15 12:00:00
1726416000000,1.0841,1.142,1.0672,1.1219,30471842.9,2024-09-15 16:00:00
1726430400000,1.1219,1.1246,1.0739,1.0787,15259189.0,2024-09-15 20:00:00
1726444800000,1.0787,1.0963,1.0522,1.0897,18552242.5,2024-09-16 00:00:00
1726459200000,1.0894,1.1146,1.064,1.1065,18889805.1,2024-09-16 04:00:00
1726473600000,1.1061,1.13,1.0903,1.0999,22548479.5,2024-09-16 08:00:00
1726488000000,1.0999,1.104,1.0629,1.0637,23002686.2,2024-09-16 12:00:00
1726502400000,1.0638,1.0714,1.0227,1.0461,29293249.1,2024-09-16 16:00:00
1726516800000,1.0462,1.0513,1.0262,1.0419,9672869.2,2024-09-16 20:00:00
1726531200000,1.042,1.0773,1.0177,1.0704,15772937.7,2024-09-17 00:00:00
1726545600000,1.0703,1.1132,1.0664,1.1059,19961441.9,2024-09-17 04:00:00
1726560000000,1.1062,1.1907,1.1062,1.1842,40080389.2,2024-09-17 08:00:00
1726574400000,1.1841,1.1854,1.1434,1.1516,32418006.4,2024-09-17 12:00:00
1726588800000,1.1516,1.1624,1.1332,1.1424,17813452.1,2024-09-17 16:00:00
1726603200000,1.1425,1.1813,1.1365,1.1694,12922704.3,2024-09-17 20:00:00
1726617600000,1.1694,1.2365,1.1423,1.2028,29459994.2,2024-09-18 00:00:00
1726632000000,1.2027,1.2117,1.1786,1.2068,14063255.8,2024-09-18 04:00:00
1726646400000,1.2067,1.209,1.1557,1.1663,19811116.1,2024-09-18 08:00:00
1726660800000,1.1664,1.1995,1.1608,1.1652,18445274.0,2024-09-18 12:00:00
1726675200000,1.165,1.2698,1.1598,1.234,50290430.0,2024-09-18 16:00:00
1726689600000,1.234,1.3182,1.2189,1.3141,26263027.2,2024-09-18 20:00:00
1726704000000,1.3142,1.393,1.3107,1.3684,40516573.3,2024-09-19 00:00:00
1726718400000,1.3684,1.3892,1.3528,1.3632,20112801.5,2024-09-19 04:00:00
1726732800000,1.3635,1.37,1.3236,1.3614,25190433.8,2024-09-19 08:00:00
1726747200000,1.3611,1.3759,1.3211,1.3284,21636648.3,2024-09-19 12:00:00
1726761600000,1.3285,1.3522,1.3078,1.3478,16995849.3,2024-09-19 16:00:00
1726776000000,1.3477,1.411,1.3418,1.379,18601665.6,2024-09-19 20:00:00
1726790400000,1.3794,1.4499,1.3483,1.4224,31179324.6,2024-09-20 00:00:00
1726804800000,1.4224,1.4907,1.4099,1.4892,29141659.4,2024-09-20 04:00:00
1726819200000,1.4892,1.5769,1.4578,1.5551,44707233.3,2024-09-20 08:00:00
1726833600000,1.555,1.563,1.4608,1.5037,49278058.2,2024-09-20 12:00:00
1726848000000,1.5042,1.5235,1.4657,1.4951,25972791.6,2024-09-20 16:00:00
1726862400000,1.4951,1.5233,1.4533,1.4698,14533302.2,2024-09-20 20:00:00
1726876800000,1.4699,1.5125,1.4529,1.464,15424741.7,2024-09-21 00:00:00
1726891200000,1.4638,1.4899,1.4323,1.4799,19149675.0,2024-09-21 04:00:00
1726905600000,1.4799,1.5065,1.4764,1.4896,10912728.3,2024-09-21 08:00:00
1726920000000,1.4897,1.5087,1.4687,1.4884,15349704.1,2024-09-21 12:00:00
1726934400000,1.4888,1.4978,1.4665,1.4905,7774855.3,2024-09-21 16:00:00
1726948800000,1.4904,1.4996,1.4769,1.4816,5848668.4,2024-09-21 20:00:00
1726963200000,1.4817,1.4964,1.44,1.4652,13030142.5,2024-09-22 00:00:00
1726977600000,1.4655,1.466,1.421,1.455,9675712.4,2024-09-22 04:00:00
1726992000000,1.4549,1.4964,1.45,1.4889,12114117.7,2024-09-22 08:00:00
1727006400000,1.4891,1.5794,1.4704,1.5069,38672162.8,2024-09-22 12:00:00
1727020800000,1.5069,1.6341,1.4942,1.618,40395795.2,2024-09-22 16:00:00
1727035200000,1.6178,1.6204,1.5232,1.5848,26525759.1,2024-09-22 20:00:00
1727049600000,1.585,1.6466,1.5527,1.6098,27661649.5,2024-09-23 00:00:00
1727064000000,1.6096,1.6389,1.5559,1.5618,20912668.3,2024-09-23 04:00:00
1727078400000,1.5617,1.5653,1.514,1.5288,21691735.6,2024-09-23 08:00:00
1727092800000,1.5282,1.5587,1.5088,1.5487,28976934.8,2024-09-23 12:00:00
1727107200000,1.5487,1.57,1.528,1.5402,14503628.0,2024-09-23 16:00:00
1727121600000,1.5403,1.556,1.5214,1.5348,8872117.4,2024-09-23 20:00:00
1727136000000,1.5348,1.5784,1.5177,1.5422,19269068.3,2024-09-24 00:00:00
1727150400000,1.5424,1.5516,1.4931,1.535,16429966.9,2024-09-24 04:00:00
1727164800000,1.535,1.5779,1.5222,1.532,18722365.2,2024-09-24 08:00:00
1727179200000,1.5319,1.6179,1.5127,1.5901,48513434.2,2024-09-24 12:00:00
1727193600000,1.5904,1.687,1.5756,1.6782,26749937.2,2024-09-24 16:00:00
1727208000000,1.6777,1.7929,1.6545,1.743,31536270.6,2024-09-24 20:00:00
1727222400000,1.7431,1.769,1.7178,1.76,19259131.7,2024-09-25 00:00:00
1727236800000,1.7599,1.7755,1.7029,1.7427,21491950.6,2024-09-25 04:00:00
1727251200000,1.7427,1.7547,1.7203,1.7205,13600799.5,2024-09-25 08:00:00
1727265600000,1.7205,1.7369,1.6905,1.6996,19520197.9,2024-09-25 12:00:00
1727280000000,1.6995,1.7125,1.6685,1.6857,17626677.0,2024-09-25 16:00:00
1727294400000,1.6858,1.7099,1.646,1.6978,16556828.5,2024-09-25 20:00:00
1727308800000,1.6978,1.73,1.6648,1.724,19735900.4,2024-09-26 00:00:00
1727323200000,1.7239,1.7252,1.676,1.6992,12184034.1,2024-09-26 04:00:00
1727337600000,1.6991,1.7238,1.6701,1.7108,18287909.2,2024-09-26 08:00:00
1727352000000,1.7108,1.7499,1.6814,1.7144,26751851.5,2024-09-26 12:00:00
1727366400000,1.7145,1.7575,1.6861,1.7267,19022116.4,2024-09-26 16:00:00
1727380800000,1.7269,1.7307,1.6003,1.6401,28532376.6,2024-09-26 20:00:00
1727395200000,1.6401,1.6827,1.6292,1.6654,18148950.9,2024-09-27 00:00:00
1727409600000,1.6654,1.7347,1.6617,1.7068,20328666.6,2024-09-27 04:00:00
1727424000000,1.7068,1.7175,1.6852,1.7154,12015235.5,2024-09-27 08:00:00
1727438400000,1.7152,1.7228,1.65,1.6804,18975182.4,2024-09-27 12:00:00
1727452800000,1.6804,1.6911,1.6148,1.6414,14490313.1,2024-09-27 16:00:00
1727467200000,1.6415,1.6858,1.6343,1.6568,8796789.6,2024-09-27 20:00:00
1727481600000,1.6568,1.6733,1.6307,1.6395,10310621.4,2024-09-28 00:00:00
1727496000000,1.6397,1.6443,1.6069,1.6333,10251698.0,2024-09-28 04:00:00
1727510400000,1.6333,1.6466,1.614,1.6242,8151220.8,2024-09-28 08:00:00
1727524800000,1.6242,1.6573,1.6081,1.6438,9789243.3,2024-09-28 12:00:00
1727539200000,1.6438,1.6542,1.634,1.6455,6189392.1,2024-09-28 16:00:00
1727553600000,1.6456,1.6936,1.6186,1.687,9361800.8,2024-09-28 20:00:00
1727568000000,1.6869,1.7222,1.6616,1.6801,16226473.1,2024-09-29 00:00:00
1727582400000,1.6805,1.6904,1.63,1.6334,8786719.9,2024-09-29 04:00:00
1727596800000,1.6335,1.6985,1.628,1.6811,14840276.1,2024-09-29 08:00:00
1727611200000,1.6812,1.8101,1.6761,1.7952,44540051.8,2024-09-29 12:00:00
1727625600000,1.7953,1.85,1.7934,1.8291,26561270.7,2024-09-29 16:00:00
1727640000000,1.8292,1.8363,1.74,1.758,14571288.4,2024-09-29 20:00:00
1727654400000,1.7585,1.7795,1.7012,1.7384,21148266.2,2024-09-30 00:00:00
1727668800000,1.7383,1.7939,1.7259,1.783,15932628.5,2024-09-30 04:00:00
1727683200000,1.7829,1.783,1.72,1.7497,14353761.4,2024-09-30 08:00:00
1727697600000,1.7497,1.7786,1.7275,1.7464,12933069.1,2024-09-30 12:00:00
1727712000000,1.7462,1.8408,1.7456,1.8059,19911837.4,2024-09-30 16:00:00
1727726400000,1.8059,1.8351,1.7631,1.7743,13738845.7,2024-09-30 20:00:00
1727740800000,1.7742,1.9,1.7552,1.8936,27058690.4,2024-10-01 00:00:00
1727755200000,1.8933,1.9335,1.8454,1.8555,25492353.8,2024-10-01 04:00:00
1727769600000,1.8555,1.9125,1.844,1.892,14109237.0,2024-10-01 08:00:00
1727784000000,1.892,1.9081,1.714,1.7958,71633261.1,2024-10-01 12:00:00
1727798400000,1.7953,1.8098,1.6589,1.7309,47175217.9,2024-10-01 16:00:00
1727812800000,1.7314,1.7879,1.6848,1.7571,25607337.2,2024-10-01 20:00:00
1727827200000,1.7572,1.8287,1.7387,1.817,18745822.9,2024-10-02 00:00:00
1727841600000,1.8169,1.9319,1.8057,1.8935,30816704.8,2024-10-02 04:00:00
1727856000000,1.894,1.926,1.8205,1.8327,34409225.6,2024-10-02 08:00:00
1727870400000,1.8325,1.9148,1.7956,1.8914,34143693.7,2024-10-02 12:00:00
1727884800000,1.8916,1.9079,1.75,1.8145,28835811.1,2024-10-02 16:00:00
1727899200000,1.8143,1.8623,1.7785,1.856,20434903.7,2024-10-02 20:00:00
1727913600000,1.856,2.0116,1.8416,1.9469,46764345.1,2024-10-03 00:00:00
1727928000000,1.9468,1.9512,1.8548,1.862,19421797.9,2024-10-03 04:00:00
1727942400000,1.862,1.9312,1.8192,1.8729,32155988.1,2024-10-03 08:00:00
1727956800000,1.8728,1.8953,1.6297,1.7149,53541062.2,2024-10-03 12:00:00
1727971200000,1.7146,1.7612,1.5983,1.7373,44277413.6,2024-10-03 16:00:00
1727985600000,1.7373,1.7505,1.6556,1.6633,17567602.8,2024-10-03 20:00:00
1728000000000,1.6633,1.7169,1.6235,1.6515,24682159.5,2024-10-04 00:00:00
1728014400000,1.6517,1.7263,1.6484,1.6954,23492107.8,2024-10-04 04:00:00
1728028800000,1.6951,1.7998,1.6841,1.7387,29595944.5,2024-10-04 08:00:00
1728043200000,1.7386,1.8239,1.6906,1.7503,40414049.3,2024-10-04 12:00:00
1728057600000,1.7504,1.7948,1.73,1.7868,19706658.9,2024-10-04 16:00:00
1728072000000,1.787,1.8006,1.7433,1.7731,10445452.4,2024-10-04 20:00:00
1728086400000,1.7732,1.7884,1.6919,1.6952,11218828.0,2024-10-05 00:00:00
1728100800000,1.6953,1.7419,1.6933,1.72,10638394.0,2024-10-05 04:00:00
1728115200000,1.72,1.7379,1.6931,1.7112,9642444.0,2024-10-05 08:00:00
1728129600000,1.7112,1.7325,1.7,1.7068,6395381.2,2024-10-05 12:00:00
1728144000000,1.7067,1.7705,1.6939,1.7324,14782566.4,2024-10-05 16:00:00
1728158400000,1.7322,1.759,1.6956,1.7541,8440658.4,2024-10-05 20:00:00
1728172800000,1.7544,1.7659,1.7278,1.7322,8306397.2,2024-10-06 00:00:00
1728187200000,1.7324,1.7427,1.7081,1.7278,6503095.7,2024-10-06 04:00:00
1728201600000,1.7279,1.7489,1.7191,1.7199,7234083.0,2024-10-06 08:00:00
1728216000000,1.7199,1.7802,1.7143,1.751,19101084.6,2024-10-06 12:00:00
1728230400000,1.751,1.8666,1.7509,1.8306,23866175.8,2024-10-06 16:00:00
1728244800000,1.8304,1.8535,1.797,1.841,10048203.3,2024-10-06 20:00:00
1728259200000,1.8409,1.9405,1.8364,1.8946,25525802.8,2024-10-07 00:00:00
1728273600000,1.8946,1.928,1.8922,1.9224,15169524.4,2024-10-07 04:00:00
1728288000000,1.9225,1.99,1.9074,1.964,30371752.9,2024-10-07 08:00:00
1728302400000,1.9639,2.13,1.9284,2.0827,52492236.0,2024-10-07 12:00:00
1728316800000,2.0826,2.168,2.0494,2.108,40653985.7,2024-10-07 16:00:00
1728331200000,2.1081,2.11,2.0037,2.0173,27301156.9,2024-10-07 20:00:00
1728345600000,2.0173,2.1288,2.0138,2.107,28664033.2,2024-10-08 00:00:00
1728360000000,2.1071,2.1347,1.9618,1.9847,31716255.6,2024-10-08 04:00:00
1728374400000,1.9851,2.0426,1.9755,2.0361,15273808.5,2024-10-08 08:00:00
1728388800000,2.036,2.0508,1.95,1.9726,36955799.9,2024-10-08 12:00:00
1728403200000,1.9726,1.9879,1.9295,1.9795,22071028.2,2024-10-08 16:00:00
1728417600000,1.9795,2.0242,1.9674,1.9868,12537896.3,2024-10-08 20:00:00
1728432000000,1.9869,1.997,1.9385,1.9539,14112369.7,2024-10-09 00:00:00
1728446400000,1.9539,1.9871,1.9155,1.9191,15383510.9,2024-10-09 04:00:00
1728460800000,1.9191,1.9292,1.8909,1.9077,13933524.8,2024-10-09 08:00:00
1728475200000,1.9077,1.9974,1.8736,1.9851,34092045.0,2024-10-09 12:00:00
1728489600000,1.9851,1.9942,1.891,1.8941,22576617.1,2024-10-09 16:00:00
1728504000000,1.8941,1.899,1.8435,1.8755,18190142.2,2024-10-09 20:00:00
1728518400000,1.8756,1.9049,1.8568,1.8698,12117348.8,2024-10-10 00:00:00
1728532800000,1.8698,1.8944,1.851,1.8516,8998295.5,2024-10-10 04:00:00
1728547200000,1.8516,1.8576,1.7844,1.8531,24803900.6,2024-10-10 08:00:00
1728561600000,1.8529,1.8612,1.7791,1.8113,27729478.3,2024-10-10 12:00:00
1728576000000,1.8113,1.8277,1.7467,1.8075,24536991.9,2024-10-10 16:00:00
1728590400000,1.8075,1.8492,1.7938,1.8345,10928877.4,2024-10-10 20:00:00
1728604800000,1.8347,1.8468,1.8101,1.8301,9552046.7,2024-10-11 00:00:00
1728619200000,1.8301,1.8601,1.79,1.8455,14224987.4,2024-10-11 04:00:00
1728633600000,1.8455,1.95,1.8426,1.9313,27495616.8,2024-10-11 08:00:00
1728648000000,1.9312,2.0742,1.9288,2.0315,43115620.7,2024-10-11 12:00:00
1728662400000,2.0316,2.0665,2.0043,2.0415,21845882.3,2024-10-11 16:00:00
1728676800000,2.0411,2.0876,2.0212,2.054,16504466.3,2024-10-11 20:00:00
1728691200000,2.054,2.0851,2.0054,2.0149,18580474.2,2024-10-12 00:00:00
1728705600000,2.0149,2.0311,2.0032,2.0206,9670939.9,2024-10-12 04:00:00
1728720000000,2.0207,2.1708,2.013,2.1234,26737965.6,2024-10-12 08:00:00
1728734400000,2.1233,2.2719,2.1144,2.2068,42182604.2,2024-10-12 12:00:00
1728748800000,2.2069,2.2446,2.1919,2.227,17228706.1,2024-10-12 16:00:00
1728763200000,2.2268,2.2882,2.224,2.2415,16299683.5,2024-10-12 20:00:00
1728777600000,2.242,2.298,2.2046,2.217,18946582.6,2024-10-13 00:00:00
1728792000000,2.2171,2.2555,2.2105,2.2326,11478052.2,2024-10-13 04:00:00
1728806400000,2.2326,2.2501,2.1538,2.1661,17300340.1,2024-10-13 08:00:00
1728820800000,2.166,2.1991,2.1235,2.148,16383894.0,2024-10-13 12:00:00
1728835200000,2.148,2.2437,2.1451,2.2385,23694746.8,2024-10-13 16:00:00
1728849600000,2.2385,2.368,2.2158,2.3438,27504014.7,2024-10-13 20:00:00
1728864000000,2.3436,2.3498,2.2089,2.2765,37549693.6,2024-10-14 00:00:00
1728878400000,2.276,2.2774,2.2296,2.264,18678281.0,2024-10-14 04:00:00
1728892800000,2.2637,2.264,2.218,2.2428,16763343.8,2024-10-14 08:00:00
1728907200000,2.2428,2.3011,2.2175,2.2577,25283115.7,2024-10-14 12:00:00
1728921600000,2.2576,2.2666,2.2316,2.2382,12197741.0,2024-10-14 16:00:00
1728936000000,2.2381,2.2788,2.2223,2.2501,13395602.7,2024-10-14 20:00:00
1728950400000,2.2502,2.254,2.1743,2.2149,22220040.3,2024-10-15 00:00:00
1728964800000,2.215,2.2479,2.178,2.23,13812003.2,2024-10-15 04:00:00
1728979200000,2.2301,2.2748,2.0925,2.1127,37040833.4,2024-10-15 08:00:00
1728993600000,2.1126,2.2278,2.05,2.0758,65260205.4,2024-10-15 12:00:00
1729008000000,2.0758,2.1185,2.0501,2.0772,20989027.1,2024-10-15 16:00:00
1729022400000,2.0771,2.0786,1.9725,2.0597,27453355.2,2024-10-15 20:00:00
1729036800000,2.0596,2.0616,1.9901,1.9922,16028518.6,2024-10-16 00:00:00
1729051200000,1.9922,2.0664,1.9817,2.0255,16325252.0,2024-10-16 04:00:00
1729065600000,2.0257,2.0959,2.0091,2.0554,22433972.3,2024-10-16 08:00:00
1729080000000,2.0554,2.077,1.9758,1.993,21040857.7,2024-10-16 12:00:00
1729094400000,1.993,2.0551,1.9919,2.0372,9246613.4,2024-10-16 16:00:00
1729108800000,2.0375,2.1552,2.0375,2.0828,23616178.5,2024-10-16 20:00:00
1729123200000,2.0829,2.1631,2.0829,2.1548,18178597.1,2024-10-17 00:00:00
1729137600000,2.1552,2.1555,2.0861,2.1058,16169710.3,2024-10-17 04:00:00
1729152000000,2.1055,2.1167,2.0159,2.0225,15635519.5,2024-10-17 08:00:00
1729166400000,2.0229,2.0902,2.0212,2.0682,16306681.0,2024-10-17 12:00:00
1729180800000,2.0681,2.0689,1.9973,2.0376,11090785.8,2024-10-17 16:00:00
1729195200000,2.0376,2.0786,2.0207,2.0249,8559071.1,2024-10-17 20:00:00
1729209600000,2.0248,2.0736,2.0088,2.037,13037425.2,2024-10-18 00:00:00
1729224000000,2.0371,2.0698,2.0269,2.0492,6724416.0,2024-10-18 04:00:00
1729238400000,2.0494,2.0997,2.0436,2.0696,8510058.6,2024-10-18 08:00:00
1729252800000,2.0697,2.1087,2.043,2.0865,10308567.0,2024-10-18 12:00:00
1729267200000,2.0866,2.1528,2.0651,2.1222,14081451.0,2024-10-18 16:00:00
1729281600000,2.1225,2.1334,2.0926,2.1256,5705251.9,2024-10-18 20:00:00
1729296000000,2.1256,2.1256,2.0774,2.0939,6145088.9,2024-10-19 00:00:00
1729310400000,2.0939,2.1052,2.05,2.0609,7338988.0,2024-10-19 04:00:00
1729324800000,2.061,2.0835,2.0401,2.0473,7034336.2,2024-10-19 08:00:00
1729339200000,2.0471,2.0745,2.0465,2.062,4111596.4,2024-10-19 12:00:00
1729353600000,2.0621,2.0791,2.0471,2.0601,4052364.5,2024-10-19 16:00:00
1729368000000,2.0601,2.0771,2.0511,2.0628,3508380.0,2024-10-19 20:00:00
1729382400000,2.0627,2.0819,2.0475,2.0678,4723888.0,2024-10-20 00:00:00
1729396800000,2.0677,2.0702,2.0433,2.0681,5749856.4,2024-10-20 04:00:00
1729411200000,2.0685,2.1195,2.0587,2.1067,8963637.0,2024-10-20 08:00:00
1729425600000,2.1067,2.1419,2.0622,2.1347,20046062.3,2024-10-20 12:00:00
1729440000000,2.1347,2.1415,2.1062,2.1085,7444894.3,2024-10-20 16:00:00
1729454400000,2.1086,2.1543,2.1061,2.1282,9646823.4,2024-10-20 20:00:00
1729468800000,2.1283,2.1796,2.1071,2.1461,17231749.3,2024-10-21 00:00:00
1729483200000,2.1461,2.1469,2.0861,2.0964,8088962.2,2024-10-21 04:00:00
1729497600000,2.0963,2.1071,2.0564,2.0625,9924039.4,2024-10-21 08:00:00
1729512000000,2.0627,2.075,2.0016,2.0295,19658326.4,2024-10-21 12:00:00
1729526400000,2.0294,2.044,1.9972,2.0335,9677815.9,2024-10-21 16:00:00
1729540800000,2.0335,2.0532,2.005,2.0096,4917047.8,2024-10-21 20:00:00
1729555200000,2.0096,2.03,1.9787,2.0193,10804374.9,2024-10-22 00:00:00
1729569600000,2.0192,2.0336,2.0001,2.0041,6217986.8,2024-10-22 04:00:00
1729584000000,2.0041,2.0041,1.9303,1.9517,18087002.6,2024-10-22 08:00:00
1729598400000,1.9517,1.9615,1.8758,1.9287,23653004.5,2024-10-22 12:00:00
1729612800000,1.9287,1.9495,1.9012,1.9433,10035140.3,2024-10-22 16:00:00
1729627200000,1.9433,1.9584,1.9307,1.9393,5180023.4,2024-10-22 20:00:00
1729641600000,1.9394,1.945,1.9116,1.9186,7205144.9,2024-10-23 00:00:00
1729656000000,1.9188,1.9439,1.883,1.8926,11324252.8,2024-10-23 04:00:00
1729670400000,1.8926,1.9019,1.8657,1.873,11667115.2,2024-10-23 08:00:00
1729684800000,1.8733,1.9403,1.8679,1.9156,15033654.0,2024-10-23 12:00:00
1729699200000,1.9159,1.963,1.8907,1.9533,19544156.6,2024-10-23 16:00:00
1729713600000,1.9534,1.999,1.9492,1.9775,14217412.9,2024-10-23 20:00:00
1729728000000,1.9775,2.0078,1.9604,1.9959,10445408.2,2024-10-24 00:00:00
1729742400000,1.996,2.0518,1.9896,2.0105,10919169.1,2024-10-24 04:00:00
1729756800000,2.0103,2.0145,1.9653,1.9983,10178569.2,2024-10-24 08:00:00
1729771200000,1.9984,2.0261,1.9661,1.9719,12027125.6,2024-10-24 12:00:00
1729785600000,1.972,1.9809,1.9515,1.9641,6689524.3,2024-10-24 16:00:00
1729800000000,1.9639,1.98,1.925,1.9369,9233875.0,2024-10-24 20:00:00
1729814400000,1.937,1.9437,1.9134,1.9157,6333774.7,2024-10-25 00:00:00
1729828800000,1.9157,1.925,1.8923,1.9164,6226451.2,2024-10-25 04:00:00
1729843200000,1.9165,1.9443,1.9027,1.9356,9021938.4,2024-10-25 08:00:00
1729857600000,1.9358,1.9399,1.8631,1.8752,12030041.9,2024-10-25 12:00:00
1729872000000,1.8751,1.8798,1.7892,1.8293,23503579.4,2024-10-25 16:00:00
1729886400000,1.829,1.8555,1.64,1.752,29066310.5,2024-10-25 20:00:00
1729900800000,1.752,1.7678,1.7004,1.7584,21924184.0,2024-10-26 00:00:00
1729915200000,1.7584,1.7956,1.7407,1.7724,12739673.0,2024-10-26 04:00:00
1729929600000,1.7724,1.8464,1.7707,1.8415,7824811.1,2024-10-26 08:00:00
1729944000000,1.8416,1.8454,1.7659,1.7798,13893523.3,2024-10-26 12:00:00
1729958400000,1.7796,1.7994,1.7676,1.7871,5190711.6,2024-10-26 16:00:00
1729972800000,1.787,1.8079,1.7745,1.795,4139768.0,2024-10-26 20:00:00
1729987200000,1.7952,1.8162,1.7725,1.8111,4844711.7,2024-10-27 00:00:00
1730001600000,1.8117,1.825,1.7995,1.8221,3390552.0,2024-10-27 04:00:00
1730016000000,1.8221,1.827,1.7809,1.7875,4000374.2,2024-10-27 08:00:00
1730030400000,1.7876,1.8148,1.7701,1.7789,6433712.8,2024-10-27 12:00:00
1730044800000,1.779,1.8037,1.7302,1.7375,11792971.2,2024-10-27 16:00:00
1730059200000,1.7374,1.7974,1.7248,1.7559,11636775.0,2024-10-27 20:00:00
1730073600000,1.7559,1.7613,1.6659,1.6748,12939751.0,2024-10-28 00:00:00
1730088000000,1.6748,1.7451,1.6548,1.7387,14072946.9,2024-10-28 04:00:00
1730102400000,1.7387,1.7473,1.6911,1.6966,10532169.4,2024-10-28 08:00:00
1730116800000,1.6966,1.7212,1.632,1.6532,19964756.8,2024-10-28 12:00:00
1730131200000,1.6531,1.6839,1.5983,1.6758,21186570.7,2024-10-28 16:00:00
1730145600000,1.6759,1.7886,1.6707,1.7729,19311283.2,2024-10-28 20:00:00
1730160000000,1.7726,1.9234,1.7637,1.8788,35638818.4,2024-10-29 00:00:00
1730174400000,1.8788,1.888,1.8353,1.8418,13226648.5,2024-10-29 04:00:00
1730188800000,1.842,1.9888,1.84,1.9801,20593419.0,2024-10-29 08:00:00
1730203200000,1.9802,2.0211,1.9657,2.0124,29900895.4,2024-10-29 12:00:00
1730217600000,2.0125,2.0999,1.9906,1.9972,33137090.2,2024-10-29 16:00:00
1730232000000,1.9975,2.08,1.9663,2.0731,21101511.5,2024-10-29 20:00:00
1730246400000,2.0718,2.1329,2.0466,2.084,22289500.6,2024-10-30 00:00:00
1730260800000,2.0838,2.0916,2.0453,2.0506,13720420.3,2024-10-30 04:00:00
1730275200000,2.0507,2.0803,2.0166,2.0175,10967669.6,2024-10-30 08:00:00
1730289600000,2.0177,2.0554,1.9783,1.9905,19315913.7,2024-10-30 12:00:00
1730304000000,1.9907,2.05,1.9792,2.0329,8958664.6,2024-10-30 16:00:00
1730318400000,2.0331,2.1092,2.0158,2.0828,14143324.1,2024-10-30 20:00:00
1730332800000,2.0827,2.0987,2.0407,2.0582,12726732.7,2024-10-31 00:00:00
1730347200000,2.0583,2.085,2.0334,2.0741,7875345.2,2024-10-31 04:00:00
1730361600000,2.0741,2.0761,2.019,2.0388,7950309.6,2024-10-31 08:00:00
1730376000000,2.0383,2.0394,1.9795,2.0229,18232437.2,2024-10-31 12:00:00
1730390400000,2.0231,2.0336,1.9368,1.9577,17137169.6,2024-10-31 16:00:00
1730404800000,1.9577,1.9907,1.9545,1.9715,8525222.8,2024-10-31 20:00:00
1730419200000,1.9715,2.0192,1.9517,1.9784,13243841.2,2024-11-01 00:00:00
1730433600000,1.9784,1.9965,1.9222,1.9339,9325613.4,2024-11-01 04:00:00
1730448000000,1.9338,1.964,1.916,1.9524,10269761.9,2024-11-01 08:00:00
1730462400000,1.9524,2.1099,1.9465,1.9504,32904329.6,2024-11-01 12:00:00
1730476800000,1.9505,2.0207,1.9426,1.9796,18736031.0,2024-11-01 16:00:00
1730491200000,1.9795,2.0119,1.9602,1.99,10363032.8,2024-11-01 20:00:00
1730505600000,1.9905,2.0258,1.9572,1.9606,8885488.4,2024-11-02 00:00:00
1730520000000,1.961,1.9726,1.9361,1.953,8227965.9,2024-11-02 04:00:00
1730534400000,1.9527,1.9596,1.9221,1.9286,6785990.1,2024-11-02 08:00:00
1730548800000,1.9283,1.935,1.8892,1.9139,11200071.7,2024-11-02 12:00:00
1730563200000,1.9137,1.928,1.8687,1.8914,6910936.2,2024-11-02 16:00:00
1730577600000,1.8915,1.9191,1.8864,1.9083,4057706.7,2024-11-02 20:00:00
1730592000000,1.9083,1.9163,1.8047,1.8472,15298369.2,2024-11-03 00:00:00
1730606400000,1.8471,1.905,1.8449,1.8888,7823359.4,2024-11-03 04:00:00
1730620800000,1.8891,1.8917,1.8515,1.8556,6267092.2,2024-11-03 08:00:00
1730635200000,1.8562,1.8693,1.7715,1.8444,22051382.2,2024-11-03 12:00:00
1730649600000,1.8444,1.8758,1.8114,1.8438,13284837.0,2024-11-03 16:00:00
1730664000000,1.8437,1.9641,1.8376,1.9466,18538157.6,2024-11-03 20:00:00
1730678400000,1.9464,1.9677,1.8979,1.9019,16236747.6,2024-11-04 00:00:00
1730692800000,1.9022,1.9228,1.8719,1.877,10147153.1,2024-11-04 04:00:00
1730707200000,1.8774,1.9043,1.8524,1.8828,11605220.1,2024-11-04 08:00:00
1730721600000,1.8828,1.9184,1.8606,1.8925,14372101.7,2024-11-04 12:00:00
1730736000000,1.8925,1.9008,1.8461,1.85,10644781.5,2024-11-04 16:00:00
1730750400000,1.85,1.8654,1.7914,1.8495,18125375.1,2024-11-04 20:00:00
1730764800000,1.8494,1.8913,1.8421,1.8873,11038631.3,2024-11-05 00:00:00
1730779200000,1.8873,1.9425,1.8822,1.9265,14168933.1,2024-11-05 04:00:00
1730793600000,1.9266,1.9618,1.918,1.9534,10889603.4,2024-11-05 08:00:00
1730808000000,1.9533,2.0702,1.9307,2.0002,32098057.3,2024-11-05 12:00:00
1730822400000,2.0011,2.0479,1.9506,1.9596,19617906.6,2024-11-05 16:00:00
1730836800000,1.9596,2.0163,1.9448,2.009,13694994.8,2024-11-05 20:00:00
1730851200000,2.0093,2.3084,1.999,2.2787,55434127.9,2024-11-06 00:00:00
1730865600000,2.2787,2.3554,2.2229,2.2329,57969876.9,2024-11-06 04:00:00
1730880000000,2.2332,2.3217,2.1641,2.3127,34231307.7,2024-11-06 08:00:00
1730894400000,2.3126,2.32,2.2451,2.2539,24648704.1,2024-11-06 12:00:00
1730908800000,2.254,2.2966,2.2338,2.2932,15288399.9,2024-11-06 16:00:00
1730923200000,2.293,2.3418,2.27,2.3042,18195766.5,2024-11-06 20:00:00
1730937600000,2.3038,2.388,2.2669,2.3031,25295096.3,2024-11-07 00:00:00
1730952000000,2.3031,2.3124,2.2081,2.2384,13596693.4,2024-11-07 04:00:00
1730966400000,2.2385,2.2761,2.2244,2.252,10020314.3,2024-11-07 08:00:00
1730980800000,2.2519,2.3692,2.2352,2.3655,14174911.4,2024-11-07 12:00:00
1730995200000,2.3656,2.3769,2.2967,2.3492,21683599.0,2024-11-07 16:00:00
1731009600000,2.3493,2.3543,2.2754,2.319,10864984.5,2024-11-07 20:00:00
1731024000000,2.3193,2.3828,2.2623,2.3139,20141780.8,2024-11-08 00:00:00
1731038400000,2.3141,2.3354,2.2802,2.2955,10220053.7,2024-11-08 04:00:00
1731052800000,2.2948,2.3324,2.2717,2.2995,10927948.8,2024-11-08 08:00:00
1731067200000,2.2987,2.353,2.2668,2.2998,18101201.6,2024-11-08 12:00:00
1731081600000,2.2997,2.3115,2.2044,2.2653,18504861.5,2024-11-08 16:00:00
1731096000000,2.2653,2.3069,2.2376,2.2883,7558838.0,2024-11-08 20:00:00
1731110400000,2.2883,2.3147,2.2304,2.2458,9366312.0,2024-11-09 00:00:00
1731124800000,2.2457,2.3014,2.2422,2.2681,10011816.9,2024-11-09 04:00:00
1731139200000,2.2681,2.328,2.2669,2.3143,13447595.4,2024-11-09 08:00:00
1731153600000,2.3142,2.4104,2.2916,2.3791,19639544.9,2024-11-09 12:00:00
1731168000000,2.3792,2.4881,2.3205,2.4818,24706245.1,2024-11-09 16:00:00
1731182400000,2.4819,2.85,2.4649,2.7477,57783436.5,2024-11-09 20:00:00
1731196800000,2.7478,2.8751,2.6971,2.8207,35721487.3,2024-11-10 00:00:00
1731211200000,2.8202,2.93,2.8001,2.9275,29666254.4,2024-11-10 04:00:00
1731225600000,2.9272,3.154,2.8847,3.0325,57597155.8,2024-11-10 08:00:00
1731240000000,3.0325,3.0699,2.9123,3.0015,41872123.7,2024-11-10 12:00:00
1731254400000,3.0015,3.1022,2.9266,2.9503,36097470.7,2024-11-10 16:00:00
1731268800000,2.9503,3.0576,2.8038,3.0331,35116144.1,2024-11-10 20:00:00
1731283200000,3.0328,3.2826,3.0228,3.2649,40774049.6,2024-11-11 00:00:00
1731297600000,3.2647,3.3,3.0756,3.1671,32345610.0,2024-11-11 04:00:00
1731312000000,3.1668,3.297,3.1243,3.2595,25882306.2,2024-11-11 08:00:00
1731326400000,3.2596,3.314,3.15,3.234,35793777.9,2024-11-11 12:00:00
1731340800000,3.2342,3.253,3.13,3.1493,31005707.2,2024-11-11 16:00:00
1731355200000,3.1491,3.29,3.12,3.2726,33994907.8,2024-11-11 20:00:00
1731369600000,3.2725,3.2756,3.0858,3.1638,29095797.3,2024-11-12 00:00:00
1731384000000,3.1637,3.2217,3.088,3.1163,22896379.3,2024-11-12 04:00:00
1731398400000,3.1175,3.1785,2.8235,2.9921,47467643.3,2024-11-12 08:00:00
1731412800000,2.9921,3.0784,2.8879,3.0333,29529222.5,2024-11-12 12:00:00
1731427200000,3.0339,3.1583,2.9733,3.1099,21159815.5,2024-11-12 16:00:00
1731441600000,3.1098,3.3317,3.0455,3.2151,25438546.1,2024-11-12 20:00:00
1731456000000,3.2148,3.2242,2.9215,2.9263,22457490.7,2024-11-13 00:00:00
1731470400000,2.9264,3.0008,2.85,2.9774,22389778.7,2024-11-13 04:00:00
1731484800000,2.9775,3.2956,2.9577,3.1846,34411815.3,2024-11-13 08:00:00
1731499200000,3.1846,3.423,3.1478,3.4193,47035236.2,2024-11-13 12:00:00
1731513600000,3.4191,3.4424,3.1547,3.2241,38038753.1,2024-11-13 16:00:00
1731528000000,3.224,3.3153,3.1626,3.3039,18399678.5,2024-11-13 20:00:00
1731542400000,3.3039,3.42,3.2656,3.3652,22220647.7,2024-11-14 00:00:00
1731556800000,3.3651,3.5284,3.3188,3.4031,27130073.3,2024-11-14 04:00:00
1731571200000,3.4029,3.4098,3.2632,3.3084,18181363.4,2024-11-14 08:00:00
1731585600000,3.3083,3.3653,3.2233,3.32,22739411.4,2024-11-14 12:00:00
1731600000000,3.3203,3.4431,3.2858,3.4221,17023615.9,2024-11-14 16:00:00
1731614400000,3.4222,3.464,3.2695,3.3534,18094759.7,2024-11-14 20:00:00
1731628800000,3.3532,3.4119,3.1729,3.2004,19842388.1,2024-11-15 00:00:00
1731643200000,3.2003,3.2981,3.1,3.2675,14849055.1,2024-11-15 04:00:00
1731657600000,3.2674,3.4245,3.2304,3.3777,16998312.9,2024-11-15 08:00:00
1731672000000,3.3776,3.4614,3.3024,3.3827,20310611.1,2024-11-15 12:00:00
1731686400000,3.3825,3.4036,3.2623,3.3593,14953706.6,2024-11-15 16:00:00
1731700800000,3.3585,3.6796,3.3483,3.6107,29080692.5,2024-11-15 20:00:00
1731715200000,3.6108,3.894,3.5792,3.8843,25311250.7,2024-11-16 00:00:00
1731729600000,3.8842,3.8933,3.7128,3.743,15429289.3,2024-11-16 04:00:00
1731744000000,3.7421,3.936,3.7147,3.7834,28233442.1,2024-11-16 08:00:00
1731758400000,3.7835,3.82,3.6156,3.6342,16254051.1,2024-11-16 12:00:00
1731772800000,3.6339,3.8142,3.595,3.7722,13420341.9,2024-11-16 16:00:00
1731787200000,3.7722,3.7907,3.695,3.7607,9512771.3,2024-11-16 20:00:00
1731801600000,3.761,3.8098,3.5732,3.6947,20239717.7,2024-11-17 00:00:00
1731816000000,3.6945,3.745,3.5778,3.7313,22379643.3,2024-11-17 04:00:00
1731830400000,3.7313,3.8357,3.6936,3.6965,13237483.6,2024-11-17 08:00:00
1731844800000,3.6967,3.8986,3.6967,3.8145,20465722.7,2024-11-17 12:00:00
1731859200000,3.8148,3.9409,3.7738,3.836,19837211.5,2024-11-17 16:00:00
1731873600000,3.8362,3.9034,3.6518,3.7839,15281784.8,2024-11-17 20:00:00
1731888000000,3.7846,3.8869,3.7386,3.8763,10564031.1,2024-11-18 00:00:00
1731902400000,3.8768,3.9098,3.7519,3.7811,13296987.7,2024-11-18 04:00:00
1731916800000,3.7811,3.7854,3.6568,3.6691,14693981.0,2024-11-18 08:00:00
1731931200000,3.6691,3.7979,3.6057,3.7661,20294373.6,2024-11-18 12:00:00
1731945600000,3.7663,3.7684,3.6123,3.6541,14973157.1,2024-11-18 16:00:00
1731960000000,3.6539,3.781,3.6467,3.6992,9496297.2,2024-11-18 20:00:00
1731974400000,3.6993,3.7619,3.6651,3.7446,5904794.0,2024-11-19 00:00:00
1731988800000,3.7444,3.82,3.6983,3.7766,9223894.5,2024-11-19 04:00:00
1732003200000,3.7777,3.8005,3.6799,3.7012,8642859.0,2024-11-19 08:00:00
1732017600000,3.7011,3.7567,3.6043,3.6687,14027462.3,2024-11-19 12:00:00
1732032000000,3.6689,3.82,3.652,3.8091,12701806.4,2024-11-19 16:00:00
1732046400000,3.8091,3.85,3.64,3.724,13087088.3,2024-11-19 20:00:00
1732060800000,3.7238,3.813,3.6845,3.7956,9448269.4,2024-11-20 00:00:00
1732075200000,3.7953,3.8443,3.7598,3.8035,11403794.3,2024-11-20 04:00:00
1732089600000,3.8039,3.8181,3.6506,3.6636,14940167.9,2024-11-20 08:00:00
1732104000000,3.6637,3.7397,3.6203,3.7146,16775876.1,2024-11-20 12:00:00
1732118400000,3.7146,3.7455,3.4229,3.472,22181513.7,2024-11-20 16:00:00
1732132800000,3.4719,3.6185,3.4426,3.5247,10495831.4,2024-11-20 20:00:00
1732147200000,3.5249,3.6346,3.4448,3.4707,12936386.9,2024-11-21 00:00:00
1732161600000,3.4709,3.6168,3.4541,3.5193,14345956.7,2024-11-21 04:00:00
1732176000000,3.5193,3.5715,3.3232,3.4812,22998783.7,2024-11-21 08:00:00
1732190400000,3.4807,3.697,3.4769,3.5578,29224149.8,2024-11-21 12:00:00
1732204800000,3.5572,3.66,3.5243,3.5877,13996067.6,2024-11-21 16:00:00
1732219200000,3.5876,3.6793,3.5702,3.6252,7960219.0,2024-11-21 20:00:00
1732233600000,3.6253,3.6334,3.4912,3.6041,12290999.7,2024-11-22 00:00:00
1732248000000,3.6041,3.6556,3.5361,3.5426,9764529.9,2024-11-22 04:00:00
1732262400000,3.5427,3.5888,3.5,3.586,8199562.6,2024-11-22 08:00:00
1732276800000,3.5855,3.6071,3.4585,3.5025,21600462.6,2024-11-22 12:00:00
1732291200000,3.5021,3.5023,3.3934,3.4214,14293159.2,2024-11-22 16:00:00
1732305600000,3.4221,3.5708,3.4179,3.5653,9428274.5,2024-11-22 20:00:00
1732320000000,3.5649,3.5804,3.4641,3.5315,15685330.0,2024-11-23 00:00:00
1732334400000,3.5311,3.6441,3.5214,3.6246,15191876.2,2024-11-23 04:00:00
1732348800000,3.6246,3.6433,3.5313,3.5365,12234458.3,2024-11-23 08:00:00
1732363200000,3.5362,3.6596,3.53,3.5753,17079569.3,2024-11-23 12:00:00
1732377600000,3.5754,3.6082,3.4,3.4336,20972689.0,2024-11-23 16:00:00
1732392000000,3.4336,3.4985,3.34,3.4367,11088345.2,2024-11-23 20:00:00
1732406400000,3.4369,3.5705,3.4162,3.5334,10760283.8,2024-11-24 00:00:00
1732420800000,3.5333,3.5405,3.4231,3.4711,8648443.8,2024-11-24 04:00:00
1732435200000,3.471,3.4775,3.311,3.3191,13577492.5,2024-11-24 08:00:00
1732449600000,3.3191,3.3879,3.1367,3.2647,32986930.8,2024-11-24 12:00:00
1732464000000,3.265,3.3805,3.2506,3.361,9553342.4,2024-11-24 16:00:00
1732478400000,3.361,3.4265,3.3235,3.3958,8098061.6,2024-11-24 20:00:00
1732492800000,3.3963,3.4269,3.27,3.3577,14589523.2,2024-11-25 00:00:00
1732507200000,3.3578,3.4631,3.3514,3.4257,12253065.5,2024-11-25 04:00:00
1732521600000,3.4254,3.4853,3.3843,3.4074,12733974.5,2024-11-25 08:00:00
1732536000000,3.4075,3.4155,3.18,3.3092,19095861.7,2024-11-25 12:00:00
1732550400000,3.3096,3.3379,3.14,3.1836,20975297.6,2024-11-25 16:00:00
1732564800000,3.184,3.2482,3.1013,3.1926,17361932.1,2024-11-25 20:00:00
1732579200000,3.192,3.2647,3.1763,3.2288,8620669.9,2024-11-26 00:00:00
1732593600000,3.2286,3.2774,3.2,3.2179,6996340.2,2024-11-26 04:00:00
1732608000000,3.2179,3.2209,2.9722,3.0745,28927146.2,2024-11-26 08:00:00
1732622400000,3.0745,3.4593,3.062,3.3549,44860942.0,2024-11-26 12:00:00
1732636800000,3.3547,3.5414,3.3321,3.3818,24539531.7,2024-11-26 16:00:00
1732651200000,3.3817,3.5,3.3621,3.4944,17565318.2,2024-11-26 20:00:00
1732665600000,3.4944,3.5008,3.3061,3.322,14684611.3,2024-11-27 00:00:00
1732680000000,3.322,3.4145,3.2751,3.397,10051366.9,2024-11-27 04:00:00
1732694400000,3.3971,3.4353,3.363,3.3916,10585158.6,2024-11-27 08:00:00
1732708800000,3.3908,3.4612,3.3413,3.4273,17584804.0,2024-11-27 12:00:00
1732723200000,3.4273,3.482,3.394,3.4578,11621546.3,2024-11-27 16:00:00
1732737600000,3.4577,3.5028,3.4206,3.4332,8669215.4,2024-11-27 20:00:00
1732752000000,3.4332,3.5878,3.3922,3.4891,17301241.6,2024-11-28 00:00:00
1732766400000,3.4899,3.65,3.4703,3.6134,16186243.9,2024-11-28 04:00:00
1732780800000,3.6136,3.6554,3.5044,3.5398,13098755.7,2024-11-28 08:00:00
1732795200000,3.5395,3.5549,3.4145,3.4205,13780543.2,2024-11-28 12:00:00
1732809600000,3.4204,3.4911,3.4195,3.4585,7637515.5,2024-11-28 16:00:00
1732824000000,3.4586,3.4999,3.4296,3.4436,5913792.8,2024-11-28 20:00:00
1732838400000,3.4436,3.475,3.4069,3.4426,7892925.9,2024-11-29 00:00:00
1732852800000,3.4426,3.4667,3.3584,3.3632,7390479.0,2024-11-29 04:00:00
1732867200000,3.3627,3.4354,3.3627,3.4263,9676347.9,2024-11-29 08:00:00
1732881600000,3.4264,3.58,3.3843,3.5085,15358694.7,2024-11-29 12:00:00
1732896000000,3.5085,3.5417,3.4588,3.4945,16472600.4,2024-11-29 16:00:00
1732910400000,3.4944,3.5096,3.4578,3.4856,6026121.6,2024-11-29 20:00:00
1732924800000,3.4855,3.5036,3.4115,3.4483,7439215.1,2024-11-30 00:00:00
1732939200000,3.4486,3.4812,3.4189,3.4566,7983251.0,2024-11-30 04:00:00
1732953600000,3.457,3.5197,3.4118,3.4269,9288440.4,2024-11-30 08:00:00
1732968000000,3.4269,3.4753,3.4122,3.4725,6784841.3,2024-11-30 12:00:00
1732982400000,3.4723,3.5287,3.4723,3.5064,8123513.6,2024-11-30 16:00:00
1732996800000,3.506,3.5339,3.4682,3.4758,5243581.7,2024-11-30 20:00:00
1733011200000,3.4759,3.5088,3.3336,3.3585,13002359.8,2024-12-01 00:00:00
1733025600000,3.3588,3.403,3.3461,3.3985,4479835.1,2024-12-01 04:00:00
1733040000000,3.3984,3.4365,3.3813,3.4255,5567171.7,2024-12-01 08:00:00
1733054400000,3.4256,3.5139,3.4201,3.501,8495773.2,2024-12-01 12:00:00
1733068800000,3.5011,3.5339,3.4404,3.4634,8790048.9,2024-12-01 16:00:00
1733083200000,3.4633,3.4921,3.4,3.4763,7913674.4,2024-12-01 20:00:00
1733097600000,3.4763,3.493,3.2921,3.3017,14412395.5,2024-12-02 00:00:00
1733112000000,3.3015,3.3552,3.2716,3.3094,11134863.9,2024-12-02 04:00:00
1733126400000,3.3096,3.3158,3.1783,3.2147,15240386.5,2024-12-02 08:00:00
1733140800000,3.2148,3.3152,3.2011,3.3055,12084702.8,2024-12-02 12:00:00
1733155200000,3.3053,3.3299,3.1875,3.249,11511723.3,2024-12-02 16:00:00
1733169600000,3.2493,3.4031,3.2388,3.3894,8117029.3,2024-12-02 20:00:00
1733184000000,3.3896,3.4037,3.3225,3.364,10697739.4,2024-12-03 00:00:00
1733198400000,3.364,3.5536,3.3613,3.5407,24793722.1,2024-12-03 04:00:00
1733212800000,3.5417,3.7494,3.5417,3.6543,41546483.7,2024-12-03 08:00:00
1733227200000,3.6545,3.8785,3.5518,3.7665,71182072.3,2024-12-03 12:00:00
1733241600000,3.7666,3.8226,3.68,3.7808,22630762.4,2024-12-03 16:00:00
1733256000000,3.7812,3.8325,3.6911,3.6951,19318009.3,2024-12-03 20:00:00
1733270400000,3.6955,3.7666,3.5983,3.6504,18726159.1,2024-12-04 00:00:00
1733284800000,3.6503,3.72,3.6447,3.6972,9719865.5,2024-12-04 04:00:00
1733299200000,3.6973,3.7933,3.6852,3.7316,11224511.3,2024-12-04 08:00:00
1733313600000,3.7317,3.7448,3.6236,3.6819,19764139.1,2024-12-04 12:00:00
1733328000000,3.682,3.6931,3.5214,3.6811,18953600.7,2024-12-04 16:00:00
1733342400000,3.6805,3.755,3.6126,3.6737,15345066.7,2024-12-04 20:00:00
1733356800000,3.6734,4.0499,3.5261,3.7837,42600689.9,2024-12-05 00:00:00
1733371200000,3.7833,3.8605,3.6981,3.7904,18557291.1,2024-12-05 04:00:00
1733385600000,3.7904,3.8661,3.7808,3.8633,13104384.9,2024-12-05 08:00:00
1733400000000,3.8634,4.4453,3.859,4.3275,67246832.4,2024-12-05 12:00:00
1733414400000,4.3285,4.3682,4.0878,4.1141,34569362.3,2024-12-05 16:00:00
1733428800000,4.1142,4.3125,4.0057,4.2274,38099739.7,2024-12-05 20:00:00
1733443200000,4.2269,4.3646,4.1285,4.345,26536675.3,2024-12-06 00:00:00
1733457600000,4.345,4.4899,4.2656,4.4833,24034728.2,2024-12-06 04:00:00
1733472000000,4.4836,4.49,4.1454,4.192,26855545.7,2024-12-06 08:00:00
1733486400000,4.1917,4.2276,4.0752,4.11,27990411.1,2024-12-06 12:00:00
1733500800000,4.1104,4.2495,4.0924,4.2158,14458454.4,2024-12-06 16:00:00
1733515200000,4.2159,4.2843,4.1718,4.2171,10646578.3,2024-12-06 20:00:00
1733529600000,4.2171,4.2853,4.1542,4.2675,8527951.8,2024-12-07 00:00:00
1733544000000,4.2673,4.3982,4.2444,4.3238,14328531.5,2024-12-07 04:00:00
1733558400000,4.3237,4.3796,4.2928,4.3743,9278750.6,2024-12-07 08:00:00
1733572800000,4.3735,4.4487,4.2745,4.3391,14720299.7,2024-12-07 12:00:00
1733587200000,4.3391,4.3431,4.212,4.2637,11212166.1,2024-12-07 16:00:00
1733601600000,4.2631,4.3459,4.2433,4.2589,6161895.4,2024-12-07 20:00:00
1733616000000,4.2591,4.3983,4.2431,4.3288,8757567.9,2024-12-08 00:00:00
1733630400000,4.3288,4.3838,4.2266,4.2461,9084902.4,2024-12-08 04:00:00
1733644800000,4.2461,4.2481,4.1234,4.2039,9244432.1,2024-12-08 08:00:00
1733659200000,4.2042,4.2333,4.1488,4.1652,7723940.8,2024-12-08 12:00:00
1733673600000,4.1653,4.2016,4.1214,4.1993,6695599.7,2024-12-08 16:00:00
1733688000000,4.1994,4.2487,4.1738,4.2322,4027802.2,2024-12-08 20:00:00
1733702400000,4.2311,4.27,4.1202,4.174,11573116.9,2024-12-09 00:00:00
1733716800000,4.1733,4.2635,4.05,4.1007,15187718.9,2024-12-09 04:00:00
1733731200000,4.1008,4.1026,3.909,3.9373,19497994.3,2024-12-09 08:00:00
1733745600000,3.9372,4.092,3.8937,3.9608,16766879.1,2024-12-09 12:00:00
1733760000000,3.9608,4.1211,3.9321,4.0314,13752504.3,2024-12-09 16:00:00
1733774400000,4.0313,4.0423,3.35,3.8379,55884519.8,2024-12-09 20:00:00
1733788800000,3.837,3.85,3.5337,3.7088,27235535.6,2024-12-10 00:00:00
1733803200000,3.709,3.8171,3.6055,3.7845,15338408.4,2024-12-10 04:00:00
1733817600000,3.7845,3.8414,3.734,3.7836,11200385.9,2024-12-10 08:00:00
1733832000000,3.7836,3.8984,3.6427,3.6503,28199269.2,2024-12-10 12:00:00
1733846400000,3.6506,3.6931,3.4631,3.6225,29594478.3,2024-12-10 16:00:00
1733860800000,3.6225,3.7782,3.6042,3.7135,10294563.7,2024-12-10 20:00:00
1733875200000,3.7135,3.7305,3.5657,3.7193,13364823.5,2024-12-11 00:00:00
1733889600000,3.719,3.7422,3.6287,3.6315,7388937.1,2024-12-11 04:00:00
1733904000000,3.6317,3.7862,3.621,3.7508,9893485.4,2024-12-11 08:00:00
1733918400000,3.7506,4.0391,3.7496,4.0182,22061730.3,2024-12-11 12:00:00
1733932800000,4.0184,4.3317,4.0183,4.3258,33051111.8,2024-12-11 16:00:00
1733947200000,4.3259,4.406,4.264,4.3728,14376446.3,2024-12-11 20:00:00
1733961600000,4.3729,4.9136,4.3543,4.8146,52366013.9,2024-12-12 00:00:00
1733976000000,4.8147,4.85,4.7088,4.8457,22249810.2,2024-12-12 04:00:00
1733990400000,4.8453,4.8768,4.6601,4.7161,24354418.4,2024-12-12 08:00:00
1734004800000,4.7156,4.7589,4.54,4.5772,27256173.5,2024-12-12 12:00:00
1734019200000,4.5773,4.6839,4.5415,4.5617,12452460.6,2024-12-12 16:00:00
1734033600000,4.5609,4.6605,4.5314,4.6209,8292567.9,2024-12-12 20:00:00
1734048000000,4.6205,4.7292,4.607,4.6606,14603750.5,2024-12-13 00:00:00
1734062400000,4.6609,4.661,4.5402,4.6542,8757770.2,2024-12-13 04:00:00
1734076800000,4.6542,4.8,4.6173,4.7625,13295009.1,2024-12-13 08:00:00
1734091200000,4.7626,4.9269,4.7028,4.7556,22411274.4,2024-12-13 12:00:00
1734105600000,4.7556,4.8854,4.7036,4.7598,12604035.5,2024-12-13 16:00:00
1734120000000,4.7602,4.8261,4.7192,4.7623,7945168.1,2024-12-13 20:00:00
1734134400000,4.7622,4.8455,4.7141,4.7677,8871466.8,2024-12-14 00:00:00
1734148800000,4.7677,4.7743,4.7049,4.7273,5173581.4,2024-12-14 04:00:00
1734163200000,4.7275,4.7396,4.6267,4.652,5966833.0,2024-12-14 08:00:00
1734177600000,4.652,4.664,4.511,4.568,10597105.2,2024-12-14 12:00:00
1734192000000,4.5677,4.5678,4.3502,4.4721,13113712.3,2024-12-14 16:00:00
1734206400000,4.4721,4.4987,4.396,4.4592,6774737.0,2024-12-14 20:00:00
1734220800000,4.4595,4.5065,4.3961,4.4264,6949439.7,2024-12-15 00:00:00
1734235200000,4.4264,4.4969,4.3514,4.3827,5600852.1,2024-12-15 04:00:00
1734249600000,4.3827,4.4724,4.3796,4.4562,4425602.2,2024-12-15 08:00:00
1734264000000,4.4562,4.6818,4.4351,4.6016,14861943.2,2024-12-15 12:00:00
1734278400000,4.6015,4.8071,4.5843,4.7863,9297793.4,2024-12-15 16:00:00
1734292800000,4.7862,4.85,4.6117,4.7834,15746327.0,2024-12-15 20:00:00
1734307200000,4.7842,4.96,4.7303,4.757,15245395.0,2024-12-16 00:00:00
1734321600000,4.7571,4.85,4.7431,4.8075,6947760.2,2024-12-16 04:00:00
1734336000000,4.8076,4.8385,4.6257,4.6331,12843931.2,2024-12-16 08:00:00
1734350400000,4.6332,4.8194,4.6269,4.7748,14820646.2,2024-12-16 12:00:00
1734364800000,4.7749,4.81,4.6748,4.6991,12911185.8,2024-12-16 16:00:00
1734379200000,4.6992,4.7265,4.5987,4.6286,6625679.9,2024-12-16 20:00:00
1734393600000,4.6282,4.6773,4.5659,4.67,7026252.0,2024-12-17 00:00:00
1734408000000,4.6699,4.7768,4.6359,4.7567,6877867.7,2024-12-17 04:00:00
1734422400000,4.7567,4.79,4.7065,4.7623,7576595.3,2024-12-17 08:00:00
1734436800000,4.762,4.868,4.6908,4.7522,15165400.2,2024-12-17 12:00:00
1734451200000,4.7527,4.7527,4.6093,4.6437,11408876.1,2024-12-17 16:00:00
1734465600000,4.644,4.702,4.58,4.6409,8033108.7,2024-12-17 20:00:00
1734480000000,4.6408,4.6704,4.4932,4.5114,10041343.4,2024-12-18 00:00:00
1734494400000,4.5113,4.554,4.4479,4.5043,9744270.1,2024-12-18 04:00:00
1734508800000,4.5043,4.5646,4.4753,4.5536,5419496.8,2024-12-18 08:00:00
1734523200000,4.5536,4.6084,4.4835,4.5632,10348704.7,2024-12-18 12:00:00
1734537600000,4.5632,4.763,4.521,4.5211,17026637.9,2024-12-18 16:00:00
1734552000000,4.5211,4.5513,4.19,4.3361,32398420.4,2024-12-18 20:00:00
1734566400000,4.3362,4.4225,4.0779,4.405,27119830.0,2024-12-19 00:00:00
1734580800000,4.4049,4.4279,4.3496,4.3816,7070333.3,2024-12-19 04:00:00
1734595200000,4.3815,4.5887,4.3133,4.5469,11742748.3,2024-12-19 08:00:00
1734609600000,4.547,4.5984,4.3309,4.4119,17998661.6,2024-12-19 12:00:00
1734624000000,4.4113,4.425,3.953,4.047,41010219.6,2024-12-19 16:00:00
1734638400000,4.0474,4.1869,3.9339,4.0754,26126557.5,2024-12-19 20:00:00
1734652800000,4.0753,4.1999,4.0163,4.0621,20143496.9,2024-12-20 00:00:00
1734667200000,4.0622,4.1318,3.9001,3.9819,18856845.5,2024-12-20 04:00:00
1734681600000,3.9818,3.9818,3.5001,3.504,52250417.5,2024-12-20 08:00:00
1734696000000,3.504,4.35,3.492,4.2892,56231559.3,2024-12-20 12:00:00
1734710400000,4.2891,4.5866,4.2361,4.5047,32983454.4,2024-12-20 16:00:00
1734724800000,4.5048,4.6193,4.407,4.5815,17166163.4,2024-12-20 20:00:00
1734739200000,4.5816,4.614,4.4926,4.5931,11509504.3,2024-12-21 00:00:00
1734753600000,4.5933,4.9099,4.5885,4.7896,24705459.3,2024-12-21 04:00:00
1734768000000,4.7898,4.81,4.6657,4.7357,16040960.9,2024-12-21 08:00:00
1734782400000,4.7355,4.7559,4.4946,4.6165,28076853.3,2024-12-21 12:00:00
1734796800000,4.6164,4.6689,4.2305,4.2999,21604168.9,2024-12-21 16:00:00
1734811200000,4.2999,4.4462,4.2848,4.3629,20824865.1,2024-12-21 20:00:00
1734825600000,4.363,4.5184,4.3105,4.4818,16932966.5,2024-12-22 00:00:00
1734840000000,4.4818,4.5586,4.3459,4.4679,19994355.2,2024-12-22 04:00:00
1734854400000,4.4675,4.5951,4.4488,4.4766,14038627.2,2024-12-22 08:00:00
1734868800000,4.4768,4.5169,4.2109,4.2121,16921750.1,2024-12-22 12:00:00
1734883200000,4.2121,4.4467,4.164,4.2709,18405289.5,2024-12-22 16:00:00
1734897600000,4.2709,4.3715,4.208,4.3257,11905197.0,2024-12-22 20:00:00
1734912000000,4.3258,4.4338,4.2169,4.4159,17996216.9,2024-12-23 00:00:00
1734926400000,4.416,4.4524,4.2102,4.2689,12980738.0,2024-12-23 04:00:00
1734940800000,4.2687,4.3863,4.2358,4.3247,10254737.0,2024-12-23 08:00:00
1734955200000,4.3251,4.3502,4.1089,4.131,17759847.1,2024-12-23 12:00:00
1734969600000,4.1308,4.433,4.1253,4.3654,15301458.7,2024-12-23 16:00:00
1734984000000,4.3653,4.7576,4.3622,4.7163,21459447.8,2024-12-23 20:00:00
1734998400000,4.716,4.758,4.562,4.6495,15691531.0,2024-12-24 00:00:00
1735012800000,4.6494,4.7059,4.5954,4.6153,8170586.1,2024-12-24 04:00:00
1735027200000,4.6153,4.6312,4.4647,4.5545,9145126.7,2024-12-24 08:00:00
1735041600000,4.5539,4.6834,4.4981,4.6122,13007220.4,2024-12-24 12:00:00
1735056000000,4.6124,4.7472,4.5672,4.6038,12777486.3,2024-12-24 16:00:00
1735070400000,4.6039,4.6659,4.5419,4.6059,7935600.1,2024-12-24 20:00:00
1735084800000,4.606,4.6442,4.5419,4.56,6557258.8,2024-12-25 00:00:00
1735099200000,4.5608,4.626,4.5235,4.5265,5750951.1,2024-12-25 04:00:00
1735113600000,4.5265,4.6107,4.4648,4.4732,8161259.8,2024-12-25 08:00:00
1735128000000,4.4737,4.5316,4.4531,4.4898,6698112.1,2024-12-25 12:00:00
1735142400000,4.49,4.5921,4.4741,4.5719,5203330.7,2024-12-25 16:00:00
1735156800000,4.572,4.5979,4.4831,4.4983,4802329.3,2024-12-25 20:00:00
1735171200000,4.4986,4.5342,4.4072,4.4189,6883216.8,2024-12-26 00:00:00
1735185600000,4.4188,4.419,4.3545,4.3643,6241852.0,2024-12-26 04:00:00
1735200000000,4.3638,4.3742,4.1979,4.2607,14332138.5,2024-12-26 08:00:00
1735214400000,4.2606,4.2935,4.2044,4.2412,7400924.6,2024-12-26 12:00:00
1735228800000,4.2413,4.3093,4.1483,4.2116,9449438.2,2024-12-26 16:00:00
1735243200000,4.211,4.2617,4.15,4.2024,4934502.0,2024-12-26 20:00:00
1735257600000,4.2023,4.2706,4.1661,4.2406,5683484.0,2024-12-27 00:00:00
1735272000000,4.2406,4.2901,4.1568,4.2073,6073662.0,2024-12-27 04:00:00
1735286400000,4.2072,4.4153,4.2072,4.3698,12580135.8,2024-12-27 08:00:00
1735300800000,4.37,4.3767,4.0887,4.1141,12207139.9,2024-12-27 12:00:00
1735315200000,4.1135,4.2496,4.0671,4.1977,10408686.6,2024-12-27 16:00:00
1735329600000,4.1977,4.1998,4.0542,4.0847,6554958.6,2024-12-27 20:00:00
1735344000000,4.0848,4.105,4.0025,4.0616,9217013.4,2024-12-28 00:00:00
1735358400000,4.062,4.0759,3.9822,3.9833,6601472.8,2024-12-28 04:00:00
1735372800000,3.9833,4.1508,3.9782,4.1365,6449424.3,2024-12-28 08:00:00
1735387200000,4.1366,4.1723,4.0547,4.0892,7303241.1,2024-12-28 12:00:00
1735401600000,4.0891,4.2149,4.083,4.181,5551917.6,2024-12-28 16:00:00
1735416000000,4.1812,4.2678,4.1655,4.2133,3953517.2,2024-12-28 20:00:00
1735430400000,4.2133,4.2212,4.1644,4.2098,3520953.2,2024-12-29 00:00:00
1735444800000,4.2098,4.2661,4.1748,4.2634,3421560.5,2024-12-29 04:00:00
1735459200000,4.2635,4.28,4.1876,4.2108,3421858.9,2024-12-29 08:00:00
1735473600000,4.2109,4.2622,4.135,4.1667,6121433.1,2024-12-29 12:00:00
1735488000000,4.1668,4.1791,4.09,4.1151,4571849.6,2024-12-29 16:00:00
1735502400000,4.115,4.1432,4.0527,4.0921,5820648.4,2024-12-29 20:00:00
1735516800000,4.0922,4.1995,4.0763,4.1303,4892928.4,2024-12-30 00:00:00
1735531200000,4.1303,4.1631,4.0672,4.1024,4587172.2,2024-12-30 04:00:00
1735545600000,4.1024,4.1446,4.0154,4.0886,5164113.0,2024-12-30 08:00:00
1735560000000,4.0885,4.1529,3.946,4.0228,13015858.0,2024-12-30 12:00:00
1735574400000,4.0227,4.3441,4.0052,4.3422,17028896.1,2024-12-30 16:00:00
1735588800000,4.3423,4.3748,4.1235,4.1811,13456142.0,2024-12-30 20:00:00
1735603200000,4.1812,4.1918,4.0479,4.0989,6826343.2,2024-12-31 00:00:00
1735617600000,4.0989,4.1763,4.0653,4.1694,6076943.3,2024-12-31 04:00:00
1735632000000,4.1695,4.3463,4.1675,4.2374,12261273.6,2024-12-31 08:00:00
1735646400000,4.2377,4.2949,4.1847,4.2694,9092182.0,2024-12-31 12:00:00
1735660800000,4.2695,4.2997,4.1602,4.2149,7861520.1,2024-12-31 16:00:00
1735675200000,4.2148,4.2454,4.1167,4.1225,4219382.5,2024-12-31 20:00:00
1735689600000,4.1226,4.2158,4.119,4.2131,2968129.6,2025-01-01 00:00:00
1735704000000,4.213,4.2212,4.1376,4.1415,2867323.8,2025-01-01 04:00:00
1735718400000,4.1415,4.1574,4.046,4.1381,6658390.2,2025-01-01 08:00:00
1735732800000,4.1382,4.2065,4.1382,4.1957,4446078.5,2025-01-01 12:00:00
1735747200000,4.1956,4.2861,4.148,4.2731,6356944.7,2025-01-01 16:00:00
1735761600000,4.2732,4.3187,4.2572,4.2847,4021287.1,2025-01-01 20:00:00
1735776000000,4.2848,4.345,4.256,4.2671,5278609.3,2025-01-02 00:00:00
1735790400000,4.2671,4.3957,4.2671,4.3766,5527821.9,2025-01-02 04:00:00
1735804800000,4.3764,4.4659,4.3337,4.4372,6902298.0,2025-01-02 08:00:00
1735819200000,4.4373,4.4561,4.3491,4.3875,7824546.0,2025-01-02 12:00:00
1735833600000,4.3876,4.4134,4.3152,4.3438,4725314.9,2025-01-02 16:00:00
1735848000000,4.3438,4.3938,4.3233,4.3526,2775729.4,2025-01-02 20:00:00
1735862400000,4.3527,4.3791,4.3058,4.3757,3479216.5,2025-01-03 00:00:00
1735876800000,4.3756,4.3993,4.2436,4.3003,6011148.8,2025-01-03 04:00:00
1735891200000,4.3004,4.369,4.2853,4.3616,4811244.6,2025-01-03 08:00:00
1735905600000,4.3616,4.694,4.345,4.6844,13598800.5,2025-01-03 12:00:00
1735920000000,4.6845,4.8585,4.6519,4.8451,14345699.8,2025-01-03 16:00:00
1735934400000,4.8451,4.9888,4.7932,4.9843,18458393.4,2025-01-03 20:00:00
1735948800000,4.9842,4.99,4.8406,4.9025,11951705.2,2025-01-04 00:00:00
1735963200000,4.9026,5.0765,4.8736,5.0401,9683883.1,2025-01-04 04:00:00
1735977600000,5.04,5.22,5.0088,5.1712,22192861.9,2025-01-04 08:00:00
1735992000000,5.1712,5.3076,5.1292,5.1758,25499221.7,2025-01-04 12:00:00
1736006400000,5.1758,5.2621,5.1019,5.2144,18668439.4,2025-01-04 16:00:00
1736020800000,5.2144,5.3598,5.1912,5.2902,9836623.9,2025-01-04 20:00:00
1736035200000,5.2902,5.3256,5.1869,5.2197,12421979.6,2025-01-05 00:00:00
1736049600000,5.2197,5.28,5.1563,5.1678,7312893.9,2025-01-05 04:00:00
1736064000000,5.1677,5.2134,5.1183,5.1951,7267846.6,2025-01-05 08:00:00
1736078400000,5.1951,5.2491,5.143,5.2261,8988059.4,2025-01-05 12:00:00
1736092800000,5.226,5.2495,5.1687,5.2258,4750772.9,2025-01-05 16:00:00
1736107200000,5.2258,5.2958,5.189,5.2443,6216732.0,2025-01-05 20:00:00
1736121600000,5.2444,5.3232,5.1308,5.2329,10269816.1,2025-01-06 00:00:00
1736136000000,5.2329,5.2495,5.1521,5.1753,6161676.0,2025-01-06 04:00:00
1736150400000,5.1753,5.2051,5.1249,5.1911,5128697.7,2025-01-06 08:00:00
1736164800000,5.191,5.3128,5.1621,5.2656,9381054.3,2025-01-06 12:00:00
1736179200000,5.2654,5.3687,5.1785,5.2031,9395264.2,2025-01-06 16:00:00
1736193600000,5.203,5.2291,4.9779,5.09,10145384.0,2025-01-06 20:00:00
1736208000000,5.09,5.1103,5.0543,5.0756,4474276.3,2025-01-07 00:00:00
1736222400000,5.0754,5.092,5.0461,5.0656,4535783.8,2025-01-07 04:00:00
1736236800000,5.0656,5.1717,5.0457,5.1342,7681793.7,2025-01-07 08:00:00
1736251200000,5.1343,5.1517,4.8,4.8929,19579038.3,2025-01-07 12:00:00
1736265600000,4.893,4.9764,4.8,4.8876,13982294.4,2025-01-07 16:00:00
1736280000000,4.8877,4.9558,4.75,4.7852,11197838.1,2025-01-07 20:00:00
1736294400000,4.7852,4.8863,4.66,4.6985,16274376.7,2025-01-08 00:00:00
1736308800000,4.6985,4.7419,4.5312,4.5822,16251335.4,2025-01-08 04:00:00
1736323200000,4.5821,4.6647,4.5064,4.5474,10563572.3,2025-01-08 08:00:00
1736337600000,4.5472,4.6835,4.514,4.6143,14237151.9,2025-01-08 12:00:00
1736352000000,4.6143,4.7355,4.3853,4.6446,22629697.5,2025-01-08 16:00:00
1736366400000,4.6447,4.9159,4.58,4.8961,14059512.2,2025-01-08 20:00:00
1736380800000,4.896,4.896,4.767,4.7736,10400006.5,2025-01-09 00:00:00
1736395200000,4.7737,4.8299,4.6256,4.6356,10661693.3,2025-01-09 04:00:00
1736409600000,4.6356,4.676,4.5504,4.6125,11946791.5,2025-01-09 08:00:00
1736424000000,4.6124,4.8085,4.4954,4.7669,22215309.3,2025-01-09 12:00:00
1736438400000,4.767,4.8874,4.6409,4.6746,17467978.9,2025-01-09 16:00:00
1736452800000,4.6746,4.7838,4.6154,4.7506,10586099.3,2025-01-09 20:00:00
1736467200000,4.7506,4.8781,4.7338,4.8537,11202270.0,2025-01-10 00:00:00
1736481600000,4.8538,5.141,4.8282,5.1057,18769978.1,2025-01-10 04:00:00
1736496000000,5.1057,5.1432,5.04,5.0787,16259197.7,2025-01-10 08:00:00
1736510400000,5.0785,5.0847,4.8209,4.979,29383434.0,2025-01-10 12:00:00
1736524800000,4.979,5.2519,4.9109,5.2062,27161447.6,2025-01-10 16:00:00
1736539200000,5.2061,5.2347,5.108,5.1229,8571713.2,2025-01-10 20:00:00
1736553600000,5.1229,5.1429,5.0487,5.0759,9298326.0,2025-01-11 00:00:00
1736568000000,5.0759,5.0912,4.9693,4.9961,5752268.4,2025-01-11 04:00:00
1736582400000,4.996,5.0443,4.9643,5.0043,5632386.2,2025-01-11 08:00:00
1736596800000,5.0041,5.0441,4.9436,4.9469,6394989.2,2025-01-11 12:00:00
1736611200000,4.9473,5.0086,4.9039,4.9187,4907927.5,2025-01-11 16:00:00
1736625600000,4.9188,5.0714,4.9119,4.97,7496288.4,2025-01-11 20:00:00
1736640000000,4.9699,4.9823,4.8697,4.8915,4684139.2,2025-01-12 00:00:00
1736654400000,4.8914,4.9146,4.8131,4.8448,4629205.6,2025-01-12 04:00:00
1736668800000,4.8449,4.8707,4.7797,4.8105,5928581.9,2025-01-12 08:00:00
1736683200000,4.8106,4.8726,4.7883,4.8438,6136418.5,2025-01-12 12:00:00
1736697600000,4.8438,4.8546,4.7526,4.7642,7949072.2,2025-01-12 16:00:00
1736712000000,4.7643,4.781,4.6884,4.7328,6169382.9,2025-01-12 20:00:00
1736726400000,4.7328,4.8606,4.5942,4.6211,18769402.7,2025-01-13 00:00:00
1736740800000,4.6211,4.6566,4.4319,4.5225,15226312.0,2025-01-13 04:00:00
1736755200000,4.5225,4.5265,4.3058,4.3129,21563250.4,2025-01-13 08:00:00
1736769600000,4.3128,4.5872,4.253,4.5193,39022060.8,2025-01-13 12:00:00
1736784000000,4.5192,4.5708,4.4311,4.5018,15829744.7,2025-01-13 16:00:00
1736798400000,4.5017,4.7739,4.4694,4.7487,15520880.6,2025-01-13 20:00:00
1736812800000,4.7488,4.7579,4.6219,4.6381,10084076.0,2025-01-14 00:00:00
1736827200000,4.6381,4.726,4.5411,4.5537,8028345.5,2025-01-14 04:00:00
1736841600000,4.5537,4.764,4.546,4.5846,13491510.2,2025-01-14 08:00:00
1736856000000,4.5846,4.7176,4.546,4.625,16073416.2,2025-01-14 12:00:00
1736870400000,4.6249,4.6249,4.555,4.61,9668612.1,2025-01-14 16:00:00
1736884800000,4.61,4.65,4.558,4.5855,7434960.8,2025-01-14 20:00:00
1736899200000,4.5855,4.6232,4.4881,4.5556,12541692.2,2025-01-15 00:00:00
1736913600000,4.5557,4.6165,4.504,4.5738,8852792.8,2025-01-15 04:00:00
1736928000000,4.5738,4.6111,4.4326,4.4772,10035747.7,2025-01-15 08:00:00
1736942400000,4.4772,4.8559,4.4464,4.7604,34607217.9,2025-01-15 12:00:00
1736956800000,4.7605,4.8022,4.6576,4.729,13331047.3,2025-01-15 16:00:00
1736971200000,4.729,4.8919,4.7125,4.8359,12108031.7,2025-01-15 20:00:00
1736985600000,4.836,4.8413,4.6656,4.6828,10052385.0,2025-01-16 00:00:00
1737000000000,4.6828,4.7024,4.6332,4.6703,6006368.5,2025-01-16 04:00:00
1737014400000,4.6704,4.6784,4.5802,4.6736,9744021.4,2025-01-16 08:00:00
1737028800000,4.6736,4.7836,4.5954,4.7116,21451332.3,2025-01-16 12:00:00
1737043200000,4.7115,5.0074,4.7094,5.0051,20195851.2,2025-01-16 16:00:00
1737057600000,5.0051,5.0574,4.7215,4.749,13713913.9,2025-01-16 20:00:00
1737072000000,4.749,4.9383,4.7121,4.807,12624458.2,2025-01-17 00:00:00
1737086400000,4.8071,4.8642,4.7343,4.7815,8192496.8,2025-01-17 04:00:00
1737100800000,4.7815,4.9687,4.7608,4.9037,13952130.3,2025-01-17 08:00:00
1737115200000,4.9037,4.9578,4.8235,4.8821,15108824.6,2025-01-17 12:00:00
1737129600000,4.8822,4.9405,4.7756,4.8072,10676416.1,2025-01-17 16:00:00
1737144000000,4.8073,4.9566,4.7985,4.8382,10848035.1,2025-01-17 20:00:00
1737158400000,4.8381,4.947,4.752,4.7919,10843888.0,2025-01-18 00:00:00
1737172800000,4.7918,4.8237,4.6197,4.6898,14548889.7,2025-01-18 04:00:00
1737187200000,4.6899,4.7105,4.6107,4.6852,10056215.3,2025-01-18 08:00:00
1737201600000,4.6853,4.8569,4.65,4.7999,13332729.3,2025-01-18 12:00:00
1737216000000,4.7997,5.07,4.7518,5.0614,22914542.7,2025-01-18 16:00:00
1737230400000,5.0614,5.1396,4.9716,5.004,15805022.3,2025-01-18 20:00:00
1737244800000,5.004,5.0267,4.8511,4.867,10965145.2,2025-01-19 00:00:00
1737259200000,4.8669,4.9432,4.7764,4.9027,15141860.7,2025-01-19 04:00:00
1737273600000,4.9026,4.9206,4.6774,4.7087,29557963.0,2025-01-19 08:00:00
1737288000000,4.7088,4.9549,4.705,4.879,25553929.9,2025-01-19 12:00:00
1737302400000,4.879,5.0275,4.8652,5.0053,11445341.4,2025-01-19 16:00:00
1737316800000,5.0053,5.0067,4.3903,4.5071,42161715.0,2025-01-19 20:00:00
1737331200000,4.5067,4.5422,4.3353,4.5017,39873382.5,2025-01-20 00:00:00
1737345600000,4.5016,4.847,4.4518,4.7468,26112741.9,2025-01-20 04:00:00
1737360000000,4.7468,4.838,4.6994,4.7529,12369179.3,2025-01-20 08:00:00
1737374400000,4.7529,4.7596,4.55,4.5699,21929484.1,2025-01-20 12:00:00
1737388800000,4.5699,4.6438,4.29,4.4116,35606178.9,2025-01-20 16:00:00
1737403200000,4.4116,4.4768,4.322,4.4181,11451833.8,2025-01-20 20:00:00
1737417600000,4.4181,4.4283,4.2167,4.3268,18495847.7,2025-01-21 00:00:00
1737432000000,4.3269,4.3719,4.2587,4.3037,10063863.2,2025-01-21 04:00:00
1737446400000,4.3036,4.4872,4.2704,4.4334,10144355.6,2025-01-21 08:00:00
1737460800000,4.4335,4.5051,4.3866,4.4417,10764757.3,2025-01-21 12:00:00
1737475200000,4.4416,4.7989,4.432,4.7571,16559658.0,2025-01-21 16:00:00
1737489600000,4.7571,4.7773,4.632,4.6581,10100148.1,2025-01-21 20:00:00
1737504000000,4.658,4.7055,4.5635,4.6646,7111693.9,2025-01-22 00:00:00
1737518400000,4.6645,4.7044,4.5623,4.5657,5166904.0,2025-01-22 04:00:00
1737532800000,4.5658,4.5953,4.5308,4.5797,5329058.1,2025-01-22 08:00:00
1737547200000,4.5798,4.6193,4.5189,4.5857,6995136.5,2025-01-22 12:00:00
1737561600000,4.5858,4.6409,4.527,4.5578,5818072.8,2025-01-22 16:00:00
1737576000000,4.5579,4.6039,4.452,4.4711,4882220.3,2025-01-22 20:00:00
1737590400000,4.471,4.4778,4.3058,4.3893,8201172.5,2025-01-23 00:00:00
1737604800000,4.3894,4.4387,4.35,4.3998,4690241.6,2025-01-23 04:00:00
1737619200000,4.3997,4.41,4.2815,4.3396,5379601.8,2025-01-23 08:00:00
1737633600000,4.3397,4.476,4.2599,4.392,13943609.5,2025-01-23 12:00:00
1737648000000,4.3919,4.4518,4.2465,4.2635,7843993.2,2025-01-23 16:00:00
1737662400000,4.2634,4.4236,4.156,4.3023,16790233.7,2025-01-23 20:00:00
1737676800000,4.3023,4.3248,4.1633,4.2411,9048491.0,2025-01-24 00:00:00
1737691200000,4.2409,4.4304,4.2194,4.3788,9723144.7,2025-01-24 04:00:00
1737705600000,4.3789,4.4841,4.374,4.442,7021144.2,2025-01-24 08:00:00
1737720000000,4.4421,4.4628,4.3722,4.4136,7723259.3,2025-01-24 12:00:00
1737734400000,4.4135,4.4595,4.387,4.3937,4876973.4,2025-01-24 16:00:00
1737748800000,4.3939,4.4064,4.1612,4.2016,11614605.2,2025-01-24 20:00:00
1737763200000,4.2017,4.2598,4.0985,4.2396,9849715.9,2025-01-25 00:00:00
1737777600000,4.2396,4.2396,4.1316,4.133,5493227.8,2025-01-25 04:00:00
1737792000000,4.133,4.1981,4.1084,4.1856,6621510.7,2025-01-25 08:00:00
1737806400000,4.1856,4.2026,4.1354,4.1854,5024628.5,2025-01-25 12:00:00
1737820800000,4.1855,4.1957,4.1335,4.1548,3319475.1,2025-01-25 16:00:00
1737835200000,4.1546,4.195,4.1176,4.13,3664581.0,2025-01-25 20:00:00
1737849600000,4.13,4.1954,4.1244,4.1823,3357443.9,2025-01-26 00:00:00
1737864000000,4.1824,4.2226,4.1571,4.1702,3447838.7,2025-01-26 04:00:00
1737878400000,4.1701,4.1786,4.1234,4.1573,4414925.1,2025-01-26 08:00:00
1737892800000,4.1573,4.1767,4.1217,4.1242,4295000.0,2025-01-26 12:00:00
1737907200000,4.1242,4.1612,4.0911,4.1162,3854216.1,2025-01-26 16:00:00
1737921600000,4.1162,4.1237,3.8618,3.87,15418384.3,2025-01-26 20:00:00
1737936000000,3.8701,3.9108,3.6804,3.7985,25912817.7,2025-01-27 00:00:00
1737950400000,3.7985,3.8013,3.4952,3.5885,37756757.8,2025-01-27 04:00:00
1737964800000,3.5884,3.6446,3.4954,3.5794,21040345.3,2025-01-27 08:00:00
1737979200000,3.5791,3.878,3.565,3.823,28329252.7,2025-01-27 12:00:00
1737993600000,3.8229,3.833,3.6722,3.7776,13882163.0,2025-01-27 16:00:00
1738008000000,3.7783,4.0167,3.7766,3.9636,13567849.8,2025-01-27 20:00:00
1738022400000,3.9637,4.0138,3.8619,3.9284,9499207.5,2025-01-28 00:00:00
1738036800000,3.9283,4.0095,3.9062,3.9134,7174325.1,2025-01-28 04:00:00
1738051200000,3.9134,3.9193,3.8178,3.8491,7900689.0,2025-01-28 08:00:00
1738065600000,3.8491,3.8744,3.7581,3.8274,11281729.0,2025-01-28 12:00:00
1738080000000,3.8275,3.8293,3.694,3.7202,8220125.5,2025-01-28 16:00:00
1738094400000,3.7203,3.7423,3.6087,3.6528,8236520.2,2025-01-28 20:00:00
1738108800000,3.6535,3.7693,3.6294,3.7045,9414076.9,2025-01-29 00:00:00
1738123200000,3.7045,3.7872,3.6958,3.7747,3707234.7,2025-01-29 04:00:00
1738137600000,3.7747,3.7964,3.6877,3.7267,5233337.6,2025-01-29 08:00:00
1738152000000,3.7267,3.7387,3.6011,3.6628,8000006.7,2025-01-29 12:00:00
1738166400000,3.6628,3.8624,3.6179,3.7849,18823009.4,2025-01-29 16:00:00
1738180800000,3.7843,3.8927,3.6859,3.6984,15286506.4,2025-01-29 20:00:00
1738195200000,3.6985,4.0218,3.6661,4.0136,13131711.0,2025-01-30 00:00:00
1738209600000,4.0135,4.1152,3.9444,4.1,15178240.7,2025-01-30 04:00:00
1738224000000,4.1,4.1997,4.0374,4.1879,18702550.1,2025-01-30 08:00:00
1738238400000,4.1879,4.2129,4.0988,4.1376,14290765.8,2025-01-30 12:00:00
1738252800000,4.1377,4.18,4.0828,4.1523,5646661.7,2025-01-30 16:00:00
1738267200000,4.1524,4.2148,4.101,4.118,6980046.3,2025-01-30 20:00:00
1738281600000,4.1181,4.2351,4.0869,4.1198,10066811.3,2025-01-31 00:00:00
1738296000000,4.1188,4.2526,4.0637,4.1642,10277330.3,2025-01-31 04:00:00
1738310400000,4.1643,4.2469,4.1152,4.2228,7053605.5,2025-01-31 08:00:00
1738324800000,4.2227,4.2473,4.149,4.1972,15872633.4,2025-01-31 12:00:00
1738339200000,4.1972,4.2114,4.0248,4.0497,10931109.3,2025-01-31 16:00:00
1738353600000,4.0497,4.1414,4.0105,4.0891,7877141.1,2025-01-31 20:00:00
1738368000000,4.0883,4.1195,4.0284,4.044,6060845.9,2025-02-01 00:00:00
1738382400000,4.0442,4.074,4.0219,4.0378,2841133.9,2025-02-01 04:00:00
1738396800000,4.0377,4.0649,3.9459,3.9788,6980533.4,2025-02-01 08:00:00
1738411200000,3.9788,3.9868,3.8777,3.8912,6785632.2,2025-02-01 12:00:00
1738425600000,3.8912,3.9631,3.8201,3.8486,7215646.9,2025-02-01 16:00:00
1738440000000,3.8486,3.888,3.721,3.7347,9723417.1,2025-02-01 20:00:00
1738454400000,3.7347,3.8588,3.6614,3.6748,10217795.5,2025-02-02 00:00:00
1738468800000,3.6747,3.7618,3.6636,3.7141,10454632.5,2025-02-02 04:00:00
1738483200000,3.714,3.7876,3.6212,3.6289,7571611.9,2025-02-02 08:00:00
1738497600000,3.6288,3.6848,3.5535,3.5899,12188571.3,2025-02-02 12:00:00
1738512000000,3.59,3.5931,3.2248,3.405,42061345.7,2025-02-02 16:00:00
1738526400000,3.405,3.4383,3.0758,3.3072,24901732.3,2025-02-02 20:00:00
1738540800000,3.3073,3.309,2.39,2.8616,107343405.8,2025-02-03 00:00:00
1738555200000,2.8617,3.2159,2.7594,3.1867,54064813.4,2025-02-03 04:00:00
1738569600000,3.1869,3.214,3.0501,3.1502,26696425.6,2025-02-03 08:00:00
1738584000000,3.1503,3.6788,2.9649,3.5868,77715136.8,2025-02-03 12:00:00
1738598400000,3.5867,3.6637,3.4983,3.6024,32517773.2,2025-02-03 16:00:00
1738612800000,3.6024,3.8325,3.5081,3.6504,23018758.3,2025-02-03 20:00:00
1738627200000,3.6504,3.6686,3.5248,3.5801,12268164.6,2025-02-04 00:00:00
1738641600000,3.5801,3.5937,3.2772,3.2904,26380551.2,2025-02-04 04:00:00
1738656000000,3.2904,3.4889,3.2744,3.4208,19677490.9,2025-02-04 08:00:00
1738670400000,3.4209,3.7709,3.418,3.6735,38943992.8,2025-02-04 12:00:00
1738684800000,3.6736,3.8999,3.6252,3.6255,27058953.1,2025-02-04 16:00:00
1738699200000,3.6255,3.6768,3.4608,3.594,36272890.4,2025-02-04 20:00:00
1738713600000,3.5951,3.7202,3.5375,3.6432,15903899.1,2025-02-05 00:00:00
1738728000000,3.6432,3.6609,3.5514,3.5796,10656907.7,2025-02-05 04:00:00
1738742400000,3.5796,3.6464,3.5318,3.6324,8599559.6,2025-02-05 08:00:00
1738756800000,3.6326,3.648,3.5021,3.526,13926251.3,2025-02-05 12:00:00
1738771200000,3.5259,3.5352,3.33,3.4022,25666609.5,2025-02-05 16:00:00
1738785600000,3.4022,3.419,3.3029,3.3302,11858893.0,2025-02-05 20:00:00
1738800000000,3.3303,3.3929,3.2844,3.368,11701528.5,2025-02-06 00:00:00
1738814400000,3.368,3.5123,3.3563,3.4347,10974424.5,2025-02-06 04:00:00
1738828800000,3.4346,3.5054,3.3885,3.4449,12032289.1,2025-02-06 08:00:00
1738843200000,3.445,3.4679,3.2004,3.2323,23986597.3,2025-02-06 12:00:00
1738857600000,3.2322,3.257,3.1045,3.1269,27424991.0,2025-02-06 16:00:00
1738872000000,3.1269,3.2133,3.1063,3.1358,11009415.4,2025-02-06 20:00:00
1738886400000,3.1358,3.279,3.132,3.1975,11436854.1,2025-02-07 00:00:00
1738900800000,3.1976,3.2232,3.0805,3.162,11509074.2,2025-02-07 04:00:00
1738915200000,3.162,3.2619,3.1367,3.2301,11874739.4,2025-02-07 08:00:00
1738929600000,3.23,3.3875,3.1923,3.243,31699858.7,2025-02-07 12:00:00
1738944000000,3.2431,3.248,3.0884,3.0992,16336700.5,2025-02-07 16:00:00
1738958400000,3.0991,3.1037,2.9042,3.0139,22402656.7,2025-02-07 20:00:00
1738972800000,3.014,3.0698,2.9437,2.9497,10196467.6,2025-02-08 00:00:00
1738987200000,2.9496,3.0068,2.8832,2.9707,12227501.9,2025-02-08 04:00:00
1739001600000,2.9707,2.9934,2.9333,2.9722,7831900.4,2025-02-08 08:00:00
1739016000000,2.9719,3.0208,2.936,2.958,13805577.2,2025-02-08 12:00:00
1739030400000,2.9581,3.0844,2.9273,3.0404,10222338.8,2025-02-08 16:00:00
1739044800000,3.0403,3.0893,3.002,3.0624,6167498.0,2025-02-08 20:00:00
1739059200000,3.0627,3.1831,3.0448,3.1744,11472556.5,2025-02-09 00:00:00
1739073600000,3.1744,3.1744,3.0637,3.1043,8302942.2,2025-02-09 04:00:00
1739088000000,3.1044,3.1536,3.0602,3.0617,7778951.1,2025-02-09 08:00:00
1739102400000,3.0617,3.0908,2.9918,3.0639,9926271.5,2025-02-09 12:00:00
1739116800000,3.0638,3.1048,2.9986,3.0142,6800116.1,2025-02-09 16:00:00
1739131200000,3.0142,3.0969,2.8679,2.9952,20512589.0,2025-02-09 20:00:00
1739145600000,2.9951,3.135,2.9006,3.0887,21262556.9,2025-02-10 00:00:00
1739160000000,3.0888,3.1789,3.0637,3.1166,13713325.0,2025-02-10 04:00:00
1739174400000,3.1166,3.2801,3.1087,3.222,19027128.5,2025-02-10 08:00:00
1739188800000,3.2219,3.3072,3.1674,3.2414,21857990.5,2025-02-10 12:00:00
1739203200000,3.2419,3.2889,3.209,3.2446,8817805.1,2025-02-10 16:00:00
1739217600000,3.2446,3.2673,3.1876,3.2159,4450726.2,2025-02-10 20:00:00
1739232000000,3.2158,3.4336,3.2012,3.3289,15294993.3,2025-02-11 00:00:00
1739246400000,3.329,3.55,3.3278,3.488,16257598.6,2025-02-11 04:00:00
1739260800000,3.488,3.5854,3.4767,3.519,14003453.0,2025-02-11 08:00:00
1739275200000,3.519,3.5557,3.3718,3.4683,23490746.8,2025-02-11 12:00:00
1739289600000,3.4683,3.4813,3.2379,3.2804,18084250.2,2025-02-11 16:00:00
1739304000000,3.2803,3.3896,3.2665,3.3279,11858919.4,2025-02-11 20:00:00
1739318400000,3.3278,3.3563,3.2416,3.2525,10383671.1,2025-02-12 00:00:00
1739332800000,3.2526,3.2982,3.21,3.2649,8898775.1,2025-02-12 04:00:00
1739347200000,3.2649,3.3215,3.2434,3.2904,6946031.9,2025-02-12 08:00:00
1739361600000,3.2905,3.3424,3.08,3.2155,43336712.1,2025-02-12 12:00:00
1739376000000,3.2156,3.456,3.1658,3.4412,27240080.9,2025-02-12 16:00:00
1739390400000,3.4413,3.6699,3.4209,3.5821,22490413.6,2025-02-12 20:00:00
1739404800000,3.5822,3.6566,3.5469,3.6268,10279403.1,2025-02-13 00:00:00
1739419200000,3.6269,3.6348,3.4944,3.5372,13763640.1,2025-02-13 04:00:00
1739433600000,3.5373,3.5504,3.4765,3.5095,9862026.3,2025-02-13 08:00:00
1739448000000,3.5096,3.5389,3.4093,3.5147,16990040.5,2025-02-13 12:00:00
1739462400000,3.5146,3.5415,3.4389,3.4695,11857073.8,2025-02-13 16:00:00
1739476800000,3.4695,3.5291,3.4541,3.4676,6208821.7,2025-02-13 20:00:00
1739491200000,3.4677,3.5475,3.4267,3.538,6568012.4,2025-02-14 00:00:00
1739505600000,3.5381,3.5484,3.4584,3.4933,4900198.2,2025-02-14 04:00:00
1739520000000,3.4933,3.6574,3.4799,3.5766,13503053.9,2025-02-14 08:00:00
1739534400000,3.5765,3.6969,3.5204,3.6409,14464079.7,2025-02-14 12:00:00
1739548800000,3.6409,3.7386,3.5772,3.6201,14156249.6,2025-02-14 16:00:00
1739563200000,3.6201,3.6227,3.5064,3.5531,8719535.5,2025-02-14 20:00:00
1739577600000,3.5532,3.5995,3.5129,3.5645,4797720.1,2025-02-15 00:00:00
1739592000000,3.5644,3.5662,3.4224,3.4698,9734243.8,2025-02-15 04:00:00
1739606400000,3.4697,3.4958,3.4422,3.4623,4193675.8,2025-02-15 08:00:00
1739620800000,3.4623,3.4918,3.3851,3.4275,6026835.0,2025-02-15 12:00:00
1739635200000,3.4274,3.4417,3.3835,3.3973,5024313.8,2025-02-15 16:00:00
1739649600000,3.3974,3.434,3.3736,3.4178,2977427.4,2025-02-15 20:00:00
1739664000000,3.4177,3.4638,3.3652,3.3939,4745838.1,2025-02-16 00:00:00
1739678400000,3.394,3.4178,3.3443,3.3638,8036683.4,2025-02-16 04:00:00
1739692800000,3.3637,3.4049,3.3432,3.3997,3583069.1,2025-02-16 08:00:00
1739707200000,3.3997,3.4063,3.3059,3.3302,5845414.3,2025-02-16 12:00:00
1739721600000,3.3302,3.3444,3.2482,3.287,5139793.9,2025-02-16 16:00:00
1739736000000,3.2869,3.314,3.2589,3.2688,6269943.2,2025-02-16 20:00:00
1739750400000,3.2689,3.3369,3.2557,3.2914,4809575.5,2025-02-17 00:00:00
1739764800000,3.2914,3.293,3.1913,3.2413,12288499.1,2025-02-17 04:00:00
1739779200000,3.2413,3.33,3.2291,3.2884,6732475.7,2025-02-17 08:00:00
1739793600000,3.2885,3.3573,3.2135,3.2223,9928332.7,2025-02-17 12:00:00
1739808000000,3.2222,3.2517,3.1437,3.185,10932379.5,2025-02-17 16:00:00
1739822400000,3.1851,3.2769,3.18,3.2183,4281740.1,2025-02-17 20:00:00
1739836800000,3.2183,3.2352,3.1735,3.1805,4593786.7,2025-02-18 00:00:00
1739851200000,3.1806,3.1912,3.075,3.0822,11302170.6,2025-02-18 04:00:00
1739865600000,3.0822,3.1098,3.0088,3.0644,11281981.0,2025-02-18 08:00:00
1739880000000,3.0644,3.1785,3.0218,3.0453,16281324.7,2025-02-18 12:00:00
1739894400000,3.0455,3.0643,2.9205,2.9927,20415208.8,2025-02-18 16:00:00
1739908800000,2.9927,3.0785,2.96,3.0652,10013533.4,2025-02-18 20:00:00
1739923200000,3.0653,3.1,3.0124,3.0815,7814233.2,2025-02-19 00:00:00
1739937600000,3.0816,3.1606,3.0059,3.1385,10330300.8,2025-02-19 04:00:00
1739952000000,3.1384,3.2057,3.1207,3.1996,14658835.1,2025-02-19 08:00:00
1739966400000,3.1995,3.237,3.135,3.1792,16101389.5,2025-02-19 12:00:00
1739980800000,3.1793,3.2601,3.1461,3.175,12808085.3,2025-02-19 16:00:00
1739995200000,3.175,3.2447,3.1437,3.2182,7630509.0,2025-02-19 20:00:00
1740009600000,3.2182,3.298,3.1891,3.2942,7785124.0,2025-02-20 00:00:00
1740024000000,3.2942,3.3519,3.2679,3.2762,10019136.5,2025-02-20 04:00:00
1740038400000,3.2761,3.3295,3.2606,3.3031,7163344.2,2025-02-20 08:00:00
1740052800000,3.3031,3.365,3.2564,3.2842,10630980.3,2025-02-20 12:00:00
1740067200000,3.2844,3.4665,3.279,3.4309,12362088.9,2025-02-20 16:00:00
1740081600000,3.4309,3.4801,3.3931,3.4508,8315238.0,2025-02-20 20:00:00
1740096000000,3.4507,3.4956,3.4278,3.4657,7255687.1,2025-02-21 00:00:00
1740110400000,3.4656,3.5588,3.4616,3.4934,11645653.8,2025-02-21 04:00:00
1740124800000,3.4938,3.5498,3.4541,3.5004,10000151.9,2025-02-21 08:00:00
1740139200000,3.5001,3.5699,3.3578,3.422,19026743.1,2025-02-21 12:00:00
1740153600000,3.422,3.4807,3.2213,3.2543,21197982.1,2025-02-21 16:00:00
1740168000000,3.2543,3.2954,3.2288,3.2695,11088363.0,2025-02-21 20:00:00
1740182400000,3.2696,3.3676,3.2516,3.3236,6493689.2,2025-02-22 00:00:00
1740196800000,3.3235,3.3902,3.3138,3.3251,4757504.5,2025-02-22 04:00:00
1740211200000,3.3252,3.3707,3.3204,3.3543,4057511.3,2025-02-22 08:00:00
1740225600000,3.3544,3.446,3.3436,3.4276,7062645.0,2025-02-22 12:00:00
1740240000000,3.4275,3.4551,3.3993,3.4083,8482498.4,2025-02-22 16:00:00
1740254400000,3.4084,3.4304,3.3865,3.4216,3219794.6,2025-02-22 20:00:00
1740268800000,3.4216,3.4866,3.3929,3.3999,6050466.0,2025-02-23 00:00:00
1740283200000,3.3999,3.4792,3.3518,3.4279,6730047.7,2025-02-23 04:00:00
1740297600000,3.4279,3.4298,3.3284,3.3291,4516652.1,2025-02-23 08:00:00
1740312000000,3.3291,3.3771,3.2852,3.2893,6424977.7,2025-02-23 12:00:00
1740326400000,3.2894,3.3396,3.2878,3.3356,4252408.8,2025-02-23 16:00:00
1740340800000,3.3357,3.3844,3.3053,3.3782,3654855.9,2025-02-23 20:00:00
1740355200000,3.3782,3.4496,3.266,3.2976,14100850.0,2025-02-24 00:00:00
1740369600000,3.2976,3.3772,3.2271,3.3235,11896775.9,2025-02-24 04:00:00
1740384000000,3.3234,3.3267,3.1878,3.2141,12132653.6,2025-02-24 08:00:00
1740398400000,3.214,3.2469,2.9735,3.0468,32929608.0,2025-02-24 12:00:00
1740412800000,3.0469,3.0735,2.9573,2.9894,17690191.7,2025-02-24 16:00:00
1740427200000,2.9895,3.0413,2.8,2.8304,26159118.1,2025-02-24 20:00:00
1740441600000,2.8304,2.933,2.7494,2.8266,31775032.1,2025-02-25 00:00:00
1740456000000,2.8267,2.8635,2.6386,2.7624,46983759.7,2025-02-25 04:00:00
1740470400000,2.7624,2.8214,2.6338,2.7869,43306741.0,2025-02-25 08:00:00
1740484800000,2.7869,2.8605,2.7111,2.805,33733920.3,2025-02-25 12:00:00
1740499200000,2.8051,2.9006,2.7531,2.8879,21384203.8,2025-02-25 16:00:00
1740513600000,2.8878,3.0158,2.8547,2.9577,20553166.4,2025-02-25 20:00:00
1740528000000,2.9577,3.0736,2.8827,3.054,16434410.0,2025-02-26 00:00:00
1740542400000,3.054,3.096,2.9778,2.9986,10937813.4,2025-02-26 04:00:00
1740556800000,2.9987,3.0396,2.9502,2.9637,10040675.5,2025-02-26 08:00:00
1740571200000,2.9637,3.0538,2.8756,3.0034,23035274.1,2025-02-26 12:00:00
1740585600000,3.0036,3.0225,2.7487,2.7938,31245634.8,2025-02-26 16:00:00
1740600000000,2.7939,2.9633,2.7434,2.8831,21693323.0,2025-02-26 20:00:00
1740614400000,2.8832,2.9247,2.8382,2.9044,12410661.9,2025-02-27 00:00:00
1740628800000,2.9043,2.9803,2.876,2.9386,10018803.7,2025-02-27 04:00:00
1740643200000,2.9388,2.9585,2.8888,2.9119,10260330.4,2025-02-27 08:00:00
1740657600000,2.9119,2.9372,2.81,2.8561,15624896.2,2025-02-27 12:00:00
1740672000000,2.856,2.8697,2.7786,2.7994,8323848.0,2025-02-27 16:00:00
1740686400000,2.7995,2.8194,2.7588,2.7888,8738066.2,2025-02-27 20:00:00
1740700800000,2.7889,2.8045,2.5458,2.5571,31726265.5,2025-02-28 00:00:00
1740715200000,2.5573,2.5989,2.5165,2.5746,20131830.3,2025-02-28 04:00:00
1740729600000,2.5748,2.6625,2.5422,2.6258,14343285.0,2025-02-28 08:00:00
1740744000000,2.6256,2.8393,2.6035,2.7992,23556761.5,2025-02-28 12:00:00
1740758400000,2.7992,2.8423,2.7593,2.8302,13513484.1,2025-02-28 16:00:00
1740772800000,2.8302,2.8577,2.7868,2.83,6913951.2,2025-02-28 20:00:00
1740787200000,2.8301,2.8994,2.7922,2.8634,9377331.5,2025-03-01 00:00:00
1740801600000,2.863,2.925,2.8247,2.8278,8700022.8,2025-03-01 04:00:00
1740816000000,2.8278,2.8739,2.8023,2.8393,5527438.6,2025-03-01 08:00:00
1740830400000,2.8394,2.8733,2.7816,2.8104,7570999.8,2025-03-01 12:00:00
1740844800000,2.8104,2.8482,2.7914,2.833,6610188.7,2025-03-01 16:00:00
1740859200000,2.833,2.8876,2.7871,2.8194,7519616.3,2025-03-01 20:00:00
1740873600000,2.8195,2.8676,2.791,2.848,6410925.2,2025-03-02 00:00:00
1740888000000,2.8481,2.8975,2.8416,2.8672,4322713.0,2025-03-02 04:00:00
1740902400000,2.8672,2.8961,2.8354,2.8776,5366667.4,2025-03-02 08:00:00
1740916800000,2.8776,3.0151,2.7923,2.9419,22769915.4,2025-03-02 12:00:00
1740931200000,2.9416,3.25,2.9416,3.1927,51668466.6,2025-03-02 16:00:00
1740945600000,3.1926,3.2513,3.1761,3.1935,10822219.4,2025-03-02 20:00:00
1740960000000,3.1935,3.2073,3.0566,3.0984,13176708.8,2025-03-03 00:00:00
1740974400000,3.0985,3.1121,2.9391,2.976,9622537.3,2025-03-03 04:00:00
1740988800000,2.976,2.9906,2.8971,2.9464,9165620.5,2025-03-03 08:00:00
1741003200000,2.9464,3.014,2.8567,2.875,21025564.0,2025-03-03 12:00:00
1741017600000,2.8751,2.893,2.625,2.6422,25048806.7,2025-03-03 16:00:00
1741032000000,2.6422,2.6848,2.5831,2.6179,14312115.8,2025-03-03 20:00:00
1741046400000,2.6181,2.6534,2.4246,2.5005,34733940.1,2025-03-04 00:00:00
1741060800000,2.5006,2.5102,2.4193,2.4268,16139732.9,2025-03-04 04:00:00
1741075200000,2.4268,2.4672,2.4013,2.4176,12212686.1,2025-03-04 08:00:00
1741089600000,2.4176,2.4786,2.2877,2.3913,41719505.2,2025-03-04 12:00:00
1741104000000,2.3913,2.5576,2.2559,2.5551,29859201.3,2025-03-04 16:00:00
1741118400000,2.5551,2.5858,2.4792,2.5262,11701283.7,2025-03-04 20:00:00
1741132800000,2.5261,2.5429,2.4483,2.4603,13611087.1,2025-03-05 00:00:00
1741147200000,2.4603,2.4896,2.4424,2.4772,5174935.1,2025-03-05 04:00:00
1741161600000,2.4772,2.6449,2.474,2.5185,17888892.0,2025-03-05 08:00:00
1741176000000,2.5186,2.5546,2.4575,2.4851,15405698.6,2025-03-05 12:00:00
1741190400000,2.485,2.6384,2.4468,2.6249,12958745.5,2025-03-05 16:00:00
1741204800000,2.6249,2.6909,2.6249,2.6332,8527912.2,2025-03-05 20:00:00
1741219200000,2.6331,2.7041,2.5879,2.662,9781905.3,2025-03-06 00:00:00
1741233600000,2.662,2.7271,2.649,2.6626,8738931.9,2025-03-06 04:00:00
1741248000000,2.6627,2.7152,2.6551,2.7017,8616355.7,2025-03-06 08:00:00
1741262400000,2.7018,3.0,2.6281,2.9199,62394821.1,2025-03-06 12:00:00
1741276800000,2.92,2.9961,2.7674,2.7948,31525441.2,2025-03-06 16:00:00
1741291200000,2.7949,2.8553,2.7312,2.7361,12072727.1,2025-03-06 20:00:00
1741305600000,2.7361,2.7947,2.5613,2.6807,40573911.9,2025-03-07 00:00:00
1741320000000,2.6807,2.8909,2.671,2.7952,17310381.4,2025-03-07 04:00:00
1741334400000,2.7952,2.866,2.775,2.8238,10339709.0,2025-03-07 08:00:00
1741348800000,2.8239,2.8526,2.7148,2.7634,27941431.6,2025-03-07 12:00:00
1741363200000,2.7632,2.7793,2.646,2.7109,19672761.0,2025-03-07 16:00:00
1741377600000,2.711,2.7509,2.5678,2.5826,15895584.9,2025-03-07 20:00:00
1741392000000,2.5827,2.6299,2.5537,2.598,8215151.3,2025-03-08 00:00:00
1741406400000,2.5979,2.6221,2.5794,2.5885,3374000.8,2025-03-08 04:00:00
1741420800000,2.5883,2.5978,2.5326,2.5537,4545771.0,2025-03-08 08:00:00
1741435200000,2.5538,2.5876,2.5105,2.5242,5550413.1,2025-03-08 12:00:00
1741449600000,2.5243,2.5476,2.4859,2.5376,5670574.6,2025-03-08 16:00:00
1741464000000,2.5376,2.5444,2.4674,2.4834,4248463.3,2025-03-08 20:00:00
1741478400000,2.4833,2.5171,2.448,2.4803,4307796.5,2025-03-09 00:00:00
1741492800000,2.4803,2.5251,2.4667,2.5153,3116426.1,2025-03-09 04:00:00
1741507200000,2.5155,2.5155,2.4013,2.4328,7141966.3,2025-03-09 08:00:00
1741521600000,2.4328,2.4359,2.337,2.3437,12801947.4,2025-03-09 12:00:00
1741536000000,2.3436,2.3606,2.251,2.3406,14062643.8,2025-03-09 16:00:00
1741550400000,2.3407,2.3799,2.2755,2.2898,10777422.8,2025-03-09 20:00:00
1741564800000,2.2899,2.3892,2.2651,2.331,11862472.1,2025-03-10 00:00:00
1741579200000,2.331,2.3856,2.329,2.3685,5379834.5,2025-03-10 04:00:00
1741593600000,2.3685,2.4494,2.3025,2.4064,14194476.9,2025-03-10 08:00:00
1741608000000,2.4065,2.4206,2.2072,2.2497,22470682.4,2025-03-10 12:00:00
1741622400000,2.2496,2.2587,2.0577,2.1417,30777674.8,2025-03-10 16:00:00
1741636800000,2.1421,2.1487,2.0855,2.0888,11617208.5,2025-03-10 20:00:00
1741651200000,2.089,2.1356,1.9626,2.1252,28875097.4,2025-03-11 00:00:00
1741665600000,2.1247,2.214,2.1185,2.1708,14209213.6,2025-03-11 04:00:00
1741680000000,2.1707,2.2168,2.1657,2.1965,11991624.5,2025-03-11 08:00:00
1741694400000,2.1965,2.2185,2.0762,2.1885,25548491.0,2025-03-11 12:00:00
1741708800000,2.1875,2.3063,2.1522,2.2813,18603223.4,2025-03-11 16:00:00
1741723200000,2.2812,2.2983,2.2237,2.2288,6710285.6,2025-03-11 20:00:00
1741737600000,2.2297,2.2958,2.2001,2.203,10134301.9,2025-03-12 00:00:00
1741752000000,2.203,2.2565,2.1744,2.2527,7906832.7,2025-03-12 04:00:00
1741766400000,2.2529,2.2951,2.2121,2.2811,10623637.5,2025-03-12 08:00:00
1741780800000,2.281,2.3762,2.1716,2.2316,24401839.3,2025-03-12 12:00:00
1741795200000,2.2308,2.2703,2.2088,2.2214,7837791.6,2025-03-12 16:00:00
1741809600000,2.2213,2.2896,2.2112,2.2854,5636869.6,2025-03-12 20:00:00
1741824000000,2.2846,2.3124,2.2527,2.2788,5881892.2,2025-03-13 00:00:00
1741838400000,2.2787,2.2886,2.2231,2.2321,5336723.6,2025-03-13 04:00:00
1741852800000,2.2321,2.3174,2.2094,2.3069,8775841.0,2025-03-13 08:00:00
1741867200000,2.3064,2.343,2.2078,2.214,15167655.3,2025-03-13 12:00:00
1741881600000,2.214,2.2216,2.1179,2.1339,11424980.3,2025-03-13 16:00:00
1741896000000,2.1344,2.2031,2.1143,2.1635,6873717.5,2025-03-13 20:00:00
1741910400000,2.1635,2.2052,2.1592,2.1723,7010321.0,2025-03-14 00:00:00
1741924800000,2.1718,2.1986,2.1622,2.1811,3747009.9,2025-03-14 04:00:00
1741939200000,2.1815,2.2481,2.178,2.2347,6240620.2,2025-03-14 08:00:00
1741953600000,2.2344,2.3862,2.2221,2.3473,21998238.9,2025-03-14 12:00:00
1741968000000,2.3473,2.3789,2.3045,2.355,8560089.1,2025-03-14 16:00:00
1741982400000,2.3551,2.3599,2.3149,2.3254,4806807.9,2025-03-14 20:00:00
1741996800000,2.3249,2.3828,2.3159,2.3795,5815442.2,2025-03-15 00:00:00
1742011200000,2.379,2.4269,2.3381,2.3429,8751193.9,2025-03-15 04:00:00
1742025600000,2.3429,2.3579,2.3,2.3257,5630049.8,2025-03-15 08:00:00
1742040000000,2.3258,2.3743,2.3165,2.3693,7333863.5,2025-03-15 12:00:00
1742054400000,2.3694,2.3793,2.3328,2.3577,4663490.9,2025-03-15 16:00:00
1742068800000,2.3578,2.3823,2.3475,2.3523,3366553.5,2025-03-15 20:00:00
1742083200000,2.3523,2.3677,2.313,2.3424,3671002.8,2025-03-16 00:00:00
1742097600000,2.3423,2.3552,2.3116,2.3379,3040505.9,2025-03-16 04:00:00
1742112000000,2.3381,2.3418,2.2261,2.2279,7678009.7,2025-03-16 08:00:00
1742126400000,2.2278,2.2626,2.2088,2.2392,9188560.7,2025-03-16 12:00:00
1742140800000,2.2392,2.3003,2.2188,2.2356,8655749.6,2025-03-16 16:00:00
1742155200000,2.2359,2.256,2.2051,2.2314,4651048.5,2025-03-16 20:00:00
1742169600000,2.2314,2.3075,2.2288,2.303,5117494.1,2025-03-17 00:00:00
1742184000000,2.303,2.3158,2.2432,2.2968,6858894.5,2025-03-17 04:00:00
1742198400000,2.2969,2.3209,2.2731,2.291,5690767.3,2025-03-17 08:00:00
1742212800000,2.291,2.3484,2.2527,2.3291,20200093.5,2025-03-17 12:00:00
1742227200000,2.3291,2.3797,2.2869,2.3641,12894554.6,2025-03-17 16:00:00
1742241600000,2.3641,2.3815,2.3313,2.379,7717839.4,2025-03-17 20:00:00
1742256000000,2.379,2.3884,2.3156,2.3439,10635517.4,2025-03-18 00:00:00
1742270400000,2.3439,2.3483,2.274,2.2845,10281545.6,2025-03-18 04:00:00
1742284800000,2.2845,2.3376,2.2561,2.2651,8328523.6,2025-03-18 08:00:00
1742299200000,2.265,2.2755,2.2206,2.2376,11209534.2,2025-03-18 12:00:00
1742313600000,2.2377,2.277,2.2293,2.2697,6419322.8,2025-03-18 16:00:00
1742328000000,2.2696,2.2974,2.252,2.2847,5615725.5,2025-03-18 20:00:00
1742342400000,2.2848,2.33,2.2771,2.3279,5537552.3,2025-03-19 00:00:00
1742356800000,2.3278,2.3377,2.3047,2.3073,14963436.2,2025-03-19 04:00:00
1742371200000,2.3074,2.3766,2.3069,2.3583,6009003.5,2025-03-19 08:00:00
1742385600000,2.358,2.4414,2.3355,2.42,16677510.7,2025-03-19 12:00:00
1742400000000,2.4199,2.4767,2.3432,2.4263,14783864.7,2025-03-19 16:00:00
1742414400000,2.4265,2.4867,2.3871,2.4745,7933074.4,2025-03-19 20:00:00
1742428800000,2.4744,2.4991,2.3977,2.4162,7194964.2,2025-03-20 00:00:00
1742443200000,2.4161,2.4416,2.3968,2.4254,3606609.4,2025-03-20 04:00:00
1742457600000,2.4252,2.5014,2.4168,2.4386,9608251.4,2025-03-20 08:00:00
1742472000000,2.4385,2.49,2.3936,2.3947,13007959.1,2025-03-20 12:00:00
1742486400000,2.3946,2.4169,2.3499,2.3812,7857486.8,2025-03-20 16:00:00
1742500800000,2.3813,2.3885,2.3431,2.3571,3345065.2,2025-03-20 20:00:00
1742515200000,2.3567,2.3694,2.3121,2.3133,5707706.8,2025-03-21 00:00:00
1742529600000,2.3133,2.3363,2.2806,2.2958,5986098.4,2025-03-21 04:00:00
1742544000000,2.2957,2.3055,2.2419,2.2567,11861089.2,2025-03-21 08:00:00
1742558400000,2.2568,2.2762,2.2419,2.2508,9540014.5,2025-03-21 12:00:00
1742572800000,2.2509,2.2941,2.2458,2.2735,6459153.2,2025-03-21 16:00:00
1742587200000,2.2736,2.3005,2.2325,2.2527,5687327.6,2025-03-21 20:00:00
1742601600000,2.2525,2.2704,2.2331,2.2528,3643652.3,2025-03-22 00:00:00
1742616000000,2.2527,2.2732,2.2467,2.2592,2804497.9,2025-03-22 04:00:00
1742630400000,2.2592,2.3089,2.2548,2.2825,5839642.5,2025-03-22 08:00:00
1742644800000,2.2826,2.2985,2.261,2.2957,4022239.3,2025-03-22 12:00:00
1742659200000,2.2957,2.3029,2.2851,2.2913,2663284.2,2025-03-22 16:00:00
1742673600000,2.2912,2.298,2.2496,2.2638,3783622.7,2025-03-22 20:00:00
1742688000000,2.2638,2.2782,2.2548,2.2777,5134461.3,2025-03-23 00:00:00
1742702400000,2.2778,2.2798,2.2421,2.2651,3120457.3,2025-03-23 04:00:00
1742716800000,2.265,2.3006,2.256,2.2796,5146666.0,2025-03-23 08:00:00
1742731200000,2.2797,2.2931,2.2572,2.2776,4379557.4,2025-03-23 12:00:00
1742745600000,2.2777,2.2818,2.2402,2.2572,3936281.9,2025-03-23 16:00:00
1742760000000,2.2572,2.2937,2.2358,2.2925,3926807.0,2025-03-23 20:00:00
1742774400000,2.2926,2.3303,2.2604,2.3295,8967404.3,2025-03-24 00:00:00
1742788800000,2.3295,2.3906,2.3223,2.3653,14054842.6,2025-03-24 04:00:00
1742803200000,2.3652,2.4205,2.365,2.408,6847632.2,2025-03-24 08:00:00
1742817600000,2.408,2.4508,2.3743,2.4292,12008796.5,2025-03-24 12:00:00
1742832000000,2.4292,2.4451,2.4161,2.4367,6889701.2,2025-03-24 16:00:00
1742846400000,2.4365,2.4472,2.3651,2.3975,7121022.2,2025-03-24 20:00:00
1742860800000,2.3975,2.4355,2.3358,2.3429,9951069.3,2025-03-25 00:00:00
1742875200000,2.3429,2.3716,2.3344,2.3418,5634157.7,2025-03-25 04:00:00
1742889600000,2.3422,2.4285,2.3411,2.4137,8659580.7,2025-03-25 08:00:00
1742904000000,2.4136,2.4843,2.3999,2.4626,15136282.8,2025-03-25 12:00:00
1742918400000,2.4623,2.4794,2.4414,2.4644,7708889.0,2025-03-25 16:00:00
1742932800000,2.4642,2.4838,2.4305,2.4574,3835108.7,2025-03-25 20:00:00
1742947200000,2.4575,2.4968,2.4391,2.4487,7208532.7,2025-03-26 00:00:00
1742961600000,2.4484,2.5567,2.4448,2.5541,8115662.7,2025-03-26 04:00:00
1742976000000,2.554,2.6365,2.5412,2.617,12310779.6,2025-03-26 08:00:00
1742990400000,2.6171,2.6525,2.5477,2.5629,22814549.2,2025-03-26 12:00:00
1743004800000,2.5624,2.6132,2.5157,2.5808,12239042.5,2025-03-26 16:00:00
1743019200000,2.5807,2.6527,2.5718,2.6198,14966951.7,2025-03-26 20:00:00
1743033600000,2.6196,2.6982,2.6069,2.6677,11412482.6,2025-03-27 00:00:00
1743048000000,2.6678,2.77,2.6503,2.7474,10114226.3,2025-03-27 04:00:00
1743062400000,2.7472,2.825,2.7091,2.724,24252816.5,2025-03-27 08:00:00
1743076800000,2.724,2.763,2.662,2.7377,25032893.4,2025-03-27 12:00:00
1743091200000,2.7377,2.8025,2.722,2.7665,14072254.2,2025-03-27 16:00:00
1743105600000,2.7668,2.8309,2.76,2.7811,8575670.4,2025-03-27 20:00:00
1743120000000,2.7808,2.799,2.7336,2.7536,7652450.2,2025-03-28 00:00:00
1743134400000,2.7538,2.766,2.5769,2.584,19212219.6,2025-03-28 04:00:00
1743148800000,2.5839,2.614,2.5179,2.5537,17249349.0,2025-03-28 08:00:00
1743163200000,2.5538,2.5691,2.5161,2.5517,17531684.5,2025-03-28 12:00:00
1743177600000,2.5519,2.5732,2.483,2.4954,8729021.0,2025-03-28 16:00:00
1743192000000,2.4955,2.5276,2.4698,2.5058,7882324.4,2025-03-28 20:00:00
1743206400000,2.5058,2.5299,2.4555,2.5267,9657345.0,2025-03-29 00:00:00
1743220800000,2.5266,2.5458,2.4317,2.4361,7534366.9,2025-03-29 04:00:00
1743235200000,2.4362,2.4632,2.2796,2.3076,16367841.8,2025-03-29 08:00:00
1743249600000,2.3076,2.3453,2.287,2.2947,12465773.0,2025-03-29 12:00:00
1743264000000,2.2948,2.3337,2.2492,2.289,11210712.9,2025-03-29 16:00:00
1743278400000,2.2892,2.3179,2.2596,2.3114,4207248.8,2025-03-29 20:00:00
1743292800000,2.3114,2.4355,2.2804,2.3789,10703705.0,2025-03-30 00:00:00
1743307200000,2.3781,2.4556,2.3778,2.4004,8241828.7,2025-03-30 04:00:00
1743321600000,2.4002,2.4444,2.3577,2.3695,6920900.5,2025-03-30 08:00:00
1743336000000,2.3696,2.3823,2.3085,2.3691,7584281.6,2025-03-30 12:00:00
1743350400000,2.3691,2.388,2.3144,2.361,7086030.5,2025-03-30 16:00:00
1743364800000,2.3611,2.3862,2.3107,2.3515,7267307.8,2025-03-30 20:00:00
1743379200000,2.3518,2.3567,2.272,2.2777,9538360.5,2025-03-31 00:00:00
1743393600000,2.2784,2.3203,2.2348,2.2569,9097563.3,2025-03-31 04:00:00
1743408000000,2.2567,2.2828,2.1924,2.2091,12792047.8,2025-03-31 08:00:00
1743422400000,2.2082,2.3128,2.1815,2.2856,16546855.0,2025-03-31 12:00:00
1743436800000,2.2857,2.3088,2.2611,2.2737,5956250.4,2025-03-31 16:00:00
1743451200000,2.2737,2.2885,2.2519,2.2674,5156044.9,2025-03-31 20:00:00
1743465600000,2.2674,2.3755,2.2522,2.3461,8496102.3,2025-04-01 00:00:00
1743480000000,2.346,2.3683,2.2978,2.3197,7015709.0,2025-04-01 04:00:00
1743494400000,2.3198,2.44,2.3188,2.3807,12693028.0,2025-04-01 08:00:00
1743508800000,2.3807,2.5279,2.3613,2.4918,20028665.8,2025-04-01 12:00:00
1743523200000,2.4919,2.5037,2.4073,2.4237,9224766.4,2025-04-01 16:00:00
1743537600000,2.4235,2.4474,2.3946,2.4075,5526478.1,2025-04-01 20:00:00
1743552000000,2.4076,2.4087,2.3523,2.3538,5759510.6,2025-04-02 00:00:00
1743566400000,2.3537,2.3721,2.3122,2.3587,6729255.2,2025-04-02 04:00:00
1743580800000,2.3587,2.4997,2.3474,2.443,14553071.7,2025-04-02 08:00:00
1743595200000,2.4432,2.5203,2.4145,2.4769,19673885.4,2025-04-02 12:00:00
1743609600000,2.4773,2.502,2.4259,2.4811,8764928.9,2025-04-02 16:00:00
1743624000000,2.4813,2.55,2.2524,2.3081,30880227.9,2025-04-02 20:00:00
1743638400000,2.3079,2.4391,2.2859,2.4081,24014417.6,2025-04-03 00:00:00
1743652800000,2.4081,2.4256,2.2829,2.318,11472494.4,2025-04-03 04:00:00
1743667200000,2.3173,2.3518,2.2296,2.2393,12171658.6,2025-04-03 08:00:00
1743681600000,2.2393,2.2868,2.1821,2.2599,26065268.7,2025-04-03 12:00:00
1743696000000,2.2599,2.2716,2.2053,2.2198,12722687.7,2025-04-03 16:00:00
1743710400000,2.2199,2.2655,2.2026,2.2632,12002434.8,2025-04-03 20:00:00
1743724800000,2.2635,2.2706,2.1488,2.1803,16718033.0,2025-04-04 00:00:00
1743739200000,2.1805,2.27,2.1528,2.2617,13869107.8,2025-04-04 04:00:00
1743753600000,2.2618,2.325,2.1285,2.1824,27906565.2,2025-04-04 08:00:00
1743768000000,2.1825,2.279,2.1572,2.2287,21629171.3,2025-04-04 12:00:00
1743782400000,2.2295,2.3027,2.2194,2.2794,11159783.9,2025-04-04 16:00:00
1743796800000,2.2792,2.3014,2.2459,2.2577,6179558.1,2025-04-04 20:00:00
1743811200000,2.2577,2.2776,2.2306,2.2354,3989233.2,2025-04-05 00:00:00
1743825600000,2.2354,2.2473,2.2173,2.2381,2704846.8,2025-04-05 04:00:00
1743840000000,2.2383,2.2673,2.2308,2.252,3267527.8,2025-04-05 08:00:00
1743854400000,2.252,2.2639,2.1815,2.1956,10685919.9,2025-04-05 12:00:00
1743868800000,2.1954,2.2237,2.1943,2.1996,3541179.4,2025-04-05 16:00:00
1743883200000,2.1995,2.2237,2.1894,2.2163,2935598.8,2025-04-05 20:00:00
1743897600000,2.2164,2.2244,2.1822,2.1924,2962445.1,2025-04-06 00:00:00
1743912000000,2.1924,2.1926,2.1522,2.1561,4320616.7,2025-04-06 04:00:00
1743926400000,2.1561,2.178,2.1384,2.1505,4406726.4,2025-04-06 08:00:00
1743940800000,2.1502,2.1543,2.0819,2.0863,10181267.7,2025-04-06 12:00:00
1743955200000,2.0857,2.0911,1.935,1.9478,24646181.7,2025-04-06 16:00:00
1743969600000,1.9475,1.9573,1.8829,1.9215,21610112.6,2025-04-06 20:00:00
1743984000000,1.9215,1.9627,1.8203,1.8548,15811630.5,2025-04-07 00:00:00
1743998400000,1.8549,1.8875,1.7174,1.7434,30892613.7,2025-04-07 04:00:00
1744012800000,1.7429,1.8696,1.7382,1.8202,21597696.0,2025-04-07 08:00:00
1744027200000,1.8204,2.1,1.8059,1.9902,67812378.0,2025-04-07 12:00:00
1744041600000,1.99,2.0499,1.9651,2.0097,18466419.2,2025-04-07 16:00:00
1744056000000,2.0099,2.0886,2.0001,2.0191,11128520.7,2025-04-07 20:00:00
1744070400000,2.0192,2.1031,1.998,2.0653,11351877.0,2025-04-08 00:00:00
1744084800000,2.0652,2.0964,2.0069,2.0276,11193688.9,2025-04-08 04:00:00
1744099200000,2.0275,2.0908,2.0053,2.0855,7973751.3,2025-04-08 08:00:00
1744113600000,2.0857,2.0942,2.0011,2.01,17950586.7,2025-04-08 12:00:00
1744128000000,2.0098,2.016,1.9248,1.9799,29248648.7,2025-04-08 16:00:00
1744142400000,1.98,1.9981,1.9239,1.9306,6744721.8,2025-04-08 20:00:00
1744156800000,1.9306,1.962,1.8627,1.8883,20450328.8,2025-04-09 00:00:00
1744171200000,1.888,1.998,1.8835,1.9741,16526992.2,2025-04-09 04:00:00
1744185600000,1.9742,2.0277,1.8824,1.9185,23654806.3,2025-04-09 08:00:00
1744200000000,1.9184,1.9905,1.8834,1.9526,21891562.9,2025-04-09 12:00:00
1744214400000,1.9526,2.2728,1.9462,2.2554,63689219.0,2025-04-09 16:00:00
1744228800000,2.2555,2.2887,2.2195,2.2217,13992530.2,2025-04-09 20:00:00
1744243200000,2.2216,2.2304,2.1303,2.157,12635585.0,2025-04-10 00:00:00
1744257600000,2.1568,2.1741,2.1071,2.1439,18923195.8,2025-04-10 04:00:00
1744272000000,2.1439,2.1541,2.117,2.146,7031304.8,2025-04-10 08:00:00
1744286400000,2.146,2.1976,2.0511,2.0635,27308742.2,2025-04-10 12:00:00
1744300800000,2.0634,2.1009,2.055,2.0835,13107676.1,2025-04-10 16:00:00
1744315200000,2.0834,2.1317,2.0828,2.1127,6587290.5,2025-04-10 20:00:00
1744329600000,2.1126,2.1742,2.0966,2.1714,8819075.7,2025-04-11 00:00:00
1744344000000,2.1712,2.2082,2.1578,2.1845,7664849.4,2025-04-11 04:00:00
1744358400000,2.1845,2.2223,2.168,2.1796,14620051.1,2025-04-11 08:00:00
1744372800000,2.1797,2.2323,2.1559,2.1876,27272124.8,2025-04-11 12:00:00
1744387200000,2.1877,2.2499,2.1738,2.2242,12662592.5,2025-04-11 16:00:00
1744401600000,2.2241,2.2457,2.1753,2.1882,8527898.0,2025-04-11 20:00:00
1744416000000,2.188,2.1908,2.1575,2.167,6829346.4,2025-04-12 00:00:00
1744430400000,2.167,2.2097,2.1576,2.2016,9413664.8,2025-04-12 04:00:00
1744444800000,2.2016,2.239,2.188,2.2023,11748616.6,2025-04-12 08:00:00
1744459200000,2.2025,2.3668,2.1871,2.3178,35143225.4,2025-04-12 12:00:00
1744473600000,2.3178,2.3574,2.2716,2.3394,12831978.3,2025-04-12 16:00:00
1744488000000,2.3394,2.3979,2.3385,2.3463,11853100.6,2025-04-12 20:00:00
1744502400000,2.3465,2.4175,2.3147,2.4114,18716123.2,2025-04-13 00:00:00
1744516800000,2.4111,2.4114,2.3171,2.3241,11811949.0,2025-04-13 04:00:00
1744531200000,2.3242,2.3698,2.3037,2.3288,10780959.7,2025-04-13 08:00:00
1744545600000,2.329,2.3456,2.2443,2.2633,19814201.5,2025-04-13 12:00:00
1744560000000,2.2632,2.3301,2.2098,2.2352,17705759.2,2025-04-13 16:00:00
1744574400000,2.2355,2.2567,2.2032,2.2335,13492225.7,2025-04-13 20:00:00
1744588800000,2.2335,2.3211,2.2259,2.2535,14204294.9,2025-04-14 00:00:00
1744603200000,2.2536,2.2925,2.227,2.2552,10177100.1,2025-04-14 04:00:00
1744617600000,2.2554,2.3319,2.2533,2.3248,10903641.3,2025-04-14 08:00:00
1744632000000,2.3248,2.351,2.2066,2.2116,26201942.6,2025-04-14 12:00:00
1744646400000,2.2117,2.2439,2.193,2.2127,13768907.7,2025-04-14 16:00:00
1744660800000,2.2128,2.2143,2.1724,2.1925,5612689.5,2025-04-14 20:00:00
1744675200000,2.1925,2.2037,2.1654,2.2005,7781094.7,2025-04-15 00:00:00
1744689600000,2.2004,2.23,2.1782,2.2033,8187066.7,2025-04-15 04:00:00
1744704000000,2.2031,2.2387,2.1747,2.1988,9176802.2,2025-04-15 08:00:00
1744718400000,2.1987,2.25,2.1298,2.161,28190690.1,2025-04-15 12:00:00
1744732800000,2.1611,2.1684,2.0967,2.123,8107310.9,2025-04-15 16:00:00
1744747200000,2.123,2.1405,2.0836,2.0889,5309396.0,2025-04-15 20:00:00
1744761600000,2.0887,2.1143,2.0694,2.0966,5896231.1,2025-04-16 00:00:00
1744776000000,2.0964,2.1111,2.0725,2.0849,5955111.1,2025-04-16 04:00:00
1744790400000,2.0849,2.1066,2.0547,2.0906,8018959.9,2025-04-16 08:00:00
1744804800000,2.0906,2.1356,2.0591,2.0987,12407093.2,2025-04-16 12:00:00
1744819200000,2.0987,2.1264,2.0212,2.1047,18290456.7,2025-04-16 16:00:00
1744833600000,2.1042,2.1232,2.0476,2.0555,7569442.5,2025-04-16 20:00:00
1744848000000,2.0556,2.0785,2.0437,2.0705,4870421.0,2025-04-17 00:00:00
1744862400000,2.0704,2.1167,2.0634,2.1053,5745419.8,2025-04-17 04:00:00
1744876800000,2.1054,2.1121,2.0847,2.1032,4689795.1,2025-04-17 08:00:00
1744891200000,2.1033,2.1192,2.055,2.1045,8177616.0,2025-04-17 12:00:00
1744905600000,2.1045,2.1705,2.0966,2.1231,11102492.0,2025-04-17 16:00:00
1744920000000,2.1229,2.1446,2.1095,2.123,5472603.4,2025-04-17 20:00:00
1744934400000,2.1231,2.1379,2.1015,2.122,3290724.2,2025-04-18 00:00:00
1744948800000,2.122,2.1272,2.0963,2.1214,3829797.9,2025-04-18 04:00:00
1744963200000,2.1215,2.1431,2.1088,2.1284,3623367.3,2025-04-18 08:00:00
1744977600000,2.1284,2.1405,2.0951,2.1084,7004269.1,2025-04-18 12:00:00
1744992000000,2.1084,2.1542,2.1041,2.1462,4739351.3,2025-04-18 16:00:00
1745006400000,2.146,2.1484,2.1073,2.1202,2873224.6,2025-04-18 20:00:00
1745020800000,2.1203,2.151,2.1111,2.1411,4633054.8,2025-04-19 00:00:00
1745035200000,2.1411,2.1625,2.1303,2.1527,4474171.4,2025-04-19 04:00:00
1745049600000,2.1526,2.1596,2.1324,2.1402,3234175.3,2025-04-19 08:00:00
1745064000000,2.1402,2.1569,2.1354,2.1398,2664601.2,2025-04-19 12:00:00
1745078400000,2.1398,2.1789,2.122,2.1592,5462056.6,2025-04-19 16:00:00
1745092800000,2.159,2.1703,2.1512,2.1549,2920988.8,2025-04-19 20:00:00
1745107200000,2.155,2.1643,2.1464,2.1563,3214371.1,2025-04-20 00:00:00
1745121600000,2.1563,2.1722,2.123,2.138,4248884.4,2025-04-20 04:00:00
1745136000000,2.1381,2.142,2.0828,2.0962,7373386.3,2025-04-20 08:00:00
1745150400000,2.0962,2.1172,2.085,2.088,6273973.3,2025-04-20 12:00:00
1745164800000,2.088,2.1097,2.0821,2.1073,3922242.7,2025-04-20 16:00:00
1745179200000,2.1073,2.1381,2.092,2.1135,4259111.2,2025-04-20 20:00:00
1745193600000,2.1135,2.216,2.1096,2.1972,16835337.3,2025-04-21 00:00:00
1745208000000,2.1972,2.2697,2.1965,2.2471,9587268.9,2025-04-21 04:00:00
1745222400000,2.2471,2.2852,2.2331,2.2416,10255755.0,2025-04-21 08:00:00
1745236800000,2.2416,2.269,2.2186,2.2421,13350147.4,2025-04-21 12:00:00
1745251200000,2.2422,2.2476,2.1365,2.1982,13910036.7,2025-04-21 16:00:00
1745265600000,2.1983,2.2135,2.1781,2.1964,3608129.9,2025-04-21 20:00:00
1745280000000,2.1965,2.269,2.1679,2.2304,8903230.9,2025-04-22 00:00:00
1745294400000,2.2303,2.2907,2.2185,2.2843,10006830.9,2025-04-22 04:00:00
1745308800000,2.2843,2.3353,2.284,2.3281,11310706.4,2025-04-22 08:00:00
1745323200000,2.3281,2.4423,2.3214,2.3951,24280730.9,2025-04-22 12:00:00
1745337600000,2.3952,2.4657,2.3865,2.4634,16398306.8,2025-04-22 16:00:00
1745352000000,2.4635,2.7488,2.4455,2.6674,29438380.3,2025-04-22 20:00:00
1745366400000,2.6672,2.826,2.6672,2.8035,30542401.2,2025-04-23 00:00:00
1745380800000,2.8037,2.968,2.7872,2.9484,27853022.9,2025-04-23 04:00:00
1745395200000,2.9487,2.9571,2.8543,2.8688,16882582.3,2025-04-23 08:00:00
1745409600000,2.8687,3.073,2.8576,2.9943,54658871.8,2025-04-23 12:00:00
1745424000000,2.9944,3.0786,2.8984,2.9694,29127792.1,2025-04-23 16:00:00
1745438400000,2.9693,3.0619,2.9366,2.9662,11386817.8,2025-04-23 20:00:00
1745452800000,2.9656,3.0595,2.895,2.9379,19406870.9,2025-04-24 00:00:00
1745467200000,2.9378,3.1296,2.9371,3.0341,24128679.1,2025-04-24 04:00:00
1745481600000,3.0341,3.0459,2.9481,2.9915,19361459.0,2025-04-24 08:00:00
1745496000000,2.9915,3.3463,2.9771,3.2559,53314452.4,2025-04-24 12:00:00
1745510400000,3.2558,3.3944,3.2301,3.2944,32172184.3,2025-04-24 16:00:00
1745524800000,3.2946,3.3556,3.22,3.3437,17177089.9,2025-04-24 20:00:00
1745539200000,3.3438,3.4192,3.2736,3.3417,23504723.4,2025-04-25 00:00:00
1745553600000,3.3417,3.6143,3.3291,3.5728,33745400.9,2025-04-25 04:00:00
1745568000000,3.5728,3.7397,3.5584,3.7081,35303283.7,2025-04-25 08:00:00
1745582400000,3.708,3.8121,3.6048,3.6729,43522914.0,2025-04-25 12:00:00
1745596800000,3.673,3.72,3.5212,3.599,23791206.9,2025-04-25 16:00:00
1745611200000,3.599,3.606,3.4659,3.519,12367093.1,2025-04-25 20:00:00
1745625600000,3.519,3.6462,3.519,3.6299,13993981.8,2025-04-26 00:00:00
1745640000000,3.6299,3.6491,3.5384,3.5474,10931051.5,2025-04-26 04:00:00
1745654400000,3.5474,3.5755,3.4102,3.4365,19076870.4,2025-04-26 08:00:00
1745668800000,3.4365,3.4873,3.3554,3.4752,19261288.3,2025-04-26 12:00:00
1745683200000,3.475,3.4999,3.4411,3.4858,6137104.0,2025-04-26 16:00:00
1745697600000,3.4856,3.5564,3.4763,3.5197,8289560.2,2025-04-26 20:00:00
1745712000000,3.5198,3.6401,3.4235,3.5667,16305132.9,2025-04-27 00:00:00
1745726400000,3.5667,3.6429,3.5263,3.617,11248594.8,2025-04-27 04:00:00
1745740800000,3.617,3.6551,3.5686,3.6254,10250788.8,2025-04-27 08:00:00
1745755200000,3.6252,3.641,3.5341,3.542,11366458.6,2025-04-27 12:00:00
1745769600000,3.5421,3.6329,3.533,3.611,6666638.0,2025-04-27 16:00:00
1745784000000,3.611,3.6434,3.5462,3.5581,7992529.4,2025-04-27 20:00:00
1745798400000,3.5579,3.5704,3.39,3.546,20643418.0,2025-04-28 00:00:00
1745812800000,3.5464,3.7253,3.5449,3.7119,18714016.1,2025-04-28 04:00:00
1745827200000,3.712,3.875,3.671,3.79,30062844.2,2025-04-28 08:00:00
1745841600000,3.79,3.8212,3.5331,3.5833,32919088.9,2025-04-28 12:00:00
1745856000000,3.5832,3.6409,3.5163,3.6364,17344549.3,2025-04-28 16:00:00
1745870400000,3.6363,3.6381,3.486,3.5265,11852712.3,2025-04-28 20:00:00
1745884800000,3.5269,3.5882,3.505,3.5572,11390734.1,2025-04-29 00:00:00
1745899200000,3.5573,3.6347,3.46,3.6185,11716509.5,2025-04-29 04:00:00
1745913600000,3.6185,3.6349,3.5271,3.5641,12437191.2,2025-04-29 08:00:00
1745928000000,3.5641,3.606,3.4915,3.5772,11832298.8,2025-04-29 12:00:00
1745942400000,3.5771,3.6172,3.4199,3.5656,14577981.7,2025-04-29 16:00:00
1745956800000,3.5657,3.5696,3.4509,3.5319,8213901.5,2025-04-29 20:00:00
1745971200000,3.5318,3.6036,3.5062,3.5605,7717075.2,2025-04-30 00:00:00
1745985600000,3.5604,3.6011,3.5342,3.5579,6467180.8,2025-04-30 04:00:00
1746000000000,3.5579,3.5701,3.5144,3.5271,5874926.9,2025-04-30 08:00:00
1746014400000,3.527,3.5289,3.2721,3.4213,34964924.8,2025-04-30 12:00:00
1746028800000,3.4214,3.4676,3.3672,3.4247,8596929.7,2025-04-30 16:00:00
1746043200000,3.425,3.5491,3.4206,3.5053,10156925.8,2025-04-30 20:00:00
1746057600000,3.5051,3.547,3.4551,3.4708,8027993.3,2025-05-01 00:00:00
1746072000000,3.4708,3.5297,3.4567,3.4932,7186951.7,2025-05-01 04:00:00
1746086400000,3.4933,3.7093,3.4785,3.6799,19116258.3,2025-05-01 08:00:00
1746100800000,3.68,3.7666,3.6471,3.7056,22600437.0,2025-05-01 12:00:00
1746115200000,3.7059,3.7383,3.6525,3.6672,17782312.8,2025-05-01 16:00:00
1746129600000,3.6669,3.6996,3.5184,3.5504,13127235.8,2025-05-01 20:00:00
1746144000000,3.5504,3.5717,3.48,3.5039,20241651.1,2025-05-02 00:00:00
1746158400000,3.504,3.5149,3.416,3.4259,13568391.0,2025-05-02 04:00:00
1746172800000,3.426,3.4876,3.4224,3.4458,11834408.5,2025-05-02 08:00:00
1746187200000,3.4459,3.4992,3.4252,3.4478,18947621.2,2025-05-02 12:00:00
1746201600000,3.4478,3.4788,3.3891,3.4097,12511338.8,2025-05-02 16:00:00
1746216000000,3.4098,3.4686,3.3993,3.4259,5258597.4,2025-05-02 20:00:00
1746230400000,3.4259,3.4637,3.3505,3.4322,11444282.0,2025-05-03 00:00:00
1746244800000,3.4322,3.4625,3.3864,3.3933,8701982.3,2025-05-03 04:00:00
1746259200000,3.3933,3.4131,3.3289,3.3518,8201681.4,2025-05-03 08:00:00
1746273600000,3.3518,3.3823,3.312,3.3253,8249015.5,2025-05-03 12:00:00
1746288000000,3.3254,3.3378,3.265,3.3211,9678514.4,2025-05-03 16:00:00
1746302400000,3.321,3.3625,3.2995,3.3351,4246057.1,2025-05-03 20:00:00
1746316800000,3.3353,3.36,3.2268,3.2419,13244647.8,2025-05-04 00:00:00
1746331200000,3.2418,3.2599,3.1548,3.2112,11755816.4,2025-05-04 04:00:00
1746345600000,3.2113,3.2461,3.196,3.2328,7763034.2,2025-05-04 08:00:00
1746360000000,3.2327,3.3071,3.2067,3.2763,9102827.4,2025-05-04 12:00:00
1746374400000,3.2763,3.295,3.2465,3.276,4247055.9,2025-05-04 16:00:00
1746388800000,3.2759,3.3312,3.2395,3.2747,6904543.2,2025-05-04 20:00:00
1746403200000,3.2748,3.3481,3.2109,3.2865,13831810.0,2025-05-05 00:00:00
1746417600000,3.2865,3.4291,3.2648,3.4232,19539166.2,2025-05-05 04:00:00
1746432000000,3.4232,3.4942,3.375,3.4302,22055818.9,2025-05-05 08:00:00
1746446400000,3.4302,3.4844,3.392,3.4142,17582756.7,2025-05-05 12:00:00
1746460800000,3.4142,3.4813,3.3874,3.453,10285745.1,2025-05-05 16:00:00
1746475200000,3.4529,3.4716,3.3856,3.4234,7567726.5,2025-05-05 20:00:00
1746489600000,3.4231,3.4277,3.2824,3.3315,17143613.5,2025-05-06 00:00:00
1746504000000,3.3316,3.3943,3.3271,3.3706,7605747.0,2025-05-06 04:00:00
1746518400000,3.3704,3.3704,3.1513,3.197,23046464.3,2025-05-06 08:00:00
1746532800000,3.197,3.2816,3.1734,3.2299,15551409.3,2025-05-06 12:00:00
1746547200000,3.2299,3.2727,3.1891,3.235,8941360.4,2025-05-06 16:00:00
1746561600000,3.2345,3.3743,3.12,3.3458,20813647.4,2025-05-06 20:00:00
1746576000000,3.3461,3.4467,3.3297,3.3887,19777151.2,2025-05-07 00:00:00
1746590400000,3.3888,3.4182,3.3362,3.4052,9550655.6,2025-05-07 04:00:00
1746604800000,3.4051,3.428,3.3653,3.3967,7470169.1,2025-05-07 08:00:00
1746619200000,3.3967,3.3997,3.3069,3.3189,11332083.1,2025-05-07 12:00:00
1746633600000,3.319,3.3674,3.2333,3.2624,15883936.3,2025-05-07 16:00:00
1746648000000,3.2624,3.3685,3.247,3.3314,7398585.6,2025-05-07 20:00:00
1746662400000,3.3308,3.6209,3.3157,3.6007,29340478.4,2025-05-08 00:00:00
1746676800000,3.6008,3.6738,3.5723,3.6403,23959472.1,2025-05-08 04:00:00
1746691200000,3.6403,3.808,3.6375,3.762,23841335.2,2025-05-08 08:00:00
1746705600000,3.7619,3.9338,3.7384,3.8932,35930189.8,2025-05-08 12:00:00
1746720000000,3.8925,3.9686,3.8687,3.9157,23163759.1,2025-05-08 16:00:00
1746734400000,3.9163,4.1,3.8801,4.0335,27235422.5,2025-05-08 20:00:00
1746748800000,4.0332,4.048,3.8264,3.8306,24090538.2,2025-05-09 00:00:00
1746763200000,3.8306,4.045,3.8141,3.9801,25761138.3,2025-05-09 04:00:00
1746777600000,3.9802,4.0771,3.8703,3.9784,35382963.9,2025-05-09 08:00:00
1746792000000,3.9783,4.0415,3.858,3.9174,24406110.3,2025-05-09 12:00:00
1746806400000,3.9175,3.9416,3.8511,3.8981,11808650.1,2025-05-09 16:00:00
1746820800000,3.8982,3.9561,3.8746,3.9504,6946901.4,2025-05-09 20:00:00
1746835200000,3.9503,4.0272,3.8867,3.9584,10497188.1,2025-05-10 00:00:00
1746849600000,3.9585,4.003,3.9117,3.9963,9556939.5,2025-05-10 04:00:00
1746864000000,3.9966,4.0161,3.833,3.8587,16804620.0,2025-05-10 08:00:00
1746878400000,3.8589,3.983,3.8589,3.9567,12114155.8,2025-05-10 12:00:00
1746892800000,3.9567,4.0872,3.9556,3.9999,20549480.4,2025-05-10 16:00:00
1746907200000,4.0,4.158,3.971,4.1214,16245229.6,2025-05-10 20:00:00
1746921600000,4.1213,4.274,3.9714,4.0152,42549265.3,2025-05-11 00:00:00
1746936000000,4.0152,4.0451,3.9317,3.9594,11022459.0,2025-05-11 04:00:00
1746950400000,3.9594,4.0249,3.9364,4.0109,8865438.1,2025-05-11 08:00:00
1746964800000,4.0109,4.0194,3.8902,3.932,9120232.4,2025-05-11 12:00:00
1746979200000,3.9319,4.0337,3.8931,4.0081,8358958.6,2025-05-11 16:00:00
1746993600000,4.0081,4.0515,3.9746,4.0175,5516078.2,2025-05-11 20:00:00
1747008000000,4.0176,4.187,3.9562,4.0495,21320171.6,2025-05-12 00:00:00
1747022400000,4.0495,4.2989,4.0352,4.2173,26663710.2,2025-05-12 04:00:00
1747036800000,4.2171,4.2314,4.0435,4.052,20076409.0,2025-05-12 08:00:00
1747051200000,4.0518,4.1284,3.8932,3.9356,33003648.0,2025-05-12 12:00:00
1747065600000,3.9355,4.0098,3.808,3.9245,21381968.9,2025-05-12 16:00:00
1747080000000,3.9244,3.9914,3.899,3.9632,8071351.7,2025-05-12 20:00:00
1747094400000,3.9632,3.971,3.815,3.8253,12755825.3,2025-05-13 00:00:00
1747108800000,3.8251,3.9865,3.8188,3.9579,7587936.4,2025-05-13 04:00:00
1747123200000,3.9581,4.0182,3.9368,3.9596,8117986.5,2025-05-13 08:00:00
1747137600000,3.9595,4.08,3.9357,4.0042,14482263.3,2025-05-13 12:00:00
1747152000000,4.0044,4.1139,3.99,4.0486,12063459.6,2025-05-13 16:00:00
1747166400000,4.0483,4.109,4.0011,4.0632,9923594.8,2025-05-13 20:00:00
1747180800000,4.0631,4.0834,3.933,3.9796,13278661.7,2025-05-14 00:00:00
1747195200000,3.9797,4.047,3.9654,3.9953,5617119.7,2025-05-14 04:00:00
1747209600000,3.9956,4.019,3.8871,3.9518,10445567.3,2025-05-14 08:00:00
1747224000000,3.952,3.9655,3.8523,3.9058,10103020.7,2025-05-14 12:00:00
1747238400000,3.9058,3.9447,3.8664,3.9273,5679880.1,2025-05-14 16:00:00
1747252800000,3.9275,3.955,3.8881,3.9152,2819236.2,2025-05-14 20:00:00
1747267200000,3.9154,3.96,3.8364,3.8578,6777518.6,2025-05-15 00:00:00
1747281600000,3.8578,3.8758,3.6833,3.7051,12634500.5,2025-05-15 04:00:00
1747296000000,3.7052,3.7889,3.6765,3.7263,11450868.5,2025-05-15 08:00:00
1747310400000,3.7262,3.8048,3.6358,3.7896,15877214.0,2025-05-15 12:00:00
1747324800000,3.7898,3.9513,3.7736,3.8907,15058523.9,2025-05-15 16:00:00
1747339200000,3.8908,3.9244,3.7798,3.8486,10055972.5,2025-05-15 20:00:00
1747353600000,3.8487,3.9513,3.8175,3.9087,9226269.1,2025-05-16 00:00:00
1747368000000,3.9087,3.9324,3.8613,3.8853,4998642.8,2025-05-16 04:00:00
1747382400000,3.8854,3.944,3.8216,3.9122,7217110.0,2025-05-16 08:00:00
1747396800000,3.9123,3.93,3.8483,3.8775,11365521.6,2025-05-16 12:00:00
1747411200000,3.8774,3.8991,3.8111,3.8729,5342114.4,2025-05-16 16:00:00
1747425600000,3.8728,3.882,3.7186,3.7802,7891334.4,2025-05-16 20:00:00
1747440000000,3.7802,3.8067,3.672,3.7901,8928089.1,2025-05-17 00:00:00
1747454400000,3.7904,3.8478,3.7717,3.8038,4974200.6,2025-05-17 04:00:00
1747468800000,3.8037,3.824,3.7469,3.7694,4795416.7,2025-05-17 08:00:00
1747483200000,3.7694,3.8099,3.7289,3.782,5514375.7,2025-05-17 12:00:00
1747497600000,3.782,3.8222,3.7083,3.7736,8661081.5,2025-05-17 16:00:00
1747512000000,3.7734,3.863,3.7605,3.8018,6846743.1,2025-05-17 20:00:00
1747526400000,3.8016,3.8155,3.7358,3.7487,5673589.7,2025-05-18 00:00:00
1747540800000,3.7487,3.865,3.747,3.8498,5890862.9,2025-05-18 04:00:00
1747555200000,3.8498,3.875,3.8247,3.8272,6320616.6,2025-05-18 08:00:00
1747569600000,3.827,4.0051,3.805,3.9851,17654786.4,2025-05-18 12:00:00
1747584000000,3.9851,3.9979,3.719,3.7269,22450087.4,2025-05-18 16:00:00
1747598400000,3.7272,3.9669,3.6888,3.9423,13426832.7,2025-05-18 20:00:00
1747612800000,3.9423,3.9725,3.754,3.7626,12579352.1,2025-05-19 00:00:00
1747627200000,3.7623,3.7954,3.652,3.7082,12003465.4,2025-05-19 04:00:00
1747641600000,3.7082,3.7278,3.6475,3.6572,9794245.4,2025-05-19 08:00:00
1747656000000,3.6571,3.7789,3.5842,3.7557,20633986.9,2025-05-19 12:00:00
1747670400000,3.7558,3.84,3.7216,3.7958,11021574.4,2025-05-19 16:00:00
1747684800000,3.7957,3.849,3.7841,3.8373,5400094.2,2025-05-19 20:00:00
1747699200000,3.8375,3.9362,3.8235,3.8472,19488903.7,2025-05-20 00:00:00
1747713600000,3.847,3.9049,3.8281,3.8731,9208876.7,2025-05-20 04:00:00
1747728000000,3.873,3.8921,3.8213,3.8239,7160043.3,2025-05-20 08:00:00
1747742400000,3.8238,3.8831,3.7802,3.8659,12105355.6,2025-05-20 12:00:00
1747756800000,3.866,3.9098,3.8134,3.8848,6784766.2,2025-05-20 16:00:00
1747771200000,3.8848,3.941,3.8384,3.8542,12780083.3,2025-05-20 20:00:00
1747785600000,3.8543,3.8842,3.7974,3.8614,6063864.0,2025-05-21 00:00:00
1747800000000,3.8614,3.9163,3.8225,3.8402,12183354.4,2025-05-21 04:00:00
1747814400000,3.84,3.8889,3.8,3.8724,6217208.5,2025-05-21 08:00:00
1747828800000,3.8723,3.99,3.8585,3.9656,16149090.5,2025-05-21 12:00:00
1747843200000,3.9657,4.0685,3.8326,3.9113,28914832.4,2025-05-21 16:00:00
1747857600000,3.9113,3.9831,3.8601,3.9286,8028641.1,2025-05-21 20:00:00
1747872000000,3.9289,4.0743,3.9192,4.0509,14426124.5,2025-05-22 00:00:00
1747886400000,4.051,4.1769,4.0172,4.1728,15887561.0,2025-05-22 04:00:00
1747900800000,4.173,4.2,3.9032,4.0374,39971803.2,2025-05-22 08:00:00
1747915200000,4.0369,4.0449,3.6589,3.9298,82085549.7,2025-05-22 12:00:00
1747929600000,3.93,3.9393,3.8501,3.8644,16547381.8,2025-05-22 16:00:00
1747944000000,3.8645,3.89,3.801,3.8898,11581700.5,2025-05-22 20:00:00
1747958400000,3.8898,3.9599,3.81,3.9339,16969997.5,2025-05-23 00:00:00
1747972800000,3.9339,3.952,3.8075,3.8212,14171060.5,2025-05-23 04:00:00
1747987200000,3.8212,3.9059,3.6364,3.6673,28270423.9,2025-05-23 08:00:00
1748001600000,3.6677,3.7216,3.5293,3.6588,40856770.3,2025-05-23 12:00:00
1748016000000,3.6587,3.7531,3.63,3.7145,18679432.6,2025-05-23 16:00:00
1748030400000,3.7144,3.7152,3.5386,3.5816,9315449.2,2025-05-23 20:00:00
1748044800000,3.5813,3.6963,3.5666,3.6669,7864474.1,2025-05-24 00:00:00
1748059200000,3.667,3.6957,3.6417,3.6555,4225866.3,2025-05-24 04:00:00
1748073600000,3.6553,3.6741,3.6232,3.6406,7718607.5,2025-05-24 08:00:00
1748088000000,3.6408,3.6699,3.6135,3.635,3611946.4,2025-05-24 12:00:00
1748102400000,3.6351,3.6535,3.6086,3.632,3305571.4,2025-05-24 16:00:00
1748116800000,3.6321,3.6481,3.5852,3.6258,4318443.6,2025-05-24 20:00:00
1748131200000,3.6258,3.6664,3.5591,3.6316,8375117.1,2025-05-25 00:00:00
1748145600000,3.6314,3.645,3.5989,3.6078,4971464.7,2025-05-25 04:00:00
1748160000000,3.6078,3.6098,3.4274,3.5021,16005781.7,2025-05-25 08:00:00
1748174400000,3.502,3.5539,3.4323,3.4991,9263568.2,2025-05-25 12:00:00
1748188800000,3.4991,3.5494,3.4593,3.5331,3674152.9,2025-05-25 16:00:00
1748203200000,3.5331,3.6227,3.5094,3.6005,7712321.1,2025-05-25 20:00:00
1748217600000,3.6005,3.6342,3.5815,3.6138,6574965.1,2025-05-26 00:00:00
1748232000000,3.614,3.6615,3.6088,3.6389,6286175.6,2025-05-26 04:00:00
1748246400000,3.6389,3.6602,3.5589,3.5699,8363899.4,2025-05-26 08:00:00
1748260800000,3.5699,3.6061,3.5132,3.5495,12053585.5,2025-05-26 12:00:00
1748275200000,3.5495,3.5671,3.454,3.4711,6231900.5,2025-05-26 16:00:00
1748289600000,3.471,3.5093,3.4577,3.4899,4536862.7,2025-05-26 20:00:00
1748304000000,3.49,3.5154,3.4041,3.4621,7616183.8,2025-05-27 00:00:00
1748318400000,3.4624,3.4894,3.4126,3.4893,5059654.6,2025-05-27 04:00:00
1748332800000,3.4894,3.5736,3.4836,3.5596,12748888.2,2025-05-27 08:00:00
1748347200000,3.5596,3.6886,3.5494,3.6859,22195466.7,2025-05-27 12:00:00
1748361600000,3.686,3.735,3.6374,3.71,8716757.0,2025-05-27 16:00:00
1748376000000,3.71,3.726,3.632,3.6722,6883437.8,2025-05-27 20:00:00
1748390400000,3.6722,3.7262,3.6333,3.7219,5813081.9,2025-05-28 00:00:00
1748404800000,3.722,3.7325,3.6657,3.7149,5831894.1,2025-05-28 04:00:00
1748419200000,3.715,3.7448,3.6687,3.6864,5717646.9,2025-05-28 08:00:00
1748433600000,3.6865,3.7112,3.4807,3.5451,21189623.5,2025-05-28 12:00:00
1748448000000,3.5451,3.6021,3.5145,3.5215,5735354.6,2025-05-28 16:00:00
1748462400000,3.5215,3.612,3.5168,3.605,3315616.2,2025-05-28 20:00:00
1748476800000,3.6052,3.6789,3.5665,3.6434,7126375.5,2025-05-29 00:00:00
1748491200000,3.6433,3.6646,3.5618,3.6384,5271453.6,2025-05-29 04:00:00
1748505600000,3.6382,3.7508,3.6208,3.7115,12077550.7,2025-05-29 08:00:00
1748520000000,3.7116,3.7138,3.5015,3.5629,17819361.0,2025-05-29 12:00:00
1748534400000,3.5629,3.5989,3.5116,3.5285,5466414.1,2025-05-29 16:00:00
1748548800000,3.5286,3.5974,3.5147,3.5254,4456159.1,2025-05-29 20:00:00
1748563200000,3.5255,3.5508,3.34,3.5089,18251264.3,2025-05-30 00:00:00
1748577600000,3.5089,3.5192,3.401,3.442,10731295.1,2025-05-30 04:00:00
1748592000000,3.442,3.5055,3.3888,3.4851,13363064.7,2025-05-30 08:00:00
1748606400000,3.4852,3.511,3.4178,3.4355,6979741.3,2025-05-30 12:00:00
1748620800000,3.4356,3.4457,3.2402,3.3514,22510352.7,2025-05-30 16:00:00
1748635200000,3.3512,3.352,3.1702,3.1881,9656351.5,2025-05-30 20:00:00
1748649600000,3.1878,3.1999,3.053,3.1063,15717445.0,2025-05-31 00:00:00
1748664000000,3.1065,3.188,3.0757,3.177,8891661.6,2025-05-31 04:00:00
1748678400000,3.177,3.1843,3.1162,3.1323,5365082.9,2025-05-31 08:00:00
1748692800000,3.1323,3.3133,3.128,3.2534,13641166.3,2025-05-31 12:00:00
1748707200000,3.2534,3.3083,3.2231,3.2545,9191724.8,2025-05-31 16:00:00
1748721600000,3.2544,3.29,3.2414,3.2457,3652697.9,2025-05-31 20:00:00
1748736000000,3.2457,3.2701,3.1909,3.2641,4154738.8,2025-06-01 00:00:00
1748750400000,3.264,3.2925,3.2379,3.2525,3162434.7,2025-06-01 04:00:00
1748764800000,3.2524,3.2744,3.1857,3.2559,5781589.8,2025-06-01 08:00:00
1748779200000,3.2562,3.3189,3.2243,3.2889,5919998.8,2025-06-01 12:00:00
1748793600000,3.2889,3.3264,3.2468,3.289,5219727.2,2025-06-01 16:00:00
1748808000000,3.2891,3.3649,3.2703,3.343,3939860.1,2025-06-01 20:00:00
1748822400000,3.3431,3.35,3.255,3.271,5347589.9,2025-06-02 00:00:00
1748836800000,3.2709,3.3099,3.2546,3.2932,3926907.4,2025-06-02 04:00:00
1748851200000,3.2933,3.3333,3.2377,3.2585,6150705.5,2025-06-02 08:00:00
1748865600000,3.2582,3.3013,3.2237,3.2874,6898061.2,2025-06-02 12:00:00
1748880000000,3.2874,3.3258,3.2496,3.2782,5034608.4,2025-06-02 16:00:00
1748894400000,3.2782,3.3701,3.2782,3.3309,5994376.1,2025-06-02 20:00:00
1748908800000,3.3308,3.3911,3.293,3.3072,6858372.9,2025-06-03 00:00:00
1748923200000,3.3071,3.3279,3.2861,3.3127,3057476.6,2025-06-03 04:00:00
1748937600000,3.3127,3.3306,3.2902,3.3104,3430765.4,2025-06-03 08:00:00
1748952000000,3.3105,3.341,3.273,3.3225,7388016.2,2025-06-03 12:00:00
1748966400000,3.3224,3.3339,3.2752,3.317,4957834.6,2025-06-03 16:00:00
1748980800000,3.3169,3.3199,3.2155,3.2512,6241201.4,2025-06-03 20:00:00
1748995200000,3.2512,3.2923,3.23,3.2738,5644843.7,2025-06-04 00:00:00
1749009600000,3.2739,3.2855,3.2352,3.2446,2247195.0,2025-06-04 04:00:00
1749024000000,3.2445,3.2655,3.1932,3.1944,3896591.2,2025-06-04 08:00:00
1749038400000,3.1947,3.2501,3.1591,3.216,10699001.3,2025-06-04 12:00:00
1749052800000,3.2161,3.248,3.2017,3.2105,4353641.8,2025-06-04 16:00:00
1749067200000,3.2105,3.2123,3.1553,3.1632,3652422.7,2025-06-04 20:00:00
1749081600000,3.1632,3.2159,3.1391,3.1913,4260362.6,2025-06-05 00:00:00
1749096000000,3.1914,3.2089,3.1472,3.1574,5144699.4,2025-06-05 04:00:00
1749110400000,3.1574,3.1661,3.1248,3.1619,4035099.0,2025-06-05 08:00:00
1749124800000,3.1618,3.23,3.1029,3.1299,13911509.5,2025-06-05 12:00:00
1749139200000,3.1299,3.1384,2.9453,2.997,14417016.9,2025-06-05 16:00:00
1749153600000,2.9972,3.0051,2.8467,2.9208,20035539.5,2025-06-05 20:00:00
1749168000000,2.9208,2.9857,2.915,2.983,6652901.8,2025-06-06 00:00:00
1749182400000,2.9831,3.0279,2.9739,3.0182,6088424.6,2025-06-06 04:00:00
1749196800000,3.0181,3.1124,3.0143,3.0944,7658966.6,2025-06-06 08:00:00
1749211200000,3.0944,3.2006,3.0819,3.1834,14404000.8,2025-06-06 12:00:00
1749225600000,3.1834,3.2,3.1429,3.187,8172552.6,2025-06-06 16:00:00
1749240000000,3.1871,3.2214,3.1669,3.1939,4648099.0,2025-06-06 20:00:00
1749254400000,3.1938,3.2932,3.1702,3.2887,7680887.3,2025-06-07 00:00:00
1749268800000,3.2886,3.2928,3.2384,3.2832,4802542.9,2025-06-07 04:00:00
1749283200000,3.2831,3.2862,3.2608,3.2653,3099646.1,2025-06-07 08:00:00
1749297600000,3.2654,3.3131,3.2445,3.2541,4871104.1,2025-06-07 12:00:00
1749312000000,3.2541,3.256,3.2121,3.2401,4273831.0,2025-06-07 16:00:00
1749326400000,3.2401,3.2608,3.2275,3.2427,2192857.2,2025-06-07 20:00:00
1749340800000,3.2427,3.2651,3.2284,3.2323,2067406.2,2025-06-08 00:00:00
1749355200000,3.2323,3.2502,3.2162,3.2203,2281372.4,2025-06-08 04:00:00
1749369600000,3.2203,3.2282,3.179,3.2234,4673441.0,2025-06-08 08:00:00
1749384000000,3.2233,3.2323,3.1832,3.2176,4491153.3,2025-06-08 12:00:00
1749398400000,3.2177,3.2747,3.2157,3.2729,3854246.4,2025-06-08 16:00:00
1749412800000,3.2729,3.2822,3.2171,3.2232,3666450.7,2025-06-08 20:00:00
1749427200000,3.223,3.2443,3.1931,3.2168,3125652.4,2025-06-09 00:00:00
1749441600000,3.2168,3.2194,3.1828,3.2155,2667848.2,2025-06-09 04:00:00
1749456000000,3.2156,3.3391,3.2026,3.323,8995638.5,2025-06-09 08:00:00
1749470400000,3.323,3.3768,3.2944,3.3496,7544351.0,2025-06-09 12:00:00
1749484800000,3.3496,3.3873,3.3496,3.3693,5342155.9,2025-06-09 16:00:00
1749499200000,3.3696,3.4687,3.3674,3.4483,9252481.5,2025-06-09 20:00:00
1749513600000,3.4484,3.4517,3.391,3.3996,5445686.2,2025-06-10 00:00:00
1749528000000,3.3996,3.409,3.3646,3.3949,4178118.5,2025-06-10 04:00:00
1749542400000,3.395,3.5203,3.3711,3.4939,8097698.1,2025-06-10 08:00:00
1749556800000,3.4938,3.5597,3.4002,3.4477,13734483.8,2025-06-10 12:00:00
1749571200000,3.4477,3.4905,3.3928,3.4497,6443327.5,2025-06-10 16:00:00
1749585600000,3.4496,3.4937,3.4196,3.4928,4728935.8,2025-06-10 20:00:00
1749600000000,3.4927,3.4961,3.4352,3.4903,3944853.4,2025-06-11 00:00:00
1749614400000,3.4906,3.5285,3.453,3.5076,5135443.8,2025-06-11 04:00:00
1749628800000,3.5076,3.52,3.4446,3.4604,5427546.7,2025-06-11 08:00:00
1749643200000,3.4603,3.5235,3.4446,3.5126,9325547.8,2025-06-11 12:00:00
1749657600000,3.5126,3.5161,3.4123,3.4198,5850829.8,2025-06-11 16:00:00
1749672000000,3.4196,3.4505,3.3387,3.3947,7383121.9,2025-06-11 20:00:00
1749686400000,3.3949,3.3998,3.3217,3.3352,5434726.2,2025-06-12 00:00:00
1749700800000,3.3351,3.3555,3.3122,3.3344,4249671.6,2025-06-12 04:00:00
1749715200000,3.3342,3.3368,3.2531,3.2625,6143775.6,2025-06-12 08:00:00
1749729600000,3.2627,3.3601,3.249,3.2877,12277748.9,2025-06-12 12:00:00
1749744000000,3.2878,3.3717,3.2418,3.2568,6241155.0,2025-06-12 16:00:00
1749758400000,3.2566,3.2736,3.1832,3.2078,8927801.2,2025-06-12 20:00:00
1749772800000,3.2078,3.2105,2.9186,3.0285,41754100.5,2025-06-13 00:00:00
1749787200000,3.0287,3.0416,2.9422,3.0272,19514531.4,2025-06-13 04:00:00
1749801600000,3.0272,3.0673,2.9912,3.0229,8838438.8,2025-06-13 08:00:00
1749816000000,3.0228,3.0541,2.9711,3.0359,10800864.3,2025-06-13 12:00:00
1749830400000,3.036,3.076,2.9903,3.0167,15714861.3,2025-06-13 16:00:00
1749844800000,3.0168,3.0859,3.0068,3.0758,4728992.0,2025-06-13 20:00:00
1749859200000,3.0759,3.0774,3.0215,3.0312,3739470.2,2025-06-14 00:00:00
1749873600000,3.0311,3.0576,3.0068,3.0269,2483698.4,2025-06-14 04:00:00
1749888000000,3.0268,3.0331,3.0053,3.0273,2973507.0,2025-06-14 08:00:00
1749902400000,3.0272,3.0317,2.9042,2.9243,18992064.5,2025-06-14 12:00:00
1749916800000,2.9244,2.9367,2.8051,2.8737,16962808.2,2025-06-14 16:00:00
1749931200000,2.8738,2.9535,2.8512,2.947,4938154.4,2025-06-14 20:00:00
1749945600000,2.9471,2.9935,2.9433,2.9793,3448239.3,2025-06-15 00:00:00
1749960000000,2.9791,3.0348,2.9773,2.9926,4652893.2,2025-06-15 04:00:00
1749974400000,2.9927,2.996,2.9488,2.9612,4207738.9,2025-06-15 08:00:00
1749988800000,2.9612,3.0298,2.9514,3.0084,6009623.6,2025-06-15 12:00:00
1750003200000,3.0085,3.043,2.99,3.0188,4299279.4,2025-06-15 16:00:00
1750017600000,3.0189,3.04,2.9626,3.0233,4789476.8,2025-06-15 20:00:00
1750032000000,3.0234,3.0878,2.9724,3.0678,6831401.3,2025-06-16 00:00:00
1750046400000,3.0679,3.1414,3.0504,3.139,6847425.4,2025-06-16 04:00:00
1750060800000,3.1392,3.1423,3.0693,3.1118,5283979.1,2025-06-16 08:00:00
1750075200000,3.1117,3.1589,3.0831,3.1068,6761230.6,2025-06-16 12:00:00
1750089600000,3.1069,3.152,3.0992,3.125,5378254.5,2025-06-16 16:00:00
1750104000000,3.125,3.1367,2.9283,2.9962,12189891.5,2025-06-16 20:00:00
1750118400000,2.9963,3.0569,2.9266,3.0415,12755705.7,2025-06-17 00:00:00
1750132800000,3.0416,3.0455,2.9828,2.9954,5059489.1,2025-06-17 04:00:00
1750147200000,2.9954,2.9958,2.8908,2.9145,10898215.2,2025-06-17 08:00:00
1750161600000,2.9145,2.9343,2.8262,2.8601,11333445.1,2025-06-17 12:00:00
1750176000000,2.8601,2.9036,2.8028,2.8746,11577087.9,2025-06-17 16:00:00
1750190400000,2.8745,2.8863,2.8201,2.8326,5366132.2,2025-06-17 20:00:00
1750204800000,2.8326,2.8941,2.8182,2.8809,4408413.7,2025-06-18 00:00:00
1750219200000,2.8808,2.9181,2.8413,2.8665,5434901.6,2025-06-18 04:00:00
1750233600000,2.8665,2.8765,2.68,2.7706,18861591.1,2025-06-18 08:00:00
1750248000000,2.7704,2.8137,2.7172,2.7768,9194882.4,2025-06-18 12:00:00
1750262400000,2.7767,2.8268,2.7607,2.7702,6323032.3,2025-06-18 16:00:00
1750276800000,2.7702,2.8473,2.7611,2.828,5591496.6,2025-06-18 20:00:00
1750291200000,2.8281,2.8679,2.8149,2.8437,3819658.0,2025-06-19 00:00:00
1750305600000,2.8438,2.857,2.7906,2.8061,5559960.5,2025-06-19 04:00:00
1750320000000,2.806,2.8227,2.7842,2.8034,3586813.3,2025-06-19 08:00:00
1750334400000,2.8034,2.8301,2.7937,2.822,4187980.6,2025-06-19 12:00:00
1750348800000,2.8219,2.8586,2.7975,2.8391,5134523.1,2025-06-19 16:00:00
1750363200000,2.8391,2.8578,2.8189,2.8287,2075625.1,2025-06-19 20:00:00
1750377600000,2.8288,2.8454,2.7986,2.8022,2243271.1,2025-06-20 00:00:00
1750392000000,2.8023,2.8527,2.772,2.8503,4883437.8,2025-06-20 04:00:00
1750406400000,2.8504,2.8852,2.8256,2.8364,5808159.9,2025-06-20 08:00:00
1750420800000,2.8365,2.861,2.7543,2.768,8471075.2,2025-06-20 12:00:00
1750435200000,2.7681,2.7696,2.65,2.7252,15005949.9,2025-06-20 16:00:00
1750449600000,2.7249,2.7807,2.6874,2.7163,3969133.2,2025-06-20 20:00:00
1750464000000,2.7164,2.7495,2.7062,2.7361,2698080.1,2025-06-21 00:00:00
1750478400000,2.736,2.7446,2.7197,2.7305,1818501.7,2025-06-21 04:00:00
1750492800000,2.7306,2.7543,2.7207,2.7245,2504223.9,2025-06-21 08:00:00
1750507200000,2.7245,2.75,2.6131,2.6372,9982084.7,2025-06-21 12:00:00
1750521600000,2.6373,2.6521,2.5721,2.5754,8118800.2,2025-06-21 16:00:00
1750536000000,2.5754,2.6088,2.4568,2.5689,14125525.7,2025-06-21 20:00:00
1750550400000,2.5689,2.6164,2.5292,2.5578,11527970.1,2025-06-22 00:00:00
1750564800000,2.5577,2.6011,2.5514,2.5834,7472129.9,2025-06-22 04:00:00
1750579200000,2.5835,2.5888,2.5184,2.5303,9962833.8,2025-06-22 08:00:00
1750593600000,2.5302,2.5444,2.3702,2.3939,26802349.4,2025-06-22 12:00:00
1750608000000,2.3939,2.4277,2.3443,2.3549,9397835.5,2025-06-22 16:00:00
1750622400000,2.3549,2.4568,2.2937,2.4495,13839065.4,2025-06-22 20:00:00
1750636800000,2.4495,2.5032,2.4422,2.4844,7628073.0,2025-06-23 00:00:00
1750651200000,2.4844,2.5344,2.4752,2.5163,6012538.9,2025-06-23 04:00:00
1750665600000,2.5162,2.523,2.4806,2.4966,5119626.8,2025-06-23 08:00:00
1750680000000,2.4965,2.5797,2.4663,2.4764,16919940.3,2025-06-23 12:00:00
1750694400000,2.4765,2.6395,2.3925,2.6329,26748956.7,2025-06-23 16:00:00
1750708800000,2.6331,2.8562,2.6253,2.8276,27972926.5,2025-06-23 20:00:00
1750723200000,2.8277,2.8449,2.7578,2.7769,12230670.6,2025-06-24 00:00:00
1750737600000,2.7768,2.9131,2.7754,2.8042,15736504.6,2025-06-24 04:00:00
1750752000000,2.8041,2.836,2.7712,2.8031,10296801.3,2025-06-24 08:00:00
1750766400000,2.8032,2.8144,2.7503,2.7686,9498354.2,2025-06-24 12:00:00
1750780800000,2.7687,2.8297,2.7331,2.7607,7932980.3,2025-06-24 16:00:00
1750795200000,2.7605,2.7984,2.7504,2.7984,5275968.5,2025-06-24 20:00:00
1750809600000,2.7984,2.8332,2.78,2.7942,4508584.3,2025-06-25 00:00:00
1750824000000,2.7943,2.8222,2.7549,2.8136,9066013.4,2025-06-25 04:00:00
1750838400000,2.8138,2.8154,2.7599,2.7931,10625063.3,2025-06-25 08:00:00
1750852800000,2.7932,2.8449,2.7423,2.7523,12638318.1,2025-06-25 12:00:00
1750867200000,2.7524,2.7834,2.7026,2.7679,7364737.4,2025-06-25 16:00:00
1750881600000,2.768,2.8062,2.7083,2.7316,5810964.3,2025-06-25 20:00:00
1750896000000,2.732,2.8053,2.7024,2.7409,10698461.6,2025-06-26 00:00:00
1750910400000,2.741,2.7445,2.704,2.7159,6272703.1,2025-06-26 04:00:00
1750924800000,2.7159,2.7364,2.6578,2.6626,8556495.9,2025-06-26 08:00:00
1750939200000,2.6626,2.6665,2.6126,2.6356,14067269.9,2025-06-26 12:00:00
1750953600000,2.6355,2.6384,2.5854,2.6095,6434457.9,2025-06-26 16:00:00
1750968000000,2.6093,2.662,2.5501,2.6012,8729970.2,2025-06-26 20:00:00
1750982400000,2.6013,2.6511,2.5806,2.6383,5726428.0,2025-06-27 00:00:00
1750996800000,2.6384,2.6585,2.6131,2.6209,5941123.1,2025-06-27 04:00:00
1751011200000,2.621,2.6787,2.621,2.6599,5046025.9,2025-06-27 08:00:00
1751025600000,2.66,2.7489,2.6273,2.7413,19978777.9,2025-06-27 12:00:00
1751040000000,2.7414,2.7958,2.6857,2.7037,15302051.4,2025-06-27 16:00:00
1751054400000,2.7035,2.738,2.689,2.7213,5143168.5,2025-06-27 20:00:00
1751068800000,2.7214,2.7236,2.6794,2.6999,3379608.1,2025-06-28 00:00:00
1751083200000,2.7,2.726,2.6839,2.7236,3351920.8,2025-06-28 04:00:00
1751097600000,2.7236,2.7381,2.7133,2.7176,3098041.7,2025-06-28 08:00:00
1751112000000,2.7177,2.7617,2.717,2.7603,4876788.1,2025-06-28 12:00:00
1751126400000,2.7603,2.7944,2.7446,2.765,4232779.8,2025-06-28 16:00:00
1751140800000,2.7653,2.8439,2.7519,2.8018,7489434.0,2025-06-28 20:00:00
1751155200000,2.8017,2.8236,2.7689,2.7713,4880058.6,2025-06-29 00:00:00
1751169600000,2.7713,2.7992,2.7686,2.7971,2084527.9,2025-06-29 04:00:00
1751184000000,2.7971,2.839,2.7876,2.8219,5190479.4,2025-06-29 08:00:00
1751198400000,2.8218,2.8261,2.7965,2.811,4622442.1,2025-06-29 12:00:00
1751212800000,2.811,2.8316,2.7883,2.8018,4819144.4,2025-06-29 16:00:00
1751227200000,2.8018,2.9278,2.7774,2.8997,11074637.5,2025-06-29 20:00:00
1751241600000,2.8997,2.9106,2.8287,2.8387,5732474.7,2025-06-30 00:00:00
1751256000000,2.8388,2.8436,2.7845,2.8108,5569356.1,2025-06-30 04:00:00
1751270400000,2.8107,2.8165,2.7618,2.7702,4751067.5,2025-06-30 08:00:00
1751284800000,2.7702,2.8208,2.7363,2.7927,8115413.1,2025-06-30 12:00:00
1751299200000,2.7928,2.8365,2.7855,2.824,6673112.8,2025-06-30 16:00:00
1751313600000,2.8237,2.8251,2.773,2.7769,3446586.5,2025-06-30 20:00:00
1751328000000,2.777,2.8021,2.7644,2.8004,3218456.1,2025-07-01 00:00:00
1751342400000,2.8005,2.8131,2.7664,2.8037,3424407.3,2025-07-01 04:00:00
1751356800000,2.8037,2.8042,2.7049,2.7169,5653574.6,2025-07-01 08:00:00
1751371200000,2.717,2.7273,2.6686,2.692,5831423.0,2025-07-01 12:00:00
1751385600000,2.6919,2.7038,2.6602,2.6747,2814363.6,2025-07-01 16:00:00
1751400000000,2.6747,2.6996,2.6594,2.672,2578092.4,2025-07-01 20:00:00
1751414400000,2.6721,2.7077,2.6485,2.6879,3486707.0,2025-07-02 00:00:00
1751428800000,2.6879,2.7348,2.679,2.7247,3841887.1,2025-07-02 04:00:00
1751443200000,2.7247,2.7742,2.7247,2.747,3997531.6,2025-07-02 08:00:00
1751457600000,2.747,2.8326,2.7238,2.8259,6645618.2,2025-07-02 12:00:00
1751472000000,2.8259,2.95,2.8202,2.9334,19559748.1,2025-07-02 16:00:00
1751486400000,2.9333,2.9615,2.8926,2.8986,6508742.1,2025-07-02 20:00:00
1751500800000,2.8986,2.9168,2.874,2.8742,3754165.6,2025-07-03 00:00:00
1751515200000,2.8742,3.0559,2.872,3.0311,13584991.2,2025-07-03 04:00:00
1751529600000,3.0312,3.0897,2.9665,3.0153,10233832.7,2025-07-03 08:00:00
1751544000000,3.0153,3.0799,2.9608,2.9636,15942326.7,2025-07-03 12:00:00
1751558400000,2.9636,3.0192,2.9623,3.0026,5911386.3,2025-07-03 16:00:00
1751572800000,3.0026,3.05,3.0005,3.0224,4174693.2,2025-07-03 20:00:00
1751587200000,3.0225,3.084,2.992,3.0008,5268963.6,2025-07-04 00:00:00
1751601600000,3.0009,3.0094,2.916,2.9185,5730752.7,2025-07-04 04:00:00
1751616000000,2.9184,2.9434,2.8984,2.9205,4355075.2,2025-07-04 08:00:00
1751630400000,2.9206,2.9311,2.8626,2.865,6976522.2,2025-07-04 12:00:00
1751644800000,2.8649,2.8719,2.7,2.8332,8502644.9,2025-07-04 16:00:00
1751659200000,2.8332,2.9133,2.8297,2.8755,4998358.0,2025-07-04 20:00:00
1751673600000,2.8755,2.9143,2.8593,2.8991,2962004.3,2025-07-05 00:00:00
1751688000000,2.8991,2.924,2.8791,2.9062,2582526.1,2025-07-05 04:00:00
1751702400000,2.9062,2.9356,2.8974,2.9181,2742841.4,2025-07-05 08:00:00
1751716800000,2.9181,2.9209,2.8824,2.8851,2704444.2,2025-07-05 12:00:00
1751731200000,2.8854,2.9046,2.8547,2.8958,3514087.0,2025-07-05 16:00:00
1751745600000,2.8957,2.9045,2.8811,2.8987,1645367.5,2025-07-05 20:00:00
1751760000000,2.8988,2.9099,2.8837,2.896,1342423.8,2025-07-06 00:00:00
1751774400000,2.8957,2.9064,2.8846,2.8869,1265270.3,2025-07-06 04:00:00
1751788800000,2.8869,2.8977,2.8668,2.8889,3042608.1,2025-07-06 08:00:00
1751803200000,2.889,2.958,2.8813,2.9052,7251488.9,2025-07-06 12:00:00
1751817600000,2.9053,2.9252,2.8712,2.8897,3265165.4,2025-07-06 16:00:00
1751832000000,2.8896,2.9686,2.8873,2.9089,5818958.0,2025-07-06 20:00:00
1751846400000,2.909,2.9515,2.8852,2.9297,3676191.9,2025-07-07 00:00:00
1751860800000,2.9297,2.9307,2.8965,2.9218,2864252.0,2025-07-07 04:00:00
1751875200000,2.9217,2.9238,2.8902,2.9001,2608817.9,2025-07-07 08:00:00
1751889600000,2.9001,2.9292,2.8667,2.9013,6056792.4,2025-07-07 12:00:00
1751904000000,2.9013,2.9035,2.802,2.8663,6326113.2,2025-07-07 16:00:00
1751918400000,2.8664,2.8664,2.8316,2.8579,2974209.9,2025-07-07 20:00:00
1751932800000,2.858,2.8842,2.8261,2.8505,3533701.5,2025-07-08 00:00:00
1751947200000,2.8505,2.8795,2.8336,2.8795,2628414.4,2025-07-08 04:00:00
1751961600000,2.8795,2.8989,2.86,2.8888,2775051.9,2025-07-08 08:00:00
1751976000000,2.8889,2.919,2.8694,2.8727,4038576.5,2025-07-08 12:00:00
1751990400000,2.8728,2.934,2.8639,2.9086,4132300.4,2025-07-08 16:00:00
1752004800000,2.9086,2.9111,2.8827,2.8947,1912057.4,2025-07-08 20:00:00
1752019200000,2.8947,2.907,2.8783,2.8969,1484364.0,2025-07-09 00:00:00
1752033600000,2.8968,2.9453,2.8937,2.9252,3402991.7,2025-07-09 04:00:00
1752048000000,2.9253,2.9556,2.9213,2.9381,2940071.2,2025-07-09 08:00:00
1752062400000,2.9383,2.9768,2.9207,2.9583,7331834.3,2025-07-09 12:00:00
1752076800000,2.9584,3.0605,2.9457,3.0461,7756396.6,2025-07-09 16:00:00
1752091200000,3.0462,3.0995,3.0047,3.0726,8363464.8,2025-07-09 20:00:00
1752105600000,3.0729,3.1383,3.0594,3.104,5926793.4,2025-07-10 00:00:00
1752120000000,3.104,3.2443,3.0947,3.2119,15174230.6,2025-07-10 04:00:00
1752134400000,3.2119,3.2522,3.1922,3.23,7807278.8,2025-07-10 08:00:00
1752148800000,3.2299,3.276,3.207,3.2367,11398141.4,2025-07-10 12:00:00
1752163200000,3.2368,3.4423,3.2324,3.4139,14845029.7,2025-07-10 16:00:00
1752177600000,3.4141,3.5013,3.4045,3.4909,14072444.7,2025-07-10 20:00:00
1752192000000,3.491,3.5093,3.3876,3.4961,11922544.4,2025-07-11 00:00:00
1752206400000,3.4961,3.5521,3.4388,3.4846,13756946.9,2025-07-11 04:00:00
1752220800000,3.4846,3.5426,3.4777,3.5172,8412721.0,2025-07-11 08:00:00
1752235200000,3.5175,3.5719,3.46,3.4691,16661519.9,2025-07-11 12:00:00
1752249600000,3.4698,3.5148,3.419,3.5141,12797226.4,2025-07-11 16:00:00
1752264000000,3.5144,3.5156,3.3,3.3868,12832342.2,2025-07-11 20:00:00
1752278400000,3.3869,3.4644,3.3551,3.4345,7892766.8,2025-07-12 00:00:00
1752292800000,3.4342,3.4463,3.3739,3.4335,6790125.9,2025-07-12 04:00:00
1752307200000,3.4335,3.4745,3.4148,3.4244,4057589.6,2025-07-12 08:00:00
1752321600000,3.4245,3.4323,3.3094,3.3258,10767345.2,2025-07-12 12:00:00
1752336000000,3.3259,3.406,3.3136,3.4002,4503247.8,2025-07-12 16:00:00
1752350400000,3.4003,3.409,3.3434,3.4019,4625039.2,2025-07-12 20:00:00
1752364800000,3.402,3.425,3.3791,3.4182,3454803.0,2025-07-13 00:00:00
1752379200000,3.4183,3.45,3.4014,3.4397,3304437.1,2025-07-13 04:00:00
1752393600000,3.4397,3.4621,3.4056,3.4489,5792982.1,2025-07-13 08:00:00
1752408000000,3.4489,3.5411,3.4287,3.4734,13525402.1,2025-07-13 12:00:00
1752422400000,3.4735,3.5316,3.4666,3.4861,4459194.5,2025-07-13 16:00:00
1752436800000,3.486,3.5103,3.4263,3.4899,6193744.0,2025-07-13 20:00:00
1752451200000,3.4899,3.8642,3.4878,3.8307,28149090.4,2025-07-14 00:00:00
1752465600000,3.8307,3.9678,3.796,3.9432,20038134.1,2025-07-14 04:00:00
1752480000000,3.9433,3.9958,3.8842,3.9496,15152844.3,2025-07-14 08:00:00
1752494400000,3.9495,4.0017,3.8345,3.8775,21588490.7,2025-07-14 12:00:00
1752508800000,3.8775,3.9311,3.8221,3.8561,8983297.9,2025-07-14 16:00:00
1752523200000,3.8562,3.8956,3.8138,3.8892,7196375.7,2025-07-14 20:00:00
1752537600000,3.8892,3.9403,3.81,3.8923,20100098.2,2025-07-15 00:00:00
1752552000000,3.8923,4.004,3.852,3.8864,18917082.7,2025-07-15 04:00:00
1752566400000,3.8864,3.988,3.8448,3.9796,12154636.6,2025-07-15 08:00:00
1752580800000,3.9796,4.05,3.8851,3.9582,25511831.6,2025-07-15 12:00:00
1752595200000,3.9578,4.1074,3.9501,3.9661,18546953.1,2025-07-15 16:00:00
1752609600000,3.9659,4.1081,3.939,4.1014,10014114.6,2025-07-15 20:00:00
1752624000000,4.1015,4.1024,3.9627,4.0186,12247428.4,2025-07-16 00:00:00
1752638400000,4.0186,4.0226,3.9623,3.9971,5819481.7,2025-07-16 04:00:00
1752652800000,3.9971,4.0768,3.9832,4.0076,7522920.7,2025-07-16 08:00:00
1752667200000,4.0077,4.0649,3.9682,3.9997,13148765.1,2025-07-16 12:00:00
1752681600000,3.9995,4.068,3.9794,4.0148,9961204.4,2025-07-16 16:00:00
1752696000000,4.0148,4.0683,3.9211,3.9424,11592497.0,2025-07-16 20:00:00
1752710400000,3.9423,3.992,3.85,3.907,12325040.9,2025-07-17 00:00:00
1752724800000,3.9069,4.01,3.8823,4.0024,8793809.0,2025-07-17 04:00:00
1752739200000,4.0025,4.0786,3.983,4.0124,10859000.7,2025-07-17 08:00:00
1752753600000,4.0122,4.055,3.9212,4.0476,13497275.5,2025-07-17 12:00:00
1752768000000,4.0475,4.0579,3.9524,3.9576,9152740.4,2025-07-17 16:00:00
1752782400000,3.9571,4.0644,3.9103,4.0077,11806415.3,2025-07-17 20:00:00
1752796800000,4.0077,4.0533,3.9389,4.0287,20645765.5,2025-07-18 00:00:00
1752811200000,4.0286,4.248,3.994,4.0484,35922756.6,2025-07-18 04:00:00
1752825600000,4.048,4.0909,3.9555,3.9886,14050554.2,2025-07-18 08:00:00
1752840000000,3.9886,4.0395,3.8055,3.8477,24904750.8,2025-07-18 12:00:00
1752854400000,3.8478,3.917,3.755,3.8057,13728273.6,2025-07-18 16:00:00
1752868800000,3.8058,3.8061,3.6519,3.7819,13342134.1,2025-07-18 20:00:00
1752883200000,3.7817,3.8079,3.6914,3.7962,7007661.9,2025-07-19 00:00:00
1752897600000,3.7962,3.8319,3.7613,3.7716,7266264.8,2025-07-19 04:00:00
1752912000000,3.7716,3.8135,3.7373,3.7892,6035843.5,2025-07-19 08:00:00
1752926400000,3.7893,3.8067,3.7445,3.7787,5729696.7,2025-07-19 12:00:00
1752940800000,3.7787,3.8075,3.7611,3.7875,3214960.9,2025-07-19 16:00:00
1752955200000,3.7874,3.8556,3.774,3.8346,7012443.8,2025-07-19 20:00:00
1752969600000,3.8348,3.8913,3.81,3.8593,6012339.7,2025-07-20 00:00:00
1752984000000,3.8592,3.98,3.8431,3.9592,6982406.1,2025-07-20 04:00:00
1752998400000,3.9593,3.9982,3.9429,3.965,8203452.9,2025-07-20 08:00:00
1753012800000,3.9648,4.0341,3.9573,4.0074,9562045.4,2025-07-20 12:00:00
1753027200000,4.0075,4.0211,3.8999,3.9421,11268784.9,2025-07-20 16:00:00
1753041600000,3.9422,3.9508,3.8082,3.891,10681345.1,2025-07-20 20:00:00
1753056000000,3.891,3.9959,3.835,3.9769,8855393.1,2025-07-21 00:00:00
1753070400000,3.9769,4.0239,3.9616,4.002,8388937.8,2025-07-21 04:00:00
1753084800000,4.002,4.071,3.9656,4.0142,10969028.1,2025-07-21 08:00:00
1753099200000,4.0144,4.0948,3.9872,3.9987,15668450.5,2025-07-21 12:00:00
1753113600000,3.9987,4.0112,3.9207,3.9468,11908026.9,2025-07-21 16:00:00
1753128000000,3.9469,3.9894,3.9309,3.961,5340680.2,2025-07-21 20:00:00
1753142400000,3.9611,4.0504,3.8657,3.9466,16227693.9,2025-07-22 00:00:00
1753156800000,3.9464,3.956,3.8119,3.8758,18024808.8,2025-07-22 04:00:00
1753171200000,3.8759,3.9075,3.8028,3.8944,9189588.1,2025-07-22 08:00:00
1753185600000,3.8941,3.961,3.8377,3.9246,13423768.7,2025-07-22 12:00:00
1753200000000,3.9242,3.9905,3.891,3.9297,9239440.3,2025-07-22 16:00:00
1753214400000,3.9296,4.0233,3.9212,4.0093,6507133.3,2025-07-22 20:00:00
1753228800000,4.0095,4.025,3.9338,3.9418,6657087.8,2025-07-23 00:00:00
1753243200000,3.9418,4.0264,3.9204,3.933,9075837.0,2025-07-23 04:00:00
1753257600000,3.9331,3.9702,3.8666,3.9076,7318358.8,2025-07-23 08:00:00
1753272000000,3.9078,3.9154,3.673,3.8174,24497271.0,2025-07-23 12:00:00
1753286400000,3.8174,3.8174,3.6341,3.6987,12383864.4,2025-07-23 16:00:00
1753300800000,3.6985,3.7309,3.5842,3.7179,11696463.6,2025-07-23 20:00:00
1753315200000,3.7179,3.7971,3.7061,3.76,5277411.4,2025-07-24 00:00:00
1753329600000,3.7603,3.7698,3.5125,3.6552,18306388.5,2025-07-24 04:00:00
1753344000000,3.6551,3.7488,3.6307,3.734,9672034.5,2025-07-24 08:00:00
1753358400000,3.7337,3.847,3.675,3.8289,14879213.9,2025-07-24 12:00:00
1753372800000,3.8289,3.8724,3.7476,3.8245,8661377.7,2025-07-24 16:00:00
1753387200000,3.8244,3.8488,3.6929,3.7205,6560865.1,2025-07-24 20:00:00
1753401600000,3.7207,3.7253,3.5918,3.62,10943691.3,2025-07-25 00:00:00
1753416000000,3.6197,3.6871,3.5889,3.6496,9747264.9,2025-07-25 04:00:00
1753430400000,3.6497,3.7885,3.64,3.7595,8076287.2,2025-07-25 08:00:00
1753444800000,3.7596,3.7823,3.6442,3.6683,11065102.9,2025-07-25 12:00:00
1753459200000,3.668,3.8545,3.6522,3.84,9583453.0,2025-07-25 16:00:00
1753473600000,3.8398,4.0026,3.8,3.948,15879801.7,2025-07-25 20:00:00
1753488000000,3.9481,3.993,3.9349,3.9819,6686042.8,2025-07-26 00:00:00
1753502400000,3.9819,4.025,3.9748,3.9867,8923094.6,2025-07-26 04:00:00
1753516800000,3.9867,4.0777,3.9867,4.0442,9550316.5,2025-07-26 08:00:00
1753531200000,4.0443,4.2077,4.0283,4.2047,18325014.3,2025-07-26 12:00:00
1753545600000,4.2047,4.3449,4.1685,4.204,26482562.0,2025-07-26 16:00:00
1753560000000,4.204,4.2135,4.1412,4.1595,6447345.1,2025-07-26 20:00:00
1753574400000,4.1597,4.2147,4.1204,4.2058,7403252.1,2025-07-27 00:00:00
1753588800000,4.2058,4.2555,4.1916,4.2159,8169262.7,2025-07-27 04:00:00
1753603200000,4.2159,4.3027,4.1615,4.2839,13860501.1,2025-07-27 08:00:00
1753617600000,4.2839,4.4289,4.2098,4.2306,36980052.7,2025-07-27 12:00:00
1753632000000,4.2307,4.3688,4.2301,4.3322,12502228.0,2025-07-27 16:00:00
1753646400000,4.332,4.3776,4.3,4.326,7218864.8,2025-07-27 20:00:00
1753660800000,4.326,4.4436,4.2436,4.2837,16110461.8,2025-07-28 00:00:00
1753675200000,4.2835,4.3348,4.2266,4.2481,10369925.1,2025-07-28 04:00:00
1753689600000,4.248,4.2638,4.2045,4.2327,8372432.8,2025-07-28 08:00:00
1753704000000,4.2327,4.2488,4.0428,4.062,19869101.8,2025-07-28 12:00:00
1753718400000,4.062,4.0769,3.9638,3.9824,16731851.2,2025-07-28 16:00:00
1753732800000,3.9822,3.9939,3.8818,3.9084,12743884.9,2025-07-28 20:00:00
1753747200000,3.9084,3.9712,3.88,3.946,14789227.6,2025-07-29 00:00:00
1753761600000,3.946,3.9978,3.9327,3.9928,8367801.6,2025-07-29 04:00:00
1753776000000,3.9929,4.008,3.8727,3.8962,8126198.7,2025-07-29 08:00:00
1753790400000,3.8964,3.9241,3.7697,3.7979,23258179.8,2025-07-29 12:00:00
1753804800000,3.7979,3.8597,3.751,3.8166,7687731.2,2025-07-29 16:00:00
1753819200000,3.8167,3.8454,3.78,3.8128,4594118.6,2025-07-29 20:00:00
1753833600000,3.8128,3.8426,3.7568,3.8139,10461828.4,2025-07-30 00:00:00
1753848000000,3.8139,3.8271,3.7647,3.7793,6663901.0,2025-07-30 04:00:00
1753862400000,3.7792,3.8018,3.6871,3.7062,11559488.0,2025-07-30 08:00:00
1753876800000,3.7062,3.8559,3.65,3.7911,15732855.7,2025-07-30 12:00:00
1753891200000,3.7912,3.8135,3.62,3.766,15183421.6,2025-07-30 16:00:00
1753905600000,3.7659,3.7914,3.7167,3.758,7823825.6,2025-07-30 20:00:00
1753920000000,3.7582,3.8777,3.7482,3.8665,6353400.8,2025-07-31 00:00:00
1753934400000,3.8666,3.9293,3.8268,3.9248,9913588.0,2025-07-31 04:00:00
1753948800000,3.9247,3.9609,3.8758,3.8875,6893912.4,2025-07-31 08:00:00
1753963200000,3.8878,3.8901,3.7355,3.7628,15760697.4,2025-07-31 12:00:00
1753977600000,3.7627,3.8359,3.685,3.6973,8739252.1,2025-07-31 16:00:00
1753992000000,3.6973,3.7108,3.5896,3.614,8164627.3,2025-07-31 20:00:00
1754006400000,3.6138,3.6343,3.493,3.6035,30785238.8,2025-08-01 00:00:00
1754020800000,3.6034,3.6034,3.4974,3.5267,12319100.4,2025-08-01 04:00:00
1754035200000,3.5266,3.5285,3.435,3.5103,19111092.7,2025-08-01 08:00:00
1754049600000,3.5102,3.5552,3.4162,3.5482,23723337.5,2025-08-01 12:00:00
1754064000000,3.5479,3.5972,3.5074,3.5632,12704328.9,2025-08-01 16:00:00
1754078400000,3.5632,3.5741,3.3543,3.4592,14207313.4,2025-08-01 20:00:00
1754092800000,3.4591,3.5164,3.4461,3.5015,5986995.3,2025-08-02 00:00:00
1754107200000,3.5016,3.5346,3.4274,3.5093,5663003.8,2025-08-02 04:00:00
1754121600000,3.5094,3.514,3.386,3.4205,6674345.8,2025-08-02 08:00:00
1754136000000,3.4204,3.4466,3.349,3.3614,7168024.1,2025-08-02 12:00:00
1754150400000,3.3617,3.3939,3.2663,3.316,12625329.8,2025-08-02 16:00:00
1754164800000,3.3163,3.3727,3.3014,3.3344,5734675.2,2025-08-02 20:00:00
1754179200000,3.3344,3.4401,3.2803,3.4103,8981924.5,2025-08-03 00:00:00
1754193600000,3.4104,3.4273,3.3871,3.4248,4563529.1,2025-08-03 04:00:00
1754208000000,3.4248,3.4832,3.4243,3.4563,8225126.1,2025-08-03 08:00:00
1754222400000,3.4563,3.4687,3.4056,3.4219,9554821.0,2025-08-03 12:00:00
1754236800000,3.4219,3.4668,3.4035,3.434,5505739.5,2025-08-03 16:00:00
1754251200000,3.4339,3.4753,3.4148,3.4466,3931086.0,2025-08-03 20:00:00
1754265600000,3.4465,3.5203,3.4323,3.4909,7284814.0,2025-08-04 00:00:00
1754280000000,3.491,3.5089,3.448,3.4848,5687951.5,2025-08-04 04:00:00
1754294400000,3.4848,3.4993,3.4082,3.4297,7163872.3,2025-08-04 08:00:00
1754308800000,3.4299,3.5616,3.4299,3.5007,14130832.2,2025-08-04 12:00:00
1754323200000,3.5007,3.6352,3.5001,3.5105,11114833.1,2025-08-04 16:00:00
1754337600000,3.5104,3.6092,3.5025,3.5893,6216988.9,2025-08-04 20:00:00
1754352000000,3.5892,3.6023,3.4876,3.4958,5151481.0,2025-08-05 00:00:00
1754366400000,3.4957,3.524,3.4228,3.4401,6417002.6,2025-08-05 04:00:00
1754380800000,3.4401,3.5724,3.4356,3.5646,5588089.6,2025-08-05 08:00:00
1754395200000,3.5646,3.5678,3.369,3.388,13459990.3,2025-08-05 12:00:00
1754409600000,3.3877,3.4262,3.372,3.3806,5842019.3,2025-08-05 16:00:00
1754424000000,3.3807,3.4235,3.3432,3.411,3744159.4,2025-08-05 20:00:00
1754438400000,3.4111,3.4126,3.3449,3.3512,3231445.0,2025-08-06 00:00:00
1754452800000,3.3514,3.4533,3.3272,3.4512,5710908.3,2025-08-06 04:00:00
1754467200000,3.4511,3.4601,3.3925,3.4035,6592074.0,2025-08-06 08:00:00
1754481600000,3.4036,3.5033,3.37,3.4949,9123526.9,2025-08-06 12:00:00
1754496000000,3.4949,3.5292,3.4546,3.5055,6272013.8,2025-08-06 16:00:00
1754510400000,3.5055,3.5161,3.4805,3.4986,6202839.0,2025-08-06 20:00:00
1754524800000,3.4984,3.521,3.447,3.4501,5967417.8,2025-08-07 00:00:00
1754539200000,3.45,3.5281,3.443,3.515,9604391.3,2025-08-07 04:00:00
1754553600000,3.515,3.7388,3.4971,3.7089,17755470.2,2025-08-07 08:00:00
1754568000000,3.709,3.7844,3.7024,3.7329,14052127.8,2025-08-07 12:00:00
1754582400000,3.7324,3.7551,3.6103,3.7401,9613974.5,2025-08-07 16:00:00
1754596800000,3.7401,3.7947,3.7208,3.7894,7419600.7,2025-08-07 20:00:00
1754611200000,3.7894,3.8091,3.7319,3.7737,15127810.9,2025-08-08 00:00:00
1754625600000,3.7738,3.8811,3.7487,3.8535,9912228.1,2025-08-08 04:00:00
1754640000000,3.8535,3.8852,3.7732,3.8399,10973639.4,2025-08-08 08:00:00
1754654400000,3.8398,3.88,3.7131,3.7517,12316507.9,2025-08-08 12:00:00
1754668800000,3.7516,3.8702,3.7443,3.8593,8262709.6,2025-08-08 16:00:00
1754683200000,3.8592,3.882,3.8356,3.8387,4196761.1,2025-08-08 20:00:00
1754697600000,3.8387,3.937,3.8265,3.8787,7071970.6,2025-08-09 00:00:00
1754712000000,3.8787,3.9812,3.87,3.9107,9331163.4,2025-08-09 04:00:00
1754726400000,3.9102,3.9629,3.9045,3.9151,5947483.7,2025-08-09 08:00:00
1754740800000,3.9151,3.9765,3.8778,3.9263,8545557.0,2025-08-09 12:00:00
1754755200000,3.9263,3.9777,3.912,3.9498,6844405.1,2025-08-09 16:00:00
1754769600000,3.9498,3.967,3.8857,3.8976,5578598.2,2025-08-09 20:00:00
1754784000000,3.8977,3.9759,3.8831,3.9565,8294752.9,2025-08-10 00:00:00
1754798400000,3.9566,4.0,3.8027,3.8237,12373634.8,2025-08-10 04:00:00
1754812800000,3.8238,3.8598,3.7804,3.8045,8135066.5,2025-08-10 08:00:00
1754827200000,3.8044,3.8676,3.7938,3.8606,6473341.9,2025-08-10 12:00:00
1754841600000,3.8606,3.8959,3.8507,3.8914,4827542.2,2025-08-10 16:00:00
1754856000000,3.8915,3.8962,3.8178,3.8754,4929624.0,2025-08-10 20:00:00
1754870400000,3.8752,3.9779,3.8532,3.9603,7869495.9,2025-08-11 00:00:00
1754884800000,3.9604,3.9723,3.8316,3.8326,8278096.1,2025-08-11 04:00:00
1754899200000,3.8325,3.8729,3.7131,3.7261,12562377.7,2025-08-11 08:00:00
1754913600000,3.7258,3.779,3.6938,3.7346,13108225.3,2025-08-11 12:00:00
1754928000000,3.7347,3.7804,3.6475,3.7006,10000346.5,2025-08-11 16:00:00
1754942400000,3.7004,3.7071,3.6213,3.6535,5924961.8,2025-08-11 20:00:00
1754956800000,3.6533,3.7158,3.65,3.6772,4118091.0,2025-08-12 00:00:00
1754971200000,3.6772,3.7035,3.6379,3.6823,3592676.1,2025-08-12 04:00:00
1754985600000,3.6824,3.692,3.6,3.6422,5779715.0,2025-08-12 08:00:00
1755000000000,3.6423,3.8184,3.6277,3.8092,20955587.2,2025-08-12 12:00:00
1755014400000,3.8092,3.9069,3.7854,3.9053,13876667.0,2025-08-12 16:00:00
1755028800000,3.9053,3.935,3.8627,3.8837,8544775.6,2025-08-12 20:00:00
1755043200000,3.883,3.9272,3.8152,3.9073,9675206.5,2025-08-13 00:00:00
1755057600000,3.9072,3.938,3.8429,3.9064,12235744.8,2025-08-13 04:00:00
1755072000000,3.9064,4.068,3.9038,4.0389,18648567.7,2025-08-13 08:00:00
1755086400000,4.0389,4.0726,3.9069,3.9496,25251121.2,2025-08-13 12:00:00
1755100800000,3.9495,4.0062,3.9393,3.9896,6800950.2,2025-08-13 16:00:00
1755115200000,3.9897,4.0343,3.9593,4.0049,5941099.2,2025-08-13 20:00:00
1755129600000,4.0047,4.1811,3.9922,4.151,18104975.6,2025-08-14 00:00:00
1755144000000,4.151,4.1692,3.9853,4.018,14370565.7,2025-08-14 04:00:00
1755158400000,4.0181,4.0192,3.91,3.9448,9345692.3,2025-08-14 08:00:00
1755172800000,3.9445,3.979,3.6776,3.8148,35595904.6,2025-08-14 12:00:00
1755187200000,3.8147,3.8158,3.71,3.7301,11028789.9,2025-08-14 16:00:00
1755201600000,3.73,3.7682,3.6514,3.7548,11398612.6,2025-08-14 20:00:00
1755216000000,3.7548,3.8428,3.7458,3.8417,6807745.4,2025-08-15 00:00:00
1755230400000,3.8417,3.861,3.7949,3.8497,5095241.1,2025-08-15 04:00:00
1755244800000,3.8496,3.8816,3.8072,3.8213,4476062.4,2025-08-15 08:00:00
1755259200000,3.8213,3.8786,3.6249,3.6524,22568834.4,2025-08-15 12:00:00
1755273600000,3.652,3.7103,3.6184,3.6546,11046475.0,2025-08-15 16:00:00
1755288000000,3.6548,3.7532,3.6421,3.711,4553113.0,2025-08-15 20:00:00
1755302400000,3.7109,3.7609,3.7031,3.7264,2825037.3,2025-08-16 00:00:00
1755316800000,3.7264,3.7442,3.6941,3.724,2243169.4,2025-08-16 04:00:00
1755331200000,3.7241,3.7441,3.6787,3.6809,4285152.2,2025-08-16 08:00:00
1755345600000,3.6809,3.7752,3.6677,3.7579,6611153.0,2025-08-16 12:00:00
1755360000000,3.758,3.781,3.7405,3.7567,2131611.5,2025-08-16 16:00:00
1755374400000,3.7567,3.7777,3.7471,3.7734,1766423.4,2025-08-16 20:00:00
1755388800000,3.7735,3.7936,3.7393,3.7875,2708257.3,2025-08-17 00:00:00
1755403200000,3.7876,3.8283,3.7864,3.805,3355998.2,2025-08-17 04:00:00
1755417600000,3.8051,3.8445,3.7906,3.8434,3974405.9,2025-08-17 08:00:00
1755432000000,3.8435,3.8867,3.8026,3.8841,6448166.9,2025-08-17 12:00:00
1755446400000,3.8844,3.8946,3.7679,3.7838,7840595.8,2025-08-17 16:00:00
1755460800000,3.7839,3.827,3.7103,3.7639,6785847.0,2025-08-17 20:00:00
1755475200000,3.7639,3.776,3.596,3.621,13686143.2,2025-08-18 00:00:00
1755489600000,3.6208,3.6408,3.544,3.552,9333829.0,2025-08-18 04:00:00
1755504000000,3.5518,3.5704,3.5202,3.5428,8711274.8,2025-08-18 08:00:00
1755518400000,3.5427,3.6166,3.5315,3.6138,8632387.5,2025-08-18 12:00:00
1755532800000,3.6138,3.6591,3.5828,3.621,9705026.9,2025-08-18 16:00:00
1755547200000,3.6208,3.6722,3.5931,3.6027,4602949.3,2025-08-18 20:00:00
1755561600000,3.6027,3.6503,3.5116,3.5169,5997350.3,2025-08-19 00:00:00
1755576000000,3.5168,3.5611,3.4848,3.5227,6442819.1,2025-08-19 04:00:00
1755590400000,3.5227,3.6766,3.5007,3.6483,7545489.3,2025-08-19 08:00:00
1755604800000,3.6482,3.6487,3.4862,3.4904,13066804.1,2025-08-19 12:00:00
1755619200000,3.4905,3.503,3.4196,3.4427,9266149.1,2025-08-19 16:00:00
1755633600000,3.4427,3.4819,3.4146,3.4222,4423017.6,2025-08-19 20:00:00
1755648000000,3.422,3.4958,3.4208,3.4661,5482109.0,2025-08-20 00:00:00
1755662400000,3.4663,3.4997,3.4583,3.4701,5213524.6,2025-08-20 04:00:00
1755676800000,3.4702,3.5264,3.4224,3.4646,7047862.9,2025-08-20 08:00:00
1755691200000,3.4647,3.5413,3.3798,3.5002,13374949.8,2025-08-20 12:00:00
1755705600000,3.5002,3.5885,3.4989,3.5838,6566779.7,2025-08-20 16:00:00
1755720000000,3.5838,3.5848,3.5453,3.5575,3568635.4,2025-08-20 20:00:00
1755734400000,3.5577,3.5832,3.5107,3.5377,4473968.6,2025-08-21 00:00:00
1755748800000,3.5377,3.55,3.4862,3.5201,2987428.7,2025-08-21 04:00:00
1755763200000,3.5202,3.5228,3.4471,3.4591,4099347.5,2025-08-21 08:00:00
1755777600000,3.459,3.4792,3.3955,3.4005,10778180.3,2025-08-21 12:00:00
1755792000000,3.4006,3.4362,3.3844,3.4121,4317147.8,2025-08-21 16:00:00
1755806400000,3.4119,3.4457,3.4005,3.4129,3052013.3,2025-08-21 20:00:00
1755820800000,3.4126,3.4625,3.3946,3.4045,3769529.6,2025-08-22 00:00:00
1755835200000,3.4045,3.4568,3.4045,3.4464,5516636.7,2025-08-22 04:00:00
1755849600000,3.4463,3.4649,3.3544,3.356,4728820.3,2025-08-22 08:00:00
1755864000000,3.3561,3.6636,3.3047,3.6173,41099509.5,2025-08-22 12:00:00
1755878400000,3.6172,3.7427,3.6158,3.7309,15841174.8,2025-08-22 16:00:00
1755892800000,3.7309,3.7796,3.7203,3.7603,9387883.7,2025-08-22 20:00:00
1755907200000,3.7602,3.7654,3.6058,3.6305,9453242.1,2025-08-23 00:00:00
1755921600000,3.6305,3.805,3.6286,3.7585,10257561.1,2025-08-23 04:00:00
1755936000000,3.7586,3.7796,3.711,3.7383,6014536.8,2025-08-23 08:00:00
1755950400000,3.7384,3.7635,3.703,3.7086,4418549.2,2025-08-23 12:00:00
1755964800000,3.7087,3.7268,3.6756,3.7214,4287640.8,2025-08-23 16:00:00
1755979200000,3.7215,3.7426,3.7114,3.7367,3757814.4,2025-08-23 20:00:00
1755993600000,3.7368,3.7515,3.6964,3.7235,3747476.1,2025-08-24 00:00:00
1756008000000,3.7236,3.7466,3.6698,3.6699,4476710.0,2025-08-24 04:00:00
1756022400000,3.6698,3.6949,3.6014,3.6197,7728522.0,2025-08-24 08:00:00
1756036800000,3.6196,3.6797,3.611,3.6322,4914695.4,2025-08-24 12:00:00
1756051200000,3.6323,3.8498,3.6286,3.7034,26105676.1,2025-08-24 16:00:00
1756065600000,3.7034,3.731,3.6222,3.6806,11803882.2,2025-08-24 20:00:00
1756080000000,3.6806,3.7378,3.5836,3.6894,8851794.2,2025-08-25 00:00:00
1756094400000,3.6895,3.6963,3.4811,3.4991,11612479.2,2025-08-25 04:00:00
1756108800000,3.4991,3.5103,3.4397,3.4667,10886897.6,2025-08-25 08:00:00
1756123200000,3.4666,3.5093,3.4413,3.462,11462551.6,2025-08-25 12:00:00
1756137600000,3.462,3.493,3.3674,3.3728,9385004.4,2025-08-25 16:00:00
1756152000000,3.3728,3.3927,3.3122,3.3404,15715241.8,2025-08-25 20:00:00
1756166400000,3.3405,3.3963,3.3233,3.3657,6844232.2,2025-08-26 00:00:00
1756180800000,3.366,3.4478,3.366,3.4359,6800784.6,2025-08-26 04:00:00
1756195200000,3.4358,3.4414,3.3651,3.3846,8010958.4,2025-08-26 08:00:00
1756209600000,3.3847,3.451,3.3509,3.4028,13022841.0,2025-08-26 12:00:00
1756224000000,3.4028,3.4908,3.3857,3.483,6017149.9,2025-08-26 16:00:00
1756238400000,3.4827,3.4912,3.4394,3.453,4844070.7,2025-08-26 20:00:00
1756252800000,3.4531,3.5054,3.4112,3.4723,4601493.9,2025-08-27 00:00:00
1756267200000,3.4724,3.5064,3.4156,3.4314,5369582.6,2025-08-27 04:00:00
1756281600000,3.4315,3.4538,3.4134,3.4477,4011339.1,2025-08-27 08:00:00
1756296000000,3.4476,3.5171,3.4273,3.4984,9360344.9,2025-08-27 12:00:00
1756310400000,3.4985,3.5204,3.4487,3.4671,5217131.3,2025-08-27 16:00:00
1756324800000,3.4671,3.5108,3.4268,3.437,10811656.6,2025-08-27 20:00:00
1756339200000,3.4371,3.4839,3.4181,3.48,4042264.7,2025-08-28 00:00:00
1756353600000,3.48,3.5122,3.4726,3.4999,5164437.3,2025-08-28 04:00:00
1756368000000,3.4999,3.5294,3.4729,3.5008,4456255.3,2025-08-28 08:00:00
1756382400000,3.5008,3.5265,3.4491,3.467,8387012.5,2025-08-28 12:00:00
1756396800000,3.4671,3.4845,3.4172,3.4179,4473444.6,2025-08-28 16:00:00
1756411200000,3.4179,3.5,3.4125,3.4914,3506877.0,2025-08-28 20:00:00
1756425600000,3.4913,3.4994,3.4212,3.459,5247784.1,2025-08-29 00:00:00
1756440000000,3.4591,3.4663,3.3472,3.3567,9572033.2,2025-08-29 04:00:00
1756454400000,3.3564,3.3694,3.287,3.3086,9277700.2,2025-08-29 08:00:00
1756468800000,3.3085,3.4008,3.2767,3.3029,18168392.2,2025-08-29 12:00:00
1756483200000,3.3026,3.3155,3.2106,3.2564,9665997.9,2025-08-29 16:00:00
1756497600000,3.2565,3.3183,3.2175,3.2822,5707023.6,2025-08-29 20:00:00
1756512000000,3.2823,3.3167,3.2236,3.3053,4950975.7,2025-08-30 00:00:00
1756526400000,3.3053,3.3445,3.2931,3.343,3116879.8,2025-08-30 04:00:00
1756540800000,3.343,3.343,3.3127,3.3196,3823524.4,2025-08-30 08:00:00
1756555200000,3.3196,3.3222,3.2472,3.3146,6759064.7,2025-08-30 12:00:00
1756569600000,3.3146,3.3146,3.277,3.2923,3071491.3,2025-08-30 16:00:00
1756584000000,3.2923,3.3099,3.2754,3.3065,1549610.1,2025-08-30 20:00:00
1756598400000,3.3066,3.3505,3.3032,3.3474,3152509.8,2025-08-31 00:00:00
1756612800000,3.3474,3.3493,3.3024,3.3131,2372516.9,2025-08-31 04:00:00
1756627200000,3.3131,3.3355,3.2897,3.3121,2367022.1,2025-08-31 08:00:00
1756641600000,3.3121,3.3168,3.2802,3.3057,2969851.0,2025-08-31 12:00:00
1756656000000,3.3057,3.315,3.2822,3.2919,1998320.3,2025-08-31 16:00:00
1756670400000,3.2919,3.3104,3.2454,3.2494,3447358.1,2025-08-31 20:00:00
1756684800000,3.2494,3.2557,3.1595,3.1856,7655427.1,2025-09-01 00:00:00
1756699200000,3.1856,3.29,3.1458,3.288,8650199.1,2025-09-01 04:00:00
1756713600000,3.2879,3.339,3.2532,3.2594,10613451.3,2025-09-01 08:00:00
1756728000000,3.2595,3.2797,3.2136,3.2215,5236367.6,2025-09-01 12:00:00
1756742400000,3.2214,3.2282,3.1939,3.2155,5308856.1,2025-09-01 16:00:00
1756756800000,3.216,3.2189,3.1101,3.2042,8728661.7,2025-09-01 20:00:00
1756771200000,3.2043,3.2996,3.1963,3.2766,5139910.6,2025-09-02 00:00:00
1756785600000,3.2766,3.3024,3.269,3.2773,3069765.6,2025-09-02 04:00:00
1756800000000,3.2773,3.2972,3.2494,3.2544,2575459.7,2025-09-02 08:00:00
1756814400000,3.2544,3.3082,3.1908,3.22,10171580.3,2025-09-02 12:00:00
1756828800000,3.22,3.2749,3.2177,3.2581,3313301.6,2025-09-02 16:00:00
1756843200000,3.2583,3.3215,3.251,3.3168,5318404.8,2025-09-02 20:00:00
1756857600000,3.3169,3.3582,3.3105,3.3276,3209970.9,2025-09-03 00:00:00
1756872000000,3.3276,3.3317,3.2671,3.3001,4051543.3,2025-09-03 04:00:00
1756886400000,3.3001,3.3612,3.2973,3.3473,4899916.2,2025-09-03 08:00:00
1756900800000,3.3473,3.4013,3.3416,3.387,6565005.7,2025-09-03 12:00:00
1756915200000,3.3869,3.4045,3.3504,3.3978,3700646.2,2025-09-03 16:00:00
1756929600000,3.3977,3.4065,3.377,3.3876,1910156.5,2025-09-03 20:00:00
1756944000000,3.3876,3.4005,3.333,3.338,2946492.7,2025-09-04 00:00:00
1756958400000,3.3381,3.3469,3.2892,3.31,3311073.0,2025-09-04 04:00:00
1756972800000,3.31,3.3347,3.3066,3.3113,3310011.0,2025-09-04 08:00:00
1756987200000,3.3114,3.3308,3.2534,3.2652,4716220.5,2025-09-04 12:00:00
1757001600000,3.2653,3.2754,3.2329,3.2461,3120988.4,2025-09-04 16:00:00
1757016000000,3.2458,3.3194,3.2426,3.2857,3007276.1,2025-09-04 20:00:00
1757030400000,3.2854,3.3394,3.2742,3.3365,2893589.4,2025-09-05 00:00:00
1757044800000,3.3365,3.3991,3.3301,3.3945,3853561.7,2025-09-05 04:00:00
1757059200000,3.3946,3.3961,3.3613,3.3904,3972697.4,2025-09-05 08:00:00
1757073600000,3.3904,3.4562,3.3321,3.3807,15596927.8,2025-09-05 12:00:00
1757088000000,3.3807,3.4176,3.3567,3.4173,4523520.9,2025-09-05 16:00:00
1757102400000,3.4173,3.4258,3.369,3.3743,3066761.1,2025-09-05 20:00:00
1757116800000,3.3743,3.408,3.3724,3.405,1690523.0,2025-09-06 00:00:00
1757131200000,3.405,3.405,3.3637,3.3779,2485153.5,2025-09-06 04:00:00
1757145600000,3.378,3.3817,3.3381,3.3525,2363008.9,2025-09-06 08:00:00
1757160000000,3.3523,3.3696,3.3382,3.3382,2135444.8,2025-09-06 12:00:00
1757174400000,3.3381,3.3533,3.3135,3.3164,2255768.7,2025-09-06 16:00:00
1757188800000,3.3164,3.3416,3.3151,3.3356,1199289.6,2025-09-06 20:00:00
1757203200000,3.3357,3.3833,3.3342,3.371,1830476.1,2025-09-07 00:00:00
1757217600000,3.371,3.3849,3.3629,3.3717,1585960.7,2025-09-07 04:00:00
1757232000000,3.3718,3.4212,3.3718,3.4212,2961375.2,2025-09-07 08:00:00
1757246400000,3.4212,3.422,3.3924,3.4083,4579172.6,2025-09-07 12:00:00
1757260800000,3.4083,3.4122,3.3561,3.3797,4395856.4,2025-09-07 16:00:00
1757275200000,3.3798,3.4185,3.3739,3.3966,3858798.9,2025-09-07 20:00:00
1757289600000,3.3965,3.4353,3.3636,3.409,3246436.7,2025-09-08 00:00:00
1757304000000,3.409,3.42,3.3813,3.4084,3444550.4,2025-09-08 04:00:00
1757318400000,3.4085,3.4867,3.4057,3.4737,6507434.7,2025-09-08 08:00:00
1757332800000,3.4738,3.5137,3.4611,3.5038,6931253.5,2025-09-08 12:00:00
1757347200000,3.5038,3.5059,3.4427,3.4523,5951040.2,2025-09-08 16:00:00
1757361600000,3.4524,3.5022,3.4411,3.4997,3134378.9,2025-09-08 20:00:00
1757376000000,3.4997,3.5185,3.4253,3.4628,6966809.6,2025-09-09 00:00:00
1757390400000,3.4627,3.6143,3.4554,3.6094,10614384.1,2025-09-09 04:00:00
1757404800000,3.6095,3.6169,3.5685,3.5685,6195196.4,2025-09-09 08:00:00
1757419200000,3.5687,3.5902,3.4289,3.4492,11827246.6,2025-09-09 12:00:00
1757433600000,3.4493,3.4761,3.4289,3.4709,4974712.0,2025-09-09 16:00:00
1757448000000,3.4709,3.4865,3.4542,3.4698,2984753.2,2025-09-09 20:00:00
1757462400000,3.4698,3.562,3.4557,3.5415,4380838.5,2025-09-10 00:00:00
1757476800000,3.5415,3.5578,3.5011,3.5446,3991281.3,2025-09-10 04:00:00
1757491200000,3.5446,3.5585,3.5088,3.5144,4142386.1,2025-09-10 08:00:00
1757505600000,3.5143,3.6272,3.5137,3.6126,9757760.5,2025-09-10 12:00:00
1757520000000,3.6127,3.6159,3.5404,3.5538,5072779.8,2025-09-10 16:00:00
1757534400000,3.5539,3.626,3.5523,3.6197,3001065.1,2025-09-10 20:00:00
1757548800000,3.6196,3.6411,3.5927,3.6345,3301273.0,2025-09-11 00:00:00
1757563200000,3.6345,3.6379,3.604,3.622,3602025.7,2025-09-11 04:00:00
1757577600000,3.6221,3.6477,3.6046,3.6126,3176741.5,2025-09-11 08:00:00
1757592000000,3.6127,3.71,3.5534,3.5897,12324601.1,2025-09-11 12:00:00
1757606400000,3.5897,3.62,3.5897,3.6149,1976349.8,2025-09-11 16:00:00
1757620800000,3.615,3.6746,3.6094,3.6669,4878594.0,2025-09-11 20:00:00
1757635200000,3.6667,3.7002,3.6451,3.6562,4538287.3,2025-09-12 00:00:00
1757649600000,3.6562,3.6868,3.6417,3.6744,4545488.2,2025-09-12 04:00:00
1757664000000,3.6744,3.6882,3.6037,3.607,6551658.5,2025-09-12 08:00:00
1757678400000,3.607,3.6512,3.5844,3.6326,7048325.9,2025-09-12 12:00:00
1757692800000,3.6326,3.7083,3.6241,3.7072,5917935.9,2025-09-12 16:00:00
1757707200000,3.7072,3.7276,3.6696,3.7199,6779802.3,2025-09-12 20:00:00
1757721600000,3.72,3.7593,3.7052,3.7383,5113833.9,2025-09-13 00:00:00
1757736000000,3.7382,3.7455,3.7086,3.7299,3206541.7,2025-09-13 04:00:00
1757750400000,3.7299,3.8349,3.7282,3.8332,11424119.3,2025-09-13 08:00:00
1757764800000,3.8333,3.8866,3.7491,3.7852,14471233.6,2025-09-13 12:00:00
1757779200000,3.7852,3.8056,3.7329,3.792,7324807.2,2025-09-13 16:00:00
1757793600000,3.792,3.8481,3.7867,3.8146,4317241.7,2025-09-13 20:00:00
1757808000000,3.8146,3.8238,3.7454,3.7584,4977744.7,2025-09-14 00:00:00
1757822400000,3.7585,3.7898,3.735,3.761,4415930.6,2025-09-14 04:00:00
1757836800000,3.761,3.805,3.7178,3.724,5456012.0,2025-09-14 08:00:00
1757851200000,3.7241,3.7383,3.6399,3.6672,8659575.4,2025-09-14 12:00:00
1757865600000,3.6672,3.7295,3.6546,3.7008,3063596.5,2025-09-14 16:00:00
1757880000000,3.7007,3.7344,3.6823,3.6861,2641520.8,2025-09-14 20:00:00
1757894400000,3.6861,3.7105,3.6485,3.706,2527938.7,2025-09-15 00:00:00
1757908800000,3.706,3.7221,3.5867,3.6028,7368523.0,2025-09-15 04:00:00
1757923200000,3.6028,3.6029,3.51,3.5354,13576082.6,2025-09-15 08:00:00
1757937600000,3.5353,3.545,3.4786,3.4991,8433852.1,2025-09-15 12:00:00
1757952000000,3.4991,3.5065,3.4599,3.4936,5712747.5,2025-09-15 16:00:00
1757966400000,3.4936,3.5258,3.4909,3.521,3389671.5,2025-09-15 20:00:00
1757980800000,3.5211,3.5427,3.4976,3.4995,2269181.8,2025-09-16 00:00:00
1757995200000,3.4996,3.5354,3.4669,3.5331,3692905.0,2025-09-16 04:00:00
1758009600000,3.5331,3.578,3.5331,3.5726,4531845.5,2025-09-16 08:00:00
1758024000000,3.5725,3.6546,3.5483,3.6172,13345392.4,2025-09-16 12:00:00
1758038400000,3.6177,3.65,3.5996,3.6286,5610593.0,2025-09-16 16:00:00
1758052800000,3.6285,3.643,3.596,3.6003,3281525.5,2025-09-16 20:00:00
1758067200000,3.6003,3.642,3.5819,3.5969,3508076.1,2025-09-17 00:00:00
1758081600000,3.5969,3.6259,3.5699,3.6123,4117673.6,2025-09-17 04:00:00
1758096000000,3.6122,3.6134,3.5572,3.5957,3633015.2,2025-09-17 08:00:00
1758110400000,3.5958,3.6053,3.5479,3.5602,3398340.4,2025-09-17 12:00:00
1758124800000,3.5601,3.689,3.5232,3.6745,15388269.5,2025-09-17 16:00:00
1758139200000,3.6744,3.8011,3.6229,3.7716,14634773.4,2025-09-17 20:00:00
1758153600000,3.7718,3.8309,3.7672,3.82,9793782.2,2025-09-18 00:00:00
1758168000000,3.8201,3.8309,3.7521,3.7917,8135429.6,2025-09-18 04:00:00
1758182400000,3.7916,3.908,3.7855,3.8774,11957395.0,2025-09-18 08:00:00
1758196800000,3.8775,3.9705,3.8558,3.9549,14104282.3,2025-09-18 12:00:00
1758211200000,3.9548,3.9765,3.9275,3.9514,9053206.8,2025-09-18 16:00:00
1758225600000,3.9511,3.9604,3.8621,3.8889,12269107.7,2025-09-18 20:00:00
1758240000000,3.8888,3.9159,3.8318,3.8379,12264407.8,2025-09-19 00:00:00
1758254400000,3.8379,3.8648,3.7771,3.7994,12365146.8,2025-09-19 04:00:00
1758268800000,3.7994,3.823,3.7059,3.7157,11514169.6,2025-09-19 08:00:00
1758283200000,3.7159,3.7556,3.6416,3.6621,14265295.4,2025-09-19 12:00:00
1758297600000,3.6621,3.681,3.6327,3.6476,8369588.4,2025-09-19 16:00:00
1758312000000,3.6479,3.6858,3.6118,3.6367,7123775.5,2025-09-19 20:00:00
1758326400000,3.6368,3.6946,3.6323,3.6873,3770364.9,2025-09-20 00:00:00
1758340800000,3.6874,3.7,3.6633,3.6878,3359416.2,2025-09-20 04:00:00
1758355200000,3.6877,3.6882,3.6189,3.6435,4239156.5,2025-09-20 08:00:00
1758369600000,3.6434,3.7035,3.6347,3.6935,6818020.0,2025-09-20 12:00:00
1758384000000,3.6936,3.7096,3.645,3.6555,3802376.7,2025-09-20 16:00:00
1758398400000,3.6554,3.6851,3.6496,3.6572,1356266.9,2025-09-20 20:00:00
1758412800000,3.6572,3.6756,3.6374,3.6685,3364918.9,2025-09-21 00:00:00
1758427200000,3.6685,3.6839,3.6495,3.664,2787222.3,2025-09-21 04:00:00
1758441600000,3.6638,3.666,3.588,3.6196,4612957.3,2025-09-21 08:00:00
1758456000000,3.6195,3.672,3.6185,3.6298,2994298.4,2025-09-21 12:00:00
1758470400000,3.63,3.6446,3.5955,3.6373,2622108.1,2025-09-21 16:00:00
1758484800000,3.6372,3.6403,3.6002,3.6091,1716502.4,2025-09-21 20:00:00
1758499200000,3.6089,3.6296,3.467,3.5144,12730065.0,2025-09-22 00:00:00
1758513600000,3.5145,3.5213,3.235,3.3458,25313649.3,2025-09-22 04:00:00
1758528000000,3.3459,3.3836,3.3241,3.359,9715389.4,2025-09-22 08:00:00
1758542400000,3.359,3.4072,3.3452,3.3614,10765090.5,2025-09-22 12:00:00
1758556800000,3.3614,3.3771,3.3103,3.3171,5595407.0,2025-09-22 16:00:00
1758571200000,3.3173,3.3685,3.3123,3.3633,4124958.8,2025-09-22 20:00:00
1758585600000,3.3633,3.3851,3.2782,3.369,6148307.2,2025-09-23 00:00:00
1758600000000,3.3691,3.404,3.3411,3.3759,4820429.6,2025-09-23 04:00:00
1758614400000,3.376,3.4017,3.3586,3.3696,4053097.2,2025-09-23 08:00:00
1758628800000,3.3696,3.3979,3.3424,3.3787,6683334.7,2025-09-23 12:00:00
1758643200000,3.3788,3.4192,3.3165,3.325,6807506.5,2025-09-23 16:00:00
1758657600000,3.3249,3.3627,3.309,3.3199,2949391.1,2025-09-23 20:00:00
1758672000000,3.3199,3.3671,3.275,3.2765,4913187.5,2025-09-24 00:00:00
1758686400000,3.2765,3.3764,3.2341,3.3671,7284808.0,2025-09-24 04:00:00
1758700800000,3.3672,3.4017,3.366,3.3944,3381455.4,2025-09-24 08:00:00
1758715200000,3.3942,3.4402,3.3728,3.4,5108035.0,2025-09-24 12:00:00
1758729600000,3.4,3.4048,3.3765,3.3917,3485365.2,2025-09-24 16:00:00
1758744000000,3.3919,3.4004,3.3479,3.3633,6050624.7,2025-09-24 20:00:00
1758758400000,3.3633,3.3699,3.2877,3.3112,9853387.5,2025-09-25 00:00:00
1758772800000,3.3112,3.3202,3.2375,3.2424,9762768.6,2025-09-25 04:00:00
1758787200000,3.2425,3.2626,3.1467,3.1709,11468558.6,2025-09-25 08:00:00
1758801600000,3.1708,3.2502,3.1235,3.211,16575534.9,2025-09-25 12:00:00
1758816000000,3.2112,3.217,3.0685,3.1725,17375269.3,2025-09-25 16:00:00
1758830400000,3.1725,3.178,3.0961,3.1112,7368564.3,2025-09-25 20:00:00
1758844800000,3.1111,3.1784,3.1099,3.16,5954200.8,2025-09-26 00:00:00
1758859200000,3.16,3.1647,3.1068,3.1543,7891239.4,2025-09-26 04:00:00
1758873600000,3.1543,3.189,3.0806,3.1095,7055555.1,2025-09-26 08:00:00
1758888000000,3.1094,3.1684,3.0719,3.1519,13325497.0,2025-09-26 12:00:00
1758902400000,3.1519,3.2555,3.1489,3.205,10787932.0,2025-09-26 16:00:00
1758916800000,3.205,3.2314,3.1972,3.2219,2777401.7,2025-09-26 20:00:00
1758931200000,3.2219,3.222,3.1955,3.2023,1813920.9,2025-09-27 00:00:00
1758945600000,3.2023,3.2216,3.1931,3.2029,1635555.4,2025-09-27 04:00:00
1758960000000,3.2028,3.2306,3.1686,3.2115,3942022.7,2025-09-27 08:00:00
1758974400000,3.2115,3.2255,3.1885,3.2071,2360763.8,2025-09-27 12:00:00
1758988800000,3.2072,3.2086,3.15,3.1794,3107245.5,2025-09-27 16:00:00
1759003200000,3.1795,3.2068,3.1716,3.1781,1858196.0,2025-09-27 20:00:00
1759017600000,3.1781,3.1885,3.1377,3.1501,3382389.2,2025-09-28 00:00:00
1759032000000,3.15,3.1526,3.1196,3.138,2253001.0,2025-09-28 04:00:00
1759046400000,3.1381,3.1448,3.1079,3.117,2807673.9,2025-09-28 08:00:00
1759060800000,3.117,3.1838,3.095,3.181,6445928.8,2025-09-28 12:00:00
1759075200000,3.181,3.2105,3.181,3.2094,3075749.9,2025-09-28 16:00:00
1759089600000,3.2094,3.2852,3.2094,3.2775,4096121.9,2025-09-28 20:00:00
1759104000000,3.2775,3.2973,3.2581,3.2819,4150852.0,2025-09-29 00:00:00
1759118400000,3.282,3.3129,3.2603,3.3082,3828230.9,2025-09-29 04:00:00
1759132800000,3.3081,3.3256,3.2172,3.238,8093423.2,2025-09-29 08:00:00
1759147200000,3.2379,3.3294,3.2054,3.2807,11028174.1,2025-09-29 12:00:00
1759161600000,3.2807,3.3021,3.252,3.2902,3914870.8,2025-09-29 16:00:00
1759176000000,3.2903,3.3224,3.2782,3.2804,2797683.3,2025-09-29 20:00:00
1759190400000,3.2803,3.2917,3.2385,3.2597,5051203.8,2025-09-30 00:00:00
1759204800000,3.2597,3.2776,3.2275,3.2382,2770724.5,2025-09-30 04:00:00
1759219200000,3.2381,3.2435,3.1967,3.2252,3697459.9,2025-09-30 08:00:00
1759233600000,3.2251,3.2451,3.1586,3.1643,5273918.5,2025-09-30 12:00:00
1759248000000,3.1642,3.2781,3.1524,3.259,7664877.2,2025-09-30 16:00:00
1759262400000,3.2592,3.312,3.2414,3.2603,6431731.8,2025-09-30 20:00:00
1759276800000,3.2603,3.2794,3.2167,3.2191,3127872.5,2025-10-01 00:00:00
1759291200000,3.2191,3.2639,3.2156,3.256,3546967.0,2025-10-01 04:00:00
1759305600000,3.2559,3.4202,3.2534,3.4194,15739807.1,2025-10-01 08:00:00
1759320000000,3.4194,3.4909,3.3917,3.4895,10468089.2,2025-10-01 12:00:00
1759334400000,3.4896,3.5325,3.4377,3.5163,8504875.0,2025-10-01 16:00:00
1759348800000,3.5162,3.536,3.488,3.5217,7344995.6,2025-10-01 20:00:00
1759363200000,3.5218,3.5794,3.5091,3.568,6473528.7,2025-10-02 00:00:00
1759377600000,3.568,3.5935,3.5387,3.555,5433643.3,2025-10-02 04:00:00
1759392000000,3.5551,3.5781,3.544,3.5573,3564117.3,2025-10-02 08:00:00
1759406400000,3.5573,3.5924,3.4815,3.5525,8560896.6,2025-10-02 12:00:00
1759420800000,3.5526,3.6435,3.5245,3.6142,10029338.6,2025-10-02 16:00:00
1759435200000,3.6142,3.6169,3.5616,3.5869,3625833.2,2025-10-02 20:00:00
1759449600000,3.5869,3.5877,3.5224,3.5634,4861770.0,2025-10-03 00:00:00
1759464000000,3.5635,3.6195,3.5597,3.589,5332444.5,2025-10-03 04:00:00
1759478400000,3.589,3.6299,3.5572,3.5773,4088244.5,2025-10-03 08:00:00
1759492800000,3.5774,3.6417,3.5432,3.6373,7086320.4,2025-10-03 12:00:00
1759507200000,3.6375,3.669,3.5476,3.586,12603458.0,2025-10-03 16:00:00
1759521600000,3.586,3.5981,3.5693,3.5792,2349963.8,2025-10-03 20:00:00
1759536000000,3.5793,3.5868,3.5237,3.5449,4102998.6,2025-10-04 00:00:00
1759550400000,3.545,3.5643,3.5368,3.5428,2159315.5,2025-10-04 04:00:00
1759564800000,3.5428,3.5512,3.4921,3.5017,3881361.6,2025-10-04 08:00:00
1759579200000,3.5016,3.5799,3.5005,3.5108,5989910.7,2025-10-04 12:00:00
1759593600000,3.5109,3.5546,3.506,3.541,2679759.2,2025-10-04 16:00:00
1759608000000,3.541,3.6297,3.541,3.6229,4976392.9,2025-10-04 20:00:00
1759622400000,3.6229,3.6888,3.5759,3.6438,10575420.5,2025-10-05 00:00:00
1759636800000,3.6439,3.6901,3.6294,3.6838,7910160.3,2025-10-05 04:00:00
1759651200000,3.6838,3.6915,3.5811,3.6136,8086322.4,2025-10-05 08:00:00
1759665600000,3.6136,3.6237,3.5792,3.5932,3241623.4,2025-10-05 12:00:00
1759680000000,3.5932,3.6047,3.5219,3.5339,4617292.2,2025-10-05 16:00:00
1759694400000,3.534,3.5729,3.5278,3.5647,3020103.6,2025-10-05 20:00:00
1759708800000,3.5647,3.5915,3.5388,3.5707,5735585.9,2025-10-06 00:00:00
1759723200000,3.5707,3.665,3.552,3.6214,7362646.2,2025-10-06 04:00:00
1759737600000,3.6215,3.6608,3.6099,3.6117,5513637.5,2025-10-06 08:00:00
1759752000000,3.6117,3.6818,3.605,3.6725,7927172.2,2025-10-06 12:00:00
1759766400000,3.6724,3.71,3.6409,3.6691,6621147.2,2025-10-06 16:00:00
1759780800000,3.6692,3.6774,3.6223,3.623,3977394.6,2025-10-06 20:00:00
1759795200000,3.623,3.6349,3.5966,3.6284,2847921.0,2025-10-07 00:00:00
1759809600000,3.6283,3.6675,3.5871,3.6002,5214902.6,2025-10-07 04:00:00
1759824000000,3.6002,3.6033,3.5614,3.5919,5215850.1,2025-10-07 08:00:00
1759838400000,3.5918,3.6212,3.4742,3.489,12924039.9,2025-10-07 12:00:00
1759852800000,3.489,3.5171,3.4453,3.4522,7504632.8,2025-10-07 16:00:00
1759867200000,3.4524,3.4885,3.4403,3.4499,4108655.1,2025-10-07 20:00:00
1759881600000,3.45,3.4863,3.4275,3.4387,4121491.1,2025-10-08 00:00:00
1759896000000,3.4387,3.4876,3.4245,3.4737,4568421.7,2025-10-08 04:00:00
1759910400000,3.4737,3.4994,3.4564,3.4622,3806475.6,2025-10-08 08:00:00
1759924800000,3.4622,3.4935,3.4292,3.458,6523860.8,2025-10-08 12:00:00
1759939200000,3.458,3.5649,3.4526,3.5387,6923271.1,2025-10-08 16:00:00
1759953600000,3.5386,3.5469,3.5133,3.5353,2427135.1,2025-10-08 20:00:00
1759968000000,3.5352,3.5405,3.4351,3.4839,4363548.8,2025-10-09 00:00:00
1759982400000,3.4839,3.4976,3.4369,3.441,3053736.0,2025-10-09 04:00:00
1759996800000,3.441,3.446,3.3747,3.398,11212106.7,2025-10-09 08:00:00
1760011200000,3.398,3.4525,3.3425,3.3648,7661347.4,2025-10-09 12:00:00
1760025600000,3.3648,3.4012,3.3267,3.398,3898675.4,2025-10-09 16:00:00
1760040000000,3.3979,3.4135,3.3778,3.4075,2261425.2,2025-10-09 20:00:00
1760054400000,3.4074,3.4696,3.4045,3.4428,4002845.9,2025-10-10 00:00:00
1760068800000,3.4428,3.479,3.4155,3.4182,4506095.1,2025-10-10 04:00:00
1760083200000,3.4183,3.47,3.4131,3.4675,3637613.6,2025-10-10 08:00:00
1760097600000,3.4676,3.4786,3.25,3.3028,16276832.2,2025-10-10 12:00:00
1760112000000,3.3028,3.3415,3.202,3.239,11506386.5,2025-10-10 16:00:00
1760126400000,3.2391,3.2645,0.5597,2.6047,140310217.7,2025-10-10 20:00:00
1760140800000,2.6052,2.7905,2.5347,2.7077,44217475.8,2025-10-11 00:00:00
1760155200000,2.7076,2.7774,2.6767,2.7046,23108360.8,2025-10-11 04:00:00
1760169600000,2.7045,2.8177,2.6828,2.715,14953684.7,2025-10-11 08:00:00
1760184000000,2.7149,2.7187,2.6175,2.6632,13886743.9,2025-10-11 12:00:00
1760198400000,2.6631,2.6913,2.5478,2.5762,10775330.0,2025-10-11 16:00:00
1760212800000,2.576,2.586,2.4808,2.5412,16944045.3,2025-10-11 20:00:00
1760227200000,2.5413,2.5462,2.4368,2.4844,16127333.6,2025-10-12 00:00:00
1760241600000,2.4844,2.5641,2.4778,2.5372,9129938.6,2025-10-12 04:00:00
1760256000000,2.5371,2.542,2.4679,2.5197,8914657.2,2025-10-12 08:00:00
1760270400000,2.5197,2.7537,2.485,2.735,31146541.7,2025-10-12 12:00:00
1760284800000,2.735,2.8514,2.7079,2.8473,25788776.7,2025-10-12 16:00:00
1760299200000,2.8473,2.8751,2.7397,2.8083,15124099.0,2025-10-12 20:00:00
1760313600000,2.8084,2.8362,2.7582,2.772,12412645.1,2025-10-13 00:00:00
1760328000000,2.772,2.8736,2.7459,2.8411,14359819.6,2025-10-13 04:00:00
1760342400000,2.8411,2.9079,2.773,2.809,21157995.4,2025-10-13 08:00:00
1760356800000,2.8089,2.9221,2.7873,2.8665,29063226.8,2025-10-13 12:00:00
1760371200000,2.8665,2.9763,2.84,2.9671,17190252.5,2025-10-13 16:00:00
1760385600000,2.9672,3.0141,2.9523,2.9907,8799871.5,2025-10-13 20:00:00
1760400000000,2.9907,2.999,2.8512,2.864,9673148.9,2025-10-14 00:00:00
1760414400000,2.864,2.8729,2.6722,2.7183,28642569.7,2025-10-14 04:00:00
1760428800000,2.7182,2.7577,2.6616,2.7228,14845815.1,2025-10-14 08:00:00
1760443200000,2.7228,2.82,2.6513,2.819,18056779.6,2025-10-14 12:00:00
1760457600000,2.8191,2.8742,2.7632,2.8042,19302691.9,2025-10-14 16:00:00
1760472000000,2.8042,2.8431,2.7878,2.8205,3383507.0,2025-10-14 20:00:00
1760486400000,2.8204,2.8577,2.7843,2.8008,6922960.7,2025-10-15 00:00:00
1760500800000,2.8009,2.8473,2.7863,2.839,5094163.3,2025-10-15 04:00:00
1760515200000,2.8389,2.8909,2.7865,2.8065,8718908.1,2025-10-15 08:00:00
1760529600000,2.8065,2.8175,2.6907,2.7137,16768411.6,2025-10-15 12:00:00
1760544000000,2.7138,2.7274,2.6817,2.696,7471920.9,2025-10-15 16:00:00
1760558400000,2.6959,2.712,2.646,2.6799,6958156.8,2025-10-15 20:00:00
1760572800000,2.6799,2.7183,2.6644,2.6846,3508098.9,2025-10-16 00:00:00
1760587200000,2.6845,2.7077,2.6572,2.6697,4141669.0,2025-10-16 04:00:00
1760601600000,2.6698,2.7249,2.5703,2.7163,11825355.1,2025-10-16 08:00:00
1760616000000,2.7164,2.7424,2.5774,2.5907,16612589.7,2025-10-16 12:00:00
1760630400000,2.5906,2.6472,2.525,2.5499,18122532.8,2025-10-16 16:00:00
1760644800000,2.5499,2.5644,2.4976,2.5161,8343065.3,2025-10-16 20:00:00
1760659200000,2.5161,2.545,2.4769,2.529,8826846.8,2025-10-17 00:00:00
1760673600000,2.529,2.5396,2.3583,2.3647,22414428.4,2025-10-17 04:00:00
1760688000000,2.3648,2.4073,2.2804,2.3925,34521874.8,2025-10-17 08:00:00
1760702400000,2.3925,2.4342,2.3469,2.4323,20915283.1,2025-10-17 12:00:00
1760716800000,2.4322,2.4734,2.3904,2.4229,11971998.3,2025-10-17 16:00:00
1760731200000,2.423,2.4694,2.4121,2.4367,5270623.0,2025-10-17 20:00:00
1760745600000,2.4367,2.4872,2.4314,2.4578,4496310.5,2025-10-18 00:00:00
1760760000000,2.4578,2.491,2.4175,2.444,5342521.7,2025-10-18 04:00:00
1760774400000,2.444,2.4877,2.4392,2.4871,4172887.7,2025-10-18 08:00:00
1760788800000,2.4872,2.5028,2.4463,2.4737,4359162.7,2025-10-18 12:00:00
1760803200000,2.4738,2.5251,2.4511,2.497,4013189.4,2025-10-18 16:00:00
1760817600000,2.497,2.5143,2.4862,2.5012,2134382.5,2025-10-18 20:00:00
1760832000000,2.5012,2.5174,2.4727,2.5087,2395530.8,2025-10-19 00:00:00
1760846400000,2.5087,2.5114,2.4722,2.4865,2186740.3,2025-10-19 04:00:00
1760860800000,2.4866,2.6486,2.4418,2.6137,22364490.3,2025-10-19 08:00:00
1760875200000,2.6137,2.6594,2.5814,2.6269,9229151.6,2025-10-19 12:00:00
1760889600000,2.6268,2.6424,2.5976,2.6051,7673307.2,2025-10-19 16:00:00
1760904000000,2.6051,2.6189,2.5734,2.5818,3475960.0,2025-10-19 20:00:00
1760918400000,2.5817,2.6356,2.521,2.627,6944433.8,2025-10-20 00:00:00
1760932800000,2.627,2.6796,2.6151,2.6475,7859290.6,2025-10-20 04:00:00
1760947200000,2.6475,2.666,2.6048,2.6199,5511503.4,2025-10-20 08:00:00
1760961600000,2.6199,2.6425,2.5968,2.5981,5337109.4,2025-10-20 12:00:00
1760976000000,2.5981,2.6036,2.5471,2.5885,7784549.1,2025-10-20 16:00:00
1760990400000,2.5885,2.6045,2.565,2.5747,3012991.9,2025-10-20 20:00:00
1761004800000,2.5746,2.5764,2.523,2.5288,3719441.1,2025-10-21 00:00:00
1761019200000,2.5288,2.5288,2.4721,2.5046,8570880.3,2025-10-21 04:00:00
1761033600000,2.5046,2.5051,2.468,2.4976,4900185.9,2025-10-21 08:00:00
1761048000000,2.4976,2.6796,2.4864,2.6682,17306260.0,2025-10-21 12:00:00
1761062400000,2.6681,2.685,2.585,2.5973,13149294.1,2025-10-21 16:00:00
1761076800000,2.5974,2.6033,2.4789,2.4889,9343844.5,2025-10-21 20:00:00
1761091200000,2.4888,2.5011,2.4592,2.4724,5854896.5,2025-10-22 00:00:00
1761105600000,2.4724,2.49,2.3474,2.414,11887157.7,2025-10-22 04:00:00
1761120000000,2.4139,2.4412,2.3729,2.422,8072339.9,2025-10-22 08:00:00
1761134400000,2.4221,2.4745,2.3968,2.4433,12712157.0,2025-10-22 12:00:00
1761148800000,2.4434,2.4577,2.4022,2.4258,8312537.6,2025-10-22 16:00:00
1761163200000,2.4258,2.4344,2.3383,2.3818,12119300.7,2025-10-22 20:00:00
1761177600000,2.3819,2.4143,2.3719,2.4027,4405102.0,2025-10-23 00:00:00
1761192000000,2.4026,2.4723,2.3962,2.4509,5237830.8,2025-10-23 04:00:00
1761206400000,2.451,2.4749,2.4372,2.4432,4325260.5,2025-10-23 08:00:00
1761220800000,2.4431,2.48,2.4229,2.4593,7470840.4,2025-10-23 12:00:00
1761235200000,2.4592,2.5052,2.4499,2.4633,6561923.5,2025-10-23 16:00:00
1761249600000,2.4632,2.4636,2.4054,2.4296,4967191.9,2025-10-23 20:00:00
1761264000000,2.4296,2.4396,2.4006,2.4128,4993651.8,2025-10-24 00:00:00
1761278400000,2.4127,2.491,2.4075,2.4611,7943288.8,2025-10-24 04:00:00
1761292800000,2.4611,2.4906,2.4465,2.4807,4271385.0,2025-10-24 08:00:00
1761307200000,2.4808,2.535,2.4423,2.4683,11447731.2,2025-10-24 12:00:00
1761321600000,2.4683,2.5284,2.4467,2.5105,4401264.7,2025-10-24 16:00:00
1761336000000,2.5105,2.5255,2.5061,2.5236,2471538.0,2025-10-24 20:00:00
1761350400000,2.5235,2.5386,2.5124,2.52,3212642.3,2025-10-25 00:00:00
1761364800000,2.52,2.5393,2.4849,2.4938,3359967.1,2025-10-25 04:00:00
1761379200000,2.4938,2.5011,2.4662,2.484,3987613.0,2025-10-25 08:00:00
1761393600000,2.4841,2.5264,2.4825,2.5178,4553352.1,2025-10-25 12:00:00
1761408000000,2.5178,2.5659,2.5112,2.552,4104179.5,2025-10-25 16:00:00
1761422400000,2.552,2.5569,2.5271,2.5336,2959128.5,2025-10-25 20:00:00
1761436800000,2.5336,2.5387,2.4969,2.5084,6054461.1,2025-10-26 00:00:00
1761451200000,2.5083,2.5392,2.5058,2.5362,2751530.6,2025-10-26 04:00:00
1761465600000,2.5363,2.6099,2.5363,2.6027,5929300.5,2025-10-26 08:00:00
1761480000000,2.6027,2.6611,2.5984,2.6404,7472831.8,2025-10-26 12:00:00
1761494400000,2.6404,2.6433,2.6172,2.632,2989081.3,2025-10-26 16:00:00
1761508800000,2.6319,2.6833,2.6056,2.6761,5924793.8,2025-10-26 20:00:00
1761523200000,2.6763,2.7053,2.66,2.6695,6772710.3,2025-10-27 00:00:00
1761537600000,2.6695,2.7195,2.6378,2.6563,9424056.8,2025-10-27 04:00:00
1761552000000,2.6562,2.6634,2.6073,2.6358,6759695.7,2025-10-27 08:00:00
1761566400000,2.6357,2.6365,2.5754,2.6227,6798130.8,2025-10-27 12:00:00
1761580800000,2.6227,2.6859,2.6227,2.638,6104389.8,2025-10-27 16:00:00
1761595200000,2.638,2.6388,2.5877,2.6107,5275600.8,2025-10-27 20:00:00
1761609600000,2.6108,2.633,2.5862,2.5994,3757702.3,2025-10-28 00:00:00
1761624000000,2.5993,2.643,2.5481,2.6083,7223741.4,2025-10-28 04:00:00
1761638400000,2.6083,2.6425,2.6077,2.6121,4565375.8,2025-10-28 08:00:00
1761652800000,2.6121,2.6574,2.5595,2.5949,9581684.0,2025-10-28 12:00:00
1761667200000,2.5949,2.6189,2.5275,2.5429,7603434.4,2025-10-28 16:00:00
1761681600000,2.543,2.543,2.4615,2.5055,13045315.5,2025-10-28 20:00:00
1761696000000,2.5054,2.5151,2.4907,2.4988,3032150.1,2025-10-29 00:00:00
1761710400000,2.4987,2.5119,2.4919,2.5036,3606871.2,2025-10-29 04:00:00
1761724800000,2.5036,2.5399,2.479,2.5343,4302200.8,2025-10-29 08:00:00
1761739200000,2.5343,2.5573,2.4836,2.4945,6408191.0,2025-10-29 12:00:00
1761753600000,2.4945,2.5807,2.434,2.5493,20206084.2,2025-10-29 16:00:00
1761768000000,2.5493,2.5922,2.495,2.5119,6953060.7,2025-10-29 20:00:00
1761782400000,2.512,2.541,2.4835,2.5162,4523509.4,2025-10-30 00:00:00
1761796800000,2.5162,2.5233,2.4042,2.5114,12091410.5,2025-10-30 04:00:00
1761811200000,2.5113,2.5127,2.4301,2.4322,5712450.1,2025-10-30 08:00:00
1761825600000,2.4322,2.4349,2.2811,2.2868,24986168.8,2025-10-30 12:00:00
1761840000000,2.2868,2.3027,2.2088,2.2146,14960615.6,2025-10-30 16:00:00
1761854400000,2.2145,2.294,2.2078,2.2907,11431765.2,2025-10-30 20:00:00
1761868800000,2.2908,2.3457,2.2872,2.3307,8027198.3,2025-10-31 00:00:00
1761883200000,2.3308,2.3582,2.328,2.338,4951591.7,2025-10-31 04:00:00
1761897600000,2.338,2.3767,2.3239,2.3736,4275815.2,2025-10-31 08:00:00
1761912000000,2.3736,2.4006,2.3471,2.3717,6605879.7,2025-10-31 12:00:00
1761926400000,2.3717,2.3961,2.2989,2.3897,7704622.5,2025-10-31 16:00:00
1761940800000,2.3896,2.3896,2.3515,2.3636,3191318.2,2025-10-31 20:00:00
1761955200000,2.3636,2.3847,2.3318,2.3791,3602578.6,2025-11-01 00:00:00
1761969600000,2.3792,2.3937,2.3485,2.3811,3653513.4,2025-11-01 04:00:00
1761984000000,2.381,2.3967,2.372,2.3813,2858605.7,2025-11-01 08:00:00
1761998400000,2.3813,2.3887,2.3428,2.3761,4500113.4,2025-11-01 12:00:00
1762012800000,2.3761,2.3959,2.3706,2.3855,3463313.1,2025-11-01 16:00:00
1762027200000,2.3856,2.4034,2.3615,2.3795,2271049.0,2025-11-01 20:00:00
1762041600000,2.3795,2.3797,2.3461,2.3546,2641119.2,2025-11-02 00:00:00
1762056000000,2.3546,2.3958,2.3507,2.3926,3546814.5,2025-11-02 04:00:00
1762070400000,2.3926,2.3967,2.3338,2.3727,4270806.0,2025-11-02 08:00:00
1762084800000,2.3727,2.3735,2.3025,2.3141,4644365.0,2025-11-02 12:00:00
1762099200000,2.3141,2.3276,2.283,2.3068,4367929.5,2025-11-02 16:00:00
1762113600000,2.3068,2.3609,2.2957,2.354,3399330.8,2025-11-02 20:00:00
1762128000000,2.354,2.3629,2.2017,2.2082,9531733.6,2025-11-03 00:00:00
1762142400000,2.2081,2.2301,2.1556,2.1943,10150372.3,2025-11-03 04:00:00
1762156800000,2.1943,2.2259,2.1535,2.1774,6743739.5,2025-11-03 08:00:00
1762171200000,2.1774,2.1925,1.994,2.0428,28235794.2,2025-11-03 12:00:00
1762185600000,2.0428,2.1377,2.0327,2.0843,14415049.6,2025-11-03 16:00:00
1762200000000,2.0844,2.089,2.031,2.0698,9251009.6,2025-11-03 20:00:00
1762214400000,2.0698,2.1075,2.0421,2.0872,8444270.9,2025-11-04 00:00:00
1762228800000,2.0872,2.0944,1.9756,1.9903,23095919.7,2025-11-04 04:00:00
1762243200000,1.9903,2.0764,1.9896,2.0714,16652256.5,2025-11-04 08:00:00
1762257600000,2.0715,2.0862,2.004,2.0233,14553033.4,2025-11-04 12:00:00
1762272000000,2.0233,2.0479,1.8886,1.9276,31791912.0,2025-11-04 16:00:00
1762286400000,1.9277,2.0035,1.8202,1.9754,39336654.3,2025-11-04 20:00:00
1762300800000,1.9754,2.0328,1.8797,2.0277,20060553.7,2025-11-05 00:00:00
1762315200000,2.0276,2.0365,2.0048,2.0285,7407139.5,2025-11-05 04:00:00
1762329600000,2.0285,2.0559,1.9843,2.0495,9240664.5,2025-11-05 08:00:00
1762344000000,2.0495,2.0698,2.0176,2.0418,11533897.6,2025-11-05 12:00:00
1762358400000,2.0419,2.0592,2.013,2.0301,11612699.7,2025-11-05 16:00:00
1762372800000,2.0301,2.0456,2.0141,2.0322,5585683.0,2025-11-05 20:00:00
1762387200000,2.0321,2.057,1.9948,2.0449,7440386.3,2025-11-06 00:00:00
1762401600000,2.0449,2.052,1.9833,1.9925,6417221.8,2025-11-06 04:00:00
1762416000000,1.9925,2.0094,1.9752,1.9928,5552376.5,2025-11-06 08:00:00
1762430400000,1.9927,2.0117,1.9303,1.9372,15836168.6,2025-11-06 12:00:00
1762444800000,1.9372,1.976,1.9023,1.9644,10040820.5,2025-11-06 16:00:00
1762459200000,1.9644,1.9869,1.9397,1.9677,5657633.8,2025-11-06 20:00:00
1762473600000,1.9677,2.0117,1.9528,2.0061,8273131.5,2025-11-07 00:00:00
1762488000000,2.0062,2.0286,1.9854,2.021,5163284.9,2025-11-07 04:00:00
1762502400000,2.021,2.0293,1.948,1.9729,8978598.8,2025-11-07 08:00:00
1762516800000,1.9729,2.0704,1.9293,2.06,18119820.3,2025-11-07 12:00:00
1762531200000,2.06,2.1943,2.026,2.1713,21318986.2,2025-11-07 16:00:00
1762545600000,2.1713,2.1919,2.1351,2.1449,6647288.9,2025-11-07 20:00:00
1762560000000,2.1449,2.2003,2.1338,2.1427,9275437.6,2025-11-08 00:00:00
1762574400000,2.1427,2.1786,2.1163,2.1613,10294160.9,2025-11-08 04:00:00
1762588800000,2.1614,2.167,2.1194,2.1282,5751317.5,2025-11-08 08:00:00
1762603200000,2.1282,2.1374,2.0613,2.0713,8166646.7,2025-11-08 12:00:00
1762617600000,2.0714,2.1139,2.0608,2.0999,5271909.0,2025-11-08 16:00:00
1762632000000,2.0998,2.1261,2.0913,2.1224,2661387.0,2025-11-08 20:00:00
1762646400000,2.1224,2.1233,2.05,2.0602,4471403.0,2025-11-09 00:00:00
1762660800000,2.0603,2.113,2.0572,2.1046,3782779.1,2025-11-09 04:00:00
1762675200000,2.1046,2.1085,2.058,2.0918,5524143.0,2025-11-09 08:00:00
1762689600000,2.0918,2.1403,2.0871,2.123,9224236.4,2025-11-09 12:00:00
1762704000000,2.1231,2.167,2.1067,2.1653,6760469.4,2025-11-09 16:00:00
1762718400000,2.1652,2.1716,2.132,2.1447,5892265.9,2025-11-09 20:00:00
1762732800000,2.1446,2.1909,2.1276,2.1761,8833805.8,2025-11-10 00:00:00
1762747200000,2.176,2.1946,2.164,2.1759,5129979.3,2025-11-10 04:00:00
1762761600000,2.1758,2.231,2.1452,2.1959,7276335.8,2025-11-10 08:00:00
1762776000000,2.1958,2.2213,2.1357,2.1493,9006140.3,2025-11-10 12:00:00
1762790400000,2.1492,2.1698,2.1234,2.1499,5523834.9,2025-11-10 16:00:00
1762804800000,2.1498,2.18,2.1131,2.1631,5271256.2,2025-11-10 20:00:00
1762819200000,2.1631,2.2064,2.117,2.1927,9261494.0,2025-11-11 00:00:00
1762833600000,2.1926,2.1956,2.0351,2.0843,9190645.8,2025-11-11 04:00:00
1762848000000,2.0844,2.1059,2.0715,2.0934,5623949.3,2025-11-11 08:00:00
1762862400000,2.0935,2.1089,2.0678,2.0788,6906144.6,2025-11-11 12:00:00
1762876800000,2.0788,2.0951,2.0368,2.0415,5630377.3,2025-11-11 16:00:00
1762891200000,2.0416,2.0457,2.002,2.0079,5122982.6,2025-11-11 20:00:00
1762905600000,2.008,2.0345,1.9944,2.0233,4120690.6,2025-11-12 00:00:00
1762920000000,2.0233,2.0462,2.01,2.0121,3695908.2,2025-11-12 04:00:00
1762934400000,2.0121,2.0828,2.0121,2.0693,5323288.5,2025-11-12 08:00:00
1762948800000,2.0693,2.0987,1.9893,1.9974,8361010.0,2025-11-12 12:00:00
1762963200000,1.9975,2.0051,1.9492,1.9641,9368470.6,2025-11-12 16:00:00
1762977600000,1.964,1.9891,1.9581,1.9676,3059974.4,2025-11-12 20:00:00
1762992000000,1.9675,2.0253,1.9497,2.0049,5101555.8,2025-11-13 00:00:00
1763006400000,2.005,2.0393,1.9898,2.0232,5488676.1,2025-11-13 04:00:00
1763020800000,2.0232,2.0361,2.005,2.0196,4840974.6,2025-11-13 08:00:00
1763035200000,2.0196,2.0543,1.9856,1.995,10394268.3,2025-11-13 12:00:00
1763049600000,1.9949,1.9993,1.8352,1.8435,16527774.6,2025-11-13 16:00:00
1763064000000,1.8435,1.8907,1.8208,1.8725,11734416.7,2025-11-13 20:00:00
1763078400000,1.8725,1.8789,1.8349,1.8429,8385763.1,2025-11-14 00:00:00
1763092800000,1.8429,1.8549,1.7626,1.8433,16947521.1,2025-11-14 04:00:00
1763107200000,1.8433,1.8437,1.7725,1.79,13150911.1,2025-11-14 08:00:00
1763121600000,1.79,1.8213,1.7422,1.8006,21011209.5,2025-11-14 12:00:00
1763136000000,1.8007,1.8208,1.7733,1.8085,8936484.6,2025-11-14 16:00:00
1763150400000,1.8084,1.8098,1.7054,1.7406,8341595.0,2025-11-14 20:00:00
1763164800000,1.7407,1.7985,1.7373,1.7918,5228347.4,2025-11-15 00:00:00
1763179200000,1.7919,1.8071,1.7796,1.7832,3358233.7,2025-11-15 04:00:00
1763193600000,1.7832,1.7847,1.7434,1.7563,3993339.5,2025-11-15 08:00:00
1763208000000,1.7563,1.7949,1.7528,1.7847,4068932.7,2025-11-15 12:00:00
1763222400000,1.7846,1.7962,1.7679,1.7861,3779348.8,2025-11-15 16:00:00
1763236800000,1.7862,1.7868,1.7536,1.7696,3025751.7,2025-11-15 20:00:00
1763251200000,1.7697,1.7731,1.7167,1.765,5131810.8,2025-11-16 00:00:00
1763265600000,1.7651,1.7747,1.7483,1.7658,2464954.1,2025-11-16 04:00:00
1763280000000,1.7658,1.781,1.709,1.7195,6875944.3,2025-11-16 08:00:00
1763294400000,1.7194,1.7287,1.667,1.6702,12626467.8,2025-11-16 12:00:00
1763308800000,1.6701,1.6988,1.642,1.6633,15724752.9,2025-11-16 16:00:00
1763323200000,1.6633,1.6955,1.6427,1.6792,10034748.1,2025-11-16 20:00:00
1763337600000,1.6792,1.7058,1.6548,1.7052,8085942.9,2025-11-17 00:00:00
1763352000000,1.7052,1.7289,1.7021,1.7229,5946178.5,2025-11-17 04:00:00
1763366400000,1.7229,1.7346,1.7098,1.7233,5569716.1,2025-11-17 08:00:00
1763380800000,1.7233,1.7353,1.6259,1.6541,22223922.3,2025-11-17 12:00:00
1763395200000,1.6541,1.6971,1.5861,1.5964,17703740.5,2025-11-17 16:00:00
1763409600000,1.5964,1.6237,1.5804,1.6181,9804650.1,2025-11-17 20:00:00
1763424000000,1.6181,1.6564,1.5789,1.6434,14295093.1,2025-11-18 00:00:00
1763438400000,1.6435,1.6599,1.6147,1.6424,12154858.1,2025-11-18 04:00:00
1763452800000,1.6424,1.6625,1.6403,1.6504,5313422.9,2025-11-18 08:00:00
1763467200000,1.6505,1.6788,1.6182,1.6674,10507557.0,2025-11-18 12:00:00
1763481600000,1.6675,1.6993,1.6618,1.6888,6814705.3,2025-11-18 16:00:00
1763496000000,1.6887,1.6932,1.6592,1.6686,4739851.5,2025-11-18 20:00:00
1763510400000,1.6686,1.6793,1.6438,1.649,4504004.8,2025-11-19 00:00:00
1763524800000,1.6489,1.6611,1.6098,1.6561,6664685.8,2025-11-19 04:00:00
1763539200000,1.6559,1.6651,1.6415,1.6453,3482015.2,2025-11-19 08:00:00
1763553600000,1.6454,1.6563,1.5822,1.5837,11264592.0,2025-11-19 12:00:00
1763568000000,1.5836,1.5915,1.5088,1.5182,15219504.5,2025-11-19 16:00:00
1763582400000,1.5182,1.6105,1.5113,1.6069,11819632.0,2025-11-19 20:00:00
1763596800000,1.6068,1.6441,1.5969,1.6302,7533119.3,2025-11-20 00:00:00
1763611200000,1.6302,1.6455,1.6182,1.6411,4378080.9,2025-11-20 04:00:00
1763625600000,1.6412,1.6439,1.6147,1.6321,4479508.9,2025-11-20 08:00:00
1763640000000,1.6321,1.661,1.5792,1.5813,13391534.2,2025-11-20 12:00:00
1763654400000,1.5813,1.5833,1.4812,1.4984,24811300.9,2025-11-20 16:00:00
1763668800000,1.4983,1.5507,1.4863,1.4968,7942079.1,2025-11-20 20:00:00
1763683200000,1.4969,1.5194,1.4688,1.4809,11214155.5,2025-11-21 00:00:00
1763697600000,1.4808,1.4961,1.3221,1.3912,31014595.1,2025-11-21 04:00:00
1763712000000,1.3913,1.4129,1.3265,1.337,23534923.7,2025-11-21 08:00:00
1763726400000,1.3371,1.4144,1.3156,1.3606,36199011.5,2025-11-21 12:00:00
1763740800000,1.3606,1.4196,1.3378,1.3879,20392307.5,2025-11-21 16:00:00
1763755200000,1.3878,1.4016,1.343,1.3908,10117399.4,2025-11-21 20:00:00
1763769600000,1.3908,1.3994,1.3734,1.3781,6134877.3,2025-11-22 00:00:00
1763784000000,1.3781,1.3794,1.3437,1.3733,7762574.6,2025-11-22 04:00:00
1763798400000,1.3733,1.3734,1.3302,1.3497,7500745.8,2025-11-22 08:00:00
1763812800000,1.3498,1.3543,1.3111,1.3233,10427930.4,2025-11-22 12:00:00
1763827200000,1.3234,1.3501,1.3191,1.3364,6528683.2,2025-11-22 16:00:00
1763841600000,1.3364,1.3682,1.3182,1.3451,5148660.2,2025-11-22 20:00:00
1763856000000,1.345,1.3956,1.3415,1.3906,9964756.2,2025-11-23 00:00:00
1763870400000,1.3907,1.408,1.3469,1.3596,10706331.4,2025-11-23 04:00:00
1763884800000,1.3596,1.3783,1.3567,1.372,4982730.9,2025-11-23 08:00:00
1763899200000,1.372,1.3887,1.3516,1.3754,8866393.3,2025-11-23 12:00:00
1763913600000,1.3754,1.3889,1.3582,1.3818,6634561.9,2025-11-23 16:00:00
1763928000000,1.3818,1.3975,1.3637,1.3685,7132925.4,2025-11-23 20:00:00
1763942400000,1.3684,1.4022,1.342,1.3912,10837551.4,2025-11-24 00:00:00
1763956800000,1.3912,1.4187,1.3675,1.3943,9647612.9,2025-11-24 04:00:00
1763971200000,1.3942,1.3953,1.355,1.3835,6496093.5,2025-11-24 08:00:00
1763985600000,1.3835,1.4049,1.3555,1.3993,12754553.9,2025-11-24 12:00:00
1764000000000,1.3993,1.5672,1.399,1.5241,31116348.3,2025-11-24 16:00:00
1764014400000,1.5241,1.567,1.5233,1.5273,12618587.2,2025-11-24 20:00:00
1764028800000,1.5273,1.5555,1.5212,1.5356,7911984.4,2025-11-25 00:00:00
1764043200000,1.5355,1.5727,1.5236,1.5261,9694032.2,2025-11-25 04:00:00
1764057600000,1.5262,1.5477,1.4963,1.529,9671131.3,2025-11-25 08:00:00
1764072000000,1.5291,1.5422,1.4634,1.4868,17112601.0,2025-11-25 12:00:00
1764086400000,1.4868,1.5132,1.4593,1.4833,11751393.0,2025-11-25 16:00:00
1764100800000,1.4833,1.6181,1.4833,1.5636,15851147.7,2025-11-25 20:00:00
1764115200000,1.5637,1.5663,1.5184,1.5211,8098385.9,2025-11-26 00:00:00
1764129600000,1.5212,1.5421,1.514,1.5417,3987729.4,2025-11-26 04:00:00
1764144000000,1.5417,1.5424,1.4992,1.5016,6790146.4,2025-11-26 08:00:00
1764158400000,1.5015,1.5094,1.4698,1.4808,10838047.8,2025-11-26 12:00:00
1764172800000,1.4808,1.5565,1.4805,1.5452,13202159.7,2025-11-26 16:00:00
1764187200000,1.5452,1.564,1.5346,1.5434,5087434.8,2025-11-26 20:00:00
1764201600000,1.5433,1.5784,1.5346,1.548,6616068.5,2025-11-27 00:00:00
1764216000000,1.548,1.5657,1.5351,1.5436,5257214.4,2025-11-27 04:00:00
1764230400000,1.5436,1.5543,1.5225,1.5322,5013246.1,2025-11-27 08:00:00
1764244800000,1.5322,1.5508,1.5174,1.5462,4842955.3,2025-11-27 12:00:00
1764259200000,1.5461,1.581,1.5451,1.5724,4852557.2,2025-11-27 16:00:00
1764273600000,1.5725,1.5845,1.5351,1.5431,5081374.6,2025-11-27 20:00:00
1764288000000,1.5432,1.5504,1.5129,1.5386,4348651.3,2025-11-28 00:00:00
1764302400000,1.5386,1.5421,1.5107,1.5194,5999084.2,2025-11-28 04:00:00
1764316800000,1.5194,1.5783,1.5192,1.5408,6509054.3,2025-11-28 08:00:00
1764331200000,1.5407,1.6002,1.5396,1.5838,10389230.0,2025-11-28 12:00:00
1764345600000,1.5837,1.584,1.5041,1.5325,9385050.6,2025-11-28 16:00:00
1764360000000,1.5325,1.5363,1.5122,1.5212,3670291.8,2025-11-28 20:00:00
1764374400000,1.5213,1.5309,1.5113,1.5134,2135516.6,2025-11-29 00:00:00
1764388800000,1.5135,1.5254,1.4951,1.5058,2975656.9,2025-11-29 04:00:00
1764403200000,1.5058,1.5203,1.4927,1.5131,2603420.1,2025-11-29 08:00:00
1764417600000,1.5131,1.5155,1.4971,1.5123,2626960.6,2025-11-29 12:00:00
1764432000000,1.5123,1.5126,1.4858,1.494,3528545.2,2025-11-29 16:00:00
1764446400000,1.494,1.5038,1.4889,1.4989,1656888.2,2025-11-29 20:00:00
1764460800000,1.4988,1.5187,1.4949,1.5162,2361670.7,2025-11-30 00:00:00
1764475200000,1.5162,1.5236,1.4974,1.5233,2076144.1,2025-11-30 04:00:00
1764489600000,1.5232,1.5496,1.519,1.5263,6356934.6,2025-11-30 08:00:00
1764504000000,1.5264,1.5704,1.5234,1.5444,6476290.7,2025-11-30 12:00:00
1764518400000,1.5444,1.5553,1.5366,1.5432,2431783.6,2025-11-30 16:00:00
1764532800000,1.5431,1.5492,1.4951,1.4969,4095539.1,2025-11-30 20:00:00
1764547200000,1.4968,1.5013,1.3697,1.3742,21095918.8,2025-12-01 00:00:00
1764561600000,1.3742,1.3819,1.3582,1.3712,9495366.6,2025-12-01 04:00:00
1764576000000,1.3713,1.388,1.3475,1.3502,6984870.2,2025-12-01 08:00:00
1764590400000,1.3503,1.3646,1.3039,1.3287,13545680.3,2025-12-01 12:00:00
1764604800000,1.3288,1.3296,1.3072,1.3166,6169464.3,2025-12-01 16:00:00
1764619200000,1.3166,1.3577,1.3161,1.3453,7912005.2,2025-12-01 20:00:00
1764633600000,1.3452,1.368,1.3357,1.3517,3633103.1,2025-12-02 00:00:00
1764648000000,1.3519,1.3646,1.3453,1.3477,2956229.0,2025-12-02 04:00:00
1764662400000,1.3476,1.3857,1.3318,1.3837,4817489.6,2025-12-02 08:00:00
1764676800000,1.3838,1.6264,1.3759,1.6047,24906427.0,2025-12-02 12:00:00
1764691200000,1.6048,1.625,1.5766,1.6043,19482420.7,2025-12-02 16:00:00
1764705600000,1.6044,1.651,1.5844,1.6279,14240820.0,2025-12-02 20:00:00
1764720000000,1.6279,1.6899,1.6165,1.6354,12884327.4,2025-12-03 00:00:00
1764734400000,1.6353,1.7807,1.6345,1.753,25945086.7,2025-12-03 04:00:00
1764748800000,1.7531,1.7911,1.6942,1.7137,17452026.4,2025-12-03 08:00:00
1764763200000,1.7136,1.7295,1.6621,1.6944,17363472.1,2025-12-03 12:00:00
1764777600000,1.6943,1.7081,1.6572,1.6722,9423312.1,2025-12-03 16:00:00
1764792000000,1.6722,1.7249,1.6678,1.6901,12223692.8,2025-12-03 20:00:00
1764806400000,1.6901,1.72,1.6653,1.674,7794784.7,2025-12-04 00:00:00
1764820800000,1.674,1.6797,1.6524,1.6686,5940219.7,2025-12-04 04:00:00
1764835200000,1.6687,1.685,1.6591,1.6714,4223870.4,2025-12-04 08:00:00
1764849600000,1.6715,1.7129,1.6421,1.6967,10926388.4,2025-12-04 12:00:00
1764864000000,1.6967,1.6973,1.6121,1.6439,11808930.0,2025-12-04 16:00:00
1764878400000,1.6439,1.6708,1.636,1.6585,4374472.0,2025-12-04 20:00:00
1764892800000,1.6584,1.6772,1.6448,1.6507,4961243.6,2025-12-05 00:00:00
1764907200000,1.6507,1.6549,1.627,1.6445,5373238.6,2025-12-05 04:00:00
1764921600000,1.6445,1.6445,1.6062,1.6222,6165899.3,2025-12-05 08:00:00
1764936000000,1.622,1.6691,1.602,1.6362,13411816.6,2025-12-05 12:00:00
1764950400000,1.6363,1.6383,1.5372,1.568,17333082.8,2025-12-05 16:00:00
1764964800000,1.568,1.5715,1.5326,1.5558,5930204.3,2025-12-05 20:00:00
1764979200000,1.5557,1.5641,1.5432,1.5557,3292191.7,2025-12-06 00:00:00
1764993600000,1.5557,1.5557,1.5215,1.5244,3991358.4,2025-12-06 04:00:00
1765008000000,1.5245,1.5367,1.5105,1.5232,6197032.2,2025-12-06 08:00:00
1765022400000,1.5232,1.5398,1.5114,1.5241,6694519.3,2025-12-06 12:00:00
1765036800000,1.5241,1.5619,1.5224,1.541,7066885.7,2025-12-06 16:00:00
1765051200000,1.541,1.5656,1.5402,1.5638,3573223.6,2025-12-06 20:00:00
1765065600000,1.5637,1.5979,1.5597,1.5934,5796554.6,2025-12-07 00:00:00
1765080000000,1.5934,1.5952,1.5689,1.573,4613709.6,2025-12-07 04:00:00
1765094400000,1.573,1.5882,1.5557,1.5682,4275988.3,2025-12-07 08:00:00
1765108800000,1.5682,1.5995,1.5123,1.5839,14170105.7,2025-12-07 12:00:00
1765123200000,1.5839,1.6606,1.549,1.6503,18257087.5,2025-12-07 16:00:00
1765137600000,1.6503,1.6549,1.5441,1.5839,13332960.1,2025-12-07 20:00:00
1765152000000,1.5841,1.6382,1.5719,1.6082,9403342.2,2025-12-08 00:00:00
1765166400000,1.6083,1.6358,1.6057,1.6219,5818577.5,2025-12-08 04:00:00
1765180800000,1.6219,1.6593,1.6151,1.6268,7978108.0,2025-12-08 08:00:00
1765195200000,1.6268,1.6428,1.5862,1.6106,13258322.5,2025-12-08 12:00:00
1765209600000,1.6106,1.6302,1.5935,1.6052,8498142.0,2025-12-08 16:00:00
1765224000000,1.6052,1.6378,1.6048,1.6103,4394123.2,2025-12-08 20:00:00
1765238400000,1.6104,1.6149,1.5771,1.5969,4643535.6,2025-12-09 00:00:00
1765252800000,1.597,1.6148,1.5722,1.6133,4103154.5,2025-12-09 04:00:00
1765267200000,1.6133,1.625,1.5927,1.6048,4423624.8,2025-12-09 08:00:00
1765281600000,1.6048,1.6614,1.5896,1.658,11443495.3,2025-12-09 12:00:00
1765296000000,1.658,1.7281,1.658,1.6873,18463275.6,2025-12-09 16:00:00
1765310400000,1.6872,1.6925,1.6308,1.6595,8182948.8,2025-12-09 20:00:00
1765324800000,1.6595,1.6731,1.6317,1.6344,5020337.8,2025-12-10 00:00:00
1765339200000,1.6344,1.6449,1.6168,1.6266,5555830.2,2025-12-10 04:00:00
1765353600000,1.6267,1.6512,1.5996,1.6125,7955162.8,2025-12-10 08:00:00
1765368000000,1.6124,1.6208,1.6007,1.6106,5150259.0,2025-12-10 12:00:00
1765382400000,1.6107,1.6894,1.6064,1.6682,20167336.7,2025-12-10 16:00:00
1765396800000,1.6683,1.7173,1.6027,1.6147,17421302.9,2025-12-10 20:00:00
1765411200000,1.6146,1.6203,1.5329,1.5365,11932766.9,2025-12-11 00:00:00
1765425600000,1.5366,1.5649,1.5294,1.5489,6442067.3,2025-12-11 04:00:00
1765440000000,1.5489,1.5511,1.5352,1.5451,3799194.2,2025-12-11 08:00:00
1765454400000,1.5451,1.5614,1.52,1.5417,9168506.4,2025-12-11 12:00:00
1765468800000,1.5416,1.5807,1.5268,1.5608,8359203.8,2025-12-11 16:00:00
1765483200000,1.561,1.6355,1.5589,1.6121,13166994.7,2025-12-11 20:00:00
1765497600000,1.612,1.6452,1.5944,1.628,7101695.3,2025-12-12 00:00:00
1765512000000,1.6279,1.6648,1.6218,1.6593,6426645.1,2025-12-12 04:00:00
1765526400000,1.6593,1.6596,1.6264,1.6445,5059690.2,2025-12-12 08:00:00
1765540800000,1.6444,1.6613,1.5605,1.5655,13515469.5,2025-12-12 12:00:00
1765555200000,1.5654,1.5779,1.5376,1.5585,12245956.7,2025-12-12 16:00:00
1765569600000,1.5585,1.5711,1.5522,1.5594,3119329.0,2025-12-12 20:00:00
1765584000000,1.5595,1.5873,1.5562,1.5789,2723552.1,2025-12-13 00:00:00
1765598400000,1.5789,1.5907,1.574,1.5854,2531400.2,2025-12-13 04:00:00
1765612800000,1.5854,1.619,1.5842,1.607,4863604.9,2025-12-13 08:00:00
1765627200000,1.607,1.6176,1.5953,1.6039,5029122.4,2025-12-13 12:00:00
1765641600000,1.6039,1.6145,1.5978,1.6122,2849929.0,2025-12-13 16:00:00
1765656000000,1.6123,1.6134,1.5863,1.6051,3295108.8,2025-12-13 20:00:00
1765670400000,1.6052,1.63,1.5959,1.606,3458961.3,2025-12-14 00:00:00
1765684800000,1.6059,1.6121,1.5876,1.5998,2951591.1,2025-12-14 04:00:00
1765699200000,1.5998,1.6133,1.5704,1.6,6019625.3,2025-12-14 08:00:00
1765713600000,1.6,1.6431,1.5817,1.5862,12435241.0,2025-12-14 12:00:00
1765728000000,1.5861,1.6046,1.5564,1.5629,6481840.9,2025-12-14 16:00:00
1765742400000,1.5629,1.5734,1.5248,1.5535,7581143.4,2025-12-14 20:00:00
1765756800000,1.5534,1.6046,1.5478,1.5696,6743881.5,2025-12-15 00:00:00
1765771200000,1.5696,1.5859,1.5577,1.5657,7433687.6,2025-12-15 04:00:00
1765785600000,1.5657,1.5792,1.5595,1.5655,3045919.1,2025-12-15 08:00:00
1765800000000,1.5654,1.5803,1.4657,1.4865,20309907.3,2025-12-15 12:00:00
1765814400000,1.4866,1.4932,1.4305,1.4607,11916081.9,2025-12-15 16:00:00
1765828800000,1.4606,1.4726,1.4417,1.4708,7331009.2,2025-12-15 20:00:00
1765843200000,1.4708,1.4775,1.4403,1.4563,5773452.4,2025-12-16 00:00:00
1765857600000,1.4563,1.482,1.4383,1.4542,4987314.4,2025-12-16 04:00:00
1765872000000,1.4542,1.5178,1.4535,1.5148,6022339.6,2025-12-16 08:00:00
1765886400000,1.5147,1.5345,1.4783,1.526,17785203.6,2025-12-16 12:00:00
1765900800000,1.526,1.5272,1.4978,1.5101,7350130.9,2025-12-16 16:00:00
1765915200000,1.51,1.5264,1.5023,1.5114,3652471.1,2025-12-16 20:00:00
1765929600000,1.5113,1.5154,1.4801,1.4904,4918453.0,2025-12-17 00:00:00
1765944000000,1.4904,1.4937,1.468,1.4853,5490020.5,2025-12-17 04:00:00
1765958400000,1.4853,1.4853,1.4613,1.4783,3879142.6,2025-12-17 08:00:00
1765972800000,1.4783,1.5465,1.462,1.474,20073255.7,2025-12-17 12:00:00
1765987200000,1.4739,1.4849,1.4021,1.4248,19574960.1,2025-12-17 16:00:00
1766001600000,1.4248,1.4414,1.4108,1.4236,4889975.0,2025-12-17 20:00:00
1766016000000,1.4237,1.4256,1.3972,1.4086,4778701.9,2025-12-18 00:00:00
1766030400000,1.4087,1.415,1.3918,1.3978,5084172.0,2025-12-18 04:00:00
1766044800000,1.3978,1.411,1.3941,1.4014,4874058.2,2025-12-18 08:00:00
1766059200000,1.4015,1.4748,1.3987,1.4364,19362256.8,2025-12-18 12:00:00
1766073600000,1.4362,1.4411,1.3268,1.3309,22793698.8,2025-12-18 16:00:00
1766088000000,1.3308,1.3623,1.3294,1.3466,7035550.4,2025-12-18 20:00:00
1766102400000,1.3467,1.3967,1.3283,1.3786,10877625.3,2025-12-19 00:00:00
1766116800000,1.3786,1.4635,1.375,1.4351,10469013.0,2025-12-19 04:00:00
1766131200000,1.435,1.4406,1.4162,1.429,6286088.0,2025-12-19 08:00:00
1766145600000,1.4291,1.4798,1.422,1.4359,11412208.5,2025-12-19 12:00:00
1766160000000,1.4358,1.4904,1.4327,1.4791,10607821.0,2025-12-19 16:00:00
1766174400000,1.4792,1.4979,1.4657,1.4821,5380665.5,2025-12-19 20:00:00
1766188800000,1.4821,1.4824,1.4631,1.4732,2633428.3,2025-12-20 00:00:00
1766203200000,1.4731,1.4747,1.4577,1.4735,3803510.6,2025-12-20 04:00:00
1766217600000,1.4735,1.4854,1.4635,1.4739,2766811.2,2025-12-20 08:00:00
1766232000000,1.4739,1.4752,1.4535,1.4626,3342794.3,2025-12-20 12:00:00
1766246400000,1.4627,1.4649,1.4512,1.4558,1906609.1,2025-12-20 16:00:00
1766260800000,1.4557,1.4611,1.452,1.4545,1682148.4,2025-12-20 20:00:00
1766275200000,1.4544,1.4607,1.4354,1.4452,2497887.1,2025-12-21 00:00:00
1766289600000,1.4452,1.448,1.4393,1.4432,1648842.1,2025-12-21 04:00:00
1766304000000,1.4431,1.4774,1.4385,1.4593,5306290.9,2025-12-21 08:00:00
1766318400000,1.4593,1.4686,1.4139,1.4306,8457546.9,2025-12-21 12:00:00
1766332800000,1.4306,1.4504,1.4236,1.4458,3863258.1,2025-12-21 16:00:00
1766347200000,1.4458,1.4583,1.4284,1.4453,2768315.4,2025-12-21 20:00:00
1766361600000,1.4453,1.4832,1.4295,1.4532,7853270.4,2025-12-22 00:00:00
1766376000000,1.4533,1.4645,1.4451,1.4548,2868353.9,2025-12-22 04:00:00
1766390400000,1.4548,1.4764,1.453,1.4693,5539014.0,2025-12-22 08:00:00
1766404800000,1.4694,1.4918,1.4636,1.4819,8024068.1,2025-12-22 12:00:00
1766419200000,1.4818,1.4899,1.4349,1.4387,5749495.5,2025-12-22 16:00:00
1766433600000,1.4387,1.4637,1.4317,1.4626,3725993.6,2025-12-22 20:00:00
1766448000000,1.4626,1.4709,1.4362,1.4482,3275804.7,2025-12-23 00:00:00
1766462400000,1.4481,1.4535,1.4248,1.4275,3936057.6,2025-12-23 04:00:00
1766476800000,1.4275,1.4455,1.4259,1.4439,2225785.3,2025-12-23 08:00:00
1766491200000,1.4439,1.4447,1.4052,1.4319,6832305.8,2025-12-23 12:00:00
1766505600000,1.4319,1.448,1.42,1.442,5028918.4,2025-12-23 16:00:00
1766520000000,1.4421,1.4577,1.4262,1.4362,2919201.8,2025-12-23 20:00:00
1766534400000,1.4363,1.4398,1.3949,1.4144,4784214.3,2025-12-24 00:00:00
1766548800000,1.4143,1.4183,1.3961,1.4033,4641526.1,2025-12-24 04:00:00
1766563200000,1.4034,1.417,1.396,1.4123,2738358.3,2025-12-24 08:00:00
1766577600000,1.4124,1.4235,1.3884,1.4148,5161478.1,2025-12-24 12:00:00
1766592000000,1.4147,1.4295,1.4075,1.4168,4521904.1,2025-12-24 16:00:00
1766606400000,1.4169,1.4286,1.4129,1.4155,3259671.1,2025-12-24 20:00:00
1766620800000,1.4155,1.4223,1.4085,1.4174,1782722.8,2025-12-25 00:00:00
1766635200000,1.4175,1.4205,1.407,1.4118,1820941.2,2025-12-25 04:00:00
1766649600000,1.4117,1.4194,1.3902,1.3993,3828389.7,2025-12-25 08:00:00
1766664000000,1.3992,1.4262,1.394,1.4161,4925560.5,2025-12-25 12:00:00
1766678400000,1.4161,1.4237,1.4037,1.4115,4036030.1,2025-12-25 16:00:00
1766692800000,1.4115,1.4129,1.3537,1.3631,6990550.6,2025-12-25 20:00:00
1766707200000,1.363,1.4194,1.3569,1.4034,8742963.1,2025-12-26 00:00:00
1766721600000,1.4035,1.4135,1.3927,1.3987,3251858.6,2025-12-26 04:00:00
1766736000000,1.3986,1.4148,1.398,1.4061,2094527.8,2025-12-26 08:00:00
1766750400000,1.406,1.4133,1.3702,1.3884,6393292.7,2025-12-26 12:00:00
1766764800000,1.3885,1.3944,1.3751,1.393,3515681.0,2025-12-26 16:00:00
1766779200000,1.3929,1.4034,1.39,1.3982,2219658.1,2025-12-26 20:00:00
1766793600000,1.3983,1.4086,1.3959,1.408,1628508.6,2025-12-27 00:00:00
1766808000000,1.4079,1.4106,1.3999,1.4016,1890162.1,2025-12-27 04:00:00
1766822400000,1.4016,1.4164,1.3939,1.4118,2908897.5,2025-12-27 08:00:00
1766836800000,1.4119,1.4286,1.4094,1.4257,3080269.7,2025-12-27 12:00:00
1766851200000,1.4258,1.4302,1.4192,1.4218,2603376.1,2025-12-27 16:00:00
1766865600000,1.4218,1.4584,1.4178,1.4514,4351430.6,2025-12-27 20:00:00
1766880000000,1.4513,1.4567,1.441,1.4521,2301231.8,2025-12-28 00:00:00
1766894400000,1.4521,1.4564,1.4452,1.4516,1506830.5,2025-12-28 04:00:00
1766908800000,1.4516,1.4591,1.4459,1.4559,2831600.0,2025-12-28 08:00:00
1766923200000,1.4559,1.4683,1.4532,1.4547,3776623.2,2025-12-28 12:00:00
1766937600000,1.4547,1.4712,1.434,1.437,5091579.5,2025-12-28 16:00:00
1766952000000,1.4369,1.4491,1.427,1.4466,2806411.6,2025-12-28 20:00:00
1766966400000,1.4466,1.5032,1.4432,1.498,9075408.2,2025-12-29 00:00:00
1766980800000,1.4979,1.5165,1.4862,1.4949,8177169.0,2025-12-29 04:00:00
1766995200000,1.495,1.4988,1.4506,1.4572,7795663.9,2025-12-29 08:00:00
1767009600000,1.4573,1.4631,1.4342,1.4487,11283463.1,2025-12-29 12:00:00
1767024000000,1.4487,1.4511,1.4314,1.4417,5044060.0,2025-12-29 16:00:00
1767038400000,1.4416,1.449,1.4347,1.4398,1907978.8,2025-12-29 20:00:00
1767052800000,1.4399,1.4413,1.4172,1.4343,3359979.3,2025-12-30 00:00:00
1767067200000,1.4344,1.4366,1.4194,1.4277,3801234.0,2025-12-30 04:00:00
1767081600000,1.4278,1.4461,1.4272,1.4375,4243547.9,2025-12-30 08:00:00
1767096000000,1.4376,1.452,1.4275,1.4459,6517574.4,2025-12-30 12:00:00
1767110400000,1.446,1.453,1.4248,1.4318,5557794.5,2025-12-30 16:00:00
1767124800000,1.4317,1.4375,1.4263,1.4343,2367886.4,2025-12-30 20:00:00
1767139200000,1.4342,1.454,1.4275,1.4447,2765559.7,2025-12-31 00:00:00
1767153600000,1.4447,1.4471,1.4356,1.446,1893047.5,2025-12-31 04:00:00
1767168000000,1.4459,1.4518,1.4389,1.4508,2829630.2,2025-12-31 08:00:00
1767182400000,1.4508,1.4591,1.4257,1.434,5834029.0,2025-12-31 12:00:00
1767196800000,1.4341,1.4366,1.3955,1.3961,6888750.4,2025-12-31 16:00:00
1767211200000,1.3961,1.4097,1.388,1.4043,5460071.5,2025-12-31 20:00:00
1767225600000,1.4044,1.4169,1.4015,1.4022,2517740.0,2026-01-01 00:00:00
1767240000000,1.4023,1.407,1.3947,1.4031,1944861.6,2026-01-01 04:00:00
1767254400000,1.403,1.4164,1.4025,1.4133,2194087.9,2026-01-01 08:00:00
1767268800000,1.4133,1.438,1.4057,1.4311,3070988.1,2026-01-01 12:00:00
1767283200000,1.431,1.4506,1.4247,1.4505,5321438.7,2026-01-01 16:00:00
1767297600000,1.4506,1.4766,1.4456,1.4721,4295786.1,2026-01-01 20:00:00
1767312000000,1.4721,1.502,1.4612,1.4983,6106849.9,2026-01-02 00:00:00
1767326400000,1.4982,1.5016,1.4821,1.487,4316627.3,2026-01-02 04:00:00
1767340800000,1.487,1.5292,1.4859,1.5085,8383896.5,2026-01-02 08:00:00
1767355200000,1.5085,1.5455,1.5029,1.5341,10844694.0,2026-01-02 12:00:00
1767369600000,1.534,1.5917,1.531,1.5882,13430262.4,2026-01-02 16:00:00
1767384000000,1.5883,1.6419,1.5883,1.6078,10127018.7,2026-01-02 20:00:00
1767398400000,1.6079,1.6801,1.6079,1.6744,10680806.3,2026-01-03 00:00:00
1767412800000,1.6744,1.6919,1.6141,1.6245,9876319.2,2026-01-03 04:00:00
1767427200000,1.6244,1.655,1.6188,1.641,6728700.9,2026-01-03 08:00:00
1767441600000,1.641,1.6706,1.627,1.6501,5515117.2,2026-01-03 12:00:00
1767456000000,1.6502,1.6653,1.6476,1.6525,3066772.0,2026-01-03 16:00:00
1767470400000,1.6524,1.6699,1.6375,1.666,3985134.2,2026-01-03 20:00:00
1767484800000,1.666,1.715,1.6635,1.7044,9160995.1,2026-01-04 00:00:00
1767499200000,1.7043,1.7127,1.6811,1.6931,5375477.1,2026-01-04 04:00:00
1767513600000,1.6931,1.7179,1.6783,1.698,7121870.9,2026-01-04 08:00:00
1767528000000,1.698,1.7074,1.6835,1.7028,7458563.7,2026-01-04 12:00:00
1767542400000,1.7029,1.7525,1.6936,1.7076,10041693.3,2026-01-04 16:00:00
1767556800000,1.7077,1.7313,1.68,1.6923,7899401.4,2026-01-04 20:00:00
1767571200000,1.6922,1.7447,1.688,1.7041,13230697.7,2026-01-05 00:00:00
1767585600000,1.704,1.7057,1.6603,1.687,9013413.8,2026-01-05 04:00:00
1767600000000,1.687,1.7008,1.6732,1.6854,4111350.5,2026-01-05 08:00:00
1767614400000,1.6853,1.7125,1.6623,1.7103,8347320.9,2026-01-05 12:00:00
1767628800000,1.7103,1.8384,1.6978,1.8368,20405454.5,2026-01-05 16:00:00
1767643200000,1.8368,1.9492,1.8352,1.8999,29095990.7,2026-01-05 20:00:00
1767657600000,1.9,1.9936,1.899,1.9413,21254412.8,2026-01-06 00:00:00
1767672000000,1.9413,1.99,1.9301,1.9554,11967338.7,2026-01-06 04:00:00
1767686400000,1.9555,1.9915,1.9462,1.9795,10313609.7,2026-01-06 08:00:00
1767700800000,1.9796,2.0244,1.9458,1.957,20751923.5,2026-01-06 12:00:00
1767715200000,1.957,1.96,1.8104,1.8501,25943105.3,2026-01-06 16:00:00
1767729600000,1.8501,1.911,1.8501,1.9039,12953630.3,2026-01-06 20:00:00
1767744000000,1.9039,1.9051,1.8516,1.8723,8393472.4,2026-01-07 00:00:00
1767758400000,1.8723,1.9331,1.8632,1.9331,5154566.2,2026-01-07 04:00:00
1767772800000,1.9331,1.982,1.9031,1.9099,19379806.5,2026-01-07 08:00:00
1767787200000,1.9099,1.915,1.8452,1.8507,10166643.4,2026-01-07 12:00:00
1767801600000,1.8506,1.8717,1.8226,1.8391,6599777.7,2026-01-07 16:00:00
1767816000000,1.8392,1.8421,1.8031,1.8208,5944062.9,2026-01-07 20:00:00
1767830400000,1.8209,1.8417,1.7866,1.7956,7610262.0,2026-01-08 00:00:00
1767844800000,1.7955,1.8175,1.7646,1.8131,8280083.8,2026-01-08 04:00:00
1767859200000,1.8131,1.8327,1.7655,1.7853,8364063.0,2026-01-08 08:00:00
1767873600000,1.7854,1.8415,1.7411,1.8382,16801124.9,2026-01-08 12:00:00
1767888000000,1.8382,1.8563,1.8095,1.8339,10195845.7,2026-01-08 16:00:00
1767902400000,1.8339,1.8513,1.8025,1.8166,5918495.4,2026-01-08 20:00:00
1767916800000,1.8166,1.8379,1.794,1.8235,5536329.7,2026-01-09 00:00:00
1767931200000,1.8236,1.8266,1.7996,1.8022,4612074.0,2026-01-09 04:00:00
1767945600000,1.8023,1.8062,1.7686,1.7963,9037508.0,2026-01-09 08:00:00
1767960000000,1.7963,1.8475,1.7516,1.8185,16679030.0,2026-01-09 12:00:00
1767974400000,1.8184,1.8512,1.7876,1.7969,8556459.1,2026-01-09 16:00:00
1767988800000,1.7968,1.8262,1.792,1.8117,3285946.2,2026-01-09 20:00:00
1768003200000,1.8116,1.822,1.785,1.7953,2586794.4,2026-01-10 00:00:00
1768017600000,1.7953,1.8086,1.7847,1.8022,1845235.5,2026-01-10 04:00:00
1768032000000,1.8021,1.8481,1.7947,1.8294,5534251.2,2026-01-10 08:00:00
1768046400000,1.8294,1.8361,1.8017,1.8161,3954494.1,2026-01-10 12:00:00
1768060800000,1.816,1.8198,1.7937,1.8076,3273070.2,2026-01-10 16:00:00
1768075200000,1.8076,1.8084,1.7782,1.7948,2609491.9,2026-01-10 20:00:00
1768089600000,1.7947,1.8074,1.7902,1.8027,2001886.0,2026-01-11 00:00:00
1768104000000,1.8027,1.8213,1.7969,1.8165,3193885.0,2026-01-11 04:00:00
1768118400000,1.8165,1.8214,1.8085,1.8134,2425419.5,2026-01-11 08:00:00
1768132800000,1.8135,1.8344,1.7917,1.7996,4311433.5,2026-01-11 12:00:00
1768147200000,1.7997,1.8253,1.797,1.8153,4410818.3,2026-01-11 16:00:00
1768161600000,1.8153,1.8153,1.7677,1.7966,6359134.4,2026-01-11 20:00:00
1768176000000,1.7965,1.8519,1.7634,1.8165,11186603.0,2026-01-12 00:00:00
1768190400000,1.8166,1.8457,1.7864,1.789,4637170.7,2026-01-12 04:00:00
1768204800000,1.7889,1.8038,1.7701,1.7855,6177404.7,2026-01-12 08:00:00
1768219200000,1.7855,1.8101,1.7461,1.8038,8697588.5,2026-01-12 12:00:00
1768233600000,1.8037,1.8248,1.7774,1.7996,5830025.7,2026-01-12 16:00:00
1768248000000,1.7996,1.8082,1.7533,1.7624,4777420.8,2026-01-12 20:00:00
1768262400000,1.7623,1.7745,1.7535,1.7648,2961556.3,2026-01-13 00:00:00
1768276800000,1.7648,1.8081,1.7642,1.7941,4739224.6,2026-01-13 04:00:00
1768291200000,1.794,1.8086,1.787,1.7953,4754821.0,2026-01-13 08:00:00
1768305600000,1.7953,1.8395,1.786,1.8387,12532672.3,2026-01-13 12:00:00
1768320000000,1.8386,1.8501,1.816,1.8438,10586818.5,2026-01-13 16:00:00
1768334400000,1.8437,1.943,1.8284,1.8813,17514705.6,2026-01-13 20:00:00
1768348800000,1.8814,1.8973,1.8584,1.8816,7515780.3,2026-01-14 00:00:00
1768363200000,1.8816,1.8849,1.8271,1.8467,8083336.9,2026-01-14 04:00:00
1768377600000,1.8467,1.8514,1.811,1.8192,6546187.5,2026-01-14 08:00:00
1768392000000,1.8192,1.8577,1.8115,1.8408,11127863.1,2026-01-14 12:00:00
1768406400000,1.8409,1.938,1.8163,1.8415,27216969.5,2026-01-14 16:00:00
1768420800000,1.8415,1.8701,1.8344,1.853,7484571.5,2026-01-14 20:00:00
1768435200000,1.8531,1.8561,1.7786,1.7851,9070763.2,2026-01-15 00:00:00
1768449600000,1.785,1.8198,1.7824,1.8162,4230021.5,2026-01-15 04:00:00
1768464000000,1.8162,1.8536,1.8035,1.8388,5194880.1,2026-01-15 08:00:00
1768478400000,1.8388,1.8491,1.7694,1.8033,14288012.8,2026-01-15 12:00:00
1768492800000,1.8031,1.8132,1.7559,1.773,10712940.7,2026-01-15 16:00:00
1768507200000,1.773,1.7954,1.7698,1.7809,4771037.3,2026-01-15 20:00:00
1768521600000,1.781,1.7981,1.773,1.7748,3051375.1,2026-01-16 00:00:00
1768536000000,1.7747,1.7929,1.7646,1.7802,4384845.7,2026-01-16 04:00:00
1768550400000,1.7803,1.7931,1.775,1.7818,3124586.8,2026-01-16 08:00:00
1768564800000,1.7818,1.7849,1.7087,1.7229,11071768.4,2026-01-16 12:00:00
1768579200000,1.7228,1.7685,1.7194,1.7657,7891435.9,2026-01-16 16:00:00
1768593600000,1.7658,1.7955,1.7538,1.7888,4957133.2,2026-01-16 20:00:00
1768608000000,1.7888,1.7899,1.7789,1.7845,2399992.5,2026-01-17 00:00:00
1768622400000,1.7845,1.8046,1.784,1.7948,2580017.0,2026-01-17 04:00:00
1768636800000,1.7948,1.8088,1.7868,1.7931,2111300.3,2026-01-17 08:00:00
1768651200000,1.793,1.8172,1.7916,1.8106,3906196.5,2026-01-17 12:00:00
1768665600000,1.8105,1.8125,1.7901,1.7939,2769266.8,2026-01-17 16:00:00
1768680000000,1.794,1.7965,1.7755,1.7864,2117367.2,2026-01-17 20:00:00
1768694400000,1.7864,1.7946,1.7674,1.7802,2207301.5,2026-01-18 00:00:00
1768708800000,1.7801,1.7844,1.7728,1.7753,1263911.0,2026-01-18 04:00:00
1768723200000,1.7754,1.7815,1.7685,1.7743,1309689.1,2026-01-18 08:00:00
1768737600000,1.7743,1.7842,1.7609,1.7742,1882530.5,2026-01-18 12:00:00
1768752000000,1.7741,1.7974,1.7665,1.7745,2820532.5,2026-01-18 16:00:00
1768766400000,1.7745,1.7902,1.6936,1.6962,7304504.3,2026-01-18 20:00:00
1768780800000,1.6961,1.6961,1.517,1.591,38854226.4,2026-01-19 00:00:00
1768795200000,1.5909,1.5942,1.5543,1.5632,8079542.5,2026-01-19 04:00:00
1768809600000,1.5633,1.5808,1.5571,1.5611,7871189.7,2026-01-19 08:00:00
1768824000000,1.5611,1.5611,1.5418,1.5554,7137330.7,2026-01-19 12:00:00
1768838400000,1.5553,1.5843,1.5542,1.58,7615769.1,2026-01-19 16:00:00
1768852800000,1.5799,1.5846,1.5586,1.5682,3905746.6,2026-01-19 20:00:00
1768867200000,1.5681,1.5741,1.5473,1.5609,5466324.2,2026-01-20 00:00:00
1768881600000,1.5608,1.5668,1.5327,1.5346,6198058.0,2026-01-20 04:00:00
1768896000000,1.5345,1.541,1.5109,1.5139,7210663.6,2026-01-20 08:00:00
1768910400000,1.5139,1.5376,1.5023,1.5163,11613520.7,2026-01-20 12:00:00
1768924800000,1.5163,1.526,1.484,1.4992,6823504.3,2026-01-20 16:00:00
1768939200000,1.4991,1.5075,1.4473,1.4697,8557659.5,2026-01-20 20:00:00
1768953600000,1.4698,1.5175,1.4696,1.5059,7765229.4,2026-01-21 00:00:00
1768968000000,1.506,1.5256,1.5028,1.5061,3804454.8,2026-01-21 04:00:00
1768982400000,1.506,1.5066,1.4698,1.4719,5635939.7,2026-01-21 08:00:00
1768996800000,1.4718,1.5329,1.4549,1.5151,16167346.8,2026-01-21 12:00:00
1769011200000,1.5152,1.5448,1.4403,1.5409,19344750.4,2026-01-21 16:00:00
1769025600000,1.5409,1.5484,1.504,1.5109,9501777.8,2026-01-21 20:00:00
1769040000000,1.5108,1.5374,1.5108,1.521,3707609.5,2026-01-22 00:00:00
1769054400000,1.5209,1.5333,1.516,1.5209,2598862.2,2026-01-22 04:00:00
1769068800000,1.5208,1.5367,1.5183,1.5231,3187480.7,2026-01-22 08:00:00
1769083200000,1.5231,1.5314,1.4817,1.4961,8371630.2,2026-01-22 12:00:00
1769097600000,1.4961,1.5135,1.4937,1.5072,5116609.5,2026-01-22 16:00:00
1769112000000,1.5071,1.5096,1.4865,1.4958,3342964.7,2026-01-22 20:00:00
1769126400000,1.4958,1.5113,1.4894,1.5068,3844132.8,2026-01-23 00:00:00
1769140800000,1.5068,1.5115,1.4943,1.5009,2144904.7,2026-01-23 04:00:00
1769155200000,1.5008,1.5031,1.4841,1.4943,3314587.8,2026-01-23 08:00:00
1769169600000,1.4943,1.5066,1.4623,1.5026,7977751.8,2026-01-23 12:00:00
1769184000000,1.5026,1.5354,1.4874,1.4952,8962792.5,2026-01-23 16:00:00
1769198400000,1.4953,1.4985,1.4743,1.4886,4934152.1,2026-01-23 20:00:00
1769212800000,1.4886,1.498,1.4789,1.494,2421584.1,2026-01-24 00:00:00
1769227200000,1.494,1.4948,1.4836,1.4845,1331930.3,2026-01-24 04:00:00
1769241600000,1.4845,1.4952,1.482,1.4887,1519614.3,2026-01-24 08:00:00
1769256000000,1.4887,1.4942,1.4801,1.4825,1649153.5,2026-01-24 12:00:00
1769270400000,1.4825,1.4879,1.4753,1.4798,1772565.7,2026-01-24 16:00:00
1769284800000,1.4798,1.4906,1.4791,1.4847,1042875.4,2026-01-24 20:00:00
1769299200000,1.4847,1.4939,1.4717,1.4747,2284321.0,2026-01-25 00:00:00
1769313600000,1.4746,1.4842,1.4644,1.4712,2103227.8,2026-01-25 04:00:00
1769328000000,1.4712,1.4839,1.4621,1.4743,2702429.5,2026-01-25 08:00:00
1769342400000,1.4742,1.4749,1.4512,1.4555,3424455.1,2026-01-25 12:00:00
1769356800000,1.4555,1.4558,1.3695,1.3776,20864795.8,2026-01-25 16:00:00
1769371200000,1.3777,1.4038,1.3728,1.4003,8567058.3,2026-01-25 20:00:00
1769385600000,1.4004,1.4419,1.3966,1.4295,6517282.7,2026-01-26 00:00:00
1769400000000,1.4295,1.452,1.4287,1.4454,4537194.0,2026-01-26 04:00:00
1769414400000,1.4455,1.4621,1.4296,1.4343,3547491.9,2026-01-26 08:00:00
1769428800000,1.4343,1.4684,1.4292,1.4412,9518500.2,2026-01-26 12:00:00
1769443200000,1.4414,1.4599,1.4318,1.445,8186655.5,2026-01-26 16:00:00
1769457600000,1.445,1.4611,1.4351,1.4438,4253984.9,2026-01-26 20:00:00
1769472000000,1.4438,1.4554,1.438,1.4467,2356381.1,2026-01-27 00:00:00
