timestamp,open,high,low,close,volume,datetime
1640995200000,93.22,94.9,93.22,93.78,57653.0,2022-01-01 00:00:00
1641009600000,93.8,95.29,93.33,93.9,64183.39,2022-01-01 04:00:00
1641024000000,93.91,94.36,91.38,91.81,130453.12,2022-01-01 08:00:00
1641038400000,91.82,93.37,91.82,92.81,47490.06,2022-01-01 12:00:00
1641052800000,92.78,94.25,92.64,93.73,85760.51,2022-01-01 16:00:00
1641067200000,93.73,94.26,93.41,94.1,35341.31,2022-01-01 20:00:00
1641081600000,94.09,94.39,93.62,93.94,51559.46,2022-01-02 00:00:00
1641096000000,93.96,94.29,93.16,93.82,30950.92,2022-01-02 04:00:00
1641110400000,93.81,94.92,93.56,94.06,62407.62,2022-01-02 08:00:00
1641124800000,94.05,95.95,93.63,95.34,80296.4,2022-01-02 12:00:00
1641139200000,95.34,96.72,94.39,95.07,76455.26,2022-01-02 16:00:00
1641153600000,95.07,96.71,94.95,96.38,46006.03,2022-01-02 20:00:00
1641168000000,96.37,96.4,94.97,95.14,44996.5,2022-01-03 00:00:00
1641182400000,95.09,96.66,95.01,96.15,60388.02,2022-01-03 04:00:00
1641196800000,96.12,97.9,95.6,97.52,78364.98,2022-01-03 08:00:00
1641211200000,97.52,98.0,95.59,95.9,76187.82,2022-01-03 12:00:00
1641225600000,95.91,96.03,93.78,93.8,73216.75,2022-01-03 16:00:00
1641240000000,93.77,94.59,92.26,94.39,92330.1,2022-01-03 20:00:00
1641254400000,94.39,94.54,92.66,94.23,52563.13,2022-01-04 00:00:00
1641268800000,94.18,95.98,93.73,95.22,76549.3,2022-01-04 04:00:00
1641283200000,95.22,96.5,94.46,96.3,59735.57,2022-01-04 08:00:00
1641297600000,96.28,96.8,95.28,95.65,62740.43,2022-01-04 12:00:00
1641312000000,95.64,96.38,93.14,94.21,77068.58,2022-01-04 16:00:00
1641326400000,94.23,94.92,92.7,92.89,62929.65,2022-01-04 20:00:00
1641340800000,92.88,94.65,92.52,94.48,57620.17,2022-01-05 00:00:00
1641355200000,94.47,94.85,93.96,94.36,32040.21,2022-01-05 04:00:00
1641369600000,94.37,94.91,93.03,93.41,54991.33,2022-01-05 08:00:00
1641384000000,93.42,94.0,92.79,93.78,48034.05,2022-01-05 12:00:00
1641398400000,93.78,93.82,82.36,83.23,691696.73,2022-01-05 16:00:00
1641412800000,83.2,84.11,75.13,80.22,498259.94,2022-01-05 20:00:00
1641427200000,80.21,81.24,76.85,76.85,253661.71,2022-01-06 00:00:00
1641441600000,76.98,79.03,76.38,78.83,212861.54,2022-01-06 04:00:00
1641456000000,78.85,78.93,75.32,76.94,199017.83,2022-01-06 08:00:00
1641470400000,76.92,80.0,76.1,78.42,201464.33,2022-01-06 12:00:00
1641484800000,78.4,80.55,77.76,79.66,134457.38,2022-01-06 16:00:00
1641499200000,79.63,80.08,78.58,79.02,77179.94,2022-01-06 20:00:00
1641513600000,79.0,79.15,72.37,72.81,183506.62,2022-01-07 00:00:00
1641528000000,72.83,73.6,70.27,72.94,271794.22,2022-01-07 04:00:00
1641542400000,72.96,75.83,72.66,73.78,236241.9,2022-01-07 08:00:00
1641556800000,73.8,74.79,70.38,71.94,204717.76,2022-01-07 12:00:00
1641571200000,71.91,74.75,71.05,73.84,152042.89,2022-01-07 16:00:00
1641585600000,73.91,74.52,72.76,73.62,34806.66,2022-01-07 20:00:00
1641600000000,73.61,75.49,73.15,74.93,102717.94,2022-01-08 00:00:00
1641614400000,74.96,75.77,74.14,74.71,85030.25,2022-01-08 04:00:00
1641628800000,74.71,75.73,74.32,74.67,80748.97,2022-01-08 08:00:00
1641643200000,74.68,74.88,72.07,72.58,81527.44,2022-01-08 12:00:00
1641657600000,72.58,73.04,67.74,68.47,278147.37,2022-01-08 16:00:00
1641672000000,68.42,71.65,67.83,70.33,112894.61,2022-01-08 20:00:00
1641686400000,70.36,72.85,69.58,71.84,116870.09,2022-01-09 00:00:00
1641700800000,71.82,72.39,71.12,71.36,60321.45,2022-01-09 04:00:00
1641715200000,71.36,71.55,69.7,71.25,112742.63,2022-01-09 08:00:00
1641729600000,71.26,71.47,68.97,70.09,93665.53,2022-01-09 12:00:00
1641744000000,70.12,74.17,70.09,73.93,137661.39,2022-01-09 16:00:00
1641758400000,73.96,74.08,71.85,71.92,54208.95,2022-01-09 20:00:00
1641772800000,71.93,72.79,71.34,72.13,54054.57,2022-01-10 00:00:00
1641787200000,72.12,73.2,71.9,72.46,53580.44,2022-01-10 04:00:00
1641801600000,72.49,72.66,70.03,70.28,68157.33,2022-01-10 08:00:00
1641816000000,70.28,70.46,65.23,67.48,251317.37,2022-01-10 12:00:00
1641830400000,67.45,69.9,66.73,67.81,132566.82,2022-01-10 16:00:00
1641844800000,67.85,69.15,67.57,68.38,63494.81,2022-01-10 20:00:00
1641859200000,68.37,70.47,67.53,70.46,110249.78,2022-01-11 00:00:00
1641873600000,70.41,70.7,69.5,70.13,66936.84,2022-01-11 04:00:00
1641888000000,70.18,70.77,69.05,69.51,68159.59,2022-01-11 08:00:00
1641902400000,69.5,70.28,68.06,70.19,121579.49,2022-01-11 12:00:00
1641916800000,70.2,73.49,70.02,72.6,208003.12,2022-01-11 16:00:00
1641931200000,72.6,72.87,71.91,72.78,52830.96,2022-01-11 20:00:00
1641945600000,72.79,73.29,72.04,72.91,95780.43,2022-01-12 00:00:00
1641960000000,72.91,73.88,72.32,72.97,62657.41,2022-01-12 04:00:00
1641974400000,72.96,75.61,72.93,75.03,120572.86,2022-01-12 08:00:00
1641988800000,75.01,78.3,74.89,77.58,194871.11,2022-01-12 12:00:00
1642003200000,77.61,78.8,77.05,78.47,75724.68,2022-01-12 16:00:00
1642017600000,78.47,79.51,77.38,78.21,83647.89,2022-01-12 20:00:00
1642032000000,78.21,78.7,76.12,76.67,66115.47,2022-01-13 00:00:00
1642046400000,76.68,77.67,76.58,77.46,67183.43,2022-01-13 04:00:00
1642060800000,77.47,77.78,76.03,76.12,81954.72,2022-01-13 08:00:00
1642075200000,76.1,78.59,74.8,75.59,129558.81,2022-01-13 12:00:00
1642089600000,75.59,75.93,73.32,73.73,123827.51,2022-01-13 16:00:00
1642104000000,73.71,74.09,72.81,73.06,50884.37,2022-01-13 20:00:00
1642118400000,73.06,74.48,72.41,74.37,57444.78,2022-01-14 00:00:00
1642132800000,74.38,75.76,74.17,74.35,79334.0,2022-01-14 04:00:00
1642147200000,74.35,74.45,71.09,71.68,145235.37,2022-01-14 08:00:00
1642161600000,71.69,73.86,70.96,73.16,81651.24,2022-01-14 12:00:00
1642176000000,73.17,74.5,72.58,73.94,50689.48,2022-01-14 16:00:00
1642190400000,73.94,74.48,73.42,73.67,35200.44,2022-01-14 20:00:00
1642204800000,73.67,74.74,73.2,74.38,60309.31,2022-01-15 00:00:00
1642219200000,74.38,74.76,73.87,74.61,29268.14,2022-01-15 04:00:00
1642233600000,74.61,74.69,73.8,74.06,33323.0,2022-01-15 08:00:00
1642248000000,74.07,75.84,73.0,75.42,69511.18,2022-01-15 12:00:00
1642262400000,75.48,75.88,75.18,75.78,49208.34,2022-01-15 16:00:00
1642276800000,75.8,76.15,75.25,75.37,54976.7,2022-01-15 20:00:00
1642291200000,75.36,76.24,74.5,75.66,84528.04,2022-01-16 00:00:00
1642305600000,75.68,77.61,75.42,77.27,90492.03,2022-01-16 04:00:00
1642320000000,77.26,80.1,76.75,80.04,215057.32,2022-01-16 08:00:00
1642334400000,80.05,82.66,78.95,80.89,549104.1,2022-01-16 12:00:00
1642348800000,80.91,81.13,79.42,79.6,160508.82,2022-01-16 16:00:00
1642363200000,79.59,81.09,79.45,80.26,62944.24,2022-01-16 20:00:00
1642377600000,80.27,81.08,78.89,80.3,182716.64,2022-01-17 00:00:00
1642392000000,80.3,84.01,78.89,81.54,316987.51,2022-01-17 04:00:00
1642406400000,81.53,82.26,79.87,80.09,109141.16,2022-01-17 08:00:00
1642420800000,80.11,81.35,78.83,79.15,135672.48,2022-01-17 12:00:00
1642435200000,79.16,79.49,77.2,78.3,107283.43,2022-01-17 16:00:00
1642449600000,78.31,78.51,75.03,76.46,113965.38,2022-01-17 20:00:00
1642464000000,76.47,77.32,75.46,75.79,66556.7,2022-01-18 00:00:00
1642478400000,75.81,76.71,73.85,73.91,93780.61,2022-01-18 04:00:00
1642492800000,73.96,74.29,72.64,73.31,149325.1,2022-01-18 08:00:00
1642507200000,73.32,73.73,72.44,72.78,126980.17,2022-01-18 12:00:00
1642521600000,72.76,73.35,72.03,73.07,62674.01,2022-01-18 16:00:00
1642536000000,73.1,74.72,72.56,73.81,38193.23,2022-01-18 20:00:00
1642550400000,73.81,74.16,71.64,72.17,97991.56,2022-01-19 00:00:00
1642564800000,72.17,72.96,70.71,71.02,89149.96,2022-01-19 04:00:00
1642579200000,71.01,72.2,70.53,71.71,96529.44,2022-01-19 08:00:00
1642593600000,71.73,73.42,71.59,72.73,70584.6,2022-01-19 12:00:00
1642608000000,72.72,73.31,71.86,72.83,54900.16,2022-01-19 16:00:00
1642622400000,72.77,72.86,71.66,71.81,31713.32,2022-01-19 20:00:00
1642636800000,71.8,73.16,71.15,72.03,74144.59,2022-01-20 00:00:00
1642651200000,72.03,72.44,71.56,72.3,56695.11,2022-01-20 04:00:00
1642665600000,72.32,72.55,71.68,72.42,76896.69,2022-01-20 08:00:00
1642680000000,72.41,75.54,72.14,75.34,99505.19,2022-01-20 12:00:00
1642694400000,75.37,75.94,74.29,74.9,72626.91,2022-01-20 16:00:00
1642708800000,74.89,74.99,68.76,69.08,117468.48,2022-01-20 20:00:00
1642723200000,69.04,69.31,63.61,65.0,241363.94,2022-01-21 00:00:00
1642737600000,64.98,65.98,64.65,65.88,77480.98,2022-01-21 04:00:00
1642752000000,65.88,66.67,65.28,65.6,109190.11,2022-01-21 08:00:00
1642766400000,65.6,65.84,62.92,65.14,215215.32,2022-01-21 12:00:00
1642780800000,65.17,65.66,63.67,63.86,124828.28,2022-01-21 16:00:00
1642795200000,63.84,64.39,56.91,58.32,309068.39,2022-01-21 20:00:00
1642809600000,58.32,59.4,56.74,57.46,165884.27,2022-01-22 00:00:00
1642824000000,57.48,57.66,51.71,52.44,287379.92,2022-01-22 04:00:00
1642838400000,52.43,53.92,47.52,51.27,588493.54,2022-01-22 08:00:00
1642852800000,51.3,53.58,49.56,49.65,262416.45,2022-01-22 12:00:00
1642867200000,49.64,51.32,47.6,48.21,199256.38,2022-01-22 16:00:00
1642881600000,48.25,51.29,47.83,50.17,104064.83,2022-01-22 20:00:00
1642896000000,50.17,52.37,49.64,50.68,142045.22,2022-01-23 00:00:00
1642910400000,50.65,53.04,50.5,52.62,95730.31,2022-01-23 04:00:00
1642924800000,52.61,54.2,52.32,52.6,141175.53,2022-01-23 08:00:00
1642939200000,52.6,53.88,50.19,51.51,127811.81,2022-01-23 12:00:00
1642953600000,51.51,52.24,50.01,50.27,85421.65,2022-01-23 16:00:00
1642968000000,50.25,54.82,49.92,54.72,132954.58,2022-01-23 20:00:00
1642982400000,54.76,54.79,51.91,52.32,313319.95,2022-01-24 00:00:00
1642996800000,52.3,52.63,50.08,50.21,101457.66,2022-01-24 04:00:00
1643011200000,50.24,51.12,45.21,45.81,388751.32,2022-01-24 08:00:00
1643025600000,45.81,47.4,44.42,47.24,311161.98,2022-01-24 12:00:00
1643040000000,47.2,50.32,45.63,49.65,248622.58,2022-01-24 16:00:00
1643054400000,49.63,52.18,49.44,51.2,108188.38,2022-01-24 20:00:00
1643068800000,51.21,51.23,49.75,50.72,116417.93,2022-01-25 00:00:00
1643083200000,50.71,51.0,49.4,50.36,89262.94,2022-01-25 04:00:00
1643097600000,50.34,51.97,50.11,50.6,98808.7,2022-01-25 08:00:00
1643112000000,50.59,51.92,49.26,49.96,198968.39,2022-01-25 12:00:00
1643126400000,49.97,51.93,49.76,51.25,107854.51,2022-01-25 16:00:00
1643140800000,51.25,51.47,49.97,50.81,62282.24,2022-01-25 20:00:00
1643155200000,50.8,53.05,50.04,51.79,222212.3,2022-01-26 00:00:00
1643169600000,51.79,52.65,51.04,51.4,86329.66,2022-01-26 04:00:00
1643184000000,51.41,52.99,51.36,52.96,93349.5,2022-01-26 08:00:00
1643198400000,52.93,55.06,52.42,53.55,207561.27,2022-01-26 12:00:00
1643212800000,53.54,55.68,51.86,52.43,236857.41,2022-01-26 16:00:00
1643227200000,52.43,52.43,48.39,49.54,197185.41,2022-01-26 20:00:00
1643241600000,49.54,50.52,46.75,47.23,180825.76,2022-01-27 00:00:00
1643256000000,47.17,48.36,46.92,47.79,125400.86,2022-01-27 04:00:00
1643270400000,47.86,49.98,47.37,49.93,134091.55,2022-01-27 08:00:00
1643284800000,49.94,50.52,48.38,48.79,350599.22,2022-01-27 12:00:00
1643299200000,48.78,48.86,46.31,46.72,291625.73,2022-01-27 16:00:00
1643313600000,46.73,47.36,44.83,47.29,218967.56,2022-01-27 20:00:00
1643328000000,47.3,47.99,45.9,47.85,162994.02,2022-01-28 00:00:00
1643342400000,47.85,48.33,46.57,46.64,154735.75,2022-01-28 04:00:00
1643356800000,46.63,47.0,45.59,45.94,185146.1,2022-01-28 08:00:00
1643371200000,45.94,46.48,45.3,45.99,188832.18,2022-01-28 12:00:00
1643385600000,46.0,46.8,44.59,45.37,371862.05,2022-01-28 16:00:00
1643400000000,45.37,47.21,45.1,46.82,174292.87,2022-01-28 20:00:00
1643414400000,46.81,47.39,46.21,46.87,209133.79,2022-01-29 00:00:00
1643428800000,46.85,48.77,46.5,48.65,306936.06,2022-01-29 04:00:00
1643443200000,48.65,49.46,47.58,49.39,251648.35,2022-01-29 08:00:00
1643457600000,49.39,50.0,47.51,48.09,551785.85,2022-01-29 12:00:00
1643472000000,48.06,48.9,47.53,48.34,243703.79,2022-01-29 16:00:00
1643486400000,48.33,49.7,48.3,49.5,246397.35,2022-01-29 20:00:00
1643500800000,49.5,52.18,49.04,51.32,354368.77,2022-01-30 00:00:00
1643515200000,51.31,52.93,51.07,52.76,162756.16,2022-01-30 04:00:00
1643529600000,52.75,55.1,52.18,54.98,365009.42,2022-01-30 08:00:00
1643544000000,54.97,56.1,53.61,54.27,456555.35,2022-01-30 12:00:00
1643558400000,54.27,54.32,52.4,52.91,288631.67,2022-01-30 16:00:00
1643572800000,52.91,53.79,52.28,53.36,216889.44,2022-01-30 20:00:00
1643587200000,53.35,54.61,50.08,50.72,676606.57,2022-01-31 00:00:00
1643601600000,50.73,51.21,49.69,50.93,209938.23,2022-01-31 04:00:00
1643616000000,50.93,51.33,50.23,50.86,131236.77,2022-01-31 08:00:00
1643630400000,50.86,52.36,50.06,51.75,154686.37,2022-01-31 12:00:00
1643644800000,51.78,52.93,51.35,51.62,189180.56,2022-01-31 16:00:00
1643659200000,51.62,52.84,51.4,52.38,105817.51,2022-01-31 20:00:00
1643673600000,52.38,53.4,51.84,53.28,154015.97,2022-02-01 00:00:00
1643688000000,53.28,53.69,52.24,52.75,128268.33,2022-02-01 04:00:00
1643702400000,52.76,53.87,52.24,52.92,163592.89,2022-02-01 08:00:00
1643716800000,52.91,54.96,52.61,53.35,249689.78,2022-02-01 12:00:00
1643731200000,53.34,54.44,52.61,52.77,138562.11,2022-02-01 16:00:00
1643745600000,52.76,53.88,52.75,53.41,77032.69,2022-02-01 20:00:00
1643760000000,53.39,53.88,52.25,53.15,165825.35,2022-02-02 00:00:00
1643774400000,53.16,53.43,51.82,52.17,90751.89,2022-02-02 04:00:00
1643788800000,52.16,55.0,52.0,53.34,193830.79,2022-02-02 08:00:00
1643803200000,53.36,53.8,50.0,50.28,226605.81,2022-02-02 12:00:00
1643817600000,50.27,50.78,49.28,50.72,205892.12,2022-02-02 16:00:00
1643832000000,50.72,50.81,48.2,49.06,183475.77,2022-02-02 20:00:00
1643846400000,49.09,49.27,47.81,48.17,136715.25,2022-02-03 00:00:00
1643860800000,48.13,48.98,48.0,48.87,89811.64,2022-02-03 04:00:00
1643875200000,48.88,49.2,46.66,47.21,321877.37,2022-02-03 08:00:00
1643889600000,47.22,47.72,46.01,47.63,644389.83,2022-02-03 12:00:00
1643904000000,47.63,47.82,46.58,46.75,193085.09,2022-02-03 16:00:00
1643918400000,46.75,48.49,46.37,48.42,144173.14,2022-02-03 20:00:00
1643932800000,48.4,48.73,47.56,48.35,165995.15,2022-02-04 00:00:00
1643947200000,48.39,49.49,48.0,48.81,114506.76,2022-02-04 04:00:00
1643961600000,48.81,49.42,48.32,48.43,199607.62,2022-02-04 08:00:00
1643976000000,48.44,50.15,47.55,49.47,270452.48,2022-02-04 12:00:00
1643990400000,49.47,50.84,49.41,50.62,203286.24,2022-02-04 16:00:00
1644004800000,50.63,51.69,49.91,51.35,122642.38,2022-02-04 20:00:00
1644019200000,51.37,53.69,50.81,52.86,285079.27,2022-02-05 00:00:00
1644033600000,52.84,55.0,52.72,53.57,297369.25,2022-02-05 04:00:00
1644048000000,53.58,59.48,53.32,59.23,541330.65,2022-02-05 08:00:00
1644062400000,59.21,59.29,56.19,57.15,384901.96,2022-02-05 12:00:00
1644076800000,57.13,57.3,54.62,55.19,284317.55,2022-02-05 16:00:00
1644091200000,55.19,57.99,54.77,56.77,194777.82,2022-02-05 20:00:00
1644105600000,56.76,64.44,56.76,61.21,839139.73,2022-02-06 00:00:00
1644120000000,61.22,62.87,59.53,62.52,329516.07,2022-02-06 04:00:00
1644134400000,62.51,64.66,61.82,63.49,280325.33,2022-02-06 08:00:00
1644148800000,63.5,66.66,62.9,64.6,611587.24,2022-02-06 12:00:00
1644163200000,64.6,67.45,63.68,66.42,335775.2,2022-02-06 16:00:00
1644177600000,66.41,68.89,64.23,68.2,349617.15,2022-02-06 20:00:00
1644192000000,68.26,72.0,66.76,70.46,660480.05,2022-02-07 00:00:00
1644206400000,70.44,70.71,69.03,69.86,257706.84,2022-02-07 04:00:00
1644220800000,69.84,70.13,66.72,68.43,355339.99,2022-02-07 08:00:00
1644235200000,68.48,69.8,67.42,68.7,304392.44,2022-02-07 12:00:00
1644249600000,68.68,70.83,67.99,68.75,285334.41,2022-02-07 16:00:00
1644264000000,68.75,69.79,68.05,68.38,187432.57,2022-02-07 20:00:00
1644278400000,68.4,68.87,66.3,67.36,243155.34,2022-02-08 00:00:00
1644292800000,67.37,69.29,65.6,65.81,419688.34,2022-02-08 04:00:00
1644307200000,65.8,66.05,62.72,64.8,330165.42,2022-02-08 08:00:00
1644321600000,64.79,64.81,62.2,63.55,210876.84,2022-02-08 12:00:00
1644336000000,63.58,64.5,62.56,64.31,124608.21,2022-02-08 16:00:00
1644350400000,64.31,67.73,64.14,66.72,200309.02,2022-02-08 20:00:00
1644364800000,66.72,67.1,63.67,64.04,162906.22,2022-02-09 00:00:00
1644379200000,64.04,64.57,63.09,64.38,94737.29,2022-02-09 04:00:00
1644393600000,64.39,67.38,63.45,66.79,213726.26,2022-02-09 08:00:00
1644408000000,66.78,67.97,65.95,66.26,228658.76,2022-02-09 12:00:00
1644422400000,66.24,67.23,65.65,66.26,128829.06,2022-02-09 16:00:00
1644436800000,66.26,68.08,66.13,67.61,141462.4,2022-02-09 20:00:00
1644451200000,67.58,67.62,64.15,64.86,174491.35,2022-02-10 00:00:00
1644465600000,64.85,66.16,64.51,65.92,110829.39,2022-02-10 04:00:00
1644480000000,65.91,68.3,65.56,67.12,253346.32,2022-02-10 08:00:00
1644494400000,67.12,67.61,62.43,66.55,521882.99,2022-02-10 12:00:00
1644508800000,66.55,67.95,63.76,64.15,181918.54,2022-02-10 16:00:00
1644523200000,64.14,65.11,62.86,63.27,118853.38,2022-02-10 20:00:00
1644537600000,63.28,64.81,61.77,64.34,177143.22,2022-02-11 00:00:00
1644552000000,64.32,64.51,63.14,64.15,95342.32,2022-02-11 04:00:00
1644566400000,64.12,64.32,62.91,63.47,79828.06,2022-02-11 08:00:00
1644580800000,63.46,64.95,62.99,63.88,239202.59,2022-02-11 12:00:00
1644595200000,63.91,64.06,59.7,60.1,214623.26,2022-02-11 16:00:00
1644609600000,60.12,60.31,56.7,59.03,282536.39,2022-02-11 20:00:00
1644624000000,59.03,60.3,57.83,59.09,140257.45,2022-02-12 00:00:00
1644638400000,59.08,59.89,56.6,58.45,113265.97,2022-02-12 04:00:00
1644652800000,58.46,60.12,57.95,59.96,128887.5,2022-02-12 08:00:00
1644667200000,59.98,60.07,58.15,58.94,79724.85,2022-02-12 12:00:00
1644681600000,58.93,61.56,58.75,60.99,145258.21,2022-02-12 16:00:00
1644696000000,60.98,61.32,58.54,59.19,144593.84,2022-02-12 20:00:00
1644710400000,59.15,60.58,58.75,59.31,77993.32,2022-02-13 00:00:00
1644724800000,59.33,59.86,58.77,59.57,53667.77,2022-02-13 04:00:00
1644739200000,59.57,59.86,58.77,59.24,76392.76,2022-02-13 08:00:00
1644753600000,59.24,60.0,58.97,59.06,64889.65,2022-02-13 12:00:00
1644768000000,59.06,59.23,56.89,57.22,90811.53,2022-02-13 16:00:00
1644782400000,57.2,58.87,57.03,58.08,58080.04,2022-02-13 20:00:00
1644796800000,58.03,58.26,55.79,57.01,118134.38,2022-02-14 00:00:00
1644811200000,57.01,57.26,55.93,56.99,109024.95,2022-02-14 04:00:00
1644825600000,56.97,57.16,56.05,56.36,62795.93,2022-02-14 08:00:00
1644840000000,56.37,58.04,55.94,57.2,89923.12,2022-02-14 12:00:00
1644854400000,57.25,57.8,55.3,55.4,78731.19,2022-02-14 16:00:00
1644868800000,55.41,57.06,55.08,56.83,59610.19,2022-02-14 20:00:00
1644883200000,56.85,60.0,56.77,59.01,130828.08,2022-02-15 00:00:00
1644897600000,59.05,59.24,57.43,58.86,175266.84,2022-02-15 04:00:00
1644912000000,58.9,61.51,58.59,60.48,154541.35,2022-02-15 08:00:00
1644926400000,60.49,60.9,59.69,60.19,96045.14,2022-02-15 12:00:00
1644940800000,60.18,61.97,59.81,61.51,146511.82,2022-02-15 16:00:00
1644955200000,61.5,63.87,61.33,63.29,163975.15,2022-02-15 20:00:00
1644969600000,63.27,66.21,62.87,64.72,284765.8,2022-02-16 00:00:00
1644984000000,64.72,65.76,63.87,65.01,172428.99,2022-02-16 04:00:00
1644998400000,65.01,65.19,63.49,64.21,154876.14,2022-02-16 08:00:00
1645012800000,64.2,64.28,61.77,63.07,206825.65,2022-02-16 12:00:00
1645027200000,63.06,64.56,62.21,64.27,133878.17,2022-02-16 16:00:00
1645041600000,64.28,64.51,63.3,63.46,68698.75,2022-02-16 20:00:00
1645056000000,63.44,64.58,61.87,62.0,109077.52,2022-02-17 00:00:00
1645070400000,61.99,62.42,60.79,62.39,110117.83,2022-02-17 04:00:00
1645084800000,62.4,62.54,59.97,60.92,133800.28,2022-02-17 08:00:00
1645099200000,60.92,61.22,58.82,59.31,154484.61,2022-02-17 12:00:00
1645113600000,59.28,59.8,55.79,57.36,211187.51,2022-02-17 16:00:00
1645128000000,57.39,57.39,55.78,56.38,137698.66,2022-02-17 20:00:00
1645142400000,56.39,58.09,55.89,57.01,184945.53,2022-02-18 00:00:00
1645156800000,57.01,57.8,56.41,57.43,96815.82,2022-02-18 04:00:00
1645171200000,57.45,57.99,56.11,56.25,103280.26,2022-02-18 08:00:00
1645185600000,56.26,56.94,54.62,55.0,166059.61,2022-02-18 12:00:00
1645200000000,54.98,55.58,53.77,55.46,153947.2,2022-02-18 16:00:00
1645214400000,55.5,57.07,54.8,55.53,138215.54,2022-02-18 20:00:00
1645228800000,55.53,56.94,55.23,55.86,97278.48,2022-02-19 00:00:00
1645243200000,55.88,56.73,55.67,56.3,62166.77,2022-02-19 04:00:00
1645257600000,56.3,56.67,53.91,54.29,78945.04,2022-02-19 08:00:00
1645272000000,54.3,54.9,53.52,54.81,66423.77,2022-02-19 12:00:00
1645286400000,54.81,55.82,53.89,54.0,54882.73,2022-02-19 16:00:00
1645300800000,53.97,54.94,53.88,54.83,27473.61,2022-02-19 20:00:00
1645315200000,54.82,54.92,52.67,52.79,74727.49,2022-02-20 00:00:00
1645329600000,52.78,52.95,50.16,50.84,165614.35,2022-02-20 04:00:00
1645344000000,50.82,51.96,49.63,51.91,118648.08,2022-02-20 08:00:00
1645358400000,51.93,53.56,50.48,51.86,126027.83,2022-02-20 12:00:00
1645372800000,51.86,52.65,51.71,52.15,57126.99,2022-02-20 16:00:00
1645387200000,52.14,53.42,51.76,52.13,81095.99,2022-02-20 20:00:00
1645401600000,52.13,56.06,51.53,54.6,202630.35,2022-02-21 00:00:00
1645416000000,54.6,55.63,54.55,55.25,110642.42,2022-02-21 04:00:00
1645430400000,55.25,55.98,52.36,52.82,228604.25,2022-02-21 08:00:00
1645444800000,52.81,54.54,51.08,53.46,325955.92,2022-02-21 12:00:00
1645459200000,53.43,54.15,50.53,51.22,208774.82,2022-02-21 16:00:00
1645473600000,51.25,51.61,47.16,47.39,232793.99,2022-02-21 20:00:00
1645488000000,47.36,48.72,46.0,46.64,220159.8,2022-02-22 00:00:00
1645502400000,46.65,48.53,46.46,47.54,168172.75,2022-02-22 04:00:00
1645516800000,47.55,50.9,47.5,49.6,181613.28,2022-02-22 08:00:00
1645531200000,49.59,50.87,49.01,49.67,159891.87,2022-02-22 12:00:00
1645545600000,49.66,50.0,48.22,49.79,212789.07,2022-02-22 16:00:00
1645560000000,49.81,51.25,49.34,51.09,111533.81,2022-02-22 20:00:00
1645574400000,51.09,51.5,49.85,50.06,128047.76,2022-02-23 00:00:00
1645588800000,50.05,51.59,49.91,51.36,103997.56,2022-02-23 04:00:00
1645603200000,51.38,53.25,51.15,52.65,146230.8,2022-02-23 08:00:00
1645617600000,52.66,53.47,50.93,51.44,153734.58,2022-02-23 12:00:00
1645632000000,51.44,52.82,49.63,49.85,151888.78,2022-02-23 16:00:00
1645646400000,49.84,50.26,48.56,48.74,118662.97,2022-02-23 20:00:00
1645660800000,48.76,49.4,44.32,44.43,289877.22,2022-02-24 00:00:00
1645675200000,44.45,45.1,41.9,43.37,459953.38,2022-02-24 04:00:00
1645689600000,43.37,44.7,41.97,43.03,352168.89,2022-02-24 08:00:00
1645704000000,43.03,45.15,42.27,44.73,297845.21,2022-02-24 12:00:00
1645718400000,44.74,47.45,44.08,47.35,326786.57,2022-02-24 16:00:00
1645732800000,47.34,49.97,47.32,48.76,336173.06,2022-02-24 20:00:00
1645747200000,48.76,49.59,48.18,49.18,188711.13,2022-02-25 00:00:00
1645761600000,49.18,49.19,47.71,48.26,160081.8,2022-02-25 04:00:00
1645776000000,48.25,50.7,46.26,48.83,388124.36,2022-02-25 08:00:00
1645790400000,48.83,51.5,48.52,49.92,283046.09,2022-02-25 12:00:00
1645804800000,49.93,50.72,49.05,49.17,123975.16,2022-02-25 16:00:00
1645819200000,49.14,51.99,48.96,51.16,145680.32,2022-02-25 20:00:00
1645833600000,51.18,52.94,50.91,51.29,133203.83,2022-02-26 00:00:00
1645848000000,51.3,51.72,50.06,51.03,77310.51,2022-02-26 04:00:00
1645862400000,51.04,51.72,50.0,50.24,85066.04,2022-02-26 08:00:00
1645876800000,50.22,50.8,49.96,50.4,72355.89,2022-02-26 12:00:00
1645891200000,50.41,50.83,49.94,50.45,64877.89,2022-02-26 16:00:00
1645905600000,50.43,51.37,49.95,50.4,76368.05,2022-02-26 20:00:00
1645920000000,50.39,50.76,47.63,48.5,115454.8,2022-02-27 00:00:00
1645934400000,48.51,49.59,48.26,49.45,41413.0,2022-02-27 04:00:00
1645948800000,49.43,50.55,48.8,50.55,92581.4,2022-02-27 08:00:00
1645963200000,50.55,51.97,49.02,50.25,212717.95,2022-02-27 12:00:00
1645977600000,50.24,50.37,47.04,47.31,115873.1,2022-02-27 16:00:00
1645992000000,47.3,48.7,46.73,47.99,149414.88,2022-02-27 20:00:00
1646006400000,47.99,48.98,47.09,47.94,112076.41,2022-02-28 00:00:00
1646020800000,47.94,48.95,47.14,48.68,121710.86,2022-02-28 04:00:00
1646035200000,48.68,49.08,48.12,48.69,66763.64,2022-02-28 08:00:00
1646049600000,48.69,50.97,47.95,50.77,205690.45,2022-02-28 12:00:00
1646064000000,50.77,51.54,49.79,50.35,164605.56,2022-02-28 16:00:00
1646078400000,50.35,57.02,50.24,54.39,432195.46,2022-02-28 20:00:00
1646092800000,54.37,55.43,53.55,53.99,190998.95,2022-03-01 00:00:00
1646107200000,53.99,54.94,53.63,54.7,118196.63,2022-03-01 04:00:00
1646121600000,54.72,55.39,53.33,54.65,162537.71,2022-03-01 08:00:00
1646136000000,54.65,61.32,54.17,57.09,722178.84,2022-03-01 12:00:00
1646150400000,57.05,58.2,55.87,57.98,296878.23,2022-03-01 16:00:00
1646164800000,57.98,58.12,56.31,57.14,134248.2,2022-03-01 20:00:00
1646179200000,57.16,57.55,55.14,57.12,222248.32,2022-03-02 00:00:00
1646193600000,57.12,57.26,54.85,55.53,157327.6,2022-03-02 04:00:00
1646208000000,55.55,56.69,54.83,56.37,127926.03,2022-03-02 08:00:00
1646222400000,56.36,59.0,55.17,56.11,467743.75,2022-03-02 12:00:00
1646236800000,56.13,56.71,55.28,55.36,125246.97,2022-03-02 16:00:00
1646251200000,55.36,56.12,54.41,55.53,105543.71,2022-03-02 20:00:00
1646265600000,55.53,55.85,53.74,54.17,108009.32,2022-03-03 00:00:00
1646280000000,54.15,55.28,54.1,54.8,87118.5,2022-03-03 04:00:00
1646294400000,54.78,55.26,53.8,54.46,91120.67,2022-03-03 08:00:00
1646308800000,54.46,55.7,52.45,52.82,168898.6,2022-03-03 12:00:00
1646323200000,52.82,53.19,51.79,52.88,126252.51,2022-03-03 16:00:00
1646337600000,52.88,53.95,52.18,53.31,77525.04,2022-03-03 20:00:00
1646352000000,53.31,53.41,50.58,51.26,118219.14,2022-03-04 00:00:00
1646366400000,51.24,51.81,50.74,51.8,65758.48,2022-03-04 04:00:00
1646380800000,51.79,53.28,51.05,52.7,125278.83,2022-03-04 08:00:00
1646395200000,52.72,52.95,50.95,51.04,182184.35,2022-03-04 12:00:00
1646409600000,51.06,51.69,49.52,49.69,108738.45,2022-03-04 16:00:00
1646424000000,49.7,50.28,48.92,49.79,113131.19,2022-03-04 20:00:00
1646438400000,49.78,50.16,48.71,49.86,90016.84,2022-03-05 00:00:00
1646452800000,49.86,50.65,49.26,50.45,48833.49,2022-03-05 04:00:00
1646467200000,50.45,51.09,50.19,50.62,62290.27,2022-03-05 08:00:00
1646481600000,50.61,52.12,50.6,51.19,177703.63,2022-03-05 12:00:00
1646496000000,51.2,52.52,51.1,51.88,86082.49,2022-03-05 16:00:00
1646510400000,51.89,53.1,51.62,51.89,96134.6,2022-03-05 20:00:00
1646524800000,51.87,52.34,50.3,50.35,89353.77,2022-03-06 00:00:00
1646539200000,50.34,51.16,49.54,50.48,96745.54,2022-03-06 04:00:00
1646553600000,50.48,50.48,49.18,49.69,110752.9,2022-03-06 08:00:00
1646568000000,49.69,50.44,49.3,49.9,79663.17,2022-03-06 12:00:00
1646582400000,49.91,50.32,49.12,49.32,57759.76,2022-03-06 16:00:00
1646596800000,49.32,50.14,48.51,48.89,71289.65,2022-03-06 20:00:00
1646611200000,48.9,48.93,46.33,47.04,177264.51,2022-03-07 00:00:00
1646625600000,47.03,47.77,46.68,46.9,66232.99,2022-03-07 04:00:00
1646640000000,46.91,48.01,46.66,47.89,91069.91,2022-03-07 08:00:00
1646654400000,47.89,50.15,47.89,49.51,143907.56,2022-03-07 12:00:00
1646668800000,49.5,50.01,46.0,46.26,193881.3,2022-03-07 16:00:00
1646683200000,46.27,46.81,45.67,46.16,249067.13,2022-03-07 20:00:00
1646697600000,46.17,47.38,45.72,46.94,129782.13,2022-03-08 00:00:00
1646712000000,46.95,47.1,46.08,46.66,113219.64,2022-03-08 04:00:00
1646726400000,46.66,47.61,46.53,47.21,94167.2,2022-03-08 08:00:00
1646740800000,47.23,47.42,46.06,46.49,116080.81,2022-03-08 12:00:00
1646755200000,46.51,47.63,45.95,46.81,107882.02,2022-03-08 16:00:00
1646769600000,46.8,46.98,46.12,46.42,70840.23,2022-03-08 20:00:00
1646784000000,46.42,48.99,46.19,48.46,134745.15,2022-03-09 00:00:00
1646798400000,48.46,49.47,48.11,49.34,130159.44,2022-03-09 04:00:00
1646812800000,49.35,49.47,48.3,48.84,148222.59,2022-03-09 08:00:00
1646827200000,48.84,49.31,48.14,49.07,147599.25,2022-03-09 12:00:00
1646841600000,49.07,49.13,47.43,48.16,110885.51,2022-03-09 16:00:00
1646856000000,48.14,49.05,47.61,48.65,66551.74,2022-03-09 20:00:00
1646870400000,48.65,48.99,46.87,47.16,103865.75,2022-03-10 00:00:00
1646884800000,47.16,47.18,45.24,45.92,136956.95,2022-03-10 04:00:00
1646899200000,45.92,46.07,45.33,45.82,70674.11,2022-03-10 08:00:00
1646913600000,45.82,46.75,45.0,46.07,127456.43,2022-03-10 12:00:00
1646928000000,46.06,48.06,45.73,46.98,143506.47,2022-03-10 16:00:00
1646942400000,46.97,47.5,46.56,46.77,54148.41,2022-03-10 20:00:00
1646956800000,46.76,46.78,45.16,46.05,92468.91,2022-03-11 00:00:00
1646971200000,46.04,47.11,45.55,46.83,73949.28,2022-03-11 04:00:00
1646985600000,46.84,48.19,46.49,47.63,108581.65,2022-03-11 08:00:00
1647000000000,47.64,48.25,46.02,46.35,126023.27,2022-03-11 12:00:00
1647014400000,46.35,46.59,45.62,46.19,51937.73,2022-03-11 16:00:00
1647028800000,46.18,46.47,45.52,45.9,64534.67,2022-03-11 20:00:00
1647043200000,45.91,48.62,45.81,47.01,125127.89,2022-03-12 00:00:00
1647057600000,47.03,47.4,46.61,47.04,65286.64,2022-03-12 04:00:00
1647072000000,47.04,47.28,46.41,46.74,52559.25,2022-03-12 08:00:00
1647086400000,46.75,47.14,46.35,46.68,42445.12,2022-03-12 12:00:00
1647100800000,46.68,47.26,46.56,46.63,26069.31,2022-03-12 16:00:00
1647115200000,46.61,47.16,46.53,46.6,28323.46,2022-03-12 20:00:00
1647129600000,46.59,48.1,46.36,47.37,78271.91,2022-03-13 00:00:00
1647144000000,47.38,47.69,46.95,47.04,39219.46,2022-03-13 04:00:00
1647158400000,47.04,47.19,46.53,46.66,52422.69,2022-03-13 08:00:00
1647172800000,46.65,46.88,46.03,46.71,48490.26,2022-03-13 12:00:00
1647187200000,46.71,46.73,46.15,46.17,24828.48,2022-03-13 16:00:00
1647201600000,46.17,46.25,44.97,45.19,66655.84,2022-03-13 20:00:00
1647216000000,45.22,45.6,44.63,45.18,58563.35,2022-03-14 00:00:00
1647230400000,45.19,46.49,45.15,46.36,88520.26,2022-03-14 04:00:00
1647244800000,46.36,47.01,46.29,46.69,80874.65,2022-03-14 08:00:00
1647259200000,46.68,47.68,46.37,47.09,100077.15,2022-03-14 12:00:00
1647273600000,47.09,47.74,46.56,47.48,102628.88,2022-03-14 16:00:00
1647288000000,47.47,48.09,46.9,47.84,106268.85,2022-03-14 20:00:00
1647302400000,47.85,48.99,46.85,47.01,113808.93,2022-03-15 00:00:00
1647316800000,47.01,47.38,46.01,46.25,66985.91,2022-03-15 04:00:00
1647331200000,46.23,46.63,45.87,46.41,41838.52,2022-03-15 08:00:00
1647345600000,46.39,47.14,45.98,46.78,54991.55,2022-03-15 12:00:00
1647360000000,46.78,48.03,46.53,47.61,72082.57,2022-03-15 16:00:00
1647374400000,47.6,47.78,46.45,46.9,76290.68,2022-03-15 20:00:00
1647388800000,46.9,48.46,46.48,46.86,137045.33,2022-03-16 00:00:00
1647403200000,46.85,47.58,46.3,47.57,73451.89,2022-03-16 04:00:00
1647417600000,47.57,49.13,47.38,48.6,154519.56,2022-03-16 08:00:00
1647432000000,48.59,49.23,48.13,48.73,103994.71,2022-03-16 12:00:00
1647446400000,48.73,50.87,47.38,50.23,223046.56,2022-03-16 16:00:00
1647460800000,50.23,50.63,49.67,50.42,108868.48,2022-03-16 20:00:00
1647475200000,50.43,50.52,49.61,50.24,112127.89,2022-03-17 00:00:00
1647489600000,50.23,50.5,49.38,49.68,81324.22,2022-03-17 04:00:00
1647504000000,49.67,51.03,49.65,50.4,110531.2,2022-03-17 08:00:00
1647518400000,50.4,51.29,50.27,50.38,95260.34,2022-03-17 12:00:00
1647532800000,50.38,50.86,50.25,50.79,48420.73,2022-03-17 16:00:00
1647547200000,50.79,50.84,50.21,50.26,40064.67,2022-03-17 20:00:00
1647561600000,50.25,50.27,48.97,49.17,77562.08,2022-03-18 00:00:00
1647576000000,49.16,50.12,49.09,49.71,55910.53,2022-03-18 04:00:00
1647590400000,49.73,50.09,48.51,48.73,74540.06,2022-03-18 08:00:00
1647604800000,48.74,49.72,48.57,49.64,76914.89,2022-03-18 12:00:00
1647619200000,49.64,51.19,49.62,51.12,100231.39,2022-03-18 16:00:00
1647633600000,51.14,51.44,50.1,50.46,67486.65,2022-03-18 20:00:00
1647648000000,50.47,51.2,50.18,50.56,67968.21,2022-03-19 00:00:00
1647662400000,50.57,50.91,50.38,50.53,50269.4,2022-03-19 04:00:00
1647676800000,50.53,52.0,50.4,52.0,104397.81,2022-03-19 08:00:00
1647691200000,52.0,52.89,51.69,52.28,108447.77,2022-03-19 12:00:00
1647705600000,52.28,54.45,51.81,53.24,190112.98,2022-03-19 16:00:00
1647720000000,53.23,53.26,51.6,52.05,68268.87,2022-03-19 20:00:00
1647734400000,52.05,52.11,50.76,51.97,76978.12,2022-03-20 00:00:00
1647748800000,51.97,52.55,51.79,52.0,51672.81,2022-03-20 04:00:00
1647763200000,52.01,52.06,50.62,50.97,61952.95,2022-03-20 08:00:00
1647777600000,50.96,51.33,50.36,50.73,78268.6,2022-03-20 12:00:00
1647792000000,50.72,51.03,49.13,50.18,96971.0,2022-03-20 16:00:00
1647806400000,50.18,50.51,49.64,49.85,56263.23,2022-03-20 20:00:00
1647820800000,49.85,50.44,49.16,49.73,87333.08,2022-03-21 00:00:00
1647835200000,49.72,50.88,49.61,50.88,50071.11,2022-03-21 04:00:00
1647849600000,50.87,51.94,50.68,51.15,86535.98,2022-03-21 08:00:00
1647864000000,51.15,51.56,50.14,50.52,102647.53,2022-03-21 12:00:00
1647878400000,50.52,50.76,49.58,50.42,86559.4,2022-03-21 16:00:00
1647892800000,50.43,50.8,50.15,50.16,50602.47,2022-03-21 20:00:00
1647907200000,50.16,52.0,49.79,51.89,112057.58,2022-03-22 00:00:00
1647921600000,51.89,52.44,50.97,51.49,132556.07,2022-03-22 04:00:00
1647936000000,51.49,52.0,51.19,51.91,86482.08,2022-03-22 08:00:00
1647950400000,51.91,52.2,51.38,51.7,77457.7,2022-03-22 12:00:00
1647964800000,51.71,53.48,51.6,52.51,134404.43,2022-03-22 16:00:00
1647979200000,52.52,53.2,51.98,52.42,92961.82,2022-03-22 20:00:00
1647993600000,52.43,52.58,51.2,51.24,81534.3,2022-03-23 00:00:00
1648008000000,51.25,52.07,50.81,51.95,106472.02,2022-03-23 04:00:00
1648022400000,51.94,52.09,51.38,51.81,87108.9,2022-03-23 08:00:00
1648036800000,51.82,54.21,51.58,53.9,164710.05,2022-03-23 12:00:00
1648051200000,53.91,57.68,53.6,57.18,416597.28,2022-03-23 16:00:00
1648065600000,57.18,58.59,57.13,58.34,244832.1,2022-03-23 20:00:00
1648080000000,58.34,62.8,58.32,59.22,609049.96,2022-03-24 00:00:00
1648094400000,59.22,59.65,58.51,59.43,154705.62,2022-03-24 04:00:00
1648108800000,59.43,64.84,59.28,63.87,599604.79,2022-03-24 08:00:00
1648123200000,63.87,68.0,62.4,67.27,856543.56,2022-03-24 12:00:00
1648137600000,67.27,69.8,66.22,68.17,546387.32,2022-03-24 16:00:00
1648152000000,68.16,71.8,67.66,70.3,435395.65,2022-03-24 20:00:00
1648166400000,70.31,74.85,69.57,71.24,909658.19,2022-03-25 00:00:00
1648180800000,71.25,73.0,70.71,71.0,404983.08,2022-03-25 04:00:00
1648195200000,71.01,74.56,70.5,72.94,556333.63,2022-03-25 08:00:00
1648209600000,72.93,73.66,69.95,70.41,354667.63,2022-03-25 12:00:00
1648224000000,70.39,71.69,69.46,70.81,313919.21,2022-03-25 16:00:00
1648238400000,70.84,71.93,70.2,71.53,134635.14,2022-03-25 20:00:00
1648252800000,71.55,72.98,67.74,69.18,371933.44,2022-03-26 00:00:00
1648267200000,69.18,69.76,68.79,69.26,134043.68,2022-03-26 04:00:00
1648281600000,69.26,69.62,68.43,68.54,126013.31,2022-03-26 08:00:00
1648296000000,68.53,68.65,66.82,67.54,200143.19,2022-03-26 12:00:00
1648310400000,67.54,68.38,67.12,67.76,145614.18,2022-03-26 16:00:00
1648324800000,67.76,67.89,66.39,66.94,145260.8,2022-03-26 20:00:00
1648339200000,66.94,67.12,65.41,65.61,272190.35,2022-03-27 00:00:00
1648353600000,65.6,68.0,64.84,67.88,244234.51,2022-03-27 04:00:00
1648368000000,67.88,68.0,66.2,66.49,188593.29,2022-03-27 08:00:00
1648382400000,66.5,66.66,65.06,65.45,178951.33,2022-03-27 12:00:00
1648396800000,65.46,66.32,64.49,66.22,178679.51,2022-03-27 16:00:00
1648411200000,66.22,68.5,65.63,68.26,293562.87,2022-03-27 20:00:00
1648425600000,68.26,68.43,66.3,68.04,247044.68,2022-03-28 00:00:00
1648440000000,68.02,68.08,66.5,67.27,202488.71,2022-03-28 04:00:00
1648454400000,67.26,70.5,66.7,68.97,411208.19,2022-03-28 08:00:00
1648468800000,68.94,69.99,67.66,68.82,315775.98,2022-03-28 12:00:00
1648483200000,68.82,72.29,68.1,71.24,355286.99,2022-03-28 16:00:00
1648497600000,71.23,71.34,65.65,66.44,271474.12,2022-03-28 20:00:00
1648512000000,66.43,68.05,66.16,67.41,149165.06,2022-03-29 00:00:00
1648526400000,67.41,70.85,67.09,69.39,254271.03,2022-03-29 04:00:00
1648540800000,69.39,70.5,68.8,69.58,194834.99,2022-03-29 08:00:00
1648555200000,69.57,70.44,63.41,64.82,866213.57,2022-03-29 12:00:00
1648569600000,64.86,66.44,63.56,65.22,632337.26,2022-03-29 16:00:00
1648584000000,65.22,65.42,63.12,64.35,294798.72,2022-03-29 20:00:00
1648598400000,64.36,64.45,61.92,63.39,304423.83,2022-03-30 00:00:00
1648612800000,63.39,65.99,63.38,65.47,224165.51,2022-03-30 04:00:00
1648627200000,65.46,66.73,64.66,65.56,252530.4,2022-03-30 08:00:00
1648641600000,65.56,65.85,63.53,64.76,307388.3,2022-03-30 12:00:00
1648656000000,64.76,65.9,63.63,64.27,366504.31,2022-03-30 16:00:00
1648670400000,64.28,64.76,63.74,64.39,250709.14,2022-03-30 20:00:00
1648684800000,64.39,68.7,64.1,66.57,385846.27,2022-03-31 00:00:00
1648699200000,66.58,67.47,65.18,65.83,232085.69,2022-03-31 04:00:00
1648713600000,65.83,66.23,65.32,65.8,136375.74,2022-03-31 08:00:00
1648728000000,65.8,67.42,62.25,63.42,373781.26,2022-03-31 12:00:00
1648742400000,63.41,63.75,62.0,62.82,174870.68,2022-03-31 16:00:00
1648756800000,62.82,64.3,62.52,63.46,85945.2,2022-03-31 20:00:00
1648771200000,63.47,64.04,60.3,61.36,230991.66,2022-04-01 00:00:00
1648785600000,61.36,62.86,61.18,62.84,115074.17,2022-04-01 04:00:00
1648800000000,62.84,63.38,62.12,62.18,126925.03,2022-04-01 08:00:00
1648814400000,62.18,64.7,61.31,64.2,248668.32,2022-04-01 12:00:00
1648828800000,64.2,66.8,63.64,66.31,256497.08,2022-04-01 16:00:00
1648843200000,66.31,67.4,65.2,66.15,174459.37,2022-04-01 20:00:00
1648857600000,66.16,75.55,65.45,72.5,1071437.05,2022-04-02 00:00:00
1648872000000,72.5,73.3,70.45,70.81,500481.13,2022-04-02 04:00:00
1648886400000,70.82,71.44,69.55,70.48,300324.07,2022-04-02 08:00:00
1648900800000,70.47,71.13,66.2,67.59,610500.91,2022-04-02 12:00:00
1648915200000,67.59,68.21,64.05,65.88,339612.86,2022-04-02 16:00:00
1648929600000,65.88,67.01,64.55,65.26,209800.28,2022-04-02 20:00:00
1648944000000,65.25,67.34,64.0,66.09,363783.11,2022-04-03 00:00:00
1648958400000,66.09,67.43,65.85,66.61,183529.85,2022-04-03 04:00:00
1648972800000,66.6,66.91,65.35,66.14,171471.33,2022-04-03 08:00:00
1648987200000,66.14,68.47,65.48,67.5,397880.1,2022-04-03 12:00:00
1649001600000,67.5,67.61,65.52,65.96,198962.95,2022-04-03 16:00:00
1649016000000,65.95,67.78,65.81,66.61,196249.5,2022-04-03 20:00:00
1649030400000,66.61,66.61,64.66,65.45,205194.99,2022-04-04 00:00:00
1649044800000,65.44,66.17,65.23,66.11,134102.43,2022-04-04 04:00:00
1649059200000,66.11,67.15,63.94,64.88,256164.52,2022-04-04 08:00:00
1649073600000,64.87,65.14,62.12,62.59,325719.8,2022-04-04 12:00:00
1649088000000,62.61,63.29,61.45,63.19,221554.19,2022-04-04 16:00:00
1649102400000,63.21,64.35,62.65,63.79,129054.52,2022-04-04 20:00:00
1649116800000,63.8,64.44,63.21,63.74,133528.17,2022-04-05 00:00:00
1649131200000,63.75,64.56,63.28,63.94,177997.82,2022-04-05 04:00:00
1649145600000,63.94,65.34,63.8,64.42,215802.93,2022-04-05 08:00:00
1649160000000,64.43,65.99,61.9,62.44,329390.67,2022-04-05 12:00:00
1649174400000,62.43,63.68,61.58,62.43,218781.05,2022-04-05 16:00:00
1649188800000,62.44,62.7,61.5,61.68,146134.1,2022-04-05 20:00:00
1649203200000,61.69,61.77,55.76,57.85,508922.01,2022-04-06 00:00:00
1649217600000,57.84,59.18,57.33,58.51,164598.78,2022-04-06 04:00:00
1649232000000,58.51,62.9,57.95,58.85,796986.34,2022-04-06 08:00:00
1649246400000,58.89,59.27,55.92,56.58,422561.09,2022-04-06 12:00:00
1649260800000,56.56,56.93,55.0,56.13,274663.49,2022-04-06 16:00:00
1649275200000,56.13,56.51,53.11,53.37,220122.56,2022-04-06 20:00:00
1649289600000,53.36,54.37,52.13,53.78,265751.3,2022-04-07 00:00:00
1649304000000,53.81,55.91,53.7,55.0,228921.37,2022-04-07 04:00:00
1649318400000,55.0,56.0,53.8,55.53,228443.9,2022-04-07 08:00:00
1649332800000,55.53,55.8,52.65,53.18,218215.74,2022-04-07 12:00:00
1649347200000,53.18,54.59,52.93,53.94,137321.87,2022-04-07 16:00:00
1649361600000,53.94,55.36,53.87,54.82,120715.18,2022-04-07 20:00:00
1649376000000,54.8,55.32,54.25,55.03,139897.72,2022-04-08 00:00:00
1649390400000,55.04,55.21,53.89,54.62,150306.16,2022-04-08 04:00:00
1649404800000,54.62,55.05,52.87,52.99,182310.5,2022-04-08 08:00:00
1649419200000,53.0,54.21,52.35,53.57,188043.58,2022-04-08 12:00:00
1649433600000,53.58,53.75,51.39,51.95,184969.43,2022-04-08 16:00:00
1649448000000,51.94,52.16,50.11,50.7,162199.81,2022-04-08 20:00:00
1649462400000,50.71,51.81,50.61,51.06,123130.66,2022-04-09 00:00:00
1649476800000,51.06,52.39,50.98,52.12,116803.14,2022-04-09 04:00:00
1649491200000,52.09,52.66,51.73,52.31,87867.17,2022-04-09 08:00:00
1649505600000,52.31,52.36,50.57,50.77,126083.31,2022-04-09 12:00:00
1649520000000,50.78,51.44,50.69,50.8,85240.67,2022-04-09 16:00:00
1649534400000,50.8,51.8,50.63,51.71,79934.76,2022-04-09 20:00:00
1649548800000,51.72,52.14,51.05,51.86,102666.62,2022-04-10 00:00:00
1649563200000,51.86,51.92,50.93,51.09,91267.2,2022-04-10 04:00:00
1649577600000,51.09,51.3,50.14,50.46,118435.45,2022-04-10 08:00:00
1649592000000,50.47,50.78,50.12,50.4,125572.31,2022-04-10 12:00:00
1649606400000,50.4,51.1,50.2,50.92,195910.35,2022-04-10 16:00:00
1649620800000,50.93,51.55,48.85,49.04,273385.57,2022-04-10 20:00:00
1649635200000,49.04,49.13,46.67,47.3,321374.07,2022-04-11 00:00:00
1649649600000,47.3,47.83,47.04,47.69,189962.64,2022-04-11 04:00:00
1649664000000,47.69,47.8,45.35,45.64,294367.11,2022-04-11 08:00:00
1649678400000,45.65,46.23,45.09,45.2,196566.1,2022-04-11 12:00:00
1649692800000,45.18,46.31,44.77,45.31,161986.14,2022-04-11 16:00:00
1649707200000,45.31,45.84,44.08,45.16,166993.59,2022-04-11 20:00:00
1649721600000,45.15,47.25,44.81,46.5,151653.95,2022-04-12 00:00:00
1649736000000,46.5,48.81,46.5,47.55,273795.26,2022-04-12 04:00:00
1649750400000,47.56,48.0,47.08,47.63,139852.51,2022-04-12 08:00:00
1649764800000,47.64,48.91,46.6,46.88,253948.42,2022-04-12 12:00:00
1649779200000,46.89,47.57,45.4,45.56,153413.84,2022-04-12 16:00:00
1649793600000,45.56,47.48,45.52,47.26,96862.1,2022-04-12 20:00:00
1649808000000,47.27,48.65,46.77,47.59,123246.25,2022-04-13 00:00:00
1649822400000,47.59,48.31,47.41,47.87,74339.97,2022-04-13 04:00:00
1649836800000,47.88,48.48,47.09,47.17,111603.32,2022-04-13 08:00:00
1649851200000,47.16,48.93,46.61,48.26,203609.89,2022-04-13 12:00:00
1649865600000,48.26,48.64,47.86,48.09,122285.92,2022-04-13 16:00:00
1649880000000,48.09,48.64,47.92,48.47,90941.38,2022-04-13 20:00:00
1649894400000,48.46,49.55,48.14,48.74,166079.85,2022-04-14 00:00:00
1649908800000,48.73,49.32,48.39,48.62,146869.56,2022-04-14 04:00:00
1649923200000,48.62,48.75,47.29,47.46,123156.69,2022-04-14 08:00:00
1649937600000,47.45,48.36,46.07,46.17,184491.96,2022-04-14 12:00:00
1649952000000,46.17,46.56,45.69,46.1,117829.82,2022-04-14 16:00:00
1649966400000,46.09,47.18,45.9,46.78,78574.7,2022-04-14 20:00:00
1649980800000,46.78,47.96,46.71,47.87,136393.65,2022-04-15 00:00:00
1649995200000,47.87,50.19,47.76,48.45,241272.31,2022-04-15 04:00:00
1650009600000,48.46,48.47,47.5,48.08,111437.74,2022-04-15 08:00:00
1650024000000,48.08,48.42,46.99,47.69,123979.81,2022-04-15 12:00:00
1650038400000,47.7,47.91,47.31,47.39,65041.71,2022-04-15 16:00:00
1650052800000,47.37,48.06,47.25,47.92,45633.04,2022-04-15 20:00:00
1650067200000,47.92,48.62,47.68,47.77,65767.5,2022-04-16 00:00:00
1650081600000,47.8,48.18,47.66,47.81,53553.11,2022-04-16 04:00:00
1650096000000,47.82,47.91,47.33,47.64,86199.27,2022-04-16 08:00:00
1650110400000,47.64,48.08,46.71,46.88,96373.2,2022-04-16 12:00:00
1650124800000,46.88,47.11,46.73,46.88,71941.72,2022-04-16 16:00:00
1650139200000,46.88,47.82,46.84,47.42,82045.19,2022-04-16 20:00:00
1650153600000,47.42,47.92,46.97,47.18,82176.26,2022-04-17 00:00:00
1650168000000,47.16,47.82,47.15,47.42,54161.34,2022-04-17 04:00:00
1650182400000,47.44,47.58,47.23,47.54,54007.68,2022-04-17 08:00:00
1650196800000,47.54,47.84,47.33,47.69,103291.16,2022-04-17 12:00:00
1650211200000,47.68,47.77,46.39,46.81,145720.21,2022-04-17 16:00:00
1650225600000,46.8,46.91,45.21,45.48,96966.5,2022-04-17 20:00:00
1650240000000,45.48,46.12,45.37,45.75,97087.64,2022-04-18 00:00:00
1650254400000,45.76,45.77,43.0,43.41,259738.74,2022-04-18 04:00:00
1650268800000,43.42,43.88,43.06,43.7,125488.15,2022-04-18 08:00:00
1650283200000,43.7,44.8,43.7,44.38,155577.29,2022-04-18 12:00:00
1650297600000,44.38,46.43,43.75,45.83,162266.87,2022-04-18 16:00:00
1650312000000,45.84,46.3,45.73,46.22,93647.53,2022-04-18 20:00:00
1650326400000,46.22,46.8,45.43,45.67,113322.99,2022-04-19 00:00:00
1650340800000,45.68,46.29,45.62,45.68,101775.48,2022-04-19 04:00:00
1650355200000,45.68,47.68,45.61,46.72,145137.98,2022-04-19 08:00:00
1650369600000,46.71,47.94,46.68,47.26,168160.01,2022-04-19 12:00:00
1650384000000,47.24,47.95,46.91,46.96,124379.7,2022-04-19 16:00:00
1650398400000,46.96,47.49,46.59,47.39,75348.08,2022-04-19 20:00:00
1650412800000,47.38,48.44,46.35,47.52,174410.16,2022-04-20 00:00:00
1650427200000,47.52,47.8,47.11,47.27,113505.21,2022-04-20 04:00:00
1650441600000,47.28,48.25,47.11,48.17,189301.22,2022-04-20 08:00:00
1650456000000,48.16,48.43,46.01,46.2,248029.04,2022-04-20 12:00:00
1650470400000,46.19,46.46,45.29,45.71,131707.62,2022-04-20 16:00:00
1650484800000,45.71,46.48,45.52,46.19,70776.24,2022-04-20 20:00:00
1650499200000,46.18,47.04,46.12,46.87,104186.7,2022-04-21 00:00:00
1650513600000,46.88,46.94,45.7,46.51,101848.58,2022-04-21 04:00:00
1650528000000,46.53,47.6,46.26,47.22,141777.86,2022-04-21 08:00:00
1650542400000,47.21,48.13,46.98,47.12,176787.91,2022-04-21 12:00:00
1650556800000,47.12,47.43,46.0,46.2,139610.45,2022-04-21 16:00:00
1650571200000,46.2,46.22,44.34,44.92,188056.34,2022-04-21 20:00:00
1650585600000,44.92,46.43,44.78,45.56,148635.07,2022-04-22 00:00:00
1650600000000,45.56,46.69,45.54,46.22,113322.65,2022-04-22 04:00:00
1650614400000,46.23,46.78,45.84,46.45,133861.74,2022-04-22 08:00:00
1650628800000,46.45,46.62,44.86,45.08,175982.92,2022-04-22 12:00:00
1650643200000,45.08,46.29,44.82,45.88,100888.1,2022-04-22 16:00:00
1650657600000,45.89,46.17,45.5,45.95,58031.61,2022-04-22 20:00:00
1650672000000,45.96,46.17,45.32,45.51,56405.45,2022-04-23 00:00:00
1650686400000,45.51,45.8,44.91,45.4,76677.14,2022-04-23 04:00:00
1650700800000,45.41,45.91,45.16,45.62,69358.23,2022-04-23 08:00:00
1650715200000,45.63,45.97,45.27,45.82,55295.0,2022-04-23 12:00:00
1650729600000,45.83,46.1,45.47,45.69,54778.54,2022-04-23 16:00:00
1650744000000,45.71,46.0,45.02,45.15,45860.98,2022-04-23 20:00:00
1650758400000,45.15,45.63,44.8,45.44,65515.39,2022-04-24 00:00:00
1650772800000,45.44,45.52,45.08,45.42,38307.04,2022-04-24 04:00:00
1650787200000,45.43,45.55,45.0,45.12,50128.76,2022-04-24 08:00:00
1650801600000,45.12,45.23,44.65,45.0,84170.64,2022-04-24 12:00:00
1650816000000,45.01,45.17,44.15,45.04,80119.84,2022-04-24 16:00:00
1650830400000,45.06,45.09,44.27,44.37,61747.94,2022-04-24 20:00:00
1650844800000,44.37,44.45,42.71,43.3,167603.36,2022-04-25 00:00:00
1650859200000,43.3,43.35,39.84,40.62,264310.02,2022-04-25 04:00:00
1650873600000,40.63,41.34,40.15,41.33,240741.57,2022-04-25 08:00:00
1650888000000,41.33,41.85,40.95,41.46,204996.13,2022-04-25 12:00:00
1650902400000,41.45,42.78,41.34,42.69,147962.56,2022-04-25 16:00:00
1650916800000,42.68,43.07,42.29,42.92,106203.73,2022-04-25 20:00:00
1650931200000,42.92,43.37,42.41,42.47,91342.49,2022-04-26 00:00:00
1650945600000,42.47,43.51,42.37,42.86,90084.75,2022-04-26 04:00:00
1650960000000,42.87,43.09,42.19,42.77,107152.27,2022-04-26 08:00:00
1650974400000,42.78,42.96,39.74,39.86,193596.72,2022-04-26 12:00:00
1650988800000,39.86,40.59,37.96,38.7,299067.03,2022-04-26 16:00:00
1651003200000,38.7,39.63,37.97,38.78,124033.64,2022-04-26 20:00:00
1651017600000,38.76,39.39,38.38,39.1,83286.28,2022-04-27 00:00:00
1651032000000,39.1,39.89,39.03,39.89,70553.92,2022-04-27 04:00:00
1651046400000,39.9,40.13,38.61,39.13,109438.36,2022-04-27 08:00:00
1651060800000,39.14,40.0,38.89,39.0,156939.26,2022-04-27 12:00:00
1651075200000,39.0,39.19,37.12,37.59,425264.93,2022-04-27 16:00:00
1651089600000,37.6,38.9,37.56,38.8,122964.22,2022-04-27 20:00:00
1651104000000,38.8,38.85,38.08,38.17,100795.77,2022-04-28 00:00:00
1651118400000,38.18,39.62,38.05,39.18,162225.82,2022-04-28 04:00:00
1651132800000,39.17,40.17,38.98,39.55,150631.29,2022-04-28 08:00:00
1651147200000,39.55,39.86,37.46,37.9,295713.17,2022-04-28 12:00:00
1651161600000,37.88,38.73,37.39,38.08,143633.01,2022-04-28 16:00:00
1651176000000,38.09,38.2,37.7,38.05,119086.72,2022-04-28 20:00:00
1651190400000,38.05,38.69,36.88,37.21,147475.5,2022-04-29 00:00:00
1651204800000,37.21,37.28,36.72,37.17,161654.08,2022-04-29 04:00:00
1651219200000,37.18,37.25,35.27,35.47,252798.63,2022-04-29 08:00:00
1651233600000,35.47,35.79,34.73,35.08,394472.61,2022-04-29 12:00:00
1651248000000,35.08,35.28,33.41,33.69,411003.04,2022-04-29 16:00:00
1651262400000,33.7,34.63,33.66,34.35,140774.55,2022-04-29 20:00:00
1651276800000,34.36,34.61,33.45,33.82,166738.7,2022-04-30 00:00:00
1651291200000,33.82,34.89,33.67,34.27,182324.71,2022-04-30 04:00:00
1651305600000,34.27,34.42,33.51,34.26,140661.78,2022-04-30 08:00:00
1651320000000,34.23,34.48,32.3,32.58,202894.03,2022-04-30 12:00:00
1651334400000,32.58,32.86,31.0,31.56,293052.77,2022-04-30 16:00:00
1651348800000,31.56,31.57,26.51,29.05,645656.17,2022-04-30 20:00:00
1651363200000,29.05,30.35,27.83,30.09,471459.29,2022-05-01 00:00:00
1651377600000,30.09,32.4,29.9,31.02,376958.11,2022-05-01 04:00:00
1651392000000,31.02,31.76,30.54,30.61,158834.72,2022-05-01 08:00:00
1651406400000,30.58,32.24,30.3,31.91,210965.41,2022-05-01 12:00:00
1651420800000,31.92,32.53,30.33,30.72,241251.01,2022-05-01 16:00:00
1651435200000,30.73,32.29,30.51,31.79,179264.51,2022-05-01 20:00:00
1651449600000,31.78,32.3,31.07,31.23,180020.81,2022-05-02 00:00:00
1651464000000,31.23,31.74,30.98,31.09,102895.41,2022-05-02 04:00:00
1651478400000,31.09,31.22,29.91,30.02,159716.8,2022-05-02 08:00:00
1651492800000,30.01,31.0,29.97,30.31,213720.89,2022-05-02 12:00:00
1651507200000,30.31,30.36,29.9,30.05,268666.9,2022-05-02 16:00:00
1651521600000,30.05,30.55,29.9,30.19,104525.71,2022-05-02 20:00:00
1651536000000,30.2,30.36,29.9,30.2,132625.58,2022-05-03 00:00:00
1651550400000,30.2,30.77,29.83,30.1,173130.44,2022-05-03 04:00:00
1651564800000,30.11,30.55,29.39,30.53,223721.02,2022-05-03 08:00:00
1651579200000,30.53,30.89,30.0,30.13,178239.06,2022-05-03 12:00:00
1651593600000,30.14,30.22,28.61,29.19,236922.47,2022-05-03 16:00:00
1651608000000,29.2,29.39,28.77,29.07,113167.1,2022-05-03 20:00:00
1651622400000,29.09,29.47,28.94,29.29,92983.27,2022-05-04 00:00:00
1651636800000,29.3,29.5,28.07,29.35,320458.74,2022-05-04 04:00:00
1651651200000,29.35,30.98,29.34,30.34,258061.12,2022-05-04 08:00:00
1651665600000,30.32,30.44,29.1,29.34,190252.83,2022-05-04 12:00:00
1651680000000,29.34,33.0,29.18,32.82,476392.28,2022-05-04 16:00:00
1651694400000,32.83,33.79,32.62,33.31,357116.67,2022-05-04 20:00:00
1651708800000,33.32,34.47,33.3,33.81,434006.0,2022-05-05 00:00:00
1651723200000,33.81,35.24,33.26,34.68,427438.61,2022-05-05 04:00:00
1651737600000,34.68,34.82,33.4,33.85,370190.87,2022-05-05 08:00:00
1651752000000,33.85,34.22,28.83,29.21,762941.71,2022-05-05 12:00:00
1651766400000,29.2,29.8,27.97,29.13,673694.6,2022-05-05 16:00:00
1651780800000,29.12,29.23,28.59,28.95,191578.0,2022-05-05 20:00:00
1651795200000,28.94,29.11,28.19,29.04,211174.6,2022-05-06 00:00:00
1651809600000,29.05,29.08,27.83,28.41,161528.35,2022-05-06 04:00:00
1651824000000,28.4,28.87,27.61,27.95,221777.03,2022-05-06 08:00:00
1651838400000,27.95,28.55,27.16,27.96,402657.33,2022-05-06 12:00:00
1651852800000,27.96,28.48,27.85,28.26,176471.11,2022-05-06 16:00:00
1651867200000,28.27,28.55,28.03,28.44,73364.93,2022-05-06 20:00:00
1651881600000,28.43,28.51,27.65,27.68,101108.42,2022-05-07 00:00:00
1651896000000,27.68,28.23,27.38,28.17,103635.63,2022-05-07 04:00:00
1651910400000,28.17,29.26,28.17,29.04,126370.49,2022-05-07 08:00:00
1651924800000,29.05,29.54,28.06,28.73,176356.7,2022-05-07 12:00:00
1651939200000,28.73,29.36,28.65,29.22,106389.89,2022-05-07 16:00:00
1651953600000,29.23,29.45,27.88,28.6,289185.47,2022-05-07 20:00:00
1651968000000,28.6,29.06,27.66,28.45,373646.49,2022-05-08 00:00:00
1651982400000,28.45,30.0,28.44,29.34,350194.88,2022-05-08 04:00:00
1651996800000,29.34,31.7,29.29,30.71,602268.74,2022-05-08 08:00:00
1652011200000,30.71,30.71,28.79,29.97,610937.88,2022-05-08 12:00:00
1652025600000,29.98,31.15,29.06,30.65,500190.95,2022-05-08 16:00:00
1652040000000,30.65,31.09,29.95,30.49,335567.59,2022-05-08 20:00:00
1652054400000,30.5,31.56,30.16,30.28,512501.83,2022-05-09 00:00:00
1652068800000,30.29,31.49,28.82,29.21,445381.01,2022-05-09 04:00:00
1652083200000,29.21,29.58,27.74,29.08,394700.03,2022-05-09 08:00:00
1652097600000,29.09,31.06,28.6,29.1,739397.15,2022-05-09 12:00:00
1652112000000,29.1,29.76,25.63,26.36,899166.1,2022-05-09 16:00:00
1652126400000,26.37,27.78,24.38,24.77,1326850.57,2022-05-09 20:00:00
1652140800000,24.73,26.2,23.58,25.09,1161306.4,2022-05-10 00:00:00
1652155200000,25.09,28.34,24.97,26.79,834495.06,2022-05-10 04:00:00
1652169600000,26.79,27.61,26.24,27.24,449161.61,2022-05-10 08:00:00
1652184000000,27.23,28.3,25.67,26.38,624105.79,2022-05-10 12:00:00
1652198400000,26.39,26.81,25.33,25.51,285276.37,2022-05-10 16:00:00
1652212800000,25.51,25.56,23.38,24.22,400513.84,2022-05-10 20:00:00
1652227200000,24.2,25.15,23.53,24.24,451607.58,2022-05-11 00:00:00
1652241600000,24.22,24.42,19.92,21.21,1142094.78,2022-05-11 04:00:00
1652256000000,21.21,23.17,20.56,20.73,834869.44,2022-05-11 08:00:00
1652270400000,20.74,24.32,16.2,21.41,2026664.46,2022-05-11 12:00:00
1652284800000,21.45,21.83,19.41,20.06,583410.03,2022-05-11 16:00:00
1652299200000,20.06,20.64,17.98,18.97,751299.07,2022-05-11 20:00:00
1652313600000,18.97,21.24,18.1,18.16,1135709.1,2022-05-12 00:00:00
1652328000000,18.16,22.78,17.15,22.35,2640180.96,2022-05-12 04:00:00
1652342400000,22.37,24.7,21.87,22.54,1846942.91,2022-05-12 08:00:00
1652356800000,22.52,23.18,20.65,20.69,1142670.58,2022-05-12 12:00:00
1652371200000,20.7,21.59,20.0,20.54,595558.58,2022-05-12 16:00:00
1652385600000,20.55,20.8,18.13,19.02,512037.52,2022-05-12 20:00:00
1652400000000,19.03,22.22,18.85,21.58,1216798.1,2022-05-13 00:00:00
1652414400000,21.6,23.07,21.31,21.38,1052712.77,2022-05-13 04:00:00
1652428800000,21.38,23.2,21.38,23.19,784138.04,2022-05-13 08:00:00
1652443200000,23.19,24.5,21.83,22.08,981069.09,2022-05-13 12:00:00
1652457600000,22.09,22.51,20.56,20.65,684575.08,2022-05-13 16:00:00
1652472000000,20.65,21.12,19.81,20.07,468916.43,2022-05-13 20:00:00
1652486400000,20.08,21.32,19.88,20.39,963131.28,2022-05-14 00:00:00
1652500800000,20.39,20.52,19.48,19.91,822925.78,2022-05-14 04:00:00
1652515200000,19.91,20.52,19.21,19.92,579301.29,2022-05-14 08:00:00
1652529600000,19.93,19.99,19.0,19.53,860176.93,2022-05-14 12:00:00
1652544000000,19.53,20.63,19.29,19.83,667904.39,2022-05-14 16:00:00
1652558400000,19.84,21.4,19.84,20.89,299608.46,2022-05-14 20:00:00
1652572800000,20.89,21.5,20.4,20.47,824696.94,2022-05-15 00:00:00
1652587200000,20.47,22.2,20.19,21.47,1026573.73,2022-05-15 04:00:00
1652601600000,21.48,21.81,21.08,21.29,314456.85,2022-05-15 08:00:00
1652616000000,21.3,21.48,20.19,20.36,548006.31,2022-05-15 12:00:00
1652630400000,20.35,22.5,20.33,22.39,444960.88,2022-05-15 16:00:00
1652644800000,22.38,23.42,22.21,23.25,972483.11,2022-05-15 20:00:00
1652659200000,23.25,23.71,21.55,21.62,624337.93,2022-05-16 00:00:00
1652673600000,21.62,22.32,20.86,21.11,1269246.33,2022-05-16 04:00:00
1652688000000,21.11,21.37,20.27,20.61,594348.15,2022-05-16 08:00:00
1652702400000,20.61,21.18,20.0,20.47,689335.09,2022-05-16 12:00:00
1652716800000,20.47,20.55,19.75,19.84,419792.48,2022-05-16 16:00:00
1652731200000,19.83,20.18,19.23,19.57,469947.59,2022-05-16 20:00:00
1652745600000,19.57,20.4,19.32,20.21,578058.38,2022-05-17 00:00:00
1652760000000,20.22,20.64,20.0,20.52,464247.29,2022-05-17 04:00:00
1652774400000,20.52,21.41,20.33,21.17,580199.33,2022-05-17 08:00:00
1652788800000,21.17,21.9,20.86,21.3,715176.27,2022-05-17 12:00:00
1652803200000,21.3,21.3,20.39,20.7,387105.05,2022-05-17 16:00:00
1652817600000,20.69,21.5,20.54,21.32,198566.34,2022-05-17 20:00:00
1652832000000,21.32,21.69,20.27,20.4,407060.48,2022-05-18 00:00:00
1652846400000,20.39,20.84,20.21,20.66,395756.96,2022-05-18 04:00:00
1652860800000,20.66,21.74,20.43,21.58,1588495.35,2022-05-18 08:00:00
1652875200000,21.59,22.44,20.68,21.53,766456.67,2022-05-18 12:00:00
1652889600000,21.52,22.38,21.23,22.29,737623.28,2022-05-18 16:00:00
1652904000000,22.29,22.39,21.08,21.6,304625.34,2022-05-18 20:00:00
1652918400000,21.6,22.12,20.68,21.6,489612.81,2022-05-19 00:00:00
1652932800000,21.6,21.9,20.08,20.19,615995.78,2022-05-19 04:00:00
1652947200000,20.17,20.48,19.73,20.42,476518.68,2022-05-19 08:00:00
1652961600000,20.42,21.9,20.05,21.47,624319.03,2022-05-19 12:00:00
1652976000000,21.47,21.56,20.91,20.93,237972.99,2022-05-19 16:00:00
1652990400000,20.93,21.9,20.91,21.84,175183.4,2022-05-19 20:00:00
1653004800000,21.83,22.11,21.28,21.47,249842.83,2022-05-20 00:00:00
1653019200000,21.47,21.67,20.86,21.21,229375.0,2022-05-20 04:00:00
1653033600000,21.2,21.82,21.06,21.63,182070.03,2022-05-20 08:00:00
1653048000000,21.63,21.8,20.5,20.59,311214.75,2022-05-20 12:00:00
1653062400000,20.6,20.91,20.17,20.84,215835.96,2022-05-20 16:00:00
1653076800000,20.86,21.01,20.58,20.72,81150.94,2022-05-20 20:00:00
1653091200000,20.72,20.86,20.19,20.69,121371.49,2022-05-21 00:00:00
1653105600000,20.68,20.8,20.45,20.75,77899.37,2022-05-21 04:00:00
1653120000000,20.74,21.04,20.52,20.65,141248.48,2022-05-21 08:00:00
1653134400000,20.65,20.95,20.3,20.83,204249.55,2022-05-21 12:00:00
1653148800000,20.83,21.33,20.63,20.86,210497.67,2022-05-21 16:00:00
1653163200000,20.86,21.1,20.7,21.04,104672.14,2022-05-21 20:00:00
1653177600000,21.04,21.32,20.79,20.9,110415.95,2022-05-22 00:00:00
1653192000000,20.9,21.02,20.67,21.02,139587.66,2022-05-22 04:00:00
1653206400000,21.01,21.71,20.91,21.24,228185.43,2022-05-22 08:00:00
1653220800000,21.24,21.78,21.02,21.29,177291.5,2022-05-22 12:00:00
1653235200000,21.29,21.53,20.97,21.33,99035.71,2022-05-22 16:00:00
1653249600000,21.32,21.85,21.24,21.65,101618.81,2022-05-22 20:00:00
1653264000000,21.64,23.54,21.53,22.72,487958.86,2022-05-23 00:00:00
1653278400000,22.72,23.23,22.42,22.89,229354.87,2022-05-23 04:00:00
1653292800000,22.88,23.56,22.71,22.86,239081.32,2022-05-23 08:00:00
1653307200000,22.86,23.16,21.92,22.6,370192.89,2022-05-23 12:00:00
1653321600000,22.61,22.91,21.6,21.63,248411.64,2022-05-23 16:00:00
1653336000000,21.64,21.99,20.68,21.02,222615.65,2022-05-23 20:00:00
1653350400000,21.01,21.46,20.78,21.32,188329.1,2022-05-24 00:00:00
1653364800000,21.32,21.35,21.01,21.12,124823.07,2022-05-24 04:00:00
1653379200000,21.11,21.16,20.6,20.85,237588.9,2022-05-24 08:00:00
1653393600000,20.86,21.04,20.1,20.81,300056.09,2022-05-24 12:00:00
1653408000000,20.81,20.94,20.3,20.8,207881.34,2022-05-24 16:00:00
1653422400000,20.79,21.37,20.66,21.3,143184.69,2022-05-24 20:00:00
1653436800000,21.31,21.51,20.97,21.4,170041.84,2022-05-25 00:00:00
1653451200000,21.4,21.4,20.61,20.78,159085.79,2022-05-25 04:00:00
1653465600000,20.79,20.89,20.32,20.36,184599.16,2022-05-25 08:00:00
1653480000000,20.35,20.88,20.3,20.67,200595.9,2022-05-25 12:00:00
1653494400000,20.67,20.92,20.42,20.7,167577.28,2022-05-25 16:00:00
1653508800000,20.7,21.18,20.68,20.89,108423.87,2022-05-25 20:00:00
1653523200000,20.9,21.84,20.89,21.39,255669.77,2022-05-26 00:00:00
1653537600000,21.39,21.54,20.36,20.57,205699.04,2022-05-26 04:00:00
1653552000000,20.57,20.86,19.24,19.56,379022.28,2022-05-26 08:00:00
1653566400000,19.57,20.2,18.61,20.15,465481.66,2022-05-26 12:00:00
1653580800000,20.16,20.62,19.56,19.59,212572.92,2022-05-26 16:00:00
1653595200000,19.58,20.13,19.43,19.5,153717.52,2022-05-26 20:00:00
1653609600000,19.5,19.84,18.4,18.89,313227.0,2022-05-27 00:00:00
1653624000000,18.89,18.93,17.88,18.45,318753.93,2022-05-27 04:00:00
1653638400000,18.44,18.71,18.19,18.53,238265.95,2022-05-27 08:00:00
1653652800000,18.52,19.08,18.27,18.46,306116.25,2022-05-27 12:00:00
1653667200000,18.45,18.74,17.84,18.53,310011.93,2022-05-27 16:00:00
1653681600000,18.51,18.73,18.12,18.26,147746.29,2022-05-27 20:00:00
1653696000000,18.25,18.67,17.86,18.28,171596.54,2022-05-28 00:00:00
1653710400000,18.28,18.61,18.11,18.35,162771.66,2022-05-28 04:00:00
1653724800000,18.35,18.5,18.13,18.34,186218.46,2022-05-28 08:00:00
1653739200000,18.33,18.65,18.29,18.48,145558.26,2022-05-28 12:00:00
1653753600000,18.48,18.62,18.26,18.45,133816.11,2022-05-28 16:00:00
1653768000000,18.46,18.7,18.34,18.57,84089.74,2022-05-28 20:00:00
1653782400000,18.57,18.62,17.6,17.88,189726.8,2022-05-29 00:00:00
1653796800000,17.89,17.93,17.65,17.82,107480.39,2022-05-29 04:00:00
1653811200000,17.83,18.28,17.7,18.26,153421.99,2022-05-29 08:00:00
1653825600000,18.27,18.62,18.09,18.13,185229.31,2022-05-29 12:00:00
1653840000000,18.12,18.32,17.93,18.01,114293.47,2022-05-29 16:00:00
1653854400000,18.0,18.5,17.99,18.5,124713.99,2022-05-29 20:00:00
1653868800000,18.5,19.24,18.19,18.98,240566.47,2022-05-30 00:00:00
1653883200000,18.99,20.51,18.79,20.21,376154.88,2022-05-30 04:00:00
1653897600000,20.2,20.29,19.67,19.95,233326.1,2022-05-30 08:00:00
1653912000000,19.95,20.21,19.57,20.04,211045.69,2022-05-30 12:00:00
1653926400000,20.05,21.0,19.96,20.71,203118.83,2022-05-30 16:00:00
1653940800000,20.72,24.49,20.47,23.99,1157183.16,2022-05-30 20:00:00
1653955200000,23.99,27.9,23.99,27.06,2354230.94,2022-05-31 00:00:00
1653969600000,27.05,28.2,24.47,25.05,1274870.11,2022-05-31 04:00:00
1653984000000,25.05,25.5,24.59,25.08,570307.17,2022-05-31 08:00:00
1653998400000,25.08,25.19,23.42,24.62,677246.12,2022-05-31 12:00:00
1654012800000,24.62,24.8,22.61,22.8,588319.96,2022-05-31 16:00:00
1654027200000,22.8,23.99,22.66,23.91,383067.11,2022-05-31 20:00:00
1654041600000,23.91,23.98,22.23,22.53,475958.42,2022-06-01 00:00:00
1654056000000,22.52,22.92,22.05,22.42,311061.65,2022-06-01 04:00:00
1654070400000,22.43,22.99,22.35,22.54,218860.12,2022-06-01 08:00:00
1654084800000,22.54,23.61,21.71,21.75,545421.12,2022-06-01 12:00:00
1654099200000,21.76,21.96,21.16,21.28,326554.49,2022-06-01 16:00:00
1654113600000,21.27,21.31,20.29,20.89,253715.01,2022-06-01 20:00:00
1654128000000,20.89,20.9,19.69,19.76,301659.55,2022-06-02 00:00:00
1654142400000,19.77,20.47,19.72,20.36,174365.26,2022-06-02 04:00:00
1654156800000,20.36,20.51,19.9,20.5,196395.95,2022-06-02 08:00:00
1654171200000,20.49,20.7,19.74,20.46,260748.88,2022-06-02 12:00:00
1654185600000,20.47,21.23,20.28,20.62,191955.83,2022-06-02 16:00:00
1654200000000,20.63,21.45,20.49,21.08,122709.34,2022-06-02 20:00:00
1654214400000,21.08,21.55,20.74,21.27,180946.4,2022-06-03 00:00:00
1654228800000,21.28,21.29,20.54,20.75,117060.14,2022-06-03 04:00:00
1654243200000,20.75,20.84,19.71,19.87,180060.71,2022-06-03 08:00:00
1654257600000,19.87,20.05,19.42,19.59,229549.01,2022-06-03 12:00:00
1654272000000,19.59,20.1,19.58,19.96,103113.29,2022-06-03 16:00:00
1654286400000,19.95,20.47,19.87,19.98,85652.64,2022-06-03 20:00:00
1654300800000,19.97,21.18,19.96,20.26,345553.56,2022-06-04 00:00:00
1654315200000,20.25,21.12,20.22,20.76,128684.61,2022-06-04 04:00:00
1654329600000,20.76,20.93,20.3,20.47,116279.53,2022-06-04 08:00:00
1654344000000,20.47,20.56,20.02,20.25,160724.48,2022-06-04 12:00:00
1654358400000,20.24,20.5,20.1,20.27,76943.34,2022-06-04 16:00:00
1654372800000,20.26,20.61,20.22,20.6,63141.98,2022-06-04 20:00:00
1654387200000,20.6,20.63,19.8,20.01,122192.54,2022-06-05 00:00:00
1654401600000,20.02,20.19,19.83,20.05,76401.38,2022-06-05 04:00:00
1654416000000,20.04,20.15,19.76,19.98,98081.51,2022-06-05 08:00:00
1654430400000,19.98,20.14,19.81,20.12,132415.69,2022-06-05 12:00:00
1654444800000,20.14,20.33,19.96,20.1,118865.21,2022-06-05 16:00:00
1654459200000,20.11,20.25,19.95,20.07,119605.48,2022-06-05 20:00:00
1654473600000,20.07,20.89,19.97,20.85,195842.94,2022-06-06 00:00:00
1654488000000,20.85,21.47,20.8,21.27,185881.14,2022-06-06 04:00:00
1654502400000,21.27,22.78,21.25,21.58,445882.79,2022-06-06 08:00:00
1654516800000,21.59,21.73,20.46,20.73,431121.88,2022-06-06 12:00:00
1654531200000,20.72,20.74,20.07,20.43,186240.88,2022-06-06 16:00:00
1654545600000,20.42,20.88,20.18,20.7,157837.42,2022-06-06 20:00:00
1654560000000,20.69,20.7,19.07,19.56,448300.77,2022-06-07 00:00:00
1654574400000,19.56,19.63,19.36,19.57,101947.59,2022-06-07 04:00:00
1654588800000,19.56,20.01,19.14,19.35,165551.34,2022-06-07 08:00:00
1654603200000,19.35,19.87,19.15,19.48,184966.73,2022-06-07 12:00:00
1654617600000,19.48,20.31,19.35,19.96,164799.02,2022-06-07 16:00:00
1654632000000,19.96,20.27,19.29,19.72,207090.38,2022-06-07 20:00:00
1654646400000,19.73,20.02,19.13,19.26,173321.17,2022-06-08 00:00:00
1654660800000,19.27,19.75,19.19,19.51,122235.55,2022-06-08 04:00:00
1654675200000,19.51,19.72,19.43,19.61,76615.15,2022-06-08 08:00:00
1654689600000,19.61,19.8,19.24,19.6,197595.26,2022-06-08 12:00:00
1654704000000,19.6,19.99,19.33,19.41,141830.29,2022-06-08 16:00:00
1654718400000,19.41,19.77,19.37,19.47,80484.91,2022-06-08 20:00:00
1654732800000,19.47,19.57,19.25,19.54,105074.58,2022-06-09 00:00:00
1654747200000,19.55,19.77,19.43,19.77,113587.09,2022-06-09 04:00:00
1654761600000,19.76,19.99,19.58,19.69,141981.04,2022-06-09 08:00:00
1654776000000,19.69,19.75,19.37,19.57,112190.24,2022-06-09 12:00:00
1654790400000,19.56,19.82,19.29,19.31,86058.37,2022-06-09 16:00:00
1654804800000,19.32,19.48,19.25,19.41,68765.83,2022-06-09 20:00:00
1654819200000,19.41,19.59,18.86,19.41,174009.73,2022-06-10 00:00:00
1654833600000,19.43,19.59,19.22,19.27,77288.16,2022-06-10 04:00:00
1654848000000,19.27,19.31,18.89,19.13,85038.92,2022-06-10 08:00:00
1654862400000,19.12,19.22,17.97,18.44,271431.6,2022-06-10 12:00:00
1654876800000,18.43,18.47,17.73,18.02,152282.63,2022-06-10 16:00:00
1654891200000,18.01,18.39,17.82,18.05,64007.72,2022-06-10 20:00:00
1654905600000,18.05,18.72,17.98,18.47,83877.01,2022-06-11 00:00:00
1654920000000,18.45,18.5,18.25,18.43,60001.27,2022-06-11 04:00:00
1654934400000,18.43,18.44,17.18,17.42,246554.81,2022-06-11 08:00:00
1654948800000,17.41,17.58,15.95,16.33,339489.53,2022-06-11 12:00:00
1654963200000,16.34,16.52,16.01,16.22,227156.78,2022-06-11 16:00:00
1654977600000,16.21,16.5,15.98,16.33,118888.28,2022-06-11 20:00:00
1654992000000,16.34,16.47,14.87,15.36,324826.09,2022-06-12 00:00:00
1655006400000,15.35,15.54,14.71,15.46,251567.72,2022-06-12 04:00:00
1655020800000,15.46,15.64,15.07,15.33,155207.78,2022-06-12 08:00:00
1655035200000,15.34,16.17,14.6,15.91,325620.04,2022-06-12 12:00:00
1655049600000,15.9,16.0,15.26,15.53,135917.19,2022-06-12 16:00:00
1655064000000,15.52,15.61,14.37,14.44,194420.61,2022-06-12 20:00:00
1655078400000,14.43,14.69,12.84,13.53,678842.37,2022-06-13 00:00:00
1655092800000,13.54,13.93,12.55,12.75,357437.2,2022-06-13 04:00:00
1655107200000,12.75,13.06,12.2,12.69,384868.21,2022-06-13 08:00:00
1655121600000,12.69,13.4,12.32,13.19,512786.51,2022-06-13 12:00:00
1655136000000,13.2,14.42,13.07,13.53,283349.93,2022-06-13 16:00:00
1655150400000,13.53,14.2,12.85,13.48,176107.66,2022-06-13 20:00:00
1655164800000,13.49,14.61,12.36,14.15,627276.73,2022-06-14 00:00:00
1655179200000,14.14,15.31,13.87,14.94,821282.06,2022-06-14 04:00:00
1655193600000,14.94,15.01,13.93,14.23,391305.67,2022-06-14 08:00:00
1655208000000,14.24,14.72,13.92,14.63,302215.98,2022-06-14 12:00:00
1655222400000,14.62,14.75,13.87,13.96,156388.47,2022-06-14 16:00:00
1655236800000,13.96,14.2,13.44,14.09,143005.66,2022-06-14 20:00:00
1655251200000,14.09,14.3,13.38,13.41,132561.59,2022-06-15 00:00:00
1655265600000,13.41,13.43,12.8,12.95,318380.58,2022-06-15 04:00:00
1655280000000,12.95,13.77,12.54,13.63,363421.26,2022-06-15 08:00:00
1655294400000,13.63,14.28,13.52,13.85,231835.67,2022-06-15 12:00:00
1655308800000,13.84,15.5,12.87,14.38,861301.11,2022-06-15 16:00:00
1655323200000,14.39,15.87,14.19,15.79,349222.16,2022-06-15 20:00:00
1655337600000,15.79,16.37,15.26,15.26,387737.75,2022-06-16 00:00:00
1655352000000,15.26,15.58,14.5,14.57,191562.37,2022-06-16 04:00:00
1655366400000,14.57,14.78,13.66,13.94,387544.74,2022-06-16 08:00:00
1655380800000,13.93,14.46,13.42,14.03,350428.82,2022-06-16 12:00:00
1655395200000,14.02,14.52,13.73,13.89,162400.46,2022-06-16 16:00:00
1655409600000,13.88,14.17,13.24,13.63,213527.45,2022-06-16 20:00:00
1655424000000,13.63,14.14,13.39,13.69,208899.79,2022-06-17 00:00:00
1655438400000,13.69,14.22,13.67,14.04,116696.82,2022-06-17 04:00:00
1655452800000,14.05,14.22,13.83,13.97,101926.0,2022-06-17 08:00:00
1655467200000,13.97,14.04,13.56,13.86,133751.68,2022-06-17 12:00:00
1655481600000,13.85,13.96,13.63,13.79,68193.54,2022-06-17 16:00:00
1655496000000,13.8,14.08,13.71,13.9,70067.97,2022-06-17 20:00:00
1655510400000,13.9,14.11,13.45,13.61,139277.68,2022-06-18 00:00:00
1655524800000,13.61,13.68,12.6,12.74,349094.9,2022-06-18 04:00:00
1655539200000,12.74,13.08,12.42,12.87,270158.01,2022-06-18 08:00:00
1655553600000,12.88,12.9,12.65,12.69,78566.38,2022-06-18 12:00:00
1655568000000,12.7,12.96,12.16,12.19,219910.96,2022-06-18 16:00:00
1655582400000,12.18,13.26,11.85,12.92,336342.24,2022-06-18 20:00:00
1655596800000,12.92,13.09,12.54,12.59,162181.12,2022-06-19 00:00:00
1655611200000,12.58,12.9,12.44,12.58,141209.78,2022-06-19 04:00:00
1655625600000,12.58,13.54,12.4,13.27,315462.42,2022-06-19 08:00:00
1655640000000,13.28,13.44,12.96,13.39,170801.83,2022-06-19 12:00:00
1655654400000,13.39,14.16,13.04,13.73,232218.04,2022-06-19 16:00:00
1655668800000,13.73,14.28,13.61,13.78,189107.6,2022-06-19 20:00:00
1655683200000,13.78,13.86,13.03,13.3,165770.08,2022-06-20 00:00:00
1655697600000,13.31,13.5,13.06,13.29,213331.76,2022-06-20 04:00:00
1655712000000,13.3,15.16,13.26,14.98,590247.99,2022-06-20 08:00:00
1655726400000,14.99,14.99,14.17,14.38,290626.42,2022-06-20 12:00:00
1655740800000,14.37,14.5,13.82,14.15,179429.81,2022-06-20 16:00:00
1655755200000,14.15,14.71,13.96,14.52,132576.21,2022-06-20 20:00:00
1655769600000,14.51,14.7,14.11,14.68,179200.65,2022-06-21 00:00:00
1655784000000,14.68,15.2,14.45,14.7,212736.99,2022-06-21 04:00:00
1655798400000,14.69,15.65,14.66,14.87,275083.49,2022-06-21 08:00:00
1655812800000,14.85,15.55,14.84,15.23,259851.43,2022-06-21 12:00:00
1655827200000,15.23,16.04,14.82,14.88,278951.45,2022-06-21 16:00:00
1655841600000,14.87,15.14,14.62,14.91,140493.25,2022-06-21 20:00:00
1655856000000,14.91,15.01,14.17,14.26,225327.48,2022-06-22 00:00:00
1655870400000,14.25,14.55,13.89,13.91,179653.02,2022-06-22 04:00:00
1655884800000,13.92,14.51,13.86,14.32,153930.02,2022-06-22 08:00:00
1655899200000,14.34,15.04,14.09,14.41,287849.93,2022-06-22 12:00:00
1655913600000,14.41,14.53,13.92,14.03,260723.47,2022-06-22 16:00:00
1655928000000,14.03,14.26,13.72,14.0,137152.99,2022-06-22 20:00:00
1655942400000,14.0,14.79,13.98,14.34,201110.82,2022-06-23 00:00:00
1655956800000,14.33,14.8,14.24,14.48,130842.07,2022-06-23 04:00:00
1655971200000,14.47,14.88,14.34,14.61,178173.76,2022-06-23 08:00:00
1655985600000,14.61,14.83,14.12,14.27,163077.05,2022-06-23 12:00:00
1656000000000,14.28,14.56,14.01,14.49,102061.29,2022-06-23 16:00:00
1656014400000,14.5,14.85,14.39,14.72,118001.62,2022-06-23 20:00:00
1656028800000,14.73,15.55,14.68,15.05,213172.99,2022-06-24 00:00:00
1656043200000,15.04,16.32,14.75,16.28,506656.36,2022-06-24 04:00:00
1656057600000,16.28,17.57,16.21,16.53,835139.23,2022-06-24 08:00:00
1656072000000,16.53,17.49,16.21,17.22,635583.14,2022-06-24 12:00:00
1656086400000,17.21,17.36,16.79,17.09,400765.83,2022-06-24 16:00:00
1656100800000,17.1,17.79,16.77,17.12,399316.71,2022-06-24 20:00:00
1656115200000,17.12,18.48,16.85,18.02,804945.37,2022-06-25 00:00:00
1656129600000,18.01,18.53,17.91,18.23,302592.13,2022-06-25 04:00:00
1656144000000,18.22,18.35,17.67,17.69,181710.78,2022-06-25 08:00:00
1656158400000,17.69,17.77,16.94,17.08,291485.67,2022-06-25 12:00:00
1656172800000,17.08,17.95,16.9,17.89,189862.15,2022-06-25 16:00:00
1656187200000,17.89,18.11,17.52,17.83,223535.58,2022-06-25 20:00:00
1656201600000,17.84,18.0,17.02,17.29,238128.8,2022-06-26 00:00:00
1656216000000,17.3,17.6,17.13,17.37,138824.95,2022-06-26 04:00:00
1656230400000,17.37,17.83,17.33,17.78,211925.32,2022-06-26 08:00:00
1656244800000,17.79,17.87,16.81,16.98,267812.86,2022-06-26 12:00:00
1656259200000,16.98,17.18,16.46,16.84,185723.16,2022-06-26 16:00:00
1656273600000,16.84,17.16,16.08,16.17,175236.15,2022-06-26 20:00:00
1656288000000,16.17,16.52,16.0,16.43,167012.53,2022-06-27 00:00:00
1656302400000,16.43,16.77,16.3,16.74,130624.85,2022-06-27 04:00:00
1656316800000,16.75,16.94,16.4,16.45,214238.46,2022-06-27 08:00:00
1656331200000,16.46,16.5,15.58,15.81,253418.05,2022-06-27 12:00:00
1656345600000,15.81,16.14,15.43,16.02,158782.61,2022-06-27 16:00:00
1656360000000,16.02,16.24,15.79,15.91,87550.47,2022-06-27 20:00:00
1656374400000,15.91,16.39,15.26,15.54,213824.75,2022-06-28 00:00:00
1656388800000,15.55,16.35,15.52,16.05,157062.65,2022-06-28 04:00:00
1656403200000,16.05,16.43,15.82,16.04,148855.2,2022-06-28 08:00:00
1656417600000,16.03,16.83,15.38,15.41,332897.34,2022-06-28 12:00:00
1656432000000,15.41,15.63,15.17,15.3,217640.88,2022-06-28 16:00:00
1656446400000,15.3,15.53,15.12,15.31,111877.38,2022-06-28 20:00:00
1656460800000,15.32,15.76,15.22,15.36,176553.29,2022-06-29 00:00:00
1656475200000,15.35,15.41,14.78,15.04,164606.49,2022-06-29 04:00:00
1656489600000,15.04,15.17,14.65,14.88,139265.86,2022-06-29 08:00:00
1656504000000,14.88,14.95,14.44,14.61,217638.28,2022-06-29 12:00:00
1656518400000,14.6,14.64,14.12,14.63,164555.43,2022-06-29 16:00:00
1656532800000,14.63,14.8,14.28,14.39,100741.73,2022-06-29 20:00:00
1656547200000,14.4,14.47,13.85,14.04,152007.4,2022-06-30 00:00:00
1656561600000,14.04,14.1,13.41,13.6,243681.01,2022-06-30 04:00:00
1656576000000,13.6,13.6,13.12,13.37,189825.93,2022-06-30 08:00:00
1656590400000,13.37,13.98,13.27,13.8,199871.66,2022-06-30 12:00:00
1656604800000,13.81,14.11,13.68,14.1,119239.69,2022-06-30 16:00:00
1656619200000,14.09,14.68,13.77,14.58,161671.91,2022-06-30 20:00:00
1656633600000,14.58,14.96,14.15,14.17,284460.62,2022-07-01 00:00:00
1656648000000,14.18,14.32,13.84,14.23,161941.77,2022-07-01 04:00:00
1656662400000,14.23,14.43,13.69,13.84,169358.37,2022-07-01 08:00:00
1656676800000,13.85,14.12,13.73,13.84,162628.18,2022-07-01 12:00:00
1656691200000,13.82,14.18,13.79,14.14,78702.52,2022-07-01 16:00:00
1656705600000,14.15,14.36,13.9,14.05,91863.27,2022-07-01 20:00:00
1656720000000,14.07,14.21,13.56,13.61,160235.36,2022-07-02 00:00:00
1656734400000,13.61,13.84,13.59,13.68,55031.91,2022-07-02 04:00:00
1656748800000,13.68,13.78,13.48,13.71,102526.22,2022-07-02 08:00:00
1656763200000,13.71,13.94,13.67,13.78,86541.38,2022-07-02 12:00:00
1656777600000,13.78,14.01,13.71,13.85,55037.43,2022-07-02 16:00:00
1656792000000,13.86,14.04,13.82,13.94,43948.4,2022-07-02 20:00:00
1656806400000,13.94,14.02,13.65,13.85,61985.66,2022-07-03 00:00:00
1656820800000,13.85,13.97,13.5,13.81,117082.68,2022-07-03 04:00:00
1656835200000,13.81,13.91,13.63,13.81,67764.18,2022-07-03 08:00:00
1656849600000,13.82,13.85,13.61,13.71,53302.02,2022-07-03 12:00:00
1656864000000,13.71,14.46,13.68,14.34,112730.66,2022-07-03 16:00:00
1656878400000,14.34,14.55,14.05,14.18,115082.99,2022-07-03 20:00:00
1656892800000,14.18,14.45,13.74,13.77,131632.54,2022-07-04 00:00:00
1656907200000,13.77,14.0,13.72,13.84,105732.38,2022-07-04 04:00:00
1656921600000,13.83,14.5,13.8,14.39,132953.78,2022-07-04 08:00:00
1656936000000,14.41,14.65,14.19,14.36,170342.21,2022-07-04 12:00:00
1656950400000,14.37,14.71,14.26,14.49,103948.29,2022-07-04 16:00:00
1656964800000,14.49,15.02,14.42,14.88,114512.8,2022-07-04 20:00:00
1656979200000,14.88,15.5,14.82,15.05,230586.61,2022-07-05 00:00:00
1656993600000,15.05,15.26,14.92,15.02,123927.39,2022-07-05 04:00:00
1657008000000,15.03,15.04,14.19,14.23,189973.82,2022-07-05 08:00:00
1657022400000,14.22,14.23,13.91,14.11,128590.34,2022-07-05 12:00:00
1657036800000,14.11,14.67,14.08,14.57,155208.13,2022-07-05 16:00:00
1657051200000,14.57,14.87,14.39,14.45,147862.19,2022-07-05 20:00:00
1657065600000,14.45,14.65,14.04,14.28,143023.14,2022-07-06 00:00:00
1657080000000,14.29,14.56,14.21,14.44,122732.87,2022-07-06 04:00:00
1657094400000,14.44,14.65,14.33,14.42,99848.26,2022-07-06 08:00:00
1657108800000,14.42,14.67,14.28,14.52,131326.3,2022-07-06 12:00:00
1657123200000,14.54,14.82,14.47,14.74,107901.08,2022-07-06 16:00:00
1657137600000,14.75,15.02,14.62,14.82,104314.41,2022-07-06 20:00:00
1657152000000,14.83,15.07,14.63,14.75,134976.89,2022-07-07 00:00:00
1657166400000,14.75,14.84,14.55,14.82,97613.76,2022-07-07 04:00:00
1657180800000,14.83,15.07,14.79,15.05,169737.86,2022-07-07 08:00:00
1657195200000,15.06,15.27,14.88,15.17,160315.11,2022-07-07 12:00:00
1657209600000,15.17,15.5,15.12,15.43,172737.9,2022-07-07 16:00:00
1657224000000,15.44,15.49,15.18,15.33,101877.01,2022-07-07 20:00:00
1657238400000,15.34,15.77,15.25,15.55,164632.23,2022-07-08 00:00:00
1657252800000,15.55,15.58,15.03,15.15,147142.41,2022-07-08 04:00:00
1657267200000,15.14,15.17,14.64,14.83,133954.49,2022-07-08 08:00:00
1657281600000,14.82,15.08,14.54,15.0,172411.17,2022-07-08 12:00:00
1657296000000,15.0,15.12,14.76,15.0,90418.64,2022-07-08 16:00:00
1657310400000,15.0,15.2,14.79,14.85,58866.78,2022-07-08 20:00:00
1657324800000,14.84,15.49,14.84,15.31,190304.1,2022-07-09 00:00:00
1657339200000,15.31,15.55,15.23,15.44,93926.09,2022-07-09 04:00:00
1657353600000,15.43,15.53,15.11,15.18,75279.54,2022-07-09 08:00:00
1657368000000,15.17,15.33,15.06,15.26,81778.84,2022-07-09 12:00:00
1657382400000,15.25,15.46,15.21,15.27,61069.38,2022-07-09 16:00:00
1657396800000,15.27,15.31,15.13,15.14,37670.33,2022-07-09 20:00:00
1657411200000,15.14,15.17,14.63,14.75,120144.85,2022-07-10 00:00:00
1657425600000,14.75,14.84,14.66,14.74,60020.68,2022-07-10 04:00:00
1657440000000,14.74,14.84,14.54,14.67,76458.65,2022-07-10 08:00:00
1657454400000,14.67,14.75,14.27,14.4,138912.34,2022-07-10 12:00:00
1657468800000,14.39,14.59,14.26,14.47,81149.01,2022-07-10 16:00:00
1657483200000,14.46,14.58,14.34,14.42,67311.19,2022-07-10 20:00:00
1657497600000,14.42,14.44,14.06,14.24,92789.96,2022-07-11 00:00:00
1657512000000,14.24,14.25,13.85,14.01,113243.0,2022-07-11 04:00:00
1657526400000,14.01,14.16,13.86,14.01,81139.27,2022-07-11 08:00:00
1657540800000,14.02,14.29,13.87,14.03,137017.89,2022-07-11 12:00:00
1657555200000,14.02,14.16,13.94,14.1,74259.1,2022-07-11 16:00:00
1657569600000,14.1,14.12,13.23,13.48,164425.81,2022-07-11 20:00:00
1657584000000,13.48,13.55,13.23,13.31,102180.85,2022-07-12 00:00:00
1657598400000,13.3,13.47,13.12,13.26,125160.93,2022-07-12 04:00:00
1657612800000,13.26,13.33,13.05,13.27,101146.39,2022-07-12 08:00:00
1657627200000,13.27,13.48,13.26,13.37,104506.83,2022-07-12 12:00:00
1657641600000,13.37,13.46,12.89,13.02,108924.77,2022-07-12 16:00:00
1657656000000,13.02,13.17,12.81,12.85,68627.16,2022-07-12 20:00:00
1657670400000,12.86,13.21,12.75,13.04,104140.61,2022-07-13 00:00:00
1657684800000,13.05,13.29,13.03,13.27,55921.62,2022-07-13 04:00:00
1657699200000,13.28,13.33,13.15,13.22,61716.68,2022-07-13 08:00:00
1657713600000,13.21,13.4,12.34,12.81,368831.34,2022-07-13 12:00:00
1657728000000,12.8,13.19,12.71,12.99,94912.67,2022-07-13 16:00:00
1657742400000,12.98,13.45,12.93,13.41,101764.13,2022-07-13 20:00:00
1657756800000,13.41,13.95,13.28,13.57,184807.06,2022-07-14 00:00:00
1657771200000,13.57,13.66,13.35,13.43,108563.5,2022-07-14 04:00:00
1657785600000,13.43,13.46,13.01,13.11,136954.89,2022-07-14 08:00:00
1657800000000,13.11,13.52,13.02,13.49,225584.84,2022-07-14 12:00:00
1657814400000,13.49,13.98,13.39,13.87,178187.52,2022-07-14 16:00:00
1657828800000,13.87,13.96,13.74,13.96,85032.16,2022-07-14 20:00:00
1657843200000,13.95,14.17,13.83,13.99,161063.12,2022-07-15 00:00:00
1657857600000,13.99,14.15,13.82,14.06,102035.5,2022-07-15 04:00:00
1657872000000,14.05,14.2,13.87,13.88,141783.87,2022-07-15 08:00:00
1657886400000,13.88,14.14,13.83,13.91,113736.07,2022-07-15 12:00:00
1657900800000,13.92,14.13,13.73,14.11,140344.11,2022-07-15 16:00:00
1657915200000,14.11,14.3,13.9,13.96,157111.9,2022-07-15 20:00:00
1657929600000,13.97,13.98,13.79,13.87,64723.69,2022-07-16 00:00:00
1657944000000,13.87,13.89,13.58,13.59,99933.24,2022-07-16 04:00:00
1657958400000,13.59,13.75,13.59,13.69,38936.15,2022-07-16 08:00:00
1657972800000,13.7,14.06,13.67,14.05,83103.58,2022-07-16 12:00:00
1657987200000,14.05,14.49,14.03,14.19,220826.21,2022-07-16 16:00:00
1658001600000,14.18,14.41,14.04,14.37,66440.86,2022-07-16 20:00:00
1658016000000,14.36,14.51,14.1,14.3,120083.04,2022-07-17 00:00:00
1658030400000,14.3,14.81,14.25,14.52,131625.97,2022-07-17 04:00:00
1658044800000,14.52,14.6,14.21,14.46,128173.46,2022-07-17 08:00:00
1658059200000,14.46,14.54,14.21,14.32,105177.13,2022-07-17 12:00:00
1658073600000,14.33,15.08,14.16,14.71,321505.18,2022-07-17 16:00:00
1658088000000,14.71,14.9,14.46,14.52,196691.09,2022-07-17 20:00:00
1658102400000,14.51,15.0,14.37,14.86,154333.38,2022-07-18 00:00:00
1658116800000,14.87,16.1,14.76,15.77,383599.5,2022-07-18 04:00:00
1658131200000,15.76,16.16,15.53,15.74,379156.77,2022-07-18 08:00:00
1658145600000,15.74,16.2,15.54,16.11,225223.85,2022-07-18 12:00:00
1658160000000,16.11,16.12,15.34,15.51,208623.04,2022-07-18 16:00:00
1658174400000,15.51,16.52,15.47,16.36,199584.7,2022-07-18 20:00:00
1658188800000,16.36,17.05,15.79,16.21,534364.9,2022-07-19 00:00:00
1658203200000,16.2,16.58,15.89,16.52,388497.8,2022-07-19 04:00:00
1658217600000,16.51,17.39,16.44,16.94,524289.11,2022-07-19 08:00:00
1658232000000,16.95,17.27,16.35,16.74,284849.2,2022-07-19 12:00:00
1658246400000,16.73,17.61,16.68,16.97,370250.48,2022-07-19 16:00:00
1658260800000,16.96,17.29,16.75,16.84,90782.37,2022-07-19 20:00:00
1658275200000,16.84,17.37,16.63,17.09,214883.07,2022-07-20 00:00:00
1658289600000,17.1,17.69,16.99,17.04,218248.26,2022-07-20 04:00:00
1658304000000,17.05,17.15,16.35,16.74,249233.62,2022-07-20 08:00:00
1658318400000,16.73,16.99,16.54,16.77,198079.23,2022-07-20 12:00:00
1658332800000,16.77,16.79,15.98,16.18,169951.83,2022-07-20 16:00:00
1658347200000,16.18,16.31,15.38,15.56,179081.01,2022-07-20 20:00:00
1658361600000,15.57,15.9,14.9,15.0,201814.4,2022-07-21 00:00:00
1658376000000,15.01,15.49,14.8,15.3,149530.77,2022-07-21 04:00:00
1658390400000,15.3,15.45,15.05,15.15,130589.25,2022-07-21 08:00:00
1658404800000,15.15,15.47,15.1,15.37,113491.68,2022-07-21 12:00:00
1658419200000,15.36,15.97,15.35,15.87,173245.15,2022-07-21 16:00:00
1658433600000,15.87,15.97,15.59,15.78,92722.61,2022-07-21 20:00:00
1658448000000,15.78,16.28,15.66,15.95,147003.09,2022-07-22 00:00:00
1658462400000,15.95,16.04,15.68,15.93,92497.25,2022-07-22 04:00:00
1658476800000,15.93,16.5,15.87,16.32,141017.46,2022-07-22 08:00:00
1658491200000,16.31,16.33,15.46,15.53,152718.79,2022-07-22 12:00:00
1658505600000,15.54,15.67,15.12,15.16,127250.25,2022-07-22 16:00:00
1658520000000,15.15,15.54,15.07,15.36,117719.36,2022-07-22 20:00:00
1658534400000,15.36,16.08,15.18,15.72,174006.01,2022-07-23 00:00:00
1658548800000,15.73,16.74,15.67,16.59,187549.55,2022-07-23 04:00:00
1658563200000,16.6,17.75,16.52,16.82,833288.45,2022-07-23 08:00:00
1658577600000,16.82,17.38,16.76,17.3,398659.29,2022-07-23 12:00:00
1658592000000,17.29,17.35,16.46,16.88,283058.34,2022-07-23 16:00:00
1658606400000,16.89,18.39,16.76,18.21,446259.63,2022-07-23 20:00:00
1658620800000,18.21,18.85,17.61,17.66,645893.3,2022-07-24 00:00:00
1658635200000,17.67,18.09,17.64,17.83,300094.64,2022-07-24 04:00:00
1658649600000,17.83,17.86,17.37,17.61,367433.1,2022-07-24 08:00:00
1658664000000,17.62,17.74,17.23,17.53,177982.93,2022-07-24 12:00:00
1658678400000,17.54,17.55,17.02,17.25,158641.76,2022-07-24 16:00:00
1658692800000,17.24,17.54,17.02,17.23,167459.02,2022-07-24 20:00:00
1658707200000,17.23,17.92,16.2,16.35,399819.39,2022-07-25 00:00:00
1658721600000,16.35,16.49,16.21,16.39,146187.1,2022-07-25 04:00:00
1658736000000,16.38,16.52,15.8,15.92,184295.15,2022-07-25 08:00:00
1658750400000,15.93,16.13,15.75,15.89,224635.14,2022-07-25 12:00:00
1658764800000,15.89,15.97,15.45,15.69,190536.69,2022-07-25 16:00:00
1658779200000,15.69,15.88,15.25,15.31,195128.43,2022-07-25 20:00:00
1658793600000,15.32,15.5,14.82,15.13,278101.3,2022-07-26 00:00:00
1658808000000,15.13,15.22,14.92,14.95,106372.94,2022-07-26 04:00:00
1658822400000,14.94,15.08,14.75,14.93,91093.42,2022-07-26 08:00:00
1658836800000,14.93,15.08,14.56,14.6,133135.22,2022-07-26 12:00:00
1658851200000,14.59,14.96,14.46,14.55,99164.19,2022-07-26 16:00:00
1658865600000,14.55,15.21,14.47,15.14,117707.79,2022-07-26 20:00:00
1658880000000,15.14,15.37,14.71,14.74,120629.24,2022-07-27 00:00:00
1658894400000,14.74,15.25,14.73,15.16,89267.15,2022-07-27 04:00:00
1658908800000,15.16,15.39,14.93,14.98,121837.61,2022-07-27 08:00:00
1658923200000,14.98,15.3,14.88,15.24,137807.57,2022-07-27 12:00:00
1658937600000,15.24,16.2,15.0,15.9,345935.39,2022-07-27 16:00:00
1658952000000,15.9,16.95,15.88,16.78,290935.58,2022-07-27 20:00:00
1658966400000,16.78,16.81,16.25,16.47,234178.57,2022-07-28 00:00:00
1658980800000,16.47,16.67,16.3,16.35,116976.8,2022-07-28 04:00:00
1658995200000,16.34,16.69,16.33,16.65,159037.48,2022-07-28 08:00:00
1659009600000,16.65,17.03,16.05,16.87,479831.11,2022-07-28 12:00:00
1659024000000,16.87,17.49,16.82,16.99,402001.88,2022-07-28 16:00:00
1659038400000,16.97,17.47,16.97,17.15,269745.62,2022-07-28 20:00:00
1659052800000,17.15,19.5,17.14,19.29,1170491.14,2022-07-29 00:00:00
1659067200000,19.29,19.36,18.43,18.62,460806.79,2022-07-29 04:00:00
1659081600000,18.61,18.76,17.68,17.85,467158.82,2022-07-29 08:00:00
1659096000000,17.85,18.53,17.51,18.17,404527.25,2022-07-29 12:00:00
1659110400000,18.17,18.42,17.66,18.32,228706.64,2022-07-29 16:00:00
1659124800000,18.33,18.76,18.14,18.23,147575.94,2022-07-29 20:00:00
1659139200000,18.22,20.61,18.22,19.46,805986.13,2022-07-30 00:00:00
1659153600000,19.45,19.73,18.94,19.39,296096.68,2022-07-30 04:00:00
1659168000000,19.39,19.74,18.96,19.53,237871.68,2022-07-30 08:00:00
1659182400000,19.52,19.8,19.17,19.65,295164.48,2022-07-30 12:00:00
1659196800000,19.64,19.84,19.06,19.09,233546.43,2022-07-30 16:00:00
1659211200000,19.08,19.49,18.51,19.11,215940.09,2022-07-30 20:00:00
1659225600000,19.11,19.12,18.55,18.62,195561.74,2022-07-31 00:00:00
1659240000000,18.63,19.03,18.63,18.73,114872.45,2022-07-31 04:00:00
1659254400000,18.74,18.8,18.29,18.65,139628.44,2022-07-31 08:00:00
1659268800000,18.65,18.7,18.37,18.59,156107.77,2022-07-31 12:00:00
1659283200000,18.58,19.16,18.46,18.75,229577.28,2022-07-31 16:00:00
1659297600000,18.75,18.89,17.98,18.04,133357.58,2022-07-31 20:00:00
1659312000000,18.03,18.3,17.71,18.11,196388.69,2022-08-01 00:00:00
1659326400000,18.09,18.15,17.71,18.0,103303.92,2022-08-01 04:00:00
1659340800000,18.01,18.14,17.3,17.67,215297.01,2022-08-01 08:00:00
1659355200000,17.68,18.41,17.35,18.04,246715.96,2022-08-01 12:00:00
1659369600000,18.04,18.04,17.31,17.49,129787.26,2022-08-01 16:00:00
1659384000000,17.5,17.89,17.37,17.81,82810.77,2022-08-01 20:00:00
1659398400000,17.82,17.93,16.62,16.75,201006.03,2022-08-02 00:00:00
1659412800000,16.75,17.07,16.61,16.93,91850.93,2022-08-02 04:00:00
1659427200000,16.93,17.29,16.63,17.18,104056.36,2022-08-02 08:00:00
1659441600000,17.18,17.45,16.82,17.31,173935.11,2022-08-02 12:00:00
1659456000000,17.31,17.72,17.18,17.25,122358.13,2022-08-02 16:00:00
1659470400000,17.26,17.47,17.15,17.21,69313.12,2022-08-02 20:00:00
1659484800000,17.21,17.3,16.6,17.02,134352.57,2022-08-03 00:00:00
1659499200000,17.03,17.44,16.98,17.27,141332.44,2022-08-03 04:00:00
1659513600000,17.27,17.97,17.27,17.91,165921.13,2022-08-03 08:00:00
1659528000000,17.92,18.0,17.48,17.71,220512.27,2022-08-03 12:00:00
1659542400000,17.7,17.93,17.68,17.81,88721.31,2022-08-03 16:00:00
1659556800000,17.81,17.84,17.05,17.19,110429.43,2022-08-03 20:00:00
1659571200000,17.19,17.76,17.16,17.57,148507.14,2022-08-04 00:00:00
1659585600000,17.58,17.85,17.24,17.32,141488.51,2022-08-04 04:00:00
1659600000000,17.32,17.43,17.11,17.28,95411.92,2022-08-04 08:00:00
1659614400000,17.27,17.99,17.08,17.86,236855.91,2022-08-04 12:00:00
1659628800000,17.87,18.3,17.2,17.48,272504.32,2022-08-04 16:00:00
1659643200000,17.48,17.78,17.34,17.72,67258.86,2022-08-04 20:00:00
1659657600000,17.73,18.2,17.61,18.14,248088.32,2022-08-05 00:00:00
1659672000000,18.14,18.4,18.04,18.31,169616.34,2022-08-05 04:00:00
1659686400000,18.3,18.54,18.12,18.49,160955.0,2022-08-05 08:00:00
1659700800000,18.48,18.59,17.86,17.92,237307.32,2022-08-05 12:00:00
1659715200000,17.91,18.0,17.74,17.97,99347.63,2022-08-05 16:00:00
1659729600000,17.97,18.48,17.82,18.46,96850.15,2022-08-05 20:00:00
1659744000000,18.45,18.46,18.16,18.23,107981.94,2022-08-06 00:00:00
1659758400000,18.23,18.34,18.16,18.32,54154.82,2022-08-06 04:00:00
1659772800000,18.33,18.42,18.17,18.19,81293.37,2022-08-06 08:00:00
1659787200000,18.2,18.38,18.1,18.19,89660.03,2022-08-06 12:00:00
1659801600000,18.19,18.28,17.89,18.13,81851.35,2022-08-06 16:00:00
1659816000000,18.14,18.15,17.87,17.95,50451.29,2022-08-06 20:00:00
1659830400000,17.96,18.65,17.76,18.37,281987.22,2022-08-07 00:00:00
1659844800000,18.37,18.45,18.11,18.23,80412.26,2022-08-07 04:00:00
1659859200000,18.23,18.41,18.13,18.34,92309.81,2022-08-07 08:00:00
1659873600000,18.33,18.97,18.3,18.78,205791.97,2022-08-07 12:00:00
1659888000000,18.78,18.91,18.65,18.74,160666.8,2022-08-07 16:00:00
1659902400000,18.74,18.92,18.41,18.48,101480.06,2022-08-07 20:00:00
1659916800000,18.48,18.79,18.43,18.67,141931.51,2022-08-08 00:00:00
1659931200000,18.68,18.88,18.56,18.73,198848.35,2022-08-08 04:00:00
1659945600000,18.74,19.19,18.73,19.16,223604.82,2022-08-08 08:00:00
1659960000000,19.15,19.3,18.66,18.76,216715.24,2022-08-08 12:00:00
1659974400000,18.75,18.77,18.5,18.71,122630.35,2022-08-08 16:00:00
1659988800000,18.7,18.89,18.46,18.64,108594.71,2022-08-08 20:00:00
1660003200000,18.64,18.72,18.28,18.58,120219.34,2022-08-09 00:00:00
1660017600000,18.59,18.7,18.42,18.48,128568.05,2022-08-09 04:00:00
1660032000000,18.47,18.5,17.67,17.77,254342.05,2022-08-09 08:00:00
1660046400000,17.78,18.01,17.22,17.52,274557.02,2022-08-09 12:00:00
1660060800000,17.51,17.59,17.42,17.47,101505.62,2022-08-09 16:00:00
1660075200000,17.48,17.78,17.47,17.58,95671.58,2022-08-09 20:00:00
1660089600000,17.58,17.59,17.11,17.19,159544.29,2022-08-10 00:00:00
1660104000000,17.19,17.58,17.18,17.55,106449.91,2022-08-10 04:00:00
1660118400000,17.55,17.81,17.55,17.72,131936.81,2022-08-10 08:00:00
1660132800000,17.71,18.62,17.61,18.42,382619.51,2022-08-10 12:00:00
1660147200000,18.41,18.52,18.15,18.26,126508.36,2022-08-10 16:00:00
1660161600000,18.26,18.54,18.25,18.53,79699.54,2022-08-10 20:00:00
1660176000000,18.53,18.75,18.37,18.61,164144.96,2022-08-11 00:00:00
1660190400000,18.62,18.99,18.61,18.69,230004.63,2022-08-11 04:00:00
1660204800000,18.68,18.81,18.57,18.8,87653.8,2022-08-11 08:00:00
1660219200000,18.8,19.1,18.5,18.57,233078.78,2022-08-11 12:00:00
1660233600000,18.56,18.77,18.42,18.6,79142.01,2022-08-11 16:00:00
1660248000000,18.62,18.76,18.26,18.42,80054.66,2022-08-11 20:00:00
1660262400000,18.43,18.79,18.0,18.67,152610.49,2022-08-12 00:00:00
1660276800000,18.67,18.71,18.33,18.55,97945.17,2022-08-12 04:00:00
1660291200000,18.56,18.63,17.9,17.96,241789.37,2022-08-12 08:00:00
1660305600000,17.96,18.33,17.93,18.28,419015.31,2022-08-12 12:00:00
1660320000000,18.28,18.56,18.18,18.48,101180.93,2022-08-12 16:00:00
1660334400000,18.48,18.66,18.41,18.65,64870.4,2022-08-12 20:00:00
1660348800000,18.64,19.89,18.52,19.67,416752.19,2022-08-13 00:00:00
1660363200000,19.67,19.67,19.26,19.3,159669.98,2022-08-13 04:00:00
1660377600000,19.3,19.46,19.12,19.41,156146.91,2022-08-13 08:00:00
1660392000000,19.4,19.67,19.19,19.32,120318.06,2022-08-13 12:00:00
1660406400000,19.31,19.57,19.19,19.31,218394.08,2022-08-13 16:00:00
1660420800000,19.31,19.53,19.2,19.25,96204.38,2022-08-13 20:00:00
1660435200000,19.26,19.7,19.04,19.38,185926.55,2022-08-14 00:00:00
1660449600000,19.38,19.66,19.26,19.55,194225.93,2022-08-14 04:00:00
1660464000000,19.55,19.8,19.4,19.48,243297.56,2022-08-14 08:00:00
1660478400000,19.48,19.66,18.82,19.08,476396.2,2022-08-14 12:00:00
1660492800000,19.08,19.09,18.28,18.59,202153.69,2022-08-14 16:00:00
1660507200000,18.6,18.71,18.44,18.57,97408.65,2022-08-14 20:00:00
1660521600000,18.58,19.16,18.34,18.9,146304.37,2022-08-15 00:00:00
1660536000000,18.89,18.94,18.12,18.19,186292.42,2022-08-15 04:00:00
1660550400000,18.19,18.31,17.92,18.09,169656.93,2022-08-15 08:00:00
1660564800000,18.09,18.5,17.9,18.37,519243.51,2022-08-15 12:00:00
1660579200000,18.36,18.52,18.19,18.23,270162.41,2022-08-15 16:00:00
1660593600000,18.23,18.39,17.93,18.18,103593.02,2022-08-15 20:00:00
1660608000000,18.17,18.6,17.95,18.33,265355.35,2022-08-16 00:00:00
1660622400000,18.33,18.4,17.97,18.29,234807.61,2022-08-16 04:00:00
1660636800000,18.28,18.41,18.17,18.28,120060.53,2022-08-16 08:00:00
1660651200000,18.29,18.34,17.81,17.99,176091.21,2022-08-16 12:00:00
1660665600000,18.0,18.16,17.7,17.92,260981.1,2022-08-16 16:00:00
1660680000000,17.91,18.08,17.82,17.95,81955.75,2022-08-16 20:00:00
1660694400000,17.94,18.15,17.91,18.12,156514.68,2022-08-17 00:00:00
1660708800000,18.13,18.38,17.7,17.81,241717.13,2022-08-17 04:00:00
1660723200000,17.81,17.9,17.61,17.68,131411.88,2022-08-17 08:00:00
1660737600000,17.68,17.69,16.85,16.99,317978.9,2022-08-17 12:00:00
1660752000000,16.99,17.37,16.97,17.04,161845.69,2022-08-17 16:00:00
1660766400000,17.04,17.33,16.68,16.97,241145.59,2022-08-17 20:00:00
1660780800000,16.97,17.1,16.71,17.0,131718.49,2022-08-18 00:00:00
1660795200000,17.01,17.17,16.89,17.08,262111.46,2022-08-18 04:00:00
1660809600000,17.08,17.15,16.94,17.13,156476.93,2022-08-18 08:00:00
1660824000000,17.14,17.26,16.93,17.04,136347.52,2022-08-18 12:00:00
1660838400000,17.04,17.08,16.77,16.83,147929.39,2022-08-18 16:00:00
1660852800000,16.83,16.93,15.91,16.13,322865.11,2022-08-18 20:00:00
1660867200000,16.13,16.14,15.28,15.42,404384.58,2022-08-19 00:00:00
1660881600000,15.42,15.71,14.38,14.84,786978.03,2022-08-19 04:00:00
1660896000000,14.83,14.86,14.36,14.68,228518.84,2022-08-19 08:00:00
1660910400000,14.68,14.85,14.43,14.69,197477.38,2022-08-19 12:00:00
1660924800000,14.69,14.91,14.5,14.76,119298.29,2022-08-19 16:00:00
1660939200000,14.76,14.79,14.0,14.2,313806.15,2022-08-19 20:00:00
1660953600000,14.21,14.61,14.2,14.52,142115.69,2022-08-20 00:00:00
1660968000000,14.51,14.73,14.46,14.68,137276.35,2022-08-20 04:00:00
1660982400000,14.67,14.69,14.51,14.56,67720.75,2022-08-20 08:00:00
1660996800000,14.55,14.58,14.27,14.39,87502.23,2022-08-20 12:00:00
1661011200000,14.39,14.44,13.77,13.86,142029.29,2022-08-20 16:00:00
1661025600000,13.86,14.17,13.62,14.12,147138.77,2022-08-20 20:00:00
1661040000000,14.13,14.3,14.03,14.06,66119.65,2022-08-21 00:00:00
1661054400000,14.06,14.32,13.95,14.3,82067.21,2022-08-21 04:00:00
1661068800000,14.3,14.6,14.26,14.47,93762.61,2022-08-21 08:00:00
1661083200000,14.48,14.51,14.17,14.3,75642.41,2022-08-21 12:00:00
1661097600000,14.31,14.56,14.23,14.43,120606.36,2022-08-21 16:00:00
1661112000000,14.43,14.65,14.23,14.45,99904.95,2022-08-21 20:00:00
1661126400000,14.47,14.49,14.24,14.26,88025.57,2022-08-22 00:00:00
1661140800000,14.26,14.33,13.75,13.79,92631.18,2022-08-22 04:00:00
1661155200000,13.78,13.84,13.49,13.69,225889.77,2022-08-22 08:00:00
1661169600000,13.7,13.95,13.53,13.91,269648.13,2022-08-22 12:00:00
1661184000000,13.91,14.02,13.72,13.86,117840.94,2022-08-22 16:00:00
1661198400000,13.86,14.28,13.86,14.24,85861.42,2022-08-22 20:00:00
1661212800000,14.23,14.48,14.17,14.18,91813.78,2022-08-23 00:00:00
1661227200000,14.19,14.23,13.7,14.09,152371.68,2022-08-23 04:00:00
1661241600000,14.09,14.7,14.08,14.57,199765.14,2022-08-23 08:00:00
1661256000000,14.58,14.62,14.31,14.44,220629.08,2022-08-23 12:00:00
1661270400000,14.44,14.87,14.33,14.73,114885.74,2022-08-23 16:00:00
1661284800000,14.73,14.84,14.55,14.69,98195.56,2022-08-23 20:00:00
1661299200000,14.69,14.89,14.18,14.3,208571.48,2022-08-24 00:00:00
1661313600000,14.3,14.59,14.27,14.42,69927.82,2022-08-24 04:00:00
1661328000000,14.41,14.71,14.41,14.65,105346.69,2022-08-24 08:00:00
1661342400000,14.65,14.98,14.54,14.91,115908.22,2022-08-24 12:00:00
1661356800000,14.91,15.08,14.78,14.84,115581.89,2022-08-24 16:00:00
1661371200000,14.85,14.89,14.51,14.56,79667.61,2022-08-24 20:00:00
1661385600000,14.56,14.72,14.51,14.6,60909.16,2022-08-25 00:00:00
1661400000000,14.59,14.98,14.57,14.86,113487.45,2022-08-25 04:00:00
1661414400000,14.87,14.89,14.67,14.81,73281.87,2022-08-25 08:00:00
1661428800000,14.8,14.84,14.42,14.55,122285.27,2022-08-25 12:00:00
1661443200000,14.55,14.71,14.44,14.7,100699.59,2022-08-25 16:00:00
1661457600000,14.71,14.78,14.57,14.73,51314.45,2022-08-25 20:00:00
1661472000000,14.73,14.88,14.54,14.74,112737.08,2022-08-26 00:00:00
1661486400000,14.74,14.77,14.24,14.4,122388.8,2022-08-26 04:00:00
1661500800000,14.39,14.48,14.02,14.15,171467.1,2022-08-26 08:00:00
1661515200000,14.16,14.79,13.72,13.87,426813.95,2022-08-26 12:00:00
1661529600000,13.87,13.88,13.51,13.63,157253.1,2022-08-26 16:00:00
1661544000000,13.63,13.74,13.07,13.32,156261.93,2022-08-26 20:00:00
1661558400000,13.32,13.42,13.16,13.28,92730.49,2022-08-27 00:00:00
1661572800000,13.29,13.6,13.01,13.49,195988.12,2022-08-27 04:00:00
1661587200000,13.49,13.6,13.37,13.56,65804.61,2022-08-27 08:00:00
1661601600000,13.56,13.71,13.33,13.56,128205.33,2022-08-27 12:00:00
1661616000000,13.54,13.91,13.42,13.84,164268.31,2022-08-27 16:00:00
1661630400000,13.85,14.0,13.67,13.79,145720.11,2022-08-27 20:00:00
1661644800000,13.79,13.93,13.66,13.78,90166.72,2022-08-28 00:00:00
1661659200000,13.78,13.89,13.62,13.84,80037.74,2022-08-28 04:00:00
1661673600000,13.85,13.92,13.64,13.73,58035.33,2022-08-28 08:00:00
1661688000000,13.73,13.91,13.54,13.87,81501.72,2022-08-28 12:00:00
1661702400000,13.87,13.99,13.73,13.79,86207.13,2022-08-28 16:00:00
1661716800000,13.78,13.92,13.13,13.2,170647.44,2022-08-28 20:00:00
1661731200000,13.2,13.4,13.02,13.34,150921.37,2022-08-29 00:00:00
1661745600000,13.34,13.41,13.16,13.36,79580.37,2022-08-29 04:00:00
1661760000000,13.36,13.37,13.2,13.24,109552.58,2022-08-29 08:00:00
1661774400000,13.23,13.75,13.23,13.65,214205.78,2022-08-29 12:00:00
1661788800000,13.66,13.79,13.52,13.56,93359.31,2022-08-29 16:00:00
1661803200000,13.56,13.95,13.53,13.84,85898.98,2022-08-29 20:00:00
1661817600000,13.84,13.86,13.6,13.76,68029.84,2022-08-30 00:00:00
1661832000000,13.76,14.08,13.75,13.9,121201.77,2022-08-30 04:00:00
1661846400000,13.89,14.01,13.84,13.89,65931.25,2022-08-30 08:00:00
1661860800000,13.88,13.92,13.23,13.41,171786.21,2022-08-30 12:00:00
1661875200000,13.41,13.55,13.06,13.39,169670.92,2022-08-30 16:00:00
1661889600000,13.4,14.04,13.31,13.86,226130.93,2022-08-30 20:00:00
1661904000000,13.86,14.55,13.84,14.26,404852.28,2022-08-31 00:00:00
1661918400000,14.27,14.32,14.07,14.12,199031.98,2022-08-31 04:00:00
1661932800000,14.12,14.39,13.96,14.31,173609.03,2022-08-31 08:00:00
1661947200000,14.31,14.46,14.0,14.24,216929.78,2022-08-31 12:00:00
1661961600000,14.23,14.65,14.01,14.49,143663.14,2022-08-31 16:00:00
1661976000000,14.5,14.62,14.08,14.14,140285.22,2022-08-31 20:00:00
1661990400000,14.14,14.24,13.79,13.89,129954.51,2022-09-01 00:00:00
1662004800000,13.89,14.08,13.64,13.71,219850.82,2022-09-01 04:00:00
1662019200000,13.7,14.06,13.58,13.96,198673.34,2022-09-01 08:00:00
1662033600000,13.97,14.0,13.53,13.69,203626.62,2022-09-01 12:00:00
1662048000000,13.69,13.9,13.64,13.86,147319.91,2022-09-01 16:00:00
1662062400000,13.87,14.04,13.85,14.02,80231.96,2022-09-01 20:00:00
1662076800000,14.02,14.12,13.77,14.0,81814.41,2022-09-02 00:00:00
1662091200000,14.0,14.2,14.0,14.05,104122.25,2022-09-02 04:00:00
1662105600000,14.05,14.07,13.8,13.87,83511.67,2022-09-02 08:00:00
1662120000000,13.87,14.45,13.78,14.27,374018.75,2022-09-02 12:00:00
1662134400000,14.27,14.3,13.86,13.97,197143.54,2022-09-02 16:00:00
1662148800000,13.97,14.06,13.91,14.03,61992.82,2022-09-02 20:00:00
1662163200000,14.03,14.3,13.97,14.07,104436.46,2022-09-03 00:00:00
1662177600000,14.08,14.45,14.03,14.26,144716.08,2022-09-03 04:00:00
1662192000000,14.26,15.23,14.24,15.0,565675.38,2022-09-03 08:00:00
1662206400000,14.99,15.29,14.93,15.15,347923.63,2022-09-03 12:00:00
1662220800000,15.15,15.29,14.99,15.18,234041.9,2022-09-03 16:00:00
1662235200000,15.18,15.53,15.08,15.17,236410.36,2022-09-03 20:00:00
1662249600000,15.18,15.37,14.58,14.67,279305.86,2022-09-04 00:00:00
1662264000000,14.67,14.7,14.39,14.41,170902.18,2022-09-04 04:00:00
1662278400000,14.4,14.61,14.36,14.59,214073.39,2022-09-04 08:00:00
1662292800000,14.58,14.69,14.43,14.48,139940.39,2022-09-04 12:00:00
1662307200000,14.49,14.56,14.44,14.54,75648.56,2022-09-04 16:00:00
1662321600000,14.55,14.6,14.45,14.56,77624.86,2022-09-04 20:00:00
1662336000000,14.57,14.81,14.46,14.59,197195.0,2022-09-05 00:00:00
1662350400000,14.59,14.62,14.02,14.11,231926.34,2022-09-05 04:00:00
1662364800000,14.11,14.21,13.83,14.04,236155.43,2022-09-05 08:00:00
1662379200000,14.04,14.2,13.97,14.15,102767.87,2022-09-05 12:00:00
1662393600000,14.14,14.18,14.02,14.03,71136.31,2022-09-05 16:00:00
1662408000000,14.04,14.4,14.03,14.3,72307.01,2022-09-05 20:00:00
1662422400000,14.3,14.61,14.07,14.19,233480.41,2022-09-06 00:00:00
1662436800000,14.19,14.4,14.17,14.31,114818.46,2022-09-06 04:00:00
1662451200000,14.3,14.51,14.2,14.39,228065.67,2022-09-06 08:00:00
1662465600000,14.4,14.5,14.07,14.26,162677.15,2022-09-06 12:00:00
1662480000000,14.26,14.29,13.19,13.27,394359.29,2022-09-06 16:00:00
1662494400000,13.28,13.31,13.0,13.14,155473.42,2022-09-06 20:00:00
1662508800000,13.14,13.21,12.84,13.04,181474.47,2022-09-07 00:00:00
1662523200000,13.04,13.17,12.97,13.14,76429.79,2022-09-07 04:00:00
1662537600000,13.15,13.21,13.08,13.14,73240.68,2022-09-07 08:00:00
1662552000000,13.15,13.4,13.05,13.32,141669.18,2022-09-07 12:00:00
1662566400000,13.31,13.51,13.24,13.44,89481.77,2022-09-07 16:00:00
1662580800000,13.44,13.73,13.44,13.51,150858.81,2022-09-07 20:00:00
1662595200000,13.5,13.6,13.4,13.53,76542.59,2022-09-08 00:00:00
1662609600000,13.52,13.68,13.37,13.54,156960.68,2022-09-08 04:00:00
1662624000000,13.54,13.85,13.51,13.73,165966.28,2022-09-08 08:00:00
1662638400000,13.73,14.1,13.34,13.85,432971.0,2022-09-08 12:00:00
1662652800000,13.86,13.88,13.62,13.82,137980.64,2022-09-08 16:00:00
1662667200000,13.82,13.9,13.72,13.85,90510.49,2022-09-08 20:00:00
1662681600000,13.85,14.09,13.8,14.01,97856.92,2022-09-09 00:00:00
1662696000000,14.01,14.33,13.99,14.2,180414.68,2022-09-09 04:00:00
1662710400000,14.2,15.17,14.19,14.89,863302.41,2022-09-09 08:00:00
1662724800000,14.89,15.34,14.69,14.83,645164.07,2022-09-09 12:00:00
1662739200000,14.82,14.91,14.62,14.64,102929.01,2022-09-09 16:00:00
1662753600000,14.65,14.87,14.53,14.72,125878.57,2022-09-09 20:00:00
1662768000000,14.72,14.82,14.48,14.67,113843.62,2022-09-10 00:00:00
1662782400000,14.67,15.0,14.43,14.5,236658.99,2022-09-10 04:00:00
1662796800000,14.51,14.85,14.5,14.63,124748.97,2022-09-10 08:00:00
1662811200000,14.64,14.66,14.3,14.41,281758.56,2022-09-10 12:00:00
1662825600000,14.42,14.65,14.4,14.64,74436.62,2022-09-10 16:00:00
1662840000000,14.64,14.8,14.51,14.68,81426.41,2022-09-10 20:00:00
1662854400000,14.68,14.8,14.51,14.66,93037.01,2022-09-11 00:00:00
1662868800000,14.67,14.71,14.2,14.45,125204.58,2022-09-11 04:00:00
1662883200000,14.46,14.55,14.42,14.48,78847.28,2022-09-11 08:00:00
1662897600000,14.48,14.64,14.39,14.52,136662.07,2022-09-11 12:00:00
1662912000000,14.52,14.8,14.51,14.57,104246.22,2022-09-11 16:00:00
1662926400000,14.57,14.62,14.07,14.55,145148.79,2022-09-11 20:00:00
1662940800000,14.54,14.78,14.18,14.29,193140.38,2022-09-12 00:00:00
1662955200000,14.29,14.58,14.27,14.57,97337.58,2022-09-12 04:00:00
1662969600000,14.56,15.05,14.53,14.8,259192.66,2022-09-12 08:00:00
1662984000000,14.8,14.9,14.33,14.41,141715.06,2022-09-12 12:00:00
1662998400000,14.41,14.43,14.08,14.26,146722.25,2022-09-12 16:00:00
1663012800000,14.26,14.31,14.15,14.24,109846.97,2022-09-12 20:00:00
1663027200000,14.24,14.24,13.81,14.18,189008.92,2022-09-13 00:00:00
1663041600000,14.18,14.45,14.13,14.38,149047.92,2022-09-13 04:00:00
1663056000000,14.38,14.47,14.24,14.36,127264.87,2022-09-13 08:00:00
1663070400000,14.37,14.5,13.23,13.41,436120.75,2022-09-13 12:00:00
1663084800000,13.41,13.54,13.06,13.33,159353.76,2022-09-13 16:00:00
1663099200000,13.32,13.42,13.02,13.17,120046.11,2022-09-13 20:00:00
1663113600000,13.17,13.4,13.05,13.31,116536.78,2022-09-14 00:00:00
1663128000000,13.31,13.38,12.99,13.17,97868.98,2022-09-14 04:00:00
1663142400000,13.17,13.35,13.1,13.23,110252.63,2022-09-14 08:00:00
1663156800000,13.24,13.45,13.09,13.18,166946.1,2022-09-14 12:00:00
1663171200000,13.17,13.25,12.84,13.21,131055.25,2022-09-14 16:00:00
1663185600000,13.22,13.39,13.09,13.32,88661.9,2022-09-14 20:00:00
1663200000000,13.31,13.33,12.79,12.92,186425.14,2022-09-15 00:00:00
1663214400000,12.92,13.38,12.79,13.24,236848.74,2022-09-15 04:00:00
1663228800000,13.24,13.25,13.04,13.13,93688.85,2022-09-15 08:00:00
1663243200000,13.13,13.2,12.55,12.83,224509.36,2022-09-15 12:00:00
1663257600000,12.82,13.02,12.77,12.94,76340.59,2022-09-15 16:00:00
1663272000000,12.94,13.0,12.61,12.7,73906.0,2022-09-15 20:00:00
1663286400000,12.71,12.73,12.44,12.72,149723.79,2022-09-16 00:00:00
1663300800000,12.72,12.83,12.67,12.81,135105.43,2022-09-16 04:00:00
1663315200000,12.81,12.93,12.61,12.89,172322.73,2022-09-16 08:00:00
1663329600000,12.9,12.9,12.6,12.78,137799.44,2022-09-16 12:00:00
1663344000000,12.77,12.78,12.51,12.71,146211.28,2022-09-16 16:00:00
1663358400000,12.7,12.84,12.69,12.83,56240.05,2022-09-16 20:00:00
1663372800000,12.83,12.99,12.82,12.93,46949.61,2022-09-17 00:00:00
1663387200000,12.92,12.99,12.78,12.91,41184.57,2022-09-17 04:00:00
1663401600000,12.92,12.99,12.86,12.93,72451.71,2022-09-17 08:00:00
1663416000000,12.92,13.08,12.85,13.03,74840.63,2022-09-17 12:00:00
1663430400000,13.03,13.2,12.95,13.06,64486.82,2022-09-17 16:00:00
1663444800000,13.06,13.22,13.01,13.16,55928.23,2022-09-17 20:00:00
1663459200000,13.16,13.21,13.05,13.1,61391.38,2022-09-18 00:00:00
1663473600000,13.1,13.25,13.08,13.25,34497.58,2022-09-18 04:00:00
1663488000000,13.25,13.27,12.86,12.99,108626.39,2022-09-18 08:00:00
1663502400000,12.99,13.01,12.78,12.85,72080.5,2022-09-18 12:00:00
1663516800000,12.84,12.88,12.6,12.7,126217.11,2022-09-18 16:00:00
1663531200000,12.7,12.71,11.9,12.04,256370.45,2022-09-18 20:00:00
1663545600000,12.05,12.33,11.69,11.82,275835.72,2022-09-19 00:00:00
1663560000000,11.81,11.98,11.63,11.86,188243.77,2022-09-19 04:00:00
1663574400000,11.87,12.0,11.66,11.94,110341.96,2022-09-19 08:00:00
1663588800000,11.94,12.25,11.91,12.07,204271.14,2022-09-19 12:00:00
1663603200000,12.07,12.27,11.97,12.23,90775.63,2022-09-19 16:00:00
1663617600000,12.24,12.37,12.18,12.29,84221.56,2022-09-19 20:00:00
1663632000000,12.29,12.84,12.28,12.55,455104.71,2022-09-20 00:00:00
1663646400000,12.55,12.62,12.41,12.49,102685.77,2022-09-20 04:00:00
1663660800000,12.49,12.51,12.22,12.29,177738.98,2022-09-20 08:00:00
1663675200000,12.29,12.57,12.02,12.56,231865.85,2022-09-20 12:00:00
1663689600000,12.56,12.61,12.24,12.35,126120.06,2022-09-20 16:00:00
1663704000000,12.36,12.46,12.17,12.42,126641.76,2022-09-20 20:00:00
1663718400000,12.41,12.46,12.26,12.41,105964.84,2022-09-21 00:00:00
1663732800000,12.41,12.49,11.97,12.1,162311.69,2022-09-21 04:00:00
1663747200000,12.1,12.31,12.05,12.3,83330.97,2022-09-21 08:00:00
1663761600000,12.3,12.4,12.13,12.2,117728.05,2022-09-21 12:00:00
1663776000000,12.21,12.99,12.12,12.39,411427.67,2022-09-21 16:00:00
1663790400000,12.4,12.44,11.66,11.78,277617.47,2022-09-21 20:00:00
1663804800000,11.77,11.91,11.7,11.82,189919.69,2022-09-22 00:00:00
1663819200000,11.83,12.15,11.82,12.13,111871.19,2022-09-22 04:00:00
1663833600000,12.13,12.27,12.09,12.23,164334.28,2022-09-22 08:00:00
1663848000000,12.24,12.3,12.0,12.15,152887.67,2022-09-22 12:00:00
1663862400000,12.14,12.49,12.01,12.38,128938.31,2022-09-22 16:00:00
1663876800000,12.39,12.46,12.22,12.36,88067.35,2022-09-22 20:00:00
1663891200000,12.36,13.04,12.29,12.89,250633.75,2022-09-23 00:00:00
1663905600000,12.89,13.11,12.79,12.8,258576.06,2022-09-23 04:00:00
1663920000000,12.8,13.09,12.51,12.55,314981.09,2022-09-23 08:00:00
1663934400000,12.56,12.86,12.33,12.66,256170.85,2022-09-23 12:00:00
1663948800000,12.66,13.23,12.49,13.16,294311.89,2022-09-23 16:00:00
1663963200000,13.16,13.46,13.1,13.16,280297.41,2022-09-23 20:00:00
1663977600000,13.17,13.7,13.16,13.32,386132.88,2022-09-24 00:00:00
1663992000000,13.34,13.54,13.17,13.22,160232.78,2022-09-24 04:00:00
1664006400000,13.22,13.4,13.15,13.19,100242.7,2022-09-24 08:00:00
1664020800000,13.2,13.32,12.97,13.09,185980.42,2022-09-24 12:00:00
1664035200000,13.09,13.25,13.06,13.14,72909.33,2022-09-24 16:00:00
1664049600000,13.14,13.16,12.63,12.69,87464.74,2022-09-24 20:00:00
1664064000000,12.69,12.91,12.69,12.91,126621.98,2022-09-25 00:00:00
1664078400000,12.91,12.91,12.73,12.84,82493.78,2022-09-25 04:00:00
1664092800000,12.85,12.87,12.72,12.86,46844.23,2022-09-25 08:00:00
1664107200000,12.86,12.88,12.51,12.58,89747.86,2022-09-25 12:00:00
1664121600000,12.58,12.68,12.43,12.57,95104.25,2022-09-25 16:00:00
1664136000000,12.56,12.57,12.25,12.38,92204.7,2022-09-25 20:00:00
1664150400000,12.38,12.49,12.22,12.31,117271.55,2022-09-26 00:00:00
1664164800000,12.29,12.4,12.09,12.26,113403.97,2022-09-26 04:00:00
1664179200000,12.25,12.5,12.16,12.23,97397.31,2022-09-26 08:00:00
1664193600000,12.23,12.48,12.2,12.4,103509.96,2022-09-26 12:00:00
1664208000000,12.4,12.44,12.22,12.38,72284.04,2022-09-26 16:00:00
1664222400000,12.38,12.5,12.31,12.5,62252.62,2022-09-26 20:00:00
1664236800000,12.5,12.86,12.43,12.72,221084.68,2022-09-27 00:00:00
1664251200000,12.72,12.88,12.64,12.75,119008.95,2022-09-27 04:00:00
1664265600000,12.74,12.82,12.64,12.73,90339.82,2022-09-27 08:00:00
1664280000000,12.73,12.92,12.65,12.7,164903.88,2022-09-27 12:00:00
1664294400000,12.7,12.74,12.13,12.37,188649.43,2022-09-27 16:00:00
1664308800000,12.37,12.44,12.28,12.33,57586.95,2022-09-27 20:00:00
1664323200000,12.34,12.46,11.87,12.1,163972.24,2022-09-28 00:00:00
1664337600000,12.11,12.16,12.0,12.12,93620.88,2022-09-28 04:00:00
1664352000000,12.11,12.23,11.97,12.18,133349.44,2022-09-28 08:00:00
1664366400000,12.18,12.43,12.16,12.37,101869.94,2022-09-28 12:00:00
1664380800000,12.38,12.57,12.27,12.5,93772.75,2022-09-28 16:00:00
1664395200000,12.51,12.65,12.49,12.5,89966.8,2022-09-28 20:00:00
1664409600000,12.5,12.6,12.35,12.42,100441.62,2022-09-29 00:00:00
1664424000000,12.42,12.58,12.33,12.44,129250.65,2022-09-29 04:00:00
1664438400000,12.44,12.59,12.39,12.45,77883.66,2022-09-29 08:00:00
1664452800000,12.44,12.52,12.19,12.37,145734.49,2022-09-29 12:00:00
1664467200000,12.37,12.54,12.29,12.49,76983.92,2022-09-29 16:00:00
1664481600000,12.51,12.76,12.51,12.73,135613.93,2022-09-29 20:00:00
1664496000000,12.74,12.79,12.58,12.68,171764.52,2022-09-30 00:00:00
1664510400000,12.67,12.9,12.64,12.85,120160.24,2022-09-30 04:00:00
1664524800000,12.85,12.89,12.55,12.58,103234.16,2022-09-30 08:00:00
1664539200000,12.57,12.87,12.55,12.75,190227.05,2022-09-30 12:00:00
1664553600000,12.76,12.81,12.48,12.51,96007.53,2022-09-30 16:00:00
1664568000000,12.51,12.59,12.44,12.57,95751.32,2022-09-30 20:00:00
1664582400000,12.56,12.69,12.55,12.66,53229.78,2022-10-01 00:00:00
1664596800000,12.67,12.78,12.6,12.62,63210.92,2022-10-01 04:00:00
1664611200000,12.61,12.74,12.57,12.65,68363.92,2022-10-01 08:00:00
1664625600000,12.64,12.72,12.6,12.66,53525.72,2022-10-01 12:00:00
1664640000000,12.67,12.67,12.47,12.57,79043.36,2022-10-01 16:00:00
1664654400000,12.56,12.62,12.48,12.55,37559.63,2022-10-01 20:00:00
1664668800000,12.55,12.56,12.49,12.51,50661.69,2022-10-02 00:00:00
1664683200000,12.51,12.61,12.51,12.56,36979.03,2022-10-02 04:00:00
1664697600000,12.56,12.58,12.2,12.33,86036.06,2022-10-02 08:00:00
1664712000000,12.34,12.38,12.25,12.29,49402.85,2022-10-02 12:00:00
1664726400000,12.29,12.49,12.28,12.47,55033.82,2022-10-02 16:00:00
1664740800000,12.48,12.5,12.09,12.15,83153.57,2022-10-02 20:00:00
1664755200000,12.15,12.34,12.01,12.27,67603.35,2022-10-03 00:00:00
1664769600000,12.26,12.37,12.16,12.29,61899.86,2022-10-03 04:00:00
1664784000000,12.29,12.32,12.23,12.29,66650.14,2022-10-03 08:00:00
1664798400000,12.28,12.56,12.26,12.43,133899.99,2022-10-03 12:00:00
1664812800000,12.44,12.6,12.43,12.54,95854.41,2022-10-03 16:00:00
1664827200000,12.54,12.76,12.48,12.69,100466.18,2022-10-03 20:00:00
1664841600000,12.69,12.79,12.64,12.72,91223.75,2022-10-04 00:00:00
1664856000000,12.72,12.82,12.59,12.78,82673.42,2022-10-04 04:00:00
1664870400000,12.79,12.87,12.69,12.71,74521.24,2022-10-04 08:00:00
1664884800000,12.7,12.9,12.69,12.8,97886.66,2022-10-04 12:00:00
1664899200000,12.8,12.98,12.75,12.95,78380.21,2022-10-04 16:00:00
1664913600000,12.95,13.06,12.88,12.98,110923.82,2022-10-04 20:00:00
1664928000000,12.98,13.11,12.83,12.85,105669.56,2022-10-05 00:00:00
1664942400000,12.85,12.89,12.78,12.83,73283.72,2022-10-05 04:00:00
1664956800000,12.83,12.85,12.65,12.71,103339.82,2022-10-05 08:00:00
1664971200000,12.71,12.74,12.51,12.63,161921.0,2022-10-05 12:00:00
1664985600000,12.63,12.85,12.62,12.77,153604.41,2022-10-05 16:00:00
1665000000000,12.78,12.81,12.71,12.76,48416.34,2022-10-05 20:00:00
1665014400000,12.77,13.04,12.75,12.97,163374.78,2022-10-06 00:00:00
1665028800000,12.97,13.05,12.88,12.9,116487.03,2022-10-06 04:00:00
1665043200000,12.89,12.99,12.82,12.99,98136.71,2022-10-06 08:00:00
1665057600000,12.99,13.03,12.8,12.88,176681.79,2022-10-06 12:00:00
1665072000000,12.88,12.89,12.65,12.76,200445.93,2022-10-06 16:00:00
1665086400000,12.76,12.8,12.63,12.69,55214.99,2022-10-06 20:00:00
1665100800000,12.69,12.74,12.63,12.7,51243.42,2022-10-07 00:00:00
1665115200000,12.7,12.73,12.57,12.67,57161.99,2022-10-07 04:00:00
1665129600000,12.67,12.73,12.62,12.64,40822.8,2022-10-07 08:00:00
1665144000000,12.65,12.65,12.37,12.47,180932.02,2022-10-07 12:00:00
1665158400000,12.47,12.47,12.35,12.44,73982.33,2022-10-07 16:00:00
1665172800000,12.44,12.49,12.41,12.46,55163.47,2022-10-07 20:00:00
1665187200000,12.47,12.57,12.44,12.51,50907.62,2022-10-08 00:00:00
1665201600000,12.51,12.55,12.49,12.53,48643.44,2022-10-08 04:00:00
1665216000000,12.53,12.54,12.49,12.52,34956.49,2022-10-08 08:00:00
1665230400000,12.52,12.54,12.42,12.49,37973.57,2022-10-08 12:00:00
1665244800000,12.48,12.51,12.42,12.44,51852.57,2022-10-08 16:00:00
1665259200000,12.44,12.45,12.25,12.36,75920.88,2022-10-08 20:00:00
1665273600000,12.36,12.39,12.3,12.34,43422.08,2022-10-09 00:00:00
1665288000000,12.34,12.58,12.31,12.44,151689.0,2022-10-09 04:00:00
1665302400000,12.44,12.52,12.39,12.47,73123.9,2022-10-09 08:00:00
1665316800000,12.46,12.52,12.44,12.52,47952.18,2022-10-09 12:00:00
1665331200000,12.51,12.56,12.45,12.56,66650.15,2022-10-09 16:00:00
1665345600000,12.55,12.57,12.37,12.43,95369.35,2022-10-09 20:00:00
1665360000000,12.42,12.59,12.39,12.49,88561.75,2022-10-10 00:00:00
1665374400000,12.48,12.66,12.35,12.38,221554.17,2022-10-10 04:00:00
1665388800000,12.38,12.4,12.16,12.31,98628.93,2022-10-10 08:00:00
1665403200000,12.31,12.39,12.25,12.3,61140.55,2022-10-10 12:00:00
1665417600000,12.29,12.3,12.17,12.21,59793.55,2022-10-10 16:00:00
1665432000000,12.21,12.24,11.93,11.93,118903.03,2022-10-10 20:00:00
1665446400000,11.94,11.94,11.51,11.67,199727.7,2022-10-11 00:00:00
1665460800000,11.67,11.77,11.59,11.66,158679.71,2022-10-11 04:00:00
1665475200000,11.66,11.7,11.58,11.67,76035.34,2022-10-11 08:00:00
1665489600000,11.67,11.79,11.49,11.72,140341.2,2022-10-11 12:00:00
1665504000000,11.71,11.78,11.54,11.56,81004.78,2022-10-11 16:00:00
1665518400000,11.56,11.61,11.43,11.54,102260.87,2022-10-11 20:00:00
1665532800000,11.54,11.65,11.44,11.56,231694.66,2022-10-12 00:00:00
1665547200000,11.55,11.7,11.47,11.68,200687.5,2022-10-12 04:00:00
1665561600000,11.67,11.74,11.57,11.59,64914.93,2022-10-12 08:00:00
1665576000000,11.58,11.63,11.47,11.57,109194.3,2022-10-12 12:00:00
1665590400000,11.57,11.61,11.44,11.58,66020.01,2022-10-12 16:00:00
1665604800000,11.58,11.63,11.52,11.54,35928.16,2022-10-12 20:00:00
1665619200000,11.55,11.55,11.05,11.17,265872.57,2022-10-13 00:00:00
1665633600000,11.17,11.19,10.54,10.68,291306.6,2022-10-13 04:00:00
1665648000000,10.67,10.71,10.05,10.43,433535.98,2022-10-13 08:00:00
1665662400000,10.43,10.99,10.05,10.94,446778.98,2022-10-13 12:00:00
1665676800000,10.94,11.21,10.87,11.13,303671.33,2022-10-13 16:00:00
1665691200000,11.12,11.25,11.08,11.09,78706.73,2022-10-13 20:00:00
1665705600000,11.08,11.52,11.0,11.48,101587.12,2022-10-14 00:00:00
1665720000000,11.47,11.48,11.28,11.3,83648.68,2022-10-14 04:00:00
1665734400000,11.3,11.37,11.24,11.25,41626.2,2022-10-14 08:00:00
1665748800000,11.25,11.43,10.98,10.98,118867.9,2022-10-14 12:00:00
1665763200000,10.98,11.05,10.83,10.85,66151.37,2022-10-14 16:00:00
1665777600000,10.85,10.89,10.63,10.82,76788.88,2022-10-14 20:00:00
1665792000000,10.81,10.94,10.77,10.93,62739.15,2022-10-15 00:00:00
1665806400000,10.93,10.99,10.9,10.93,36741.3,2022-10-15 04:00:00
1665820800000,10.94,10.94,10.75,10.92,54649.8,2022-10-15 08:00:00
1665835200000,10.92,10.97,10.85,10.95,43181.59,2022-10-15 12:00:00
1665849600000,10.95,11.06,10.95,11.01,67120.5,2022-10-15 16:00:00
1665864000000,11.02,11.03,10.72,10.81,86378.28,2022-10-15 20:00:00
1665878400000,10.81,11.0,10.8,10.92,59144.63,2022-10-16 00:00:00
1665892800000,10.91,11.02,10.91,11.0,47360.2,2022-10-16 04:00:00
1665907200000,11.0,11.12,10.98,11.03,70561.64,2022-10-16 08:00:00
1665921600000,11.03,11.1,10.94,10.99,46577.11,2022-10-16 12:00:00
1665936000000,10.98,11.14,10.94,11.14,48887.66,2022-10-16 16:00:00
1665950400000,11.14,11.19,10.89,11.05,69635.36,2022-10-16 20:00:00
1665964800000,11.04,11.11,10.87,10.93,59024.1,2022-10-17 00:00:00
1665979200000,10.93,11.05,10.91,11.03,51136.75,2022-10-17 04:00:00
1665993600000,11.03,11.15,10.97,11.08,74139.76,2022-10-17 08:00:00
1666008000000,11.08,11.23,11.04,11.12,95258.55,2022-10-17 12:00:00
1666022400000,11.13,11.18,11.05,11.14,48024.4,2022-10-17 16:00:00
1666036800000,11.14,11.24,11.12,11.2,45525.96,2022-10-17 20:00:00
1666051200000,11.2,11.28,11.06,11.16,110837.7,2022-10-18 00:00:00
1666065600000,11.16,11.28,11.12,11.24,83871.88,2022-10-18 04:00:00
1666080000000,11.24,11.25,11.01,11.06,127836.64,2022-10-18 08:00:00
1666094400000,11.06,11.11,10.83,10.9,130819.7,2022-10-18 12:00:00
1666108800000,10.9,10.95,10.74,10.87,83980.87,2022-10-18 16:00:00
1666123200000,10.86,10.99,10.85,10.94,55793.21,2022-10-18 20:00:00
1666137600000,10.94,10.97,10.73,10.81,88985.81,2022-10-19 00:00:00
1666152000000,10.8,10.82,10.57,10.58,91468.31,2022-10-19 04:00:00
1666166400000,10.58,10.59,10.43,10.47,116108.31,2022-10-19 08:00:00
1666180800000,10.47,10.53,10.42,10.52,98113.61,2022-10-19 12:00:00
1666195200000,10.52,10.53,10.42,10.47,57072.71,2022-10-19 16:00:00
1666209600000,10.47,10.5,10.03,10.15,278805.94,2022-10-19 20:00:00
1666224000000,10.15,10.18,9.79,9.88,325271.55,2022-10-20 00:00:00
1666238400000,9.88,10.06,9.87,10.04,176666.53,2022-10-20 04:00:00
1666252800000,10.04,10.14,9.93,10.08,158025.58,2022-10-20 08:00:00
1666267200000,10.07,10.11,9.96,9.97,171820.53,2022-10-20 12:00:00
1666281600000,9.98,9.99,9.56,9.64,222640.04,2022-10-20 16:00:00
1666296000000,9.64,9.67,9.46,9.57,247966.73,2022-10-20 20:00:00
1666310400000,9.56,9.56,9.18,9.22,309209.39,2022-10-21 00:00:00
1666324800000,9.23,9.25,8.95,8.98,352271.37,2022-10-21 04:00:00
1666339200000,8.98,8.99,8.65,8.75,836537.77,2022-10-21 08:00:00
1666353600000,8.75,9.24,8.7,9.13,497129.87,2022-10-21 12:00:00
1666368000000,9.13,9.25,9.05,9.07,214611.89,2022-10-21 16:00:00
1666382400000,9.08,9.13,8.99,9.05,269162.81,2022-10-21 20:00:00
1666396800000,9.06,9.3,8.86,8.89,344724.16,2022-10-22 00:00:00
1666411200000,8.9,9.03,8.87,8.94,168730.65,2022-10-22 04:00:00
1666425600000,8.95,9.04,8.91,9.03,161881.78,2022-10-22 08:00:00
1666440000000,9.03,9.14,8.96,9.0,246296.01,2022-10-22 12:00:00
1666454400000,9.0,9.02,8.8,8.95,315988.54,2022-10-22 16:00:00
1666468800000,8.95,9.02,8.91,8.98,88671.06,2022-10-22 20:00:00
1666483200000,8.99,8.99,8.73,8.93,261317.47,2022-10-23 00:00:00
1666497600000,8.93,8.94,8.8,8.85,161559.37,2022-10-23 04:00:00
1666512000000,8.86,8.87,8.67,8.73,160900.15,2022-10-23 08:00:00
1666526400000,8.72,8.8,8.68,8.77,157298.58,2022-10-23 12:00:00
1666540800000,8.77,9.06,8.7,8.96,342722.94,2022-10-23 16:00:00
1666555200000,8.97,9.09,8.9,9.02,174479.66,2022-10-23 20:00:00
1666569600000,9.02,9.02,8.58,8.62,381973.23,2022-10-24 00:00:00
1666584000000,8.62,8.71,8.54,8.62,280040.41,2022-10-24 04:00:00
1666598400000,8.62,8.69,8.55,8.68,378049.6,2022-10-24 08:00:00
1666612800000,8.68,8.7,8.36,8.42,338221.51,2022-10-24 12:00:00
1666627200000,8.41,8.49,8.38,8.43,209250.63,2022-10-24 16:00:00
1666641600000,8.43,8.45,8.18,8.39,520578.13,2022-10-24 20:00:00
1666656000000,8.39,9.25,8.34,9.21,1286578.1,2022-10-25 00:00:00
1666670400000,9.21,9.4,9.04,9.08,597806.24,2022-10-25 04:00:00
1666684800000,9.08,9.09,8.81,8.98,348918.63,2022-10-25 08:00:00
1666699200000,8.97,9.09,8.91,9.02,525431.42,2022-10-25 12:00:00
1666713600000,9.03,9.24,8.94,9.11,459533.12,2022-10-25 16:00:00
1666728000000,9.11,9.12,8.94,9.02,244385.06,2022-10-25 20:00:00
1666742400000,9.02,9.15,8.96,9.1,207023.33,2022-10-26 00:00:00
1666756800000,9.1,9.48,9.09,9.28,392915.56,2022-10-26 04:00:00
1666771200000,9.28,9.39,9.16,9.17,339068.91,2022-10-26 08:00:00
1666785600000,9.16,9.25,9.04,9.17,286651.13,2022-10-26 12:00:00
1666800000000,9.18,9.22,9.02,9.14,124797.48,2022-10-26 16:00:00
1666814400000,9.14,9.2,9.09,9.14,157906.9,2022-10-26 20:00:00
1666828800000,9.13,9.4,9.1,9.36,348908.81,2022-10-27 00:00:00
1666843200000,9.37,9.66,9.28,9.37,525577.65,2022-10-27 04:00:00
1666857600000,9.36,9.41,9.15,9.26,243026.5,2022-10-27 08:00:00
1666872000000,9.25,9.33,9.12,9.21,206440.91,2022-10-27 12:00:00
1666886400000,9.2,9.32,9.15,9.3,98992.14,2022-10-27 16:00:00
1666900800000,9.3,9.32,8.96,9.02,277636.59,2022-10-27 20:00:00
1666915200000,9.01,9.16,8.87,8.99,299798.35,2022-10-28 00:00:00
1666929600000,8.98,9.04,8.7,8.79,213388.95,2022-10-28 04:00:00
1666944000000,8.79,8.9,8.75,8.83,176197.67,2022-10-28 08:00:00
1666958400000,8.83,9.03,8.75,8.96,215159.74,2022-10-28 12:00:00
1666972800000,8.96,9.14,8.94,9.14,271101.84,2022-10-28 16:00:00
1666987200000,9.14,9.24,9.07,9.11,162451.84,2022-10-28 20:00:00
1667001600000,9.12,9.34,9.11,9.29,189465.74,2022-10-29 00:00:00
1667016000000,9.29,9.34,9.21,9.33,184063.99,2022-10-29 04:00:00
1667030400000,9.32,9.48,9.15,9.22,239580.65,2022-10-29 08:00:00
1667044800000,9.22,9.29,9.13,9.25,147969.63,2022-10-29 12:00:00
1667059200000,9.26,9.55,9.22,9.3,326832.89,2022-10-29 16:00:00
1667073600000,9.31,9.38,9.18,9.32,104919.09,2022-10-29 20:00:00
1667088000000,9.32,9.4,9.21,9.39,138994.66,2022-10-30 00:00:00
1667102400000,9.39,10.06,9.33,9.99,602761.88,2022-10-30 04:00:00
1667116800000,9.99,10.33,9.66,9.82,470392.9,2022-10-30 08:00:00
1667131200000,9.82,9.82,9.38,9.4,243121.52,2022-10-30 12:00:00
1667145600000,9.39,9.45,9.24,9.3,146004.08,2022-10-30 16:00:00
1667160000000,9.31,9.41,9.05,9.25,206667.18,2022-10-30 20:00:00
1667174400000,9.26,9.29,9.04,9.23,184171.82,2022-10-31 00:00:00
1667188800000,9.22,9.26,9.01,9.17,115581.16,2022-10-31 04:00:00
1667203200000,9.17,9.33,9.04,9.25,163313.19,2022-10-31 08:00:00
1667217600000,9.24,9.32,8.98,9.09,220316.33,2022-10-31 12:00:00
1667232000000,9.08,9.17,9.03,9.1,108075.61,2022-10-31 16:00:00
1667246400000,9.1,9.24,9.08,9.22,78907.44,2022-10-31 20:00:00
1667260800000,9.21,9.26,9.12,9.2,94136.57,2022-11-01 00:00:00
1667275200000,9.19,9.24,9.13,9.19,112339.58,2022-11-01 04:00:00
1667289600000,9.19,9.33,9.11,9.17,191922.26,2022-11-01 08:00:00
1667304000000,9.16,9.2,9.02,9.11,111515.73,2022-11-01 12:00:00
1667318400000,9.11,9.15,9.02,9.06,68532.06,2022-11-01 16:00:00
1667332800000,9.05,9.18,9.03,9.11,71451.11,2022-11-01 20:00:00
1667347200000,9.12,9.15,8.98,9.13,106853.22,2022-11-02 00:00:00
1667361600000,9.12,9.17,8.8,8.89,136287.89,2022-11-02 04:00:00
1667376000000,8.9,9.01,8.66,8.8,157509.76,2022-11-02 08:00:00
1667390400000,8.8,8.82,8.67,8.74,125131.02,2022-11-02 12:00:00
1667404800000,8.75,8.99,8.6,8.66,352708.48,2022-11-02 16:00:00
1667419200000,8.65,8.69,8.45,8.66,158098.68,2022-11-02 20:00:00
1667433600000,8.66,8.9,8.59,8.85,201386.81,2022-11-03 00:00:00
1667448000000,8.87,9.08,8.85,8.86,244446.32,2022-11-03 04:00:00
1667462400000,8.86,8.96,8.7,8.77,138696.06,2022-11-03 08:00:00
1667476800000,8.77,8.93,8.69,8.86,236102.76,2022-11-03 12:00:00
1667491200000,8.85,8.97,8.84,8.91,89042.87,2022-11-03 16:00:00
1667505600000,8.92,8.93,8.71,8.77,124933.58,2022-11-03 20:00:00
1667520000000,8.78,9.14,8.69,9.09,187892.21,2022-11-04 00:00:00
1667534400000,9.09,9.2,9.0,9.2,187025.34,2022-11-04 04:00:00
1667548800000,9.19,9.23,9.02,9.04,197692.25,2022-11-04 08:00:00
1667563200000,9.05,9.42,8.97,9.15,335432.94,2022-11-04 12:00:00
1667577600000,9.16,9.37,9.11,9.37,160643.12,2022-11-04 16:00:00
1667592000000,9.38,10.06,9.33,9.68,455963.77,2022-11-04 20:00:00
1667606400000,9.69,11.79,9.69,11.38,2615015.33,2022-11-05 00:00:00
1667620800000,11.39,11.87,11.07,11.17,1417770.05,2022-11-05 04:00:00
1667635200000,11.18,11.27,10.71,10.81,654295.35,2022-11-05 08:00:00
1667649600000,10.8,11.1,10.52,10.65,696765.36,2022-11-05 12:00:00
1667664000000,10.65,10.76,10.43,10.51,410971.81,2022-11-05 16:00:00
1667678400000,10.52,10.67,10.22,10.62,338559.39,2022-11-05 20:00:00
1667692800000,10.63,10.87,10.35,10.59,553735.58,2022-11-06 00:00:00
1667707200000,10.6,10.63,10.42,10.44,141959.74,2022-11-06 04:00:00
1667721600000,10.43,10.58,10.38,10.42,160591.84,2022-11-06 08:00:00
1667736000000,10.42,10.5,10.3,10.47,189558.91,2022-11-06 12:00:00
1667750400000,10.47,10.47,10.11,10.19,238796.96,2022-11-06 16:00:00
1667764800000,10.19,10.26,9.72,9.83,278723.86,2022-11-06 20:00:00
1667779200000,9.82,10.35,9.81,10.06,380215.34,2022-11-07 00:00:00
1667793600000,10.05,10.06,9.53,9.56,490511.87,2022-11-07 04:00:00
1667808000000,9.55,9.89,9.52,9.79,143843.58,2022-11-07 08:00:00
1667822400000,9.78,9.89,9.65,9.89,131316.49,2022-11-07 12:00:00
1667836800000,9.89,10.03,9.78,9.98,149758.48,2022-11-07 16:00:00
1667851200000,9.98,10.02,9.5,9.79,156693.47,2022-11-07 20:00:00
1667865600000,9.78,10.3,9.24,9.3,749275.8,2022-11-08 00:00:00
1667880000000,9.29,9.42,8.77,9.28,772520.74,2022-11-08 04:00:00
1667894400000,9.27,9.27,9.0,9.09,463616.65,2022-11-08 08:00:00
1667908800000,9.09,9.2,8.95,9.18,223470.18,2022-11-08 12:00:00
1667923200000,9.17,9.76,6.19,7.51,1629930.54,2022-11-08 16:00:00
1667937600000,7.52,8.08,7.31,7.98,733611.02,2022-11-08 20:00:00
1667952000000,7.98,8.03,7.49,7.69,553706.6,2022-11-09 00:00:00
1667966400000,7.69,7.84,7.49,7.65,456130.17,2022-11-09 04:00:00
1667980800000,7.65,7.69,6.87,7.36,741109.5,2022-11-09 08:00:00
1667995200000,7.34,7.48,6.95,7.01,466648.54,2022-11-09 12:00:00
1668009600000,7.01,7.13,6.5,6.82,555467.22,2022-11-09 16:00:00
1668024000000,6.82,6.94,5.74,6.03,777857.23,2022-11-09 20:00:00
1668038400000,6.02,7.06,5.92,6.86,837717.4,2022-11-10 00:00:00
1668052800000,6.86,7.31,6.75,7.03,769362.34,2022-11-10 04:00:00
1668067200000,7.03,7.07,6.61,6.75,630710.44,2022-11-10 08:00:00
1668081600000,6.75,7.6,6.74,7.4,839450.58,2022-11-10 12:00:00
1668096000000,7.4,7.51,7.02,7.29,321348.99,2022-11-10 16:00:00
1668110400000,7.28,7.64,7.2,7.35,288603.02,2022-11-10 20:00:00
1668124800000,7.35,7.43,6.91,6.98,440428.53,2022-11-11 00:00:00
1668139200000,6.97,7.23,6.94,7.18,255783.6,2022-11-11 04:00:00
1668153600000,7.19,7.25,7.13,7.17,158985.4,2022-11-11 08:00:00
1668168000000,7.16,7.28,6.57,6.83,515969.97,2022-11-11 12:00:00
1668182400000,6.83,7.06,6.66,6.86,551974.8,2022-11-11 16:00:00
1668196800000,6.86,7.02,6.71,6.99,320851.68,2022-11-11 20:00:00
1668211200000,6.99,7.03,6.78,6.84,134522.37,2022-11-12 00:00:00
1668225600000,6.85,6.89,6.47,6.71,279839.07,2022-11-12 04:00:00
1668240000000,6.71,6.74,6.59,6.65,131682.75,2022-11-12 08:00:00
1668254400000,6.65,6.67,6.46,6.6,195445.47,2022-11-12 12:00:00
1668268800000,6.61,6.62,6.52,6.55,69640.56,2022-11-12 16:00:00
1668283200000,6.55,6.57,6.44,6.52,171692.6,2022-11-12 20:00:00
1668297600000,6.52,6.8,6.47,6.73,259370.47,2022-11-13 00:00:00
1668312000000,6.73,6.76,6.35,6.45,208062.62,2022-11-13 04:00:00
1668326400000,6.44,6.45,6.21,6.4,232901.41,2022-11-13 08:00:00
1668340800000,6.4,19.12,6.33,7.73,7532858.31,2022-11-13 12:00:00
1668355200000,7.73,9.3,3.99,7.2,5474060.13,2022-11-13 16:00:00
1668369600000,7.2,7.28,6.89,7.03,899104.45,2022-11-13 20:00:00
1668384000000,7.02,7.64,6.83,7.34,2271511.61,2022-11-14 00:00:00
1668398400000,7.34,7.47,7.09,7.33,906575.79,2022-11-14 04:00:00
1668412800000,7.33,7.4,7.17,7.33,614123.95,2022-11-14 08:00:00
1668427200000,7.32,7.49,6.98,7.07,907605.18,2022-11-14 12:00:00
1668441600000,7.08,7.1,6.88,6.97,478473.66,2022-11-14 16:00:00
1668456000000,6.97,7.31,6.96,7.27,312806.54,2022-11-14 20:00:00
1668470400000,7.28,7.37,7.15,7.25,432191.59,2022-11-15 00:00:00
1668484800000,7.26,7.34,7.2,7.32,183505.48,2022-11-15 04:00:00
1668499200000,7.31,7.39,7.24,7.29,189702.44,2022-11-15 08:00:00
1668513600000,7.28,7.44,7.26,7.34,259868.64,2022-11-15 12:00:00
1668528000000,7.35,7.37,6.91,7.12,454655.13,2022-11-15 16:00:00
1668542400000,7.13,7.27,7.12,7.21,267351.02,2022-11-15 20:00:00
1668556800000,7.2,7.27,7.03,7.24,293024.53,2022-11-16 00:00:00
1668571200000,7.24,7.35,7.17,7.22,167272.41,2022-11-16 04:00:00
1668585600000,7.22,7.25,7.08,7.11,139823.27,2022-11-16 08:00:00
1668600000000,7.11,7.14,6.91,6.95,227255.08,2022-11-16 12:00:00
1668614400000,6.95,7.1,6.85,7.06,167367.65,2022-11-16 16:00:00
1668628800000,7.05,7.14,6.99,7.07,124954.53,2022-11-16 20:00:00
1668643200000,7.07,7.29,7.02,7.07,260580.33,2022-11-17 00:00:00
1668657600000,7.07,7.14,6.92,7.1,157119.72,2022-11-17 04:00:00
1668672000000,7.1,7.14,6.99,7.11,158135.38,2022-11-17 08:00:00
1668686400000,7.12,7.16,6.94,7.04,234968.49,2022-11-17 12:00:00
1668700800000,7.03,7.27,7.02,7.22,213974.55,2022-11-17 16:00:00
1668715200000,7.22,7.27,7.1,7.18,192802.74,2022-11-17 20:00:00
1668729600000,7.19,7.3,7.16,7.23,214529.64,2022-11-18 00:00:00
1668744000000,7.22,7.25,7.15,7.21,132207.99,2022-11-18 04:00:00
1668758400000,7.2,7.27,7.15,7.24,105652.21,2022-11-18 08:00:00
1668772800000,7.23,7.26,7.12,7.16,155130.55,2022-11-18 12:00:00
1668787200000,7.17,7.18,7.01,7.06,133432.65,2022-11-18 16:00:00
1668801600000,7.06,7.22,7.05,7.2,76151.6,2022-11-18 20:00:00
1668816000000,7.19,7.2,7.02,7.08,82476.58,2022-11-19 00:00:00
1668830400000,7.08,7.09,6.92,7.0,120173.31,2022-11-19 04:00:00
1668844800000,7.0,7.05,6.99,7.03,39427.26,2022-11-19 08:00:00
1668859200000,7.03,7.17,7.01,7.14,90305.09,2022-11-19 12:00:00
1668873600000,7.13,7.15,7.08,7.08,79702.54,2022-11-19 16:00:00
1668888000000,7.08,7.19,7.08,7.14,50891.59,2022-11-19 20:00:00
1668902400000,7.15,7.18,7.05,7.11,108280.13,2022-11-20 00:00:00
1668916800000,7.12,7.19,7.11,7.13,90060.49,2022-11-20 04:00:00
1668931200000,7.13,7.14,6.84,6.88,177733.62,2022-11-20 08:00:00
1668945600000,6.87,6.93,6.8,6.87,203836.79,2022-11-20 12:00:00
1668960000000,6.88,6.88,6.77,6.85,107687.45,2022-11-20 16:00:00
1668974400000,6.85,6.85,6.53,6.56,170620.54,2022-11-20 20:00:00
1668988800000,6.57,6.57,6.24,6.32,449868.45,2022-11-21 00:00:00
1669003200000,6.31,6.42,6.3,6.32,208137.62,2022-11-21 04:00:00
1669017600000,6.33,6.39,6.27,6.35,167664.86,2022-11-21 08:00:00
1669032000000,6.35,6.46,6.31,6.37,156154.76,2022-11-21 12:00:00
1669046400000,6.37,6.38,6.08,6.17,269657.44,2022-11-21 16:00:00
1669060800000,6.17,6.34,6.17,6.27,203393.35,2022-11-21 20:00:00
1669075200000,6.28,6.6,6.26,6.36,443990.59,2022-11-22 00:00:00
1669089600000,6.36,6.37,6.14,6.21,139263.0,2022-11-22 04:00:00
1669104000000,6.21,6.23,6.11,6.2,145071.4,2022-11-22 08:00:00
1669118400000,6.19,6.54,6.16,6.51,281802.58,2022-11-22 12:00:00
1669132800000,6.52,7.06,6.48,6.95,539836.47,2022-11-22 16:00:00
1669147200000,6.95,7.01,6.79,6.85,441549.53,2022-11-22 20:00:00
1669161600000,6.85,6.92,6.71,6.9,237304.63,2022-11-23 00:00:00
1669176000000,6.9,6.98,6.85,6.92,129608.41,2022-11-23 04:00:00
1669190400000,6.93,6.97,6.84,6.91,205980.28,2022-11-23 08:00:00
1669204800000,6.91,6.92,6.71,6.76,199753.22,2022-11-23 12:00:00
1669219200000,6.77,6.93,6.72,6.86,158377.92,2022-11-23 16:00:00
1669233600000,6.86,6.99,6.82,6.95,131035.55,2022-11-23 20:00:00
1669248000000,6.95,6.97,6.79,6.92,156221.91,2022-11-24 00:00:00
1669262400000,6.92,6.94,6.83,6.84,73798.29,2022-11-24 04:00:00
1669276800000,6.84,6.85,6.61,6.7,169025.88,2022-11-24 08:00:00
1669291200000,6.69,6.74,6.65,6.73,105314.43,2022-11-24 12:00:00
1669305600000,6.72,6.77,6.7,6.73,89300.65,2022-11-24 16:00:00
1669320000000,6.74,6.82,6.69,6.78,75727.98,2022-11-24 20:00:00
1669334400000,6.77,6.78,6.55,6.6,134303.75,2022-11-25 00:00:00
1669348800000,6.6,6.64,6.54,6.63,98712.75,2022-11-25 04:00:00
1669363200000,6.63,6.72,6.58,6.65,81698.28,2022-11-25 08:00:00
1669377600000,6.65,6.74,6.59,6.63,103441.2,2022-11-25 12:00:00
1669392000000,6.63,6.7,6.6,6.68,48804.63,2022-11-25 16:00:00
1669406400000,6.67,6.72,6.64,6.65,31841.65,2022-11-25 20:00:00
1669420800000,6.65,6.82,6.64,6.72,304732.76,2022-11-26 00:00:00
1669435200000,6.72,6.73,6.64,6.68,99582.39,2022-11-26 04:00:00
1669449600000,6.68,6.74,6.65,6.74,91720.33,2022-11-26 08:00:00
1669464000000,6.74,6.77,6.55,6.66,132257.76,2022-11-26 12:00:00
1669478400000,6.66,6.73,6.6,6.64,279704.92,2022-11-26 16:00:00
1669492800000,6.64,6.66,6.58,6.65,41334.64,2022-11-26 20:00:00
1669507200000,6.65,6.68,6.58,6.67,104562.18,2022-11-27 00:00:00
1669521600000,6.67,6.7,6.65,6.67,64464.94,2022-11-27 04:00:00
1669536000000,6.67,6.97,6.67,6.78,342908.29,2022-11-27 08:00:00
1669550400000,6.77,6.9,6.77,6.88,327753.23,2022-11-27 12:00:00
1669564800000,6.88,6.93,6.81,6.85,134582.89,2022-11-27 16:00:00
1669579200000,6.84,6.88,6.61,6.67,237201.24,2022-11-27 20:00:00
1669593600000,6.67,6.86,6.37,6.5,504486.12,2022-11-28 00:00:00
1669608000000,6.49,6.56,6.45,6.52,163984.76,2022-11-28 04:00:00
1669622400000,6.52,6.56,6.47,6.51,103682.73,2022-11-28 08:00:00
1669636800000,6.51,6.56,6.43,6.44,124396.98,2022-11-28 12:00:00
1669651200000,6.45,6.6,6.39,6.55,136905.01,2022-11-28 16:00:00
1669665600000,6.54,6.59,6.54,6.57,80827.52,2022-11-28 20:00:00
1669680000000,6.56,6.64,6.47,6.6,134564.09,2022-11-29 00:00:00
1669694400000,6.6,6.77,6.6,6.74,165560.6,2022-11-29 04:00:00
1669708800000,6.74,6.91,6.72,6.87,233269.85,2022-11-29 08:00:00
1669723200000,6.88,6.9,6.68,6.71,145098.57,2022-11-29 12:00:00
1669737600000,6.71,6.73,6.62,6.71,83306.1,2022-11-29 16:00:00
1669752000000,6.72,6.81,6.71,6.77,79020.96,2022-11-29 20:00:00
1669766400000,6.77,7.05,6.76,6.81,261868.7,2022-11-30 00:00:00
1669780800000,6.81,6.88,6.8,6.86,89995.73,2022-11-30 04:00:00
1669795200000,6.85,7.07,6.78,6.98,280091.66,2022-11-30 08:00:00
1669809600000,6.97,6.98,6.8,6.9,158628.15,2022-11-30 12:00:00
1669824000000,6.91,7.1,6.68,6.91,605300.6,2022-11-30 16:00:00
1669838400000,6.92,7.05,6.91,7.02,93093.88,2022-11-30 20:00:00
1669852800000,7.01,7.04,6.87,6.93,114883.99,2022-12-01 00:00:00
1669867200000,6.93,6.97,6.84,6.88,96306.63,2022-12-01 04:00:00
1669881600000,6.88,6.92,6.83,6.88,132026.86,2022-12-01 08:00:00
1669896000000,6.87,7.0,6.79,6.88,222096.84,2022-12-01 12:00:00
1669910400000,6.88,6.9,6.8,6.81,119668.12,2022-12-01 16:00:00
1669924800000,6.81,6.86,6.77,6.84,52632.4,2022-12-01 20:00:00
1669939200000,6.84,6.97,6.75,6.8,154465.6,2022-12-02 00:00:00
1669953600000,6.8,6.87,6.74,6.86,88604.17,2022-12-02 04:00:00
1669968000000,6.86,6.92,6.84,6.9,82367.23,2022-12-02 08:00:00
1669982400000,6.89,6.97,6.8,6.96,154684.27,2022-12-02 12:00:00
1669996800000,6.96,7.07,6.9,6.97,169561.57,2022-12-02 16:00:00
1670011200000,6.97,7.05,6.95,7.04,113765.96,2022-12-02 20:00:00
1670025600000,7.04,7.09,6.89,6.91,472955.77,2022-12-03 00:00:00
1670040000000,6.9,6.93,6.85,6.89,64519.86,2022-12-03 04:00:00
1670054400000,6.89,6.95,6.87,6.94,79726.32,2022-12-03 08:00:00
1670068800000,6.95,6.96,6.89,6.93,77116.09,2022-12-03 12:00:00
1670083200000,6.94,6.94,6.79,6.83,70099.7,2022-12-03 16:00:00
1670097600000,6.82,6.84,6.67,6.73,167025.21,2022-12-03 20:00:00
1670112000000,6.72,6.83,6.72,6.81,47309.33,2022-12-04 00:00:00
1670126400000,6.81,6.94,6.75,6.76,214537.65,2022-12-04 04:00:00
1670140800000,6.76,6.8,6.72,6.75,109116.56,2022-12-04 08:00:00
1670155200000,6.75,6.85,6.74,6.81,136608.36,2022-12-04 12:00:00
1670169600000,6.82,6.85,6.78,6.84,122750.81,2022-12-04 16:00:00
1670184000000,6.84,6.91,6.83,6.88,69768.18,2022-12-04 20:00:00
1670198400000,6.88,7.14,6.87,7.06,382770.31,2022-12-05 00:00:00
1670212800000,7.07,8.0,7.05,7.81,1446598.4,2022-12-05 04:00:00
1670227200000,7.81,8.84,7.79,8.14,3083573.27,2022-12-05 08:00:00
1670241600000,8.14,8.67,8.06,8.27,1377773.1,2022-12-05 12:00:00
1670256000000,8.26,10.4,8.22,8.62,3393273.76,2022-12-05 16:00:00
1670270400000,8.63,8.9,8.54,8.79,1361741.93,2022-12-05 20:00:00
1670284800000,8.8,8.91,8.26,8.44,1440270.31,2022-12-06 00:00:00
1670299200000,8.43,8.99,8.36,8.72,1693955.8,2022-12-06 04:00:00
1670313600000,8.71,8.87,8.57,8.8,1004303.06,2022-12-06 08:00:00
1670328000000,8.79,10.19,8.79,9.03,3221330.94,2022-12-06 12:00:00
1670342400000,9.03,9.27,8.89,9.01,934354.05,2022-12-06 16:00:00
1670356800000,9.01,9.28,8.72,8.76,715478.78,2022-12-06 20:00:00
1670371200000,8.76,9.2,8.7,8.92,1127688.98,2022-12-07 00:00:00
1670385600000,8.93,9.09,8.16,8.35,996677.49,2022-12-07 04:00:00
1670400000000,8.36,8.87,8.26,8.61,990065.2,2022-12-07 08:00:00
1670414400000,8.61,8.76,8.53,8.61,613178.15,2022-12-07 12:00:00
1670428800000,8.62,8.77,8.54,8.56,381325.22,2022-12-07 16:00:00
1670443200000,8.56,8.59,8.38,8.45,240946.86,2022-12-07 20:00:00
1670457600000,8.45,8.48,8.05,8.16,722753.83,2022-12-08 00:00:00
1670472000000,8.17,8.46,8.09,8.38,421379.01,2022-12-08 04:00:00
1670486400000,8.37,8.4,7.93,8.06,511766.06,2022-12-08 08:00:00
1670500800000,8.07,8.18,7.95,7.96,334750.56,2022-12-08 12:00:00
1670515200000,7.97,8.2,7.95,8.2,311402.52,2022-12-08 16:00:00
1670529600000,8.19,8.3,8.13,8.27,320917.97,2022-12-08 20:00:00
1670544000000,8.27,8.31,8.08,8.16,207015.28,2022-12-09 00:00:00
1670558400000,8.16,8.17,8.05,8.11,144119.92,2022-12-09 04:00:00
1670572800000,8.11,8.12,8.01,8.08,177802.64,2022-12-09 08:00:00
1670587200000,8.08,8.15,7.87,8.03,254584.99,2022-12-09 12:00:00
1670601600000,8.02,8.04,7.92,8.02,115514.94,2022-12-09 16:00:00
1670616000000,8.02,8.09,7.97,8.01,223776.5,2022-12-09 20:00:00
1670630400000,8.02,8.02,7.86,7.93,155665.72,2022-12-10 00:00:00
1670644800000,7.92,8.57,7.89,8.34,802032.19,2022-12-10 04:00:00
1670659200000,8.34,8.7,8.31,8.42,957269.34,2022-12-10 08:00:00
1670673600000,8.42,8.52,8.36,8.46,278477.33,2022-12-10 12:00:00
1670688000000,8.46,8.51,8.37,8.43,191125.13,2022-12-10 16:00:00
1670702400000,8.43,8.46,8.26,8.29,183735.38,2022-12-10 20:00:00
1670716800000,8.29,8.35,8.19,8.28,240872.25,2022-12-11 00:00:00
1670731200000,8.28,8.28,8.19,8.23,152420.47,2022-12-11 04:00:00
1670745600000,8.23,8.25,8.19,8.2,151072.87,2022-12-11 08:00:00
1670760000000,8.19,8.2,8.09,8.12,181750.04,2022-12-11 12:00:00
1670774400000,8.12,8.21,8.03,8.11,161063.14,2022-12-11 16:00:00
1670788800000,8.1,8.1,7.91,8.05,366377.59,2022-12-11 20:00:00
1670803200000,8.04,8.06,7.53,7.66,754626.44,2022-12-12 00:00:00
1670817600000,7.65,7.7,7.61,7.68,147720.21,2022-12-12 04:00:00
1670832000000,7.68,7.73,7.64,7.68,101418.47,2022-12-12 08:00:00
1670846400000,7.67,7.68,7.55,7.59,196113.54,2022-12-12 12:00:00
1670860800000,7.59,7.69,7.58,7.68,150661.47,2022-12-12 16:00:00
1670875200000,7.69,7.75,7.65,7.72,113201.15,2022-12-12 20:00:00
1670889600000,7.72,7.74,7.43,7.5,294415.6,2022-12-13 00:00:00
1670904000000,7.49,7.52,7.24,7.37,252735.31,2022-12-13 04:00:00
1670918400000,7.37,7.64,7.35,7.63,278068.69,2022-12-13 08:00:00
1670932800000,7.63,7.83,7.55,7.63,470891.96,2022-12-13 12:00:00
1670947200000,7.62,7.66,7.48,7.6,130243.08,2022-12-13 16:00:00
1670961600000,7.6,7.71,7.58,7.7,94543.38,2022-12-13 20:00:00
1670976000000,7.7,7.72,7.59,7.64,122379.57,2022-12-14 00:00:00
1670990400000,7.64,8.17,7.62,8.03,604695.38,2022-12-14 04:00:00
1671004800000,8.04,8.05,7.86,7.9,248318.78,2022-12-14 08:00:00
1671019200000,7.9,7.98,7.76,7.9,231875.25,2022-12-14 12:00:00
1671033600000,7.89,7.99,7.48,7.64,507831.8,2022-12-14 16:00:00
1671048000000,7.64,7.74,7.59,7.74,142461.42,2022-12-14 20:00:00
1671062400000,7.74,7.78,7.53,7.61,292028.99,2022-12-15 00:00:00
1671076800000,7.62,7.66,7.58,7.61,118743.05,2022-12-15 04:00:00
1671091200000,7.61,7.65,7.57,7.63,112363.3,2022-12-15 08:00:00
1671105600000,7.62,7.64,7.54,7.57,134553.83,2022-12-15 12:00:00
1671120000000,7.57,7.59,7.45,7.55,134777.62,2022-12-15 16:00:00
1671134400000,7.55,7.56,7.45,7.48,95816.92,2022-12-15 20:00:00
1671148800000,7.48,7.63,7.47,7.62,117326.96,2022-12-16 00:00:00
1671163200000,7.62,7.64,7.54,7.62,70089.58,2022-12-16 04:00:00
1671177600000,7.62,7.63,7.13,7.23,406872.58,2022-12-16 08:00:00
1671192000000,7.23,7.24,7.1,7.2,145662.36,2022-12-16 12:00:00
1671206400000,7.2,7.29,7.05,7.27,163059.66,2022-12-16 16:00:00
1671220800000,7.28,7.32,6.52,6.66,510373.59,2022-12-16 20:00:00
1671235200000,6.66,6.76,6.53,6.68,488702.06,2022-12-17 00:00:00
1671249600000,6.68,6.87,6.67,6.84,288890.77,2022-12-17 04:00:00
1671264000000,6.84,6.86,6.77,6.8,91610.01,2022-12-17 08:00:00
1671278400000,6.8,6.83,6.75,6.81,108079.85,2022-12-17 12:00:00
1671292800000,6.81,6.94,6.78,6.83,132187.89,2022-12-17 16:00:00
1671307200000,6.83,7.0,6.82,6.95,113677.61,2022-12-17 20:00:00
1671321600000,6.94,6.95,6.8,6.86,80274.03,2022-12-18 00:00:00
1671336000000,6.86,6.92,6.84,6.85,62838.57,2022-12-18 04:00:00
1671350400000,6.85,6.86,6.76,6.81,90576.89,2022-12-18 08:00:00
1671364800000,6.81,6.86,6.77,6.77,47587.32,2022-12-18 12:00:00
1671379200000,6.78,6.88,6.77,6.85,42053.67,2022-12-18 16:00:00
1671393600000,6.85,6.91,6.82,6.84,102428.82,2022-12-18 20:00:00
1671408000000,6.85,6.93,6.69,6.75,150657.81,2022-12-19 00:00:00
1671422400000,6.75,6.83,6.75,6.82,79537.05,2022-12-19 04:00:00
1671436800000,6.82,7.15,6.82,6.94,293121.28,2022-12-19 08:00:00
1671451200000,6.95,7.03,6.9,7.01,133100.1,2022-12-19 12:00:00
1671465600000,7.01,7.01,6.81,6.93,249416.74,2022-12-19 16:00:00
1671480000000,6.93,6.95,6.35,6.55,462941.38,2022-12-19 20:00:00
1671494400000,6.54,6.82,6.53,6.75,542724.5,2022-12-20 00:00:00
1671508800000,6.75,6.89,6.75,6.87,148250.03,2022-12-20 04:00:00
1671523200000,6.87,6.92,6.84,6.87,105023.76,2022-12-20 08:00:00
1671537600000,6.87,7.01,6.83,6.92,167835.62,2022-12-20 12:00:00
1671552000000,6.93,6.99,6.87,6.97,117387.84,2022-12-20 16:00:00
1671566400000,6.98,7.01,6.94,6.96,57767.96,2022-12-20 20:00:00
1671580800000,6.96,6.99,6.78,6.83,167316.94,2022-12-21 00:00:00
1671595200000,6.82,6.86,6.76,6.85,88896.75,2022-12-21 04:00:00
1671609600000,6.84,6.94,6.79,6.89,126116.51,2022-12-21 08:00:00
1671624000000,6.88,6.89,6.77,6.85,138909.33,2022-12-21 12:00:00
1671638400000,6.85,6.85,6.74,6.76,57158.28,2022-12-21 16:00:00
1671652800000,6.76,6.84,6.73,6.84,59405.56,2022-12-21 20:00:00
1671667200000,6.84,6.88,6.79,6.86,83690.72,2022-12-22 00:00:00
1671681600000,6.85,6.87,6.68,6.73,113808.14,2022-12-22 04:00:00
1671696000000,6.73,7.25,6.73,7.01,919195.02,2022-12-22 08:00:00
1671710400000,7.01,7.08,6.85,6.91,310124.16,2022-12-22 12:00:00
1671724800000,6.9,6.98,6.88,6.97,111297.32,2022-12-22 16:00:00
1671739200000,6.97,7.11,6.97,7.05,108349.87,2022-12-22 20:00:00
1671753600000,7.05,7.19,6.97,7.05,253843.46,2022-12-23 00:00:00
1671768000000,7.05,7.07,6.97,7.01,149998.05,2022-12-23 04:00:00
1671782400000,7.0,7.06,6.95,7.06,195530.01,2022-12-23 08:00:00
1671796800000,7.06,7.1,6.97,7.04,172471.44,2022-12-23 12:00:00
1671811200000,7.03,7.12,7.02,7.07,68268.62,2022-12-23 16:00:00
1671825600000,7.07,7.1,7.04,7.08,72441.94,2022-12-23 20:00:00
1671840000000,7.09,7.15,7.02,7.09,121943.0,2022-12-24 00:00:00
1671854400000,7.09,7.11,7.02,7.05,94756.49,2022-12-24 04:00:00
1671868800000,7.05,7.07,6.95,6.99,117016.02,2022-12-24 08:00:00
1671883200000,6.98,7.01,6.97,6.99,53737.35,2022-12-24 12:00:00
1671897600000,6.99,7.02,6.97,7.0,46243.63,2022-12-24 16:00:00
1671912000000,7.0,7.01,6.96,6.99,42051.6,2022-12-24 20:00:00
1671926400000,6.99,7.05,6.95,7.0,86056.48,2022-12-25 00:00:00
1671940800000,7.0,7.03,6.96,6.96,28892.11,2022-12-25 04:00:00
1671955200000,6.96,6.97,6.87,6.9,56744.87,2022-12-25 08:00:00
1671969600000,6.89,6.91,6.76,6.83,122232.91,2022-12-25 12:00:00
1671984000000,6.83,6.86,6.79,6.85,68918.36,2022-12-25 16:00:00
1671998400000,6.85,6.91,6.83,6.9,46233.2,2022-12-25 20:00:00
1672012800000,6.9,6.98,6.87,6.95,871192.17,2022-12-26 00:00:00
1672027200000,6.95,6.96,6.82,6.83,50022.13,2022-12-26 04:00:00
1672041600000,6.83,6.88,6.76,6.86,107862.03,2022-12-26 08:00:00
1672056000000,6.87,6.87,6.76,6.77,84543.32,2022-12-26 12:00:00
1672070400000,6.77,6.81,6.76,6.8,62862.55,2022-12-26 16:00:00
1672084800000,6.8,6.92,6.79,6.89,85088.44,2022-12-26 20:00:00
1672099200000,6.89,6.93,6.81,6.84,78368.25,2022-12-27 00:00:00
1672113600000,6.84,6.85,6.79,6.79,61096.4,2022-12-27 04:00:00
1672128000000,6.79,6.82,6.73,6.75,152649.1,2022-12-27 08:00:00
1672142400000,6.75,6.77,6.61,6.69,163515.46,2022-12-27 12:00:00
1672156800000,6.69,6.7,6.57,6.65,134477.9,2022-12-27 16:00:00
1672171200000,6.65,6.73,6.63,6.71,65162.23,2022-12-27 20:00:00
1672185600000,6.71,6.74,6.38,6.47,262425.94,2022-12-28 00:00:00
1672200000000,6.47,6.49,6.18,6.32,370401.91,2022-12-28 04:00:00
1672214400000,6.32,6.34,6.28,6.3,152172.79,2022-12-28 08:00:00
1672228800000,6.29,6.44,6.29,6.31,265136.81,2022-12-28 12:00:00
1672243200000,6.32,6.39,6.29,6.3,152935.54,2022-12-28 16:00:00
1672257600000,6.3,6.35,6.22,6.29,185298.46,2022-12-28 20:00:00
1672272000000,6.29,6.34,6.1,6.22,276176.86,2022-12-29 00:00:00
1672286400000,6.22,6.27,6.19,6.25,113083.0,2022-12-29 04:00:00
1672300800000,6.25,6.3,6.2,6.25,126781.93,2022-12-29 08:00:00
1672315200000,6.24,6.29,6.22,6.24,126077.87,2022-12-29 12:00:00
1672329600000,6.24,6.25,5.99,6.03,297469.08,2022-12-29 16:00:00
1672344000000,6.03,6.2,5.86,6.17,575017.98,2022-12-29 20:00:00
1672358400000,6.17,6.18,5.99,6.0,294635.68,2022-12-30 00:00:00
1672372800000,6.0,6.03,5.89,5.94,195377.51,2022-12-30 04:00:00
1672387200000,5.94,5.96,5.86,5.88,146106.85,2022-12-30 08:00:00
1672401600000,5.88,5.95,5.84,5.91,218125.9,2022-12-30 12:00:00
1672416000000,5.92,5.97,5.88,5.96,156635.97,2022-12-30 16:00:00
1672430400000,5.95,6.01,5.91,5.98,111375.58,2022-12-30 20:00:00
1672444800000,5.99,6.09,5.94,6.0,157415.86,2022-12-31 00:00:00
1672459200000,6.01,6.04,5.97,6.02,87695.22,2022-12-31 04:00:00
1672473600000,6.03,6.07,6.01,6.05,64480.25,2022-12-31 08:00:00
1672488000000,6.05,6.1,6.04,6.06,70168.62,2022-12-31 12:00:00
1672502400000,6.06,6.09,6.01,6.07,79185.73,2022-12-31 16:00:00
1672516800000,6.07,6.09,6.01,6.04,66346.02,2022-12-31 20:00:00
1672531200000,6.04,6.06,5.98,6.02,94679.49,2023-01-01 00:00:00
1672545600000,6.02,6.04,5.94,5.96,75347.16,2023-01-01 04:00:00
1672560000000,5.96,6.02,5.95,6.01,36790.47,2023-01-01 08:00:00
1672574400000,6.01,6.2,6.01,6.14,337593.01,2023-01-01 12:00:00
1672588800000,6.13,6.21,6.1,6.2,90558.62,2023-01-01 16:00:00
1672603200000,6.19,6.5,6.19,6.33,505150.92,2023-01-01 20:00:00
1672617600000,6.33,6.34,6.09,6.24,300046.7,2023-01-02 00:00:00
1672632000000,6.24,6.46,6.23,6.37,269800.59,2023-01-02 04:00:00
1672646400000,6.37,6.47,6.35,6.38,227844.81,2023-01-02 08:00:00
1672660800000,6.38,6.41,6.33,6.39,117839.5,2023-01-02 12:00:00
1672675200000,6.38,6.43,6.36,6.42,77357.03,2023-01-02 16:00:00
1672689600000,6.42,6.47,6.38,6.39,71175.8,2023-01-02 20:00:00
1672704000000,6.4,6.56,6.35,6.38,271711.46,2023-01-03 00:00:00
1672718400000,6.38,6.46,6.36,6.43,115119.02,2023-01-03 04:00:00
1672732800000,6.44,6.53,6.41,6.42,184384.96,2023-01-03 08:00:00
1672747200000,6.42,6.48,6.32,6.38,196829.33,2023-01-03 12:00:00
1672761600000,6.38,6.48,6.37,6.46,182453.02,2023-01-03 16:00:00
1672776000000,6.46,6.58,6.44,6.52,149301.96,2023-01-03 20:00:00
1672790400000,6.52,6.78,6.49,6.72,437591.13,2023-01-04 00:00:00
1672804800000,6.73,6.75,6.67,6.73,165627.97,2023-01-04 04:00:00
1672819200000,6.74,6.77,6.64,6.66,144260.16,2023-01-04 08:00:00
1672833600000,6.67,6.72,6.57,6.69,235538.29,2023-01-04 12:00:00
1672848000000,6.68,6.71,6.54,6.56,173298.17,2023-01-04 16:00:00
1672862400000,6.56,6.66,6.48,6.65,100415.47,2023-01-04 20:00:00
1672876800000,6.65,7.13,6.65,6.91,728865.81,2023-01-05 00:00:00
1672891200000,6.9,6.96,6.72,6.78,205359.58,2023-01-05 04:00:00
1672905600000,6.79,6.79,6.64,6.77,157069.95,2023-01-05 08:00:00
1672920000000,6.78,6.78,6.6,6.7,159762.98,2023-01-05 12:00:00
1672934400000,6.69,6.88,6.68,6.82,188395.79,2023-01-05 16:00:00
1672948800000,6.82,6.84,6.71,6.77,127032.85,2023-01-05 20:00:00
1672963200000,6.77,6.81,6.68,6.69,135684.34,2023-01-06 00:00:00
1672977600000,6.69,6.7,6.58,6.64,161317.39,2023-01-06 04:00:00
1672992000000,6.65,6.67,6.48,6.51,141413.46,2023-01-06 08:00:00
1673006400000,6.52,6.63,6.45,6.59,203783.96,2023-01-06 12:00:00
1673020800000,6.59,6.81,6.57,6.8,155392.45,2023-01-06 16:00:00
1673035200000,6.8,6.86,6.71,6.83,170353.59,2023-01-06 20:00:00
1673049600000,6.83,7.14,6.78,6.97,457321.06,2023-01-07 00:00:00
1673064000000,6.97,7.06,6.93,6.97,169259.58,2023-01-07 04:00:00
1673078400000,6.98,7.01,6.93,6.99,79201.85,2023-01-07 08:00:00
1673092800000,6.98,7.07,6.93,6.96,368271.79,2023-01-07 12:00:00
1673107200000,6.95,6.98,6.89,6.93,73427.01,2023-01-07 16:00:00
1673121600000,6.94,6.94,6.81,6.88,113687.97,2023-01-07 20:00:00
1673136000000,6.89,6.9,6.73,6.82,106728.72,2023-01-08 00:00:00
1673150400000,6.82,6.91,6.82,6.88,64285.49,2023-01-08 04:00:00
1673164800000,6.88,6.92,6.83,6.85,57246.28,2023-01-08 08:00:00
1673179200000,6.85,6.97,6.84,6.95,84768.08,2023-01-08 12:00:00
1673193600000,6.96,6.97,6.84,6.93,75097.85,2023-01-08 16:00:00
1673208000000,6.93,7.26,6.92,7.21,465914.92,2023-01-08 20:00:00
1673222400000,7.21,7.42,7.19,7.34,473754.82,2023-01-09 00:00:00
1673236800000,7.34,7.44,7.32,7.35,356556.26,2023-01-09 04:00:00
1673251200000,7.34,7.65,7.27,7.41,396287.54,2023-01-09 08:00:00
1673265600000,7.41,7.54,7.29,7.49,352076.64,2023-01-09 12:00:00
1673280000000,7.48,7.88,7.36,7.38,607806.25,2023-01-09 16:00:00
1673294400000,7.38,7.42,7.23,7.32,262203.91,2023-01-09 20:00:00
1673308800000,7.32,7.52,7.11,7.31,443532.29,2023-01-10 00:00:00
1673323200000,7.31,7.5,7.28,7.38,258914.6,2023-01-10 04:00:00
1673337600000,7.38,7.45,7.28,7.3,272677.29,2023-01-10 08:00:00
1673352000000,7.3,7.45,7.26,7.44,382231.75,2023-01-10 12:00:00
1673366400000,7.45,7.57,7.35,7.56,217253.34,2023-01-10 16:00:00
1673380800000,7.56,7.58,7.44,7.48,180357.12,2023-01-10 20:00:00
1673395200000,7.48,7.52,7.27,7.3,192583.67,2023-01-11 00:00:00
1673409600000,7.31,7.39,7.23,7.39,194984.01,2023-01-11 04:00:00
1673424000000,7.39,7.39,7.27,7.31,117664.44,2023-01-11 08:00:00
1673438400000,7.3,7.31,7.12,7.15,245713.54,2023-01-11 12:00:00
1673452800000,7.15,7.35,7.12,7.34,165795.41,2023-01-11 16:00:00
1673467200000,7.33,7.54,7.26,7.52,230964.86,2023-01-11 20:00:00
1673481600000,7.52,8.14,7.46,7.91,1251920.05,2023-01-12 00:00:00
1673496000000,7.91,8.02,7.77,7.83,298593.72,2023-01-12 04:00:00
1673510400000,7.83,7.87,7.68,7.74,197836.92,2023-01-12 08:00:00
1673524800000,7.74,8.23,7.43,7.78,824530.33,2023-01-12 12:00:00
1673539200000,7.79,8.01,7.77,7.94,450869.83,2023-01-12 16:00:00
1673553600000,7.94,8.01,7.88,7.96,277368.82,2023-01-12 20:00:00
1673568000000,7.97,8.17,7.84,8.14,368574.61,2023-01-13 00:00:00
1673582400000,8.15,8.15,7.92,7.97,280509.6,2023-01-13 04:00:00
1673596800000,7.98,8.05,7.9,7.93,306196.88,2023-01-13 08:00:00
1673611200000,7.92,8.02,7.8,8.01,359988.49,2023-01-13 12:00:00
1673625600000,8.01,8.4,7.92,8.26,617374.82,2023-01-13 16:00:00
1673640000000,8.26,9.35,8.21,9.08,2088372.62,2023-01-13 20:00:00
1673654400000,9.08,9.48,9.06,9.32,1404359.04,2023-01-14 00:00:00
1673668800000,9.32,9.74,9.2,9.49,773853.2,2023-01-14 04:00:00
1673683200000,9.49,10.23,8.62,9.34,1657587.67,2023-01-14 08:00:00
1673697600000,9.34,9.43,8.94,9.35,617491.39,2023-01-14 12:00:00
1673712000000,9.35,9.57,9.21,9.32,442606.61,2023-01-14 16:00:00
1673726400000,9.32,9.45,9.23,9.38,180967.4,2023-01-14 20:00:00
1673740800000,9.38,9.47,8.85,9.07,638464.74,2023-01-15 00:00:00
1673755200000,9.07,9.17,8.75,8.91,430385.34,2023-01-15 04:00:00
1673769600000,8.92,8.98,8.71,8.97,468641.11,2023-01-15 08:00:00
1673784000000,8.96,9.14,8.87,9.11,424964.08,2023-01-15 12:00:00
1673798400000,9.11,9.4,8.97,9.18,729969.62,2023-01-15 16:00:00
1673812800000,9.18,9.39,9.06,9.28,347783.48,2023-01-15 20:00:00
1673827200000,9.28,9.54,9.06,9.35,696561.11,2023-01-16 00:00:00
1673841600000,9.35,9.54,9.29,9.31,483240.19,2023-01-16 04:00:00
1673856000000,9.32,9.33,8.77,8.9,494635.08,2023-01-16 08:00:00
1673870400000,8.9,9.0,8.53,8.84,451660.88,2023-01-16 12:00:00
1673884800000,8.84,9.04,8.74,9.02,317845.49,2023-01-16 16:00:00
1673899200000,9.02,9.08,8.89,8.97,198834.0,2023-01-16 20:00:00
1673913600000,8.96,9.04,8.62,8.88,395497.79,2023-01-17 00:00:00
1673928000000,8.88,9.11,8.87,8.98,353796.9,2023-01-17 04:00:00
1673942400000,8.99,9.21,8.95,9.08,355245.6,2023-01-17 08:00:00
1673956800000,9.08,9.14,8.78,8.91,414093.45,2023-01-17 12:00:00
1673971200000,8.91,9.01,8.86,8.98,213935.44,2023-01-17 16:00:00
1673985600000,8.98,9.03,8.78,8.82,206818.24,2023-01-17 20:00:00
1674000000000,8.82,8.98,8.8,8.87,268561.61,2023-01-18 00:00:00
1674014400000,8.87,8.89,8.71,8.79,147025.55,2023-01-18 04:00:00
1674028800000,8.79,8.79,8.56,8.7,224632.1,2023-01-18 08:00:00
1674043200000,8.7,9.0,8.15,8.39,589458.1,2023-01-18 12:00:00
1674057600000,8.39,8.39,7.71,8.14,1025549.97,2023-01-18 16:00:00
1674072000000,8.13,8.18,7.97,8.03,578014.37,2023-01-18 20:00:00
1674086400000,8.02,8.19,8.02,8.12,245112.27,2023-01-19 00:00:00
1674100800000,8.12,8.53,8.12,8.34,356194.43,2023-01-19 04:00:00
1674115200000,8.34,8.34,8.14,8.2,212027.67,2023-01-19 08:00:00
1674129600000,8.2,8.33,8.09,8.25,267823.48,2023-01-19 12:00:00
1674144000000,8.25,8.33,8.14,8.32,173358.25,2023-01-19 16:00:00
1674158400000,8.32,8.36,8.25,8.32,104482.01,2023-01-19 20:00:00
1674172800000,8.32,8.42,8.22,8.38,172266.85,2023-01-20 00:00:00
1674187200000,8.38,8.4,8.21,8.23,165325.78,2023-01-20 04:00:00
1674201600000,8.23,8.27,8.18,8.24,88936.89,2023-01-20 08:00:00
1674216000000,8.23,8.4,8.22,8.38,163188.75,2023-01-20 12:00:00
1674230400000,8.37,8.73,8.36,8.72,288291.65,2023-01-20 16:00:00
1674244800000,8.72,9.15,8.72,9.09,527625.06,2023-01-20 20:00:00
1674259200000,9.08,9.69,9.01,9.24,996316.64,2023-01-21 00:00:00
1674273600000,9.25,9.4,9.22,9.33,289895.97,2023-01-21 04:00:00
1674288000000,9.34,9.44,8.86,9.28,759452.5,2023-01-21 08:00:00
1674302400000,9.28,9.33,9.04,9.1,296248.47,2023-01-21 12:00:00
1674316800000,9.09,9.28,9.09,9.24,199046.07,2023-01-21 16:00:00
1674331200000,9.24,9.3,8.92,8.94,184635.97,2023-01-21 20:00:00
1674345600000,8.95,9.4,8.95,9.26,514113.21,2023-01-22 00:00:00
1674360000000,9.26,9.32,9.12,9.15,221275.47,2023-01-22 04:00:00
1674374400000,9.14,9.46,9.09,9.4,404314.66,2023-01-22 08:00:00
1674388800000,9.39,11.64,9.2,11.43,4426164.01,2023-01-22 12:00:00
1674403200000,11.43,11.88,11.15,11.42,1937558.94,2023-01-22 16:00:00
1674417600000,11.43,12.63,10.78,12.56,2017743.34,2023-01-22 20:00:00
1674432000000,12.55,13.94,12.26,13.13,5123327.05,2023-01-23 00:00:00
1674446400000,13.14,13.5,12.9,13.0,1163438.77,2023-01-23 04:00:00
1674460800000,13.0,13.08,12.65,12.86,1109363.32,2023-01-23 08:00:00
1674475200000,12.86,12.95,12.0,12.47,1663071.92,2023-01-23 12:00:00
1674489600000,12.47,12.79,12.16,12.72,621460.57,2023-01-23 16:00:00
1674504000000,12.71,12.85,12.15,12.22,614154.62,2023-01-23 20:00:00
1674518400000,12.21,12.32,11.78,12.16,1159069.05,2023-01-24 00:00:00
1674532800000,12.16,12.43,12.01,12.05,982562.12,2023-01-24 04:00:00
1674547200000,12.05,12.49,11.83,11.99,835104.8,2023-01-24 08:00:00
1674561600000,11.99,12.05,11.65,11.85,599747.01,2023-01-24 12:00:00
1674576000000,11.86,12.16,11.61,11.81,486217.46,2023-01-24 16:00:00
1674590400000,11.8,11.8,10.84,11.1,810407.84,2023-01-24 20:00:00
1674604800000,11.1,11.31,10.8,11.12,705790.3,2023-01-25 00:00:00
1674619200000,11.12,11.39,11.01,11.24,390851.78,2023-01-25 04:00:00
1674633600000,11.23,11.29,10.99,11.25,352498.87,2023-01-25 08:00:00
1674648000000,11.25,11.87,11.19,11.54,995951.18,2023-01-25 12:00:00
1674662400000,11.54,11.55,11.18,11.45,390708.51,2023-01-25 16:00:00
1674676800000,11.44,12.33,11.42,11.73,1034189.47,2023-01-25 20:00:00
1674691200000,11.74,12.47,11.57,11.84,833821.08,2023-01-26 00:00:00
1674705600000,11.84,12.07,11.67,11.78,386129.99,2023-01-26 04:00:00
1674720000000,11.78,12.37,11.72,11.94,984474.87,2023-01-26 08:00:00
1674734400000,11.94,12.37,11.6,11.68,1246757.28,2023-01-26 12:00:00
1674748800000,11.68,11.84,11.33,11.71,530976.66,2023-01-26 16:00:00
1674763200000,11.7,11.95,11.63,11.83,288544.75,2023-01-26 20:00:00
1674777600000,11.84,11.98,11.21,11.38,462917.59,2023-01-27 00:00:00
1674792000000,11.38,11.65,11.36,11.56,344266.01,2023-01-27 04:00:00
1674806400000,11.57,11.61,11.03,11.24,555877.25,2023-01-27 08:00:00
1674820800000,11.25,11.43,11.09,11.26,393352.92,2023-01-27 12:00:00
1674835200000,11.26,11.59,11.25,11.57,242044.6,2023-01-27 16:00:00
1674849600000,11.57,11.66,11.34,11.51,273154.39,2023-01-27 20:00:00
1674864000000,11.52,12.02,11.42,11.75,586404.09,2023-01-28 00:00:00
1674878400000,11.75,12.4,11.7,11.82,1269511.48,2023-01-28 04:00:00
1674892800000,11.81,11.93,11.66,11.7,761607.0,2023-01-28 08:00:00
1674907200000,11.69,11.71,11.26,11.49,680152.98,2023-01-28 12:00:00
1674921600000,11.49,11.54,11.25,11.41,481388.85,2023-01-28 16:00:00
1674936000000,11.41,11.44,11.22,11.42,290535.08,2023-01-28 20:00:00
1674950400000,11.42,11.61,11.24,11.49,424820.99,2023-01-29 00:00:00
1674964800000,11.5,11.6,11.42,11.51,214869.08,2023-01-29 04:00:00
1674979200000,11.51,11.77,11.46,11.67,544527.75,2023-01-29 08:00:00
1674993600000,11.67,12.36,11.62,11.97,1306964.15,2023-01-29 12:00:00
1675008000000,11.98,12.18,11.74,12.12,667580.44,2023-01-29 16:00:00
1675022400000,12.13,12.27,11.89,12.21,751373.54,2023-01-29 20:00:00
1675036800000,12.21,12.37,11.74,11.93,584187.37,2023-01-30 00:00:00
1675051200000,11.93,11.97,11.66,11.77,269071.91,2023-01-30 04:00:00
1675065600000,11.77,11.84,11.13,11.2,861986.39,2023-01-30 08:00:00
1675080000000,11.19,11.39,11.14,11.25,405604.41,2023-01-30 12:00:00
1675094400000,11.24,11.34,10.45,10.77,804489.38,2023-01-30 16:00:00
1675108800000,10.77,10.88,10.51,10.87,467150.59,2023-01-30 20:00:00
1675123200000,10.87,10.88,10.61,10.63,425449.58,2023-01-31 00:00:00
1675137600000,10.64,10.74,10.47,10.72,362598.66,2023-01-31 04:00:00
1675152000000,10.72,10.74,10.51,10.63,395711.78,2023-01-31 08:00:00
1675166400000,10.64,10.9,10.62,10.84,555439.08,2023-01-31 12:00:00
1675180800000,10.84,11.02,10.82,10.98,384718.91,2023-01-31 16:00:00
1675195200000,10.98,11.0,10.64,10.9,482496.12,2023-01-31 20:00:00
1675209600000,10.91,11.08,10.8,10.91,285613.53,2023-02-01 00:00:00
1675224000000,10.91,10.97,10.52,10.63,256227.44,2023-02-01 04:00:00
1675238400000,10.63,10.67,10.39,10.61,304226.18,2023-02-01 08:00:00
1675252800000,10.61,10.65,10.21,10.31,375133.12,2023-02-01 12:00:00
1675267200000,10.31,10.98,10.23,10.85,594577.97,2023-02-01 16:00:00
1675281600000,10.86,11.48,10.85,11.41,587995.45,2023-02-01 20:00:00
1675296000000,11.42,11.65,11.26,11.4,485201.46,2023-02-02 00:00:00
1675310400000,11.4,11.7,11.26,11.46,548279.85,2023-02-02 04:00:00
1675324800000,11.45,11.64,11.42,11.56,386201.08,2023-02-02 08:00:00
1675339200000,11.55,11.63,11.32,11.52,389044.2,2023-02-02 12:00:00
1675353600000,11.52,11.99,11.49,11.62,714581.79,2023-02-02 16:00:00
1675368000000,11.63,11.68,11.03,11.2,458574.22,2023-02-02 20:00:00
1675382400000,11.2,11.31,11.03,11.17,300427.58,2023-02-03 00:00:00
1675396800000,11.18,11.3,11.11,11.12,240635.02,2023-02-03 04:00:00
1675411200000,11.13,11.32,11.04,11.3,196915.03,2023-02-03 08:00:00
1675425600000,11.3,11.56,11.06,11.42,570343.41,2023-02-03 12:00:00
1675440000000,11.41,11.63,11.32,11.34,409915.45,2023-02-03 16:00:00
1675454400000,11.33,11.53,11.28,11.46,250855.41,2023-02-03 20:00:00
1675468800000,11.47,11.52,11.31,11.33,206015.29,2023-02-04 00:00:00
1675483200000,11.33,11.35,11.17,11.29,133932.5,2023-02-04 04:00:00
1675497600000,11.3,11.31,11.18,11.28,109669.71,2023-02-04 08:00:00
1675512000000,11.29,11.64,11.27,11.62,355091.27,2023-02-04 12:00:00
1675526400000,11.62,11.77,11.39,11.52,433138.71,2023-02-04 16:00:00
1675540800000,11.51,11.62,11.31,11.41,217020.39,2023-02-04 20:00:00
1675555200000,11.41,11.45,11.23,11.33,223906.82,2023-02-05 00:00:00
1675569600000,11.34,11.86,11.3,11.53,398799.53,2023-02-05 04:00:00
1675584000000,11.53,11.64,11.39,11.43,341747.77,2023-02-05 08:00:00
1675598400000,11.43,11.47,10.64,10.95,707570.93,2023-02-05 12:00:00
1675612800000,10.94,10.99,10.69,10.79,329726.89,2023-02-05 16:00:00
1675627200000,10.79,10.96,10.62,10.91,213281.34,2023-02-05 20:00:00
1675641600000,10.91,11.17,10.9,10.94,326032.79,2023-02-06 00:00:00
1675656000000,10.94,11.03,10.73,11.02,216073.54,2023-02-06 04:00:00
1675670400000,11.02,11.06,10.75,10.88,186337.45,2023-02-06 08:00:00
1675684800000,10.87,11.03,10.74,11.03,253373.04,2023-02-06 12:00:00
1675699200000,11.03,11.04,10.9,11.0,171120.64,2023-02-06 16:00:00
1675713600000,10.99,10.99,10.56,10.67,275523.25,2023-02-06 20:00:00
1675728000000,10.68,10.85,10.64,10.81,160835.38,2023-02-07 00:00:00
1675742400000,10.81,10.9,10.78,10.84,184903.57,2023-02-07 04:00:00
1675756800000,10.84,11.2,10.77,11.1,512750.1,2023-02-07 08:00:00
1675771200000,11.1,11.16,10.94,10.98,365544.72,2023-02-07 12:00:00
1675785600000,10.98,11.18,10.64,11.01,593868.09,2023-02-07 16:00:00
1675800000000,11.01,11.75,10.99,11.68,639225.51,2023-02-07 20:00:00
1675814400000,11.68,11.91,11.46,11.64,635433.18,2023-02-08 00:00:00
1675828800000,11.64,11.76,11.51,11.73,298579.26,2023-02-08 04:00:00
1675843200000,11.73,12.33,11.6,12.03,1022340.41,2023-02-08 08:00:00
1675857600000,12.03,12.2,11.6,11.79,1059041.04,2023-02-08 12:00:00
1675872000000,11.78,12.36,11.31,11.94,1243577.08,2023-02-08 16:00:00
1675886400000,11.94,12.17,11.51,11.94,619498.86,2023-02-08 20:00:00
1675900800000,11.94,12.46,11.2,11.33,1147384.33,2023-02-09 00:00:00
1675915200000,11.32,11.65,11.19,11.53,365983.79,2023-02-09 04:00:00
1675929600000,11.52,11.77,11.4,11.54,534020.42,2023-02-09 08:00:00
1675944000000,11.54,11.62,11.29,11.32,596482.75,2023-02-09 12:00:00
1675958400000,11.32,11.49,10.5,10.67,977581.83,2023-02-09 16:00:00
1675972800000,10.66,10.68,10.01,10.26,1159198.41,2023-02-09 20:00:00
1675987200000,10.26,10.36,9.98,10.15,782832.0,2023-02-10 00:00:00
1676001600000,10.14,10.26,9.92,10.26,402012.62,2023-02-10 04:00:00
1676016000000,10.26,10.28,10.02,10.04,354951.5,2023-02-10 08:00:00
1676030400000,10.05,10.33,9.98,10.14,474370.29,2023-02-10 12:00:00
1676044800000,10.13,10.3,10.04,10.24,285093.26,2023-02-10 16:00:00
1676059200000,10.23,10.25,9.91,10.12,280561.99,2023-02-10 20:00:00
1676073600000,10.12,10.22,10.05,10.16,131653.55,2023-02-11 00:00:00
1676088000000,10.16,10.18,10.09,10.13,88000.61,2023-02-11 04:00:00
1676102400000,10.14,10.15,10.06,10.1,92960.95,2023-02-11 08:00:00
1676116800000,10.1,10.49,10.1,10.37,389754.87,2023-02-11 12:00:00
1676131200000,10.38,10.46,10.17,10.23,224025.18,2023-02-11 16:00:00
1676145600000,10.23,10.4,10.2,10.34,132640.59,2023-02-11 20:00:00
1676160000000,10.34,10.36,10.21,10.21,104025.06,2023-02-12 00:00:00
1676174400000,10.21,10.24,10.15,10.19,60181.17,2023-02-12 04:00:00
1676188800000,10.19,10.33,10.18,10.29,106827.22,2023-02-12 08:00:00
1676203200000,10.3,10.32,10.12,10.28,232135.77,2023-02-12 12:00:00
1676217600000,10.29,10.37,10.26,10.3,183370.92,2023-02-12 16:00:00
1676232000000,10.3,10.34,9.69,9.91,436678.59,2023-02-12 20:00:00
1676246400000,9.91,9.96,9.48,9.69,521621.07,2023-02-13 00:00:00
1676260800000,9.69,9.78,9.64,9.73,231240.85,2023-02-13 04:00:00
1676275200000,9.73,9.74,9.18,9.41,720163.58,2023-02-13 08:00:00
1676289600000,9.41,9.56,9.4,9.43,296281.5,2023-02-13 12:00:00
1676304000000,9.43,9.52,9.16,9.43,375473.37,2023-02-13 16:00:00
1676318400000,9.43,9.62,9.34,9.59,262808.16,2023-02-13 20:00:00
1676332800000,9.59,9.67,9.47,9.48,177774.92,2023-02-14 00:00:00
1676347200000,9.48,9.54,9.44,9.52,91822.43,2023-02-14 04:00:00
1676361600000,9.52,9.59,9.38,9.5,168612.59,2023-02-14 08:00:00
1676376000000,9.49,9.98,9.3,9.79,651845.91,2023-02-14 12:00:00
1676390400000,9.79,9.93,9.7,9.89,262659.7,2023-02-14 16:00:00
1676404800000,9.89,9.98,9.83,9.97,223084.68,2023-02-14 20:00:00
1676419200000,9.96,9.98,9.79,9.88,237439.02,2023-02-15 00:00:00
1676433600000,9.88,9.92,9.81,9.84,141596.78,2023-02-15 04:00:00
1676448000000,9.83,10.08,9.8,10.02,270480.2,2023-02-15 08:00:00
1676462400000,10.02,10.17,9.99,10.1,379965.65,2023-02-15 12:00:00
1676476800000,10.11,10.46,10.1,10.41,409517.9,2023-02-15 16:00:00
1676491200000,10.41,10.84,10.35,10.8,603286.61,2023-02-15 20:00:00
1676505600000,10.8,11.18,10.64,11.06,561638.24,2023-02-16 00:00:00
1676520000000,11.06,11.08,10.81,10.91,450839.42,2023-02-16 04:00:00
1676534400000,10.9,11.14,10.85,10.9,432367.53,2023-02-16 08:00:00
1676548800000,10.9,11.07,10.67,11.03,788022.68,2023-02-16 12:00:00
1676563200000,11.03,11.1,10.76,10.87,501199.9,2023-02-16 16:00:00
1676577600000,10.86,10.87,10.09,10.12,591989.66,2023-02-16 20:00:00
1676592000000,10.13,10.53,10.07,10.5,336028.83,2023-02-17 00:00:00
1676606400000,10.5,10.57,10.33,10.39,222716.91,2023-02-17 04:00:00
1676620800000,10.39,10.48,10.31,10.37,297758.99,2023-02-17 08:00:00
1676635200000,10.37,10.53,10.29,10.49,379518.11,2023-02-17 12:00:00
1676649600000,10.49,10.7,10.34,10.7,304733.37,2023-02-17 16:00:00
1676664000000,10.7,10.81,10.42,10.66,297134.48,2023-02-17 20:00:00
1676678400000,10.66,11.37,10.64,11.04,792761.31,2023-02-18 00:00:00
1676692800000,11.05,11.08,10.86,10.89,185322.39,2023-02-18 04:00:00
1676707200000,10.89,10.95,10.75,10.83,218942.36,2023-02-18 08:00:00
1676721600000,10.83,10.96,10.8,10.91,178843.33,2023-02-18 12:00:00
1676736000000,10.9,10.94,10.72,10.78,171037.11,2023-02-18 16:00:00
1676750400000,10.79,10.96,10.71,10.91,126389.6,2023-02-18 20:00:00
1676764800000,10.91,11.04,10.78,10.81,246981.15,2023-02-19 00:00:00
1676779200000,10.81,10.95,10.79,10.82,165623.24,2023-02-19 04:00:00
1676793600000,10.82,10.93,10.77,10.91,184369.68,2023-02-19 08:00:00
1676808000000,10.91,11.19,10.88,11.04,402925.34,2023-02-19 12:00:00
1676822400000,11.04,11.13,10.68,10.79,459918.46,2023-02-19 16:00:00
1676836800000,10.78,11.02,10.61,10.92,234975.46,2023-02-19 20:00:00
1676851200000,10.91,11.12,10.47,10.97,327027.48,2023-02-20 00:00:00
1676865600000,10.97,11.06,10.93,11.03,197554.5,2023-02-20 04:00:00
1676880000000,11.02,11.4,10.9,11.25,583931.48,2023-02-20 08:00:00
1676894400000,11.25,11.35,11.07,11.27,404950.02,2023-02-20 12:00:00
1676908800000,11.27,11.36,11.05,11.28,402808.38,2023-02-20 16:00:00
1676923200000,11.29,11.31,11.16,11.22,131357.13,2023-02-20 20:00:00
1676937600000,11.23,11.6,11.15,11.35,522224.01,2023-02-21 00:00:00
1676952000000,11.34,11.39,11.22,11.32,179058.53,2023-02-21 04:00:00
1676966400000,11.33,11.38,10.78,10.85,548856.52,2023-02-21 08:00:00
1676980800000,10.85,10.92,10.63,10.78,421735.21,2023-02-21 12:00:00
1676995200000,10.77,11.0,10.67,10.81,288082.42,2023-02-21 16:00:00
1677009600000,10.81,10.83,10.51,10.82,235856.15,2023-02-21 20:00:00
1677024000000,10.83,10.85,10.38,10.61,230257.1,2023-02-22 00:00:00
1677038400000,10.61,10.62,10.31,10.45,167181.17,2023-02-22 04:00:00
1677052800000,10.44,10.48,10.19,10.44,248230.32,2023-02-22 08:00:00
1677067200000,10.43,10.5,10.09,10.18,273610.48,2023-02-22 12:00:00
1677081600000,10.17,10.37,10.15,10.3,211145.21,2023-02-22 16:00:00
1677096000000,10.3,10.59,10.25,10.57,138395.34,2023-02-22 20:00:00
1677110400000,10.57,10.76,10.5,10.65,260128.67,2023-02-23 00:00:00
1677124800000,10.66,10.71,10.59,10.65,93439.17,2023-02-23 04:00:00
1677139200000,10.65,10.8,10.3,10.4,226005.84,2023-02-23 08:00:00
1677153600000,10.4,10.66,10.32,10.5,199650.17,2023-02-23 12:00:00
1677168000000,10.5,10.51,10.3,10.45,157330.29,2023-02-23 16:00:00
1677182400000,10.45,10.55,10.35,10.52,102218.09,2023-02-23 20:00:00
1677196800000,10.52,10.64,10.47,10.54,125609.15,2023-02-24 00:00:00
1677211200000,10.55,10.64,10.49,10.6,119340.64,2023-02-24 04:00:00
1677225600000,10.61,10.61,10.36,10.55,121128.93,2023-02-24 08:00:00
1677240000000,10.55,10.59,10.1,10.12,302491.43,2023-02-24 12:00:00
1677254400000,10.12,10.12,9.8,9.97,449243.76,2023-02-24 16:00:00
1677268800000,9.96,10.06,9.78,10.03,166758.37,2023-02-24 20:00:00
1677283200000,10.03,10.21,9.94,9.97,217744.49,2023-02-25 00:00:00
1677297600000,9.96,10.0,9.78,9.99,118812.96,2023-02-25 04:00:00
1677312000000,9.99,10.02,9.82,9.87,107579.28,2023-02-25 08:00:00
1677326400000,9.88,9.93,9.71,9.88,135393.39,2023-02-25 12:00:00
1677340800000,9.89,9.99,9.6,9.67,224355.5,2023-02-25 16:00:00
1677355200000,9.68,9.86,9.44,9.81,279103.32,2023-02-25 20:00:00
1677369600000,9.81,9.91,9.72,9.89,100739.22,2023-02-26 00:00:00
1677384000000,9.9,9.9,9.8,9.84,69612.37,2023-02-26 04:00:00
1677398400000,9.83,9.9,9.77,9.86,99331.26,2023-02-26 08:00:00
1677412800000,9.86,9.88,9.76,9.84,101148.12,2023-02-26 12:00:00
1677427200000,9.84,10.01,9.74,9.99,93691.92,2023-02-26 16:00:00
1677441600000,9.98,10.05,9.89,10.02,105918.07,2023-02-26 20:00:00
1677456000000,10.02,10.05,9.91,9.94,94601.83,2023-02-27 00:00:00
1677470400000,9.94,9.95,9.82,9.86,89200.58,2023-02-27 04:00:00
1677484800000,9.87,10.16,9.79,10.08,237994.79,2023-02-27 08:00:00
1677499200000,10.07,10.2,9.96,10.11,252982.02,2023-02-27 12:00:00
1677513600000,10.12,10.14,9.75,9.9,156312.11,2023-02-27 16:00:00
1677528000000,9.89,10.0,9.79,9.98,63752.22,2023-02-27 20:00:00
1677542400000,9.98,10.0,9.86,9.94,67342.98,2023-02-28 00:00:00
1677556800000,9.94,9.94,9.77,9.77,67348.75,2023-02-28 04:00:00
1677571200000,9.77,9.85,9.73,9.83,89209.08,2023-02-28 08:00:00
1677585600000,9.82,9.96,9.81,9.91,148450.92,2023-02-28 12:00:00
1677600000000,9.91,10.0,9.79,9.8,92242.54,2023-02-28 16:00:00
1677614400000,9.8,9.82,9.55,9.6,135611.61,2023-02-28 20:00:00
1677628800000,9.6,9.8,9.51,9.8,145042.33,2023-03-01 00:00:00
1677643200000,9.8,9.98,9.8,9.94,106998.36,2023-03-01 04:00:00
1677657600000,9.94,10.05,9.92,10.01,127240.86,2023-03-01 08:00:00
1677672000000,10.01,10.06,9.93,9.99,105146.08,2023-03-01 12:00:00
1677686400000,10.0,10.0,9.82,9.84,81064.16,2023-03-01 16:00:00
1677700800000,9.84,10.0,9.82,9.99,70054.85,2023-03-01 20:00:00
1677715200000,9.99,10.05,9.78,9.83,119701.85,2023-03-02 00:00:00
1677729600000,9.83,9.88,9.68,9.73,109181.76,2023-03-02 04:00:00
1677744000000,9.73,9.76,9.64,9.67,80107.29,2023-03-02 08:00:00
1677758400000,9.68,9.7,9.56,9.64,129902.12,2023-03-02 12:00:00
1677772800000,9.64,9.72,9.54,9.71,93112.43,2023-03-02 16:00:00
1677787200000,9.71,9.78,9.68,9.76,85181.66,2023-03-02 20:00:00
1677801600000,9.75,9.76,8.79,8.93,766869.99,2023-03-03 00:00:00
1677816000000,8.93,9.08,8.91,8.98,213209.78,2023-03-03 04:00:00
1677830400000,8.97,9.08,8.96,9.02,117292.73,2023-03-03 08:00:00
1677844800000,9.02,9.1,8.96,9.0,160517.62,2023-03-03 12:00:00
1677859200000,9.0,9.07,8.97,9.05,83534.36,2023-03-03 16:00:00
1677873600000,9.06,9.13,8.98,9.11,67857.87,2023-03-03 20:00:00
1677888000000,9.11,9.27,9.1,9.12,127793.06,2023-03-04 00:00:00
1677902400000,9.12,9.16,9.03,9.1,78126.97,2023-03-04 04:00:00
1677916800000,9.09,9.1,8.97,9.01,64053.34,2023-03-04 08:00:00
1677931200000,9.02,9.08,8.9,8.9,116516.11,2023-03-04 12:00:00
1677945600000,8.9,8.94,8.78,8.81,131550.58,2023-03-04 16:00:00
1677960000000,8.82,8.82,8.53,8.81,351960.83,2023-03-04 20:00:00
1677974400000,8.81,8.98,8.73,8.9,137004.82,2023-03-05 00:00:00
1677988800000,8.9,8.95,8.84,8.84,113995.11,2023-03-05 04:00:00
1678003200000,8.84,8.88,8.74,8.85,89491.13,2023-03-05 08:00:00
1678017600000,8.85,8.93,8.83,8.91,132370.53,2023-03-05 12:00:00
1678032000000,8.91,8.94,8.85,8.91,49703.75,2023-03-05 16:00:00
1678046400000,8.9,8.96,8.72,8.78,101087.31,2023-03-05 20:00:00
1678060800000,8.77,8.82,8.5,8.6,261491.61,2023-03-06 00:00:00
1678075200000,8.59,8.66,8.5,8.64,121530.9,2023-03-06 04:00:00
1678089600000,8.64,8.84,8.56,8.69,200620.5,2023-03-06 08:00:00
1678104000000,8.7,8.84,8.63,8.81,112151.5,2023-03-06 12:00:00
1678118400000,8.82,8.97,8.78,8.91,129002.57,2023-03-06 16:00:00
1678132800000,8.91,8.93,8.83,8.89,104257.93,2023-03-06 20:00:00
1678147200000,8.89,9.01,8.82,8.93,176961.8,2023-03-07 00:00:00
1678161600000,8.93,8.95,8.85,8.85,62556.35,2023-03-07 04:00:00
1678176000000,8.85,8.87,8.6,8.61,163535.31,2023-03-07 08:00:00
1678190400000,8.61,8.72,8.43,8.62,262897.13,2023-03-07 12:00:00
1678204800000,8.62,8.68,8.48,8.48,121106.12,2023-03-07 16:00:00
1678219200000,8.48,8.64,8.42,8.63,102441.64,2023-03-07 20:00:00
1678233600000,8.62,8.67,8.46,8.51,76850.36,2023-03-08 00:00:00
1678248000000,8.51,8.53,8.27,8.29,148942.17,2023-03-08 04:00:00
1678262400000,8.3,8.36,8.24,8.29,133749.11,2023-03-08 08:00:00
1678276800000,8.29,8.33,8.01,8.2,438213.11,2023-03-08 12:00:00
1678291200000,8.19,8.23,7.95,8.03,310905.97,2023-03-08 16:00:00
1678305600000,8.02,8.1,7.75,7.91,339150.6,2023-03-08 20:00:00
1678320000000,7.91,7.99,7.83,7.97,148859.42,2023-03-09 00:00:00
1678334400000,7.98,8.03,7.91,7.92,61534.59,2023-03-09 04:00:00
1678348800000,7.93,8.02,7.87,8.02,117814.28,2023-03-09 08:00:00
1678363200000,8.02,8.23,7.97,8.08,289675.16,2023-03-09 12:00:00
1678377600000,8.09,8.12,7.69,7.76,308069.43,2023-03-09 16:00:00
1678392000000,7.76,7.76,7.23,7.37,720648.18,2023-03-09 20:00:00
1678406400000,7.36,7.39,7.19,7.34,307118.54,2023-03-10 00:00:00
1678420800000,7.34,7.37,7.15,7.26,274460.99,2023-03-10 04:00:00
1678435200000,7.26,7.28,6.88,7.05,374883.52,2023-03-10 08:00:00
1678449600000,7.06,7.34,7.04,7.31,390565.89,2023-03-10 12:00:00
1678464000000,7.31,7.43,7.28,7.38,282488.81,2023-03-10 16:00:00
1678478400000,7.38,7.45,7.24,7.4,131273.11,2023-03-10 20:00:00
1678492800000,7.39,7.64,7.38,7.46,222335.53,2023-03-11 00:00:00
1678507200000,7.46,7.46,6.97,7.08,415584.47,2023-03-11 04:00:00
1678521600000,7.07,7.25,7.04,7.13,221897.35,2023-03-11 08:00:00
1678536000000,7.13,7.16,6.97,7.01,173595.93,2023-03-11 12:00:00
1678550400000,7.0,7.2,6.97,7.14,169271.77,2023-03-11 16:00:00
1678564800000,7.15,7.32,7.13,7.3,173247.35,2023-03-11 20:00:00
1678579200000,7.3,7.3,7.2,7.25,112485.5,2023-03-12 00:00:00
1678593600000,7.25,7.3,7.21,7.24,84347.56,2023-03-12 04:00:00
1678608000000,7.24,7.3,7.21,7.24,71002.08,2023-03-12 08:00:00
1678622400000,7.24,7.25,7.07,7.11,281814.25,2023-03-12 12:00:00
1678636800000,7.1,7.52,7.07,7.38,235425.82,2023-03-12 16:00:00
1678651200000,7.38,7.91,7.38,7.89,330228.68,2023-03-12 20:00:00
1678665600000,7.89,8.43,7.88,8.01,626020.26,2023-03-13 00:00:00
1678680000000,8.02,8.1,7.99,8.07,156472.34,2023-03-13 04:00:00
1678694400000,8.07,8.1,7.71,7.83,239513.95,2023-03-13 08:00:00
1678708800000,7.83,8.39,7.7,8.22,599797.55,2023-03-13 12:00:00
1678723200000,8.23,8.32,8.14,8.28,203801.06,2023-03-13 16:00:00
1678737600000,8.28,8.4,8.21,8.32,133576.43,2023-03-13 20:00:00
1678752000000,8.32,8.38,8.24,8.32,189462.71,2023-03-14 00:00:00
1678766400000,8.31,8.35,8.13,8.15,172757.98,2023-03-14 04:00:00
1678780800000,8.16,8.22,8.02,8.15,278764.86,2023-03-14 08:00:00
1678795200000,8.15,9.02,8.12,8.93,1227880.71,2023-03-14 12:00:00
1678809600000,8.94,8.99,8.44,8.69,480815.39,2023-03-14 16:00:00
1678824000000,8.69,8.72,8.31,8.6,259424.3,2023-03-14 20:00:00
1678838400000,8.6,8.75,8.45,8.68,231298.52,2023-03-15 00:00:00
1678852800000,8.67,8.78,8.58,8.68,208863.09,2023-03-15 04:00:00
1678867200000,8.68,8.7,8.23,8.38,223738.89,2023-03-15 08:00:00
1678881600000,8.38,8.52,7.77,7.85,846938.23,2023-03-15 12:00:00
1678896000000,7.86,7.93,7.63,7.8,704860.07,2023-03-15 16:00:00
1678910400000,7.8,7.95,7.73,7.82,269030.61,2023-03-15 20:00:00
1678924800000,7.82,7.94,7.7,7.85,224217.94,2023-03-16 00:00:00
1678939200000,7.85,7.98,7.74,7.92,186597.74,2023-03-16 04:00:00
1678953600000,7.92,8.05,7.82,7.99,241933.46,2023-03-16 08:00:00
1678968000000,7.99,7.99,7.75,7.96,208133.92,2023-03-16 12:00:00
1678982400000,7.96,8.1,7.9,8.07,135322.19,2023-03-16 16:00:00
1678996800000,8.07,8.07,7.88,8.0,118648.67,2023-03-16 20:00:00
1679011200000,8.0,8.22,7.88,8.15,185113.39,2023-03-17 00:00:00
1679025600000,8.15,8.28,8.08,8.2,196234.82,2023-03-17 04:00:00
1679040000000,8.2,8.63,8.16,8.6,321397.44,2023-03-17 08:00:00
1679054400000,8.6,8.61,8.24,8.33,298921.38,2023-03-17 12:00:00
1679068800000,8.33,8.46,8.27,8.45,195153.1,2023-03-17 16:00:00
1679083200000,8.46,8.97,8.4,8.9,315793.8,2023-03-17 20:00:00
1679097600000,8.9,9.45,8.75,9.45,690448.1,2023-03-18 00:00:00
1679112000000,9.44,9.44,9.15,9.23,239166.28,2023-03-18 04:00:00
1679126400000,9.23,9.23,9.0,9.18,173300.88,2023-03-18 08:00:00
1679140800000,9.18,9.45,8.83,8.96,383516.6,2023-03-18 12:00:00
1679155200000,8.96,9.1,8.71,8.98,235049.05,2023-03-18 16:00:00
1679169600000,8.97,9.1,8.66,8.72,200703.69,2023-03-18 20:00:00
1679184000000,8.72,9.82,8.72,9.64,1301115.79,2023-03-19 00:00:00
1679198400000,9.64,9.66,9.21,9.33,325226.29,2023-03-19 04:00:00
1679212800000,9.33,9.33,8.98,9.12,289086.24,2023-03-19 08:00:00
1679227200000,9.12,9.25,9.04,9.14,323881.01,2023-03-19 12:00:00
1679241600000,9.13,9.3,9.11,9.2,272265.39,2023-03-19 16:00:00
1679256000000,9.2,9.25,9.01,9.1,313778.52,2023-03-19 20:00:00
1679270400000,9.1,9.29,8.82,8.86,451831.7,2023-03-20 00:00:00
1679284800000,8.85,9.16,8.74,9.13,228704.45,2023-03-20 04:00:00
1679299200000,9.13,9.17,9.02,9.11,236895.67,2023-03-20 08:00:00
1679313600000,9.11,9.14,8.9,8.96,211489.06,2023-03-20 12:00:00
1679328000000,8.96,9.02,8.48,8.57,420644.11,2023-03-20 16:00:00
1679342400000,8.56,8.78,8.56,8.62,207713.43,2023-03-20 20:00:00
1679356800000,8.62,8.89,8.58,8.66,387422.69,2023-03-21 00:00:00
1679371200000,8.66,8.73,8.33,8.33,213693.51,2023-03-21 04:00:00
1679385600000,8.34,8.69,8.22,8.64,290575.0,2023-03-21 08:00:00
1679400000000,8.65,8.9,8.6,8.79,307196.73,2023-03-21 12:00:00
1679414400000,8.78,8.89,8.58,8.72,221427.97,2023-03-21 16:00:00
1679428800000,8.72,8.87,8.72,8.84,124688.42,2023-03-21 20:00:00
1679443200000,8.84,8.86,8.63,8.71,140128.09,2023-03-22 00:00:00
1679457600000,8.71,8.77,8.6,8.65,107121.19,2023-03-22 04:00:00
1679472000000,8.65,8.69,8.52,8.54,118481.66,2023-03-22 08:00:00
1679486400000,8.55,8.79,8.48,8.65,199293.76,2023-03-22 12:00:00
1679500800000,8.65,8.77,8.1,8.15,629216.14,2023-03-22 16:00:00
1679515200000,8.14,8.36,8.1,8.35,186091.33,2023-03-22 20:00:00
1679529600000,8.34,8.43,8.22,8.26,87964.78,2023-03-23 00:00:00
1679544000000,8.26,8.52,8.26,8.46,90620.47,2023-03-23 04:00:00
1679558400000,8.46,8.57,8.46,8.53,118954.03,2023-03-23 08:00:00
1679572800000,8.53,8.82,8.39,8.72,276909.27,2023-03-23 12:00:00
1679587200000,8.72,8.78,8.5,8.63,217800.77,2023-03-23 16:00:00
1679601600000,8.62,8.72,8.58,8.69,109224.75,2023-03-23 20:00:00
1679616000000,8.7,8.72,8.57,8.58,115050.33,2023-03-24 00:00:00
1679630400000,8.58,8.62,8.53,8.59,79536.38,2023-03-24 04:00:00
1679644800000,8.6,8.61,8.39,8.44,233605.76,2023-03-24 08:00:00
1679659200000,8.44,8.44,8.29,8.39,196238.96,2023-03-24 12:00:00
1679673600000,8.39,8.43,8.13,8.27,179671.88,2023-03-24 16:00:00
1679688000000,8.27,8.36,8.1,8.32,222421.01,2023-03-24 20:00:00
1679702400000,8.32,8.65,8.28,8.53,372127.85,2023-03-25 00:00:00
1679716800000,8.54,8.54,8.37,8.38,96518.0,2023-03-25 04:00:00
1679731200000,8.38,8.39,8.25,8.36,100414.99,2023-03-25 08:00:00
1679745600000,8.36,8.44,8.31,8.4,81090.48,2023-03-25 12:00:00
1679760000000,8.41,8.42,8.13,8.15,146685.2,2023-03-25 16:00:00
1679774400000,8.15,8.28,8.14,8.28,98936.09,2023-03-25 20:00:00
1679788800000,8.28,8.31,8.2,8.27,57250.29,2023-03-26 00:00:00
1679803200000,8.28,8.37,8.27,8.36,69285.45,2023-03-26 04:00:00
1679817600000,8.36,8.44,8.35,8.44,138823.67,2023-03-26 08:00:00
1679832000000,8.44,8.5,8.35,8.39,154602.48,2023-03-26 12:00:00
1679846400000,8.39,8.43,8.32,8.42,76387.08,2023-03-26 16:00:00
1679860800000,8.41,8.45,8.35,8.41,90186.47,2023-03-26 20:00:00
1679875200000,8.41,8.43,8.24,8.28,102326.23,2023-03-27 00:00:00
1679889600000,8.28,8.31,8.18,8.22,116929.17,2023-03-27 04:00:00
1679904000000,8.23,8.26,8.18,8.25,79406.82,2023-03-27 08:00:00
1679918400000,8.25,8.27,7.8,7.93,370309.84,2023-03-27 12:00:00
1679932800000,7.93,8.0,7.89,7.9,103188.51,2023-03-27 16:00:00
1679947200000,7.9,8.05,7.86,8.03,78290.8,2023-03-27 20:00:00
1679961600000,8.03,8.05,7.9,7.96,68092.52,2023-03-28 00:00:00
1679976000000,7.96,8.09,7.96,8.0,61821.92,2023-03-28 04:00:00
1679990400000,8.01,8.13,7.95,8.1,154123.85,2023-03-28 08:00:00
1680004800000,8.11,8.18,8.06,8.14,197038.91,2023-03-28 12:00:00
1680019200000,8.13,8.33,8.03,8.29,156106.73,2023-03-28 16:00:00
1680033600000,8.3,8.32,8.18,8.24,63593.14,2023-03-28 20:00:00
1680048000000,8.25,8.29,8.21,8.23,52346.39,2023-03-29 00:00:00
1680062400000,8.22,8.43,8.21,8.39,138833.43,2023-03-29 04:00:00
1680076800000,8.39,8.6,8.38,8.53,266550.31,2023-03-29 08:00:00
1680091200000,8.53,8.57,8.36,8.47,276743.38,2023-03-29 12:00:00
1680105600000,8.47,8.55,8.38,8.54,120949.74,2023-03-29 16:00:00
1680120000000,8.54,8.55,8.44,8.5,97067.93,2023-03-29 20:00:00
1680134400000,8.5,8.63,8.3,8.42,292572.23,2023-03-30 00:00:00
1680148800000,8.42,8.46,8.33,8.38,112170.32,2023-03-30 04:00:00
1680163200000,8.38,8.4,8.26,8.31,196176.64,2023-03-30 08:00:00
1680177600000,8.31,8.34,8.2,8.22,216118.02,2023-03-30 12:00:00
1680192000000,8.21,8.25,8.1,8.24,142758.93,2023-03-30 16:00:00
1680206400000,8.23,8.29,8.19,8.25,108531.91,2023-03-30 20:00:00
1680220800000,8.25,8.29,8.19,8.23,98331.12,2023-03-31 00:00:00
1680235200000,8.22,8.26,8.06,8.14,105695.77,2023-03-31 04:00:00
1680249600000,8.13,8.19,8.1,8.17,89130.4,2023-03-31 08:00:00
1680264000000,8.17,8.37,8.16,8.33,217847.97,2023-03-31 12:00:00
1680278400000,8.32,8.39,8.3,8.37,71902.71,2023-03-31 16:00:00
1680292800000,8.37,8.42,8.32,8.38,62999.87,2023-03-31 20:00:00
1680307200000,8.39,8.45,8.35,8.41,82499.16,2023-04-01 00:00:00
1680321600000,8.42,8.45,8.31,8.32,81191.31,2023-04-01 04:00:00
1680336000000,8.33,8.38,8.29,8.37,120858.7,2023-04-01 08:00:00
1680350400000,8.36,8.38,8.3,8.34,81043.79,2023-04-01 12:00:00
1680364800000,8.35,8.47,8.31,8.44,117756.87,2023-04-01 16:00:00
1680379200000,8.44,8.52,8.44,8.5,98187.11,2023-04-01 20:00:00
1680393600000,8.5,8.52,8.38,8.43,99341.39,2023-04-02 00:00:00
1680408000000,8.43,8.56,8.41,8.55,63442.79,2023-04-02 04:00:00
1680422400000,8.54,8.6,8.47,8.5,115474.33,2023-04-02 08:00:00
1680436800000,8.5,8.51,8.22,8.27,261268.14,2023-04-02 12:00:00
1680451200000,8.27,8.36,8.18,8.24,96170.92,2023-04-02 16:00:00
1680465600000,8.23,8.31,8.16,8.31,85420.91,2023-04-02 20:00:00
1680480000000,8.31,8.36,8.08,8.23,163565.06,2023-04-03 00:00:00
1680494400000,8.22,8.23,8.17,8.23,51204.98,2023-04-03 04:00:00
1680508800000,8.24,8.38,8.24,8.32,147374.36,2023-04-03 08:00:00
1680523200000,8.31,8.34,8.18,8.27,100705.77,2023-04-03 12:00:00
1680537600000,8.27,8.44,8.21,8.38,152796.09,2023-04-03 16:00:00
1680552000000,8.38,8.39,8.05,8.26,220696.95,2023-04-03 20:00:00
1680566400000,8.27,8.28,8.17,8.2,67022.82,2023-04-04 00:00:00
1680580800000,8.21,8.36,8.2,8.32,117410.28,2023-04-04 04:00:00
1680595200000,8.33,8.48,8.29,8.44,147458.34,2023-04-04 08:00:00
1680609600000,8.44,8.47,8.34,8.36,149934.1,2023-04-04 12:00:00
1680624000000,8.37,8.47,8.35,8.45,52886.41,2023-04-04 16:00:00
1680638400000,8.46,8.5,8.4,8.41,96387.39,2023-04-04 20:00:00
1680652800000,8.41,8.57,8.37,8.55,149396.2,2023-04-05 00:00:00
1680667200000,8.55,8.66,8.54,8.64,84585.56,2023-04-05 04:00:00
1680681600000,8.64,8.72,8.61,8.63,154650.71,2023-04-05 08:00:00
1680696000000,8.63,8.65,8.34,8.41,269461.01,2023-04-05 12:00:00
1680710400000,8.4,8.49,8.35,8.48,78398.66,2023-04-05 16:00:00
1680724800000,8.49,8.79,8.45,8.74,239713.29,2023-04-05 20:00:00
1680739200000,8.73,8.79,8.5,8.65,261325.95,2023-04-06 00:00:00
1680753600000,8.64,8.64,8.47,8.49,132417.75,2023-04-06 04:00:00
1680768000000,8.49,8.55,8.4,8.47,109869.43,2023-04-06 08:00:00
1680782400000,8.47,8.56,8.38,8.55,138725.92,2023-04-06 12:00:00
1680796800000,8.55,8.59,8.48,8.51,57074.24,2023-04-06 16:00:00
1680811200000,8.52,8.57,8.47,8.55,47769.11,2023-04-06 20:00:00
1680825600000,8.55,8.79,8.49,8.55,357606.8,2023-04-07 00:00:00
1680840000000,8.55,8.96,8.48,8.49,608822.18,2023-04-07 04:00:00
1680854400000,8.49,8.63,8.46,8.55,121168.28,2023-04-07 08:00:00
1680868800000,8.54,8.93,8.51,8.87,581105.9,2023-04-07 12:00:00
1680883200000,8.87,8.91,8.71,8.71,155727.22,2023-04-07 16:00:00
1680897600000,8.71,8.83,8.61,8.8,168564.31,2023-04-07 20:00:00
1680912000000,8.81,8.82,8.59,8.67,277185.8,2023-04-08 00:00:00
1680926400000,8.67,8.71,8.61,8.67,81619.25,2023-04-08 04:00:00
1680940800000,8.67,8.7,8.61,8.64,82033.21,2023-04-08 08:00:00
1680955200000,8.64,8.66,8.6,8.61,81540.06,2023-04-08 12:00:00
1680969600000,8.61,8.63,8.49,8.51,110736.46,2023-04-08 16:00:00
1680984000000,8.5,8.53,8.44,8.52,91739.86,2023-04-08 20:00:00
1680998400000,8.52,8.58,8.49,8.49,65501.0,2023-04-09 00:00:00
1681012800000,8.49,8.5,8.34,8.38,121261.14,2023-04-09 04:00:00
1681027200000,8.37,8.44,8.34,8.41,83803.86,2023-04-09 08:00:00
1681041600000,8.41,8.45,8.34,8.41,103117.12,2023-04-09 12:00:00
1681056000000,8.4,8.51,8.36,8.48,84468.74,2023-04-09 16:00:00
1681070400000,8.48,8.53,8.43,8.48,57047.19,2023-04-09 20:00:00
1681084800000,8.47,8.51,8.37,8.45,73114.37,2023-04-10 00:00:00
1681099200000,8.44,8.46,8.37,8.39,46748.56,2023-04-10 04:00:00
1681113600000,8.4,8.48,8.38,8.42,72428.21,2023-04-10 08:00:00
1681128000000,8.42,8.47,8.37,8.42,63063.26,2023-04-10 12:00:00
1681142400000,8.42,8.58,8.39,8.55,192924.28,2023-04-10 16:00:00
1681156800000,8.54,8.69,8.51,8.66,134602.42,2023-04-10 20:00:00
1681171200000,8.67,8.7,8.59,8.6,133499.81,2023-04-11 00:00:00
1681185600000,8.61,8.71,8.59,8.69,101459.74,2023-04-11 04:00:00
1681200000000,8.69,8.71,8.62,8.63,79170.11,2023-04-11 08:00:00
1681214400000,8.63,8.81,8.59,8.76,195538.19,2023-04-11 12:00:00
1681228800000,8.76,8.82,8.67,8.7,140330.96,2023-04-11 16:00:00
1681243200000,8.69,8.72,8.64,8.69,91790.55,2023-04-11 20:00:00
1681257600000,8.69,8.74,8.26,8.32,295933.05,2023-04-12 00:00:00
1681272000000,8.33,8.46,8.32,8.42,129888.69,2023-04-12 04:00:00
1681286400000,8.42,8.43,8.36,8.4,105917.44,2023-04-12 08:00:00
1681300800000,8.4,8.61,8.38,8.53,211668.91,2023-04-12 12:00:00
1681315200000,8.53,8.65,8.46,8.54,196472.65,2023-04-12 16:00:00
1681329600000,8.55,8.64,8.53,8.6,81661.83,2023-04-12 20:00:00
1681344000000,8.6,8.63,8.51,8.57,53011.16,2023-04-13 00:00:00
1681358400000,8.58,8.58,8.49,8.56,43548.89,2023-04-13 04:00:00
1681372800000,8.56,8.75,8.54,8.67,217295.38,2023-04-13 08:00:00
1681387200000,8.68,8.77,8.67,8.73,145564.65,2023-04-13 12:00:00
1681401600000,8.72,8.82,8.71,8.79,163049.0,2023-04-13 16:00:00
1681416000000,8.79,8.81,8.73,8.79,111872.76,2023-04-13 20:00:00
1681430400000,8.78,9.25,8.78,9.05,694033.23,2023-04-14 00:00:00
1681444800000,9.05,9.11,8.97,9.0,191080.43,2023-04-14 04:00:00
1681459200000,9.0,9.08,8.95,9.07,116347.45,2023-04-14 08:00:00
1681473600000,9.07,9.1,8.79,8.82,252796.18,2023-04-14 12:00:00
1681488000000,8.81,9.06,8.77,9.05,155230.69,2023-04-14 16:00:00
1681502400000,9.05,9.08,8.97,9.04,217543.12,2023-04-14 20:00:00
1681516800000,9.04,9.16,8.95,9.0,318007.47,2023-04-15 00:00:00
1681531200000,9.0,9.07,8.97,9.04,79596.67,2023-04-15 04:00:00
1681545600000,9.03,9.11,8.99,9.08,66974.99,2023-04-15 08:00:00
1681560000000,9.07,9.1,8.98,9.07,108797.62,2023-04-15 12:00:00
1681574400000,9.07,9.11,9.0,9.05,153041.77,2023-04-15 16:00:00
1681588800000,9.06,9.07,8.96,9.02,69832.84,2023-04-15 20:00:00
1681603200000,9.02,9.03,8.84,8.93,136067.29,2023-04-16 00:00:00
1681617600000,8.92,9.19,8.92,9.15,261436.33,2023-04-16 04:00:00
1681632000000,9.15,9.28,9.13,9.19,280224.45,2023-04-16 08:00:00
1681646400000,9.18,9.28,9.09,9.24,211361.59,2023-04-16 12:00:00
1681660800000,9.24,9.36,9.18,9.2,179560.34,2023-04-16 16:00:00
1681675200000,9.19,9.32,9.13,9.25,162601.08,2023-04-16 20:00:00
1681689600000,9.25,9.28,8.97,9.15,241760.77,2023-04-17 00:00:00
1681704000000,9.14,9.26,9.05,9.15,181579.86,2023-04-17 04:00:00
1681718400000,9.15,9.31,9.08,9.2,280059.16,2023-04-17 08:00:00
1681732800000,9.19,9.25,9.02,9.06,251198.53,2023-04-17 12:00:00
1681747200000,9.06,9.21,9.04,9.15,182121.5,2023-04-17 16:00:00
1681761600000,9.16,9.4,9.08,9.37,204650.94,2023-04-17 20:00:00
1681776000000,9.36,9.6,9.19,9.28,427311.61,2023-04-18 00:00:00
1681790400000,9.28,9.4,9.23,9.35,119506.09,2023-04-18 04:00:00
1681804800000,9.36,9.56,9.34,9.54,228444.39,2023-04-18 08:00:00
1681819200000,9.54,9.59,9.35,9.4,217476.91,2023-04-18 12:00:00
1681833600000,9.39,9.43,9.26,9.31,106528.77,2023-04-18 16:00:00
1681848000000,9.31,9.41,9.27,9.4,100194.11,2023-04-18 20:00:00
1681862400000,9.39,9.41,9.27,9.33,108781.74,2023-04-19 00:00:00
1681876800000,9.32,9.35,9.22,9.25,114696.5,2023-04-19 04:00:00
1681891200000,9.26,9.26,8.33,8.69,628029.55,2023-04-19 08:00:00
1681905600000,8.68,8.74,8.58,8.62,323007.82,2023-04-19 12:00:00
1681920000000,8.62,8.66,8.51,8.56,241870.08,2023-04-19 16:00:00
1681934400000,8.56,8.63,8.28,8.43,199234.11,2023-04-19 20:00:00
1681948800000,8.43,8.52,8.29,8.42,167779.75,2023-04-20 00:00:00
1681963200000,8.42,8.5,8.4,8.41,82389.11,2023-04-20 04:00:00
1681977600000,8.42,8.51,8.35,8.37,70135.36,2023-04-20 08:00:00
1681992000000,8.37,8.55,8.26,8.28,199277.11,2023-04-20 12:00:00
1682006400000,8.28,8.35,8.1,8.15,333675.39,2023-04-20 16:00:00
1682020800000,8.15,8.23,8.12,8.2,154621.72,2023-04-20 20:00:00
1682035200000,8.21,8.31,8.15,8.24,118347.13,2023-04-21 00:00:00
1682049600000,8.24,8.28,8.1,8.22,128493.1,2023-04-21 04:00:00
1682064000000,8.22,8.27,8.15,8.18,88679.69,2023-04-21 08:00:00
1682078400000,8.17,8.3,8.11,8.18,106748.1,2023-04-21 12:00:00
1682092800000,8.18,8.2,7.87,7.89,318399.88,2023-04-21 16:00:00
1682107200000,7.89,7.94,7.77,7.92,155245.64,2023-04-21 20:00:00
1682121600000,7.92,7.94,7.81,7.9,79701.29,2023-04-22 00:00:00
1682136000000,7.9,7.96,7.88,7.89,76674.97,2023-04-22 04:00:00
1682150400000,7.89,7.97,7.87,7.94,53376.13,2023-04-22 08:00:00
1682164800000,7.95,8.05,7.92,8.03,69969.7,2023-04-22 12:00:00
1682179200000,8.03,8.08,7.97,8.02,67646.08,2023-04-22 16:00:00
1682193600000,8.02,8.09,7.99,8.09,42098.76,2023-04-22 20:00:00
1682208000000,8.08,8.08,7.9,7.99,61756.95,2023-04-23 00:00:00
1682222400000,7.99,8.06,7.98,8.04,51643.66,2023-04-23 04:00:00
1682236800000,8.05,8.06,7.96,8.01,47697.76,2023-04-23 08:00:00
1682251200000,8.01,8.04,7.85,7.89,105637.64,2023-04-23 12:00:00
1682265600000,7.9,7.96,7.67,7.78,129509.51,2023-04-23 16:00:00
1682280000000,7.77,7.97,7.74,7.93,84050.35,2023-04-23 20:00:00
1682294400000,7.93,8.04,7.82,7.9,97861.84,2023-04-24 00:00:00
1682308800000,7.9,7.93,7.73,7.79,111120.16,2023-04-24 04:00:00
1682323200000,7.8,7.9,7.71,7.9,107332.86,2023-04-24 08:00:00
1682337600000,7.89,7.98,7.79,7.8,169324.4,2023-04-24 12:00:00
1682352000000,7.8,7.94,7.66,7.85,136495.73,2023-04-24 16:00:00
1682366400000,7.85,7.95,7.83,7.87,71304.04,2023-04-24 20:00:00
1682380800000,7.87,7.88,7.71,7.73,74354.89,2023-04-25 00:00:00
1682395200000,7.73,7.78,7.7,7.73,93602.49,2023-04-25 04:00:00
1682409600000,7.72,7.75,7.66,7.74,100901.47,2023-04-25 08:00:00
1682424000000,7.74,7.79,7.62,7.68,111064.55,2023-04-25 12:00:00
1682438400000,7.67,7.81,7.66,7.79,134551.06,2023-04-25 16:00:00
1682452800000,7.79,8.05,7.79,8.02,139636.12,2023-04-25 20:00:00
1682467200000,8.02,8.07,7.95,7.99,90217.07,2023-04-26 00:00:00
1682481600000,8.0,8.06,7.96,7.98,52579.14,2023-04-26 04:00:00
1682496000000,7.98,8.17,7.97,8.13,157405.71,2023-04-26 08:00:00
1682510400000,8.13,8.3,8.12,8.22,136070.92,2023-04-26 12:00:00
1682524800000,8.23,8.24,7.53,7.65,306701.57,2023-04-26 16:00:00
1682539200000,7.64,7.82,7.42,7.81,308363.33,2023-04-26 20:00:00
1682553600000,7.8,8.03,7.77,7.84,144020.94,2023-04-27 00:00:00
1682568000000,7.84,7.99,7.79,7.87,140647.14,2023-04-27 04:00:00
1682582400000,7.87,7.88,7.8,7.82,76326.58,2023-04-27 08:00:00
1682596800000,7.82,7.95,7.76,7.91,97230.52,2023-04-27 12:00:00
1682611200000,7.91,8.05,7.87,7.99,89427.73,2023-04-27 16:00:00
1682625600000,7.99,8.03,7.85,7.95,91364.09,2023-04-27 20:00:00
1682640000000,7.96,8.06,7.92,7.97,167290.59,2023-04-28 00:00:00
1682654400000,7.96,7.99,7.9,7.97,108181.74,2023-04-28 04:00:00
1682668800000,7.98,7.98,7.86,7.9,108393.99,2023-04-28 08:00:00
1682683200000,7.89,7.95,7.78,7.88,66566.85,2023-04-28 12:00:00
1682697600000,7.89,8.0,7.86,7.97,67476.71,2023-04-28 16:00:00
1682712000000,7.96,7.99,7.95,7.98,41219.3,2023-04-28 20:00:00
1682726400000,7.98,8.02,7.93,8.0,43630.99,2023-04-29 00:00:00
1682740800000,8.01,8.04,7.96,7.97,31195.5,2023-04-29 04:00:00
1682755200000,7.98,8.03,7.95,8.02,56461.37,2023-04-29 08:00:00
1682769600000,8.03,8.08,7.99,8.01,55987.43,2023-04-29 12:00:00
1682784000000,8.01,8.04,7.89,8.04,79708.43,2023-04-29 16:00:00
1682798400000,8.04,8.04,7.97,8.01,22675.33,2023-04-29 20:00:00
1682812800000,8.01,8.02,7.88,7.91,48806.26,2023-04-30 00:00:00
1682827200000,7.9,7.98,7.9,7.92,21896.05,2023-04-30 04:00:00
1682841600000,7.92,7.96,7.88,7.89,36423.75,2023-04-30 08:00:00
1682856000000,7.89,8.06,7.86,8.0,69551.89,2023-04-30 12:00:00
1682870400000,8.0,8.14,7.95,8.0,217668.43,2023-04-30 16:00:00
1682884800000,8.0,8.0,7.86,7.9,78910.09,2023-04-30 20:00:00
1682899200000,7.91,7.94,7.63,7.73,114524.0,2023-05-01 00:00:00
1682913600000,7.72,7.77,7.66,7.74,55421.16,2023-05-01 04:00:00
1682928000000,7.74,7.77,7.68,7.69,38896.67,2023-05-01 08:00:00
1682942400000,7.69,7.73,7.59,7.64,80343.63,2023-05-01 12:00:00
1682956800000,7.64,7.65,7.48,7.53,100031.36,2023-05-01 16:00:00
1682971200000,7.52,7.62,7.48,7.6,42817.43,2023-05-01 20:00:00
1682985600000,7.6,7.6,7.54,7.6,62111.73,2023-05-02 00:00:00
1683000000000,7.59,7.63,7.54,7.6,49751.3,2023-05-02 04:00:00
1683014400000,7.61,7.63,7.56,7.6,46574.58,2023-05-02 08:00:00
1683028800000,7.61,7.66,7.52,7.62,87732.15,2023-05-02 12:00:00
1683043200000,7.63,7.66,7.58,7.62,45320.62,2023-05-02 16:00:00
1683057600000,7.62,7.64,7.6,7.62,48538.85,2023-05-02 20:00:00
1683072000000,7.62,7.62,7.49,7.52,53469.55,2023-05-03 00:00:00
1683086400000,7.52,7.55,7.49,7.5,30500.13,2023-05-03 04:00:00
1683100800000,7.5,7.54,7.47,7.47,50895.98,2023-05-03 08:00:00
1683115200000,7.47,7.49,7.38,7.45,111049.38,2023-05-03 12:00:00
1683129600000,7.45,7.6,7.39,7.5,132224.88,2023-05-03 16:00:00
1683144000000,7.5,7.77,7.49,7.71,108508.69,2023-05-03 20:00:00
1683158400000,7.71,7.73,7.61,7.64,53250.14,2023-05-04 00:00:00
1683172800000,7.65,7.67,7.62,7.63,48365.54,2023-05-04 04:00:00
1683187200000,7.63,7.69,7.6,7.63,82725.6,2023-05-04 08:00:00
1683201600000,7.64,7.66,7.53,7.57,64638.23,2023-05-04 12:00:00
1683216000000,7.57,7.6,7.5,7.55,39357.26,2023-05-04 16:00:00
1683230400000,7.55,7.58,7.53,7.57,27096.88,2023-05-04 20:00:00
1683244800000,7.57,7.69,7.55,7.63,46915.23,2023-05-05 00:00:00
1683259200000,7.62,7.65,7.59,7.61,29640.42,2023-05-05 04:00:00
1683273600000,7.61,7.64,7.58,7.62,27954.15,2023-05-05 08:00:00
1683288000000,7.62,7.73,7.47,7.71,127803.17,2023-05-05 12:00:00
1683302400000,7.72,7.81,7.68,7.73,121482.62,2023-05-05 16:00:00
1683316800000,7.74,7.75,7.7,7.72,37283.08,2023-05-05 20:00:00
1683331200000,7.72,7.76,7.62,7.62,68096.09,2023-05-06 00:00:00
1683345600000,7.62,7.65,7.57,7.58,49789.29,2023-05-06 04:00:00
1683360000000,7.58,7.59,7.51,7.54,81990.31,2023-05-06 08:00:00
1683374400000,7.53,7.53,7.28,7.32,217510.16,2023-05-06 12:00:00
1683388800000,7.32,7.41,7.31,7.4,137286.43,2023-05-06 16:00:00
1683403200000,7.39,7.41,7.32,7.39,61203.1,2023-05-06 20:00:00
1683417600000,7.39,7.43,7.32,7.33,54815.9,2023-05-07 00:00:00
1683432000000,7.33,7.43,7.33,7.4,28586.76,2023-05-07 04:00:00
1683446400000,7.41,7.43,7.34,7.36,43578.88,2023-05-07 08:00:00
1683460800000,7.37,7.45,7.36,7.4,57318.86,2023-05-07 12:00:00
1683475200000,7.39,7.4,7.29,7.32,129910.02,2023-05-07 16:00:00
1683489600000,7.32,7.37,7.24,7.28,73676.5,2023-05-07 20:00:00
1683504000000,7.27,7.31,6.87,6.98,328068.58,2023-05-08 00:00:00
1683518400000,6.98,7.0,6.81,6.87,130692.1,2023-05-08 04:00:00
1683532800000,6.87,6.99,6.81,6.97,150743.59,2023-05-08 08:00:00
1683547200000,6.97,6.99,6.89,6.94,93072.69,2023-05-08 12:00:00
1683561600000,6.94,6.95,6.5,6.71,280741.57,2023-05-08 16:00:00
1683576000000,6.71,6.83,6.71,6.81,69432.3,2023-05-08 20:00:00
1683590400000,6.82,6.82,6.74,6.8,49735.69,2023-05-09 00:00:00
1683604800000,6.79,6.87,6.75,6.87,74905.26,2023-05-09 04:00:00
1683619200000,6.87,7.03,6.82,6.95,177951.03,2023-05-09 08:00:00
1683633600000,6.95,6.96,6.83,6.85,119437.26,2023-05-09 12:00:00
1683648000000,6.86,6.97,6.84,6.93,64593.77,2023-05-09 16:00:00
1683662400000,6.93,6.95,6.88,6.93,32538.44,2023-05-09 20:00:00
1683676800000,6.92,6.95,6.86,6.88,41358.06,2023-05-10 00:00:00
1683691200000,6.88,6.94,6.85,6.87,44497.87,2023-05-10 04:00:00
1683705600000,6.88,6.89,6.8,6.84,88405.07,2023-05-10 08:00:00
1683720000000,6.85,7.06,6.8,7.01,165009.62,2023-05-10 12:00:00
1683734400000,7.01,7.05,6.6,6.98,341323.92,2023-05-10 16:00:00
1683748800000,6.98,7.07,6.92,6.96,90736.17,2023-05-10 20:00:00
1683763200000,6.96,6.96,6.81,6.83,48978.31,2023-05-11 00:00:00
1683777600000,6.82,6.87,6.78,6.82,72263.76,2023-05-11 04:00:00
1683792000000,6.83,6.87,6.76,6.82,80089.36,2023-05-11 08:00:00
1683806400000,6.82,6.88,6.67,6.73,159124.16,2023-05-11 12:00:00
1683820800000,6.73,6.76,6.61,6.7,133171.24,2023-05-11 16:00:00
1683835200000,6.7,6.77,6.69,6.72,41970.52,2023-05-11 20:00:00
1683849600000,6.72,6.79,6.6,6.62,74118.71,2023-05-12 00:00:00
1683864000000,6.61,6.69,6.56,6.65,96929.25,2023-05-12 04:00:00
1683878400000,6.65,6.71,6.63,6.66,46416.37,2023-05-12 08:00:00
1683892800000,6.66,6.71,6.58,6.6,92367.96,2023-05-12 12:00:00
1683907200000,6.6,6.67,6.48,6.67,109397.52,2023-05-12 16:00:00
1683921600000,6.67,6.81,6.64,6.77,109988.78,2023-05-12 20:00:00
1683936000000,6.78,6.8,6.71,6.74,34513.62,2023-05-13 00:00:00
1683950400000,6.75,6.81,6.73,6.8,33152.52,2023-05-13 04:00:00
1683964800000,6.8,6.81,6.73,6.74,34552.18,2023-05-13 08:00:00
1683979200000,6.75,6.77,6.66,6.73,72092.59,2023-05-13 12:00:00
1683993600000,6.73,6.83,6.7,6.76,77492.62,2023-05-13 16:00:00
1684008000000,6.76,6.8,6.75,6.77,27339.94,2023-05-13 20:00:00
1684022400000,6.77,6.77,6.68,6.73,37491.27,2023-05-14 00:00:00
1684036800000,6.74,6.78,6.72,6.75,25879.53,2023-05-14 04:00:00
1684051200000,6.75,6.77,6.73,6.73,50543.36,2023-05-14 08:00:00
1684065600000,6.74,6.83,6.71,6.8,69363.42,2023-05-14 12:00:00
1684080000000,6.8,6.82,6.73,6.75,42209.15,2023-05-14 16:00:00
1684094400000,6.74,6.83,6.72,6.81,47421.09,2023-05-14 20:00:00
1684108800000,6.81,6.86,6.7,6.83,94799.39,2023-05-15 00:00:00
1684123200000,6.83,6.92,6.8,6.91,147893.92,2023-05-15 04:00:00
1684137600000,6.9,6.91,6.83,6.83,69060.19,2023-05-15 08:00:00
1684152000000,6.84,6.86,6.78,6.84,61979.53,2023-05-15 12:00:00
1684166400000,6.85,6.87,6.8,6.83,69417.12,2023-05-15 16:00:00
1684180800000,6.84,6.86,6.8,6.81,28340.3,2023-05-15 20:00:00
1684195200000,6.8,6.82,6.71,6.76,66368.55,2023-05-16 00:00:00
1684209600000,6.77,6.83,6.73,6.82,37298.89,2023-05-16 04:00:00
1684224000000,6.83,6.85,6.75,6.78,86935.53,2023-05-16 08:00:00
1684238400000,6.78,6.8,6.74,6.79,51072.11,2023-05-16 12:00:00
1684252800000,6.79,6.83,6.74,6.76,46845.36,2023-05-16 16:00:00
1684267200000,6.75,6.83,6.74,6.83,34417.12,2023-05-16 20:00:00
1684281600000,6.83,7.08,6.79,7.01,326016.19,2023-05-17 00:00:00
1684296000000,7.0,7.05,6.92,6.94,269349.45,2023-05-17 04:00:00
1684310400000,6.94,8.5,6.87,7.43,4847391.69,2023-05-17 08:00:00
1684324800000,7.43,7.47,7.12,7.2,840109.78,2023-05-17 12:00:00
1684339200000,7.2,7.38,7.17,7.34,530543.13,2023-05-17 16:00:00
1684353600000,7.34,7.38,7.26,7.32,276166.27,2023-05-17 20:00:00
1684368000000,7.32,7.56,7.28,7.43,850087.25,2023-05-18 00:00:00
1684382400000,7.44,7.45,7.26,7.3,651439.7,2023-05-18 04:00:00
1684396800000,7.3,7.3,7.15,7.18,538330.65,2023-05-18 08:00:00
1684411200000,7.18,7.22,7.07,7.12,473178.23,2023-05-18 12:00:00
1684425600000,7.12,7.18,6.89,6.96,461578.42,2023-05-18 16:00:00
1684440000000,6.95,7.09,6.94,7.03,211707.71,2023-05-18 20:00:00
1684454400000,7.02,7.13,6.95,6.99,277397.78,2023-05-19 00:00:00
1684468800000,6.99,7.03,6.96,6.97,141523.49,2023-05-19 04:00:00
1684483200000,6.96,7.03,6.96,6.99,120233.14,2023-05-19 08:00:00
1684497600000,7.0,7.03,6.91,6.98,221616.14,2023-05-19 12:00:00
1684512000000,6.97,7.05,6.95,6.99,147789.42,2023-05-19 16:00:00
1684526400000,6.98,7.04,6.97,7.01,70883.05,2023-05-19 20:00:00
1684540800000,7.01,7.02,6.94,7.0,110074.08,2023-05-20 00:00:00
1684555200000,7.01,7.01,6.96,6.98,44336.85,2023-05-20 04:00:00
1684569600000,6.98,7.02,6.96,7.0,73268.43,2023-05-20 08:00:00
1684584000000,7.0,7.02,6.98,7.0,51976.91,2023-05-20 12:00:00
1684598400000,6.99,7.04,6.97,7.02,90107.51,2023-05-20 16:00:00
1684612800000,7.01,7.06,7.01,7.05,77513.9,2023-05-20 20:00:00
1684627200000,7.06,7.06,6.97,7.0,64716.35,2023-05-21 00:00:00
1684641600000,7.0,7.04,6.99,7.0,54812.18,2023-05-21 04:00:00
1684656000000,7.0,7.03,6.89,6.91,137333.58,2023-05-21 08:00:00
1684670400000,6.91,6.97,6.75,6.82,181655.25,2023-05-21 12:00:00
1684684800000,6.83,6.84,6.76,6.84,89978.2,2023-05-21 16:00:00
1684699200000,6.84,6.86,6.79,6.82,66587.64,2023-05-21 20:00:00
1684713600000,6.81,6.93,6.68,6.83,251997.9,2023-05-22 00:00:00
1684728000000,6.83,6.88,6.77,6.81,94578.01,2023-05-22 04:00:00
1684742400000,6.82,6.93,6.81,6.92,136662.76,2023-05-22 08:00:00
1684756800000,6.92,6.95,6.86,6.9,112851.35,2023-05-22 12:00:00
1684771200000,6.9,6.92,6.84,6.89,64633.87,2023-05-22 16:00:00
1684785600000,6.9,6.94,6.87,6.89,54247.13,2023-05-22 20:00:00
1684800000000,6.9,7.05,6.82,7.03,179947.51,2023-05-23 00:00:00
1684814400000,7.03,7.05,6.92,6.93,116188.69,2023-05-23 04:00:00
1684828800000,6.94,6.94,6.87,6.88,79563.69,2023-05-23 08:00:00
1684843200000,6.89,6.95,6.87,6.94,144202.73,2023-05-23 12:00:00
1684857600000,6.93,6.95,6.89,6.91,84404.45,2023-05-23 16:00:00
1684872000000,6.9,6.95,6.9,6.92,40741.11,2023-05-23 20:00:00
1684886400000,6.92,6.93,6.7,6.79,236186.02,2023-05-24 00:00:00
1684900800000,6.79,6.79,6.69,6.7,136239.42,2023-05-24 04:00:00
1684915200000,6.7,6.75,6.68,6.7,90417.8,2023-05-24 08:00:00
1684929600000,6.7,6.73,6.51,6.59,305145.72,2023-05-24 12:00:00
1684944000000,6.59,6.66,6.57,6.63,105564.04,2023-05-24 16:00:00
1684958400000,6.63,6.71,6.63,6.65,101110.87,2023-05-24 20:00:00
1684972800000,6.65,7.2,6.48,7.03,823448.5,2023-05-25 00:00:00
1684987200000,7.03,7.09,6.84,6.93,962195.07,2023-05-25 04:00:00
1685001600000,6.94,6.97,6.84,6.94,214426.94,2023-05-25 08:00:00
1685016000000,6.94,6.99,6.76,6.78,282775.5,2023-05-25 12:00:00
1685030400000,6.78,6.93,6.78,6.9,130334.79,2023-05-25 16:00:00
1685044800000,6.9,6.97,6.89,6.91,104500.04,2023-05-25 20:00:00
1685059200000,6.9,6.92,6.76,6.81,190823.17,2023-05-26 00:00:00
1685073600000,6.81,6.84,6.72,6.83,149880.08,2023-05-26 04:00:00
1685088000000,6.83,6.86,6.79,6.81,106654.95,2023-05-26 08:00:00
1685102400000,6.81,6.91,6.79,6.88,127712.08,2023-05-26 12:00:00
1685116800000,6.89,6.92,6.82,6.88,97582.67,2023-05-26 16:00:00
1685131200000,6.88,6.92,6.85,6.86,55052.92,2023-05-26 20:00:00
1685145600000,6.85,6.92,6.81,6.92,60353.9,2023-05-27 00:00:00
1685160000000,6.92,6.92,6.85,6.87,75571.83,2023-05-27 04:00:00
1685174400000,6.87,6.91,6.84,6.84,60478.19,2023-05-27 08:00:00
1685188800000,6.85,6.89,6.8,6.84,116045.46,2023-05-27 12:00:00
1685203200000,6.84,6.89,6.8,6.88,53753.49,2023-05-27 16:00:00
1685217600000,6.88,7.04,6.87,7.0,115276.66,2023-05-27 20:00:00
1685232000000,7.01,7.07,6.95,7.06,133731.57,2023-05-28 00:00:00
1685246400000,7.05,7.08,7.02,7.05,91585.52,2023-05-28 04:00:00
1685260800000,7.06,7.19,6.99,7.08,229803.86,2023-05-28 08:00:00
1685275200000,7.08,7.1,7.01,7.06,127717.36,2023-05-28 12:00:00
1685289600000,7.06,7.14,7.03,7.09,159277.11,2023-05-28 16:00:00
1685304000000,7.09,7.24,7.08,7.16,170878.32,2023-05-28 20:00:00
1685318400000,7.16,7.21,7.08,7.1,172323.8,2023-05-29 00:00:00
1685332800000,7.1,7.23,7.06,7.23,226110.99,2023-05-29 04:00:00
1685347200000,7.22,7.25,7.12,7.17,168899.68,2023-05-29 08:00:00
1685361600000,7.17,7.2,7.08,7.09,126591.43,2023-05-29 12:00:00
1685376000000,7.09,7.26,7.04,7.2,245432.23,2023-05-29 16:00:00
1685390400000,7.2,7.26,7.17,7.18,114612.77,2023-05-29 20:00:00
1685404800000,7.18,7.2,7.1,7.15,138781.83,2023-05-30 00:00:00
1685419200000,7.15,7.16,7.04,7.04,120485.42,2023-05-30 04:00:00
1685433600000,7.03,7.14,7.02,7.13,113578.6,2023-05-30 08:00:00
1685448000000,7.13,7.15,7.02,7.03,144273.81,2023-05-30 12:00:00
1685462400000,7.03,7.1,7.01,7.08,117815.3,2023-05-30 16:00:00
1685476800000,7.08,7.1,7.05,7.07,65275.54,2023-05-30 20:00:00
1685491200000,7.07,7.11,7.0,7.1,89205.0,2023-05-31 00:00:00
1685505600000,7.11,7.11,6.88,6.93,209290.74,2023-05-31 04:00:00
1685520000000,6.93,6.94,6.85,6.87,115835.52,2023-05-31 08:00:00
1685534400000,6.88,6.93,6.82,6.82,105538.07,2023-05-31 12:00:00
1685548800000,6.82,6.9,6.81,6.87,47625.28,2023-05-31 16:00:00
1685563200000,6.87,6.9,6.85,6.85,69552.97,2023-05-31 20:00:00
1685577600000,6.86,6.92,6.74,6.85,200526.39,2023-06-01 00:00:00
1685592000000,6.85,6.89,6.82,6.82,86997.18,2023-06-01 04:00:00
1685606400000,6.82,6.97,6.8,6.91,256296.29,2023-06-01 08:00:00
1685620800000,6.92,7.03,6.9,7.01,232685.48,2023-06-01 12:00:00
1685635200000,7.0,7.05,6.95,7.0,174536.66,2023-06-01 16:00:00
1685649600000,7.0,7.02,6.94,6.97,95018.29,2023-06-01 20:00:00
1685664000000,6.96,7.07,6.92,6.99,268917.83,2023-06-02 00:00:00
1685678400000,7.0,7.09,7.0,7.05,154964.52,2023-06-02 04:00:00
1685692800000,7.05,7.1,7.05,7.09,91135.06,2023-06-02 08:00:00
1685707200000,7.09,7.1,6.98,7.05,277001.24,2023-06-02 12:00:00
1685721600000,7.05,7.12,7.02,7.1,116663.34,2023-06-02 16:00:00
1685736000000,7.1,7.16,7.08,7.13,145028.79,2023-06-02 20:00:00
1685750400000,7.13,7.15,7.09,7.1,125039.26,2023-06-03 00:00:00
1685764800000,7.1,7.25,7.1,7.22,139138.74,2023-06-03 04:00:00
1685779200000,7.23,7.25,7.14,7.16,214862.05,2023-06-03 08:00:00
1685793600000,7.15,7.22,7.13,7.21,148307.94,2023-06-03 12:00:00
1685808000000,7.21,7.23,7.11,7.13,158374.72,2023-06-03 16:00:00
1685822400000,7.13,7.19,7.12,7.16,167399.54,2023-06-03 20:00:00
1685836800000,7.16,7.3,7.14,7.16,191514.06,2023-06-04 00:00:00
1685851200000,7.16,7.2,7.15,7.19,61427.07,2023-06-04 04:00:00
1685865600000,7.19,7.26,7.19,7.2,113078.04,2023-06-04 08:00:00
1685880000000,7.2,7.23,7.15,7.17,106112.74,2023-06-04 12:00:00
1685894400000,7.17,7.25,7.14,7.24,99162.09,2023-06-04 16:00:00
1685908800000,7.24,7.33,7.21,7.23,311440.48,2023-06-04 20:00:00
1685923200000,7.23,7.33,7.06,7.07,384123.73,2023-06-05 00:00:00
1685937600000,7.07,7.41,7.03,7.34,433330.76,2023-06-05 04:00:00
1685952000000,7.35,7.45,7.26,7.38,421505.0,2023-06-05 08:00:00
1685966400000,7.39,7.49,6.85,6.86,1091596.27,2023-06-05 12:00:00
1685980800000,6.85,6.89,6.6,6.67,901111.83,2023-06-05 16:00:00
1685995200000,6.67,6.68,6.54,6.58,291067.04,2023-06-05 20:00:00
1686009600000,6.57,6.72,6.5,6.64,262210.53,2023-06-06 00:00:00
1686024000000,6.64,6.69,6.56,6.58,110007.95,2023-06-06 04:00:00
1686038400000,6.58,6.68,6.57,6.6,129822.77,2023-06-06 08:00:00
1686052800000,6.6,6.69,6.42,6.61,421587.08,2023-06-06 12:00:00
1686067200000,6.61,6.8,6.6,6.79,270166.71,2023-06-06 16:00:00
1686081600000,6.79,6.81,6.7,6.77,157279.29,2023-06-06 20:00:00
1686096000000,6.76,6.77,6.62,6.65,190386.98,2023-06-07 00:00:00
1686110400000,6.65,6.7,6.59,6.61,165807.55,2023-06-07 04:00:00
1686124800000,6.62,6.65,6.46,6.57,239290.9,2023-06-07 08:00:00
1686139200000,6.57,6.57,6.32,6.35,335928.32,2023-06-07 12:00:00
1686153600000,6.36,6.38,6.24,6.28,345086.81,2023-06-07 16:00:00
1686168000000,6.28,6.3,6.15,6.28,207577.67,2023-06-07 20:00:00
1686182400000,6.28,6.31,6.14,6.16,198843.02,2023-06-08 00:00:00
1686196800000,6.17,6.23,6.12,6.18,231862.68,2023-06-08 04:00:00
1686211200000,6.18,6.25,6.16,6.24,186904.74,2023-06-08 08:00:00
1686225600000,6.24,6.29,6.21,6.27,155422.28,2023-06-08 12:00:00
1686240000000,6.27,6.28,6.16,6.23,122582.31,2023-06-08 16:00:00
1686254400000,6.23,6.28,6.23,6.25,84291.31,2023-06-08 20:00:00
1686268800000,6.25,6.28,6.13,6.18,217159.45,2023-06-09 00:00:00
1686283200000,6.17,6.2,6.11,6.12,110117.03,2023-06-09 04:00:00
1686297600000,6.12,6.24,6.07,6.21,178876.45,2023-06-09 08:00:00
1686312000000,6.21,6.31,6.19,6.2,139043.12,2023-06-09 12:00:00
1686326400000,6.21,6.22,5.97,5.99,266985.26,2023-06-09 16:00:00
1686340800000,5.98,6.07,5.98,6.02,146911.05,2023-06-09 20:00:00
1686355200000,6.03,6.03,5.68,5.72,421478.83,2023-06-10 00:00:00
1686369600000,5.71,5.73,4.73,4.9,2135769.2,2023-06-10 04:00:00
1686384000000,4.9,4.99,4.85,4.98,558404.06,2023-06-10 08:00:00
1686398400000,4.98,4.99,4.79,4.81,722508.45,2023-06-10 12:00:00
1686412800000,4.81,5.03,4.71,4.91,677724.37,2023-06-10 16:00:00
1686427200000,4.9,5.02,4.87,4.99,193073.49,2023-06-10 20:00:00
1686441600000,4.99,5.04,4.95,4.99,173577.68,2023-06-11 00:00:00
1686456000000,4.99,5.02,4.91,4.92,202007.64,2023-06-11 04:00:00
1686470400000,4.92,4.99,4.9,4.97,202028.61,2023-06-11 08:00:00
1686484800000,4.97,4.99,4.85,4.85,232205.05,2023-06-11 12:00:00
1686499200000,4.85,5.01,4.84,5.0,255562.43,2023-06-11 16:00:00
1686513600000,4.99,5.05,4.91,4.96,188204.42,2023-06-11 20:00:00
1686528000000,4.96,4.96,4.73,4.8,347309.41,2023-06-12 00:00:00
1686542400000,4.8,4.87,4.78,4.82,189979.76,2023-06-12 04:00:00
1686556800000,4.82,5.0,4.8,4.91,301054.16,2023-06-12 08:00:00
1686571200000,4.91,4.94,4.86,4.88,142751.57,2023-06-12 12:00:00
1686585600000,4.88,4.92,4.83,4.87,191890.27,2023-06-12 16:00:00
1686600000000,4.87,4.97,4.87,4.92,107196.69,2023-06-12 20:00:00
1686614400000,4.92,5.02,4.88,5.0,228001.4,2023-06-13 00:00:00
1686628800000,5.0,5.19,4.96,5.12,342940.77,2023-06-13 04:00:00
1686643200000,5.12,5.14,5.01,5.06,322346.21,2023-06-13 08:00:00
1686657600000,5.06,5.12,4.81,4.83,454264.11,2023-06-13 12:00:00
1686672000000,4.83,4.91,4.83,4.87,146901.91,2023-06-13 16:00:00
1686686400000,4.87,4.91,4.85,4.91,99234.49,2023-06-13 20:00:00
1686700800000,4.92,5.12,4.88,5.02,245304.13,2023-06-14 00:00:00
1686715200000,5.02,5.05,4.93,4.95,133124.91,2023-06-14 04:00:00
1686729600000,4.95,5.02,4.94,4.99,100075.49,2023-06-14 08:00:00
1686744000000,4.99,5.03,4.96,4.97,135521.37,2023-06-14 12:00:00
1686758400000,4.97,5.03,4.93,4.95,175168.7,2023-06-14 16:00:00
1686772800000,4.95,4.96,4.6,4.71,750037.35,2023-06-14 20:00:00
1686787200000,4.71,4.77,4.68,4.74,165118.82,2023-06-15 00:00:00
1686801600000,4.74,4.74,4.66,4.71,225670.14,2023-06-15 04:00:00
1686816000000,4.72,4.74,4.66,4.71,224974.02,2023-06-15 08:00:00
1686830400000,4.72,4.73,4.65,4.66,177371.44,2023-06-15 12:00:00
1686844800000,4.66,4.79,4.61,4.78,193569.9,2023-06-15 16:00:00
1686859200000,4.77,4.86,4.73,4.78,106835.27,2023-06-15 20:00:00
1686873600000,4.78,4.79,4.73,4.78,66793.26,2023-06-16 00:00:00
1686888000000,4.79,4.8,4.76,4.78,97036.52,2023-06-16 04:00:00
1686902400000,4.77,4.81,4.67,4.69,205976.34,2023-06-16 08:00:00
1686916800000,4.69,4.77,4.65,4.76,252555.26,2023-06-16 12:00:00
1686931200000,4.77,4.89,4.74,4.85,202664.68,2023-06-16 16:00:00
1686945600000,4.84,4.88,4.82,4.83,111729.39,2023-06-16 20:00:00
1686960000000,4.83,4.88,4.81,4.87,163123.01,2023-06-17 00:00:00
1686974400000,4.87,5.05,4.85,4.95,305532.97,2023-06-17 04:00:00
1686988800000,4.95,4.99,4.93,4.95,189053.26,2023-06-17 08:00:00
1687003200000,4.94,4.98,4.9,4.91,247314.59,2023-06-17 12:00:00
1687017600000,4.91,4.96,4.89,4.92,107384.5,2023-06-17 16:00:00
1687032000000,4.91,4.96,4.9,4.92,89478.65,2023-06-17 20:00:00
1687046400000,4.91,4.92,4.86,4.92,186177.22,2023-06-18 00:00:00
1687060800000,4.91,4.95,4.9,4.91,101959.33,2023-06-18 04:00:00
1687075200000,4.91,4.97,4.9,4.97,130849.02,2023-06-18 08:00:00
1687089600000,4.96,4.98,4.92,4.96,104618.33,2023-06-18 12:00:00
1687104000000,4.97,5.01,4.97,4.98,87112.95,2023-06-18 16:00:00
1687118400000,4.99,5.0,4.83,4.85,250743.98,2023-06-18 20:00:00
1687132800000,4.84,4.89,4.82,4.85,144646.86,2023-06-19 00:00:00
1687147200000,4.85,4.89,4.84,4.86,96845.42,2023-06-19 04:00:00
1687161600000,4.87,4.88,4.82,4.86,124679.97,2023-06-19 08:00:00
1687176000000,4.85,4.89,4.83,4.85,155515.41,2023-06-19 12:00:00
1687190400000,4.86,4.98,4.8,4.95,279748.87,2023-06-19 16:00:00
1687204800000,4.95,5.0,4.94,4.99,119886.35,2023-06-19 20:00:00
1687219200000,4.99,5.03,4.96,4.97,135669.43,2023-06-20 00:00:00
1687233600000,4.97,5.0,4.93,4.95,106026.83,2023-06-20 04:00:00
1687248000000,4.95,5.0,4.93,4.98,156495.95,2023-06-20 08:00:00
1687262400000,4.98,5.0,4.87,4.96,147736.06,2023-06-20 12:00:00
1687276800000,4.96,5.2,4.95,5.18,310572.22,2023-06-20 16:00:00
1687291200000,5.19,5.24,5.16,5.23,188403.0,2023-06-20 20:00:00
1687305600000,5.22,5.47,5.19,5.41,481355.28,2023-06-21 00:00:00
1687320000000,5.41,5.42,5.35,5.38,193459.76,2023-06-21 04:00:00
1687334400000,5.38,5.41,5.34,5.39,211015.24,2023-06-21 08:00:00
1687348800000,5.38,5.45,5.32,5.41,267920.25,2023-06-21 12:00:00
1687363200000,5.41,5.55,5.4,5.5,325270.54,2023-06-21 16:00:00
1687377600000,5.51,5.55,5.45,5.49,180158.59,2023-06-21 20:00:00
1687392000000,5.49,5.71,5.46,5.61,228601.54,2023-06-22 00:00:00
1687406400000,5.62,5.63,5.48,5.57,374200.76,2023-06-22 04:00:00
1687420800000,5.57,5.63,5.3,5.42,381704.4,2023-06-22 08:00:00
1687435200000,5.42,5.52,5.34,5.43,209275.64,2023-06-22 12:00:00
1687449600000,5.43,5.48,5.4,5.45,122711.77,2023-06-22 16:00:00
1687464000000,5.45,5.45,5.34,5.36,91723.81,2023-06-22 20:00:00
1687478400000,5.35,5.82,5.35,5.63,772763.71,2023-06-23 00:00:00
1687492800000,5.64,5.69,5.52,5.55,362338.83,2023-06-23 04:00:00
1687507200000,5.55,5.59,5.49,5.55,219942.61,2023-06-23 08:00:00
1687521600000,5.54,5.63,5.42,5.62,352824.07,2023-06-23 12:00:00
1687536000000,5.62,5.76,5.59,5.7,338431.92,2023-06-23 16:00:00
1687550400000,5.69,5.74,5.58,5.67,127927.35,2023-06-23 20:00:00
1687564800000,5.67,6.44,5.63,6.14,2605646.88,2023-06-24 00:00:00
1687579200000,6.14,6.18,6.01,6.02,483782.3,2023-06-24 04:00:00
1687593600000,6.02,6.09,5.96,5.99,277909.72,2023-06-24 08:00:00
1687608000000,6.0,6.05,5.71,5.76,391259.14,2023-06-24 12:00:00
1687622400000,5.76,5.9,5.72,5.86,361871.75,2023-06-24 16:00:00
1687636800000,5.87,5.92,5.78,5.9,175612.81,2023-06-24 20:00:00
1687651200000,5.9,6.28,5.9,5.99,1017145.96,2023-06-25 00:00:00
1687665600000,5.99,6.04,5.94,5.99,278879.76,2023-06-25 04:00:00
1687680000000,5.99,6.05,5.96,6.0,207529.73,2023-06-25 08:00:00
1687694400000,6.0,6.02,5.81,5.87,291873.24,2023-06-25 12:00:00
1687708800000,5.88,5.92,5.83,5.86,152272.68,2023-06-25 16:00:00
1687723200000,5.87,5.89,5.83,5.87,135519.01,2023-06-25 20:00:00
1687737600000,5.86,5.88,5.67,5.73,331931.08,2023-06-26 00:00:00
1687752000000,5.73,5.81,5.69,5.72,190469.11,2023-06-26 04:00:00
1687766400000,5.71,5.75,5.67,5.73,163337.86,2023-06-26 08:00:00
1687780800000,5.72,5.83,5.71,5.77,169773.68,2023-06-26 12:00:00
1687795200000,5.77,5.78,5.56,5.71,323426.31,2023-06-26 16:00:00
1687809600000,5.71,6.1,5.61,5.79,333585.4,2023-06-26 20:00:00
1687824000000,5.79,6.0,5.79,5.86,513812.5,2023-06-27 00:00:00
1687838400000,5.86,5.89,5.78,5.83,204280.73,2023-06-27 04:00:00
1687852800000,5.83,5.97,5.79,5.91,324689.96,2023-06-27 08:00:00
1687867200000,5.91,5.93,5.81,5.82,270605.13,2023-06-27 12:00:00
1687881600000,5.82,5.91,5.81,5.89,89186.16,2023-06-27 16:00:00
1687896000000,5.89,5.95,5.87,5.9,87476.39,2023-06-27 20:00:00
1687910400000,5.9,5.91,5.75,5.79,187580.31,2023-06-28 00:00:00
1687924800000,5.79,5.8,5.66,5.67,241222.81,2023-06-28 04:00:00
1687939200000,5.68,5.74,5.66,5.72,74153.51,2023-06-28 08:00:00
1687953600000,5.71,5.75,5.65,5.72,110194.64,2023-06-28 12:00:00
1687968000000,5.73,5.74,5.42,5.53,254303.22,2023-06-28 16:00:00
1687982400000,5.53,5.59,5.49,5.53,85495.69,2023-06-28 20:00:00
1687996800000,5.53,5.57,5.48,5.52,76387.36,2023-06-29 00:00:00
1688011200000,5.52,5.58,5.51,5.57,39555.69,2023-06-29 04:00:00
1688025600000,5.56,5.74,5.55,5.73,152249.56,2023-06-29 08:00:00
1688040000000,5.74,5.76,5.61,5.64,146952.28,2023-06-29 12:00:00
1688054400000,5.64,5.7,5.61,5.68,75460.72,2023-06-29 16:00:00
1688068800000,5.69,5.69,5.6,5.64,65868.07,2023-06-29 20:00:00
1688083200000,5.64,5.81,5.58,5.78,170396.94,2023-06-30 00:00:00
1688097600000,5.79,5.88,5.72,5.77,221996.43,2023-06-30 04:00:00
1688112000000,5.76,5.95,5.76,5.94,266184.55,2023-06-30 08:00:00
1688126400000,5.93,6.01,5.46,5.72,756697.28,2023-06-30 12:00:00
1688140800000,5.72,5.97,5.7,5.91,272693.26,2023-06-30 16:00:00
1688155200000,5.92,5.96,5.87,5.95,124047.06,2023-06-30 20:00:00
1688169600000,5.96,6.31,5.96,6.06,940943.58,2023-07-01 00:00:00
1688184000000,6.07,6.25,5.96,6.2,344218.89,2023-07-01 04:00:00
1688198400000,6.2,6.5,6.12,6.16,632093.95,2023-07-01 08:00:00
1688212800000,6.16,6.5,6.15,6.46,683109.93,2023-07-01 12:00:00
1688227200000,6.45,6.74,6.32,6.38,805670.1,2023-07-01 16:00:00
1688241600000,6.38,6.56,6.35,6.5,393438.92,2023-07-01 20:00:00
1688256000000,6.5,6.5,6.21,6.25,580296.04,2023-07-02 00:00:00
1688270400000,6.25,6.33,6.21,6.29,228058.27,2023-07-02 04:00:00
1688284800000,6.3,6.3,6.19,6.28,179205.4,2023-07-02 08:00:00
1688299200000,6.28,6.31,6.13,6.22,254404.47,2023-07-02 12:00:00
1688313600000,6.22,6.28,6.19,6.23,146995.42,2023-07-02 16:00:00
1688328000000,6.23,6.29,6.18,6.28,139282.34,2023-07-02 20:00:00
1688342400000,6.28,6.32,6.19,6.29,134347.33,2023-07-03 00:00:00
1688356800000,6.3,6.31,6.19,6.24,164840.73,2023-07-03 04:00:00
1688371200000,6.23,6.43,6.21,6.33,385977.08,2023-07-03 08:00:00
1688385600000,6.33,6.33,6.23,6.29,182818.68,2023-07-03 12:00:00
1688400000000,6.29,6.43,6.21,6.36,304559.62,2023-07-03 16:00:00
1688414400000,6.36,6.37,6.27,6.32,84573.4,2023-07-03 20:00:00
1688428800000,6.32,6.47,6.28,6.42,271795.22,2023-07-04 00:00:00
1688443200000,6.42,6.43,6.25,6.26,133109.58,2023-07-04 04:00:00
1688457600000,6.26,6.29,6.21,6.27,102854.9,2023-07-04 08:00:00
1688472000000,6.28,6.3,6.16,6.22,104658.83,2023-07-04 12:00:00
1688486400000,6.22,6.26,6.1,6.16,121677.62,2023-07-04 16:00:00
1688500800000,6.15,6.21,6.14,6.15,40391.34,2023-07-04 20:00:00
1688515200000,6.16,6.22,6.13,6.21,101775.87,2023-07-05 00:00:00
1688529600000,6.21,6.25,6.19,6.23,49204.27,2023-07-05 04:00:00
1688544000000,6.23,6.24,5.92,6.0,279050.8,2023-07-05 08:00:00
1688558400000,6.0,6.04,5.86,5.94,304551.62,2023-07-05 12:00:00
1688572800000,5.93,5.99,5.91,5.92,67601.19,2023-07-05 16:00:00
1688587200000,5.92,5.97,5.89,5.96,66634.96,2023-07-05 20:00:00
1688601600000,5.96,6.02,5.93,6.01,70404.56,2023-07-06 00:00:00
1688616000000,6.02,6.1,5.97,6.07,86393.0,2023-07-06 04:00:00
1688630400000,6.07,6.18,6.0,6.03,149593.94,2023-07-06 08:00:00
1688644800000,6.04,6.19,5.77,5.98,512089.68,2023-07-06 12:00:00
1688659200000,5.98,5.98,5.8,5.87,288464.29,2023-07-06 16:00:00
1688673600000,5.86,5.9,5.79,5.8,116412.03,2023-07-06 20:00:00
1688688000000,5.79,5.9,5.73,5.89,104232.26,2023-07-07 00:00:00
1688702400000,5.9,5.93,5.84,5.89,62466.43,2023-07-07 04:00:00
1688716800000,5.88,5.97,5.86,5.92,75288.9,2023-07-07 08:00:00
1688731200000,5.92,6.02,5.89,5.97,118205.19,2023-07-07 12:00:00
1688745600000,5.96,5.97,5.89,5.94,76666.08,2023-07-07 16:00:00
1688760000000,5.93,5.96,5.92,5.96,50353.27,2023-07-07 20:00:00
1688774400000,5.95,5.98,5.92,5.94,66811.52,2023-07-08 00:00:00
1688788800000,5.93,5.95,5.84,5.88,187632.03,2023-07-08 04:00:00
1688803200000,5.88,5.93,5.87,5.9,103088.14,2023-07-08 08:00:00
1688817600000,5.9,5.9,5.82,5.83,115446.43,2023-07-08 12:00:00
1688832000000,5.83,5.86,5.78,5.78,105382.43,2023-07-08 16:00:00
1688846400000,5.78,5.87,5.69,5.87,122615.93,2023-07-08 20:00:00
1688860800000,5.86,5.94,5.84,5.9,72246.2,2023-07-09 00:00:00
1688875200000,5.9,5.91,5.81,5.84,45423.51,2023-07-09 04:00:00
1688889600000,5.84,5.88,5.81,5.82,75718.22,2023-07-09 08:00:00
1688904000000,5.82,5.88,5.79,5.82,86298.13,2023-07-09 12:00:00
1688918400000,5.83,5.84,5.79,5.79,48143.91,2023-07-09 16:00:00
1688932800000,5.79,5.83,5.78,5.79,67253.34,2023-07-09 20:00:00
1688947200000,5.79,5.8,5.63,5.78,152021.48,2023-07-10 00:00:00
1688961600000,5.78,5.79,5.71,5.73,65017.14,2023-07-10 04:00:00
1688976000000,5.73,5.77,5.68,5.75,84199.03,2023-07-10 08:00:00
1688990400000,5.76,5.82,5.75,5.8,78767.74,2023-07-10 12:00:00
1689004800000,5.8,5.88,5.7,5.87,215722.95,2023-07-10 16:00:00
1689019200000,5.87,5.92,5.74,5.79,103917.48,2023-07-10 20:00:00
1689033600000,5.78,5.84,5.75,5.82,73388.16,2023-07-11 00:00:00
1689048000000,5.82,5.93,5.81,5.88,92252.81,2023-07-11 04:00:00
1689062400000,5.87,5.87,5.82,5.84,58110.74,2023-07-11 08:00:00
1689076800000,5.85,5.86,5.77,5.8,112598.92,2023-07-11 12:00:00
1689091200000,5.81,5.83,5.79,5.82,41929.28,2023-07-11 16:00:00
1689105600000,5.82,5.95,5.82,5.92,124434.25,2023-07-11 20:00:00
1689120000000,5.93,5.99,5.91,5.95,109083.72,2023-07-12 00:00:00
1689134400000,5.95,6.0,5.93,5.99,47280.29,2023-07-12 04:00:00
1689148800000,5.98,5.99,5.95,5.96,101394.62,2023-07-12 08:00:00
1689163200000,5.97,6.05,5.93,5.99,161501.16,2023-07-12 12:00:00
1689177600000,5.98,6.05,5.88,5.89,227942.7,2023-07-12 16:00:00
1689192000000,5.89,6.0,5.88,6.0,83608.45,2023-07-12 20:00:00
1689206400000,5.99,6.01,5.91,5.93,83071.41,2023-07-13 00:00:00
1689220800000,5.92,6.0,5.9,5.98,70732.84,2023-07-13 04:00:00
1689235200000,5.97,6.18,5.96,6.17,188607.68,2023-07-13 08:00:00
1689249600000,6.17,6.39,6.08,6.33,403056.07,2023-07-13 12:00:00
1689264000000,6.33,6.82,6.31,6.65,1639064.32,2023-07-13 16:00:00
1689278400000,6.64,6.72,6.56,6.69,253821.84,2023-07-13 20:00:00
1689292800000,6.7,6.9,6.6,6.62,650538.34,2023-07-14 00:00:00
1689307200000,6.62,6.66,6.54,6.56,297730.67,2023-07-14 04:00:00
1689321600000,6.57,6.64,6.51,6.6,241575.87,2023-07-14 08:00:00
1689336000000,6.6,6.76,6.55,6.7,253628.13,2023-07-14 12:00:00
1689350400000,6.7,6.76,6.19,6.22,978038.31,2023-07-14 16:00:00
1689364800000,6.22,6.4,6.21,6.39,148000.31,2023-07-14 20:00:00
1689379200000,6.4,6.4,6.24,6.27,143371.19,2023-07-15 00:00:00
1689393600000,6.27,6.45,6.26,6.43,157700.04,2023-07-15 04:00:00
1689408000000,6.43,6.47,6.38,6.4,87895.62,2023-07-15 08:00:00
1689422400000,6.4,6.42,6.34,6.36,83916.79,2023-07-15 12:00:00
1689436800000,6.37,6.4,6.29,6.36,78128.54,2023-07-15 16:00:00
1689451200000,6.36,6.36,6.28,6.33,66795.81,2023-07-15 20:00:00
1689465600000,6.34,6.36,6.17,6.22,148680.68,2023-07-16 00:00:00
1689480000000,6.23,6.31,6.21,6.28,89789.53,2023-07-16 04:00:00
1689494400000,6.28,6.34,6.26,6.28,77639.78,2023-07-16 08:00:00
1689508800000,6.29,6.34,6.26,6.29,128153.76,2023-07-16 12:00:00
1689523200000,6.29,6.35,6.23,6.24,120243.44,2023-07-16 16:00:00
1689537600000,6.24,6.27,6.15,6.19,82496.6,2023-07-16 20:00:00
1689552000000,6.19,6.56,6.16,6.33,521406.58,2023-07-17 00:00:00
1689566400000,6.34,6.46,6.3,6.38,151425.75,2023-07-17 04:00:00
1689580800000,6.39,6.39,6.16,6.25,325357.03,2023-07-17 08:00:00
1689595200000,6.25,6.4,6.22,6.28,219384.35,2023-07-17 12:00:00
1689609600000,6.28,6.32,6.15,6.26,158593.13,2023-07-17 16:00:00
1689624000000,6.26,6.36,6.23,6.34,93223.66,2023-07-17 20:00:00
1689638400000,6.33,6.5,6.33,6.38,244568.45,2023-07-18 00:00:00
1689652800000,6.39,6.41,6.25,6.31,152222.96,2023-07-18 04:00:00
1689667200000,6.31,6.36,6.2,6.21,117004.62,2023-07-18 08:00:00
1689681600000,6.22,6.3,6.17,6.27,131556.81,2023-07-18 12:00:00
1689696000000,6.27,6.29,6.17,6.23,103712.92,2023-07-18 16:00:00
1689710400000,6.23,6.3,6.23,6.29,50723.49,2023-07-18 20:00:00
1689724800000,6.29,6.44,6.26,6.38,161178.1,2023-07-19 00:00:00
1689739200000,6.39,6.45,6.36,6.41,163203.32,2023-07-19 04:00:00
1689753600000,6.41,6.45,6.35,6.38,130408.94,2023-07-19 08:00:00
1689768000000,6.39,6.44,6.3,6.36,151386.77,2023-07-19 12:00:00
1689782400000,6.36,6.44,6.33,6.41,123263.38,2023-07-19 16:00:00
1689796800000,6.41,6.42,6.34,6.39,108660.83,2023-07-19 20:00:00
1689811200000,6.39,6.44,6.35,6.38,85410.66,2023-07-20 00:00:00
1689825600000,6.38,6.46,6.35,6.45,130271.54,2023-07-20 04:00:00
1689840000000,6.44,6.57,6.43,6.56,252189.1,2023-07-20 08:00:00
1689854400000,6.55,6.57,6.34,6.42,170389.05,2023-07-20 12:00:00
1689868800000,6.41,6.44,6.35,6.43,90005.85,2023-07-20 16:00:00
1689883200000,6.43,6.48,6.37,6.48,78029.3,2023-07-20 20:00:00
1689897600000,6.47,6.55,6.4,6.54,148948.23,2023-07-21 00:00:00
1689912000000,6.54,6.55,6.43,6.43,85767.97,2023-07-21 04:00:00
1689926400000,6.43,6.5,6.4,6.44,108208.89,2023-07-21 08:00:00
1689940800000,6.45,6.49,6.42,6.44,93618.91,2023-07-21 12:00:00
1689955200000,6.43,6.48,6.37,6.39,86313.36,2023-07-21 16:00:00
1689969600000,6.39,6.49,6.37,6.48,74352.74,2023-07-21 20:00:00
1689984000000,6.48,6.52,6.46,6.5,88237.74,2023-07-22 00:00:00
1689998400000,6.51,6.54,6.47,6.51,45272.47,2023-07-22 04:00:00
1690012800000,6.51,6.54,6.44,6.46,95010.14,2023-07-22 08:00:00
1690027200000,6.45,6.49,6.42,6.46,83920.4,2023-07-22 12:00:00
1690041600000,6.46,6.5,6.41,6.45,67493.71,2023-07-22 16:00:00
1690056000000,6.44,6.51,6.31,6.37,265933.48,2023-07-22 20:00:00
1690070400000,6.38,6.4,6.3,6.4,76120.38,2023-07-23 00:00:00
1690084800000,6.4,6.44,6.34,6.37,119368.44,2023-07-23 04:00:00
1690099200000,6.36,6.41,6.34,6.38,119427.31,2023-07-23 08:00:00
1690113600000,6.39,6.4,6.36,6.4,53498.2,2023-07-23 12:00:00
1690128000000,6.4,6.54,6.4,6.47,117143.23,2023-07-23 16:00:00
1690142400000,6.47,6.53,6.42,6.49,160558.6,2023-07-23 20:00:00
1690156800000,6.49,6.57,6.41,6.43,110640.14,2023-07-24 00:00:00
1690171200000,6.42,6.43,6.36,6.39,74314.53,2023-07-24 04:00:00
1690185600000,6.39,6.4,6.07,6.17,278801.76,2023-07-24 08:00:00
1690200000000,6.17,6.2,6.07,6.11,168429.8,2023-07-24 12:00:00
1690214400000,6.11,6.14,6.08,6.12,98376.57,2023-07-24 16:00:00
1690228800000,6.12,6.17,6.09,6.15,76025.93,2023-07-24 20:00:00
1690243200000,6.14,6.15,6.04,6.06,145068.43,2023-07-25 00:00:00
1690257600000,6.07,6.07,5.98,6.01,188821.04,2023-07-25 04:00:00
1690272000000,6.01,6.08,5.99,6.04,74576.36,2023-07-25 08:00:00
1690286400000,6.04,6.06,5.92,5.97,229307.82,2023-07-25 12:00:00
1690300800000,5.97,6.04,5.95,5.97,132348.46,2023-07-25 16:00:00
1690315200000,5.98,6.04,5.94,6.04,145140.57,2023-07-25 20:00:00
1690329600000,6.04,6.05,5.91,5.99,99925.94,2023-07-26 00:00:00
1690344000000,5.99,6.02,5.95,5.96,61698.43,2023-07-26 04:00:00
1690358400000,5.96,6.0,5.92,5.94,78566.45,2023-07-26 08:00:00
1690372800000,5.94,6.04,5.94,6.04,71482.51,2023-07-26 12:00:00
1690387200000,6.04,6.1,5.94,6.07,125465.99,2023-07-26 16:00:00
1690401600000,6.08,6.14,6.04,6.08,79929.02,2023-07-26 20:00:00
1690416000000,6.08,6.12,6.02,6.09,88642.29,2023-07-27 00:00:00
1690430400000,6.09,6.12,6.05,6.08,50752.59,2023-07-27 04:00:00
1690444800000,6.09,6.15,6.06,6.09,91604.01,2023-07-27 08:00:00
1690459200000,6.08,6.1,5.99,6.05,82661.57,2023-07-27 12:00:00
1690473600000,6.05,6.08,5.97,6.02,79243.45,2023-07-27 16:00:00
1690488000000,6.02,6.08,5.98,6.05,64566.3,2023-07-27 20:00:00
1690502400000,6.05,6.12,6.03,6.07,83579.14,2023-07-28 00:00:00
1690516800000,6.08,6.08,6.0,6.01,48679.62,2023-07-28 04:00:00
1690531200000,6.01,6.07,5.99,6.04,53224.88,2023-07-28 08:00:00
1690545600000,6.03,6.12,6.03,6.09,82034.9,2023-07-28 12:00:00
1690560000000,6.08,6.1,6.04,6.1,54255.82,2023-07-28 16:00:00
1690574400000,6.1,6.13,6.09,6.12,47288.75,2023-07-28 20:00:00
1690588800000,6.11,6.12,6.08,6.1,44975.43,2023-07-29 00:00:00
1690603200000,6.1,6.13,6.08,6.1,45082.77,2023-07-29 04:00:00
1690617600000,6.1,6.15,6.08,6.08,54001.66,2023-07-29 08:00:00
1690632000000,6.09,6.13,6.08,6.13,36792.45,2023-07-29 12:00:00
1690646400000,6.14,6.33,6.11,6.21,252856.41,2023-07-29 16:00:00
1690660800000,6.22,6.23,6.17,6.22,63298.61,2023-07-29 20:00:00
1690675200000,6.22,6.42,6.21,6.31,440118.07,2023-07-30 00:00:00
1690689600000,6.31,6.34,6.24,6.25,248276.53,2023-07-30 04:00:00
1690704000000,6.25,6.26,6.17,6.18,70454.31,2023-07-30 08:00:00
1690718400000,6.18,6.19,6.11,6.16,117847.45,2023-07-30 12:00:00
1690732800000,6.16,6.21,5.99,6.0,281420.58,2023-07-30 16:00:00
1690747200000,6.0,6.11,5.87,6.1,259596.0,2023-07-30 20:00:00
1690761600000,6.1,6.17,6.07,6.12,95813.29,2023-07-31 00:00:00
1690776000000,6.13,6.14,6.08,6.09,64538.02,2023-07-31 04:00:00
1690790400000,6.1,6.14,6.08,6.1,50889.53,2023-07-31 08:00:00
1690804800000,6.1,6.12,6.01,6.02,112747.23,2023-07-31 12:00:00
1690819200000,6.01,6.04,5.94,5.97,115784.52,2023-07-31 16:00:00
1690833600000,5.97,6.03,5.92,6.0,91051.33,2023-07-31 20:00:00
1690848000000,6.0,6.33,5.96,6.05,723477.95,2023-08-01 00:00:00
1690862400000,6.05,6.06,5.8,5.85,744992.58,2023-08-01 04:00:00
1690876800000,5.85,5.99,5.85,5.96,614787.11,2023-08-01 08:00:00
1690891200000,5.96,5.99,5.84,5.93,382822.97,2023-08-01 12:00:00
1690905600000,5.94,6.04,5.91,6.03,183667.61,2023-08-01 16:00:00
1690920000000,6.03,6.09,5.99,6.08,85428.25,2023-08-01 20:00:00
1690934400000,6.08,6.13,6.02,6.03,236195.75,2023-08-02 00:00:00
1690948800000,6.03,6.04,5.97,5.98,56196.19,2023-08-02 04:00:00
1690963200000,5.97,6.05,5.96,6.04,150266.2,2023-08-02 08:00:00
1690977600000,6.04,6.05,5.91,5.95,134607.33,2023-08-02 12:00:00
1690992000000,5.94,5.97,5.86,5.95,121127.34,2023-08-02 16:00:00
1691006400000,5.96,5.96,5.9,5.92,43543.26,2023-08-02 20:00:00
1691020800000,5.91,5.95,5.89,5.9,76920.05,2023-08-03 00:00:00
1691035200000,5.9,5.94,5.82,5.84,100636.39,2023-08-03 04:00:00
1691049600000,5.84,5.91,5.81,5.9,155600.35,2023-08-03 08:00:00
1691064000000,5.89,5.9,5.84,5.86,71174.56,2023-08-03 12:00:00
1691078400000,5.85,5.89,5.8,5.82,50038.88,2023-08-03 16:00:00
1691092800000,5.83,5.84,5.75,5.79,114562.93,2023-08-03 20:00:00
1691107200000,5.79,5.81,5.76,5.79,61721.35,2023-08-04 00:00:00
1691121600000,5.79,5.8,5.72,5.76,65881.98,2023-08-04 04:00:00
1691136000000,5.75,5.77,5.74,5.75,51037.01,2023-08-04 08:00:00
1691150400000,5.75,5.8,5.71,5.78,290840.48,2023-08-04 12:00:00
1691164800000,5.78,5.82,5.67,5.72,126136.07,2023-08-04 16:00:00
1691179200000,5.72,5.75,5.63,5.73,92864.69,2023-08-04 20:00:00
1691193600000,5.73,5.75,5.65,5.72,78646.7,2023-08-05 00:00:00
1691208000000,5.73,5.73,5.67,5.69,40950.96,2023-08-05 04:00:00
1691222400000,5.68,5.75,5.68,5.72,39417.27,2023-08-05 08:00:00
1691236800000,5.72,5.85,5.7,5.83,201149.16,2023-08-05 12:00:00
1691251200000,5.83,5.85,5.79,5.8,38013.82,2023-08-05 16:00:00
1691265600000,5.8,5.86,5.78,5.85,32286.97,2023-08-05 20:00:00
1691280000000,5.85,5.98,5.82,5.86,145963.4,2023-08-06 00:00:00
1691294400000,5.87,5.95,5.83,5.85,124898.66,2023-08-06 04:00:00
1691308800000,5.85,5.94,5.83,5.88,121703.76,2023-08-06 08:00:00
1691323200000,5.88,5.89,5.76,5.79,110603.02,2023-08-06 12:00:00
1691337600000,5.79,5.84,5.77,5.8,43521.75,2023-08-06 16:00:00
1691352000000,5.79,5.86,5.79,5.81,70214.3,2023-08-06 20:00:00
1691366400000,5.8,5.91,5.78,5.9,66164.52,2023-08-07 00:00:00
1691380800000,5.89,5.91,5.81,5.85,68615.2,2023-08-07 04:00:00
1691395200000,5.84,5.88,5.82,5.85,100878.49,2023-08-07 08:00:00
1691409600000,5.85,5.86,5.69,5.7,135283.62,2023-08-07 12:00:00
1691424000000,5.71,5.79,5.59,5.77,206163.17,2023-08-07 16:00:00
1691438400000,5.77,5.8,5.74,5.8,28993.05,2023-08-07 20:00:00
1691452800000,5.79,5.83,5.77,5.81,48445.5,2023-08-08 00:00:00
1691467200000,5.8,5.87,5.79,5.87,57216.23,2023-08-08 04:00:00
1691481600000,5.86,5.91,5.83,5.88,155676.03,2023-08-08 08:00:00
1691496000000,5.88,5.93,5.85,5.9,150852.45,2023-08-08 12:00:00
1691510400000,5.89,6.04,5.88,5.99,217432.95,2023-08-08 16:00:00
1691524800000,5.99,6.03,5.94,5.95,76574.79,2023-08-08 20:00:00
1691539200000,5.95,5.97,5.89,5.9,45962.88,2023-08-09 00:00:00
1691553600000,5.89,5.93,5.89,5.93,70910.27,2023-08-09 04:00:00
1691568000000,5.92,5.93,5.89,5.91,49744.73,2023-08-09 08:00:00
1691582400000,5.91,5.96,5.88,5.93,98292.87,2023-08-09 12:00:00
1691596800000,5.92,5.95,5.9,5.93,63311.25,2023-08-09 16:00:00
1691611200000,5.93,5.96,5.87,5.95,41939.56,2023-08-09 20:00:00
1691625600000,5.95,5.98,5.92,5.94,97821.71,2023-08-10 00:00:00
1691640000000,5.94,5.94,5.88,5.9,36052.44,2023-08-10 04:00:00
1691654400000,5.89,5.96,5.89,5.93,127753.82,2023-08-10 08:00:00
1691668800000,5.92,6.0,5.91,5.93,90894.08,2023-08-10 12:00:00
1691683200000,5.93,5.94,5.89,5.93,35485.88,2023-08-10 16:00:00
1691697600000,5.93,5.94,5.9,5.94,29632.27,2023-08-10 20:00:00
1691712000000,5.93,5.97,5.9,5.94,55482.65,2023-08-11 00:00:00
1691726400000,5.94,5.99,5.93,5.97,42220.13,2023-08-11 04:00:00
1691740800000,5.96,6.02,5.95,6.02,153365.58,2023-08-11 08:00:00
1691755200000,6.01,6.07,5.94,5.96,117351.85,2023-08-11 12:00:00
1691769600000,5.95,5.97,5.93,5.95,48619.86,2023-08-11 16:00:00
1691784000000,5.94,5.99,5.93,5.99,25296.23,2023-08-11 20:00:00
1691798400000,5.99,6.0,5.95,5.98,69344.39,2023-08-12 00:00:00
1691812800000,5.98,6.01,5.97,6.01,40158.27,2023-08-12 04:00:00
1691827200000,6.0,6.09,5.99,6.07,94996.69,2023-08-12 08:00:00
1691841600000,6.07,6.15,6.06,6.13,116244.63,2023-08-12 12:00:00
1691856000000,6.13,6.13,6.05,6.06,47768.8,2023-08-12 16:00:00
1691870400000,6.06,6.08,6.03,6.06,37660.23,2023-08-12 20:00:00
1691884800000,6.06,6.06,5.96,5.97,146209.49,2023-08-13 00:00:00
1691899200000,5.96,5.98,5.94,5.96,99491.7,2023-08-13 04:00:00
1691913600000,5.95,5.97,5.92,5.95,104099.53,2023-08-13 08:00:00
1691928000000,5.95,5.97,5.9,5.91,76201.0,2023-08-13 12:00:00
1691942400000,5.91,5.95,5.89,5.94,68534.31,2023-08-13 16:00:00
1691956800000,5.94,5.94,5.83,5.87,101687.14,2023-08-13 20:00:00
1691971200000,5.86,5.93,5.84,5.91,87702.69,2023-08-14 00:00:00
1691985600000,5.91,5.93,5.89,5.9,67598.39,2023-08-14 04:00:00
1692000000000,5.9,5.92,5.87,5.89,32860.33,2023-08-14 08:00:00
1692014400000,5.88,5.92,5.85,5.89,66600.04,2023-08-14 12:00:00
1692028800000,5.88,5.9,5.81,5.84,67058.32,2023-08-14 16:00:00
1692043200000,5.84,5.86,5.83,5.85,27475.4,2023-08-14 20:00:00
1692057600000,5.84,5.85,5.78,5.8,87813.69,2023-08-15 00:00:00
1692072000000,5.79,5.8,5.76,5.78,110757.05,2023-08-15 04:00:00
1692086400000,5.77,5.8,5.75,5.76,60832.83,2023-08-15 08:00:00
1692100800000,5.76,5.84,5.74,5.77,220236.97,2023-08-15 12:00:00
1692115200000,5.76,5.82,5.36,5.53,418979.01,2023-08-15 16:00:00
1692129600000,5.52,5.59,5.49,5.58,93148.49,2023-08-15 20:00:00
1692144000000,5.57,5.59,5.51,5.53,100923.44,2023-08-16 00:00:00
1692158400000,5.53,5.54,5.4,5.41,159449.58,2023-08-16 04:00:00
1692172800000,5.4,5.43,5.35,5.42,126096.08,2023-08-16 08:00:00
1692187200000,5.41,5.42,5.32,5.37,173850.26,2023-08-16 12:00:00
1692201600000,5.36,5.44,5.33,5.39,77744.72,2023-08-16 16:00:00
1692216000000,5.38,5.4,5.15,5.27,306951.01,2023-08-16 20:00:00
1692230400000,5.26,5.37,5.15,5.34,152424.6,2023-08-17 00:00:00
1692244800000,5.34,5.39,5.33,5.37,90265.98,2023-08-17 04:00:00
1692259200000,5.37,5.39,5.32,5.34,80257.89,2023-08-17 08:00:00
1692273600000,5.33,5.37,5.16,5.19,231092.27,2023-08-17 12:00:00
1692288000000,5.19,5.33,5.13,5.29,140332.01,2023-08-17 16:00:00
1692302400000,5.29,5.3,4.42,4.84,814971.78,2023-08-17 20:00:00
1692316800000,4.83,4.95,4.77,4.82,146890.23,2023-08-18 00:00:00
1692331200000,4.82,4.89,4.77,4.87,247139.65,2023-08-18 04:00:00
1692345600000,4.87,4.93,4.83,4.92,58400.02,2023-08-18 08:00:00
1692360000000,4.92,4.92,4.83,4.84,111508.86,2023-08-18 12:00:00
1692374400000,4.83,4.92,4.77,4.86,92930.0,2023-08-18 16:00:00
1692388800000,4.86,4.89,4.84,4.88,34951.24,2023-08-18 20:00:00
1692403200000,4.88,4.92,4.85,4.88,74461.32,2023-08-19 00:00:00
1692417600000,4.87,4.9,4.85,4.89,60733.04,2023-08-19 04:00:00
1692432000000,4.88,4.93,4.87,4.89,42473.83,2023-08-19 08:00:00
1692446400000,4.88,4.95,4.88,4.95,68797.8,2023-08-19 12:00:00
1692460800000,4.95,4.98,4.93,4.95,47764.11,2023-08-19 16:00:00
1692475200000,4.95,4.96,4.9,4.96,18398.45,2023-08-19 20:00:00
1692489600000,4.96,4.97,4.92,4.95,25766.88,2023-08-20 00:00:00
1692504000000,4.94,4.95,4.9,4.92,41345.18,2023-08-20 04:00:00
1692518400000,4.91,4.99,4.9,4.98,37424.81,2023-08-20 08:00:00
1692532800000,4.98,4.98,4.88,4.9,29860.43,2023-08-20 12:00:00
1692547200000,4.89,4.95,4.89,4.94,57128.88,2023-08-20 16:00:00
1692561600000,4.94,4.98,4.92,4.94,28324.32,2023-08-20 20:00:00
1692576000000,4.94,4.96,4.91,4.93,43068.12,2023-08-21 00:00:00
1692590400000,4.92,4.99,4.9,4.91,107655.36,2023-08-21 04:00:00
1692604800000,4.9,4.94,4.84,4.91,90107.33,2023-08-21 08:00:00
1692619200000,4.91,4.95,4.76,4.81,110431.34,2023-08-21 12:00:00
1692633600000,4.81,4.92,4.8,4.91,59167.05,2023-08-21 16:00:00
1692648000000,4.9,4.93,4.89,4.9,29749.43,2023-08-21 20:00:00
1692662400000,4.89,4.92,4.87,4.89,27866.71,2023-08-22 00:00:00
1692676800000,4.88,4.93,4.86,4.93,29915.22,2023-08-22 04:00:00
1692691200000,4.92,4.94,4.89,4.91,21961.01,2023-08-22 08:00:00
1692705600000,4.9,4.93,4.83,4.85,53716.9,2023-08-22 12:00:00
1692720000000,4.84,4.87,4.71,4.79,100209.18,2023-08-22 16:00:00
1692734400000,4.79,4.91,4.7,4.91,116589.04,2023-08-22 20:00:00
1692748800000,4.91,4.93,4.87,4.88,66392.73,2023-08-23 00:00:00
1692763200000,4.87,4.95,4.86,4.92,44267.44,2023-08-23 04:00:00
1692777600000,4.91,4.92,4.87,4.89,23355.57,2023-08-23 08:00:00
1692792000000,4.88,4.94,4.85,4.93,49584.77,2023-08-23 12:00:00
1692806400000,4.93,5.04,4.93,5.03,106752.89,2023-08-23 16:00:00
1692820800000,5.03,5.05,4.93,4.98,79467.57,2023-08-23 20:00:00
1692835200000,4.98,5.0,4.95,4.99,34165.85,2023-08-24 00:00:00
1692849600000,4.98,5.01,4.95,4.97,21230.09,2023-08-24 04:00:00
1692864000000,4.97,4.99,4.92,4.95,112197.15,2023-08-24 08:00:00
1692878400000,4.94,4.95,4.85,4.86,94447.73,2023-08-24 12:00:00
1692892800000,4.85,4.9,4.84,4.87,35101.48,2023-08-24 16:00:00
1692907200000,4.86,4.89,4.8,4.88,42647.31,2023-08-24 20:00:00
1692921600000,4.87,4.88,4.75,4.81,77861.23,2023-08-25 00:00:00
1692936000000,4.8,4.82,4.75,4.78,52855.97,2023-08-25 04:00:00
1692950400000,4.78,4.82,4.77,4.81,22228.22,2023-08-25 08:00:00
1692964800000,4.81,4.88,4.77,4.82,85524.63,2023-08-25 12:00:00
1692979200000,4.81,4.86,4.78,4.84,34640.16,2023-08-25 16:00:00
1692993600000,4.84,4.89,4.81,4.86,46176.28,2023-08-25 20:00:00
1693008000000,4.85,4.87,4.82,4.86,26060.65,2023-08-26 00:00:00
1693022400000,4.86,4.86,4.82,4.85,18052.73,2023-08-26 04:00:00
1693036800000,4.84,4.85,4.81,4.83,16328.28,2023-08-26 08:00:00
1693051200000,4.83,4.85,4.81,4.84,21826.79,2023-08-26 12:00:00
1693065600000,4.84,4.85,4.82,4.83,28392.09,2023-08-26 16:00:00
1693080000000,4.82,4.85,4.82,4.83,12634.59,2023-08-26 20:00:00
1693094400000,4.82,4.85,4.8,4.84,12921.5,2023-08-27 00:00:00
1693108800000,4.84,4.86,4.83,4.85,26299.89,2023-08-27 04:00:00
1693123200000,4.84,4.88,4.83,4.88,36479.65,2023-08-27 08:00:00
1693137600000,4.87,4.9,4.85,4.88,25547.28,2023-08-27 12:00:00
1693152000000,4.87,4.89,4.84,4.88,45463.63,2023-08-27 16:00:00
1693166400000,4.87,4.89,4.85,4.88,17749.72,2023-08-27 20:00:00
1693180800000,4.88,4.89,4.78,4.8,64545.53,2023-08-28 00:00:00
1693195200000,4.8,4.8,4.7,4.73,78890.5,2023-08-28 04:00:00
1693209600000,4.73,4.77,4.69,4.77,73359.68,2023-08-28 08:00:00
1693224000000,4.77,4.88,4.76,4.85,69489.11,2023-08-28 12:00:00
1693238400000,4.85,4.86,4.79,4.83,31376.0,2023-08-28 16:00:00
1693252800000,4.82,4.86,4.8,4.85,31129.72,2023-08-28 20:00:00
1693267200000,4.85,4.87,4.77,4.79,24708.57,2023-08-29 00:00:00
1693281600000,4.78,4.8,4.74,4.75,18133.68,2023-08-29 04:00:00
1693296000000,4.75,4.76,4.69,4.72,46621.1,2023-08-29 08:00:00
1693310400000,4.71,5.01,4.7,4.93,419345.66,2023-08-29 12:00:00
1693324800000,4.92,5.03,4.92,4.96,145209.38,2023-08-29 16:00:00
1693339200000,4.96,5.03,4.94,5.01,67629.13,2023-08-29 20:00:00
1693353600000,5.01,5.01,4.91,4.95,50617.76,2023-08-30 00:00:00
1693368000000,4.95,4.98,4.94,4.97,37192.65,2023-08-30 04:00:00
1693382400000,4.97,4.99,4.93,4.94,34365.2,2023-08-30 08:00:00
1693396800000,4.93,4.96,4.84,4.86,92390.61,2023-08-30 12:00:00
1693411200000,4.85,4.89,4.84,4.86,22108.83,2023-08-30 16:00:00
1693425600000,4.85,4.88,4.84,4.88,21730.03,2023-08-30 20:00:00
1693440000000,4.88,4.89,4.82,4.84,23080.12,2023-08-31 00:00:00
1693454400000,4.84,4.87,4.83,4.87,20768.48,2023-08-31 04:00:00
1693468800000,4.87,4.9,4.84,4.88,35557.92,2023-08-31 08:00:00
1693483200000,4.88,4.88,4.74,4.77,104699.5,2023-08-31 12:00:00
1693497600000,4.77,4.78,4.57,4.68,219950.19,2023-08-31 16:00:00
1693512000000,4.67,4.68,4.62,4.66,90479.79,2023-08-31 20:00:00
1693526400000,4.66,4.69,4.64,4.67,30912.01,2023-09-01 00:00:00
1693540800000,4.66,4.67,4.62,4.64,53165.02,2023-09-01 04:00:00
1693555200000,4.64,4.68,4.63,4.68,41132.8,2023-09-01 08:00:00
1693569600000,4.67,4.69,4.59,4.61,111678.56,2023-09-01 12:00:00
1693584000000,4.61,4.62,4.48,4.52,179665.82,2023-09-01 16:00:00
1693598400000,4.51,4.58,4.46,4.5,134559.85,2023-09-01 20:00:00
1693612800000,4.49,4.52,4.48,4.52,43716.09,2023-09-02 00:00:00
1693627200000,4.52,4.53,4.47,4.5,28442.86,2023-09-02 04:00:00
1693641600000,4.51,4.51,4.47,4.5,42131.78,2023-09-02 08:00:00
1693656000000,4.5,4.56,4.45,4.49,491805.96,2023-09-02 12:00:00
1693670400000,4.48,4.5,4.41,4.49,64254.77,2023-09-02 16:00:00
1693684800000,4.49,4.51,4.48,4.5,36170.44,2023-09-02 20:00:00
1693699200000,4.5,4.51,4.47,4.51,24038.57,2023-09-03 00:00:00
1693713600000,4.5,4.51,4.47,4.48,90791.22,2023-09-03 04:00:00
1693728000000,4.48,4.49,4.45,4.49,35317.84,2023-09-03 08:00:00
1693742400000,4.5,4.52,4.45,4.46,48271.21,2023-09-03 12:00:00
1693756800000,4.47,4.48,4.41,4.47,49894.46,2023-09-03 16:00:00
1693771200000,4.46,4.49,4.44,4.48,34465.42,2023-09-03 20:00:00
1693785600000,4.47,4.57,4.46,4.53,78155.91,2023-09-04 00:00:00
1693800000000,4.53,4.55,4.49,4.53,30675.42,2023-09-04 04:00:00
1693814400000,4.53,4.53,4.48,4.49,26203.69,2023-09-04 08:00:00
1693828800000,4.48,4.51,4.44,4.48,68342.01,2023-09-04 12:00:00
1693843200000,4.47,4.52,4.46,4.52,26393.55,2023-09-04 16:00:00
1693857600000,4.52,4.52,4.44,4.52,49744.21,2023-09-04 20:00:00
1693872000000,4.52,4.53,4.45,4.48,31161.97,2023-09-05 00:00:00
1693886400000,4.48,4.54,4.47,4.53,42085.47,2023-09-05 04:00:00
1693900800000,4.52,4.56,4.51,4.55,53153.45,2023-09-05 08:00:00
1693915200000,4.55,4.58,4.51,4.57,68128.56,2023-09-05 12:00:00
1693929600000,4.56,4.6,4.53,4.54,84822.17,2023-09-05 16:00:00
1693944000000,4.53,4.57,4.51,4.56,51782.86,2023-09-05 20:00:00
1693958400000,4.56,4.65,4.54,4.58,109837.79,2023-09-06 00:00:00
1693972800000,4.57,4.58,4.5,4.52,99080.02,2023-09-06 04:00:00
1693987200000,4.51,4.56,4.49,4.54,55751.36,2023-09-06 08:00:00
1694001600000,4.53,4.55,4.46,4.49,69622.07,2023-09-06 12:00:00
1694016000000,4.49,4.58,4.42,4.51,142591.05,2023-09-06 16:00:00
1694030400000,4.5,4.53,4.5,4.53,33605.56,2023-09-06 20:00:00
1694044800000,4.53,4.61,4.51,4.57,151796.4,2023-09-07 00:00:00
1694059200000,4.57,4.6,4.51,4.53,71008.81,2023-09-07 04:00:00
1694073600000,4.53,4.53,4.48,4.49,88095.23,2023-09-07 08:00:00
1694088000000,4.48,4.54,4.47,4.54,56277.76,2023-09-07 12:00:00
1694102400000,4.54,4.59,4.53,4.57,59999.31,2023-09-07 16:00:00
1694116800000,4.57,4.63,4.56,4.58,61685.66,2023-09-07 20:00:00
1694131200000,4.58,4.68,4.57,4.64,175676.67,2023-09-08 00:00:00
1694145600000,4.63,4.67,4.57,4.58,166781.78,2023-09-08 04:00:00
1694160000000,4.57,4.59,4.47,4.51,133719.29,2023-09-08 08:00:00
1694174400000,4.51,4.55,4.5,4.52,88858.51,2023-09-08 12:00:00
1694188800000,4.51,4.52,4.49,4.52,38577.4,2023-09-08 16:00:00
1694203200000,4.51,4.55,4.5,4.55,28443.84,2023-09-08 20:00:00
1694217600000,4.54,4.55,4.52,4.55,23576.59,2023-09-09 00:00:00
1694232000000,4.54,4.58,4.53,4.56,60843.0,2023-09-09 04:00:00
1694246400000,4.55,4.57,4.55,4.56,38774.28,2023-09-09 08:00:00
1694260800000,4.55,4.57,4.53,4.56,29025.19,2023-09-09 12:00:00
1694275200000,4.56,4.57,4.53,4.55,14848.01,2023-09-09 16:00:00
1694289600000,4.55,4.57,4.52,4.55,36328.26,2023-09-09 20:00:00
1694304000000,4.54,4.55,4.47,4.5,54807.81,2023-09-10 00:00:00
1694318400000,4.5,4.5,4.33,4.48,139167.69,2023-09-10 04:00:00
1694332800000,4.47,4.5,4.45,4.46,40513.06,2023-09-10 08:00:00
1694347200000,4.45,4.47,4.37,4.42,76397.54,2023-09-10 12:00:00
1694361600000,4.42,4.42,4.34,4.39,72467.77,2023-09-10 16:00:00
1694376000000,4.38,4.44,4.37,4.4,52434.19,2023-09-10 20:00:00
1694390400000,4.39,4.41,4.31,4.38,95707.31,2023-09-11 00:00:00
1694404800000,4.37,4.38,4.28,4.31,228091.85,2023-09-11 04:00:00
1694419200000,4.3,4.31,4.09,4.18,293211.7,2023-09-11 08:00:00
1694433600000,4.18,4.23,4.14,4.2,233952.33,2023-09-11 12:00:00
1694448000000,4.2,4.21,4.06,4.1,107122.56,2023-09-11 16:00:00
1694462400000,4.1,4.17,4.08,4.16,48490.92,2023-09-11 20:00:00
1694476800000,4.16,4.26,4.14,4.24,93681.4,2023-09-12 00:00:00
1694491200000,4.24,4.25,4.17,4.19,115125.33,2023-09-12 04:00:00
1694505600000,4.19,4.31,4.16,4.27,135062.88,2023-09-12 08:00:00
1694520000000,4.27,4.28,4.19,4.22,125620.31,2023-09-12 12:00:00
1694534400000,4.21,4.29,4.16,4.19,208208.96,2023-09-12 16:00:00
1694548800000,4.18,4.23,4.18,4.19,29174.53,2023-09-12 20:00:00
1694563200000,4.19,4.22,4.13,4.15,66367.91,2023-09-13 00:00:00
1694577600000,4.14,4.25,4.09,4.16,253091.21,2023-09-13 04:00:00
1694592000000,4.16,4.23,4.14,4.22,70744.08,2023-09-13 08:00:00
1694606400000,4.22,4.29,4.18,4.28,121141.54,2023-09-13 12:00:00
1694620800000,4.27,4.29,4.22,4.26,90248.39,2023-09-13 16:00:00
1694635200000,4.25,4.29,4.24,4.25,51983.63,2023-09-13 20:00:00
1694649600000,4.25,4.33,4.23,4.27,60165.75,2023-09-14 00:00:00
1694664000000,4.26,4.27,4.22,4.26,28273.44,2023-09-14 04:00:00
1694678400000,4.25,4.33,4.24,4.33,58265.38,2023-09-14 08:00:00
1694692800000,4.33,5.15,4.32,4.61,3158530.54,2023-09-14 12:00:00
1694707200000,4.6,4.8,4.59,4.69,748371.84,2023-09-14 16:00:00
1694721600000,4.68,4.79,4.67,4.78,313698.96,2023-09-14 20:00:00
1694736000000,4.77,5.05,4.66,4.75,912561.35,2023-09-15 00:00:00
1694750400000,4.74,4.79,4.61,4.68,385542.77,2023-09-15 04:00:00
1694764800000,4.68,4.84,4.66,4.75,541357.19,2023-09-15 08:00:00
1694779200000,4.74,4.8,4.68,4.73,984906.77,2023-09-15 12:00:00
1694793600000,4.73,4.76,4.65,4.73,203713.58,2023-09-15 16:00:00
1694808000000,4.73,4.8,4.72,4.8,145007.02,2023-09-15 20:00:00
1694822400000,4.79,4.86,4.69,4.78,461404.16,2023-09-16 00:00:00
1694836800000,4.78,4.98,4.72,4.94,593190.31,2023-09-16 04:00:00
1694851200000,4.93,4.98,4.68,4.75,628117.36,2023-09-16 08:00:00
1694865600000,4.74,4.79,4.69,4.72,234507.31,2023-09-16 12:00:00
1694880000000,4.72,4.73,4.66,4.7,131130.92,2023-09-16 16:00:00
1694894400000,4.69,4.76,4.68,4.75,81987.44,2023-09-16 20:00:00
1694908800000,4.74,4.75,4.56,4.66,296298.42,2023-09-17 00:00:00
1694923200000,4.66,4.66,4.55,4.56,111233.76,2023-09-17 04:00:00
1694937600000,4.56,4.63,4.52,4.61,91052.92,2023-09-17 08:00:00
1694952000000,4.6,4.65,4.56,4.59,102651.62,2023-09-17 12:00:00
1694966400000,4.58,4.59,4.47,4.55,160149.01,2023-09-17 16:00:00
1694980800000,4.54,4.55,4.41,4.48,176061.64,2023-09-17 20:00:00
1694995200000,4.48,4.55,4.42,4.54,134282.48,2023-09-18 00:00:00
1695009600000,4.53,4.55,4.5,4.51,126635.5,2023-09-18 04:00:00
1695024000000,4.51,4.6,4.49,4.59,175983.94,2023-09-18 08:00:00
1695038400000,4.58,4.6,4.55,4.58,118969.9,2023-09-18 12:00:00
1695052800000,4.57,4.6,4.49,4.55,115707.34,2023-09-18 16:00:00
1695067200000,4.54,4.57,4.52,4.53,34207.88,2023-09-18 20:00:00
1695081600000,4.52,4.58,4.48,4.55,91651.0,2023-09-19 00:00:00
1695096000000,4.55,4.6,4.54,4.57,58895.96,2023-09-19 04:00:00
1695110400000,4.56,4.64,4.54,4.6,116258.9,2023-09-19 08:00:00
1695124800000,4.59,4.63,4.54,4.61,155146.41,2023-09-19 12:00:00
1695139200000,4.61,4.62,4.51,4.54,99739.24,2023-09-19 16:00:00
1695153600000,4.53,4.58,4.5,4.57,94092.11,2023-09-19 20:00:00
1695168000000,4.57,4.6,4.48,4.51,119436.51,2023-09-20 00:00:00
1695182400000,4.5,4.54,4.48,4.51,90665.29,2023-09-20 04:00:00
1695196800000,4.51,4.57,4.46,4.52,156094.3,2023-09-20 08:00:00
1695211200000,4.51,4.53,4.45,4.52,106320.8,2023-09-20 12:00:00
1695225600000,4.51,4.56,4.46,4.5,92512.15,2023-09-20 16:00:00
1695240000000,4.49,4.58,4.49,4.55,79897.84,2023-09-20 20:00:00
1695254400000,4.55,4.62,4.5,4.54,112603.89,2023-09-21 00:00:00
1695268800000,4.54,4.55,4.49,4.5,87947.27,2023-09-21 04:00:00
1695283200000,4.5,4.51,4.38,4.42,165748.56,2023-09-21 08:00:00
1695297600000,4.42,4.44,4.38,4.43,131234.85,2023-09-21 12:00:00
1695312000000,4.43,4.43,4.4,4.4,29302.66,2023-09-21 16:00:00
1695326400000,4.41,4.43,4.37,4.4,27096.62,2023-09-21 20:00:00
1695340800000,4.4,4.44,4.34,4.44,70806.44,2023-09-22 00:00:00
1695355200000,4.43,4.45,4.42,4.43,42789.86,2023-09-22 04:00:00
1695369600000,4.43,4.45,4.41,4.43,58989.13,2023-09-22 08:00:00
1695384000000,4.43,4.44,4.39,4.41,60515.59,2023-09-22 12:00:00
1695398400000,4.41,4.42,4.38,4.4,55113.6,2023-09-22 16:00:00
1695412800000,4.4,4.44,4.39,4.43,60237.89,2023-09-22 20:00:00
1695427200000,4.44,4.47,4.42,4.45,104215.48,2023-09-23 00:00:00
1695441600000,4.46,4.47,4.43,4.45,54964.39,2023-09-23 04:00:00
1695456000000,4.45,4.46,4.43,4.43,33829.63,2023-09-23 08:00:00
1695470400000,4.44,4.45,4.41,4.41,34012.57,2023-09-23 12:00:00
1695484800000,4.41,4.44,4.4,4.44,41780.04,2023-09-23 16:00:00
1695499200000,4.43,4.44,4.4,4.44,31081.56,2023-09-23 20:00:00
1695513600000,4.44,4.45,4.4,4.43,54591.99,2023-09-24 00:00:00
1695528000000,4.44,4.44,4.4,4.42,38224.56,2023-09-24 04:00:00
1695542400000,4.43,4.59,4.42,4.58,124629.88,2023-09-24 08:00:00
1695556800000,4.58,4.82,4.51,4.53,1565032.28,2023-09-24 12:00:00
1695571200000,4.52,4.59,4.45,4.48,378372.54,2023-09-24 16:00:00
1695585600000,4.49,4.53,4.46,4.51,164767.08,2023-09-24 20:00:00
1695600000000,4.51,4.68,4.48,4.57,546523.81,2023-09-25 00:00:00
1695614400000,4.56,4.63,4.56,4.61,187080.39,2023-09-25 04:00:00
1695628800000,4.62,4.63,4.56,4.61,124751.82,2023-09-25 08:00:00
1695643200000,4.61,4.7,4.55,4.58,248783.13,2023-09-25 12:00:00
1695657600000,4.58,4.61,4.57,4.58,64307.82,2023-09-25 16:00:00
1695672000000,4.58,4.61,4.56,4.6,59274.51,2023-09-25 20:00:00
1695686400000,4.6,4.7,4.6,4.66,164388.26,2023-09-26 00:00:00
1695700800000,4.65,4.67,4.57,4.59,51387.99,2023-09-26 04:00:00
1695715200000,4.58,4.59,4.54,4.55,87207.2,2023-09-26 08:00:00
1695729600000,4.55,4.57,4.49,4.51,136670.93,2023-09-26 12:00:00
1695744000000,4.51,4.53,4.49,4.52,41396.14,2023-09-26 16:00:00
1695758400000,4.51,4.52,4.43,4.51,77524.7,2023-09-26 20:00:00
1695772800000,4.51,4.55,4.49,4.52,75329.14,2023-09-27 00:00:00
1695787200000,4.52,4.53,4.43,4.45,160747.76,2023-09-27 04:00:00
1695801600000,4.45,4.53,4.43,4.52,106494.53,2023-09-27 08:00:00
1695816000000,4.52,4.55,4.4,4.45,164305.57,2023-09-27 12:00:00
1695830400000,4.45,4.46,4.4,4.44,68822.59,2023-09-27 16:00:00
1695844800000,4.43,4.46,4.41,4.44,98593.41,2023-09-27 20:00:00
1695859200000,4.43,4.48,4.42,4.46,129041.04,2023-09-28 00:00:00
1695873600000,4.46,4.47,4.42,4.45,69614.77,2023-09-28 04:00:00
1695888000000,4.45,4.48,4.42,4.46,87371.47,2023-09-28 08:00:00
1695902400000,4.46,4.51,4.44,4.51,116767.85,2023-09-28 12:00:00
1695916800000,4.51,4.54,4.49,4.52,91078.8,2023-09-28 16:00:00
1695931200000,4.53,4.53,4.48,4.52,65978.15,2023-09-28 20:00:00
1695945600000,4.51,4.54,4.5,4.54,59502.79,2023-09-29 00:00:00
1695960000000,4.54,4.58,4.52,4.57,56253.08,2023-09-29 04:00:00
1695974400000,4.57,4.57,4.51,4.55,73513.43,2023-09-29 08:00:00
1695988800000,4.56,4.56,4.47,4.54,163760.2,2023-09-29 12:00:00
1696003200000,4.54,4.57,4.53,4.55,42683.44,2023-09-29 16:00:00
1696017600000,4.55,4.61,4.55,4.59,109656.25,2023-09-29 20:00:00
1696032000000,4.59,4.65,4.54,4.54,122497.19,2023-09-30 00:00:00
1696046400000,4.55,4.57,4.54,4.54,43680.2,2023-09-30 04:00:00
1696060800000,4.54,4.56,4.52,4.54,69341.75,2023-09-30 08:00:00
1696075200000,4.54,4.6,4.53,4.58,63222.23,2023-09-30 12:00:00
1696089600000,4.58,4.61,4.56,4.59,67525.17,2023-09-30 16:00:00
1696104000000,4.58,4.61,4.57,4.58,52218.5,2023-09-30 20:00:00
1696118400000,4.58,4.61,4.57,4.58,67953.56,2023-10-01 00:00:00
1696132800000,4.59,4.64,4.58,4.6,95668.31,2023-10-01 04:00:00
1696147200000,4.61,4.74,4.58,4.72,203698.34,2023-10-01 08:00:00
1696161600000,4.72,4.75,4.67,4.69,163452.76,2023-10-01 12:00:00
1696176000000,4.7,4.72,4.66,4.68,130771.43,2023-10-01 16:00:00
1696190400000,4.69,4.81,4.67,4.78,156687.15,2023-10-01 20:00:00
1696204800000,4.78,4.8,4.72,4.75,115876.97,2023-10-02 00:00:00
1696219200000,4.75,4.76,4.68,4.72,149284.39,2023-10-02 04:00:00
1696233600000,4.72,4.75,4.7,4.7,120535.14,2023-10-02 08:00:00
1696248000000,4.7,4.72,4.55,4.6,182150.97,2023-10-02 12:00:00
1696262400000,4.6,4.66,4.47,4.57,291905.4,2023-10-02 16:00:00
1696276800000,4.58,4.59,4.52,4.58,76441.63,2023-10-02 20:00:00
1696291200000,4.57,4.64,4.56,4.6,116680.21,2023-10-03 00:00:00
1696305600000,4.61,4.62,4.56,4.57,94663.79,2023-10-03 04:00:00
1696320000000,4.57,4.6,4.55,4.56,79412.87,2023-10-03 08:00:00
1696334400000,4.57,4.57,4.49,4.51,111027.74,2023-10-03 12:00:00
1696348800000,4.51,4.55,4.48,4.54,104671.74,2023-10-03 16:00:00
1696363200000,4.54,4.57,4.5,4.51,110199.19,2023-10-03 20:00:00
1696377600000,4.5,4.52,4.35,4.43,204622.92,2023-10-04 00:00:00
1696392000000,4.43,4.46,4.4,4.45,59465.57,2023-10-04 04:00:00
1696406400000,4.45,4.48,4.44,4.44,62184.35,2023-10-04 08:00:00
1696420800000,4.44,4.46,4.4,4.41,71647.7,2023-10-04 12:00:00
1696435200000,4.41,4.49,4.41,4.46,72865.89,2023-10-04 16:00:00
1696449600000,4.47,4.51,4.45,4.48,35200.38,2023-10-04 20:00:00
1696464000000,4.48,4.52,4.45,4.47,44866.0,2023-10-05 00:00:00
1696478400000,4.47,4.5,4.45,4.47,38167.54,2023-10-05 04:00:00
1696492800000,4.46,4.5,4.46,4.47,26461.36,2023-10-05 08:00:00
1696507200000,4.47,4.49,4.38,4.41,118509.69,2023-10-05 12:00:00
1696521600000,4.41,4.44,4.39,4.41,41198.27,2023-10-05 16:00:00
1696536000000,4.41,4.44,4.4,4.4,27750.76,2023-10-05 20:00:00
1696550400000,4.41,4.46,4.4,4.44,33616.79,2023-10-06 00:00:00
1696564800000,4.44,4.49,4.43,4.48,64054.26,2023-10-06 04:00:00
1696579200000,4.48,4.5,4.46,4.48,67896.78,2023-10-06 08:00:00
1696593600000,4.49,4.52,4.44,4.52,202729.63,2023-10-06 12:00:00
1696608000000,4.51,4.54,4.49,4.52,50542.6,2023-10-06 16:00:00
1696622400000,4.52,4.55,4.5,4.51,66523.86,2023-10-06 20:00:00
1696636800000,4.5,4.52,4.47,4.47,44874.31,2023-10-07 00:00:00
1696651200000,4.47,4.51,4.47,4.48,29112.3,2023-10-07 04:00:00
1696665600000,4.49,4.5,4.47,4.48,53360.06,2023-10-07 08:00:00
1696680000000,4.48,4.5,4.47,4.48,18664.6,2023-10-07 12:00:00
1696694400000,4.48,4.5,4.46,4.47,68220.27,2023-10-07 16:00:00
1696708800000,4.48,4.52,4.47,4.51,30591.95,2023-10-07 20:00:00
1696723200000,4.51,4.53,4.47,4.49,69443.53,2023-10-08 00:00:00
1696737600000,4.5,4.5,4.43,4.48,126309.46,2023-10-08 04:00:00
1696752000000,4.47,4.5,4.44,4.46,55453.08,2023-10-08 08:00:00
1696766400000,4.46,4.49,4.45,4.47,31530.69,2023-10-08 12:00:00
1696780800000,4.47,4.49,4.45,4.46,26760.42,2023-10-08 16:00:00
1696795200000,4.46,4.47,4.44,4.46,32404.05,2023-10-08 20:00:00
1696809600000,4.46,4.51,4.44,4.48,86760.46,2023-10-09 00:00:00
1696824000000,4.47,4.48,4.41,4.42,20884.72,2023-10-09 04:00:00
1696838400000,4.42,4.43,4.24,4.29,227357.32,2023-10-09 08:00:00
1696852800000,4.28,4.32,4.25,4.26,54175.98,2023-10-09 12:00:00
1696867200000,4.26,4.28,4.16,4.28,97988.33,2023-10-09 16:00:00
1696881600000,4.28,4.3,4.25,4.28,37756.98,2023-10-09 20:00:00
1696896000000,4.29,4.31,4.26,4.29,23716.01,2023-10-10 00:00:00
1696910400000,4.29,4.31,4.28,4.3,23272.6,2023-10-10 04:00:00
1696924800000,4.29,4.32,4.26,4.26,63797.33,2023-10-10 08:00:00
1696939200000,4.26,4.28,4.23,4.24,123749.49,2023-10-10 12:00:00
1696953600000,4.24,4.27,4.22,4.24,39860.14,2023-10-10 16:00:00
1696968000000,4.24,4.28,4.18,4.27,59563.84,2023-10-10 20:00:00
1696982400000,4.26,4.28,4.15,4.18,80533.12,2023-10-11 00:00:00
1696996800000,4.18,4.21,4.17,4.18,35052.49,2023-10-11 04:00:00
1697011200000,4.18,4.23,4.17,4.21,71059.31,2023-10-11 08:00:00
1697025600000,4.22,4.23,4.13,4.16,67269.81,2023-10-11 12:00:00
1697040000000,4.15,4.2,4.13,4.19,49219.43,2023-10-11 16:00:00
1697054400000,4.18,4.22,4.16,4.21,37359.47,2023-10-11 20:00:00
1697068800000,4.21,4.22,4.15,4.19,28458.68,2023-10-12 00:00:00
1697083200000,4.19,4.24,4.18,4.23,46553.82,2023-10-12 04:00:00
1697097600000,4.23,4.26,4.16,4.22,59901.72,2023-10-12 08:00:00
1697112000000,4.22,4.25,4.2,4.23,60884.23,2023-10-12 12:00:00
1697126400000,4.24,4.24,4.18,4.22,53600.66,2023-10-12 16:00:00
1697140800000,4.22,4.24,4.21,4.22,21915.14,2023-10-12 20:00:00
1697155200000,4.22,4.24,4.18,4.18,34387.6,2023-10-13 00:00:00
1697169600000,4.18,4.24,4.18,4.23,31001.86,2023-10-13 04:00:00
1697184000000,4.23,4.24,4.19,4.22,46175.98,2023-10-13 08:00:00
1697198400000,4.22,4.24,4.18,4.2,78369.75,2023-10-13 12:00:00
1697212800000,4.19,4.22,4.18,4.2,31329.02,2023-10-13 16:00:00
1697227200000,4.2,4.27,4.19,4.22,104422.16,2023-10-13 20:00:00
1697241600000,4.22,4.43,4.21,4.28,444780.44,2023-10-14 00:00:00
1697256000000,4.27,4.29,4.24,4.27,350382.22,2023-10-14 04:00:00
1697270400000,4.27,4.3,4.24,4.26,63873.56,2023-10-14 08:00:00
1697284800000,4.26,4.29,4.25,4.28,69937.83,2023-10-14 12:00:00
1697299200000,4.29,4.3,4.27,4.3,51002.17,2023-10-14 16:00:00
1697313600000,4.29,4.3,4.27,4.29,25733.11,2023-10-14 20:00:00
1697328000000,4.29,4.32,4.25,4.29,82509.27,2023-10-15 00:00:00
1697342400000,4.28,4.31,4.27,4.31,47757.29,2023-10-15 04:00:00
1697356800000,4.31,4.32,4.28,4.29,38036.15,2023-10-15 08:00:00
1697371200000,4.28,4.29,4.24,4.28,98864.5,2023-10-15 12:00:00
1697385600000,4.28,4.31,4.26,4.28,40397.91,2023-10-15 16:00:00
1697400000000,4.28,4.32,4.26,4.27,30602.58,2023-10-15 20:00:00
1697414400000,4.27,4.3,4.26,4.28,34289.74,2023-10-16 00:00:00
1697428800000,4.29,4.37,4.27,4.33,121701.37,2023-10-16 04:00:00
1697443200000,4.32,4.33,4.29,4.32,53594.6,2023-10-16 08:00:00
1697457600000,4.32,4.45,4.28,4.29,237079.07,2023-10-16 12:00:00
1697472000000,4.28,4.33,4.28,4.3,62228.59,2023-10-16 16:00:00
1697486400000,4.3,4.33,4.29,4.31,52670.55,2023-10-16 20:00:00
1697500800000,4.32,4.32,4.28,4.29,41532.26,2023-10-17 00:00:00
1697515200000,4.3,4.37,4.26,4.28,263161.39,2023-10-17 04:00:00
1697529600000,4.28,4.3,4.27,4.27,72385.41,2023-10-17 08:00:00
1697544000000,4.27,4.35,4.16,4.26,368759.3,2023-10-17 12:00:00
1697558400000,4.26,4.26,4.17,4.2,164455.08,2023-10-17 16:00:00
1697572800000,4.2,4.23,4.18,4.23,54679.2,2023-10-17 20:00:00
1697587200000,4.23,4.24,4.17,4.21,75710.3,2023-10-18 00:00:00
1697601600000,4.21,4.26,4.19,4.21,57710.56,2023-10-18 04:00:00
1697616000000,4.21,4.24,4.19,4.2,31833.97,2023-10-18 08:00:00
1697630400000,4.21,4.21,4.15,4.17,48681.31,2023-10-18 12:00:00
1697644800000,4.17,4.18,4.1,4.12,122826.93,2023-10-18 16:00:00
1697659200000,4.13,4.16,4.12,4.14,41652.42,2023-10-18 20:00:00
1697673600000,4.14,4.16,4.05,4.11,93335.33,2023-10-19 00:00:00
1697688000000,4.1,4.11,4.09,4.1,39561.57,2023-10-19 04:00:00
1697702400000,4.11,4.11,4.08,4.11,49828.83,2023-10-19 08:00:00
1697716800000,4.12,4.16,4.1,4.14,71626.6,2023-10-19 12:00:00
1697731200000,4.15,4.18,4.11,4.13,98834.09,2023-10-19 16:00:00
1697745600000,4.14,4.15,4.11,4.13,62420.92,2023-10-19 20:00:00
1697760000000,4.13,4.19,4.09,4.18,67442.97,2023-10-20 00:00:00
1697774400000,4.18,4.21,4.17,4.19,59067.55,2023-10-20 04:00:00
1697788800000,4.19,4.29,4.19,4.26,151914.29,2023-10-20 08:00:00
1697803200000,4.26,4.28,4.21,4.22,93183.27,2023-10-20 12:00:00
1697817600000,4.23,4.24,4.2,4.23,52612.19,2023-10-20 16:00:00
1697832000000,4.23,4.25,4.21,4.24,37970.09,2023-10-20 20:00:00
1697846400000,4.24,4.3,4.22,4.25,143963.95,2023-10-21 00:00:00
1697860800000,4.25,4.3,4.24,4.3,58106.39,2023-10-21 04:00:00
1697875200000,4.3,4.33,4.27,4.31,113943.91,2023-10-21 08:00:00
1697889600000,4.31,4.42,4.31,4.42,206628.01,2023-10-21 12:00:00
1697904000000,4.41,4.48,4.4,4.46,194318.13,2023-10-21 16:00:00
1697918400000,4.45,4.49,4.4,4.4,73268.11,2023-10-21 20:00:00
1697932800000,4.4,4.47,4.39,4.43,68639.2,2023-10-22 00:00:00
1697947200000,4.42,4.5,4.35,4.41,154984.35,2023-10-22 04:00:00
1697961600000,4.41,4.43,4.36,4.38,117788.93,2023-10-22 08:00:00
1697976000000,4.39,4.41,4.35,4.38,87754.96,2023-10-22 12:00:00
1697990400000,4.38,4.41,4.37,4.38,109599.95,2023-10-22 16:00:00
1698004800000,4.39,4.47,4.36,4.45,65232.24,2023-10-22 20:00:00
1698019200000,4.45,4.57,4.45,4.55,339426.53,2023-10-23 00:00:00
1698033600000,4.55,4.56,4.44,4.45,160600.59,2023-10-23 04:00:00
1698048000000,4.46,4.5,4.41,4.45,98904.17,2023-10-23 08:00:00
1698062400000,4.46,4.47,4.41,4.47,192119.9,2023-10-23 12:00:00
1698076800000,4.46,4.55,4.45,4.54,121047.7,2023-10-23 16:00:00
1698091200000,4.54,4.73,4.52,4.68,423335.99,2023-10-23 20:00:00
1698105600000,4.68,4.83,4.64,4.69,468914.03,2023-10-24 00:00:00
1698120000000,4.69,4.76,4.58,4.62,258674.96,2023-10-24 04:00:00
1698134400000,4.62,4.72,4.62,4.71,157742.77,2023-10-24 08:00:00
1698148800000,4.72,4.79,4.49,4.57,521807.95,2023-10-24 12:00:00
1698163200000,4.57,4.66,4.51,4.63,242554.4,2023-10-24 16:00:00
1698177600000,4.63,4.71,4.57,4.69,121044.74,2023-10-24 20:00:00
1698192000000,4.69,4.74,4.63,4.64,97646.42,2023-10-25 00:00:00
1698206400000,4.65,4.69,4.54,4.58,123852.24,2023-10-25 04:00:00
1698220800000,4.58,4.66,4.55,4.63,71158.99,2023-10-25 08:00:00
1698235200000,4.63,4.77,4.63,4.75,162604.25,2023-10-25 12:00:00
1698249600000,4.75,4.77,4.63,4.67,163055.86,2023-10-25 16:00:00
1698264000000,4.67,4.72,4.63,4.72,96168.91,2023-10-25 20:00:00
1698278400000,4.72,4.81,4.69,4.79,166192.37,2023-10-26 00:00:00
1698292800000,4.79,4.95,4.7,4.93,424282.58,2023-10-26 04:00:00
1698307200000,4.93,4.97,4.82,4.87,695215.34,2023-10-26 08:00:00
1698321600000,4.87,4.99,4.62,4.74,791054.36,2023-10-26 12:00:00
1698336000000,4.73,4.86,4.71,4.84,127574.44,2023-10-26 16:00:00
1698350400000,4.85,4.88,4.8,4.88,77114.59,2023-10-26 20:00:00
1698364800000,4.88,4.89,4.72,4.8,209768.68,2023-10-27 00:00:00
1698379200000,4.8,4.83,4.74,4.74,115983.89,2023-10-27 04:00:00
1698393600000,4.74,4.83,4.72,4.81,130974.3,2023-10-27 08:00:00
1698408000000,4.8,4.87,4.78,4.85,161571.25,2023-10-27 12:00:00
1698422400000,4.84,4.86,4.65,4.73,174056.37,2023-10-27 16:00:00
1698436800000,4.74,4.76,4.69,4.7,81115.94,2023-10-27 20:00:00
1698451200000,4.71,4.79,4.7,4.77,46299.16,2023-10-28 00:00:00
1698465600000,4.78,4.88,4.76,4.84,171306.41,2023-10-28 04:00:00
1698480000000,4.84,4.92,4.83,4.85,125317.81,2023-10-28 08:00:00
1698494400000,4.85,4.87,4.79,4.84,86638.74,2023-10-28 12:00:00
1698508800000,4.84,5.13,4.83,4.92,825856.74,2023-10-28 16:00:00
1698523200000,4.92,5.12,4.9,5.11,313925.11,2023-10-28 20:00:00
1698537600000,5.12,5.14,4.95,4.97,286593.98,2023-10-29 00:00:00
1698552000000,4.98,5.02,4.96,5.0,158711.99,2023-10-29 04:00:00
1698566400000,4.99,5.04,4.97,5.01,177181.26,2023-10-29 08:00:00
1698580800000,5.01,5.85,4.99,5.62,3485460.36,2023-10-29 12:00:00
1698595200000,5.62,5.74,5.58,5.72,992965.6,2023-10-29 16:00:00
1698609600000,5.73,5.76,5.59,5.64,403818.77,2023-10-29 20:00:00
1698624000000,5.64,5.99,5.58,5.81,1320010.23,2023-10-30 00:00:00
1698638400000,5.82,6.0,5.71,5.82,574161.42,2023-10-30 04:00:00
1698652800000,5.82,5.86,5.74,5.78,431452.15,2023-10-30 08:00:00
1698667200000,5.78,5.89,5.71,5.76,575010.41,2023-10-30 12:00:00
1698681600000,5.76,5.81,5.62,5.74,375573.0,2023-10-30 16:00:00
1698696000000,5.75,5.78,5.71,5.75,143913.02,2023-10-30 20:00:00
1698710400000,5.75,5.77,5.58,5.59,294328.4,2023-10-31 00:00:00
1698724800000,5.59,5.77,5.56,5.58,449183.28,2023-10-31 04:00:00
1698739200000,5.58,5.64,5.48,5.56,290697.22,2023-10-31 08:00:00
1698753600000,5.57,5.58,5.25,5.34,747231.54,2023-10-31 12:00:00
1698768000000,5.34,5.43,5.32,5.33,208373.46,2023-10-31 16:00:00
1698782400000,5.34,5.47,5.32,5.47,144596.93,2023-10-31 20:00:00
1698796800000,5.46,5.47,5.34,5.35,133976.81,2023-11-01 00:00:00
1698811200000,5.35,5.36,5.21,5.28,201535.5,2023-11-01 04:00:00
1698825600000,5.27,5.31,5.18,5.25,230291.98,2023-11-01 08:00:00
1698840000000,5.25,5.36,5.17,5.22,302083.19,2023-11-01 12:00:00
1698854400000,5.21,5.5,5.2,5.44,244604.01,2023-11-01 16:00:00
1698868800000,5.44,5.61,5.44,5.52,316865.56,2023-11-01 20:00:00
1698883200000,5.53,5.77,5.49,5.62,505466.82,2023-11-02 00:00:00
1698897600000,5.63,5.64,5.52,5.57,221776.46,2023-11-02 04:00:00
1698912000000,5.56,5.61,5.51,5.58,115820.53,2023-11-02 08:00:00
1698926400000,5.57,5.61,5.33,5.36,237263.28,2023-11-02 12:00:00
1698940800000,5.35,5.48,5.29,5.48,191539.56,2023-11-02 16:00:00
1698955200000,5.48,5.48,5.4,5.44,59847.42,2023-11-02 20:00:00
1698969600000,5.44,5.44,5.23,5.34,253260.64,2023-11-03 00:00:00
1698984000000,5.34,5.37,5.26,5.34,135711.8,2023-11-03 04:00:00
1698998400000,5.34,5.37,5.25,5.33,196577.46,2023-11-03 08:00:00
1699012800000,5.33,5.41,5.3,5.4,119635.26,2023-11-03 12:00:00
1699027200000,5.39,5.48,5.34,5.43,196204.89,2023-11-03 16:00:00
1699041600000,5.43,5.47,5.41,5.43,46976.51,2023-11-03 20:00:00
1699056000000,5.44,5.56,5.42,5.48,313948.68,2023-11-04 00:00:00
1699070400000,5.48,5.58,5.44,5.53,145169.34,2023-11-04 04:00:00
1699084800000,5.54,5.71,5.5,5.53,276643.05,2023-11-04 08:00:00
1699099200000,5.53,5.6,5.46,5.51,126758.99,2023-11-04 12:00:00
1699113600000,5.52,5.57,5.49,5.56,65819.28,2023-11-04 16:00:00
1699128000000,5.56,5.63,5.56,5.59,64777.49,2023-11-04 20:00:00
1699142400000,5.59,5.75,5.58,5.69,350459.19,2023-11-05 00:00:00
1699156800000,5.69,5.74,5.64,5.7,217777.13,2023-11-05 04:00:00
1699171200000,5.7,5.87,5.62,5.75,312745.48,2023-11-05 08:00:00
1699185600000,5.76,5.88,5.63,5.68,382720.55,2023-11-05 12:00:00
1699200000000,5.68,5.78,5.66,5.75,141681.86,2023-11-05 16:00:00
1699214400000,5.75,5.78,5.61,5.72,160526.67,2023-11-05 20:00:00
1699228800000,5.72,5.94,5.69,5.86,514552.99,2023-11-06 00:00:00
1699243200000,5.87,5.9,5.73,5.9,183722.77,2023-11-06 04:00:00
1699257600000,5.91,6.25,5.84,6.09,755704.83,2023-11-06 08:00:00
1699272000000,6.1,6.18,5.96,5.97,317284.19,2023-11-06 12:00:00
1699286400000,5.98,6.01,5.92,6.0,118969.98,2023-11-06 16:00:00
1699300800000,6.0,6.04,5.94,6.02,103513.85,2023-11-06 20:00:00
1699315200000,6.02,6.09,5.82,5.92,306239.94,2023-11-07 00:00:00
1699329600000,5.91,6.05,5.86,5.99,211474.33,2023-11-07 04:00:00
1699344000000,5.99,6.0,5.79,5.83,184236.17,2023-11-07 08:00:00
1699358400000,5.84,5.86,5.66,5.71,183951.07,2023-11-07 12:00:00
1699372800000,5.71,5.89,5.64,5.88,172895.38,2023-11-07 16:00:00
1699387200000,5.88,5.96,5.81,5.86,123742.12,2023-11-07 20:00:00
1699401600000,5.87,5.94,5.84,5.88,123345.33,2023-11-08 00:00:00
1699416000000,5.89,5.95,5.83,5.92,88298.98,2023-11-08 04:00:00
1699430400000,5.93,5.98,5.91,5.97,119810.67,2023-11-08 08:00:00
1699444800000,5.96,6.01,5.89,5.96,221631.84,2023-11-08 12:00:00
1699459200000,5.96,6.13,5.95,6.07,189416.13,2023-11-08 16:00:00
1699473600000,6.07,6.08,6.0,6.02,116700.88,2023-11-08 20:00:00
1699488000000,6.03,6.11,5.99,6.07,349227.15,2023-11-09 00:00:00
1699502400000,6.07,6.18,6.06,6.09,269699.88,2023-11-09 04:00:00
1699516800000,6.08,6.15,6.05,6.1,314222.1,2023-11-09 08:00:00
1699531200000,6.09,6.26,6.01,6.08,711769.67,2023-11-09 12:00:00
1699545600000,6.09,6.13,5.23,5.75,657244.8,2023-11-09 16:00:00
1699560000000,5.75,5.97,5.64,5.96,293323.53,2023-11-09 20:00:00
1699574400000,5.96,6.43,5.94,6.14,953769.15,2023-11-10 00:00:00
1699588800000,6.14,6.24,6.11,6.14,264924.74,2023-11-10 04:00:00
1699603200000,6.14,6.21,6.02,6.2,392213.07,2023-11-10 08:00:00
1699617600000,6.21,6.21,5.87,5.99,321324.61,2023-11-10 12:00:00
1699632000000,5.99,6.16,5.98,6.14,180455.53,2023-11-10 16:00:00
1699646400000,6.13,6.23,6.09,6.19,212607.3,2023-11-10 20:00:00
1699660800000,6.2,6.33,6.06,6.07,509870.19,2023-11-11 00:00:00
1699675200000,6.07,6.1,5.93,6.0,287164.61,2023-11-11 04:00:00
1699689600000,6.01,6.13,5.97,6.09,212359.03,2023-11-11 08:00:00
1699704000000,6.08,6.34,6.05,6.25,448567.28,2023-11-11 12:00:00
1699718400000,6.24,6.6,6.24,6.56,717358.55,2023-11-11 16:00:00
1699732800000,6.56,6.61,6.26,6.38,300576.5,2023-11-11 20:00:00
1699747200000,6.38,6.55,6.11,6.28,473827.15,2023-11-12 00:00:00
1699761600000,6.27,6.45,6.2,6.41,392808.48,2023-11-12 04:00:00
1699776000000,6.41,6.44,6.3,6.36,231354.49,2023-11-12 08:00:00
1699790400000,6.35,6.38,6.22,6.28,293085.65,2023-11-12 12:00:00
1699804800000,6.28,6.3,6.2,6.25,144208.03,2023-11-12 16:00:00
1699819200000,6.26,6.41,6.24,6.37,180413.26,2023-11-12 20:00:00
1699833600000,6.36,6.51,6.24,6.26,364186.81,2023-11-13 00:00:00
1699848000000,6.26,6.38,6.16,6.31,212754.18,2023-11-13 04:00:00
1699862400000,6.31,6.51,6.25,6.29,353423.84,2023-11-13 08:00:00
1699876800000,6.29,6.46,6.19,6.44,359427.59,2023-11-13 12:00:00
1699891200000,6.43,6.49,6.27,6.47,263125.22,2023-11-13 16:00:00
1699905600000,6.47,6.47,6.08,6.15,405019.73,2023-11-13 20:00:00
1699920000000,6.15,6.21,6.0,6.2,256204.51,2023-11-14 00:00:00
1699934400000,6.19,6.31,6.15,6.29,154681.65,2023-11-14 04:00:00
1699948800000,6.29,6.34,6.01,6.05,255619.38,2023-11-14 08:00:00
1699963200000,6.05,6.32,6.01,6.18,308530.36,2023-11-14 12:00:00
1699977600000,6.17,6.27,5.76,5.92,403374.4,2023-11-14 16:00:00
1699992000000,5.92,6.11,5.89,6.09,156650.73,2023-11-14 20:00:00
1700006400000,6.09,6.17,6.01,6.01,189763.5,2023-11-15 00:00:00
1700020800000,6.02,6.18,6.02,6.15,160391.2,2023-11-15 04:00:00
1700035200000,6.16,6.35,6.16,6.35,305414.44,2023-11-15 08:00:00
1700049600000,6.34,6.37,6.25,6.35,263091.49,2023-11-15 12:00:00
1700064000000,6.34,6.43,6.26,6.43,353843.1,2023-11-15 16:00:00
1700078400000,6.43,6.45,6.33,6.43,217038.23,2023-11-15 20:00:00
1700092800000,6.44,6.49,6.38,6.44,178832.21,2023-11-16 00:00:00
1700107200000,6.45,6.57,6.41,6.52,252921.04,2023-11-16 04:00:00
1700121600000,6.53,6.61,6.42,6.49,483973.95,2023-11-16 08:00:00
1700136000000,6.5,6.53,6.25,6.34,495724.6,2023-11-16 12:00:00
1700150400000,6.34,6.5,6.12,6.32,369772.04,2023-11-16 16:00:00
1700164800000,6.32,6.36,6.17,6.27,194487.48,2023-11-16 20:00:00
1700179200000,6.27,6.63,6.23,6.58,327916.96,2023-11-17 00:00:00
1700193600000,6.58,6.76,6.45,6.48,462437.16,2023-11-17 04:00:00
1700208000000,6.48,6.56,6.26,6.37,261757.13,2023-11-17 08:00:00
1700222400000,6.37,6.48,6.04,6.07,556484.05,2023-11-17 12:00:00
1700236800000,6.07,6.31,6.03,6.25,233680.93,2023-11-17 16:00:00
1700251200000,6.24,6.35,6.2,6.32,199568.27,2023-11-17 20:00:00
1700265600000,6.32,6.32,6.03,6.03,303236.4,2023-11-18 00:00:00
1700280000000,6.03,6.1,5.77,5.92,428603.03,2023-11-18 04:00:00
1700294400000,5.93,6.0,5.87,5.94,177096.56,2023-11-18 08:00:00
1700308800000,5.94,6.06,5.84,6.06,331271.2,2023-11-18 12:00:00
1700323200000,6.05,6.11,6.0,6.07,158205.45,2023-11-18 16:00:00
1700337600000,6.06,6.08,5.98,6.04,92104.04,2023-11-18 20:00:00
1700352000000,6.04,6.12,5.88,6.02,248723.78,2023-11-19 00:00:00
1700366400000,6.01,6.12,5.98,6.11,109177.83,2023-11-19 04:00:00
1700380800000,6.11,6.14,5.97,6.0,128403.61,2023-11-19 08:00:00
1700395200000,6.0,6.05,5.96,6.04,144300.52,2023-11-19 12:00:00
1700409600000,6.04,6.25,6.02,6.25,137524.65,2023-11-19 16:00:00
1700424000000,6.25,6.29,6.15,6.26,196938.73,2023-11-19 20:00:00
1700438400000,6.25,6.28,6.19,6.21,161980.64,2023-11-20 00:00:00
1700452800000,6.2,6.26,6.16,6.24,107305.98,2023-11-20 04:00:00
1700467200000,6.24,6.32,6.21,6.24,241219.03,2023-11-20 08:00:00
1700481600000,6.23,6.29,6.11,6.25,248503.2,2023-11-20 12:00:00
1700496000000,6.25,6.3,6.11,6.19,416350.4,2023-11-20 16:00:00
1700510400000,6.19,6.22,6.02,6.12,229118.49,2023-11-20 20:00:00
1700524800000,6.12,6.31,6.09,6.15,299520.04,2023-11-21 00:00:00
1700539200000,6.16,6.24,6.12,6.12,164378.71,2023-11-21 04:00:00
1700553600000,6.13,6.23,6.12,6.15,160087.49,2023-11-21 08:00:00
1700568000000,6.15,6.19,5.79,5.95,592546.0,2023-11-21 12:00:00
1700582400000,5.95,6.0,5.61,5.75,715881.11,2023-11-21 16:00:00
1700596800000,5.74,5.85,5.45,5.49,616340.22,2023-11-21 20:00:00
1700611200000,5.48,5.71,5.47,5.71,178008.28,2023-11-22 00:00:00
1700625600000,5.71,5.75,5.68,5.7,145069.49,2023-11-22 04:00:00
1700640000000,5.71,5.76,5.67,5.69,140597.89,2023-11-22 08:00:00
1700654400000,5.69,5.78,5.66,5.73,194993.84,2023-11-22 12:00:00
1700668800000,5.73,5.99,5.71,5.92,281314.96,2023-11-22 16:00:00
1700683200000,5.92,5.98,5.87,5.9,127575.46,2023-11-22 20:00:00
1700697600000,5.9,5.94,5.85,5.89,114124.69,2023-11-23 00:00:00
1700712000000,5.89,5.93,5.86,5.9,159932.26,2023-11-23 04:00:00
1700726400000,5.9,5.94,5.81,5.84,180226.97,2023-11-23 08:00:00
1700740800000,5.84,5.86,5.76,5.78,158889.46,2023-11-23 12:00:00
1700755200000,5.78,5.84,5.76,5.79,98430.57,2023-11-23 16:00:00
1700769600000,5.79,5.87,5.79,5.84,97306.3,2023-11-23 20:00:00
1700784000000,5.84,5.9,5.82,5.87,140110.39,2023-11-24 00:00:00
1700798400000,5.87,5.93,5.85,5.92,118454.48,2023-11-24 04:00:00
1700812800000,5.92,6.05,5.9,5.99,303620.53,2023-11-24 08:00:00
1700827200000,5.99,6.03,5.9,5.99,296242.11,2023-11-24 12:00:00
1700841600000,5.99,6.02,5.9,5.92,226600.54,2023-11-24 16:00:00
1700856000000,5.91,5.97,5.89,5.96,163759.72,2023-11-24 20:00:00
1700870400000,5.95,6.19,5.92,6.13,227973.66,2023-11-25 00:00:00
1700884800000,6.13,6.37,6.11,6.29,496387.98,2023-11-25 04:00:00
1700899200000,6.3,6.33,6.14,6.24,471106.45,2023-11-25 08:00:00
1700913600000,6.24,6.46,6.21,6.41,993893.51,2023-11-25 12:00:00
1700928000000,6.41,6.43,6.29,6.32,216318.37,2023-11-25 16:00:00
1700942400000,6.32,6.34,6.28,6.34,133694.81,2023-11-25 20:00:00
1700956800000,6.34,6.35,6.19,6.23,219544.75,2023-11-26 00:00:00
1700971200000,6.23,6.33,6.21,6.23,152915.19,2023-11-26 04:00:00
1700985600000,6.23,6.26,6.18,6.21,164225.83,2023-11-26 08:00:00
1701000000000,6.21,6.94,6.15,6.59,4186384.01,2023-11-26 12:00:00
1701014400000,6.58,6.6,6.35,6.48,580977.22,2023-11-26 16:00:00
1701028800000,6.48,6.75,6.46,6.69,587020.38,2023-11-26 20:00:00
1701043200000,6.7,7.51,6.7,7.17,4140197.57,2023-11-27 00:00:00
1701057600000,7.17,7.21,6.9,6.99,1468929.56,2023-11-27 04:00:00
1701072000000,6.99,7.23,6.7,6.88,1860561.76,2023-11-27 08:00:00
1701086400000,6.87,6.92,6.6,6.66,1090381.58,2023-11-27 12:00:00
1701100800000,6.66,6.78,6.56,6.63,517023.43,2023-11-27 16:00:00
1701115200000,6.62,6.91,6.56,6.86,492597.15,2023-11-27 20:00:00
1701129600000,6.86,7.0,6.64,6.68,598674.77,2023-11-28 00:00:00
1701144000000,6.68,7.07,6.41,6.68,2271865.34,2023-11-28 04:00:00
1701158400000,6.68,6.88,6.6,6.71,679858.18,2023-11-28 08:00:00
1701172800000,6.71,6.78,6.61,6.72,381217.94,2023-11-28 12:00:00
1701187200000,6.73,6.88,6.69,6.81,608635.7,2023-11-28 16:00:00
1701201600000,6.8,6.85,6.72,6.79,210446.35,2023-11-28 20:00:00
1701216000000,6.78,6.83,6.64,6.67,284585.69,2023-11-29 00:00:00
1701230400000,6.67,6.69,6.63,6.65,171432.17,2023-11-29 04:00:00
1701244800000,6.65,6.76,6.52,6.56,397284.03,2023-11-29 08:00:00
1701259200000,6.55,6.62,6.44,6.48,451771.98,2023-11-29 12:00:00
1701273600000,6.48,6.51,6.42,6.46,177507.07,2023-11-29 16:00:00
1701288000000,6.45,6.51,6.43,6.49,122126.75,2023-11-29 20:00:00
1701302400000,6.48,6.49,6.31,6.41,332534.47,2023-11-30 00:00:00
1701316800000,6.4,6.43,6.3,6.32,267128.4,2023-11-30 04:00:00
1701331200000,6.31,6.38,6.25,6.38,241721.36,2023-11-30 08:00:00
1701345600000,6.37,6.49,6.29,6.34,482244.26,2023-11-30 12:00:00
1701360000000,6.34,6.41,6.32,6.36,150131.2,2023-11-30 16:00:00
1701374400000,6.35,6.39,6.33,6.36,99239.37,2023-11-30 20:00:00
1701388800000,6.36,6.46,6.28,6.43,317969.78,2023-12-01 00:00:00
1701403200000,6.44,6.6,6.42,6.47,618159.1,2023-12-01 04:00:00
1701417600000,6.48,6.59,6.39,6.46,355672.12,2023-12-01 08:00:00
1701432000000,6.46,6.49,6.41,6.43,270620.65,2023-12-01 12:00:00
1701446400000,6.43,6.5,6.43,6.49,162045.21,2023-12-01 16:00:00
1701460800000,6.49,6.51,6.46,6.5,77557.55,2023-12-01 20:00:00
1701475200000,6.49,6.59,6.47,6.53,209909.39,2023-12-02 00:00:00
1701489600000,6.53,6.58,6.49,6.52,175980.51,2023-12-02 04:00:00
1701504000000,6.51,6.61,6.51,6.59,160601.9,2023-12-02 08:00:00
1701518400000,6.59,6.62,6.5,6.55,207692.28,2023-12-02 12:00:00
1701532800000,6.55,6.71,6.53,6.68,238692.34,2023-12-02 16:00:00
1701547200000,6.67,6.7,6.64,6.66,154619.06,2023-12-02 20:00:00
1701561600000,6.66,6.73,6.58,6.63,205904.49,2023-12-03 00:00:00
1701576000000,6.62,6.63,6.56,6.61,124747.98,2023-12-03 04:00:00
1701590400000,6.61,6.63,6.54,6.58,129357.11,2023-12-03 08:00:00
1701604800000,6.57,6.74,6.47,6.7,635703.43,2023-12-03 12:00:00
1701619200000,6.71,6.9,6.67,6.82,448577.82,2023-12-03 16:00:00
1701633600000,6.81,6.85,6.69,6.74,302299.98,2023-12-03 20:00:00
1701648000000,6.74,6.86,6.68,6.84,398242.03,2023-12-04 00:00:00
1701662400000,6.84,6.93,6.8,6.83,368524.2,2023-12-04 04:00:00
1701676800000,6.82,6.89,6.41,6.62,657114.8,2023-12-04 08:00:00
1701691200000,6.62,6.71,6.54,6.61,311061.57,2023-12-04 12:00:00
1701705600000,6.61,6.82,6.6,6.65,354914.97,2023-12-04 16:00:00
1701720000000,6.64,6.75,6.63,6.75,157581.27,2023-12-04 20:00:00
1701734400000,6.75,7.11,6.69,6.89,789834.08,2023-12-05 00:00:00
1701748800000,6.89,7.2,6.88,6.99,784618.85,2023-12-05 04:00:00
1701763200000,6.98,7.07,6.88,6.96,390794.16,2023-12-05 08:00:00
1701777600000,6.95,6.97,6.81,6.88,400034.3,2023-12-05 12:00:00
1701792000000,6.88,7.11,6.82,6.99,476201.47,2023-12-05 16:00:00
1701806400000,6.99,7.09,6.92,7.01,261298.33,2023-12-05 20:00:00
1701820800000,7.02,7.49,7.0,7.16,1613291.93,2023-12-06 00:00:00
1701835200000,7.17,7.25,7.03,7.17,467132.46,2023-12-06 04:00:00
1701849600000,7.18,7.34,6.93,7.06,605105.05,2023-12-06 08:00:00
1701864000000,7.06,7.13,6.97,7.08,418007.89,2023-12-06 12:00:00
1701878400000,7.08,7.13,7.02,7.1,222127.12,2023-12-06 16:00:00
1701892800000,7.1,7.11,6.88,6.95,210615.98,2023-12-06 20:00:00
1701907200000,6.95,7.14,6.95,7.06,504066.75,2023-12-07 00:00:00
1701921600000,7.06,7.42,7.05,7.29,1142808.48,2023-12-07 04:00:00
1701936000000,7.29,7.3,6.97,7.19,649458.42,2023-12-07 08:00:00
1701950400000,7.19,7.33,7.16,7.25,596923.12,2023-12-07 12:00:00
1701964800000,7.24,7.36,7.21,7.24,225191.54,2023-12-07 16:00:00
1701979200000,7.23,7.36,7.21,7.32,162261.22,2023-12-07 20:00:00
1701993600000,7.33,7.38,7.22,7.31,182036.28,2023-12-08 00:00:00
1702008000000,7.3,7.35,7.18,7.19,225337.62,2023-12-08 04:00:00
1702022400000,7.19,7.34,7.16,7.3,274187.8,2023-12-08 08:00:00
1702036800000,7.3,7.46,7.28,7.43,527629.19,2023-12-08 12:00:00
1702051200000,7.43,7.64,7.43,7.61,583755.76,2023-12-08 16:00:00
1702065600000,7.62,7.73,7.56,7.65,275928.19,2023-12-08 20:00:00
1702080000000,7.66,7.88,7.63,7.7,493419.89,2023-12-09 00:00:00
1702094400000,7.71,7.81,7.67,7.79,273797.83,2023-12-09 04:00:00
1702108800000,7.78,7.88,7.53,7.73,697305.93,2023-12-09 08:00:00
1702123200000,7.74,7.84,7.58,7.71,369044.24,2023-12-09 12:00:00
1702137600000,7.72,7.78,7.61,7.72,255431.79,2023-12-09 16:00:00
1702152000000,7.71,7.78,7.57,7.63,220726.96,2023-12-09 20:00:00
1702166400000,7.64,7.86,7.64,7.73,310404.65,2023-12-10 00:00:00
1702180800000,7.73,7.99,7.71,7.93,373885.1,2023-12-10 04:00:00
1702195200000,7.93,8.07,7.59,7.83,807070.35,2023-12-10 08:00:00
1702209600000,7.83,7.93,7.75,7.82,326509.57,2023-12-10 12:00:00
1702224000000,7.82,7.89,7.65,7.81,278607.66,2023-12-10 16:00:00
1702238400000,7.82,7.92,7.77,7.85,153589.95,2023-12-10 20:00:00
1702252800000,7.85,7.85,6.98,7.33,795310.54,2023-12-11 00:00:00
1702267200000,7.32,7.35,7.13,7.19,294406.54,2023-12-11 04:00:00
1702281600000,7.19,7.3,7.13,7.29,213844.21,2023-12-11 08:00:00
1702296000000,7.29,7.34,7.07,7.15,480608.29,2023-12-11 12:00:00
1702310400000,7.15,7.2,6.84,7.02,590871.33,2023-12-11 16:00:00
1702324800000,7.02,7.11,6.97,7.09,509754.69,2023-12-11 20:00:00
1702339200000,7.08,7.3,7.08,7.24,392055.22,2023-12-12 00:00:00
1702353600000,7.25,7.31,7.11,7.29,248488.16,2023-12-12 04:00:00
1702368000000,7.3,7.32,7.15,7.16,252827.44,2023-12-12 08:00:00
1702382400000,7.16,7.3,7.04,7.15,371466.64,2023-12-12 12:00:00
1702396800000,7.15,7.19,6.99,7.13,186506.88,2023-12-12 16:00:00
1702411200000,7.13,7.26,7.06,7.21,128128.42,2023-12-12 20:00:00
1702425600000,7.21,7.23,6.83,6.86,340691.28,2023-12-13 00:00:00
1702440000000,6.87,6.97,6.73,6.86,256963.78,2023-12-13 04:00:00
1702454400000,6.85,6.94,6.81,6.84,149383.35,2023-12-13 08:00:00
1702468800000,6.83,7.05,6.82,7.02,271253.22,2023-12-13 12:00:00
1702483200000,7.03,7.2,6.96,7.2,193826.64,2023-12-13 16:00:00
1702497600000,7.2,7.3,7.15,7.27,198043.47,2023-12-13 20:00:00
1702512000000,7.26,7.29,7.15,7.18,203587.75,2023-12-14 00:00:00
1702526400000,7.19,7.28,7.16,7.27,139573.32,2023-12-14 04:00:00
1702540800000,7.27,7.48,7.24,7.46,293894.65,2023-12-14 08:00:00
1702555200000,7.45,7.49,7.08,7.3,436831.72,2023-12-14 12:00:00
1702569600000,7.3,7.44,7.3,7.37,189015.89,2023-12-14 16:00:00
1702584000000,7.37,7.45,7.32,7.41,98539.81,2023-12-14 20:00:00
1702598400000,7.42,7.43,7.27,7.28,131366.65,2023-12-15 00:00:00
1702612800000,7.27,7.29,7.18,7.19,131116.04,2023-12-15 04:00:00
1702627200000,7.19,7.28,7.17,7.26,107637.92,2023-12-15 08:00:00
1702641600000,7.26,7.28,7.1,7.16,183678.22,2023-12-15 12:00:00
1702656000000,7.16,7.23,7.12,7.18,110789.96,2023-12-15 16:00:00
1702670400000,7.18,7.2,6.99,7.01,115835.56,2023-12-15 20:00:00
1702684800000,7.0,7.14,6.9,7.14,122836.24,2023-12-16 00:00:00
1702699200000,7.14,7.2,7.1,7.14,143011.65,2023-12-16 04:00:00
1702713600000,7.14,7.18,7.12,7.17,76267.45,2023-12-16 08:00:00
1702728000000,7.18,7.24,7.15,7.23,122638.17,2023-12-16 12:00:00
1702742400000,7.23,7.35,7.15,7.2,196104.13,2023-12-16 16:00:00
1702756800000,7.2,7.29,7.16,7.23,165525.12,2023-12-16 20:00:00
1702771200000,7.22,7.27,7.12,7.18,143515.61,2023-12-17 00:00:00
1702785600000,7.18,7.32,7.08,7.11,225869.77,2023-12-17 04:00:00
1702800000000,7.1,7.21,7.09,7.19,76251.52,2023-12-17 08:00:00
1702814400000,7.19,7.2,7.0,7.12,181877.91,2023-12-17 12:00:00
1702828800000,7.12,7.23,7.09,7.16,87535.19,2023-12-17 16:00:00
1702843200000,7.15,7.2,6.93,6.96,127402.0,2023-12-17 20:00:00
1702857600000,6.96,7.04,6.8,6.89,737116.44,2023-12-18 00:00:00
1702872000000,6.9,6.91,6.78,6.79,245255.8,2023-12-18 04:00:00
1702886400000,6.8,6.85,6.46,6.64,523445.85,2023-12-18 08:00:00
1702900800000,6.64,6.76,6.56,6.64,228257.12,2023-12-18 12:00:00
1702915200000,6.65,6.73,6.62,6.7,125984.51,2023-12-18 16:00:00
1702929600000,6.71,6.94,6.66,6.93,130216.01,2023-12-18 20:00:00
1702944000000,6.94,7.06,6.88,6.99,160068.12,2023-12-19 00:00:00
1702958400000,7.0,7.08,6.95,7.06,179372.76,2023-12-19 04:00:00
1702972800000,7.07,7.12,7.0,7.05,477522.98,2023-12-19 08:00:00
1702987200000,7.06,7.11,6.87,6.96,370211.11,2023-12-19 12:00:00
1703001600000,6.96,6.99,6.8,6.94,190491.58,2023-12-19 16:00:00
1703016000000,6.94,6.97,6.85,6.89,70439.14,2023-12-19 20:00:00
1703030400000,6.88,6.96,6.83,6.93,93432.35,2023-12-20 00:00:00
1703044800000,6.93,7.16,6.92,7.16,162320.79,2023-12-20 04:00:00
1703059200000,7.16,7.43,7.12,7.4,598365.39,2023-12-20 08:00:00
1703073600000,7.41,7.51,7.35,7.46,433458.47,2023-12-20 12:00:00
1703088000000,7.47,7.49,7.33,7.33,350822.22,2023-12-20 16:00:00
1703102400000,7.34,7.35,7.2,7.3,178813.56,2023-12-20 20:00:00
1703116800000,7.29,7.38,7.22,7.3,203621.6,2023-12-21 00:00:00
1703131200000,7.3,7.37,7.26,7.37,173292.5,2023-12-21 04:00:00
1703145600000,7.37,7.5,7.34,7.49,224222.43,2023-12-21 08:00:00
1703160000000,7.49,7.55,7.32,7.42,287817.46,2023-12-21 12:00:00
1703174400000,7.43,7.52,7.41,7.5,165226.69,2023-12-21 16:00:00
1703188800000,7.51,7.6,7.48,7.59,185044.62,2023-12-21 20:00:00
1703203200000,7.59,7.67,7.48,7.57,250034.59,2023-12-22 00:00:00
1703217600000,7.57,7.59,7.35,7.42,297587.27,2023-12-22 04:00:00
1703232000000,7.42,7.55,7.31,7.53,259586.22,2023-12-22 08:00:00
1703246400000,7.53,7.58,7.4,7.55,146616.26,2023-12-22 12:00:00
1703260800000,7.56,7.61,7.47,7.47,147872.28,2023-12-22 16:00:00
1703275200000,7.47,7.63,7.47,7.62,81257.84,2023-12-22 20:00:00
1703289600000,7.63,7.63,7.34,7.37,232301.0,2023-12-23 00:00:00
1703304000000,7.37,7.46,7.31,7.38,108090.83,2023-12-23 04:00:00
1703318400000,7.38,7.58,7.38,7.46,160654.36,2023-12-23 08:00:00
1703332800000,7.46,7.52,7.44,7.48,88367.61,2023-12-23 12:00:00
1703347200000,7.48,7.55,7.47,7.53,115626.18,2023-12-23 16:00:00
1703361600000,7.53,7.71,7.52,7.67,180831.07,2023-12-23 20:00:00
1703376000000,7.67,7.95,7.6,7.93,420311.37,2023-12-24 00:00:00
1703390400000,7.94,8.22,7.82,8.16,764617.61,2023-12-24 04:00:00
1703404800000,8.15,8.17,7.9,7.95,377594.42,2023-12-24 08:00:00
1703419200000,7.95,8.49,7.91,8.39,960194.74,2023-12-24 12:00:00
1703433600000,8.39,9.5,8.17,9.17,2913818.9,2023-12-24 16:00:00
1703448000000,9.18,9.33,8.51,9.13,1675040.48,2023-12-24 20:00:00
1703462400000,9.13,9.29,8.76,9.09,1336404.21,2023-12-25 00:00:00
1703476800000,9.08,11.0,9.03,10.47,4611684.29,2023-12-25 04:00:00
1703491200000,10.48,11.13,10.33,11.06,3853279.39,2023-12-25 08:00:00
1703505600000,11.06,11.15,10.05,10.19,3006158.89,2023-12-25 12:00:00
1703520000000,10.19,10.33,9.85,10.11,1143838.26,2023-12-25 16:00:00
1703534400000,10.11,10.32,10.01,10.23,612883.14,2023-12-25 20:00:00
1703548800000,10.23,10.71,10.16,10.42,1545957.31,2023-12-26 00:00:00
1703563200000,10.42,10.46,9.71,9.88,982349.43,2023-12-26 04:00:00
1703577600000,9.88,10.31,9.55,10.11,1104760.84,2023-12-26 08:00:00
1703592000000,10.11,10.22,9.58,9.62,1123163.36,2023-12-26 12:00:00
1703606400000,9.62,9.79,9.13,9.46,772982.37,2023-12-26 16:00:00
1703620800000,9.45,9.94,9.45,9.87,455010.61,2023-12-26 20:00:00
1703635200000,9.86,9.91,9.27,9.32,402846.03,2023-12-27 00:00:00
1703649600000,9.33,9.55,9.33,9.43,236269.07,2023-12-27 04:00:00
1703664000000,9.44,9.74,9.4,9.54,374458.54,2023-12-27 08:00:00
1703678400000,9.54,9.75,9.5,9.59,496918.19,2023-12-27 12:00:00
1703692800000,9.59,9.91,9.4,9.75,545174.54,2023-12-27 16:00:00
1703707200000,9.75,9.86,9.55,9.74,249703.88,2023-12-27 20:00:00
1703721600000,9.74,9.85,9.34,9.42,409312.38,2023-12-28 00:00:00
1703736000000,9.41,9.47,9.17,9.31,436783.68,2023-12-28 04:00:00
1703750400000,9.32,9.36,9.23,9.34,181569.75,2023-12-28 08:00:00
1703764800000,9.34,9.35,8.83,8.97,585978.0,2023-12-28 12:00:00
1703779200000,8.97,9.12,8.89,9.06,182077.93,2023-12-28 16:00:00
1703793600000,9.06,9.19,8.94,9.1,145020.6,2023-12-28 20:00:00
1703808000000,9.1,9.49,9.09,9.37,907203.49,2023-12-29 00:00:00
1703822400000,9.38,9.67,9.32,9.43,422181.0,2023-12-29 04:00:00
1703836800000,9.43,9.65,9.4,9.42,398056.44,2023-12-29 08:00:00
1703851200000,9.41,9.44,9.07,9.18,353224.85,2023-12-29 12:00:00
1703865600000,9.18,9.23,8.91,9.13,316999.59,2023-12-29 16:00:00
1703880000000,9.14,9.14,8.84,9.09,163042.46,2023-12-29 20:00:00
1703894400000,9.09,9.18,8.9,8.97,171205.35,2023-12-30 00:00:00
1703908800000,8.97,9.08,8.97,8.99,106626.16,2023-12-30 04:00:00
1703923200000,8.99,9.0,8.8,8.93,168327.64,2023-12-30 08:00:00
1703937600000,8.94,9.08,8.93,9.07,134872.08,2023-12-30 12:00:00
1703952000000,9.06,9.18,9.04,9.16,205299.62,2023-12-30 16:00:00
1703966400000,9.17,9.29,9.05,9.06,194345.97,2023-12-30 20:00:00
1703980800000,9.06,9.27,8.94,9.1,178377.4,2023-12-31 00:00:00
1703995200000,9.11,9.2,9.07,9.14,114194.8,2023-12-31 04:00:00
1704009600000,9.14,9.24,9.07,9.18,110495.55,2023-12-31 08:00:00
1704024000000,9.19,9.24,9.08,9.19,156854.18,2023-12-31 12:00:00
1704038400000,9.19,9.24,9.14,9.16,160874.77,2023-12-31 16:00:00
1704052800000,9.16,9.17,8.56,8.85,373990.31,2023-12-31 20:00:00
1704067200000,8.84,8.9,8.71,8.73,165186.8,2024-01-01 00:00:00
1704081600000,8.73,8.78,8.61,8.72,175547.78,2024-01-01 04:00:00
1704096000000,8.72,8.81,8.68,8.81,125268.17,2024-01-01 08:00:00
1704110400000,8.81,8.94,8.79,8.93,178122.87,2024-01-01 12:00:00
1704124800000,8.94,9.1,8.91,9.08,162898.14,2024-01-01 16:00:00
1704139200000,9.08,9.3,9.04,9.26,201254.21,2024-01-01 20:00:00
1704153600000,9.25,9.59,9.17,9.36,450338.12,2024-01-02 00:00:00
1704168000000,9.37,9.45,9.32,9.42,150500.24,2024-01-02 04:00:00
1704182400000,9.41,9.56,9.37,9.42,290955.98,2024-01-02 08:00:00
1704196800000,9.42,9.45,9.02,9.06,289834.96,2024-01-02 12:00:00
1704211200000,9.06,9.07,8.79,8.89,263480.06,2024-01-02 16:00:00
1704225600000,8.9,9.0,8.81,8.94,107464.72,2024-01-02 20:00:00
1704240000000,8.94,9.05,8.88,8.97,129137.54,2024-01-03 00:00:00
1704254400000,8.97,9.09,8.96,9.0,149507.88,2024-01-03 04:00:00
1704268800000,8.99,9.12,8.53,8.64,340743.47,2024-01-03 08:00:00
1704283200000,8.65,8.66,7.2,8.05,1640873.36,2024-01-03 12:00:00
1704297600000,8.05,8.13,7.78,7.9,434543.03,2024-01-03 16:00:00
1704312000000,7.9,8.07,7.89,7.95,219583.58,2024-01-03 20:00:00
1704326400000,7.94,8.48,7.74,8.38,566890.95,2024-01-04 00:00:00
1704340800000,8.38,8.61,8.1,8.1,852252.68,2024-01-04 04:00:00
1704355200000,8.1,8.31,8.04,8.22,334178.13,2024-01-04 08:00:00
1704369600000,8.23,8.51,8.18,8.41,593393.51,2024-01-04 12:00:00
1704384000000,8.4,8.47,8.31,8.4,136093.57,2024-01-04 16:00:00
1704398400000,8.4,8.5,8.35,8.38,113418.94,2024-01-04 20:00:00
1704412800000,8.39,8.48,7.98,8.1,342342.7,2024-01-05 00:00:00
1704427200000,8.1,8.19,8.03,8.07,197612.91,2024-01-05 04:00:00
1704441600000,8.07,8.18,7.92,7.94,207623.95,2024-01-05 08:00:00
1704456000000,7.94,8.04,7.71,7.81,408943.89,2024-01-05 12:00:00
1704470400000,7.82,7.89,7.64,7.81,232625.71,2024-01-05 16:00:00
1704484800000,7.8,7.97,7.79,7.97,72831.93,2024-01-05 20:00:00
1704499200000,7.97,8.15,7.92,7.99,491331.58,2024-01-06 00:00:00
1704513600000,7.98,8.02,7.45,7.63,466174.74,2024-01-06 04:00:00
1704528000000,7.62,7.8,7.56,7.79,206001.07,2024-01-06 08:00:00
1704542400000,7.79,8.07,7.68,7.96,272669.56,2024-01-06 12:00:00
1704556800000,7.96,8.1,7.94,8.01,151446.44,2024-01-06 16:00:00
1704571200000,8.01,8.24,7.95,8.12,301927.86,2024-01-06 20:00:00
1704585600000,8.12,8.23,8.01,8.15,302360.55,2024-01-07 00:00:00
1704600000000,8.14,8.19,8.07,8.12,173383.61,2024-01-07 04:00:00
1704614400000,8.12,8.14,7.86,7.93,242734.57,2024-01-07 08:00:00
1704628800000,7.93,7.98,7.77,7.8,160671.15,2024-01-07 12:00:00
1704643200000,7.8,7.86,7.69,7.8,114319.75,2024-01-07 16:00:00
1704657600000,7.8,7.81,7.38,7.5,231026.79,2024-01-07 20:00:00
1704672000000,7.49,7.53,6.84,6.98,642632.32,2024-01-08 00:00:00
1704686400000,6.97,7.31,6.93,7.19,307177.59,2024-01-08 04:00:00
1704700800000,7.2,7.45,7.07,7.44,292269.71,2024-01-08 08:00:00
1704715200000,7.43,7.58,7.38,7.5,291633.02,2024-01-08 12:00:00
1704729600000,7.51,7.91,7.43,7.87,269249.32,2024-01-08 16:00:00
1704744000000,7.88,7.96,7.79,7.92,167238.85,2024-01-08 20:00:00
1704758400000,7.93,7.94,7.67,7.81,235874.42,2024-01-09 00:00:00
1704772800000,7.8,7.96,7.79,7.82,134384.71,2024-01-09 04:00:00
1704787200000,7.81,7.89,7.57,7.66,207884.63,2024-01-09 08:00:00
1704801600000,7.66,7.71,7.3,7.43,432918.9,2024-01-09 12:00:00
1704816000000,7.42,7.45,7.24,7.31,161993.52,2024-01-09 16:00:00
1704830400000,7.31,7.53,7.18,7.48,406122.77,2024-01-09 20:00:00
1704844800000,7.48,7.56,7.42,7.5,123990.29,2024-01-10 00:00:00
1704859200000,7.5,7.54,7.37,7.39,78605.02,2024-01-10 04:00:00
1704873600000,7.39,7.66,7.3,7.55,307064.88,2024-01-10 08:00:00
1704888000000,7.55,7.59,7.22,7.56,473892.2,2024-01-10 12:00:00
1704902400000,7.56,7.74,7.49,7.72,170867.31,2024-01-10 16:00:00
1704916800000,7.72,8.34,7.5,8.18,623759.87,2024-01-10 20:00:00
1704931200000,8.19,8.81,8.08,8.56,1176704.73,2024-01-11 00:00:00
1704945600000,8.56,8.62,8.23,8.4,292955.35,2024-01-11 04:00:00
1704960000000,8.4,8.75,8.37,8.7,424584.91,2024-01-11 08:00:00
1704974400000,8.69,8.72,8.39,8.47,533806.25,2024-01-11 12:00:00
1704988800000,8.48,8.53,8.24,8.52,304406.89,2024-01-11 16:00:00
1705003200000,8.52,8.56,8.34,8.5,161770.58,2024-01-11 20:00:00
1705017600000,8.51,9.09,8.48,8.72,1263347.34,2024-01-12 00:00:00
1705032000000,8.71,8.73,8.49,8.56,488593.96,2024-01-12 04:00:00
1705046400000,8.56,8.57,8.29,8.51,317989.81,2024-01-12 08:00:00
1705060800000,8.52,8.61,8.26,8.31,314382.24,2024-01-12 12:00:00
1705075200000,8.31,8.42,7.9,8.16,356881.57,2024-01-12 16:00:00
1705089600000,8.17,8.22,7.63,7.95,288295.39,2024-01-12 20:00:00
1705104000000,7.95,8.09,7.66,7.88,288682.02,2024-01-13 00:00:00
1705118400000,7.88,8.06,7.86,8.01,111245.14,2024-01-13 04:00:00
1705132800000,8.01,8.08,7.92,8.03,109427.48,2024-01-13 08:00:00
1705147200000,8.03,8.28,8.02,8.19,165465.3,2024-01-13 12:00:00
1705161600000,8.19,8.19,8.08,8.16,86830.0,2024-01-13 16:00:00
1705176000000,8.16,8.22,8.13,8.19,73827.67,2024-01-13 20:00:00
1705190400000,8.19,8.2,8.0,8.02,107801.13,2024-01-14 00:00:00
1705204800000,8.02,8.14,7.92,8.09,126933.46,2024-01-14 04:00:00
1705219200000,8.1,8.14,8.05,8.09,77720.66,2024-01-14 08:00:00
1705233600000,8.09,8.12,7.99,8.06,99997.62,2024-01-14 12:00:00
1705248000000,8.06,8.08,7.85,7.87,136913.34,2024-01-14 16:00:00
1705262400000,7.86,7.97,7.76,7.8,151411.29,2024-01-14 20:00:00
1705276800000,7.79,8.01,7.78,7.95,94675.72,2024-01-15 00:00:00
1705291200000,7.96,8.0,7.85,7.9,105567.67,2024-01-15 04:00:00
1705305600000,7.9,7.97,7.85,7.94,90971.26,2024-01-15 08:00:00
1705320000000,7.94,8.03,7.75,7.78,246096.89,2024-01-15 12:00:00
1705334400000,7.78,8.04,7.76,7.93,252733.21,2024-01-15 16:00:00
1705348800000,7.92,7.99,7.74,7.86,160734.67,2024-01-15 20:00:00
1705363200000,7.87,8.02,7.85,7.98,220952.99,2024-01-16 00:00:00
1705377600000,7.98,7.99,7.87,7.95,134140.71,2024-01-16 04:00:00
1705392000000,7.95,8.02,7.91,7.97,152339.28,2024-01-16 08:00:00
1705406400000,7.97,8.19,7.82,8.11,350492.93,2024-01-16 12:00:00
1705420800000,8.11,8.43,8.1,8.24,447726.98,2024-01-16 16:00:00
1705435200000,8.23,8.44,8.23,8.31,176955.51,2024-01-16 20:00:00
1705449600000,8.31,8.46,8.16,8.17,218657.09,2024-01-17 00:00:00
1705464000000,8.16,8.17,7.99,8.02,166386.82,2024-01-17 04:00:00
1705478400000,8.02,8.23,7.95,8.16,218782.83,2024-01-17 08:00:00
1705492800000,8.15,8.26,7.98,8.0,322465.5,2024-01-17 12:00:00
1705507200000,8.01,8.1,7.93,8.04,128441.64,2024-01-17 16:00:00
1705521600000,8.04,8.09,7.95,8.08,71214.05,2024-01-17 20:00:00
1705536000000,8.08,8.09,7.84,7.93,157756.42,2024-01-18 00:00:00
1705550400000,7.93,8.02,7.9,7.99,84261.67,2024-01-18 04:00:00
1705564800000,7.99,8.0,7.79,7.85,159226.4,2024-01-18 08:00:00
1705579200000,7.84,7.92,7.74,7.88,150568.07,2024-01-18 12:00:00
1705593600000,7.87,7.87,7.44,7.5,251983.38,2024-01-18 16:00:00
1705608000000,7.5,7.64,7.49,7.59,160271.28,2024-01-18 20:00:00
1705622400000,7.59,7.86,7.5,7.78,556617.66,2024-01-19 00:00:00
1705636800000,7.78,7.84,7.66,7.71,274262.46,2024-01-19 04:00:00
1705651200000,7.71,7.71,7.59,7.67,348467.38,2024-01-19 08:00:00
1705665600000,7.67,7.7,7.34,7.36,497333.31,2024-01-19 12:00:00
1705680000000,7.35,7.55,7.11,7.53,362310.63,2024-01-19 16:00:00
1705694400000,7.53,7.6,7.49,7.59,85157.14,2024-01-19 20:00:00
1705708800000,7.58,7.79,7.51,7.66,399098.74,2024-01-20 00:00:00
1705723200000,7.65,7.72,7.63,7.64,52432.76,2024-01-20 04:00:00
1705737600000,7.65,7.78,7.63,7.72,137825.03,2024-01-20 08:00:00
1705752000000,7.72,7.95,7.7,7.78,259859.98,2024-01-20 12:00:00
1705766400000,7.78,7.84,7.73,7.79,98235.59,2024-01-20 16:00:00
1705780800000,7.78,7.89,7.77,7.8,102735.1,2024-01-20 20:00:00
1705795200000,7.79,7.85,7.7,7.78,166771.02,2024-01-21 00:00:00
1705809600000,7.77,7.86,7.73,7.85,116993.06,2024-01-21 04:00:00
1705824000000,7.85,8.02,7.78,7.89,160446.46,2024-01-21 08:00:00
1705838400000,7.89,7.93,7.82,7.86,122036.11,2024-01-21 12:00:00
1705852800000,7.85,7.99,7.77,7.92,111434.95,2024-01-21 16:00:00
1705867200000,7.93,7.94,7.76,7.79,89662.33,2024-01-21 20:00:00
1705881600000,7.79,7.91,7.6,7.67,187403.36,2024-01-22 00:00:00
1705896000000,7.66,7.75,7.58,7.64,130909.02,2024-01-22 04:00:00
1705910400000,7.63,7.66,7.43,7.55,204737.05,2024-01-22 08:00:00
1705924800000,7.55,7.63,7.32,7.45,239386.64,2024-01-22 12:00:00
1705939200000,7.46,7.49,7.2,7.31,253783.56,2024-01-22 16:00:00
1705953600000,7.3,7.42,7.24,7.26,177469.61,2024-01-22 20:00:00
1705968000000,7.27,7.42,7.2,7.37,105725.09,2024-01-23 00:00:00
1705982400000,7.37,7.42,7.14,7.18,136975.61,2024-01-23 04:00:00
1705996800000,7.18,7.25,6.71,6.91,589775.52,2024-01-23 08:00:00
1706011200000,6.9,6.98,6.75,6.93,287247.98,2024-01-23 12:00:00
1706025600000,6.92,6.97,6.78,6.78,286453.73,2024-01-23 16:00:00
1706040000000,6.78,7.07,6.76,7.07,246421.63,2024-01-23 20:00:00
1706054400000,7.06,7.26,7.01,7.08,260495.99,2024-01-24 00:00:00
1706068800000,7.07,7.25,7.05,7.19,72967.74,2024-01-24 04:00:00
1706083200000,7.2,7.34,7.13,7.25,231734.47,2024-01-24 08:00:00
1706097600000,7.25,7.28,7.14,7.22,124798.76,2024-01-24 12:00:00
1706112000000,7.22,7.25,7.07,7.11,183739.68,2024-01-24 16:00:00
1706126400000,7.11,7.22,7.07,7.19,127777.0,2024-01-24 20:00:00
1706140800000,7.19,7.19,7.02,7.05,163614.16,2024-01-25 00:00:00
1706155200000,7.06,7.11,6.97,7.07,253196.83,2024-01-25 04:00:00
1706169600000,7.06,7.13,7.0,7.08,169252.95,2024-01-25 08:00:00
1706184000000,7.08,7.13,6.95,6.98,138011.2,2024-01-25 12:00:00
1706198400000,6.97,7.15,6.94,7.12,81496.35,2024-01-25 16:00:00
1706212800000,7.11,7.17,7.07,7.11,83173.99,2024-01-25 20:00:00
1706227200000,7.1,7.19,7.03,7.13,117786.27,2024-01-26 00:00:00
1706241600000,7.13,7.16,7.07,7.07,62292.49,2024-01-26 04:00:00
1706256000000,7.07,7.32,7.06,7.29,168739.99,2024-01-26 08:00:00
1706270400000,7.3,7.32,7.21,7.32,101337.12,2024-01-26 12:00:00
1706284800000,7.31,7.41,7.31,7.36,99834.65,2024-01-26 16:00:00
1706299200000,7.36,7.38,7.25,7.33,90310.58,2024-01-26 20:00:00
1706313600000,7.33,7.36,7.29,7.31,69601.61,2024-01-27 00:00:00
1706328000000,7.32,7.35,7.21,7.24,43806.52,2024-01-27 04:00:00
1706342400000,7.24,7.29,7.19,7.28,78908.47,2024-01-27 08:00:00
1706356800000,7.28,7.39,7.27,7.38,156745.4,2024-01-27 12:00:00
1706371200000,7.38,7.44,7.33,7.41,181014.01,2024-01-27 16:00:00
1706385600000,7.41,7.42,7.33,7.35,104296.99,2024-01-27 20:00:00
1706400000000,7.35,7.48,7.32,7.45,184854.23,2024-01-28 00:00:00
1706414400000,7.44,7.5,7.36,7.37,111283.28,2024-01-28 04:00:00
1706428800000,7.36,7.47,7.34,7.38,146342.21,2024-01-28 08:00:00
1706443200000,7.37,7.39,7.27,7.34,123836.52,2024-01-28 12:00:00
1706457600000,7.35,7.41,7.2,7.24,115701.9,2024-01-28 16:00:00
1706472000000,7.24,7.32,7.18,7.28,67490.81,2024-01-28 20:00:00
1706486400000,7.29,7.37,7.24,7.34,98112.66,2024-01-29 00:00:00
1706500800000,7.34,7.36,7.25,7.26,63350.44,2024-01-29 04:00:00
1706515200000,7.26,7.38,7.24,7.3,85224.16,2024-01-29 08:00:00
1706529600000,7.31,7.33,7.16,7.3,182502.4,2024-01-29 12:00:00
1706544000000,7.3,7.49,7.27,7.45,214135.29,2024-01-29 16:00:00
1706558400000,7.45,7.5,7.45,7.49,100529.86,2024-01-29 20:00:00
1706572800000,7.49,7.59,7.44,7.47,259123.95,2024-01-30 00:00:00
1706587200000,7.47,7.5,7.42,7.46,104616.32,2024-01-30 04:00:00
1706601600000,7.46,7.54,7.43,7.53,179549.45,2024-01-30 08:00:00
1706616000000,7.53,7.66,7.37,7.56,404477.33,2024-01-30 12:00:00
1706630400000,7.56,7.62,7.49,7.54,170544.91,2024-01-30 16:00:00
1706644800000,7.54,7.56,7.32,7.36,112302.73,2024-01-30 20:00:00
1706659200000,7.35,7.45,7.22,7.3,316087.65,2024-01-31 00:00:00
1706673600000,7.3,7.31,7.23,7.25,148425.79,2024-01-31 04:00:00
1706688000000,7.24,7.25,6.99,7.06,434409.51,2024-01-31 08:00:00
1706702400000,7.06,7.11,6.93,7.08,532341.84,2024-01-31 12:00:00
1706716800000,7.08,7.13,7.01,7.06,326884.05,2024-01-31 16:00:00
1706731200000,7.06,7.08,6.87,6.96,287788.54,2024-01-31 20:00:00
1706745600000,6.96,7.03,6.79,6.86,254690.66,2024-02-01 00:00:00
1706760000000,6.86,6.96,6.83,6.91,225961.06,2024-02-01 04:00:00
1706774400000,6.9,6.98,6.89,6.9,145036.96,2024-02-01 08:00:00
1706788800000,6.89,6.99,6.88,6.94,334108.64,2024-02-01 12:00:00
1706803200000,6.94,7.03,6.88,7.0,287849.76,2024-02-01 16:00:00
1706817600000,7.0,7.04,6.97,7.03,84970.28,2024-02-01 20:00:00
1706832000000,7.03,7.1,7.01,7.05,135086.92,2024-02-02 00:00:00
1706846400000,7.05,7.12,7.02,7.11,93745.24,2024-02-02 04:00:00
1706860800000,7.12,7.12,7.06,7.09,151489.89,2024-02-02 08:00:00
1706875200000,7.09,7.17,6.98,7.16,369058.74,2024-02-02 12:00:00
1706889600000,7.16,7.18,7.03,7.07,331627.08,2024-02-02 16:00:00
1706904000000,7.08,7.15,7.04,7.11,137201.57,2024-02-02 20:00:00
1706918400000,7.12,7.29,7.1,7.2,381771.93,2024-02-03 00:00:00
1706932800000,7.19,7.26,7.18,7.19,218329.36,2024-02-03 04:00:00
1706947200000,7.19,7.3,7.19,7.22,190693.4,2024-02-03 08:00:00
1706961600000,7.22,7.25,7.11,7.15,171303.19,2024-02-03 12:00:00
1706976000000,7.15,7.2,7.15,7.19,89300.38,2024-02-03 16:00:00
1706990400000,7.19,7.2,7.12,7.15,87372.34,2024-02-03 20:00:00
1707004800000,7.14,7.14,7.03,7.06,164275.04,2024-02-04 00:00:00
1707019200000,7.06,7.07,6.95,7.0,197397.86,2024-02-04 04:00:00
1707033600000,6.99,7.09,6.95,7.06,94343.07,2024-02-04 08:00:00
1707048000000,7.07,7.12,7.04,7.06,116193.17,2024-02-04 12:00:00
1707062400000,7.06,7.1,6.98,7.02,144860.97,2024-02-04 16:00:00
1707076800000,7.01,7.09,6.91,6.97,186015.92,2024-02-04 20:00:00
1707091200000,6.96,7.02,6.86,7.0,247323.08,2024-02-05 00:00:00
1707105600000,7.0,7.08,6.99,7.04,105605.96,2024-02-05 04:00:00
1707120000000,7.04,7.27,6.91,7.02,1243980.39,2024-02-05 08:00:00
1707134400000,7.02,7.08,6.94,6.97,607795.6,2024-02-05 12:00:00
1707148800000,6.96,6.99,6.91,6.92,237054.52,2024-02-05 16:00:00
1707163200000,6.92,6.93,6.79,6.87,286550.8,2024-02-05 20:00:00
1707177600000,6.87,6.88,6.8,6.86,293025.76,2024-02-06 00:00:00
1707192000000,6.85,6.89,6.8,6.85,201251.8,2024-02-06 04:00:00
1707206400000,6.85,6.93,6.82,6.86,209914.97,2024-02-06 08:00:00
1707220800000,6.86,6.9,6.83,6.9,212566.37,2024-02-06 12:00:00
1707235200000,6.9,6.97,6.87,6.96,170610.43,2024-02-06 16:00:00
1707249600000,6.97,7.0,6.94,6.95,93713.05,2024-02-06 20:00:00
1707264000000,6.96,7.07,6.95,6.99,202059.17,2024-02-07 00:00:00
1707278400000,6.99,7.02,6.84,6.88,215561.47,2024-02-07 04:00:00
1707292800000,6.88,6.94,6.87,6.9,91402.96,2024-02-07 08:00:00
1707307200000,6.9,7.03,6.89,7.01,205996.91,2024-02-07 12:00:00
1707321600000,7.01,7.12,7.0,7.07,212445.62,2024-02-07 16:00:00
1707336000000,7.08,7.16,7.08,7.13,161187.58,2024-02-07 20:00:00
1707350400000,7.13,7.19,7.11,7.15,210702.53,2024-02-08 00:00:00
1707364800000,7.15,7.17,7.12,7.16,120856.62,2024-02-08 04:00:00
1707379200000,7.16,7.19,7.13,7.15,183735.79,2024-02-08 08:00:00
1707393600000,7.14,7.26,7.1,7.22,267791.33,2024-02-08 12:00:00
1707408000000,7.22,7.26,7.1,7.23,441180.25,2024-02-08 16:00:00
1707422400000,7.23,7.29,7.23,7.23,190207.08,2024-02-08 20:00:00
1707436800000,7.23,7.36,7.19,7.29,265615.94,2024-02-09 00:00:00
1707451200000,7.28,7.37,7.26,7.37,117259.42,2024-02-09 04:00:00
1707465600000,7.37,7.41,7.33,7.4,191788.07,2024-02-09 08:00:00
1707480000000,7.39,7.43,7.28,7.35,288801.74,2024-02-09 12:00:00
1707494400000,7.35,7.46,7.33,7.39,201979.76,2024-02-09 16:00:00
1707508800000,7.39,7.48,7.39,7.45,117261.36,2024-02-09 20:00:00
1707523200000,7.46,7.55,7.42,7.5,214780.02,2024-02-10 00:00:00
1707537600000,7.5,7.52,7.42,7.42,105879.91,2024-02-10 04:00:00
1707552000000,7.42,7.43,7.29,7.35,183592.97,2024-02-10 08:00:00
1707566400000,7.36,7.47,7.35,7.44,91048.5,2024-02-10 12:00:00
1707580800000,7.44,7.52,7.42,7.5,167729.76,2024-02-10 16:00:00
1707595200000,7.5,7.55,7.43,7.44,114481.58,2024-02-10 20:00:00
1707609600000,7.44,7.64,7.41,7.54,298034.83,2024-02-11 00:00:00
1707624000000,7.55,7.63,7.53,7.59,159398.15,2024-02-11 04:00:00
1707638400000,7.6,7.72,7.57,7.6,323294.7,2024-02-11 08:00:00
1707652800000,7.59,7.6,7.45,7.47,317500.98,2024-02-11 12:00:00
1707667200000,7.48,7.55,7.46,7.52,111069.6,2024-02-11 16:00:00
1707681600000,7.53,7.53,7.43,7.47,331901.66,2024-02-11 20:00:00
1707696000000,7.48,7.85,7.47,7.68,685446.57,2024-02-12 00:00:00
1707710400000,7.69,7.71,7.58,7.64,114151.06,2024-02-12 04:00:00
1707724800000,7.65,7.71,7.47,7.54,328639.32,2024-02-12 08:00:00
1707739200000,7.54,7.85,7.5,7.78,525070.97,2024-02-12 12:00:00
1707753600000,7.78,7.94,7.71,7.79,411359.23,2024-02-12 16:00:00
1707768000000,7.8,7.85,7.78,7.83,98640.16,2024-02-12 20:00:00
1707782400000,7.83,7.92,7.64,7.66,171321.68,2024-02-13 00:00:00
1707796800000,7.67,7.75,7.66,7.72,96661.63,2024-02-13 04:00:00
1707811200000,7.72,7.76,7.64,7.7,148858.45,2024-02-13 08:00:00
1707825600000,7.69,7.71,7.4,7.47,522843.41,2024-02-13 12:00:00
1707840000000,7.47,7.6,7.43,7.55,194432.27,2024-02-13 16:00:00
1707854400000,7.55,7.63,7.55,7.59,79646.43,2024-02-13 20:00:00
1707868800000,7.59,7.61,7.52,7.59,74699.0,2024-02-14 00:00:00
1707883200000,7.59,7.67,7.57,7.66,84923.52,2024-02-14 04:00:00
1707897600000,7.66,7.9,7.65,7.89,380366.41,2024-02-14 08:00:00
1707912000000,7.88,7.93,7.76,7.85,294901.9,2024-02-14 12:00:00
1707926400000,7.84,7.85,7.74,7.82,121509.97,2024-02-14 16:00:00
1707940800000,7.82,7.88,7.8,7.87,72614.09,2024-02-14 20:00:00
1707955200000,7.88,8.02,7.77,7.98,316477.66,2024-02-15 00:00:00
1707969600000,7.98,8.03,7.81,7.98,303115.05,2024-02-15 04:00:00
1707984000000,7.97,8.07,7.93,8.03,287651.76,2024-02-15 08:00:00
1707998400000,8.04,8.2,7.98,8.05,614048.8,2024-02-15 12:00:00
1708012800000,8.05,8.15,7.95,8.12,189331.05,2024-02-15 16:00:00
1708027200000,8.12,8.14,7.94,8.05,189204.75,2024-02-15 20:00:00
1708041600000,8.04,8.34,8.04,8.19,478370.69,2024-02-16 00:00:00
1708056000000,8.19,8.21,8.03,8.04,175772.67,2024-02-16 04:00:00
1708070400000,8.04,8.12,7.91,8.08,220891.78,2024-02-16 08:00:00
1708084800000,8.09,8.22,7.85,8.0,330005.46,2024-02-16 12:00:00
1708099200000,8.01,8.1,7.92,7.95,141513.44,2024-02-16 16:00:00
1708113600000,7.95,8.11,7.94,8.1,105184.65,2024-02-16 20:00:00
1708128000000,8.1,8.26,8.02,8.14,223678.28,2024-02-17 00:00:00
1708142400000,8.13,8.19,8.1,8.16,101407.51,2024-02-17 04:00:00
1708156800000,8.16,8.17,7.92,7.99,269376.2,2024-02-17 08:00:00
1708171200000,7.99,8.0,7.63,7.79,301693.69,2024-02-17 12:00:00
1708185600000,7.79,7.93,7.77,7.91,124130.41,2024-02-17 16:00:00
1708200000000,7.91,8.01,7.9,7.94,100829.29,2024-02-17 20:00:00
1708214400000,7.94,8.0,7.84,7.95,296851.11,2024-02-18 00:00:00
1708228800000,7.95,8.12,7.94,8.05,194199.93,2024-02-18 04:00:00
1708243200000,8.05,8.3,8.05,8.29,423288.02,2024-02-18 08:00:00
1708257600000,8.28,8.3,8.15,8.28,348979.37,2024-02-18 12:00:00
1708272000000,8.28,8.28,8.17,8.19,198052.55,2024-02-18 16:00:00
1708286400000,8.18,8.26,8.1,8.2,136469.21,2024-02-18 20:00:00
1708300800000,8.2,8.28,8.15,8.25,210310.53,2024-02-19 00:00:00
1708315200000,8.26,8.36,8.23,8.35,228407.82,2024-02-19 04:00:00
1708329600000,8.35,8.35,8.16,8.19,468104.36,2024-02-19 08:00:00
1708344000000,8.19,8.24,8.11,8.2,262991.65,2024-02-19 12:00:00
1708358400000,8.21,8.34,8.13,8.27,290386.16,2024-02-19 16:00:00
1708372800000,8.28,8.55,8.23,8.4,323032.77,2024-02-19 20:00:00
1708387200000,8.4,8.53,8.14,8.14,381343.43,2024-02-20 00:00:00
1708401600000,8.15,8.37,8.12,8.29,234793.16,2024-02-20 04:00:00
1708416000000,8.3,8.4,8.09,8.34,358251.59,2024-02-20 08:00:00
1708430400000,8.34,8.44,7.79,7.97,718865.49,2024-02-20 12:00:00
1708444800000,7.98,8.14,7.88,8.14,384287.72,2024-02-20 16:00:00
1708459200000,8.14,8.28,8.08,8.17,220698.21,2024-02-20 20:00:00
1708473600000,8.17,8.18,7.98,8.01,174651.9,2024-02-21 00:00:00
1708488000000,8.02,8.02,7.77,7.83,162359.67,2024-02-21 04:00:00
1708502400000,7.82,7.89,7.54,7.62,606926.01,2024-02-21 08:00:00
1708516800000,7.62,7.75,7.52,7.63,543279.52,2024-02-21 12:00:00
1708531200000,7.64,7.68,7.44,7.59,216014.21,2024-02-21 16:00:00
1708545600000,7.58,7.79,7.54,7.76,180895.8,2024-02-21 20:00:00
1708560000000,7.76,7.76,7.56,7.65,117754.74,2024-02-22 00:00:00
1708574400000,7.66,7.84,7.62,7.81,191894.57,2024-02-22 04:00:00
1708588800000,7.82,7.89,7.74,7.77,355146.1,2024-02-22 08:00:00
1708603200000,7.78,7.82,7.61,7.8,242343.35,2024-02-22 12:00:00
1708617600000,7.8,7.9,7.75,7.85,152237.54,2024-02-22 16:00:00
1708632000000,7.84,7.94,7.68,7.78,581757.65,2024-02-22 20:00:00
1708646400000,7.78,7.89,7.67,7.73,291572.62,2024-02-23 00:00:00
1708660800000,7.74,7.95,7.66,7.76,168553.29,2024-02-23 04:00:00
1708675200000,7.76,7.82,7.65,7.79,142530.75,2024-02-23 08:00:00
1708689600000,7.8,7.85,7.67,7.69,343667.74,2024-02-23 12:00:00
1708704000000,7.69,7.87,7.56,7.86,257439.47,2024-02-23 16:00:00
1708718400000,7.86,7.9,7.69,7.78,116799.47,2024-02-23 20:00:00
1708732800000,7.79,7.91,7.65,7.87,254473.23,2024-02-24 00:00:00
1708747200000,7.86,7.98,7.81,7.96,151176.73,2024-02-24 04:00:00
1708761600000,7.97,8.11,7.89,8.09,238684.17,2024-02-24 08:00:00
1708776000000,8.09,8.1,7.98,8.06,141788.52,2024-02-24 12:00:00
1708790400000,8.05,8.12,8.02,8.1,124863.57,2024-02-24 16:00:00
1708804800000,8.11,8.11,8.04,8.07,109016.56,2024-02-24 20:00:00
1708819200000,8.08,8.12,7.97,8.04,105219.99,2024-02-25 00:00:00
1708833600000,8.05,8.06,7.96,8.03,88829.39,2024-02-25 04:00:00
1708848000000,8.03,8.05,7.93,8.02,89459.43,2024-02-25 08:00:00
1708862400000,8.02,8.15,7.99,8.06,176047.96,2024-02-25 12:00:00
1708876800000,8.06,8.11,8.01,8.08,105144.47,2024-02-25 16:00:00
1708891200000,8.08,8.17,8.06,8.13,104623.94,2024-02-25 20:00:00
1708905600000,8.12,8.16,8.03,8.14,192929.14,2024-02-26 00:00:00
1708920000000,8.14,8.559,8.11,8.33,795230.98,2024-02-26 04:00:00
1708934400000,8.331,8.45,8.133,8.26,740731.97,2024-02-26 08:00:00
1708948800000,8.26,8.487,8.211,8.465,761322.86,2024-02-26 12:00:00
1708963200000,8.465,8.694,8.439,8.658,795240.29,2024-02-26 16:00:00
1708977600000,8.656,8.699,8.604,8.648,257253.04,2024-02-26 20:00:00
1708992000000,8.646,8.789,8.511,8.543,555773.49,2024-02-27 00:00:00
1709006400000,8.544,8.665,8.525,8.642,316068.26,2024-02-27 04:00:00
1709020800000,8.639,8.768,8.58,8.723,431534.6,2024-02-27 08:00:00
1709035200000,8.722,8.761,8.495,8.56,453079.77,2024-02-27 12:00:00
1709049600000,8.559,8.938,8.515,8.775,770935.07,2024-02-27 16:00:00
1709064000000,8.775,8.976,8.74,8.939,307921.47,2024-02-27 20:00:00
1709078400000,8.935,8.99,8.716,8.73,375857.43,2024-02-28 00:00:00
1709092800000,8.73,8.881,8.728,8.865,246405.54,2024-02-28 04:00:00
1709107200000,8.866,9.16,8.81,8.913,752645.8,2024-02-28 08:00:00
1709121600000,8.908,9.127,8.9,9.018,504069.33,2024-02-28 12:00:00
1709136000000,9.018,9.472,8.261,8.834,1434371.57,2024-02-28 16:00:00
1709150400000,8.833,9.219,8.784,9.045,343986.03,2024-02-28 20:00:00
1709164800000,9.046,9.173,8.913,9.11,372296.15,2024-02-29 00:00:00
1709179200000,9.111,9.384,9.066,9.38,417128.03,2024-02-29 04:00:00
1709193600000,9.379,9.646,9.279,9.364,569412.49,2024-02-29 08:00:00
1709208000000,9.363,9.582,9.255,9.494,404567.99,2024-02-29 12:00:00
1709222400000,9.496,9.515,9.226,9.373,427815.02,2024-02-29 16:00:00
1709236800000,9.374,9.64,8.906,9.576,609915.76,2024-02-29 20:00:00
1709251200000,9.581,9.604,9.382,9.407,408284.44,2024-03-01 00:00:00
1709265600000,9.405,9.62,9.252,9.279,808911.08,2024-03-01 04:00:00
1709280000000,9.28,9.548,9.241,9.44,431038.14,2024-03-01 08:00:00
1709294400000,9.441,9.804,9.418,9.595,454592.77,2024-03-01 12:00:00
1709308800000,9.594,9.695,9.496,9.669,358390.82,2024-03-01 16:00:00
1709323200000,9.668,9.983,9.665,9.893,259817.79,2024-03-01 20:00:00
1709337600000,9.894,10.3,9.829,10.207,578784.35,2024-03-02 00:00:00
1709352000000,10.208,10.29,9.868,10.062,355220.61,2024-03-02 04:00:00
1709366400000,10.061,10.2,9.871,10.143,304633.59,2024-03-02 08:00:00
1709380800000,10.134,10.531,9.969,10.226,834776.22,2024-03-02 12:00:00
1709395200000,10.222,10.373,10.159,10.302,276587.34,2024-03-02 16:00:00
1709409600000,10.3,10.834,10.255,10.694,676875.9,2024-03-02 20:00:00
1709424000000,10.695,11.58,10.402,11.349,1954678.61,2024-03-03 00:00:00
1709438400000,11.348,11.436,9.732,10.31,1446227.52,2024-03-03 04:00:00
1709452800000,10.306,10.43,10.0,10.294,973785.6,2024-03-03 08:00:00
1709467200000,10.294,10.43,10.211,10.418,620136.89,2024-03-03 12:00:00
1709481600000,10.418,10.528,10.231,10.31,395387.81,2024-03-03 16:00:00
1709496000000,10.314,10.4,10.24,10.296,362851.2,2024-03-03 20:00:00
1709510400000,10.296,10.482,10.054,10.301,625885.83,2024-03-04 00:00:00
1709524800000,10.312,10.7,10.203,10.591,520271.15,2024-03-04 04:00:00
1709539200000,10.593,10.98,10.46,10.764,918160.91,2024-03-04 08:00:00
1709553600000,10.761,10.919,10.44,10.69,640172.64,2024-03-04 12:00:00
1709568000000,10.691,10.782,10.31,10.626,543321.13,2024-03-04 16:00:00
1709582400000,10.63,10.723,10.443,10.675,364041.15,2024-03-04 20:00:00
1709596800000,10.677,10.68,10.315,10.435,460707.68,2024-03-05 00:00:00
1709611200000,10.428,10.747,10.06,10.467,657000.59,2024-03-05 04:00:00
1709625600000,10.466,11.084,10.398,10.847,536628.99,2024-03-05 08:00:00
1709640000000,10.846,10.986,10.485,10.683,608850.0,2024-03-05 12:00:00
1709654400000,10.673,10.771,8.69,9.273,1317137.26,2024-03-05 16:00:00
1709668800000,9.27,9.797,9.117,9.743,808250.79,2024-03-05 20:00:00
1709683200000,9.743,9.792,9.249,9.377,373742.58,2024-03-06 00:00:00
1709697600000,9.377,10.19,9.377,10.161,451910.33,2024-03-06 04:00:00
1709712000000,10.16,10.3,9.86,10.078,367601.47,2024-03-06 08:00:00
1709726400000,10.079,10.121,9.631,9.863,624988.82,2024-03-06 12:00:00
1709740800000,9.862,10.172,9.839,10.069,437976.41,2024-03-06 16:00:00
1709755200000,10.069,10.507,10.032,10.4,504610.24,2024-03-06 20:00:00
1709769600000,10.392,10.878,10.283,10.653,623679.95,2024-03-07 00:00:00
1709784000000,10.649,10.845,10.468,10.679,395106.77,2024-03-07 04:00:00
1709798400000,10.681,10.778,10.533,10.643,304832.95,2024-03-07 08:00:00
1709812800000,10.645,10.798,10.498,10.691,386197.49,2024-03-07 12:00:00
1709827200000,10.691,10.878,10.553,10.79,316787.64,2024-03-07 16:00:00
1709841600000,10.789,10.846,10.641,10.703,246670.99,2024-03-07 20:00:00
1709856000000,10.702,10.88,10.517,10.608,283966.84,2024-03-08 00:00:00
1709870400000,10.607,10.671,10.471,10.64,164096.92,2024-03-08 04:00:00
1709884800000,10.639,10.783,10.535,10.634,390786.92,2024-03-08 08:00:00
1709899200000,10.634,10.661,10.071,10.27,420367.39,2024-03-08 12:00:00
1709913600000,10.273,10.624,10.048,10.587,465829.09,2024-03-08 16:00:00
1709928000000,10.589,10.776,10.553,10.709,263869.61,2024-03-08 20:00:00
1709942400000,10.713,10.971,10.55,10.844,392868.89,2024-03-09 00:00:00
1709956800000,10.845,11.11,10.704,10.941,393239.63,2024-03-09 04:00:00
1709971200000,10.941,12.327,10.825,12.3,2366575.1,2024-03-09 08:00:00
1709985600000,12.3,12.824,12.024,12.409,2408950.08,2024-03-09 12:00:00
1710000000000,12.418,12.494,12.031,12.292,795698.01,2024-03-09 16:00:00
1710014400000,12.294,12.469,12.19,12.409,408350.99,2024-03-09 20:00:00
1710028800000,12.419,13.5,12.303,13.086,2712683.71,2024-03-10 00:00:00
1710043200000,13.08,13.27,12.762,12.899,895215.65,2024-03-10 04:00:00
1710057600000,12.9,13.415,12.66,12.856,1157053.0,2024-03-10 08:00:00
1710072000000,12.86,13.0,12.348,12.892,1004778.75,2024-03-10 12:00:00
1710086400000,12.888,13.31,12.79,12.82,846397.48,2024-03-10 16:00:00
1710100800000,12.82,12.824,12.409,12.562,672985.7,2024-03-10 20:00:00
1710115200000,12.564,12.564,11.653,12.224,924054.82,2024-03-11 00:00:00
1710129600000,12.224,12.428,12.009,12.345,515228.02,2024-03-11 04:00:00
1710144000000,12.345,12.54,12.2,12.386,677818.47,2024-03-11 08:00:00
1710158400000,12.393,12.674,12.259,12.344,539505.22,2024-03-11 12:00:00
1710172800000,12.343,12.525,12.1,12.379,403228.37,2024-03-11 16:00:00
1710187200000,12.387,12.615,12.364,12.541,271724.27,2024-03-11 20:00:00
1710201600000,12.541,13.37,12.54,12.709,1173568.35,2024-03-12 00:00:00
1710216000000,12.707,12.863,12.456,12.576,365561.04,2024-03-12 04:00:00
1710230400000,12.576,12.849,12.126,12.424,501858.25,2024-03-12 08:00:00
1710244800000,12.433,12.65,12.202,12.497,396782.45,2024-03-12 12:00:00
1710259200000,12.496,12.535,11.65,12.379,657135.5,2024-03-12 16:00:00
1710273600000,12.377,12.73,12.173,12.678,390298.17,2024-03-12 20:00:00
1710288000000,12.68,12.77,12.442,12.748,341423.29,2024-03-13 00:00:00
1710302400000,12.749,12.926,12.63,12.773,363525.08,2024-03-13 04:00:00
1710316800000,12.771,13.042,12.644,12.663,391882.86,2024-03-13 08:00:00
1710331200000,12.664,12.76,12.23,12.338,338671.0,2024-03-13 12:00:00
1710345600000,12.343,12.635,12.3,12.535,218600.53,2024-03-13 16:00:00
1710360000000,12.54,12.702,12.402,12.672,208866.82,2024-03-13 20:00:00
1710374400000,12.671,12.681,12.383,12.491,296392.71,2024-03-14 00:00:00
1710388800000,12.489,12.635,12.32,12.5,312595.89,2024-03-14 04:00:00
1710403200000,12.5,12.89,12.287,12.442,500518.36,2024-03-14 08:00:00
1710417600000,12.443,12.528,11.766,11.88,648859.98,2024-03-14 12:00:00
1710432000000,11.872,12.083,11.365,11.605,620737.61,2024-03-14 16:00:00
1710446400000,11.615,12.233,11.606,12.215,225136.12,2024-03-14 20:00:00
1710460800000,12.22,12.288,10.814,11.333,697456.2,2024-03-15 00:00:00
1710475200000,11.328,11.439,11.042,11.364,458389.51,2024-03-15 04:00:00
1710489600000,11.367,11.387,10.336,10.959,691038.68,2024-03-15 08:00:00
1710504000000,10.969,11.175,10.885,11.021,284646.28,2024-03-15 12:00:00
1710518400000,11.019,11.487,10.888,11.138,305491.16,2024-03-15 16:00:00
1710532800000,11.136,11.352,10.842,11.336,214130.24,2024-03-15 20:00:00
1710547200000,11.345,11.466,11.235,11.445,222331.9,2024-03-16 00:00:00
1710561600000,11.447,11.893,11.2,11.873,411731.05,2024-03-16 04:00:00
1710576000000,11.874,11.89,11.264,11.368,408661.83,2024-03-16 08:00:00
1710590400000,11.367,11.386,10.861,11.143,336607.42,2024-03-16 12:00:00
1710604800000,11.144,11.148,10.249,10.447,516849.49,2024-03-16 16:00:00
1710619200000,10.448,10.635,10.11,10.37,285607.65,2024-03-16 20:00:00
1710633600000,10.371,10.717,10.245,10.644,470919.14,2024-03-17 00:00:00
1710648000000,10.644,10.647,9.83,10.264,342632.23,2024-03-17 04:00:00
1710662400000,10.255,10.731,10.18,10.579,428924.91,2024-03-17 08:00:00
1710676800000,10.58,10.861,10.362,10.795,255048.05,2024-03-17 12:00:00
1710691200000,10.792,10.854,10.668,10.852,230029.07,2024-03-17 16:00:00
1710705600000,10.852,10.987,10.746,10.833,136588.73,2024-03-17 20:00:00
1710720000000,10.838,10.851,10.446,10.72,166183.25,2024-03-18 00:00:00
1710734400000,10.709,10.96,10.622,10.756,188694.59,2024-03-18 04:00:00
1710748800000,10.753,10.754,10.465,10.61,194330.36,2024-03-18 08:00:00
1710763200000,10.609,10.653,10.119,10.311,300013.52,2024-03-18 12:00:00
1710777600000,10.307,10.403,9.953,10.036,251255.74,2024-03-18 16:00:00
1710792000000,10.04,10.331,10.038,10.222,183005.03,2024-03-18 20:00:00
1710806400000,10.216,10.344,9.389,9.684,671097.88,2024-03-19 00:00:00
1710820800000,9.683,9.745,9.05,9.493,739785.59,2024-03-19 04:00:00
1710835200000,9.497,9.497,8.955,9.367,486422.09,2024-03-19 08:00:00
1710849600000,9.367,9.682,9.249,9.674,363808.48,2024-03-19 12:00:00
1710864000000,9.675,9.825,9.593,9.74,315892.87,2024-03-19 16:00:00
1710878400000,9.741,9.758,9.077,9.329,763151.11,2024-03-19 20:00:00
1710892800000,9.315,9.542,9.204,9.235,463319.91,2024-03-20 00:00:00
1710907200000,9.238,9.61,8.863,9.531,339527.58,2024-03-20 04:00:00
1710921600000,9.532,9.63,9.371,9.602,194273.24,2024-03-20 08:00:00
1710936000000,9.599,9.724,9.446,9.551,354536.1,2024-03-20 12:00:00
1710950400000,9.553,10.058,9.142,10.021,408381.91,2024-03-20 16:00:00
1710964800000,10.023,10.242,9.979,10.162,267378.33,2024-03-20 20:00:00
1710979200000,10.165,10.34,10.091,10.16,397416.36,2024-03-21 00:00:00
1710993600000,10.164,10.219,9.893,10.046,180494.45,2024-03-21 04:00:00
1711008000000,10.048,10.168,9.993,10.121,185320.76,2024-03-21 08:00:00
1711022400000,10.126,10.221,9.946,10.017,209919.44,2024-03-21 12:00:00
1711036800000,10.016,10.22,9.78,10.041,292264.26,2024-03-21 16:00:00
1711051200000,10.024,10.186,9.909,10.115,145925.92,2024-03-21 20:00:00
1711065600000,10.114,10.247,9.938,10.239,235758.35,2024-03-22 00:00:00
1711080000000,10.237,10.597,10.141,10.386,398649.23,2024-03-22 04:00:00
1711094400000,10.387,10.509,9.963,10.006,306716.12,2024-03-22 08:00:00
1711108800000,10.002,10.134,9.626,9.951,346635.06,2024-03-22 12:00:00
1711123200000,9.954,10.013,9.806,9.94,210438.12,2024-03-22 16:00:00
1711137600000,9.943,9.973,9.7,9.97,117922.99,2024-03-22 20:00:00
1711152000000,9.971,10.117,9.801,9.931,125234.12,2024-03-23 00:00:00
1711166400000,9.926,10.27,9.91,10.238,204333.99,2024-03-23 04:00:00
1711180800000,10.238,10.334,10.166,10.265,200937.7,2024-03-23 08:00:00
1711195200000,10.267,10.53,10.24,10.512,260316.64,2024-03-23 12:00:00
1711209600000,10.511,10.635,10.433,10.543,258489.04,2024-03-23 16:00:00
1711224000000,10.547,10.657,10.32,10.339,226533.58,2024-03-23 20:00:00
1711238400000,10.338,10.504,10.201,10.205,199198.83,2024-03-24 00:00:00
1711252800000,10.206,10.342,10.159,10.288,140864.46,2024-03-24 04:00:00
1711267200000,10.288,10.404,10.265,10.315,104490.93,2024-03-24 08:00:00
1711281600000,10.316,10.453,10.283,10.345,153741.74,2024-03-24 12:00:00
1711296000000,10.344,10.421,10.146,10.382,210074.31,2024-03-24 16:00:00
1711310400000,10.382,10.616,10.357,10.547,155641.39,2024-03-24 20:00:00
1711324800000,10.547,10.772,10.481,10.663,368539.92,2024-03-25 00:00:00
1711339200000,10.663,10.703,10.472,10.489,165158.54,2024-03-25 04:00:00
1711353600000,10.487,10.683,10.477,10.535,187423.87,2024-03-25 08:00:00
1711368000000,10.531,11.1,10.437,10.862,401926.46,2024-03-25 12:00:00
1711382400000,10.861,11.016,10.809,11.004,313155.54,2024-03-25 16:00:00
1711396800000,11.004,11.017,10.772,10.84,181846.75,2024-03-25 20:00:00
1711411200000,10.84,11.193,10.811,11.164,201798.02,2024-03-26 00:00:00
1711425600000,11.164,11.333,11.108,11.187,245415.27,2024-03-26 04:00:00
1711440000000,11.187,11.49,11.131,11.279,231032.74,2024-03-26 08:00:00
1711454400000,11.278,11.349,10.928,11.174,314707.68,2024-03-26 12:00:00
1711468800000,11.174,11.466,11.114,11.253,454039.94,2024-03-26 16:00:00
1711483200000,11.252,11.468,11.232,11.416,153668.26,2024-03-26 20:00:00
1711497600000,11.416,11.962,11.332,11.619,660966.68,2024-03-27 00:00:00
1711512000000,11.614,11.733,10.93,11.035,743952.28,2024-03-27 04:00:00
1711526400000,11.033,11.176,10.816,11.163,344938.7,2024-03-27 08:00:00
1711540800000,11.162,11.419,10.78,10.855,567157.02,2024-03-27 12:00:00
1711555200000,10.855,11.081,10.759,10.942,217485.13,2024-03-27 16:00:00
1711569600000,10.941,11.053,10.859,10.918,93664.01,2024-03-27 20:00:00
1711584000000,10.916,11.204,10.706,10.878,310143.89,2024-03-28 00:00:00
1711598400000,10.88,11.278,10.87,11.266,171475.84,2024-03-28 04:00:00
1711612800000,11.265,11.405,11.165,11.293,244094.09,2024-03-28 08:00:00
1711627200000,11.29,11.306,11.097,11.23,181586.33,2024-03-28 12:00:00
1711641600000,11.233,11.25,11.138,11.163,87095.41,2024-03-28 16:00:00
1711656000000,11.167,11.292,11.113,11.199,167454.71,2024-03-28 20:00:00
1711670400000,11.197,11.197,10.902,10.978,195273.38,2024-03-29 00:00:00
1711684800000,10.975,11.077,10.76,10.806,187117.9,2024-03-29 04:00:00
1711699200000,10.805,11.175,10.786,11.161,290345.01,2024-03-29 08:00:00
1711713600000,11.157,11.439,11.014,11.112,354701.87,2024-03-29 12:00:00
1711728000000,11.109,11.303,10.98,11.077,189286.36,2024-03-29 16:00:00
1711742400000,11.075,11.199,10.91,11.154,118123.09,2024-03-29 20:00:00
1711756800000,11.156,11.375,11.029,11.109,251872.69,2024-03-30 00:00:00
1711771200000,11.117,11.293,11.055,11.059,119129.28,2024-03-30 04:00:00
1711785600000,11.061,11.136,10.967,11.098,228588.26,2024-03-30 08:00:00
1711800000000,11.101,11.123,10.951,10.987,162214.37,2024-03-30 12:00:00
1711814400000,10.986,11.056,10.882,10.989,171980.63,2024-03-30 16:00:00
1711828800000,10.981,10.993,10.734,10.813,166463.53,2024-03-30 20:00:00
1711843200000,10.812,10.918,10.761,10.803,123096.46,2024-03-31 00:00:00
1711857600000,10.801,11.0,10.77,10.947,75925.34,2024-03-31 04:00:00
1711872000000,10.947,10.962,10.859,10.94,77332.84,2024-03-31 08:00:00
1711886400000,10.939,10.963,10.828,10.879,115323.11,2024-03-31 12:00:00
1711900800000,10.882,10.981,10.866,10.962,94898.43,2024-03-31 16:00:00
1711915200000,10.962,11.034,10.833,11.028,124572.53,2024-03-31 20:00:00
1711929600000,11.028,11.1,10.886,10.904,113216.26,2024-04-01 00:00:00
1711944000000,10.906,10.94,10.135,10.484,449792.03,2024-04-01 04:00:00
1711958400000,10.484,10.484,10.291,10.317,199054.68,2024-04-01 08:00:00
1711972800000,10.315,10.476,10.034,10.085,276205.63,2024-04-01 12:00:00
1711987200000,10.08,10.229,9.974,10.22,165248.33,2024-04-01 16:00:00
1712001600000,10.22,10.301,10.199,10.255,109694.85,2024-04-01 20:00:00
1712016000000,10.256,10.257,9.513,9.726,594983.46,2024-04-02 00:00:00
1712030400000,9.726,9.84,9.59,9.732,227694.01,2024-04-02 04:00:00
1712044800000,9.733,9.763,9.453,9.634,369445.59,2024-04-02 08:00:00
1712059200000,9.629,9.762,9.461,9.527,254888.76,2024-04-02 12:00:00
1712073600000,9.531,9.643,9.49,9.591,161055.74,2024-04-02 16:00:00
1712088000000,9.591,9.668,9.473,9.497,172006.75,2024-04-02 20:00:00
1712102400000,9.499,9.676,9.171,9.658,254152.17,2024-04-03 00:00:00
1712116800000,9.656,9.85,9.619,9.73,291008.1,2024-04-03 04:00:00
1712131200000,9.73,9.866,9.635,9.687,171478.23,2024-04-03 08:00:00
1712145600000,9.687,9.771,9.536,9.621,164011.09,2024-04-03 12:00:00
1712160000000,9.618,9.708,9.432,9.495,114734.75,2024-04-03 16:00:00
1712174400000,9.495,9.584,9.302,9.526,60181.0,2024-04-03 20:00:00
1712188800000,9.526,9.644,9.343,9.367,146581.67,2024-04-04 00:00:00
1712203200000,9.37,9.636,9.258,9.599,120668.17,2024-04-04 04:00:00
1712217600000,9.594,9.689,9.572,9.66,65616.06,2024-04-04 08:00:00
1712232000000,9.657,9.858,9.653,9.805,131959.47,2024-04-04 12:00:00
1712246400000,9.805,9.977,9.767,9.769,117279.16,2024-04-04 16:00:00
1712260800000,9.786,9.786,9.567,9.77,128243.95,2024-04-04 20:00:00
1712275200000,9.768,9.781,9.494,9.691,100122.36,2024-04-05 00:00:00
1712289600000,9.693,9.698,9.38,9.501,155506.05,2024-04-05 04:00:00
1712304000000,9.502,9.589,9.257,9.272,204081.28,2024-04-05 08:00:00
1712318400000,9.272,9.677,9.184,9.657,239026.1,2024-04-05 12:00:00
1712332800000,9.663,9.691,9.556,9.616,104028.02,2024-04-05 16:00:00
1712347200000,9.617,9.683,9.574,9.583,48593.97,2024-04-05 20:00:00
1712361600000,9.583,9.706,9.525,9.698,94773.66,2024-04-06 00:00:00
1712376000000,9.696,9.734,9.65,9.69,41456.34,2024-04-06 04:00:00
1712390400000,9.69,9.753,9.651,9.671,59436.58,2024-04-06 08:00:00
1712404800000,9.671,9.708,9.592,9.676,69418.56,2024-04-06 12:00:00
1712419200000,9.684,9.746,9.664,9.675,79838.23,2024-04-06 16:00:00
1712433600000,9.676,9.793,9.654,9.718,48649.47,2024-04-06 20:00:00
1712448000000,9.717,9.85,9.667,9.793,69242.69,2024-04-07 00:00:00
1712462400000,9.794,9.816,9.73,9.747,75642.24,2024-04-07 04:00:00
1712476800000,9.75,9.813,9.716,9.811,67588.78,2024-04-07 08:00:00
1712491200000,9.806,9.884,9.76,9.778,121975.97,2024-04-07 12:00:00
1712505600000,9.778,9.866,9.688,9.713,94018.0,2024-04-07 16:00:00
1712520000000,9.714,9.827,9.684,9.811,54531.93,2024-04-07 20:00:00
1712534400000,9.809,9.905,9.586,9.626,135752.35,2024-04-08 00:00:00
1712548800000,9.623,10.011,9.582,9.967,120140.05,2024-04-08 04:00:00
1712563200000,9.971,10.36,9.955,10.36,415210.56,2024-04-08 08:00:00
1712577600000,10.361,10.661,10.322,10.479,561922.34,2024-04-08 12:00:00
1712592000000,10.479,10.548,10.377,10.477,230631.99,2024-04-08 16:00:00
1712606400000,10.476,10.505,10.436,10.444,89344.92,2024-04-08 20:00:00
1712620800000,10.45,10.488,10.235,10.26,131812.47,2024-04-09 00:00:00
1712635200000,10.259,10.382,10.092,10.131,185594.92,2024-04-09 04:00:00
1712649600000,10.132,10.33,9.962,10.328,248689.67,2024-04-09 08:00:00
1712664000000,10.33,10.363,9.868,10.067,262838.51,2024-04-09 12:00:00
1712678400000,10.066,10.109,9.9,10.06,134480.99,2024-04-09 16:00:00
1712692800000,10.054,10.106,9.855,9.904,64093.24,2024-04-09 20:00:00
1712707200000,9.9,9.962,9.599,9.794,177663.33,2024-04-10 00:00:00
1712721600000,9.797,9.875,9.749,9.794,75528.98,2024-04-10 04:00:00
1712736000000,9.788,9.816,9.523,9.623,151419.37,2024-04-10 08:00:00
1712750400000,9.617,9.643,9.192,9.493,348822.77,2024-04-10 12:00:00
1712764800000,9.494,9.698,9.449,9.606,146271.51,2024-04-10 16:00:00
1712779200000,9.606,9.728,9.525,9.685,110220.96,2024-04-10 20:00:00
1712793600000,9.687,9.709,9.588,9.621,76588.38,2024-04-11 00:00:00
1712808000000,9.625,9.744,9.548,9.718,143388.51,2024-04-11 04:00:00
1712822400000,9.721,9.794,9.475,9.499,111786.43,2024-04-11 08:00:00
1712836800000,9.5,9.697,9.462,9.57,234477.16,2024-04-11 12:00:00
1712851200000,9.573,9.587,9.414,9.522,168473.72,2024-04-11 16:00:00
1712865600000,9.523,9.599,9.487,9.545,73298.07,2024-04-11 20:00:00
1712880000000,9.545,9.66,9.524,9.649,117966.24,2024-04-12 00:00:00
1712894400000,9.65,9.675,9.487,9.517,97977.21,2024-04-12 04:00:00
1712908800000,9.514,9.558,9.452,9.522,103071.86,2024-04-12 08:00:00
1712923200000,9.521,9.521,9.091,9.107,351579.19,2024-04-12 12:00:00
1712937600000,9.108,9.11,7.732,7.839,2059722.29,2024-04-12 16:00:00
1712952000000,7.84,8.039,7.803,7.995,731868.77,2024-04-12 20:00:00
1712966400000,7.995,7.997,7.594,7.832,786322.14,2024-04-13 00:00:00
1712980800000,7.832,7.958,7.794,7.864,269296.95,2024-04-13 04:00:00
1712995200000,7.862,7.989,7.809,7.888,250267.37,2024-04-13 08:00:00
1713009600000,7.886,7.969,7.808,7.839,161894.49,2024-04-13 12:00:00
1713024000000,7.839,7.866,6.7,6.841,993511.85,2024-04-13 16:00:00
1713038400000,6.845,8.45,6.1,7.024,1899462.46,2024-04-13 20:00:00
1713052800000,7.022,7.032,6.54,6.728,1114717.85,2024-04-14 00:00:00
1713067200000,6.727,7.258,6.698,7.216,563553.59,2024-04-14 04:00:00
1713081600000,7.216,7.304,6.963,7.021,362307.46,2024-04-14 08:00:00
1713096000000,7.017,7.202,6.879,7.029,445470.14,2024-04-14 12:00:00
1713110400000,7.028,7.228,6.803,7.053,421506.45,2024-04-14 16:00:00
1713124800000,7.05,7.418,6.921,7.319,300635.2,2024-04-14 20:00:00
1713139200000,7.32,7.321,7.07,7.129,330133.83,2024-04-15 00:00:00
1713153600000,7.131,7.549,7.01,7.427,306159.64,2024-04-15 04:00:00
1713168000000,7.427,7.557,7.309,7.354,308702.44,2024-04-15 08:00:00
1713182400000,7.354,7.449,6.983,7.152,390502.62,2024-04-15 12:00:00
1713196800000,7.153,7.202,6.654,6.906,355478.34,2024-04-15 16:00:00
1713211200000,6.907,6.979,6.748,6.917,149350.93,2024-04-15 20:00:00
1713225600000,6.918,7.039,6.785,6.847,355254.06,2024-04-16 00:00:00
1713240000000,6.849,7.096,6.612,7.064,309696.11,2024-04-16 04:00:00
1713254400000,7.065,7.098,6.733,7.008,300017.27,2024-04-16 08:00:00
1713268800000,7.0,7.06,6.663,6.694,369958.74,2024-04-16 12:00:00
1713283200000,6.689,6.993,6.648,6.904,212360.33,2024-04-16 16:00:00
1713297600000,6.897,7.087,6.897,7.027,138073.11,2024-04-16 20:00:00
1713312000000,7.027,7.05,6.891,6.956,144531.28,2024-04-17 00:00:00
1713326400000,6.954,7.068,6.911,6.978,110395.57,2024-04-17 04:00:00
1713340800000,6.978,7.022,6.822,6.828,144031.48,2024-04-17 08:00:00
1713355200000,6.831,6.94,6.65,6.689,297794.84,2024-04-17 12:00:00
1713369600000,6.685,7.136,6.613,6.987,264399.74,2024-04-17 16:00:00
1713384000000,6.994,7.075,6.886,6.914,88086.7,2024-04-17 20:00:00
1713398400000,6.912,7.068,6.735,7.016,152235.08,2024-04-18 00:00:00
1713412800000,7.019,7.061,6.795,6.836,108290.07,2024-04-18 04:00:00
1713427200000,6.834,7.054,6.759,6.98,137467.9,2024-04-18 08:00:00
1713441600000,6.978,7.135,6.83,7.088,222640.98,2024-04-18 12:00:00
1713456000000,7.085,7.115,6.881,7.04,162559.46,2024-04-18 16:00:00
1713470400000,7.043,7.117,7.006,7.075,86327.2,2024-04-18 20:00:00
1713484800000,7.071,7.071,6.467,6.776,646678.33,2024-04-19 00:00:00
1713499200000,6.776,7.218,6.764,7.069,381056.09,2024-04-19 04:00:00
1713513600000,7.069,7.167,6.956,6.963,699326.15,2024-04-19 08:00:00
1713528000000,6.963,7.05,6.863,7.017,601520.27,2024-04-19 12:00:00
1713542400000,7.017,7.066,6.897,7.046,157714.29,2024-04-19 16:00:00
1713556800000,7.045,7.054,6.826,6.948,175134.89,2024-04-19 20:00:00
1713571200000,6.95,7.009,6.828,6.956,92914.72,2024-04-20 00:00:00
1713585600000,6.957,7.144,6.946,7.123,125258.53,2024-04-20 04:00:00
1713600000000,7.128,7.143,7.02,7.122,162001.43,2024-04-20 08:00:00
1713614400000,7.122,7.352,7.09,7.352,163449.05,2024-04-20 12:00:00
1713628800000,7.349,7.666,7.296,7.658,289844.44,2024-04-20 16:00:00
1713643200000,7.662,7.675,7.574,7.64,162591.4,2024-04-20 20:00:00
1713657600000,7.636,7.752,7.502,7.661,170542.63,2024-04-21 00:00:00
1713672000000,7.66,7.758,7.626,7.751,104912.2,2024-04-21 04:00:00
1713686400000,7.751,7.81,7.652,7.712,134889.08,2024-04-21 08:00:00
1713700800000,7.71,7.717,7.546,7.619,115118.44,2024-04-21 12:00:00
1713715200000,7.62,7.628,7.435,7.536,92067.04,2024-04-21 16:00:00
1713729600000,7.536,7.638,7.508,7.562,64617.16,2024-04-21 20:00:00
1713744000000,7.563,7.83,7.552,7.772,172346.78,2024-04-22 00:00:00
1713758400000,7.779,7.885,7.703,7.723,240407.92,2024-04-22 04:00:00
1713772800000,7.719,7.775,7.658,7.693,134849.42,2024-04-22 08:00:00
1713787200000,7.692,7.76,7.616,7.726,143522.76,2024-04-22 12:00:00
1713801600000,7.726,7.78,7.643,7.724,124738.58,2024-04-22 16:00:00
1713816000000,7.724,7.829,7.709,7.757,91437.64,2024-04-22 20:00:00
1713830400000,7.757,7.822,7.634,7.651,110511.62,2024-04-23 00:00:00
1713844800000,7.649,7.719,7.572,7.599,171867.23,2024-04-23 04:00:00
1713859200000,7.605,7.683,7.551,7.588,140188.62,2024-04-23 08:00:00
1713873600000,7.587,7.75,7.56,7.669,159020.82,2024-04-23 12:00:00
1713888000000,7.677,7.744,7.638,7.737,105839.07,2024-04-23 16:00:00
1713902400000,7.734,7.78,7.629,7.711,82516.83,2024-04-23 20:00:00
1713916800000,7.706,7.844,7.661,7.76,129227.28,2024-04-24 00:00:00
1713931200000,7.759,8.147,7.746,8.027,511047.8,2024-04-24 04:00:00
1713945600000,8.027,8.424,7.928,8.342,669270.31,2024-04-24 08:00:00
1713960000000,8.337,8.375,7.684,7.712,858340.21,2024-04-24 12:00:00
1713974400000,7.709,7.788,7.561,7.676,352138.87,2024-04-24 16:00:00
1713988800000,7.673,7.698,7.41,7.509,192577.03,2024-04-24 20:00:00
1714003200000,7.508,7.599,7.364,7.409,239099.51,2024-04-25 00:00:00
1714017600000,7.409,7.434,7.265,7.315,258681.44,2024-04-25 04:00:00
1714032000000,7.318,7.36,7.144,7.259,270146.88,2024-04-25 08:00:00
1714046400000,7.259,7.424,7.146,7.421,208402.32,2024-04-25 12:00:00
1714060800000,7.422,7.47,7.361,7.42,178940.83,2024-04-25 16:00:00
1714075200000,7.416,7.508,7.36,7.368,78528.06,2024-04-25 20:00:00
1714089600000,7.376,7.386,7.144,7.295,138482.37,2024-04-26 00:00:00
1714104000000,7.297,7.375,7.252,7.285,131160.53,2024-04-26 04:00:00
1714118400000,7.281,7.336,7.179,7.254,174251.09,2024-04-26 08:00:00
1714132800000,7.252,7.392,7.13,7.256,213337.09,2024-04-26 12:00:00
1714147200000,7.255,7.35,7.236,7.314,144797.88,2024-04-26 16:00:00
1714161600000,7.316,7.394,7.247,7.293,146219.55,2024-04-26 20:00:00
1714176000000,7.298,7.322,6.965,7.224,254722.42,2024-04-27 00:00:00
1714190400000,7.221,7.263,7.184,7.208,116128.48,2024-04-27 04:00:00
1714204800000,7.209,7.294,7.149,7.202,115699.36,2024-04-27 08:00:00
1714219200000,7.201,7.393,7.18,7.28,194369.69,2024-04-27 12:00:00
1714233600000,7.278,7.528,7.238,7.457,192323.77,2024-04-27 16:00:00
1714248000000,7.457,7.477,7.401,7.434,61617.76,2024-04-27 20:00:00
1714262400000,7.435,7.616,7.424,7.548,165210.63,2024-04-28 00:00:00
1714276800000,7.548,7.576,7.486,7.523,98312.78,2024-04-28 04:00:00
1714291200000,7.527,7.535,7.364,7.38,141048.43,2024-04-28 08:00:00
1714305600000,7.379,7.484,7.351,7.434,149101.99,2024-04-28 12:00:00
1714320000000,7.432,7.517,7.419,7.452,47144.39,2024-04-28 16:00:00
1714334400000,7.45,7.468,7.246,7.281,128238.87,2024-04-28 20:00:00
1714348800000,7.281,7.366,7.093,7.101,195584.86,2024-04-29 00:00:00
1714363200000,7.104,7.203,6.969,7.05,268314.92,2024-04-29 04:00:00
1714377600000,7.05,7.087,6.965,7.029,279268.69,2024-04-29 08:00:00
1714392000000,7.029,7.133,6.965,7.13,182566.35,2024-04-29 12:00:00
1714406400000,7.133,7.137,6.988,7.044,87469.79,2024-04-29 16:00:00
1714420800000,7.043,7.217,6.965,7.143,111163.43,2024-04-29 20:00:00
1714435200000,7.144,7.261,7.03,7.207,147284.97,2024-04-30 00:00:00
1714449600000,7.21,7.234,7.072,7.089,60261.38,2024-04-30 04:00:00
1714464000000,7.087,7.11,6.771,6.791,517866.4,2024-04-30 08:00:00
1714478400000,6.784,6.87,6.6,6.643,682839.58,2024-04-30 12:00:00
1714492800000,6.644,6.645,6.473,6.511,269321.64,2024-04-30 16:00:00
1714507200000,6.52,6.814,6.52,6.744,151402.27,2024-04-30 20:00:00
1714521600000,6.744,6.774,6.614,6.744,167632.71,2024-05-01 00:00:00
1714536000000,6.744,6.797,6.506,6.566,244835.96,2024-05-01 04:00:00
1714550400000,6.567,6.678,6.386,6.678,331268.2,2024-05-01 08:00:00
1714564800000,6.676,6.781,6.542,6.69,358786.72,2024-05-01 12:00:00
1714579200000,6.69,7.085,6.642,6.859,350957.51,2024-05-01 16:00:00
1714593600000,6.863,7.043,6.821,6.994,146002.58,2024-05-01 20:00:00
1714608000000,6.991,7.013,6.775,6.912,116864.28,2024-05-02 00:00:00
1714622400000,6.911,6.955,6.853,6.9,51829.08,2024-05-02 04:00:00
1714636800000,6.898,7.152,6.881,7.119,165865.22,2024-05-02 08:00:00
1714651200000,7.119,7.245,7.046,7.198,238584.68,2024-05-02 12:00:00
1714665600000,7.205,7.3,7.179,7.26,147889.8,2024-05-02 16:00:00
1714680000000,7.267,7.37,7.204,7.284,101262.69,2024-05-02 20:00:00
1714694400000,7.283,7.383,7.227,7.322,99607.04,2024-05-03 00:00:00
1714708800000,7.31,7.377,7.26,7.295,182737.63,2024-05-03 04:00:00
1714723200000,7.295,7.338,7.166,7.242,73483.06,2024-05-03 08:00:00
1714737600000,7.24,7.581,7.228,7.544,323215.64,2024-05-03 12:00:00
1714752000000,7.546,7.572,7.487,7.519,140527.2,2024-05-03 16:00:00
1714766400000,7.518,7.629,7.504,7.513,91579.51,2024-05-03 20:00:00
1714780800000,7.509,7.553,7.419,7.469,63201.52,2024-05-04 00:00:00
1714795200000,7.469,7.506,7.39,7.399,52525.5,2024-05-04 04:00:00
1714809600000,7.399,7.585,7.397,7.456,105052.13,2024-05-04 08:00:00
1714824000000,7.455,7.525,7.41,7.496,117247.08,2024-05-04 12:00:00
1714838400000,7.497,7.511,7.419,7.503,79723.52,2024-05-04 16:00:00
1714852800000,7.503,7.519,7.411,7.438,46067.63,2024-05-04 20:00:00
1714867200000,7.439,7.46,7.315,7.367,107855.22,2024-05-05 00:00:00
1714881600000,7.366,7.421,7.294,7.396,74437.63,2024-05-05 04:00:00
1714896000000,7.396,7.458,7.381,7.424,83779.08,2024-05-05 08:00:00
1714910400000,7.425,7.6,7.357,7.579,94552.34,2024-05-05 12:00:00
1714924800000,7.579,7.585,7.435,7.464,68456.5,2024-05-05 16:00:00
1714939200000,7.467,7.515,7.441,7.493,38370.69,2024-05-05 20:00:00
1714953600000,7.49,7.54,7.388,7.42,129964.9,2024-05-06 00:00:00
1714968000000,7.421,7.619,7.396,7.603,137190.59,2024-05-06 04:00:00
1714982400000,7.604,7.745,7.484,7.586,236120.48,2024-05-06 08:00:00
1714996800000,7.595,7.608,7.316,7.444,300059.06,2024-05-06 12:00:00
1715011200000,7.439,7.46,7.321,7.394,70091.44,2024-05-06 16:00:00
1715025600000,7.393,7.45,7.32,7.33,48122.88,2024-05-06 20:00:00
1715040000000,7.33,7.403,7.203,7.281,97698.38,2024-05-07 00:00:00
1715054400000,7.274,7.307,7.222,7.278,57823.5,2024-05-07 04:00:00
1715068800000,7.277,7.444,7.26,7.278,102419.9,2024-05-07 08:00:00
1715083200000,7.279,7.475,7.279,7.392,92969.19,2024-05-07 12:00:00
1715097600000,7.391,7.41,7.263,7.329,42584.29,2024-05-07 16:00:00
1715112000000,7.33,7.387,7.18,7.201,86204.71,2024-05-07 20:00:00
1715126400000,7.2,7.279,7.104,7.252,66300.98,2024-05-08 00:00:00
1715140800000,7.253,7.267,7.106,7.127,101654.93,2024-05-08 04:00:00
1715155200000,7.131,7.24,7.112,7.145,96012.54,2024-05-08 08:00:00
1715169600000,7.148,7.337,7.081,7.291,97461.41,2024-05-08 12:00:00
1715184000000,7.29,7.342,7.201,7.287,81927.26,2024-05-08 16:00:00
1715198400000,7.293,7.331,7.134,7.215,92297.63,2024-05-08 20:00:00
1715212800000,7.218,7.304,7.175,7.261,45282.85,2024-05-09 00:00:00
1715227200000,7.255,7.314,7.173,7.198,94437.26,2024-05-09 04:00:00
1715241600000,7.198,7.225,7.043,7.165,130834.53,2024-05-09 08:00:00
1715256000000,7.17,7.322,7.136,7.302,71323.4,2024-05-09 12:00:00
1715270400000,7.302,7.359,7.256,7.357,82612.89,2024-05-09 16:00:00
1715284800000,7.36,7.487,7.338,7.461,89772.03,2024-05-09 20:00:00
1715299200000,7.46,7.502,7.419,7.457,64568.67,2024-05-10 00:00:00
1715313600000,7.457,7.754,7.455,7.712,270467.12,2024-05-10 04:00:00
1715328000000,7.713,7.737,7.601,7.638,116599.56,2024-05-10 08:00:00
1715342400000,7.639,7.649,7.246,7.305,242809.5,2024-05-10 12:00:00
1715356800000,7.299,7.327,7.171,7.2,107750.83,2024-05-10 16:00:00
1715371200000,7.199,7.226,7.051,7.092,123628.19,2024-05-10 20:00:00
1715385600000,7.093,7.192,7.075,7.111,77869.8,2024-05-11 00:00:00
1715400000000,7.109,7.15,7.084,7.145,66026.74,2024-05-11 04:00:00
1715414400000,7.145,7.149,7.03,7.093,57871.06,2024-05-11 08:00:00
1715428800000,7.092,7.167,7.039,7.125,182418.95,2024-05-11 12:00:00
1715443200000,7.127,7.152,7.08,7.093,34840.93,2024-05-11 16:00:00
1715457600000,7.091,7.092,7.002,7.015,55591.84,2024-05-11 20:00:00
1715472000000,7.016,7.051,6.993,7.003,88346.74,2024-05-12 00:00:00
1715486400000,7.003,7.051,6.93,6.956,105859.5,2024-05-12 04:00:00
1715500800000,6.957,7.084,6.939,7.028,65401.03,2024-05-12 08:00:00
1715515200000,7.029,7.055,7.004,7.042,33317.84,2024-05-12 12:00:00
1715529600000,7.039,7.073,6.936,6.965,38186.01,2024-05-12 16:00:00
1715544000000,6.969,6.973,6.875,6.941,50585.17,2024-05-12 20:00:00
1715558400000,6.944,6.982,6.657,6.705,170713.77,2024-05-13 00:00:00
1715572800000,6.704,6.873,6.645,6.859,269792.71,2024-05-13 04:00:00
1715587200000,6.859,7.075,6.859,6.929,268399.71,2024-05-13 08:00:00
1715601600000,6.929,6.975,6.875,6.937,149543.62,2024-05-13 12:00:00
1715616000000,6.94,7.013,6.79,6.855,121610.77,2024-05-13 16:00:00
1715630400000,6.855,6.864,6.799,6.821,71185.71,2024-05-13 20:00:00
1715644800000,6.817,6.846,6.708,6.778,85269.49,2024-05-14 00:00:00
1715659200000,6.775,6.862,6.65,6.811,85404.37,2024-05-14 04:00:00
1715673600000,6.812,6.822,6.766,6.793,47695.85,2024-05-14 08:00:00
1715688000000,6.791,6.82,6.617,6.76,177234.6,2024-05-14 12:00:00
1715702400000,6.765,6.767,6.626,6.728,82185.14,2024-05-14 16:00:00
1715716800000,6.727,6.735,6.644,6.665,38460.15,2024-05-14 20:00:00
1715731200000,6.665,6.736,6.623,6.729,75974.55,2024-05-15 00:00:00
1715745600000,6.73,6.744,6.681,6.725,33899.62,2024-05-15 04:00:00
1715760000000,6.725,6.795,6.674,6.706,72772.95,2024-05-15 08:00:00
1715774400000,6.707,7.065,6.673,7.027,235879.3,2024-05-15 12:00:00
1715788800000,7.031,7.247,6.99,7.243,192754.61,2024-05-15 16:00:00
1715803200000,7.244,7.304,7.169,7.195,138494.38,2024-05-15 20:00:00
1715817600000,7.194,7.289,7.163,7.273,82907.69,2024-05-16 00:00:00
1715832000000,7.274,7.333,7.25,7.298,105231.8,2024-05-16 04:00:00
1715846400000,7.297,7.313,7.184,7.214,87192.31,2024-05-16 08:00:00
1715860800000,7.214,7.227,7.061,7.189,256605.16,2024-05-16 12:00:00
1715875200000,7.186,7.253,7.145,7.172,145857.8,2024-05-16 16:00:00
1715889600000,7.169,7.212,7.139,7.207,41640.6,2024-05-16 20:00:00
1715904000000,7.21,7.222,7.124,7.191,38060.98,2024-05-17 00:00:00
1715918400000,7.192,7.373,7.169,7.359,58854.68,2024-05-17 04:00:00
1715932800000,7.359,7.374,7.276,7.284,85641.42,2024-05-17 08:00:00
1715947200000,7.284,7.424,7.247,7.409,114973.65,2024-05-17 12:00:00
1715961600000,7.41,7.445,7.302,7.373,109254.89,2024-05-17 16:00:00
1715976000000,7.372,7.519,7.352,7.444,167913.92,2024-05-17 20:00:00
1715990400000,7.444,7.55,7.431,7.509,91175.47,2024-05-18 00:00:00
1716004800000,7.515,7.522,7.477,7.494,44268.06,2024-05-18 04:00:00
1716019200000,7.497,7.541,7.457,7.464,69255.74,2024-05-18 08:00:00
1716033600000,7.461,7.476,7.388,7.423,78953.67,2024-05-18 12:00:00
1716048000000,7.422,7.45,7.404,7.421,44226.25,2024-05-18 16:00:00
1716062400000,7.421,7.443,7.393,7.436,38778.16,2024-05-18 20:00:00
1716076800000,7.439,7.488,7.396,7.447,73822.54,2024-05-19 00:00:00
1716091200000,7.447,7.448,7.358,7.424,38049.66,2024-05-19 04:00:00
1716105600000,7.424,7.427,7.295,7.351,56584.31,2024-05-19 08:00:00
1716120000000,7.349,7.354,7.136,7.187,80148.22,2024-05-19 12:00:00
1716134400000,7.185,7.188,7.094,7.123,78203.72,2024-05-19 16:00:00
1716148800000,7.121,7.142,7.04,7.072,66425.14,2024-05-19 20:00:00
1716163200000,7.071,7.13,6.959,7.099,112524.27,2024-05-20 00:00:00
1716177600000,7.097,7.371,7.092,7.229,137717.92,2024-05-20 04:00:00
1716192000000,7.225,7.248,7.163,7.193,70493.35,2024-05-20 08:00:00
1716206400000,7.194,7.231,7.134,7.216,121398.11,2024-05-20 12:00:00
1716220800000,7.217,7.732,7.195,7.692,387117.78,2024-05-20 16:00:00
1716235200000,7.692,7.897,7.692,7.853,475225.54,2024-05-20 20:00:00
1716249600000,7.854,7.969,7.774,7.816,190922.74,2024-05-21 00:00:00
1716264000000,7.818,7.899,7.758,7.884,211078.06,2024-05-21 04:00:00
1716278400000,7.885,7.94,7.828,7.878,247779.46,2024-05-21 08:00:00
1716292800000,7.878,7.984,7.788,7.815,253221.57,2024-05-21 12:00:00
1716307200000,7.817,7.996,7.789,7.856,294182.79,2024-05-21 16:00:00
1716321600000,7.854,7.943,7.836,7.89,115138.87,2024-05-21 20:00:00
1716336000000,7.889,7.926,7.815,7.828,144497.59,2024-05-22 00:00:00
1716350400000,7.826,7.91,7.667,7.854,203104.39,2024-05-22 04:00:00
1716364800000,7.86,7.911,7.77,7.773,79261.18,2024-05-22 08:00:00
1716379200000,7.773,7.825,7.582,7.752,210437.35,2024-05-22 12:00:00
1716393600000,7.753,7.859,7.674,7.763,95812.66,2024-05-22 16:00:00
1716408000000,7.764,7.824,7.677,7.779,73769.25,2024-05-22 20:00:00
1716422400000,7.782,7.89,7.722,7.865,72770.42,2024-05-23 00:00:00
1716436800000,7.863,7.917,7.815,7.881,66480.39,2024-05-23 04:00:00
1716451200000,7.879,7.92,7.705,7.832,149394.28,2024-05-23 08:00:00
1716465600000,7.832,7.873,7.491,7.56,330395.7,2024-05-23 12:00:00
1716480000000,7.56,7.572,7.37,7.455,149983.61,2024-05-23 16:00:00
1716494400000,7.453,7.662,7.247,7.645,305428.11,2024-05-23 20:00:00
1716508800000,7.648,7.844,7.637,7.815,137010.62,2024-05-24 00:00:00
1716523200000,7.815,7.962,7.605,7.654,241889.14,2024-05-24 04:00:00
1716537600000,7.653,7.756,7.532,7.738,185610.92,2024-05-24 08:00:00
1716552000000,7.737,7.915,7.725,7.828,185740.11,2024-05-24 12:00:00
1716566400000,7.827,7.986,7.765,7.961,131635.87,2024-05-24 16:00:00
1716580800000,7.961,8.203,7.943,8.183,262566.0,2024-05-24 20:00:00
1716595200000,8.183,8.236,8.026,8.095,161490.11,2024-05-25 00:00:00
1716609600000,8.093,8.125,7.99,8.026,83369.7,2024-05-25 04:00:00
1716624000000,8.027,8.101,8.013,8.044,69487.39,2024-05-25 08:00:00
1716638400000,8.044,8.07,7.953,8.042,86615.42,2024-05-25 12:00:00
1716652800000,8.042,8.059,7.993,8.038,77226.18,2024-05-25 16:00:00
1716667200000,8.037,8.045,7.932,7.982,96027.41,2024-05-25 20:00:00
1716681600000,7.983,7.986,7.841,7.927,106884.24,2024-05-26 00:00:00
1716696000000,7.925,7.955,7.862,7.899,73829.68,2024-05-26 04:00:00
1716710400000,7.897,7.91,7.791,7.845,109509.89,2024-05-26 08:00:00
1716724800000,7.845,7.866,7.749,7.791,93678.57,2024-05-26 12:00:00
1716739200000,7.794,7.846,7.765,7.816,88469.16,2024-05-26 16:00:00
1716753600000,7.816,7.819,7.694,7.743,52909.75,2024-05-26 20:00:00
1716768000000,7.742,7.827,7.715,7.797,65054.59,2024-05-27 00:00:00
1716782400000,7.786,7.828,7.664,7.715,79315.32,2024-05-27 04:00:00
1716796800000,7.715,8.011,7.702,7.926,161229.64,2024-05-27 08:00:00
1716811200000,7.922,7.993,7.81,7.97,157719.8,2024-05-27 12:00:00
1716825600000,7.971,8.094,7.818,7.865,193600.67,2024-05-27 16:00:00
1716840000000,7.869,7.963,7.865,7.909,55668.01,2024-05-27 20:00:00
1716854400000,7.911,7.936,7.68,7.715,150276.97,2024-05-28 00:00:00
1716868800000,7.719,7.72,7.551,7.629,138193.63,2024-05-28 04:00:00
1716883200000,7.628,7.793,7.614,7.726,119223.09,2024-05-28 08:00:00
1716897600000,7.724,7.754,7.626,7.705,148826.22,2024-05-28 12:00:00
1716912000000,7.705,7.782,7.608,7.77,174591.81,2024-05-28 16:00:00
1716926400000,7.771,7.81,7.721,7.741,78301.14,2024-05-28 20:00:00
1716940800000,7.741,7.783,7.649,7.775,88682.31,2024-05-29 00:00:00
1716955200000,7.771,8.005,7.77,7.885,208364.53,2024-05-29 04:00:00
1716969600000,7.885,8.053,7.793,7.917,261900.27,2024-05-29 08:00:00
1716984000000,7.918,8.0,7.841,7.851,322968.99,2024-05-29 12:00:00
1716998400000,7.85,7.979,7.789,7.838,190070.32,2024-05-29 16:00:00
1717012800000,7.84,7.899,7.782,7.828,80255.3,2024-05-29 20:00:00
1717027200000,7.825,7.958,7.777,7.902,79963.63,2024-05-30 00:00:00
1717041600000,7.902,7.931,7.432,7.47,252363.76,2024-05-30 04:00:00
1717056000000,7.47,7.579,7.41,7.468,181881.03,2024-05-30 08:00:00
1717070400000,7.468,7.614,7.463,7.579,165586.07,2024-05-30 12:00:00
1717084800000,7.579,7.629,7.516,7.54,161600.27,2024-05-30 16:00:00
1717099200000,7.539,7.542,7.417,7.419,143100.58,2024-05-30 20:00:00
1717113600000,7.421,7.441,7.348,7.43,65701.16,2024-05-31 00:00:00
1717128000000,7.431,7.461,7.325,7.406,115455.03,2024-05-31 04:00:00
1717142400000,7.406,7.43,7.351,7.409,82035.31,2024-05-31 08:00:00
1717156800000,7.406,7.512,7.292,7.307,159025.61,2024-05-31 12:00:00
1717171200000,7.306,7.417,7.236,7.394,137521.49,2024-05-31 16:00:00
1717185600000,7.395,7.456,7.384,7.413,53072.71,2024-05-31 20:00:00
1717200000000,7.411,7.469,7.395,7.449,42179.79,2024-06-01 00:00:00
1717214400000,7.449,7.498,7.435,7.482,50722.71,2024-06-01 04:00:00
1717228800000,7.481,7.615,7.478,7.595,94663.89,2024-06-01 08:00:00
1717243200000,7.595,7.773,7.529,7.729,241750.58,2024-06-01 12:00:00
1717257600000,7.731,7.86,7.686,7.845,166131.72,2024-06-01 16:00:00
1717272000000,7.843,8.287,7.831,7.911,586388.84,2024-06-01 20:00:00
1717286400000,7.91,8.339,7.829,8.266,508930.76,2024-06-02 00:00:00
1717300800000,8.265,8.35,8.13,8.157,385952.01,2024-06-02 04:00:00
1717315200000,8.16,8.213,8.039,8.06,321319.71,2024-06-02 08:00:00
1717329600000,8.062,8.076,7.937,7.958,232321.29,2024-06-02 12:00:00
1717344000000,7.958,8.002,7.793,7.841,223804.15,2024-06-02 16:00:00
1717358400000,7.839,7.85,7.74,7.76,79551.81,2024-06-02 20:00:00
1717372800000,7.76,7.939,7.585,7.924,219910.68,2024-06-03 00:00:00
1717387200000,7.919,8.6,7.88,8.382,1190306.7,2024-06-03 04:00:00
1717401600000,8.382,8.43,8.209,8.294,366739.56,2024-06-03 08:00:00
1717416000000,8.296,8.359,8.087,8.212,293152.49,2024-06-03 12:00:00
1717430400000,8.215,8.289,8.134,8.258,157659.16,2024-06-03 16:00:00
1717444800000,8.258,8.289,8.178,8.272,164518.4,2024-06-03 20:00:00
1717459200000,8.267,8.395,8.057,8.153,334671.99,2024-06-04 00:00:00
1717473600000,8.151,8.181,7.977,8.027,189350.21,2024-06-04 04:00:00
1717488000000,8.027,8.082,7.944,8.056,142499.94,2024-06-04 08:00:00
1717502400000,8.056,8.14,7.995,8.108,155390.88,2024-06-04 12:00:00
1717516800000,8.107,8.15,8.04,8.09,153287.11,2024-06-04 16:00:00
1717531200000,8.091,8.179,8.081,8.17,104187.42,2024-06-04 20:00:00
1717545600000,8.173,8.299,8.15,8.217,144383.88,2024-06-05 00:00:00
1717560000000,8.218,8.475,8.185,8.341,266603.86,2024-06-05 04:00:00
1717574400000,8.337,8.434,8.232,8.426,231252.06,2024-06-05 08:00:00
1717588800000,8.426,8.68,8.368,8.635,530161.29,2024-06-05 12:00:00
1717603200000,8.633,8.708,8.561,8.641,315894.72,2024-06-05 16:00:00
1717617600000,8.641,8.682,8.549,8.627,150083.91,2024-06-05 20:00:00
1717632000000,8.627,8.704,8.523,8.537,210287.8,2024-06-06 00:00:00
1717646400000,8.537,8.54,8.418,8.472,162725.91,2024-06-06 04:00:00
1717660800000,8.471,8.537,8.422,8.535,101041.43,2024-06-06 08:00:00
1717675200000,8.532,8.594,8.4,8.536,188749.69,2024-06-06 12:00:00
1717689600000,8.542,8.587,8.408,8.444,91737.57,2024-06-06 16:00:00
1717704000000,8.451,8.55,8.371,8.434,99648.66,2024-06-06 20:00:00
1717718400000,8.433,8.465,8.373,8.418,62377.15,2024-06-07 00:00:00
1717732800000,8.421,8.52,8.378,8.394,90885.6,2024-06-07 04:00:00
1717747200000,8.394,8.402,8.291,8.343,125903.47,2024-06-07 08:00:00
1717761600000,8.343,8.474,8.202,8.429,171042.3,2024-06-07 12:00:00
1717776000000,8.427,8.437,7.27,7.863,711547.47,2024-06-07 16:00:00
1717790400000,7.862,7.994,7.836,7.867,162401.74,2024-06-07 20:00:00
1717804800000,7.866,7.892,7.809,7.861,81192.72,2024-06-08 00:00:00
1717819200000,7.857,7.882,7.801,7.825,84395.47,2024-06-08 04:00:00
1717833600000,7.82,7.82,7.591,7.623,213284.58,2024-06-08 08:00:00
1717848000000,7.62,7.645,7.516,7.522,226012.27,2024-06-08 12:00:00
1717862400000,7.526,7.548,7.413,7.414,151648.37,2024-06-08 16:00:00
1717876800000,7.414,7.434,7.327,7.394,110865.63,2024-06-08 20:00:00
1717891200000,7.393,7.533,7.344,7.421,113874.79,2024-06-09 00:00:00
1717905600000,7.427,7.465,7.376,7.452,58206.41,2024-06-09 04:00:00
1717920000000,7.451,7.496,7.423,7.457,73427.0,2024-06-09 08:00:00
1717934400000,7.454,7.519,7.42,7.433,102506.37,2024-06-09 12:00:00
1717948800000,7.432,7.495,7.4,7.478,82382.94,2024-06-09 16:00:00
1717963200000,7.478,7.508,7.43,7.48,37372.61,2024-06-09 20:00:00
1717977600000,7.481,7.482,7.385,7.402,41924.23,2024-06-10 00:00:00
1717992000000,7.402,7.479,7.323,7.346,176582.09,2024-06-10 04:00:00
1718006400000,7.355,7.643,7.351,7.608,154362.64,2024-06-10 08:00:00
1718020800000,7.608,7.611,7.458,7.509,174250.64,2024-06-10 12:00:00
1718035200000,7.51,7.514,7.14,7.187,412634.46,2024-06-10 16:00:00
1718049600000,7.187,7.25,7.113,7.184,227602.41,2024-06-10 20:00:00
1718064000000,7.184,7.217,6.896,7.103,246582.1,2024-06-11 00:00:00
1718078400000,7.1,7.141,7.008,7.056,192744.58,2024-06-11 04:00:00
1718092800000,7.052,7.109,7.013,7.032,111507.98,2024-06-11 08:00:00
1718107200000,7.032,7.058,6.76,6.837,252746.27,2024-06-11 12:00:00
1718121600000,6.839,6.97,6.776,6.929,115281.67,2024-06-11 16:00:00
1718136000000,6.925,6.928,6.84,6.863,57467.78,2024-06-11 20:00:00
1718150400000,6.861,7.019,6.746,6.973,130614.02,2024-06-12 00:00:00
1718164800000,6.974,7.005,6.931,7.001,52086.65,2024-06-12 04:00:00
1718179200000,7.005,7.115,6.971,6.977,118043.47,2024-06-12 08:00:00
1718193600000,6.978,7.313,6.969,7.244,190620.16,2024-06-12 12:00:00
1718208000000,7.246,7.286,7.023,7.075,166624.13,2024-06-12 16:00:00
1718222400000,7.075,7.224,7.041,7.182,77290.04,2024-06-12 20:00:00
1718236800000,7.178,7.181,6.892,7.012,183500.56,2024-06-13 00:00:00
1718251200000,7.012,7.052,6.906,7.015,108868.03,2024-06-13 04:00:00
1718265600000,7.014,7.166,6.997,7.015,225118.41,2024-06-13 08:00:00
1718280000000,7.015,7.122,6.892,6.9,219394.88,2024-06-13 12:00:00
1718294400000,6.899,7.068,6.851,7.012,211910.09,2024-06-13 16:00:00
1718308800000,7.012,7.029,6.917,6.964,66334.37,2024-06-13 20:00:00
1718323200000,6.967,7.031,6.89,6.939,53643.04,2024-06-14 00:00:00
1718337600000,6.943,7.032,6.94,7.006,64704.12,2024-06-14 04:00:00
1718352000000,7.005,7.099,6.981,7.076,154023.76,2024-06-14 08:00:00
1718366400000,7.074,7.1,6.812,6.863,236771.35,2024-06-14 12:00:00
1718380800000,6.862,6.867,6.51,6.553,277741.48,2024-06-14 16:00:00
1718395200000,6.551,6.736,6.547,6.668,72215.82,2024-06-14 20:00:00
1718409600000,6.668,6.72,6.643,6.689,51552.43,2024-06-15 00:00:00
1718424000000,6.691,6.795,6.674,6.749,52248.79,2024-06-15 04:00:00
1718438400000,6.76,6.81,6.726,6.801,41503.69,2024-06-15 08:00:00
1718452800000,6.798,6.88,6.778,6.833,53339.25,2024-06-15 12:00:00
1718467200000,6.833,6.863,6.775,6.797,50351.83,2024-06-15 16:00:00
1718481600000,6.796,6.8,6.743,6.779,45072.39,2024-06-15 20:00:00
1718496000000,6.779,6.783,6.675,6.695,45961.01,2024-06-16 00:00:00
1718510400000,6.694,6.765,6.661,6.741,28262.65,2024-06-16 04:00:00
1718524800000,6.74,6.764,6.681,6.722,43423.25,2024-06-16 08:00:00
1718539200000,6.723,6.788,6.713,6.772,50352.5,2024-06-16 12:00:00
1718553600000,6.773,6.777,6.704,6.715,25903.79,2024-06-16 16:00:00
1718568000000,6.715,6.777,6.693,6.715,61039.22,2024-06-16 20:00:00
1718582400000,6.717,6.764,6.51,6.529,133549.98,2024-06-17 00:00:00
1718596800000,6.534,6.574,6.436,6.512,189160.53,2024-06-17 04:00:00
1718611200000,6.512,6.576,6.272,6.36,544196.81,2024-06-17 08:00:00
1718625600000,6.36,6.385,6.219,6.239,359861.04,2024-06-17 12:00:00
1718640000000,6.24,6.455,6.031,6.373,298396.29,2024-06-17 16:00:00
1718654400000,6.37,6.376,6.213,6.228,114794.29,2024-06-17 20:00:00
1718668800000,6.23,6.252,5.5,5.809,507057.72,2024-06-18 00:00:00
1718683200000,5.808,5.886,5.783,5.86,155546.03,2024-06-18 04:00:00
1718697600000,5.859,5.949,5.821,5.849,181858.66,2024-06-18 08:00:00
1718712000000,5.851,5.865,5.521,5.716,614676.19,2024-06-18 12:00:00
1718726400000,5.71,5.739,5.574,5.68,122981.26,2024-06-18 16:00:00
1718740800000,5.682,5.789,5.638,5.78,81118.69,2024-06-18 20:00:00
1718755200000,5.773,5.975,5.725,5.924,127699.3,2024-06-19 00:00:00
1718769600000,5.932,5.98,5.9,5.932,82666.32,2024-06-19 04:00:00
1718784000000,5.931,5.999,5.885,5.936,130428.38,2024-06-19 08:00:00
1718798400000,5.936,6.01,5.905,5.982,132463.0,2024-06-19 12:00:00
1718812800000,5.983,6.124,5.95,6.033,89836.95,2024-06-19 16:00:00
1718827200000,6.029,6.077,5.966,6.004,38179.87,2024-06-19 20:00:00
1718841600000,6.0,6.144,5.975,6.029,74948.24,2024-06-20 00:00:00
1718856000000,6.028,6.227,6.002,6.227,120736.16,2024-06-20 04:00:00
1718870400000,6.228,6.26,6.117,6.184,75230.11,2024-06-20 08:00:00
1718884800000,6.182,6.199,5.97,5.979,106004.69,2024-06-20 12:00:00
1718899200000,5.977,6.056,5.912,6.055,89360.6,2024-06-20 16:00:00
1718913600000,6.055,6.064,5.953,5.967,28587.88,2024-06-20 20:00:00
1718928000000,5.969,6.057,5.901,6.041,67512.33,2024-06-21 00:00:00
1718942400000,6.036,6.099,5.98,5.994,56851.19,2024-06-21 04:00:00
1718956800000,5.991,6.112,5.917,6.027,116454.95,2024-06-21 08:00:00
1718971200000,6.026,6.135,5.943,6.049,162251.56,2024-06-21 12:00:00
1718985600000,6.046,6.077,5.943,6.016,97687.86,2024-06-21 16:00:00
1719000000000,6.013,6.059,5.977,6.008,28274.17,2024-06-21 20:00:00
1719014400000,6.007,6.008,5.914,5.986,40761.1,2024-06-22 00:00:00
1719028800000,5.986,6.032,5.963,5.967,27267.25,2024-06-22 04:00:00
1719043200000,5.968,5.996,5.926,5.969,37535.19,2024-06-22 08:00:00
1719057600000,5.973,6.049,5.962,6.02,50954.66,2024-06-22 12:00:00
1719072000000,6.022,6.079,6.015,6.07,49807.53,2024-06-22 16:00:00
1719086400000,6.072,6.085,6.037,6.046,25470.37,2024-06-22 20:00:00
1719100800000,6.047,6.144,6.038,6.099,40165.04,2024-06-23 00:00:00
1719115200000,6.103,6.111,6.069,6.081,22113.92,2024-06-23 04:00:00
1719129600000,6.081,6.093,6.011,6.025,47495.36,2024-06-23 08:00:00
1719144000000,6.027,6.049,5.936,5.946,65984.37,2024-06-23 12:00:00
1719158400000,5.946,5.96,5.857,5.95,73739.24,2024-06-23 16:00:00
1719172800000,5.947,5.964,5.826,5.882,53402.17,2024-06-23 20:00:00
1719187200000,5.886,5.91,5.742,5.823,129144.77,2024-06-24 00:00:00
1719201600000,5.824,5.836,5.637,5.716,160099.27,2024-06-24 04:00:00
1719216000000,5.716,5.862,5.615,5.783,298158.06,2024-06-24 08:00:00
1719230400000,5.778,5.917,5.774,5.81,131971.21,2024-06-24 12:00:00
1719244800000,5.81,5.904,5.792,5.823,98315.7,2024-06-24 16:00:00
1719259200000,5.831,5.996,5.771,5.973,102856.83,2024-06-24 20:00:00
1719273600000,5.973,6.133,5.938,6.101,147690.26,2024-06-25 00:00:00
1719288000000,6.101,6.209,6.101,6.156,221893.5,2024-06-25 04:00:00
1719302400000,6.155,6.24,6.125,6.227,139875.75,2024-06-25 08:00:00
1719316800000,6.225,6.31,6.198,6.288,93097.28,2024-06-25 12:00:00
1719331200000,6.287,6.295,6.21,6.264,45893.77,2024-06-25 16:00:00
1719345600000,6.265,6.267,6.181,6.184,22343.43,2024-06-25 20:00:00
1719360000000,6.183,6.281,6.153,6.182,60382.22,2024-06-26 00:00:00
1719374400000,6.182,6.207,6.146,6.201,51634.15,2024-06-26 04:00:00
1719388800000,6.203,6.212,6.152,6.163,60968.99,2024-06-26 08:00:00
1719403200000,6.163,6.205,6.095,6.129,59315.79,2024-06-26 12:00:00
1719417600000,6.13,6.15,6.036,6.15,68647.26,2024-06-26 16:00:00
1719432000000,6.149,6.197,6.068,6.081,40863.36,2024-06-26 20:00:00
1719446400000,6.081,6.085,5.977,6.047,55578.25,2024-06-27 00:00:00
1719460800000,6.049,6.096,6.041,6.067,70636.37,2024-06-27 04:00:00
1719475200000,6.069,6.193,6.068,6.176,55326.09,2024-06-27 08:00:00
1719489600000,6.173,6.35,6.173,6.247,107611.27,2024-06-27 12:00:00
1719504000000,6.249,6.268,6.223,6.248,53362.51,2024-06-27 16:00:00
1719518400000,6.254,6.3,6.215,6.264,69423.7,2024-06-27 20:00:00
1719532800000,6.266,6.322,6.221,6.273,32651.27,2024-06-28 00:00:00
1719547200000,6.272,6.275,6.204,6.245,55039.17,2024-06-28 04:00:00
1719561600000,6.247,6.34,6.231,6.306,65853.43,2024-06-28 08:00:00
1719576000000,6.302,6.38,6.258,6.327,108572.94,2024-06-28 12:00:00
1719590400000,6.327,6.337,6.134,6.174,111229.36,2024-06-28 16:00:00
1719604800000,6.174,6.203,6.03,6.068,55649.08,2024-06-28 20:00:00
1719619200000,6.069,6.198,6.053,6.137,39973.95,2024-06-29 00:00:00
1719633600000,6.138,6.167,6.091,6.142,42010.67,2024-06-29 04:00:00
1719648000000,6.14,6.15,6.065,6.101,55743.53,2024-06-29 08:00:00
1719662400000,6.098,6.104,5.992,6.018,46953.15,2024-06-29 12:00:00
1719676800000,6.017,6.017,5.874,5.939,80689.65,2024-06-29 16:00:00
1719691200000,5.938,5.976,5.904,5.941,48997.64,2024-06-29 20:00:00
1719705600000,5.942,5.998,5.897,5.917,39977.98,2024-06-30 00:00:00
1719720000000,5.917,6.059,5.878,6.017,53565.33,2024-06-30 04:00:00
1719734400000,6.018,6.035,5.957,5.961,75945.05,2024-06-30 08:00:00
1719748800000,5.962,5.982,5.924,5.959,47732.41,2024-06-30 12:00:00
1719763200000,5.96,5.995,5.918,5.948,71361.34,2024-06-30 16:00:00
1719777600000,5.948,6.086,5.922,6.057,53571.59,2024-06-30 20:00:00
1719792000000,6.057,6.251,6.022,6.13,90371.91,2024-07-01 00:00:00
1719806400000,6.128,6.153,6.054,6.084,40676.52,2024-07-01 04:00:00
1719820800000,6.086,6.102,6.006,6.018,59543.9,2024-07-01 08:00:00
1719835200000,6.019,6.025,5.923,5.969,108374.74,2024-07-01 12:00:00
1719849600000,5.968,6.056,5.941,5.983,187188.26,2024-07-01 16:00:00
1719864000000,5.983,5.99,5.883,5.901,111682.11,2024-07-01 20:00:00
1719878400000,5.9,5.95,5.866,5.923,40782.14,2024-07-02 00:00:00
1719892800000,5.924,5.964,5.88,5.897,58871.15,2024-07-02 04:00:00
1719907200000,5.898,5.934,5.865,5.925,72971.95,2024-07-02 08:00:00
1719921600000,5.924,6.037,5.9,5.944,83156.78,2024-07-02 12:00:00
1719936000000,5.943,5.977,5.819,5.967,85054.76,2024-07-02 16:00:00
1719950400000,5.972,6.0,5.947,5.981,29648.27,2024-07-02 20:00:00
1719964800000,5.981,6.007,5.779,5.861,77838.08,2024-07-03 00:00:00
1719979200000,5.86,5.931,5.823,5.92,49079.75,2024-07-03 04:00:00
1719993600000,5.918,5.958,5.8,5.859,106853.05,2024-07-03 08:00:00
1720008000000,5.859,5.909,5.768,5.855,114129.41,2024-07-03 12:00:00
1720022400000,5.855,5.872,5.673,5.728,104213.71,2024-07-03 16:00:00
1720036800000,5.728,5.783,5.691,5.719,47898.73,2024-07-03 20:00:00
1720051200000,5.721,5.74,5.356,5.499,324184.26,2024-07-04 00:00:00
1720065600000,5.499,5.526,5.382,5.409,134206.49,2024-07-04 04:00:00
1720080000000,5.408,5.431,5.313,5.348,161366.53,2024-07-04 08:00:00
1720094400000,5.347,5.361,5.137,5.282,193635.85,2024-07-04 12:00:00
1720108800000,5.281,5.281,5.202,5.211,63678.51,2024-07-04 16:00:00
1720123200000,5.21,5.309,5.01,5.067,236782.25,2024-07-04 20:00:00
1720137600000,5.064,5.074,4.41,4.529,909488.12,2024-07-05 00:00:00
1720152000000,4.529,4.644,4.407,4.571,397565.35,2024-07-05 04:00:00
1720166400000,4.571,4.73,4.45,4.718,415163.05,2024-07-05 08:00:00
1720180800000,4.719,4.907,4.642,4.898,436525.23,2024-07-05 12:00:00
1720195200000,4.896,5.002,4.864,4.979,137258.83,2024-07-05 16:00:00
1720209600000,4.976,5.013,4.903,4.942,173671.93,2024-07-05 20:00:00
1720224000000,4.94,5.108,4.903,4.946,142411.28,2024-07-06 00:00:00
1720238400000,4.943,5.106,4.919,5.085,65012.44,2024-07-06 04:00:00
1720252800000,5.084,5.174,5.059,5.164,135267.62,2024-07-06 08:00:00
1720267200000,5.16,5.217,5.085,5.193,116408.12,2024-07-06 12:00:00
1720281600000,5.195,5.375,5.176,5.337,91960.79,2024-07-06 16:00:00
1720296000000,5.337,5.427,5.333,5.336,70867.0,2024-07-06 20:00:00
1720310400000,5.336,5.36,5.267,5.31,59309.64,2024-07-07 00:00:00
1720324800000,5.307,5.335,5.228,5.266,90818.34,2024-07-07 04:00:00
1720339200000,5.264,5.296,5.223,5.271,84708.54,2024-07-07 08:00:00
1720353600000,5.269,5.295,5.077,5.147,113427.75,2024-07-07 12:00:00
1720368000000,5.145,5.239,5.129,5.158,66489.54,2024-07-07 16:00:00
1720382400000,5.157,5.166,4.968,4.992,58960.34,2024-07-07 20:00:00
1720396800000,4.993,5.026,4.778,4.953,158264.68,2024-07-08 00:00:00
1720411200000,4.952,5.058,4.941,4.999,95590.88,2024-07-08 04:00:00
1720425600000,4.997,5.342,4.993,5.313,172143.98,2024-07-08 08:00:00
1720440000000,5.311,5.321,4.992,5.109,207671.3,2024-07-08 12:00:00
1720454400000,5.109,5.19,5.053,5.185,53435.41,2024-07-08 16:00:00
1720468800000,5.184,5.237,5.133,5.213,90374.89,2024-07-08 20:00:00
1720483200000,5.211,5.305,5.169,5.254,94203.33,2024-07-09 00:00:00
1720497600000,5.253,5.297,5.232,5.262,44070.54,2024-07-09 04:00:00
1720512000000,5.261,5.333,5.221,5.27,65510.12,2024-07-09 08:00:00
1720526400000,5.27,5.337,5.23,5.308,57001.74,2024-07-09 12:00:00
1720540800000,5.308,5.337,5.249,5.333,67208.77,2024-07-09 16:00:00
1720555200000,5.332,5.348,5.27,5.288,29995.54,2024-07-09 20:00:00
1720569600000,5.292,5.326,5.234,5.321,23033.37,2024-07-10 00:00:00
1720584000000,5.322,5.443,5.32,5.377,89434.6,2024-07-10 04:00:00
1720598400000,5.374,5.382,5.304,5.322,41836.14,2024-07-10 08:00:00
1720612800000,5.32,5.397,5.259,5.375,94253.48,2024-07-10 12:00:00
1720627200000,5.374,5.42,5.323,5.346,34921.87,2024-07-10 16:00:00
1720641600000,5.347,5.36,5.307,5.348,25223.59,2024-07-10 20:00:00
1720656000000,5.348,5.411,5.292,5.341,46589.21,2024-07-11 00:00:00
1720670400000,5.34,5.427,5.334,5.416,58892.49,2024-07-11 04:00:00
1720684800000,5.41,5.431,5.382,5.41,39222.25,2024-07-11 08:00:00
1720699200000,5.411,5.522,5.334,5.358,136082.64,2024-07-11 12:00:00
1720713600000,5.358,5.452,5.307,5.391,52157.19,2024-07-11 16:00:00
1720728000000,5.391,5.401,5.278,5.295,66618.11,2024-07-11 20:00:00
1720742400000,5.298,5.359,5.23,5.319,60529.88,2024-07-12 00:00:00
1720756800000,5.317,5.362,5.277,5.317,60042.37,2024-07-12 04:00:00
1720771200000,5.314,5.331,5.208,5.216,89031.84,2024-07-12 08:00:00
1720785600000,5.217,5.389,5.214,5.363,83549.35,2024-07-12 12:00:00
1720800000000,5.368,5.476,5.343,5.393,71677.83,2024-07-12 16:00:00
1720814400000,5.394,5.494,5.354,5.46,62257.84,2024-07-12 20:00:00
1720828800000,5.46,5.533,5.437,5.514,69529.52,2024-07-13 00:00:00
1720843200000,5.519,5.55,5.486,5.542,34683.83,2024-07-13 04:00:00
1720857600000,5.543,5.58,5.519,5.556,84034.54,2024-07-13 08:00:00
1720872000000,5.553,5.564,5.523,5.56,65789.19,2024-07-13 12:00:00
1720886400000,5.557,5.604,5.544,5.584,35096.95,2024-07-13 16:00:00
1720900800000,5.58,5.613,5.52,5.561,55221.73,2024-07-13 20:00:00
1720915200000,5.56,5.625,5.525,5.592,43173.23,2024-07-14 00:00:00
1720929600000,5.594,5.658,5.579,5.584,95107.01,2024-07-14 04:00:00
1720944000000,5.586,5.594,5.527,5.534,50311.24,2024-07-14 08:00:00
1720958400000,5.535,5.557,5.494,5.548,82395.59,2024-07-14 12:00:00
1720972800000,5.546,5.559,5.51,5.541,35888.97,2024-07-14 16:00:00
1720987200000,5.541,5.705,5.537,5.678,64675.83,2024-07-14 20:00:00
1721001600000,5.679,5.813,5.661,5.805,67117.95,2024-07-15 00:00:00
1721016000000,5.802,5.816,5.726,5.783,48379.29,2024-07-15 04:00:00
1721030400000,5.785,5.815,5.695,5.728,72354.96,2024-07-15 08:00:00
1721044800000,5.731,5.789,5.721,5.758,60514.64,2024-07-15 12:00:00
1721059200000,5.755,5.869,5.732,5.85,141333.45,2024-07-15 16:00:00
1721073600000,5.853,5.979,5.845,5.956,103258.24,2024-07-15 20:00:00
1721088000000,5.955,6.069,5.903,5.984,262807.96,2024-07-16 00:00:00
1721102400000,5.984,6.014,5.753,5.78,236359.68,2024-07-16 04:00:00
1721116800000,5.783,5.898,5.716,5.847,128814.0,2024-07-16 08:00:00
1721131200000,5.848,5.998,5.797,5.989,98170.19,2024-07-16 12:00:00
1721145600000,5.987,6.055,5.949,6.035,175057.68,2024-07-16 16:00:00
1721160000000,6.029,6.057,5.955,6.02,56153.04,2024-07-16 20:00:00
1721174400000,6.021,6.182,6.013,6.091,113801.45,2024-07-17 00:00:00
1721188800000,6.092,6.209,6.088,6.19,150861.83,2024-07-17 04:00:00
1721203200000,6.191,6.211,6.101,6.131,96746.6,2024-07-17 08:00:00
1721217600000,6.134,6.198,6.067,6.128,142459.44,2024-07-17 12:00:00
1721232000000,6.123,6.158,5.996,6.122,130342.92,2024-07-17 16:00:00
1721246400000,6.123,6.139,5.996,5.998,57154.7,2024-07-17 20:00:00
1721260800000,5.999,6.347,5.998,6.329,278974.09,2024-07-18 00:00:00
1721275200000,6.328,6.366,6.229,6.255,185307.47,2024-07-18 04:00:00
1721289600000,6.257,6.391,6.2,6.268,164667.22,2024-07-18 08:00:00
1721304000000,6.278,6.383,6.063,6.071,201356.99,2024-07-18 12:00:00
1721318400000,6.073,6.114,5.96,5.996,123371.1,2024-07-18 16:00:00
1721332800000,6.0,6.132,5.963,6.063,67745.92,2024-07-18 20:00:00
1721347200000,6.065,6.264,5.996,6.215,222302.09,2024-07-19 00:00:00
1721361600000,6.215,6.234,6.077,6.087,105420.46,2024-07-19 04:00:00
1721376000000,6.085,6.104,6.027,6.099,59600.85,2024-07-19 08:00:00
1721390400000,6.1,6.253,6.081,6.253,95296.96,2024-07-19 12:00:00
1721404800000,6.252,6.305,6.244,6.29,102903.32,2024-07-19 16:00:00
1721419200000,6.286,6.35,6.273,6.3,44018.87,2024-07-19 20:00:00
1721433600000,6.299,6.34,6.257,6.301,49861.36,2024-07-20 00:00:00
1721448000000,6.306,6.338,6.286,6.315,50847.8,2024-07-20 04:00:00
1721462400000,6.315,6.358,6.263,6.321,65705.02,2024-07-20 08:00:00
1721476800000,6.322,6.382,6.25,6.378,57088.31,2024-07-20 12:00:00
1721491200000,6.378,6.419,6.322,6.404,71894.45,2024-07-20 16:00:00
1721505600000,6.401,6.429,6.342,6.397,41810.04,2024-07-20 20:00:00
1721520000000,6.396,6.493,6.379,6.389,93671.61,2024-07-21 00:00:00
1721534400000,6.39,6.402,6.259,6.297,83965.1,2024-07-21 04:00:00
1721548800000,6.297,6.329,6.275,6.305,49520.57,2024-07-21 08:00:00
1721563200000,6.308,6.379,6.219,6.302,79132.16,2024-07-21 12:00:00
1721577600000,6.304,6.341,6.065,6.269,152372.52,2024-07-21 16:00:00
1721592000000,6.267,6.457,6.259,6.396,97555.05,2024-07-21 20:00:00
1721606400000,6.401,6.469,6.32,6.322,74965.96,2024-07-22 00:00:00
1721620800000,6.32,6.336,6.147,6.195,72391.28,2024-07-22 04:00:00
1721635200000,6.191,6.26,6.163,6.255,46413.12,2024-07-22 08:00:00
1721649600000,6.256,6.305,6.122,6.185,174411.7,2024-07-22 12:00:00
1721664000000,6.187,6.237,6.157,6.236,73131.39,2024-07-22 16:00:00
1721678400000,6.24,6.242,6.059,6.122,72676.99,2024-07-22 20:00:00
1721692800000,6.122,6.271,6.112,6.166,98363.88,2024-07-23 00:00:00
1721707200000,6.161,6.183,5.994,6.035,82209.49,2024-07-23 04:00:00
1721721600000,6.037,6.203,6.029,6.12,46741.74,2024-07-23 08:00:00
1721736000000,6.118,6.165,6.028,6.059,65429.47,2024-07-23 12:00:00
1721750400000,6.056,6.06,5.867,5.981,123513.35,2024-07-23 16:00:00
1721764800000,5.981,6.004,5.92,5.958,44602.35,2024-07-23 20:00:00
1721779200000,5.963,6.025,5.929,6.005,53931.42,2024-07-24 00:00:00
1721793600000,6.004,6.098,5.967,6.098,57797.04,2024-07-24 04:00:00
1721808000000,6.097,6.194,6.081,6.131,80808.86,2024-07-24 08:00:00
1721822400000,6.133,6.193,6.104,6.106,74478.74,2024-07-24 12:00:00
1721836800000,6.104,6.14,6.0,6.008,40990.85,2024-07-24 16:00:00
1721851200000,6.013,6.037,5.852,5.895,59346.27,2024-07-24 20:00:00
1721865600000,5.9,5.946,5.608,5.628,173637.12,2024-07-25 00:00:00
1721880000000,5.628,5.7,5.592,5.642,155972.11,2024-07-25 04:00:00
1721894400000,5.644,5.657,5.569,5.628,111980.35,2024-07-25 08:00:00
1721908800000,5.627,5.694,5.523,5.649,100016.29,2024-07-25 12:00:00
1721923200000,5.648,5.713,5.506,5.567,98304.71,2024-07-25 16:00:00
1721937600000,5.569,5.732,5.485,5.683,71211.9,2024-07-25 20:00:00
1721952000000,5.684,5.828,5.676,5.798,70426.43,2024-07-26 00:00:00
1721966400000,5.797,5.931,5.791,5.887,64599.5,2024-07-26 04:00:00
1721980800000,5.887,5.91,5.859,5.91,57146.82,2024-07-26 08:00:00
1721995200000,5.911,6.012,5.885,5.958,110325.33,2024-07-26 12:00:00
1722009600000,5.957,6.081,5.957,6.06,79035.68,2024-07-26 16:00:00
1722024000000,6.061,6.091,6.019,6.085,37929.34,2024-07-26 20:00:00
1722038400000,6.085,6.092,6.026,6.059,58143.17,2024-07-27 00:00:00
1722052800000,6.061,6.118,6.054,6.077,31776.8,2024-07-27 04:00:00
1722067200000,6.077,6.099,6.056,6.097,32374.18,2024-07-27 08:00:00
1722081600000,6.096,6.214,6.071,6.109,99238.86,2024-07-27 12:00:00
1722096000000,6.108,6.158,6.054,6.147,81903.43,2024-07-27 16:00:00
1722110400000,6.14,6.21,6.021,6.103,70950.69,2024-07-27 20:00:00
1722124800000,6.103,6.122,6.038,6.038,23632.66,2024-07-28 00:00:00
1722139200000,6.036,6.046,5.935,6.017,45151.52,2024-07-28 04:00:00
1722153600000,6.017,6.039,5.99,5.992,27939.07,2024-07-28 08:00:00
1722168000000,5.991,5.996,5.905,5.933,86617.11,2024-07-28 12:00:00
1722182400000,5.932,5.968,5.905,5.931,33286.63,2024-07-28 16:00:00
1722196800000,5.933,5.941,5.884,5.929,32588.69,2024-07-28 20:00:00
1722211200000,5.929,6.14,5.929,6.081,97513.92,2024-07-29 00:00:00
1722225600000,6.081,6.106,6.033,6.053,51103.23,2024-07-29 04:00:00
1722240000000,6.055,6.065,6.012,6.038,75965.02,2024-07-29 08:00:00
1722254400000,6.037,6.053,5.824,5.876,127286.52,2024-07-29 12:00:00
1722268800000,5.876,5.88,5.758,5.831,111317.65,2024-07-29 16:00:00
1722283200000,5.836,5.851,5.784,5.794,38007.45,2024-07-29 20:00:00
1722297600000,5.792,5.889,5.74,5.877,56570.54,2024-07-30 00:00:00
1722312000000,5.875,5.971,5.855,5.965,44762.83,2024-07-30 04:00:00
1722326400000,5.966,6.067,5.96,6.016,140490.43,2024-07-30 08:00:00
1722340800000,6.019,6.034,5.938,5.988,99391.89,2024-07-30 12:00:00
1722355200000,5.994,6.007,5.834,5.87,111731.95,2024-07-30 16:00:00
1722369600000,5.87,5.871,5.75,5.817,91424.98,2024-07-30 20:00:00
1722384000000,5.816,5.86,5.741,5.816,66878.08,2024-07-31 00:00:00
1722398400000,5.816,5.932,5.744,5.847,77950.99,2024-07-31 04:00:00
1722412800000,5.846,5.847,5.75,5.79,60671.79,2024-07-31 08:00:00
1722427200000,5.791,5.884,5.784,5.824,50434.05,2024-07-31 12:00:00
1722441600000,5.824,5.865,5.696,5.721,70440.07,2024-07-31 16:00:00
1722456000000,5.72,5.72,5.612,5.641,84009.23,2024-07-31 20:00:00
1722470400000,5.643,5.692,5.599,5.651,100009.2,2024-08-01 00:00:00
1722484800000,5.65,5.676,5.511,5.623,98012.51,2024-08-01 04:00:00
1722499200000,5.624,5.671,5.611,5.665,54070.5,2024-08-01 08:00:00
1722513600000,5.665,5.73,5.468,5.481,130298.35,2024-08-01 12:00:00
1722528000000,5.481,5.486,5.266,5.379,262543.84,2024-08-01 16:00:00
1722542400000,5.379,5.689,5.355,5.656,96153.4,2024-08-01 20:00:00
1722556800000,5.656,5.71,5.497,5.589,79944.8,2024-08-02 00:00:00
1722571200000,5.589,5.598,5.428,5.511,89424.57,2024-08-02 04:00:00
1722585600000,5.507,5.566,5.456,5.503,141256.62,2024-08-02 08:00:00
1722600000000,5.502,5.616,5.192,5.334,283437.25,2024-08-02 12:00:00
1722614400000,5.33,5.346,5.206,5.252,90193.13,2024-08-02 16:00:00
1722628800000,5.252,5.295,5.164,5.235,102142.79,2024-08-02 20:00:00
1722643200000,5.234,5.29,5.081,5.267,131528.48,2024-08-03 00:00:00
1722657600000,5.275,5.327,5.255,5.299,64597.49,2024-08-03 04:00:00
1722672000000,5.299,5.322,5.278,5.321,25606.74,2024-08-03 08:00:00
1722686400000,5.317,5.365,5.124,5.128,70525.66,2024-08-03 12:00:00
1722700800000,5.131,5.179,4.915,4.918,296652.15,2024-08-03 16:00:00
1722715200000,4.922,5.067,4.893,5.007,180743.72,2024-08-03 20:00:00
1722729600000,5.008,5.082,4.973,5.047,102597.3,2024-08-04 00:00:00
1722744000000,5.046,5.083,4.991,4.993,55404.53,2024-08-04 04:00:00
1722758400000,4.995,5.039,4.966,5.013,57728.67,2024-08-04 08:00:00
1722772800000,5.013,5.04,4.8,4.808,144966.36,2024-08-04 12:00:00
1722787200000,4.809,4.833,4.546,4.794,484737.19,2024-08-04 16:00:00
1722801600000,4.79,4.854,4.699,4.708,92226.17,2024-08-04 20:00:00
1722816000000,4.709,4.745,4.088,4.184,860776.76,2024-08-05 00:00:00
1722830400000,4.184,4.295,3.837,4.25,873272.01,2024-08-05 04:00:00
1722844800000,4.252,4.266,3.879,4.03,570254.3,2024-08-05 08:00:00
1722859200000,4.03,4.437,3.863,4.394,648858.31,2024-08-05 12:00:00
1722873600000,4.391,4.455,4.213,4.28,228834.25,2024-08-05 16:00:00
1722888000000,4.28,4.415,4.275,4.32,156876.28,2024-08-05 20:00:00
1722902400000,4.319,4.578,4.314,4.509,150115.97,2024-08-06 00:00:00
1722916800000,4.509,4.65,4.479,4.622,148940.54,2024-08-06 04:00:00
1722931200000,4.624,4.625,4.375,4.415,419006.94,2024-08-06 08:00:00
1722945600000,4.411,4.593,4.33,4.534,270284.09,2024-08-06 12:00:00
1722960000000,4.535,4.577,4.499,4.513,91520.22,2024-08-06 16:00:00
1722974400000,4.511,4.565,4.459,4.492,68030.64,2024-08-06 20:00:00
1722988800000,4.491,4.634,4.441,4.594,114362.91,2024-08-07 00:00:00
1723003200000,4.587,4.642,4.522,4.552,58958.91,2024-08-07 04:00:00
1723017600000,4.552,4.613,4.531,4.538,89257.35,2024-08-07 08:00:00
1723032000000,4.541,4.587,4.335,4.391,138054.35,2024-08-07 12:00:00
1723046400000,4.392,4.402,4.259,4.306,163991.03,2024-08-07 16:00:00
1723060800000,4.308,4.374,4.26,4.34,95610.41,2024-08-07 20:00:00
1723075200000,4.34,4.574,4.267,4.51,94742.78,2024-08-08 00:00:00
1723089600000,4.517,4.556,4.497,4.505,43510.89,2024-08-08 04:00:00
1723104000000,4.505,4.541,4.481,4.53,65272.75,2024-08-08 08:00:00
1723118400000,4.53,4.703,4.519,4.677,252767.52,2024-08-08 12:00:00
1723132800000,4.677,4.748,4.67,4.701,79991.08,2024-08-08 16:00:00
1723147200000,4.702,4.887,4.698,4.855,102304.43,2024-08-08 20:00:00
1723161600000,4.853,4.862,4.799,4.806,94861.98,2024-08-09 00:00:00
1723176000000,4.806,4.816,4.719,4.79,40257.82,2024-08-09 04:00:00
1723190400000,4.793,4.969,4.773,4.876,209491.15,2024-08-09 08:00:00
1723204800000,4.876,4.884,4.695,4.728,292123.11,2024-08-09 12:00:00
1723219200000,4.726,4.786,4.717,4.753,61440.85,2024-08-09 16:00:00
1723233600000,4.753,4.81,4.707,4.804,42969.28,2024-08-09 20:00:00
1723248000000,4.803,4.863,4.744,4.767,38171.08,2024-08-10 00:00:00
1723262400000,4.772,4.808,4.743,4.804,39197.52,2024-08-10 04:00:00
1723276800000,4.804,4.87,4.773,4.852,59611.94,2024-08-10 08:00:00
1723291200000,4.851,4.858,4.796,4.826,53815.36,2024-08-10 12:00:00
1723305600000,4.823,4.907,4.82,4.881,95370.08,2024-08-10 16:00:00
1723320000000,4.885,4.94,4.879,4.901,29863.69,2024-08-10 20:00:00
1723334400000,4.897,4.905,4.844,4.846,53964.48,2024-08-11 00:00:00
1723348800000,4.853,4.859,4.815,4.849,43386.8,2024-08-11 04:00:00
1723363200000,4.85,4.918,4.789,4.801,85339.45,2024-08-11 08:00:00
1723377600000,4.8,4.811,4.666,4.686,158405.08,2024-08-11 12:00:00
1723392000000,4.684,4.714,4.601,4.606,64953.36,2024-08-11 16:00:00
1723406400000,4.608,4.608,4.498,4.528,119611.41,2024-08-11 20:00:00
1723420800000,4.528,4.594,4.517,4.558,90131.57,2024-08-12 00:00:00
1723435200000,4.56,4.623,4.48,4.605,105412.64,2024-08-12 04:00:00
1723449600000,4.606,4.78,4.561,4.768,120912.58,2024-08-12 08:00:00
1723464000000,4.768,4.826,4.569,4.814,215709.49,2024-08-12 12:00:00
1723478400000,4.815,4.85,4.709,4.748,85004.85,2024-08-12 16:00:00
1723492800000,4.748,4.817,4.684,4.771,73337.62,2024-08-12 20:00:00
1723507200000,4.772,4.796,4.664,4.677,71730.4,2024-08-13 00:00:00
1723521600000,4.68,4.734,4.653,4.694,32303.35,2024-08-13 04:00:00
1723536000000,4.693,4.705,4.61,4.659,48890.94,2024-08-13 08:00:00
1723550400000,4.662,4.765,4.655,4.764,103202.36,2024-08-13 12:00:00
1723564800000,4.758,4.982,4.756,4.918,235807.14,2024-08-13 16:00:00
1723579200000,4.918,4.96,4.885,4.901,49201.76,2024-08-13 20:00:00
1723593600000,4.897,4.908,4.825,4.875,53506.05,2024-08-14 00:00:00
1723608000000,4.872,4.893,4.811,4.824,72266.87,2024-08-14 04:00:00
1723622400000,4.827,4.881,4.793,4.83,49379.63,2024-08-14 08:00:00
1723636800000,4.83,4.908,4.663,4.75,119421.06,2024-08-14 12:00:00
1723651200000,4.751,4.754,4.691,4.711,43444.72,2024-08-14 16:00:00
1723665600000,4.709,4.74,4.671,4.72,35805.2,2024-08-14 20:00:00
1723680000000,4.717,4.767,4.695,4.756,36900.93,2024-08-15 00:00:00
1723694400000,4.755,4.772,4.693,4.741,43115.18,2024-08-15 04:00:00
1723708800000,4.742,4.833,4.716,4.759,86350.37,2024-08-15 08:00:00
1723723200000,4.758,4.835,4.746,4.773,93357.3,2024-08-15 12:00:00
1723737600000,4.775,4.806,4.506,4.549,209762.04,2024-08-15 16:00:00
1723752000000,4.543,4.599,4.494,4.573,82662.78,2024-08-15 20:00:00
1723766400000,4.574,4.63,4.524,4.559,53623.26,2024-08-16 00:00:00
1723780800000,4.558,4.676,4.542,4.657,61963.45,2024-08-16 04:00:00
1723795200000,4.656,4.681,4.615,4.634,46797.37,2024-08-16 08:00:00
1723809600000,4.634,4.671,4.513,4.554,109680.32,2024-08-16 12:00:00
1723824000000,4.55,4.685,4.547,4.672,97876.82,2024-08-16 16:00:00
1723838400000,4.673,4.704,4.629,4.635,43307.86,2024-08-16 20:00:00
1723852800000,4.633,4.644,4.578,4.586,64474.49,2024-08-17 00:00:00
1723867200000,4.588,4.62,4.577,4.609,38003.39,2024-08-17 04:00:00
1723881600000,4.608,4.629,4.56,4.572,44610.41,2024-08-17 08:00:00
1723896000000,4.566,4.636,4.559,4.617,66064.91,2024-08-17 12:00:00
1723910400000,4.614,4.673,4.612,4.636,38682.99,2024-08-17 16:00:00
1723924800000,4.636,4.67,4.628,4.661,25758.76,2024-08-17 20:00:00
1723939200000,4.66,4.676,4.597,4.606,40392.64,2024-08-18 00:00:00
1723953600000,4.604,4.618,4.575,4.593,31989.9,2024-08-18 04:00:00
1723968000000,4.594,4.771,4.579,4.768,146842.92,2024-08-18 08:00:00
1723982400000,4.769,4.908,4.763,4.793,261488.91,2024-08-18 12:00:00
1723996800000,4.793,4.823,4.708,4.77,77587.1,2024-08-18 16:00:00
1724011200000,4.769,4.77,4.644,4.653,43441.76,2024-08-18 20:00:00
1724025600000,4.652,4.654,4.575,4.623,114980.15,2024-08-19 00:00:00
1724040000000,4.625,4.636,4.562,4.601,80957.26,2024-08-19 04:00:00
1724054400000,4.601,4.628,4.527,4.59,143266.98,2024-08-19 08:00:00
1724068800000,4.59,4.619,4.515,4.574,89871.7,2024-08-19 12:00:00
1724083200000,4.571,4.645,4.532,4.635,90959.83,2024-08-19 16:00:00
1724097600000,4.634,4.66,4.617,4.65,38992.21,2024-08-19 20:00:00
1724112000000,4.649,4.732,4.635,4.721,105553.72,2024-08-20 00:00:00
1724126400000,4.722,4.79,4.717,4.771,44445.92,2024-08-20 04:00:00
1724140800000,4.77,4.792,4.737,4.748,59378.32,2024-08-20 08:00:00
1724155200000,4.75,4.809,4.628,4.688,128514.89,2024-08-20 12:00:00
1724169600000,4.684,4.804,4.667,4.795,99140.15,2024-08-20 16:00:00
1724184000000,4.795,4.844,4.757,4.775,79877.06,2024-08-20 20:00:00
1724198400000,4.776,4.817,4.727,4.779,40213.18,2024-08-21 00:00:00
1724212800000,4.781,4.838,4.779,4.833,59317.34,2024-08-21 04:00:00
1724227200000,4.834,4.849,4.753,4.778,78636.63,2024-08-21 08:00:00
1724241600000,4.777,4.837,4.716,4.801,131171.97,2024-08-21 12:00:00
1724256000000,4.801,4.941,4.773,4.935,136317.04,2024-08-21 16:00:00
1724270400000,4.941,4.966,4.892,4.93,105118.6,2024-08-21 20:00:00
1724284800000,4.929,4.934,4.836,4.9,83945.75,2024-08-22 00:00:00
1724299200000,4.896,4.941,4.885,4.933,39186.82,2024-08-22 04:00:00
1724313600000,4.932,4.989,4.917,4.975,59779.76,2024-08-22 08:00:00
1724328000000,4.974,4.981,4.913,4.948,90318.05,2024-08-22 12:00:00
1724342400000,4.946,4.98,4.928,4.943,49038.8,2024-08-22 16:00:00
1724356800000,4.948,4.988,4.948,4.966,52801.55,2024-08-22 20:00:00
1724371200000,4.967,5.07,4.96,5.065,132704.31,2024-08-23 00:00:00
1724385600000,5.065,5.128,5.045,5.124,110289.86,2024-08-23 04:00:00
1724400000000,5.124,5.17,5.109,5.113,75176.78,2024-08-23 08:00:00
1724414400000,5.114,5.255,5.11,5.226,240022.65,2024-08-23 12:00:00
1724428800000,5.227,5.357,5.213,5.338,133249.55,2024-08-23 16:00:00
1724443200000,5.342,5.374,5.311,5.321,101615.53,2024-08-23 20:00:00
1724457600000,5.323,5.345,5.268,5.274,85651.67,2024-08-24 00:00:00
1724472000000,5.274,5.292,5.24,5.28,81868.26,2024-08-24 04:00:00
1724486400000,5.28,5.403,5.248,5.323,110075.65,2024-08-24 08:00:00
1724500800000,5.322,5.38,5.305,5.349,131639.28,2024-08-24 12:00:00
1724515200000,5.349,5.452,5.34,5.438,80915.05,2024-08-24 16:00:00
1724529600000,5.438,5.438,5.272,5.354,104499.84,2024-08-24 20:00:00
1724544000000,5.354,5.359,5.183,5.272,74109.27,2024-08-25 00:00:00
1724558400000,5.272,5.316,5.152,5.182,142022.31,2024-08-25 04:00:00
1724572800000,5.181,5.272,5.151,5.242,51423.38,2024-08-25 08:00:00
1724587200000,5.243,5.333,5.243,5.289,61394.11,2024-08-25 12:00:00
1724601600000,5.291,5.325,5.227,5.273,231214.18,2024-08-25 16:00:00
1724616000000,5.278,5.34,5.244,5.259,73677.77,2024-08-25 20:00:00
1724630400000,5.261,5.378,5.178,5.227,223292.62,2024-08-26 00:00:00
1724644800000,5.227,5.251,5.117,5.156,87069.86,2024-08-26 04:00:00
1724659200000,5.157,5.214,5.1,5.151,73084.42,2024-08-26 08:00:00
1724673600000,5.148,5.159,5.036,5.057,123829.88,2024-08-26 12:00:00
1724688000000,5.054,5.095,4.921,4.973,187340.49,2024-08-26 16:00:00
1724702400000,4.976,5.027,4.956,4.979,67997.19,2024-08-26 20:00:00
1724716800000,4.979,5.03,4.976,5.007,76001.69,2024-08-27 00:00:00
1724731200000,5.007,5.064,4.99,5.006,107596.47,2024-08-27 04:00:00
1724745600000,5.01,5.026,4.894,4.935,151919.83,2024-08-27 08:00:00
1724760000000,4.934,4.986,4.887,4.942,113921.79,2024-08-27 12:00:00
1724774400000,4.941,4.995,4.918,4.959,78584.78,2024-08-27 16:00:00
1724788800000,4.958,4.963,4.59,4.688,292305.48,2024-08-27 20:00:00
1724803200000,4.686,4.693,4.607,4.686,150534.59,2024-08-28 00:00:00
1724817600000,4.685,4.704,4.611,4.615,65278.74,2024-08-28 04:00:00
1724832000000,4.614,4.805,4.58,4.75,93111.67,2024-08-28 08:00:00
1724846400000,4.749,4.79,4.633,4.672,77882.86,2024-08-28 12:00:00
1724860800000,4.671,4.713,4.493,4.627,128032.41,2024-08-28 16:00:00
1724875200000,4.637,4.72,4.588,4.638,61788.05,2024-08-28 20:00:00
1724889600000,4.639,4.687,4.633,4.666,40987.83,2024-08-29 00:00:00
1724904000000,4.664,4.745,4.647,4.707,172358.0,2024-08-29 04:00:00
1724918400000,4.707,4.788,4.678,4.744,85425.03,2024-08-29 08:00:00
1724932800000,4.743,4.864,4.736,4.839,60348.49,2024-08-29 12:00:00
1724947200000,4.837,4.861,4.633,4.69,64350.35,2024-08-29 16:00:00
1724961600000,4.686,4.711,4.635,4.705,45498.06,2024-08-29 20:00:00
1724976000000,4.705,4.763,4.678,4.7,50820.68,2024-08-30 00:00:00
1724990400000,4.695,4.845,4.672,4.808,119808.61,2024-08-30 04:00:00
1725004800000,4.808,4.844,4.783,4.802,81456.7,2024-08-30 08:00:00
1725019200000,4.802,4.844,4.567,4.589,137196.0,2024-08-30 12:00:00
1725033600000,4.59,4.818,4.546,4.759,105038.29,2024-08-30 16:00:00
1725048000000,4.764,4.808,4.748,4.785,29760.5,2024-08-30 20:00:00
1725062400000,4.786,4.84,4.772,4.798,89116.97,2024-08-31 00:00:00
1725076800000,4.801,4.828,4.795,4.798,17684.91,2024-08-31 04:00:00
1725091200000,4.797,4.803,4.754,4.778,26867.42,2024-08-31 08:00:00
1725105600000,4.776,4.788,4.73,4.745,23865.89,2024-08-31 12:00:00
1725120000000,4.747,4.751,4.679,4.71,42563.6,2024-08-31 16:00:00
1725134400000,4.711,4.749,4.7,4.706,20304.54,2024-08-31 20:00:00
1725148800000,4.706,4.722,4.614,4.673,49946.41,2024-09-01 00:00:00
1725163200000,4.669,4.688,4.609,4.679,57847.06,2024-09-01 04:00:00
1725177600000,4.678,4.685,4.591,4.626,43057.04,2024-09-01 08:00:00
1725192000000,4.627,4.636,4.521,4.591,77627.3,2024-09-01 12:00:00
1725206400000,4.591,4.612,4.497,4.578,74032.6,2024-09-01 16:00:00
1725220800000,4.58,4.604,4.393,4.449,109570.37,2024-09-01 20:00:00
1725235200000,4.445,4.522,4.438,4.49,46376.32,2024-09-02 00:00:00
1725249600000,4.493,4.517,4.441,4.454,67796.97,2024-09-02 04:00:00
1725264000000,4.454,4.637,4.451,4.605,152828.58,2024-09-02 08:00:00
1725278400000,4.605,4.651,4.546,4.616,61919.9,2024-09-02 12:00:00
1725292800000,4.617,4.7,4.59,4.654,87840.35,2024-09-02 16:00:00
1725307200000,4.654,4.727,4.645,4.68,72003.39,2024-09-02 20:00:00
1725321600000,4.677,4.719,4.653,4.659,52059.21,2024-09-03 00:00:00
1725336000000,4.658,4.729,4.633,4.699,108720.29,2024-09-03 04:00:00
1725350400000,4.698,4.706,4.641,4.662,70038.78,2024-09-03 08:00:00
1725364800000,4.659,4.685,4.502,4.508,93213.77,2024-09-03 12:00:00
1725379200000,4.505,4.557,4.496,4.527,63959.87,2024-09-03 16:00:00
1725393600000,4.528,4.539,4.44,4.456,90026.57,2024-09-03 20:00:00
1725408000000,4.456,4.52,4.278,4.433,179118.59,2024-09-04 00:00:00
1725422400000,4.43,4.492,4.406,4.466,61153.36,2024-09-04 04:00:00
1725436800000,4.469,4.491,4.407,4.416,44797.79,2024-09-04 08:00:00
1725451200000,4.414,4.556,4.389,4.553,68080.19,2024-09-04 12:00:00
1725465600000,4.551,4.631,4.531,4.556,41200.21,2024-09-04 16:00:00
1725480000000,4.558,4.579,4.536,4.545,56478.78,2024-09-04 20:00:00
1725494400000,4.546,4.562,4.467,4.487,97508.35,2024-09-05 00:00:00
1725508800000,4.481,4.524,4.446,4.508,39237.65,2024-09-05 04:00:00
1725523200000,4.506,4.519,4.449,4.458,33565.18,2024-09-05 08:00:00
1725537600000,4.458,4.536,4.401,4.431,75193.83,2024-09-05 12:00:00
1725552000000,4.43,4.464,4.387,4.407,34751.78,2024-09-05 16:00:00
1725566400000,4.402,4.448,4.393,4.445,22126.23,2024-09-05 20:00:00
1725580800000,4.441,4.499,4.409,4.468,33336.69,2024-09-06 00:00:00
1725595200000,4.465,4.475,4.36,4.401,69322.79,2024-09-06 04:00:00
1725609600000,4.403,4.446,4.376,4.417,44895.81,2024-09-06 08:00:00
1725624000000,4.421,4.523,4.32,4.392,146768.5,2024-09-06 12:00:00
1725638400000,4.384,4.384,4.212,4.239,146384.26,2024-09-06 16:00:00
1725652800000,4.236,4.26,4.096,4.208,363620.17,2024-09-06 20:00:00
1725667200000,4.206,4.215,4.16,4.203,45286.19,2024-09-07 00:00:00
1725681600000,4.204,4.296,4.203,4.278,37057.73,2024-09-07 04:00:00
1725696000000,4.278,4.291,4.262,4.274,34480.37,2024-09-07 08:00:00
1725710400000,4.275,4.339,4.274,4.316,25372.8,2024-09-07 12:00:00
1725724800000,4.314,4.332,4.242,4.295,28990.44,2024-09-07 16:00:00
1725739200000,4.295,4.298,4.219,4.257,29178.52,2024-09-07 20:00:00
1725753600000,4.257,4.295,4.24,4.29,23944.13,2024-09-08 00:00:00
1725768000000,4.292,4.348,4.289,4.342,45402.64,2024-09-08 04:00:00
1725782400000,4.347,4.371,4.32,4.332,44004.13,2024-09-08 08:00:00
1725796800000,4.335,4.341,4.235,4.237,51527.56,2024-09-08 12:00:00
1725811200000,4.238,4.289,4.206,4.271,54941.09,2024-09-08 16:00:00
1725825600000,4.272,4.388,4.267,4.34,56944.98,2024-09-08 20:00:00
1725840000000,4.34,4.375,4.317,4.341,51667.65,2024-09-09 00:00:00
1725854400000,4.341,4.408,4.313,4.401,49344.86,2024-09-09 04:00:00
1725868800000,4.4,4.448,4.398,4.413,79213.63,2024-09-09 08:00:00
1725883200000,4.415,4.432,4.366,4.425,74990.77,2024-09-09 12:00:00
1725897600000,4.422,4.518,4.421,4.515,85880.92,2024-09-09 16:00:00
1725912000000,4.516,4.571,4.492,4.528,138125.32,2024-09-09 20:00:00
1725926400000,4.529,4.534,4.464,4.465,28939.81,2024-09-10 00:00:00
1725940800000,4.468,4.529,4.453,4.515,23772.36,2024-09-10 04:00:00
1725955200000,4.516,4.536,4.476,4.52,48446.18,2024-09-10 08:00:00
1725969600000,4.518,4.536,4.476,4.486,91874.52,2024-09-10 12:00:00
1725984000000,4.486,4.592,4.485,4.573,64486.66,2024-09-10 16:00:00
1725998400000,4.571,4.578,4.528,4.555,61309.38,2024-09-10 20:00:00
1726012800000,4.559,4.565,4.466,4.485,67545.84,2024-09-11 00:00:00
1726027200000,4.481,4.503,4.421,4.499,80396.87,2024-09-11 04:00:00
1726041600000,4.499,4.513,4.446,4.501,134804.3,2024-09-11 08:00:00
1726056000000,4.501,4.548,4.39,4.472,186472.32,2024-09-11 12:00:00
1726070400000,4.469,4.569,4.465,4.545,126196.19,2024-09-11 16:00:00
1726084800000,4.543,4.555,4.525,4.54,32581.09,2024-09-11 20:00:00
1726099200000,4.542,4.627,4.542,4.591,86088.95,2024-09-12 00:00:00
1726113600000,4.591,4.614,4.574,4.586,39245.4,2024-09-12 04:00:00
1726128000000,4.587,4.618,4.582,4.609,101022.27,2024-09-12 08:00:00
1726142400000,4.606,4.67,4.562,4.578,95731.95,2024-09-12 12:00:00
1726156800000,4.577,4.662,4.576,4.662,29172.85,2024-09-12 16:00:00
1726171200000,4.663,4.74,4.655,4.719,76485.69,2024-09-12 20:00:00
1726185600000,4.719,4.731,4.658,4.661,40068.11,2024-09-13 00:00:00
1726200000000,4.662,4.684,4.644,4.68,47822.93,2024-09-13 04:00:00
1726214400000,4.679,4.729,4.673,4.685,30619.73,2024-09-13 08:00:00
1726228800000,4.685,4.8,4.65,4.8,151804.44,2024-09-13 12:00:00
1726243200000,4.795,4.822,4.781,4.789,139464.37,2024-09-13 16:00:00
1726257600000,4.788,4.855,4.782,4.82,74765.22,2024-09-13 20:00:00
1726272000000,4.821,4.915,4.819,4.831,79422.97,2024-09-14 00:00:00
1726286400000,4.83,4.831,4.761,4.777,53991.42,2024-09-14 04:00:00
1726300800000,4.778,4.786,4.71,4.728,74765.77,2024-09-14 08:00:00
1726315200000,4.727,4.776,4.719,4.759,38020.2,2024-09-14 12:00:00
1726329600000,4.76,4.765,4.689,4.73,75038.34,2024-09-14 16:00:00
1726344000000,4.731,4.773,4.725,4.754,55912.65,2024-09-14 20:00:00
1726358400000,4.757,4.77,4.751,4.756,26629.7,2024-09-15 00:00:00
1726372800000,4.753,4.757,4.73,4.746,41005.37,2024-09-15 04:00:00
1726387200000,4.749,4.75,4.688,4.697,35362.28,2024-09-15 08:00:00
1726401600000,4.699,4.74,4.689,4.724,27209.29,2024-09-15 12:00:00
1726416000000,4.723,4.726,4.656,4.672,71899.7,2024-09-15 16:00:00
1726430400000,4.672,4.68,4.542,4.58,91849.06,2024-09-15 20:00:00
1726444800000,4.58,4.589,4.443,4.499,101674.15,2024-09-16 00:00:00
1726459200000,4.499,4.543,4.486,4.533,37537.94,2024-09-16 04:00:00
1726473600000,4.536,4.566,4.484,4.501,66702.92,2024-09-16 08:00:00
1726488000000,4.5,4.516,4.444,4.477,194998.44,2024-09-16 12:00:00
1726502400000,4.477,4.519,4.461,4.492,73001.89,2024-09-16 16:00:00
1726516800000,4.49,4.514,4.462,4.492,49461.5,2024-09-16 20:00:00
1726531200000,4.49,4.515,4.463,4.507,75893.3,2024-09-17 00:00:00
1726545600000,4.507,4.571,4.5,4.546,48151.36,2024-09-17 04:00:00
1726560000000,4.544,4.725,4.544,4.617,384723.61,2024-09-17 08:00:00
1726574400000,4.618,4.732,4.591,4.707,131885.7,2024-09-17 12:00:00
1726588800000,4.712,4.726,4.599,4.635,90209.98,2024-09-17 16:00:00
1726603200000,4.635,4.68,4.628,4.652,35662.57,2024-09-17 20:00:00
1726617600000,4.653,4.713,4.613,4.682,88582.27,2024-09-18 00:00:00
1726632000000,4.682,4.693,4.622,4.633,41493.7,2024-09-18 04:00:00
1726646400000,4.631,4.638,4.516,4.573,78650.14,2024-09-18 08:00:00
1726660800000,4.573,4.584,4.473,4.481,62854.08,2024-09-18 12:00:00
1726675200000,4.48,4.67,4.459,4.585,95991.82,2024-09-18 16:00:00
1726689600000,4.585,4.754,4.545,4.75,60078.55,2024-09-18 20:00:00
1726704000000,4.754,4.865,4.754,4.819,89335.33,2024-09-19 00:00:00
1726718400000,4.821,4.906,4.789,4.881,224032.04,2024-09-19 04:00:00
1726732800000,4.883,4.896,4.831,4.878,37557.52,2024-09-19 08:00:00
1726747200000,4.879,4.944,4.857,4.927,88259.24,2024-09-19 12:00:00
1726761600000,4.926,4.982,4.9,4.911,61224.2,2024-09-19 16:00:00
1726776000000,4.916,4.943,4.88,4.908,45659.58,2024-09-19 20:00:00
1726790400000,4.908,5.056,4.848,5.017,114508.78,2024-09-20 00:00:00
1726804800000,5.014,5.095,4.994,5.034,182974.23,2024-09-20 04:00:00
1726819200000,5.034,5.053,4.947,4.963,118584.03,2024-09-20 08:00:00
1726833600000,4.963,4.981,4.882,4.931,356848.82,2024-09-20 12:00:00
1726848000000,4.934,4.94,4.857,4.894,42603.94,2024-09-20 16:00:00
1726862400000,4.895,4.965,4.891,4.96,54180.41,2024-09-20 20:00:00
1726876800000,4.963,5.0,4.933,4.98,75122.31,2024-09-21 00:00:00
1726891200000,4.98,5.0,4.935,4.981,45940.09,2024-09-21 04:00:00
1726905600000,4.98,5.027,4.98,5.018,49119.47,2024-09-21 08:00:00
1726920000000,5.02,5.1,5.017,5.086,101558.66,2024-09-21 12:00:00
1726934400000,5.09,5.118,5.073,5.079,85033.13,2024-09-21 16:00:00
1726948800000,5.079,5.13,5.049,5.123,44674.94,2024-09-21 20:00:00
1726963200000,5.121,5.137,5.01,5.044,53044.02,2024-09-22 00:00:00
1726977600000,5.045,5.059,4.977,5.01,44133.81,2024-09-22 04:00:00
1726992000000,5.01,5.038,4.931,4.959,72476.63,2024-09-22 08:00:00
1727006400000,4.961,4.973,4.807,4.86,295560.04,2024-09-22 12:00:00
1727020800000,4.858,4.912,4.841,4.898,114915.71,2024-09-22 16:00:00
1727035200000,4.902,4.939,4.782,4.895,81914.26,2024-09-22 20:00:00
1727049600000,4.895,5.016,4.785,4.974,238418.06,2024-09-23 00:00:00
1727064000000,4.98,5.018,4.927,4.952,93090.18,2024-09-23 04:00:00
1727078400000,4.952,4.975,4.897,4.956,122636.03,2024-09-23 08:00:00
1727092800000,4.957,5.02,4.933,4.998,112204.62,2024-09-23 12:00:00
1727107200000,4.997,5.055,4.969,5.028,67286.53,2024-09-23 16:00:00
1727121600000,5.028,5.06,5.011,5.046,92645.79,2024-09-23 20:00:00
1727136000000,5.048,5.079,4.98,5.009,100491.17,2024-09-24 00:00:00
1727150400000,5.01,5.19,4.992,5.128,224335.07,2024-09-24 04:00:00
1727164800000,5.129,5.167,5.071,5.143,103344.21,2024-09-24 08:00:00
1727179200000,5.14,5.158,5.019,5.045,161899.37,2024-09-24 12:00:00
1727193600000,5.045,5.15,5.037,5.145,97431.49,2024-09-24 16:00:00
1727208000000,5.142,5.184,5.105,5.162,72266.59,2024-09-24 20:00:00
1727222400000,5.164,5.216,5.124,5.187,76827.29,2024-09-25 00:00:00
1727236800000,5.186,5.198,5.075,5.12,58577.85,2024-09-25 04:00:00
1727251200000,5.119,5.174,5.073,5.172,77443.05,2024-09-25 08:00:00
1727265600000,5.171,5.266,5.144,5.189,153582.9,2024-09-25 12:00:00
1727280000000,5.187,5.214,5.13,5.17,59606.89,2024-09-25 16:00:00
1727294400000,5.169,5.24,5.131,5.162,60561.77,2024-09-25 20:00:00
1727308800000,5.163,5.219,5.074,5.217,68745.81,2024-09-26 00:00:00
1727323200000,5.216,5.31,5.19,5.301,147468.93,2024-09-26 04:00:00
1727337600000,5.301,5.342,5.26,5.292,185844.97,2024-09-26 08:00:00
1727352000000,5.293,5.396,5.268,5.363,189403.15,2024-09-26 12:00:00
1727366400000,5.363,5.399,5.307,5.311,99613.69,2024-09-26 16:00:00
1727380800000,5.307,5.346,5.269,5.327,56259.17,2024-09-26 20:00:00
1727395200000,5.327,5.36,5.275,5.359,80274.21,2024-09-27 00:00:00
1727409600000,5.358,5.467,5.356,5.397,147247.42,2024-09-27 04:00:00
1727424000000,5.4,5.449,5.327,5.357,87649.36,2024-09-27 08:00:00
1727438400000,5.357,5.464,5.335,5.407,137022.82,2024-09-27 12:00:00
1727452800000,5.41,5.449,5.361,5.405,95036.43,2024-09-27 16:00:00
1727467200000,5.405,5.433,5.386,5.417,62872.42,2024-09-27 20:00:00
1727481600000,5.416,5.523,5.414,5.459,91514.39,2024-09-28 00:00:00
1727496000000,5.461,5.478,5.339,5.342,73422.03,2024-09-28 04:00:00
1727510400000,5.342,5.368,5.244,5.36,76550.33,2024-09-28 08:00:00
1727524800000,5.362,5.391,5.308,5.36,171454.68,2024-09-28 12:00:00
1727539200000,5.361,5.398,5.324,5.385,86835.39,2024-09-28 16:00:00
1727553600000,5.386,5.417,5.309,5.399,47660.78,2024-09-28 20:00:00
1727568000000,5.402,5.413,5.336,5.387,29137.57,2024-09-29 00:00:00
1727582400000,5.387,5.389,5.264,5.276,37719.7,2024-09-29 04:00:00
1727596800000,5.279,5.363,5.264,5.348,62714.64,2024-09-29 08:00:00
1727611200000,5.351,5.415,5.271,5.406,120109.72,2024-09-29 12:00:00
1727625600000,5.404,5.479,5.4,5.476,70481.27,2024-09-29 16:00:00
1727640000000,5.476,5.511,5.398,5.51,117074.7,2024-09-29 20:00:00
1727654400000,5.511,5.546,5.27,5.319,292261.53,2024-09-30 00:00:00
1727668800000,5.32,5.329,5.189,5.32,311559.1,2024-09-30 04:00:00
1727683200000,5.318,5.318,5.136,5.183,151456.38,2024-09-30 08:00:00
1727697600000,5.183,5.292,5.091,5.094,329003.4,2024-09-30 12:00:00
1727712000000,5.094,5.141,5.079,5.105,93451.83,2024-09-30 16:00:00
1727726400000,5.108,5.142,4.993,5.05,125536.78,2024-09-30 20:00:00
1727740800000,5.049,5.154,4.984,5.143,270556.19,2024-10-01 00:00:00
1727755200000,5.141,5.194,5.11,5.176,141193.03,2024-10-01 04:00:00
1727769600000,5.175,5.195,5.152,5.158,70024.3,2024-10-01 08:00:00
1727784000000,5.158,5.167,4.781,4.925,295717.68,2024-10-01 12:00:00
1727798400000,4.924,4.949,4.59,4.724,297798.2,2024-10-01 16:00:00
1727812800000,4.725,4.729,4.633,4.695,170678.69,2024-10-01 20:00:00
1727827200000,4.692,4.792,4.662,4.787,91587.54,2024-10-02 00:00:00
1727841600000,4.787,4.839,4.746,4.817,88138.79,2024-10-02 04:00:00
1727856000000,4.817,4.82,4.624,4.669,119597.74,2024-10-02 08:00:00
1727870400000,4.667,4.694,4.593,4.688,101113.53,2024-10-02 12:00:00
1727884800000,4.687,4.742,4.491,4.539,157795.08,2024-10-02 16:00:00
1727899200000,4.54,4.608,4.517,4.573,65759.74,2024-10-02 20:00:00
1727913600000,4.571,4.652,4.525,4.652,70260.15,2024-10-03 00:00:00
1727928000000,4.649,4.665,4.549,4.557,43734.32,2024-10-03 04:00:00
1727942400000,4.559,4.576,4.434,4.493,170328.25,2024-10-03 08:00:00
1727956800000,4.491,4.506,4.368,4.477,297432.43,2024-10-03 12:00:00
1727971200000,4.477,4.521,4.39,4.516,83110.98,2024-10-03 16:00:00
1727985600000,4.521,4.527,4.458,4.503,45687.0,2024-10-03 20:00:00
1728000000000,4.504,4.629,4.479,4.559,282453.54,2024-10-04 00:00:00
1728014400000,4.56,4.633,4.557,4.624,51241.5,2024-10-04 04:00:00
1728028800000,4.623,4.681,4.577,4.613,50905.19,2024-10-04 08:00:00
1728043200000,4.615,4.643,4.521,4.643,237933.33,2024-10-04 12:00:00
1728057600000,4.644,4.692,4.628,4.683,64574.35,2024-10-04 16:00:00
1728072000000,4.683,4.69,4.647,4.664,25584.54,2024-10-04 20:00:00
1728086400000,4.666,4.697,4.621,4.634,29295.98,2024-10-05 00:00:00
1728100800000,4.631,4.666,4.621,4.633,57405.61,2024-10-05 04:00:00
1728115200000,4.634,4.73,4.586,4.6,298574.64,2024-10-05 08:00:00
1728129600000,4.601,4.655,4.594,4.632,196788.18,2024-10-05 12:00:00
1728144000000,4.631,4.632,4.555,4.569,55928.34,2024-10-05 16:00:00
1728158400000,4.567,4.609,4.531,4.605,25233.19,2024-10-05 20:00:00
1728172800000,4.605,4.658,4.589,4.592,24282.02,2024-10-06 00:00:00
1728187200000,4.595,4.616,4.579,4.614,36116.02,2024-10-06 04:00:00
1728201600000,4.613,4.646,4.597,4.638,45722.08,2024-10-06 08:00:00
1728216000000,4.637,4.7,4.633,4.7,47748.93,2024-10-06 12:00:00
1728230400000,4.7,4.713,4.65,4.655,49397.02,2024-10-06 16:00:00
1728244800000,4.654,4.693,4.638,4.688,48013.16,2024-10-06 20:00:00
1728259200000,4.688,4.797,4.676,4.762,89809.94,2024-10-07 00:00:00
1728273600000,4.762,4.782,4.748,4.759,37346.96,2024-10-07 04:00:00
1728288000000,4.758,4.774,4.625,4.685,96083.17,2024-10-07 08:00:00
1728302400000,4.685,4.815,4.652,4.761,205743.33,2024-10-07 12:00:00
1728316800000,4.759,4.8,4.67,4.729,76709.72,2024-10-07 16:00:00
1728331200000,4.734,4.743,4.629,4.637,78310.87,2024-10-07 20:00:00
1728345600000,4.638,4.693,4.63,4.667,120362.43,2024-10-08 00:00:00
1728360000000,4.67,4.691,4.565,4.604,69016.18,2024-10-08 04:00:00
1728374400000,4.603,4.684,4.586,4.68,327043.76,2024-10-08 08:00:00
1728388800000,4.681,4.684,4.56,4.601,293096.42,2024-10-08 12:00:00
1728403200000,4.597,4.638,4.532,4.582,312259.27,2024-10-08 16:00:00
1728417600000,4.584,4.619,4.547,4.595,139442.56,2024-10-08 20:00:00
1728432000000,4.593,4.635,4.571,4.6,36044.64,2024-10-09 00:00:00
1728446400000,4.602,4.631,4.584,4.596,36240.83,2024-10-09 04:00:00
1728460800000,4.595,4.602,4.568,4.592,39380.46,2024-10-09 08:00:00
1728475200000,4.591,4.598,4.494,4.55,227954.12,2024-10-09 12:00:00
1728489600000,4.551,4.553,4.445,4.458,181242.97,2024-10-09 16:00:00
1728504000000,4.453,4.465,4.396,4.45,95551.24,2024-10-09 20:00:00
1728518400000,4.45,4.488,4.423,4.475,32957.02,2024-10-10 00:00:00
1728532800000,4.476,4.508,4.467,4.47,50071.38,2024-10-10 04:00:00
1728547200000,4.468,4.482,4.404,4.478,52182.69,2024-10-10 08:00:00
1728561600000,4.476,4.479,4.395,4.442,123676.19,2024-10-10 12:00:00
1728576000000,4.442,4.46,4.326,4.413,113871.14,2024-10-10 16:00:00
1728590400000,4.412,4.458,4.405,4.454,36915.97,2024-10-10 20:00:00
1728604800000,4.454,4.514,4.434,4.5,36260.02,2024-10-11 00:00:00
1728619200000,4.501,4.512,4.474,4.5,38772.09,2024-10-11 04:00:00
1728633600000,4.498,4.538,4.491,4.525,45905.97,2024-10-11 08:00:00
1728648000000,4.525,4.642,4.505,4.605,376281.67,2024-10-11 12:00:00
1728662400000,4.602,4.691,4.584,4.662,99996.58,2024-10-11 16:00:00
1728676800000,4.665,4.693,4.647,4.667,61087.76,2024-10-11 20:00:00
1728691200000,4.667,4.686,4.637,4.651,75545.26,2024-10-12 00:00:00
1728705600000,4.651,4.732,4.647,4.727,122299.62,2024-10-12 04:00:00
1728720000000,4.726,4.784,4.722,4.748,67655.31,2024-10-12 08:00:00
1728734400000,4.746,4.791,4.726,4.753,126034.4,2024-10-12 12:00:00
1728748800000,4.755,4.778,4.728,4.742,52757.17,2024-10-12 16:00:00
1728763200000,4.742,4.783,4.738,4.762,29641.15,2024-10-12 20:00:00
1728777600000,4.762,4.762,4.695,4.726,59056.11,2024-10-13 00:00:00
1728792000000,4.726,4.78,4.718,4.748,214517.4,2024-10-13 04:00:00
1728806400000,4.748,4.776,4.68,4.681,475917.84,2024-10-13 08:00:00
1728820800000,4.68,4.717,4.575,4.589,422250.3,2024-10-13 12:00:00
1728835200000,4.588,4.639,4.545,4.592,282968.32,2024-10-13 16:00:00
1728849600000,4.592,4.683,4.58,4.675,58467.26,2024-10-13 20:00:00
1728864000000,4.674,4.762,4.606,4.756,87886.99,2024-10-14 00:00:00
1728878400000,4.759,4.769,4.686,4.75,93315.02,2024-10-14 04:00:00
1728892800000,4.752,4.799,4.713,4.794,98397.63,2024-10-14 08:00:00
1728907200000,4.799,4.878,4.76,4.87,228906.04,2024-10-14 12:00:00
1728921600000,4.871,4.896,4.845,4.862,106339.89,2024-10-14 16:00:00
1728936000000,4.862,4.927,4.859,4.898,93280.27,2024-10-14 20:00:00
1728950400000,4.898,4.922,4.836,4.852,108614.26,2024-10-15 00:00:00
1728964800000,4.851,4.9,4.816,4.866,118293.66,2024-10-15 04:00:00
1728979200000,4.865,4.913,4.753,4.779,149204.17,2024-10-15 08:00:00
1728993600000,4.777,4.951,4.643,4.743,382514.96,2024-10-15 12:00:00
1729008000000,4.749,4.878,4.742,4.827,199555.33,2024-10-15 16:00:00
1729022400000,4.825,4.846,4.746,4.846,88628.79,2024-10-15 20:00:00
1729036800000,4.845,4.875,4.769,4.834,56162.04,2024-10-16 00:00:00
1729051200000,4.837,4.849,4.732,4.754,66444.14,2024-10-16 04:00:00
1729065600000,4.754,4.844,4.744,4.819,86981.51,2024-10-16 08:00:00
1729080000000,4.818,4.839,4.731,4.756,103878.28,2024-10-16 12:00:00
1729094400000,4.754,4.77,4.713,4.735,65235.17,2024-10-16 16:00:00
1729108800000,4.734,4.789,4.73,4.743,86727.01,2024-10-16 20:00:00
1729123200000,4.744,4.795,4.73,4.773,64879.77,2024-10-17 00:00:00
1729137600000,4.773,4.777,4.647,4.666,71988.98,2024-10-17 04:00:00
1729152000000,4.665,4.702,4.572,4.576,123311.53,2024-10-17 08:00:00
1729166400000,4.574,4.647,4.561,4.627,114198.02,2024-10-17 12:00:00
1729180800000,4.628,4.632,4.53,4.596,85002.32,2024-10-17 16:00:00
1729195200000,4.599,4.623,4.591,4.607,41025.54,2024-10-17 20:00:00
1729209600000,4.606,4.68,4.583,4.643,69668.61,2024-10-18 00:00:00
1729224000000,4.642,4.689,4.627,4.65,43101.3,2024-10-18 04:00:00
1729238400000,4.645,4.658,4.627,4.632,46441.07,2024-10-18 08:00:00
1729252800000,4.632,4.675,4.605,4.663,96755.16,2024-10-18 12:00:00
1729267200000,4.664,4.728,4.641,4.695,131720.92,2024-10-18 16:00:00
1729281600000,4.697,4.859,4.683,4.859,243089.81,2024-10-18 20:00:00
1729296000000,4.858,5.376,4.858,5.231,1963858.01,2024-10-19 00:00:00
1729310400000,5.234,5.451,5.196,5.222,893746.01,2024-10-19 04:00:00
1729324800000,5.224,5.258,5.047,5.068,409541.19,2024-10-19 08:00:00
1729339200000,5.067,5.17,5.054,5.13,341039.28,2024-10-19 12:00:00
1729353600000,5.129,5.16,5.076,5.115,409712.52,2024-10-19 16:00:00
1729368000000,5.114,5.144,5.082,5.105,184210.86,2024-10-19 20:00:00
1729382400000,5.104,5.267,5.103,5.164,461291.24,2024-10-20 00:00:00
1729396800000,5.166,5.279,5.128,5.23,590728.16,2024-10-20 04:00:00
1729411200000,5.23,5.33,5.221,5.262,623932.42,2024-10-20 08:00:00
1729425600000,5.263,5.298,5.153,5.192,1046534.32,2024-10-20 12:00:00
1729440000000,5.193,5.232,5.15,5.171,1407743.4,2024-10-20 16:00:00
1729454400000,5.171,5.204,5.149,5.194,154999.68,2024-10-20 20:00:00
1729468800000,5.195,5.267,5.165,5.249,240375.88,2024-10-21 00:00:00
1729483200000,5.249,5.363,5.222,5.318,349293.07,2024-10-21 04:00:00
1729497600000,5.321,5.481,5.274,5.349,606682.44,2024-10-21 08:00:00
1729512000000,5.352,5.55,5.221,5.334,1124610.13,2024-10-21 12:00:00
1729526400000,5.334,5.367,5.246,5.342,265399.62,2024-10-21 16:00:00
1729540800000,5.341,5.355,5.289,5.289,102676.83,2024-10-21 20:00:00
1729555200000,5.289,5.326,5.146,5.219,253474.17,2024-10-22 00:00:00
1729569600000,5.222,5.29,5.19,5.201,196164.71,2024-10-22 04:00:00
1729584000000,5.202,5.211,5.078,5.104,394666.43,2024-10-22 08:00:00
1729598400000,5.1,5.177,5.056,5.143,192167.41,2024-10-22 12:00:00
1729612800000,5.142,5.224,5.069,5.202,189864.47,2024-10-22 16:00:00
1729627200000,5.197,5.458,5.194,5.383,403867.32,2024-10-22 20:00:00
1729641600000,5.385,5.409,5.224,5.255,323095.78,2024-10-23 00:00:00
1729656000000,5.255,5.308,5.117,5.141,489192.07,2024-10-23 04:00:00
1729670400000,5.139,5.207,5.076,5.112,1069123.91,2024-10-23 08:00:00
1729684800000,5.112,5.171,4.977,4.984,768093.2,2024-10-23 12:00:00
1729699200000,4.983,5.006,4.879,5.002,260364.62,2024-10-23 16:00:00
1729713600000,5.002,5.032,4.976,5.007,135242.67,2024-10-23 20:00:00
1729728000000,5.008,5.088,4.971,5.054,115276.5,2024-10-24 00:00:00
1729742400000,5.054,5.071,4.976,4.981,75500.56,2024-10-24 04:00:00
1729756800000,4.978,4.996,4.87,4.935,137822.26,2024-10-24 08:00:00
1729771200000,4.937,4.989,4.883,4.959,249767.04,2024-10-24 12:00:00
1729785600000,4.963,5.003,4.945,5.003,515657.89,2024-10-24 16:00:00
1729800000000,5.004,5.053,4.969,4.979,68483.89,2024-10-24 20:00:00
1729814400000,4.98,4.995,4.89,4.894,115215.84,2024-10-25 00:00:00
1729828800000,4.895,4.895,4.788,4.83,131808.09,2024-10-25 04:00:00
1729843200000,4.828,4.908,4.802,4.894,158927.18,2024-10-25 08:00:00
1729857600000,4.894,4.976,4.856,4.907,145911.75,2024-10-25 12:00:00
1729872000000,4.906,4.941,4.762,4.873,261493.9,2024-10-25 16:00:00
1729886400000,4.873,4.941,4.461,4.636,350129.7,2024-10-25 20:00:00
1729900800000,4.639,4.7,4.534,4.678,243027.11,2024-10-26 00:00:00
1729915200000,4.677,4.694,4.653,4.664,68318.0,2024-10-26 04:00:00
1729929600000,4.664,4.697,4.649,4.69,79878.94,2024-10-26 08:00:00
1729944000000,4.688,4.701,4.571,4.612,104633.22,2024-10-26 12:00:00
1729958400000,4.611,4.664,4.583,4.652,52082.89,2024-10-26 16:00:00
1729972800000,4.652,4.703,4.646,4.653,63295.62,2024-10-26 20:00:00
1729987200000,4.654,4.814,4.65,4.808,223745.05,2024-10-27 00:00:00
1730001600000,4.809,4.874,4.763,4.805,364041.15,2024-10-27 04:00:00
1730016000000,4.805,4.823,4.717,4.723,95062.62,2024-10-27 08:00:00
1730030400000,4.721,4.83,4.72,4.82,80755.93,2024-10-27 12:00:00
1730044800000,4.82,4.875,4.8,4.813,143703.74,2024-10-27 16:00:00
1730059200000,4.816,4.895,4.798,4.83,153976.51,2024-10-27 20:00:00
1730073600000,4.831,4.865,4.738,4.749,130056.72,2024-10-28 00:00:00
1730088000000,4.747,4.84,4.701,4.804,68748.39,2024-10-28 04:00:00
1730102400000,4.806,4.833,4.763,4.768,84231.98,2024-10-28 08:00:00
1730116800000,4.77,4.791,4.685,4.7,122364.95,2024-10-28 12:00:00
1730131200000,4.699,4.778,4.645,4.748,128185.39,2024-10-28 16:00:00
1730145600000,4.748,4.89,4.746,4.871,104930.85,2024-10-28 20:00:00
1730160000000,4.873,4.961,4.835,4.929,179198.91,2024-10-29 00:00:00
1730174400000,4.93,4.949,4.879,4.887,83205.83,2024-10-29 04:00:00
1730188800000,4.889,4.923,4.883,4.901,126081.58,2024-10-29 08:00:00
1730203200000,4.899,4.964,4.886,4.96,137758.71,2024-10-29 12:00:00
1730217600000,4.96,5.086,4.956,4.983,276803.09,2024-10-29 16:00:00
1730232000000,4.984,5.049,4.921,5.049,118869.4,2024-10-29 20:00:00
1730246400000,5.048,5.066,4.996,5.047,151905.68,2024-10-30 00:00:00
1730260800000,5.048,5.078,5.023,5.025,101048.27,2024-10-30 04:00:00
1730275200000,5.025,5.061,4.958,4.958,72410.42,2024-10-30 08:00:00
1730289600000,4.959,5.032,4.928,4.961,115373.0,2024-10-30 12:00:00
1730304000000,4.951,4.985,4.889,4.965,198119.54,2024-10-30 16:00:00
1730318400000,4.968,5.095,4.946,5.075,294954.49,2024-10-30 20:00:00
1730332800000,5.074,5.111,4.931,4.969,491660.02,2024-10-31 00:00:00
1730347200000,4.968,4.974,4.918,4.939,81863.16,2024-10-31 04:00:00
1730361600000,4.938,4.96,4.894,4.938,123477.31,2024-10-31 08:00:00
1730376000000,4.937,4.945,4.792,4.817,429004.13,2024-10-31 12:00:00
1730390400000,4.817,4.829,4.707,4.726,117207.93,2024-10-31 16:00:00
1730404800000,4.726,4.779,4.693,4.767,81295.92,2024-10-31 20:00:00
1730419200000,4.766,4.78,4.658,4.722,76539.2,2024-11-01 00:00:00
1730433600000,4.723,4.757,4.647,4.705,106939.55,2024-11-01 04:00:00
1730448000000,4.703,4.797,4.701,4.788,183518.75,2024-11-01 08:00:00
1730462400000,4.791,4.815,4.597,4.636,612244.1,2024-11-01 12:00:00
1730476800000,4.637,4.726,4.625,4.67,114685.42,2024-11-01 16:00:00
1730491200000,4.673,4.695,4.612,4.678,120826.11,2024-11-01 20:00:00
1730505600000,4.677,4.716,4.657,4.66,45440.2,2024-11-02 00:00:00
1730520000000,4.661,4.676,4.637,4.656,41074.37,2024-11-02 04:00:00
1730534400000,4.656,4.663,4.622,4.636,53973.65,2024-11-02 08:00:00
1730548800000,4.633,4.638,4.548,4.587,123402.97,2024-11-02 12:00:00
1730563200000,4.587,4.626,4.56,4.6,47035.86,2024-11-02 16:00:00
1730577600000,4.6,4.613,4.576,4.599,23935.38,2024-11-02 20:00:00
1730592000000,4.6,4.618,4.429,4.507,162659.43,2024-11-03 00:00:00
1730606400000,4.504,4.605,4.484,4.501,195099.52,2024-11-03 04:00:00
1730620800000,4.502,4.524,4.435,4.439,97536.19,2024-11-03 08:00:00
1730635200000,4.44,4.462,4.319,4.394,203436.87,2024-11-03 12:00:00
1730649600000,4.392,4.438,4.339,4.426,121991.35,2024-11-03 16:00:00
1730664000000,4.426,4.5,4.417,4.472,77575.27,2024-11-03 20:00:00
1730678400000,4.471,4.549,4.423,4.505,54377.82,2024-11-04 00:00:00
1730692800000,4.507,4.533,4.44,4.454,60689.11,2024-11-04 04:00:00
1730707200000,4.454,4.508,4.422,4.49,83664.35,2024-11-04 08:00:00
1730721600000,4.486,4.53,4.447,4.46,74870.87,2024-11-04 12:00:00
1730736000000,4.459,4.607,4.362,4.499,517426.89,2024-11-04 16:00:00
1730750400000,4.498,4.51,4.269,4.329,761585.52,2024-11-04 20:00:00
1730764800000,4.329,4.365,4.302,4.334,130016.1,2024-11-05 00:00:00
1730779200000,4.336,4.391,4.335,4.38,67987.45,2024-11-05 04:00:00
1730793600000,4.381,4.401,4.349,4.376,94109.86,2024-11-05 08:00:00
1730808000000,4.379,4.52,4.352,4.479,205667.67,2024-11-05 12:00:00
1730822400000,4.48,4.565,4.415,4.435,167037.72,2024-11-05 16:00:00
1730836800000,4.432,4.487,4.418,4.457,90932.01,2024-11-05 20:00:00
1730851200000,4.457,4.781,4.457,4.772,386338.75,2024-11-06 00:00:00
1730865600000,4.772,4.846,4.722,4.774,387459.59,2024-11-06 04:00:00
1730880000000,4.775,4.823,4.686,4.809,218597.66,2024-11-06 08:00:00
1730894400000,4.807,4.821,4.72,4.774,177718.23,2024-11-06 12:00:00
1730908800000,4.776,4.797,4.746,4.794,179868.31,2024-11-06 16:00:00
1730923200000,4.794,4.905,4.782,4.869,285022.33,2024-11-06 20:00:00
1730937600000,4.869,5.068,4.868,4.955,438029.77,2024-11-07 00:00:00
1730952000000,4.954,5.005,4.846,4.905,241268.8,2024-11-07 04:00:00
1730966400000,4.905,4.972,4.882,4.904,393864.75,2024-11-07 08:00:00
1730980800000,4.904,4.979,4.843,4.973,435482.06,2024-11-07 12:00:00
1730995200000,4.973,5.004,4.937,4.98,117004.06,2024-11-07 16:00:00
1731009600000,4.98,5.011,4.94,4.978,171793.5,2024-11-07 20:00:00
1731024000000,4.979,5.053,4.911,4.953,153107.4,2024-11-08 00:00:00
1731038400000,4.953,5.033,4.945,5.006,105503.08,2024-11-08 04:00:00
1731052800000,5.005,5.162,4.941,5.148,308802.21,2024-11-08 08:00:00
1731067200000,5.149,5.193,5.076,5.172,271625.74,2024-11-08 12:00:00
1731081600000,5.171,5.226,5.055,5.185,267173.87,2024-11-08 16:00:00
1731096000000,5.186,5.188,5.096,5.179,112724.22,2024-11-08 20:00:00
1731110400000,5.178,5.184,5.037,5.046,167088.18,2024-11-09 00:00:00
1731124800000,5.044,5.156,5.044,5.137,231600.92,2024-11-09 04:00:00
1731139200000,5.139,5.173,5.094,5.134,134563.08,2024-11-09 08:00:00
1731153600000,5.133,5.161,5.048,5.097,212376.08,2024-11-09 12:00:00
1731168000000,5.1,5.12,5.008,5.097,109803.45,2024-11-09 16:00:00
1731182400000,5.098,5.311,5.095,5.305,217802.56,2024-11-09 20:00:00
1731196800000,5.305,5.32,5.201,5.312,264235.82,2024-11-10 00:00:00
1731211200000,5.309,5.478,5.284,5.387,683854.46,2024-11-10 04:00:00
1731225600000,5.387,5.711,5.346,5.673,414047.5,2024-11-10 08:00:00
1731240000000,5.674,5.728,5.516,5.647,822286.53,2024-11-10 12:00:00
1731254400000,5.649,5.757,5.478,5.544,576010.76,2024-11-10 16:00:00
1731268800000,5.545,5.568,5.23,5.512,425587.61,2024-11-10 20:00:00
1731283200000,5.512,5.678,5.473,5.638,271014.96,2024-11-11 00:00:00
1731297600000,5.638,5.641,5.339,5.421,402342.9,2024-11-11 04:00:00
1731312000000,5.419,5.537,5.395,5.522,382306.56,2024-11-11 08:00:00
1731326400000,5.522,5.566,5.375,5.517,451811.06,2024-11-11 12:00:00
1731340800000,5.517,5.7,5.506,5.623,278128.33,2024-11-11 16:00:00
1731355200000,5.62,5.849,5.61,5.824,528323.53,2024-11-11 20:00:00
1731369600000,5.825,5.884,5.613,5.884,461134.41,2024-11-12 00:00:00
1731384000000,5.88,5.88,5.63,5.798,419848.39,2024-11-12 04:00:00
1731398400000,5.798,5.976,5.302,5.487,1377442.27,2024-11-12 08:00:00
1731412800000,5.485,5.58,5.295,5.338,636288.06,2024-11-12 12:00:00
1731427200000,5.34,5.546,5.246,5.442,371076.23,2024-11-12 16:00:00
1731441600000,5.443,5.551,5.353,5.478,266280.04,2024-11-12 20:00:00
1731456000000,5.476,5.554,5.198,5.201,393290.19,2024-11-13 00:00:00
1731470400000,5.2,5.278,5.006,5.122,409460.11,2024-11-13 04:00:00
1731484800000,5.12,5.159,5.022,5.122,326006.05,2024-11-13 08:00:00
1731499200000,5.12,5.459,5.069,5.403,632476.74,2024-11-13 12:00:00
1731513600000,5.404,5.449,5.234,5.249,678061.35,2024-11-13 16:00:00
1731528000000,5.248,5.432,5.177,5.411,615319.21,2024-11-13 20:00:00
1731542400000,5.412,5.67,5.224,5.325,462119.59,2024-11-14 00:00:00
1731556800000,5.325,5.521,5.298,5.445,326881.77,2024-11-14 04:00:00
1731571200000,5.447,5.495,5.213,5.28,361450.91,2024-11-14 08:00:00
1731585600000,5.28,5.313,5.043,5.065,357652.14,2024-11-14 12:00:00
1731600000000,5.066,5.201,5.029,5.148,185589.84,2024-11-14 16:00:00
1731614400000,5.148,5.164,4.922,4.994,356225.52,2024-11-14 20:00:00
1731628800000,4.996,5.024,4.875,4.967,478217.55,2024-11-15 00:00:00
1731643200000,4.969,4.976,4.811,4.922,906284.18,2024-11-15 04:00:00
1731657600000,4.921,5.062,4.883,5.04,459799.14,2024-11-15 08:00:00
1731672000000,5.039,5.165,4.958,5.011,406156.47,2024-11-15 12:00:00
1731686400000,5.012,5.178,4.971,5.151,242828.52,2024-11-15 16:00:00
1731700800000,5.152,5.3,5.152,5.274,333535.56,2024-11-15 20:00:00
1731715200000,5.274,5.363,5.228,5.36,262944.18,2024-11-16 00:00:00
1731729600000,5.359,5.388,5.295,5.362,198481.69,2024-11-16 04:00:00
1731744000000,5.363,5.807,5.344,5.774,735171.33,2024-11-16 08:00:00
1731758400000,5.778,5.885,5.6,5.66,977406.45,2024-11-16 12:00:00
1731772800000,5.659,5.835,5.612,5.798,375816.68,2024-11-16 16:00:00
1731787200000,5.798,6.24,5.74,6.11,1240450.28,2024-11-16 20:00:00
1731801600000,6.111,6.125,5.627,5.737,642297.77,2024-11-17 00:00:00
1731816000000,5.731,5.798,5.661,5.726,255095.7,2024-11-17 04:00:00
1731830400000,5.728,5.796,5.605,5.606,313243.48,2024-11-17 08:00:00
1731844800000,5.607,5.715,5.587,5.616,222475.95,2024-11-17 12:00:00
1731859200000,5.617,5.652,5.457,5.495,326471.34,2024-11-17 16:00:00
1731873600000,5.495,5.536,5.392,5.495,344152.75,2024-11-17 20:00:00
1731888000000,5.495,5.707,5.467,5.705,363661.45,2024-11-18 00:00:00
1731902400000,5.703,5.727,5.647,5.718,476740.64,2024-11-18 04:00:00
1731916800000,5.719,5.765,5.602,5.642,283330.12,2024-11-18 08:00:00
1731931200000,5.642,5.804,5.537,5.783,251453.28,2024-11-18 12:00:00
1731945600000,5.785,6.216,5.748,5.862,1127225.03,2024-11-18 16:00:00
1731960000000,5.862,5.993,5.82,5.945,494173.03,2024-11-18 20:00:00
1731974400000,5.944,5.991,5.839,5.89,255267.38,2024-11-19 00:00:00
1731988800000,5.894,5.934,5.767,5.867,204813.75,2024-11-19 04:00:00
1732003200000,5.869,5.872,5.726,5.824,184551.9,2024-11-19 08:00:00
1732017600000,5.825,5.887,5.694,5.767,230762.51,2024-11-19 12:00:00
1732032000000,5.77,5.837,5.754,5.786,233930.26,2024-11-19 16:00:00
1732046400000,5.786,5.806,5.583,5.767,152371.79,2024-11-19 20:00:00
1732060800000,5.766,5.766,5.473,5.557,156775.52,2024-11-20 00:00:00
1732075200000,5.557,5.65,5.509,5.6,160350.28,2024-11-20 04:00:00
1732089600000,5.599,5.712,5.585,5.646,213255.81,2024-11-20 08:00:00
1732104000000,5.647,5.782,5.565,5.697,197296.91,2024-11-20 12:00:00
1732118400000,5.697,5.707,5.373,5.42,320511.28,2024-11-20 16:00:00
1732132800000,5.42,5.588,5.379,5.523,166348.47,2024-11-20 20:00:00
1732147200000,5.524,5.603,5.343,5.46,272024.78,2024-11-21 00:00:00
1732161600000,5.459,5.754,5.458,5.649,500686.19,2024-11-21 04:00:00
1732176000000,5.646,5.68,5.526,5.677,108133.72,2024-11-21 08:00:00
1732190400000,5.676,5.862,5.622,5.716,343612.08,2024-11-21 12:00:00
1732204800000,5.72,5.813,5.72,5.79,181855.02,2024-11-21 16:00:00
1732219200000,5.791,5.819,5.737,5.784,128065.33,2024-11-21 20:00:00
1732233600000,5.783,5.911,5.7,5.836,438428.95,2024-11-22 00:00:00
1732248000000,5.838,5.91,5.811,5.822,221068.68,2024-11-22 04:00:00
1732262400000,5.824,5.898,5.765,5.892,229688.96,2024-11-22 08:00:00
1732276800000,5.891,5.955,5.657,5.901,438056.48,2024-11-22 12:00:00
1732291200000,5.903,6.042,5.837,5.943,355606.57,2024-11-22 16:00:00
1732305600000,5.941,6.344,5.928,6.341,687035.11,2024-11-22 20:00:00
1732320000000,6.34,6.62,6.208,6.431,960118.43,2024-11-23 00:00:00
1732334400000,6.432,6.649,6.312,6.641,461845.35,2024-11-23 04:00:00
1732348800000,6.639,6.687,6.491,6.576,453251.43,2024-11-23 08:00:00
1732363200000,6.576,6.921,6.552,6.894,789992.53,2024-11-23 12:00:00
1732377600000,6.897,7.05,6.525,6.889,945914.46,2024-11-23 16:00:00
1732392000000,6.891,6.949,6.644,6.886,336632.11,2024-11-23 20:00:00
1732406400000,6.886,8.332,6.796,8.102,1939571.34,2024-11-24 00:00:00
1732420800000,8.097,8.935,7.883,8.233,3700938.51,2024-11-24 04:00:00
1732435200000,8.236,8.539,7.549,7.554,2316802.3,2024-11-24 08:00:00
1732449600000,7.554,7.818,7.176,7.189,1486938.54,2024-11-24 12:00:00
1732464000000,7.188,7.434,7.155,7.342,819861.25,2024-11-24 16:00:00
1732478400000,7.337,8.45,7.309,8.342,1753153.37,2024-11-24 20:00:00
1732492800000,8.342,8.738,7.626,8.223,2444097.8,2024-11-25 00:00:00
1732507200000,8.223,8.278,7.935,8.075,1096502.91,2024-11-25 04:00:00
1732521600000,8.08,8.303,7.971,8.004,734826.05,2024-11-25 08:00:00
1732536000000,8.003,8.129,7.539,7.775,906156.73,2024-11-25 12:00:00
1732550400000,7.777,7.835,7.521,7.684,455893.59,2024-11-25 16:00:00
1732564800000,7.68,7.788,7.355,7.531,463482.3,2024-11-25 20:00:00
1732579200000,7.531,7.64,7.439,7.518,406245.54,2024-11-26 00:00:00
1732593600000,7.512,7.664,7.366,7.428,304407.6,2024-11-26 04:00:00
1732608000000,7.431,7.441,6.868,7.065,907871.41,2024-11-26 08:00:00
1732622400000,7.062,7.264,6.968,7.083,446323.65,2024-11-26 12:00:00
1732636800000,7.086,7.305,6.957,7.142,222474.21,2024-11-26 16:00:00
1732651200000,7.141,7.27,7.1,7.263,233762.74,2024-11-26 20:00:00
1732665600000,7.262,7.296,7.062,7.194,397593.72,2024-11-27 00:00:00
1732680000000,7.196,7.505,7.191,7.487,241911.69,2024-11-27 04:00:00
1732694400000,7.485,7.528,7.274,7.469,378411.76,2024-11-27 08:00:00
1732708800000,7.466,7.683,7.297,7.665,371235.61,2024-11-27 12:00:00
1732723200000,7.666,7.774,7.584,7.726,263460.06,2024-11-27 16:00:00
1732737600000,7.726,7.794,7.644,7.713,261623.06,2024-11-27 20:00:00
1732752000000,7.711,7.711,7.441,7.515,310480.91,2024-11-28 00:00:00
1732766400000,7.518,7.646,7.496,7.56,101967.45,2024-11-28 04:00:00
1732780800000,7.559,7.613,7.42,7.526,134977.73,2024-11-28 08:00:00
1732795200000,7.523,7.554,7.331,7.35,196446.78,2024-11-28 12:00:00
1732809600000,7.352,7.742,7.352,7.742,249888.98,2024-11-28 16:00:00
1732824000000,7.743,7.847,7.628,7.837,169124.38,2024-11-28 20:00:00
1732838400000,7.835,8.127,7.729,7.822,714900.3,2024-11-29 00:00:00
1732852800000,7.825,7.844,7.617,7.617,165256.42,2024-11-29 04:00:00
1732867200000,7.616,7.953,7.616,7.926,188298.71,2024-11-29 08:00:00
1732881600000,7.927,8.066,7.853,7.982,363019.18,2024-11-29 12:00:00
1732896000000,7.984,8.038,7.905,7.974,229613.1,2024-11-29 16:00:00
1732910400000,7.976,8.173,7.974,8.128,188037.0,2024-11-29 20:00:00
1732924800000,8.128,8.142,7.905,7.99,277406.6,2024-11-30 00:00:00
1732939200000,7.991,8.163,7.961,8.123,222289.93,2024-11-30 04:00:00
1732953600000,8.123,8.237,7.942,8.028,365711.92,2024-11-30 08:00:00
1732968000000,8.029,8.31,8.002,8.214,338152.9,2024-11-30 12:00:00
1732982400000,8.212,8.343,8.107,8.332,182812.11,2024-11-30 16:00:00
1732996800000,8.332,8.395,8.143,8.181,209469.28,2024-11-30 20:00:00
1733011200000,8.181,8.249,7.863,7.999,317306.88,2024-12-01 00:00:00
1733025600000,7.997,8.052,7.943,8.016,187727.44,2024-12-01 04:00:00
1733040000000,8.015,8.188,7.942,8.137,259539.92,2024-12-01 08:00:00
1733054400000,8.135,8.462,8.117,8.306,451300.41,2024-12-01 12:00:00
1733068800000,8.307,8.345,8.136,8.186,267235.69,2024-12-01 16:00:00
1733083200000,8.184,8.33,8.064,8.257,239340.06,2024-12-01 20:00:00
1733097600000,8.26,8.485,8.106,8.147,441692.68,2024-12-02 00:00:00
1733112000000,8.142,8.325,8.007,8.179,430984.1,2024-12-02 04:00:00
1733126400000,8.173,8.198,7.618,7.698,610592.92,2024-12-02 08:00:00
1733140800000,7.695,8.2,7.667,8.195,439376.88,2024-12-02 12:00:00
1733155200000,8.195,8.903,8.03,8.886,1398343.8,2024-12-02 16:00:00
1733169600000,8.886,9.391,8.81,9.253,1324447.14,2024-12-02 20:00:00
1733184000000,9.251,9.881,9.213,9.394,1558132.5,2024-12-03 00:00:00
1733198400000,9.393,9.779,9.24,9.311,751380.35,2024-12-03 04:00:00
1733212800000,9.311,9.465,9.16,9.327,1261880.91,2024-12-03 08:00:00
1733227200000,9.325,9.408,8.313,8.708,1646180.19,2024-12-03 12:00:00
1733241600000,8.708,8.937,8.539,8.871,671583.02,2024-12-03 16:00:00
1733256000000,8.87,9.547,8.839,9.458,753432.92,2024-12-03 20:00:00
1733270400000,9.459,9.469,9.094,9.344,658558.45,2024-12-04 00:00:00
1733284800000,9.344,9.579,9.288,9.573,553466.4,2024-12-04 04:00:00
1733299200000,9.571,10.125,9.452,9.969,970554.72,2024-12-04 08:00:00
1733313600000,9.965,10.353,9.765,9.965,1899548.38,2024-12-04 12:00:00
1733328000000,9.968,10.042,9.308,9.926,1264537.44,2024-12-04 16:00:00
1733342400000,9.927,9.965,9.413,9.563,617771.97,2024-12-04 20:00:00
1733356800000,9.561,9.6,8.975,9.109,886200.63,2024-12-05 00:00:00
1733371200000,9.106,9.506,9.057,9.408,492097.67,2024-12-05 04:00:00
1733385600000,9.409,9.548,9.212,9.517,1089204.07,2024-12-05 08:00:00
1733400000000,9.519,9.525,9.229,9.397,486345.69,2024-12-05 12:00:00
1733414400000,9.399,9.548,9.237,9.266,360172.99,2024-12-05 16:00:00
1733428800000,9.266,9.537,8.881,9.087,550766.81,2024-12-05 20:00:00
1733443200000,9.091,9.46,9.074,9.328,483885.66,2024-12-06 00:00:00
1733457600000,9.325,9.526,9.309,9.327,282524.12,2024-12-06 04:00:00
1733472000000,9.324,9.438,8.975,9.063,372944.97,2024-12-06 08:00:00
1733486400000,9.06,9.345,8.807,9.269,465397.76,2024-12-06 12:00:00
1733500800000,9.269,9.559,9.244,9.542,306054.36,2024-12-06 16:00:00
1733515200000,9.543,9.674,9.407,9.521,433784.81,2024-12-06 20:00:00
1733529600000,9.523,9.605,9.363,9.439,308541.45,2024-12-07 00:00:00
1733544000000,9.438,9.568,9.26,9.312,310318.8,2024-12-07 04:00:00
1733558400000,9.312,9.457,9.213,9.382,282202.15,2024-12-07 08:00:00
1733572800000,9.387,9.474,9.334,9.419,195912.4,2024-12-07 12:00:00
1733587200000,9.419,9.457,9.2,9.291,165082.41,2024-12-07 16:00:00
1733601600000,9.291,9.394,9.278,9.317,152351.95,2024-12-07 20:00:00
1733616000000,9.32,9.494,9.257,9.289,222521.24,2024-12-08 00:00:00
1733630400000,9.287,9.319,9.011,9.219,560581.43,2024-12-08 04:00:00
1733644800000,9.22,9.23,8.926,9.192,849926.93,2024-12-08 08:00:00
1733659200000,9.192,9.393,9.099,9.325,210942.12,2024-12-08 12:00:00
1733673600000,9.328,9.358,9.206,9.348,174974.74,2024-12-08 16:00:00
1733688000000,9.353,9.493,9.253,9.451,183554.62,2024-12-08 20:00:00
1733702400000,9.453,9.453,8.881,8.99,421238.07,2024-12-09 00:00:00
1733716800000,8.993,9.078,8.703,8.853,357779.52,2024-12-09 04:00:00
1733731200000,8.848,8.848,8.43,8.456,584302.11,2024-12-09 08:00:00
1733745600000,8.456,8.834,8.32,8.546,673164.01,2024-12-09 12:00:00
1733760000000,8.536,8.638,8.408,8.419,193745.97,2024-12-09 16:00:00
1733774400000,8.422,8.446,6.752,7.634,2176888.38,2024-12-09 20:00:00
1733788800000,7.634,7.743,6.964,7.273,791018.82,2024-12-10 00:00:00
1733803200000,7.276,7.532,7.085,7.465,478047.39,2024-12-10 04:00:00
1733817600000,7.466,7.74,7.373,7.595,668211.31,2024-12-10 08:00:00
1733832000000,7.6,7.615,6.911,6.925,927657.9,2024-12-10 12:00:00
1733846400000,6.925,7.109,6.577,7.094,1671386.21,2024-12-10 16:00:00
1733860800000,7.094,7.439,7.032,7.363,494290.12,2024-12-10 20:00:00
1733875200000,7.363,7.429,7.042,7.373,463361.4,2024-12-11 00:00:00
1733889600000,7.377,7.417,7.262,7.269,220442.08,2024-12-11 04:00:00
1733904000000,7.272,7.61,7.26,7.536,286199.0,2024-12-11 08:00:00
1733918400000,7.533,8.019,7.533,7.919,605910.74,2024-12-11 12:00:00
1733932800000,7.919,7.997,7.762,7.916,526020.4,2024-12-11 16:00:00
1733947200000,7.917,8.046,7.884,7.983,409593.5,2024-12-11 20:00:00
1733961600000,7.983,8.265,7.89,8.125,655054.33,2024-12-12 00:00:00
1733976000000,8.127,8.326,8.11,8.134,1130513.92,2024-12-12 04:00:00
1733990400000,8.133,8.266,7.884,7.962,246959.31,2024-12-12 08:00:00
1734004800000,7.967,8.179,7.957,8.09,372886.66,2024-12-12 12:00:00
1734019200000,8.09,8.201,7.823,7.843,348697.16,2024-12-12 16:00:00
1734033600000,7.839,8.034,7.793,7.945,339162.68,2024-12-12 20:00:00
1734048000000,7.944,8.018,7.705,7.926,384865.06,2024-12-13 00:00:00
1734062400000,7.932,7.963,7.684,7.794,216042.2,2024-12-13 04:00:00
1734076800000,7.793,7.975,7.698,7.855,227794.2,2024-12-13 08:00:00
1734091200000,7.855,7.954,7.694,7.701,223758.42,2024-12-13 12:00:00
1734105600000,7.7,7.909,7.675,7.839,164000.62,2024-12-13 16:00:00
1734120000000,7.842,7.971,7.77,7.933,94005.55,2024-12-13 20:00:00
1734134400000,7.933,8.06,7.838,7.874,299962.94,2024-12-14 00:00:00
1734148800000,7.872,7.94,7.817,7.856,109811.04,2024-12-14 04:00:00
1734163200000,7.858,7.946,7.745,7.796,468804.31,2024-12-14 08:00:00
1734177600000,7.795,7.804,7.484,7.618,405659.07,2024-12-14 12:00:00
1734192000000,7.617,7.644,7.416,7.514,186386.62,2024-12-14 16:00:00
1734206400000,7.511,7.65,7.4,7.525,519178.95,2024-12-14 20:00:00
1734220800000,7.528,7.602,7.406,7.447,145264.08,2024-12-15 00:00:00
1734235200000,7.447,7.589,7.312,7.372,110671.81,2024-12-15 04:00:00
1734249600000,7.371,7.602,7.366,7.554,86971.75,2024-12-15 08:00:00
1734264000000,7.556,7.902,7.54,7.753,286478.7,2024-12-15 12:00:00
1734278400000,7.762,7.805,7.651,7.666,168877.71,2024-12-15 16:00:00
1734292800000,7.669,7.813,7.425,7.781,250622.25,2024-12-15 20:00:00
1734307200000,7.788,7.966,7.581,7.633,258267.25,2024-12-16 00:00:00
1734321600000,7.636,7.703,7.535,7.59,202270.68,2024-12-16 04:00:00
1734336000000,7.591,7.598,7.295,7.311,250770.35,2024-12-16 08:00:00
1734350400000,7.314,7.556,7.284,7.509,775562.46,2024-12-16 12:00:00
1734364800000,7.507,7.775,7.451,7.67,452584.74,2024-12-16 16:00:00
1734379200000,7.676,7.751,7.54,7.59,618946.21,2024-12-16 20:00:00
1734393600000,7.59,7.605,7.389,7.549,446022.49,2024-12-17 00:00:00
1734408000000,7.551,7.551,7.39,7.444,114128.0,2024-12-17 04:00:00
1734422400000,7.444,7.688,7.42,7.645,373005.62,2024-12-17 08:00:00
1734436800000,7.647,7.718,7.317,7.361,337812.79,2024-12-17 12:00:00
1734451200000,7.363,7.59,7.286,7.437,243421.42,2024-12-17 16:00:00
1734465600000,7.439,7.493,7.156,7.26,215092.11,2024-12-17 20:00:00
1734480000000,7.263,7.32,7.095,7.098,210024.98,2024-12-18 00:00:00
1734494400000,7.096,7.106,6.95,7.027,178154.03,2024-12-18 04:00:00
1734508800000,7.026,7.203,6.973,7.183,185066.22,2024-12-18 08:00:00
1734523200000,7.182,7.189,6.971,7.018,193381.53,2024-12-18 12:00:00
1734537600000,7.018,7.239,6.91,6.91,242122.98,2024-12-18 16:00:00
1734552000000,6.908,6.964,6.512,6.591,652637.48,2024-12-18 20:00:00
1734566400000,6.59,6.657,6.183,6.599,589449.3,2024-12-19 00:00:00
1734580800000,6.598,6.664,6.533,6.647,193001.7,2024-12-19 04:00:00
1734595200000,6.646,6.775,6.533,6.683,255435.04,2024-12-19 08:00:00
1734609600000,6.685,6.705,6.389,6.51,401331.65,2024-12-19 12:00:00
1734624000000,6.504,6.556,5.899,6.017,847064.8,2024-12-19 16:00:00
1734638400000,6.02,6.241,5.838,6.03,1338031.38,2024-12-19 20:00:00
1734652800000,6.031,6.309,5.951,6.166,246847.13,2024-12-20 00:00:00
1734667200000,6.168,6.22,5.925,6.063,265471.64,2024-12-20 04:00:00
1734681600000,6.064,6.067,5.281,5.299,1735902.23,2024-12-20 08:00:00
1734696000000,5.303,6.001,5.285,5.959,1261593.89,2024-12-20 12:00:00
1734710400000,5.961,6.261,5.923,6.203,317706.14,2024-12-20 16:00:00
1734724800000,6.204,6.445,6.093,6.404,461466.53,2024-12-20 20:00:00
1734739200000,6.403,6.54,6.381,6.445,252290.91,2024-12-21 00:00:00
1734753600000,6.444,6.767,6.444,6.709,244006.98,2024-12-21 04:00:00
1734768000000,6.71,6.727,6.519,6.6,324721.85,2024-12-21 08:00:00
1734782400000,6.598,6.6,6.163,6.321,412488.45,2024-12-21 12:00:00
1734796800000,6.322,6.326,6.063,6.152,211194.55,2024-12-21 16:00:00
1734811200000,6.154,6.245,6.061,6.154,141563.31,2024-12-21 20:00:00
1734825600000,6.162,6.23,6.025,6.145,128938.81,2024-12-22 00:00:00
1734840000000,6.147,6.202,5.96,6.111,284212.56,2024-12-22 04:00:00
1734854400000,6.109,6.262,6.108,6.162,704060.39,2024-12-22 08:00:00
1734868800000,6.164,6.227,5.945,6.024,1550975.43,2024-12-22 12:00:00
1734883200000,6.018,6.128,5.879,5.897,184961.89,2024-12-22 16:00:00
1734897600000,5.9,6.1,5.83,6.005,162308.08,2024-12-22 20:00:00
1734912000000,6.008,6.233,5.862,6.208,265549.07,2024-12-23 00:00:00
1734926400000,6.214,6.255,5.981,6.077,191408.38,2024-12-23 04:00:00
1734940800000,6.078,6.222,6.057,6.119,119784.26,2024-12-23 08:00:00
1734955200000,6.125,6.209,6.019,6.03,173742.75,2024-12-23 12:00:00
1734969600000,6.029,6.347,6.02,6.336,245982.1,2024-12-23 16:00:00
1734984000000,6.334,6.91,6.332,6.716,740574.73,2024-12-23 20:00:00
1734998400000,6.715,6.721,6.498,6.618,169220.13,2024-12-24 00:00:00
1735012800000,6.62,6.679,6.559,6.644,171436.07,2024-12-24 04:00:00
1735027200000,6.65,6.765,6.593,6.705,232837.36,2024-12-24 08:00:00
1735041600000,6.705,7.014,6.636,6.958,400876.91,2024-12-24 12:00:00
1735056000000,6.96,7.004,6.842,6.845,167326.55,2024-12-24 16:00:00
1735070400000,6.845,6.91,6.767,6.889,149455.88,2024-12-24 20:00:00
1735084800000,6.884,6.896,6.768,6.796,120425.74,2024-12-25 00:00:00
1735099200000,6.8,6.876,6.776,6.818,151191.44,2024-12-25 04:00:00
1735113600000,6.818,6.95,6.737,6.759,144000.14,2024-12-25 08:00:00
1735128000000,6.76,6.88,6.712,6.762,146214.89,2024-12-25 12:00:00
1735142400000,6.761,6.8,6.665,6.762,113504.6,2024-12-25 16:00:00
1735156800000,6.765,6.796,6.638,6.73,63742.07,2024-12-25 20:00:00
1735171200000,6.736,6.797,6.568,6.579,129123.04,2024-12-26 00:00:00
1735185600000,6.575,6.575,6.449,6.462,103221.9,2024-12-26 04:00:00
1735200000000,6.463,6.471,6.28,6.363,200661.8,2024-12-26 08:00:00
1735214400000,6.359,6.383,6.272,6.33,160024.35,2024-12-26 12:00:00
1735228800000,6.33,6.365,6.219,6.299,80240.65,2024-12-26 16:00:00
1735243200000,6.299,6.34,6.193,6.301,85605.77,2024-12-26 20:00:00
1735257600000,6.3,6.363,6.253,6.331,172713.32,2024-12-27 00:00:00
1735272000000,6.331,6.457,6.238,6.319,158073.83,2024-12-27 04:00:00
1735286400000,6.318,6.7,6.313,6.647,243805.78,2024-12-27 08:00:00
1735300800000,6.649,6.677,6.346,6.37,157845.33,2024-12-27 12:00:00
1735315200000,6.368,6.53,6.316,6.467,162892.79,2024-12-27 16:00:00
1735329600000,6.466,6.477,6.313,6.376,79735.74,2024-12-27 20:00:00
1735344000000,6.375,6.467,6.338,6.415,89448.96,2024-12-28 00:00:00
1735358400000,6.413,6.429,6.338,6.346,87353.61,2024-12-28 04:00:00
1735372800000,6.347,6.423,6.335,6.395,176597.12,2024-12-28 08:00:00
1735387200000,6.393,6.55,6.307,6.488,196616.97,2024-12-28 12:00:00
1735401600000,6.488,6.626,6.454,6.523,76093.93,2024-12-28 16:00:00
1735416000000,6.524,6.7,6.513,6.612,95438.62,2024-12-28 20:00:00
1735430400000,6.615,6.644,6.517,6.64,67795.35,2024-12-29 00:00:00
1735444800000,6.64,6.663,6.549,6.633,93576.9,2024-12-29 04:00:00
1735459200000,6.635,6.653,6.526,6.528,83521.12,2024-12-29 08:00:00
1735473600000,6.528,6.599,6.443,6.48,93633.48,2024-12-29 12:00:00
1735488000000,6.483,6.484,6.366,6.398,70159.77,2024-12-29 16:00:00
1735502400000,6.396,6.396,6.233,6.293,101217.37,2024-12-29 20:00:00
1735516800000,6.292,6.516,6.251,6.401,79923.47,2024-12-30 00:00:00
1735531200000,6.405,6.5,6.329,6.396,69658.58,2024-12-30 04:00:00
1735545600000,6.394,6.451,6.244,6.312,66140.19,2024-12-30 08:00:00
1735560000000,6.312,6.384,6.035,6.067,169638.46,2024-12-30 12:00:00
1735574400000,6.065,6.373,6.022,6.359,131103.76,2024-12-30 16:00:00
1735588800000,6.362,6.448,6.156,6.245,108376.1,2024-12-30 20:00:00
1735603200000,6.244,6.244,6.098,6.13,56918.29,2024-12-31 00:00:00
1735617600000,6.13,6.166,6.081,6.107,63281.7,2024-12-31 04:00:00
1735632000000,6.108,6.32,6.105,6.201,138316.13,2024-12-31 08:00:00
1735646400000,6.203,6.421,6.186,6.372,205167.3,2024-12-31 12:00:00
1735660800000,6.373,6.416,6.208,6.275,125294.96,2024-12-31 16:00:00
1735675200000,6.274,6.303,6.182,6.222,61432.28,2024-12-31 20:00:00
1735689600000,6.216,6.331,6.211,6.232,88109.37,2025-01-01 00:00:00
1735704000000,6.232,6.241,6.184,6.217,98464.95,2025-01-01 04:00:00
1735718400000,6.219,6.227,6.05,6.163,158192.65,2025-01-01 08:00:00
1735732800000,6.164,6.349,6.141,6.341,131767.35,2025-01-01 12:00:00
1735747200000,6.339,6.482,6.25,6.464,264510.59,2025-01-01 16:00:00
1735761600000,6.466,6.511,6.398,6.421,128244.22,2025-01-01 20:00:00
1735776000000,6.42,6.579,6.413,6.469,219522.93,2025-01-02 00:00:00
1735790400000,6.484,6.581,6.467,6.567,151515.67,2025-01-02 04:00:00
1735804800000,6.565,6.708,6.542,6.694,153047.85,2025-01-02 08:00:00
1735819200000,6.694,6.78,6.617,6.686,233966.79,2025-01-02 12:00:00
1735833600000,6.687,6.76,6.627,6.682,140927.54,2025-01-02 16:00:00
1735848000000,6.683,6.755,6.617,6.739,98335.59,2025-01-02 20:00:00
1735862400000,6.741,6.811,6.648,6.773,93856.64,2025-01-03 00:00:00
1735876800000,6.773,6.773,6.627,6.645,110870.25,2025-01-03 04:00:00
1735891200000,6.655,6.968,6.651,6.927,346246.89,2025-01-03 08:00:00
1735905600000,6.926,7.07,6.854,7.063,299058.4,2025-01-03 12:00:00
1735920000000,7.066,7.145,7.039,7.102,392317.54,2025-01-03 16:00:00
1735934400000,7.104,7.112,7.041,7.072,180014.34,2025-01-03 20:00:00
1735948800000,7.071,7.161,6.963,7.139,265821.99,2025-01-04 00:00:00
1735963200000,7.138,7.158,7.039,7.108,137195.48,2025-01-04 04:00:00
1735977600000,7.107,7.111,6.95,6.994,163838.22,2025-01-04 08:00:00
1735992000000,6.992,7.169,6.927,6.96,251328.77,2025-01-04 12:00:00
1736006400000,6.958,7.029,6.926,7.006,119456.65,2025-01-04 16:00:00
1736020800000,7.008,7.061,6.991,7.017,84584.4,2025-01-04 20:00:00
1736035200000,7.018,7.045,6.914,6.964,92037.04,2025-01-05 00:00:00
1736049600000,6.966,7.03,6.949,7.018,71174.38,2025-01-05 04:00:00
1736064000000,7.02,7.029,6.885,6.903,161472.64,2025-01-05 08:00:00
1736078400000,6.904,6.987,6.835,6.963,170381.11,2025-01-05 12:00:00
1736092800000,6.963,6.985,6.875,6.974,82870.97,2025-01-05 16:00:00
1736107200000,6.975,7.062,6.948,7.037,72101.18,2025-01-05 20:00:00
1736121600000,7.038,7.285,6.927,7.19,252435.76,2025-01-06 00:00:00
1736136000000,7.191,7.228,7.061,7.095,163808.55,2025-01-06 04:00:00
1736150400000,7.097,7.149,6.981,7.104,152596.74,2025-01-06 08:00:00
1736164800000,7.111,7.324,7.073,7.303,310684.14,2025-01-06 12:00:00
1736179200000,7.308,7.458,7.259,7.392,320756.82,2025-01-06 16:00:00
1736193600000,7.392,7.4,7.249,7.29,140723.38,2025-01-06 20:00:00
1736208000000,7.29,7.327,7.148,7.192,418707.77,2025-01-07 00:00:00
1736222400000,7.195,7.22,7.119,7.142,96387.76,2025-01-07 04:00:00
1736236800000,7.142,7.212,6.961,7.009,272639.88,2025-01-07 08:00:00
1736251200000,7.012,7.093,6.605,6.685,407697.62,2025-01-07 12:00:00
1736265600000,6.685,6.749,6.51,6.547,472249.85,2025-01-07 16:00:00
1736280000000,6.55,6.591,6.45,6.46,387745.88,2025-01-07 20:00:00
1736294400000,6.46,6.542,6.366,6.419,421345.81,2025-01-08 00:00:00
1736308800000,6.419,6.439,6.125,6.172,927434.39,2025-01-08 04:00:00
1736323200000,6.173,6.268,6.127,6.156,916791.1,2025-01-08 08:00:00
1736337600000,6.16,6.287,6.093,6.185,728490.95,2025-01-08 12:00:00
1736352000000,6.184,6.226,5.867,6.035,1680211.26,2025-01-08 16:00:00
1736366400000,6.036,6.223,6.001,6.194,173492.07,2025-01-08 20:00:00
1736380800000,6.191,6.32,6.15,6.284,207348.53,2025-01-09 00:00:00
1736395200000,6.286,6.347,6.108,6.125,204505.71,2025-01-09 04:00:00
1736409600000,6.127,6.307,6.1,6.287,216524.23,2025-01-09 08:00:00
1736424000000,6.286,6.326,6.028,6.265,352252.26,2025-01-09 12:00:00
1736438400000,6.262,6.304,6.06,6.067,206220.42,2025-01-09 16:00:00
1736452800000,6.067,6.206,5.988,6.186,154073.3,2025-01-09 20:00:00
1736467200000,6.19,6.216,6.076,6.17,88281.15,2025-01-10 00:00:00
1736481600000,6.169,6.317,6.13,6.277,117958.36,2025-01-10 04:00:00
1736496000000,6.281,6.322,6.237,6.293,116733.14,2025-01-10 08:00:00
1736510400000,6.288,6.35,6.101,6.244,372596.97,2025-01-10 12:00:00
1736524800000,6.246,6.404,6.141,6.384,206852.21,2025-01-10 16:00:00
1736539200000,6.376,6.396,6.285,6.34,47275.84,2025-01-10 20:00:00
1736553600000,6.338,6.376,6.247,6.256,64407.67,2025-01-11 00:00:00
1736568000000,6.258,6.288,6.22,6.237,55821.98,2025-01-11 04:00:00
1736582400000,6.236,6.304,6.185,6.275,58073.03,2025-01-11 08:00:00
1736596800000,6.275,6.284,6.2,6.205,101016.48,2025-01-11 12:00:00
1736611200000,6.205,6.233,6.171,6.217,54869.86,2025-01-11 16:00:00
1736625600000,6.215,6.407,6.209,6.283,142559.54,2025-01-11 20:00:00
1736640000000,6.285,6.362,6.206,6.231,573466.51,2025-01-12 00:00:00
1736654400000,6.23,6.301,6.131,6.195,185588.23,2025-01-12 04:00:00
1736668800000,6.195,6.21,6.101,6.16,89080.61,2025-01-12 08:00:00
1736683200000,6.157,6.242,6.127,6.223,74499.58,2025-01-12 12:00:00
1736697600000,6.223,6.259,6.137,6.19,238929.04,2025-01-12 16:00:00
1736712000000,6.191,6.206,6.063,6.154,75931.94,2025-01-12 20:00:00
1736726400000,6.152,6.328,5.984,6.024,200075.24,2025-01-13 00:00:00
1736740800000,6.021,6.125,5.921,5.966,124563.37,2025-01-13 04:00:00
1736755200000,5.967,5.972,5.693,5.693,254423.19,2025-01-13 08:00:00
1736769600000,5.695,5.936,5.58,5.886,278618.52,2025-01-13 12:00:00
1736784000000,5.883,5.906,5.733,5.823,151493.84,2025-01-13 16:00:00
1736798400000,5.823,6.107,5.78,6.045,143904.63,2025-01-13 20:00:00
1736812800000,6.044,6.092,6.002,6.033,75472.39,2025-01-14 00:00:00
1736827200000,6.031,6.104,6.022,6.029,89044.58,2025-01-14 04:00:00
1736841600000,6.029,6.212,6.029,6.169,355413.24,2025-01-14 08:00:00
1736856000000,6.169,6.212,6.088,6.163,142966.74,2025-01-14 12:00:00
1736870400000,6.156,6.246,6.101,6.2,201812.31,2025-01-14 16:00:00
1736884800000,6.206,6.312,6.173,6.245,237806.06,2025-01-14 20:00:00
1736899200000,6.246,6.279,6.169,6.228,160993.17,2025-01-15 00:00:00
1736913600000,6.227,6.301,6.165,6.276,95014.15,2025-01-15 04:00:00
1736928000000,6.274,6.323,6.116,6.158,113099.36,2025-01-15 08:00:00
1736942400000,6.16,6.533,6.118,6.488,340742.38,2025-01-15 12:00:00
1736956800000,6.495,6.53,6.405,6.519,153117.26,2025-01-15 16:00:00
1736971200000,6.518,6.574,6.477,6.565,209394.53,2025-01-15 20:00:00
1736985600000,6.563,6.586,6.41,6.464,151929.93,2025-01-16 00:00:00
1737000000000,6.471,6.519,6.445,6.453,172678.2,2025-01-16 04:00:00
1737014400000,6.454,6.475,6.321,6.454,207394.79,2025-01-16 08:00:00
1737028800000,6.454,6.617,6.275,6.464,330712.76,2025-01-16 12:00:00
1737043200000,6.461,6.559,6.452,6.532,133554.91,2025-01-16 16:00:00
1737057600000,6.533,6.552,6.361,6.407,94603.02,2025-01-16 20:00:00
1737072000000,6.411,6.615,6.411,6.565,154971.85,2025-01-17 00:00:00
1737086400000,6.564,6.754,6.538,6.626,224413.85,2025-01-17 04:00:00
1737100800000,6.628,6.753,6.591,6.681,374443.3,2025-01-17 08:00:00
1737115200000,6.68,6.727,6.6,6.662,163588.27,2025-01-17 12:00:00
1737129600000,6.663,6.715,6.615,6.664,106699.08,2025-01-17 16:00:00
1737144000000,6.659,6.792,6.652,6.735,120236.97,2025-01-17 20:00:00
1737158400000,6.736,6.807,6.496,6.53,135413.41,2025-01-18 00:00:00
1737172800000,6.525,6.55,6.257,6.288,234809.02,2025-01-18 04:00:00
1737187200000,6.287,6.328,6.193,6.319,232074.37,2025-01-18 08:00:00
1737201600000,6.311,6.378,6.248,6.286,181946.54,2025-01-18 12:00:00
1737216000000,6.289,6.307,6.161,6.24,172671.05,2025-01-18 16:00:00
1737230400000,6.244,6.302,6.172,6.288,80674.18,2025-01-18 20:00:00
1737244800000,6.285,6.511,6.267,6.338,349252.74,2025-01-19 00:00:00
1737259200000,6.34,6.34,6.1,6.143,208553.91,2025-01-19 04:00:00
1737273600000,6.135,6.135,5.814,5.847,452411.27,2025-01-19 08:00:00
1737288000000,5.85,6.372,5.84,6.304,456256.57,2025-01-19 12:00:00
1737302400000,6.303,6.395,6.249,6.377,200852.52,2025-01-19 16:00:00
1737316800000,6.38,6.418,5.686,5.807,649765.4,2025-01-19 20:00:00
1737331200000,5.807,5.875,5.61,5.806,617413.09,2025-01-20 00:00:00
1737345600000,5.8,6.349,5.746,6.184,709142.74,2025-01-20 04:00:00
1737360000000,6.183,6.264,6.081,6.165,221695.67,2025-01-20 08:00:00
1737374400000,6.165,6.177,5.925,6.022,421248.09,2025-01-20 12:00:00
1737388800000,6.036,6.141,5.737,6.01,553348.91,2025-01-20 16:00:00
1737403200000,6.002,6.025,5.847,5.948,95745.66,2025-01-20 20:00:00
1737417600000,5.941,5.963,5.773,5.833,253843.76,2025-01-21 00:00:00
1737432000000,5.833,5.833,5.678,5.797,425537.74,2025-01-21 04:00:00
1737446400000,5.794,5.993,5.742,5.985,247610.87,2025-01-21 08:00:00
1737460800000,5.982,6.076,5.938,6.014,164890.7,2025-01-21 12:00:00
1737475200000,6.014,6.243,5.998,6.171,165031.15,2025-01-21 16:00:00
1737489600000,6.17,6.182,6.046,6.113,185063.67,2025-01-21 20:00:00
1737504000000,6.111,6.144,6.025,6.106,126435.39,2025-01-22 00:00:00
1737518400000,6.109,6.155,6.048,6.055,90885.24,2025-01-22 04:00:00
1737532800000,6.057,6.099,5.981,6.085,113812.06,2025-01-22 08:00:00
1737547200000,6.089,6.111,5.963,6.004,141541.05,2025-01-22 12:00:00
1737561600000,6.005,6.074,5.952,5.986,91488.3,2025-01-22 16:00:00
1737576000000,5.993,6.036,5.908,5.921,71352.09,2025-01-22 20:00:00
1737590400000,5.924,5.94,5.801,5.846,82023.86,2025-01-23 00:00:00
1737604800000,5.851,5.87,5.786,5.869,83347.49,2025-01-23 04:00:00
1737619200000,5.87,5.899,5.774,5.827,104647.35,2025-01-23 08:00:00
1737633600000,5.826,5.925,5.723,5.904,776586.33,2025-01-23 12:00:00
1737648000000,5.905,5.999,5.756,5.772,674652.65,2025-01-23 16:00:00
1737662400000,5.768,5.959,5.732,5.892,210512.13,2025-01-23 20:00:00
1737676800000,5.895,5.92,5.696,5.779,105583.62,2025-01-24 00:00:00
1737691200000,5.772,6.014,5.749,5.942,650133.54,2025-01-24 04:00:00
1737705600000,5.943,6.062,5.921,6.001,1260989.48,2025-01-24 08:00:00
1737720000000,6.009,6.048,5.876,5.923,340805.59,2025-01-24 12:00:00
1737734400000,5.924,5.94,5.832,5.858,541578.32,2025-01-24 16:00:00
1737748800000,5.861,5.876,5.705,5.728,154624.23,2025-01-24 20:00:00
1737763200000,5.728,5.804,5.634,5.8,139051.52,2025-01-25 00:00:00
1737777600000,5.799,5.799,5.669,5.677,62100.75,2025-01-25 04:00:00
1737792000000,5.677,5.741,5.652,5.729,73951.65,2025-01-25 08:00:00
1737806400000,5.729,5.774,5.686,5.75,99333.26,2025-01-25 12:00:00
1737820800000,5.754,5.768,5.697,5.745,108801.58,2025-01-25 16:00:00
1737835200000,5.752,5.779,5.706,5.713,83850.22,2025-01-25 20:00:00
1737849600000,5.717,5.784,5.7,5.762,72623.89,2025-01-26 00:00:00
1737864000000,5.758,5.82,5.75,5.798,110662.84,2025-01-26 04:00:00
1737878400000,5.797,5.817,5.72,5.787,52650.56,2025-01-26 08:00:00
1737892800000,5.784,5.808,5.758,5.766,78454.65,2025-01-26 12:00:00
1737907200000,5.765,5.834,5.739,5.818,61115.57,2025-01-26 16:00:00
1737921600000,5.818,5.831,5.54,5.55,172178.61,2025-01-26 20:00:00
1737936000000,5.546,5.562,5.328,5.382,234649.26,2025-01-27 00:00:00
1737950400000,5.379,5.379,5.044,5.185,390654.94,2025-01-27 04:00:00
1737964800000,5.185,5.219,5.089,5.177,157855.31,2025-01-27 08:00:00
1737979200000,5.177,5.435,5.153,5.391,279706.9,2025-01-27 12:00:00
1737993600000,5.392,5.395,5.218,5.27,125659.15,2025-01-27 16:00:00
1738008000000,5.275,5.519,5.275,5.463,99386.68,2025-01-27 20:00:00
1738022400000,5.46,5.509,5.363,5.464,125657.62,2025-01-28 00:00:00
1738036800000,5.465,5.507,5.441,5.46,83442.82,2025-01-28 04:00:00
1738051200000,5.466,5.468,5.366,5.387,63922.6,2025-01-28 08:00:00
1738065600000,5.387,5.465,5.33,5.415,324408.3,2025-01-28 12:00:00
1738080000000,5.416,5.419,5.28,5.313,68965.25,2025-01-28 16:00:00
1738094400000,5.312,5.334,5.001,5.039,334784.84,2025-01-28 20:00:00
1738108800000,5.039,5.163,5.015,5.155,105999.45,2025-01-29 00:00:00
1738123200000,5.157,5.237,5.137,5.233,69981.05,2025-01-29 04:00:00
1738137600000,5.234,5.259,5.105,5.161,114633.17,2025-01-29 08:00:00
1738152000000,5.164,5.184,5.025,5.089,120929.78,2025-01-29 12:00:00
1738166400000,5.09,5.228,4.981,5.177,273948.73,2025-01-29 16:00:00
1738180800000,5.177,5.313,5.123,5.154,253846.65,2025-01-29 20:00:00
1738195200000,5.156,5.238,5.096,5.237,1838287.65,2025-01-30 00:00:00
1738209600000,5.237,5.351,5.213,5.283,147309.64,2025-01-30 04:00:00
1738224000000,5.279,5.447,5.256,5.392,153640.16,2025-01-30 08:00:00
1738238400000,5.395,5.53,5.343,5.494,166089.6,2025-01-30 12:00:00
1738252800000,5.496,5.553,5.448,5.507,156137.9,2025-01-30 16:00:00
1738267200000,5.508,5.521,5.445,5.451,67340.24,2025-01-30 20:00:00
1738281600000,5.452,5.475,5.355,5.384,80481.22,2025-01-31 00:00:00
1738296000000,5.383,5.519,5.356,5.468,76059.67,2025-01-31 04:00:00
1738310400000,5.467,5.564,5.4,5.555,158496.93,2025-01-31 08:00:00
1738324800000,5.555,5.679,5.531,5.665,168487.17,2025-01-31 12:00:00
1738339200000,5.664,5.684,5.436,5.46,138019.09,2025-01-31 16:00:00
1738353600000,5.452,5.458,5.361,5.421,122180.54,2025-01-31 20:00:00
1738368000000,5.421,5.488,5.377,5.427,52427.3,2025-02-01 00:00:00
1738382400000,5.434,5.479,5.391,5.403,41202.08,2025-02-01 04:00:00
1738396800000,5.402,5.41,5.261,5.334,101717.58,2025-02-01 08:00:00
1738411200000,5.326,5.351,5.226,5.267,131921.14,2025-02-01 12:00:00
1738425600000,5.267,5.289,5.115,5.13,92656.71,2025-02-01 16:00:00
1738440000000,5.13,5.131,4.966,5.0,157542.88,2025-02-01 20:00:00
1738454400000,5.0,5.106,4.828,4.835,297285.91,2025-02-02 00:00:00
1738468800000,4.833,4.964,4.815,4.907,358600.81,2025-02-02 04:00:00
1738483200000,4.903,4.99,4.785,4.803,517735.87,2025-02-02 08:00:00
1738497600000,4.803,4.875,4.724,4.786,258557.5,2025-02-02 12:00:00
1738512000000,4.787,4.788,4.321,4.491,758568.94,2025-02-02 16:00:00
1738526400000,4.491,4.537,4.092,4.335,581325.33,2025-02-02 20:00:00
1738540800000,4.337,4.337,3.248,3.751,1901046.59,2025-02-03 00:00:00
1738555200000,3.755,4.037,3.586,4.026,923503.85,2025-02-03 04:00:00
1738569600000,4.023,4.102,3.883,4.045,334293.83,2025-02-03 08:00:00
1738584000000,4.045,4.242,3.847,4.187,696000.85,2025-02-03 12:00:00
1738598400000,4.185,4.382,4.165,4.372,274428.62,2025-02-03 16:00:00
1738612800000,4.378,4.477,4.264,4.443,197852.26,2025-02-03 20:00:00
1738627200000,4.439,4.505,4.268,4.293,268308.84,2025-02-04 00:00:00
1738641600000,4.292,4.332,3.982,3.996,290621.92,2025-02-04 04:00:00
1738656000000,3.999,4.152,3.974,4.093,307324.88,2025-02-04 08:00:00
1738670400000,4.094,4.248,4.093,4.166,283226.25,2025-02-04 12:00:00
1738684800000,4.167,4.306,4.146,4.149,257399.43,2025-02-04 16:00:00
1738699200000,4.149,4.188,3.97,4.109,413802.08,2025-02-04 20:00:00
1738713600000,4.109,4.154,4.049,4.115,236438.99,2025-02-05 00:00:00
1738728000000,4.119,4.192,4.096,4.154,168882.25,2025-02-05 04:00:00
1738742400000,4.153,4.281,4.112,4.27,153209.0,2025-02-05 08:00:00
1738756800000,4.269,4.293,4.159,4.211,156635.96,2025-02-05 12:00:00
1738771200000,4.212,4.229,4.06,4.182,188204.71,2025-02-05 16:00:00
1738785600000,4.183,4.198,4.046,4.107,120552.88,2025-02-05 20:00:00
1738800000000,4.108,4.169,4.065,4.15,106491.13,2025-02-06 00:00:00
1738814400000,4.149,4.209,4.131,4.15,65682.35,2025-02-06 04:00:00
1738828800000,4.152,4.183,4.087,4.124,103971.35,2025-02-06 08:00:00
1738843200000,4.123,4.133,3.9,3.924,412259.39,2025-02-06 12:00:00
1738857600000,3.927,3.983,3.878,3.9,238895.41,2025-02-06 16:00:00
1738872000000,3.896,3.978,3.882,3.918,89138.38,2025-02-06 20:00:00
1738886400000,3.919,4.018,3.9,4.001,124350.19,2025-02-07 00:00:00
1738900800000,4.003,4.034,3.908,3.972,127865.67,2025-02-07 04:00:00
1738915200000,3.974,4.099,3.957,4.097,99193.13,2025-02-07 08:00:00
1738929600000,4.096,4.244,4.054,4.156,235024.76,2025-02-07 12:00:00
1738944000000,4.157,4.167,4.063,4.088,125869.87,2025-02-07 16:00:00
1738958400000,4.088,4.088,3.885,4.005,141717.88,2025-02-07 20:00:00
1738972800000,3.997,4.051,3.977,4.005,77706.41,2025-02-08 00:00:00
1738987200000,4.003,4.053,3.969,4.032,76393.37,2025-02-08 04:00:00
1739001600000,4.031,4.041,3.974,3.998,69899.49,2025-02-08 08:00:00
1739016000000,3.997,4.089,3.989,4.045,145870.6,2025-02-08 12:00:00
1739030400000,4.043,4.198,4.019,4.174,135308.38,2025-02-08 16:00:00
1739044800000,4.179,4.202,4.141,4.18,68759.84,2025-02-08 20:00:00
1739059200000,4.177,4.275,4.157,4.258,78395.34,2025-02-09 00:00:00
1739073600000,4.256,4.276,4.198,4.27,109448.25,2025-02-09 04:00:00
1739088000000,4.271,4.308,4.258,4.268,107073.38,2025-02-09 08:00:00
1739102400000,4.268,4.284,4.155,4.247,143794.64,2025-02-09 12:00:00
1739116800000,4.247,4.267,4.14,4.156,85604.87,2025-02-09 16:00:00
1739131200000,4.155,4.198,3.991,4.186,212685.47,2025-02-09 20:00:00
1739145600000,4.186,4.255,4.055,4.195,176764.06,2025-02-10 00:00:00
1739160000000,4.193,4.3,4.178,4.259,135104.04,2025-02-10 04:00:00
1739174400000,4.26,4.317,4.251,4.273,89664.43,2025-02-10 08:00:00
1739188800000,4.27,4.369,4.222,4.256,140543.09,2025-02-10 12:00:00
1739203200000,4.256,4.343,4.246,4.32,90509.31,2025-02-10 16:00:00
1739217600000,4.326,4.348,4.294,4.328,57766.5,2025-02-10 20:00:00
1739232000000,4.328,4.424,4.316,4.391,69547.67,2025-02-11 00:00:00
1739246400000,4.389,4.54,4.383,4.498,176072.72,2025-02-11 04:00:00
1739260800000,4.5,4.548,4.384,4.41,861748.88,2025-02-11 08:00:00
1739275200000,4.412,4.417,4.252,4.325,117952.89,2025-02-11 12:00:00
1739289600000,4.323,4.346,4.182,4.198,123654.06,2025-02-11 16:00:00
1739304000000,4.19,4.308,4.19,4.259,89268.43,2025-02-11 20:00:00
1739318400000,4.26,4.356,4.241,4.288,110659.25,2025-02-12 00:00:00
1739332800000,4.29,4.334,4.255,4.291,99029.13,2025-02-12 04:00:00
1739347200000,4.294,4.374,4.287,4.346,112761.89,2025-02-12 08:00:00
1739361600000,4.344,4.399,4.195,4.384,402014.65,2025-02-12 12:00:00
1739376000000,4.385,4.462,4.362,4.443,291437.31,2025-02-12 16:00:00
1739390400000,4.444,4.499,4.417,4.451,208501.63,2025-02-12 20:00:00
1739404800000,4.454,4.495,4.422,4.455,76043.97,2025-02-13 00:00:00
1739419200000,4.455,4.462,4.353,4.374,156591.32,2025-02-13 04:00:00
1739433600000,4.374,4.415,4.33,4.351,218220.23,2025-02-13 08:00:00
1739448000000,4.351,4.39,4.287,4.34,485111.18,2025-02-13 12:00:00
1739462400000,4.338,4.397,4.28,4.35,158010.11,2025-02-13 16:00:00
1739476800000,4.35,4.42,4.348,4.38,73731.4,2025-02-13 20:00:00
1739491200000,4.382,4.443,4.345,4.436,81117.72,2025-02-14 00:00:00
1739505600000,4.436,4.439,4.351,4.397,90758.07,2025-02-14 04:00:00
1739520000000,4.396,4.492,4.388,4.454,132310.65,2025-02-14 08:00:00
1739534400000,4.453,4.545,4.433,4.529,172262.86,2025-02-14 12:00:00
1739548800000,4.53,4.646,4.477,4.604,262811.34,2025-02-14 16:00:00
1739563200000,4.604,4.62,4.48,4.548,96281.18,2025-02-14 20:00:00
1739577600000,4.546,4.578,4.504,4.546,90636.82,2025-02-15 00:00:00
1739592000000,4.547,4.557,4.477,4.489,77651.46,2025-02-15 04:00:00
1739606400000,4.489,4.519,4.437,4.46,63181.85,2025-02-15 08:00:00
1739620800000,4.459,4.485,4.4,4.411,97004.75,2025-02-15 12:00:00
1739635200000,4.412,4.439,4.386,4.397,86557.36,2025-02-15 16:00:00
1739649600000,4.398,4.407,4.362,4.394,53388.04,2025-02-15 20:00:00
1739664000000,4.395,4.431,4.318,4.347,116222.4,2025-02-16 00:00:00
1739678400000,4.348,4.383,4.337,4.347,71455.67,2025-02-16 04:00:00
1739692800000,4.347,4.498,4.337,4.497,94432.96,2025-02-16 08:00:00
1739707200000,4.496,4.504,4.37,4.433,93091.36,2025-02-16 12:00:00
1739721600000,4.433,4.458,4.35,4.378,75349.48,2025-02-16 16:00:00
1739736000000,4.377,4.389,4.326,4.371,67686.0,2025-02-16 20:00:00
1739750400000,4.37,4.448,4.358,4.38,80822.89,2025-02-17 00:00:00
1739764800000,4.378,4.395,4.29,4.35,131547.02,2025-02-17 04:00:00
1739779200000,4.346,4.484,4.322,4.442,152049.66,2025-02-17 08:00:00
1739793600000,4.439,4.573,4.439,4.477,681577.98,2025-02-17 12:00:00
1739808000000,4.476,4.516,4.365,4.418,274786.45,2025-02-17 16:00:00
1739822400000,4.417,4.531,4.412,4.461,76105.24,2025-02-17 20:00:00
1739836800000,4.466,4.487,4.374,4.398,509044.64,2025-02-18 00:00:00
1739851200000,4.394,4.41,4.161,4.206,222179.18,2025-02-18 04:00:00
1739865600000,4.206,4.269,4.147,4.205,208915.81,2025-02-18 08:00:00
1739880000000,4.201,4.284,4.094,4.115,347504.33,2025-02-18 12:00:00
1739894400000,4.115,4.153,4.037,4.102,205889.72,2025-02-18 16:00:00
1739908800000,4.1,4.196,4.073,4.186,115539.99,2025-02-18 20:00:00
1739923200000,4.186,4.201,4.125,4.163,104111.79,2025-02-19 00:00:00
1739937600000,4.164,4.237,4.1,4.217,96273.55,2025-02-19 04:00:00
1739952000000,4.216,4.299,4.2,4.295,292171.24,2025-02-19 08:00:00
1739966400000,4.296,4.313,4.229,4.242,133785.42,2025-02-19 12:00:00
1739980800000,4.241,4.309,4.232,4.274,212340.35,2025-02-19 16:00:00
1739995200000,4.275,4.296,4.225,4.281,81524.28,2025-02-19 20:00:00
1740009600000,4.281,4.362,4.265,4.335,108533.78,2025-02-20 00:00:00
1740024000000,4.337,4.38,4.284,4.284,121560.8,2025-02-20 04:00:00
1740038400000,4.283,4.343,4.269,4.319,136200.53,2025-02-20 08:00:00
1740052800000,4.317,4.362,4.236,4.24,368941.59,2025-02-20 12:00:00
1740067200000,4.241,4.396,4.239,4.381,157042.38,2025-02-20 16:00:00
1740081600000,4.381,4.427,4.365,4.41,84547.23,2025-02-20 20:00:00
1740096000000,4.411,4.425,4.355,4.392,72095.68,2025-02-21 00:00:00
1740110400000,4.394,4.455,4.392,4.432,107692.39,2025-02-21 04:00:00
1740124800000,4.432,4.564,4.42,4.537,314680.38,2025-02-21 08:00:00
1740139200000,4.537,4.616,4.371,4.421,697111.41,2025-02-21 12:00:00
1740153600000,4.422,4.487,4.152,4.165,318085.66,2025-02-21 16:00:00
1740168000000,4.166,4.23,4.145,4.199,155499.26,2025-02-21 20:00:00
1740182400000,4.2,4.248,4.174,4.22,185875.88,2025-02-22 00:00:00
1740196800000,4.22,4.246,4.205,4.211,127553.38,2025-02-22 04:00:00
1740211200000,4.211,4.258,4.203,4.236,132669.99,2025-02-22 08:00:00
1740225600000,4.237,4.261,4.208,4.24,186475.13,2025-02-22 12:00:00
1740240000000,4.241,4.306,4.241,4.265,142682.08,2025-02-22 16:00:00
1740254400000,4.266,4.279,4.239,4.259,55864.96,2025-02-22 20:00:00
1740268800000,4.259,4.271,4.207,4.231,86320.16,2025-02-23 00:00:00
1740283200000,4.231,4.31,4.207,4.288,105256.67,2025-02-23 04:00:00
1740297600000,4.288,4.289,4.207,4.213,123233.17,2025-02-23 08:00:00
1740312000000,4.212,4.222,4.078,4.084,257101.78,2025-02-23 12:00:00
1740326400000,4.083,4.128,4.078,4.091,130906.83,2025-02-23 16:00:00
1740340800000,4.091,4.139,4.052,4.125,233372.13,2025-02-23 20:00:00
1740355200000,4.126,4.141,3.911,3.923,487801.21,2025-02-24 00:00:00
1740369600000,3.924,3.978,3.879,3.952,291216.68,2025-02-24 04:00:00
1740384000000,3.952,3.964,3.877,3.944,207903.9,2025-02-24 08:00:00
1740398400000,3.943,3.967,3.829,3.89,238972.62,2025-02-24 12:00:00
1740412800000,3.889,3.926,3.777,3.825,225650.43,2025-02-24 16:00:00
1740427200000,3.826,3.893,3.615,3.682,620384.91,2025-02-24 20:00:00
1740441600000,3.683,3.708,3.576,3.629,509651.42,2025-02-25 00:00:00
1740456000000,3.63,3.654,3.385,3.497,522455.99,2025-02-25 04:00:00
1740470400000,3.49,3.619,3.432,3.609,825310.81,2025-02-25 08:00:00
1740484800000,3.609,3.677,3.556,3.645,254309.5,2025-02-25 12:00:00
1740499200000,3.646,3.691,3.597,3.691,162924.98,2025-02-25 16:00:00
1740513600000,3.691,3.739,3.67,3.67,145655.86,2025-02-25 20:00:00
1740528000000,3.671,3.723,3.631,3.689,140895.01,2025-02-26 00:00:00
1740542400000,3.689,3.715,3.657,3.686,130843.6,2025-02-26 04:00:00
1740556800000,3.685,3.779,3.654,3.713,385116.26,2025-02-26 08:00:00
1740571200000,3.714,3.76,3.606,3.731,366236.95,2025-02-26 12:00:00
1740585600000,3.731,3.742,3.52,3.558,404901.36,2025-02-26 16:00:00
1740600000000,3.558,3.708,3.502,3.64,1054030.02,2025-02-26 20:00:00
1740614400000,3.64,3.697,3.59,3.684,202199.29,2025-02-27 00:00:00
1740628800000,3.685,3.765,3.662,3.746,113430.07,2025-02-27 04:00:00
1740643200000,3.744,3.804,3.74,3.767,137712.29,2025-02-27 08:00:00
1740657600000,3.768,3.787,3.681,3.719,223366.91,2025-02-27 12:00:00
1740672000000,3.718,3.743,3.644,3.653,112549.02,2025-02-27 16:00:00
1740686400000,3.656,3.668,3.567,3.66,166492.82,2025-02-27 20:00:00
1740700800000,3.661,3.672,3.372,3.379,625398.77,2025-02-28 00:00:00
1740715200000,3.379,3.408,3.326,3.369,379449.47,2025-02-28 04:00:00
1740729600000,3.368,3.501,3.325,3.47,243191.82,2025-02-28 08:00:00
1740744000000,3.47,3.71,3.457,3.695,416313.29,2025-02-28 12:00:00
1740758400000,3.694,3.78,3.678,3.766,168035.36,2025-02-28 16:00:00
1740772800000,3.766,3.784,3.725,3.756,115557.51,2025-02-28 20:00:00
1740787200000,3.756,3.777,3.705,3.744,116038.2,2025-03-01 00:00:00
1740801600000,3.743,3.786,3.694,3.705,94090.41,2025-03-01 04:00:00
1740816000000,3.706,3.729,3.627,3.636,97466.31,2025-03-01 08:00:00
1740830400000,3.638,3.663,3.607,3.651,88352.61,2025-03-01 12:00:00
1740844800000,3.65,3.692,3.637,3.676,52716.24,2025-03-01 16:00:00
1740859200000,3.675,3.748,3.662,3.723,67493.52,2025-03-01 20:00:00
1740873600000,3.723,3.739,3.684,3.72,51135.07,2025-03-02 00:00:00
1740888000000,3.72,3.745,3.69,3.698,95611.55,2025-03-02 04:00:00
1740902400000,3.698,3.747,3.679,3.719,56803.32,2025-03-02 08:00:00
1740916800000,3.719,3.852,3.63,3.772,314106.75,2025-03-02 12:00:00
1740931200000,3.774,4.024,3.764,3.992,891405.71,2025-03-02 16:00:00
1740945600000,3.991,4.004,3.952,3.973,162170.98,2025-03-02 20:00:00
1740960000000,3.973,3.997,3.811,3.839,210876.94,2025-03-03 00:00:00
1740974400000,3.841,3.874,3.682,3.762,177314.66,2025-03-03 04:00:00
1740988800000,3.754,3.765,3.653,3.738,430566.18,2025-03-03 08:00:00
1741003200000,3.737,3.79,3.64,3.712,485165.88,2025-03-03 12:00:00
1741017600000,3.713,3.743,3.45,3.463,478771.31,2025-03-03 16:00:00
1741032000000,3.464,3.502,3.394,3.451,277770.38,2025-03-03 20:00:00
1741046400000,3.452,3.492,3.206,3.322,2004204.25,2025-03-04 00:00:00
1741060800000,3.323,3.396,3.296,3.321,1302646.23,2025-03-04 04:00:00
1741075200000,3.321,3.36,3.289,3.334,231440.33,2025-03-04 08:00:00
1741089600000,3.332,3.437,3.242,3.341,734119.07,2025-03-04 12:00:00
1741104000000,3.342,3.441,3.182,3.424,409263.14,2025-03-04 16:00:00
1741118400000,3.426,3.497,3.385,3.439,186757.41,2025-03-04 20:00:00
1741132800000,3.44,3.453,3.361,3.361,211576.44,2025-03-05 00:00:00
1741147200000,3.361,3.428,3.352,3.425,125839.53,2025-03-05 04:00:00
1741161600000,3.424,3.545,3.416,3.495,210186.3,2025-03-05 08:00:00
1741176000000,3.496,3.529,3.418,3.439,248170.47,2025-03-05 12:00:00
1741190400000,3.439,3.557,3.414,3.554,218943.99,2025-03-05 16:00:00
1741204800000,3.556,3.617,3.556,3.591,265666.73,2025-03-05 20:00:00
1741219200000,3.591,3.645,3.56,3.638,130043.73,2025-03-06 00:00:00
1741233600000,3.639,3.706,3.597,3.61,133511.83,2025-03-06 04:00:00
1741248000000,3.61,3.666,3.598,3.648,105798.68,2025-03-06 08:00:00
1741262400000,3.649,3.65,3.5,3.596,316530.3,2025-03-06 12:00:00
1741276800000,3.596,3.606,3.468,3.49,136803.59,2025-03-06 16:00:00
1741291200000,3.491,3.567,3.485,3.525,90628.32,2025-03-06 20:00:00
1741305600000,3.525,3.574,3.335,3.494,459596.98,2025-03-07 00:00:00
1741320000000,3.495,3.593,3.483,3.59,171476.77,2025-03-07 04:00:00
1741334400000,3.589,3.654,3.554,3.6,236021.2,2025-03-07 08:00:00
1741348800000,3.6,3.647,3.537,3.579,286903.39,2025-03-07 12:00:00
1741363200000,3.579,3.638,3.491,3.604,217323.97,2025-03-07 16:00:00
1741377600000,3.601,3.617,3.489,3.522,467620.44,2025-03-07 20:00:00
1741392000000,3.523,3.552,3.468,3.531,69156.89,2025-03-08 00:00:00
1741406400000,3.53,3.561,3.477,3.483,65949.74,2025-03-08 04:00:00
1741420800000,3.482,3.501,3.414,3.428,416583.74,2025-03-08 08:00:00
1741435200000,3.427,3.479,3.415,3.45,116713.09,2025-03-08 12:00:00
1741449600000,3.448,3.484,3.394,3.46,632780.58,2025-03-08 16:00:00
1741464000000,3.46,3.469,3.386,3.414,195805.67,2025-03-08 20:00:00
1741478400000,3.415,3.441,3.354,3.367,126724.6,2025-03-09 00:00:00
1741492800000,3.368,3.389,3.339,3.365,52315.61,2025-03-09 04:00:00
1741507200000,3.365,3.366,3.277,3.303,103496.6,2025-03-09 08:00:00
1741521600000,3.302,3.318,3.208,3.216,216512.61,2025-03-09 12:00:00
1741536000000,3.216,3.247,3.064,3.12,293859.08,2025-03-09 16:00:00
1741550400000,3.119,3.154,3.036,3.08,512518.87,2025-03-09 20:00:00
1741564800000,3.081,3.146,3.032,3.097,208959.11,2025-03-10 00:00:00
1741579200000,3.096,3.16,3.094,3.147,100135.88,2025-03-10 04:00:00
1741593600000,3.148,3.258,3.095,3.227,555738.97,2025-03-10 08:00:00
1741608000000,3.228,3.262,3.078,3.135,258854.58,2025-03-10 12:00:00
1741622400000,3.135,3.148,2.856,2.94,811069.93,2025-03-10 16:00:00
1741636800000,2.939,2.943,2.851,2.86,656157.09,2025-03-10 20:00:00
1741651200000,2.862,2.918,2.694,2.879,966894.91,2025-03-11 00:00:00
1741665600000,2.878,2.971,2.864,2.945,295680.42,2025-03-11 04:00:00
1741680000000,2.946,2.999,2.931,2.982,214686.68,2025-03-11 08:00:00
1741694400000,2.984,3.05,2.883,3.001,659597.06,2025-03-11 12:00:00
1741708800000,2.994,3.142,2.984,3.132,241628.15,2025-03-11 16:00:00
1741723200000,3.131,3.144,3.086,3.093,108583.73,2025-03-11 20:00:00
1741737600000,3.094,3.139,3.043,3.047,192721.9,2025-03-12 00:00:00
1741752000000,3.045,3.134,3.024,3.121,176383.76,2025-03-12 04:00:00
1741766400000,3.122,3.227,3.103,3.222,224126.18,2025-03-12 08:00:00
1741780800000,3.221,3.302,3.062,3.117,408288.92,2025-03-12 12:00:00
1741795200000,3.116,3.207,3.107,3.179,126207.71,2025-03-12 16:00:00
1741809600000,3.18,3.209,3.161,3.188,188124.86,2025-03-12 20:00:00
1741824000000,3.19,3.206,3.146,3.15,81172.95,2025-03-13 00:00:00
1741838400000,3.149,3.159,3.101,3.111,157674.47,2025-03-13 04:00:00
1741852800000,3.111,3.187,3.09,3.168,159293.59,2025-03-13 08:00:00
1741867200000,3.17,3.231,3.113,3.12,297624.57,2025-03-13 12:00:00
1741881600000,3.12,3.127,3.033,3.081,122888.8,2025-03-13 16:00:00
1741896000000,3.08,3.202,3.063,3.172,161567.1,2025-03-13 20:00:00
1741910400000,3.171,3.216,3.156,3.19,74842.56,2025-03-14 00:00:00
1741924800000,3.191,3.206,3.17,3.187,67272.55,2025-03-14 04:00:00
1741939200000,3.19,3.23,3.189,3.225,97713.31,2025-03-14 08:00:00
1741953600000,3.223,3.29,3.195,3.246,218206.45,2025-03-14 12:00:00
1741968000000,3.247,3.263,3.225,3.236,84627.19,2025-03-14 16:00:00
1741982400000,3.233,3.243,3.204,3.207,81243.19,2025-03-14 20:00:00
1741996800000,3.208,3.237,3.189,3.232,44216.44,2025-03-15 00:00:00
1742011200000,3.232,3.253,3.224,3.241,50595.3,2025-03-15 04:00:00
1742025600000,3.241,3.255,3.224,3.235,92262.31,2025-03-15 08:00:00
1742040000000,3.237,3.271,3.218,3.248,110603.1,2025-03-15 12:00:00
1742054400000,3.247,3.277,3.239,3.27,104974.41,2025-03-15 16:00:00
1742068800000,3.272,3.314,3.271,3.298,81434.1,2025-03-15 20:00:00
1742083200000,3.299,3.317,3.244,3.293,66549.94,2025-03-16 00:00:00
1742097600000,3.292,3.316,3.285,3.311,86495.1,2025-03-16 04:00:00
1742112000000,3.31,3.316,3.186,3.194,169701.2,2025-03-16 08:00:00
1742126400000,3.195,3.227,3.165,3.198,81749.03,2025-03-16 12:00:00
1742140800000,3.198,3.263,3.157,3.178,102023.04,2025-03-16 16:00:00
1742155200000,3.179,3.205,3.158,3.174,73443.06,2025-03-16 20:00:00
1742169600000,3.175,3.3,3.174,3.27,84261.45,2025-03-17 00:00:00
1742184000000,3.27,3.418,3.27,3.384,218085.58,2025-03-17 04:00:00
1742198400000,3.385,3.46,3.376,3.407,196274.38,2025-03-17 08:00:00
1742212800000,3.404,3.489,3.339,3.391,318278.54,2025-03-17 12:00:00
1742227200000,3.392,3.445,3.38,3.427,152878.92,2025-03-17 16:00:00
1742241600000,3.428,3.484,3.419,3.43,218594.5,2025-03-17 20:00:00
1742256000000,3.429,3.431,3.336,3.34,96856.93,2025-03-18 00:00:00
1742270400000,3.341,3.376,3.289,3.333,83792.2,2025-03-18 04:00:00
1742284800000,3.333,3.377,3.322,3.339,83912.79,2025-03-18 08:00:00
1742299200000,3.336,3.351,3.269,3.274,99977.36,2025-03-18 12:00:00
1742313600000,3.273,3.304,3.235,3.298,98587.47,2025-03-18 16:00:00
1742328000000,3.297,3.379,3.281,3.371,75378.97,2025-03-18 20:00:00
1742342400000,3.373,3.439,3.368,3.438,90946.82,2025-03-19 00:00:00
1742356800000,3.439,3.45,3.369,3.37,88925.76,2025-03-19 04:00:00
1742371200000,3.372,3.498,3.372,3.489,218377.75,2025-03-19 08:00:00
1742385600000,3.487,3.513,3.443,3.485,275465.65,2025-03-19 12:00:00
1742400000000,3.483,3.497,3.402,3.473,169287.75,2025-03-19 16:00:00
1742414400000,3.474,3.496,3.456,3.473,60157.0,2025-03-19 20:00:00
1742428800000,3.476,3.489,3.418,3.425,67224.13,2025-03-20 00:00:00
1742443200000,3.426,3.458,3.406,3.45,43768.59,2025-03-20 04:00:00
1742457600000,3.45,3.478,3.378,3.394,81516.04,2025-03-20 08:00:00
1742472000000,3.394,3.464,3.39,3.424,106616.2,2025-03-20 12:00:00
1742486400000,3.421,3.45,3.378,3.437,61143.42,2025-03-20 16:00:00
1742500800000,3.438,3.449,3.395,3.406,41774.39,2025-03-20 20:00:00
1742515200000,3.405,3.442,3.398,3.421,60390.73,2025-03-21 00:00:00
1742529600000,3.421,3.474,3.403,3.406,110908.33,2025-03-21 04:00:00
1742544000000,3.407,3.422,3.286,3.33,113286.4,2025-03-21 08:00:00
1742558400000,3.327,3.354,3.289,3.321,90169.83,2025-03-21 12:00:00
1742572800000,3.323,3.374,3.307,3.347,95233.6,2025-03-21 16:00:00
1742587200000,3.347,3.359,3.309,3.315,33226.32,2025-03-21 20:00:00
1742601600000,3.316,3.359,3.304,3.356,59022.27,2025-03-22 00:00:00
1742616000000,3.356,3.425,3.347,3.425,71926.79,2025-03-22 04:00:00
1742630400000,3.425,3.446,3.406,3.409,81899.37,2025-03-22 08:00:00
1742644800000,3.409,3.42,3.358,3.391,78208.7,2025-03-22 12:00:00
1742659200000,3.391,3.436,3.386,3.417,55537.51,2025-03-22 16:00:00
1742673600000,3.418,3.423,3.4,3.41,74107.47,2025-03-22 20:00:00
1742688000000,3.409,3.448,3.384,3.436,155566.98,2025-03-23 00:00:00
1742702400000,3.437,3.441,3.394,3.411,42030.83,2025-03-23 04:00:00
1742716800000,3.411,3.428,3.393,3.402,65957.36,2025-03-23 08:00:00
1742731200000,3.403,3.405,3.352,3.365,104446.6,2025-03-23 12:00:00
1742745600000,3.364,3.365,3.31,3.344,67837.03,2025-03-23 16:00:00
1742760000000,3.344,3.357,3.329,3.355,51735.57,2025-03-23 20:00:00
1742774400000,3.353,3.39,3.31,3.387,76900.47,2025-03-24 00:00:00
1742788800000,3.388,3.577,3.388,3.515,276037.72,2025-03-24 04:00:00
1742803200000,3.516,3.536,3.476,3.485,124044.83,2025-03-24 08:00:00
1742817600000,3.486,3.538,3.465,3.513,157239.03,2025-03-24 12:00:00
1742832000000,3.512,3.527,3.475,3.509,154041.37,2025-03-24 16:00:00
1742846400000,3.507,3.538,3.479,3.514,107031.67,2025-03-24 20:00:00
1742860800000,3.514,3.564,3.463,3.476,140864.64,2025-03-25 00:00:00
1742875200000,3.473,3.5,3.467,3.482,45254.14,2025-03-25 04:00:00
1742889600000,3.482,3.537,3.481,3.508,52438.95,2025-03-25 08:00:00
1742904000000,3.51,3.521,3.481,3.488,53787.42,2025-03-25 12:00:00
1742918400000,3.49,3.57,3.474,3.569,146466.63,2025-03-25 16:00:00
1742932800000,3.57,3.613,3.557,3.587,188827.06,2025-03-25 20:00:00
1742947200000,3.586,3.593,3.521,3.524,137256.09,2025-03-26 00:00:00
1742961600000,3.522,3.641,3.515,3.63,120620.32,2025-03-26 04:00:00
1742976000000,3.632,3.65,3.601,3.62,227986.56,2025-03-26 08:00:00
1742990400000,3.618,3.62,3.454,3.492,393440.98,2025-03-26 12:00:00
1743004800000,3.491,3.521,3.422,3.45,209387.82,2025-03-26 16:00:00
1743019200000,3.45,3.486,3.435,3.45,130978.3,2025-03-26 20:00:00
1743033600000,3.45,3.51,3.445,3.483,209365.77,2025-03-27 00:00:00
1743048000000,3.485,3.489,3.421,3.429,152405.34,2025-03-27 04:00:00
1743062400000,3.426,3.441,3.362,3.376,177193.38,2025-03-27 08:00:00
1743076800000,3.376,3.425,3.329,3.398,205371.69,2025-03-27 12:00:00
1743091200000,3.398,3.413,3.359,3.383,65712.49,2025-03-27 16:00:00
1743105600000,3.384,3.411,3.373,3.389,44534.6,2025-03-27 20:00:00
1743120000000,3.389,3.398,3.307,3.323,104134.38,2025-03-28 00:00:00
1743134400000,3.322,3.329,3.178,3.182,295445.4,2025-03-28 04:00:00
1743148800000,3.182,3.204,3.14,3.178,146752.08,2025-03-28 08:00:00
1743163200000,3.18,3.192,3.109,3.109,144231.26,2025-03-28 12:00:00
1743177600000,3.11,3.13,3.084,3.09,70985.67,2025-03-28 16:00:00
1743192000000,3.096,3.141,3.068,3.128,108688.64,2025-03-28 20:00:00
1743206400000,3.129,3.144,3.047,3.093,170075.01,2025-03-29 00:00:00
1743220800000,3.093,3.103,2.972,2.986,194874.13,2025-03-29 04:00:00
1743235200000,2.986,3.013,2.925,2.949,168894.38,2025-03-29 08:00:00
1743249600000,2.95,2.995,2.94,2.949,64806.76,2025-03-29 12:00:00
1743264000000,2.948,2.957,2.887,2.927,155776.58,2025-03-29 16:00:00
1743278400000,2.927,2.928,2.89,2.909,251230.34,2025-03-29 20:00:00
1743292800000,2.911,2.963,2.872,2.931,126882.77,2025-03-30 00:00:00
1743307200000,2.932,2.974,2.932,2.951,54631.66,2025-03-30 04:00:00
1743321600000,2.953,2.979,2.938,2.965,69867.6,2025-03-30 08:00:00
1743336000000,2.965,2.977,2.912,2.942,85306.52,2025-03-30 12:00:00
1743350400000,2.941,2.96,2.898,2.934,106760.83,2025-03-30 16:00:00
1743364800000,2.934,2.939,2.844,2.916,147086.41,2025-03-30 20:00:00
1743379200000,2.918,2.935,2.86,2.874,147181.97,2025-03-31 00:00:00
1743393600000,2.873,2.919,2.836,2.857,93148.63,2025-03-31 04:00:00
1743408000000,2.857,2.904,2.814,2.895,146072.74,2025-03-31 08:00:00
1743422400000,2.895,2.97,2.867,2.935,181511.88,2025-03-31 12:00:00
1743436800000,2.937,2.958,2.897,2.928,86517.08,2025-03-31 16:00:00
1743451200000,2.929,2.946,2.895,2.928,65459.22,2025-03-31 20:00:00
1743465600000,2.928,2.961,2.903,2.947,99395.91,2025-04-01 00:00:00
1743480000000,2.947,2.991,2.942,2.983,99685.66,2025-04-01 04:00:00
1743494400000,2.983,3.045,2.956,2.962,166540.64,2025-04-01 08:00:00
1743508800000,2.962,3.054,2.932,3.041,252305.08,2025-04-01 12:00:00
1743523200000,3.043,3.05,2.97,2.977,95980.42,2025-04-01 16:00:00
1743537600000,2.977,2.999,2.951,2.973,48287.85,2025-04-01 20:00:00
1743552000000,2.973,2.976,2.826,2.89,343558.43,2025-04-02 00:00:00
1743566400000,2.888,2.895,2.822,2.828,146948.17,2025-04-02 04:00:00
1743580800000,2.829,2.881,2.809,2.838,124427.54,2025-04-02 08:00:00
1743595200000,2.839,2.949,2.824,2.926,224874.23,2025-04-02 12:00:00
1743609600000,2.928,2.942,2.852,2.896,122016.4,2025-04-02 16:00:00
1743624000000,2.895,2.966,2.666,2.699,644324.72,2025-04-02 20:00:00
1743638400000,2.698,2.836,2.684,2.805,324288.38,2025-04-03 00:00:00
1743652800000,2.806,2.829,2.756,2.793,412503.22,2025-04-03 04:00:00
1743667200000,2.793,2.817,2.632,2.648,709170.75,2025-04-03 08:00:00
1743681600000,2.647,2.652,2.571,2.636,346693.07,2025-04-03 12:00:00
1743696000000,2.636,2.705,2.621,2.685,175673.41,2025-04-03 16:00:00
1743710400000,2.687,2.756,2.683,2.719,118611.98,2025-04-03 20:00:00
1743724800000,2.718,2.736,2.684,2.709,80060.78,2025-04-04 00:00:00
1743739200000,2.709,2.741,2.688,2.736,147015.54,2025-04-04 04:00:00
1743753600000,2.736,2.761,2.635,2.668,255962.18,2025-04-04 08:00:00
1743768000000,2.666,2.74,2.649,2.693,635671.1,2025-04-04 12:00:00
1743782400000,2.692,2.746,2.677,2.735,151304.88,2025-04-04 16:00:00
1743796800000,2.736,2.779,2.73,2.758,80274.02,2025-04-04 20:00:00
1743811200000,2.76,2.79,2.754,2.762,44474.14,2025-04-05 00:00:00
1743825600000,2.761,2.78,2.746,2.775,26789.02,2025-04-05 04:00:00
1743840000000,2.775,2.782,2.751,2.757,62685.85,2025-04-05 08:00:00
1743854400000,2.756,2.761,2.711,2.716,77405.72,2025-04-05 12:00:00
1743868800000,2.716,2.728,2.697,2.707,62732.86,2025-04-05 16:00:00
1743883200000,2.709,2.742,2.696,2.724,112550.08,2025-04-05 20:00:00
1743897600000,2.725,2.733,2.705,2.712,75735.23,2025-04-06 00:00:00
1743912000000,2.712,2.722,2.685,2.697,39548.34,2025-04-06 04:00:00
1743926400000,2.699,2.736,2.686,2.712,218519.25,2025-04-06 08:00:00
1743940800000,2.713,2.715,2.601,2.636,168608.88,2025-04-06 12:00:00
1743955200000,2.635,2.635,2.427,2.47,338155.89,2025-04-06 16:00:00
1743969600000,2.463,2.478,2.393,2.462,294352.26,2025-04-06 20:00:00
1743984000000,2.463,2.532,2.383,2.408,308583.89,2025-04-07 00:00:00
1743998400000,2.408,2.434,2.216,2.259,846539.6,2025-04-07 04:00:00
1744012800000,2.258,2.38,2.242,2.32,541633.09,2025-04-07 08:00:00
1744027200000,2.32,2.574,2.32,2.424,1236934.41,2025-04-07 12:00:00
1744041600000,2.423,2.458,2.38,2.394,287621.7,2025-04-07 16:00:00
1744056000000,2.397,2.434,2.389,2.395,367166.77,2025-04-07 20:00:00
1744070400000,2.397,2.477,2.372,2.418,529638.27,2025-04-08 00:00:00
1744084800000,2.419,2.43,2.328,2.341,382144.19,2025-04-08 04:00:00
1744099200000,2.341,2.386,2.311,2.383,356406.33,2025-04-08 08:00:00
1744113600000,2.385,2.39,2.303,2.321,354606.52,2025-04-08 12:00:00
1744128000000,2.32,2.322,2.175,2.187,465851.42,2025-04-08 16:00:00
1744142400000,2.186,2.232,2.173,2.203,459983.56,2025-04-08 20:00:00
1744156800000,2.203,2.263,2.124,2.252,720379.55,2025-04-09 00:00:00
1744171200000,2.252,2.32,2.237,2.295,452377.32,2025-04-09 04:00:00
1744185600000,2.295,2.3,2.233,2.247,234771.91,2025-04-09 08:00:00
1744200000000,2.248,2.305,2.226,2.265,292597.9,2025-04-09 12:00:00
1744214400000,2.266,2.442,2.265,2.411,697754.21,2025-04-09 16:00:00
1744228800000,2.411,2.442,2.406,2.412,241343.51,2025-04-09 20:00:00
1744243200000,2.412,2.417,2.36,2.38,176014.55,2025-04-10 00:00:00
1744257600000,2.382,2.423,2.352,2.386,243239.12,2025-04-10 04:00:00
1744272000000,2.387,2.404,2.358,2.371,179648.0,2025-04-10 08:00:00
1744286400000,2.37,2.422,2.269,2.274,444047.74,2025-04-10 12:00:00
1744300800000,2.274,2.325,2.262,2.316,280869.6,2025-04-10 16:00:00
1744315200000,2.316,2.369,2.316,2.344,259943.16,2025-04-10 20:00:00
1744329600000,2.344,2.39,2.321,2.371,260471.36,2025-04-11 00:00:00
1744344000000,2.371,2.411,2.37,2.398,294948.14,2025-04-11 04:00:00
1744358400000,2.398,2.455,2.377,2.396,660333.33,2025-04-11 08:00:00
1744372800000,2.397,2.417,2.367,2.4,364942.33,2025-04-11 12:00:00
1744387200000,2.401,2.432,2.381,2.405,233317.15,2025-04-11 16:00:00
1744401600000,2.405,2.419,2.392,2.403,127641.14,2025-04-11 20:00:00
1744416000000,2.403,2.424,2.368,2.399,219214.44,2025-04-12 00:00:00
1744430400000,2.398,2.517,2.242,2.245,3687159.34,2025-04-12 04:00:00
1744444800000,2.245,2.326,2.242,2.316,1285313.06,2025-04-12 08:00:00
1744459200000,2.316,2.423,2.311,2.407,513420.1,2025-04-12 12:00:00
1744473600000,2.409,2.427,2.384,2.398,288765.17,2025-04-12 16:00:00
1744488000000,2.399,2.442,2.399,2.436,168552.83,2025-04-12 20:00:00
1744502400000,2.437,2.44,2.37,2.39,269045.92,2025-04-13 00:00:00
1744516800000,2.389,2.389,2.342,2.368,279049.83,2025-04-13 04:00:00
1744531200000,2.368,2.413,2.366,2.371,184128.01,2025-04-13 08:00:00
1744545600000,2.371,2.374,2.3,2.308,327045.8,2025-04-13 12:00:00
1744560000000,2.308,2.387,2.227,2.262,336831.53,2025-04-13 16:00:00
1744574400000,2.262,2.287,2.227,2.261,427029.83,2025-04-13 20:00:00
1744588800000,2.262,2.33,2.243,2.291,505061.44,2025-04-14 00:00:00
1744603200000,2.291,2.34,2.268,2.285,1037237.88,2025-04-14 04:00:00
1744617600000,2.284,2.298,2.182,2.29,1547628.27,2025-04-14 08:00:00
1744632000000,2.29,2.31,2.215,2.236,709416.08,2025-04-14 12:00:00
1744646400000,2.235,2.255,2.218,2.231,381367.07,2025-04-14 16:00:00
1744660800000,2.231,2.242,2.207,2.231,270091.58,2025-04-14 20:00:00
1744675200000,2.232,2.236,2.188,2.226,419649.39,2025-04-15 00:00:00
1744689600000,2.225,2.249,2.213,2.245,175440.57,2025-04-15 04:00:00
1744704000000,2.245,2.255,2.218,2.237,172973.7,2025-04-15 08:00:00
1744718400000,2.237,2.26,2.192,2.214,273936.61,2025-04-15 12:00:00
1744732800000,2.215,2.22,2.169,2.181,211769.47,2025-04-15 16:00:00
1744747200000,2.18,2.19,2.155,2.172,215833.11,2025-04-15 20:00:00
1744761600000,2.17,2.21,2.15,2.191,202858.12,2025-04-16 00:00:00
1744776000000,2.192,2.223,2.171,2.181,168581.5,2025-04-16 04:00:00
1744790400000,2.181,2.202,2.149,2.16,435976.75,2025-04-16 08:00:00
1744804800000,2.16,2.188,2.113,2.148,477303.39,2025-04-16 12:00:00
1744819200000,2.148,2.197,2.098,2.18,517330.48,2025-04-16 16:00:00
1744833600000,2.18,2.205,2.141,2.155,130062.95,2025-04-16 20:00:00
1744848000000,2.155,2.177,2.144,2.157,100915.58,2025-04-17 00:00:00
1744862400000,2.157,2.225,2.151,2.208,147843.11,2025-04-17 04:00:00
1744876800000,2.208,2.213,2.182,2.187,142193.34,2025-04-17 08:00:00
1744891200000,2.188,2.209,2.155,2.202,241822.54,2025-04-17 12:00:00
1744905600000,2.201,2.249,2.193,2.213,299571.84,2025-04-17 16:00:00
1744920000000,2.213,2.241,2.21,2.218,74004.94,2025-04-17 20:00:00
1744934400000,2.219,2.243,2.203,2.238,283594.27,2025-04-18 00:00:00
1744948800000,2.24,2.284,2.24,2.277,225736.61,2025-04-18 04:00:00
1744963200000,2.277,2.298,2.257,2.275,224065.19,2025-04-18 08:00:00
1744977600000,2.276,2.305,2.257,2.271,206968.42,2025-04-18 12:00:00
1744992000000,2.27,2.283,2.26,2.266,201394.85,2025-04-18 16:00:00
1745006400000,2.266,2.276,2.24,2.247,251263.07,2025-04-18 20:00:00
1745020800000,2.247,2.322,2.246,2.304,210703.88,2025-04-19 00:00:00
1745035200000,2.306,2.314,2.291,2.305,165405.37,2025-04-19 04:00:00
1745049600000,2.306,2.31,2.274,2.286,168427.31,2025-04-19 08:00:00
1745064000000,2.286,2.323,2.276,2.294,249001.65,2025-04-19 12:00:00
1745078400000,2.294,2.32,2.275,2.304,221499.97,2025-04-19 16:00:00
1745092800000,2.305,2.331,2.298,2.312,146022.22,2025-04-19 20:00:00
1745107200000,2.314,2.346,2.296,2.34,191321.2,2025-04-20 00:00:00
1745121600000,2.34,2.384,2.312,2.323,382677.79,2025-04-20 04:00:00
1745136000000,2.323,2.326,2.234,2.256,233402.78,2025-04-20 08:00:00
1745150400000,2.256,2.292,2.241,2.292,269272.03,2025-04-20 12:00:00
1745164800000,2.294,2.331,2.29,2.307,270884.94,2025-04-20 16:00:00
1745179200000,2.308,2.326,2.29,2.309,114189.65,2025-04-20 20:00:00
1745193600000,2.31,2.359,2.302,2.318,279976.26,2025-04-21 00:00:00
1745208000000,2.318,2.411,2.318,2.364,551384.89,2025-04-21 04:00:00
1745222400000,2.364,2.393,2.334,2.343,402003.13,2025-04-21 08:00:00
1745236800000,2.343,2.396,2.337,2.375,652333.71,2025-04-21 12:00:00
1745251200000,2.376,2.39,2.295,2.308,400578.22,2025-04-21 16:00:00
1745265600000,2.309,2.311,2.268,2.279,384259.78,2025-04-21 20:00:00
1745280000000,2.28,2.294,2.221,2.272,398860.42,2025-04-22 00:00:00
1745294400000,2.271,2.28,2.194,2.272,311401.1,2025-04-22 04:00:00
1745308800000,2.272,2.314,2.256,2.312,261102.75,2025-04-22 08:00:00
1745323200000,2.311,2.395,2.307,2.371,383579.71,2025-04-22 12:00:00
1745337600000,2.372,2.433,2.365,2.412,548058.48,2025-04-22 16:00:00
1745352000000,2.411,2.481,2.392,2.465,474015.75,2025-04-22 20:00:00
1745366400000,2.467,2.531,2.454,2.527,386845.04,2025-04-23 00:00:00
1745380800000,2.527,2.543,2.5,2.527,249076.94,2025-04-23 04:00:00
1745395200000,2.527,2.557,2.5,2.543,259054.82,2025-04-23 08:00:00
1745409600000,2.543,2.571,2.462,2.517,569750.52,2025-04-23 12:00:00
1745424000000,2.518,2.536,2.486,2.5,294532.29,2025-04-23 16:00:00
1745438400000,2.499,2.523,2.494,2.515,131344.04,2025-04-23 20:00:00
1745452800000,2.516,2.529,2.45,2.454,127683.18,2025-04-24 00:00:00
1745467200000,2.455,2.489,2.43,2.448,259083.6,2025-04-24 04:00:00
1745481600000,2.449,2.47,2.415,2.468,117097.03,2025-04-24 08:00:00
1745496000000,2.468,2.584,2.461,2.565,278600.26,2025-04-24 12:00:00
1745510400000,2.566,2.597,2.538,2.575,273997.53,2025-04-24 16:00:00
1745524800000,2.574,2.6,2.559,2.593,150177.55,2025-04-24 20:00:00
1745539200000,2.592,2.654,2.547,2.565,271835.43,2025-04-25 00:00:00
1745553600000,2.565,2.658,2.552,2.642,1262067.25,2025-04-25 04:00:00
1745568000000,2.641,2.656,2.584,2.607,468858.57,2025-04-25 08:00:00
1745582400000,2.608,2.638,2.575,2.614,283691.05,2025-04-25 12:00:00
1745596800000,2.614,2.635,2.586,2.605,91651.88,2025-04-25 16:00:00
1745611200000,2.608,2.637,2.598,2.621,76645.08,2025-04-25 20:00:00
1745625600000,2.623,2.698,2.622,2.667,270205.51,2025-04-26 00:00:00
1745640000000,2.667,2.683,2.628,2.66,98318.7,2025-04-26 04:00:00
1745654400000,2.66,2.697,2.619,2.631,583910.9,2025-04-26 08:00:00
1745668800000,2.631,2.659,2.553,2.6,928738.98,2025-04-26 12:00:00
1745683200000,2.6,2.619,2.582,2.618,104778.07,2025-04-26 16:00:00
1745697600000,2.619,2.651,2.601,2.646,91136.02,2025-04-26 20:00:00
1745712000000,2.646,2.67,2.563,2.587,248518.43,2025-04-27 00:00:00
1745726400000,2.586,2.597,2.516,2.562,177226.84,2025-04-27 04:00:00
1745740800000,2.559,2.567,2.538,2.547,94892.09,2025-04-27 08:00:00
1745755200000,2.546,2.552,2.495,2.515,240455.06,2025-04-27 12:00:00
1745769600000,2.515,2.534,2.493,2.527,129804.24,2025-04-27 16:00:00
1745784000000,2.528,2.529,2.485,2.489,110996.17,2025-04-27 20:00:00
1745798400000,2.489,2.51,2.425,2.493,195920.74,2025-04-28 00:00:00
1745812800000,2.493,2.552,2.492,2.545,161219.02,2025-04-28 04:00:00
1745827200000,2.546,2.609,2.543,2.587,191256.8,2025-04-28 08:00:00
1745841600000,2.588,2.591,2.504,2.518,172431.53,2025-04-28 12:00:00
1745856000000,2.518,2.604,2.505,2.589,126152.17,2025-04-28 16:00:00
1745870400000,2.59,2.614,2.576,2.586,91568.28,2025-04-28 20:00:00
1745884800000,2.587,2.641,2.583,2.637,171629.81,2025-04-29 00:00:00
1745899200000,2.637,2.659,2.603,2.647,307699.13,2025-04-29 04:00:00
1745913600000,2.648,2.664,2.55,2.554,242020.08,2025-04-29 08:00:00
1745928000000,2.554,2.588,2.518,2.577,161694.03,2025-04-29 12:00:00
1745942400000,2.574,2.584,2.548,2.561,89595.4,2025-04-29 16:00:00
1745956800000,2.563,2.567,2.461,2.489,172805.77,2025-04-29 20:00:00
1745971200000,2.489,2.508,2.469,2.504,148561.4,2025-04-30 00:00:00
1745985600000,2.506,2.518,2.462,2.468,111348.78,2025-04-30 04:00:00
1746000000000,2.469,2.552,2.464,2.55,141947.46,2025-04-30 08:00:00
1746014400000,2.549,2.558,2.401,2.437,339042.37,2025-04-30 12:00:00
1746028800000,2.436,2.501,2.421,2.48,126836.11,2025-04-30 16:00:00
1746043200000,2.48,2.513,2.479,2.496,70332.42,2025-04-30 20:00:00
1746057600000,2.497,2.521,2.481,2.484,79087.45,2025-05-01 00:00:00
1746072000000,2.484,2.514,2.471,2.511,114923.0,2025-05-01 04:00:00
1746086400000,2.511,2.56,2.501,2.548,148534.54,2025-05-01 08:00:00
1746100800000,2.549,2.59,2.527,2.552,429780.38,2025-05-01 12:00:00
1746115200000,2.553,2.589,2.545,2.569,127271.58,2025-05-01 16:00:00
1746129600000,2.575,2.625,2.563,2.611,180017.36,2025-05-01 20:00:00
1746144000000,2.611,2.687,2.589,2.658,309991.7,2025-05-02 00:00:00
1746158400000,2.658,2.674,2.597,2.598,236192.4,2025-05-02 04:00:00
1746172800000,2.598,2.622,2.575,2.591,116905.17,2025-05-02 08:00:00
1746187200000,2.591,2.623,2.574,2.584,174357.27,2025-05-02 12:00:00
1746201600000,2.585,2.617,2.558,2.57,95738.12,2025-05-02 16:00:00
1746216000000,2.568,2.605,2.565,2.605,77481.42,2025-05-02 20:00:00
1746230400000,2.606,2.607,2.559,2.593,86612.31,2025-05-03 00:00:00
1746244800000,2.592,2.598,2.559,2.564,50178.24,2025-05-03 04:00:00
1746259200000,2.563,2.569,2.507,2.508,115698.28,2025-05-03 08:00:00
1746273600000,2.506,2.534,2.505,2.523,85330.9,2025-05-03 12:00:00
1746288000000,2.524,2.524,2.418,2.472,337255.23,2025-05-03 16:00:00
1746302400000,2.472,2.473,2.438,2.452,109341.89,2025-05-03 20:00:00
1746316800000,2.452,2.461,2.379,2.382,234006.63,2025-05-04 00:00:00
1746331200000,2.381,2.405,2.364,2.378,525798.55,2025-05-04 04:00:00
1746345600000,2.379,2.381,2.346,2.36,194576.4,2025-05-04 08:00:00
1746360000000,2.36,2.365,2.334,2.348,464519.94,2025-05-04 12:00:00
1746374400000,2.347,2.349,2.316,2.323,173608.06,2025-05-04 16:00:00
1746388800000,2.324,2.352,2.317,2.34,172024.6,2025-05-04 20:00:00
1746403200000,2.34,2.364,2.304,2.345,149626.63,2025-05-05 00:00:00
1746417600000,2.346,2.371,2.334,2.354,122375.39,2025-05-05 04:00:00
1746432000000,2.354,2.363,2.307,2.317,165823.52,2025-05-05 08:00:00
1746446400000,2.315,2.328,2.292,2.309,194078.76,2025-05-05 12:00:00
1746460800000,2.308,2.364,2.305,2.332,110433.23,2025-05-05 16:00:00
1746475200000,2.334,2.347,2.295,2.324,80323.79,2025-05-05 20:00:00
1746489600000,2.325,2.339,2.301,2.339,114233.15,2025-05-06 00:00:00
1746504000000,2.34,2.347,2.31,2.31,75651.49,2025-05-06 04:00:00
1746518400000,2.309,2.309,2.233,2.251,268803.35,2025-05-06 08:00:00
1746532800000,2.251,2.292,2.237,2.255,183661.74,2025-05-06 12:00:00
1746547200000,2.255,2.305,2.243,2.28,82899.42,2025-05-06 16:00:00
1746561600000,2.279,2.309,2.217,2.3,177747.53,2025-05-06 20:00:00
1746576000000,2.301,2.332,2.288,2.306,126990.38,2025-05-07 00:00:00
1746590400000,2.307,2.333,2.306,2.332,104854.56,2025-05-07 04:00:00
1746604800000,2.332,2.354,2.32,2.352,125907.15,2025-05-07 08:00:00
1746619200000,2.353,2.36,2.309,2.312,111799.93,2025-05-07 12:00:00
1746633600000,2.312,2.326,2.286,2.3,187005.65,2025-05-07 16:00:00
1746648000000,2.299,2.363,2.295,2.352,96809.45,2025-05-07 20:00:00
1746662400000,2.353,2.486,2.352,2.484,220302.9,2025-05-08 00:00:00
1746676800000,2.485,2.516,2.48,2.498,378591.87,2025-05-08 04:00:00
1746691200000,2.5,2.518,2.488,2.516,279983.24,2025-05-08 08:00:00
1746705600000,2.516,2.627,2.496,2.58,392988.03,2025-05-08 12:00:00
1746720000000,2.581,2.625,2.57,2.618,290442.38,2025-05-08 16:00:00
1746734400000,2.621,2.78,2.614,2.74,559402.66,2025-05-08 20:00:00
1746748800000,2.741,2.781,2.716,2.728,321195.27,2025-05-09 00:00:00
1746763200000,2.729,2.825,2.708,2.801,479266.52,2025-05-09 04:00:00
1746777600000,2.8,2.888,2.759,2.852,694738.72,2025-05-09 08:00:00
1746792000000,2.852,2.876,2.785,2.841,430024.41,2025-05-09 12:00:00
1746806400000,2.842,2.884,2.814,2.826,181625.55,2025-05-09 16:00:00
1746820800000,2.825,2.877,2.825,2.875,125655.49,2025-05-09 20:00:00
1746835200000,2.874,2.939,2.839,2.9,262427.18,2025-05-10 00:00:00
1746849600000,2.896,2.969,2.862,2.953,471693.5,2025-05-10 04:00:00
1746864000000,2.956,2.978,2.873,2.891,293979.25,2025-05-10 08:00:00
1746878400000,2.892,2.961,2.878,2.936,173876.23,2025-05-10 12:00:00
1746892800000,2.937,3.047,2.922,3.026,396967.76,2025-05-10 16:00:00
1746907200000,3.025,3.194,3.011,3.188,268917.26,2025-05-10 20:00:00
1746921600000,3.186,3.226,3.081,3.16,385395.57,2025-05-11 00:00:00
1746936000000,3.16,3.233,3.054,3.101,507594.76,2025-05-11 04:00:00
1746950400000,3.101,3.141,3.053,3.129,237159.37,2025-05-11 08:00:00
1746964800000,3.127,3.14,3.043,3.074,239280.35,2025-05-11 12:00:00
1746979200000,3.075,3.151,3.035,3.124,252110.37,2025-05-11 16:00:00
1746993600000,3.123,3.148,3.095,3.131,141218.6,2025-05-11 20:00:00
1747008000000,3.13,3.175,3.068,3.161,270272.74,2025-05-12 00:00:00
1747022400000,3.162,3.232,3.095,3.183,379390.07,2025-05-12 04:00:00
1747036800000,3.185,3.243,3.108,3.118,303952.01,2025-05-12 08:00:00
1747051200000,3.115,3.19,3.048,3.093,829341.17,2025-05-12 12:00:00
1747065600000,3.092,3.165,2.976,3.08,297390.38,2025-05-12 16:00:00
1747080000000,3.079,3.16,3.074,3.139,164485.23,2025-05-12 20:00:00
1747094400000,3.141,3.187,2.979,2.99,509178.19,2025-05-13 00:00:00
1747108800000,2.989,3.423,2.978,3.148,1514308.0,2025-05-13 04:00:00
1747123200000,3.149,3.314,3.149,3.195,561452.47,2025-05-13 08:00:00
1747137600000,3.192,3.227,3.134,3.183,426081.94,2025-05-13 12:00:00
1747152000000,3.184,3.323,3.183,3.306,233702.16,2025-05-13 16:00:00
1747166400000,3.306,3.314,3.253,3.263,164166.71,2025-05-13 20:00:00
1747180800000,3.262,3.707,3.262,3.507,3413483.15,2025-05-14 00:00:00
1747195200000,3.508,3.53,3.447,3.454,1402322.11,2025-05-14 04:00:00
1747209600000,3.452,3.514,3.394,3.498,653052.28,2025-05-14 08:00:00
1747224000000,3.498,3.503,3.323,3.368,782709.96,2025-05-14 12:00:00
1747238400000,3.366,3.398,3.328,3.355,356260.59,2025-05-14 16:00:00
1747252800000,3.356,3.451,3.356,3.423,575782.8,2025-05-14 20:00:00
1747267200000,3.424,3.511,3.283,3.291,870816.69,2025-05-15 00:00:00
1747281600000,3.292,3.307,3.126,3.131,649024.29,2025-05-15 04:00:00
1747296000000,3.13,3.196,3.092,3.152,437648.86,2025-05-15 08:00:00
1747310400000,3.154,3.169,3.006,3.126,753074.7,2025-05-15 12:00:00
1747324800000,3.125,3.176,3.05,3.075,379237.81,2025-05-15 16:00:00
1747339200000,3.076,3.093,2.986,3.052,320950.22,2025-05-15 20:00:00
1747353600000,3.053,3.104,3.013,3.078,374183.44,2025-05-16 00:00:00
1747368000000,3.079,3.088,3.04,3.066,191834.08,2025-05-16 04:00:00
1747382400000,3.066,3.134,3.029,3.103,252375.35,2025-05-16 08:00:00
1747396800000,3.104,3.143,3.076,3.138,250111.4,2025-05-16 12:00:00
1747411200000,3.139,3.153,3.079,3.103,122075.04,2025-05-16 16:00:00
1747425600000,3.102,3.102,2.985,3.019,144872.42,2025-05-16 20:00:00
1747440000000,3.02,3.029,2.873,2.925,317940.92,2025-05-17 00:00:00
1747454400000,2.926,2.968,2.895,2.912,114700.85,2025-05-17 04:00:00
1747468800000,2.912,2.938,2.874,2.921,140394.26,2025-05-17 08:00:00
1747483200000,2.922,2.965,2.885,2.954,149972.34,2025-05-17 12:00:00
1747497600000,2.954,2.962,2.886,2.913,139622.78,2025-05-17 16:00:00
1747512000000,2.912,2.955,2.882,2.915,92446.95,2025-05-17 20:00:00
1747526400000,2.915,2.937,2.888,2.903,124548.05,2025-05-18 00:00:00
1747540800000,2.903,2.997,2.894,2.993,192692.75,2025-05-18 04:00:00
1747555200000,2.994,3.041,2.976,2.977,393237.58,2025-05-18 08:00:00
1747569600000,2.976,3.098,2.963,3.092,154539.88,2025-05-18 12:00:00
1747584000000,3.093,3.107,2.879,2.88,235712.45,2025-05-18 16:00:00
1747598400000,2.88,3.064,2.815,3.05,201707.36,2025-05-18 20:00:00
1747612800000,3.051,3.061,2.878,2.888,172495.3,2025-05-19 00:00:00
1747627200000,2.888,2.907,2.821,2.875,237081.24,2025-05-19 04:00:00
1747641600000,2.876,2.876,2.82,2.86,194683.63,2025-05-19 08:00:00
1747656000000,2.86,2.944,2.797,2.927,269334.21,2025-05-19 12:00:00
1747670400000,2.927,3.011,2.905,2.985,203731.65,2025-05-19 16:00:00
1747684800000,2.984,3.012,2.958,2.999,194636.8,2025-05-19 20:00:00
1747699200000,2.999,3.063,2.972,3.034,205600.68,2025-05-20 00:00:00
1747713600000,3.036,3.05,2.981,2.987,91750.89,2025-05-20 04:00:00
1747728000000,2.987,2.997,2.908,2.939,83241.13,2025-05-20 08:00:00
1747742400000,2.939,2.962,2.898,2.946,101367.22,2025-05-20 12:00:00
1747756800000,2.947,2.99,2.905,2.98,253488.98,2025-05-20 16:00:00
1747771200000,2.981,3.017,2.965,3.0,229379.69,2025-05-20 20:00:00
1747785600000,3.001,3.011,2.929,2.991,162340.19,2025-05-21 00:00:00
1747800000000,2.991,3.035,2.958,2.979,311252.43,2025-05-21 04:00:00
1747814400000,2.979,3.005,2.914,2.947,808122.57,2025-05-21 08:00:00
1747828800000,2.947,3.013,2.934,3.0,278209.71,2025-05-21 12:00:00
1747843200000,3.001,3.095,2.887,2.982,554256.83,2025-05-21 16:00:00
1747857600000,2.982,3.032,2.944,2.994,365297.12,2025-05-21 20:00:00
1747872000000,2.996,3.072,2.992,3.065,379472.01,2025-05-22 00:00:00
1747886400000,3.066,3.066,3.016,3.054,267359.39,2025-05-22 04:00:00
1747900800000,3.055,3.149,3.053,3.109,360175.93,2025-05-22 08:00:00
1747915200000,3.109,3.152,3.058,3.126,339951.11,2025-05-22 12:00:00
1747929600000,3.128,3.158,3.105,3.115,260168.68,2025-05-22 16:00:00
1747944000000,3.115,3.172,3.096,3.16,277304.92,2025-05-22 20:00:00
1747958400000,3.16,3.216,3.127,3.205,284885.4,2025-05-23 00:00:00
1747972800000,3.206,3.21,3.061,3.07,449217.25,2025-05-23 04:00:00
1747987200000,3.071,3.139,2.974,2.991,519407.86,2025-05-23 08:00:00
1748001600000,2.992,3.02,2.878,2.969,673822.71,2025-05-23 12:00:00
1748016000000,2.968,3.002,2.934,2.95,216457.74,2025-05-23 16:00:00
1748030400000,2.95,2.953,2.828,2.848,306602.41,2025-05-23 20:00:00
1748044800000,2.848,2.896,2.819,2.88,272433.26,2025-05-24 00:00:00
1748059200000,2.88,2.892,2.849,2.867,171414.31,2025-05-24 04:00:00
1748073600000,2.866,2.904,2.847,2.88,131628.64,2025-05-24 08:00:00
1748088000000,2.88,2.893,2.858,2.882,87331.84,2025-05-24 12:00:00
1748102400000,2.882,2.896,2.842,2.853,77093.07,2025-05-24 16:00:00
1748116800000,2.853,2.863,2.819,2.844,77633.45,2025-05-24 20:00:00
1748131200000,2.843,2.862,2.765,2.809,243464.84,2025-05-25 00:00:00
1748145600000,2.809,2.824,2.768,2.778,237745.45,2025-05-25 04:00:00
1748160000000,2.78,2.78,2.73,2.75,166721.43,2025-05-25 08:00:00
1748174400000,2.75,2.776,2.702,2.744,131858.61,2025-05-25 12:00:00
1748188800000,2.742,2.76,2.711,2.749,79350.89,2025-05-25 16:00:00
1748203200000,2.747,2.854,2.723,2.845,142594.85,2025-05-25 20:00:00
1748217600000,2.846,2.886,2.828,2.857,101078.66,2025-05-26 00:00:00
1748232000000,2.858,2.888,2.847,2.88,302952.67,2025-05-26 04:00:00
1748246400000,2.881,2.886,2.839,2.843,78263.53,2025-05-26 08:00:00
1748260800000,2.843,2.856,2.794,2.841,99807.09,2025-05-26 12:00:00
1748275200000,2.842,2.859,2.781,2.794,105974.52,2025-05-26 16:00:00
1748289600000,2.793,2.829,2.784,2.813,54310.15,2025-05-26 20:00:00
1748304000000,2.812,2.819,2.731,2.803,186312.8,2025-05-27 00:00:00
1748318400000,2.803,2.875,2.784,2.865,142474.49,2025-05-27 04:00:00
1748332800000,2.866,2.898,2.866,2.88,173970.63,2025-05-27 08:00:00
1748347200000,2.88,2.925,2.84,2.889,205700.28,2025-05-27 12:00:00
1748361600000,2.888,2.927,2.884,2.896,122924.3,2025-05-27 16:00:00
1748376000000,2.897,2.915,2.859,2.873,112759.72,2025-05-27 20:00:00
1748390400000,2.872,2.901,2.848,2.895,153198.33,2025-05-28 00:00:00
1748404800000,2.895,2.895,2.85,2.866,103407.21,2025-05-28 04:00:00
1748419200000,2.867,2.89,2.829,2.889,116446.04,2025-05-28 08:00:00
1748433600000,2.889,2.938,2.802,2.809,210842.29,2025-05-28 12:00:00
1748448000000,2.81,2.855,2.768,2.771,73527.11,2025-05-28 16:00:00
1748462400000,2.771,2.888,2.769,2.88,126826.3,2025-05-28 20:00:00
1748476800000,2.88,2.962,2.856,2.928,200942.5,2025-05-29 00:00:00
1748491200000,2.929,2.941,2.864,2.883,141487.91,2025-05-29 04:00:00
1748505600000,2.884,2.938,2.859,2.901,352026.87,2025-05-29 08:00:00
1748520000000,2.901,2.902,2.81,2.837,177158.39,2025-05-29 12:00:00
1748534400000,2.838,2.86,2.809,2.83,133466.72,2025-05-29 16:00:00
1748548800000,2.831,2.871,2.795,2.813,118842.97,2025-05-29 20:00:00
1748563200000,2.812,2.827,2.621,2.708,515351.91,2025-05-30 00:00:00
1748577600000,2.707,2.723,2.642,2.665,372077.03,2025-05-30 04:00:00
1748592000000,2.666,2.688,2.627,2.677,192549.67,2025-05-30 08:00:00
1748606400000,2.677,2.684,2.63,2.639,208191.26,2025-05-30 12:00:00
1748620800000,2.638,2.649,2.535,2.605,423638.2,2025-05-30 16:00:00
1748635200000,2.603,2.605,2.472,2.485,317620.53,2025-05-30 20:00:00
1748649600000,2.485,2.492,2.414,2.484,494597.07,2025-05-31 00:00:00
1748664000000,2.483,2.507,2.448,2.499,337289.91,2025-05-31 04:00:00
1748678400000,2.499,2.504,2.469,2.479,159135.75,2025-05-31 08:00:00
1748692800000,2.479,2.553,2.475,2.532,144879.04,2025-05-31 12:00:00
1748707200000,2.531,2.549,2.512,2.537,70953.37,2025-05-31 16:00:00
1748721600000,2.536,2.586,2.526,2.533,221823.62,2025-05-31 20:00:00
1748736000000,2.534,2.539,2.49,2.511,47063.62,2025-06-01 00:00:00
1748750400000,2.51,2.533,2.503,2.523,72666.64,2025-06-01 04:00:00
1748764800000,2.523,2.525,2.464,2.498,121308.58,2025-06-01 08:00:00
1748779200000,2.498,2.553,2.479,2.548,82360.37,2025-06-01 12:00:00
1748793600000,2.548,2.572,2.505,2.545,108070.94,2025-06-01 16:00:00
1748808000000,2.546,2.574,2.538,2.564,48382.14,2025-06-01 20:00:00
1748822400000,2.565,2.571,2.508,2.514,85800.43,2025-06-02 00:00:00
1748836800000,2.514,2.541,2.497,2.528,85592.12,2025-06-02 04:00:00
1748851200000,2.528,2.543,2.487,2.51,144795.14,2025-06-02 08:00:00
1748865600000,2.511,2.544,2.501,2.535,177296.45,2025-06-02 12:00:00
1748880000000,2.535,2.553,2.504,2.518,78569.34,2025-06-02 16:00:00
1748894400000,2.519,2.612,2.519,2.601,156994.24,2025-06-02 20:00:00
1748908800000,2.602,2.663,2.597,2.613,174738.82,2025-06-03 00:00:00
1748923200000,2.614,2.634,2.595,2.619,138746.38,2025-06-03 04:00:00
1748937600000,2.619,2.634,2.598,2.612,88322.03,2025-06-03 08:00:00
1748952000000,2.613,2.652,2.607,2.627,126880.93,2025-06-03 12:00:00
1748966400000,2.629,2.632,2.6,2.622,157312.57,2025-06-03 16:00:00
1748980800000,2.623,2.627,2.56,2.577,133697.73,2025-06-03 20:00:00
1748995200000,2.577,2.61,2.559,2.595,91189.83,2025-06-04 00:00:00
1749009600000,2.595,2.616,2.546,2.55,426244.74,2025-06-04 04:00:00
1749024000000,2.551,2.583,2.51,2.517,414361.79,2025-06-04 08:00:00
1749038400000,2.518,2.542,2.485,2.525,318827.87,2025-06-04 12:00:00
1749052800000,2.525,2.533,2.467,2.467,178035.65,2025-06-04 16:00:00
1749067200000,2.467,2.474,2.43,2.462,147284.46,2025-06-04 20:00:00
1749081600000,2.463,2.478,2.448,2.466,57924.65,2025-06-05 00:00:00
1749096000000,2.465,2.507,2.44,2.48,302029.68,2025-06-05 04:00:00
1749110400000,2.481,2.501,2.466,2.489,144281.2,2025-06-05 08:00:00
1749124800000,2.489,2.516,2.439,2.478,155043.59,2025-06-05 12:00:00
1749139200000,2.477,2.477,2.334,2.364,267354.55,2025-06-05 16:00:00
1749153600000,2.364,2.366,2.279,2.321,291460.94,2025-06-05 20:00:00
1749168000000,2.322,2.361,2.316,2.359,140385.78,2025-06-06 00:00:00
1749182400000,2.358,2.372,2.35,2.362,79801.89,2025-06-06 04:00:00
1749196800000,2.361,2.371,2.351,2.356,68429.66,2025-06-06 08:00:00
1749211200000,2.357,2.443,2.357,2.417,232496.17,2025-06-06 12:00:00
1749225600000,2.417,2.435,2.373,2.377,124266.1,2025-06-06 16:00:00
1749240000000,2.378,2.406,2.368,2.375,52398.72,2025-06-06 20:00:00
1749254400000,2.374,2.433,2.372,2.425,103557.27,2025-06-07 00:00:00
1749268800000,2.426,2.45,2.413,2.439,81948.75,2025-06-07 04:00:00
1749283200000,2.44,2.45,2.426,2.438,67636.19,2025-06-07 08:00:00
1749297600000,2.439,2.459,2.436,2.443,74130.18,2025-06-07 12:00:00
1749312000000,2.444,2.451,2.419,2.433,54574.23,2025-06-07 16:00:00
1749326400000,2.435,2.463,2.434,2.452,46401.34,2025-06-07 20:00:00
1749340800000,2.452,2.456,2.427,2.428,53091.93,2025-06-08 00:00:00
1749355200000,2.428,2.435,2.4,2.402,64564.44,2025-06-08 04:00:00
1749369600000,2.402,2.422,2.381,2.415,173602.62,2025-06-08 08:00:00
1749384000000,2.416,2.433,2.385,2.395,220756.25,2025-06-08 12:00:00
1749398400000,2.395,2.44,2.39,2.435,196315.02,2025-06-08 16:00:00
1749412800000,2.436,2.451,2.394,2.402,213021.59,2025-06-08 20:00:00
1749427200000,2.403,2.406,2.376,2.385,78230.35,2025-06-09 00:00:00
1749441600000,2.384,2.402,2.365,2.401,193384.24,2025-06-09 04:00:00
1749456000000,2.401,2.436,2.389,2.431,748798.5,2025-06-09 08:00:00
1749470400000,2.43,2.435,2.398,2.423,174657.06,2025-06-09 12:00:00
1749484800000,2.424,2.482,2.424,2.473,239758.5,2025-06-09 16:00:00
1749499200000,2.474,2.56,2.474,2.553,258236.12,2025-06-09 20:00:00
1749513600000,2.554,2.609,2.544,2.562,288794.56,2025-06-10 00:00:00
1749528000000,2.562,2.571,2.522,2.541,235058.85,2025-06-10 04:00:00
1749542400000,2.542,2.625,2.528,2.623,230207.11,2025-06-10 08:00:00
1749556800000,2.624,2.643,2.552,2.583,302814.97,2025-06-10 12:00:00
1749571200000,2.583,2.64,2.58,2.621,143303.18,2025-06-10 16:00:00
1749585600000,2.62,2.773,2.604,2.691,1441204.32,2025-06-10 20:00:00
1749600000000,2.691,2.744,2.654,2.717,755263.16,2025-06-11 00:00:00
1749614400000,2.717,2.86,2.696,2.783,1701581.32,2025-06-11 04:00:00
1749628800000,2.783,2.802,2.674,2.69,832065.81,2025-06-11 08:00:00
1749643200000,2.69,2.776,2.677,2.766,580892.23,2025-06-11 12:00:00
1749657600000,2.766,2.786,2.643,2.658,401933.16,2025-06-11 16:00:00
1749672000000,2.658,2.674,2.552,2.58,588460.04,2025-06-11 20:00:00
1749686400000,2.581,2.585,2.517,2.532,460662.27,2025-06-12 00:00:00
1749700800000,2.532,2.535,2.497,2.499,449770.69,2025-06-12 04:00:00
1749715200000,2.498,2.516,2.443,2.46,499850.92,2025-06-12 08:00:00
1749729600000,2.46,2.519,2.454,2.464,323826.17,2025-06-12 12:00:00
1749744000000,2.462,2.521,2.42,2.432,200939.22,2025-06-12 16:00:00
1749758400000,2.431,2.448,2.401,2.427,223042.6,2025-06-12 20:00:00
1749772800000,2.426,2.426,2.236,2.324,789080.17,2025-06-13 00:00:00
1749787200000,2.324,2.326,2.268,2.294,240966.81,2025-06-13 04:00:00
1749801600000,2.295,2.319,2.28,2.309,188365.85,2025-06-13 08:00:00
1749816000000,2.308,2.336,2.277,2.325,250677.17,2025-06-13 12:00:00
1749830400000,2.326,2.349,2.289,2.304,194764.99,2025-06-13 16:00:00
1749844800000,2.305,2.351,2.298,2.339,90926.75,2025-06-13 20:00:00
1749859200000,2.339,2.346,2.321,2.338,70029.97,2025-06-14 00:00:00
1749873600000,2.337,2.349,2.32,2.333,78674.99,2025-06-14 04:00:00
1749888000000,2.332,2.351,2.319,2.35,79924.25,2025-06-14 08:00:00
1749902400000,2.35,2.352,2.312,2.325,165058.48,2025-06-14 12:00:00
1749916800000,2.324,2.329,2.269,2.297,148995.01,2025-06-14 16:00:00
1749931200000,2.298,2.334,2.279,2.325,76065.92,2025-06-14 20:00:00
1749945600000,2.326,2.342,2.321,2.334,37775.57,2025-06-15 00:00:00
1749960000000,2.333,2.348,2.31,2.314,56226.46,2025-06-15 04:00:00
1749974400000,2.314,2.318,2.297,2.305,93459.66,2025-06-15 08:00:00
1749988800000,2.306,2.334,2.3,2.316,88492.57,2025-06-15 12:00:00
1750003200000,2.317,2.321,2.286,2.293,111076.54,2025-06-15 16:00:00
1750017600000,2.293,2.319,2.266,2.315,119776.66,2025-06-15 20:00:00
1750032000000,2.315,2.342,2.287,2.329,98187.04,2025-06-16 00:00:00
1750046400000,2.329,2.396,2.328,2.391,227362.32,2025-06-16 04:00:00
1750060800000,2.391,2.41,2.372,2.384,337791.32,2025-06-16 08:00:00
1750075200000,2.385,2.437,2.369,2.414,344650.89,2025-06-16 12:00:00
1750089600000,2.414,2.448,2.414,2.444,101342.87,2025-06-16 16:00:00
1750104000000,2.445,2.456,2.35,2.355,408797.6,2025-06-16 20:00:00
1750118400000,2.356,2.38,2.3,2.367,597477.25,2025-06-17 00:00:00
1750132800000,2.367,2.369,2.323,2.326,121647.82,2025-06-17 04:00:00
1750147200000,2.325,2.328,2.292,2.3,150429.34,2025-06-17 08:00:00
1750161600000,2.299,2.323,2.246,2.273,298941.53,2025-06-17 12:00:00
1750176000000,2.272,2.308,2.228,2.293,388741.82,2025-06-17 16:00:00
1750190400000,2.292,2.303,2.246,2.263,115178.5,2025-06-17 20:00:00
1750204800000,2.264,2.29,2.255,2.284,88050.53,2025-06-18 00:00:00
1750219200000,2.285,2.308,2.277,2.284,93349.95,2025-06-18 04:00:00
1750233600000,2.285,2.298,2.217,2.25,189044.32,2025-06-18 08:00:00
1750248000000,2.249,2.271,2.194,2.244,250570.47,2025-06-18 12:00:00
1750262400000,2.244,2.265,2.209,2.221,211641.21,2025-06-18 16:00:00
1750276800000,2.221,2.287,2.208,2.266,122137.96,2025-06-18 20:00:00
1750291200000,2.266,2.29,2.237,2.255,95415.87,2025-06-19 00:00:00
1750305600000,2.257,2.272,2.239,2.242,101878.85,2025-06-19 04:00:00
1750320000000,2.242,2.259,2.238,2.241,49236.34,2025-06-19 08:00:00
1750334400000,2.241,2.246,2.214,2.225,120319.9,2025-06-19 12:00:00
1750348800000,2.223,2.249,2.201,2.229,69544.18,2025-06-19 16:00:00
1750363200000,2.227,2.254,2.225,2.242,67871.07,2025-06-19 20:00:00
1750377600000,2.243,2.257,2.23,2.239,61705.0,2025-06-20 00:00:00
1750392000000,2.238,2.276,2.22,2.274,72540.04,2025-06-20 04:00:00
1750406400000,2.275,2.301,2.272,2.298,112995.33,2025-06-20 08:00:00
1750420800000,2.299,2.313,2.236,2.24,95802.47,2025-06-20 12:00:00
1750435200000,2.241,2.241,2.134,2.2,337242.42,2025-06-20 16:00:00
1750449600000,2.2,2.225,2.168,2.195,85692.86,2025-06-20 20:00:00
1750464000000,2.195,2.229,2.192,2.223,86522.64,2025-06-21 00:00:00
1750478400000,2.223,2.234,2.218,2.228,57343.35,2025-06-21 04:00:00
1750492800000,2.23,2.232,2.215,2.217,58710.49,2025-06-21 08:00:00
1750507200000,2.218,2.224,2.163,2.178,115333.37,2025-06-21 12:00:00
1750521600000,2.178,2.184,2.131,2.134,160107.23,2025-06-21 16:00:00
1750536000000,2.133,2.148,2.041,2.102,458040.23,2025-06-21 20:00:00
1750550400000,2.102,2.127,2.051,2.065,198009.33,2025-06-22 00:00:00
1750564800000,2.063,2.101,2.057,2.076,144470.07,2025-06-22 04:00:00
1750579200000,2.077,2.089,2.035,2.075,207822.28,2025-06-22 08:00:00
1750593600000,2.075,2.088,1.959,1.987,1178401.24,2025-06-22 12:00:00
1750608000000,1.987,2.014,1.97,1.975,251155.53,2025-06-22 16:00:00
1750622400000,1.976,2.051,1.915,2.041,449455.78,2025-06-22 20:00:00
1750636800000,2.041,2.07,2.038,2.048,86603.4,2025-06-23 00:00:00
1750651200000,2.05,2.091,2.049,2.072,218004.94,2025-06-23 04:00:00
1750665600000,2.073,2.083,2.063,2.075,192005.25,2025-06-23 08:00:00
1750680000000,2.076,2.15,2.064,2.106,615987.06,2025-06-23 12:00:00
1750694400000,2.106,2.172,2.054,2.164,229020.11,2025-06-23 16:00:00
1750708800000,2.167,2.265,2.166,2.256,253568.26,2025-06-23 20:00:00
1750723200000,2.257,2.272,2.246,2.255,121724.74,2025-06-24 00:00:00
1750737600000,2.255,2.307,2.253,2.275,173369.57,2025-06-24 04:00:00
1750752000000,2.273,2.287,2.251,2.26,380774.62,2025-06-24 08:00:00
1750766400000,2.26,2.274,2.245,2.255,358416.84,2025-06-24 12:00:00
1750780800000,2.258,2.298,2.239,2.255,167339.05,2025-06-24 16:00:00
1750795200000,2.253,2.287,2.25,2.287,58238.56,2025-06-24 20:00:00
1750809600000,2.287,2.294,2.267,2.278,93467.69,2025-06-25 00:00:00
1750824000000,2.277,2.288,2.261,2.277,109247.77,2025-06-25 04:00:00
1750838400000,2.277,2.283,2.242,2.27,159956.85,2025-06-25 08:00:00
1750852800000,2.271,2.291,2.223,2.225,161222.12,2025-06-25 12:00:00
1750867200000,2.226,2.239,2.199,2.233,237234.57,2025-06-25 16:00:00
1750881600000,2.233,2.253,2.21,2.228,65320.24,2025-06-25 20:00:00
1750896000000,2.226,2.283,2.223,2.252,158527.89,2025-06-26 00:00:00
1750910400000,2.252,2.266,2.22,2.253,157839.99,2025-06-26 04:00:00
1750924800000,2.253,2.262,2.212,2.212,140280.71,2025-06-26 08:00:00
1750939200000,2.212,2.213,2.148,2.187,192461.4,2025-06-26 12:00:00
1750953600000,2.185,2.185,2.144,2.171,139366.54,2025-06-26 16:00:00
1750968000000,2.17,2.201,2.154,2.164,168015.57,2025-06-26 20:00:00
1750982400000,2.165,2.19,2.134,2.186,93360.04,2025-06-27 00:00:00
1750996800000,2.187,2.201,2.16,2.164,103496.87,2025-06-27 04:00:00
1751011200000,2.164,2.192,2.153,2.157,104447.24,2025-06-27 08:00:00
1751025600000,2.158,2.17,2.129,2.165,189929.99,2025-06-27 12:00:00
1751040000000,2.165,2.197,2.122,2.143,222862.49,2025-06-27 16:00:00
1751054400000,2.143,2.182,2.141,2.178,116876.5,2025-06-27 20:00:00
1751068800000,2.178,2.179,2.162,2.163,92575.43,2025-06-28 00:00:00
1751083200000,2.163,2.172,2.156,2.169,75541.65,2025-06-28 04:00:00
1751097600000,2.169,2.174,2.154,2.165,56802.99,2025-06-28 08:00:00
1751112000000,2.165,2.182,2.153,2.181,41648.42,2025-06-28 12:00:00
1751126400000,2.181,2.202,2.176,2.193,73027.15,2025-06-28 16:00:00
1751140800000,2.193,2.22,2.187,2.209,61484.18,2025-06-28 20:00:00
1751155200000,2.209,2.226,2.194,2.201,58557.99,2025-06-29 00:00:00
1751169600000,2.202,2.237,2.2,2.237,45254.43,2025-06-29 04:00:00
1751184000000,2.238,2.267,2.236,2.263,95317.85,2025-06-29 08:00:00
1751198400000,2.264,2.267,2.236,2.243,92219.79,2025-06-29 12:00:00
1751212800000,2.243,2.265,2.24,2.257,79025.65,2025-06-29 16:00:00
1751227200000,2.259,2.36,2.24,2.338,222662.0,2025-06-29 20:00:00
1751241600000,2.337,2.356,2.297,2.302,109052.39,2025-06-30 00:00:00
1751256000000,2.301,2.302,2.256,2.288,92823.58,2025-06-30 04:00:00
1751270400000,2.288,2.293,2.243,2.243,135664.56,2025-06-30 08:00:00
1751284800000,2.243,2.254,2.208,2.233,164342.18,2025-06-30 12:00:00
1751299200000,2.234,2.272,2.224,2.27,125922.09,2025-06-30 16:00:00
1751313600000,2.269,2.282,2.245,2.258,131067.11,2025-06-30 20:00:00
1751328000000,2.259,2.262,2.233,2.238,183461.65,2025-07-01 00:00:00
1751342400000,2.237,2.237,2.174,2.2,241472.54,2025-07-01 04:00:00
1751356800000,2.2,2.2,2.16,2.166,172429.63,2025-07-01 08:00:00
1751371200000,2.166,2.173,2.141,2.153,195760.82,2025-07-01 12:00:00
1751385600000,2.153,2.165,2.128,2.129,83930.91,2025-07-01 16:00:00
1751400000000,2.129,2.147,2.108,2.129,102798.4,2025-07-01 20:00:00
1751414400000,2.129,2.154,2.111,2.146,135003.76,2025-07-02 00:00:00
1751428800000,2.146,2.185,2.14,2.167,407241.62,2025-07-02 04:00:00
1751443200000,2.168,2.191,2.159,2.178,253245.52,2025-07-02 08:00:00
1751457600000,2.177,2.229,2.162,2.229,294551.91,2025-07-02 12:00:00
1751472000000,2.229,2.369,2.229,2.364,659491.54,2025-07-02 16:00:00
1751486400000,2.363,2.38,2.317,2.321,261170.61,2025-07-02 20:00:00
1751500800000,2.322,2.344,2.317,2.323,113083.91,2025-07-03 00:00:00
1751515200000,2.323,2.387,2.319,2.371,213506.22,2025-07-03 04:00:00
1751529600000,2.372,2.386,2.331,2.333,287858.35,2025-07-03 08:00:00
1751544000000,2.333,2.352,2.283,2.287,795514.83,2025-07-03 12:00:00
1751558400000,2.289,2.312,2.287,2.312,145415.21,2025-07-03 16:00:00
1751572800000,2.311,2.328,2.305,2.31,53202.07,2025-07-03 20:00:00
1751587200000,2.31,2.319,2.279,2.28,161691.51,2025-07-04 00:00:00
1751601600000,2.279,2.286,2.215,2.217,201026.63,2025-07-04 04:00:00
1751616000000,2.217,2.243,2.204,2.216,261870.95,2025-07-04 08:00:00
1751630400000,2.216,2.22,2.168,2.168,399001.25,2025-07-04 12:00:00
1751644800000,2.168,2.17,2.122,2.125,471662.19,2025-07-04 16:00:00
1751659200000,2.125,2.159,2.114,2.152,285359.14,2025-07-04 20:00:00
1751673600000,2.15,2.169,2.137,2.162,232489.94,2025-07-05 00:00:00
1751688000000,2.163,2.171,2.143,2.16,139430.76,2025-07-05 04:00:00
1751702400000,2.159,2.164,2.14,2.152,137685.34,2025-07-05 08:00:00
1751716800000,2.153,2.153,2.133,2.14,179312.28,2025-07-05 12:00:00
1751731200000,2.139,2.155,2.106,2.124,187847.94,2025-07-05 16:00:00
1751745600000,2.124,2.154,2.12,2.149,65605.6,2025-07-05 20:00:00
1751760000000,2.149,2.154,2.136,2.138,73955.74,2025-07-06 00:00:00
1751774400000,2.137,2.157,2.13,2.146,62579.71,2025-07-06 04:00:00
1751788800000,2.146,2.154,2.133,2.153,84142.91,2025-07-06 08:00:00
1751803200000,2.153,2.197,2.14,2.18,130551.81,2025-07-06 12:00:00
1751817600000,2.181,2.196,2.163,2.169,77881.1,2025-07-06 16:00:00
1751832000000,2.168,2.208,2.166,2.173,124589.62,2025-07-06 20:00:00
1751846400000,2.174,2.196,2.161,2.179,74635.06,2025-07-07 00:00:00
1751860800000,2.18,2.19,2.154,2.182,135584.32,2025-07-07 04:00:00
1751875200000,2.182,2.183,2.139,2.15,144852.7,2025-07-07 08:00:00
1751889600000,2.15,2.171,2.119,2.131,361212.11,2025-07-07 12:00:00
1751904000000,2.131,2.143,2.104,2.129,287666.27,2025-07-07 16:00:00
1751918400000,2.128,2.135,2.107,2.133,135723.24,2025-07-07 20:00:00
1751932800000,2.133,2.141,2.104,2.114,307414.68,2025-07-08 00:00:00
1751947200000,2.113,2.12,2.103,2.113,267604.32,2025-07-08 04:00:00
1751961600000,2.114,2.149,2.101,2.137,370716.06,2025-07-08 08:00:00
1751976000000,2.138,2.154,2.117,2.12,137470.07,2025-07-08 12:00:00
1751990400000,2.121,2.182,2.119,2.17,134050.07,2025-07-08 16:00:00
1752004800000,2.17,2.172,2.156,2.162,95006.87,2025-07-08 20:00:00
1752019200000,2.164,2.168,2.137,2.145,105423.24,2025-07-09 00:00:00
1752033600000,2.145,2.189,2.139,2.187,171039.12,2025-07-09 04:00:00
1752048000000,2.189,2.21,2.178,2.203,305898.42,2025-07-09 08:00:00
1752062400000,2.204,2.214,2.179,2.197,300028.23,2025-07-09 12:00:00
1752076800000,2.198,2.269,2.194,2.266,207921.11,2025-07-09 16:00:00
1752091200000,2.267,2.312,2.259,2.29,313161.5,2025-07-09 20:00:00
1752105600000,2.291,2.311,2.269,2.288,262168.39,2025-07-10 00:00:00
1752120000000,2.288,2.3,2.273,2.288,228061.59,2025-07-10 04:00:00
1752134400000,2.289,2.303,2.28,2.296,104433.76,2025-07-10 08:00:00
1752148800000,2.296,2.308,2.273,2.277,174826.84,2025-07-10 12:00:00
1752163200000,2.279,2.37,2.277,2.349,382511.29,2025-07-10 16:00:00
1752177600000,2.35,2.474,2.349,2.459,520517.92,2025-07-10 20:00:00
1752192000000,2.46,2.511,2.416,2.504,347380.12,2025-07-11 00:00:00
1752206400000,2.503,2.565,2.49,2.493,475508.37,2025-07-11 04:00:00
1752220800000,2.493,2.597,2.493,2.514,736839.28,2025-07-11 08:00:00
1752235200000,2.514,2.574,2.494,2.504,442185.92,2025-07-11 12:00:00
1752249600000,2.505,2.562,2.493,2.555,191267.54,2025-07-11 16:00:00
1752264000000,2.554,2.554,2.419,2.456,232292.67,2025-07-11 20:00:00
1752278400000,2.456,2.496,2.418,2.482,147945.89,2025-07-12 00:00:00
1752292800000,2.481,2.511,2.421,2.511,198094.66,2025-07-12 04:00:00
1752307200000,2.511,2.518,2.477,2.508,123436.51,2025-07-12 08:00:00
1752321600000,2.507,2.517,2.38,2.399,299345.07,2025-07-12 12:00:00
1752336000000,2.4,2.459,2.39,2.453,96202.09,2025-07-12 16:00:00
1752350400000,2.452,2.462,2.413,2.459,73518.69,2025-07-12 20:00:00
1752364800000,2.46,2.482,2.439,2.467,139686.51,2025-07-13 00:00:00
1752379200000,2.466,2.512,2.45,2.502,107337.45,2025-07-13 04:00:00
1752393600000,2.502,2.51,2.469,2.501,118258.88,2025-07-13 08:00:00
1752408000000,2.5,2.598,2.489,2.547,333398.61,2025-07-13 12:00:00
1752422400000,2.547,2.562,2.503,2.535,131702.64,2025-07-13 16:00:00
1752436800000,2.535,2.56,2.482,2.509,201654.67,2025-07-13 20:00:00
1752451200000,2.509,2.591,2.499,2.572,196443.86,2025-07-14 00:00:00
1752465600000,2.572,2.629,2.543,2.589,325633.1,2025-07-14 04:00:00
1752480000000,2.591,2.593,2.539,2.546,194604.29,2025-07-14 08:00:00
1752494400000,2.546,2.57,2.456,2.477,464080.86,2025-07-14 12:00:00
1752508800000,2.476,2.496,2.406,2.434,404430.17,2025-07-14 16:00:00
1752523200000,2.434,2.456,2.371,2.451,700724.75,2025-07-14 20:00:00
1752537600000,2.45,2.471,2.366,2.387,239224.27,2025-07-15 00:00:00
1752552000000,2.386,2.441,2.36,2.408,227807.3,2025-07-15 04:00:00
1752566400000,2.409,2.421,2.385,2.413,141675.93,2025-07-15 08:00:00
1752580800000,2.414,2.48,2.392,2.458,546323.51,2025-07-15 12:00:00
1752595200000,2.459,2.549,2.457,2.475,197991.35,2025-07-15 16:00:00
1752609600000,2.476,2.566,2.467,2.559,143469.54,2025-07-15 20:00:00
1752624000000,2.561,2.591,2.526,2.53,528137.89,2025-07-16 00:00:00
1752638400000,2.531,2.603,2.517,2.594,118442.2,2025-07-16 04:00:00
1752652800000,2.595,2.616,2.553,2.564,371270.69,2025-07-16 08:00:00
1752667200000,2.565,2.61,2.545,2.575,159133.83,2025-07-16 12:00:00
1752681600000,2.577,2.666,2.569,2.633,262284.4,2025-07-16 16:00:00
1752696000000,2.635,2.691,2.608,2.624,196583.72,2025-07-16 20:00:00
1752710400000,2.626,2.657,2.551,2.567,159012.85,2025-07-17 00:00:00
1752724800000,2.567,2.632,2.556,2.619,300206.97,2025-07-17 04:00:00
1752739200000,2.62,2.661,2.611,2.627,322898.29,2025-07-17 08:00:00
1752753600000,2.628,2.661,2.585,2.618,276312.3,2025-07-17 12:00:00
1752768000000,2.618,2.631,2.548,2.578,272376.32,2025-07-17 16:00:00
1752782400000,2.579,2.678,2.538,2.645,367117.67,2025-07-17 20:00:00
1752796800000,2.646,2.72,2.625,2.72,218343.6,2025-07-18 00:00:00
1752811200000,2.72,2.821,2.714,2.755,439285.23,2025-07-18 04:00:00
1752825600000,2.756,2.798,2.722,2.76,633096.06,2025-07-18 08:00:00
1752840000000,2.761,2.815,2.66,2.686,400246.17,2025-07-18 12:00:00
1752854400000,2.688,2.737,2.654,2.67,341075.09,2025-07-18 16:00:00
1752868800000,2.671,2.674,2.581,2.642,258042.46,2025-07-18 20:00:00
1752883200000,2.642,2.702,2.573,2.694,243803.56,2025-07-19 00:00:00
1752897600000,2.695,2.725,2.658,2.663,128444.62,2025-07-19 04:00:00
1752912000000,2.663,2.669,2.612,2.617,107003.82,2025-07-19 08:00:00
1752926400000,2.615,2.626,2.557,2.591,112222.27,2025-07-19 12:00:00
1752940800000,2.592,2.689,2.583,2.68,145941.72,2025-07-19 16:00:00
1752955200000,2.678,2.71,2.648,2.705,129947.13,2025-07-19 20:00:00
1752969600000,2.707,2.749,2.693,2.722,75056.95,2025-07-20 00:00:00
1752984000000,2.721,2.775,2.715,2.756,99074.56,2025-07-20 04:00:00
1752998400000,2.756,2.798,2.755,2.789,260073.2,2025-07-20 08:00:00
1753012800000,2.789,2.85,2.771,2.844,165159.73,2025-07-20 12:00:00
1753027200000,2.844,2.885,2.827,2.837,563473.54,2025-07-20 16:00:00
1753041600000,2.838,2.852,2.753,2.819,287048.04,2025-07-20 20:00:00
1753056000000,2.819,2.893,2.762,2.885,359601.52,2025-07-21 00:00:00
1753070400000,2.884,2.89,2.835,2.873,343590.51,2025-07-21 04:00:00
1753084800000,2.874,2.904,2.831,2.864,552253.65,2025-07-21 08:00:00
1753099200000,2.866,2.916,2.84,2.889,505510.25,2025-07-21 12:00:00
1753113600000,2.889,2.929,2.819,2.834,407267.53,2025-07-21 16:00:00
1753128000000,2.834,2.897,2.826,2.875,120260.68,2025-07-21 20:00:00
1753142400000,2.875,2.895,2.772,2.804,327427.62,2025-07-22 00:00:00
1753156800000,2.802,2.81,2.737,2.765,380463.22,2025-07-22 04:00:00
1753171200000,2.765,2.795,2.694,2.777,243454.09,2025-07-22 08:00:00
1753185600000,2.777,2.835,2.714,2.826,391281.23,2025-07-22 12:00:00
1753200000000,2.826,2.862,2.783,2.795,414886.13,2025-07-22 16:00:00
1753214400000,2.793,2.898,2.788,2.894,210371.1,2025-07-22 20:00:00
1753228800000,2.893,2.906,2.824,2.838,249271.87,2025-07-23 00:00:00
1753243200000,2.839,2.929,2.832,2.849,508055.47,2025-07-23 04:00:00
1753257600000,2.849,2.887,2.772,2.796,242299.04,2025-07-23 08:00:00
1753272000000,2.797,2.807,2.61,2.674,621279.1,2025-07-23 12:00:00
1753286400000,2.673,2.676,2.563,2.602,379605.37,2025-07-23 16:00:00
1753300800000,2.602,2.616,2.505,2.592,561642.94,2025-07-23 20:00:00
1753315200000,2.592,2.625,2.576,2.588,237105.18,2025-07-24 00:00:00
1753329600000,2.59,2.6,2.408,2.484,511782.4,2025-07-24 04:00:00
1753344000000,2.483,2.542,2.468,2.536,253890.88,2025-07-24 08:00:00
1753358400000,2.534,2.616,2.483,2.576,265496.81,2025-07-24 12:00:00
1753372800000,2.576,2.603,2.512,2.569,279613.36,2025-07-24 16:00:00
1753387200000,2.569,2.6,2.502,2.512,275139.84,2025-07-24 20:00:00
1753401600000,2.513,2.537,2.437,2.472,342772.81,2025-07-25 00:00:00
1753416000000,2.471,2.511,2.444,2.48,153013.8,2025-07-25 04:00:00
1753430400000,2.48,2.583,2.48,2.571,179746.05,2025-07-25 08:00:00
1753444800000,2.57,2.584,2.46,2.495,204554.44,2025-07-25 12:00:00
1753459200000,2.493,2.536,2.479,2.519,97064.87,2025-07-25 16:00:00
1753473600000,2.518,2.614,2.517,2.6,139275.91,2025-07-25 20:00:00
1753488000000,2.6,2.615,2.582,2.605,166484.73,2025-07-26 00:00:00
1753502400000,2.604,2.607,2.586,2.597,56958.05,2025-07-26 04:00:00
1753516800000,2.596,2.617,2.593,2.597,114555.74,2025-07-26 08:00:00
1753531200000,2.597,2.613,2.584,2.604,54056.73,2025-07-26 12:00:00
1753545600000,2.604,2.634,2.579,2.63,76289.8,2025-07-26 16:00:00
1753560000000,2.63,2.63,2.588,2.591,34371.45,2025-07-26 20:00:00
1753574400000,2.591,2.636,2.582,2.607,95225.84,2025-07-27 00:00:00
1753588800000,2.607,2.638,2.604,2.619,79464.63,2025-07-27 04:00:00
1753603200000,2.62,2.629,2.579,2.604,149479.42,2025-07-27 08:00:00
1753617600000,2.604,2.629,2.579,2.599,108522.71,2025-07-27 12:00:00
1753632000000,2.6,2.643,2.6,2.616,145602.89,2025-07-27 16:00:00
1753646400000,2.617,2.675,2.614,2.653,109249.35,2025-07-27 20:00:00
1753660800000,2.655,2.679,2.611,2.663,165703.06,2025-07-28 00:00:00
1753675200000,2.665,2.707,2.648,2.666,155627.02,2025-07-28 04:00:00
1753689600000,2.665,2.693,2.648,2.663,126680.47,2025-07-28 08:00:00
1753704000000,2.662,2.669,2.52,2.536,240058.85,2025-07-28 12:00:00
1753718400000,2.537,2.546,2.47,2.491,289548.23,2025-07-28 16:00:00
1753732800000,2.492,2.495,2.43,2.459,272065.71,2025-07-28 20:00:00
1753747200000,2.459,2.475,2.4,2.448,418750.06,2025-07-29 00:00:00
1753761600000,2.448,2.529,2.43,2.522,451246.88,2025-07-29 04:00:00
1753776000000,2.522,2.525,2.429,2.451,214154.78,2025-07-29 08:00:00
1753790400000,2.451,2.489,2.4,2.422,269555.35,2025-07-29 12:00:00
1753804800000,2.422,2.429,2.374,2.392,228229.2,2025-07-29 16:00:00
1753819200000,2.392,2.426,2.366,2.422,148415.2,2025-07-29 20:00:00
1753833600000,2.421,2.431,2.376,2.406,107075.92,2025-07-30 00:00:00
1753848000000,2.407,2.42,2.378,2.386,145268.72,2025-07-30 04:00:00
1753862400000,2.385,2.409,2.323,2.34,204876.83,2025-07-30 08:00:00
1753876800000,2.34,2.399,2.32,2.385,442216.16,2025-07-30 12:00:00
1753891200000,2.385,2.414,2.266,2.373,355827.95,2025-07-30 16:00:00
1753905600000,2.373,2.406,2.354,2.397,140946.11,2025-07-30 20:00:00
1753920000000,2.398,2.446,2.39,2.438,133410.27,2025-07-31 00:00:00
1753934400000,2.438,2.457,2.433,2.449,53229.71,2025-07-31 04:00:00
1753948800000,2.448,2.466,2.42,2.427,359615.54,2025-07-31 08:00:00
1753963200000,2.426,2.428,2.341,2.374,161871.14,2025-07-31 12:00:00
1753977600000,2.373,2.437,2.348,2.354,252942.58,2025-07-31 16:00:00
1753992000000,2.355,2.358,2.259,2.271,225184.66,2025-07-31 20:00:00
1754006400000,2.274,2.29,2.217,2.288,326066.6,2025-08-01 00:00:00
1754020800000,2.286,2.286,2.219,2.237,389217.02,2025-08-01 04:00:00
1754035200000,2.236,2.237,2.18,2.229,310029.01,2025-08-01 08:00:00
1754049600000,2.228,2.263,2.174,2.254,344652.01,2025-08-01 12:00:00
1754064000000,2.253,2.264,2.195,2.248,235141.36,2025-08-01 16:00:00
1754078400000,2.247,2.258,2.135,2.215,341571.31,2025-08-01 20:00:00
1754092800000,2.216,2.244,2.21,2.234,76576.19,2025-08-02 00:00:00
1754107200000,2.235,2.245,2.171,2.226,148846.75,2025-08-02 04:00:00
1754121600000,2.227,2.23,2.185,2.207,105560.95,2025-08-02 08:00:00
1754136000000,2.206,2.212,2.162,2.171,94018.89,2025-08-02 12:00:00
1754150400000,2.171,2.201,2.116,2.142,447202.35,2025-08-02 16:00:00
1754164800000,2.141,2.173,2.139,2.164,148134.47,2025-08-02 20:00:00
1754179200000,2.164,2.207,2.138,2.197,145680.87,2025-08-03 00:00:00
1754193600000,2.198,2.218,2.187,2.216,52807.69,2025-08-03 04:00:00
1754208000000,2.216,2.256,2.21,2.243,114369.6,2025-08-03 08:00:00
1754222400000,2.243,2.251,2.219,2.244,83226.76,2025-08-03 12:00:00
1754236800000,2.243,2.249,2.225,2.239,62080.53,2025-08-03 16:00:00
1754251200000,2.24,2.265,2.234,2.25,68542.22,2025-08-03 20:00:00
1754265600000,2.252,2.298,2.248,2.276,105503.89,2025-08-04 00:00:00
1754280000000,2.275,2.288,2.259,2.276,191922.61,2025-08-04 04:00:00
1754294400000,2.276,2.286,2.266,2.271,195844.43,2025-08-04 08:00:00
1754308800000,2.272,2.32,2.262,2.303,175078.04,2025-08-04 12:00:00
1754323200000,2.304,2.352,2.304,2.31,115116.91,2025-08-04 16:00:00
1754337600000,2.31,2.353,2.307,2.342,110316.09,2025-08-04 20:00:00
1754352000000,2.342,2.347,2.302,2.304,146655.0,2025-08-05 00:00:00
1754366400000,2.304,2.313,2.255,2.259,158489.08,2025-08-05 04:00:00
1754380800000,2.26,2.337,2.255,2.334,112085.82,2025-08-05 08:00:00
1754395200000,2.333,2.338,2.234,2.243,265167.97,2025-08-05 12:00:00
1754409600000,2.244,2.264,2.224,2.23,92214.95,2025-08-05 16:00:00
1754424000000,2.23,2.269,2.21,2.264,160387.79,2025-08-05 20:00:00
1754438400000,2.263,2.263,2.208,2.213,107029.68,2025-08-06 00:00:00
1754452800000,2.212,2.272,2.203,2.269,138635.93,2025-08-06 04:00:00
1754467200000,2.27,2.274,2.244,2.247,80901.63,2025-08-06 08:00:00
1754481600000,2.249,2.299,2.225,2.297,155484.36,2025-08-06 12:00:00
1754496000000,2.298,2.305,2.27,2.292,139025.44,2025-08-06 16:00:00
1754510400000,2.293,2.294,2.279,2.283,53510.96,2025-08-06 20:00:00
1754524800000,2.283,2.303,2.262,2.264,93259.57,2025-08-07 00:00:00
1754539200000,2.263,2.297,2.262,2.292,147659.25,2025-08-07 04:00:00
1754553600000,2.292,2.377,2.288,2.375,204653.41,2025-08-07 08:00:00
1754568000000,2.375,2.384,2.34,2.349,137893.88,2025-08-07 12:00:00
1754582400000,2.349,2.357,2.301,2.353,130773.47,2025-08-07 16:00:00
1754596800000,2.354,2.397,2.353,2.394,134184.94,2025-08-07 20:00:00
1754611200000,2.393,2.429,2.364,2.4,446403.6,2025-08-08 00:00:00
1754625600000,2.4,2.419,2.375,2.416,91809.76,2025-08-08 04:00:00
1754640000000,2.417,2.433,2.393,2.415,123685.47,2025-08-08 08:00:00
1754654400000,2.414,2.456,2.373,2.392,94275.01,2025-08-08 12:00:00
1754668800000,2.391,2.476,2.391,2.459,139192.03,2025-08-08 16:00:00
1754683200000,2.459,2.464,2.442,2.446,70075.65,2025-08-08 20:00:00
1754697600000,2.446,2.46,2.441,2.451,50510.24,2025-08-09 00:00:00
1754712000000,2.451,2.526,2.445,2.513,167704.44,2025-08-09 04:00:00
1754726400000,2.514,2.54,2.509,2.529,81942.25,2025-08-09 08:00:00
1754740800000,2.529,2.552,2.501,2.519,133414.03,2025-08-09 12:00:00
1754755200000,2.52,2.552,2.519,2.542,91165.92,2025-08-09 16:00:00
1754769600000,2.543,2.57,2.531,2.533,130655.22,2025-08-09 20:00:00
1754784000000,2.535,2.586,2.529,2.569,238956.47,2025-08-10 00:00:00
1754798400000,2.569,2.596,2.485,2.485,221319.52,2025-08-10 04:00:00
1754812800000,2.486,2.51,2.458,2.472,93443.22,2025-08-10 08:00:00
1754827200000,2.471,2.528,2.459,2.513,213390.74,2025-08-10 12:00:00
1754841600000,2.514,2.542,2.501,2.532,117162.14,2025-08-10 16:00:00
1754856000000,2.534,2.534,2.494,2.527,81358.67,2025-08-10 20:00:00
1754870400000,2.527,2.586,2.504,2.572,123167.29,2025-08-11 00:00:00
1754884800000,2.573,2.587,2.493,2.498,103654.52,2025-08-11 04:00:00
1754899200000,2.498,2.515,2.412,2.419,156916.24,2025-08-11 08:00:00
1754913600000,2.419,2.455,2.397,2.449,330549.61,2025-08-11 12:00:00
1754928000000,2.449,2.491,2.41,2.426,439282.15,2025-08-11 16:00:00
1754942400000,2.425,2.426,2.352,2.377,225217.57,2025-08-11 20:00:00
1754956800000,2.378,2.415,2.37,2.381,143080.52,2025-08-12 00:00:00
1754971200000,2.38,2.403,2.35,2.402,117822.75,2025-08-12 04:00:00
1754985600000,2.403,2.403,2.336,2.367,109301.09,2025-08-12 08:00:00
1755000000000,2.367,2.486,2.355,2.485,288983.6,2025-08-12 12:00:00
1755014400000,2.485,2.544,2.475,2.53,202558.01,2025-08-12 16:00:00
1755028800000,2.53,2.558,2.524,2.53,145900.19,2025-08-12 20:00:00
1755043200000,2.531,2.562,2.507,2.551,155162.94,2025-08-13 00:00:00
1755057600000,2.55,2.571,2.516,2.559,88808.72,2025-08-13 04:00:00
1755072000000,2.559,2.628,2.555,2.602,377457.52,2025-08-13 08:00:00
1755086400000,2.603,2.64,2.57,2.595,304497.18,2025-08-13 12:00:00
1755100800000,2.597,2.63,2.59,2.63,281189.16,2025-08-13 16:00:00
1755115200000,2.629,2.675,2.608,2.645,245481.16,2025-08-13 20:00:00
1755129600000,2.645,2.679,2.612,2.664,143391.38,2025-08-14 00:00:00
1755144000000,2.663,2.676,2.582,2.594,173056.33,2025-08-14 04:00:00
1755158400000,2.594,2.594,2.542,2.555,204860.62,2025-08-14 08:00:00
1755172800000,2.555,2.57,2.4,2.428,905928.29,2025-08-14 12:00:00
1755187200000,2.427,2.427,2.356,2.381,311388.12,2025-08-14 16:00:00
1755201600000,2.381,2.388,2.327,2.376,321643.83,2025-08-14 20:00:00
1755216000000,2.375,2.413,2.365,2.405,167635.78,2025-08-15 00:00:00
1755230400000,2.406,2.424,2.382,2.396,194859.61,2025-08-15 04:00:00
1755244800000,2.397,2.406,2.369,2.376,146852.31,2025-08-15 08:00:00
1755259200000,2.376,2.402,2.274,2.286,453941.33,2025-08-15 12:00:00
1755273600000,2.286,2.316,2.262,2.286,179537.57,2025-08-15 16:00:00
1755288000000,2.287,2.361,2.281,2.342,120330.1,2025-08-15 20:00:00
1755302400000,2.342,2.375,2.339,2.367,110070.79,2025-08-16 00:00:00
1755316800000,2.367,2.396,2.362,2.389,147192.57,2025-08-16 04:00:00
1755331200000,2.389,2.404,2.366,2.373,112243.39,2025-08-16 08:00:00
1755345600000,2.374,2.466,2.37,2.449,415828.14,2025-08-16 12:00:00
1755360000000,2.449,2.449,2.401,2.405,210039.93,2025-08-16 16:00:00
1755374400000,2.405,2.433,2.404,2.424,67223.87,2025-08-16 20:00:00
1755388800000,2.425,2.434,2.4,2.416,67121.36,2025-08-17 00:00:00
1755403200000,2.416,2.435,2.413,2.428,169924.03,2025-08-17 04:00:00
1755417600000,2.429,2.453,2.427,2.451,87049.55,2025-08-17 08:00:00
1755432000000,2.452,2.484,2.43,2.482,161946.17,2025-08-17 12:00:00
1755446400000,2.483,2.493,2.395,2.408,190067.33,2025-08-17 16:00:00
1755460800000,2.409,2.432,2.4,2.402,96572.07,2025-08-17 20:00:00
1755475200000,2.402,2.403,2.29,2.311,246567.15,2025-08-18 00:00:00
1755489600000,2.311,2.34,2.282,2.296,305573.83,2025-08-18 04:00:00
1755504000000,2.296,2.312,2.27,2.294,168111.64,2025-08-18 08:00:00
1755518400000,2.293,2.325,2.277,2.31,126844.76,2025-08-18 12:00:00
1755532800000,2.309,2.335,2.288,2.308,100237.63,2025-08-18 16:00:00
1755547200000,2.307,2.342,2.292,2.306,83761.14,2025-08-18 20:00:00
1755561600000,2.307,2.338,2.245,2.254,186425.69,2025-08-19 00:00:00
1755576000000,2.254,2.276,2.231,2.263,180552.05,2025-08-19 04:00:00
1755590400000,2.264,2.312,2.248,2.308,119859.31,2025-08-19 08:00:00
1755604800000,2.307,2.318,2.242,2.257,207397.96,2025-08-19 12:00:00
1755619200000,2.258,2.258,2.214,2.238,148761.92,2025-08-19 16:00:00
1755633600000,2.237,2.254,2.212,2.219,87868.14,2025-08-19 20:00:00
1755648000000,2.219,2.258,2.208,2.246,101581.8,2025-08-20 00:00:00
1755662400000,2.246,2.273,2.243,2.247,231304.38,2025-08-20 04:00:00
1755676800000,2.248,2.279,2.24,2.268,94622.29,2025-08-20 08:00:00
1755691200000,2.269,2.319,2.218,2.295,248242.89,2025-08-20 12:00:00
1755705600000,2.296,2.35,2.292,2.347,138060.54,2025-08-20 16:00:00
1755720000000,2.347,2.354,2.328,2.332,102170.72,2025-08-20 20:00:00
1755734400000,2.331,2.349,2.314,2.326,65334.33,2025-08-21 00:00:00
1755748800000,2.327,2.338,2.304,2.323,51144.47,2025-08-21 04:00:00
1755763200000,2.322,2.324,2.285,2.293,75487.07,2025-08-21 08:00:00
1755777600000,2.293,2.313,2.26,2.269,208357.32,2025-08-21 12:00:00
1755792000000,2.27,2.296,2.26,2.266,65568.61,2025-08-21 16:00:00
1755806400000,2.269,2.301,2.257,2.276,60307.9,2025-08-21 20:00:00
1755820800000,2.276,2.3,2.254,2.266,56658.09,2025-08-22 00:00:00
1755835200000,2.266,2.288,2.26,2.284,80790.98,2025-08-22 04:00:00
1755849600000,2.283,2.296,2.223,2.226,270662.5,2025-08-22 08:00:00
1755864000000,2.226,2.406,2.173,2.379,1044993.86,2025-08-22 12:00:00
1755878400000,2.38,2.513,2.38,2.488,618883.5,2025-08-22 16:00:00
1755892800000,2.489,2.52,2.484,2.503,225451.1,2025-08-22 20:00:00
1755907200000,2.503,2.514,2.422,2.449,429260.89,2025-08-23 00:00:00
1755921600000,2.449,2.512,2.449,2.47,256444.21,2025-08-23 04:00:00
1755936000000,2.471,2.486,2.458,2.469,126612.79,2025-08-23 08:00:00
1755950400000,2.47,2.485,2.446,2.462,428045.19,2025-08-23 12:00:00
1755964800000,2.463,2.497,2.458,2.497,83422.34,2025-08-23 16:00:00
1755979200000,2.497,2.498,2.47,2.478,46527.36,2025-08-23 20:00:00
1755993600000,2.478,2.488,2.441,2.453,52849.5,2025-08-24 00:00:00
1756008000000,2.453,2.461,2.402,2.402,86320.94,2025-08-24 04:00:00
1756022400000,2.402,2.413,2.363,2.378,90795.79,2025-08-24 08:00:00
1756036800000,2.377,2.414,2.374,2.391,80805.18,2025-08-24 12:00:00
1756051200000,2.39,2.54,2.379,2.455,543589.87,2025-08-24 16:00:00
1756065600000,2.456,2.478,2.403,2.422,278280.09,2025-08-24 20:00:00
1756080000000,2.423,2.463,2.367,2.439,312679.8,2025-08-25 00:00:00
1756094400000,2.439,2.449,2.308,2.315,202626.45,2025-08-25 04:00:00
1756108800000,2.317,2.325,2.276,2.308,223930.79,2025-08-25 08:00:00
1756123200000,2.307,2.339,2.286,2.31,307755.3,2025-08-25 12:00:00
1756137600000,2.309,2.327,2.244,2.248,233276.31,2025-08-25 16:00:00
1756152000000,2.248,2.253,2.157,2.206,948626.02,2025-08-25 20:00:00
1756166400000,2.206,2.25,2.18,2.219,591266.77,2025-08-26 00:00:00
1756180800000,2.22,2.264,2.22,2.251,151824.77,2025-08-26 04:00:00
1756195200000,2.25,2.254,2.223,2.233,112615.15,2025-08-26 08:00:00
1756209600000,2.234,2.296,2.22,2.276,327242.07,2025-08-26 12:00:00
1756224000000,2.277,2.334,2.273,2.329,168849.67,2025-08-26 16:00:00
1756238400000,2.33,2.341,2.312,2.321,88304.69,2025-08-26 20:00:00
1756252800000,2.321,2.347,2.3,2.336,178226.67,2025-08-27 00:00:00
1756267200000,2.337,2.358,2.297,2.305,169448.64,2025-08-27 04:00:00
1756281600000,2.306,2.322,2.293,2.319,82017.48,2025-08-27 08:00:00
1756296000000,2.318,2.346,2.296,2.337,178825.46,2025-08-27 12:00:00
1756310400000,2.337,2.362,2.317,2.335,135357.14,2025-08-27 16:00:00
1756324800000,2.335,2.352,2.292,2.304,409193.7,2025-08-27 20:00:00
1756339200000,2.304,2.349,2.287,2.349,161136.52,2025-08-28 00:00:00
1756353600000,2.349,2.362,2.337,2.349,165830.74,2025-08-28 04:00:00
1756368000000,2.35,2.371,2.331,2.344,176600.85,2025-08-28 08:00:00
1756382400000,2.345,2.401,2.34,2.36,231384.55,2025-08-28 12:00:00
1756396800000,2.362,2.377,2.32,2.32,153769.44,2025-08-28 16:00:00
1756411200000,2.321,2.4,2.317,2.397,111547.31,2025-08-28 20:00:00
1756425600000,2.398,2.41,2.359,2.375,388069.36,2025-08-29 00:00:00
1756440000000,2.376,2.381,2.287,2.289,254891.74,2025-08-29 04:00:00
1756454400000,2.289,2.305,2.243,2.288,208646.03,2025-08-29 08:00:00
1756468800000,2.288,2.34,2.244,2.261,487003.63,2025-08-29 12:00:00
1756483200000,2.26,2.27,2.213,2.241,202206.64,2025-08-29 16:00:00
1756497600000,2.242,2.257,2.216,2.251,100249.53,2025-08-29 20:00:00
1756512000000,2.251,2.284,2.215,2.281,569950.11,2025-08-30 00:00:00
1756526400000,2.282,2.305,2.277,2.3,109729.31,2025-08-30 04:00:00
1756540800000,2.301,2.301,2.277,2.292,67390.67,2025-08-30 08:00:00
1756555200000,2.291,2.293,2.215,2.287,276117.41,2025-08-30 12:00:00
1756569600000,2.286,2.287,2.268,2.284,64109.86,2025-08-30 16:00:00
1756584000000,2.285,2.292,2.271,2.292,47432.1,2025-08-30 20:00:00
1756598400000,2.291,2.799,2.291,2.687,8997283.71,2025-08-31 00:00:00
1756612800000,2.688,2.739,2.592,2.639,2805468.7,2025-08-31 04:00:00
1756627200000,2.639,2.719,2.534,2.564,2333463.08,2025-08-31 08:00:00
1756641600000,2.563,2.597,2.486,2.51,1432033.87,2025-08-31 12:00:00
1756656000000,2.51,2.547,2.494,2.521,691967.52,2025-08-31 16:00:00
1756670400000,2.521,2.555,2.491,2.522,635818.71,2025-08-31 20:00:00
1756684800000,2.522,2.54,2.426,2.443,1140030.62,2025-09-01 00:00:00
1756699200000,2.443,2.477,2.4,2.476,686597.47,2025-09-01 04:00:00
1756713600000,2.473,2.479,2.395,2.396,509738.48,2025-09-01 08:00:00
1756728000000,2.396,2.418,2.365,2.375,489757.89,2025-09-01 12:00:00
1756742400000,2.374,2.376,2.344,2.364,245426.16,2025-09-01 16:00:00
1756756800000,2.363,2.365,2.293,2.33,444535.6,2025-09-01 20:00:00
1756771200000,2.329,2.382,2.298,2.363,480404.19,2025-09-02 00:00:00
1756785600000,2.363,2.387,2.346,2.353,247944.35,2025-09-02 04:00:00
1756800000000,2.352,2.375,2.351,2.356,156647.21,2025-09-02 08:00:00
1756814400000,2.355,2.38,2.301,2.319,316393.16,2025-09-02 12:00:00
1756828800000,2.319,2.342,2.3,2.314,94750.6,2025-09-02 16:00:00
1756843200000,2.312,2.363,2.305,2.36,112950.65,2025-09-02 20:00:00
1756857600000,2.36,2.38,2.338,2.363,125082.48,2025-09-03 00:00:00
1756872000000,2.363,2.366,2.328,2.345,128681.43,2025-09-03 04:00:00
1756886400000,2.344,2.376,2.339,2.367,136864.83,2025-09-03 08:00:00
1756900800000,2.367,2.431,2.359,2.414,358005.79,2025-09-03 12:00:00
1756915200000,2.415,2.423,2.4,2.412,177350.19,2025-09-03 16:00:00
1756929600000,2.412,2.419,2.398,2.403,105218.75,2025-09-03 20:00:00
1756944000000,2.403,2.413,2.361,2.364,217712.94,2025-09-04 00:00:00
1756958400000,2.363,2.373,2.329,2.347,203029.16,2025-09-04 04:00:00
1756972800000,2.346,2.367,2.336,2.351,252073.63,2025-09-04 08:00:00
1756987200000,2.352,2.362,2.303,2.31,265142.66,2025-09-04 12:00:00
1757001600000,2.31,2.323,2.276,2.281,226675.71,2025-09-04 16:00:00
1757016000000,2.281,2.331,2.279,2.304,209747.92,2025-09-04 20:00:00
1757030400000,2.304,2.333,2.301,2.331,123264.83,2025-09-05 00:00:00
1757044800000,2.331,2.389,2.329,2.383,170658.83,2025-09-05 04:00:00
1757059200000,2.383,2.396,2.362,2.384,162557.16,2025-09-05 08:00:00
1757073600000,2.384,2.417,2.342,2.361,430018.73,2025-09-05 12:00:00
1757088000000,2.36,2.382,2.348,2.381,174640.51,2025-09-05 16:00:00
1757102400000,2.382,2.4,2.372,2.395,143832.05,2025-09-05 20:00:00
1757116800000,2.396,2.403,2.376,2.394,150566.0,2025-09-06 00:00:00
1757131200000,2.394,2.398,2.372,2.38,82610.68,2025-09-06 04:00:00
1757145600000,2.38,2.386,2.36,2.377,142807.59,2025-09-06 08:00:00
1757160000000,2.376,2.39,2.363,2.366,106279.54,2025-09-06 12:00:00
1757174400000,2.365,2.38,2.344,2.349,76782.52,2025-09-06 16:00:00
1757188800000,2.348,2.382,2.346,2.364,337507.88,2025-09-06 20:00:00
1757203200000,2.363,2.397,2.35,2.397,115260.66,2025-09-07 00:00:00
1757217600000,2.397,2.43,2.397,2.422,218750.75,2025-09-07 04:00:00
1757232000000,2.425,2.482,2.425,2.453,294906.13,2025-09-07 08:00:00
1757246400000,2.454,2.459,2.433,2.456,123037.57,2025-09-07 12:00:00
1757260800000,2.455,2.462,2.433,2.453,90883.16,2025-09-07 16:00:00
1757275200000,2.452,2.477,2.445,2.457,129184.63,2025-09-07 20:00:00
1757289600000,2.458,2.482,2.438,2.469,111146.47,2025-09-08 00:00:00
1757304000000,2.469,2.469,2.439,2.452,145984.63,2025-09-08 04:00:00
1757318400000,2.453,2.494,2.451,2.474,140978.5,2025-09-08 08:00:00
1757332800000,2.475,2.509,2.466,2.5,149670.31,2025-09-08 12:00:00
1757347200000,2.5,2.515,2.477,2.483,150593.58,2025-09-08 16:00:00
1757361600000,2.484,2.581,2.468,2.5,791334.03,2025-09-08 20:00:00
1757376000000,2.5,2.56,2.479,2.505,931865.18,2025-09-09 00:00:00
1757390400000,2.504,2.567,2.501,2.556,406638.14,2025-09-09 04:00:00
1757404800000,2.556,2.573,2.532,2.538,276044.69,2025-09-09 08:00:00
1757419200000,2.539,2.562,2.461,2.471,387028.42,2025-09-09 12:00:00
1757433600000,2.471,2.5,2.457,2.493,195464.65,2025-09-09 16:00:00
1757448000000,2.492,2.511,2.477,2.488,339799.79,2025-09-09 20:00:00
1757462400000,2.489,2.518,2.45,2.517,386436.89,2025-09-10 00:00:00
1757476800000,2.516,2.529,2.496,2.508,147922.51,2025-09-10 04:00:00
1757491200000,2.508,2.526,2.495,2.506,123278.26,2025-09-10 08:00:00
1757505600000,2.506,2.575,2.503,2.559,470374.88,2025-09-10 12:00:00
1757520000000,2.56,2.565,2.506,2.517,178576.83,2025-09-10 16:00:00
1757534400000,2.516,2.549,2.516,2.547,50286.37,2025-09-10 20:00:00
1757548800000,2.546,2.559,2.538,2.553,64558.43,2025-09-11 00:00:00
1757563200000,2.553,2.588,2.526,2.562,162296.38,2025-09-11 04:00:00
1757577600000,2.563,2.569,2.519,2.521,138464.54,2025-09-11 08:00:00
1757592000000,2.522,2.55,2.487,2.496,381294.36,2025-09-11 12:00:00
1757606400000,2.495,2.537,2.492,2.532,76778.67,2025-09-11 16:00:00
1757620800000,2.532,2.574,2.527,2.559,99336.22,2025-09-11 20:00:00
1757635200000,2.559,2.597,2.559,2.569,132740.06,2025-09-12 00:00:00
1757649600000,2.57,2.625,2.562,2.598,217681.64,2025-09-12 04:00:00
1757664000000,2.598,2.598,2.555,2.56,135658.57,2025-09-12 08:00:00
1757678400000,2.56,2.593,2.548,2.575,109331.42,2025-09-12 12:00:00
1757692800000,2.576,2.634,2.572,2.629,204064.86,2025-09-12 16:00:00
1757707200000,2.629,2.654,2.613,2.637,171962.87,2025-09-12 20:00:00
1757721600000,2.637,2.648,2.621,2.636,104207.72,2025-09-13 00:00:00
1757736000000,2.637,2.64,2.619,2.626,79997.32,2025-09-13 04:00:00
1757750400000,2.627,2.676,2.627,2.675,210635.51,2025-09-13 08:00:00
1757764800000,2.675,2.689,2.619,2.652,338460.05,2025-09-13 12:00:00
1757779200000,2.652,2.672,2.604,2.655,265317.29,2025-09-13 16:00:00
1757793600000,2.655,2.7,2.654,2.682,240696.27,2025-09-13 20:00:00
1757808000000,2.681,2.684,2.611,2.614,112171.85,2025-09-14 00:00:00
1757822400000,2.613,2.642,2.585,2.618,488722.2,2025-09-14 04:00:00
1757836800000,2.618,2.628,2.556,2.56,191867.39,2025-09-14 08:00:00
1757851200000,2.56,2.576,2.507,2.526,202364.87,2025-09-14 12:00:00
1757865600000,2.526,2.559,2.52,2.538,76542.2,2025-09-14 16:00:00
1757880000000,2.538,2.573,2.532,2.541,80946.65,2025-09-14 20:00:00
1757894400000,2.541,2.569,2.511,2.565,82447.88,2025-09-15 00:00:00
1757908800000,2.565,2.579,2.494,2.504,178102.15,2025-09-15 04:00:00
1757923200000,2.504,2.504,2.437,2.452,486820.76,2025-09-15 08:00:00
1757937600000,2.452,2.454,2.391,2.411,255512.62,2025-09-15 12:00:00
1757952000000,2.41,2.423,2.381,2.414,124370.96,2025-09-15 16:00:00
1757966400000,2.413,2.427,2.411,2.425,59651.22,2025-09-15 20:00:00
1757980800000,2.425,2.425,2.391,2.392,110940.1,2025-09-16 00:00:00
1757995200000,2.394,2.44,2.374,2.431,201034.27,2025-09-16 04:00:00
1758009600000,2.431,2.453,2.423,2.437,179093.25,2025-09-16 08:00:00
1758024000000,2.436,2.458,2.407,2.458,173699.52,2025-09-16 12:00:00
1758038400000,2.458,2.476,2.444,2.473,115923.23,2025-09-16 16:00:00
1758052800000,2.473,2.488,2.466,2.473,88553.99,2025-09-16 20:00:00
1758067200000,2.473,2.491,2.461,2.461,105909.98,2025-09-17 00:00:00
1758081600000,2.462,2.474,2.439,2.463,112050.42,2025-09-17 04:00:00
1758096000000,2.464,2.464,2.409,2.422,263846.58,2025-09-17 08:00:00
1758110400000,2.422,2.43,2.393,2.4,107558.05,2025-09-17 12:00:00
1758124800000,2.4,2.472,2.385,2.47,262673.27,2025-09-17 16:00:00
1758139200000,2.471,2.538,2.442,2.522,213339.39,2025-09-17 20:00:00
1758153600000,2.522,2.546,2.51,2.541,126591.18,2025-09-18 00:00:00
1758168000000,2.542,2.545,2.508,2.522,175108.26,2025-09-18 04:00:00
1758182400000,2.524,2.548,2.52,2.532,168125.48,2025-09-18 08:00:00
1758196800000,2.532,2.566,2.523,2.56,162179.07,2025-09-18 12:00:00
1758211200000,2.56,2.598,2.559,2.588,144082.04,2025-09-18 16:00:00
1758225600000,2.588,2.605,2.572,2.585,135983.03,2025-09-18 20:00:00
1758240000000,2.586,2.629,2.556,2.558,229652.12,2025-09-19 00:00:00
1758254400000,2.558,2.571,2.519,2.538,351881.14,2025-09-19 04:00:00
1758268800000,2.537,2.553,2.482,2.488,165289.13,2025-09-19 08:00:00
1758283200000,2.488,2.515,2.453,2.474,220266.56,2025-09-19 12:00:00
1758297600000,2.473,2.488,2.441,2.454,109397.77,2025-09-19 16:00:00
1758312000000,2.454,2.471,2.425,2.439,124541.65,2025-09-19 20:00:00
1758326400000,2.44,2.447,2.411,2.426,94020.12,2025-09-20 00:00:00
1758340800000,2.426,2.46,2.419,2.459,90762.85,2025-09-20 04:00:00
1758355200000,2.458,2.459,2.412,2.43,78195.57,2025-09-20 08:00:00
1758369600000,2.429,2.478,2.423,2.468,97847.63,2025-09-20 12:00:00
1758384000000,2.467,2.473,2.433,2.438,123110.7,2025-09-20 16:00:00
1758398400000,2.438,2.454,2.424,2.43,68550.92,2025-09-20 20:00:00
1758412800000,2.43,2.444,2.413,2.438,86637.75,2025-09-21 00:00:00
1758427200000,2.439,2.467,2.427,2.454,81577.59,2025-09-21 04:00:00
1758441600000,2.455,2.458,2.4,2.414,277506.57,2025-09-21 08:00:00
1758456000000,2.415,2.435,2.406,2.409,145480.83,2025-09-21 12:00:00
1758470400000,2.408,2.417,2.373,2.405,314439.16,2025-09-21 16:00:00
1758484800000,2.404,2.406,2.375,2.377,104464.96,2025-09-21 20:00:00
1758499200000,2.377,2.387,2.266,2.295,711338.31,2025-09-22 00:00:00
1758513600000,2.294,2.307,2.113,2.196,845668.42,2025-09-22 04:00:00
1758528000000,2.196,2.215,2.181,2.193,294594.09,2025-09-22 08:00:00
1758542400000,2.192,2.222,2.186,2.196,376887.82,2025-09-22 12:00:00
1758556800000,2.195,2.206,2.16,2.167,195517.37,2025-09-22 16:00:00
1758571200000,2.166,2.21,2.163,2.205,63810.27,2025-09-22 20:00:00
1758585600000,2.206,2.213,2.143,2.185,178862.45,2025-09-23 00:00:00
1758600000000,2.186,2.226,2.163,2.217,134024.66,2025-09-23 04:00:00
1758614400000,2.218,2.241,2.216,2.225,84382.57,2025-09-23 08:00:00
1758628800000,2.224,2.238,2.197,2.228,129533.73,2025-09-23 12:00:00
1758643200000,2.228,2.25,2.191,2.193,115213.81,2025-09-23 16:00:00
1758657600000,2.193,2.226,2.191,2.204,77330.56,2025-09-23 20:00:00
1758672000000,2.204,2.239,2.186,2.194,122101.62,2025-09-24 00:00:00
1758686400000,2.193,2.232,2.162,2.23,248376.2,2025-09-24 04:00:00
1758700800000,2.231,2.246,2.224,2.235,152718.06,2025-09-24 08:00:00
1758715200000,2.236,2.256,2.219,2.233,93061.22,2025-09-24 12:00:00
1758729600000,2.233,2.245,2.223,2.23,48208.23,2025-09-24 16:00:00
1758744000000,2.229,2.231,2.201,2.209,57064.67,2025-09-24 20:00:00
1758758400000,2.21,2.212,2.156,2.176,169771.42,2025-09-25 00:00:00
1758772800000,2.176,2.183,2.117,2.122,323705.57,2025-09-25 04:00:00
1758787200000,2.122,2.15,2.1,2.115,727150.63,2025-09-25 08:00:00
1758801600000,2.115,2.17,2.079,2.13,436548.34,2025-09-25 12:00:00
1758816000000,2.131,2.134,2.0,2.088,666117.88,2025-09-25 16:00:00
1758830400000,2.089,2.093,2.04,2.059,207895.46,2025-09-25 20:00:00
1758844800000,2.059,2.094,2.056,2.085,512887.98,2025-09-26 00:00:00
1758859200000,2.085,2.092,2.056,2.073,594444.69,2025-09-26 04:00:00
1758873600000,2.074,2.088,2.044,2.072,358891.14,2025-09-26 08:00:00
1758888000000,2.07,2.106,2.052,2.098,308922.2,2025-09-26 12:00:00
1758902400000,2.097,2.158,2.095,2.14,182712.19,2025-09-26 16:00:00
1758916800000,2.139,2.158,2.132,2.157,93305.3,2025-09-26 20:00:00
1758931200000,2.157,2.177,2.153,2.169,64621.2,2025-09-27 00:00:00
1758945600000,2.169,2.182,2.156,2.165,63291.03,2025-09-27 04:00:00
1758960000000,2.165,2.165,2.134,2.152,85048.78,2025-09-27 08:00:00
1758974400000,2.154,2.168,2.138,2.167,82319.24,2025-09-27 12:00:00
1758988800000,2.167,2.17,2.126,2.132,56541.46,2025-09-27 16:00:00
1759003200000,2.132,2.152,2.128,2.133,47934.72,2025-09-27 20:00:00
1759017600000,2.133,2.138,2.108,2.122,86717.78,2025-09-28 00:00:00
1759032000000,2.122,2.126,2.096,2.102,58208.45,2025-09-28 04:00:00
1759046400000,2.102,2.109,2.085,2.094,128613.53,2025-09-28 08:00:00
1759060800000,2.094,2.122,2.076,2.112,89885.26,2025-09-28 12:00:00
1759075200000,2.113,2.137,2.108,2.136,233287.01,2025-09-28 16:00:00
1759089600000,2.137,2.191,2.136,2.17,228713.77,2025-09-28 20:00:00
1759104000000,2.171,2.172,2.149,2.159,39268.1,2025-09-29 00:00:00
1759118400000,2.158,2.159,2.116,2.132,53528.3,2025-09-29 04:00:00
1759132800000,2.133,2.148,2.099,2.114,112515.28,2025-09-29 08:00:00
1759147200000,2.112,2.153,2.072,2.126,273130.45,2025-09-29 12:00:00
1759161600000,2.127,2.138,2.098,2.132,99950.68,2025-09-29 16:00:00
1759176000000,2.132,2.163,2.126,2.128,134291.15,2025-09-29 20:00:00
1759190400000,2.128,2.133,2.079,2.089,173720.85,2025-09-30 00:00:00
1759204800000,2.089,2.102,2.072,2.08,275102.7,2025-09-30 04:00:00
1759219200000,2.081,2.084,2.061,2.08,141343.58,2025-09-30 08:00:00
1759233600000,2.079,2.084,2.024,2.041,300077.93,2025-09-30 12:00:00
1759248000000,2.04,2.112,2.028,2.103,272758.66,2025-09-30 16:00:00
1759262400000,2.103,2.113,2.083,2.101,90936.32,2025-09-30 20:00:00
1759276800000,2.102,2.105,2.076,2.079,68468.04,2025-10-01 00:00:00
1759291200000,2.078,2.118,2.077,2.102,116900.95,2025-10-01 04:00:00
1759305600000,2.103,2.214,2.102,2.186,317158.68,2025-10-01 08:00:00
1759320000000,2.186,2.205,2.169,2.197,85862.88,2025-10-01 12:00:00
1759334400000,2.198,2.244,2.185,2.226,438852.22,2025-10-01 16:00:00
1759348800000,2.228,2.232,2.211,2.229,115366.47,2025-10-01 20:00:00
1759363200000,2.229,2.262,2.222,2.252,96199.82,2025-10-02 00:00:00
1759377600000,2.251,2.276,2.246,2.251,215086.63,2025-10-02 04:00:00
1759392000000,2.251,2.267,2.241,2.255,115615.43,2025-10-02 08:00:00
1759406400000,2.254,2.264,2.206,2.252,164126.96,2025-10-02 12:00:00
1759420800000,2.252,2.304,2.25,2.295,157673.74,2025-10-02 16:00:00
1759435200000,2.295,2.301,2.272,2.285,114032.91,2025-10-02 20:00:00
1759449600000,2.285,2.287,2.243,2.256,121116.42,2025-10-03 00:00:00
1759464000000,2.257,2.281,2.246,2.26,111313.01,2025-10-03 04:00:00
1759478400000,2.26,2.27,2.245,2.252,77437.75,2025-10-03 08:00:00
1759492800000,2.252,2.307,2.238,2.305,270120.46,2025-10-03 12:00:00
1759507200000,2.306,2.339,2.257,2.296,253413.3,2025-10-03 16:00:00
1759521600000,2.297,2.306,2.283,2.284,70317.85,2025-10-03 20:00:00
1759536000000,2.284,2.29,2.243,2.256,80643.81,2025-10-04 00:00:00
1759550400000,2.255,2.269,2.246,2.254,68950.41,2025-10-04 04:00:00
1759564800000,2.254,2.257,2.204,2.216,112419.76,2025-10-04 08:00:00
1759579200000,2.216,2.239,2.182,2.186,97483.37,2025-10-04 12:00:00
1759593600000,2.187,2.208,2.183,2.2,42147.78,2025-10-04 16:00:00
1759608000000,2.2,2.211,2.199,2.205,27731.36,2025-10-04 20:00:00
1759622400000,2.205,2.252,2.189,2.238,77579.16,2025-10-05 00:00:00
1759636800000,2.238,2.289,2.235,2.288,135488.75,2025-10-05 04:00:00
1759651200000,2.289,2.299,2.23,2.249,134805.23,2025-10-05 08:00:00
1759665600000,2.248,2.256,2.226,2.25,76143.52,2025-10-05 12:00:00
1759680000000,2.248,2.25,2.177,2.181,110770.41,2025-10-05 16:00:00
1759694400000,2.181,2.199,2.169,2.183,357948.95,2025-10-05 20:00:00
1759708800000,2.184,2.206,2.164,2.193,118448.82,2025-10-06 00:00:00
1759723200000,2.193,2.219,2.178,2.198,87706.15,2025-10-06 04:00:00
1759737600000,2.199,2.22,2.197,2.208,64455.93,2025-10-06 08:00:00
1759752000000,2.209,2.269,2.209,2.261,195562.97,2025-10-06 12:00:00
1759766400000,2.261,2.333,2.258,2.331,575945.8,2025-10-06 16:00:00
1759780800000,2.33,2.361,2.299,2.309,318299.66,2025-10-06 20:00:00
1759795200000,2.31,2.323,2.297,2.303,82979.34,2025-10-07 00:00:00
1759809600000,2.303,2.322,2.266,2.273,117013.4,2025-10-07 04:00:00
1759824000000,2.274,2.283,2.24,2.282,116076.62,2025-10-07 08:00:00
1759838400000,2.281,2.3,2.15,2.159,649171.83,2025-10-07 12:00:00
1759852800000,2.159,2.184,2.137,2.157,231211.01,2025-10-07 16:00:00
1759867200000,2.156,2.178,2.131,2.139,114269.56,2025-10-07 20:00:00
1759881600000,2.139,2.168,2.087,2.125,199921.41,2025-10-08 00:00:00
1759896000000,2.125,2.14,2.114,2.138,101416.38,2025-10-08 04:00:00
1759910400000,2.14,2.154,2.128,2.136,118217.3,2025-10-08 08:00:00
1759924800000,2.135,2.173,2.125,2.149,126658.55,2025-10-08 12:00:00
1759939200000,2.15,2.217,2.145,2.209,176337.92,2025-10-08 16:00:00
1759953600000,2.209,2.217,2.181,2.191,84637.77,2025-10-08 20:00:00
1759968000000,2.191,2.193,2.125,2.157,123183.44,2025-10-09 00:00:00
1759982400000,2.156,2.176,2.138,2.145,203179.45,2025-10-09 04:00:00
1759996800000,2.144,2.147,2.098,2.107,255674.52,2025-10-09 08:00:00
1760011200000,2.109,2.119,2.07,2.097,250938.58,2025-10-09 12:00:00
1760025600000,2.097,2.254,2.091,2.19,1132687.44,2025-10-09 16:00:00
1760040000000,2.189,2.222,2.173,2.209,334447.06,2025-10-09 20:00:00
1760054400000,2.21,2.254,2.19,2.227,381400.65,2025-10-10 00:00:00
1760068800000,2.228,2.245,2.196,2.198,352419.68,2025-10-10 04:00:00
1760083200000,2.199,2.219,2.181,2.213,292218.04,2025-10-10 08:00:00
1760097600000,2.213,2.224,2.073,2.1,734957.76,2025-10-10 12:00:00
1760112000000,2.101,2.116,2.006,2.032,543626.22,2025-10-10 16:00:00
1760126400000,2.03,2.041,0.55,1.523,4579333.09,2025-10-10 20:00:00
1760140800000,1.525,1.645,1.472,1.574,1449799.67,2025-10-11 00:00:00
1760155200000,1.575,1.624,1.571,1.592,590313.31,2025-10-11 04:00:00
1760169600000,1.592,1.7,1.586,1.636,521131.05,2025-10-11 08:00:00
1760184000000,1.636,1.645,1.574,1.611,506981.43,2025-10-11 12:00:00
1760198400000,1.611,1.622,1.514,1.529,476685.77,2025-10-11 16:00:00
1760212800000,1.528,1.533,1.469,1.523,420920.07,2025-10-11 20:00:00
1760227200000,1.523,1.551,1.496,1.535,231436.45,2025-10-12 00:00:00
1760241600000,1.535,1.577,1.532,1.575,118586.28,2025-10-12 04:00:00
1760256000000,1.575,1.585,1.549,1.581,182659.0,2025-10-12 08:00:00
1760270400000,1.58,1.669,1.554,1.663,566443.57,2025-10-12 12:00:00
1760284800000,1.664,1.723,1.664,1.722,331710.42,2025-10-12 16:00:00
1760299200000,1.723,1.734,1.682,1.7,199497.94,2025-10-12 20:00:00
1760313600000,1.7,1.727,1.676,1.707,144757.28,2025-10-13 00:00:00
1760328000000,1.706,1.752,1.695,1.725,155662.73,2025-10-13 04:00:00
1760342400000,1.725,1.764,1.692,1.724,348529.82,2025-10-13 08:00:00
1760356800000,1.723,1.781,1.711,1.762,425336.61,2025-10-13 12:00:00
1760371200000,1.762,1.827,1.751,1.816,393220.83,2025-10-13 16:00:00
1760385600000,1.817,1.832,1.807,1.813,163145.5,2025-10-13 20:00:00
1760400000000,1.813,1.817,1.753,1.757,190859.18,2025-10-14 00:00:00
1760414400000,1.758,1.763,1.633,1.661,850196.7,2025-10-14 04:00:00
1760428800000,1.66,1.691,1.628,1.676,511603.72,2025-10-14 08:00:00
1760443200000,1.675,1.736,1.64,1.735,466705.51,2025-10-14 12:00:00
1760457600000,1.733,1.762,1.707,1.736,459431.04,2025-10-14 16:00:00
1760472000000,1.736,1.756,1.723,1.745,106925.16,2025-10-14 20:00:00
1760486400000,1.745,1.763,1.724,1.736,118636.52,2025-10-15 00:00:00
1760500800000,1.736,1.771,1.729,1.769,328253.34,2025-10-15 04:00:00
1760515200000,1.769,1.794,1.722,1.732,254361.68,2025-10-15 08:00:00
1760529600000,1.732,1.737,1.664,1.674,864783.06,2025-10-15 12:00:00
1760544000000,1.674,1.681,1.651,1.658,201339.02,2025-10-15 16:00:00
1760558400000,1.659,1.673,1.631,1.654,271306.67,2025-10-15 20:00:00
1760572800000,1.654,1.679,1.646,1.665,165214.59,2025-10-16 00:00:00
1760587200000,1.664,1.695,1.657,1.673,243547.8,2025-10-16 04:00:00
1760601600000,1.674,1.706,1.62,1.682,651622.29,2025-10-16 08:00:00
1760616000000,1.682,1.696,1.591,1.6,579225.68,2025-10-16 12:00:00
1760630400000,1.598,1.635,1.567,1.582,441088.94,2025-10-16 16:00:00
1760644800000,1.582,1.589,1.555,1.587,208748.2,2025-10-16 20:00:00
1760659200000,1.587,1.612,1.579,1.6,128811.77,2025-10-17 00:00:00
1760673600000,1.6,1.601,1.482,1.488,454560.16,2025-10-17 04:00:00
1760688000000,1.488,1.558,1.465,1.545,504946.41,2025-10-17 08:00:00
1760702400000,1.545,1.553,1.508,1.553,333320.67,2025-10-17 12:00:00
1760716800000,1.552,1.57,1.525,1.54,228507.09,2025-10-17 16:00:00
1760731200000,1.54,1.565,1.537,1.546,141510.21,2025-10-17 20:00:00
1760745600000,1.546,1.576,1.545,1.562,124638.26,2025-10-18 00:00:00
1760760000000,1.562,1.585,1.548,1.561,123352.4,2025-10-18 04:00:00
1760774400000,1.561,1.572,1.552,1.568,130795.32,2025-10-18 08:00:00
1760788800000,1.568,1.573,1.537,1.555,234785.44,2025-10-18 12:00:00
1760803200000,1.555,1.568,1.541,1.566,100356.39,2025-10-18 16:00:00
1760817600000,1.566,1.575,1.558,1.567,56063.24,2025-10-18 20:00:00
1760832000000,1.567,1.577,1.554,1.575,50657.22,2025-10-19 00:00:00
1760846400000,1.574,1.574,1.548,1.559,59698.15,2025-10-19 04:00:00
1760860800000,1.557,1.611,1.537,1.594,454898.42,2025-10-19 08:00:00
1760875200000,1.594,1.614,1.58,1.599,268162.81,2025-10-19 12:00:00
1760889600000,1.599,1.616,1.591,1.605,194375.86,2025-10-19 16:00:00
1760904000000,1.605,1.608,1.585,1.587,109051.5,2025-10-19 20:00:00
1760918400000,1.587,1.625,1.56,1.619,284852.71,2025-10-20 00:00:00
1760932800000,1.621,1.636,1.612,1.631,250038.27,2025-10-20 04:00:00
1760947200000,1.632,1.639,1.618,1.627,154634.09,2025-10-20 08:00:00
1760961600000,1.627,1.636,1.614,1.614,145010.04,2025-10-20 12:00:00
1760976000000,1.613,1.613,1.583,1.599,593492.78,2025-10-20 16:00:00
1760990400000,1.598,1.609,1.588,1.591,93749.33,2025-10-20 20:00:00
1761004800000,1.592,1.595,1.559,1.563,216077.68,2025-10-21 00:00:00
1761019200000,1.563,1.563,1.528,1.556,197668.05,2025-10-21 04:00:00
1761033600000,1.554,1.569,1.54,1.568,200142.17,2025-10-21 08:00:00
1761048000000,1.568,1.664,1.56,1.658,492767.6,2025-10-21 12:00:00
1761062400000,1.658,1.675,1.632,1.646,302507.24,2025-10-21 16:00:00
1761076800000,1.646,1.647,1.567,1.57,304560.51,2025-10-21 20:00:00
1761091200000,1.569,1.581,1.557,1.571,234617.0,2025-10-22 00:00:00
1761105600000,1.571,1.585,1.541,1.559,297725.29,2025-10-22 04:00:00
1761120000000,1.558,1.56,1.518,1.545,312787.96,2025-10-22 08:00:00
1761134400000,1.545,1.568,1.529,1.55,503486.74,2025-10-22 12:00:00
1761148800000,1.55,1.555,1.509,1.523,265325.8,2025-10-22 16:00:00
1761163200000,1.522,1.526,1.466,1.513,305085.87,2025-10-22 20:00:00
1761177600000,1.512,1.519,1.507,1.516,66383.23,2025-10-23 00:00:00
1761192000000,1.517,1.544,1.513,1.542,105413.15,2025-10-23 04:00:00
1761206400000,1.542,1.549,1.528,1.533,77518.6,2025-10-23 08:00:00
1761220800000,1.531,1.559,1.518,1.548,98550.41,2025-10-23 12:00:00
1761235200000,1.549,1.578,1.545,1.559,81604.89,2025-10-23 16:00:00
1761249600000,1.558,1.567,1.535,1.567,419079.35,2025-10-23 20:00:00
1761264000000,1.568,1.58,1.559,1.563,134819.12,2025-10-24 00:00:00
1761278400000,1.563,1.604,1.56,1.589,111696.34,2025-10-24 04:00:00
1761292800000,1.59,1.61,1.576,1.594,98862.78,2025-10-24 08:00:00
1761307200000,1.595,1.63,1.571,1.575,296981.24,2025-10-24 12:00:00
1761321600000,1.576,1.602,1.565,1.597,126232.05,2025-10-24 16:00:00
1761336000000,1.596,1.612,1.595,1.607,46507.13,2025-10-24 20:00:00
1761350400000,1.609,1.609,1.591,1.594,49530.84,2025-10-25 00:00:00
1761364800000,1.594,1.603,1.591,1.594,38217.9,2025-10-25 04:00:00
1761379200000,1.593,1.601,1.585,1.589,69220.61,2025-10-25 08:00:00
1761393600000,1.59,1.603,1.588,1.596,77083.91,2025-10-25 12:00:00
1761408000000,1.597,1.608,1.592,1.606,43778.57,2025-10-25 16:00:00
1761422400000,1.606,1.612,1.597,1.6,59931.94,2025-10-25 20:00:00
1761436800000,1.599,1.606,1.581,1.585,102581.22,2025-10-26 00:00:00
1761451200000,1.584,1.611,1.583,1.61,35178.25,2025-10-26 04:00:00
1761465600000,1.611,1.63,1.605,1.628,225190.94,2025-10-26 08:00:00
1761480000000,1.629,1.639,1.622,1.632,105195.84,2025-10-26 12:00:00
1761494400000,1.632,1.635,1.619,1.621,49772.47,2025-10-26 16:00:00
1761508800000,1.622,1.656,1.61,1.636,127538.04,2025-10-26 20:00:00
1761523200000,1.638,1.648,1.632,1.636,76900.58,2025-10-27 00:00:00
1761537600000,1.637,1.657,1.628,1.642,90869.85,2025-10-27 04:00:00
1761552000000,1.642,1.643,1.587,1.6,556404.55,2025-10-27 08:00:00
1761566400000,1.6,1.603,1.573,1.593,244748.32,2025-10-27 12:00:00
1761580800000,1.594,1.629,1.594,1.606,123155.0,2025-10-27 16:00:00
1761595200000,1.603,1.605,1.572,1.574,184678.85,2025-10-27 20:00:00
1761609600000,1.574,1.589,1.568,1.58,283460.13,2025-10-28 00:00:00
1761624000000,1.578,1.625,1.566,1.588,480792.25,2025-10-28 04:00:00
1761638400000,1.587,1.601,1.579,1.586,211194.38,2025-10-28 08:00:00
1761652800000,1.586,1.61,1.56,1.586,307831.72,2025-10-28 12:00:00
1761667200000,1.585,1.598,1.547,1.553,138534.83,2025-10-28 16:00:00
1761681600000,1.554,1.554,1.506,1.53,361830.46,2025-10-28 20:00:00
1761696000000,1.53,1.547,1.527,1.538,106883.93,2025-10-29 00:00:00
1761710400000,1.538,1.555,1.538,1.546,92024.67,2025-10-29 04:00:00
1761724800000,1.546,1.572,1.54,1.568,81137.25,2025-10-29 08:00:00
1761739200000,1.57,1.583,1.539,1.546,253533.04,2025-10-29 12:00:00
1761753600000,1.545,1.579,1.505,1.565,521014.88,2025-10-29 16:00:00
1761768000000,1.567,1.586,1.517,1.522,224396.49,2025-10-29 20:00:00
1761782400000,1.523,1.535,1.51,1.516,174474.24,2025-10-30 00:00:00
1761796800000,1.515,1.515,1.459,1.497,530954.4,2025-10-30 04:00:00
1761811200000,1.497,1.498,1.459,1.459,243487.58,2025-10-30 08:00:00
1761825600000,1.46,1.465,1.387,1.398,743471.57,2025-10-30 12:00:00
1761840000000,1.398,1.404,1.348,1.357,432386.25,2025-10-30 16:00:00
1761854400000,1.356,1.405,1.349,1.405,261194.51,2025-10-30 20:00:00
1761868800000,1.404,1.436,1.4,1.433,178929.65,2025-10-31 00:00:00
1761883200000,1.433,1.461,1.431,1.442,230842.74,2025-10-31 04:00:00
1761897600000,1.442,1.455,1.428,1.454,134937.05,2025-10-31 08:00:00
1761912000000,1.454,1.462,1.441,1.446,156351.73,2025-10-31 12:00:00
1761926400000,1.446,1.449,1.402,1.436,265819.48,2025-10-31 16:00:00
1761940800000,1.437,1.439,1.411,1.416,178528.57,2025-10-31 20:00:00
1761955200000,1.417,1.425,1.405,1.417,206773.16,2025-11-01 00:00:00
1761969600000,1.417,1.42,1.399,1.418,187223.94,2025-11-01 04:00:00
1761984000000,1.418,1.451,1.412,1.432,384029.71,2025-11-01 08:00:00
1761998400000,1.432,1.442,1.409,1.425,281219.32,2025-11-01 12:00:00
1762012800000,1.427,1.447,1.422,1.446,173567.65,2025-11-01 16:00:00
1762027200000,1.447,1.459,1.439,1.452,89944.29,2025-11-01 20:00:00
1762041600000,1.452,1.452,1.436,1.439,89566.65,2025-11-02 00:00:00
1762056000000,1.44,1.483,1.438,1.479,140692.47,2025-11-02 04:00:00
1762070400000,1.479,1.489,1.447,1.487,187062.65,2025-11-02 08:00:00
1762084800000,1.489,1.489,1.419,1.431,352261.37,2025-11-02 12:00:00
1762099200000,1.43,1.441,1.413,1.423,172935.01,2025-11-02 16:00:00
1762113600000,1.422,1.471,1.421,1.468,157009.04,2025-11-02 20:00:00
1762128000000,1.469,1.469,1.356,1.36,412460.36,2025-11-03 00:00:00
1762142400000,1.359,1.364,1.32,1.345,494515.06,2025-11-03 04:00:00
1762156800000,1.345,1.363,1.311,1.328,370227.99,2025-11-03 08:00:00
1762171200000,1.329,1.354,1.212,1.238,1062235.82,2025-11-03 12:00:00
1762185600000,1.239,1.298,1.221,1.25,500927.81,2025-11-03 16:00:00
1762200000000,1.251,1.256,1.228,1.255,281025.14,2025-11-03 20:00:00
1762214400000,1.255,1.282,1.244,1.28,254967.0,2025-11-04 00:00:00
1762228800000,1.281,1.285,1.207,1.214,876038.3,2025-11-04 04:00:00
1762243200000,1.215,1.243,1.208,1.23,605684.01,2025-11-04 08:00:00
1762257600000,1.23,1.258,1.204,1.234,554970.68,2025-11-04 12:00:00
1762272000000,1.234,1.243,1.15,1.168,1005137.13,2025-11-04 16:00:00
1762286400000,1.169,1.206,1.109,1.186,1266445.48,2025-11-04 20:00:00
1762300800000,1.186,1.217,1.122,1.209,507413.59,2025-11-05 00:00:00
1762315200000,1.21,1.223,1.198,1.217,253775.09,2025-11-05 04:00:00
1762329600000,1.216,1.224,1.195,1.223,185300.52,2025-11-05 08:00:00
1762344000000,1.224,1.241,1.218,1.237,213209.74,2025-11-05 12:00:00
1762358400000,1.237,1.241,1.222,1.226,251654.3,2025-11-05 16:00:00
1762372800000,1.228,1.231,1.207,1.219,235814.51,2025-11-05 20:00:00
1762387200000,1.22,1.221,1.189,1.199,641305.3,2025-11-06 00:00:00
1762401600000,1.199,1.206,1.168,1.173,549531.34,2025-11-06 04:00:00
1762416000000,1.171,1.183,1.164,1.178,243515.43,2025-11-06 08:00:00
1762430400000,1.178,1.197,1.146,1.154,302144.08,2025-11-06 12:00:00
1762444800000,1.155,1.228,1.137,1.226,432856.52,2025-11-06 16:00:00
1762459200000,1.227,1.241,1.211,1.233,431685.38,2025-11-06 20:00:00
1762473600000,1.233,1.295,1.233,1.29,682125.25,2025-11-07 00:00:00
1762488000000,1.291,1.347,1.273,1.346,723256.84,2025-11-07 04:00:00
1762502400000,1.346,1.351,1.283,1.3,797089.33,2025-11-07 08:00:00
1762516800000,1.301,1.345,1.257,1.339,866752.47,2025-11-07 12:00:00
1762531200000,1.34,1.515,1.335,1.49,2208437.18,2025-11-07 16:00:00
1762545600000,1.491,1.53,1.474,1.505,872336.13,2025-11-07 20:00:00
1762560000000,1.504,1.561,1.475,1.475,825846.76,2025-11-08 00:00:00
1762574400000,1.475,1.505,1.419,1.435,545486.75,2025-11-08 04:00:00
1762588800000,1.435,1.46,1.414,1.444,579214.61,2025-11-08 08:00:00
1762603200000,1.442,1.459,1.397,1.449,1091413.88,2025-11-08 12:00:00
1762617600000,1.449,1.454,1.408,1.436,1182496.95,2025-11-08 16:00:00
1762632000000,1.436,1.52,1.432,1.48,1469384.32,2025-11-08 20:00:00
1762646400000,1.48,1.481,1.365,1.372,784546.77,2025-11-09 00:00:00
1762660800000,1.372,1.404,1.371,1.4,333640.44,2025-11-09 04:00:00
1762675200000,1.4,1.407,1.36,1.402,231400.39,2025-11-09 08:00:00
1762689600000,1.402,1.447,1.398,1.441,333319.7,2025-11-09 12:00:00
1762704000000,1.44,1.465,1.431,1.465,208779.64,2025-11-09 16:00:00
1762718400000,1.466,1.469,1.429,1.441,156187.92,2025-11-09 20:00:00
1762732800000,1.44,1.466,1.428,1.456,163540.03,2025-11-10 00:00:00
1762747200000,1.455,1.472,1.44,1.454,234269.01,2025-11-10 04:00:00
1762761600000,1.452,1.469,1.428,1.459,203155.72,2025-11-10 08:00:00
1762776000000,1.458,1.462,1.412,1.433,338199.44,2025-11-10 12:00:00
1762790400000,1.433,1.464,1.408,1.45,190442.26,2025-11-10 16:00:00
1762804800000,1.451,1.49,1.44,1.471,252880.87,2025-11-10 20:00:00
1762819200000,1.472,1.495,1.442,1.47,305235.82,2025-11-11 00:00:00
1762833600000,1.469,1.473,1.396,1.397,354635.38,2025-11-11 04:00:00
1762848000000,1.396,1.427,1.395,1.418,263832.36,2025-11-11 08:00:00
1762862400000,1.417,1.426,1.399,1.41,288159.09,2025-11-11 12:00:00
1762876800000,1.41,1.432,1.367,1.37,309778.84,2025-11-11 16:00:00
1762891200000,1.369,1.379,1.349,1.355,225864.59,2025-11-11 20:00:00
1762905600000,1.356,1.39,1.345,1.378,186857.99,2025-11-12 00:00:00
1762920000000,1.379,1.401,1.372,1.374,113864.86,2025-11-12 04:00:00
1762934400000,1.375,1.422,1.374,1.411,226710.38,2025-11-12 08:00:00
1762948800000,1.411,1.428,1.359,1.366,355468.9,2025-11-12 12:00:00
1762963200000,1.364,1.368,1.291,1.311,410990.3,2025-11-12 16:00:00
1762977600000,1.31,1.337,1.305,1.319,160032.52,2025-11-12 20:00:00
1762992000000,1.319,1.349,1.309,1.337,234399.57,2025-11-13 00:00:00
1763006400000,1.337,1.354,1.327,1.336,236914.8,2025-11-13 04:00:00
1763020800000,1.337,1.364,1.335,1.353,146049.07,2025-11-13 08:00:00
1763035200000,1.354,1.417,1.33,1.345,585795.49,2025-11-13 12:00:00
1763049600000,1.345,1.346,1.235,1.244,497010.6,2025-11-13 16:00:00
1763064000000,1.244,1.29,1.228,1.277,190568.31,2025-11-13 20:00:00
1763078400000,1.279,1.294,1.256,1.262,134798.28,2025-11-14 00:00:00
1763092800000,1.263,1.284,1.211,1.272,298443.6,2025-11-14 04:00:00
1763107200000,1.272,1.278,1.247,1.257,126852.01,2025-11-14 08:00:00
1763121600000,1.255,1.291,1.229,1.276,305169.84,2025-11-14 12:00:00
1763136000000,1.278,1.293,1.266,1.286,177826.3,2025-11-14 16:00:00
1763150400000,1.287,1.288,1.222,1.251,194857.68,2025-11-14 20:00:00
1763164800000,1.252,1.291,1.252,1.287,100465.35,2025-11-15 00:00:00
1763179200000,1.288,1.303,1.28,1.281,128884.15,2025-11-15 04:00:00
1763193600000,1.28,1.282,1.242,1.261,341396.67,2025-11-15 08:00:00
1763208000000,1.261,1.285,1.259,1.278,106797.94,2025-11-15 12:00:00
1763222400000,1.278,1.298,1.268,1.291,156602.43,2025-11-15 16:00:00
1763236800000,1.29,1.295,1.273,1.28,118783.88,2025-11-15 20:00:00
1763251200000,1.281,1.308,1.258,1.293,183150.79,2025-11-16 00:00:00
1763265600000,1.292,1.296,1.278,1.295,114947.72,2025-11-16 04:00:00
1763280000000,1.295,1.304,1.267,1.269,138552.91,2025-11-16 08:00:00
1763294400000,1.27,1.278,1.226,1.229,177765.8,2025-11-16 12:00:00
1763308800000,1.23,1.242,1.193,1.215,386078.58,2025-11-16 16:00:00
1763323200000,1.214,1.247,1.201,1.237,148169.64,2025-11-16 20:00:00
1763337600000,1.235,1.263,1.221,1.263,132653.04,2025-11-17 00:00:00
1763352000000,1.263,1.266,1.248,1.263,106915.57,2025-11-17 04:00:00
1763366400000,1.263,1.294,1.261,1.284,181238.58,2025-11-17 08:00:00
1763380800000,1.285,1.293,1.234,1.238,366272.64,2025-11-17 12:00:00
1763395200000,1.24,1.259,1.185,1.194,342970.47,2025-11-17 16:00:00
1763409600000,1.193,1.215,1.177,1.213,280116.88,2025-11-17 20:00:00
1763424000000,1.213,1.238,1.192,1.232,229790.04,2025-11-18 00:00:00
1763438400000,1.234,1.253,1.213,1.24,311428.38,2025-11-18 04:00:00
1763452800000,1.241,1.306,1.24,1.254,1479610.58,2025-11-18 08:00:00
1763467200000,1.254,1.275,1.235,1.265,313345.04,2025-11-18 12:00:00
1763481600000,1.265,1.298,1.262,1.289,376830.75,2025-11-18 16:00:00
1763496000000,1.29,1.337,1.289,1.306,732554.55,2025-11-18 20:00:00
1763510400000,1.306,1.354,1.291,1.31,717937.46,2025-11-19 00:00:00
1763524800000,1.31,1.321,1.263,1.289,337530.34,2025-11-19 04:00:00
1763539200000,1.29,1.291,1.255,1.256,307532.9,2025-11-19 08:00:00
1763553600000,1.256,1.274,1.227,1.227,211046.29,2025-11-19 12:00:00
1763568000000,1.226,1.234,1.175,1.185,379032.15,2025-11-19 16:00:00
1763582400000,1.185,1.236,1.182,1.23,266327.58,2025-11-19 20:00:00
1763596800000,1.23,1.241,1.221,1.234,120586.5,2025-11-20 00:00:00
1763611200000,1.234,1.269,1.232,1.266,195658.65,2025-11-20 04:00:00
1763625600000,1.267,1.332,1.264,1.328,542963.71,2025-11-20 08:00:00
1763640000000,1.329,1.386,1.3,1.308,1654072.97,2025-11-20 12:00:00
1763654400000,1.307,1.311,1.18,1.199,829955.93,2025-11-20 16:00:00
1763668800000,1.199,1.23,1.184,1.204,580572.36,2025-11-20 20:00:00
1763683200000,1.203,1.254,1.184,1.232,1821649.42,2025-11-21 00:00:00
1763697600000,1.231,1.233,1.081,1.13,778187.18,2025-11-21 04:00:00
1763712000000,1.13,1.144,1.098,1.108,630041.84,2025-11-21 08:00:00
1763726400000,1.107,1.142,1.085,1.116,532183.71,2025-11-21 12:00:00
1763740800000,1.116,1.156,1.101,1.132,486576.61,2025-11-21 16:00:00
1763755200000,1.132,1.132,1.079,1.117,281259.01,2025-11-21 20:00:00
1763769600000,1.116,1.117,1.094,1.098,172050.89,2025-11-22 00:00:00
1763784000000,1.097,1.106,1.073,1.101,197665.11,2025-11-22 04:00:00
1763798400000,1.1,1.1,1.066,1.087,384105.05,2025-11-22 08:00:00
1763812800000,1.086,1.099,1.066,1.085,264364.94,2025-11-22 12:00:00
1763827200000,1.084,1.102,1.084,1.09,133698.13,2025-11-22 16:00:00
1763841600000,1.089,1.115,1.081,1.101,122181.94,2025-11-22 20:00:00
1763856000000,1.101,1.116,1.092,1.111,109559.88,2025-11-23 00:00:00
1763870400000,1.112,1.12,1.098,1.113,100882.42,2025-11-23 04:00:00
1763884800000,1.113,1.119,1.102,1.115,292839.13,2025-11-23 08:00:00
1763899200000,1.115,1.127,1.102,1.114,361078.09,2025-11-23 12:00:00
1763913600000,1.115,1.115,1.096,1.105,97964.14,2025-11-23 16:00:00
1763928000000,1.106,1.111,1.095,1.097,88981.82,2025-11-23 20:00:00
1763942400000,1.096,1.12,1.086,1.111,179439.9,2025-11-24 00:00:00
1763956800000,1.11,1.119,1.095,1.1,208949.69,2025-11-24 04:00:00
1763971200000,1.099,1.101,1.079,1.095,146328.63,2025-11-24 08:00:00
1763985600000,1.094,1.11,1.08,1.107,206175.68,2025-11-24 12:00:00
1764000000000,1.108,1.166,1.107,1.155,352356.61,2025-11-24 16:00:00
1764014400000,1.157,1.167,1.141,1.148,240379.01,2025-11-24 20:00:00
1764028800000,1.147,1.15,1.128,1.134,129839.65,2025-11-25 00:00:00
1764043200000,1.135,1.141,1.125,1.126,86442.56,2025-11-25 04:00:00
1764057600000,1.126,1.134,1.112,1.115,401481.99,2025-11-25 08:00:00
1764072000000,1.115,1.127,1.089,1.111,218852.99,2025-11-25 12:00:00
1764086400000,1.111,1.135,1.11,1.132,138240.98,2025-11-25 16:00:00
1764100800000,1.133,1.161,1.121,1.152,242096.78,2025-11-25 20:00:00
1764115200000,1.152,1.154,1.135,1.136,117067.48,2025-11-26 00:00:00
1764129600000,1.135,1.138,1.129,1.135,62696.79,2025-11-26 04:00:00
1764144000000,1.135,1.137,1.11,1.111,198992.43,2025-11-26 08:00:00
1764158400000,1.112,1.118,1.099,1.108,579059.49,2025-11-26 12:00:00
1764172800000,1.108,1.172,1.107,1.164,358022.19,2025-11-26 16:00:00
1764187200000,1.166,1.169,1.154,1.158,134207.14,2025-11-26 20:00:00
1764201600000,1.158,1.162,1.148,1.15,123164.97,2025-11-27 00:00:00
1764216000000,1.149,1.16,1.146,1.157,117155.43,2025-11-27 04:00:00
1764230400000,1.157,1.174,1.15,1.17,198563.55,2025-11-27 08:00:00
1764244800000,1.171,1.171,1.154,1.163,149584.04,2025-11-27 12:00:00
1764259200000,1.164,1.182,1.164,1.177,206976.49,2025-11-27 16:00:00
1764273600000,1.178,1.179,1.153,1.162,83600.41,2025-11-27 20:00:00
1764288000000,1.161,1.162,1.136,1.146,176062.46,2025-11-28 00:00:00
1764302400000,1.145,1.152,1.132,1.139,1677534.88,2025-11-28 04:00:00
1764316800000,1.139,1.169,1.138,1.156,177428.88,2025-11-28 08:00:00
1764331200000,1.157,1.171,1.147,1.163,214722.55,2025-11-28 12:00:00
1764345600000,1.163,1.164,1.122,1.138,146498.06,2025-11-28 16:00:00
1764360000000,1.137,1.143,1.126,1.137,100176.84,2025-11-28 20:00:00
1764374400000,1.135,1.148,1.13,1.139,92753.69,2025-11-29 00:00:00
1764388800000,1.138,1.145,1.13,1.137,159819.23,2025-11-29 04:00:00
1764403200000,1.137,1.137,1.117,1.131,101627.05,2025-11-29 08:00:00
1764417600000,1.131,1.132,1.119,1.124,74221.14,2025-11-29 12:00:00
1764432000000,1.124,1.125,1.102,1.11,165903.91,2025-11-29 16:00:00
1764446400000,1.109,1.112,1.104,1.107,60393.32,2025-11-29 20:00:00
1764460800000,1.108,1.113,1.094,1.11,102618.38,2025-11-30 00:00:00
1764475200000,1.11,1.112,1.097,1.106,49279.19,2025-11-30 04:00:00
1764489600000,1.107,1.113,1.094,1.097,127406.68,2025-11-30 08:00:00
1764504000000,1.096,1.12,1.09,1.103,184394.74,2025-11-30 12:00:00
1764518400000,1.102,1.114,1.102,1.108,41874.56,2025-11-30 16:00:00
1764532800000,1.109,1.112,1.083,1.085,109749.28,2025-11-30 20:00:00
1764547200000,1.085,1.087,0.99,0.99,729085.93,2025-12-01 00:00:00
1764561600000,0.989,1.009,0.987,1.0,653576.32,2025-12-01 04:00:00
1764576000000,0.999,1.009,0.998,1.004,353176.46,2025-12-01 08:00:00
1764590400000,1.005,1.019,0.984,0.999,328605.52,2025-12-01 12:00:00
1764604800000,1.0,1.004,0.984,0.995,149420.56,2025-12-01 16:00:00
1764619200000,0.996,1.018,0.996,1.013,125120.62,2025-12-01 20:00:00
1764633600000,1.013,1.021,0.999,1.009,127473.72,2025-12-02 00:00:00
1764648000000,1.01,1.013,1.004,1.007,133118.66,2025-12-02 04:00:00
1764662400000,1.007,1.018,0.997,1.015,215225.27,2025-12-02 08:00:00
1764676800000,1.016,1.107,1.016,1.103,482252.93,2025-12-02 12:00:00
1764691200000,1.104,1.118,1.098,1.099,326516.73,2025-12-02 16:00:00
1764705600000,1.099,1.106,1.083,1.092,134257.87,2025-12-02 20:00:00
1764720000000,1.092,1.109,1.089,1.105,167555.25,2025-12-03 00:00:00
1764734400000,1.104,1.123,1.102,1.122,216210.58,2025-12-03 04:00:00
1764748800000,1.122,1.125,1.106,1.113,276716.79,2025-12-03 08:00:00
1764763200000,1.113,1.122,1.091,1.112,712386.74,2025-12-03 12:00:00
1764777600000,1.111,1.146,1.109,1.137,441689.52,2025-12-03 16:00:00
1764792000000,1.137,1.159,1.136,1.146,321093.87,2025-12-03 20:00:00
1764806400000,1.146,1.154,1.129,1.131,116822.52,2025-12-04 00:00:00
1764820800000,1.131,1.132,1.113,1.12,241271.48,2025-12-04 04:00:00
1764835200000,1.119,1.133,1.111,1.116,414220.55,2025-12-04 08:00:00
1764849600000,1.116,1.124,1.1,1.119,266048.81,2025-12-04 12:00:00
1764864000000,1.119,1.119,1.065,1.088,259181.82,2025-12-04 16:00:00
1764878400000,1.087,1.093,1.077,1.081,78925.5,2025-12-04 20:00:00
1764892800000,1.08,1.092,1.078,1.082,96380.54,2025-12-05 00:00:00
1764907200000,1.082,1.091,1.073,1.087,84832.49,2025-12-05 04:00:00
1764921600000,1.086,1.087,1.053,1.059,218002.26,2025-12-05 08:00:00
1764936000000,1.058,1.069,1.042,1.052,352899.31,2025-12-05 12:00:00
1764950400000,1.051,1.052,1.004,1.022,470032.45,2025-12-05 16:00:00
1764964800000,1.021,1.036,1.016,1.028,122639.71,2025-12-05 20:00:00
1764979200000,1.029,1.035,1.02,1.033,85878.44,2025-12-06 00:00:00
1764993600000,1.033,1.036,1.024,1.029,53750.88,2025-12-06 04:00:00
1765008000000,1.03,1.048,1.026,1.046,260638.25,2025-12-06 08:00:00
1765022400000,1.047,1.082,1.044,1.078,409717.57,2025-12-06 12:00:00
1765036800000,1.079,1.093,1.059,1.062,908978.74,2025-12-06 16:00:00
1765051200000,1.062,1.077,1.059,1.07,343152.1,2025-12-06 20:00:00
1765065600000,1.069,1.083,1.065,1.071,129129.87,2025-12-07 00:00:00
1765080000000,1.071,1.079,1.061,1.064,90073.53,2025-12-07 04:00:00
1765094400000,1.063,1.064,1.041,1.044,203766.04,2025-12-07 08:00:00
1765108800000,1.044,1.05,1.007,1.043,462653.31,2025-12-07 12:00:00
1765123200000,1.043,1.057,1.021,1.054,230155.48,2025-12-07 16:00:00
1765137600000,1.055,1.055,1.002,1.019,267409.14,2025-12-07 20:00:00
1765152000000,1.019,1.041,1.014,1.039,187910.48,2025-12-08 00:00:00
1765166400000,1.039,1.056,1.038,1.055,118569.36,2025-12-08 04:00:00
1765180800000,1.056,1.066,1.05,1.06,140974.78,2025-12-08 08:00:00
1765195200000,1.061,1.068,1.041,1.046,244170.79,2025-12-08 12:00:00
1765209600000,1.045,1.063,1.03,1.035,264418.56,2025-12-08 16:00:00
1765224000000,1.036,1.048,1.031,1.044,144590.92,2025-12-08 20:00:00
1765238400000,1.045,1.046,1.023,1.035,146424.81,2025-12-09 00:00:00
1765252800000,1.035,1.036,1.018,1.032,169173.98,2025-12-09 04:00:00
1765267200000,1.033,1.034,1.022,1.033,133744.92,2025-12-09 08:00:00
1765281600000,1.033,1.08,1.031,1.078,1769613.61,2025-12-09 12:00:00
1765296000000,1.079,1.137,1.079,1.121,539393.34,2025-12-09 16:00:00
1765310400000,1.121,1.13,1.1,1.121,264674.14,2025-12-09 20:00:00
1765324800000,1.121,1.128,1.096,1.103,221765.4,2025-12-10 00:00:00
1765339200000,1.102,1.108,1.09,1.1,299440.45,2025-12-10 04:00:00
1765353600000,1.1,1.103,1.072,1.077,165330.74,2025-12-10 08:00:00
1765368000000,1.076,1.086,1.069,1.082,129839.53,2025-12-10 12:00:00
1765382400000,1.082,1.119,1.082,1.114,279233.25,2025-12-10 16:00:00
1765396800000,1.115,1.135,1.077,1.088,419191.09,2025-12-10 20:00:00
1765411200000,1.087,1.088,1.017,1.021,448086.4,2025-12-11 00:00:00
1765425600000,1.02,1.037,1.014,1.023,219739.13,2025-12-11 04:00:00
1765440000000,1.023,1.031,1.017,1.024,210517.54,2025-12-11 08:00:00
1765454400000,1.024,1.035,1.017,1.025,229014.35,2025-12-11 12:00:00
1765468800000,1.023,1.044,1.016,1.035,346414.85,2025-12-11 16:00:00
1765483200000,1.035,1.065,1.034,1.051,258927.2,2025-12-11 20:00:00
1765497600000,1.052,1.057,1.035,1.048,134067.72,2025-12-12 00:00:00
1765512000000,1.047,1.053,1.036,1.043,84542.3,2025-12-12 04:00:00
1765526400000,1.043,1.052,1.034,1.045,126254.78,2025-12-12 08:00:00
1765540800000,1.045,1.05,0.99,0.997,280541.74,2025-12-12 12:00:00
1765555200000,0.996,1.005,0.977,0.995,501256.07,2025-12-12 16:00:00
1765569600000,0.995,1.015,0.995,1.011,191987.52,2025-12-12 20:00:00
1765584000000,1.011,1.016,1.004,1.012,129571.32,2025-12-13 00:00:00
1765598400000,1.012,1.02,1.005,1.017,138637.73,2025-12-13 04:00:00
1765612800000,1.016,1.021,1.011,1.014,97515.9,2025-12-13 08:00:00
1765627200000,1.014,1.02,1.008,1.012,130985.08,2025-12-13 12:00:00
1765641600000,1.013,1.017,1.007,1.012,83353.59,2025-12-13 16:00:00
1765656000000,1.012,1.014,0.995,1.008,131410.21,2025-12-13 20:00:00
1765670400000,1.009,1.015,1.005,1.01,73862.7,2025-12-14 00:00:00
1765684800000,1.01,1.011,0.993,0.997,122740.97,2025-12-14 04:00:00
1765699200000,0.998,1.0,0.975,0.987,220895.48,2025-12-14 08:00:00
1765713600000,0.986,0.99,0.97,0.975,228331.62,2025-12-14 12:00:00
1765728000000,0.975,0.984,0.962,0.965,246405.62,2025-12-14 16:00:00
1765742400000,0.965,0.971,0.947,0.962,230883.15,2025-12-14 20:00:00
1765756800000,0.963,0.992,0.959,0.979,122837.48,2025-12-15 00:00:00
1765771200000,0.98,0.994,0.978,0.981,92883.7,2025-12-15 04:00:00
1765785600000,0.981,0.99,0.98,0.982,87199.99,2025-12-15 08:00:00
1765800000000,0.982,0.987,0.927,0.937,365726.63,2025-12-15 12:00:00
1765814400000,0.935,0.937,0.898,0.912,367323.63,2025-12-15 16:00:00
1765828800000,0.913,0.929,0.903,0.926,167888.56,2025-12-15 20:00:00
1765843200000,0.926,0.926,0.905,0.909,218001.85,2025-12-16 00:00:00
1765857600000,0.909,0.912,0.89,0.902,208970.51,2025-12-16 04:00:00
1765872000000,0.901,0.933,0.901,0.931,134834.77,2025-12-16 08:00:00
1765886400000,0.932,0.935,0.909,0.93,359299.8,2025-12-16 12:00:00
1765900800000,0.931,0.933,0.916,0.924,135483.35,2025-12-16 16:00:00
1765915200000,0.924,0.929,0.919,0.923,83251.34,2025-12-16 20:00:00
1765929600000,0.923,0.923,0.905,0.905,175077.17,2025-12-17 00:00:00
1765944000000,0.905,0.906,0.894,0.9,165748.42,2025-12-17 04:00:00
1765958400000,0.899,0.9,0.88,0.894,277992.96,2025-12-17 08:00:00
1765972800000,0.895,0.942,0.892,0.905,676751.55,2025-12-17 12:00:00
1765987200000,0.904,0.911,0.759,0.873,709054.68,2025-12-17 16:00:00
1766001600000,0.873,0.878,0.86,0.87,147294.41,2025-12-17 20:00:00
1766016000000,0.87,0.87,0.836,0.84,846694.96,2025-12-18 00:00:00
1766030400000,0.84,0.844,0.824,0.835,262598.05,2025-12-18 04:00:00
1766044800000,0.836,0.846,0.834,0.84,190748.86,2025-12-18 08:00:00
1766059200000,0.842,0.88,0.84,0.864,449940.0,2025-12-18 12:00:00
1766073600000,0.865,0.872,0.792,0.794,808960.52,2025-12-18 16:00:00
1766088000000,0.795,0.82,0.794,0.809,290215.58,2025-12-18 20:00:00
1766102400000,0.808,0.827,0.789,0.818,396187.43,2025-12-19 00:00:00
1766116800000,0.819,0.84,0.817,0.829,204558.85,2025-12-19 04:00:00
1766131200000,0.83,0.84,0.828,0.838,186666.63,2025-12-19 08:00:00
1766145600000,0.838,0.873,0.835,0.861,375217.95,2025-12-19 12:00:00
1766160000000,0.861,0.886,0.849,0.882,305767.85,2025-12-19 16:00:00
1766174400000,0.883,0.886,0.87,0.875,159287.83,2025-12-19 20:00:00
1766188800000,0.876,0.877,0.868,0.875,93331.79,2025-12-20 00:00:00
1766203200000,0.876,0.88,0.87,0.879,130400.26,2025-12-20 04:00:00
1766217600000,0.88,0.885,0.87,0.88,73185.8,2025-12-20 08:00:00
1766232000000,0.88,0.881,0.869,0.875,145395.31,2025-12-20 12:00:00
1766246400000,0.875,0.879,0.87,0.872,119261.21,2025-12-20 16:00:00
1766260800000,0.871,0.883,0.871,0.877,177257.24,2025-12-20 20:00:00
1766275200000,0.877,0.879,0.853,0.861,142928.99,2025-12-21 00:00:00
1766289600000,0.861,0.866,0.857,0.865,109002.7,2025-12-21 04:00:00
1766304000000,0.864,0.871,0.856,0.857,122815.51,2025-12-21 08:00:00
1766318400000,0.857,0.867,0.829,0.841,252040.93,2025-12-21 12:00:00
1766332800000,0.84,0.851,0.836,0.846,124444.51,2025-12-21 16:00:00
1766347200000,0.845,0.861,0.833,0.852,170967.32,2025-12-21 20:00:00
1766361600000,0.853,0.874,0.836,0.849,233508.8,2025-12-22 00:00:00
1766376000000,0.849,0.859,0.847,0.857,105560.05,2025-12-22 04:00:00
1766390400000,0.857,0.866,0.852,0.856,147890.31,2025-12-22 08:00:00
1766404800000,0.857,0.867,0.85,0.86,272277.13,2025-12-22 12:00:00
1766419200000,0.86,0.869,0.843,0.846,328518.79,2025-12-22 16:00:00
1766433600000,0.844,0.849,0.834,0.847,195750.5,2025-12-22 20:00:00
1766448000000,0.847,0.858,0.836,0.837,200717.9,2025-12-23 00:00:00
1766462400000,0.837,0.838,0.824,0.829,192695.9,2025-12-23 04:00:00
1766476800000,0.829,0.836,0.824,0.828,133397.6,2025-12-23 08:00:00
1766491200000,0.828,0.829,0.81,0.823,1192620.62,2025-12-23 12:00:00
1766505600000,0.823,0.856,0.822,0.855,555913.79,2025-12-23 16:00:00
1766520000000,0.856,0.878,0.852,0.857,554522.23,2025-12-23 20:00:00
1766534400000,0.857,0.859,0.831,0.839,235729.15,2025-12-24 00:00:00
1766548800000,0.839,0.843,0.825,0.832,218045.03,2025-12-24 04:00:00
1766563200000,0.832,0.838,0.823,0.833,275199.46,2025-12-24 08:00:00
1766577600000,0.833,0.839,0.823,0.833,359161.89,2025-12-24 12:00:00
1766592000000,0.831,0.836,0.823,0.829,333920.56,2025-12-24 16:00:00
1766606400000,0.83,0.846,0.83,0.842,164247.98,2025-12-24 20:00:00
1766620800000,0.841,0.849,0.833,0.845,196942.07,2025-12-25 00:00:00
1766635200000,0.845,0.85,0.84,0.85,132197.07,2025-12-25 04:00:00
1766649600000,0.85,0.856,0.839,0.84,193188.18,2025-12-25 08:00:00
1766664000000,0.84,0.856,0.833,0.854,160265.9,2025-12-25 12:00:00
1766678400000,0.854,0.861,0.85,0.859,148472.17,2025-12-25 16:00:00
1766692800000,0.86,0.862,0.819,0.826,267144.94,2025-12-25 20:00:00
1766707200000,0.825,0.861,0.821,0.854,367505.44,2025-12-26 00:00:00
1766721600000,0.854,0.858,0.845,0.845,124577.29,2025-12-26 04:00:00
1766736000000,0.845,0.851,0.843,0.844,119528.79,2025-12-26 08:00:00
1766750400000,0.844,0.847,0.822,0.831,233132.26,2025-12-26 12:00:00
1766764800000,0.832,0.837,0.821,0.834,139094.26,2025-12-26 16:00:00
1766779200000,0.835,0.838,0.829,0.83,76152.32,2025-12-26 20:00:00
1766793600000,0.831,0.847,0.83,0.847,125562.52,2025-12-27 00:00:00
1766808000000,0.847,0.848,0.838,0.843,115720.17,2025-12-27 04:00:00
1766822400000,0.844,0.856,0.83,0.855,268317.68,2025-12-27 08:00:00
1766836800000,0.854,0.857,0.841,0.854,183898.24,2025-12-27 12:00:00
1766851200000,0.855,0.857,0.85,0.852,139268.71,2025-12-27 16:00:00
1766865600000,0.852,0.875,0.848,0.873,208681.05,2025-12-27 20:00:00
1766880000000,0.872,0.883,0.867,0.88,173698.63,2025-12-28 00:00:00
1766894400000,0.88,0.901,0.879,0.891,209782.61,2025-12-28 04:00:00
1766908800000,0.892,0.917,0.884,0.888,668303.79,2025-12-28 08:00:00
1766923200000,0.889,0.889,0.871,0.876,267308.1,2025-12-28 12:00:00
1766937600000,0.876,0.878,0.851,0.853,223956.73,2025-12-28 16:00:00
1766952000000,0.852,0.858,0.846,0.857,144048.21,2025-12-28 20:00:00
1766966400000,0.857,0.877,0.853,0.877,221428.67,2025-12-29 00:00:00
1766980800000,0.877,0.878,0.863,0.872,186709.09,2025-12-29 04:00:00
1766995200000,0.872,0.875,0.852,0.857,284805.41,2025-12-29 08:00:00
1767009600000,0.857,0.857,0.835,0.849,334765.69,2025-12-29 12:00:00
1767024000000,0.85,0.85,0.833,0.836,224840.96,2025-12-29 16:00:00
1767038400000,0.834,0.834,0.82,0.829,268423.2,2025-12-29 20:00:00
1767052800000,0.829,0.833,0.819,0.83,276829.78,2025-12-30 00:00:00
1767067200000,0.829,0.845,0.826,0.838,140867.33,2025-12-30 04:00:00
1767081600000,0.838,0.847,0.832,0.837,238686.19,2025-12-30 08:00:00
1767096000000,0.837,0.841,0.825,0.838,162075.81,2025-12-30 12:00:00
1767110400000,0.838,0.84,0.82,0.83,129020.16,2025-12-30 16:00:00
1767124800000,0.829,0.832,0.822,0.83,95663.6,2025-12-30 20:00:00
1767139200000,0.83,0.833,0.822,0.826,100667.14,2025-12-31 00:00:00
1767153600000,0.827,0.828,0.811,0.82,544271.77,2025-12-31 04:00:00
1767168000000,0.82,0.829,0.813,0.829,226211.64,2025-12-31 08:00:00
1767182400000,0.829,0.83,0.815,0.817,129379.65,2025-12-31 12:00:00
1767196800000,0.817,0.817,0.788,0.802,463212.22,2025-12-31 16:00:00
1767211200000,0.802,0.81,0.796,0.805,177422.92,2025-12-31 20:00:00
1767225600000,0.805,0.811,0.797,0.798,76641.38,2026-01-01 00:00:00
1767240000000,0.797,0.809,0.793,0.806,103417.17,2026-01-01 04:00:00
1767254400000,0.806,0.816,0.801,0.816,168947.37,2026-01-01 08:00:00
1767268800000,0.816,0.838,0.807,0.834,258355.45,2026-01-01 12:00:00
1767283200000,0.835,0.859,0.83,0.859,160873.28,2026-01-01 16:00:00
1767297600000,0.859,0.876,0.853,0.871,260653.42,2026-01-01 20:00:00
1767312000000,0.871,0.896,0.866,0.896,469175.2,2026-01-02 00:00:00
1767326400000,0.897,0.902,0.882,0.884,289949.83,2026-01-02 04:00:00
1767340800000,0.884,0.903,0.881,0.894,234485.76,2026-01-02 08:00:00
1767355200000,0.892,0.926,0.885,0.899,477065.12,2026-01-02 12:00:00
1767369600000,0.899,0.925,0.895,0.909,373678.68,2026-01-02 16:00:00
1767384000000,0.909,0.921,0.905,0.917,239722.29,2026-01-02 20:00:00
1767398400000,0.916,0.93,0.91,0.928,193256.0,2026-01-03 00:00:00
1767412800000,0.928,0.934,0.89,0.897,314065.79,2026-01-03 04:00:00
1767427200000,0.896,0.905,0.89,0.896,172335.24,2026-01-03 08:00:00
1767441600000,0.894,0.905,0.893,0.896,152188.94,2026-01-03 12:00:00
1767456000000,0.897,0.916,0.895,0.912,226739.95,2026-01-03 16:00:00
1767470400000,0.913,0.917,0.903,0.915,170565.98,2026-01-03 20:00:00
1767484800000,0.916,0.932,0.914,0.928,263982.24,2026-01-04 00:00:00
1767499200000,0.927,0.941,0.921,0.927,159816.49,2026-01-04 04:00:00
1767513600000,0.926,0.942,0.919,0.94,167515.26,2026-01-04 08:00:00
1767528000000,0.94,0.962,0.939,0.96,338138.09,2026-01-04 12:00:00
1767542400000,0.96,0.982,0.948,0.96,365882.81,2026-01-04 16:00:00
1767556800000,0.96,0.974,0.957,0.965,125687.6,2026-01-04 20:00:00
1767571200000,0.963,0.989,0.958,0.971,255835.18,2026-01-05 00:00:00
1767585600000,0.972,0.972,0.943,0.957,284435.82,2026-01-05 04:00:00
1767600000000,0.958,0.959,0.936,0.945,181259.72,2026-01-05 08:00:00
1767614400000,0.946,0.974,0.94,0.971,245144.78,2026-01-05 12:00:00
1767628800000,0.97,0.993,0.956,0.982,409112.49,2026-01-05 16:00:00
1767643200000,0.982,0.993,0.975,0.985,246586.84,2026-01-05 20:00:00
1767657600000,0.985,0.993,0.968,0.99,270909.92,2026-01-06 00:00:00
1767672000000,0.989,0.999,0.973,0.977,368117.26,2026-01-06 04:00:00
1767686400000,0.977,0.991,0.971,0.991,138648.99,2026-01-06 08:00:00
1767700800000,0.991,1.018,0.987,0.994,1277838.21,2026-01-06 12:00:00
1767715200000,0.994,0.995,0.945,0.96,468492.27,2026-01-06 16:00:00
1767729600000,0.961,1.004,0.961,1.0,171292.79,2026-01-06 20:00:00
1767744000000,0.998,0.998,0.963,0.972,127845.76,2026-01-07 00:00:00
1767758400000,0.972,0.986,0.963,0.986,112805.08,2026-01-07 04:00:00
1767772800000,0.986,0.996,0.967,0.976,166985.09,2026-01-07 08:00:00
1767787200000,0.976,0.977,0.938,0.943,1017901.2,2026-01-07 12:00:00
1767801600000,0.943,0.956,0.939,0.948,256002.44,2026-01-07 16:00:00
1767816000000,0.948,0.957,0.938,0.953,224665.9,2026-01-07 20:00:00
1767830400000,0.954,0.962,0.94,0.941,869046.26,2026-01-08 00:00:00
1767844800000,0.94,0.964,0.923,0.942,283262.62,2026-01-08 04:00:00
1767859200000,0.942,0.947,0.918,0.934,248230.95,2026-01-08 08:00:00
1767873600000,0.933,0.947,0.909,0.947,255577.64,2026-01-08 12:00:00
1767888000000,0.946,0.955,0.935,0.941,132238.44,2026-01-08 16:00:00
1767902400000,0.942,0.962,0.935,0.952,141690.0,2026-01-08 20:00:00
1767916800000,0.952,0.962,0.939,0.961,197563.44,2026-01-09 00:00:00
1767931200000,0.961,0.964,0.952,0.957,61239.04,2026-01-09 04:00:00
1767945600000,0.957,0.957,0.936,0.949,91476.63,2026-01-09 08:00:00
1767960000000,0.949,0.972,0.936,0.958,245689.44,2026-01-09 12:00:00
1767974400000,0.959,0.978,0.939,0.94,127917.56,2026-01-09 16:00:00
1767988800000,0.939,0.954,0.939,0.948,69107.18,2026-01-09 20:00:00
1768003200000,0.949,0.953,0.939,0.95,49718.97,2026-01-10 00:00:00
1768017600000,0.95,0.957,0.935,0.955,84627.82,2026-01-10 04:00:00
1768032000000,0.956,0.967,0.954,0.967,98417.24,2026-01-10 08:00:00
1768046400000,0.967,0.979,0.965,0.968,86343.73,2026-01-10 12:00:00
1768060800000,0.967,0.976,0.955,0.976,87043.57,2026-01-10 16:00:00
1768075200000,0.977,0.979,0.948,0.956,73193.93,2026-01-10 20:00:00
1768089600000,0.957,0.96,0.953,0.956,59681.1,2026-01-11 00:00:00
1768104000000,0.955,0.96,0.949,0.959,55994.04,2026-01-11 04:00:00
1768118400000,0.959,0.966,0.956,0.958,89537.67,2026-01-11 08:00:00
1768132800000,0.959,0.971,0.955,0.955,282412.4,2026-01-11 12:00:00
1768147200000,0.958,0.975,0.958,0.966,157499.51,2026-01-11 16:00:00
1768161600000,0.965,0.969,0.945,0.956,255087.78,2026-01-11 20:00:00
1768176000000,0.957,0.989,0.941,0.97,231642.08,2026-01-12 00:00:00
1768190400000,0.97,0.984,0.952,0.952,208590.79,2026-01-12 04:00:00
1768204800000,0.952,0.957,0.92,0.928,243883.71,2026-01-12 08:00:00
1768219200000,0.928,0.932,0.904,0.93,313740.86,2026-01-12 12:00:00
1768233600000,0.93,0.944,0.916,0.923,184484.25,2026-01-12 16:00:00
1768248000000,0.924,0.929,0.901,0.906,144138.34,2026-01-12 20:00:00
1768262400000,0.906,0.917,0.904,0.917,111351.27,2026-01-13 00:00:00
1768276800000,0.917,0.944,0.917,0.937,131217.11,2026-01-13 04:00:00
1768291200000,0.938,0.972,0.937,0.969,420229.03,2026-01-13 08:00:00
1768305600000,0.969,1.133,0.965,1.039,9371498.54,2026-01-13 12:00:00
1768320000000,1.039,1.056,1.028,1.033,1071918.24,2026-01-13 16:00:00
1768334400000,1.034,1.058,1.025,1.055,647604.61,2026-01-13 20:00:00
1768348800000,1.055,1.25,1.052,1.169,6549750.3,2026-01-14 00:00:00
1768363200000,1.168,1.37,1.161,1.271,6218087.93,2026-01-14 04:00:00
1768377600000,1.272,1.387,1.243,1.354,6579546.35,2026-01-14 08:00:00
1768392000000,1.353,1.356,1.236,1.302,4321170.61,2026-01-14 12:00:00
1768406400000,1.303,1.311,1.202,1.217,1824342.37,2026-01-14 16:00:00
1768420800000,1.219,1.245,1.209,1.224,1108204.96,2026-01-14 20:00:00
1768435200000,1.225,1.233,1.1,1.104,1429369.9,2026-01-15 00:00:00
1768449600000,1.105,1.178,1.103,1.129,1029732.59,2026-01-15 04:00:00
1768464000000,1.129,1.135,1.11,1.116,911876.9,2026-01-15 08:00:00
1768478400000,1.115,1.121,1.078,1.095,960536.59,2026-01-15 12:00:00
1768492800000,1.095,1.1,1.066,1.077,847061.81,2026-01-15 16:00:00
1768507200000,1.077,1.09,1.055,1.086,602414.1,2026-01-15 20:00:00
1768521600000,1.085,1.157,1.067,1.127,1563484.82,2026-01-16 00:00:00
1768536000000,1.13,1.276,1.115,1.211,2885806.28,2026-01-16 04:00:00
1768550400000,1.21,1.302,1.178,1.254,3108980.61,2026-01-16 08:00:00
1768564800000,1.254,1.279,1.219,1.231,2357215.64,2026-01-16 12:00:00
1768579200000,1.23,1.279,1.209,1.274,1631671.89,2026-01-16 16:00:00
1768593600000,1.274,1.335,1.249,1.324,1985300.03,2026-01-16 20:00:00
1768608000000,1.322,1.443,1.292,1.389,3998385.93,2026-01-17 00:00:00
1768622400000,1.388,1.6,1.371,1.549,4753098.14,2026-01-17 04:00:00
1768636800000,1.548,1.731,1.524,1.669,7020431.02,2026-01-17 08:00:00
1768651200000,1.668,2.26,1.664,2.111,21811106.77,2026-01-17 12:00:00
1768665600000,2.112,2.179,1.867,1.884,8987101.94,2026-01-17 16:00:00
1768680000000,1.882,1.998,1.788,1.979,7013089.63,2026-01-17 20:00:00
1768694400000,1.978,2.207,1.87,2.074,11616837.15,2026-01-18 00:00:00
1768708800000,2.075,2.152,1.994,2.076,4521051.02,2026-01-18 04:00:00
1768723200000,2.075,2.104,1.841,1.986,5149873.06,2026-01-18 08:00:00
1768737600000,1.985,1.991,1.826,1.866,3303351.98,2026-01-18 12:00:00
1768752000000,1.865,1.873,1.793,1.827,2179103.07,2026-01-18 16:00:00
1768766400000,1.826,2.072,1.804,1.887,4287921.62,2026-01-18 20:00:00
1768780800000,1.887,1.997,1.718,1.927,4733016.74,2026-01-19 00:00:00
1768795200000,1.926,1.945,1.754,1.769,2463754.86,2026-01-19 04:00:00
1768809600000,1.769,1.867,1.729,1.737,2013711.46,2026-01-19 08:00:00
1768824000000,1.738,1.772,1.675,1.682,2111051.19,2026-01-19 12:00:00
1768838400000,1.681,1.704,1.658,1.685,1167303.47,2026-01-19 16:00:00
1768852800000,1.684,1.74,1.639,1.651,1797998.48,2026-01-19 20:00:00
1768867200000,1.651,2.013,1.651,1.977,5261702.67,2026-01-20 00:00:00
1768881600000,1.976,2.14,1.923,1.943,7050795.08,2026-01-20 04:00:00
1768896000000,1.942,2.073,1.941,1.986,4615250.62,2026-01-20 08:00:00
1768910400000,1.986,2.4,1.982,1.999,10690100.8,2026-01-20 12:00:00
1768924800000,1.998,2.139,1.896,2.024,7554960.28,2026-01-20 16:00:00
1768939200000,2.024,2.129,1.984,2.104,3965572.75,2026-01-20 20:00:00
1768953600000,2.104,2.493,2.038,2.407,8143740.12,2026-01-21 00:00:00
1768968000000,2.405,2.458,2.253,2.343,4335766.57,2026-01-21 04:00:00
1768982400000,2.343,2.55,2.323,2.378,6758377.22,2026-01-21 08:00:00
1768996800000,2.379,2.434,2.265,2.274,3543492.37,2026-01-21 12:00:00
1769011200000,2.273,2.398,2.144,2.359,4909549.75,2026-01-21 16:00:00
1769025600000,2.36,2.395,2.268,2.37,2114252.76,2026-01-21 20:00:00
1769040000000,2.369,2.689,2.356,2.568,5301711.95,2026-01-22 00:00:00
1769054400000,2.567,2.744,2.492,2.516,4097947.04,2026-01-22 04:00:00
1769068800000,2.516,2.587,2.397,2.547,3729246.66,2026-01-22 08:00:00
1769083200000,2.546,2.546,2.395,2.425,1932006.47,2026-01-22 12:00:00
1769097600000,2.425,2.537,2.422,2.508,1368331.94,2026-01-22 16:00:00
1769112000000,2.508,2.71,2.468,2.678,3415065.18,2026-01-22 20:00:00
1769126400000,2.678,2.946,2.629,2.822,4533785.85,2026-01-23 00:00:00
1769140800000,2.821,2.881,2.496,2.684,4179194.54,2026-01-23 04:00:00
1769155200000,2.684,2.77,2.592,2.758,1973502.44,2026-01-23 08:00:00
1769169600000,2.757,2.98,2.702,2.863,4292195.21,2026-01-23 12:00:00
1769184000000,2.863,2.937,2.799,2.852,1996769.09,2026-01-23 16:00:00
1769198400000,2.852,2.988,2.844,2.936,1934088.4,2026-01-23 20:00:00
1769212800000,2.935,2.997,2.694,2.719,3263681.04,2026-01-24 00:00:00
1769227200000,2.72,2.952,2.691,2.803,3475998.58,2026-01-24 04:00:00
1769241600000,2.802,2.84,2.725,2.732,1313721.34,2026-01-24 08:00:00
1769256000000,2.731,2.784,2.649,2.671,1487273.98,2026-01-24 12:00:00
1769270400000,2.672,2.683,2.527,2.538,1297289.77,2026-01-24 16:00:00
1769284800000,2.539,2.793,2.527,2.634,2158945.74,2026-01-24 20:00:00
1769299200000,2.633,2.643,2.359,2.389,4016257.25,2026-01-25 00:00:00
1769313600000,2.388,2.402,2.292,2.337,2931563.89,2026-01-25 04:00:00
1769328000000,2.337,2.351,2.222,2.232,1984071.53,2026-01-25 08:00:00
1769342400000,2.231,2.309,2.045,2.123,3426484.87,2026-01-25 12:00:00
1769356800000,2.123,2.144,2.047,2.053,2102763.66,2026-01-25 16:00:00
1769371200000,2.052,2.111,1.987,2.049,2509525.02,2026-01-25 20:00:00
1769385600000,2.049,2.049,1.891,1.9,2952120.41,2026-01-26 00:00:00
1769400000000,1.9,2.419,1.883,2.259,7514419.7,2026-01-26 04:00:00
1769414400000,2.258,2.569,2.231,2.502,8910163.6,2026-01-26 08:00:00
1769428800000,2.502,2.515,2.326,2.408,5073805.17,2026-01-26 12:00:00
1769443200000,2.409,2.412,2.265,2.36,2353085.39,2026-01-26 16:00:00
1769457600000,2.36,2.501,2.328,2.497,2951293.0,2026-01-26 20:00:00
1769472000000,2.497,2.761,2.458,2.6,7212149.35,2026-01-27 00:00:00
