timestamp,open,high,low,close,volume,datetime
1640995200000,1835.0,1839.0,1834.0,1837.0,103.2153,2022-01-01 00:00:00
1641009600000,1837.0,1838.0,1831.0,1836.0,238.7687,2022-01-01 04:00:00
1641024000000,1836.0,1839.0,1834.0,1836.0,108.4206,2022-01-01 08:00:00
1641038400000,1837.0,1840.0,1834.0,1836.0,197.0369,2022-01-01 12:00:00
1641052800000,1837.0,1843.0,1832.0,1837.0,218.7118,2022-01-01 16:00:00
1641067200000,1837.0,1840.0,1834.0,1837.0,61.304,2022-01-01 20:00:00
1641081600000,1837.0,1838.0,1833.0,1837.0,88.7513,2022-01-02 00:00:00
1641096000000,1837.0,1838.0,1834.0,1837.0,37.6443,2022-01-02 04:00:00
1641110400000,1837.0,1839.0,1833.0,1835.0,81.1631,2022-01-02 08:00:00
1641124800000,1834.0,1839.0,1834.0,1836.0,174.9545,2022-01-02 12:00:00
1641139200000,1837.0,1840.0,1832.0,1837.0,318.2263,2022-01-02 16:00:00
1641153600000,1838.0,1840.0,1833.0,1835.0,229.6908,2022-01-02 20:00:00
1641168000000,1836.0,1839.0,1832.0,1833.0,147.6846,2022-01-03 00:00:00
1641182400000,1833.0,1835.0,1826.0,1829.0,151.3846,2022-01-03 04:00:00
1641196800000,1830.0,1834.0,1822.0,1830.0,188.9192,2022-01-03 08:00:00
1641211200000,1830.0,1831.0,1807.0,1807.0,462.9017,2022-01-03 12:00:00
1641225600000,1809.0,1810.0,1801.0,1807.0,309.4187,2022-01-03 16:00:00
1641240000000,1807.0,1813.0,1803.0,1809.0,336.1967,2022-01-03 20:00:00
1641254400000,1810.0,1813.0,1807.0,1812.0,132.3423,2022-01-04 00:00:00
1641268800000,1813.0,1815.0,1808.0,1813.0,220.8645,2022-01-04 04:00:00
1641283200000,1814.0,1815.0,1806.0,1809.0,251.0999,2022-01-04 08:00:00
1641297600000,1808.0,1821.0,1803.0,1819.0,278.0953,2022-01-04 12:00:00
1641312000000,1820.0,1822.0,1812.0,1817.0,228.9829,2022-01-04 16:00:00
1641326400000,1817.0,1819.0,1814.0,1817.0,197.5927,2022-01-04 20:00:00
1641340800000,1818.0,1820.0,1814.0,1818.0,79.8861,2022-01-05 00:00:00
1641355200000,1818.0,1820.0,1815.0,1819.0,88.5301,2022-01-05 04:00:00
1641369600000,1819.0,1825.0,1802.0,1823.0,309.0459,2022-01-05 08:00:00
1641384000000,1824.0,1838.0,1819.0,1827.0,706.4924,2022-01-05 12:00:00
1641398400000,1827.0,1834.0,1815.0,1817.0,430.3997,2022-01-05 16:00:00
1641412800000,1816.0,1869.0,1809.0,1816.0,1666.2764,2022-01-05 20:00:00
1641427200000,1816.0,1869.0,1808.0,1815.0,1957.4111,2022-01-06 00:00:00
1641441600000,1816.0,1819.0,1811.0,1814.0,530.3121,2022-01-06 04:00:00
1641456000000,1815.0,1816.0,1800.0,1804.0,928.3881,2022-01-06 08:00:00
1641470400000,1803.0,1809.0,1772.0,1792.0,2839.6697,2022-01-06 12:00:00
1641484800000,1792.0,1797.0,1781.0,1794.0,527.748,2022-01-06 16:00:00
1641499200000,1795.0,1798.0,1791.0,1797.0,273.904,2022-01-06 20:00:00
1641513600000,1797.0,1799.0,1791.0,1792.0,347.3158,2022-01-07 00:00:00
1641528000000,1794.0,1800.0,1783.0,1794.0,681.2349,2022-01-07 04:00:00
1641542400000,1794.0,1798.0,1789.0,1796.0,335.9411,2022-01-07 08:00:00
1641556800000,1796.0,1807.0,1788.0,1794.0,938.2187,2022-01-07 12:00:00
1641571200000,1795.0,1805.0,1791.0,1803.0,351.874,2022-01-07 16:00:00
1641585600000,1804.0,1806.0,1798.0,1805.0,262.0874,2022-01-07 20:00:00
1641600000000,1805.0,1805.0,1796.0,1799.0,251.8227,2022-01-08 00:00:00
1641614400000,1800.0,1803.0,1796.0,1799.0,91.1776,2022-01-08 04:00:00
1641628800000,1799.0,1802.0,1796.0,1799.0,110.6644,2022-01-08 08:00:00
1641643200000,1799.0,1800.0,1794.0,1797.0,182.9567,2022-01-08 12:00:00
1641657600000,1798.0,1804.0,1793.0,1799.0,616.5578,2022-01-08 16:00:00
1641672000000,1799.0,1802.0,1796.0,1798.0,201.206,2022-01-08 20:00:00
1641686400000,1798.0,1798.0,1796.0,1796.0,72.0938,2022-01-09 00:00:00
1641700800000,1797.0,1799.0,1795.0,1797.0,71.6861,2022-01-09 04:00:00
1641715200000,1798.0,1802.0,1797.0,1802.0,192.7391,2022-01-09 08:00:00
1641729600000,1802.0,1802.0,1795.0,1801.0,121.0244,2022-01-09 12:00:00
1641744000000,1801.0,1802.0,1791.0,1798.0,568.0896,2022-01-09 16:00:00
1641758400000,1799.0,1802.0,1793.0,1797.0,311.7797,2022-01-09 20:00:00
1641772800000,1797.0,1800.0,1793.0,1794.0,119.8523,2022-01-10 00:00:00
1641787200000,1794.0,1802.0,1791.0,1798.0,243.0603,2022-01-10 04:00:00
1641801600000,1799.0,1805.0,1797.0,1803.0,159.8172,2022-01-10 08:00:00
1641816000000,1803.0,1804.0,1791.0,1795.0,874.6999,2022-01-10 12:00:00
1641830400000,1794.0,1808.0,1791.0,1803.0,672.3277,2022-01-10 16:00:00
1641844800000,1804.0,1811.0,1801.0,1804.0,1329.4609,2022-01-10 20:00:00
1641859200000,1804.0,1811.0,1803.0,1806.0,132.8966,2022-01-11 00:00:00
1641873600000,1809.0,1813.0,1806.0,1813.0,142.4943,2022-01-11 04:00:00
1641888000000,1812.0,1815.0,1805.0,1812.0,363.0627,2022-01-11 08:00:00
1641902400000,1812.0,1816.0,1806.0,1815.0,281.2746,2022-01-11 12:00:00
1641916800000,1815.0,1825.0,1810.0,1823.0,759.1723,2022-01-11 16:00:00
1641931200000,1823.0,1830.0,1815.0,1822.0,360.0366,2022-01-11 20:00:00
1641945600000,1823.0,1832.0,1820.0,1824.0,90.2748,2022-01-12 00:00:00
1641960000000,1825.0,1827.0,1821.0,1822.0,64.1374,2022-01-12 04:00:00
1641974400000,1822.0,1825.0,1814.0,1819.0,333.4133,2022-01-12 08:00:00
1641988800000,1820.0,1832.0,1817.0,1828.0,468.7238,2022-01-12 12:00:00
1642003200000,1828.0,1839.0,1825.0,1835.0,1088.1767,2022-01-12 16:00:00
1642017600000,1836.0,1836.0,1829.0,1833.0,119.7798,2022-01-12 20:00:00
1642032000000,1833.0,1834.0,1822.0,1832.0,180.9229,2022-01-13 00:00:00
1642046400000,1832.0,1834.0,1810.0,1832.0,415.5081,2022-01-13 04:00:00
1642060800000,1832.0,1836.0,1823.0,1830.0,715.4858,2022-01-13 08:00:00
1642075200000,1830.0,1831.0,1819.0,1821.0,171.4107,2022-01-13 12:00:00
1642089600000,1821.0,1830.0,1820.0,1828.0,269.829,2022-01-13 16:00:00
1642104000000,1828.0,1829.0,1824.0,1825.0,106.6053,2022-01-13 20:00:00
1642118400000,1826.0,1834.0,1825.0,1829.0,86.1411,2022-01-14 00:00:00
1642132800000,1830.0,1836.0,1829.0,1834.0,81.9436,2022-01-14 04:00:00
1642147200000,1835.0,1835.0,1821.0,1827.0,446.6947,2022-01-14 08:00:00
1642161600000,1827.0,1834.0,1826.0,1828.0,232.1191,2022-01-14 12:00:00
1642176000000,1828.0,1830.0,1822.0,1826.0,303.1061,2022-01-14 16:00:00
1642190400000,1826.0,1826.0,1822.0,1825.0,43.1097,2022-01-14 20:00:00
1642204800000,1825.0,1826.0,1820.0,1824.0,137.4551,2022-01-15 00:00:00
1642219200000,1825.0,1825.0,1823.0,1824.0,45.1179,2022-01-15 04:00:00
1642233600000,1825.0,1828.0,1823.0,1826.0,72.0316,2022-01-15 08:00:00
1642248000000,1825.0,1827.0,1823.0,1827.0,128.1307,2022-01-15 12:00:00
1642262400000,1827.0,1828.0,1823.0,1824.0,94.4832,2022-01-15 16:00:00
1642276800000,1825.0,1828.0,1823.0,1826.0,82.34,2022-01-15 20:00:00
1642291200000,1826.0,1827.0,1824.0,1825.0,30.987,2022-01-16 00:00:00
1642305600000,1824.0,1826.0,1824.0,1826.0,24.7234,2022-01-16 04:00:00
1642320000000,1826.0,1827.0,1824.0,1825.0,46.5096,2022-01-16 08:00:00
1642334400000,1825.0,1827.0,1824.0,1825.0,151.3663,2022-01-16 12:00:00
1642348800000,1826.0,1827.0,1823.0,1825.0,77.1039,2022-01-16 16:00:00
1642363200000,1825.0,1827.0,1823.0,1825.0,103.5161,2022-01-16 20:00:00
1642377600000,1824.0,1825.0,1820.0,1823.0,117.3587,2022-01-17 00:00:00
1642392000000,1823.0,1827.0,1822.0,1827.0,191.4958,2022-01-17 04:00:00
1642406400000,1826.0,1827.0,1819.0,1824.0,357.6499,2022-01-17 08:00:00
1642420800000,1824.0,1830.0,1820.0,1822.0,203.7411,2022-01-17 12:00:00
1642435200000,1823.0,1826.0,1820.0,1821.0,160.6393,2022-01-17 16:00:00
1642449600000,1821.0,1825.0,1820.0,1821.0,103.2314,2022-01-17 20:00:00
1642464000000,1822.0,1831.0,1821.0,1823.0,141.5705,2022-01-18 00:00:00
1642478400000,1823.0,1825.0,1818.0,1820.0,82.4616,2022-01-18 04:00:00
1642492800000,1820.0,1820.0,1812.0,1817.0,121.9913,2022-01-18 08:00:00
1642507200000,1817.0,1827.0,1812.0,1825.0,406.7057,2022-01-18 12:00:00
1642521600000,1825.0,1828.0,1817.0,1821.0,466.6702,2022-01-18 16:00:00
1642536000000,1821.0,1822.0,1815.0,1821.0,188.8597,2022-01-18 20:00:00
1642550400000,1822.0,1822.0,1814.0,1819.0,131.4907,2022-01-19 00:00:00
1642564800000,1819.0,1824.0,1816.0,1820.0,282.4314,2022-01-19 04:00:00
1642579200000,1820.0,1830.0,1818.0,1826.0,286.6061,2022-01-19 08:00:00
1642593600000,1826.0,1845.0,1824.0,1844.0,490.3984,2022-01-19 12:00:00
1642608000000,1845.0,1859.0,1841.0,1852.0,842.9067,2022-01-19 16:00:00
1642622400000,1852.0,1856.0,1846.0,1846.0,402.3532,2022-01-19 20:00:00
1642636800000,1847.0,1862.0,1845.0,1848.0,344.6201,2022-01-20 00:00:00
1642651200000,1848.0,1853.0,1846.0,1848.0,145.787,2022-01-20 04:00:00
1642665600000,1849.0,1850.0,1840.0,1842.0,444.1442,2022-01-20 08:00:00
1642680000000,1842.0,1858.0,1841.0,1850.0,341.1597,2022-01-20 12:00:00
1642694400000,1850.0,1854.0,1844.0,1847.0,231.2353,2022-01-20 16:00:00
1642708800000,1847.0,1855.0,1836.0,1845.0,763.3619,2022-01-20 20:00:00
1642723200000,1845.0,1855.0,1836.0,1846.0,998.8134,2022-01-21 00:00:00
1642737600000,1847.0,1851.0,1841.0,1841.0,352.0968,2022-01-21 04:00:00
1642752000000,1842.0,1857.0,1830.0,1841.0,788.2071,2022-01-21 08:00:00
1642766400000,1841.0,1852.0,1837.0,1841.0,1224.0615,2022-01-21 12:00:00
1642780800000,1842.0,1846.0,1832.0,1840.0,608.2934,2022-01-21 16:00:00
1642795200000,1840.0,1849.0,1830.0,1842.0,1386.6935,2022-01-21 20:00:00
1642809600000,1843.0,1847.0,1837.0,1844.0,356.3005,2022-01-22 00:00:00
1642824000000,1845.0,1850.0,1840.0,1845.0,802.5041,2022-01-22 04:00:00
1642838400000,1845.0,1848.0,1840.0,1842.0,1197.078,2022-01-22 08:00:00
1642852800000,1843.0,1850.0,1830.0,1841.0,1160.8778,2022-01-22 12:00:00
1642867200000,1842.0,1845.0,1833.0,1841.0,805.4333,2022-01-22 16:00:00
1642881600000,1842.0,1845.0,1835.0,1840.0,466.377,2022-01-22 20:00:00
1642896000000,1840.0,1845.0,1839.0,1840.0,300.809,2022-01-23 00:00:00
1642910400000,1841.0,1845.0,1832.0,1839.0,345.1694,2022-01-23 04:00:00
1642924800000,1840.0,1843.0,1834.0,1839.0,428.7156,2022-01-23 08:00:00
1642939200000,1839.0,1841.0,1834.0,1837.0,470.942,2022-01-23 12:00:00
1642953600000,1838.0,1846.0,1835.0,1842.0,543.707,2022-01-23 16:00:00
1642968000000,1843.0,1846.0,1830.0,1844.0,908.9415,2022-01-23 20:00:00
1642982400000,1843.0,1843.0,1836.0,1841.0,204.4327,2022-01-24 00:00:00
1642996800000,1842.0,1848.0,1840.0,1843.0,257.1688,2022-01-24 04:00:00
1643011200000,1842.0,1854.0,1841.0,1845.0,1555.0811,2022-01-24 08:00:00
1643025600000,1846.0,1852.0,1836.0,1839.0,1750.8812,2022-01-24 12:00:00
1643040000000,1840.0,1851.0,1837.0,1848.0,590.8968,2022-01-24 16:00:00
1643054400000,1847.0,1853.0,1839.0,1849.0,648.6677,2022-01-24 20:00:00
1643068800000,1848.0,1853.0,1845.0,1850.0,316.223,2022-01-25 00:00:00
1643083200000,1850.0,1853.0,1843.0,1850.0,394.5075,2022-01-25 04:00:00
1643097600000,1850.0,1852.0,1840.0,1847.0,523.7965,2022-01-25 08:00:00
1643112000000,1847.0,1859.0,1839.0,1854.0,886.9118,2022-01-25 12:00:00
1643126400000,1853.0,1863.0,1853.0,1860.0,406.2226,2022-01-25 16:00:00
1643140800000,1861.0,1861.0,1851.0,1855.0,388.7281,2022-01-25 20:00:00
1643155200000,1858.0,1860.0,1852.0,1857.0,157.2427,2022-01-26 00:00:00
1643169600000,1857.0,1859.0,1851.0,1855.0,332.77,2022-01-26 04:00:00
1643184000000,1855.0,1863.0,1850.0,1854.0,624.5646,2022-01-26 08:00:00
1643198400000,1854.0,1864.0,1841.0,1843.0,967.6696,2022-01-26 12:00:00
1643212800000,1843.0,1845.0,1830.0,1830.0,1688.5957,2022-01-26 16:00:00
1643227200000,1830.0,1834.0,1826.0,1832.0,2888.3261,2022-01-26 20:00:00
1643241600000,1833.0,1840.0,1822.0,1827.0,464.2101,2022-01-27 00:00:00
1643256000000,1828.0,1830.0,1821.0,1822.0,246.833,2022-01-27 04:00:00
1643270400000,1823.0,1832.0,1818.0,1823.0,397.3854,2022-01-27 08:00:00
1643284800000,1823.0,1828.0,1806.0,1807.0,921.915,2022-01-27 12:00:00
1643299200000,1807.0,1816.0,1801.0,1804.0,962.409,2022-01-27 16:00:00
1643313600000,1804.0,1827.0,1801.0,1809.0,935.4398,2022-01-27 20:00:00
1643328000000,1807.0,1812.0,1805.0,1810.0,245.8347,2022-01-28 00:00:00
1643342400000,1810.0,1813.0,1805.0,1807.0,215.731,2022-01-28 04:00:00
1643356800000,1806.0,1807.0,1795.0,1797.0,454.9663,2022-01-28 08:00:00
1643371200000,1797.0,1806.0,1787.0,1793.0,1089.8445,2022-01-28 12:00:00
1643385600000,1794.0,1800.0,1789.0,1795.0,519.8555,2022-01-28 16:00:00
1643400000000,1795.0,1811.0,1790.0,1796.0,580.2735,2022-01-28 20:00:00
1643414400000,1796.0,1801.0,1791.0,1799.0,338.4994,2022-01-29 00:00:00
1643428800000,1800.0,1801.0,1797.0,1797.0,50.321,2022-01-29 04:00:00
1643443200000,1797.0,1801.0,1789.0,1796.0,382.4727,2022-01-29 08:00:00
1643457600000,1796.0,1800.0,1792.0,1797.0,363.9687,2022-01-29 12:00:00
1643472000000,1797.0,1798.0,1790.0,1795.0,200.446,2022-01-29 16:00:00
1643486400000,1795.0,1800.0,1793.0,1797.0,197.1253,2022-01-29 20:00:00
1643500800000,1798.0,1799.0,1792.0,1798.0,99.3412,2022-01-30 00:00:00
1643515200000,1798.0,1801.0,1797.0,1799.0,66.0319,2022-01-30 04:00:00
1643529600000,1799.0,1801.0,1798.0,1801.0,180.8647,2022-01-30 08:00:00
1643544000000,1801.0,1803.0,1800.0,1800.0,199.3037,2022-01-30 12:00:00
1643558400000,1800.0,1803.0,1797.0,1801.0,184.9684,2022-01-30 16:00:00
1643572800000,1801.0,1803.0,1796.0,1799.0,301.6547,2022-01-30 20:00:00
1643587200000,1798.0,1799.0,1790.0,1796.0,167.1907,2022-01-31 00:00:00
1643601600000,1796.0,1801.0,1790.0,1797.0,295.9326,2022-01-31 04:00:00
1643616000000,1798.0,1802.0,1794.0,1802.0,182.0827,2022-01-31 08:00:00
1643630400000,1802.0,1812.0,1797.0,1803.0,435.3303,2022-01-31 12:00:00
1643644800000,1804.0,1809.0,1798.0,1807.0,536.5838,2022-01-31 16:00:00
1643659200000,1808.0,1808.0,1799.0,1807.0,177.7593,2022-01-31 20:00:00
1643673600000,1807.0,1807.0,1799.0,1799.0,199.4714,2022-02-01 00:00:00
1643688000000,1799.0,1808.0,1799.0,1806.0,285.8076,2022-02-01 04:00:00
1643702400000,1807.0,1814.0,1801.0,1810.0,539.5049,2022-02-01 08:00:00
1643716800000,1810.0,1817.0,1804.0,1810.0,340.7838,2022-02-01 12:00:00
1643731200000,1811.0,1812.0,1804.0,1805.0,159.6512,2022-02-01 16:00:00
1643745600000,1806.0,1808.0,1804.0,1805.0,153.2807,2022-02-01 20:00:00
1643760000000,1805.0,1808.0,1803.0,1804.0,88.0045,2022-02-02 00:00:00
1643774400000,1804.0,1806.0,1801.0,1802.0,113.2783,2022-02-02 04:00:00
1643788800000,1802.0,1810.0,1802.0,1810.0,252.2989,2022-02-02 08:00:00
1643803200000,1810.0,1814.0,1804.0,1812.0,732.3457,2022-02-02 12:00:00
1643817600000,1812.0,1820.0,1808.0,1813.0,379.7941,2022-02-02 16:00:00
1643832000000,1814.0,1816.0,1805.0,1813.0,558.7041,2022-02-02 20:00:00
1643846400000,1814.0,1817.0,1809.0,1811.0,225.3985,2022-02-03 00:00:00
1643860800000,1811.0,1811.0,1807.0,1810.0,82.3782,2022-02-03 04:00:00
1643875200000,1811.0,1811.0,1804.0,1809.0,378.4388,2022-02-03 08:00:00
1643889600000,1810.0,1811.0,1797.0,1807.0,454.5476,2022-02-03 12:00:00
1643904000000,1808.0,1814.0,1805.0,1811.0,199.4325,2022-02-03 16:00:00
1643918400000,1812.0,1814.0,1806.0,1814.0,281.9196,2022-02-03 20:00:00
1643932800000,1814.0,1814.0,1810.0,1811.0,49.7407,2022-02-04 00:00:00
1643947200000,1811.0,1817.0,1810.0,1815.0,397.7637,2022-02-04 04:00:00
1643961600000,1815.0,1822.0,1812.0,1818.0,268.4209,2022-02-04 08:00:00
1643976000000,1819.0,1821.0,1800.0,1811.0,970.3726,2022-02-04 12:00:00
1643990400000,1812.0,1816.0,1808.0,1815.0,596.0812,2022-02-04 16:00:00
1644004800000,1816.0,1818.0,1809.0,1817.0,532.4405,2022-02-04 20:00:00
1644019200000,1816.0,1820.0,1811.0,1818.0,280.3162,2022-02-05 00:00:00
1644033600000,1817.0,1818.0,1813.0,1815.0,341.5335,2022-02-05 04:00:00
1644048000000,1816.0,1821.0,1814.0,1816.0,363.8457,2022-02-05 08:00:00
1644062400000,1816.0,1818.0,1811.0,1814.0,325.0901,2022-02-05 12:00:00
1644076800000,1814.0,1818.0,1812.0,1814.0,233.9262,2022-02-05 16:00:00
1644091200000,1814.0,1818.0,1812.0,1816.0,209.7593,2022-02-05 20:00:00
1644105600000,1817.0,1821.0,1814.0,1816.0,409.4417,2022-02-06 00:00:00
1644120000000,1817.0,1818.0,1810.0,1816.0,258.6888,2022-02-06 04:00:00
1644134400000,1817.0,1817.0,1810.0,1812.0,175.8147,2022-02-06 08:00:00
1644148800000,1813.0,1818.0,1810.0,1818.0,276.3833,2022-02-06 12:00:00
1644163200000,1818.0,1818.0,1812.0,1816.0,97.7748,2022-02-06 16:00:00
1644177600000,1816.0,1819.0,1808.0,1816.0,387.8751,2022-02-06 20:00:00
1644192000000,1817.0,1822.0,1811.0,1816.0,411.4139,2022-02-07 00:00:00
1644206400000,1816.0,1821.0,1813.0,1820.0,205.0256,2022-02-07 04:00:00
1644220800000,1820.0,1822.0,1815.0,1819.0,205.2789,2022-02-07 08:00:00
1644235200000,1820.0,1825.0,1794.0,1818.0,884.023,2022-02-07 12:00:00
1644249600000,1819.0,1830.0,1815.0,1826.0,554.5704,2022-02-07 16:00:00
1644264000000,1826.0,1830.0,1814.0,1824.0,464.4123,2022-02-07 20:00:00
1644278400000,1824.0,1829.0,1822.0,1825.0,214.8976,2022-02-08 00:00:00
1644292800000,1826.0,1831.0,1818.0,1821.0,460.0348,2022-02-08 04:00:00
1644307200000,1822.0,1828.0,1817.0,1822.0,494.1683,2022-02-08 08:00:00
1644321600000,1822.0,1831.0,1819.0,1829.0,283.0648,2022-02-08 12:00:00
1644336000000,1830.0,1836.0,1826.0,1834.0,412.723,2022-02-08 16:00:00
1644350400000,1834.0,1835.0,1824.0,1831.0,398.4773,2022-02-08 20:00:00
1644364800000,1832.0,1833.0,1828.0,1832.0,121.8008,2022-02-09 00:00:00
1644379200000,1832.0,1835.0,1830.0,1833.0,83.6127,2022-02-09 04:00:00
1644393600000,1833.0,1836.0,1830.0,1831.0,245.5028,2022-02-09 08:00:00
1644408000000,1832.0,1837.0,1829.0,1834.0,488.4468,2022-02-09 12:00:00
1644422400000,1835.0,1844.0,1832.0,1838.0,403.1337,2022-02-09 16:00:00
1644436800000,1839.0,1844.0,1837.0,1838.0,199.4921,2022-02-09 20:00:00
1644451200000,1839.0,1841.0,1837.0,1840.0,158.4584,2022-02-10 00:00:00
1644465600000,1841.0,1844.0,1836.0,1842.0,217.28,2022-02-10 04:00:00
1644480000000,1842.0,1845.0,1834.0,1839.0,474.011,2022-02-10 08:00:00
1644494400000,1840.0,1846.0,1827.0,1844.0,1063.2086,2022-02-10 12:00:00
1644508800000,1844.0,1847.0,1829.0,1833.0,358.1312,2022-02-10 16:00:00
1644523200000,1833.0,1839.0,1828.0,1833.0,302.6649,2022-02-10 20:00:00
1644537600000,1833.0,1837.0,1827.0,1833.0,317.4834,2022-02-11 00:00:00
1644552000000,1834.0,1835.0,1827.0,1830.0,135.0756,2022-02-11 04:00:00
1644566400000,1830.0,1836.0,1828.0,1832.0,214.9054,2022-02-11 08:00:00
1644580800000,1832.0,1842.0,1832.0,1840.0,182.4047,2022-02-11 12:00:00
1644595200000,1840.0,1872.0,1835.0,1869.0,1663.4771,2022-02-11 16:00:00
1644609600000,1868.0,1875.0,1859.0,1868.0,2259.1998,2022-02-11 20:00:00
1644624000000,1868.0,1872.0,1862.0,1868.0,869.078,2022-02-12 00:00:00
1644638400000,1868.0,1892.0,1865.0,1883.0,2049.036553,2022-02-12 04:00:00
1644652800000,1882.0,1888.0,1865.0,1868.0,884.9832,2022-02-12 08:00:00
1644667200000,1869.0,1870.0,1865.0,1870.0,549.2443,2022-02-12 12:00:00
1644681600000,1869.0,1877.0,1866.0,1874.0,1086.2886,2022-02-12 16:00:00
1644696000000,1874.0,1889.0,1864.0,1874.0,1130.645,2022-02-12 20:00:00
1644710400000,1877.0,1878.0,1870.0,1873.0,128.0805,2022-02-13 00:00:00
1644724800000,1872.0,1882.0,1872.0,1882.0,168.0705,2022-02-13 04:00:00
1644739200000,1882.0,1889.0,1871.0,1875.0,649.615,2022-02-13 08:00:00
1644753600000,1876.0,1879.0,1872.0,1875.0,207.122,2022-02-13 12:00:00
1644768000000,1876.0,1904.0,1873.0,1904.0,756.7564,2022-02-13 16:00:00
1644782400000,1904.0,1913.0,1879.0,1888.0,988.5808,2022-02-13 20:00:00
1644796800000,1888.0,1888.0,1858.0,1861.0,1956.2642,2022-02-14 00:00:00
1644811200000,1862.0,1867.0,1859.0,1864.0,583.7613,2022-02-14 04:00:00
1644825600000,1864.0,1874.0,1861.0,1866.0,862.1123,2022-02-14 08:00:00
1644840000000,1866.0,1885.0,1861.0,1880.0,1051.8775,2022-02-14 12:00:00
1644854400000,1880.0,1888.0,1865.0,1881.0,1193.7543,2022-02-14 16:00:00
1644868800000,1882.0,1887.0,1875.0,1881.0,776.8203,2022-02-14 20:00:00
1644883200000,1881.0,1891.0,1875.0,1887.0,662.6525,2022-02-15 00:00:00
1644897600000,1887.0,1891.0,1880.0,1881.0,581.0907,2022-02-15 04:00:00
1644912000000,1882.0,1883.0,1850.0,1854.0,2321.4886,2022-02-15 08:00:00
1644926400000,1853.0,1863.0,1845.0,1853.0,1155.3164,2022-02-15 12:00:00
1644940800000,1853.0,1862.0,1847.0,1855.0,533.8615,2022-02-15 16:00:00
1644955200000,1856.0,1861.0,1854.0,1855.0,324.5803,2022-02-15 20:00:00
1644969600000,1855.0,1856.0,1850.0,1854.0,374.3645,2022-02-16 00:00:00
1644984000000,1855.0,1858.0,1849.0,1857.0,378.2166,2022-02-16 04:00:00
1644998400000,1856.0,1867.0,1854.0,1857.0,1204.8552,2022-02-16 08:00:00
1645012800000,1858.0,1871.0,1855.0,1867.0,618.7888,2022-02-16 12:00:00
1645027200000,1867.0,1884.0,1867.0,1876.0,776.9634,2022-02-16 16:00:00
1645041600000,1876.0,1881.0,1873.0,1876.0,404.2289,2022-02-16 20:00:00
1645056000000,1877.0,1878.0,1873.0,1878.0,197.9615,2022-02-17 00:00:00
1645070400000,1878.0,1886.0,1875.0,1881.0,395.6036,2022-02-17 04:00:00
1645084800000,1882.0,1901.0,1882.0,1894.0,952.9784,2022-02-17 08:00:00
1645099200000,1893.0,1913.0,1890.0,1906.0,1559.0869,2022-02-17 12:00:00
1645113600000,1906.0,1922.0,1904.0,1913.0,2266.1034,2022-02-17 16:00:00
1645128000000,1914.0,1923.0,1909.0,1916.0,1124.8159,2022-02-17 20:00:00
1645142400000,1916.0,1919.0,1899.0,1907.0,1343.2329,2022-02-18 00:00:00
1645156800000,1907.0,1911.0,1901.0,1904.0,595.5052,2022-02-18 04:00:00
1645171200000,1904.0,1911.0,1895.0,1905.0,2024.8334,2022-02-18 08:00:00
1645185600000,1906.0,1912.0,1899.0,1905.0,1281.5105,2022-02-18 12:00:00
1645200000000,1906.0,1917.0,1900.0,1913.0,842.577,2022-02-18 16:00:00
1645214400000,1913.0,1916.0,1901.0,1912.0,650.2412,2022-02-18 20:00:00
1645228800000,1912.0,1918.0,1910.0,1915.0,466.8808,2022-02-19 00:00:00
1645243200000,1915.0,1916.0,1906.0,1915.0,272.9408,2022-02-19 04:00:00
1645257600000,1915.0,1917.0,1910.0,1914.0,784.6443,2022-02-19 08:00:00
1645272000000,1914.0,1920.0,1908.0,1915.0,764.817,2022-02-19 12:00:00
1645286400000,1915.0,1918.0,1910.0,1914.0,612.1813,2022-02-19 16:00:00
1645300800000,1915.0,1919.0,1915.0,1917.0,360.0864,2022-02-19 20:00:00
1645315200000,1917.0,1926.0,1913.0,1916.0,806.4253,2022-02-20 00:00:00
1645329600000,1917.0,1926.0,1911.0,1919.0,993.1233,2022-02-20 04:00:00
1645344000000,1919.0,1925.0,1913.0,1923.0,1463.183,2022-02-20 08:00:00
1645358400000,1924.0,1937.0,1920.0,1933.0,1552.285449,2022-02-20 12:00:00
1645372800000,1933.0,1951.0,1926.0,1928.0,1484.783385,2022-02-20 16:00:00
1645387200000,1929.0,1941.0,1920.0,1939.0,1356.4642,2022-02-20 20:00:00
1645401600000,1939.0,1948.0,1916.0,1921.0,1989.8713,2022-02-21 00:00:00
1645416000000,1920.0,1929.0,1908.0,1917.0,841.5634,2022-02-21 04:00:00
1645430400000,1917.0,1925.0,1912.0,1922.0,633.5246,2022-02-21 08:00:00
1645444800000,1920.0,1932.0,1915.0,1923.0,1714.5442,2022-02-21 12:00:00
1645459200000,1923.0,1955.0,1919.0,1940.0,1572.317,2022-02-21 16:00:00
1645473600000,1941.0,1978.0,1936.0,1954.0,2371.193468,2022-02-21 20:00:00
1645488000000,1954.0,1976.0,1945.0,1960.0,1764.7732,2022-02-22 00:00:00
1645502400000,1960.0,1964.0,1938.0,1948.0,1853.565,2022-02-22 04:00:00
1645516800000,1950.0,1956.0,1921.0,1921.0,1762.137,2022-02-22 08:00:00
1645531200000,1923.0,1933.0,1918.0,1919.0,1930.347,2022-02-22 12:00:00
1645545600000,1920.0,1931.0,1912.0,1915.0,2443.2988,2022-02-22 16:00:00
1645560000000,1914.0,1917.0,1901.0,1906.0,791.0767,2022-02-22 20:00:00
1645574400000,1906.0,1924.0,1898.0,1909.0,910.5854,2022-02-23 00:00:00
1645588800000,1909.0,1910.0,1898.0,1904.0,658.9838,2022-02-23 04:00:00
1645603200000,1904.0,1907.0,1895.0,1900.0,899.7189,2022-02-23 08:00:00
1645617600000,1900.0,1919.0,1897.0,1917.0,956.2673,2022-02-23 12:00:00
1645632000000,1917.0,1923.0,1912.0,1918.0,998.682,2022-02-23 16:00:00
1645646400000,1918.0,1927.0,1913.0,1919.0,1083.0396,2022-02-23 20:00:00
1645660800000,1919.0,1944.0,1917.0,1942.0,2967.6618,2022-02-24 00:00:00
1645675200000,1943.0,2002.0,1941.0,1970.0,13306.399017,2022-02-24 04:00:00
1645689600000,1970.0,2021.0,1966.0,2009.0,10698.233959,2022-02-24 08:00:00
1645704000000,2009.0,2076.0,1945.0,1964.0,13237.777897,2022-02-24 12:00:00
1645718400000,1964.0,1982.0,1908.0,1921.0,7642.6314,2022-02-24 16:00:00
1645732800000,1920.0,1946.0,1903.0,1935.0,4181.0677,2022-02-24 20:00:00
1645747200000,1934.0,1944.0,1914.0,1934.0,1524.8651,2022-02-25 00:00:00
1645761600000,1934.0,1944.0,1920.0,1935.0,1458.3936,2022-02-25 04:00:00
1645776000000,1935.0,1939.0,1909.0,1910.0,2012.9082,2022-02-25 08:00:00
1645790400000,1910.0,1918.0,1901.0,1903.0,2964.3179,2022-02-25 12:00:00
1645804800000,1902.0,1905.0,1888.0,1899.0,2253.7593,2022-02-25 16:00:00
1645819200000,1899.0,1903.0,1890.0,1892.0,1462.3803,2022-02-25 20:00:00
1645833600000,1892.0,1902.0,1885.0,1890.0,1011.0989,2022-02-26 00:00:00
1645848000000,1890.0,1892.0,1881.0,1890.0,908.479,2022-02-26 04:00:00
1645862400000,1890.0,1895.0,1886.0,1889.0,621.7217,2022-02-26 08:00:00
1645876800000,1889.0,1898.0,1888.0,1893.0,956.6115,2022-02-26 12:00:00
1645891200000,1893.0,1896.0,1889.0,1892.0,421.0783,2022-02-26 16:00:00
1645905600000,1893.0,1898.0,1883.0,1890.0,715.8007,2022-02-26 20:00:00
1645920000000,1891.0,1897.0,1887.0,1894.0,700.0206,2022-02-27 00:00:00
1645934400000,1894.0,1896.0,1882.0,1890.0,771.4132,2022-02-27 04:00:00
1645948800000,1891.0,1896.0,1889.0,1895.0,467.6728,2022-02-27 08:00:00
1645963200000,1895.0,1897.0,1889.0,1893.0,928.2976,2022-02-27 12:00:00
1645977600000,1894.0,1898.0,1889.0,1896.0,1496.7165,2022-02-27 16:00:00
1645992000000,1895.0,1929.0,1893.0,1917.0,5953.4401,2022-02-27 20:00:00
1646006400000,1917.0,1926.0,1903.0,1906.0,1696.3909,2022-02-28 00:00:00
1646020800000,1906.0,1913.0,1893.0,1898.0,1245.874,2022-02-28 04:00:00
1646035200000,1897.0,1908.0,1878.0,1907.0,3200.2832,2022-02-28 08:00:00
1646049600000,1907.0,1918.0,1892.0,1900.0,2653.7406,2022-02-28 12:00:00
1646064000000,1899.0,1902.0,1881.0,1898.0,1929.6217,2022-02-28 16:00:00
1646078400000,1898.0,1902.0,1887.0,1895.0,2104.5888,2022-02-28 20:00:00
1646092800000,1895.0,1898.0,1880.0,1896.0,1148.9443,2022-03-01 00:00:00
1646107200000,1896.0,1900.0,1883.0,1895.0,1257.7536,2022-03-01 04:00:00
1646121600000,1895.0,1919.0,1895.0,1910.0,2478.5165,2022-03-01 08:00:00
1646136000000,1912.0,1919.0,1901.0,1918.0,2435.8366,2022-03-01 12:00:00
1646150400000,1916.0,1931.0,1912.0,1928.0,2071.3782,2022-03-01 16:00:00
1646164800000,1928.0,1939.0,1926.0,1928.0,1632.362,2022-03-01 20:00:00
1646179200000,1929.0,1935.0,1916.0,1926.0,1250.7156,2022-03-02 00:00:00
1646193600000,1928.0,1935.0,1916.0,1934.0,986.6335,2022-03-02 04:00:00
1646208000000,1935.0,1939.0,1910.0,1919.0,1233.0067,2022-03-02 08:00:00
1646222400000,1919.0,1927.0,1913.0,1920.0,1351.1519,2022-03-02 12:00:00
1646236800000,1920.0,1927.0,1906.0,1921.0,1349.1688,2022-03-02 16:00:00
1646251200000,1922.0,1927.0,1918.0,1925.0,1045.3541,2022-03-02 20:00:00
1646265600000,1925.0,1930.0,1921.0,1924.0,570.1783,2022-03-03 00:00:00
1646280000000,1926.0,1928.0,1916.0,1926.0,440.2931,2022-03-03 04:00:00
1646294400000,1927.0,1937.0,1915.0,1930.0,1495.9844,2022-03-03 08:00:00
1646308800000,1930.0,1937.0,1918.0,1925.0,844.2088,2022-03-03 12:00:00
1646323200000,1925.0,1932.0,1919.0,1931.0,1188.4465,2022-03-03 16:00:00
1646337600000,1931.0,1937.0,1928.0,1934.0,917.9647,2022-03-03 20:00:00
1646352000000,1934.0,1945.0,1930.0,1938.0,1107.3251,2022-03-04 00:00:00
1646366400000,1938.0,1941.0,1931.0,1937.0,360.1101,2022-03-04 04:00:00
1646380800000,1937.0,1945.0,1931.0,1942.0,913.7015,2022-03-04 08:00:00
1646395200000,1942.0,1955.0,1939.0,1955.0,2003.2272,2022-03-04 12:00:00
1646409600000,1955.0,1963.0,1952.0,1963.0,1739.9523,2022-03-04 16:00:00
1646424000000,1962.0,1972.0,1954.0,1967.0,2474.5019,2022-03-04 20:00:00
1646438400000,1968.0,1971.0,1963.0,1968.0,694.6184,2022-03-05 00:00:00
1646452800000,1969.0,1973.0,1966.0,1970.0,734.8992,2022-03-05 04:00:00
1646467200000,1969.0,1976.0,1965.0,1971.0,1533.3683,2022-03-05 08:00:00
1646481600000,1971.0,1976.0,1969.0,1973.0,870.8816,2022-03-05 12:00:00
1646496000000,1975.0,1976.0,1968.0,1972.0,635.9057,2022-03-05 16:00:00
1646510400000,1973.0,1975.0,1968.0,1971.0,565.3102,2022-03-05 20:00:00
1646524800000,1971.0,1975.0,1968.0,1973.0,249.2641,2022-03-06 00:00:00
1646539200000,1974.0,1975.0,1971.0,1973.0,444.8612,2022-03-06 04:00:00
1646553600000,1974.0,1978.0,1970.0,1972.0,1529.9282,2022-03-06 08:00:00
1646568000000,1972.0,1976.0,1969.0,1973.0,487.3985,2022-03-06 12:00:00
1646582400000,1975.0,1977.0,1969.0,1974.0,828.5343,2022-03-06 16:00:00
1646596800000,1974.0,1990.0,1972.0,1989.0,2267.3356,2022-03-06 20:00:00
1646611200000,1990.0,1998.0,1986.0,1992.0,3075.9101,2022-03-07 00:00:00
1646625600000,1992.0,1998.0,1981.0,1998.0,1754.3881,2022-03-07 04:00:00
1646640000000,1998.0,2015.0,1994.0,2002.0,5809.0939,2022-03-07 08:00:00
1646654400000,2002.0,2002.0,1970.0,1986.0,4559.8562,2022-03-07 12:00:00
1646668800000,1987.0,2004.0,1976.0,2004.0,2872.2511,2022-03-07 16:00:00
1646683200000,2004.0,2010.0,1997.0,2003.0,2629.7255,2022-03-07 20:00:00
1646697600000,2004.0,2005.0,1989.0,1994.0,1750.3826,2022-03-08 00:00:00
1646712000000,1994.0,2024.0,1991.0,2019.0,3489.8022,2022-03-08 04:00:00
1646726400000,2019.0,2024.0,2010.0,2013.0,1628.3337,2022-03-08 08:00:00
1646740800000,2014.0,2071.0,2010.0,2053.0,7463.0396,2022-03-08 12:00:00
1646755200000,2054.0,2069.0,2024.0,2041.0,6443.3845,2022-03-08 16:00:00
1646769600000,2040.0,2061.0,2037.0,2053.0,1969.9066,2022-03-08 20:00:00
1646784000000,2053.0,2057.0,2040.0,2055.0,2817.1422,2022-03-09 00:00:00
1646798400000,2057.0,2059.0,2033.0,2038.0,2139.5696,2022-03-09 04:00:00
1646812800000,2040.0,2048.0,2010.0,2016.0,3698.004,2022-03-09 08:00:00
1646827200000,2016.0,2026.0,1985.0,1996.0,3298.9249,2022-03-09 12:00:00
1646841600000,1997.0,2008.0,1982.0,1991.0,3392.0059,2022-03-09 16:00:00
1646856000000,1990.0,1999.0,1987.0,1994.0,1236.6722,2022-03-09 20:00:00
1646870400000,1994.0,1996.0,1975.0,1983.0,1290.4074,2022-03-10 00:00:00
1646884800000,1983.0,1993.0,1979.0,1986.0,3448.0366,2022-03-10 04:00:00
1646899200000,1986.0,2010.0,1984.0,2010.0,2987.1424,2022-03-10 08:00:00
1646913600000,2010.0,2015.0,1986.0,2001.0,4158.2688,2022-03-10 12:00:00
1646928000000,2001.0,2005.0,1991.0,1997.0,1652.2064,2022-03-10 16:00:00
1646942400000,1998.0,2003.0,1994.0,1997.0,960.7707,2022-03-10 20:00:00
1646956800000,1998.0,2003.0,1993.0,1999.0,622.3153,2022-03-11 00:00:00
1646971200000,1998.0,1998.0,1990.0,1996.0,799.6143,2022-03-11 04:00:00
1646985600000,1996.0,2002.0,1980.0,1982.0,2362.5818,2022-03-11 08:00:00
1647000000000,1982.0,1986.0,1961.0,1981.0,4801.9111,2022-03-11 12:00:00
1647014400000,1981.0,1989.0,1980.0,1986.0,1169.1731,2022-03-11 16:00:00
1647028800000,1986.0,1989.0,1978.0,1986.0,1413.1747,2022-03-11 20:00:00
1647043200000,1986.0,1988.0,1984.0,1985.0,716.7217,2022-03-12 00:00:00
1647057600000,1986.0,1988.0,1985.0,1988.0,211.7436,2022-03-12 04:00:00
1647072000000,1988.0,1991.0,1985.0,1989.0,565.3211,2022-03-12 08:00:00
1647086400000,1989.0,1991.0,1985.0,1990.0,668.7918,2022-03-12 12:00:00
1647100800000,1990.0,1991.0,1986.0,1990.0,460.2905,2022-03-12 16:00:00
1647115200000,1990.0,1991.0,1988.0,1991.0,238.2392,2022-03-12 20:00:00
1647129600000,1990.0,1995.0,1990.0,1993.0,225.6532,2022-03-13 00:00:00
1647144000000,1993.0,1997.0,1992.0,1996.0,264.3296,2022-03-13 04:00:00
1647158400000,1996.0,1998.0,1993.0,1997.0,707.4664,2022-03-13 08:00:00
1647172800000,1997.0,1999.0,1995.0,1997.0,578.3345,2022-03-13 12:00:00
1647187200000,1997.0,2000.0,1996.0,1998.0,470.1965,2022-03-13 16:00:00
1647201600000,1998.0,1999.0,1980.0,1984.0,2940.8536,2022-03-13 20:00:00
1647216000000,1984.0,1987.0,1981.0,1985.0,647.5354,2022-03-14 00:00:00
1647230400000,1985.0,1988.0,1981.0,1983.0,520.9047,2022-03-14 04:00:00
1647244800000,1984.0,1984.0,1959.0,1970.0,1567.7747,2022-03-14 08:00:00
1647259200000,1970.0,1975.0,1955.0,1962.0,1288.7047,2022-03-14 12:00:00
1647273600000,1961.0,1968.0,1956.0,1959.0,686.903,2022-03-14 16:00:00
1647288000000,1959.0,1964.0,1956.0,1958.0,595.4971,2022-03-14 20:00:00
1647302400000,1958.0,1959.0,1946.0,1950.0,648.6876,2022-03-15 00:00:00
1647316800000,1950.0,1951.0,1918.0,1933.0,1335.7456,2022-03-15 04:00:00
1647331200000,1934.0,1940.0,1927.0,1931.0,664.6178,2022-03-15 08:00:00
1647345600000,1931.0,1935.0,1910.0,1932.0,2817.827,2022-03-15 12:00:00
1647360000000,1932.0,1938.0,1925.0,1927.0,907.6952,2022-03-15 16:00:00
1647374400000,1926.0,1930.0,1921.0,1925.0,834.9142,2022-03-15 20:00:00
1647388800000,1926.0,1934.0,1924.0,1927.0,1147.0253,2022-03-16 00:00:00
1647403200000,1927.0,1931.0,1925.0,1927.0,371.8386,2022-03-16 04:00:00
1647417600000,1927.0,1938.0,1925.0,1936.0,1206.3672,2022-03-16 08:00:00
1647432000000,1936.0,1937.0,1900.0,1918.0,1767.4658,2022-03-16 12:00:00
1647446400000,1918.0,1938.0,1905.0,1937.0,1819.8336,2022-03-16 16:00:00
1647460800000,1937.0,1940.0,1928.0,1937.0,936.9175,2022-03-16 20:00:00
1647475200000,1937.0,1943.0,1934.0,1940.0,725.4506,2022-03-17 00:00:00
1647489600000,1940.0,1943.0,1937.0,1940.0,507.5082,2022-03-17 04:00:00
1647504000000,1941.0,1954.0,1940.0,1952.0,950.1831,2022-03-17 08:00:00
1647518400000,1953.0,1956.0,1943.0,1952.0,995.435,2022-03-17 12:00:00
1647532800000,1953.0,1954.0,1941.0,1943.0,931.6943,2022-03-17 16:00:00
1647547200000,1943.0,1952.0,1943.0,1950.0,442.4726,2022-03-17 20:00:00
1647561600000,1950.0,1951.0,1938.0,1943.0,548.1817,2022-03-18 00:00:00
1647576000000,1943.0,1949.0,1939.0,1941.0,385.3191,2022-03-18 04:00:00
1647590400000,1941.0,1950.0,1934.0,1944.0,1043.3642,2022-03-18 08:00:00
1647604800000,1945.0,1950.0,1929.0,1937.0,1078.3254,2022-03-18 12:00:00
1647619200000,1938.0,1939.0,1920.0,1923.0,1976.6474,2022-03-18 16:00:00
1647633600000,1923.0,1927.0,1918.0,1922.0,511.0504,2022-03-18 20:00:00
1647648000000,1922.0,1928.0,1920.0,1924.0,421.541,2022-03-19 00:00:00
1647662400000,1924.0,1925.0,1921.0,1922.0,135.6597,2022-03-19 04:00:00
1647676800000,1923.0,1925.0,1919.0,1920.0,232.4083,2022-03-19 08:00:00
1647691200000,1921.0,1923.0,1918.0,1920.0,454.2485,2022-03-19 12:00:00
1647705600000,1920.0,1923.0,1915.0,1919.0,404.0982,2022-03-19 16:00:00
1647720000000,1920.0,1923.0,1912.0,1915.0,560.2342,2022-03-19 20:00:00
1647734400000,1916.0,1919.0,1913.0,1916.0,158.6839,2022-03-20 00:00:00
1647748800000,1917.0,1919.0,1915.0,1918.0,76.445,2022-03-20 04:00:00
1647763200000,1917.0,1926.0,1916.0,1921.0,694.5885,2022-03-20 08:00:00
1647777600000,1921.0,1925.0,1912.0,1922.0,859.0369,2022-03-20 12:00:00
1647792000000,1922.0,1925.0,1919.0,1924.0,442.5875,2022-03-20 16:00:00
1647806400000,1925.0,1928.0,1920.0,1923.0,425.0405,2022-03-20 20:00:00
1647820800000,1923.0,1932.0,1916.0,1931.0,1180.5774,2022-03-21 00:00:00
1647835200000,1931.0,1933.0,1923.0,1926.0,364.3104,2022-03-21 04:00:00
1647849600000,1926.0,1930.0,1921.0,1925.0,731.0456,2022-03-21 08:00:00
1647864000000,1925.0,1940.0,1921.0,1938.0,1325.4926,2022-03-21 12:00:00
1647878400000,1937.0,1943.0,1929.0,1937.0,656.7827,2022-03-21 16:00:00
1647892800000,1938.0,1941.0,1931.0,1935.0,567.7103,2022-03-21 20:00:00
1647907200000,1936.0,1941.0,1930.0,1937.0,349.9174,2022-03-22 00:00:00
1647921600000,1937.0,1941.0,1933.0,1934.0,518.0678,2022-03-22 04:00:00
1647936000000,1933.0,1936.0,1923.0,1926.0,702.0077,2022-03-22 08:00:00
1647950400000,1927.0,1930.0,1912.0,1918.0,874.2893,2022-03-22 12:00:00
1647964800000,1919.0,1925.0,1918.0,1919.0,502.6746,2022-03-22 16:00:00
1647979200000,1921.0,1921.0,1917.0,1919.0,313.0438,2022-03-22 20:00:00
1647993600000,1920.0,1925.0,1917.0,1923.0,194.8961,2022-03-23 00:00:00
1648008000000,1922.0,1923.0,1916.0,1920.0,244.2584,2022-03-23 04:00:00
1648022400000,1920.0,1934.0,1920.0,1930.0,757.5568,2022-03-23 08:00:00
1648036800000,1931.0,1936.0,1926.0,1929.0,918.1351,2022-03-23 12:00:00
1648051200000,1929.0,1951.0,1927.0,1948.0,1116.9512,2022-03-23 16:00:00
1648065600000,1948.0,1949.0,1939.0,1947.0,588.7264,2022-03-23 20:00:00
1648080000000,1947.0,1950.0,1935.0,1938.0,823.0709,2022-03-24 00:00:00
1648094400000,1938.0,1945.0,1937.0,1943.0,833.8659,2022-03-24 04:00:00
1648108800000,1943.0,1954.0,1938.0,1954.0,827.3122,2022-03-24 08:00:00
1648123200000,1954.0,1963.0,1944.0,1959.0,1753.254,2022-03-24 12:00:00
1648137600000,1960.0,1964.0,1951.0,1959.0,1252.0979,2022-03-24 16:00:00
1648152000000,1959.0,1969.0,1951.0,1958.0,669.8153,2022-03-24 20:00:00
1648166400000,1958.0,1965.0,1956.0,1959.0,238.2747,2022-03-25 00:00:00
1648180800000,1960.0,1960.0,1952.0,1954.0,377.5381,2022-03-25 04:00:00
1648195200000,1954.0,1960.0,1944.0,1950.0,1113.5957,2022-03-25 08:00:00
1648209600000,1950.0,1960.0,1944.0,1955.0,2314.8096,2022-03-25 12:00:00
1648224000000,1955.0,1957.0,1949.0,1954.0,385.8416,2022-03-25 16:00:00
1648238400000,1954.0,1961.0,1948.0,1959.0,464.0673,2022-03-25 20:00:00
1648252800000,1959.0,1961.0,1957.0,1959.0,136.1999,2022-03-26 00:00:00
1648267200000,1959.0,1963.0,1957.0,1961.0,257.6522,2022-03-26 04:00:00
1648281600000,1961.0,1962.0,1956.0,1958.0,236.4021,2022-03-26 08:00:00
1648296000000,1959.0,1966.0,1957.0,1963.0,528.8123,2022-03-26 12:00:00
1648310400000,1963.0,1967.0,1959.0,1963.0,265.7339,2022-03-26 16:00:00
1648324800000,1963.0,1966.0,1961.0,1964.0,79.2192,2022-03-26 20:00:00
1648339200000,1964.0,1966.0,1960.0,1965.0,261.2003,2022-03-27 00:00:00
1648353600000,1965.0,1966.0,1957.0,1959.0,647.0557,2022-03-27 04:00:00
1648368000000,1960.0,1961.0,1958.0,1959.0,139.2313,2022-03-27 08:00:00
1648382400000,1959.0,1961.0,1956.0,1960.0,301.073,2022-03-27 12:00:00
1648396800000,1960.0,1960.0,1957.0,1958.0,170.4023,2022-03-27 16:00:00
1648411200000,1959.0,1963.0,1947.0,1953.0,1693.4339,2022-03-27 20:00:00
1648425600000,1954.0,1958.0,1939.0,1941.0,428.1191,2022-03-28 00:00:00
1648440000000,1941.0,1946.0,1930.0,1933.0,911.2823,2022-03-28 04:00:00
1648454400000,1934.0,1936.0,1926.0,1929.0,821.898,2022-03-28 08:00:00
1648468800000,1929.0,1942.0,1924.0,1933.0,2523.2951,2022-03-28 12:00:00
1648483200000,1933.0,1941.0,1918.0,1921.0,1042.1746,2022-03-28 16:00:00
1648497600000,1921.0,1928.0,1919.0,1926.0,522.352,2022-03-28 20:00:00
1648512000000,1926.0,1931.0,1923.0,1928.0,483.4527,2022-03-29 00:00:00
1648526400000,1929.0,1929.0,1921.0,1921.0,420.8466,2022-03-29 04:00:00
1648540800000,1922.0,1923.0,1904.0,1909.0,966.3261,2022-03-29 08:00:00
1648555200000,1909.0,1911.0,1892.0,1911.0,2604.1734,2022-03-29 12:00:00
1648569600000,1912.0,1920.0,1909.0,1917.0,1008.9113,2022-03-29 16:00:00
1648584000000,1918.0,1923.0,1913.0,1917.0,555.838,2022-03-29 20:00:00
1648598400000,1917.0,1925.0,1914.0,1922.0,281.0561,2022-03-30 00:00:00
1648612800000,1923.0,1925.0,1919.0,1921.0,257.0216,2022-03-30 04:00:00
1648627200000,1922.0,1924.0,1915.0,1921.0,306.7897,2022-03-30 08:00:00
1648641600000,1922.0,1939.0,1920.0,1934.0,831.2327,2022-03-30 12:00:00
1648656000000,1934.0,1937.0,1928.0,1932.0,555.9142,2022-03-30 16:00:00
1648670400000,1933.0,1934.0,1926.0,1930.0,284.8827,2022-03-30 20:00:00
1648684800000,1931.0,1931.0,1922.0,1924.0,242.4074,2022-03-31 00:00:00
1648699200000,1924.0,1930.0,1919.0,1928.0,277.9539,2022-03-31 04:00:00
1648713600000,1929.0,1931.0,1922.0,1927.0,297.8719,2022-03-31 08:00:00
1648728000000,1928.0,1944.0,1923.0,1941.0,1032.1563,2022-03-31 12:00:00
1648742400000,1942.0,1955.0,1928.0,1933.0,1303.9882,2022-03-31 16:00:00
1648756800000,1934.0,1937.0,1921.0,1937.0,386.1198,2022-03-31 20:00:00
1648771200000,1937.0,1939.0,1928.0,1937.0,353.7805,2022-04-01 00:00:00
1648785600000,1938.0,1939.0,1929.0,1931.0,324.0044,2022-04-01 04:00:00
1648800000000,1931.0,1934.0,1924.0,1927.0,492.2613,2022-04-01 08:00:00
1648814400000,1927.0,1932.0,1920.0,1925.0,1182.2809,2022-04-01 12:00:00
1648828800000,1925.0,1926.0,1916.0,1920.0,548.4127,2022-04-01 16:00:00
1648843200000,1921.0,1924.0,1918.0,1923.0,249.2074,2022-04-01 20:00:00
1648857600000,1923.0,1925.0,1920.0,1922.0,361.2969,2022-04-02 00:00:00
1648872000000,1923.0,1925.0,1918.0,1922.0,277.0249,2022-04-02 04:00:00
1648886400000,1923.0,1924.0,1920.0,1921.0,155.5495,2022-04-02 08:00:00
1648900800000,1922.0,1925.0,1919.0,1921.0,501.0158,2022-04-02 12:00:00
1648915200000,1922.0,1924.0,1920.0,1921.0,332.5566,2022-04-02 16:00:00
1648929600000,1921.0,1923.0,1920.0,1922.0,117.3323,2022-04-02 20:00:00
1648944000000,1922.0,1927.0,1920.0,1927.0,499.0134,2022-04-03 00:00:00
1648958400000,1927.0,1928.0,1922.0,1923.0,213.2418,2022-04-03 04:00:00
1648972800000,1924.0,1924.0,1921.0,1924.0,123.2021,2022-04-03 08:00:00
1648987200000,1924.0,1925.0,1921.0,1925.0,151.0596,2022-04-03 12:00:00
1649001600000,1925.0,1926.0,1920.0,1921.0,325.6599,2022-04-03 16:00:00
1649016000000,1922.0,1926.0,1913.0,1923.0,430.3321,2022-04-03 20:00:00
1649030400000,1923.0,1924.0,1920.0,1920.0,243.1317,2022-04-04 00:00:00
1649044800000,1921.0,1928.0,1918.0,1927.0,298.8712,2022-04-04 04:00:00
1649059200000,1926.0,1928.0,1918.0,1926.0,479.2276,2022-04-04 08:00:00
1649073600000,1925.0,1934.0,1925.0,1932.0,660.3125,2022-04-04 12:00:00
1649088000000,1933.0,1935.0,1926.0,1930.0,512.9969,2022-04-04 16:00:00
1649102400000,1931.0,1933.0,1925.0,1931.0,321.9438,2022-04-04 20:00:00
1649116800000,1931.0,1931.0,1926.0,1928.0,221.7768,2022-04-05 00:00:00
1649131200000,1929.0,1929.0,1925.0,1927.0,147.3002,2022-04-05 04:00:00
1649145600000,1927.0,1928.0,1922.0,1923.0,236.691,2022-04-05 08:00:00
1649160000000,1924.0,1940.0,1921.0,1923.0,979.0543,2022-04-05 12:00:00
1649174400000,1922.0,1924.0,1917.0,1921.0,361.3913,2022-04-05 16:00:00
1649188800000,1921.0,1924.0,1917.0,1919.0,230.883,2022-04-05 20:00:00
1649203200000,1919.0,1923.0,1915.0,1922.0,664.269,2022-04-06 00:00:00
1649217600000,1923.0,1924.0,1915.0,1921.0,338.7949,2022-04-06 04:00:00
1649232000000,1922.0,1930.0,1917.0,1920.0,388.1117,2022-04-06 08:00:00
1649246400000,1921.0,1933.0,1920.0,1925.0,1431.6943,2022-04-06 12:00:00
1649260800000,1926.0,1928.0,1918.0,1924.0,940.4108,2022-04-06 16:00:00
1649275200000,1924.0,1928.0,1920.0,1923.0,320.6109,2022-04-06 20:00:00
1649289600000,1923.0,1928.0,1921.0,1924.0,424.8648,2022-04-07 00:00:00
1649304000000,1924.0,1928.0,1921.0,1926.0,231.0574,2022-04-07 04:00:00
1649318400000,1926.0,1928.0,1922.0,1928.0,268.085,2022-04-07 08:00:00
1649332800000,1927.0,1935.0,1924.0,1931.0,559.6249,2022-04-07 12:00:00
1649347200000,1932.0,1937.0,1925.0,1927.0,334.9876,2022-04-07 16:00:00
1649361600000,1928.0,1938.0,1925.0,1930.0,268.945,2022-04-07 20:00:00
1649376000000,1931.0,1935.0,1929.0,1929.0,172.0739,2022-04-08 00:00:00
1649390400000,1930.0,1933.0,1928.0,1932.0,248.6242,2022-04-08 04:00:00
1649404800000,1932.0,1934.0,1929.0,1931.0,251.9667,2022-04-08 08:00:00
1649419200000,1932.0,1946.0,1929.0,1943.0,646.1258,2022-04-08 12:00:00
1649433600000,1943.0,1946.0,1938.0,1944.0,587.3978,2022-04-08 16:00:00
1649448000000,1944.0,1949.0,1939.0,1947.0,777.1047,2022-04-08 20:00:00
1649462400000,1947.0,1952.0,1945.0,1950.0,297.3966,2022-04-09 00:00:00
1649476800000,1950.0,1952.0,1949.0,1951.0,106.065,2022-04-09 04:00:00
1649491200000,1951.0,1952.0,1949.0,1951.0,162.1077,2022-04-09 08:00:00
1649505600000,1952.0,1954.0,1949.0,1950.0,228.0291,2022-04-09 12:00:00
1649520000000,1950.0,1952.0,1946.0,1947.0,188.5909,2022-04-09 16:00:00
1649534400000,1948.0,1951.0,1945.0,1946.0,167.8513,2022-04-09 20:00:00
1649548800000,1946.0,1949.0,1945.0,1948.0,83.4694,2022-04-10 00:00:00
1649563200000,1949.0,1952.0,1948.0,1950.0,329.5467,2022-04-10 04:00:00
1649577600000,1951.0,1953.0,1949.0,1950.0,160.3375,2022-04-10 08:00:00
1649592000000,1951.0,1952.0,1946.0,1948.0,193.6383,2022-04-10 12:00:00
1649606400000,1948.0,1956.0,1943.0,1944.0,413.4714,2022-04-10 16:00:00
1649620800000,1945.0,1947.0,1940.0,1942.0,334.9535,2022-04-10 20:00:00
1649635200000,1943.0,1946.0,1940.0,1945.0,201.0986,2022-04-11 00:00:00
1649649600000,1945.0,1949.0,1941.0,1947.0,372.6516,2022-04-11 04:00:00
1649664000000,1947.0,1963.0,1946.0,1962.0,1609.286,2022-04-11 08:00:00
1649678400000,1961.0,1968.0,1940.0,1953.0,2593.5848,2022-04-11 12:00:00
1649692800000,1953.0,1954.0,1941.0,1953.0,651.8185,2022-04-11 16:00:00
1649707200000,1953.0,1960.0,1949.0,1953.0,1019.3682,2022-04-11 20:00:00
1649721600000,1953.0,1961.0,1949.0,1961.0,717.4008,2022-04-12 00:00:00
1649736000000,1961.0,1963.0,1953.0,1955.0,855.1883,2022-04-12 04:00:00
1649750400000,1954.0,1960.0,1949.0,1958.0,666.8787,2022-04-12 08:00:00
1649764800000,1959.0,1977.0,1954.0,1972.0,1404.2561,2022-04-12 12:00:00
1649779200000,1973.0,1978.0,1965.0,1968.0,2030.5717,2022-04-12 16:00:00
1649793600000,1968.0,1973.0,1966.0,1968.0,705.0914,2022-04-12 20:00:00
1649808000000,1968.0,1975.0,1964.0,1972.0,588.5376,2022-04-13 00:00:00
1649822400000,1972.0,1973.0,1966.0,1971.0,562.5887,2022-04-13 04:00:00
1649836800000,1971.0,1980.0,1970.0,1979.0,849.1817,2022-04-13 08:00:00
1649851200000,1978.0,1980.0,1966.0,1977.0,1316.8712,2022-04-13 12:00:00
1649865600000,1977.0,1982.0,1972.0,1979.0,757.9783,2022-04-13 16:00:00
1649880000000,1979.0,1982.0,1977.0,1979.0,264.9982,2022-04-13 20:00:00
1649894400000,1980.0,1980.0,1972.0,1977.0,452.8721,2022-04-14 00:00:00
1649908800000,1977.0,1978.0,1973.0,1977.0,212.6314,2022-04-14 04:00:00
1649923200000,1977.0,1982.0,1966.0,1980.0,942.7553,2022-04-14 08:00:00
1649937600000,1980.0,1981.0,1962.0,1967.0,780.3046,2022-04-14 12:00:00
1649952000000,1967.0,1975.0,1966.0,1973.0,328.0555,2022-04-14 16:00:00
1649966400000,1973.0,1978.0,1970.0,1976.0,351.7554,2022-04-14 20:00:00
1649980800000,1976.0,1979.0,1974.0,1976.0,169.6513,2022-04-15 00:00:00
1649995200000,1976.0,1979.0,1975.0,1977.0,126.5552,2022-04-15 04:00:00
1650009600000,1978.0,1981.0,1973.0,1979.0,299.9942,2022-04-15 08:00:00
1650024000000,1979.0,1980.0,1975.0,1977.0,163.3428,2022-04-15 12:00:00
1650038400000,1978.0,1981.0,1976.0,1978.0,183.0563,2022-04-15 16:00:00
1650052800000,1979.0,1980.0,1976.0,1980.0,274.3503,2022-04-15 20:00:00
1650067200000,1980.0,1981.0,1978.0,1979.0,162.4786,2022-04-16 00:00:00
1650081600000,1979.0,1980.0,1976.0,1978.0,228.0033,2022-04-16 04:00:00
1650096000000,1978.0,1980.0,1977.0,1979.0,150.1306,2022-04-16 08:00:00
1650110400000,1980.0,1981.0,1977.0,1979.0,270.5984,2022-04-16 12:00:00
1650124800000,1979.0,1981.0,1977.0,1979.0,203.3688,2022-04-16 16:00:00
1650139200000,1980.0,1982.0,1978.0,1979.0,154.2387,2022-04-16 20:00:00
1650153600000,1980.0,1982.0,1977.0,1979.0,181.6433,2022-04-17 00:00:00
1650168000000,1980.0,1982.0,1977.0,1980.0,202.3355,2022-04-17 04:00:00
1650182400000,1980.0,1983.0,1978.0,1981.0,209.0885,2022-04-17 08:00:00
1650196800000,1981.0,1982.0,1979.0,1980.0,124.896,2022-04-17 12:00:00
1650211200000,1981.0,1981.0,1978.0,1981.0,149.2972,2022-04-17 16:00:00
1650225600000,1981.0,1988.0,1978.0,1987.0,394.3275,2022-04-17 20:00:00
1650240000000,1988.0,1988.0,1985.0,1986.0,496.9148,2022-04-18 00:00:00
1650254400000,1986.0,1995.0,1983.0,1995.0,1089.0484,2022-04-18 04:00:00
1650268800000,1995.0,1999.0,1992.0,1997.0,1408.7372,2022-04-18 08:00:00
1650283200000,1998.0,1999.0,1985.0,1993.0,1190.7916,2022-04-18 12:00:00
1650297600000,1993.0,1994.0,1979.0,1984.0,1506.2251,2022-04-18 16:00:00
1650312000000,1984.0,1984.0,1977.0,1980.0,451.5126,2022-04-18 20:00:00
1650326400000,1980.0,1982.0,1974.0,1980.0,664.785,2022-04-19 00:00:00
1650340800000,1981.0,1982.0,1974.0,1981.0,368.4702,2022-04-19 04:00:00
1650355200000,1981.0,1987.0,1976.0,1981.0,545.0174,2022-04-19 08:00:00
1650369600000,1982.0,1984.0,1958.0,1960.0,1713.6435,2022-04-19 12:00:00
1650384000000,1960.0,1963.0,1952.0,1957.0,776.8587,2022-04-19 16:00:00
1650398400000,1956.0,1959.0,1951.0,1953.0,330.2014,2022-04-19 20:00:00
1650412800000,1954.0,1956.0,1947.0,1949.0,337.2493,2022-04-20 00:00:00
1650427200000,1950.0,1950.0,1945.0,1947.0,605.501,2022-04-20 04:00:00
1650441600000,1948.0,1961.0,1947.0,1958.0,609.1719,2022-04-20 08:00:00
1650456000000,1958.0,1962.0,1950.0,1958.0,633.8344,2022-04-20 12:00:00
1650470400000,1958.0,1963.0,1953.0,1963.0,392.4948,2022-04-20 16:00:00
1650484800000,1963.0,1966.0,1958.0,1964.0,317.4695,2022-04-20 20:00:00
1650499200000,1964.0,1964.0,1957.0,1958.0,157.0858,2022-04-21 00:00:00
1650513600000,1958.0,1960.0,1951.0,1955.0,208.7219,2022-04-21 04:00:00
1650528000000,1955.0,1956.0,1933.0,1941.0,992.1683,2022-04-21 08:00:00
1650542400000,1942.0,1952.0,1939.0,1945.0,1417.2114,2022-04-21 12:00:00
1650556800000,1945.0,1961.0,1942.0,1956.0,622.3522,2022-04-21 16:00:00
1650571200000,1956.0,1959.0,1951.0,1958.0,459.8081,2022-04-21 20:00:00
1650585600000,1958.0,1959.0,1950.0,1954.0,307.3278,2022-04-22 00:00:00
1650600000000,1953.0,1959.0,1953.0,1957.0,256.7902,2022-04-22 04:00:00
1650614400000,1957.0,1957.0,1935.0,1941.0,369.6789,2022-04-22 08:00:00
1650628800000,1941.0,1950.0,1930.0,1942.0,1317.2174,2022-04-22 12:00:00
1650643200000,1942.0,1944.0,1934.0,1938.0,459.8633,2022-04-22 16:00:00
1650657600000,1938.0,1941.0,1930.0,1935.0,306.2707,2022-04-22 20:00:00
1650672000000,1935.0,1938.0,1930.0,1937.0,198.1581,2022-04-23 00:00:00
1650686400000,1937.0,1937.0,1932.0,1936.0,191.7889,2022-04-23 04:00:00
1650700800000,1936.0,1940.0,1935.0,1938.0,152.1551,2022-04-23 08:00:00
1650715200000,1938.0,1938.0,1934.0,1936.0,155.2492,2022-04-23 12:00:00
1650729600000,1935.0,1940.0,1928.0,1933.0,252.4962,2022-04-23 16:00:00
1650744000000,1934.0,1936.0,1930.0,1934.0,219.6093,2022-04-23 20:00:00
1650758400000,1935.0,1937.0,1933.0,1935.0,73.7246,2022-04-24 00:00:00
1650772800000,1936.0,1940.0,1935.0,1935.0,92.9282,2022-04-24 04:00:00
1650787200000,1935.0,1937.0,1935.0,1937.0,93.5739,2022-04-24 08:00:00
1650801600000,1936.0,1938.0,1934.0,1937.0,109.8421,2022-04-24 12:00:00
1650816000000,1938.0,1938.0,1933.0,1935.0,290.0133,2022-04-24 16:00:00
1650830400000,1935.0,1938.0,1930.0,1935.0,236.4639,2022-04-24 20:00:00
1650844800000,1935.0,1935.0,1924.0,1928.0,665.4763,2022-04-25 00:00:00
1650859200000,1928.0,1935.0,1917.0,1920.0,1145.952,2022-04-25 04:00:00
1650873600000,1921.0,1932.0,1913.0,1913.0,917.7862,2022-04-25 08:00:00
1650888000000,1914.0,1919.0,1895.0,1899.0,1309.4096,2022-04-25 12:00:00
1650902400000,1899.0,1911.0,1898.0,1907.0,2270.2609,2022-04-25 16:00:00
1650916800000,1907.0,1910.0,1903.0,1909.0,201.9659,2022-04-25 20:00:00
1650931200000,1908.0,1914.0,1900.0,1908.0,471.13,2022-04-26 00:00:00
1650945600000,1908.0,1915.0,1901.0,1903.0,424.7995,2022-04-26 04:00:00
1650960000000,1903.0,1915.0,1903.0,1912.0,323.4834,2022-04-26 08:00:00
1650974400000,1913.0,1913.0,1880.0,1907.0,1360.0953,2022-04-26 12:00:00
1650988800000,1907.0,1909.0,1897.0,1901.0,409.0852,2022-04-26 16:00:00
1651003200000,1902.0,1909.0,1897.0,1908.0,472.6324,2022-04-26 20:00:00
1651017600000,1908.0,1910.0,1901.0,1904.0,388.1811,2022-04-27 00:00:00
1651032000000,1904.0,1906.0,1899.0,1904.0,345.5767,2022-04-27 04:00:00
1651046400000,1904.0,1904.0,1893.0,1902.0,562.6896,2022-04-27 08:00:00
1651060800000,1901.0,1905.0,1885.0,1889.0,803.3696,2022-04-27 12:00:00
1651075200000,1889.0,1896.0,1887.0,1893.0,261.7218,2022-04-27 16:00:00
1651089600000,1893.0,1896.0,1890.0,1892.0,245.6054,2022-04-27 20:00:00
1651104000000,1891.0,1892.0,1885.0,1887.0,217.4901,2022-04-28 00:00:00
1651118400000,1887.0,1891.0,1880.0,1890.0,493.36,2022-04-28 04:00:00
1651132800000,1890.0,1898.0,1887.0,1894.0,531.9078,2022-04-28 08:00:00
1651147200000,1894.0,1901.0,1889.0,1895.0,679.6701,2022-04-28 12:00:00
1651161600000,1895.0,1900.0,1892.0,1899.0,355.7078,2022-04-28 16:00:00
1651176000000,1899.0,1902.0,1894.0,1898.0,148.7442,2022-04-28 20:00:00
1651190400000,1898.0,1911.0,1896.0,1907.0,315.5584,2022-04-29 00:00:00
1651204800000,1908.0,1925.0,1903.0,1923.0,416.1784,2022-04-29 04:00:00
1651219200000,1923.0,1925.0,1913.0,1923.0,577.8528,2022-04-29 08:00:00
1651233600000,1924.0,1927.0,1907.0,1914.0,641.876,2022-04-29 12:00:00
1651248000000,1914.0,1922.0,1900.0,1904.0,605.0195,2022-04-29 16:00:00
1651262400000,1904.0,1923.0,1903.0,1906.0,416.1141,2022-04-29 20:00:00
1651276800000,1906.0,1907.0,1901.0,1905.0,129.1536,2022-04-30 00:00:00
1651291200000,1905.0,1908.0,1904.0,1905.0,135.7173,2022-04-30 04:00:00
1651305600000,1905.0,1910.0,1904.0,1907.0,177.4594,2022-04-30 08:00:00
1651320000000,1906.0,1908.0,1902.0,1905.0,187.7398,2022-04-30 12:00:00
1651334400000,1905.0,1907.0,1900.0,1905.0,205.1386,2022-04-30 16:00:00
1651348800000,1905.0,1909.0,1897.0,1899.0,418.2063,2022-04-30 20:00:00
1651363200000,1899.0,1905.0,1893.0,1902.0,356.7869,2022-05-01 00:00:00
1651377600000,1902.0,1906.0,1897.0,1898.0,163.4238,2022-05-01 04:00:00
1651392000000,1898.0,1906.0,1898.0,1905.0,186.8979,2022-05-01 08:00:00
1651406400000,1905.0,1910.0,1903.0,1905.0,221.718,2022-05-01 12:00:00
1651420800000,1906.0,1907.0,1897.0,1901.0,329.2263,2022-05-01 16:00:00
1651435200000,1901.0,1909.0,1900.0,1905.0,280.8484,2022-05-01 20:00:00
1651449600000,1905.0,1906.0,1892.0,1895.0,243.5487,2022-05-02 00:00:00
1651464000000,1895.0,1900.0,1890.0,1892.0,372.5546,2022-05-02 04:00:00
1651478400000,1893.0,1893.0,1884.0,1885.0,349.6719,2022-05-02 08:00:00
1651492800000,1884.0,1885.0,1856.0,1874.0,2133.1979,2022-05-02 12:00:00
1651507200000,1875.0,1876.0,1865.0,1870.0,619.0919,2022-05-02 16:00:00
1651521600000,1871.0,1879.0,1866.0,1871.0,319.7344,2022-05-02 20:00:00
1651536000000,1871.0,1871.0,1865.0,1867.0,126.2254,2022-05-03 00:00:00
1651550400000,1868.0,1868.0,1851.0,1861.0,1003.4915,2022-05-03 04:00:00
1651564800000,1861.0,1865.0,1852.0,1864.0,673.1563,2022-05-03 08:00:00
1651579200000,1864.0,1879.0,1863.0,1875.0,715.7334,2022-05-03 12:00:00
1651593600000,1876.0,1878.0,1865.0,1870.0,469.0414,2022-05-03 16:00:00
1651608000000,1870.0,1872.0,1867.0,1871.0,152.205,2022-05-03 20:00:00
1651622400000,1871.0,1872.0,1866.0,1867.0,109.6205,2022-05-04 00:00:00
1651636800000,1867.0,1873.0,1864.0,1869.0,164.5061,2022-05-04 04:00:00
1651651200000,1869.0,1875.0,1867.0,1869.0,367.4073,2022-05-04 08:00:00
1651665600000,1870.0,1871.0,1864.0,1867.0,216.6656,2022-05-04 12:00:00
1651680000000,1868.0,1889.0,1865.0,1883.0,1138.2019,2022-05-04 16:00:00
1651694400000,1883.0,1893.0,1880.0,1892.0,199.8778,2022-05-04 20:00:00
1651708800000,1892.0,1900.0,1891.0,1900.0,223.6881,2022-05-05 00:00:00
1651723200000,1900.0,1901.0,1894.0,1895.0,255.8073,2022-05-05 04:00:00
1651737600000,1896.0,1901.0,1887.0,1898.0,326.432,2022-05-05 08:00:00
1651752000000,1898.0,1908.0,1872.0,1875.0,981.4782,2022-05-05 12:00:00
1651766400000,1875.0,1883.0,1870.0,1877.0,1187.4197,2022-05-05 16:00:00
1651780800000,1878.0,1884.0,1875.0,1878.0,316.8671,2022-05-05 20:00:00
1651795200000,1878.0,1880.0,1869.0,1876.0,320.8619,2022-05-06 00:00:00
1651809600000,1876.0,1877.0,1869.0,1873.0,142.9348,2022-05-06 04:00:00
1651824000000,1873.0,1887.0,1870.0,1883.0,614.0316,2022-05-06 08:00:00
1651838400000,1883.0,1893.0,1871.0,1887.0,885.8644,2022-05-06 12:00:00
1651852800000,1887.0,1894.0,1877.0,1881.0,375.8659,2022-05-06 16:00:00
1651867200000,1881.0,1885.0,1876.0,1885.0,349.5233,2022-05-06 20:00:00
1651881600000,1885.0,1888.0,1879.0,1882.0,177.8678,2022-05-07 00:00:00
1651896000000,1882.0,1887.0,1881.0,1885.0,130.1555,2022-05-07 04:00:00
1651910400000,1885.0,1890.0,1884.0,1887.0,159.2917,2022-05-07 08:00:00
1651924800000,1887.0,1888.0,1880.0,1888.0,160.4179,2022-05-07 12:00:00
1651939200000,1888.0,1903.0,1886.0,1887.0,278.0159,2022-05-07 16:00:00
1651953600000,1887.0,1889.0,1883.0,1887.0,493.8791,2022-05-07 20:00:00
1651968000000,1887.0,1895.0,1881.0,1887.0,588.0268,2022-05-08 00:00:00
1651982400000,1887.0,1891.0,1883.0,1885.0,320.0956,2022-05-08 04:00:00
1651996800000,1885.0,1888.0,1881.0,1884.0,221.138,2022-05-08 08:00:00
1652011200000,1885.0,1888.0,1883.0,1887.0,182.6458,2022-05-08 12:00:00
1652025600000,1887.0,1889.0,1882.0,1886.0,441.4849,2022-05-08 16:00:00
1652040000000,1886.0,1896.0,1882.0,1885.0,578.3861,2022-05-08 20:00:00
1652054400000,1885.0,1886.0,1876.0,1879.0,376.8116,2022-05-09 00:00:00
1652068800000,1879.0,1879.0,1869.0,1870.0,276.2535,2022-05-09 04:00:00
1652083200000,1870.0,1872.0,1854.0,1860.0,769.9489,2022-05-09 08:00:00
1652097600000,1860.0,1869.0,1854.0,1860.0,844.3167,2022-05-09 12:00:00
1652112000000,1860.0,1865.0,1847.0,1853.0,1949.2547,2022-05-09 16:00:00
1652126400000,1853.0,1860.0,1848.0,1856.0,1313.3239,2022-05-09 20:00:00
1652140800000,1856.0,1861.0,1846.0,1860.0,929.236,2022-05-10 00:00:00
1652155200000,1861.0,1863.0,1852.0,1858.0,1704.2795,2022-05-10 04:00:00
1652169600000,1857.0,1866.0,1853.0,1861.0,611.3217,2022-05-10 08:00:00
1652184000000,1861.0,1867.0,1845.0,1846.0,1062.3082,2022-05-10 12:00:00
1652198400000,1846.0,1847.0,1836.0,1836.0,804.1086,2022-05-10 16:00:00
1652212800000,1837.0,1842.0,1832.0,1835.0,743.9385,2022-05-10 20:00:00
1652227200000,1835.0,1840.0,1832.0,1839.0,464.3789,2022-05-11 00:00:00
1652241600000,1839.0,1872.0,1832.0,1850.0,1601.6039,2022-05-11 04:00:00
1652256000000,1850.0,1867.0,1841.0,1853.0,1239.5657,2022-05-11 08:00:00
1652270400000,1854.0,1862.0,1821.0,1851.0,3885.7821,2022-05-11 12:00:00
1652284800000,1850.0,1859.0,1845.0,1856.0,1330.6142,2022-05-11 16:00:00
1652299200000,1856.0,1864.0,1848.0,1860.0,1854.333,2022-05-11 20:00:00
1652313600000,1859.0,1872.0,1851.0,1858.0,2331.8249,2022-05-12 00:00:00
1652328000000,1858.0,1954.0,1848.0,1874.0,9521.7235,2022-05-12 04:00:00
1652342400000,1874.0,1900.0,1851.0,1860.0,3915.1234,2022-05-12 08:00:00
1652356800000,1860.0,1888.0,1841.0,1849.0,3257.0228,2022-05-12 12:00:00
1652371200000,1849.0,1862.0,1823.0,1838.0,3578.7854,2022-05-12 16:00:00
1652385600000,1839.0,1842.0,1826.0,1836.0,958.2199,2022-05-12 20:00:00
1652400000000,1838.0,1855.0,1834.0,1837.0,1113.2214,2022-05-13 00:00:00
1652414400000,1837.0,1849.0,1827.0,1829.0,974.6373,2022-05-13 04:00:00
1652428800000,1830.0,1836.0,1822.0,1822.0,611.7,2022-05-13 08:00:00
1652443200000,1822.0,1824.0,1800.0,1805.0,3266.7597,2022-05-13 12:00:00
1652457600000,1805.0,1816.0,1801.0,1813.0,537.5933,2022-05-13 16:00:00
1652472000000,1813.0,1848.0,1808.0,1811.0,761.8636,2022-05-13 20:00:00
1652486400000,1811.0,1817.0,1807.0,1809.0,252.335,2022-05-14 00:00:00
1652500800000,1809.0,1813.0,1807.0,1813.0,175.27,2022-05-14 04:00:00
1652515200000,1813.0,1817.0,1808.0,1809.0,309.6599,2022-05-14 08:00:00
1652529600000,1810.0,1826.0,1808.0,1809.0,280.5792,2022-05-14 12:00:00
1652544000000,1809.0,1829.0,1808.0,1814.0,496.6852,2022-05-14 16:00:00
1652558400000,1814.0,1818.0,1810.0,1813.0,234.3704,2022-05-14 20:00:00
1652572800000,1814.0,1816.0,1810.0,1812.0,202.0298,2022-05-15 00:00:00
1652587200000,1812.0,1814.0,1808.0,1810.0,154.235,2022-05-15 04:00:00
1652601600000,1811.0,1816.0,1809.0,1814.0,144.8752,2022-05-15 08:00:00
1652616000000,1814.0,1815.0,1809.0,1814.0,248.2427,2022-05-15 12:00:00
1652630400000,1814.0,1816.0,1809.0,1814.0,190.4731,2022-05-15 16:00:00
1652644800000,1814.0,1821.0,1804.0,1811.0,377.6664,2022-05-15 20:00:00
1652659200000,1811.0,1817.0,1808.0,1810.0,285.3184,2022-05-16 00:00:00
1652673600000,1810.0,1815.0,1791.0,1794.0,517.7786,2022-05-16 04:00:00
1652688000000,1794.0,1811.0,1791.0,1801.0,765.1744,2022-05-16 08:00:00
1652702400000,1802.0,1818.0,1797.0,1816.0,648.5233,2022-05-16 12:00:00
1652716800000,1816.0,1828.0,1810.0,1827.0,503.3829,2022-05-16 16:00:00
1652731200000,1827.0,1830.0,1820.0,1828.0,286.2595,2022-05-16 20:00:00
1652745600000,1828.0,1830.0,1823.0,1826.0,206.7309,2022-05-17 00:00:00
1652760000000,1826.0,1831.0,1822.0,1827.0,213.4168,2022-05-17 04:00:00
1652774400000,1827.0,1836.0,1826.0,1835.0,304.234,2022-05-17 08:00:00
1652788800000,1836.0,1841.0,1825.0,1825.0,1957.0371,2022-05-17 12:00:00
1652803200000,1827.0,1832.0,1818.0,1822.0,435.2324,2022-05-17 16:00:00
1652817600000,1823.0,1830.0,1819.0,1820.0,357.7401,2022-05-17 20:00:00
1652832000000,1820.0,1821.0,1810.0,1814.0,228.3965,2022-05-18 00:00:00
1652846400000,1815.0,1820.0,1813.0,1820.0,171.5852,2022-05-18 04:00:00
1652860800000,1820.0,1824.0,1815.0,1816.0,185.2197,2022-05-18 08:00:00
1652875200000,1816.0,1829.0,1812.0,1827.0,652.4946,2022-05-18 12:00:00
1652889600000,1828.0,1833.0,1820.0,1822.0,763.7635,2022-05-18 16:00:00
1652904000000,1823.0,1823.0,1816.0,1819.0,268.3399,2022-05-18 20:00:00
1652918400000,1819.0,1826.0,1816.0,1823.0,262.2991,2022-05-19 00:00:00
1652932800000,1823.0,1828.0,1815.0,1818.0,551.1348,2022-05-19 04:00:00
1652947200000,1818.0,1842.0,1817.0,1838.0,2132.7977,2022-05-19 08:00:00
1652961600000,1837.0,1854.0,1834.0,1846.0,774.0581,2022-05-19 12:00:00
1652976000000,1845.0,1854.0,1845.0,1850.0,2451.2686,2022-05-19 16:00:00
1652990400000,1850.0,1855.0,1849.0,1853.0,148.8749,2022-05-19 20:00:00
1653004800000,1853.0,1853.0,1843.0,1846.0,359.655,2022-05-20 00:00:00
1653019200000,1846.0,1852.0,1843.0,1848.0,518.8333,2022-05-20 04:00:00
1653033600000,1849.0,1852.0,1844.0,1845.0,299.5453,2022-05-20 08:00:00
1653048000000,1846.0,1853.0,1836.0,1849.0,565.1436,2022-05-20 12:00:00
1653062400000,1850.0,1855.0,1841.0,1854.0,837.737,2022-05-20 16:00:00
1653076800000,1854.0,1855.0,1850.0,1853.0,135.817,2022-05-20 20:00:00
1653091200000,1854.0,1855.0,1849.0,1853.0,193.0808,2022-05-21 00:00:00
1653105600000,1853.0,1855.0,1849.0,1854.0,121.778,2022-05-21 04:00:00
1653120000000,1853.0,1856.0,1850.0,1854.0,150.9001,2022-05-21 08:00:00
1653134400000,1854.0,1856.0,1853.0,1855.0,260.4358,2022-05-21 12:00:00
1653148800000,1854.0,1856.0,1853.0,1855.0,74.2133,2022-05-21 16:00:00
1653163200000,1855.0,1858.0,1850.0,1855.0,129.3425,2022-05-21 20:00:00
1653177600000,1855.0,1859.0,1855.0,1856.0,45.6453,2022-05-22 00:00:00
1653192000000,1857.0,1859.0,1853.0,1853.0,220.5937,2022-05-22 04:00:00
1653206400000,1854.0,1856.0,1850.0,1852.0,212.8268,2022-05-22 08:00:00
1653220800000,1853.0,1855.0,1849.0,1853.0,229.7635,2022-05-22 12:00:00
1653235200000,1852.0,1854.0,1846.0,1850.0,238.6844,2022-05-22 16:00:00
1653249600000,1850.0,1859.0,1847.0,1853.0,320.9088,2022-05-22 20:00:00
1653264000000,1854.0,1857.0,1852.0,1855.0,158.7431,2022-05-23 00:00:00
1653278400000,1856.0,1864.0,1855.0,1861.0,225.0344,2022-05-23 04:00:00
1653292800000,1861.0,1870.0,1860.0,1867.0,355.0426,2022-05-23 08:00:00
1653307200000,1868.0,1871.0,1856.0,1857.0,875.8726,2022-05-23 12:00:00
1653321600000,1857.0,1860.0,1847.0,1856.0,465.0905,2022-05-23 16:00:00
1653336000000,1855.0,1860.0,1853.0,1856.0,263.9905,2022-05-23 20:00:00
1653350400000,1856.0,1859.0,1853.0,1859.0,152.8181,2022-05-24 00:00:00
1653364800000,1859.0,1872.0,1855.0,1862.0,257.2472,2022-05-24 04:00:00
1653379200000,1863.0,1866.0,1856.0,1860.0,217.0045,2022-05-24 08:00:00
1653393600000,1861.0,1877.0,1860.0,1871.0,772.5552,2022-05-24 12:00:00
1653408000000,1871.0,1875.0,1866.0,1871.0,384.6622,2022-05-24 16:00:00
1653422400000,1871.0,1877.0,1868.0,1870.0,293.3386,2022-05-24 20:00:00
1653436800000,1870.0,1871.0,1860.0,1867.0,352.5397,2022-05-25 00:00:00
1653451200000,1868.0,1868.0,1861.0,1863.0,120.5023,2022-05-25 04:00:00
1653465600000,1863.0,1863.0,1855.0,1858.0,271.2343,2022-05-25 08:00:00
1653480000000,1858.0,1860.0,1850.0,1850.0,417.2298,2022-05-25 12:00:00
1653494400000,1851.0,1859.0,1847.0,1857.0,241.4066,2022-05-25 16:00:00
1653508800000,1858.0,1864.0,1855.0,1857.0,301.9324,2022-05-25 20:00:00
1653523200000,1857.0,1863.0,1854.0,1855.0,130.9228,2022-05-26 00:00:00
1653537600000,1856.0,1856.0,1847.0,1851.0,150.4407,2022-05-26 04:00:00
1653552000000,1851.0,1853.0,1843.0,1847.0,797.2237,2022-05-26 08:00:00
1653566400000,1847.0,1859.0,1843.0,1849.0,813.0479,2022-05-26 12:00:00
1653580800000,1850.0,1866.0,1843.0,1854.0,669.9157,2022-05-26 16:00:00
1653595200000,1854.0,1856.0,1849.0,1853.0,192.1516,2022-05-26 20:00:00
1653609600000,1853.0,1861.0,1846.0,1859.0,371.9776,2022-05-27 00:00:00
1653624000000,1859.0,1863.0,1851.0,1860.0,372.8854,2022-05-27 04:00:00
1653638400000,1860.0,1867.0,1857.0,1862.0,516.5329,2022-05-27 08:00:00
1653652800000,1863.0,1867.0,1851.0,1858.0,585.1277,2022-05-27 12:00:00
1653667200000,1858.0,1860.0,1849.0,1858.0,339.6635,2022-05-27 16:00:00
1653681600000,1859.0,1860.0,1852.0,1853.0,220.1094,2022-05-27 20:00:00
1653696000000,1853.0,1862.0,1853.0,1861.0,118.2094,2022-05-28 00:00:00
1653710400000,1860.0,1863.0,1855.0,1858.0,124.8879,2022-05-28 04:00:00
1653724800000,1858.0,1861.0,1849.0,1860.0,149.4267,2022-05-28 08:00:00
1653739200000,1861.0,1861.0,1855.0,1857.0,136.0119,2022-05-28 12:00:00
1653753600000,1857.0,1859.0,1851.0,1855.0,118.6228,2022-05-28 16:00:00
1653768000000,1856.0,1857.0,1849.0,1855.0,47.5819,2022-05-28 20:00:00
1653782400000,1856.0,1857.0,1853.0,1853.0,44.9544,2022-05-29 00:00:00
1653796800000,1854.0,1857.0,1853.0,1856.0,49.3717,2022-05-29 04:00:00
1653811200000,1856.0,1859.0,1852.0,1856.0,122.9702,2022-05-29 08:00:00
1653825600000,1857.0,1861.0,1849.0,1853.0,214.4726,2022-05-29 12:00:00
1653840000000,1852.0,1855.0,1850.0,1851.0,95.4243,2022-05-29 16:00:00
1653854400000,1851.0,1855.0,1850.0,1850.0,79.2311,2022-05-29 20:00:00
1653868800000,1850.0,1864.0,1850.0,1860.0,464.6757,2022-05-30 00:00:00
1653883200000,1861.0,1867.0,1859.0,1863.0,205.3693,2022-05-30 04:00:00
1653897600000,1864.0,1865.0,1852.0,1857.0,215.3389,2022-05-30 08:00:00
1653912000000,1858.0,1863.0,1852.0,1859.0,258.8943,2022-05-30 12:00:00
1653926400000,1859.0,1860.0,1852.0,1854.0,88.2552,2022-05-30 16:00:00
1653940800000,1854.0,1865.0,1854.0,1858.0,404.4243,2022-05-30 20:00:00
1653955200000,1858.0,1859.0,1850.0,1853.0,152.3095,2022-05-31 00:00:00
1653969600000,1853.0,1857.0,1851.0,1856.0,102.6568,2022-05-31 04:00:00
1653984000000,1857.0,1867.0,1851.0,1851.0,185.5814,2022-05-31 08:00:00
1653998400000,1851.0,1857.0,1841.0,1848.0,510.063,2022-05-31 12:00:00
1654012800000,1848.0,1849.0,1836.0,1839.0,434.1994,2022-05-31 16:00:00
1654027200000,1839.0,1840.0,1833.0,1837.0,403.9428,2022-05-31 20:00:00
1654041600000,1838.0,1839.0,1821.0,1838.0,200.008,2022-06-01 00:00:00
1654056000000,1838.0,1839.0,1833.0,1835.0,96.0275,2022-06-01 04:00:00
1654070400000,1836.0,1838.0,1829.0,1834.0,190.9165,2022-06-01 08:00:00
1654084800000,1835.0,1849.0,1827.0,1846.0,431.1262,2022-06-01 12:00:00
1654099200000,1846.0,1851.0,1843.0,1848.0,418.6947,2022-06-01 16:00:00
1654113600000,1848.0,1854.0,1840.0,1852.0,523.5237,2022-06-01 20:00:00
1654128000000,1851.0,1855.0,1847.0,1849.0,254.236,2022-06-02 00:00:00
1654142400000,1848.0,1853.0,1848.0,1852.0,81.3433,2022-06-02 04:00:00
1654156800000,1853.0,1860.0,1849.0,1856.0,249.4015,2022-06-02 08:00:00
1654171200000,1856.0,1872.0,1856.0,1870.0,403.2414,2022-06-02 12:00:00
1654185600000,1870.0,1874.0,1868.0,1870.0,272.7994,2022-06-02 16:00:00
1654200000000,1871.0,1872.0,1868.0,1870.0,162.9274,2022-06-02 20:00:00
1654214400000,1870.0,1877.0,1869.0,1875.0,173.6479,2022-06-03 00:00:00
1654228800000,1875.0,1875.0,1862.0,1865.0,182.4947,2022-06-03 04:00:00
1654243200000,1866.0,1869.0,1862.0,1865.0,253.139,2022-06-03 08:00:00
1654257600000,1866.0,1867.0,1857.0,1857.0,298.2286,2022-06-03 12:00:00
1654272000000,1857.0,1857.0,1851.0,1854.0,181.4439,2022-06-03 16:00:00
1654286400000,1854.0,1861.0,1854.0,1857.0,148.85,2022-06-03 20:00:00
1654300800000,1857.0,1860.0,1850.0,1853.0,143.2766,2022-06-04 00:00:00
1654315200000,1852.0,1854.0,1852.0,1853.0,59.2176,2022-06-04 04:00:00
1654329600000,1852.0,1859.0,1850.0,1856.0,93.7621,2022-06-04 08:00:00
1654344000000,1857.0,1870.0,1854.0,1859.0,143.0964,2022-06-04 12:00:00
1654358400000,1859.0,1860.0,1856.0,1859.0,41.1807,2022-06-04 16:00:00
1654372800000,1858.0,1864.0,1858.0,1862.0,129.8787,2022-06-04 20:00:00
1654387200000,1862.0,1867.0,1858.0,1862.0,78.4697,2022-06-05 00:00:00
1654401600000,1862.0,1875.0,1858.0,1860.0,216.5651,2022-06-05 04:00:00
1654416000000,1860.0,1864.0,1858.0,1860.0,88.7191,2022-06-05 08:00:00
1654430400000,1861.0,1862.0,1859.0,1860.0,35.3871,2022-06-05 12:00:00
1654444800000,1861.0,1869.0,1859.0,1866.0,185.0894,2022-06-05 16:00:00
1654459200000,1865.0,1867.0,1853.0,1855.0,278.8161,2022-06-05 20:00:00
1654473600000,1854.0,1862.0,1851.0,1862.0,418.5358,2022-06-06 00:00:00
1654488000000,1862.0,1863.0,1855.0,1858.0,269.1356,2022-06-06 04:00:00
1654502400000,1859.0,1862.0,1849.0,1859.0,427.9514,2022-06-06 08:00:00
1654516800000,1859.0,1865.0,1844.0,1848.0,474.2597,2022-06-06 12:00:00
1654531200000,1848.0,1850.0,1845.0,1846.0,254.591,2022-06-06 16:00:00
1654545600000,1846.0,1849.0,1843.0,1844.0,136.7238,2022-06-06 20:00:00
1654560000000,1844.0,1846.0,1834.0,1841.0,556.9267,2022-06-07 00:00:00
1654574400000,1843.0,1846.0,1841.0,1845.0,122.8049,2022-06-07 04:00:00
1654588800000,1845.0,1853.0,1843.0,1850.0,185.3813,2022-06-07 08:00:00
1654603200000,1851.0,1862.0,1844.0,1855.0,327.975,2022-06-07 12:00:00
1654617600000,1855.0,1861.0,1849.0,1855.0,351.3118,2022-06-07 16:00:00
1654632000000,1855.0,1862.0,1849.0,1857.0,643.8568,2022-06-07 20:00:00
1654646400000,1857.0,1858.0,1845.0,1847.0,326.2567,2022-06-08 00:00:00
1654660800000,1847.0,1858.0,1844.0,1850.0,261.7507,2022-06-08 04:00:00
1654675200000,1850.0,1852.0,1848.0,1850.0,83.483,2022-06-08 08:00:00
1654689600000,1850.0,1860.0,1847.0,1858.0,327.2514,2022-06-08 12:00:00
1654704000000,1858.0,1863.0,1853.0,1858.0,567.108,2022-06-08 16:00:00
1654718400000,1858.0,1860.0,1854.0,1857.0,111.9584,2022-06-08 20:00:00
1654732800000,1858.0,1858.0,1855.0,1857.0,37.1647,2022-06-09 00:00:00
1654747200000,1857.0,1859.0,1855.0,1856.0,91.1076,2022-06-09 04:00:00
1654761600000,1856.0,1858.0,1848.0,1850.0,231.8239,2022-06-09 08:00:00
1654776000000,1850.0,1856.0,1843.0,1846.0,284.3123,2022-06-09 12:00:00
1654790400000,1846.0,1854.0,1845.0,1848.0,284.1339,2022-06-09 16:00:00
1654804800000,1847.0,1852.0,1842.0,1847.0,180.8174,2022-06-09 20:00:00
1654819200000,1847.0,1852.0,1843.0,1846.0,235.944,2022-06-10 00:00:00
1654833600000,1847.0,1847.0,1844.0,1844.0,66.3834,2022-06-10 04:00:00
1654848000000,1845.0,1847.0,1838.0,1838.0,192.1306,2022-06-10 08:00:00
1654862400000,1839.0,1870.0,1830.0,1869.0,1215.0602,2022-06-10 12:00:00
1654876800000,1869.0,1878.0,1867.0,1875.0,641.0468,2022-06-10 16:00:00
1654891200000,1875.0,1877.0,1869.0,1872.0,175.1278,2022-06-10 20:00:00
1654905600000,1872.0,1877.0,1871.0,1875.0,69.2848,2022-06-11 00:00:00
1654920000000,1875.0,1880.0,1875.0,1878.0,159.0246,2022-06-11 04:00:00
1654934400000,1878.0,1879.0,1864.0,1876.0,616.2772,2022-06-11 08:00:00
1654948800000,1877.0,1884.0,1873.0,1880.0,750.9913,2022-06-11 12:00:00
1654963200000,1880.0,1886.0,1874.0,1878.0,922.0814,2022-06-11 16:00:00
1654977600000,1878.0,1883.0,1877.0,1881.0,125.3942,2022-06-11 20:00:00
1654992000000,1881.0,1883.0,1876.0,1881.0,443.6578,2022-06-12 00:00:00
1655006400000,1881.0,1887.0,1877.0,1886.0,386.789,2022-06-12 04:00:00
1655020800000,1887.0,1893.0,1881.0,1885.0,443.1185,2022-06-12 08:00:00
1655035200000,1886.0,1897.0,1883.0,1886.0,569.1441,2022-06-12 12:00:00
1655049600000,1888.0,1895.0,1883.0,1889.0,484.501,2022-06-12 16:00:00
1655064000000,1888.0,1893.0,1881.0,1883.0,691.5083,2022-06-12 20:00:00
1655078400000,1884.0,1887.0,1862.0,1866.0,2079.8247,2022-06-13 00:00:00
1655092800000,1865.0,1872.0,1858.0,1865.0,1422.0067,2022-06-13 04:00:00
1655107200000,1862.0,1865.0,1849.0,1858.0,2028.0678,2022-06-13 08:00:00
1655121600000,1860.0,1864.0,1824.0,1835.0,3128.6615,2022-06-13 12:00:00
1655136000000,1834.0,1846.0,1825.0,1831.0,1287.0161,2022-06-13 16:00:00
1655150400000,1830.0,1839.0,1821.0,1827.0,1093.394,2022-06-13 20:00:00
1655164800000,1827.0,1836.0,1821.0,1833.0,1957.5912,2022-06-14 00:00:00
1655179200000,1833.0,1840.0,1827.0,1835.0,1315.3871,2022-06-14 04:00:00
1655193600000,1835.0,1835.0,1824.0,1828.0,554.7233,2022-06-14 08:00:00
1655208000000,1827.0,1834.0,1811.0,1817.0,1172.4265,2022-06-14 12:00:00
1655222400000,1817.0,1821.0,1807.0,1814.0,507.0481,2022-06-14 16:00:00
1655236800000,1814.0,1818.0,1802.0,1816.0,539.9883,2022-06-14 20:00:00
1655251200000,1816.0,1825.0,1812.0,1819.0,426.4621,2022-06-15 00:00:00
1655265600000,1819.0,1830.0,1810.0,1825.0,1486.7791,2022-06-15 04:00:00
1655280000000,1825.0,1844.0,1819.0,1840.0,1589.3867,2022-06-15 08:00:00
1655294400000,1840.0,1843.0,1820.0,1828.0,1366.1795,2022-06-15 12:00:00
1655308800000,1828.0,1849.0,1813.0,1836.0,2507.5035,2022-06-15 16:00:00
1655323200000,1837.0,1847.0,1836.0,1838.0,761.5354,2022-06-15 20:00:00
1655337600000,1838.0,1847.0,1834.0,1839.0,418.2578,2022-06-16 00:00:00
1655352000000,1839.0,1839.0,1830.0,1835.0,245.5716,2022-06-16 04:00:00
1655366400000,1836.0,1840.0,1822.0,1825.0,734.9518,2022-06-16 08:00:00
1655380800000,1826.0,1850.0,1826.0,1850.0,898.896,2022-06-16 12:00:00
1655395200000,1850.0,1858.0,1849.0,1857.0,387.091,2022-06-16 16:00:00
1655409600000,1857.0,1870.0,1856.0,1860.0,484.1389,2022-06-16 20:00:00
1655424000000,1859.0,1866.0,1849.0,1851.0,949.2077,2022-06-17 00:00:00
1655438400000,1850.0,1858.0,1848.0,1853.0,471.5852,2022-06-17 04:00:00
1655452800000,1854.0,1859.0,1852.0,1855.0,306.8008,2022-06-17 08:00:00
1655467200000,1855.0,1859.0,1842.0,1849.0,617.1549,2022-06-17 12:00:00
1655481600000,1849.0,1850.0,1839.0,1841.0,1332.0507,2022-06-17 16:00:00
1655496000000,1841.0,1846.0,1839.0,1843.0,208.5775,2022-06-17 20:00:00
1655510400000,1843.0,1847.0,1843.0,1844.0,86.2892,2022-06-18 00:00:00
1655524800000,1845.0,1851.0,1833.0,1850.0,971.5554,2022-06-18 04:00:00
1655539200000,1850.0,1857.0,1830.0,1842.0,1003.2945,2022-06-18 08:00:00
1655553600000,1841.0,1844.0,1829.0,1833.0,451.0566,2022-06-18 12:00:00
1655568000000,1833.0,1837.0,1822.0,1833.0,895.7498,2022-06-18 16:00:00
1655582400000,1833.0,1839.0,1817.0,1826.0,1908.2911,2022-06-18 20:00:00
1655596800000,1826.0,1830.0,1817.0,1823.0,453.3401,2022-06-19 00:00:00
1655611200000,1822.0,1828.0,1819.0,1824.0,373.1075,2022-06-19 04:00:00
1655625600000,1824.0,1844.0,1823.0,1833.0,779.592,2022-06-19 08:00:00
1655640000000,1833.0,1843.0,1823.0,1838.0,491.969,2022-06-19 12:00:00
1655654400000,1838.0,1845.0,1831.0,1835.0,594.7442,2022-06-19 16:00:00
1655668800000,1835.0,1845.0,1835.0,1844.0,625.3908,2022-06-19 20:00:00
1655683200000,1843.0,1853.0,1838.0,1849.0,752.364,2022-06-20 00:00:00
1655697600000,1848.0,1852.0,1845.0,1848.0,223.6561,2022-06-20 04:00:00
1655712000000,1847.0,1850.0,1843.0,1846.0,568.0539,2022-06-20 08:00:00
1655726400000,1846.0,1851.0,1842.0,1847.0,689.23,2022-06-20 12:00:00
1655740800000,1846.0,1848.0,1838.0,1844.0,348.9224,2022-06-20 16:00:00
1655755200000,1844.0,1851.0,1842.0,1850.0,245.0138,2022-06-20 20:00:00
1655769600000,1850.0,1851.0,1843.0,1849.0,130.0518,2022-06-21 00:00:00
1655784000000,1848.0,1851.0,1836.0,1842.0,362.4153,2022-06-21 04:00:00
1655798400000,1842.0,1848.0,1838.0,1839.0,319.186,2022-06-21 08:00:00
1655812800000,1838.0,1849.0,1838.0,1841.0,316.3062,2022-06-21 12:00:00
1655827200000,1841.0,1844.0,1832.0,1835.0,269.7787,2022-06-21 16:00:00
1655841600000,1834.0,1842.0,1833.0,1836.0,181.5486,2022-06-21 20:00:00
1655856000000,1835.0,1839.0,1831.0,1834.0,225.0975,2022-06-22 00:00:00
1655870400000,1834.0,1835.0,1825.0,1831.0,301.3986,2022-06-22 04:00:00
1655884800000,1832.0,1843.0,1824.0,1839.0,278.9667,2022-06-22 08:00:00
1655899200000,1839.0,1855.0,1838.0,1840.0,479.0813,2022-06-22 12:00:00
1655913600000,1840.0,1846.0,1837.0,1843.0,356.5845,2022-06-22 16:00:00
1655928000000,1843.0,1846.0,1840.0,1843.0,204.1195,2022-06-22 20:00:00
1655942400000,1843.0,1847.0,1838.0,1839.0,209.3834,2022-06-23 00:00:00
1655956800000,1839.0,1843.0,1838.0,1840.0,144.1495,2022-06-23 04:00:00
1655971200000,1840.0,1841.0,1832.0,1834.0,195.1857,2022-06-23 08:00:00
1655985600000,1834.0,1848.0,1833.0,1838.0,356.1639,2022-06-23 12:00:00
1656000000000,1838.0,1839.0,1821.0,1832.0,408.9448,2022-06-23 16:00:00
1656014400000,1831.0,1833.0,1826.0,1830.0,273.5742,2022-06-23 20:00:00
1656028800000,1829.0,1841.0,1826.0,1830.0,310.929,2022-06-24 00:00:00
1656043200000,1831.0,1834.0,1826.0,1833.0,184.8754,2022-06-24 04:00:00
1656057600000,1833.0,1833.0,1826.0,1827.0,333.1667,2022-06-24 08:00:00
1656072000000,1827.0,1833.0,1822.0,1831.0,376.0005,2022-06-24 12:00:00
1656086400000,1831.0,1834.0,1828.0,1829.0,244.4097,2022-06-24 16:00:00
1656100800000,1829.0,1833.0,1824.0,1825.0,306.9749,2022-06-24 20:00:00
1656115200000,1825.0,1828.0,1824.0,1825.0,120.9325,2022-06-25 00:00:00
1656129600000,1826.0,1829.0,1824.0,1826.0,117.7397,2022-06-25 04:00:00
1656144000000,1826.0,1826.0,1823.0,1823.0,81.2165,2022-06-25 08:00:00
1656158400000,1824.0,1825.0,1821.0,1823.0,168.0343,2022-06-25 12:00:00
1656172800000,1824.0,1828.0,1821.0,1826.0,117.1135,2022-06-25 16:00:00
1656187200000,1827.0,1830.0,1820.0,1825.0,269.0416,2022-06-25 20:00:00
1656201600000,1826.0,1826.0,1822.0,1824.0,44.1058,2022-06-26 00:00:00
1656216000000,1825.0,1828.0,1822.0,1824.0,177.5417,2022-06-26 04:00:00
1656230400000,1825.0,1829.0,1823.0,1828.0,224.0485,2022-06-26 08:00:00
1656244800000,1829.0,1829.0,1818.0,1822.0,551.7826,2022-06-26 12:00:00
1656259200000,1823.0,1831.0,1821.0,1826.0,380.9764,2022-06-26 16:00:00
1656273600000,1827.0,1835.0,1825.0,1830.0,440.641,2022-06-26 20:00:00
1656288000000,1831.0,1836.0,1827.0,1835.0,139.5838,2022-06-27 00:00:00
1656302400000,1836.0,1839.0,1832.0,1838.0,124.2114,2022-06-27 04:00:00
1656316800000,1838.0,1840.0,1837.0,1837.0,150.6011,2022-06-27 08:00:00
1656331200000,1837.0,1838.0,1823.0,1830.0,1011.4789,2022-06-27 12:00:00
1656345600000,1829.0,1832.0,1825.0,1826.0,223.896,2022-06-27 16:00:00
1656360000000,1826.0,1830.0,1825.0,1829.0,101.033,2022-06-27 20:00:00
1656374400000,1828.0,1830.0,1825.0,1830.0,224.0313,2022-06-28 00:00:00
1656388800000,1829.0,1834.0,1829.0,1829.0,302.7603,2022-06-28 04:00:00
1656403200000,1829.0,1835.0,1826.0,1831.0,701.4596,2022-06-28 08:00:00
1656417600000,1832.0,1838.0,1825.0,1827.0,2647.4526,2022-06-28 12:00:00
1656432000000,1827.0,1828.0,1822.0,1825.0,249.8628,2022-06-28 16:00:00
1656446400000,1824.0,1829.0,1823.0,1824.0,181.3482,2022-06-28 20:00:00
1656460800000,1824.0,1832.0,1822.0,1826.0,265.9541,2022-06-29 00:00:00
1656475200000,1826.0,1828.0,1823.0,1824.0,167.5088,2022-06-29 04:00:00
1656489600000,1824.0,1832.0,1820.0,1832.0,410.795,2022-06-29 08:00:00
1656504000000,1831.0,1837.0,1823.0,1824.0,352.3419,2022-06-29 12:00:00
1656518400000,1824.0,1826.0,1817.0,1822.0,293.7161,2022-06-29 16:00:00
1656532800000,1822.0,1825.0,1819.0,1824.0,151.2763,2022-06-29 20:00:00
1656547200000,1823.0,1825.0,1819.0,1824.0,100.1413,2022-06-30 00:00:00
1656561600000,1823.0,1827.0,1817.0,1823.0,250.4191,2022-06-30 04:00:00
1656576000000,1823.0,1824.0,1811.0,1813.0,484.3225,2022-06-30 08:00:00
1656590400000,1812.0,1829.0,1811.0,1820.0,838.6012,2022-06-30 12:00:00
1656604800000,1820.0,1821.0,1809.0,1815.0,373.8911,2022-06-30 16:00:00
1656619200000,1814.0,1823.0,1808.0,1816.0,511.3332,2022-06-30 20:00:00
1656633600000,1816.0,1821.0,1807.0,1807.0,1063.9678,2022-07-01 00:00:00
1656648000000,1807.0,1810.0,1801.0,1804.0,475.2713,2022-07-01 04:00:00
1656662400000,1803.0,1806.0,1792.0,1797.0,614.5829,2022-07-01 08:00:00
1656676800000,1796.0,1812.0,1792.0,1809.0,584.0352,2022-07-01 12:00:00
1656691200000,1809.0,1814.0,1804.0,1809.0,410.902,2022-07-01 16:00:00
1656705600000,1808.0,1815.0,1806.0,1807.0,347.097,2022-07-01 20:00:00
1656720000000,1807.0,1812.0,1806.0,1808.0,180.7695,2022-07-02 00:00:00
1656734400000,1808.0,1817.0,1808.0,1812.0,161.1821,2022-07-02 04:00:00
1656748800000,1812.0,1818.0,1809.0,1812.0,279.0756,2022-07-02 08:00:00
1656763200000,1811.0,1814.0,1806.0,1811.0,200.103,2022-07-02 12:00:00
1656777600000,1811.0,1815.0,1809.0,1811.0,129.7084,2022-07-02 16:00:00
1656792000000,1811.0,1815.0,1811.0,1813.0,78.3969,2022-07-02 20:00:00
1656806400000,1813.0,1816.0,1812.0,1815.0,62.0683,2022-07-03 00:00:00
1656820800000,1815.0,1819.0,1806.0,1809.0,266.0933,2022-07-03 04:00:00
1656835200000,1809.0,1815.0,1806.0,1807.0,187.3909,2022-07-03 08:00:00
1656849600000,1806.0,1820.0,1802.0,1805.0,415.6473,2022-07-03 12:00:00
1656864000000,1804.0,1810.0,1804.0,1808.0,88.9982,2022-07-03 16:00:00
1656878400000,1809.0,1814.0,1809.0,1814.0,171.536,2022-07-03 20:00:00
1656892800000,1813.0,1817.0,1810.0,1816.0,307.6039,2022-07-04 00:00:00
1656907200000,1816.0,1817.0,1811.0,1814.0,74.7664,2022-07-04 04:00:00
1656921600000,1813.0,1815.0,1806.0,1812.0,351.7999,2022-07-04 08:00:00
1656936000000,1812.0,1818.0,1809.0,1811.0,316.0855,2022-07-04 12:00:00
1656950400000,1811.0,1814.0,1809.0,1810.0,159.564,2022-07-04 16:00:00
1656964800000,1811.0,1815.0,1808.0,1815.0,215.2444,2022-07-04 20:00:00
1656979200000,1814.0,1817.0,1809.0,1816.0,114.1677,2022-07-05 00:00:00
1656993600000,1815.0,1820.0,1812.0,1813.0,172.3135,2022-07-05 04:00:00
1657008000000,1812.0,1812.0,1799.0,1802.0,374.6961,2022-07-05 08:00:00
1657022400000,1802.0,1810.0,1766.0,1775.0,1207.7316,2022-07-05 12:00:00
1657036800000,1775.0,1775.0,1757.0,1769.0,704.7177,2022-07-05 16:00:00
1657051200000,1768.0,1774.0,1767.0,1771.0,357.9654,2022-07-05 20:00:00
1657065600000,1770.0,1777.0,1770.0,1776.0,187.6998,2022-07-06 00:00:00
1657080000000,1775.0,1776.0,1768.0,1772.0,270.5103,2022-07-06 04:00:00
1657094400000,1772.0,1774.0,1764.0,1765.0,246.3142,2022-07-06 08:00:00
1657108800000,1765.0,1772.0,1735.0,1738.0,810.5997,2022-07-06 12:00:00
1657123200000,1738.0,1747.0,1732.0,1742.0,544.1945,2022-07-06 16:00:00
1657137600000,1742.0,1748.0,1740.0,1746.0,223.5797,2022-07-06 20:00:00
1657152000000,1746.0,1749.0,1742.0,1748.0,277.2927,2022-07-07 00:00:00
1657166400000,1747.0,1749.0,1744.0,1746.0,165.8512,2022-07-07 04:00:00
1657180800000,1746.0,1750.0,1744.0,1748.0,255.5101,2022-07-07 08:00:00
1657195200000,1748.0,1755.0,1739.0,1743.0,569.0936,2022-07-07 12:00:00
1657209600000,1743.0,1748.0,1738.0,1741.0,373.8479,2022-07-07 16:00:00
1657224000000,1741.0,1743.0,1738.0,1742.0,195.0011,2022-07-07 20:00:00
1657238400000,1743.0,1755.0,1735.0,1743.0,914.057,2022-07-08 00:00:00
1657252800000,1743.0,1747.0,1738.0,1738.0,392.2525,2022-07-08 04:00:00
1657267200000,1738.0,1744.0,1736.0,1742.0,362.274,2022-07-08 08:00:00
1657281600000,1742.0,1756.0,1732.0,1748.0,670.4718,2022-07-08 12:00:00
1657296000000,1747.0,1748.0,1744.0,1746.0,114.5805,2022-07-08 16:00:00
1657310400000,1746.0,1749.0,1743.0,1743.0,94.5485,2022-07-08 20:00:00
1657324800000,1743.0,1745.0,1739.0,1742.0,187.4445,2022-07-09 00:00:00
1657339200000,1742.0,1744.0,1739.0,1743.0,77.1203,2022-07-09 04:00:00
1657353600000,1742.0,1744.0,1737.0,1738.0,122.7552,2022-07-09 08:00:00
1657368000000,1738.0,1740.0,1734.0,1740.0,107.514,2022-07-09 12:00:00
1657382400000,1740.0,1741.0,1738.0,1740.0,103.5438,2022-07-09 16:00:00
1657396800000,1740.0,1741.0,1738.0,1739.0,46.1337,2022-07-09 20:00:00
1657411200000,1738.0,1742.0,1735.0,1738.0,142.4116,2022-07-10 00:00:00
1657425600000,1738.0,1738.0,1737.0,1738.0,48.3828,2022-07-10 04:00:00
1657440000000,1738.0,1742.0,1736.0,1741.0,151.5107,2022-07-10 08:00:00
1657454400000,1742.0,1743.0,1735.0,1738.0,142.7933,2022-07-10 12:00:00
1657468800000,1737.0,1739.0,1735.0,1738.0,102.2264,2022-07-10 16:00:00
1657483200000,1737.0,1746.0,1736.0,1744.0,197.6574,2022-07-10 20:00:00
1657497600000,1743.0,1745.0,1739.0,1743.0,158.4445,2022-07-11 00:00:00
1657512000000,1743.0,1745.0,1739.0,1739.0,158.5326,2022-07-11 04:00:00
1657526400000,1740.0,1741.0,1732.0,1738.0,145.9342,2022-07-11 08:00:00
1657540800000,1738.0,1743.0,1735.0,1739.0,367.3306,2022-07-11 12:00:00
1657555200000,1740.0,1741.0,1726.0,1732.0,403.3962,2022-07-11 16:00:00
1657569600000,1733.0,1735.0,1726.0,1734.0,362.599,2022-07-11 20:00:00
1657584000000,1735.0,1742.0,1726.0,1738.0,264.5319,2022-07-12 00:00:00
1657598400000,1738.0,1740.0,1729.0,1738.0,340.5229,2022-07-12 04:00:00
1657612800000,1738.0,1745.0,1729.0,1740.0,709.7253,2022-07-12 08:00:00
1657627200000,1740.0,1740.0,1727.0,1736.0,274.1926,2022-07-12 12:00:00
1657641600000,1736.0,1737.0,1725.0,1726.0,466.2889,2022-07-12 16:00:00
1657656000000,1726.0,1729.0,1723.0,1726.0,360.222,2022-07-12 20:00:00
1657670400000,1726.0,1730.0,1725.0,1728.0,171.4268,2022-07-13 00:00:00
1657684800000,1729.0,1729.0,1719.0,1726.0,892.9716,2022-07-13 04:00:00
1657699200000,1726.0,1733.0,1716.0,1730.0,1181.2997,2022-07-13 08:00:00
1657713600000,1730.0,1745.0,1701.0,1740.0,1455.16722,2022-07-13 12:00:00
1657728000000,1739.0,1744.0,1735.0,1735.0,267.4545,2022-07-13 16:00:00
1657742400000,1735.0,1751.0,1734.0,1737.0,599.6011,2022-07-13 20:00:00
1657756800000,1736.0,1737.0,1730.0,1733.0,139.5184,2022-07-14 00:00:00
1657771200000,1734.0,1734.0,1719.0,1722.0,144.0882,2022-07-14 04:00:00
1657785600000,1722.0,1723.0,1710.0,1714.0,317.3146,2022-07-14 08:00:00
1657800000000,1713.0,1718.0,1699.0,1715.0,643.105911,2022-07-14 12:00:00
1657814400000,1716.0,1718.0,1704.0,1714.0,525.4003,2022-07-14 16:00:00
1657828800000,1713.0,1715.0,1710.0,1715.0,100.1618,2022-07-14 20:00:00
1657843200000,1714.0,1719.0,1712.0,1713.0,145.8226,2022-07-15 00:00:00
1657857600000,1713.0,1714.0,1702.0,1708.0,402.6311,2022-07-15 04:00:00
1657872000000,1708.0,1710.0,1702.0,1705.0,377.8515,2022-07-15 08:00:00
1657886400000,1705.0,1712.0,1700.0,1703.0,356.7301,2022-07-15 12:00:00
1657900800000,1703.0,1709.0,1701.0,1709.0,295.373,2022-07-15 16:00:00
1657915200000,1709.0,1710.0,1703.0,1704.0,161.5537,2022-07-15 20:00:00
1657929600000,1704.0,1705.0,1702.0,1703.0,78.3614,2022-07-16 00:00:00
1657944000000,1702.0,1706.0,1701.0,1704.0,84.7861,2022-07-16 04:00:00
1657958400000,1704.0,1705.0,1678.0,1694.0,1338.0999,2022-07-16 08:00:00
1657972800000,1693.0,1705.0,1693.0,1704.0,246.1041,2022-07-16 12:00:00
1657987200000,1704.0,1715.0,1692.0,1698.0,1271.5554,2022-07-16 16:00:00
1658001600000,1698.0,1704.0,1694.0,1697.0,279.6096,2022-07-16 20:00:00
1658016000000,1698.0,1702.0,1692.0,1700.0,257.8508,2022-07-17 00:00:00
1658030400000,1700.0,1700.0,1691.0,1697.0,299.2269,2022-07-17 04:00:00
1658044800000,1697.0,1697.0,1679.0,1692.0,543.5235,2022-07-17 08:00:00
1658059200000,1692.0,1698.0,1690.0,1692.0,251.8147,2022-07-17 12:00:00
1658073600000,1692.0,1700.0,1688.0,1697.0,334.9831,2022-07-17 16:00:00
1658088000000,1696.0,1708.0,1692.0,1706.0,561.2622,2022-07-17 20:00:00
1658102400000,1706.0,1715.0,1703.0,1714.0,371.4258,2022-07-18 00:00:00
1658116800000,1713.0,1717.0,1709.0,1716.0,357.1766,2022-07-18 04:00:00
1658131200000,1715.0,1723.0,1710.0,1712.0,363.8456,2022-07-18 08:00:00
1658145600000,1711.0,1717.0,1706.0,1710.0,375.7001,2022-07-18 12:00:00
1658160000000,1711.0,1712.0,1703.0,1705.0,277.6085,2022-07-18 16:00:00
1658174400000,1705.0,1712.0,1704.0,1706.0,430.0149,2022-07-18 20:00:00
1658188800000,1706.0,1711.0,1700.0,1706.0,600.9295,2022-07-19 00:00:00
1658203200000,1706.0,1709.0,1702.0,1706.0,234.212,2022-07-19 04:00:00
1658217600000,1707.0,1718.0,1705.0,1714.0,292.4552,2022-07-19 08:00:00
1658232000000,1713.0,1715.0,1708.0,1710.0,521.4772,2022-07-19 12:00:00
1658246400000,1711.0,1716.0,1703.0,1706.0,665.5312,2022-07-19 16:00:00
1658260800000,1706.0,1709.0,1703.0,1705.0,292.9953,2022-07-19 20:00:00
1658275200000,1706.0,1712.0,1703.0,1708.0,194.8856,2022-07-20 00:00:00
1658289600000,1708.0,1712.0,1703.0,1703.0,184.4856,2022-07-20 04:00:00
1658304000000,1704.0,1714.0,1702.0,1709.0,349.1608,2022-07-20 08:00:00
1658318400000,1708.0,1710.0,1704.0,1706.0,298.5565,2022-07-20 12:00:00
1658332800000,1706.0,1707.0,1696.0,1696.0,512.729,2022-07-20 16:00:00
1658347200000,1696.0,1702.0,1688.0,1697.0,800.9721,2022-07-20 20:00:00
1658361600000,1696.0,1697.0,1688.0,1690.0,275.4917,2022-07-21 00:00:00
1658376000000,1690.0,1692.0,1686.0,1690.0,248.58,2022-07-21 04:00:00
1658390400000,1690.0,1691.0,1680.0,1683.0,330.6659,2022-07-21 08:00:00
1658404800000,1682.0,1714.0,1682.0,1713.0,555.6895,2022-07-21 12:00:00
1658419200000,1713.0,1719.0,1710.0,1716.0,472.4313,2022-07-21 16:00:00
1658433600000,1716.0,1718.0,1712.0,1716.0,194.1672,2022-07-21 20:00:00
1658448000000,1716.0,1717.0,1712.0,1713.0,71.3691,2022-07-22 00:00:00
1658462400000,1713.0,1718.0,1709.0,1717.0,200.9418,2022-07-22 04:00:00
1658476800000,1716.0,1725.0,1715.0,1724.0,322.2674,2022-07-22 08:00:00
1658491200000,1724.0,1734.0,1720.0,1726.0,644.6983,2022-07-22 12:00:00
1658505600000,1727.0,1731.0,1720.0,1721.0,1323.6082,2022-07-22 16:00:00
1658520000000,1721.0,1728.0,1721.0,1727.0,116.4746,2022-07-22 20:00:00
1658534400000,1727.0,1730.0,1725.0,1726.0,163.2236,2022-07-23 00:00:00
1658548800000,1726.0,1730.0,1726.0,1728.0,103.1322,2022-07-23 04:00:00
1658563200000,1728.0,1729.0,1722.0,1723.0,216.1172,2022-07-23 08:00:00
1658577600000,1724.0,1727.0,1722.0,1724.0,157.6843,2022-07-23 12:00:00
1658592000000,1725.0,1726.0,1722.0,1724.0,132.3298,2022-07-23 16:00:00
1658606400000,1724.0,1725.0,1723.0,1723.0,83.7231,2022-07-23 20:00:00
1658620800000,1724.0,1726.0,1723.0,1725.0,303.3952,2022-07-24 00:00:00
1658635200000,1726.0,1726.0,1725.0,1726.0,135.2369,2022-07-24 04:00:00
1658649600000,1725.0,1726.0,1725.0,1726.0,194.0325,2022-07-24 08:00:00
1658664000000,1726.0,1726.0,1724.0,1725.0,231.2526,2022-07-24 12:00:00
1658678400000,1726.0,1727.0,1724.0,1725.0,68.6526,2022-07-24 16:00:00
1658692800000,1726.0,1729.0,1722.0,1723.0,245.8244,2022-07-24 20:00:00
1658707200000,1724.0,1727.0,1719.0,1726.0,237.0815,2022-07-25 00:00:00
1658721600000,1726.0,1727.0,1725.0,1726.0,55.3032,2022-07-25 04:00:00
1658736000000,1726.0,1732.0,1723.0,1728.0,257.4493,2022-07-25 08:00:00
1658750400000,1729.0,1729.0,1717.0,1718.0,776.5039,2022-07-25 12:00:00
1658764800000,1718.0,1721.0,1714.0,1719.0,277.9887,2022-07-25 16:00:00
1658779200000,1719.0,1722.0,1713.0,1715.0,480.2268,2022-07-25 20:00:00
1658793600000,1715.0,1727.0,1712.0,1724.0,270.8285,2022-07-26 00:00:00
1658808000000,1725.0,1725.0,1718.0,1722.0,401.4077,2022-07-26 04:00:00
1658822400000,1722.0,1723.0,1713.0,1715.0,112.8777,2022-07-26 08:00:00
1658836800000,1715.0,1719.0,1711.0,1712.0,271.4607,2022-07-26 12:00:00
1658851200000,1713.0,1718.0,1711.0,1712.0,200.3954,2022-07-26 16:00:00
1658865600000,1713.0,1719.0,1710.0,1719.0,332.3591,2022-07-26 20:00:00
1658880000000,1719.0,1720.0,1715.0,1716.0,86.3626,2022-07-27 00:00:00
1658894400000,1716.0,1718.0,1714.0,1717.0,94.881,2022-07-27 04:00:00
1658908800000,1718.0,1726.0,1717.0,1719.0,209.7473,2022-07-27 08:00:00
1658923200000,1720.0,1723.0,1711.0,1715.0,277.817,2022-07-27 12:00:00
1658937600000,1716.0,1739.0,1713.0,1732.0,917.1678,2022-07-27 16:00:00
1658952000000,1732.0,1736.0,1731.0,1735.0,216.0439,2022-07-27 20:00:00
1658966400000,1736.0,1739.0,1726.0,1736.0,469.1805,2022-07-28 00:00:00
1658980800000,1736.0,1741.0,1733.0,1738.0,205.2882,2022-07-28 04:00:00
1658995200000,1739.0,1745.0,1737.0,1739.0,263.2875,2022-07-28 08:00:00
1659009600000,1740.0,1757.0,1729.0,1751.0,2291.0369,2022-07-28 12:00:00
1659024000000,1752.0,1753.0,1746.0,1752.0,274.7321,2022-07-28 16:00:00
1659038400000,1752.0,1758.0,1747.0,1748.0,326.4159,2022-07-28 20:00:00
1659052800000,1749.0,1758.0,1746.0,1757.0,258.6294,2022-07-29 00:00:00
1659067200000,1757.0,1765.0,1756.0,1759.0,239.7198,2022-07-29 04:00:00
1659081600000,1760.0,1760.0,1722.0,1756.0,543.645,2022-07-29 08:00:00
1659096000000,1756.0,1771.0,1749.0,1764.0,693.4825,2022-07-29 12:00:00
1659110400000,1763.0,1767.0,1758.0,1761.0,334.8534,2022-07-29 16:00:00
1659124800000,1760.0,1767.0,1760.0,1764.0,270.9248,2022-07-29 20:00:00
1659139200000,1764.0,1766.0,1760.0,1765.0,119.269,2022-07-30 00:00:00
1659153600000,1765.0,1766.0,1762.0,1764.0,88.6969,2022-07-30 04:00:00
1659168000000,1765.0,1767.0,1761.0,1766.0,90.9794,2022-07-30 08:00:00
1659182400000,1767.0,1767.0,1762.0,1765.0,153.3338,2022-07-30 12:00:00
1659196800000,1765.0,1767.0,1761.0,1763.0,152.1833,2022-07-30 16:00:00
1659211200000,1762.0,1767.0,1761.0,1764.0,205.1698,2022-07-30 20:00:00
1659225600000,1764.0,1767.0,1764.0,1765.0,59.1388,2022-07-31 00:00:00
1659240000000,1766.0,1766.0,1765.0,1765.0,34.2301,2022-07-31 04:00:00
1659254400000,1766.0,1774.0,1762.0,1766.0,437.0604,2022-07-31 08:00:00
1659268800000,1766.0,1766.0,1763.0,1764.0,166.2413,2022-07-31 12:00:00
1659283200000,1765.0,1768.0,1761.0,1765.0,404.1865,2022-07-31 16:00:00
1659297600000,1766.0,1770.0,1761.0,1763.0,375.6491,2022-07-31 20:00:00
1659312000000,1763.0,1765.0,1757.0,1761.0,114.9744,2022-08-01 00:00:00
1659326400000,1762.0,1763.0,1758.0,1762.0,79.9981,2022-08-01 04:00:00
1659340800000,1763.0,1772.0,1760.0,1767.0,368.1376,2022-08-01 08:00:00
1659355200000,1767.0,1773.0,1763.0,1765.0,340.806,2022-08-01 12:00:00
1659369600000,1766.0,1769.0,1762.0,1765.0,277.6335,2022-08-01 16:00:00
1659384000000,1766.0,1772.0,1764.0,1771.0,232.5849,2022-08-01 20:00:00
1659398400000,1771.0,1777.0,1770.0,1772.0,353.7716,2022-08-02 00:00:00
1659412800000,1772.0,1776.0,1769.0,1771.0,793.1372,2022-08-02 04:00:00
1659427200000,1771.0,1780.0,1769.0,1779.0,227.52,2022-08-02 08:00:00
1659441600000,1779.0,1788.0,1773.0,1777.0,921.7428,2022-08-02 12:00:00
1659456000000,1778.0,1779.0,1758.0,1759.0,578.9328,2022-08-02 16:00:00
1659470400000,1759.0,1759.0,1751.0,1752.0,188.4919,2022-08-02 20:00:00
1659484800000,1753.0,1766.0,1749.0,1764.0,649.4215,2022-08-03 00:00:00
1659499200000,1765.0,1769.0,1762.0,1763.0,90.5293,2022-08-03 04:00:00
1659513600000,1763.0,1765.0,1759.0,1762.0,214.326,2022-08-03 08:00:00
1659528000000,1763.0,1768.0,1753.0,1753.0,349.8014,2022-08-03 12:00:00
1659542400000,1754.0,1762.0,1754.0,1762.0,131.0266,2022-08-03 16:00:00
1659556800000,1761.0,1762.0,1758.0,1759.0,150.9653,2022-08-03 20:00:00
1659571200000,1759.0,1766.0,1758.0,1765.0,134.4238,2022-08-04 00:00:00
1659585600000,1766.0,1768.0,1763.0,1767.0,109.4383,2022-08-04 04:00:00
1659600000000,1767.0,1780.0,1766.0,1780.0,353.0821,2022-08-04 08:00:00
1659614400000,1780.0,1785.0,1774.0,1783.0,423.3644,2022-08-04 12:00:00
1659628800000,1783.0,1790.0,1782.0,1787.0,276.4505,2022-08-04 16:00:00
1659643200000,1787.0,1792.0,1785.0,1788.0,234.7657,2022-08-04 20:00:00
1659657600000,1789.0,1791.0,1788.0,1788.0,211.1288,2022-08-05 00:00:00
1659672000000,1788.0,1789.0,1783.0,1786.0,156.3363,2022-08-05 04:00:00
1659686400000,1786.0,1787.0,1780.0,1781.0,190.2094,2022-08-05 08:00:00
1659700800000,1781.0,1782.0,1762.0,1773.0,538.4478,2022-08-05 12:00:00
1659715200000,1773.0,1773.0,1766.0,1768.0,162.5329,2022-08-05 16:00:00
1659729600000,1768.0,1774.0,1767.0,1773.0,167.1679,2022-08-05 20:00:00
1659744000000,1774.0,1774.0,1771.0,1771.0,61.1087,2022-08-06 00:00:00
1659758400000,1771.0,1772.0,1768.0,1769.0,85.4498,2022-08-06 04:00:00
1659772800000,1768.0,1770.0,1767.0,1767.0,109.0207,2022-08-06 08:00:00
1659787200000,1768.0,1770.0,1768.0,1768.0,48.5071,2022-08-06 12:00:00
1659801600000,1769.0,1771.0,1766.0,1768.0,115.9798,2022-08-06 16:00:00
1659816000000,1768.0,1770.0,1766.0,1768.0,109.7251,2022-08-06 20:00:00
1659830400000,1768.0,1769.0,1766.0,1769.0,95.316,2022-08-07 00:00:00
1659844800000,1769.0,1769.0,1767.0,1768.0,20.1487,2022-08-07 04:00:00
1659859200000,1768.0,1768.0,1767.0,1767.0,47.8659,2022-08-07 08:00:00
1659873600000,1768.0,1769.0,1766.0,1767.0,129.2687,2022-08-07 12:00:00
1659888000000,1768.0,1770.0,1767.0,1769.0,82.382,2022-08-07 16:00:00
1659902400000,1769.0,1770.0,1766.0,1768.0,129.7484,2022-08-07 20:00:00
1659916800000,1768.0,1770.0,1767.0,1767.0,67.6473,2022-08-08 00:00:00
1659931200000,1767.0,1772.0,1767.0,1771.0,170.176,2022-08-08 04:00:00
1659945600000,1771.0,1776.0,1768.0,1775.0,352.602,2022-08-08 08:00:00
1659960000000,1776.0,1782.0,1775.0,1781.0,630.751,2022-08-08 12:00:00
1659974400000,1781.0,1782.0,1778.0,1779.0,125.4172,2022-08-08 16:00:00
1659988800000,1780.0,1791.0,1777.0,1782.0,1323.8985,2022-08-08 20:00:00
1660003200000,1782.0,1783.0,1776.0,1778.0,110.6005,2022-08-09 00:00:00
1660017600000,1779.0,1781.0,1776.0,1779.0,98.8724,2022-08-09 04:00:00
1660032000000,1779.0,1789.0,1778.0,1784.0,375.5057,2022-08-09 08:00:00
1660046400000,1783.0,1793.0,1783.0,1789.0,331.0869,2022-08-09 12:00:00
1660060800000,1789.0,1790.0,1785.0,1786.0,108.6948,2022-08-09 16:00:00
1660075200000,1787.0,1799.0,1786.0,1790.0,717.9406,2022-08-09 20:00:00
1660089600000,1791.0,1791.0,1785.0,1788.0,141.5524,2022-08-10 00:00:00
1660104000000,1788.0,1789.0,1783.0,1785.0,86.2747,2022-08-10 04:00:00
1660118400000,1786.0,1788.0,1784.0,1784.0,131.4724,2022-08-10 08:00:00
1660132800000,1785.0,1802.0,1784.0,1794.0,785.8206,2022-08-10 12:00:00
1660147200000,1794.0,1794.0,1784.0,1785.0,189.0267,2022-08-10 16:00:00
1660161600000,1785.0,1791.0,1779.0,1786.0,318.3178,2022-08-10 20:00:00
1660176000000,1787.0,1789.0,1779.0,1780.0,285.8632,2022-08-11 00:00:00
1660190400000,1780.0,1783.0,1778.0,1778.0,242.562,2022-08-11 04:00:00
1660204800000,1779.0,1791.0,1778.0,1788.0,221.9088,2022-08-11 08:00:00
1660219200000,1788.0,1795.0,1783.0,1783.0,332.8597,2022-08-11 12:00:00
1660233600000,1784.0,1787.0,1779.0,1780.0,181.8381,2022-08-11 16:00:00
1660248000000,1780.0,1782.0,1778.0,1779.0,189.5633,2022-08-11 20:00:00
1660262400000,1780.0,1783.0,1778.0,1783.0,124.6286,2022-08-12 00:00:00
1660276800000,1783.0,1786.0,1781.0,1784.0,104.1151,2022-08-12 04:00:00
1660291200000,1784.0,1784.0,1776.0,1777.0,114.7566,2022-08-12 08:00:00
1660305600000,1778.0,1790.0,1777.0,1788.0,246.3929,2022-08-12 12:00:00
1660320000000,1788.0,1796.0,1785.0,1793.0,249.1012,2022-08-12 16:00:00
1660334400000,1794.0,1797.0,1792.0,1794.0,132.468,2022-08-12 20:00:00
1660348800000,1795.0,1796.0,1791.0,1795.0,106.4464,2022-08-13 00:00:00
1660363200000,1795.0,1798.0,1794.0,1794.0,144.8492,2022-08-13 04:00:00
1660377600000,1795.0,1795.0,1791.0,1792.0,111.7923,2022-08-13 08:00:00
1660392000000,1793.0,1795.0,1792.0,1794.0,82.6922,2022-08-13 12:00:00
1660406400000,1794.0,1795.0,1792.0,1793.0,31.9325,2022-08-13 16:00:00
1660420800000,1793.0,1794.0,1792.0,1793.0,53.9433,2022-08-13 20:00:00
1660435200000,1794.0,1794.0,1791.0,1793.0,26.3417,2022-08-14 00:00:00
1660449600000,1793.0,1796.0,1792.0,1795.0,81.7491,2022-08-14 04:00:00
1660464000000,1796.0,1796.0,1789.0,1791.0,384.8826,2022-08-14 08:00:00
1660478400000,1793.0,1795.0,1790.0,1794.0,191.9097,2022-08-14 12:00:00
1660492800000,1794.0,1795.0,1791.0,1793.0,225.0888,2022-08-14 16:00:00
1660507200000,1794.0,1798.0,1790.0,1791.0,132.8623,2022-08-14 20:00:00
1660521600000,1790.0,1795.0,1787.0,1787.0,208.5371,2022-08-15 00:00:00
1660536000000,1787.0,1789.0,1780.0,1780.0,266.9997,2022-08-15 04:00:00
1660550400000,1781.0,1781.0,1768.0,1769.0,210.7133,2022-08-15 08:00:00
1660564800000,1769.0,1779.0,1768.0,1776.0,291.2068,2022-08-15 12:00:00
1660579200000,1775.0,1778.0,1770.0,1774.0,303.7057,2022-08-15 16:00:00
1660593600000,1775.0,1776.0,1770.0,1774.0,147.7739,2022-08-15 20:00:00
1660608000000,1775.0,1776.0,1768.0,1775.0,215.9779,2022-08-16 00:00:00
1660622400000,1775.0,1776.0,1772.0,1773.0,103.7679,2022-08-16 04:00:00
1660636800000,1773.0,1773.0,1769.0,1770.0,162.1247,2022-08-16 08:00:00
1660651200000,1770.0,1772.0,1767.0,1770.0,229.2566,2022-08-16 12:00:00
1660665600000,1771.0,1772.0,1767.0,1770.0,157.5107,2022-08-16 16:00:00
1660680000000,1770.0,1772.0,1769.0,1771.0,173.2886,2022-08-16 20:00:00
1660694400000,1771.0,1773.0,1768.0,1769.0,167.4078,2022-08-17 00:00:00
1660708800000,1770.0,1777.0,1767.0,1767.0,359.7285,2022-08-17 04:00:00
1660723200000,1768.0,1770.0,1763.0,1764.0,173.7861,2022-08-17 08:00:00
1660737600000,1764.0,1765.0,1756.0,1756.0,489.7985,2022-08-17 12:00:00
1660752000000,1756.0,1764.0,1754.0,1759.0,262.4162,2022-08-17 16:00:00
1660766400000,1759.0,1759.0,1754.0,1757.0,191.0478,2022-08-17 20:00:00
1660780800000,1757.0,1761.0,1757.0,1759.0,92.7124,2022-08-18 00:00:00
1660795200000,1758.0,1759.0,1755.0,1757.0,65.018,2022-08-18 04:00:00
1660809600000,1757.0,1764.0,1756.0,1764.0,91.5491,2022-08-18 08:00:00
1660824000000,1764.0,1765.0,1752.0,1753.0,239.3606,2022-08-18 12:00:00
1660838400000,1753.0,1755.0,1750.0,1752.0,162.4167,2022-08-18 16:00:00
1660852800000,1752.0,1753.0,1749.0,1751.0,111.0314,2022-08-18 20:00:00
1660867200000,1751.0,1751.0,1744.0,1749.0,254.4255,2022-08-19 00:00:00
1660881600000,1750.0,1769.0,1740.0,1744.0,1069.8832,2022-08-19 04:00:00
1660896000000,1744.0,1748.0,1739.0,1745.0,528.9985,2022-08-19 08:00:00
1660910400000,1745.0,1751.0,1738.0,1741.0,410.3878,2022-08-19 12:00:00
1660924800000,1741.0,1744.0,1720.0,1738.0,559.3808,2022-08-19 16:00:00
1660939200000,1738.0,1741.0,1736.0,1738.0,500.4015,2022-08-19 20:00:00
1660953600000,1739.0,1741.0,1737.0,1739.0,98.6009,2022-08-20 00:00:00
1660968000000,1740.0,1742.0,1736.0,1737.0,133.2432,2022-08-20 04:00:00
1660982400000,1737.0,1738.0,1736.0,1737.0,68.2509,2022-08-20 08:00:00
1660996800000,1738.0,1741.0,1736.0,1740.0,134.2505,2022-08-20 12:00:00
1661011200000,1740.0,1740.0,1736.0,1739.0,286.9555,2022-08-20 16:00:00
1661025600000,1738.0,1742.0,1737.0,1739.0,236.9927,2022-08-20 20:00:00
1661040000000,1740.0,1743.0,1738.0,1739.0,84.8322,2022-08-21 00:00:00
1661054400000,1740.0,1740.0,1737.0,1738.0,59.6229,2022-08-21 04:00:00
1661068800000,1739.0,1742.0,1737.0,1738.0,169.305,2022-08-21 08:00:00
1661083200000,1739.0,1742.0,1734.0,1739.0,155.9919,2022-08-21 12:00:00
1661097600000,1739.0,1740.0,1736.0,1739.0,148.5085,2022-08-21 16:00:00
1661112000000,1740.0,1742.0,1735.0,1740.0,300.1252,2022-08-21 20:00:00
1661126400000,1740.0,1741.0,1737.0,1739.0,109.4138,2022-08-22 00:00:00
1661140800000,1740.0,1740.0,1728.0,1730.0,150.9534,2022-08-22 04:00:00
1661155200000,1730.0,1731.0,1725.0,1726.0,305.699,2022-08-22 08:00:00
1661169600000,1727.0,1733.0,1723.0,1732.0,412.344,2022-08-22 12:00:00
1661184000000,1733.0,1734.0,1726.0,1730.0,171.716,2022-08-22 16:00:00
1661198400000,1731.0,1734.0,1730.0,1731.0,201.6212,2022-08-22 20:00:00
1661212800000,1731.0,1732.0,1729.0,1730.0,105.2447,2022-08-23 00:00:00
1661227200000,1731.0,1732.0,1727.0,1731.0,178.069,2022-08-23 04:00:00
1661241600000,1732.0,1736.0,1730.0,1734.0,612.4751,2022-08-23 08:00:00
1661256000000,1734.0,1747.0,1727.0,1745.0,489.718,2022-08-23 12:00:00
1661270400000,1744.0,1747.0,1738.0,1746.0,511.6027,2022-08-23 16:00:00
1661284800000,1746.0,1750.0,1745.0,1747.0,1208.6788,2022-08-23 20:00:00
1661299200000,1747.0,1749.0,1739.0,1743.0,224.2439,2022-08-24 00:00:00
1661313600000,1743.0,1747.0,1740.0,1741.0,189.5446,2022-08-24 04:00:00
1661328000000,1741.0,1749.0,1740.0,1746.0,197.7897,2022-08-24 08:00:00
1661342400000,1746.0,1750.0,1743.0,1746.0,415.0853,2022-08-24 12:00:00
1661356800000,1746.0,1749.0,1745.0,1747.0,88.5215,2022-08-24 16:00:00
1661371200000,1748.0,1748.0,1743.0,1745.0,99.1073,2022-08-24 20:00:00
1661385600000,1744.0,1750.0,1744.0,1750.0,80.1422,2022-08-25 00:00:00
1661400000000,1749.0,1756.0,1749.0,1756.0,174.0094,2022-08-25 04:00:00
1661414400000,1756.0,1759.0,1755.0,1755.0,178.162,2022-08-25 08:00:00
1661428800000,1756.0,1757.0,1749.0,1750.0,134.5261,2022-08-25 12:00:00
1661443200000,1750.0,1753.0,1749.0,1752.0,76.642,2022-08-25 16:00:00
1661457600000,1752.0,1755.0,1750.0,1751.0,50.1917,2022-08-25 20:00:00
1661472000000,1752.0,1752.0,1749.0,1750.0,66.5307,2022-08-26 00:00:00
1661486400000,1750.0,1751.0,1745.0,1746.0,227.3897,2022-08-26 04:00:00
1661500800000,1747.0,1748.0,1739.0,1740.0,195.5875,2022-08-26 08:00:00
1661515200000,1741.0,1748.0,1727.0,1731.0,845.9072,2022-08-26 12:00:00
1661529600000,1731.0,1733.0,1726.0,1730.0,344.2119,2022-08-26 16:00:00
1661544000000,1730.0,1739.0,1727.0,1728.0,400.7313,2022-08-26 20:00:00
1661558400000,1729.0,1731.0,1728.0,1730.0,101.4012,2022-08-27 00:00:00
1661572800000,1730.0,1731.0,1727.0,1729.0,138.9698,2022-08-27 04:00:00
1661587200000,1730.0,1730.0,1726.0,1729.0,62.4561,2022-08-27 08:00:00
1661601600000,1729.0,1731.0,1724.0,1729.0,230.2469,2022-08-27 12:00:00
1661616000000,1729.0,1729.0,1721.0,1728.0,203.902,2022-08-27 16:00:00
1661630400000,1728.0,1732.0,1726.0,1729.0,103.0536,2022-08-27 20:00:00
1661644800000,1730.0,1732.0,1728.0,1729.0,107.117,2022-08-28 00:00:00
1661659200000,1729.0,1730.0,1724.0,1729.0,104.2008,2022-08-28 04:00:00
1661673600000,1729.0,1729.0,1727.0,1728.0,70.441,2022-08-28 08:00:00
1661688000000,1729.0,1731.0,1725.0,1731.0,131.3403,2022-08-28 12:00:00
1661702400000,1730.0,1731.0,1725.0,1727.0,112.4847,2022-08-28 16:00:00
1661716800000,1728.0,1735.0,1723.0,1725.0,390.5015,2022-08-28 20:00:00
1661731200000,1725.0,1728.0,1717.0,1718.0,271.461,2022-08-29 00:00:00
1661745600000,1717.0,1718.0,1702.0,1711.0,334.8291,2022-08-29 04:00:00
1661760000000,1712.0,1720.0,1710.0,1718.0,244.8922,2022-08-29 08:00:00
1661774400000,1719.0,1738.0,1717.0,1732.0,433.6755,2022-08-29 12:00:00
1661788800000,1732.0,1734.0,1727.0,1728.0,156.7243,2022-08-29 16:00:00
1661803200000,1729.0,1732.0,1722.0,1730.0,163.2472,2022-08-29 20:00:00
1661817600000,1731.0,1732.0,1726.0,1727.0,71.5343,2022-08-30 00:00:00
1661832000000,1727.0,1731.0,1722.0,1723.0,184.4094,2022-08-30 04:00:00
1661846400000,1723.0,1729.0,1721.0,1725.0,357.7487,2022-08-30 08:00:00
1661860800000,1725.0,1725.0,1712.0,1716.0,267.5966,2022-08-30 12:00:00
1661875200000,1717.0,1722.0,1709.0,1714.0,381.4724,2022-08-30 16:00:00
1661889600000,1714.0,1720.0,1713.0,1714.0,192.9669,2022-08-30 20:00:00
1661904000000,1715.0,1720.0,1714.0,1718.0,226.7159,2022-08-31 00:00:00
1661918400000,1719.0,1723.0,1712.0,1716.0,154.4437,2022-08-31 04:00:00
1661932800000,1716.0,1716.0,1705.0,1709.0,305.8874,2022-08-31 08:00:00
1661947200000,1710.0,1714.0,1701.0,1713.0,395.936,2022-08-31 12:00:00
1661961600000,1713.0,1715.0,1706.0,1707.0,256.4368,2022-08-31 16:00:00
1661976000000,1707.0,1708.0,1700.0,1703.0,154.3611,2022-08-31 20:00:00
1661990400000,1702.0,1704.0,1696.0,1698.0,232.38,2022-09-01 00:00:00
1662004800000,1698.0,1701.0,1695.0,1697.0,388.1419,2022-09-01 04:00:00
1662019200000,1698.0,1701.0,1696.0,1699.0,203.9914,2022-09-01 08:00:00
1662033600000,1699.0,1699.0,1683.0,1689.0,706.7082,2022-09-01 12:00:00
1662048000000,1689.0,1694.0,1688.0,1690.0,302.6471,2022-09-01 16:00:00
1662062400000,1690.0,1695.0,1689.0,1690.0,289.8951,2022-09-01 20:00:00
1662076800000,1690.0,1694.0,1688.0,1692.0,251.0299,2022-09-02 00:00:00
1662091200000,1692.0,1697.0,1691.0,1696.0,115.8725,2022-09-02 04:00:00
1662105600000,1697.0,1699.0,1695.0,1697.0,120.5317,2022-09-02 08:00:00
1662120000000,1697.0,1710.0,1697.0,1706.0,404.1209,2022-09-02 12:00:00
1662134400000,1707.0,1707.0,1698.0,1700.0,403.914,2022-09-02 16:00:00
1662148800000,1701.0,1703.0,1700.0,1702.0,69.9753,2022-09-02 20:00:00
1662163200000,1703.0,1705.0,1701.0,1702.0,63.2771,2022-09-03 00:00:00
1662177600000,1703.0,1704.0,1700.0,1702.0,111.8411,2022-09-03 04:00:00
1662192000000,1702.0,1704.0,1702.0,1703.0,35.8976,2022-09-03 08:00:00
1662206400000,1704.0,1705.0,1703.0,1703.0,46.7414,2022-09-03 12:00:00
1662220800000,1704.0,1704.0,1701.0,1704.0,80.6767,2022-09-03 16:00:00
1662235200000,1704.0,1707.0,1702.0,1705.0,54.3922,2022-09-03 20:00:00
1662249600000,1706.0,1706.0,1703.0,1704.0,20.9141,2022-09-04 00:00:00
1662264000000,1704.0,1704.0,1701.0,1702.0,39.1306,2022-09-04 04:00:00
1662278400000,1702.0,1705.0,1702.0,1705.0,40.9998,2022-09-04 08:00:00
1662292800000,1705.0,1708.0,1702.0,1704.0,93.303,2022-09-04 12:00:00
1662307200000,1704.0,1706.0,1702.0,1705.0,46.6902,2022-09-04 16:00:00
1662321600000,1706.0,1707.0,1703.0,1703.0,91.4012,2022-09-04 20:00:00
1662336000000,1703.0,1710.0,1703.0,1706.0,136.4951,2022-09-05 00:00:00
1662350400000,1707.0,1707.0,1703.0,1704.0,93.7918,2022-09-05 04:00:00
1662364800000,1704.0,1709.0,1703.0,1708.0,145.4687,2022-09-05 08:00:00
1662379200000,1709.0,1709.0,1701.0,1704.0,270.599,2022-09-05 12:00:00
1662393600000,1705.0,1706.0,1700.0,1703.0,126.5782,2022-09-05 16:00:00
1662408000000,1703.0,1710.0,1699.0,1708.0,181.0939,2022-09-05 20:00:00
1662422400000,1709.0,1721.0,1708.0,1710.0,304.8749,2022-09-06 00:00:00
1662436800000,1710.0,1715.0,1708.0,1710.0,112.0695,2022-09-06 04:00:00
1662451200000,1711.0,1711.0,1705.0,1707.0,120.3937,2022-09-06 08:00:00
1662465600000,1708.0,1708.0,1696.0,1696.0,307.3235,2022-09-06 12:00:00
1662480000000,1697.0,1698.0,1690.0,1691.0,352.2796,2022-09-06 16:00:00
1662494400000,1692.0,1694.0,1677.0,1693.0,974.8571,2022-09-06 20:00:00
1662508800000,1694.0,1695.0,1683.0,1684.0,311.5584,2022-09-07 00:00:00
1662523200000,1684.0,1694.0,1682.0,1694.0,450.7072,2022-09-07 04:00:00
1662537600000,1694.0,1698.0,1693.0,1693.0,226.0288,2022-09-07 08:00:00
1662552000000,1692.0,1704.0,1690.0,1704.0,410.7103,2022-09-07 12:00:00
1662566400000,1704.0,1712.0,1702.0,1707.0,243.5931,2022-09-07 16:00:00
1662580800000,1707.0,1718.0,1706.0,1708.0,352.7724,2022-09-07 20:00:00
1662595200000,1708.0,1710.0,1706.0,1708.0,58.5086,2022-09-08 00:00:00
1662609600000,1708.0,1713.0,1707.0,1710.0,227.646,2022-09-08 04:00:00
1662624000000,1711.0,1720.0,1710.0,1720.0,244.4918,2022-09-08 08:00:00
1662638400000,1720.0,1720.0,1699.0,1700.0,452.8457,2022-09-08 12:00:00
1662652800000,1700.0,1704.0,1697.0,1703.0,156.8016,2022-09-08 16:00:00
1662667200000,1704.0,1706.0,1699.0,1703.0,126.5082,2022-09-08 20:00:00
1662681600000,1703.0,1716.0,1702.0,1711.0,252.3306,2022-09-09 00:00:00
1662696000000,1711.0,1724.0,1711.0,1722.0,408.5825,2022-09-09 04:00:00
1662710400000,1723.0,1725.0,1716.0,1716.0,185.5583,2022-09-09 08:00:00
1662724800000,1717.0,1720.0,1708.0,1713.0,265.2448,2022-09-09 12:00:00
1662739200000,1712.0,1714.0,1708.0,1711.0,157.5615,2022-09-09 16:00:00
1662753600000,1712.0,1712.0,1708.0,1710.0,98.8157,2022-09-09 20:00:00
1662768000000,1710.0,1713.0,1708.0,1712.0,77.3933,2022-09-10 00:00:00
1662782400000,1713.0,1714.0,1710.0,1711.0,59.5978,2022-09-10 04:00:00
1662796800000,1711.0,1714.0,1710.0,1713.0,85.5629,2022-09-10 08:00:00
1662811200000,1713.0,1715.0,1708.0,1711.0,116.298,2022-09-10 12:00:00
1662825600000,1712.0,1715.0,1711.0,1713.0,153.4568,2022-09-10 16:00:00
1662840000000,1714.0,1715.0,1710.0,1713.0,224.214,2022-09-10 20:00:00
1662854400000,1713.0,1713.0,1709.0,1710.0,63.4678,2022-09-11 00:00:00
1662868800000,1710.0,1713.0,1708.0,1712.0,66.1636,2022-09-11 04:00:00
1662883200000,1712.0,1712.0,1708.0,1712.0,89.095,2022-09-11 08:00:00
1662897600000,1712.0,1715.0,1709.0,1712.0,116.4454,2022-09-11 12:00:00
1662912000000,1713.0,1718.0,1710.0,1711.0,102.8712,2022-09-11 16:00:00
1662926400000,1712.0,1716.0,1709.0,1714.0,172.229,2022-09-11 20:00:00
1662940800000,1715.0,1716.0,1706.0,1706.0,259.5729,2022-09-12 00:00:00
1662955200000,1707.0,1720.0,1706.0,1720.0,135.3035,2022-09-12 04:00:00
1662969600000,1720.0,1727.0,1713.0,1723.0,369.8777,2022-09-12 08:00:00
1662984000000,1724.0,1727.0,1718.0,1726.0,302.3945,2022-09-12 12:00:00
1662998400000,1727.0,1734.0,1717.0,1717.0,773.0091,2022-09-12 16:00:00
1663012800000,1717.0,1720.0,1716.0,1718.0,167.0372,2022-09-12 20:00:00
1663027200000,1718.0,1720.0,1716.0,1717.0,147.8155,2022-09-13 00:00:00
1663041600000,1717.0,1720.0,1715.0,1718.0,108.9663,2022-09-13 04:00:00
1663056000000,1718.0,1725.0,1717.0,1723.0,378.7174,2022-09-13 08:00:00
1663070400000,1724.0,1727.0,1691.0,1697.0,1118.6607,2022-09-13 12:00:00
1663084800000,1696.0,1703.0,1693.0,1694.0,408.5271,2022-09-13 16:00:00
1663099200000,1695.0,1698.0,1691.0,1694.0,397.056,2022-09-13 20:00:00
1663113600000,1694.0,1696.0,1691.0,1695.0,134.7769,2022-09-14 00:00:00
1663128000000,1695.0,1696.0,1692.0,1692.0,132.8581,2022-09-14 04:00:00
1663142400000,1693.0,1697.0,1692.0,1692.0,124.9211,2022-09-14 08:00:00
1663156800000,1693.0,1699.0,1691.0,1694.0,209.227,2022-09-14 12:00:00
1663171200000,1695.0,1695.0,1686.0,1689.0,225.4727,2022-09-14 16:00:00
1663185600000,1690.0,1693.0,1687.0,1689.0,194.8265,2022-09-14 20:00:00
1663200000000,1689.0,1690.0,1682.0,1686.0,210.4985,2022-09-15 00:00:00
1663214400000,1686.0,1687.0,1676.0,1680.0,719.2741,2022-09-15 04:00:00
1663228800000,1680.0,1685.0,1677.0,1681.0,337.8594,2022-09-15 08:00:00
1663243200000,1681.0,1684.0,1653.0,1659.0,1201.2028,2022-09-15 12:00:00
1663257600000,1660.0,1662.0,1656.0,1657.0,375.1883,2022-09-15 16:00:00
1663272000000,1657.0,1659.0,1649.0,1654.0,611.1893,2022-09-15 20:00:00
1663286400000,1654.0,1659.0,1651.0,1656.0,240.125,2022-09-16 00:00:00
1663300800000,1656.0,1657.0,1648.0,1649.0,242.002,2022-09-16 04:00:00
1663315200000,1648.0,1659.0,1640.0,1658.0,316.6026,2022-09-16 08:00:00
1663329600000,1659.0,1671.0,1651.0,1667.0,345.1491,2022-09-16 12:00:00
1663344000000,1667.0,1669.0,1663.0,1668.0,271.6468,2022-09-16 16:00:00
1663358400000,1667.0,1670.0,1665.0,1666.0,79.8593,2022-09-16 20:00:00
1663372800000,1666.0,1668.0,1666.0,1668.0,65.7152,2022-09-17 00:00:00
1663387200000,1668.0,1669.0,1665.0,1668.0,72.6147,2022-09-17 04:00:00
1663401600000,1669.0,1670.0,1663.0,1665.0,82.1872,2022-09-17 08:00:00
1663416000000,1666.0,1669.0,1662.0,1668.0,145.5446,2022-09-17 12:00:00
1663430400000,1668.0,1670.0,1664.0,1665.0,158.4181,2022-09-17 16:00:00
1663444800000,1666.0,1669.0,1663.0,1668.0,88.8654,2022-09-17 20:00:00
1663459200000,1669.0,1669.0,1665.0,1666.0,50.4819,2022-09-18 00:00:00
1663473600000,1666.0,1667.0,1664.0,1665.0,35.9572,2022-09-18 04:00:00
1663488000000,1666.0,1667.0,1664.0,1665.0,111.1464,2022-09-18 08:00:00
1663502400000,1666.0,1666.0,1664.0,1665.0,75.9062,2022-09-18 12:00:00
1663516800000,1666.0,1666.0,1664.0,1665.0,202.4125,2022-09-18 16:00:00
1663531200000,1665.0,1671.0,1661.0,1668.0,355.317,2022-09-18 20:00:00
1663545600000,1668.0,1670.0,1656.0,1659.0,346.1906,2022-09-19 00:00:00
1663560000000,1660.0,1661.0,1652.0,1653.0,260.2856,2022-09-19 04:00:00
1663574400000,1654.0,1658.0,1650.0,1655.0,324.5642,2022-09-19 08:00:00
1663588800000,1655.0,1670.0,1654.0,1663.0,552.0646,2022-09-19 12:00:00
1663603200000,1662.0,1666.0,1658.0,1664.0,299.0928,2022-09-19 16:00:00
1663617600000,1665.0,1670.0,1664.0,1666.0,130.2028,2022-09-19 20:00:00
1663632000000,1667.0,1671.0,1665.0,1667.0,184.2472,2022-09-20 00:00:00
1663646400000,1668.0,1668.0,1662.0,1664.0,114.3494,2022-09-20 04:00:00
1663660800000,1664.0,1664.0,1658.0,1659.0,87.849,2022-09-20 08:00:00
1663675200000,1659.0,1660.0,1653.0,1658.0,292.9395,2022-09-20 12:00:00
1663689600000,1657.0,1660.0,1645.0,1656.0,342.6903,2022-09-20 16:00:00
1663704000000,1656.0,1657.0,1653.0,1657.0,119.5396,2022-09-20 20:00:00
1663718400000,1657.0,1659.0,1655.0,1657.0,77.6627,2022-09-21 00:00:00
1663732800000,1658.0,1667.0,1656.0,1664.0,231.3626,2022-09-21 04:00:00
1663747200000,1665.0,1669.0,1661.0,1668.0,203.3108,2022-09-21 08:00:00
1663761600000,1669.0,1669.0,1660.0,1661.0,163.3442,2022-09-21 12:00:00
1663776000000,1662.0,1681.0,1646.0,1664.0,1450.2077,2022-09-21 16:00:00
1663790400000,1665.0,1669.0,1653.0,1661.0,716.5327,2022-09-21 20:00:00
1663804800000,1661.0,1662.0,1651.0,1655.0,254.7851,2022-09-22 00:00:00
1663819200000,1656.0,1656.0,1651.0,1654.0,108.0249,2022-09-22 04:00:00
1663833600000,1655.0,1670.0,1653.0,1665.0,330.8457,2022-09-22 08:00:00
1663848000000,1665.0,1676.0,1662.0,1663.0,412.7676,2022-09-22 12:00:00
1663862400000,1664.0,1669.0,1661.0,1667.0,247.8016,2022-09-22 16:00:00
1663876800000,1667.0,1667.0,1661.0,1666.0,146.7327,2022-09-22 20:00:00
1663891200000,1666.0,1668.0,1663.0,1663.0,141.9735,2022-09-23 00:00:00
1663905600000,1664.0,1667.0,1658.0,1660.0,207.2685,2022-09-23 04:00:00
1663920000000,1660.0,1660.0,1634.0,1641.0,430.167,2022-09-23 08:00:00
1663934400000,1641.0,1650.0,1634.0,1640.0,506.4489,2022-09-23 12:00:00
1663948800000,1640.0,1643.0,1633.0,1636.0,510.374,2022-09-23 16:00:00
1663963200000,1637.0,1640.0,1635.0,1638.0,257.4486,2022-09-23 20:00:00
1663977600000,1638.0,1638.0,1637.0,1638.0,57.812,2022-09-24 00:00:00
1663992000000,1638.0,1638.0,1635.0,1638.0,70.852,2022-09-24 04:00:00
1664006400000,1638.0,1638.0,1636.0,1637.0,45.2602,2022-09-24 08:00:00
1664020800000,1637.0,1639.0,1636.0,1636.0,105.4562,2022-09-24 12:00:00
1664035200000,1636.0,1638.0,1636.0,1636.0,68.5695,2022-09-24 16:00:00
1664049600000,1636.0,1638.0,1634.0,1638.0,256.697,2022-09-24 20:00:00
1664064000000,1638.0,1638.0,1634.0,1636.0,44.244,2022-09-25 00:00:00
1664078400000,1637.0,1639.0,1635.0,1638.0,36.7164,2022-09-25 04:00:00
1664092800000,1638.0,1639.0,1634.0,1635.0,122.8961,2022-09-25 08:00:00
1664107200000,1636.0,1636.0,1632.0,1634.0,156.6028,2022-09-25 12:00:00
1664121600000,1634.0,1636.0,1631.0,1634.0,173.0153,2022-09-25 16:00:00
1664136000000,1635.0,1637.0,1630.0,1634.0,188.8327,2022-09-25 20:00:00
1664150400000,1635.0,1638.0,1622.0,1633.0,365.2339,2022-09-26 00:00:00
1664164800000,1633.0,1641.0,1626.0,1636.0,243.7425,2022-09-26 04:00:00
1664179200000,1637.0,1641.0,1629.0,1631.0,280.7517,2022-09-26 08:00:00
1664193600000,1632.0,1641.0,1629.0,1629.0,302.9076,2022-09-26 12:00:00
1664208000000,1629.0,1630.0,1615.0,1618.0,337.6199,2022-09-26 16:00:00
1664222400000,1619.0,1620.0,1606.0,1619.0,1452.8898,2022-09-26 20:00:00
1664236800000,1620.0,1626.0,1619.0,1624.0,287.242,2022-09-27 00:00:00
1664251200000,1624.0,1633.0,1621.0,1631.0,298.0883,2022-09-27 04:00:00
1664265600000,1631.0,1633.0,1622.0,1627.0,354.9931,2022-09-27 08:00:00
1664280000000,1628.0,1631.0,1624.0,1627.0,214.6303,2022-09-27 12:00:00
1664294400000,1626.0,1627.0,1617.0,1620.0,446.623,2022-09-27 16:00:00
1664308800000,1620.0,1623.0,1619.0,1622.0,48.4317,2022-09-27 20:00:00
1664323200000,1621.0,1623.0,1612.0,1618.0,269.0973,2022-09-28 00:00:00
1664337600000,1618.0,1618.0,1607.0,1615.0,211.4887,2022-09-28 04:00:00
1664352000000,1615.0,1623.0,1607.0,1617.0,489.1425,2022-09-28 08:00:00
1664366400000,1617.0,1653.0,1617.0,1651.0,873.0596,2022-09-28 12:00:00
1664380800000,1651.0,1656.0,1647.0,1652.0,272.6561,2022-09-28 16:00:00
1664395200000,1653.0,1655.0,1647.0,1648.0,200.812,2022-09-28 20:00:00
1664409600000,1649.0,1650.0,1645.0,1646.0,79.9402,2022-09-29 00:00:00
1664424000000,1647.0,1647.0,1634.0,1636.0,165.2803,2022-09-29 04:00:00
1664438400000,1636.0,1644.0,1636.0,1643.0,105.5365,2022-09-29 08:00:00
1664452800000,1644.0,1653.0,1639.0,1652.0,450.4475,2022-09-29 12:00:00
1664467200000,1652.0,1656.0,1648.0,1653.0,302.3812,2022-09-29 16:00:00
1664481600000,1654.0,1656.0,1652.0,1655.0,109.2248,2022-09-29 20:00:00
1664496000000,1656.0,1659.0,1653.0,1655.0,101.3537,2022-09-30 00:00:00
1664510400000,1655.0,1666.0,1654.0,1665.0,123.1607,2022-09-30 04:00:00
1664524800000,1665.0,1666.0,1654.0,1655.0,160.1508,2022-09-30 08:00:00
1664539200000,1655.0,1670.0,1654.0,1662.0,444.755,2022-09-30 12:00:00
1664553600000,1662.0,1664.0,1654.0,1654.0,150.9188,2022-09-30 16:00:00
1664568000000,1654.0,1656.0,1652.0,1656.0,61.8765,2022-09-30 20:00:00
1664582400000,1656.0,1657.0,1655.0,1657.0,35.8191,2022-10-01 00:00:00
1664596800000,1657.0,1657.0,1656.0,1657.0,21.0654,2022-10-01 04:00:00
1664611200000,1657.0,1657.0,1655.0,1656.0,28.3619,2022-10-01 08:00:00
1664625600000,1655.0,1661.0,1651.0,1657.0,92.6185,2022-10-01 12:00:00
1664640000000,1657.0,1657.0,1652.0,1655.0,60.4904,2022-10-01 16:00:00
1664654400000,1655.0,1655.0,1654.0,1655.0,14.5025,2022-10-01 20:00:00
1664668800000,1654.0,1659.0,1652.0,1656.0,86.1164,2022-10-02 00:00:00
1664683200000,1656.0,1658.0,1656.0,1657.0,64.2199,2022-10-02 04:00:00
1664697600000,1657.0,1658.0,1652.0,1654.0,105.1608,2022-10-02 08:00:00
1664712000000,1654.0,1655.0,1651.0,1653.0,74.3011,2022-10-02 12:00:00
1664726400000,1652.0,1658.0,1651.0,1658.0,158.398,2022-10-02 16:00:00
1664740800000,1658.0,1658.0,1654.0,1656.0,188.8651,2022-10-02 20:00:00
1664755200000,1657.0,1663.0,1654.0,1659.0,142.136,2022-10-03 00:00:00
1664769600000,1660.0,1663.0,1658.0,1659.0,135.2859,2022-10-03 04:00:00
1664784000000,1659.0,1661.0,1654.0,1660.0,123.3165,2022-10-03 08:00:00
1664798400000,1660.0,1689.0,1659.0,1683.0,301.1647,2022-10-03 12:00:00
1664812800000,1683.0,1695.0,1679.0,1694.0,296.7504,2022-10-03 16:00:00
1664827200000,1694.0,1698.0,1693.0,1696.0,75.5386,2022-10-03 20:00:00
1664841600000,1696.0,1696.0,1691.0,1693.0,58.5011,2022-10-04 00:00:00
1664856000000,1693.0,1706.0,1691.0,1703.0,193.4244,2022-10-04 04:00:00
1664870400000,1703.0,1705.0,1696.0,1698.0,185.4042,2022-10-04 08:00:00
1664884800000,1698.0,1719.0,1697.0,1718.0,540.2724,2022-10-04 12:00:00
1664899200000,1718.0,1721.0,1709.0,1719.0,470.482,2022-10-04 16:00:00
1664913600000,1719.0,1722.0,1717.0,1720.0,217.3827,2022-10-04 20:00:00
1664928000000,1721.0,1721.0,1711.0,1713.0,123.2503,2022-10-05 00:00:00
1664942400000,1713.0,1718.0,1708.0,1709.0,81.0697,2022-10-05 04:00:00
1664956800000,1709.0,1709.0,1698.0,1698.0,211.9874,2022-10-05 08:00:00
1664971200000,1699.0,1706.0,1695.0,1702.0,332.2849,2022-10-05 12:00:00
1664985600000,1702.0,1710.0,1701.0,1709.0,149.3642,2022-10-05 16:00:00
1665000000000,1710.0,1710.0,1706.0,1710.0,56.3521,2022-10-05 20:00:00
1665014400000,1710.0,1717.0,1709.0,1716.0,94.1403,2022-10-06 00:00:00
1665028800000,1716.0,1717.0,1714.0,1715.0,67.8543,2022-10-06 04:00:00
1665043200000,1716.0,1716.0,1706.0,1707.0,113.2791,2022-10-06 08:00:00
1665057600000,1707.0,1712.0,1700.0,1703.0,238.0308,2022-10-06 12:00:00
1665072000000,1703.0,1706.0,1701.0,1705.0,70.495,2022-10-06 16:00:00
1665086400000,1706.0,1707.0,1702.0,1704.0,48.3355,2022-10-06 20:00:00
1665100800000,1704.0,1708.0,1703.0,1703.0,116.8305,2022-10-07 00:00:00
1665115200000,1704.0,1705.0,1700.0,1703.0,120.8046,2022-10-07 04:00:00
1665129600000,1703.0,1706.0,1701.0,1702.0,81.6557,2022-10-07 08:00:00
1665144000000,1702.0,1703.0,1684.0,1695.0,580.926,2022-10-07 12:00:00
1665158400000,1695.0,1701.0,1686.0,1687.0,134.5359,2022-10-07 16:00:00
1665172800000,1687.0,1692.0,1686.0,1690.0,64.0789,2022-10-07 20:00:00
1665187200000,1691.0,1691.0,1682.0,1690.0,58.3917,2022-10-08 00:00:00
1665201600000,1690.0,1690.0,1685.0,1686.0,26.4148,2022-10-08 04:00:00
1665216000000,1687.0,1691.0,1685.0,1688.0,114.0,2022-10-08 08:00:00
1665230400000,1689.0,1690.0,1687.0,1688.0,43.2488,2022-10-08 12:00:00
1665244800000,1689.0,1689.0,1686.0,1687.0,42.0213,2022-10-08 16:00:00
1665259200000,1687.0,1689.0,1684.0,1688.0,85.1323,2022-10-08 20:00:00
1665273600000,1689.0,1690.0,1686.0,1687.0,16.1713,2022-10-09 00:00:00
1665288000000,1687.0,1688.0,1686.0,1688.0,9.0711,2022-10-09 04:00:00
1665302400000,1688.0,1690.0,1685.0,1690.0,63.9636,2022-10-09 08:00:00
1665316800000,1690.0,1691.0,1689.0,1689.0,53.1034,2022-10-09 12:00:00
1665331200000,1690.0,1690.0,1688.0,1690.0,36.5882,2022-10-09 16:00:00
1665345600000,1690.0,1691.0,1688.0,1689.0,64.9785,2022-10-09 20:00:00
1665360000000,1690.0,1690.0,1679.0,1680.0,183.0936,2022-10-10 00:00:00
1665374400000,1681.0,1683.0,1675.0,1675.0,159.1213,2022-10-10 04:00:00
1665388800000,1676.0,1676.0,1669.0,1670.0,272.3643,2022-10-10 08:00:00
1665403200000,1671.0,1673.0,1661.0,1664.0,214.7612,2022-10-10 12:00:00
1665417600000,1664.0,1664.0,1659.0,1663.0,106.2624,2022-10-10 16:00:00
1665432000000,1663.0,1666.0,1659.0,1663.0,124.7753,2022-10-10 20:00:00
1665446400000,1663.0,1664.0,1656.0,1658.0,238.5483,2022-10-11 00:00:00
1665460800000,1659.0,1661.0,1656.0,1659.0,110.584,2022-10-11 04:00:00
1665475200000,1659.0,1664.0,1657.0,1663.0,76.0851,2022-10-11 08:00:00
1665489600000,1664.0,1674.0,1657.0,1673.0,221.9185,2022-10-11 12:00:00
1665504000000,1674.0,1675.0,1658.0,1660.0,160.7057,2022-10-11 16:00:00
1665518400000,1661.0,1663.0,1658.0,1660.0,64.5133,2022-10-11 20:00:00
1665532800000,1660.0,1660.0,1657.0,1660.0,55.2228,2022-10-12 00:00:00
1665547200000,1660.0,1671.0,1660.0,1662.0,146.1308,2022-10-12 04:00:00
1665561600000,1662.0,1666.0,1660.0,1663.0,92.3907,2022-10-12 08:00:00
1665576000000,1663.0,1667.0,1659.0,1663.0,111.1185,2022-10-12 12:00:00
1665590400000,1664.0,1670.0,1661.0,1670.0,130.174,2022-10-12 16:00:00
1665604800000,1670.0,1670.0,1663.0,1665.0,124.4779,2022-10-12 20:00:00
1665619200000,1666.0,1666.0,1659.0,1661.0,99.2945,2022-10-13 00:00:00
1665633600000,1661.0,1663.0,1658.0,1663.0,86.3639,2022-10-13 04:00:00
1665648000000,1663.0,1673.0,1661.0,1672.0,389.9442,2022-10-13 08:00:00
1665662400000,1673.0,1673.0,1639.0,1658.0,763.9095,2022-10-13 12:00:00
1665676800000,1659.0,1665.0,1656.0,1659.0,214.2664,2022-10-13 16:00:00
1665691200000,1659.0,1660.0,1657.0,1658.0,46.2608,2022-10-13 20:00:00
1665705600000,1657.0,1664.0,1655.0,1662.0,192.6582,2022-10-14 00:00:00
1665720000000,1662.0,1663.0,1656.0,1660.0,241.8375,2022-10-14 04:00:00
1665734400000,1660.0,1660.0,1646.0,1649.0,126.2593,2022-10-14 08:00:00
1665748800000,1649.0,1656.0,1639.0,1641.0,214.5702,2022-10-14 12:00:00
1665763200000,1640.0,1641.0,1630.0,1636.0,205.3595,2022-10-14 16:00:00
1665777600000,1636.0,1637.0,1634.0,1637.0,36.2074,2022-10-14 20:00:00
1665792000000,1637.0,1638.0,1634.0,1637.0,46.5583,2022-10-15 00:00:00
1665806400000,1638.0,1638.0,1634.0,1636.0,47.7376,2022-10-15 04:00:00
1665820800000,1636.0,1639.0,1634.0,1637.0,83.5045,2022-10-15 08:00:00
1665835200000,1636.0,1638.0,1634.0,1637.0,23.2736,2022-10-15 12:00:00
1665849600000,1638.0,1638.0,1636.0,1636.0,33.7661,2022-10-15 16:00:00
1665864000000,1637.0,1638.0,1635.0,1637.0,34.9772,2022-10-15 20:00:00
1665878400000,1637.0,1637.0,1636.0,1637.0,9.4585,2022-10-16 00:00:00
1665892800000,1637.0,1638.0,1636.0,1638.0,16.9431,2022-10-16 04:00:00
1665907200000,1637.0,1638.0,1636.0,1638.0,14.8375,2022-10-16 08:00:00
1665921600000,1638.0,1639.0,1637.0,1638.0,35.6316,2022-10-16 12:00:00
1665936000000,1639.0,1642.0,1638.0,1640.0,97.4804,2022-10-16 16:00:00
1665950400000,1641.0,1642.0,1639.0,1641.0,91.9685,2022-10-16 20:00:00
1665964800000,1641.0,1645.0,1639.0,1644.0,99.9508,2022-10-17 00:00:00
1665979200000,1644.0,1648.0,1639.0,1647.0,254.5877,2022-10-17 04:00:00
1665993600000,1647.0,1652.0,1644.0,1649.0,304.4765,2022-10-17 08:00:00
1666008000000,1649.0,1660.0,1649.0,1656.0,197.26,2022-10-17 12:00:00
1666022400000,1656.0,1659.0,1639.0,1641.0,175.3365,2022-10-17 16:00:00
1666036800000,1642.0,1647.0,1641.0,1645.0,77.5963,2022-10-17 20:00:00
1666051200000,1646.0,1647.0,1643.0,1645.0,64.9736,2022-10-18 00:00:00
1666065600000,1645.0,1652.0,1645.0,1648.0,87.4015,2022-10-18 04:00:00
1666080000000,1649.0,1650.0,1643.0,1646.0,100.0882,2022-10-18 08:00:00
1666094400000,1647.0,1648.0,1641.0,1643.0,131.5629,2022-10-18 12:00:00
1666108800000,1642.0,1645.0,1640.0,1644.0,100.0129,2022-10-18 16:00:00
1666123200000,1643.0,1647.0,1643.0,1645.0,31.1651,2022-10-18 20:00:00
1666137600000,1646.0,1647.0,1643.0,1643.0,34.3688,2022-10-19 00:00:00
1666152000000,1644.0,1646.0,1634.0,1638.0,149.0722,2022-10-19 04:00:00
1666166400000,1638.0,1638.0,1628.0,1628.0,109.7042,2022-10-19 08:00:00
1666180800000,1629.0,1632.0,1623.0,1626.0,304.9771,2022-10-19 12:00:00
1666195200000,1626.0,1626.0,1621.0,1622.0,91.1838,2022-10-19 16:00:00
1666209600000,1622.0,1624.0,1612.0,1620.0,173.0691,2022-10-19 20:00:00
1666224000000,1621.0,1622.0,1617.0,1619.0,99.0379,2022-10-20 00:00:00
1666238400000,1619.0,1627.0,1618.0,1625.0,63.6061,2022-10-20 04:00:00
1666252800000,1625.0,1630.0,1621.0,1630.0,131.9661,2022-10-20 08:00:00
1666267200000,1630.0,1638.0,1626.0,1635.0,142.3193,2022-10-20 12:00:00
1666281600000,1636.0,1636.0,1620.0,1621.0,143.5137,2022-10-20 16:00:00
1666296000000,1620.0,1621.0,1619.0,1620.0,40.4613,2022-10-20 20:00:00
1666310400000,1620.0,1622.0,1616.0,1617.0,48.7497,2022-10-21 00:00:00
1666324800000,1617.0,1622.0,1613.0,1620.0,197.326,2022-10-21 04:00:00
1666339200000,1620.0,1621.0,1614.0,1619.0,105.8544,2022-10-21 08:00:00
1666353600000,1620.0,1642.0,1610.0,1642.0,403.8447,2022-10-21 12:00:00
1666368000000,1641.0,1650.0,1641.0,1648.0,150.0406,2022-10-21 16:00:00
1666382400000,1649.0,1650.0,1647.0,1649.0,34.8695,2022-10-21 20:00:00
1666396800000,1649.0,1651.0,1648.0,1650.0,26.6184,2022-10-22 00:00:00
1666411200000,1649.0,1650.0,1648.0,1648.0,19.3241,2022-10-22 04:00:00
1666425600000,1649.0,1652.0,1648.0,1649.0,53.9471,2022-10-22 08:00:00
1666440000000,1650.0,1653.0,1649.0,1652.0,55.333,2022-10-22 12:00:00
1666454400000,1652.0,1653.0,1650.0,1651.0,35.6673,2022-10-22 16:00:00
1666468800000,1650.0,1651.0,1650.0,1651.0,14.5978,2022-10-22 20:00:00
1666483200000,1651.0,1653.0,1650.0,1653.0,11.1418,2022-10-23 00:00:00
1666497600000,1653.0,1655.0,1652.0,1652.0,42.0566,2022-10-23 04:00:00
1666512000000,1653.0,1653.0,1651.0,1653.0,36.9748,2022-10-23 08:00:00
1666526400000,1653.0,1653.0,1651.0,1652.0,35.2419,2022-10-23 12:00:00
1666540800000,1652.0,1654.0,1651.0,1653.0,115.7083,2022-10-23 16:00:00
1666555200000,1653.0,1662.0,1652.0,1657.0,273.0497,2022-10-23 20:00:00
1666569600000,1657.0,1657.0,1648.0,1648.0,70.1681,2022-10-24 00:00:00
1666584000000,1649.0,1651.0,1643.0,1643.0,130.4474,2022-10-24 04:00:00
1666598400000,1644.0,1645.0,1640.0,1645.0,82.97,2022-10-24 08:00:00
1666612800000,1644.0,1646.0,1638.0,1644.0,196.0841,2022-10-24 12:00:00
1666627200000,1644.0,1645.0,1643.0,1645.0,45.1343,2022-10-24 16:00:00
1666641600000,1645.0,1646.0,1643.0,1644.0,52.1043,2022-10-24 20:00:00
1666656000000,1645.0,1646.0,1642.0,1644.0,32.8021,2022-10-25 00:00:00
1666670400000,1644.0,1646.0,1640.0,1640.0,37.0358,2022-10-25 04:00:00
1666684800000,1641.0,1642.0,1635.0,1638.0,112.1989,2022-10-25 08:00:00
1666699200000,1638.0,1655.0,1634.0,1653.0,281.5756,2022-10-25 12:00:00
1666713600000,1652.0,1659.0,1642.0,1648.0,904.845,2022-10-25 16:00:00
1666728000000,1648.0,1650.0,1640.0,1646.0,286.2592,2022-10-25 20:00:00
1666742400000,1645.0,1652.0,1644.0,1650.0,108.2816,2022-10-26 00:00:00
1666756800000,1651.0,1665.0,1646.0,1664.0,179.712,2022-10-26 04:00:00
1666771200000,1664.0,1671.0,1661.0,1663.0,344.4937,2022-10-26 08:00:00
1666785600000,1662.0,1668.0,1656.0,1659.0,373.7634,2022-10-26 12:00:00
1666800000000,1659.0,1662.0,1657.0,1659.0,174.799,2022-10-26 16:00:00
1666814400000,1658.0,1661.0,1656.0,1659.0,143.6455,2022-10-26 20:00:00
1666828800000,1660.0,1662.0,1655.0,1659.0,125.4378,2022-10-27 00:00:00
1666843200000,1659.0,1662.0,1655.0,1655.0,117.035,2022-10-27 04:00:00
1666857600000,1656.0,1658.0,1653.0,1655.0,110.0969,2022-10-27 08:00:00
1666872000000,1654.0,1659.0,1648.0,1654.0,422.7384,2022-10-27 12:00:00
1666886400000,1654.0,1656.0,1651.0,1653.0,99.9921,2022-10-27 16:00:00
1666900800000,1653.0,1660.0,1650.0,1654.0,309.0514,2022-10-27 20:00:00
1666915200000,1655.0,1658.0,1652.0,1655.0,80.6276,2022-10-28 00:00:00
1666929600000,1656.0,1656.0,1644.0,1644.0,127.5804,2022-10-28 04:00:00
1666944000000,1644.0,1646.0,1641.0,1644.0,77.7193,2022-10-28 08:00:00
1666958400000,1644.0,1647.0,1633.0,1634.0,369.5643,2022-10-28 12:00:00
1666972800000,1635.0,1642.0,1633.0,1637.0,200.9363,2022-10-28 16:00:00
1666987200000,1637.0,1639.0,1636.0,1638.0,47.2989,2022-10-28 20:00:00
1667001600000,1638.0,1643.0,1637.0,1641.0,102.6366,2022-10-29 00:00:00
1667016000000,1642.0,1642.0,1636.0,1638.0,75.1195,2022-10-29 04:00:00
1667030400000,1637.0,1643.0,1635.0,1636.0,284.001,2022-10-29 08:00:00
1667044800000,1636.0,1641.0,1635.0,1640.0,182.9764,2022-10-29 12:00:00
1667059200000,1640.0,1641.0,1634.0,1637.0,160.7202,2022-10-29 16:00:00
1667073600000,1638.0,1639.0,1636.0,1638.0,42.7033,2022-10-29 20:00:00
1667088000000,1638.0,1639.0,1637.0,1639.0,15.0042,2022-10-30 00:00:00
1667102400000,1638.0,1642.0,1637.0,1640.0,81.4878,2022-10-30 04:00:00
1667116800000,1641.0,1641.0,1635.0,1639.0,125.6852,2022-10-30 08:00:00
1667131200000,1639.0,1640.0,1636.0,1637.0,58.9884,2022-10-30 12:00:00
1667145600000,1638.0,1640.0,1636.0,1638.0,73.7252,2022-10-30 16:00:00
1667160000000,1639.0,1640.0,1636.0,1638.0,61.4708,2022-10-30 20:00:00
1667174400000,1638.0,1638.0,1633.0,1637.0,95.7232,2022-10-31 00:00:00
1667188800000,1637.0,1639.0,1634.0,1636.0,77.1837,2022-10-31 04:00:00
1667203200000,1636.0,1638.0,1631.0,1635.0,243.4297,2022-10-31 08:00:00
1667217600000,1636.0,1636.0,1627.0,1631.0,418.9849,2022-10-31 12:00:00
1667232000000,1633.0,1635.0,1627.0,1628.0,51.9397,2022-10-31 16:00:00
1667246400000,1628.0,1630.0,1622.0,1627.0,97.0989,2022-10-31 20:00:00
1667260800000,1628.0,1634.0,1626.0,1632.0,170.8998,2022-11-01 00:00:00
1667275200000,1633.0,1641.0,1631.0,1639.0,147.5606,2022-11-01 04:00:00
1667289600000,1639.0,1647.0,1638.0,1646.0,157.1719,2022-11-01 08:00:00
1667304000000,1647.0,1648.0,1637.0,1638.0,165.6361,2022-11-01 12:00:00
1667318400000,1639.0,1645.0,1633.0,1639.0,834.9507,2022-11-01 16:00:00
1667332800000,1640.0,1640.0,1637.0,1638.0,54.7344,2022-11-01 20:00:00
1667347200000,1639.0,1647.0,1638.0,1645.0,126.463,2022-11-02 00:00:00
1667361600000,1646.0,1646.0,1638.0,1643.0,405.017,2022-11-02 04:00:00
1667376000000,1644.0,1650.0,1641.0,1648.0,228.084,2022-11-02 08:00:00
1667390400000,1648.0,1650.0,1640.0,1641.0,183.2809,2022-11-02 12:00:00
1667404800000,1642.0,1661.0,1627.0,1631.0,836.0783,2022-11-02 16:00:00
1667419200000,1631.0,1631.0,1625.0,1628.0,269.9071,2022-11-02 20:00:00
1667433600000,1629.0,1637.0,1628.0,1633.0,141.8317,2022-11-03 00:00:00
1667448000000,1633.0,1634.0,1623.0,1624.0,150.9487,2022-11-03 04:00:00
1667462400000,1624.0,1624.0,1612.0,1616.0,375.5306,2022-11-03 08:00:00
1667476800000,1617.0,1624.0,1614.0,1623.0,338.4709,2022-11-03 12:00:00
1667491200000,1622.0,1628.0,1622.0,1628.0,79.0204,2022-11-03 16:00:00
1667505600000,1628.0,1629.0,1624.0,1626.0,71.3921,2022-11-03 20:00:00
1667520000000,1627.0,1632.0,1623.0,1632.0,122.7536,2022-11-04 00:00:00
1667534400000,1632.0,1644.0,1631.0,1638.0,310.5477,2022-11-04 04:00:00
1667548800000,1638.0,1645.0,1637.0,1642.0,194.7296,2022-11-04 08:00:00
1667563200000,1643.0,1668.0,1638.0,1661.0,870.9759,2022-11-04 12:00:00
1667577600000,1661.0,1673.0,1658.0,1672.0,253.951,2022-11-04 16:00:00
1667592000000,1673.0,1673.0,1668.0,1671.0,112.4796,2022-11-04 20:00:00
1667606400000,1672.0,1674.0,1669.0,1672.0,117.8058,2022-11-05 00:00:00
1667620800000,1672.0,1672.0,1664.0,1672.0,114.5074,2022-11-05 04:00:00
1667635200000,1672.0,1672.0,1664.0,1670.0,191.1665,2022-11-05 08:00:00
1667649600000,1671.0,1673.0,1670.0,1671.0,138.5288,2022-11-05 12:00:00
1667664000000,1672.0,1673.0,1670.0,1671.0,72.2417,2022-11-05 16:00:00
1667678400000,1672.0,1673.0,1671.0,1671.0,39.556,2022-11-05 20:00:00
1667692800000,1672.0,1672.0,1662.0,1672.0,120.7216,2022-11-06 00:00:00
1667707200000,1672.0,1673.0,1670.0,1673.0,95.9551,2022-11-06 04:00:00
1667721600000,1673.0,1673.0,1671.0,1672.0,90.8787,2022-11-06 08:00:00
1667736000000,1672.0,1674.0,1671.0,1673.0,69.7516,2022-11-06 12:00:00
1667750400000,1673.0,1674.0,1670.0,1672.0,139.9769,2022-11-06 16:00:00
1667764800000,1672.0,1674.0,1663.0,1665.0,356.4581,2022-11-06 20:00:00
1667779200000,1664.0,1667.0,1663.0,1665.0,162.9328,2022-11-07 00:00:00
1667793600000,1665.0,1666.0,1654.0,1658.0,247.9153,2022-11-07 04:00:00
1667808000000,1658.0,1673.0,1656.0,1670.0,313.8012,2022-11-07 08:00:00
1667822400000,1670.0,1673.0,1667.0,1672.0,248.2775,2022-11-07 12:00:00
1667836800000,1671.0,1673.0,1669.0,1670.0,169.2085,2022-11-07 16:00:00
1667851200000,1669.0,1670.0,1659.0,1666.0,212.7627,2022-11-07 20:00:00
1667865600000,1666.0,1668.0,1662.0,1662.0,332.3325,2022-11-08 00:00:00
1667880000000,1662.0,1664.0,1658.0,1662.0,567.927,2022-11-08 04:00:00
1667894400000,1663.0,1665.0,1657.0,1664.0,235.4256,2022-11-08 08:00:00
1667908800000,1665.0,1705.0,1662.0,1705.0,939.8847,2022-11-08 12:00:00
1667923200000,1705.0,1714.0,1690.0,1701.0,3340.6348,2022-11-08 16:00:00
1667937600000,1700.0,1706.0,1685.0,1702.0,1331.8771,2022-11-08 20:00:00
1667952000000,1701.0,1706.0,1692.0,1704.0,507.3958,2022-11-09 00:00:00
1667966400000,1704.0,1705.0,1697.0,1702.0,1754.0164,2022-11-09 04:00:00
1667980800000,1702.0,1710.0,1691.0,1703.0,3078.8146,2022-11-09 08:00:00
1667995200000,1703.0,1717.0,1690.0,1700.0,2347.2382,2022-11-09 12:00:00
1668009600000,1702.0,1715.0,1682.0,1696.0,1468.5151,2022-11-09 16:00:00
1668024000000,1696.0,1708.0,1675.0,1697.0,1502.2947,2022-11-09 20:00:00
1668038400000,1699.0,1709.0,1690.0,1705.0,851.5739,2022-11-10 00:00:00
1668052800000,1704.0,1728.0,1700.0,1705.0,1533.2455,2022-11-10 04:00:00
1668067200000,1705.0,1719.0,1702.0,1718.0,877.4388,2022-11-10 08:00:00
1668081600000,1719.0,1757.0,1714.0,1749.0,3821.2986,2022-11-10 12:00:00
1668096000000,1749.0,1756.0,1732.0,1754.0,1174.67,2022-11-10 16:00:00
1668110400000,1755.0,1758.0,1742.0,1747.0,669.9148,2022-11-10 20:00:00
1668124800000,1748.0,1755.0,1741.0,1754.0,514.5427,2022-11-11 00:00:00
1668139200000,1755.0,1763.0,1748.0,1760.0,409.8909,2022-11-11 04:00:00
1668153600000,1760.0,1764.0,1755.0,1760.0,824.8412,2022-11-11 08:00:00
1668168000000,1760.0,1766.0,1750.0,1760.0,1488.2326,2022-11-11 12:00:00
1668182400000,1761.0,1768.0,1733.0,1766.0,1185.2364,2022-11-11 16:00:00
1668196800000,1766.0,1786.0,1763.0,1779.0,755.1043,2022-11-11 20:00:00
1668211200000,1780.0,1780.0,1762.0,1764.0,276.8013,2022-11-12 00:00:00
1668225600000,1765.0,1765.0,1718.0,1728.0,2231.2075,2022-11-12 04:00:00
1668240000000,1728.0,1752.0,1727.0,1732.0,1232.7126,2022-11-12 08:00:00
1668254400000,1731.0,1736.0,1698.0,1734.0,10838.7534,2022-11-12 12:00:00
1668268800000,1733.0,1742.0,1725.0,1738.0,1420.2881,2022-11-12 16:00:00
1668283200000,1739.0,1739.0,1733.0,1734.0,199.7442,2022-11-12 20:00:00
1668297600000,1734.0,1735.0,1731.0,1732.0,396.6661,2022-11-13 00:00:00
1668312000000,1732.0,1735.0,1728.0,1728.0,411.077,2022-11-13 04:00:00
1668326400000,1728.0,1740.0,1723.0,1739.0,471.55,2022-11-13 08:00:00
1668340800000,1739.0,1740.0,1735.0,1738.0,338.6679,2022-11-13 12:00:00
1668355200000,1738.0,1746.0,1735.0,1745.0,497.2768,2022-11-13 16:00:00
1668369600000,1746.0,1750.0,1736.0,1741.0,981.1798,2022-11-13 20:00:00
1668384000000,1741.0,1744.0,1720.0,1743.0,1842.8704,2022-11-14 00:00:00
1668398400000,1743.0,1744.0,1725.0,1736.0,1240.4165,2022-11-14 04:00:00
1668412800000,1737.0,1739.0,1718.0,1722.0,3826.229,2022-11-14 08:00:00
1668427200000,1723.0,1745.0,1720.0,1744.0,1335.2695,2022-11-14 12:00:00
1668441600000,1744.0,1767.0,1743.0,1762.0,2652.8892,2022-11-14 16:00:00
1668456000000,1762.0,1765.0,1730.0,1747.0,471.337,2022-11-14 20:00:00
1668470400000,1747.0,1761.0,1724.0,1748.0,1051.6214,2022-11-15 00:00:00
1668484800000,1747.0,1758.0,1746.0,1757.0,303.8647,2022-11-15 04:00:00
1668499200000,1758.0,1765.0,1739.0,1763.0,689.5453,2022-11-15 08:00:00
1668513600000,1763.0,1766.0,1755.0,1758.0,878.1189,2022-11-15 12:00:00
1668528000000,1757.0,1775.0,1755.0,1774.0,1245.0071,2022-11-15 16:00:00
1668542400000,1774.0,1783.0,1764.0,1774.0,723.974,2022-11-15 20:00:00
1668556800000,1774.0,1777.0,1765.0,1769.0,255.6797,2022-11-16 00:00:00
1668571200000,1769.0,1770.0,1758.0,1759.0,170.1484,2022-11-16 04:00:00
1668585600000,1760.0,1770.0,1758.0,1767.0,443.3621,2022-11-16 08:00:00
1668600000000,1767.0,1772.0,1766.0,1769.0,372.9322,2022-11-16 12:00:00
1668614400000,1768.0,1772.0,1760.0,1764.0,372.1188,2022-11-16 16:00:00
1668628800000,1763.0,1767.0,1759.0,1766.0,273.3557,2022-11-16 20:00:00
1668643200000,1766.0,1767.0,1761.0,1762.0,164.1353,2022-11-17 00:00:00
1668657600000,1762.0,1765.0,1751.0,1765.0,234.793,2022-11-17 04:00:00
1668672000000,1765.0,1765.0,1749.0,1756.0,631.3925,2022-11-17 08:00:00
1668686400000,1755.0,1759.0,1747.0,1751.0,794.4346,2022-11-17 12:00:00
1668700800000,1751.0,1759.0,1740.0,1757.0,2306.4762,2022-11-17 16:00:00
1668715200000,1757.0,1778.0,1743.0,1757.0,869.8257,2022-11-17 20:00:00
1668729600000,1757.0,1760.0,1748.0,1756.0,217.478,2022-11-18 00:00:00
1668744000000,1756.0,1759.0,1755.0,1758.0,119.9497,2022-11-18 04:00:00
1668758400000,1758.0,1760.0,1755.0,1758.0,141.7057,2022-11-18 08:00:00
1668772800000,1759.0,1761.0,1748.0,1752.0,275.6143,2022-11-18 12:00:00
1668787200000,1753.0,1755.0,1740.0,1741.0,404.7563,2022-11-18 16:00:00
1668801600000,1740.0,1743.0,1737.0,1741.0,142.9902,2022-11-18 20:00:00
1668816000000,1741.0,1743.0,1741.0,1743.0,20.7987,2022-11-19 00:00:00
1668830400000,1742.0,1743.0,1739.0,1740.0,41.2969,2022-11-19 04:00:00
1668844800000,1740.0,1741.0,1739.0,1740.0,48.6226,2022-11-19 08:00:00
1668859200000,1739.0,1746.0,1739.0,1745.0,104.4467,2022-11-19 12:00:00
1668873600000,1745.0,1746.0,1743.0,1743.0,41.4883,2022-11-19 16:00:00
1668888000000,1743.0,1751.0,1743.0,1747.0,115.4322,2022-11-19 20:00:00
1668902400000,1747.0,1749.0,1746.0,1746.0,47.2524,2022-11-20 00:00:00
1668916800000,1747.0,1749.0,1744.0,1746.0,93.9397,2022-11-20 04:00:00
1668931200000,1745.0,1746.0,1738.0,1742.0,393.8498,2022-11-20 08:00:00
1668945600000,1743.0,1744.0,1737.0,1740.0,170.044,2022-11-20 12:00:00
1668960000000,1740.0,1746.0,1740.0,1744.0,82.5789,2022-11-20 16:00:00
1668974400000,1744.0,1750.0,1739.0,1749.0,332.0485,2022-11-20 20:00:00
1668988800000,1749.0,1752.0,1743.0,1748.0,226.0508,2022-11-21 00:00:00
1669003200000,1749.0,1751.0,1743.0,1744.0,129.7221,2022-11-21 04:00:00
1669017600000,1744.0,1745.0,1733.0,1736.0,316.9314,2022-11-21 08:00:00
1669032000000,1736.0,1737.0,1731.0,1733.0,320.7983,2022-11-21 12:00:00
1669046400000,1733.0,1752.0,1729.0,1735.0,1174.9975,2022-11-21 16:00:00
1669060800000,1734.0,1749.0,1731.0,1736.0,421.7005,2022-11-21 20:00:00
1669075200000,1737.0,1741.0,1733.0,1738.0,207.7278,2022-11-22 00:00:00
1669089600000,1738.0,1741.0,1737.0,1739.0,91.369,2022-11-22 04:00:00
1669104000000,1738.0,1743.0,1736.0,1742.0,113.0801,2022-11-22 08:00:00
1669118400000,1743.0,1748.0,1740.0,1740.0,726.1825,2022-11-22 12:00:00
1669132800000,1740.0,1741.0,1734.0,1736.0,201.0753,2022-11-22 16:00:00
1669147200000,1736.0,1737.0,1734.0,1737.0,47.8658,2022-11-22 20:00:00
1669161600000,1737.0,1741.0,1735.0,1736.0,196.8095,2022-11-23 00:00:00
1669176000000,1736.0,1738.0,1732.0,1738.0,118.5387,2022-11-23 04:00:00
1669190400000,1738.0,1739.0,1733.0,1735.0,142.3446,2022-11-23 08:00:00
1669204800000,1736.0,1741.0,1723.0,1736.0,439.2162,2022-11-23 12:00:00
1669219200000,1735.0,1745.0,1735.0,1744.0,200.5672,2022-11-23 16:00:00
1669233600000,1744.0,1745.0,1739.0,1744.0,138.6777,2022-11-23 20:00:00
1669248000000,1743.0,1748.0,1741.0,1746.0,255.0392,2022-11-24 00:00:00
1669262400000,1747.0,1748.0,1744.0,1747.0,96.9321,2022-11-24 04:00:00
1669276800000,1747.0,1749.0,1742.0,1748.0,181.2355,2022-11-24 08:00:00
1669291200000,1748.0,1750.0,1745.0,1749.0,120.6851,2022-11-24 12:00:00
1669305600000,1749.0,1750.0,1742.0,1745.0,113.1694,2022-11-24 16:00:00
1669320000000,1745.0,1747.0,1740.0,1747.0,171.4097,2022-11-24 20:00:00
1669334400000,1747.0,1750.0,1742.0,1749.0,96.2842,2022-11-25 00:00:00
1669348800000,1749.0,1752.0,1746.0,1748.0,171.9332,2022-11-25 04:00:00
1669363200000,1749.0,1752.0,1743.0,1748.0,172.4366,2022-11-25 08:00:00
1669377600000,1747.0,1754.0,1743.0,1748.0,178.35,2022-11-25 12:00:00
1669392000000,1748.0,1752.0,1744.0,1750.0,73.9424,2022-11-25 16:00:00
1669406400000,1751.0,1753.0,1749.0,1749.0,51.5726,2022-11-25 20:00:00
1669420800000,1749.0,1767.0,1749.0,1764.0,355.2888,2022-11-26 00:00:00
1669435200000,1765.0,1765.0,1757.0,1758.0,103.4805,2022-11-26 04:00:00
1669449600000,1758.0,1760.0,1755.0,1756.0,83.9519,2022-11-26 08:00:00
1669464000000,1756.0,1757.0,1751.0,1752.0,82.2153,2022-11-26 12:00:00
1669478400000,1752.0,1753.0,1751.0,1752.0,28.825,2022-11-26 16:00:00
1669492800000,1751.0,1752.0,1748.0,1748.0,40.8428,2022-11-26 20:00:00
1669507200000,1749.0,1753.0,1748.0,1753.0,31.1305,2022-11-27 00:00:00
1669521600000,1753.0,1754.0,1750.0,1752.0,42.0836,2022-11-27 04:00:00
1669536000000,1752.0,1754.0,1752.0,1753.0,38.6465,2022-11-27 08:00:00
1669550400000,1753.0,1755.0,1751.0,1751.0,53.6024,2022-11-27 12:00:00
1669564800000,1751.0,1753.0,1750.0,1752.0,41.6884,2022-11-27 16:00:00
1669579200000,1752.0,1755.0,1746.0,1747.0,147.8012,2022-11-27 20:00:00
1669593600000,1747.0,1750.0,1739.0,1741.0,254.5794,2022-11-28 00:00:00
1669608000000,1740.0,1745.0,1739.0,1743.0,65.0073,2022-11-28 04:00:00
1669622400000,1743.0,1755.0,1743.0,1753.0,345.544,2022-11-28 08:00:00
1669636800000,1753.0,1754.0,1742.0,1744.0,161.4563,2022-11-28 12:00:00
1669651200000,1743.0,1747.0,1739.0,1739.0,156.1811,2022-11-28 16:00:00
1669665600000,1739.0,1742.0,1737.0,1740.0,69.0665,2022-11-28 20:00:00
1669680000000,1740.0,1746.0,1739.0,1745.0,64.5393,2022-11-29 00:00:00
1669694400000,1746.0,1749.0,1742.0,1745.0,338.6837,2022-11-29 04:00:00
1669708800000,1745.0,1752.0,1739.0,1747.0,670.4024,2022-11-29 08:00:00
1669723200000,1747.0,1748.0,1729.0,1746.0,290.2529,2022-11-29 12:00:00
1669737600000,1747.0,1747.0,1738.0,1742.0,144.505,2022-11-29 16:00:00
1669752000000,1743.0,1746.0,1739.0,1741.0,96.5936,2022-11-29 20:00:00
1669766400000,1741.0,1750.0,1737.0,1744.0,221.458,2022-11-30 00:00:00
1669780800000,1744.0,1747.0,1744.0,1747.0,33.4521,2022-11-30 04:00:00
1669795200000,1747.0,1752.0,1740.0,1750.0,353.8209,2022-11-30 08:00:00
1669809600000,1751.0,1754.0,1745.0,1747.0,184.7231,2022-11-30 12:00:00
1669824000000,1747.0,1758.0,1739.0,1758.0,247.2063,2022-11-30 16:00:00
1669838400000,1757.0,1764.0,1755.0,1763.0,232.9402,2022-11-30 20:00:00
1669852800000,1763.0,1771.0,1762.0,1765.0,190.0891,2022-12-01 00:00:00
1669867200000,1765.0,1773.0,1765.0,1770.0,85.9901,2022-12-01 04:00:00
1669881600000,1771.0,1772.0,1767.0,1771.0,90.444,2022-12-01 08:00:00
1669896000000,1770.0,1793.0,1770.0,1790.0,714.1366,2022-12-01 12:00:00
1669910400000,1790.0,1794.0,1784.0,1793.0,234.7226,2022-12-01 16:00:00
1669924800000,1792.0,1793.0,1789.0,1791.0,67.8603,2022-12-01 20:00:00
1669939200000,1791.0,1794.0,1780.0,1787.0,177.389,2022-12-02 00:00:00
1669953600000,1787.0,1791.0,1784.0,1790.0,84.92,2022-12-02 04:00:00
1669968000000,1789.0,1792.0,1780.0,1788.0,234.9837,2022-12-02 08:00:00
1669982400000,1789.0,1791.0,1771.0,1776.0,185.3529,2022-12-02 12:00:00
1669996800000,1776.0,1788.0,1776.0,1786.0,151.882,2022-12-02 16:00:00
1670011200000,1786.0,1789.0,1783.0,1787.0,66.1995,2022-12-02 20:00:00
1670025600000,1786.0,1787.0,1775.0,1780.0,122.2897,2022-12-03 00:00:00
1670040000000,1780.0,1783.0,1779.0,1781.0,46.321,2022-12-03 04:00:00
1670054400000,1781.0,1783.0,1778.0,1783.0,39.369,2022-12-03 08:00:00
1670068800000,1784.0,1790.0,1782.0,1789.0,76.8943,2022-12-03 12:00:00
1670083200000,1788.0,1790.0,1783.0,1786.0,64.0649,2022-12-03 16:00:00
1670097600000,1786.0,1788.0,1783.0,1787.0,108.2273,2022-12-03 20:00:00
1670112000000,1787.0,1792.0,1787.0,1792.0,50.9238,2022-12-04 00:00:00
1670126400000,1792.0,1792.0,1790.0,1791.0,50.323,2022-12-04 04:00:00
1670140800000,1790.0,1793.0,1786.0,1792.0,84.231,2022-12-04 08:00:00
1670155200000,1792.0,1794.0,1789.0,1791.0,53.3884,2022-12-04 12:00:00
1670169600000,1791.0,1794.0,1790.0,1792.0,58.5259,2022-12-04 16:00:00
1670184000000,1793.0,1795.0,1789.0,1791.0,45.8541,2022-12-04 20:00:00
1670198400000,1790.0,1798.0,1788.0,1798.0,52.8747,2022-12-05 00:00:00
1670212800000,1798.0,1803.0,1793.0,1795.0,156.0047,2022-12-05 04:00:00
1670227200000,1794.0,1797.0,1793.0,1794.0,148.9775,2022-12-05 08:00:00
1670241600000,1793.0,1797.0,1775.0,1778.0,341.9055,2022-12-05 12:00:00
1670256000000,1778.0,1780.0,1767.0,1767.0,235.1676,2022-12-05 16:00:00
1670270400000,1767.0,1772.0,1767.0,1772.0,90.0794,2022-12-05 20:00:00
1670284800000,1772.0,1782.0,1772.0,1779.0,66.7191,2022-12-06 00:00:00
1670299200000,1779.0,1780.0,1775.0,1776.0,54.0891,2022-12-06 04:00:00
1670313600000,1777.0,1781.0,1775.0,1780.0,90.006,2022-12-06 08:00:00
1670328000000,1781.0,1783.0,1776.0,1776.0,49.2427,2022-12-06 12:00:00
1670342400000,1777.0,1779.0,1773.0,1774.0,56.9896,2022-12-06 16:00:00
1670356800000,1773.0,1778.0,1772.0,1774.0,77.0547,2022-12-06 20:00:00
1670371200000,1774.0,1777.0,1773.0,1774.0,58.7988,2022-12-07 00:00:00
1670385600000,1775.0,1777.0,1771.0,1773.0,110.6233,2022-12-07 04:00:00
1670400000000,1772.0,1780.0,1772.0,1777.0,156.1659,2022-12-07 08:00:00
1670414400000,1778.0,1788.0,1777.0,1781.0,269.5206,2022-12-07 12:00:00
1670428800000,1781.0,1789.0,1779.0,1789.0,115.5739,2022-12-07 16:00:00
1670443200000,1788.0,1790.0,1786.0,1788.0,126.7858,2022-12-07 20:00:00
1670457600000,1787.0,1789.0,1785.0,1786.0,32.8644,2022-12-08 00:00:00
1670472000000,1787.0,1787.0,1784.0,1786.0,32.0477,2022-12-08 04:00:00
1670486400000,1787.0,1787.0,1779.0,1783.0,116.3082,2022-12-08 08:00:00
1670500800000,1783.0,1789.0,1783.0,1789.0,114.745,2022-12-08 12:00:00
1670515200000,1788.0,1789.0,1783.0,1789.0,80.968,2022-12-08 16:00:00
1670529600000,1788.0,1789.0,1786.0,1788.0,37.8946,2022-12-08 20:00:00
1670544000000,1788.0,1791.0,1787.0,1791.0,102.82,2022-12-09 00:00:00
1670558400000,1790.0,1791.0,1789.0,1789.0,115.2169,2022-12-09 04:00:00
1670572800000,1789.0,1798.0,1789.0,1793.0,241.4529,2022-12-09 08:00:00
1670587200000,1793.0,1799.0,1791.0,1793.0,143.7426,2022-12-09 12:00:00
1670601600000,1793.0,1802.0,1792.0,1796.0,238.5835,2022-12-09 16:00:00
1670616000000,1796.0,1798.0,1789.0,1794.0,181.6278,2022-12-09 20:00:00
1670630400000,1793.0,1800.0,1793.0,1798.0,51.8364,2022-12-10 00:00:00
1670644800000,1799.0,1799.0,1791.0,1792.0,122.3014,2022-12-10 04:00:00
1670659200000,1791.0,1797.0,1782.0,1790.0,408.8824,2022-12-10 08:00:00
1670673600000,1790.0,1792.0,1788.0,1792.0,55.8356,2022-12-10 12:00:00
1670688000000,1792.0,1793.0,1785.0,1791.0,214.352,2022-12-10 16:00:00
1670702400000,1792.0,1793.0,1789.0,1791.0,38.0693,2022-12-10 20:00:00
1670716800000,1791.0,1792.0,1789.0,1791.0,9.7708,2022-12-11 00:00:00
1670731200000,1792.0,1801.0,1791.0,1792.0,339.8903,2022-12-11 04:00:00
1670745600000,1792.0,1796.0,1791.0,1795.0,40.8844,2022-12-11 08:00:00
1670760000000,1795.0,1801.0,1794.0,1799.0,95.9543,2022-12-11 12:00:00
1670774400000,1800.0,1801.0,1790.0,1799.0,162.5987,2022-12-11 16:00:00
1670788800000,1799.0,1800.0,1794.0,1796.0,194.2837,2022-12-11 20:00:00
1670803200000,1797.0,1800.0,1789.0,1790.0,257.361,2022-12-12 00:00:00
1670817600000,1790.0,1790.0,1781.0,1787.0,245.9781,2022-12-12 04:00:00
1670832000000,1787.0,1791.0,1783.0,1791.0,119.492,2022-12-12 08:00:00
1670846400000,1790.0,1792.0,1784.0,1789.0,264.1527,2022-12-12 12:00:00
1670860800000,1789.0,1789.0,1774.0,1778.0,270.6726,2022-12-12 16:00:00
1670875200000,1778.0,1784.0,1777.0,1778.0,143.0659,2022-12-12 20:00:00
1670889600000,1778.0,1788.0,1776.0,1785.0,254.0624,2022-12-13 00:00:00
1670904000000,1785.0,1786.0,1778.0,1779.0,248.5743,2022-12-13 04:00:00
1670918400000,1780.0,1784.0,1778.0,1783.0,491.7947,2022-12-13 08:00:00
1670932800000,1783.0,1815.0,1773.0,1806.0,935.1829,2022-12-13 12:00:00
1670947200000,1806.0,1808.0,1800.0,1805.0,239.8046,2022-12-13 16:00:00
1670961600000,1805.0,1815.0,1801.0,1809.0,417.0803,2022-12-13 20:00:00
1670976000000,1810.0,1826.0,1809.0,1824.0,239.7098,2022-12-14 00:00:00
1670990400000,1823.0,1827.0,1815.0,1815.0,152.1089,2022-12-14 04:00:00
1671004800000,1816.0,1819.0,1799.0,1810.0,253.1301,2022-12-14 08:00:00
1671019200000,1810.0,1812.0,1803.0,1807.0,247.1862,2022-12-14 12:00:00
1671033600000,1808.0,1813.0,1798.0,1801.0,373.9979,2022-12-14 16:00:00
1671048000000,1800.0,1810.0,1800.0,1802.0,141.8036,2022-12-14 20:00:00
1671062400000,1803.0,1807.0,1791.0,1792.0,160.5574,2022-12-15 00:00:00
1671076800000,1792.0,1798.0,1786.0,1794.0,398.8637,2022-12-15 04:00:00
1671091200000,1794.0,1794.0,1781.0,1783.0,133.2043,2022-12-15 08:00:00
1671105600000,1782.0,1784.0,1775.0,1781.0,317.1057,2022-12-15 12:00:00
1671120000000,1780.0,1782.0,1773.0,1776.0,121.2217,2022-12-15 16:00:00
1671134400000,1776.0,1801.0,1773.0,1792.0,1030.2957,2022-12-15 20:00:00
1671148800000,1792.0,1793.0,1783.0,1789.0,74.2802,2022-12-16 00:00:00
1671163200000,1789.0,1792.0,1787.0,1787.0,17.5581,2022-12-16 04:00:00
1671177600000,1787.0,1789.0,1774.0,1786.0,346.1745,2022-12-16 08:00:00
1671192000000,1787.0,1795.0,1784.0,1793.0,155.8248,2022-12-16 12:00:00
1671206400000,1793.0,1802.0,1783.0,1798.0,395.2233,2022-12-16 16:00:00
1671220800000,1797.0,1807.0,1793.0,1801.0,405.4795,2022-12-16 20:00:00
1671235200000,1801.0,1809.0,1801.0,1808.0,155.9846,2022-12-17 00:00:00
1671249600000,1808.0,1810.0,1800.0,1802.0,118.3048,2022-12-17 04:00:00
1671264000000,1801.0,1805.0,1799.0,1802.0,77.8801,2022-12-17 08:00:00
1671278400000,1802.0,1805.0,1799.0,1800.0,74.0723,2022-12-17 12:00:00
1671292800000,1799.0,1804.0,1799.0,1803.0,47.551,2022-12-17 16:00:00
1671307200000,1802.0,1806.0,1801.0,1802.0,55.9113,2022-12-17 20:00:00
1671321600000,1802.0,1805.0,1799.0,1805.0,46.9806,2022-12-18 00:00:00
1671336000000,1805.0,1806.0,1801.0,1802.0,29.6325,2022-12-18 04:00:00
1671350400000,1802.0,1803.0,1792.0,1796.0,239.0251,2022-12-18 08:00:00
1671364800000,1796.0,1798.0,1792.0,1795.0,96.3448,2022-12-18 12:00:00
1671379200000,1795.0,1797.0,1795.0,1796.0,18.6324,2022-12-18 16:00:00
1671393600000,1796.0,1799.0,1795.0,1799.0,58.0931,2022-12-18 20:00:00
1671408000000,1797.0,1800.0,1795.0,1797.0,52.0181,2022-12-19 00:00:00
1671422400000,1797.0,1798.0,1794.0,1794.0,28.3709,2022-12-19 04:00:00
1671436800000,1794.0,1805.0,1794.0,1803.0,130.1252,2022-12-19 08:00:00
1671451200000,1803.0,1805.0,1792.0,1793.0,130.2282,2022-12-19 12:00:00
1671465600000,1792.0,1797.0,1790.0,1795.0,129.7479,2022-12-19 16:00:00
1671480000000,1795.0,1799.0,1790.0,1798.0,123.9978,2022-12-19 20:00:00
1671494400000,1798.0,1800.0,1792.0,1796.0,207.7151,2022-12-20 00:00:00
1671508800000,1796.0,1797.0,1787.0,1793.0,136.8286,2022-12-20 04:00:00
1671523200000,1793.0,1809.0,1793.0,1807.0,140.4648,2022-12-20 08:00:00
1671537600000,1808.0,1817.0,1803.0,1813.0,289.9309,2022-12-20 12:00:00
1671552000000,1814.0,1818.0,1812.0,1816.0,157.8371,2022-12-20 16:00:00
1671566400000,1817.0,1817.0,1809.0,1813.0,105.9351,2022-12-20 20:00:00
1671580800000,1813.0,1815.0,1811.0,1812.0,45.3133,2022-12-21 00:00:00
1671595200000,1813.0,1813.0,1811.0,1811.0,10.3397,2022-12-21 04:00:00
1671609600000,1811.0,1815.0,1808.0,1809.0,64.0609,2022-12-21 08:00:00
1671624000000,1810.0,1820.0,1809.0,1818.0,173.8446,2022-12-21 12:00:00
1671638400000,1819.0,1820.0,1816.0,1818.0,96.9673,2022-12-21 16:00:00
1671652800000,1817.0,1818.0,1813.0,1815.0,37.6561,2022-12-21 20:00:00
1671667200000,1815.0,1817.0,1814.0,1817.0,45.6397,2022-12-22 00:00:00
1671681600000,1817.0,1824.0,1816.0,1818.0,59.0679,2022-12-22 04:00:00
1671696000000,1819.0,1823.0,1817.0,1819.0,90.091,2022-12-22 08:00:00
1671710400000,1819.0,1820.0,1799.0,1801.0,211.2308,2022-12-22 12:00:00
1671724800000,1801.0,1803.0,1791.0,1791.0,141.1716,2022-12-22 16:00:00
1671739200000,1791.0,1797.0,1790.0,1795.0,120.5525,2022-12-22 20:00:00
1671753600000,1794.0,1798.0,1794.0,1798.0,30.1472,2022-12-23 00:00:00
1671768000000,1798.0,1805.0,1796.0,1803.0,64.7353,2022-12-23 04:00:00
1671782400000,1804.0,1815.0,1801.0,1808.0,95.2914,2022-12-23 08:00:00
1671796800000,1808.0,1809.0,1801.0,1806.0,81.572,2022-12-23 12:00:00
1671811200000,1805.0,1808.0,1803.0,1804.0,23.2463,2022-12-23 16:00:00
1671825600000,1804.0,1807.0,1804.0,1806.0,22.9164,2022-12-23 20:00:00
1671840000000,1806.0,1808.0,1806.0,1806.0,9.0613,2022-12-24 00:00:00
1671854400000,1807.0,1808.0,1805.0,1806.0,8.7099,2022-12-24 04:00:00
1671868800000,1805.0,1808.0,1804.0,1806.0,22.7352,2022-12-24 08:00:00
1671883200000,1806.0,1806.0,1803.0,1804.0,12.979,2022-12-24 12:00:00
1671897600000,1803.0,1804.0,1801.0,1802.0,31.5547,2022-12-24 16:00:00
1671912000000,1803.0,1803.0,1800.0,1802.0,15.3139,2022-12-24 20:00:00
1671926400000,1802.0,1802.0,1799.0,1800.0,13.6403,2022-12-25 00:00:00
1671940800000,1801.0,1802.0,1800.0,1802.0,7.5086,2022-12-25 04:00:00
1671955200000,1802.0,1802.0,1796.0,1796.0,88.4595,2022-12-25 08:00:00
1671969600000,1797.0,1798.0,1793.0,1798.0,81.0397,2022-12-25 12:00:00
1671984000000,1798.0,1798.0,1794.0,1794.0,21.9088,2022-12-25 16:00:00
1671998400000,1795.0,1801.0,1794.0,1800.0,23.6585,2022-12-25 20:00:00
1672012800000,1800.0,1801.0,1795.0,1801.0,36.519,2022-12-26 00:00:00
1672027200000,1800.0,1801.0,1798.0,1799.0,17.5382,2022-12-26 04:00:00
1672041600000,1800.0,1800.0,1799.0,1800.0,23.6202,2022-12-26 08:00:00
1672056000000,1800.0,1801.0,1794.0,1798.0,54.0032,2022-12-26 12:00:00
1672070400000,1798.0,1803.0,1798.0,1801.0,37.6043,2022-12-26 16:00:00
1672084800000,1802.0,1803.0,1797.0,1800.0,51.4066,2022-12-26 20:00:00
1672099200000,1800.0,1804.0,1799.0,1804.0,24.5895,2022-12-27 00:00:00
1672113600000,1803.0,1807.0,1802.0,1807.0,43.3209,2022-12-27 04:00:00
1672128000000,1806.0,1810.0,1806.0,1809.0,68.034,2022-12-27 08:00:00
1672142400000,1808.0,1821.0,1806.0,1820.0,277.9548,2022-12-27 12:00:00
1672156800000,1821.0,1821.0,1813.0,1815.0,119.3995,2022-12-27 16:00:00
1672171200000,1815.0,1816.0,1813.0,1815.0,57.5687,2022-12-27 20:00:00
1672185600000,1814.0,1815.0,1811.0,1811.0,49.2262,2022-12-28 00:00:00
1672200000000,1812.0,1814.0,1810.0,1811.0,45.9251,2022-12-28 04:00:00
1672214400000,1812.0,1812.0,1804.0,1805.0,77.6946,2022-12-28 08:00:00
1672228800000,1804.0,1809.0,1804.0,1804.0,73.2485,2022-12-28 12:00:00
1672243200000,1804.0,1812.0,1802.0,1805.0,107.9603,2022-12-28 16:00:00
1672257600000,1806.0,1815.0,1802.0,1809.0,127.0436,2022-12-28 20:00:00
1672272000000,1810.0,1810.0,1804.0,1808.0,72.7588,2022-12-29 00:00:00
1672286400000,1808.0,1809.0,1806.0,1808.0,31.0177,2022-12-29 04:00:00
1672300800000,1809.0,1811.0,1802.0,1806.0,123.7509,2022-12-29 08:00:00
1672315200000,1806.0,1811.0,1804.0,1810.0,188.0152,2022-12-29 12:00:00
1672329600000,1810.0,1814.0,1804.0,1813.0,249.3201,2022-12-29 16:00:00
1672344000000,1813.0,1817.0,1813.0,1815.0,96.9927,2022-12-29 20:00:00
1672358400000,1815.0,1816.0,1806.0,1813.0,122.4705,2022-12-30 00:00:00
1672372800000,1814.0,1816.0,1812.0,1814.0,67.8699,2022-12-30 04:00:00
1672387200000,1814.0,1817.0,1813.0,1817.0,69.7693,2022-12-30 08:00:00
1672401600000,1816.0,1823.0,1816.0,1819.0,434.8803,2022-12-30 12:00:00
1672416000000,1818.0,1823.0,1816.0,1820.0,148.3832,2022-12-30 16:00:00
1672430400000,1821.0,1824.0,1819.0,1822.0,118.8541,2022-12-30 20:00:00
1672444800000,1821.0,1823.0,1821.0,1822.0,19.1022,2022-12-31 00:00:00
1672459200000,1823.0,1825.0,1821.0,1821.0,35.0899,2022-12-31 04:00:00
1672473600000,1822.0,1825.0,1819.0,1822.0,116.3225,2022-12-31 08:00:00
1672488000000,1822.0,1823.0,1819.0,1819.0,77.2736,2022-12-31 12:00:00
1672502400000,1820.0,1821.0,1817.0,1821.0,43.7426,2022-12-31 16:00:00
1672516800000,1821.0,1824.0,1820.0,1822.0,36.3721,2022-12-31 20:00:00
1672531200000,1822.0,1822.0,1820.0,1821.0,14.8278,2023-01-01 00:00:00
1672545600000,1821.0,1824.0,1820.0,1820.0,51.616,2023-01-01 04:00:00
1672560000000,1820.0,1821.0,1819.0,1819.0,20.4332,2023-01-01 08:00:00
1672574400000,1819.0,1821.0,1819.0,1821.0,32.0181,2023-01-01 12:00:00
1672588800000,1821.0,1822.0,1820.0,1821.0,30.4084,2023-01-01 16:00:00
1672603200000,1820.0,1825.0,1820.0,1824.0,93.5355,2023-01-01 20:00:00
1672617600000,1823.0,1826.0,1821.0,1825.0,118.6456,2023-01-02 00:00:00
1672632000000,1826.0,1830.0,1825.0,1830.0,233.7943,2023-01-02 04:00:00
1672646400000,1829.0,1830.0,1823.0,1826.0,96.5896,2023-01-02 08:00:00
1672660800000,1825.0,1826.0,1822.0,1823.0,122.5576,2023-01-02 12:00:00
1672675200000,1822.0,1826.0,1815.0,1822.0,139.1113,2023-01-02 16:00:00
1672689600000,1822.0,1825.0,1821.0,1823.0,55.1029,2023-01-02 20:00:00
1672704000000,1823.0,1843.0,1823.0,1842.0,376.1841,2023-01-03 00:00:00
1672718400000,1842.0,1844.0,1829.0,1840.0,470.3237,2023-01-03 04:00:00
1672732800000,1839.0,1840.0,1830.0,1832.0,195.0058,2023-01-03 08:00:00
1672747200000,1832.0,1839.0,1830.0,1831.0,266.7244,2023-01-03 12:00:00
1672761600000,1831.0,1842.0,1828.0,1839.0,272.2207,2023-01-03 16:00:00
1672776000000,1840.0,1844.0,1838.0,1841.0,83.8236,2023-01-03 20:00:00
1672790400000,1841.0,1845.0,1837.0,1843.0,87.0288,2023-01-04 00:00:00
1672804800000,1843.0,1852.0,1842.0,1851.0,237.3542,2023-01-04 04:00:00
1672819200000,1851.0,1866.0,1851.0,1861.0,177.0039,2023-01-04 08:00:00
1672833600000,1861.0,1868.0,1853.0,1853.0,279.9208,2023-01-04 12:00:00
1672848000000,1854.0,1857.0,1846.0,1850.0,134.3001,2023-01-04 16:00:00
1672862400000,1849.0,1855.0,1837.0,1852.0,174.0892,2023-01-04 20:00:00
1672876800000,1853.0,1856.0,1850.0,1852.0,118.0537,2023-01-05 00:00:00
1672891200000,1852.0,1855.0,1849.0,1850.0,77.3905,2023-01-05 04:00:00
1672905600000,1850.0,1850.0,1844.0,1848.0,114.2272,2023-01-05 08:00:00
1672920000000,1847.0,1849.0,1832.0,1834.0,260.5686,2023-01-05 12:00:00
1672934400000,1834.0,1839.0,1832.0,1837.0,85.7223,2023-01-05 16:00:00
1672948800000,1838.0,1838.0,1832.0,1835.0,66.96,2023-01-05 20:00:00
1672963200000,1834.0,1839.0,1832.0,1837.0,85.1498,2023-01-06 00:00:00
1672977600000,1838.0,1842.0,1836.0,1842.0,105.4226,2023-01-06 04:00:00
1672992000000,1841.0,1842.0,1837.0,1839.0,121.3085,2023-01-06 08:00:00
1673006400000,1838.0,1854.0,1830.0,1853.0,323.691,2023-01-06 12:00:00
1673020800000,1853.0,1856.0,1851.0,1854.0,135.7823,2023-01-06 16:00:00
1673035200000,1855.0,1858.0,1849.0,1853.0,250.8838,2023-01-06 20:00:00
1673049600000,1854.0,1856.0,1852.0,1856.0,38.5904,2023-01-07 00:00:00
1673064000000,1856.0,1858.0,1855.0,1857.0,19.4891,2023-01-07 04:00:00
1673078400000,1858.0,1858.0,1856.0,1858.0,57.1185,2023-01-07 08:00:00
1673092800000,1857.0,1861.0,1857.0,1860.0,154.4655,2023-01-07 12:00:00
1673107200000,1860.0,1861.0,1858.0,1861.0,120.3546,2023-01-07 16:00:00
1673121600000,1861.0,1861.0,1859.0,1860.0,58.1072,2023-01-07 20:00:00
1673136000000,1860.0,1862.0,1859.0,1862.0,34.351,2023-01-08 00:00:00
1673150400000,1862.0,1862.0,1857.0,1858.0,102.3043,2023-01-08 04:00:00
1673164800000,1858.0,1859.0,1855.0,1856.0,121.8638,2023-01-08 08:00:00
1673179200000,1856.0,1861.0,1855.0,1858.0,80.2596,2023-01-08 12:00:00
1673193600000,1858.0,1862.0,1857.0,1862.0,177.3691,2023-01-08 16:00:00
1673208000000,1862.0,1862.0,1858.0,1858.0,128.9153,2023-01-08 20:00:00
1673222400000,1858.0,1864.0,1858.0,1864.0,244.9828,2023-01-09 00:00:00
1673236800000,1864.0,1866.0,1863.0,1865.0,104.9009,2023-01-09 04:00:00
1673251200000,1864.0,1865.0,1856.0,1859.0,146.414,2023-01-09 08:00:00
1673265600000,1860.0,1866.0,1859.0,1861.0,299.1694,2023-01-09 12:00:00
1673280000000,1862.0,1866.0,1860.0,1862.0,185.4593,2023-01-09 16:00:00
1673294400000,1862.0,1868.0,1860.0,1862.0,155.351,2023-01-09 20:00:00
1673308800000,1861.0,1862.0,1860.0,1862.0,34.2466,2023-01-10 00:00:00
1673323200000,1862.0,1864.0,1860.0,1862.0,58.0321,2023-01-10 04:00:00
1673337600000,1862.0,1868.0,1861.0,1863.0,121.6616,2023-01-10 08:00:00
1673352000000,1863.0,1865.0,1862.0,1864.0,76.3547,2023-01-10 12:00:00
1673366400000,1865.0,1865.0,1859.0,1863.0,111.5386,2023-01-10 16:00:00
1673380800000,1863.0,1865.0,1861.0,1865.0,62.1879,2023-01-10 20:00:00
1673395200000,1864.0,1865.0,1863.0,1865.0,33.7745,2023-01-11 00:00:00
1673409600000,1865.0,1875.0,1864.0,1874.0,116.4651,2023-01-11 04:00:00
1673424000000,1874.0,1883.0,1873.0,1876.0,147.0071,2023-01-11 08:00:00
1673438400000,1876.0,1876.0,1867.0,1868.0,115.5399,2023-01-11 12:00:00
1673452800000,1868.0,1869.0,1860.0,1865.0,367.7774,2023-01-11 16:00:00
1673467200000,1866.0,1876.0,1863.0,1873.0,132.9277,2023-01-11 20:00:00
1673481600000,1873.0,1875.0,1866.0,1874.0,138.5705,2023-01-12 00:00:00
1673496000000,1874.0,1894.0,1872.0,1878.0,287.3806,2023-01-12 04:00:00
1673510400000,1877.0,1880.0,1873.0,1875.0,81.6022,2023-01-12 08:00:00
1673524800000,1875.0,1885.0,1858.0,1878.0,536.3426,2023-01-12 12:00:00
1673539200000,1878.0,1884.0,1877.0,1879.0,318.808,2023-01-12 16:00:00
1673553600000,1879.0,1885.0,1875.0,1884.0,204.8141,2023-01-12 20:00:00
1673568000000,1884.0,1896.0,1879.0,1889.0,257.2085,2023-01-13 00:00:00
1673582400000,1889.0,1893.0,1888.0,1890.0,121.892,2023-01-13 04:00:00
1673596800000,1890.0,1900.0,1889.0,1893.0,186.9677,2023-01-13 08:00:00
1673611200000,1894.0,1896.0,1885.0,1896.0,323.2807,2023-01-13 12:00:00
1673625600000,1896.0,1902.0,1895.0,1900.0,164.3603,2023-01-13 16:00:00
1673640000000,1900.0,1902.0,1894.0,1896.0,199.2103,2023-01-13 20:00:00
1673654400000,1895.0,1899.0,1886.0,1889.0,515.0807,2023-01-14 00:00:00
1673668800000,1888.0,1897.0,1885.0,1894.0,222.714,2023-01-14 04:00:00
1673683200000,1894.0,1899.0,1881.0,1886.0,564.4532,2023-01-14 08:00:00
1673697600000,1886.0,1902.0,1880.0,1893.0,442.0091,2023-01-14 12:00:00
1673712000000,1893.0,1896.0,1892.0,1894.0,74.1147,2023-01-14 16:00:00
1673726400000,1894.0,1894.0,1887.0,1889.0,108.9352,2023-01-14 20:00:00
1673740800000,1889.0,1900.0,1885.0,1890.0,199.3381,2023-01-15 00:00:00
1673755200000,1890.0,1892.0,1889.0,1890.0,32.0867,2023-01-15 04:00:00
1673769600000,1890.0,1892.0,1886.0,1891.0,124.9338,2023-01-15 08:00:00
1673784000000,1891.0,1894.0,1890.0,1893.0,98.5555,2023-01-15 12:00:00
1673798400000,1893.0,1900.0,1891.0,1896.0,255.2726,2023-01-15 16:00:00
1673812800000,1896.0,1902.0,1892.0,1901.0,138.2478,2023-01-15 20:00:00
1673827200000,1901.0,1906.0,1893.0,1894.0,226.2354,2023-01-16 00:00:00
1673841600000,1895.0,1900.0,1893.0,1895.0,104.9961,2023-01-16 04:00:00
1673856000000,1894.0,1895.0,1885.0,1891.0,218.7654,2023-01-16 08:00:00
1673870400000,1891.0,1896.0,1887.0,1892.0,93.2154,2023-01-16 12:00:00
1673884800000,1893.0,1895.0,1888.0,1891.0,122.3563,2023-01-16 16:00:00
1673899200000,1891.0,1894.0,1885.0,1887.0,76.2179,2023-01-16 20:00:00
1673913600000,1887.0,1890.0,1885.0,1886.0,176.9877,2023-01-17 00:00:00
1673928000000,1886.0,1892.0,1883.0,1888.0,110.7451,2023-01-17 04:00:00
1673942400000,1888.0,1892.0,1884.0,1890.0,57.1086,2023-01-17 08:00:00
1673956800000,1890.0,1894.0,1885.0,1887.0,151.6104,2023-01-17 12:00:00
1673971200000,1886.0,1896.0,1885.0,1895.0,228.9588,2023-01-17 16:00:00
1673985600000,1895.0,1896.0,1887.0,1889.0,70.8589,2023-01-17 20:00:00
1674000000000,1890.0,1891.0,1886.0,1888.0,27.3881,2023-01-18 00:00:00
1674014400000,1889.0,1889.0,1886.0,1888.0,34.2119,2023-01-18 04:00:00
1674028800000,1888.0,1894.0,1887.0,1894.0,107.272,2023-01-18 08:00:00
1674043200000,1894.0,1897.0,1886.0,1887.0,187.0553,2023-01-18 12:00:00
1674057600000,1887.0,1896.0,1885.0,1889.0,347.105,2023-01-18 16:00:00
1674072000000,1889.0,1895.0,1880.0,1888.0,105.572,2023-01-18 20:00:00
1674086400000,1888.0,1893.0,1881.0,1893.0,56.3445,2023-01-19 00:00:00
1674100800000,1893.0,1899.0,1890.0,1899.0,51.4436,2023-01-19 04:00:00
1674115200000,1899.0,1900.0,1894.0,1895.0,47.1215,2023-01-19 08:00:00
1674129600000,1895.0,1903.0,1892.0,1900.0,152.6728,2023-01-19 12:00:00
1674144000000,1900.0,1913.0,1892.0,1912.0,409.8962,2023-01-19 16:00:00
1674158400000,1912.0,1919.0,1911.0,1917.0,111.4079,2023-01-19 20:00:00
1674172800000,1917.0,1919.0,1907.0,1910.0,53.4885,2023-01-20 00:00:00
1674187200000,1909.0,1915.0,1902.0,1912.0,53.5369,2023-01-20 04:00:00
1674201600000,1912.0,1920.0,1904.0,1914.0,170.103,2023-01-20 08:00:00
1674216000000,1913.0,1917.0,1908.0,1911.0,133.1551,2023-01-20 12:00:00
1674230400000,1911.0,1922.0,1910.0,1918.0,180.0096,2023-01-20 16:00:00
1674244800000,1918.0,1922.0,1903.0,1906.0,270.8557,2023-01-20 20:00:00
1674259200000,1905.0,1912.0,1902.0,1911.0,104.1969,2023-01-21 00:00:00
1674273600000,1909.0,1912.0,1903.0,1907.0,51.8402,2023-01-21 04:00:00
1674288000000,1908.0,1911.0,1902.0,1908.0,176.3611,2023-01-21 08:00:00
1674302400000,1907.0,1911.0,1905.0,1906.0,55.4787,2023-01-21 12:00:00
1674316800000,1907.0,1911.0,1903.0,1907.0,64.0492,2023-01-21 16:00:00
1674331200000,1907.0,1911.0,1903.0,1905.0,84.9839,2023-01-21 20:00:00
1674345600000,1907.0,1914.0,1902.0,1908.0,148.7025,2023-01-22 00:00:00
1674360000000,1908.0,1912.0,1905.0,1906.0,25.8457,2023-01-22 04:00:00
1674374400000,1906.0,1910.0,1903.0,1906.0,34.9442,2023-01-22 08:00:00
1674388800000,1907.0,1910.0,1902.0,1906.0,98.0379,2023-01-22 12:00:00
1674403200000,1905.0,1912.0,1904.0,1906.0,124.0528,2023-01-22 16:00:00
1674417600000,1907.0,1914.0,1904.0,1907.0,113.5312,2023-01-22 20:00:00
1674432000000,1908.0,1915.0,1907.0,1914.0,70.6226,2023-01-23 00:00:00
1674446400000,1913.0,1915.0,1901.0,1907.0,89.1743,2023-01-23 04:00:00
1674460800000,1908.0,1913.0,1906.0,1910.0,71.2466,2023-01-23 08:00:00
1674475200000,1910.0,1912.0,1900.0,1904.0,240.374,2023-01-23 12:00:00
1674489600000,1903.0,1911.0,1900.0,1909.0,99.492,2023-01-23 16:00:00
1674504000000,1909.0,1913.0,1902.0,1909.0,67.8132,2023-01-23 20:00:00
1674518400000,1910.0,1912.0,1897.0,1905.0,308.5686,2023-01-24 00:00:00
1674532800000,1905.0,1911.0,1901.0,1910.0,88.9988,2023-01-24 04:00:00
1674547200000,1910.0,1912.0,1902.0,1906.0,158.9372,2023-01-24 08:00:00
1674561600000,1906.0,1912.0,1903.0,1910.0,233.948,2023-01-24 12:00:00
1674576000000,1909.0,1913.0,1904.0,1907.0,139.8594,2023-01-24 16:00:00
1674590400000,1907.0,1908.0,1900.0,1907.0,110.4674,2023-01-24 20:00:00
1674604800000,1907.0,1912.0,1902.0,1907.0,133.0371,2023-01-25 00:00:00
1674619200000,1907.0,1909.0,1900.0,1904.0,62.2933,2023-01-25 04:00:00
1674633600000,1904.0,1907.0,1901.0,1904.0,63.4579,2023-01-25 08:00:00
1674648000000,1904.0,1907.0,1900.0,1905.0,143.6734,2023-01-25 12:00:00
1674662400000,1904.0,1913.0,1902.0,1911.0,349.8764,2023-01-25 16:00:00
1674676800000,1911.0,1926.0,1910.0,1920.0,364.9579,2023-01-25 20:00:00
1674691200000,1922.0,1927.0,1918.0,1922.0,86.9104,2023-01-26 00:00:00
1674705600000,1922.0,1927.0,1919.0,1921.0,177.1688,2023-01-26 04:00:00
1674720000000,1921.0,1923.0,1917.0,1920.0,87.7752,2023-01-26 08:00:00
1674734400000,1920.0,1922.0,1911.0,1912.0,189.4537,2023-01-26 12:00:00
1674748800000,1912.0,1920.0,1911.0,1919.0,131.6318,2023-01-26 16:00:00
1674763200000,1919.0,1922.0,1917.0,1919.0,59.701,2023-01-26 20:00:00
1674777600000,1920.0,1921.0,1916.0,1918.0,96.5888,2023-01-27 00:00:00
1674792000000,1919.0,1920.0,1913.0,1916.0,97.371,2023-01-27 04:00:00
1674806400000,1915.0,1919.0,1914.0,1917.0,86.3261,2023-01-27 08:00:00
1674820800000,1917.0,1919.0,1914.0,1914.0,94.0427,2023-01-27 12:00:00
1674835200000,1915.0,1919.0,1914.0,1916.0,121.7709,2023-01-27 16:00:00
1674849600000,1917.0,1919.0,1914.0,1915.0,101.2462,2023-01-27 20:00:00
1674864000000,1915.0,1916.0,1914.0,1916.0,29.2823,2023-01-28 00:00:00
1674878400000,1915.0,1917.0,1913.0,1915.0,47.284,2023-01-28 04:00:00
1674892800000,1914.0,1919.0,1912.0,1917.0,51.1624,2023-01-28 08:00:00
1674907200000,1917.0,1917.0,1911.0,1914.0,67.6937,2023-01-28 12:00:00
1674921600000,1913.0,1916.0,1912.0,1915.0,19.102,2023-01-28 16:00:00
1674936000000,1915.0,1916.0,1911.0,1915.0,30.0028,2023-01-28 20:00:00
1674950400000,1915.0,1921.0,1910.0,1916.0,215.508,2023-01-29 00:00:00
1674964800000,1917.0,1917.0,1912.0,1915.0,46.661,2023-01-29 04:00:00
1674979200000,1914.0,1921.0,1912.0,1915.0,169.8103,2023-01-29 08:00:00
1674993600000,1915.0,1918.0,1911.0,1913.0,80.031,2023-01-29 12:00:00
1675008000000,1914.0,1914.0,1909.0,1913.0,100.7422,2023-01-29 16:00:00
1675022400000,1913.0,1915.0,1905.0,1914.0,172.7247,2023-01-29 20:00:00
1675036800000,1913.0,1914.0,1902.0,1907.0,112.9429,2023-01-30 00:00:00
1675051200000,1907.0,1914.0,1906.0,1908.0,58.8432,2023-01-30 04:00:00
1675065600000,1907.0,1911.0,1899.0,1901.0,174.7365,2023-01-30 08:00:00
1675080000000,1901.0,1904.0,1898.0,1902.0,163.159,2023-01-30 12:00:00
1675094400000,1901.0,1902.0,1891.0,1896.0,90.7271,2023-01-30 16:00:00
1675108800000,1896.0,1898.0,1890.0,1896.0,80.241,2023-01-30 20:00:00
1675123200000,1896.0,1897.0,1892.0,1894.0,17.3072,2023-01-31 00:00:00
1675137600000,1895.0,1896.0,1889.0,1891.0,57.8145,2023-01-31 04:00:00
1675152000000,1891.0,1892.0,1872.0,1875.0,206.3808,2023-01-31 08:00:00
1675166400000,1875.0,1894.0,1873.0,1892.0,268.2464,2023-01-31 12:00:00
1675180800000,1891.0,1905.0,1888.0,1904.0,318.7029,2023-01-31 16:00:00
1675195200000,1905.0,1906.0,1892.0,1898.0,117.6447,2023-01-31 20:00:00
1675209600000,1899.0,1906.0,1895.0,1899.0,53.2427,2023-02-01 00:00:00
1675224000000,1900.0,1902.0,1898.0,1899.0,29.8075,2023-02-01 04:00:00
1675238400000,1898.0,1900.0,1895.0,1900.0,33.4477,2023-02-01 08:00:00
1675252800000,1900.0,1910.0,1896.0,1902.0,172.5388,2023-02-01 12:00:00
1675267200000,1903.0,1918.0,1899.0,1910.0,329.1559,2023-02-01 16:00:00
1675281600000,1910.0,1919.0,1908.0,1916.0,392.4495,2023-02-01 20:00:00
1675296000000,1915.0,1922.0,1913.0,1920.0,205.0365,2023-02-02 00:00:00
1675310400000,1920.0,1922.0,1909.0,1915.0,169.629,2023-02-02 04:00:00
1675324800000,1915.0,1922.0,1915.0,1922.0,176.675,2023-02-02 08:00:00
1675339200000,1921.0,1924.0,1903.0,1910.0,489.7244,2023-02-02 12:00:00
1675353600000,1911.0,1913.0,1900.0,1901.0,306.4651,2023-02-02 16:00:00
1675368000000,1901.0,1906.0,1896.0,1906.0,224.9866,2023-02-02 20:00:00
1675382400000,1906.0,1907.0,1901.0,1904.0,54.2125,2023-02-03 00:00:00
1675396800000,1903.0,1904.0,1893.0,1898.0,107.9872,2023-02-03 04:00:00
1675411200000,1899.0,1899.0,1896.0,1899.0,52.4247,2023-02-03 08:00:00
1675425600000,1899.0,1907.0,1870.0,1878.0,629.6872,2023-02-03 12:00:00
1675440000000,1875.0,1882.0,1861.0,1867.0,303.3171,2023-02-03 16:00:00
1675454400000,1866.0,1874.0,1859.0,1869.0,315.2256,2023-02-03 20:00:00
1675468800000,1867.0,1873.0,1860.0,1861.0,110.1537,2023-02-04 00:00:00
1675483200000,1861.0,1865.0,1860.0,1862.0,152.2973,2023-02-04 04:00:00
1675497600000,1862.0,1865.0,1858.0,1860.0,164.0951,2023-02-04 08:00:00
1675512000000,1860.0,1864.0,1848.0,1861.0,300.4607,2023-02-04 12:00:00
1675526400000,1860.0,1864.0,1858.0,1862.0,139.4028,2023-02-04 16:00:00
1675540800000,1862.0,1865.0,1857.0,1859.0,82.6147,2023-02-04 20:00:00
1675555200000,1860.0,1861.0,1859.0,1859.0,41.6043,2023-02-05 00:00:00
1675569600000,1859.0,1862.0,1859.0,1860.0,33.9502,2023-02-05 04:00:00
1675584000000,1860.0,1860.0,1857.0,1859.0,77.1648,2023-02-05 08:00:00
1675598400000,1858.0,1859.0,1854.0,1858.0,201.2138,2023-02-05 12:00:00
1675612800000,1857.0,1859.0,1854.0,1857.0,108.7694,2023-02-05 16:00:00
1675627200000,1856.0,1859.0,1853.0,1857.0,207.5913,2023-02-05 20:00:00
1675641600000,1857.0,1866.0,1857.0,1862.0,114.4584,2023-02-06 00:00:00
1675656000000,1863.0,1867.0,1860.0,1865.0,106.6982,2023-02-06 04:00:00
1675670400000,1865.0,1872.0,1865.0,1869.0,133.2841,2023-02-06 08:00:00
1675684800000,1869.0,1871.0,1863.0,1866.0,107.5482,2023-02-06 12:00:00
1675699200000,1866.0,1866.0,1860.0,1862.0,95.2229,2023-02-06 16:00:00
1675713600000,1862.0,1874.0,1858.0,1868.0,142.8045,2023-02-06 20:00:00
1675728000000,1868.0,1875.0,1863.0,1872.0,190.591,2023-02-07 00:00:00
1675742400000,1871.0,1875.0,1869.0,1869.0,31.7101,2023-02-07 04:00:00
1675756800000,1869.0,1871.0,1859.0,1860.0,119.6384,2023-02-07 08:00:00
1675771200000,1860.0,1862.0,1854.0,1860.0,237.0395,2023-02-07 12:00:00
1675785600000,1861.0,1870.0,1859.0,1862.0,251.2089,2023-02-07 16:00:00
1675800000000,1862.0,1864.0,1855.0,1861.0,201.3443,2023-02-07 20:00:00
1675814400000,1861.0,1864.0,1858.0,1861.0,120.9993,2023-02-08 00:00:00
1675828800000,1861.0,1863.0,1856.0,1863.0,118.626,2023-02-08 04:00:00
1675843200000,1863.0,1867.0,1861.0,1865.0,109.5803,2023-02-08 08:00:00
1675857600000,1865.0,1866.0,1855.0,1856.0,124.7726,2023-02-08 12:00:00
1675872000000,1857.0,1859.0,1851.0,1858.0,128.8022,2023-02-08 16:00:00
1675886400000,1858.0,1863.0,1857.0,1860.0,74.7397,2023-02-08 20:00:00
1675900800000,1863.0,1868.0,1862.0,1866.0,167.8306,2023-02-09 00:00:00
1675915200000,1866.0,1866.0,1859.0,1864.0,112.6972,2023-02-09 04:00:00
1675929600000,1864.0,1870.0,1859.0,1869.0,208.8205,2023-02-09 08:00:00
1675944000000,1869.0,1871.0,1864.0,1865.0,114.7534,2023-02-09 12:00:00
1675958400000,1865.0,1865.0,1850.0,1854.0,201.4621,2023-02-09 16:00:00
1675972800000,1854.0,1854.0,1842.0,1845.0,347.8419,2023-02-09 20:00:00
1675987200000,1845.0,1847.0,1838.0,1840.0,170.0326,2023-02-10 00:00:00
1676001600000,1839.0,1842.0,1832.0,1837.0,238.0013,2023-02-10 04:00:00
1676016000000,1838.0,1846.0,1833.0,1835.0,174.0304,2023-02-10 08:00:00
1676030400000,1836.0,1846.0,1832.0,1835.0,198.7229,2023-02-10 12:00:00
1676044800000,1834.0,1841.0,1822.0,1832.0,289.1164,2023-02-10 16:00:00
1676059200000,1832.0,1833.0,1810.0,1825.0,196.1804,2023-02-10 20:00:00
1676073600000,1825.0,1828.0,1823.0,1824.0,74.944,2023-02-11 00:00:00
1676088000000,1824.0,1825.0,1821.0,1822.0,56.5633,2023-02-11 04:00:00
1676102400000,1823.0,1824.0,1820.0,1823.0,69.3161,2023-02-11 08:00:00
1676116800000,1823.0,1830.0,1816.0,1827.0,187.0559,2023-02-11 12:00:00
1676131200000,1827.0,1830.0,1825.0,1829.0,134.5813,2023-02-11 16:00:00
1676145600000,1828.0,1836.0,1828.0,1831.0,70.5155,2023-02-11 20:00:00
1676160000000,1830.0,1832.0,1821.0,1823.0,91.3876,2023-02-12 00:00:00
1676174400000,1824.0,1827.0,1822.0,1824.0,44.1077,2023-02-12 04:00:00
1676188800000,1825.0,1827.0,1822.0,1826.0,21.4501,2023-02-12 08:00:00
1676203200000,1825.0,1828.0,1822.0,1825.0,55.5247,2023-02-12 12:00:00
1676217600000,1825.0,1833.0,1821.0,1827.0,76.3665,2023-02-12 16:00:00
1676232000000,1826.0,1829.0,1821.0,1827.0,75.0167,2023-02-12 20:00:00
1676246400000,1827.0,1831.0,1814.0,1826.0,131.4024,2023-02-13 00:00:00
1676260800000,1827.0,1827.0,1806.0,1813.0,146.5644,2023-02-13 04:00:00
1676275200000,1815.0,1816.0,1716.0,1789.0,3884.8393,2023-02-13 08:00:00
1676289600000,1788.0,1830.0,1782.0,1824.0,2825.4572,2023-02-13 12:00:00
1676304000000,1824.0,1830.0,1810.0,1815.0,1496.7193,2023-02-13 16:00:00
1676318400000,1813.0,1814.0,1786.0,1808.0,383.6572,2023-02-13 20:00:00
1676332800000,1807.0,1840.0,1803.0,1820.0,1460.8399,2023-02-14 00:00:00
1676347200000,1820.0,1849.0,1806.0,1844.0,1170.4688,2023-02-14 04:00:00
1676361600000,1844.0,1847.0,1838.0,1840.0,468.5453,2023-02-14 08:00:00
1676376000000,1841.0,1850.0,1825.0,1832.0,721.8675,2023-02-14 12:00:00
1676390400000,1834.0,1846.0,1820.0,1835.0,353.392,2023-02-14 16:00:00
1676404800000,1836.0,1838.0,1826.0,1834.0,54.7779,2023-02-14 20:00:00
1676419200000,1834.0,1838.0,1831.0,1832.0,26.4559,2023-02-15 00:00:00
1676433600000,1832.0,1842.0,1823.0,1823.0,86.774,2023-02-15 04:00:00
1676448000000,1822.0,1828.0,1815.0,1821.0,221.9552,2023-02-15 08:00:00
1676462400000,1822.0,1829.0,1811.0,1815.0,157.5565,2023-02-15 12:00:00
1676476800000,1816.0,1828.0,1813.0,1824.0,114.0477,2023-02-15 16:00:00
1676491200000,1824.0,1831.0,1820.0,1826.0,268.4599,2023-02-15 20:00:00
1676505600000,1826.0,1830.0,1822.0,1828.0,153.1419,2023-02-16 00:00:00
1676520000000,1827.0,1828.0,1818.0,1825.0,207.5668,2023-02-16 04:00:00
1676534400000,1825.0,1828.0,1821.0,1822.0,175.002,2023-02-16 08:00:00
1676548800000,1822.0,1823.0,1811.0,1821.0,237.6818,2023-02-16 12:00:00
1676563200000,1822.0,1836.0,1813.0,1828.0,716.3739,2023-02-16 16:00:00
1676577600000,1829.0,1830.0,1818.0,1821.0,227.0257,2023-02-16 20:00:00
1676592000000,1821.0,1822.0,1816.0,1819.0,135.3821,2023-02-17 00:00:00
1676606400000,1819.0,1819.0,1800.0,1806.0,223.2871,2023-02-17 04:00:00
1676620800000,1807.0,1808.0,1800.0,1805.0,182.9234,2023-02-17 08:00:00
1676635200000,1805.0,1815.0,1804.0,1814.0,203.3865,2023-02-17 12:00:00
1676649600000,1814.0,1830.0,1810.0,1825.0,332.8057,2023-02-17 16:00:00
1676664000000,1825.0,1827.0,1812.0,1815.0,243.4657,2023-02-17 20:00:00
1676678400000,1816.0,1817.0,1809.0,1816.0,192.631,2023-02-18 00:00:00
1676692800000,1816.0,1819.0,1815.0,1818.0,40.4714,2023-02-18 04:00:00
1676707200000,1819.0,1824.0,1818.0,1821.0,57.8491,2023-02-18 08:00:00
1676721600000,1821.0,1826.0,1820.0,1823.0,95.0821,2023-02-18 12:00:00
1676736000000,1822.0,1825.0,1822.0,1823.0,37.3261,2023-02-18 16:00:00
1676750400000,1822.0,1823.0,1822.0,1823.0,30.4702,2023-02-18 20:00:00
1676764800000,1823.0,1824.0,1822.0,1824.0,22.1781,2023-02-19 00:00:00
1676779200000,1824.0,1825.0,1822.0,1822.0,22.0213,2023-02-19 04:00:00
1676793600000,1822.0,1823.0,1820.0,1822.0,77.6097,2023-02-19 08:00:00
1676808000000,1821.0,1826.0,1821.0,1823.0,128.2086,2023-02-19 12:00:00
1676822400000,1824.0,1825.0,1817.0,1823.0,147.955,2023-02-19 16:00:00
1676836800000,1822.0,1824.0,1820.0,1822.0,76.0466,2023-02-19 20:00:00
1676851200000,1821.0,1826.0,1819.0,1825.0,161.8281,2023-02-20 00:00:00
1676865600000,1824.0,1825.0,1822.0,1824.0,57.6014,2023-02-20 04:00:00
1676880000000,1825.0,1828.0,1816.0,1821.0,199.3722,2023-02-20 08:00:00
1676894400000,1822.0,1822.0,1815.0,1817.0,148.6341,2023-02-20 12:00:00
1676908800000,1818.0,1818.0,1811.0,1816.0,124.031,2023-02-20 16:00:00
1676923200000,1816.0,1816.0,1812.0,1816.0,45.2379,2023-02-20 20:00:00
1676937600000,1815.0,1816.0,1813.0,1814.0,51.7758,2023-02-21 00:00:00
1676952000000,1814.0,1816.0,1812.0,1814.0,53.6108,2023-02-21 04:00:00
1676966400000,1814.0,1815.0,1806.0,1810.0,188.9143,2023-02-21 08:00:00
1676980800000,1810.0,1817.0,1806.0,1817.0,159.7955,2023-02-21 12:00:00
1676995200000,1816.0,1818.0,1808.0,1813.0,114.4277,2023-02-21 16:00:00
1677009600000,1813.0,1815.0,1809.0,1812.0,92.9842,2023-02-21 20:00:00
1677024000000,1813.0,1817.0,1809.0,1817.0,108.08,2023-02-22 00:00:00
1677038400000,1817.0,1820.0,1813.0,1817.0,108.1925,2023-02-22 04:00:00
1677052800000,1818.0,1819.0,1814.0,1818.0,193.2525,2023-02-22 08:00:00
1677067200000,1817.0,1820.0,1810.0,1813.0,183.5443,2023-02-22 12:00:00
1677081600000,1813.0,1818.0,1807.0,1808.0,128.8717,2023-02-22 16:00:00
1677096000000,1808.0,1812.0,1807.0,1811.0,63.6807,2023-02-22 20:00:00
1677110400000,1811.0,1820.0,1811.0,1818.0,54.7893,2023-02-23 00:00:00
1677124800000,1817.0,1818.0,1813.0,1814.0,43.5747,2023-02-23 04:00:00
1677139200000,1815.0,1817.0,1807.0,1808.0,120.9016,2023-02-23 08:00:00
1677153600000,1808.0,1813.0,1807.0,1807.0,114.8345,2023-02-23 12:00:00
1677168000000,1807.0,1815.0,1806.0,1813.0,93.8406,2023-02-23 16:00:00
1677182400000,1812.0,1815.0,1810.0,1814.0,51.5592,2023-02-23 20:00:00
1677196800000,1814.0,1816.0,1808.0,1813.0,63.4637,2023-02-24 00:00:00
1677211200000,1812.0,1813.0,1806.0,1810.0,76.0187,2023-02-24 04:00:00
1677225600000,1810.0,1812.0,1807.0,1808.0,38.5064,2023-02-24 08:00:00
1677240000000,1808.0,1808.0,1797.0,1798.0,214.0916,2023-02-24 12:00:00
1677254400000,1797.0,1801.0,1791.0,1797.0,170.9573,2023-02-24 16:00:00
1677268800000,1797.0,1803.0,1797.0,1800.0,87.5242,2023-02-24 20:00:00
1677283200000,1800.0,1801.0,1797.0,1797.0,27.1998,2023-02-25 00:00:00
1677297600000,1798.0,1802.0,1796.0,1801.0,56.964,2023-02-25 04:00:00
1677312000000,1800.0,1800.0,1791.0,1795.0,68.1968,2023-02-25 08:00:00
1677326400000,1794.0,1797.0,1791.0,1794.0,65.0012,2023-02-25 12:00:00
1677340800000,1793.0,1794.0,1791.0,1792.0,33.3159,2023-02-25 16:00:00
1677355200000,1792.0,1795.0,1791.0,1793.0,64.6804,2023-02-25 20:00:00
1677369600000,1792.0,1795.0,1791.0,1794.0,36.756,2023-02-26 00:00:00
1677384000000,1794.0,1795.0,1793.0,1794.0,17.9506,2023-02-26 04:00:00
1677398400000,1793.0,1794.0,1791.0,1792.0,42.1027,2023-02-26 08:00:00
1677412800000,1793.0,1793.0,1791.0,1793.0,29.3761,2023-02-26 12:00:00
1677427200000,1793.0,1797.0,1792.0,1795.0,57.0614,2023-02-26 16:00:00
1677441600000,1796.0,1799.0,1792.0,1796.0,67.9827,2023-02-26 20:00:00
1677456000000,1796.0,1797.0,1792.0,1796.0,43.496,2023-02-27 00:00:00
1677470400000,1796.0,1797.0,1795.0,1796.0,40.0121,2023-02-27 04:00:00
1677484800000,1797.0,1801.0,1795.0,1801.0,60.932,2023-02-27 08:00:00
1677499200000,1801.0,1806.0,1798.0,1800.0,162.4009,2023-02-27 12:00:00
1677513600000,1801.0,1803.0,1796.0,1802.0,113.3572,2023-02-27 16:00:00
1677528000000,1802.0,1806.0,1801.0,1805.0,48.3749,2023-02-27 20:00:00
1677542400000,1804.0,1807.0,1804.0,1805.0,42.6065,2023-02-28 00:00:00
1677556800000,1804.0,1806.0,1796.0,1798.0,177.2163,2023-02-28 04:00:00
1677571200000,1799.0,1799.0,1793.0,1795.0,54.164,2023-02-28 08:00:00
1677585600000,1794.0,1816.0,1792.0,1814.0,213.4983,2023-02-28 12:00:00
1677600000000,1814.0,1815.0,1797.0,1810.0,512.9767,2023-02-28 16:00:00
1677614400000,1809.0,1812.0,1804.0,1809.0,285.1368,2023-02-28 20:00:00
1677628800000,1808.0,1813.0,1806.0,1812.0,54.3945,2023-03-01 00:00:00
1677643200000,1812.0,1822.0,1811.0,1820.0,97.1182,2023-03-01 04:00:00
1677657600000,1819.0,1822.0,1814.0,1818.0,158.4706,2023-03-01 08:00:00
1677672000000,1818.0,1824.0,1816.0,1821.0,152.2583,2023-03-01 12:00:00
1677686400000,1821.0,1828.0,1821.0,1826.0,171.9117,2023-03-01 16:00:00
1677700800000,1825.0,1828.0,1822.0,1823.0,107.0565,2023-03-01 20:00:00
1677715200000,1824.0,1828.0,1823.0,1825.0,67.1423,2023-03-02 00:00:00
1677729600000,1825.0,1826.0,1820.0,1821.0,42.7672,2023-03-02 04:00:00
1677744000000,1822.0,1822.0,1819.0,1821.0,41.5753,2023-03-02 08:00:00
1677758400000,1821.0,1825.0,1819.0,1822.0,101.0953,2023-03-02 12:00:00
1677772800000,1822.0,1825.0,1816.0,1819.0,180.211,2023-03-02 16:00:00
1677787200000,1819.0,1828.0,1819.0,1828.0,150.3912,2023-03-02 20:00:00
1677801600000,1827.0,1832.0,1819.0,1824.0,440.5732,2023-03-03 00:00:00
1677816000000,1823.0,1833.0,1822.0,1830.0,270.1393,2023-03-03 04:00:00
1677830400000,1830.0,1835.0,1827.0,1833.0,152.2651,2023-03-03 08:00:00
1677844800000,1833.0,1835.0,1826.0,1830.0,184.8564,2023-03-03 12:00:00
1677859200000,1830.0,1841.0,1825.0,1839.0,240.547,2023-03-03 16:00:00
1677873600000,1839.0,1847.0,1838.0,1842.0,211.0972,2023-03-03 20:00:00
1677888000000,1842.0,1849.0,1842.0,1847.0,137.7737,2023-03-04 00:00:00
1677902400000,1847.0,1848.0,1840.0,1841.0,50.0518,2023-03-04 04:00:00
1677916800000,1841.0,1843.0,1840.0,1841.0,47.7646,2023-03-04 08:00:00
1677931200000,1842.0,1848.0,1841.0,1848.0,74.0043,2023-03-04 12:00:00
1677945600000,1847.0,1851.0,1845.0,1845.0,141.1139,2023-03-04 16:00:00
1677960000000,1846.0,1851.0,1845.0,1851.0,111.8089,2023-03-04 20:00:00
1677974400000,1850.0,1859.0,1842.0,1855.0,183.6937,2023-03-05 00:00:00
1677988800000,1854.0,1861.0,1851.0,1857.0,67.5998,2023-03-05 04:00:00
1678003200000,1856.0,1863.0,1853.0,1855.0,67.8824,2023-03-05 08:00:00
1678017600000,1856.0,1856.0,1846.0,1850.0,61.7309,2023-03-05 12:00:00
1678032000000,1849.0,1853.0,1845.0,1848.0,62.7182,2023-03-05 16:00:00
1678046400000,1848.0,1849.0,1844.0,1846.0,73.018,2023-03-05 20:00:00
1678060800000,1846.0,1862.0,1843.0,1858.0,196.553,2023-03-06 00:00:00
1678075200000,1858.0,1860.0,1846.0,1854.0,145.6727,2023-03-06 04:00:00
1678089600000,1854.0,1859.0,1844.0,1845.0,145.939,2023-03-06 08:00:00
1678104000000,1845.0,1848.0,1834.0,1844.0,181.6746,2023-03-06 12:00:00
1678118400000,1844.0,1845.0,1836.0,1836.0,89.114,2023-03-06 16:00:00
1678132800000,1837.0,1837.0,1830.0,1832.0,79.186,2023-03-06 20:00:00
1678147200000,1832.0,1840.0,1831.0,1835.0,87.1791,2023-03-07 00:00:00
1678161600000,1835.0,1839.0,1835.0,1837.0,29.7213,2023-03-07 04:00:00
1678176000000,1837.0,1839.0,1831.0,1832.0,55.9818,2023-03-07 08:00:00
1678190400000,1832.0,1837.0,1816.0,1817.0,245.2065,2023-03-07 12:00:00
1678204800000,1817.0,1821.0,1808.0,1811.0,186.6594,2023-03-07 16:00:00
1678219200000,1811.0,1812.0,1801.0,1805.0,168.0578,2023-03-07 20:00:00
1678233600000,1804.0,1805.0,1797.0,1802.0,122.6252,2023-03-08 00:00:00
1678248000000,1802.0,1805.0,1800.0,1801.0,187.2567,2023-03-08 04:00:00
1678262400000,1802.0,1805.0,1801.0,1804.0,145.7936,2023-03-08 08:00:00
1678276800000,1804.0,1813.0,1801.0,1811.0,122.2425,2023-03-08 12:00:00
1678291200000,1810.0,1811.0,1799.0,1801.0,217.4207,2023-03-08 16:00:00
1678305600000,1801.0,1809.0,1800.0,1806.0,126.8379,2023-03-08 20:00:00
1678320000000,1806.0,1809.0,1804.0,1805.0,37.593,2023-03-09 00:00:00
1678334400000,1805.0,1809.0,1804.0,1807.0,40.8836,2023-03-09 04:00:00
1678348800000,1806.0,1810.0,1802.0,1808.0,111.5105,2023-03-09 08:00:00
1678363200000,1807.0,1819.0,1805.0,1815.0,165.6696,2023-03-09 12:00:00
1678377600000,1815.0,1820.0,1808.0,1812.0,347.5137,2023-03-09 16:00:00
1678392000000,1811.0,1815.0,1806.0,1810.0,326.2108,2023-03-09 20:00:00
1678406400000,1809.0,1817.0,1808.0,1813.0,157.6875,2023-03-10 00:00:00
1678420800000,1814.0,1817.0,1810.0,1816.0,140.9753,2023-03-10 04:00:00
1678435200000,1816.0,1822.0,1812.0,1818.0,308.7006,2023-03-10 08:00:00
1678449600000,1818.0,1855.0,1815.0,1847.0,760.8257,2023-03-10 12:00:00
1678464000000,1847.0,1861.0,1840.0,1854.0,651.6405,2023-03-10 16:00:00
1678478400000,1854.0,1874.0,1852.0,1860.0,640.1344,2023-03-10 20:00:00
1678492800000,1860.0,1901.0,1859.0,1889.0,1589.0439,2023-03-11 00:00:00
1678507200000,1888.0,1913.0,1866.0,1866.0,2328.0562,2023-03-11 04:00:00
1678521600000,1867.0,1935.0,1864.0,1916.0,2213.2398,2023-03-11 08:00:00
1678536000000,1916.0,1937.0,1889.0,1923.0,1395.6176,2023-03-11 12:00:00
1678550400000,1922.0,1931.0,1905.0,1913.0,1095.6263,2023-03-11 16:00:00
1678564800000,1913.0,1915.0,1877.0,1889.0,646.3497,2023-03-11 20:00:00
1678579200000,1887.0,1902.0,1884.0,1897.0,194.2556,2023-03-12 00:00:00
1678593600000,1896.0,1900.0,1876.0,1888.0,202.6931,2023-03-12 04:00:00
1678608000000,1888.0,1931.0,1881.0,1911.0,664.4595,2023-03-12 08:00:00
1678622400000,1911.0,1928.0,1901.0,1909.0,450.6563,2023-03-12 12:00:00
1678636800000,1909.0,1933.0,1894.0,1898.0,655.7571,2023-03-12 16:00:00
1678651200000,1898.0,1938.0,1892.0,1902.0,1125.7027,2023-03-12 20:00:00
1678665600000,1904.0,1926.0,1882.0,1914.0,850.8073,2023-03-13 00:00:00
1678680000000,1914.0,1920.0,1901.0,1903.0,369.2489,2023-03-13 04:00:00
1678694400000,1905.0,1923.0,1894.0,1915.0,694.7707,2023-03-13 08:00:00
1678708800000,1914.0,1929.0,1901.0,1916.0,1530.7978,2023-03-13 12:00:00
1678723200000,1918.0,1976.0,1910.0,1921.0,870.1577,2023-03-13 16:00:00
1678737600000,1920.0,1930.0,1911.0,1921.0,424.3742,2023-03-13 20:00:00
1678752000000,1922.0,1939.0,1910.0,1913.0,714.9414,2023-03-14 00:00:00
1678766400000,1913.0,1929.0,1907.0,1911.0,345.5385,2023-03-14 04:00:00
1678780800000,1911.0,1924.0,1906.0,1914.0,375.5814,2023-03-14 08:00:00
1678795200000,1912.0,1915.0,1891.0,1904.0,974.1549,2023-03-14 12:00:00
1678809600000,1904.0,1912.0,1893.0,1910.0,585.4447,2023-03-14 16:00:00
1678824000000,1910.0,1914.0,1897.0,1905.0,267.2086,2023-03-14 20:00:00
1678838400000,1904.0,1917.0,1900.0,1913.0,210.4559,2023-03-15 00:00:00
1678852800000,1912.0,1912.0,1901.0,1904.0,256.8145,2023-03-15 04:00:00
1678867200000,1904.0,1927.0,1892.0,1923.0,701.0389,2023-03-15 08:00:00
1678881600000,1923.0,1935.0,1900.0,1928.0,960.2192,2023-03-15 12:00:00
1678896000000,1929.0,1949.0,1925.0,1928.0,979.0933,2023-03-15 16:00:00
1678910400000,1927.0,1930.0,1916.0,1924.0,263.3903,2023-03-15 20:00:00
1678924800000,1924.0,1940.0,1912.0,1917.0,253.3119,2023-03-16 00:00:00
1678939200000,1918.0,1924.0,1917.0,1921.0,206.4354,2023-03-16 04:00:00
1678953600000,1921.0,1929.0,1916.0,1926.0,242.4262,2023-03-16 08:00:00
1678968000000,1925.0,1930.0,1909.0,1914.0,508.7027,2023-03-16 12:00:00
1678982400000,1913.0,1914.0,1903.0,1908.0,300.2734,2023-03-16 16:00:00
1678996800000,1908.0,1908.0,1902.0,1908.0,310.2654,2023-03-16 20:00:00
1679011200000,1908.0,1916.0,1900.0,1914.0,276.2254,2023-03-17 00:00:00
1679025600000,1914.0,1924.0,1911.0,1919.0,230.9573,2023-03-17 04:00:00
1679040000000,1918.0,1921.0,1905.0,1917.0,825.3556,2023-03-17 08:00:00
1679054400000,1917.0,1945.0,1914.0,1944.0,842.3616,2023-03-17 12:00:00
1679068800000,1944.0,2000.0,1936.0,1953.0,1373.8076,2023-03-17 16:00:00
1679083200000,1953.0,1962.0,1946.0,1960.0,433.3138,2023-03-17 20:00:00
1679097600000,1960.0,1965.0,1952.0,1963.0,476.3484,2023-03-18 00:00:00
1679112000000,1963.0,1963.0,1948.0,1961.0,264.0554,2023-03-18 04:00:00
1679126400000,1962.0,1964.0,1957.0,1960.0,198.5632,2023-03-18 08:00:00
1679140800000,1959.0,1964.0,1953.0,1958.0,325.2879,2023-03-18 12:00:00
1679155200000,1957.0,1962.0,1952.0,1957.0,299.9534,2023-03-18 16:00:00
1679169600000,1956.0,1963.0,1955.0,1962.0,163.5508,2023-03-18 20:00:00
1679184000000,1962.0,1965.0,1961.0,1965.0,173.6043,2023-03-19 00:00:00
1679198400000,1965.0,1969.0,1963.0,1964.0,187.001,2023-03-19 04:00:00
1679212800000,1965.0,1969.0,1962.0,1966.0,198.0131,2023-03-19 08:00:00
1679227200000,1967.0,1972.0,1962.0,1968.0,363.2872,2023-03-19 12:00:00
1679241600000,1967.0,1973.0,1964.0,1969.0,489.2396,2023-03-19 16:00:00
1679256000000,1968.0,1980.0,1963.0,1969.0,882.379,2023-03-19 20:00:00
1679270400000,1971.0,1980.0,1963.0,1971.0,293.5667,2023-03-20 00:00:00
1679284800000,1972.0,2013.0,1964.0,2005.0,774.3719,2023-03-20 04:00:00
1679299200000,2006.0,2017.0,1971.0,1990.0,634.6728,2023-03-20 08:00:00
1679313600000,1989.0,1996.0,1965.0,1969.0,406.2824,2023-03-20 12:00:00
1679328000000,1970.0,1981.0,1968.0,1975.0,261.5771,2023-03-20 16:00:00
1679342400000,1975.0,1990.0,1970.0,1981.0,243.9128,2023-03-20 20:00:00
1679356800000,1982.0,1988.0,1973.0,1986.0,132.3486,2023-03-21 00:00:00
1679371200000,1986.0,1987.0,1974.0,1976.0,99.428,2023-03-21 04:00:00
1679385600000,1976.0,1978.0,1954.0,1973.0,458.4577,2023-03-21 08:00:00
1679400000000,1973.0,1974.0,1952.0,1965.0,360.3321,2023-03-21 12:00:00
1679414400000,1964.0,1964.0,1941.0,1944.0,319.5536,2023-03-21 16:00:00
1679428800000,1944.0,1952.0,1931.0,1945.0,159.2283,2023-03-21 20:00:00
1679443200000,1944.0,1948.0,1940.0,1946.0,123.4683,2023-03-22 00:00:00
1679457600000,1946.0,1947.0,1938.0,1939.0,149.7719,2023-03-22 04:00:00
1679472000000,1939.0,1946.0,1938.0,1942.0,161.8114,2023-03-22 08:00:00
1679486400000,1943.0,1956.0,1938.0,1952.0,298.4605,2023-03-22 12:00:00
1679500800000,1953.0,1980.0,1940.0,1960.0,988.8691,2023-03-22 16:00:00
1679515200000,1962.0,1982.0,1958.0,1974.0,587.4077,2023-03-22 20:00:00
1679529600000,1974.0,1989.0,1973.0,1985.0,308.6084,2023-03-23 00:00:00
1679544000000,1986.0,1988.0,1972.0,1980.0,275.0381,2023-03-23 04:00:00
1679558400000,1980.0,1984.0,1971.0,1979.0,89.4024,2023-03-23 08:00:00
1679572800000,1980.0,1994.0,1973.0,1984.0,510.836,2023-03-23 12:00:00
1679587200000,1984.0,2010.0,1981.0,1999.0,503.4536,2023-03-23 16:00:00
1679601600000,1999.0,2000.0,1975.0,1991.0,293.6569,2023-03-23 20:00:00
1679616000000,1992.0,1994.0,1983.0,1987.0,54.3398,2023-03-24 00:00:00
1679630400000,1987.0,1996.0,1986.0,1987.0,59.6122,2023-03-24 04:00:00
1679644800000,1987.0,2006.0,1983.0,1997.0,245.3376,2023-03-24 08:00:00
1679659200000,1997.0,2006.0,1991.0,2000.0,283.061,2023-03-24 12:00:00
1679673600000,2001.0,2010.0,1982.0,1986.0,556.8806,2023-03-24 16:00:00
1679688000000,1987.0,1990.0,1978.0,1986.0,180.2728,2023-03-24 20:00:00
1679702400000,1986.0,2031.0,1984.0,1994.0,332.5702,2023-03-25 00:00:00
1679716800000,1994.0,1994.0,1983.0,1991.0,75.527,2023-03-25 04:00:00
1679731200000,1990.0,2012.0,1989.0,1996.0,366.4145,2023-03-25 08:00:00
1679745600000,1996.0,1999.0,1992.0,1996.0,79.4,2023-03-25 12:00:00
1679760000000,1996.0,2010.0,1991.0,1996.0,168.6603,2023-03-25 16:00:00
1679774400000,1997.0,2000.0,1993.0,1998.0,67.4029,2023-03-25 20:00:00
1679788800000,1997.0,2000.0,1993.0,1995.0,65.7967,2023-03-26 00:00:00
1679803200000,1995.0,1999.0,1989.0,1991.0,97.8288,2023-03-26 04:00:00
1679817600000,1991.0,2001.0,1989.0,1998.0,90.6221,2023-03-26 08:00:00
1679832000000,1998.0,2002.0,1990.0,1996.0,181.8534,2023-03-26 12:00:00
1679846400000,1996.0,1998.0,1992.0,1993.0,61.4564,2023-03-26 16:00:00
1679860800000,1993.0,1997.0,1986.0,1989.0,207.6007,2023-03-26 20:00:00
1679875200000,1989.0,1991.0,1985.0,1991.0,73.2176,2023-03-27 00:00:00
1679889600000,1991.0,1992.0,1984.0,1984.0,52.8706,2023-03-27 04:00:00
1679904000000,1985.0,1987.0,1974.0,1975.0,240.2703,2023-03-27 08:00:00
1679918400000,1975.0,1980.0,1962.0,1977.0,534.8855,2023-03-27 12:00:00
1679932800000,1977.0,1980.0,1966.0,1969.0,308.4488,2023-03-27 16:00:00
1679947200000,1969.0,1985.0,1968.0,1980.0,198.4352,2023-03-27 20:00:00
1679961600000,1981.0,1998.0,1975.0,1977.0,499.8453,2023-03-28 00:00:00
1679976000000,1976.0,1985.0,1974.0,1983.0,145.8942,2023-03-28 04:00:00
1679990400000,1984.0,1986.0,1971.0,1981.0,243.3652,2023-03-28 08:00:00
1680004800000,1981.0,1987.0,1975.0,1985.0,501.4012,2023-03-28 12:00:00
1680019200000,1985.0,1991.0,1983.0,1989.0,188.0668,2023-03-28 16:00:00
1680033600000,1990.0,1994.0,1980.0,1985.0,132.8923,2023-03-28 20:00:00
1680048000000,1986.0,1988.0,1985.0,1987.0,66.9817,2023-03-29 00:00:00
1680062400000,1986.0,1997.0,1982.0,1987.0,284.9437,2023-03-29 04:00:00
1680076800000,1987.0,1993.0,1982.0,1984.0,269.8914,2023-03-29 08:00:00
1680091200000,1984.0,1989.0,1979.0,1985.0,283.4982,2023-03-29 12:00:00
1680105600000,1985.0,1989.0,1979.0,1983.0,152.2698,2023-03-29 16:00:00
1680120000000,1984.0,1986.0,1980.0,1982.0,83.8621,2023-03-29 20:00:00
1680134400000,1983.0,1983.0,1968.0,1978.0,322.5615,2023-03-30 00:00:00
1680148800000,1978.0,1982.0,1974.0,1978.0,134.2325,2023-03-30 04:00:00
1680163200000,1979.0,1983.0,1975.0,1981.0,181.4165,2023-03-30 08:00:00
1680177600000,1980.0,1983.0,1973.0,1980.0,183.7363,2023-03-30 12:00:00
1680192000000,1980.0,1988.0,1976.0,1986.0,397.4216,2023-03-30 16:00:00
1680206400000,1985.0,1987.0,1979.0,1983.0,92.8908,2023-03-30 20:00:00
1680220800000,1983.0,1986.0,1979.0,1983.0,88.3627,2023-03-31 00:00:00
1680235200000,1983.0,1987.0,1983.0,1985.0,71.7336,2023-03-31 04:00:00
1680249600000,1986.0,1991.0,1984.0,1988.0,135.7148,2023-03-31 08:00:00
1680264000000,1988.0,1992.0,1981.0,1981.0,117.4557,2023-03-31 12:00:00
1680278400000,1981.0,1982.0,1976.0,1977.0,165.3544,2023-03-31 16:00:00
1680292800000,1978.0,1979.0,1970.0,1976.0,104.9479,2023-03-31 20:00:00
1680307200000,1977.0,1977.0,1969.0,1973.0,142.366,2023-04-01 00:00:00
1680321600000,1972.0,1981.0,1970.0,1976.0,92.7313,2023-04-01 04:00:00
1680336000000,1975.0,1981.0,1972.0,1974.0,82.0694,2023-04-01 08:00:00
1680350400000,1974.0,1979.0,1970.0,1973.0,102.1266,2023-04-01 12:00:00
1680364800000,1973.0,1976.0,1971.0,1974.0,30.5092,2023-04-01 16:00:00
1680379200000,1975.0,1979.0,1972.0,1976.0,69.9662,2023-04-01 20:00:00
1680393600000,1977.0,1980.0,1974.0,1974.0,59.9305,2023-04-02 00:00:00
1680408000000,1974.0,1977.0,1972.0,1975.0,35.4667,2023-04-02 04:00:00
1680422400000,1975.0,1980.0,1972.0,1974.0,39.7661,2023-04-02 08:00:00
1680436800000,1973.0,1977.0,1968.0,1974.0,118.5159,2023-04-02 12:00:00
1680451200000,1974.0,1978.0,1971.0,1974.0,109.9972,2023-04-02 16:00:00
1680465600000,1974.0,1979.0,1971.0,1972.0,97.6882,2023-04-02 20:00:00
1680480000000,1971.0,1975.0,1968.0,1971.0,75.3827,2023-04-03 00:00:00
1680494400000,1971.0,1977.0,1962.0,1968.0,185.6681,2023-04-03 04:00:00
1680508800000,1968.0,1979.0,1967.0,1978.0,221.7077,2023-04-03 08:00:00
1680523200000,1978.0,1993.0,1977.0,1992.0,294.0036,2023-04-03 12:00:00
1680537600000,1992.0,1993.0,1985.0,1987.0,117.4991,2023-04-03 16:00:00
1680552000000,1988.0,1988.0,1980.0,1985.0,236.8563,2023-04-03 20:00:00
1680566400000,1985.0,1986.0,1979.0,1981.0,66.8575,2023-04-04 00:00:00
1680580800000,1981.0,1987.0,1978.0,1984.0,62.8316,2023-04-04 04:00:00
1680595200000,1984.0,1989.0,1983.0,1984.0,117.9994,2023-04-04 08:00:00
1680609600000,1984.0,2025.0,1981.0,2013.0,792.1614,2023-04-04 12:00:00
1680624000000,2013.0,2024.0,2013.0,2017.0,305.4042,2023-04-04 16:00:00
1680638400000,2018.0,2029.0,2016.0,2024.0,257.8103,2023-04-04 20:00:00
1680652800000,2024.0,2032.0,2023.0,2031.0,332.89,2023-04-05 00:00:00
1680667200000,2031.0,2054.0,2028.0,2045.0,871.2128,2023-04-05 04:00:00
1680681600000,2045.0,2053.0,2026.0,2037.0,505.2227,2023-04-05 08:00:00
1680696000000,2038.0,2049.0,2029.0,2034.0,308.3978,2023-04-05 12:00:00
1680710400000,2033.0,2043.0,2026.0,2031.0,293.1202,2023-04-05 16:00:00
1680724800000,2031.0,2036.0,2027.0,2030.0,94.9494,2023-04-05 20:00:00
1680739200000,2031.0,2031.0,2024.0,2027.0,63.9959,2023-04-06 00:00:00
1680753600000,2026.0,2028.0,2023.0,2025.0,61.861,2023-04-06 04:00:00
1680768000000,2025.0,2030.0,2024.0,2028.0,174.8833,2023-04-06 08:00:00
1680782400000,2027.0,2028.0,2008.0,2017.0,480.3703,2023-04-06 12:00:00
1680796800000,2018.0,2021.0,2013.0,2018.0,194.1023,2023-04-06 16:00:00
1680811200000,2018.0,2020.0,2013.0,2016.0,132.4986,2023-04-06 20:00:00
1680825600000,2017.0,2023.0,2013.0,2017.0,128.7999,2023-04-07 00:00:00
1680840000000,2017.0,2020.0,2009.0,2017.0,395.0452,2023-04-07 04:00:00
1680854400000,2016.0,2026.0,2016.0,2024.0,136.0337,2023-04-07 08:00:00
1680868800000,2024.0,2027.0,2019.0,2026.0,110.5654,2023-04-07 12:00:00
1680883200000,2026.0,2026.0,2019.0,2019.0,51.6538,2023-04-07 16:00:00
1680897600000,2019.0,2023.0,2018.0,2020.0,55.903,2023-04-07 20:00:00
1680912000000,2021.0,2022.0,2015.0,2017.0,80.4618,2023-04-08 00:00:00
1680926400000,2016.0,2022.0,2015.0,2021.0,79.7085,2023-04-08 04:00:00
1680940800000,2021.0,2026.0,2016.0,2023.0,110.7726,2023-04-08 08:00:00
1680955200000,2023.0,2024.0,2017.0,2018.0,45.6492,2023-04-08 12:00:00
1680969600000,2019.0,2023.0,2016.0,2020.0,109.331,2023-04-08 16:00:00
1680984000000,2020.0,2024.0,2016.0,2018.0,80.5795,2023-04-08 20:00:00
1680998400000,2019.0,2024.0,2015.0,2016.0,107.8892,2023-04-09 00:00:00
1681012800000,2016.0,2021.0,2013.0,2018.0,119.2029,2023-04-09 04:00:00
1681027200000,2019.0,2024.0,2018.0,2019.0,66.7478,2023-04-09 08:00:00
1681041600000,2020.0,2023.0,2018.0,2020.0,61.3611,2023-04-09 12:00:00
1681056000000,2020.0,2028.0,2019.0,2021.0,100.715,2023-04-09 16:00:00
1681070400000,2022.0,2028.0,2018.0,2019.0,181.7682,2023-04-09 20:00:00
1681084800000,2019.0,2021.0,2008.0,2010.0,283.6329,2023-04-10 00:00:00
1681099200000,2011.0,2015.0,2005.0,2012.0,176.9897,2023-04-10 04:00:00
1681113600000,2012.0,2016.0,2011.0,2014.0,65.1826,2023-04-10 08:00:00
1681128000000,2015.0,2015.0,2003.0,2007.0,239.7041,2023-04-10 12:00:00
1681142400000,2006.0,2013.0,1998.0,2007.0,400.8125,2023-04-10 16:00:00
1681156800000,2007.0,2013.0,1998.0,2004.0,284.4474,2023-04-10 20:00:00
1681171200000,2004.0,2017.0,2000.0,2014.0,283.1103,2023-04-11 00:00:00
1681185600000,2015.0,2024.0,2014.0,2022.0,282.7653,2023-04-11 04:00:00
1681200000000,2022.0,2026.0,2020.0,2020.0,246.7891,2023-04-11 08:00:00
1681214400000,2021.0,2024.0,2014.0,2017.0,438.5182,2023-04-11 12:00:00
1681228800000,2018.0,2023.0,2015.0,2020.0,262.1469,2023-04-11 16:00:00
1681243200000,2020.0,2030.0,2020.0,2021.0,476.7033,2023-04-11 20:00:00
1681257600000,2022.0,2026.0,2019.0,2022.0,395.6985,2023-04-12 00:00:00
1681272000000,2022.0,2027.0,2020.0,2022.0,413.308,2023-04-12 04:00:00
1681286400000,2022.0,2024.0,2015.0,2021.0,224.0481,2023-04-12 08:00:00
1681300800000,2021.0,2031.0,2018.0,2023.0,1265.1139,2023-04-12 12:00:00
1681315200000,2023.0,2033.0,2019.0,2025.0,244.5831,2023-04-12 16:00:00
1681329600000,2026.0,2028.0,2022.0,2025.0,101.6668,2023-04-12 20:00:00
1681344000000,2025.0,2033.0,2025.0,2030.0,75.939,2023-04-13 00:00:00
1681358400000,2030.0,2034.0,2029.0,2032.0,114.0222,2023-04-13 04:00:00
1681372800000,2032.0,2043.0,2030.0,2039.0,314.6984,2023-04-13 08:00:00
1681387200000,2039.0,2049.0,2031.0,2043.0,599.927,2023-04-13 12:00:00
1681401600000,2043.0,2044.0,2039.0,2041.0,135.8445,2023-04-13 16:00:00
1681416000000,2040.0,2045.0,2039.0,2043.0,65.7279,2023-04-13 20:00:00
1681430400000,2044.0,2048.0,2040.0,2043.0,214.2702,2023-04-14 00:00:00
1681444800000,2043.0,2044.0,2030.0,2033.0,262.8988,2023-04-14 04:00:00
1681459200000,2033.0,2042.0,2030.0,2037.0,353.7375,2023-04-14 08:00:00
1681473600000,2037.0,2053.0,2010.0,2013.0,1649.5055,2023-04-14 12:00:00
1681488000000,2013.0,2021.0,2001.0,2020.0,784.1239,2023-04-14 16:00:00
1681502400000,2019.0,2021.0,2015.0,2015.0,144.9702,2023-04-14 20:00:00
1681516800000,2015.0,2021.0,2014.0,2020.0,118.6624,2023-04-15 00:00:00
1681531200000,2021.0,2021.0,2017.0,2020.0,50.4098,2023-04-15 04:00:00
1681545600000,2019.0,2021.0,2014.0,2016.0,138.8348,2023-04-15 08:00:00
1681560000000,2016.0,2025.0,2013.0,2020.0,133.7193,2023-04-15 12:00:00
1681574400000,2020.0,2021.0,2013.0,2015.0,71.6072,2023-04-15 16:00:00
1681588800000,2015.0,2018.0,2014.0,2016.0,45.2476,2023-04-15 20:00:00
1681603200000,2016.0,2018.0,2015.0,2017.0,35.5681,2023-04-16 00:00:00
1681617600000,2017.0,2018.0,2013.0,2015.0,99.362,2023-04-16 04:00:00
1681632000000,2015.0,2020.0,2012.0,2017.0,122.2136,2023-04-16 08:00:00
1681646400000,2017.0,2024.0,2016.0,2019.0,157.8663,2023-04-16 12:00:00
1681660800000,2019.0,2025.0,2014.0,2019.0,156.6332,2023-04-16 16:00:00
1681675200000,2018.0,2021.0,2016.0,2018.0,103.9865,2023-04-16 20:00:00
1681689600000,2018.0,2019.0,2012.0,2016.0,159.0492,2023-04-17 00:00:00
1681704000000,2015.0,2025.0,2013.0,2025.0,220.6058,2023-04-17 04:00:00
1681718400000,2025.0,2030.0,2019.0,2019.0,410.11,2023-04-17 08:00:00
1681732800000,2020.0,2020.0,2000.0,2005.0,773.6238,2023-04-17 12:00:00
1681747200000,2006.0,2016.0,2005.0,2011.0,268.6933,2023-04-17 16:00:00
1681761600000,2010.0,2014.0,2007.0,2012.0,81.7457,2023-04-17 20:00:00
1681776000000,2012.0,2015.0,2008.0,2013.0,85.711,2023-04-18 00:00:00
1681790400000,2012.0,2018.0,2010.0,2017.0,151.4651,2023-04-18 04:00:00
1681804800000,2016.0,2021.0,2014.0,2021.0,172.4738,2023-04-18 08:00:00
1681819200000,2021.0,2028.0,2012.0,2022.0,495.1733,2023-04-18 12:00:00
1681833600000,2022.0,2022.0,2016.0,2018.0,99.9291,2023-04-18 16:00:00
1681848000000,2018.0,2018.0,2010.0,2012.0,318.7119,2023-04-18 20:00:00
1681862400000,2013.0,2015.0,2012.0,2013.0,47.4623,2023-04-19 00:00:00
1681876800000,2012.0,2015.0,2004.0,2008.0,175.3112,2023-04-19 04:00:00
1681891200000,2009.0,2009.0,1991.0,1993.0,520.4005,2023-04-19 08:00:00
1681905600000,1994.0,2012.0,1991.0,2004.0,1021.0185,2023-04-19 12:00:00
1681920000000,2004.0,2012.0,2001.0,2009.0,286.6355,2023-04-19 16:00:00
1681934400000,2009.0,2009.0,1999.0,2003.0,268.26,2023-04-19 20:00:00
1681948800000,2004.0,2005.0,1996.0,1999.0,182.8228,2023-04-20 00:00:00
1681963200000,1998.0,2006.0,1995.0,2006.0,177.2419,2023-04-20 04:00:00
1681977600000,2006.0,2008.0,2002.0,2006.0,277.8264,2023-04-20 08:00:00
1681992000000,2006.0,2014.0,2005.0,2006.0,327.3671,2023-04-20 12:00:00
1682006400000,2005.0,2012.0,2003.0,2008.0,241.5406,2023-04-20 16:00:00
1682020800000,2007.0,2008.0,2004.0,2007.0,93.9581,2023-04-20 20:00:00
1682035200000,2006.0,2006.0,2003.0,2004.0,81.3272,2023-04-21 00:00:00
1682049600000,2004.0,2005.0,1991.0,1996.0,357.8239,2023-04-21 04:00:00
1682064000000,1996.0,2000.0,1991.0,1997.0,137.6338,2023-04-21 08:00:00
1682078400000,1998.0,2004.0,1987.0,1988.0,352.1127,2023-04-21 12:00:00
1682092800000,1988.0,1991.0,1985.0,1986.0,299.7947,2023-04-21 16:00:00
1682107200000,1986.0,1987.0,1981.0,1984.0,146.669,2023-04-21 20:00:00
1682121600000,1984.0,1984.0,1982.0,1983.0,70.1002,2023-04-22 00:00:00
1682136000000,1983.0,1985.0,1981.0,1983.0,59.7593,2023-04-22 04:00:00
1682150400000,1983.0,1985.0,1981.0,1984.0,72.7857,2023-04-22 08:00:00
1682164800000,1985.0,1987.0,1981.0,1983.0,142.9967,2023-04-22 12:00:00
1682179200000,1983.0,1985.0,1982.0,1982.0,69.7415,2023-04-22 16:00:00
1682193600000,1982.0,1984.0,1982.0,1983.0,97.266,2023-04-22 20:00:00
1682208000000,1983.0,1984.0,1982.0,1983.0,49.3094,2023-04-23 00:00:00
1682222400000,1983.0,1985.0,1983.0,1983.0,30.2901,2023-04-23 04:00:00
1682236800000,1983.0,1984.0,1982.0,1983.0,80.7325,2023-04-23 08:00:00
1682251200000,1983.0,1984.0,1981.0,1984.0,158.9399,2023-04-23 12:00:00
1682265600000,1984.0,1985.0,1982.0,1984.0,114.479,2023-04-23 16:00:00
1682280000000,1984.0,1988.0,1982.0,1987.0,169.1517,2023-04-23 20:00:00
1682294400000,1986.0,1990.0,1984.0,1986.0,88.7886,2023-04-24 00:00:00
1682308800000,1986.0,1987.0,1981.0,1984.0,163.7693,2023-04-24 04:00:00
1682323200000,1984.0,1991.0,1981.0,1987.0,348.5375,2023-04-24 08:00:00
1682337600000,1987.0,1990.0,1983.0,1987.0,184.674,2023-04-24 12:00:00
1682352000000,1988.0,1997.0,1986.0,1993.0,216.4103,2023-04-24 16:00:00
1682366400000,1993.0,1996.0,1991.0,1996.0,116.9442,2023-04-24 20:00:00
1682380800000,1995.0,2001.0,1994.0,1995.0,99.3187,2023-04-25 00:00:00
1682395200000,1996.0,1999.0,1993.0,1993.0,162.2479,2023-04-25 04:00:00
1682409600000,1993.0,1996.0,1983.0,1985.0,197.9761,2023-04-25 08:00:00
1682424000000,1985.0,1996.0,1983.0,1992.0,227.9488,2023-04-25 12:00:00
1682438400000,1991.0,2014.0,1991.0,2005.0,460.1879,2023-04-25 16:00:00
1682452800000,2005.0,2005.0,1996.0,2003.0,189.2222,2023-04-25 20:00:00
1682467200000,2002.0,2003.0,1995.0,1995.0,220.1533,2023-04-26 00:00:00
1682481600000,1995.0,2001.0,1995.0,1999.0,96.4397,2023-04-26 04:00:00
1682496000000,1999.0,2005.0,1995.0,1998.0,445.7113,2023-04-26 08:00:00
1682510400000,1999.0,2006.0,1996.0,1997.0,563.3207,2023-04-26 12:00:00
1682524800000,1997.0,1997.0,1986.0,1988.0,488.9986,2023-04-26 16:00:00
1682539200000,1988.0,1991.0,1984.0,1988.0,257.5718,2023-04-26 20:00:00
1682553600000,1987.0,1997.0,1986.0,1997.0,281.3158,2023-04-27 00:00:00
1682568000000,1998.0,2000.0,1994.0,1998.0,146.8332,2023-04-27 04:00:00
1682582400000,1998.0,2000.0,1992.0,1992.0,212.9503,2023-04-27 08:00:00
1682596800000,1993.0,1994.0,1981.0,1985.0,324.2812,2023-04-27 12:00:00
1682611200000,1985.0,1993.0,1982.0,1985.0,242.5913,2023-04-27 16:00:00
1682625600000,1985.0,1991.0,1984.0,1986.0,78.886,2023-04-27 20:00:00
1682640000000,1986.0,1989.0,1986.0,1988.0,37.5867,2023-04-28 00:00:00
1682654400000,1987.0,1989.0,1986.0,1988.0,91.0664,2023-04-28 04:00:00
1682668800000,1988.0,1990.0,1983.0,1988.0,231.1322,2023-04-28 08:00:00
1682683200000,1987.0,1993.0,1983.0,1991.0,320.5568,2023-04-28 12:00:00
1682697600000,1991.0,1994.0,1984.0,1989.0,151.1089,2023-04-28 16:00:00
1682712000000,1989.0,1990.0,1985.0,1987.0,64.7924,2023-04-28 20:00:00
1682726400000,1987.0,1988.0,1986.0,1987.0,11.6993,2023-04-29 00:00:00
1682740800000,1988.0,1988.0,1986.0,1987.0,48.333,2023-04-29 04:00:00
1682755200000,1986.0,1993.0,1986.0,1993.0,45.6196,2023-04-29 08:00:00
1682769600000,1993.0,1995.0,1991.0,1993.0,87.3279,2023-04-29 12:00:00
1682784000000,1993.0,2006.0,1990.0,2003.0,196.665,2023-04-29 16:00:00
1682798400000,2003.0,2008.0,1997.0,1998.0,161.1519,2023-04-29 20:00:00
1682812800000,1998.0,1998.0,1994.0,1997.0,44.1974,2023-04-30 00:00:00
1682827200000,1997.0,1998.0,1996.0,1997.0,13.595,2023-04-30 04:00:00
1682841600000,1997.0,1997.0,1993.0,1995.0,43.03,2023-04-30 08:00:00
1682856000000,1994.0,1999.0,1994.0,1996.0,97.6462,2023-04-30 12:00:00
1682870400000,1996.0,2001.0,1994.0,2000.0,154.0251,2023-04-30 16:00:00
1682884800000,2001.0,2002.0,1999.0,1999.0,105.702,2023-04-30 20:00:00
1682899200000,1999.0,2000.0,1985.0,1990.0,476.4187,2023-05-01 00:00:00
1682913600000,1990.0,1990.0,1987.0,1989.0,63.0388,2023-05-01 04:00:00
1682928000000,1989.0,1990.0,1985.0,1988.0,134.0814,2023-05-01 08:00:00
1682942400000,1988.0,2004.0,1987.0,1989.0,389.9772,2023-05-01 12:00:00
1682956800000,1989.0,1998.0,1988.0,1993.0,265.8259,2023-05-01 16:00:00
1682971200000,1993.0,1997.0,1991.0,1995.0,93.7175,2023-05-01 20:00:00
1682985600000,1995.0,1995.0,1981.0,1990.0,287.7383,2023-05-02 00:00:00
1683000000000,1990.0,1992.0,1985.0,1988.0,137.2382,2023-05-02 04:00:00
1683014400000,1988.0,1994.0,1988.0,1991.0,106.1367,2023-05-02 08:00:00
1683028800000,1991.0,2012.0,1985.0,2009.0,552.529,2023-05-02 12:00:00
1683043200000,2010.0,2018.0,2000.0,2017.0,518.9844,2023-05-02 16:00:00
1683057600000,2016.0,2021.0,2007.0,2014.0,198.2449,2023-05-02 20:00:00
1683072000000,2013.0,2016.0,2013.0,2015.0,53.6233,2023-05-03 00:00:00
1683086400000,2015.0,2017.0,2013.0,2016.0,90.5027,2023-05-03 04:00:00
1683100800000,2015.0,2022.0,2014.0,2019.0,258.3964,2023-05-03 08:00:00
1683115200000,2019.0,2022.0,2007.0,2021.0,534.7954,2023-05-03 12:00:00
1683129600000,2021.0,2030.0,2013.0,2030.0,566.0764,2023-05-03 16:00:00
1683144000000,2028.0,2047.0,2023.0,2044.0,370.5619,2023-05-03 20:00:00
1683158400000,2044.0,2049.0,2037.0,2037.0,182.8039,2023-05-04 00:00:00
1683172800000,2039.0,2043.0,2030.0,2030.0,298.6555,2023-05-04 04:00:00
1683187200000,2031.0,2046.0,2030.0,2043.0,166.454,2023-05-04 08:00:00
1683201600000,2044.0,2048.0,2032.0,2041.0,444.3209,2023-05-04 12:00:00
1683216000000,2041.0,2048.0,2038.0,2042.0,258.0015,2023-05-04 16:00:00
1683230400000,2042.0,2087.0,2041.0,2049.0,527.9042,2023-05-04 20:00:00
1683244800000,2049.0,2055.0,2015.0,2045.0,409.1389,2023-05-05 00:00:00
1683259200000,2045.0,2049.0,2043.0,2044.0,129.695,2023-05-05 04:00:00
1683273600000,2044.0,2045.0,2039.0,2041.0,109.7978,2023-05-05 08:00:00
1683288000000,2041.0,2041.0,2009.0,2018.0,660.8082,2023-05-05 12:00:00
1683302400000,2019.0,2025.0,2011.0,2018.0,597.8101,2023-05-05 16:00:00
1683316800000,2019.0,2020.0,2015.0,2018.0,81.3432,2023-05-05 20:00:00
1683331200000,2018.0,2023.0,2018.0,2020.0,72.6052,2023-05-06 00:00:00
1683345600000,2020.0,2023.0,2018.0,2022.0,72.7777,2023-05-06 04:00:00
1683360000000,2022.0,2023.0,2017.0,2020.0,121.3853,2023-05-06 08:00:00
1683374400000,2020.0,2020.0,2014.0,2016.0,238.75,2023-05-06 12:00:00
1683388800000,2016.0,2021.0,2013.0,2018.0,143.8965,2023-05-06 16:00:00
1683403200000,2019.0,2023.0,2018.0,2020.0,75.9736,2023-05-06 20:00:00
1683417600000,2021.0,2021.0,2017.0,2020.0,41.7665,2023-05-07 00:00:00
1683432000000,2020.0,2020.0,2016.0,2018.0,35.9886,2023-05-07 04:00:00
1683446400000,2018.0,2019.0,2014.0,2017.0,71.2299,2023-05-07 08:00:00
1683460800000,2017.0,2018.0,2012.0,2016.0,130.719,2023-05-07 12:00:00
1683475200000,2015.0,2021.0,2014.0,2020.0,84.9402,2023-05-07 16:00:00
1683489600000,2020.0,2020.0,2014.0,2015.0,104.1727,2023-05-07 20:00:00
1683504000000,2014.0,2022.0,2009.0,2021.0,175.0798,2023-05-08 00:00:00
1683518400000,2022.0,2023.0,2017.0,2021.0,307.1845,2023-05-08 04:00:00
1683532800000,2022.0,2027.0,2019.0,2025.0,249.5257,2023-05-08 08:00:00
1683547200000,2025.0,2029.0,2022.0,2029.0,344.0926,2023-05-08 12:00:00
1683561600000,2029.0,2032.0,2022.0,2023.0,431.6825,2023-05-08 16:00:00
1683576000000,2023.0,2027.0,2022.0,2026.0,134.8829,2023-05-08 20:00:00
1683590400000,2025.0,2032.0,2024.0,2032.0,165.5678,2023-05-09 00:00:00
1683604800000,2032.0,2036.0,2031.0,2034.0,307.6995,2023-05-09 04:00:00
1683619200000,2034.0,2037.0,2030.0,2035.0,132.53,2023-05-09 08:00:00
1683633600000,2036.0,2036.0,2029.0,2033.0,351.2438,2023-05-09 12:00:00
1683648000000,2032.0,2042.0,2032.0,2040.0,195.9786,2023-05-09 16:00:00
1683662400000,2039.0,2040.0,2036.0,2039.0,71.8841,2023-05-09 20:00:00
1683676800000,2039.0,2042.0,2033.0,2033.0,106.0893,2023-05-10 00:00:00
1683691200000,2034.0,2036.0,2032.0,2036.0,96.4387,2023-05-10 04:00:00
1683705600000,2035.0,2041.0,2033.0,2038.0,219.443,2023-05-10 08:00:00
1683720000000,2038.0,2050.0,2028.0,2032.0,500.8526,2023-05-10 12:00:00
1683734400000,2032.0,2040.0,2029.0,2038.0,426.9918,2023-05-10 16:00:00
1683748800000,2037.0,2044.0,2031.0,2043.0,200.4152,2023-05-10 20:00:00
1683763200000,2043.0,2044.0,2039.0,2040.0,77.4706,2023-05-11 00:00:00
1683777600000,2041.0,2041.0,2030.0,2033.0,191.7502,2023-05-11 04:00:00
1683792000000,2033.0,2050.0,2023.0,2045.0,839.7501,2023-05-11 08:00:00
1683806400000,2045.0,2046.0,2016.0,2021.0,791.4153,2023-05-11 12:00:00
1683820800000,2021.0,2024.0,2015.0,2020.0,256.5524,2023-05-11 16:00:00
1683835200000,2020.0,2025.0,2020.0,2024.0,96.0354,2023-05-11 20:00:00
1683849600000,2024.0,2025.0,2015.0,2019.0,182.8653,2023-05-12 00:00:00
1683864000000,2020.0,2023.0,2011.0,2019.0,445.6174,2023-05-12 04:00:00
1683878400000,2018.0,2021.0,2011.0,2017.0,184.9174,2023-05-12 08:00:00
1683892800000,2017.0,2030.0,2015.0,2017.0,277.9519,2023-05-12 12:00:00
1683907200000,2016.0,2026.0,2016.0,2020.0,228.6293,2023-05-12 16:00:00
1683921600000,2021.0,2033.0,2017.0,2024.0,161.9957,2023-05-12 20:00:00
1683936000000,2024.0,2027.0,2010.0,2017.0,168.42,2023-05-13 00:00:00
1683950400000,2017.0,2020.0,2017.0,2018.0,41.9957,2023-05-13 04:00:00
1683964800000,2018.0,2019.0,2016.0,2018.0,78.5578,2023-05-13 08:00:00
1683979200000,2018.0,2019.0,2014.0,2016.0,92.5425,2023-05-13 12:00:00
1683993600000,2016.0,2018.0,2015.0,2017.0,31.2576,2023-05-13 16:00:00
1684008000000,2017.0,2021.0,2016.0,2019.0,50.7991,2023-05-13 20:00:00
1684022400000,2019.0,2020.0,2017.0,2018.0,38.4053,2023-05-14 00:00:00
1684036800000,2018.0,2019.0,2017.0,2019.0,22.6884,2023-05-14 04:00:00
1684051200000,2018.0,2019.0,2017.0,2018.0,29.0411,2023-05-14 08:00:00
1684065600000,2018.0,2021.0,2015.0,2019.0,90.8825,2023-05-14 12:00:00
1684080000000,2019.0,2020.0,2014.0,2015.0,65.8799,2023-05-14 16:00:00
1684094400000,2015.0,2019.0,2015.0,2018.0,91.5366,2023-05-14 20:00:00
1684108800000,2018.0,2026.0,2016.0,2021.0,178.3714,2023-05-15 00:00:00
1684123200000,2021.0,2027.0,2019.0,2026.0,145.3833,2023-05-15 04:00:00
1684137600000,2025.0,2027.0,2021.0,2022.0,107.1351,2023-05-15 08:00:00
1684152000000,2022.0,2028.0,2021.0,2022.0,250.7088,2023-05-15 12:00:00
1684166400000,2022.0,2028.0,2010.0,2018.0,408.7342,2023-05-15 16:00:00
1684180800000,2017.0,2018.0,2014.0,2017.0,75.9479,2023-05-15 20:00:00
1684195200000,2016.0,2018.0,2015.0,2018.0,75.831,2023-05-16 00:00:00
1684209600000,2017.0,2018.0,2010.0,2015.0,134.2834,2023-05-16 04:00:00
1684224000000,2015.0,2017.0,2011.0,2013.0,113.4991,2023-05-16 08:00:00
1684238400000,2013.0,2018.0,2005.0,2007.0,407.3433,2023-05-16 12:00:00
1684252800000,2006.0,2006.0,1989.0,1995.0,560.3355,2023-05-16 16:00:00
1684267200000,1995.0,2000.0,1994.0,1995.0,109.734,2023-05-16 20:00:00
1684281600000,1996.0,2001.0,1995.0,1999.0,127.318,2023-05-17 00:00:00
1684296000000,1999.0,2002.0,1994.0,1995.0,112.1485,2023-05-17 04:00:00
1684310400000,1996.0,1997.0,1990.0,1996.0,204.4528,2023-05-17 08:00:00
1684324800000,1996.0,2000.0,1986.0,1993.0,315.092,2023-05-17 12:00:00
1684339200000,1993.0,2001.0,1981.0,1996.0,527.5346,2023-05-17 16:00:00
1684353600000,1996.0,1998.0,1991.0,1995.0,95.6308,2023-05-17 20:00:00
1684368000000,1995.0,1996.0,1993.0,1994.0,41.027,2023-05-18 00:00:00
1684382400000,1994.0,1996.0,1989.0,1989.0,186.7396,2023-05-18 04:00:00
1684396800000,1989.0,1992.0,1985.0,1987.0,179.8073,2023-05-18 08:00:00
1684411200000,1986.0,1993.0,1980.0,1982.0,562.2674,2023-05-18 12:00:00
1684425600000,1982.0,1982.0,1969.0,1976.0,388.448,2023-05-18 16:00:00
1684440000000,1977.0,1987.0,1976.0,1979.0,96.3231,2023-05-18 20:00:00
1684454400000,1978.0,1979.0,1974.0,1977.0,66.6523,2023-05-19 00:00:00
1684468800000,1978.0,1982.0,1977.0,1980.0,92.8032,2023-05-19 04:00:00
1684483200000,1981.0,1987.0,1977.0,1978.0,84.429,2023-05-19 08:00:00
1684497600000,1978.0,1999.0,1974.0,1991.0,293.2838,2023-05-19 12:00:00
1684512000000,1991.0,1999.0,1987.0,1993.0,161.6207,2023-05-19 16:00:00
1684526400000,1993.0,1998.0,1992.0,1997.0,55.4311,2023-05-19 20:00:00
1684540800000,1997.0,1997.0,1994.0,1995.0,22.9349,2023-05-20 00:00:00
1684555200000,1995.0,1998.0,1994.0,1997.0,23.4328,2023-05-20 04:00:00
1684569600000,1996.0,1998.0,1995.0,1996.0,45.7192,2023-05-20 08:00:00
1684584000000,1996.0,1998.0,1994.0,1996.0,107.0451,2023-05-20 12:00:00
1684598400000,1995.0,2000.0,1990.0,1991.0,486.0222,2023-05-20 16:00:00
1684612800000,1991.0,1994.0,1990.0,1993.0,35.9113,2023-05-20 20:00:00
1684627200000,1994.0,1998.0,1993.0,1997.0,79.4138,2023-05-21 00:00:00
1684641600000,1997.0,1998.0,1995.0,1996.0,24.481,2023-05-21 04:00:00
1684656000000,1996.0,1996.0,1989.0,1990.0,70.3512,2023-05-21 08:00:00
1684670400000,1990.0,1993.0,1987.0,1991.0,60.181,2023-05-21 12:00:00
1684684800000,1991.0,1992.0,1987.0,1988.0,54.881,2023-05-21 16:00:00
1684699200000,1988.0,1990.0,1986.0,1989.0,73.2703,2023-05-21 20:00:00
1684713600000,1989.0,1989.0,1982.0,1983.0,108.9181,2023-05-22 00:00:00
1684728000000,1983.0,1986.0,1980.0,1981.0,117.5321,2023-05-22 04:00:00
1684742400000,1981.0,1986.0,1980.0,1981.0,105.1521,2023-05-22 08:00:00
1684756800000,1980.0,1984.0,1976.0,1981.0,149.6254,2023-05-22 12:00:00
1684771200000,1980.0,1983.0,1980.0,1982.0,68.0488,2023-05-22 16:00:00
1684785600000,1982.0,1984.0,1978.0,1980.0,60.1923,2023-05-22 20:00:00
1684800000000,1980.0,1981.0,1971.0,1976.0,263.3318,2023-05-23 00:00:00
1684814400000,1975.0,1978.0,1971.0,1972.0,178.5009,2023-05-23 04:00:00
1684828800000,1973.0,1975.0,1971.0,1974.0,223.9826,2023-05-23 08:00:00
1684843200000,1974.0,1983.0,1971.0,1979.0,243.6379,2023-05-23 12:00:00
1684857600000,1979.0,1988.0,1978.0,1984.0,136.7237,2023-05-23 16:00:00
1684872000000,1984.0,1986.0,1982.0,1985.0,36.1519,2023-05-23 20:00:00
1684886400000,1985.0,1986.0,1982.0,1984.0,159.0587,2023-05-24 00:00:00
1684900800000,1984.0,1988.0,1981.0,1985.0,135.4115,2023-05-24 04:00:00
1684915200000,1985.0,1991.0,1985.0,1990.0,133.9082,2023-05-24 08:00:00
1684929600000,1990.0,1994.0,1973.0,1973.0,302.3425,2023-05-24 12:00:00
1684944000000,1974.0,1978.0,1971.0,1973.0,249.9776,2023-05-24 16:00:00
1684958400000,1972.0,1973.0,1971.0,1971.0,72.3974,2023-05-24 20:00:00
1684972800000,1972.0,1974.0,1970.0,1974.0,86.6035,2023-05-25 00:00:00
1684987200000,1974.0,1974.0,1971.0,1973.0,89.776,2023-05-25 04:00:00
1685001600000,1973.0,1975.0,1971.0,1974.0,91.9442,2023-05-25 08:00:00
1685016000000,1974.0,1976.0,1958.0,1963.0,478.2292,2023-05-25 12:00:00
1685030400000,1964.0,1972.0,1961.0,1967.0,122.3526,2023-05-25 16:00:00
1685044800000,1967.0,1969.0,1964.0,1964.0,51.9098,2023-05-25 20:00:00
1685059200000,1964.0,1967.0,1961.0,1965.0,71.9417,2023-05-26 00:00:00
1685073600000,1966.0,1976.0,1965.0,1972.0,74.9601,2023-05-26 04:00:00
1685088000000,1972.0,1977.0,1962.0,1965.0,403.469,2023-05-26 08:00:00
1685102400000,1965.0,1969.0,1961.0,1963.0,200.2902,2023-05-26 12:00:00
1685116800000,1963.0,1964.0,1961.0,1963.0,121.5997,2023-05-26 16:00:00
1685131200000,1963.0,1966.0,1961.0,1962.0,89.2666,2023-05-26 20:00:00
1685145600000,1962.0,1963.0,1961.0,1962.0,41.878,2023-05-27 00:00:00
1685160000000,1962.0,1966.0,1961.0,1965.0,24.2803,2023-05-27 04:00:00
1685174400000,1964.0,1965.0,1961.0,1962.0,40.1743,2023-05-27 08:00:00
1685188800000,1963.0,1968.0,1961.0,1963.0,94.5505,2023-05-27 12:00:00
1685203200000,1963.0,1966.0,1963.0,1964.0,31.4767,2023-05-27 16:00:00
1685217600000,1965.0,1967.0,1963.0,1964.0,64.6586,2023-05-27 20:00:00
1685232000000,1964.0,1968.0,1961.0,1966.0,169.4792,2023-05-28 00:00:00
1685246400000,1967.0,1968.0,1963.0,1964.0,64.1436,2023-05-28 04:00:00
1685260800000,1964.0,1967.0,1963.0,1964.0,73.1334,2023-05-28 08:00:00
1685275200000,1964.0,1967.0,1962.0,1966.0,117.217,2023-05-28 12:00:00
1685289600000,1966.0,1969.0,1962.0,1964.0,121.7643,2023-05-28 16:00:00
1685304000000,1965.0,1970.0,1961.0,1962.0,213.9426,2023-05-28 20:00:00
1685318400000,1962.0,1963.0,1958.0,1959.0,264.2569,2023-05-29 00:00:00
1685332800000,1960.0,1963.0,1956.0,1956.0,281.3523,2023-05-29 04:00:00
1685347200000,1956.0,1961.0,1954.0,1960.0,245.7697,2023-05-29 08:00:00
1685361600000,1959.0,1962.0,1957.0,1959.0,126.0093,2023-05-29 12:00:00
1685376000000,1959.0,1962.0,1956.0,1960.0,112.3317,2023-05-29 16:00:00
1685390400000,1960.0,1963.0,1953.0,1958.0,95.9813,2023-05-29 20:00:00
1685404800000,1958.0,1958.0,1954.0,1955.0,59.0042,2023-05-30 00:00:00
1685419200000,1956.0,1956.0,1947.0,1950.0,162.5453,2023-05-30 04:00:00
1685433600000,1950.0,1970.0,1950.0,1968.0,237.1875,2023-05-30 08:00:00
1685448000000,1967.0,1973.0,1965.0,1972.0,232.1909,2023-05-30 12:00:00
1685462400000,1972.0,1974.0,1966.0,1967.0,170.2852,2023-05-30 16:00:00
1685476800000,1967.0,1969.0,1965.0,1969.0,89.6901,2023-05-30 20:00:00
1685491200000,1969.0,1970.0,1965.0,1966.0,106.3251,2023-05-31 00:00:00
1685505600000,1967.0,1971.0,1964.0,1965.0,218.8915,2023-05-31 04:00:00
1685520000000,1965.0,1969.0,1964.0,1967.0,124.1233,2023-05-31 08:00:00
1685534400000,1967.0,1981.0,1966.0,1977.0,358.8785,2023-05-31 12:00:00
1685548800000,1976.0,1978.0,1969.0,1969.0,238.8379,2023-05-31 16:00:00
1685563200000,1969.0,1970.0,1967.0,1969.0,167.3042,2023-05-31 20:00:00
1685577600000,1968.0,1969.0,1963.0,1966.0,208.0541,2023-06-01 00:00:00
1685592000000,1967.0,1967.0,1957.0,1962.0,224.5233,2023-06-01 04:00:00
1685606400000,1962.0,1975.0,1961.0,1974.0,166.4942,2023-06-01 08:00:00
1685620800000,1973.0,1984.0,1967.0,1984.0,437.6566,2023-06-01 12:00:00
1685635200000,1983.0,1986.0,1979.0,1981.0,382.1731,2023-06-01 16:00:00
1685649600000,1980.0,1983.0,1980.0,1981.0,56.4505,2023-06-01 20:00:00
1685664000000,1981.0,1986.0,1978.0,1986.0,87.1365,2023-06-02 00:00:00
1685678400000,1985.0,1986.0,1981.0,1982.0,100.9992,2023-06-02 04:00:00
1685692800000,1981.0,1984.0,1980.0,1983.0,47.6025,2023-06-02 08:00:00
1685707200000,1983.0,1984.0,1967.0,1968.0,523.3907,2023-06-02 12:00:00
1685721600000,1967.0,1969.0,1959.0,1961.0,380.135,2023-06-02 16:00:00
1685736000000,1961.0,1961.0,1953.0,1956.0,126.092,2023-06-02 20:00:00
1685750400000,1955.0,1956.0,1945.0,1949.0,307.0656,2023-06-03 00:00:00
1685764800000,1949.0,1954.0,1945.0,1951.0,109.3492,2023-06-03 04:00:00
1685779200000,1950.0,1953.0,1947.0,1951.0,115.5798,2023-06-03 08:00:00
1685793600000,1951.0,1953.0,1948.0,1951.0,111.311,2023-06-03 12:00:00
1685808000000,1951.0,1956.0,1946.0,1949.0,107.0765,2023-06-03 16:00:00
1685822400000,1950.0,1950.0,1942.0,1946.0,226.4046,2023-06-03 20:00:00
1685836800000,1946.0,1947.0,1945.0,1945.0,34.2174,2023-06-04 00:00:00
1685851200000,1945.0,1947.0,1943.0,1945.0,48.05,2023-06-04 04:00:00
1685865600000,1944.0,1950.0,1943.0,1948.0,147.6855,2023-06-04 08:00:00
1685880000000,1949.0,1950.0,1943.0,1943.0,153.144,2023-06-04 12:00:00
1685894400000,1944.0,1945.0,1941.0,1945.0,91.0049,2023-06-04 16:00:00
1685908800000,1944.0,1955.0,1940.0,1946.0,241.2463,2023-06-04 20:00:00
1685923200000,1946.0,1946.0,1940.0,1945.0,87.2036,2023-06-05 00:00:00
1685937600000,1945.0,1945.0,1939.0,1941.0,135.8609,2023-06-05 04:00:00
1685952000000,1940.0,1945.0,1938.0,1941.0,134.4595,2023-06-05 08:00:00
1685966400000,1941.0,1955.0,1938.0,1945.0,492.4005,2023-06-05 12:00:00
1685980800000,1945.0,1948.0,1938.0,1942.0,749.937,2023-06-05 16:00:00
1685995200000,1942.0,1943.0,1916.0,1920.0,1207.1609,2023-06-05 20:00:00
1686009600000,1920.0,1934.0,1916.0,1930.0,212.1337,2023-06-06 00:00:00
1686024000000,1930.0,1935.0,1929.0,1929.0,305.5891,2023-06-06 04:00:00
1686038400000,1930.0,1935.0,1926.0,1934.0,247.3702,2023-06-06 08:00:00
1686052800000,1934.0,1945.0,1927.0,1936.0,718.0191,2023-06-06 12:00:00
1686067200000,1937.0,1952.0,1936.0,1942.0,619.9169,2023-06-06 16:00:00
1686081600000,1942.0,1942.0,1928.0,1935.0,274.819,2023-06-06 20:00:00
1686096000000,1936.0,1937.0,1932.0,1932.0,116.2025,2023-06-07 00:00:00
1686110400000,1932.0,1939.0,1930.0,1934.0,236.448,2023-06-07 04:00:00
1686124800000,1934.0,1936.0,1931.0,1932.0,270.2795,2023-06-07 08:00:00
1686139200000,1932.0,1938.0,1924.0,1926.0,403.2136,2023-06-07 12:00:00
1686153600000,1926.0,1928.0,1913.0,1922.0,589.556,2023-06-07 16:00:00
1686168000000,1922.0,1926.0,1921.0,1924.0,111.4602,2023-06-07 20:00:00
1686182400000,1925.0,1925.0,1917.0,1921.0,191.6711,2023-06-08 00:00:00
1686196800000,1921.0,1921.0,1916.0,1921.0,196.0236,2023-06-08 04:00:00
1686211200000,1921.0,1929.0,1917.0,1920.0,165.1637,2023-06-08 08:00:00
1686225600000,1920.0,1940.0,1916.0,1938.0,393.5433,2023-06-08 12:00:00
1686240000000,1938.0,1939.0,1932.0,1934.0,175.7947,2023-06-08 16:00:00
1686254400000,1934.0,1934.0,1920.0,1921.0,381.8567,2023-06-08 20:00:00
1686268800000,1921.0,1924.0,1910.0,1923.0,276.7669,2023-06-09 00:00:00
1686283200000,1923.0,1927.0,1921.0,1927.0,82.7601,2023-06-09 04:00:00
1686297600000,1926.0,1936.0,1926.0,1931.0,146.6755,2023-06-09 08:00:00
1686312000000,1931.0,1932.0,1913.0,1914.0,367.9379,2023-06-09 12:00:00
1686326400000,1915.0,1926.0,1913.0,1922.0,299.3148,2023-06-09 16:00:00
1686340800000,1922.0,1928.0,1915.0,1916.0,204.2161,2023-06-09 20:00:00
1686355200000,1917.0,1917.0,1914.0,1914.0,40.5291,2023-06-10 00:00:00
1686369600000,1914.0,1916.0,1890.0,1905.0,1092.5621,2023-06-10 04:00:00
1686384000000,1906.0,1914.0,1896.0,1911.0,552.417,2023-06-10 08:00:00
1686398400000,1911.0,1926.0,1910.0,1922.0,380.1693,2023-06-10 12:00:00
1686412800000,1923.0,1931.0,1919.0,1924.0,396.7696,2023-06-10 16:00:00
1686427200000,1924.0,1924.0,1916.0,1920.0,61.4423,2023-06-10 20:00:00
1686441600000,1920.0,1920.0,1918.0,1918.0,34.7011,2023-06-11 00:00:00
1686456000000,1919.0,1922.0,1918.0,1921.0,54.3817,2023-06-11 04:00:00
1686470400000,1921.0,1922.0,1912.0,1922.0,146.8033,2023-06-11 08:00:00
1686484800000,1921.0,1922.0,1910.0,1915.0,188.2054,2023-06-11 12:00:00
1686499200000,1914.0,1918.0,1911.0,1912.0,108.6375,2023-06-11 16:00:00
1686513600000,1912.0,1925.0,1911.0,1918.0,179.1437,2023-06-11 20:00:00
1686528000000,1918.0,1918.0,1911.0,1912.0,123.7363,2023-06-12 00:00:00
1686542400000,1913.0,1923.0,1912.0,1923.0,167.4653,2023-06-12 04:00:00
1686556800000,1923.0,1931.0,1922.0,1928.0,243.3005,2023-06-12 08:00:00
1686571200000,1929.0,1929.0,1920.0,1923.0,197.0519,2023-06-12 12:00:00
1686585600000,1923.0,1925.0,1921.0,1925.0,84.7591,2023-06-12 16:00:00
1686600000000,1924.0,1935.0,1924.0,1931.0,243.5248,2023-06-12 20:00:00
1686614400000,1932.0,1933.0,1931.0,1931.0,43.4473,2023-06-13 00:00:00
1686628800000,1932.0,1935.0,1930.0,1935.0,157.582,2023-06-13 04:00:00
1686643200000,1935.0,1938.0,1932.0,1935.0,196.0556,2023-06-13 08:00:00
1686657600000,1934.0,1940.0,1921.0,1921.0,586.0477,2023-06-13 12:00:00
1686672000000,1921.0,1921.0,1912.0,1915.0,329.9785,2023-06-13 16:00:00
1686686400000,1915.0,1917.0,1912.0,1916.0,57.3806,2023-06-13 20:00:00
1686700800000,1915.0,1921.0,1915.0,1919.0,64.9073,2023-06-14 00:00:00
1686715200000,1919.0,1923.0,1919.0,1921.0,52.5032,2023-06-14 04:00:00
1686729600000,1921.0,1927.0,1921.0,1923.0,87.4877,2023-06-14 08:00:00
1686744000000,1923.0,1939.0,1923.0,1937.0,369.1324,2023-06-14 12:00:00
1686758400000,1937.0,1940.0,1923.0,1927.0,247.2484,2023-06-14 16:00:00
1686772800000,1927.0,1928.0,1915.0,1919.0,239.3089,2023-06-14 20:00:00
1686787200000,1919.0,1920.0,1917.0,1917.0,64.7987,2023-06-15 00:00:00
1686801600000,1918.0,1921.0,1915.0,1920.0,235.6362,2023-06-15 04:00:00
1686816000000,1920.0,1935.0,1918.0,1926.0,375.8308,2023-06-15 08:00:00
1686830400000,1926.0,1936.0,1910.0,1930.0,717.8966,2023-06-15 12:00:00
1686844800000,1931.0,1939.0,1929.0,1929.0,355.8548,2023-06-15 16:00:00
1686859200000,1930.0,1935.0,1923.0,1933.0,166.2578,2023-06-15 20:00:00
1686873600000,1934.0,1934.0,1927.0,1931.0,96.432,2023-06-16 00:00:00
1686888000000,1932.0,1935.0,1925.0,1929.0,288.6142,2023-06-16 04:00:00
1686902400000,1929.0,1937.0,1929.0,1935.0,559.2407,2023-06-16 08:00:00
1686916800000,1935.0,1941.0,1925.0,1937.0,470.5644,2023-06-16 12:00:00
1686931200000,1936.0,1948.0,1933.0,1940.0,334.8807,2023-06-16 16:00:00
1686945600000,1940.0,1947.0,1933.0,1945.0,136.8776,2023-06-16 20:00:00
1686960000000,1944.0,1945.0,1941.0,1943.0,22.8671,2023-06-17 00:00:00
1686974400000,1943.0,1949.0,1940.0,1945.0,142.3176,2023-06-17 04:00:00
1686988800000,1945.0,1948.0,1940.0,1941.0,62.2548,2023-06-17 08:00:00
1687003200000,1940.0,1942.0,1933.0,1934.0,101.4463,2023-06-17 12:00:00
1687017600000,1934.0,1938.0,1932.0,1933.0,70.342,2023-06-17 16:00:00
1687032000000,1933.0,1933.0,1927.0,1929.0,122.1359,2023-06-17 20:00:00
1687046400000,1930.0,1930.0,1926.0,1927.0,41.3904,2023-06-18 00:00:00
1687060800000,1927.0,1928.0,1926.0,1927.0,30.0802,2023-06-18 04:00:00
1687075200000,1927.0,1930.0,1926.0,1927.0,48.0136,2023-06-18 08:00:00
1687089600000,1927.0,1928.0,1926.0,1927.0,34.5398,2023-06-18 12:00:00
1687104000000,1928.0,1935.0,1926.0,1933.0,68.4307,2023-06-18 16:00:00
1687118400000,1933.0,1933.0,1925.0,1928.0,116.344,2023-06-18 20:00:00
1687132800000,1929.0,1932.0,1928.0,1930.0,19.3765,2023-06-19 00:00:00
1687147200000,1931.0,1931.0,1926.0,1926.0,36.0143,2023-06-19 04:00:00
1687161600000,1926.0,1929.0,1925.0,1926.0,92.6222,2023-06-19 08:00:00
1687176000000,1926.0,1930.0,1925.0,1930.0,132.9799,2023-06-19 12:00:00
1687190400000,1929.0,1930.0,1921.0,1925.0,162.0991,2023-06-19 16:00:00
1687204800000,1925.0,1929.0,1923.0,1926.0,93.4388,2023-06-19 20:00:00
1687219200000,1926.0,1926.0,1923.0,1923.0,40.6468,2023-06-20 00:00:00
1687233600000,1923.0,1929.0,1923.0,1927.0,88.9527,2023-06-20 04:00:00
1687248000000,1926.0,1927.0,1924.0,1926.0,50.891,2023-06-20 08:00:00
1687262400000,1925.0,1928.0,1920.0,1925.0,222.3909,2023-06-20 12:00:00
1687276800000,1924.0,1932.0,1921.0,1932.0,339.6592,2023-06-20 16:00:00
1687291200000,1932.0,1933.0,1920.0,1924.0,259.488,2023-06-20 20:00:00
1687305600000,1924.0,1931.0,1924.0,1925.0,277.4901,2023-06-21 00:00:00
1687320000000,1926.0,1927.0,1918.0,1921.0,188.1478,2023-06-21 04:00:00
1687334400000,1921.0,1926.0,1916.0,1924.0,269.6239,2023-06-21 08:00:00
1687348800000,1925.0,1929.0,1915.0,1923.0,700.4411,2023-06-21 12:00:00
1687363200000,1923.0,1930.0,1921.0,1923.0,379.4762,2023-06-21 16:00:00
1687377600000,1923.0,1926.0,1921.0,1924.0,162.914,2023-06-21 20:00:00
1687392000000,1925.0,1925.0,1918.0,1920.0,193.2038,2023-06-22 00:00:00
1687406400000,1920.0,1925.0,1917.0,1918.0,156.6733,2023-06-22 04:00:00
1687420800000,1917.0,1921.0,1915.0,1918.0,273.5605,2023-06-22 08:00:00
1687435200000,1919.0,1920.0,1905.0,1907.0,376.5611,2023-06-22 12:00:00
1687449600000,1906.0,1913.0,1901.0,1905.0,317.9073,2023-06-22 16:00:00
1687464000000,1905.0,1913.0,1905.0,1908.0,178.4031,2023-06-22 20:00:00
1687478400000,1908.0,1916.0,1900.0,1904.0,115.102,2023-06-23 00:00:00
1687492800000,1904.0,1908.0,1903.0,1906.0,118.7788,2023-06-23 04:00:00
1687507200000,1905.0,1906.0,1897.0,1905.0,224.5254,2023-06-23 08:00:00
1687521600000,1904.0,1919.0,1904.0,1910.0,339.0169,2023-06-23 12:00:00
1687536000000,1910.0,1912.0,1894.0,1905.0,251.2578,2023-06-23 16:00:00
1687550400000,1904.0,1909.0,1904.0,1908.0,104.1741,2023-06-23 20:00:00
1687564800000,1908.0,1910.0,1907.0,1909.0,39.0074,2023-06-24 00:00:00
1687579200000,1909.0,1910.0,1902.0,1903.0,52.1244,2023-06-24 04:00:00
1687593600000,1903.0,1911.0,1901.0,1911.0,109.6742,2023-06-24 08:00:00
1687608000000,1911.0,1914.0,1906.0,1908.0,190.0021,2023-06-24 12:00:00
1687622400000,1908.0,1916.0,1906.0,1908.0,359.4441,2023-06-24 16:00:00
1687636800000,1909.0,1909.0,1906.0,1908.0,62.3842,2023-06-24 20:00:00
1687651200000,1909.0,1909.0,1907.0,1908.0,27.9701,2023-06-25 00:00:00
1687665600000,1908.0,1911.0,1906.0,1908.0,47.7762,2023-06-25 04:00:00
1687680000000,1908.0,1908.0,1904.0,1906.0,54.5927,2023-06-25 08:00:00
1687694400000,1906.0,1906.0,1904.0,1905.0,65.9927,2023-06-25 12:00:00
1687708800000,1904.0,1906.0,1899.0,1900.0,134.8534,2023-06-25 16:00:00
1687723200000,1901.0,1907.0,1900.0,1905.0,85.6306,2023-06-25 20:00:00
1687737600000,1906.0,1909.0,1903.0,1908.0,166.4047,2023-06-26 00:00:00
1687752000000,1908.0,1910.0,1900.0,1909.0,190.1994,2023-06-26 04:00:00
1687766400000,1909.0,1918.0,1909.0,1914.0,221.3135,2023-06-26 08:00:00
1687780800000,1914.0,1919.0,1903.0,1911.0,224.156,2023-06-26 12:00:00
1687795200000,1911.0,1911.0,1903.0,1906.0,158.7054,2023-06-26 16:00:00
1687809600000,1906.0,1907.0,1905.0,1906.0,41.4825,2023-06-26 20:00:00
1687824000000,1906.0,1911.0,1905.0,1910.0,39.8903,2023-06-27 00:00:00
1687838400000,1910.0,1914.0,1909.0,1909.0,76.0286,2023-06-27 04:00:00
1687852800000,1909.0,1913.0,1909.0,1912.0,118.8965,2023-06-27 08:00:00
1687867200000,1911.0,1912.0,1903.0,1903.0,230.5372,2023-06-27 12:00:00
1687881600000,1904.0,1906.0,1902.0,1904.0,110.1128,2023-06-27 16:00:00
1687896000000,1904.0,1905.0,1901.0,1904.0,43.6596,2023-06-27 20:00:00
1687910400000,1904.0,1906.0,1901.0,1902.0,47.993,2023-06-28 00:00:00
1687924800000,1901.0,1906.0,1901.0,1903.0,104.161,2023-06-28 04:00:00
1687939200000,1904.0,1904.0,1894.0,1897.0,233.1564,2023-06-28 08:00:00
1687953600000,1896.0,1903.0,1890.0,1897.0,283.3939,2023-06-28 12:00:00
1687968000000,1897.0,1900.0,1889.0,1891.0,166.0614,2023-06-28 16:00:00
1687982400000,1891.0,1896.0,1886.0,1891.0,198.2622,2023-06-28 20:00:00
1687996800000,1891.0,1897.0,1891.0,1895.0,94.9576,2023-06-29 00:00:00
1688011200000,1895.0,1897.0,1889.0,1891.0,113.3944,2023-06-29 04:00:00
1688025600000,1891.0,1896.0,1888.0,1895.0,105.0799,2023-06-29 08:00:00
1688040000000,1895.0,1898.0,1884.0,1895.0,332.0409,2023-06-29 12:00:00
1688054400000,1895.0,1899.0,1890.0,1893.0,156.8974,2023-06-29 16:00:00
1688068800000,1893.0,1895.0,1892.0,1893.0,48.7047,2023-06-29 20:00:00
1688083200000,1894.0,1898.0,1890.0,1896.0,126.5089,2023-06-30 00:00:00
1688097600000,1896.0,1900.0,1892.0,1892.0,207.3324,2023-06-30 04:00:00
1688112000000,1893.0,1896.0,1890.0,1894.0,119.9266,2023-06-30 08:00:00
1688126400000,1894.0,1904.0,1890.0,1904.0,503.3947,2023-06-30 12:00:00
1688140800000,1903.0,1909.0,1901.0,1904.0,192.7778,2023-06-30 16:00:00
1688155200000,1904.0,1905.0,1902.0,1902.0,72.2212,2023-06-30 20:00:00
1688169600000,1903.0,1904.0,1901.0,1902.0,51.374,2023-07-01 00:00:00
1688184000000,1902.0,1905.0,1890.0,1904.0,162.0951,2023-07-01 04:00:00
1688198400000,1903.0,1904.0,1898.0,1901.0,44.5569,2023-07-01 08:00:00
1688212800000,1900.0,1901.0,1896.0,1899.0,49.0116,2023-07-01 12:00:00
1688227200000,1899.0,1903.0,1897.0,1900.0,237.0607,2023-07-01 16:00:00
1688241600000,1900.0,1901.0,1893.0,1895.0,69.5295,2023-07-01 20:00:00
1688256000000,1896.0,1897.0,1895.0,1895.0,32.8749,2023-07-02 00:00:00
1688270400000,1896.0,1896.0,1895.0,1895.0,44.9066,2023-07-02 04:00:00
1688284800000,1895.0,1899.0,1895.0,1897.0,60.0465,2023-07-02 08:00:00
1688299200000,1898.0,1900.0,1895.0,1896.0,91.8874,2023-07-02 12:00:00
1688313600000,1897.0,1899.0,1894.0,1896.0,92.8314,2023-07-02 16:00:00
1688328000000,1897.0,1900.0,1896.0,1897.0,139.2151,2023-07-02 20:00:00
1688342400000,1898.0,1900.0,1896.0,1898.0,102.982,2023-07-03 00:00:00
1688356800000,1898.0,1900.0,1892.0,1895.0,185.442,2023-07-03 04:00:00
1688371200000,1896.0,1896.0,1882.0,1890.0,345.6081,2023-07-03 08:00:00
1688385600000,1890.0,1905.0,1890.0,1905.0,330.0583,2023-07-03 12:00:00
1688400000000,1905.0,1907.0,1890.0,1898.0,343.6008,2023-07-03 16:00:00
1688414400000,1898.0,1899.0,1896.0,1897.0,107.8541,2023-07-03 20:00:00
1688428800000,1897.0,1900.0,1894.0,1898.0,111.5163,2023-07-04 00:00:00
1688443200000,1899.0,1903.0,1897.0,1901.0,66.3167,2023-07-04 04:00:00
1688457600000,1901.0,1904.0,1900.0,1903.0,80.4152,2023-07-04 08:00:00
1688472000000,1903.0,1904.0,1889.0,1894.0,461.4938,2023-07-04 12:00:00
1688486400000,1895.0,1899.0,1891.0,1892.0,113.4489,2023-07-04 16:00:00
1688500800000,1892.0,1900.0,1891.0,1898.0,97.0743,2023-07-04 20:00:00
1688515200000,1899.0,1901.0,1897.0,1899.0,74.5708,2023-07-05 00:00:00
1688529600000,1900.0,1904.0,1897.0,1900.0,93.362,2023-07-05 04:00:00
1688544000000,1900.0,1903.0,1896.0,1898.0,135.1636,2023-07-05 08:00:00
1688558400000,1898.0,1899.0,1891.0,1895.0,254.7257,2023-07-05 12:00:00
1688572800000,1896.0,1897.0,1890.0,1891.0,260.7222,2023-07-05 16:00:00
1688587200000,1892.0,1894.0,1890.0,1893.0,138.2023,2023-07-05 20:00:00
1688601600000,1894.0,1895.0,1891.0,1895.0,73.8752,2023-07-06 00:00:00
1688616000000,1895.0,1899.0,1894.0,1897.0,81.1866,2023-07-06 04:00:00
1688630400000,1898.0,1905.0,1895.0,1904.0,334.1139,2023-07-06 08:00:00
1688644800000,1904.0,1905.0,1886.0,1890.0,497.1193,2023-07-06 12:00:00
1688659200000,1890.0,1892.0,1887.0,1891.0,113.9891,2023-07-06 16:00:00
1688673600000,1891.0,1893.0,1889.0,1891.0,101.3821,2023-07-06 20:00:00
1688688000000,1891.0,1896.0,1888.0,1895.0,73.504,2023-07-07 00:00:00
1688702400000,1895.0,1900.0,1892.0,1894.0,130.3686,2023-07-07 04:00:00
1688716800000,1895.0,1901.0,1891.0,1901.0,243.2018,2023-07-07 08:00:00
1688731200000,1900.0,1913.0,1898.0,1908.0,361.9571,2023-07-07 12:00:00
1688745600000,1908.0,1909.0,1905.0,1907.0,82.8834,2023-07-07 16:00:00
1688760000000,1908.0,1914.0,1903.0,1904.0,136.4872,2023-07-07 20:00:00
1688774400000,1905.0,1906.0,1904.0,1904.0,21.7323,2023-07-08 00:00:00
1688788800000,1904.0,1905.0,1902.0,1904.0,40.9151,2023-07-08 04:00:00
1688803200000,1905.0,1907.0,1901.0,1906.0,41.5943,2023-07-08 08:00:00
1688817600000,1905.0,1906.0,1902.0,1903.0,30.9262,2023-07-08 12:00:00
1688832000000,1904.0,1905.0,1902.0,1903.0,54.3196,2023-07-08 16:00:00
1688846400000,1904.0,1904.0,1902.0,1903.0,28.5916,2023-07-08 20:00:00
1688860800000,1904.0,1906.0,1902.0,1904.0,29.6125,2023-07-09 00:00:00
1688875200000,1904.0,1905.0,1900.0,1901.0,23.1465,2023-07-09 04:00:00
1688889600000,1901.0,1907.0,1901.0,1906.0,66.2421,2023-07-09 08:00:00
1688904000000,1906.0,1906.0,1902.0,1903.0,39.9053,2023-07-09 12:00:00
1688918400000,1902.0,1903.0,1900.0,1901.0,41.6482,2023-07-09 16:00:00
1688932800000,1902.0,1905.0,1899.0,1904.0,91.2994,2023-07-09 20:00:00
1688947200000,1903.0,1906.0,1901.0,1901.0,47.5284,2023-07-10 00:00:00
1688961600000,1902.0,1910.0,1901.0,1909.0,165.5928,2023-07-10 04:00:00
1688976000000,1909.0,1910.0,1896.0,1906.0,234.8233,2023-07-10 08:00:00
1688990400000,1906.0,1908.0,1900.0,1907.0,120.7707,2023-07-10 12:00:00
1689004800000,1907.0,1909.0,1903.0,1908.0,114.404,2023-07-10 16:00:00
1689019200000,1907.0,1910.0,1905.0,1907.0,121.6091,2023-07-10 20:00:00
1689033600000,1908.0,1912.0,1907.0,1911.0,74.7819,2023-07-11 00:00:00
1689048000000,1911.0,1920.0,1910.0,1919.0,254.3692,2023-07-11 04:00:00
1689062400000,1920.0,1921.0,1915.0,1918.0,153.321,2023-07-11 08:00:00
1689076800000,1918.0,1919.0,1911.0,1916.0,200.671,2023-07-11 12:00:00
1689091200000,1915.0,1920.0,1912.0,1918.0,107.7785,2023-07-11 16:00:00
1689105600000,1918.0,1921.0,1917.0,1919.0,97.2411,2023-07-11 20:00:00
1689120000000,1919.0,1925.0,1916.0,1923.0,254.5877,2023-07-12 00:00:00
1689134400000,1922.0,1925.0,1922.0,1923.0,52.7455,2023-07-12 04:00:00
1689148800000,1923.0,1924.0,1910.0,1919.0,230.9428,2023-07-12 08:00:00
1689163200000,1919.0,1935.0,1917.0,1933.0,449.9661,2023-07-12 12:00:00
1689177600000,1933.0,1946.0,1929.0,1942.0,274.7777,2023-07-12 16:00:00
1689192000000,1942.0,1947.0,1936.0,1945.0,260.3833,2023-07-12 20:00:00
1689206400000,1945.0,1954.0,1944.0,1950.0,373.6803,2023-07-13 00:00:00
1689220800000,1951.0,1951.0,1944.0,1946.0,115.083,2023-07-13 04:00:00
1689235200000,1945.0,1950.0,1944.0,1946.0,138.6697,2023-07-13 08:00:00
1689249600000,1947.0,1953.0,1943.0,1952.0,241.265,2023-07-13 12:00:00
1689264000000,1951.0,1960.0,1931.0,1938.0,1078.7935,2023-07-13 16:00:00
1689278400000,1937.0,1941.0,1931.0,1939.0,313.6458,2023-07-13 20:00:00
1689292800000,1940.0,1949.0,1939.0,1941.0,321.7819,2023-07-14 00:00:00
1689307200000,1941.0,1941.0,1932.0,1933.0,210.1098,2023-07-14 04:00:00
1689321600000,1933.0,1939.0,1932.0,1939.0,182.5978,2023-07-14 08:00:00
1689336000000,1939.0,1942.0,1933.0,1935.0,312.7426,2023-07-14 12:00:00
1689350400000,1936.0,1939.0,1927.0,1927.0,358.4633,2023-07-14 16:00:00
1689364800000,1927.0,1929.0,1926.0,1926.0,101.2383,2023-07-14 20:00:00
1689379200000,1927.0,1928.0,1926.0,1927.0,29.2783,2023-07-15 00:00:00
1689393600000,1927.0,1928.0,1926.0,1926.0,30.1993,2023-07-15 04:00:00
1689408000000,1926.0,1930.0,1925.0,1928.0,65.0655,2023-07-15 08:00:00
1689422400000,1928.0,1929.0,1925.0,1926.0,42.9811,2023-07-15 12:00:00
1689436800000,1925.0,1926.0,1921.0,1923.0,82.8897,2023-07-15 16:00:00
1689451200000,1922.0,1923.0,1920.0,1921.0,28.2802,2023-07-15 20:00:00
1689465600000,1920.0,1923.0,1919.0,1920.0,67.7977,2023-07-16 00:00:00
1689480000000,1920.0,1927.0,1920.0,1923.0,51.6863,2023-07-16 04:00:00
1689494400000,1923.0,1925.0,1920.0,1923.0,63.9501,2023-07-16 08:00:00
1689508800000,1922.0,1926.0,1922.0,1924.0,43.2787,2023-07-16 12:00:00
1689523200000,1923.0,1928.0,1922.0,1925.0,132.1167,2023-07-16 16:00:00
1689537600000,1925.0,1928.0,1924.0,1925.0,99.6694,2023-07-16 20:00:00
1689552000000,1925.0,1929.0,1925.0,1928.0,29.83,2023-07-17 00:00:00
1689566400000,1928.0,1929.0,1918.0,1923.0,268.7584,2023-07-17 04:00:00
1689580800000,1923.0,1925.0,1921.0,1924.0,103.8669,2023-07-17 08:00:00
1689595200000,1925.0,1944.0,1918.0,1921.0,353.8798,2023-07-17 12:00:00
1689609600000,1922.0,1924.0,1912.0,1916.0,729.3747,2023-07-17 16:00:00
1689624000000,1916.0,1918.0,1914.0,1918.0,150.5517,2023-07-17 20:00:00
1689638400000,1918.0,1919.0,1914.0,1919.0,173.269,2023-07-18 00:00:00
1689652800000,1919.0,1921.0,1918.0,1921.0,607.035,2023-07-18 04:00:00
1689667200000,1920.0,1926.0,1920.0,1923.0,168.691,2023-07-18 08:00:00
1689681600000,1924.0,1952.0,1920.0,1943.0,527.8724,2023-07-18 12:00:00
1689696000000,1943.0,1950.0,1937.0,1937.0,445.764,2023-07-18 16:00:00
1689710400000,1938.0,1943.0,1935.0,1939.0,125.463,2023-07-18 20:00:00
1689724800000,1938.0,1940.0,1938.0,1939.0,58.0444,2023-07-19 00:00:00
1689739200000,1940.0,1942.0,1936.0,1939.0,101.11,2023-07-19 04:00:00
1689753600000,1939.0,1944.0,1935.0,1937.0,130.2924,2023-07-19 08:00:00
1689768000000,1936.0,1940.0,1935.0,1939.0,152.3985,2023-07-19 12:00:00
1689782400000,1939.0,1945.0,1938.0,1943.0,130.0299,2023-07-19 16:00:00
1689796800000,1943.0,1944.0,1937.0,1939.0,283.8658,2023-07-19 20:00:00
1689811200000,1938.0,1944.0,1938.0,1942.0,628.9406,2023-07-20 00:00:00
1689825600000,1941.0,1943.0,1934.0,1940.0,128.5555,2023-07-20 04:00:00
1689840000000,1941.0,1943.0,1935.0,1940.0,198.0701,2023-07-20 08:00:00
1689854400000,1940.0,1942.0,1929.0,1931.0,401.0649,2023-07-20 12:00:00
1689868800000,1931.0,1935.0,1929.0,1933.0,181.4031,2023-07-20 16:00:00
1689883200000,1933.0,1935.0,1929.0,1934.0,191.7414,2023-07-20 20:00:00
1689897600000,1934.0,1938.0,1933.0,1933.0,112.4981,2023-07-21 00:00:00
1689912000000,1933.0,1935.0,1929.0,1929.0,125.7673,2023-07-21 04:00:00
1689926400000,1929.0,1933.0,1924.0,1930.0,154.9341,2023-07-21 08:00:00
1689940800000,1930.0,1931.0,1923.0,1925.0,168.729,2023-07-21 12:00:00
1689955200000,1925.0,1932.0,1924.0,1929.0,177.0468,2023-07-21 16:00:00
1689969600000,1929.0,1929.0,1921.0,1924.0,104.011,2023-07-21 20:00:00
1689984000000,1924.0,1929.0,1921.0,1922.0,136.3735,2023-07-22 00:00:00
1689998400000,1922.0,1927.0,1922.0,1925.0,84.7671,2023-07-22 04:00:00
1690012800000,1925.0,1926.0,1923.0,1925.0,80.9089,2023-07-22 08:00:00
1690027200000,1925.0,1928.0,1924.0,1928.0,37.469,2023-07-22 12:00:00
1690041600000,1927.0,1929.0,1925.0,1928.0,53.6031,2023-07-22 16:00:00
1690056000000,1929.0,1929.0,1924.0,1927.0,27.4051,2023-07-22 20:00:00
1690070400000,1927.0,1930.0,1926.0,1928.0,45.6212,2023-07-23 00:00:00
1690084800000,1929.0,1929.0,1924.0,1925.0,14.8971,2023-07-23 04:00:00
1690099200000,1925.0,1931.0,1924.0,1925.0,33.2104,2023-07-23 08:00:00
1690113600000,1925.0,1929.0,1924.0,1928.0,15.7432,2023-07-23 12:00:00
1690128000000,1927.0,1930.0,1926.0,1927.0,52.4363,2023-07-23 16:00:00
1690142400000,1927.0,1934.0,1923.0,1933.0,68.3373,2023-07-23 20:00:00
1690156800000,1932.0,1941.0,1930.0,1941.0,115.1136,2023-07-24 00:00:00
1690171200000,1940.0,1942.0,1930.0,1937.0,107.3234,2023-07-24 04:00:00
1690185600000,1937.0,1947.0,1932.0,1938.0,429.18,2023-07-24 08:00:00
1690200000000,1938.0,1940.0,1930.0,1936.0,99.0711,2023-07-24 12:00:00
1690214400000,1937.0,1940.0,1932.0,1935.0,143.216,2023-07-24 16:00:00
1690228800000,1935.0,1939.0,1931.0,1936.0,29.2151,2023-07-24 20:00:00
1690243200000,1937.0,1945.0,1929.0,1942.0,111.6907,2023-07-25 00:00:00
1690257600000,1941.0,1945.0,1939.0,1942.0,98.9202,2023-07-25 04:00:00
1690272000000,1942.0,1944.0,1936.0,1939.0,62.2087,2023-07-25 08:00:00
1690286400000,1939.0,1946.0,1939.0,1945.0,92.1287,2023-07-25 12:00:00
1690300800000,1945.0,1948.0,1940.0,1945.0,174.45,2023-07-25 16:00:00
1690315200000,1944.0,1951.0,1940.0,1945.0,80.0258,2023-07-25 20:00:00
1690329600000,1945.0,1946.0,1941.0,1943.0,34.1597,2023-07-26 00:00:00
1690344000000,1943.0,1953.0,1942.0,1953.0,302.2208,2023-07-26 04:00:00
1690358400000,1954.0,1959.0,1950.0,1955.0,102.0746,2023-07-26 08:00:00
1690372800000,1955.0,1959.0,1949.0,1958.0,151.1426,2023-07-26 12:00:00
1690387200000,1958.0,1959.0,1950.0,1956.0,168.7403,2023-07-26 16:00:00
1690401600000,1957.0,1965.0,1949.0,1955.0,207.1878,2023-07-26 20:00:00
1690416000000,1956.0,1964.0,1955.0,1961.0,34.0704,2023-07-27 00:00:00
1690430400000,1961.0,1966.0,1955.0,1964.0,40.9955,2023-07-27 04:00:00
1690444800000,1964.0,1965.0,1958.0,1963.0,87.7672,2023-07-27 08:00:00
1690459200000,1963.0,1968.0,1934.0,1941.0,553.3411,2023-07-27 12:00:00
1690473600000,1941.0,1943.0,1935.0,1939.0,72.9634,2023-07-27 16:00:00
1690488000000,1938.0,1942.0,1936.0,1942.0,45.0191,2023-07-27 20:00:00
1690502400000,1942.0,1945.0,1939.0,1945.0,28.2631,2023-07-28 00:00:00
1690516800000,1945.0,1946.0,1940.0,1940.0,61.9819,2023-07-28 04:00:00
1690531200000,1940.0,1951.0,1938.0,1946.0,69.0047,2023-07-28 08:00:00
1690545600000,1946.0,1951.0,1945.0,1950.0,135.494,2023-07-28 12:00:00
1690560000000,1951.0,1951.0,1946.0,1949.0,27.9075,2023-07-28 16:00:00
1690574400000,1949.0,1951.0,1948.0,1950.0,16.8615,2023-07-28 20:00:00
1690588800000,1950.0,1952.0,1947.0,1949.0,21.2929,2023-07-29 00:00:00
1690603200000,1948.0,1954.0,1948.0,1948.0,26.0621,2023-07-29 04:00:00
1690617600000,1948.0,1951.0,1948.0,1949.0,11.0743,2023-07-29 08:00:00
1690632000000,1948.0,1950.0,1946.0,1948.0,27.4221,2023-07-29 12:00:00
1690646400000,1948.0,1948.0,1945.0,1948.0,23.5955,2023-07-29 16:00:00
1690660800000,1948.0,1949.0,1947.0,1947.0,10.6019,2023-07-29 20:00:00
1690675200000,1947.0,1960.0,1947.0,1951.0,30.2803,2023-07-30 00:00:00
1690689600000,1951.0,1952.0,1948.0,1951.0,13.6038,2023-07-30 04:00:00
1690704000000,1950.0,1951.0,1945.0,1947.0,31.4741,2023-07-30 08:00:00
1690718400000,1947.0,1949.0,1945.0,1946.0,26.1642,2023-07-30 12:00:00
1690732800000,1947.0,1952.0,1943.0,1945.0,49.7274,2023-07-30 16:00:00
1690747200000,1947.0,1949.0,1942.0,1947.0,43.4962,2023-07-30 20:00:00
1690761600000,1946.0,1948.0,1940.0,1942.0,54.8328,2023-07-31 00:00:00
1690776000000,1942.0,1945.0,1938.0,1942.0,46.6811,2023-07-31 04:00:00
1690790400000,1942.0,1953.0,1940.0,1949.0,107.6799,2023-07-31 08:00:00
1690804800000,1950.0,1961.0,1948.0,1958.0,116.6157,2023-07-31 12:00:00
1690819200000,1959.0,1961.0,1953.0,1955.0,48.1825,2023-07-31 16:00:00
1690833600000,1955.0,1957.0,1951.0,1954.0,39.577,2023-07-31 20:00:00
1690848000000,1954.0,1954.0,1945.0,1949.0,108.2787,2023-08-01 00:00:00
1690862400000,1949.0,1951.0,1943.0,1945.0,108.0306,2023-08-01 04:00:00
1690876800000,1945.0,1947.0,1941.0,1944.0,82.9847,2023-08-01 08:00:00
1690891200000,1943.0,1945.0,1936.0,1941.0,169.7371,2023-08-01 12:00:00
1690905600000,1941.0,1944.0,1937.0,1940.0,66.1056,2023-08-01 16:00:00
1690920000000,1940.0,1949.0,1939.0,1948.0,46.2937,2023-08-01 20:00:00
1690934400000,1949.0,1949.0,1935.0,1940.0,155.2101,2023-08-02 00:00:00
1690948800000,1940.0,1943.0,1938.0,1938.0,31.4574,2023-08-02 04:00:00
1690963200000,1938.0,1943.0,1938.0,1941.0,43.5776,2023-08-02 08:00:00
1690977600000,1940.0,1941.0,1932.0,1934.0,167.7166,2023-08-02 12:00:00
1690992000000,1934.0,1937.0,1924.0,1935.0,191.7013,2023-08-02 16:00:00
1691006400000,1936.0,1936.0,1926.0,1929.0,68.1644,2023-08-02 20:00:00
1691020800000,1931.0,1937.0,1925.0,1933.0,100.5329,2023-08-03 00:00:00
1691035200000,1933.0,1934.0,1928.0,1934.0,37.9734,2023-08-03 04:00:00
1691049600000,1934.0,1934.0,1928.0,1931.0,75.7429,2023-08-03 08:00:00
1691064000000,1932.0,1935.0,1926.0,1931.0,107.9322,2023-08-03 12:00:00
1691078400000,1931.0,1932.0,1923.0,1928.0,35.0194,2023-08-03 16:00:00
1691092800000,1929.0,1935.0,1928.0,1934.0,49.8432,2023-08-03 20:00:00
1691107200000,1934.0,1936.0,1933.0,1936.0,16.1383,2023-08-04 00:00:00
1691121600000,1935.0,1936.0,1929.0,1930.0,39.7679,2023-08-04 04:00:00
1691136000000,1929.0,1931.0,1927.0,1930.0,78.2805,2023-08-04 08:00:00
1691150400000,1930.0,1944.0,1924.0,1937.0,178.7306,2023-08-04 12:00:00
1691164800000,1938.0,1945.0,1936.0,1938.0,142.113,2023-08-04 16:00:00
1691179200000,1938.0,1946.0,1938.0,1944.0,92.1672,2023-08-04 20:00:00
1691193600000,1944.0,1950.0,1939.0,1944.0,44.1224,2023-08-05 00:00:00
1691208000000,1944.0,1948.0,1938.0,1939.0,37.8641,2023-08-05 04:00:00
1691222400000,1939.0,1946.0,1938.0,1939.0,45.9657,2023-08-05 08:00:00
1691236800000,1939.0,1950.0,1938.0,1945.0,130.25,2023-08-05 12:00:00
1691251200000,1946.0,1946.0,1940.0,1941.0,28.395,2023-08-05 16:00:00
1691265600000,1940.0,1944.0,1939.0,1943.0,22.7481,2023-08-05 20:00:00
1691280000000,1942.0,1944.0,1939.0,1939.0,38.8499,2023-08-06 00:00:00
1691294400000,1939.0,1942.0,1939.0,1939.0,9.1253,2023-08-06 04:00:00
1691308800000,1939.0,1942.0,1937.0,1939.0,21.6038,2023-08-06 08:00:00
1691323200000,1940.0,1948.0,1934.0,1941.0,86.632,2023-08-06 12:00:00
1691337600000,1941.0,1948.0,1937.0,1946.0,126.3104,2023-08-06 16:00:00
1691352000000,1945.0,1949.0,1937.0,1941.0,97.3044,2023-08-06 20:00:00
1691366400000,1941.0,1945.0,1941.0,1943.0,25.3531,2023-08-07 00:00:00
1691380800000,1943.0,1946.0,1937.0,1940.0,106.2282,2023-08-07 04:00:00
1691395200000,1940.0,1944.0,1935.0,1938.0,80.0077,2023-08-07 08:00:00
1691409600000,1938.0,1946.0,1934.0,1935.0,197.0943,2023-08-07 12:00:00
1691424000000,1935.0,1945.0,1930.0,1944.0,363.9925,2023-08-07 16:00:00
1691438400000,1945.0,1947.0,1944.0,1944.0,117.5151,2023-08-07 20:00:00
1691452800000,1945.0,1945.0,1937.0,1939.0,84.3668,2023-08-08 00:00:00
1691467200000,1940.0,1940.0,1936.0,1937.0,42.2074,2023-08-08 04:00:00
1691481600000,1936.0,1939.0,1935.0,1937.0,42.2764,2023-08-08 08:00:00
1691496000000,1938.0,1939.0,1934.0,1936.0,177.339,2023-08-08 12:00:00
1691510400000,1936.0,1940.0,1932.0,1933.0,174.9318,2023-08-08 16:00:00
1691524800000,1934.0,1939.0,1928.0,1930.0,217.1348,2023-08-08 20:00:00
1691539200000,1930.0,1934.0,1927.0,1933.0,185.6272,2023-08-09 00:00:00
1691553600000,1934.0,1939.0,1933.0,1937.0,83.2797,2023-08-09 04:00:00
1691568000000,1936.0,1939.0,1930.0,1931.0,128.6254,2023-08-09 08:00:00
1691582400000,1931.0,1933.0,1925.0,1926.0,181.0875,2023-08-09 12:00:00
1691596800000,1925.0,1926.0,1918.0,1923.0,179.1393,2023-08-09 16:00:00
1691611200000,1923.0,1923.0,1915.0,1920.0,264.5371,2023-08-09 20:00:00
1691625600000,1920.0,1924.0,1919.0,1923.0,26.2433,2023-08-10 00:00:00
1691640000000,1923.0,1925.0,1921.0,1925.0,71.8979,2023-08-10 04:00:00
1691654400000,1924.0,1926.0,1920.0,1924.0,120.3064,2023-08-10 08:00:00
1691668800000,1925.0,1929.0,1919.0,1921.0,237.648,2023-08-10 12:00:00
1691683200000,1922.0,1924.0,1920.0,1920.0,54.6865,2023-08-10 16:00:00
1691697600000,1920.0,1920.0,1917.0,1917.0,31.8198,2023-08-10 20:00:00
1691712000000,1917.0,1920.0,1917.0,1919.0,24.3541,2023-08-11 00:00:00
1691726400000,1919.0,1924.0,1918.0,1921.0,53.9982,2023-08-11 04:00:00
1691740800000,1921.0,1922.0,1916.0,1919.0,61.2561,2023-08-11 08:00:00
1691755200000,1919.0,1921.0,1916.0,1917.0,98.7764,2023-08-11 12:00:00
1691769600000,1917.0,1918.0,1914.0,1916.0,53.6177,2023-08-11 16:00:00
1691784000000,1915.0,1916.0,1910.0,1910.0,117.7208,2023-08-11 20:00:00
1691798400000,1910.0,1912.0,1905.0,1907.0,84.2828,2023-08-12 00:00:00
1691812800000,1906.0,1912.0,1891.0,1909.0,182.4081,2023-08-12 04:00:00
1691827200000,1909.0,1911.0,1900.0,1903.0,68.9997,2023-08-12 08:00:00
1691841600000,1903.0,1910.0,1901.0,1908.0,67.1128,2023-08-12 12:00:00
1691856000000,1908.0,1910.0,1890.0,1901.0,290.3992,2023-08-12 16:00:00
1691870400000,1900.0,1909.0,1900.0,1904.0,26.1892,2023-08-12 20:00:00
1691884800000,1905.0,1906.0,1903.0,1905.0,9.2108,2023-08-13 00:00:00
1691899200000,1905.0,1905.0,1896.0,1902.0,45.5211,2023-08-13 04:00:00
1691913600000,1901.0,1904.0,1900.0,1904.0,28.7832,2023-08-13 08:00:00
1691928000000,1903.0,1907.0,1901.0,1902.0,28.1067,2023-08-13 12:00:00
1691942400000,1903.0,1909.0,1902.0,1905.0,43.5437,2023-08-13 16:00:00
1691956800000,1906.0,1911.0,1902.0,1906.0,106.6182,2023-08-13 20:00:00
1691971200000,1907.0,1912.0,1902.0,1911.0,85.2052,2023-08-14 00:00:00
1691985600000,1912.0,1913.0,1911.0,1912.0,42.1344,2023-08-14 04:00:00
1692000000000,1913.0,1915.0,1900.0,1911.0,114.4989,2023-08-14 08:00:00
1692014400000,1911.0,1912.0,1901.0,1905.0,127.733,2023-08-14 12:00:00
1692028800000,1905.0,1907.0,1900.0,1902.0,64.0416,2023-08-14 16:00:00
1692043200000,1902.0,1903.0,1899.0,1902.0,54.7631,2023-08-14 20:00:00
1692057600000,1901.0,1904.0,1900.0,1903.0,24.8638,2023-08-15 00:00:00
1692072000000,1902.0,1904.0,1899.0,1902.0,26.0478,2023-08-15 04:00:00
1692086400000,1901.0,1907.0,1899.0,1905.0,145.3592,2023-08-15 08:00:00
1692100800000,1905.0,1911.0,1899.0,1909.0,99.9405,2023-08-15 12:00:00
1692115200000,1908.0,1909.0,1897.0,1899.0,105.3079,2023-08-15 16:00:00
1692129600000,1899.0,1904.0,1897.0,1899.0,40.7569,2023-08-15 20:00:00
1692144000000,1899.0,1904.0,1897.0,1902.0,20.931,2023-08-16 00:00:00
1692158400000,1903.0,1908.0,1898.0,1902.0,118.085,2023-08-16 04:00:00
1692172800000,1903.0,1905.0,1899.0,1901.0,43.1187,2023-08-16 08:00:00
1692187200000,1900.0,1902.0,1894.0,1899.0,143.3125,2023-08-16 12:00:00
1692201600000,1899.0,1904.0,1893.0,1894.0,185.8041,2023-08-16 16:00:00
1692216000000,1894.0,1897.0,1890.0,1894.0,101.8876,2023-08-16 20:00:00
1692230400000,1892.0,1896.0,1890.0,1893.0,56.7292,2023-08-17 00:00:00
1692244800000,1893.0,1898.0,1891.0,1897.0,48.6656,2023-08-17 04:00:00
1692259200000,1897.0,1900.0,1892.0,1897.0,92.1809,2023-08-17 08:00:00
1692273600000,1897.0,1902.0,1887.0,1888.0,228.0872,2023-08-17 12:00:00
1692288000000,1889.0,1892.0,1881.0,1886.0,375.2435,2023-08-17 16:00:00
1692302400000,1886.0,1892.0,1865.0,1871.0,746.5388,2023-08-17 20:00:00
1692316800000,1872.0,1899.0,1867.0,1890.0,477.0955,2023-08-18 00:00:00
1692331200000,1890.0,1892.0,1890.0,1891.0,149.2135,2023-08-18 04:00:00
1692345600000,1890.0,1894.0,1890.0,1891.0,137.2854,2023-08-18 08:00:00
1692360000000,1890.0,1893.0,1883.0,1887.0,174.9867,2023-08-18 12:00:00
1692374400000,1885.0,1888.0,1880.0,1880.0,94.7822,2023-08-18 16:00:00
1692388800000,1881.0,1884.0,1872.0,1874.0,73.7881,2023-08-18 20:00:00
1692403200000,1874.0,1878.0,1872.0,1873.0,25.4747,2023-08-19 00:00:00
1692417600000,1874.0,1883.0,1872.0,1880.0,126.842,2023-08-19 04:00:00
1692432000000,1880.0,1881.0,1877.0,1877.0,64.6251,2023-08-19 08:00:00
1692446400000,1877.0,1879.0,1873.0,1878.0,48.3544,2023-08-19 12:00:00
1692460800000,1877.0,1879.0,1870.0,1874.0,97.9453,2023-08-19 16:00:00
1692475200000,1873.0,1875.0,1871.0,1875.0,23.116,2023-08-19 20:00:00
1692489600000,1874.0,1878.0,1871.0,1875.0,45.3589,2023-08-20 00:00:00
1692504000000,1875.0,1879.0,1874.0,1876.0,109.2818,2023-08-20 04:00:00
1692518400000,1876.0,1876.0,1869.0,1873.0,36.7591,2023-08-20 08:00:00
1692532800000,1873.0,1876.0,1868.0,1876.0,41.229,2023-08-20 12:00:00
1692547200000,1875.0,1876.0,1870.0,1874.0,33.6866,2023-08-20 16:00:00
1692561600000,1872.0,1878.0,1868.0,1876.0,65.398,2023-08-20 20:00:00
1692576000000,1875.0,1878.0,1871.0,1876.0,27.0903,2023-08-21 00:00:00
1692590400000,1877.0,1880.0,1874.0,1876.0,67.095,2023-08-21 04:00:00
1692604800000,1876.0,1884.0,1873.0,1880.0,115.1348,2023-08-21 08:00:00
1692619200000,1881.0,1886.0,1872.0,1875.0,207.2314,2023-08-21 12:00:00
1692633600000,1874.0,1882.0,1872.0,1879.0,52.1855,2023-08-21 16:00:00
1692648000000,1879.0,1880.0,1875.0,1879.0,31.4557,2023-08-21 20:00:00
1692662400000,1880.0,1898.0,1877.0,1886.0,138.1318,2023-08-22 00:00:00
1692676800000,1886.0,1894.0,1882.0,1893.0,64.4415,2023-08-22 04:00:00
1692691200000,1891.0,1899.0,1886.0,1889.0,114.98,2023-08-22 08:00:00
1692705600000,1889.0,1894.0,1881.0,1890.0,135.9133,2023-08-22 12:00:00
1692720000000,1890.0,1895.0,1882.0,1886.0,105.7474,2023-08-22 16:00:00
1692734400000,1887.0,1890.0,1881.0,1888.0,69.6897,2023-08-22 20:00:00
1692748800000,1888.0,1897.0,1888.0,1892.0,61.8643,2023-08-23 00:00:00
1692763200000,1892.0,1900.0,1890.0,1899.0,68.0079,2023-08-23 04:00:00
1692777600000,1899.0,1902.0,1896.0,1899.0,109.0705,2023-08-23 08:00:00
1692792000000,1897.0,1914.0,1896.0,1908.0,263.3809,2023-08-23 12:00:00
1692806400000,1907.0,1918.0,1907.0,1911.0,284.0759,2023-08-23 16:00:00
1692820800000,1910.0,1913.0,1905.0,1910.0,78.3506,2023-08-23 20:00:00
1692835200000,1910.0,1911.0,1907.0,1910.0,32.6702,2023-08-24 00:00:00
1692849600000,1910.0,1912.0,1908.0,1912.0,18.6032,2023-08-24 04:00:00
1692864000000,1912.0,1913.0,1907.0,1908.0,92.8249,2023-08-24 08:00:00
1692878400000,1908.0,1913.0,1904.0,1912.0,196.9152,2023-08-24 12:00:00
1692892800000,1911.0,1913.0,1906.0,1906.0,65.1127,2023-08-24 16:00:00
1692907200000,1907.0,1910.0,1903.0,1909.0,67.466,2023-08-24 20:00:00
1692921600000,1908.0,1909.0,1900.0,1902.0,34.9889,2023-08-25 00:00:00
1692936000000,1902.0,1906.0,1900.0,1903.0,72.4173,2023-08-25 04:00:00
1692950400000,1903.0,1910.0,1901.0,1908.0,72.6147,2023-08-25 08:00:00
1692964800000,1907.0,1913.0,1896.0,1898.0,121.5086,2023-08-25 12:00:00
1692979200000,1898.0,1903.0,1898.0,1903.0,37.053,2023-08-25 16:00:00
1692993600000,1904.0,1905.0,1901.0,1903.0,31.0183,2023-08-25 20:00:00
1693008000000,1902.0,1904.0,1902.0,1903.0,10.1447,2023-08-26 00:00:00
1693022400000,1904.0,1904.0,1898.0,1901.0,24.4999,2023-08-26 04:00:00
1693036800000,1900.0,1902.0,1899.0,1899.0,22.6006,2023-08-26 08:00:00
1693051200000,1900.0,1905.0,1898.0,1904.0,77.1549,2023-08-26 12:00:00
1693065600000,1903.0,1905.0,1898.0,1898.0,26.6291,2023-08-26 16:00:00
1693080000000,1899.0,1904.0,1897.0,1904.0,16.6443,2023-08-26 20:00:00
1693094400000,1903.0,1907.0,1902.0,1906.0,27.7501,2023-08-27 00:00:00
1693108800000,1905.0,1907.0,1904.0,1905.0,7.4977,2023-08-27 04:00:00
1693123200000,1904.0,1907.0,1901.0,1904.0,18.104,2023-08-27 08:00:00
1693137600000,1904.0,1907.0,1897.0,1900.0,29.0949,2023-08-27 12:00:00
1693152000000,1900.0,1905.0,1900.0,1903.0,35.2629,2023-08-27 16:00:00
1693166400000,1903.0,1903.0,1896.0,1899.0,120.1282,2023-08-27 20:00:00
1693180800000,1901.0,1903.0,1899.0,1902.0,19.8882,2023-08-28 00:00:00
1693195200000,1901.0,1906.0,1900.0,1904.0,147.3389,2023-08-28 04:00:00
1693209600000,1904.0,1904.0,1901.0,1902.0,39.4483,2023-08-28 08:00:00
1693224000000,1903.0,1909.0,1901.0,1908.0,151.6212,2023-08-28 12:00:00
1693238400000,1909.0,1911.0,1902.0,1903.0,34.596,2023-08-28 16:00:00
1693252800000,1904.0,1906.0,1902.0,1905.0,39.5768,2023-08-28 20:00:00
1693267200000,1904.0,1909.0,1904.0,1908.0,13.4474,2023-08-29 00:00:00
1693281600000,1908.0,1909.0,1904.0,1906.0,52.9441,2023-08-29 04:00:00
1693296000000,1906.0,1909.0,1904.0,1905.0,46.4495,2023-08-29 08:00:00
1693310400000,1905.0,1918.0,1902.0,1917.0,370.9596,2023-08-29 12:00:00
1693324800000,1917.0,1920.0,1914.0,1916.0,173.111,2023-08-29 16:00:00
1693339200000,1916.0,1917.0,1890.0,1913.0,218.302,2023-08-29 20:00:00
1693353600000,1913.0,1917.0,1910.0,1910.0,60.6402,2023-08-30 00:00:00
1693368000000,1911.0,1914.0,1910.0,1912.0,72.7862,2023-08-30 04:00:00
1693382400000,1913.0,1919.0,1910.0,1917.0,56.8286,2023-08-30 08:00:00
1693396800000,1916.0,1929.0,1916.0,1924.0,238.418,2023-08-30 12:00:00
1693411200000,1925.0,1925.0,1919.0,1923.0,39.7826,2023-08-30 16:00:00
1693425600000,1923.0,1927.0,1920.0,1923.0,41.5744,2023-08-30 20:00:00
1693440000000,1924.0,1929.0,1915.0,1922.0,62.1489,2023-08-31 00:00:00
1693454400000,1922.0,1928.0,1922.0,1924.0,49.5806,2023-08-31 04:00:00
1693468800000,1924.0,1926.0,1918.0,1925.0,104.1731,2023-08-31 08:00:00
1693483200000,1924.0,1924.0,1915.0,1917.0,88.2834,2023-08-31 12:00:00
1693497600000,1916.0,1924.0,1915.0,1921.0,135.3531,2023-08-31 16:00:00
1693512000000,1921.0,1934.0,1912.0,1918.0,194.2978,2023-08-31 20:00:00
1693526400000,1918.0,1923.0,1918.0,1919.0,37.1638,2023-09-01 00:00:00
1693540800000,1919.0,1923.0,1916.0,1922.0,49.7412,2023-09-01 04:00:00
1693555200000,1922.0,1925.0,1920.0,1925.0,57.7975,2023-09-01 08:00:00
1693569600000,1925.0,1934.0,1915.0,1921.0,163.9341,2023-09-01 12:00:00
1693584000000,1921.0,1923.0,1916.0,1920.0,124.7362,2023-09-01 16:00:00
1693598400000,1919.0,1921.0,1916.0,1917.0,19.5788,2023-09-01 20:00:00
1693612800000,1917.0,1922.0,1916.0,1919.0,26.8516,2023-09-02 00:00:00
1693627200000,1919.0,1920.0,1916.0,1919.0,14.8565,2023-09-02 04:00:00
1693641600000,1919.0,1920.0,1915.0,1918.0,27.6652,2023-09-02 08:00:00
1693656000000,1918.0,1921.0,1915.0,1916.0,41.6884,2023-09-02 12:00:00
1693670400000,1916.0,1921.0,1914.0,1918.0,45.3829,2023-09-02 16:00:00
1693684800000,1917.0,1921.0,1912.0,1914.0,39.2122,2023-09-02 20:00:00
1693699200000,1914.0,1917.0,1914.0,1917.0,5.7065,2023-09-03 00:00:00
1693713600000,1917.0,1920.0,1916.0,1918.0,7.5616,2023-09-03 04:00:00
1693728000000,1918.0,1920.0,1915.0,1919.0,27.4851,2023-09-03 08:00:00
1693742400000,1919.0,1920.0,1914.0,1918.0,27.3966,2023-09-03 12:00:00
1693756800000,1919.0,1922.0,1912.0,1917.0,83.8153,2023-09-03 16:00:00
1693771200000,1917.0,1921.0,1915.0,1917.0,31.501,2023-09-03 20:00:00
1693785600000,1917.0,1923.0,1916.0,1923.0,27.7249,2023-09-04 00:00:00
1693800000000,1922.0,1928.0,1918.0,1919.0,63.4055,2023-09-04 04:00:00
1693814400000,1919.0,1922.0,1917.0,1922.0,26.9237,2023-09-04 08:00:00
1693828800000,1921.0,1922.0,1918.0,1921.0,38.1095,2023-09-04 12:00:00
1693843200000,1920.0,1922.0,1917.0,1918.0,25.5203,2023-09-04 16:00:00
1693857600000,1918.0,1921.0,1916.0,1920.0,17.6682,2023-09-04 20:00:00
1693872000000,1920.0,1920.0,1915.0,1916.0,19.2476,2023-09-05 00:00:00
1693886400000,1916.0,1919.0,1916.0,1917.0,21.0158,2023-09-05 04:00:00
1693900800000,1917.0,1919.0,1913.0,1916.0,70.9246,2023-09-05 08:00:00
1693915200000,1916.0,1918.0,1909.0,1912.0,104.5802,2023-09-05 12:00:00
1693929600000,1912.0,1913.0,1907.0,1909.0,50.9635,2023-09-05 16:00:00
1693944000000,1908.0,1913.0,1906.0,1912.0,51.6462,2023-09-05 20:00:00
1693958400000,1911.0,1912.0,1910.0,1910.0,10.0238,2023-09-06 00:00:00
1693972800000,1911.0,1912.0,1909.0,1911.0,19.7689,2023-09-06 04:00:00
1693987200000,1911.0,1912.0,1908.0,1908.0,28.6459,2023-09-06 08:00:00
1694001600000,1908.0,1912.0,1891.0,1902.0,141.3229,2023-09-06 12:00:00
1694016000000,1902.0,1908.0,1899.0,1902.0,115.9767,2023-09-06 16:00:00
1694030400000,1901.0,1903.0,1898.0,1898.0,37.8827,2023-09-06 20:00:00
1694044800000,1898.0,1902.0,1898.0,1902.0,15.1957,2023-09-07 00:00:00
1694059200000,1901.0,1902.0,1898.0,1899.0,19.8431,2023-09-07 04:00:00
1694073600000,1899.0,1903.0,1898.0,1902.0,34.2989,2023-09-07 08:00:00
1694088000000,1902.0,1906.0,1902.0,1905.0,99.0305,2023-09-07 12:00:00
1694102400000,1904.0,1907.0,1902.0,1907.0,91.4725,2023-09-07 16:00:00
1694116800000,1906.0,1908.0,1899.0,1908.0,67.315,2023-09-07 20:00:00
1694131200000,1908.0,1910.0,1903.0,1906.0,128.3421,2023-09-08 00:00:00
1694145600000,1907.0,1908.0,1906.0,1906.0,17.2825,2023-09-08 04:00:00
1694160000000,1905.0,1908.0,1903.0,1903.0,62.0715,2023-09-08 08:00:00
1694174400000,1904.0,1911.0,1902.0,1903.0,45.8675,2023-09-08 12:00:00
1694188800000,1903.0,1904.0,1899.0,1901.0,33.562,2023-09-08 16:00:00
1694203200000,1900.0,1906.0,1897.0,1903.0,90.9203,2023-09-08 20:00:00
1694217600000,1903.0,1903.0,1899.0,1901.0,12.2363,2023-09-09 00:00:00
1694232000000,1900.0,1901.0,1897.0,1900.0,25.1947,2023-09-09 04:00:00
1694246400000,1900.0,1901.0,1897.0,1900.0,20.3633,2023-09-09 08:00:00
1694260800000,1900.0,1901.0,1898.0,1898.0,27.0637,2023-09-09 12:00:00
1694275200000,1898.0,1899.0,1896.0,1897.0,18.2688,2023-09-09 16:00:00
1694289600000,1896.0,1899.0,1896.0,1898.0,9.7784,2023-09-09 20:00:00
1694304000000,1899.0,1899.0,1898.0,1899.0,3.6169,2023-09-10 00:00:00
1694318400000,1899.0,1899.0,1894.0,1896.0,12.5665,2023-09-10 04:00:00
1694332800000,1896.0,1900.0,1895.0,1895.0,33.6074,2023-09-10 08:00:00
1694347200000,1895.0,1898.0,1890.0,1893.0,80.4859,2023-09-10 12:00:00
1694361600000,1893.0,1897.0,1890.0,1893.0,78.7462,2023-09-10 16:00:00
1694376000000,1894.0,1902.0,1893.0,1898.0,89.1192,2023-09-10 20:00:00
1694390400000,1898.0,1903.0,1898.0,1901.0,85.5554,2023-09-11 00:00:00
1694404800000,1900.0,1908.0,1900.0,1906.0,89.9632,2023-09-11 04:00:00
1694419200000,1906.0,1906.0,1900.0,1902.0,85.1897,2023-09-11 08:00:00
1694433600000,1901.0,1907.0,1897.0,1905.0,268.2301,2023-09-11 12:00:00
1694448000000,1905.0,1908.0,1900.0,1904.0,94.3429,2023-09-11 16:00:00
1694462400000,1904.0,1905.0,1902.0,1903.0,20.6928,2023-09-11 20:00:00
1694476800000,1903.0,1910.0,1901.0,1907.0,72.5116,2023-09-12 00:00:00
1694491200000,1907.0,1910.0,1899.0,1900.0,49.8609,2023-09-12 04:00:00
1694505600000,1900.0,1903.0,1894.0,1894.0,259.0381,2023-09-12 08:00:00
1694520000000,1895.0,1896.0,1887.0,1892.0,135.2531,2023-09-12 12:00:00
1694534400000,1891.0,1896.0,1890.0,1893.0,54.5197,2023-09-12 16:00:00
1694548800000,1892.0,1895.0,1885.0,1892.0,48.5677,2023-09-12 20:00:00
1694563200000,1892.0,1893.0,1889.0,1889.0,12.3142,2023-09-13 00:00:00
1694577600000,1891.0,1894.0,1888.0,1890.0,45.6091,2023-09-13 04:00:00
1694592000000,1891.0,1893.0,1887.0,1890.0,61.4579,2023-09-13 08:00:00
1694606400000,1891.0,1900.0,1886.0,1892.0,164.8787,2023-09-13 12:00:00
1694620800000,1891.0,1893.0,1882.0,1892.0,95.8586,2023-09-13 16:00:00
1694635200000,1890.0,1896.0,1885.0,1889.0,64.7966,2023-09-13 20:00:00
1694649600000,1888.0,1896.0,1888.0,1894.0,59.1232,2023-09-14 00:00:00
1694664000000,1893.0,1901.0,1890.0,1893.0,81.8366,2023-09-14 04:00:00
1694678400000,1892.0,1899.0,1892.0,1898.0,27.7588,2023-09-14 08:00:00
1694692800000,1898.0,1898.0,1888.0,1889.0,79.1015,2023-09-14 12:00:00
1694707200000,1890.0,1895.0,1889.0,1894.0,63.4716,2023-09-14 16:00:00
1694721600000,1894.0,1897.0,1889.0,1894.0,53.0244,2023-09-14 20:00:00
1694736000000,1894.0,1900.0,1893.0,1899.0,41.6829,2023-09-15 00:00:00
1694750400000,1898.0,1906.0,1898.0,1905.0,65.8517,2023-09-15 04:00:00
1694764800000,1905.0,1906.0,1893.0,1903.0,359.737,2023-09-15 08:00:00
1694779200000,1902.0,1914.0,1902.0,1913.0,122.5962,2023-09-15 12:00:00
1694793600000,1913.0,1913.0,1906.0,1913.0,85.4462,2023-09-15 16:00:00
1694808000000,1909.0,1913.0,1907.0,1910.0,46.1262,2023-09-15 20:00:00
1694822400000,1909.0,1914.0,1908.0,1909.0,66.404,2023-09-16 00:00:00
1694836800000,1909.0,1910.0,1906.0,1909.0,35.573,2023-09-16 04:00:00
1694851200000,1909.0,1911.0,1905.0,1909.0,48.0802,2023-09-16 08:00:00
1694865600000,1909.0,1912.0,1908.0,1911.0,23.9236,2023-09-16 12:00:00
1694880000000,1910.0,1911.0,1904.0,1905.0,47.465,2023-09-16 16:00:00
1694894400000,1905.0,1907.0,1904.0,1906.0,10.6934,2023-09-16 20:00:00
1694908800000,1906.0,1907.0,1904.0,1906.0,25.8499,2023-09-17 00:00:00
1694923200000,1905.0,1906.0,1904.0,1905.0,9.4038,2023-09-17 04:00:00
1694937600000,1905.0,1907.0,1903.0,1906.0,17.9432,2023-09-17 08:00:00
1694952000000,1906.0,1908.0,1902.0,1908.0,32.3019,2023-09-17 12:00:00
1694966400000,1908.0,1909.0,1906.0,1907.0,45.3592,2023-09-17 16:00:00
1694980800000,1908.0,1910.0,1906.0,1909.0,95.3991,2023-09-17 20:00:00
1694995200000,1909.0,1916.0,1906.0,1916.0,45.8561,2023-09-18 00:00:00
1695009600000,1916.0,1919.0,1909.0,1914.0,208.5482,2023-09-18 04:00:00
1695024000000,1913.0,1915.0,1909.0,1914.0,113.8745,2023-09-18 08:00:00
1695038400000,1914.0,1917.0,1908.0,1913.0,114.6316,2023-09-18 12:00:00
1695052800000,1913.0,1919.0,1913.0,1917.0,82.3863,2023-09-18 16:00:00
1695067200000,1917.0,1921.0,1913.0,1921.0,79.3682,2023-09-18 20:00:00
1695081600000,1921.0,1925.0,1915.0,1921.0,94.8077,2023-09-19 00:00:00
1695096000000,1920.0,1923.0,1914.0,1920.0,84.5264,2023-09-19 04:00:00
1695110400000,1919.0,1925.0,1915.0,1922.0,172.2145,2023-09-19 08:00:00
1695124800000,1923.0,1929.0,1918.0,1921.0,105.9142,2023-09-19 12:00:00
1695139200000,1922.0,1922.0,1916.0,1917.0,52.9731,2023-09-19 16:00:00
1695153600000,1917.0,1921.0,1917.0,1921.0,54.882,2023-09-19 20:00:00
1695168000000,1920.0,1922.0,1919.0,1919.0,20.2376,2023-09-20 00:00:00
1695182400000,1919.0,1920.0,1914.0,1918.0,77.8408,2023-09-20 04:00:00
1695196800000,1918.0,1920.0,1915.0,1918.0,76.904,2023-09-20 08:00:00
1695211200000,1919.0,1933.0,1918.0,1930.0,200.9974,2023-09-20 12:00:00
1695225600000,1930.0,1934.0,1922.0,1923.0,138.4817,2023-09-20 16:00:00
1695240000000,1922.0,1924.0,1920.0,1920.0,37.6821,2023-09-20 20:00:00
1695254400000,1921.0,1922.0,1918.0,1919.0,29.3578,2023-09-21 00:00:00
1695268800000,1919.0,1923.0,1918.0,1922.0,77.7084,2023-09-21 04:00:00
1695283200000,1922.0,1922.0,1913.0,1913.0,127.2641,2023-09-21 08:00:00
1695297600000,1914.0,1914.0,1907.0,1909.0,99.3885,2023-09-21 12:00:00
1695312000000,1909.0,1913.0,1909.0,1910.0,28.3792,2023-09-21 16:00:00
1695326400000,1911.0,1912.0,1910.0,1910.0,20.4286,2023-09-21 20:00:00
1695340800000,1911.0,1914.0,1909.0,1914.0,16.3766,2023-09-22 00:00:00
1695355200000,1913.0,1917.0,1913.0,1917.0,14.2789,2023-09-22 04:00:00
1695369600000,1917.0,1917.0,1913.0,1916.0,35.1509,2023-09-22 08:00:00
1695384000000,1916.0,1917.0,1912.0,1917.0,27.8551,2023-09-22 12:00:00
1695398400000,1916.0,1917.0,1912.0,1915.0,22.9828,2023-09-22 16:00:00
1695412800000,1915.0,1918.0,1909.0,1912.0,53.6735,2023-09-22 20:00:00
1695427200000,1911.0,1914.0,1911.0,1913.0,17.9394,2023-09-23 00:00:00
1695441600000,1913.0,1919.0,1913.0,1914.0,58.5536,2023-09-23 04:00:00
1695456000000,1913.0,1914.0,1912.0,1914.0,15.6049,2023-09-23 08:00:00
1695470400000,1914.0,1915.0,1912.0,1914.0,25.2676,2023-09-23 12:00:00
1695484800000,1913.0,1915.0,1912.0,1914.0,68.0515,2023-09-23 16:00:00
1695499200000,1914.0,1915.0,1912.0,1913.0,22.2489,2023-09-23 20:00:00
1695513600000,1914.0,1914.0,1912.0,1913.0,5.3707,2023-09-24 00:00:00
1695528000000,1913.0,1914.0,1912.0,1912.0,6.0668,2023-09-24 04:00:00
1695542400000,1912.0,1914.0,1912.0,1914.0,7.2914,2023-09-24 08:00:00
1695556800000,1913.0,1915.0,1913.0,1915.0,22.6852,2023-09-24 12:00:00
1695571200000,1914.0,1915.0,1910.0,1913.0,152.7977,2023-09-24 16:00:00
1695585600000,1913.0,1916.0,1912.0,1912.0,28.2032,2023-09-24 20:00:00
1695600000000,1913.0,1915.0,1910.0,1913.0,25.7431,2023-09-25 00:00:00
1695614400000,1913.0,1919.0,1909.0,1915.0,96.7154,2023-09-25 04:00:00
1695628800000,1915.0,1917.0,1913.0,1915.0,38.0074,2023-09-25 08:00:00
1695643200000,1915.0,1918.0,1908.0,1909.0,79.5525,2023-09-25 12:00:00
1695657600000,1910.0,1912.0,1908.0,1911.0,82.9323,2023-09-25 16:00:00
1695672000000,1911.0,1911.0,1905.0,1908.0,37.6426,2023-09-25 20:00:00
1695686400000,1907.0,1908.0,1907.0,1908.0,18.5394,2023-09-26 00:00:00
1695700800000,1907.0,1909.0,1904.0,1909.0,75.8958,2023-09-26 04:00:00
1695715200000,1907.0,1910.0,1905.0,1907.0,24.5216,2023-09-26 08:00:00
1695729600000,1906.0,1915.0,1900.0,1903.0,146.7133,2023-09-26 12:00:00
1695744000000,1903.0,1903.0,1898.0,1900.0,55.2426,2023-09-26 16:00:00
1695758400000,1899.0,1901.0,1897.0,1899.0,27.614,2023-09-26 20:00:00
1695772800000,1899.0,1901.0,1899.0,1899.0,7.6813,2023-09-27 00:00:00
1695787200000,1900.0,1900.0,1895.0,1899.0,76.5197,2023-09-27 04:00:00
1695801600000,1899.0,1900.0,1894.0,1895.0,118.8564,2023-09-27 08:00:00
1695816000000,1895.0,1896.0,1882.0,1884.0,239.7487,2023-09-27 12:00:00
1695830400000,1884.0,1884.0,1878.0,1880.0,232.7645,2023-09-27 16:00:00
1695844800000,1881.0,1884.0,1880.0,1881.0,61.5027,2023-09-27 20:00:00
1695859200000,1882.0,1883.0,1880.0,1881.0,35.4053,2023-09-28 00:00:00
1695873600000,1881.0,1883.0,1878.0,1879.0,88.7054,2023-09-28 04:00:00
1695888000000,1879.0,1884.0,1878.0,1881.0,121.3584,2023-09-28 08:00:00
1695902400000,1882.0,1884.0,1875.0,1878.0,259.0566,2023-09-28 12:00:00
1695916800000,1877.0,1879.0,1868.0,1873.0,268.2545,2023-09-28 16:00:00
1695931200000,1874.0,1874.0,1871.0,1871.0,38.38,2023-09-28 20:00:00
1695945600000,1872.0,1873.0,1868.0,1870.0,60.6197,2023-09-29 00:00:00
1695960000000,1871.0,1882.0,1870.0,1881.0,103.7664,2023-09-29 04:00:00
1695974400000,1881.0,1882.0,1877.0,1879.0,79.1751,2023-09-29 08:00:00
1695988800000,1880.0,1884.0,1869.0,1870.0,256.3932,2023-09-29 12:00:00
1696003200000,1871.0,1871.0,1862.0,1862.0,152.7004,2023-09-29 16:00:00
1696017600000,1863.0,1867.0,1862.0,1864.0,37.3556,2023-09-29 20:00:00
1696032000000,1865.0,1867.0,1864.0,1866.0,22.861,2023-09-30 00:00:00
1696046400000,1866.0,1869.0,1866.0,1867.0,36.2091,2023-09-30 04:00:00
1696060800000,1867.0,1870.0,1863.0,1868.0,94.013,2023-09-30 08:00:00
1696075200000,1868.0,1869.0,1862.0,1868.0,77.404,2023-09-30 12:00:00
1696089600000,1868.0,1869.0,1866.0,1869.0,29.6198,2023-09-30 16:00:00
1696104000000,1868.0,1869.0,1866.0,1868.0,24.442,2023-09-30 20:00:00
1696118400000,1868.0,1869.0,1866.0,1867.0,15.1833,2023-10-01 00:00:00
1696132800000,1868.0,1869.0,1867.0,1868.0,16.6445,2023-10-01 04:00:00
1696147200000,1869.0,1873.0,1869.0,1869.0,48.4353,2023-10-01 08:00:00
1696161600000,1869.0,1871.0,1868.0,1871.0,36.2702,2023-10-01 12:00:00
1696176000000,1871.0,1872.0,1867.0,1871.0,55.3396,2023-10-01 16:00:00
1696190400000,1872.0,1872.0,1855.0,1865.0,363.7771,2023-10-01 20:00:00
1696204800000,1865.0,1870.0,1862.0,1864.0,57.5446,2023-10-02 00:00:00
1696219200000,1863.0,1865.0,1857.0,1862.0,108.4229,2023-10-02 04:00:00
1696233600000,1862.0,1864.0,1842.0,1847.0,413.6971,2023-10-02 08:00:00
1696248000000,1847.0,1852.0,1843.0,1844.0,237.6402,2023-10-02 12:00:00
1696262400000,1843.0,1847.0,1842.0,1844.0,131.3651,2023-10-02 16:00:00
1696276800000,1844.0,1846.0,1839.0,1840.0,106.5288,2023-10-02 20:00:00
1696291200000,1841.0,1841.0,1832.0,1833.0,91.8145,2023-10-03 00:00:00
1696305600000,1833.0,1835.0,1830.0,1832.0,91.8686,2023-10-03 04:00:00
1696320000000,1832.0,1838.0,1827.0,1829.0,265.9132,2023-10-03 08:00:00
1696334400000,1829.0,1834.0,1828.0,1831.0,167.554,2023-10-03 12:00:00
1696348800000,1832.0,1832.0,1828.0,1829.0,119.8583,2023-10-03 16:00:00
1696363200000,1829.0,1833.0,1824.0,1827.0,114.4097,2023-10-03 20:00:00
1696377600000,1827.0,1828.0,1821.0,1825.0,153.0597,2023-10-04 00:00:00
1696392000000,1825.0,1830.0,1824.0,1830.0,83.5024,2023-10-04 04:00:00
1696406400000,1829.0,1834.0,1828.0,1831.0,113.0446,2023-10-04 08:00:00
1696420800000,1831.0,1836.0,1827.0,1833.0,264.4874,2023-10-04 12:00:00
1696435200000,1833.0,1834.0,1827.0,1830.0,90.6389,2023-10-04 16:00:00
1696449600000,1830.0,1839.0,1829.0,1836.0,121.4847,2023-10-04 20:00:00
1696464000000,1837.0,1837.0,1835.0,1836.0,14.8562,2023-10-05 00:00:00
1696478400000,1835.0,1837.0,1832.0,1832.0,48.8373,2023-10-05 04:00:00
1696492800000,1833.0,1839.0,1832.0,1838.0,112.4379,2023-10-05 08:00:00
1696507200000,1838.0,1838.0,1825.0,1828.0,154.1951,2023-10-05 12:00:00
1696521600000,1827.0,1833.0,1827.0,1830.0,93.9858,2023-10-05 16:00:00
1696536000000,1829.0,1832.0,1828.0,1830.0,48.7948,2023-10-05 20:00:00
1696550400000,1830.0,1832.0,1828.0,1831.0,39.4074,2023-10-06 00:00:00
1696564800000,1831.0,1834.0,1831.0,1833.0,41.9289,2023-10-06 04:00:00
1696579200000,1833.0,1833.0,1823.0,1833.0,114.2122,2023-10-06 08:00:00
1696593600000,1833.0,1838.0,1823.0,1837.0,295.7014,2023-10-06 12:00:00
1696608000000,1837.0,1840.0,1837.0,1840.0,63.4231,2023-10-06 16:00:00
1696622400000,1840.0,1842.0,1839.0,1840.0,33.6638,2023-10-06 20:00:00
1696636800000,1840.0,1843.0,1835.0,1842.0,60.8667,2023-10-07 00:00:00
1696651200000,1842.0,1843.0,1840.0,1841.0,19.9807,2023-10-07 04:00:00
1696665600000,1841.0,1848.0,1840.0,1845.0,98.8925,2023-10-07 08:00:00
1696680000000,1845.0,1854.0,1844.0,1849.0,125.6934,2023-10-07 12:00:00
1696694400000,1850.0,1852.0,1849.0,1852.0,60.3007,2023-10-07 16:00:00
1696708800000,1852.0,1857.0,1849.0,1855.0,92.666,2023-10-07 20:00:00
1696723200000,1856.0,1856.0,1851.0,1852.0,12.0895,2023-10-08 00:00:00
1696737600000,1851.0,1855.0,1849.0,1853.0,62.0556,2023-10-08 04:00:00
1696752000000,1853.0,1863.0,1853.0,1860.0,129.6329,2023-10-08 08:00:00
1696766400000,1860.0,1863.0,1855.0,1863.0,121.9858,2023-10-08 12:00:00
1696780800000,1863.0,1870.0,1857.0,1865.0,247.2767,2023-10-08 16:00:00
1696795200000,1864.0,1872.0,1861.0,1864.0,414.7637,2023-10-08 20:00:00
1696809600000,1863.0,1870.0,1862.0,1865.0,579.8889,2023-10-09 00:00:00
1696824000000,1864.0,1868.0,1862.0,1867.0,111.3889,2023-10-09 04:00:00
1696838400000,1866.0,1868.0,1861.0,1861.0,167.0288,2023-10-09 08:00:00
1696852800000,1861.0,1863.0,1850.0,1863.0,369.3075,2023-10-09 12:00:00
1696867200000,1863.0,1869.0,1855.0,1865.0,229.8397,2023-10-09 16:00:00
1696881600000,1865.0,1868.0,1861.0,1868.0,79.312,2023-10-09 20:00:00
1696896000000,1868.0,1871.0,1867.0,1870.0,62.903,2023-10-10 00:00:00
1696910400000,1871.0,1872.0,1864.0,1864.0,108.056,2023-10-10 04:00:00
1696924800000,1864.0,1868.0,1863.0,1866.0,65.6558,2023-10-10 08:00:00
1696939200000,1865.0,1867.0,1860.0,1866.0,114.4726,2023-10-10 12:00:00
1696953600000,1866.0,1867.0,1863.0,1863.0,61.41,2023-10-10 16:00:00
1696968000000,1864.0,1865.0,1863.0,1863.0,31.0164,2023-10-10 20:00:00
1696982400000,1864.0,1864.0,1861.0,1862.0,59.0507,2023-10-11 00:00:00
1696996800000,1862.0,1867.0,1859.0,1866.0,151.6998,2023-10-11 04:00:00
1697011200000,1867.0,1880.0,1866.0,1877.0,160.355,2023-10-11 08:00:00
1697025600000,1877.0,1877.0,1867.0,1869.0,104.6756,2023-10-11 12:00:00
1697040000000,1869.0,1876.0,1867.0,1875.0,140.5826,2023-10-11 16:00:00
1697054400000,1874.0,1879.0,1872.0,1876.0,106.3833,2023-10-11 20:00:00
1697068800000,1875.0,1877.0,1873.0,1876.0,27.9825,2023-10-12 00:00:00
1697083200000,1875.0,1882.0,1875.0,1880.0,114.384,2023-10-12 04:00:00
1697097600000,1879.0,1882.0,1875.0,1880.0,81.6673,2023-10-12 08:00:00
1697112000000,1880.0,1881.0,1868.0,1871.0,95.585,2023-10-12 12:00:00
1697126400000,1870.0,1873.0,1862.0,1870.0,80.2918,2023-10-12 16:00:00
1697140800000,1871.0,1874.0,1868.0,1873.0,69.8814,2023-10-12 20:00:00
1697155200000,1873.0,1876.0,1870.0,1871.0,25.6255,2023-10-13 00:00:00
1697169600000,1871.0,1879.0,1871.0,1876.0,42.3492,2023-10-13 04:00:00
1697184000000,1877.0,1891.0,1876.0,1891.0,175.6594,2023-10-13 08:00:00
1697198400000,1891.0,1912.0,1890.0,1911.0,604.9257,2023-10-13 12:00:00
1697212800000,1910.0,1922.0,1910.0,1913.0,205.3704,2023-10-13 16:00:00
1697227200000,1913.0,1918.0,1908.0,1917.0,194.6944,2023-10-13 20:00:00
1697241600000,1917.0,1918.0,1915.0,1917.0,78.4295,2023-10-14 00:00:00
1697256000000,1916.0,1919.0,1908.0,1919.0,100.0859,2023-10-14 04:00:00
1697270400000,1918.0,1919.0,1916.0,1919.0,46.7926,2023-10-14 08:00:00
1697284800000,1919.0,1920.0,1916.0,1919.0,84.5946,2023-10-14 12:00:00
1697299200000,1919.0,1919.0,1915.0,1919.0,132.9945,2023-10-14 16:00:00
1697313600000,1919.0,1920.0,1915.0,1919.0,117.2439,2023-10-14 20:00:00
1697328000000,1919.0,1929.0,1918.0,1926.0,248.2536,2023-10-15 00:00:00
1697342400000,1925.0,1928.0,1918.0,1925.0,93.7197,2023-10-15 04:00:00
1697356800000,1923.0,1932.0,1922.0,1930.0,197.3365,2023-10-15 08:00:00
1697371200000,1930.0,1934.0,1927.0,1933.0,113.6906,2023-10-15 12:00:00
1697385600000,1933.0,1935.0,1928.0,1930.0,110.3205,2023-10-15 16:00:00
1697400000000,1930.0,1932.0,1915.0,1916.0,141.7901,2023-10-15 20:00:00
1697414400000,1916.0,1918.0,1910.0,1913.0,62.578,2023-10-16 00:00:00
1697428800000,1913.0,1919.0,1904.0,1906.0,125.9941,2023-10-16 04:00:00
1697443200000,1906.0,1916.0,1902.0,1912.0,92.9571,2023-10-16 08:00:00
1697457600000,1912.0,1921.0,1900.0,1908.0,387.5768,2023-10-16 12:00:00
1697472000000,1906.0,1911.0,1892.0,1908.0,246.3877,2023-10-16 16:00:00
1697486400000,1908.0,1911.0,1906.0,1908.0,37.8325,2023-10-16 20:00:00
1697500800000,1908.0,1909.0,1900.0,1906.0,107.9795,2023-10-17 00:00:00
1697515200000,1904.0,1909.0,1903.0,1907.0,61.2046,2023-10-17 04:00:00
1697529600000,1907.0,1926.0,1906.0,1916.0,172.7547,2023-10-17 08:00:00
1697544000000,1914.0,1923.0,1909.0,1916.0,305.5,2023-10-17 12:00:00
1697558400000,1917.0,1919.0,1911.0,1917.0,75.5567,2023-10-17 16:00:00
1697572800000,1915.0,1922.0,1908.0,1919.0,171.407,2023-10-17 20:00:00
1697587200000,1919.0,1933.0,1916.0,1926.0,150.2181,2023-10-18 00:00:00
1697601600000,1925.0,1929.0,1923.0,1927.0,84.5884,2023-10-18 04:00:00
1697616000000,1928.0,1935.0,1925.0,1934.0,175.1648,2023-10-18 08:00:00
1697630400000,1933.0,1947.0,1930.0,1937.0,442.6646,2023-10-18 12:00:00
1697644800000,1938.0,1945.0,1935.0,1937.0,180.7008,2023-10-18 16:00:00
1697659200000,1938.0,1945.0,1935.0,1941.0,147.7299,2023-10-18 20:00:00
1697673600000,1941.0,1945.0,1933.0,1938.0,197.9994,2023-10-19 00:00:00
1697688000000,1937.0,1940.0,1932.0,1940.0,71.4194,2023-10-19 04:00:00
1697702400000,1939.0,1941.0,1937.0,1940.0,103.9938,2023-10-19 08:00:00
1697716800000,1939.0,1945.0,1937.0,1942.0,300.2916,2023-10-19 12:00:00
1697731200000,1941.0,1962.0,1940.0,1960.0,603.9809,2023-10-19 16:00:00
1697745600000,1959.0,1964.0,1953.0,1962.0,425.0269,2023-10-19 20:00:00
1697760000000,1963.0,1967.0,1958.0,1963.0,246.6947,2023-10-20 00:00:00
1697774400000,1962.0,1967.0,1956.0,1965.0,149.2205,2023-10-20 04:00:00
1697788800000,1964.0,1977.0,1961.0,1966.0,539.9172,2023-10-20 08:00:00
1697803200000,1965.0,1979.0,1960.0,1974.0,710.5605,2023-10-20 12:00:00
1697817600000,1975.0,1979.0,1961.0,1964.0,230.1067,2023-10-20 16:00:00
1697832000000,1964.0,1969.0,1960.0,1965.0,79.23,2023-10-20 20:00:00
1697846400000,1965.0,1969.0,1960.0,1964.0,42.0468,2023-10-21 00:00:00
1697860800000,1964.0,1969.0,1957.0,1964.0,51.855,2023-10-21 04:00:00
1697875200000,1963.0,1965.0,1961.0,1965.0,102.031,2023-10-21 08:00:00
1697889600000,1965.0,1969.0,1962.0,1969.0,69.5446,2023-10-21 12:00:00
1697904000000,1969.0,1969.0,1962.0,1963.0,90.1457,2023-10-21 16:00:00
1697918400000,1962.0,1969.0,1962.0,1965.0,47.2499,2023-10-21 20:00:00
1697932800000,1965.0,1969.0,1963.0,1965.0,42.3043,2023-10-22 00:00:00
1697947200000,1964.0,1967.0,1960.0,1962.0,79.7594,2023-10-22 04:00:00
1697961600000,1964.0,1975.0,1962.0,1967.0,239.1526,2023-10-22 08:00:00
1697976000000,1969.0,1969.0,1963.0,1965.0,32.0827,2023-10-22 12:00:00
1697990400000,1966.0,1971.0,1962.0,1966.0,57.7813,2023-10-22 16:00:00
1698004800000,1966.0,1972.0,1964.0,1965.0,81.5325,2023-10-22 20:00:00
1698019200000,1965.0,1970.0,1961.0,1961.0,126.6863,2023-10-23 00:00:00
1698033600000,1962.0,1967.0,1959.0,1964.0,85.7534,2023-10-23 04:00:00
1698048000000,1964.0,1975.0,1955.0,1962.0,173.999,2023-10-23 08:00:00
1698062400000,1963.0,1972.0,1957.0,1959.0,171.0459,2023-10-23 12:00:00
1698076800000,1957.0,1962.0,1953.0,1955.0,190.49,2023-10-23 16:00:00
1698091200000,1955.0,1968.0,1945.0,1954.0,459.7015,2023-10-23 20:00:00
1698105600000,1956.0,1968.0,1953.0,1958.0,280.8778,2023-10-24 00:00:00
1698120000000,1957.0,1968.0,1956.0,1957.0,119.4048,2023-10-24 04:00:00
1698134400000,1960.0,1962.0,1936.0,1946.0,308.1652,2023-10-24 08:00:00
1698148800000,1947.0,1951.0,1941.0,1948.0,388.9883,2023-10-24 12:00:00
1698163200000,1950.0,1957.0,1949.0,1953.0,431.1073,2023-10-24 16:00:00
1698177600000,1953.0,1957.0,1949.0,1953.0,86.1756,2023-10-24 20:00:00
1698192000000,1952.0,1960.0,1952.0,1952.0,51.007,2023-10-25 00:00:00
1698206400000,1952.0,1957.0,1949.0,1951.0,59.9898,2023-10-25 04:00:00
1698220800000,1951.0,1961.0,1949.0,1956.0,128.6277,2023-10-25 08:00:00
1698235200000,1957.0,1968.0,1953.0,1960.0,463.206,2023-10-25 12:00:00
1698249600000,1959.0,1970.0,1956.0,1967.0,313.2545,2023-10-25 16:00:00
1698264000000,1966.0,1966.0,1959.0,1962.0,40.2888,2023-10-25 20:00:00
1698278400000,1962.0,1965.0,1961.0,1965.0,148.2022,2023-10-26 00:00:00
1698292800000,1965.0,1969.0,1964.0,1967.0,87.2477,2023-10-26 04:00:00
1698307200000,1967.0,1971.0,1958.0,1962.0,513.605,2023-10-26 08:00:00
1698321600000,1962.0,1965.0,1953.0,1961.0,214.2829,2023-10-26 12:00:00
1698336000000,1961.0,1972.0,1961.0,1963.0,140.1321,2023-10-26 16:00:00
1698350400000,1963.0,1969.0,1963.0,1966.0,55.9406,2023-10-26 20:00:00
1698364800000,1966.0,1969.0,1962.0,1968.0,48.012,2023-10-27 00:00:00
1698379200000,1967.0,1974.0,1965.0,1965.0,103.0587,2023-10-27 04:00:00
1698393600000,1965.0,1967.0,1961.0,1965.0,49.0363,2023-10-27 08:00:00
1698408000000,1963.0,1974.0,1961.0,1970.0,208.8536,2023-10-27 12:00:00
1698422400000,1971.0,1990.0,1963.0,1988.0,907.0108,2023-10-27 16:00:00
1698436800000,1988.0,1992.0,1985.0,1987.0,189.0288,2023-10-27 20:00:00
1698451200000,1987.0,1992.0,1985.0,1990.0,43.4496,2023-10-28 00:00:00
1698465600000,1991.0,1992.0,1984.0,1990.0,58.1986,2023-10-28 04:00:00
1698480000000,1990.0,1992.0,1984.0,1991.0,103.4106,2023-10-28 08:00:00
1698494400000,1990.0,1993.0,1984.0,1989.0,66.0878,2023-10-28 12:00:00
1698508800000,1989.0,1991.0,1984.0,1990.0,76.0605,2023-10-28 16:00:00
1698523200000,1991.0,1991.0,1984.0,1986.0,42.1183,2023-10-28 20:00:00
1698537600000,1986.0,1991.0,1983.0,1989.0,22.634,2023-10-29 00:00:00
1698552000000,1988.0,1990.0,1983.0,1984.0,32.1422,2023-10-29 04:00:00
1698566400000,1984.0,1987.0,1973.0,1979.0,298.1818,2023-10-29 08:00:00
1698580800000,1980.0,1985.0,1979.0,1981.0,77.093,2023-10-29 12:00:00
1698595200000,1981.0,1992.0,1979.0,1991.0,326.0809,2023-10-29 16:00:00
1698609600000,1990.0,1990.0,1977.0,1983.0,192.455,2023-10-29 20:00:00
1698624000000,1982.0,1989.0,1980.0,1981.0,47.5648,2023-10-30 00:00:00
1698638400000,1981.0,1982.0,1980.0,1980.0,71.3915,2023-10-30 04:00:00
1698652800000,1980.0,1983.0,1971.0,1975.0,185.8641,2023-10-30 08:00:00
1698667200000,1975.0,1983.0,1972.0,1979.0,143.1496,2023-10-30 12:00:00
1698681600000,1979.0,1983.0,1974.0,1974.0,184.5855,2023-10-30 16:00:00
1698696000000,1975.0,1979.0,1974.0,1976.0,62.8807,2023-10-30 20:00:00
1698710400000,1976.0,1978.0,1974.0,1976.0,25.8431,2023-10-31 00:00:00
1698724800000,1976.0,1978.0,1970.0,1976.0,107.5272,2023-10-31 04:00:00
1698739200000,1975.0,1980.0,1974.0,1977.0,77.8465,2023-10-31 08:00:00
1698753600000,1978.0,1986.0,1974.0,1975.0,239.9064,2023-10-31 12:00:00
1698768000000,1974.0,1977.0,1962.0,1970.0,226.8803,2023-10-31 16:00:00
1698782400000,1969.0,1970.0,1966.0,1966.0,47.2609,2023-10-31 20:00:00
1698796800000,1966.0,1968.0,1948.0,1958.0,138.9275,2023-11-01 00:00:00
1698811200000,1958.0,1960.0,1955.0,1958.0,67.4496,2023-11-01 04:00:00
1698825600000,1958.0,1963.0,1957.0,1961.0,138.5824,2023-11-01 08:00:00
1698840000000,1962.0,1973.0,1952.0,1958.0,202.7678,2023-11-01 12:00:00
1698854400000,1958.0,1968.0,1952.0,1964.0,159.8989,2023-11-01 16:00:00
1698868800000,1964.0,1966.0,1950.0,1964.0,275.2079,2023-11-01 20:00:00
1698883200000,1964.0,1966.0,1957.0,1962.0,220.8893,2023-11-02 00:00:00
1698897600000,1963.0,1966.0,1958.0,1962.0,109.8121,2023-11-02 04:00:00
1698912000000,1963.0,1968.0,1950.0,1964.0,269.7689,2023-11-02 08:00:00
1698926400000,1964.0,1967.0,1954.0,1960.0,385.8342,2023-11-02 12:00:00
1698940800000,1959.0,1965.0,1955.0,1964.0,147.555,2023-11-02 16:00:00
1698955200000,1963.0,1964.0,1960.0,1963.0,99.8723,2023-11-02 20:00:00
1698969600000,1962.0,1963.0,1958.0,1962.0,48.5225,2023-11-03 00:00:00
1698984000000,1962.0,1964.0,1958.0,1964.0,100.7991,2023-11-03 04:00:00
1698998400000,1963.0,1966.0,1960.0,1964.0,104.3605,2023-11-03 08:00:00
1699012800000,1964.0,1983.0,1961.0,1972.0,325.6044,2023-11-03 12:00:00
1699027200000,1973.0,1974.0,1963.0,1971.0,154.0221,2023-11-03 16:00:00
1699041600000,1971.0,1973.0,1968.0,1971.0,63.5889,2023-11-03 20:00:00
1699056000000,1971.0,1976.0,1963.0,1968.0,125.2402,2023-11-04 00:00:00
1699070400000,1969.0,1976.0,1967.0,1970.0,72.0674,2023-11-04 04:00:00
1699084800000,1970.0,1973.0,1967.0,1970.0,58.1541,2023-11-04 08:00:00
1699099200000,1969.0,1971.0,1967.0,1970.0,112.3455,2023-11-04 12:00:00
1699113600000,1969.0,1975.0,1954.0,1962.0,198.7576,2023-11-04 16:00:00
1699128000000,1962.0,1969.0,1961.0,1966.0,73.7877,2023-11-04 20:00:00
1699142400000,1966.0,1973.0,1963.0,1972.0,55.4309,2023-11-05 00:00:00
1699156800000,1972.0,1975.0,1965.0,1968.0,128.3356,2023-11-05 04:00:00
1699171200000,1967.0,1974.0,1964.0,1966.0,156.7098,2023-11-05 08:00:00
1699185600000,1965.0,1971.0,1946.0,1963.0,300.6929,2023-11-05 12:00:00
1699200000000,1964.0,1969.0,1962.0,1962.0,125.0919,2023-11-05 16:00:00
1699214400000,1962.0,1967.0,1946.0,1960.0,397.6798,2023-11-05 20:00:00
1699228800000,1959.0,1963.0,1955.0,1956.0,84.7232,2023-11-06 00:00:00
1699243200000,1956.0,1963.0,1956.0,1961.0,95.8281,2023-11-06 04:00:00
1699257600000,1960.0,1966.0,1959.0,1963.0,95.2236,2023-11-06 08:00:00
1699272000000,1963.0,1965.0,1958.0,1958.0,110.3004,2023-11-06 12:00:00
1699286400000,1958.0,1961.0,1955.0,1958.0,77.798,2023-11-06 16:00:00
1699300800000,1958.0,1961.0,1951.0,1956.0,113.7474,2023-11-06 20:00:00
1699315200000,1956.0,1956.0,1951.0,1952.0,76.7167,2023-11-07 00:00:00
1699329600000,1951.0,1954.0,1947.0,1951.0,83.7083,2023-11-07 04:00:00
1699344000000,1951.0,1953.0,1944.0,1945.0,100.8787,2023-11-07 08:00:00
1699358400000,1946.0,1950.0,1941.0,1945.0,121.2973,2023-11-07 12:00:00
1699372800000,1942.0,1950.0,1940.0,1945.0,150.0676,2023-11-07 16:00:00
1699387200000,1946.0,1952.0,1936.0,1947.0,315.0024,2023-11-07 20:00:00
1699401600000,1947.0,1950.0,1945.0,1947.0,123.5589,2023-11-08 00:00:00
1699416000000,1946.0,1950.0,1944.0,1949.0,40.6844,2023-11-08 04:00:00
1699430400000,1949.0,1950.0,1942.0,1944.0,81.9751,2023-11-08 08:00:00
1699444800000,1945.0,1946.0,1935.0,1937.0,179.2118,2023-11-08 12:00:00
1699459200000,1937.0,1942.0,1930.0,1932.0,118.545,2023-11-08 16:00:00
1699473600000,1932.0,1938.0,1928.0,1930.0,185.3136,2023-11-08 20:00:00
1699488000000,1930.0,1938.0,1929.0,1930.0,75.3243,2023-11-09 00:00:00
1699502400000,1932.0,1937.0,1929.0,1930.0,129.2358,2023-11-09 04:00:00
1699516800000,1931.0,1934.0,1925.0,1927.0,192.8351,2023-11-09 08:00:00
1699531200000,1927.0,1943.0,1924.0,1941.0,451.971,2023-11-09 12:00:00
1699545600000,1942.0,1948.0,1931.0,1942.0,519.7356,2023-11-09 16:00:00
1699560000000,1943.0,1949.0,1936.0,1943.0,141.3078,2023-11-09 20:00:00
1699574400000,1942.0,1945.0,1933.0,1938.0,166.257,2023-11-10 00:00:00
1699588800000,1937.0,1939.0,1930.0,1934.0,134.9854,2023-11-10 04:00:00
1699603200000,1935.0,1941.0,1925.0,1926.0,171.4935,2023-11-10 08:00:00
1699617600000,1926.0,1929.0,1919.0,1923.0,281.8863,2023-11-10 12:00:00
1699632000000,1924.0,1933.0,1919.0,1922.0,225.4846,2023-11-10 16:00:00
1699646400000,1923.0,1929.0,1919.0,1924.0,85.5091,2023-11-10 20:00:00
1699660800000,1924.0,1926.0,1918.0,1919.0,77.041,2023-11-11 00:00:00
1699675200000,1919.0,1927.0,1917.0,1917.0,79.0013,2023-11-11 04:00:00
1699689600000,1917.0,1922.0,1917.0,1918.0,39.7485,2023-11-11 08:00:00
1699704000000,1918.0,1922.0,1915.0,1919.0,174.0346,2023-11-11 12:00:00
1699718400000,1919.0,1920.0,1913.0,1916.0,111.7545,2023-11-11 16:00:00
1699732800000,1916.0,1920.0,1913.0,1920.0,69.9927,2023-11-11 20:00:00
1699747200000,1920.0,1920.0,1913.0,1917.0,49.3647,2023-11-12 00:00:00
1699761600000,1917.0,1919.0,1914.0,1916.0,35.8593,2023-11-12 04:00:00
1699776000000,1917.0,1920.0,1914.0,1918.0,61.0864,2023-11-12 08:00:00
1699790400000,1917.0,1921.0,1913.0,1915.0,83.5268,2023-11-12 12:00:00
1699804800000,1916.0,1921.0,1913.0,1918.0,58.6694,2023-11-12 16:00:00
1699819200000,1918.0,1921.0,1913.0,1919.0,124.8239,2023-11-12 20:00:00
1699833600000,1919.0,1921.0,1915.0,1915.0,61.2448,2023-11-13 00:00:00
1699848000000,1915.0,1919.0,1914.0,1918.0,50.6299,2023-11-13 04:00:00
1699862400000,1918.0,1921.0,1914.0,1917.0,93.6474,2023-11-13 08:00:00
1699876800000,1916.0,1921.0,1913.0,1919.0,170.7863,2023-11-13 12:00:00
1699891200000,1918.0,1935.0,1918.0,1928.0,314.5757,2023-11-13 16:00:00
1699905600000,1928.0,1941.0,1923.0,1929.0,283.0479,2023-11-13 20:00:00
1699920000000,1930.0,1937.0,1926.0,1930.0,89.7778,2023-11-14 00:00:00
1699934400000,1929.0,1933.0,1921.0,1925.0,130.9212,2023-11-14 04:00:00
1699948800000,1925.0,1930.0,1925.0,1927.0,80.7872,2023-11-14 08:00:00
1699963200000,1927.0,1953.0,1922.0,1944.0,452.4328,2023-11-14 12:00:00
1699977600000,1944.0,1948.0,1939.0,1942.0,349.8083,2023-11-14 16:00:00
1699992000000,1942.0,1945.0,1906.0,1942.0,360.8351,2023-11-14 20:00:00
1700006400000,1941.0,1945.0,1940.0,1944.0,63.7122,2023-11-15 00:00:00
1700020800000,1944.0,1949.0,1944.0,1949.0,101.8226,2023-11-15 04:00:00
1700035200000,1949.0,1959.0,1940.0,1952.0,265.7877,2023-11-15 08:00:00
1700049600000,1952.0,1958.0,1940.0,1946.0,187.4839,2023-11-15 12:00:00
1700064000000,1946.0,1952.0,1939.0,1941.0,192.9162,2023-11-15 16:00:00
1700078400000,1940.0,1946.0,1933.0,1939.0,243.2954,2023-11-15 20:00:00
1700092800000,1940.0,1944.0,1930.0,1941.0,148.3795,2023-11-16 00:00:00
1700107200000,1941.0,1946.0,1940.0,1944.0,96.363,2023-11-16 04:00:00
1700121600000,1944.0,1948.0,1938.0,1944.0,343.7334,2023-11-16 08:00:00
1700136000000,1943.0,1965.0,1937.0,1963.0,380.429,2023-11-16 12:00:00
1700150400000,1963.0,1966.0,1956.0,1963.0,228.9036,2023-11-16 16:00:00
1700164800000,1962.0,1963.0,1957.0,1960.0,111.269,2023-11-16 20:00:00
1700179200000,1960.0,1967.0,1960.0,1966.0,75.3256,2023-11-17 00:00:00
1700193600000,1966.0,1968.0,1962.0,1966.0,117.4455,2023-11-17 04:00:00
1700208000000,1967.0,1972.0,1965.0,1969.0,102.5517,2023-11-17 08:00:00
1700222400000,1968.0,1977.0,1965.0,1971.0,267.8725,2023-11-17 12:00:00
1700236800000,1971.0,1972.0,1965.0,1967.0,251.1853,2023-11-17 16:00:00
1700251200000,1967.0,1974.0,1965.0,1967.0,81.4208,2023-11-17 20:00:00
1700265600000,1967.0,1969.0,1965.0,1965.0,39.2987,2023-11-18 00:00:00
1700280000000,1966.0,1969.0,1959.0,1962.0,74.0016,2023-11-18 04:00:00
1700294400000,1962.0,1965.0,1958.0,1960.0,46.3764,2023-11-18 08:00:00
1700308800000,1961.0,1966.0,1958.0,1961.0,87.0511,2023-11-18 12:00:00
1700323200000,1960.0,1966.0,1959.0,1960.0,80.7387,2023-11-18 16:00:00
1700337600000,1960.0,1967.0,1959.0,1960.0,52.1745,2023-11-18 20:00:00
1700352000000,1961.0,1963.0,1959.0,1961.0,24.1457,2023-11-19 00:00:00
1700366400000,1961.0,1966.0,1959.0,1959.0,38.5701,2023-11-19 04:00:00
1700380800000,1959.0,1963.0,1958.0,1961.0,88.8567,2023-11-19 08:00:00
1700395200000,1960.0,1965.0,1959.0,1960.0,34.219,2023-11-19 12:00:00
1700409600000,1960.0,1963.0,1958.0,1961.0,57.2288,2023-11-19 16:00:00
1700424000000,1961.0,1964.0,1951.0,1957.0,145.2207,2023-11-19 20:00:00
1700438400000,1958.0,1965.0,1953.0,1961.0,66.3967,2023-11-20 00:00:00
1700452800000,1960.0,1965.0,1958.0,1960.0,71.8878,2023-11-20 04:00:00
1700467200000,1960.0,1963.0,1951.0,1958.0,122.8527,2023-11-20 08:00:00
1700481600000,1958.0,1958.0,1950.0,1952.0,110.8649,2023-11-20 12:00:00
1700496000000,1952.0,1964.0,1951.0,1962.0,182.6363,2023-11-20 16:00:00
1700510400000,1963.0,1963.0,1955.0,1961.0,39.9736,2023-11-20 20:00:00
1700524800000,1961.0,1972.0,1959.0,1972.0,108.8792,2023-11-21 00:00:00
1700539200000,1971.0,1985.0,1970.0,1983.0,380.536,2023-11-21 04:00:00
1700553600000,1981.0,1985.0,1969.0,1972.0,142.9175,2023-11-21 08:00:00
1700568000000,1972.0,1989.0,1968.0,1986.0,366.6841,2023-11-21 12:00:00
1700582400000,1985.0,1988.0,1976.0,1982.0,333.857,2023-11-21 16:00:00
1700596800000,1981.0,1984.0,1966.0,1977.0,201.762,2023-11-21 20:00:00
1700611200000,1977.0,1983.0,1975.0,1978.0,163.7949,2023-11-22 00:00:00
1700625600000,1977.0,1984.0,1977.0,1983.0,77.4171,2023-11-22 04:00:00
1700640000000,1984.0,1985.0,1979.0,1982.0,132.161,2023-11-22 08:00:00
1700654400000,1981.0,1988.0,1974.0,1978.0,199.5889,2023-11-22 12:00:00
1700668800000,1978.0,1984.0,1974.0,1980.0,152.6536,2023-11-22 16:00:00
1700683200000,1980.0,1983.0,1972.0,1982.0,90.2147,2023-11-22 20:00:00
1700697600000,1982.0,1985.0,1978.0,1980.0,161.1278,2023-11-23 00:00:00
1700712000000,1980.0,1988.0,1978.0,1979.0,64.0148,2023-11-23 04:00:00
1700726400000,1979.0,1982.0,1976.0,1980.0,202.305,2023-11-23 08:00:00
1700740800000,1979.0,1988.0,1977.0,1981.0,122.5478,2023-11-23 12:00:00
1700755200000,1981.0,1986.0,1976.0,1977.0,101.3212,2023-11-23 16:00:00
1700769600000,1978.0,1981.0,1976.0,1980.0,48.0962,2023-11-23 20:00:00
1700784000000,1979.0,1982.0,1977.0,1981.0,23.8016,2023-11-24 00:00:00
1700798400000,1979.0,1983.0,1976.0,1981.0,37.1008,2023-11-24 04:00:00
1700812800000,1981.0,1987.0,1976.0,1982.0,130.6115,2023-11-24 08:00:00
1700827200000,1982.0,1987.0,1978.0,1983.0,123.767,2023-11-24 12:00:00
1700841600000,1983.0,1989.0,1979.0,1987.0,175.9192,2023-11-24 16:00:00
1700856000000,1986.0,1989.0,1982.0,1985.0,61.7379,2023-11-24 20:00:00
1700870400000,1985.0,1989.0,1984.0,1988.0,24.8041,2023-11-25 00:00:00
1700884800000,1987.0,1988.0,1983.0,1985.0,111.3902,2023-11-25 04:00:00
1700899200000,1984.0,1988.0,1975.0,1983.0,182.972,2023-11-25 08:00:00
1700913600000,1982.0,1987.0,1982.0,1984.0,60.9894,2023-11-25 12:00:00
1700928000000,1984.0,1988.0,1982.0,1984.0,81.6348,2023-11-25 16:00:00
1700942400000,1984.0,1985.0,1982.0,1983.0,55.1536,2023-11-25 20:00:00
1700956800000,1982.0,1985.0,1982.0,1983.0,78.5253,2023-11-26 00:00:00
1700971200000,1982.0,1985.0,1982.0,1983.0,27.6619,2023-11-26 04:00:00
1700985600000,1982.0,1986.0,1982.0,1985.0,22.7005,2023-11-26 08:00:00
1701000000000,1984.0,1985.0,1980.0,1983.0,67.6561,2023-11-26 12:00:00
1701014400000,1982.0,1989.0,1980.0,1985.0,101.6739,2023-11-26 16:00:00
1701028800000,1984.0,1985.0,1981.0,1984.0,78.3354,2023-11-26 20:00:00
1701043200000,1983.0,1997.0,1983.0,1994.0,330.5123,2023-11-27 00:00:00
1701057600000,1993.0,1997.0,1990.0,1996.0,126.4448,2023-11-27 04:00:00
1701072000000,1996.0,1997.0,1992.0,1995.0,129.7411,2023-11-27 08:00:00
1701086400000,1994.0,1998.0,1993.0,1994.0,184.9654,2023-11-27 12:00:00
1701100800000,1994.0,1999.0,1991.0,1996.0,142.7898,2023-11-27 16:00:00
1701115200000,1996.0,2000.0,1992.0,1997.0,279.2414,2023-11-27 20:00:00
1701129600000,1997.0,1999.0,1996.0,1996.0,79.114,2023-11-28 00:00:00
1701144000000,1996.0,2000.0,1993.0,1997.0,76.6896,2023-11-28 04:00:00
1701158400000,1996.0,2000.0,1993.0,1999.0,66.3974,2023-11-28 08:00:00
1701172800000,1998.0,2012.0,1997.0,2011.0,473.1348,2023-11-28 12:00:00
1701187200000,2012.0,2031.0,2011.0,2026.0,578.9546,2023-11-28 16:00:00
1701201600000,2026.0,2026.0,2018.0,2023.0,117.0393,2023-11-28 20:00:00
1701216000000,2023.0,2031.0,2011.0,2027.0,185.1088,2023-11-29 00:00:00
1701230400000,2027.0,2028.0,2019.0,2021.0,55.3143,2023-11-29 04:00:00
1701244800000,2021.0,2028.0,2017.0,2025.0,96.0854,2023-11-29 08:00:00
1701259200000,2025.0,2027.0,2018.0,2022.0,131.1034,2023-11-29 12:00:00
1701273600000,2022.0,2029.0,2018.0,2027.0,193.698,2023-11-29 16:00:00
1701288000000,2027.0,2027.0,2022.0,2025.0,46.5687,2023-11-29 20:00:00
1701302400000,2024.0,2028.0,2021.0,2027.0,70.6834,2023-11-30 00:00:00
1701316800000,2027.0,2028.0,2021.0,2026.0,46.9223,2023-11-30 04:00:00
1701331200000,2025.0,2026.0,2015.0,2020.0,86.059,2023-11-30 08:00:00
1701345600000,2020.0,2031.0,2018.0,2025.0,208.6557,2023-11-30 12:00:00
1701360000000,2024.0,2028.0,2019.0,2022.0,95.6742,2023-11-30 16:00:00
1701374400000,2021.0,2023.0,2018.0,2023.0,86.0429,2023-11-30 20:00:00
1701388800000,2023.0,2027.0,2022.0,2023.0,44.4246,2023-12-01 00:00:00
1701403200000,2023.0,2027.0,2022.0,2025.0,101.9782,2023-12-01 04:00:00
1701417600000,2024.0,2032.0,2021.0,2022.0,226.9949,2023-12-01 08:00:00
1701432000000,2022.0,2035.0,2019.0,2033.0,199.0717,2023-12-01 12:00:00
1701446400000,2033.0,2056.0,2032.0,2049.0,866.3742,2023-12-01 16:00:00
1701460800000,2048.0,2058.0,2045.0,2051.0,187.7288,2023-12-01 20:00:00
1701475200000,2050.0,2053.0,2046.0,2050.0,71.0782,2023-12-02 00:00:00
1701489600000,2049.0,2051.0,2045.0,2049.0,150.8911,2023-12-02 04:00:00
1701504000000,2048.0,2049.0,2043.0,2047.0,103.132,2023-12-02 08:00:00
1701518400000,2047.0,2048.0,2045.0,2045.0,75.9093,2023-12-02 12:00:00
1701532800000,2045.0,2048.0,2042.0,2048.0,163.6799,2023-12-02 16:00:00
1701547200000,2048.0,2048.0,2042.0,2044.0,167.073,2023-12-02 20:00:00
1701561600000,2044.0,2048.0,2043.0,2046.0,69.8352,2023-12-03 00:00:00
1701576000000,2047.0,2048.0,2041.0,2045.0,91.1199,2023-12-03 04:00:00
1701590400000,2046.0,2047.0,2041.0,2044.0,74.8812,2023-12-03 08:00:00
1701604800000,2043.0,2047.0,2042.0,2046.0,87.5023,2023-12-03 12:00:00
1701619200000,2046.0,2050.0,2042.0,2046.0,167.7721,2023-12-03 16:00:00
1701633600000,2046.0,2095.0,2041.0,2088.0,916.8986,2023-12-03 20:00:00
1701648000000,2090.0,2090.0,2060.0,2066.0,196.0409,2023-12-04 00:00:00
1701662400000,2064.0,2070.0,2044.0,2045.0,377.7079,2023-12-04 04:00:00
1701676800000,2045.0,2056.0,2030.0,2053.0,336.463,2023-12-04 08:00:00
1701691200000,2053.0,2055.0,2014.0,2021.0,447.9456,2023-12-04 12:00:00
1701705600000,2021.0,2030.0,2015.0,2025.0,259.8281,2023-12-04 16:00:00
1701720000000,2026.0,2028.0,2018.0,2026.0,128.3581,2023-12-04 20:00:00
1701734400000,2026.0,2034.0,2024.0,2028.0,172.4762,2023-12-05 00:00:00
1701748800000,2029.0,2030.0,2023.0,2027.0,89.3129,2023-12-05 04:00:00
1701763200000,2027.0,2029.0,2010.0,2016.0,131.8537,2023-12-05 08:00:00
1701777600000,2017.0,2020.0,2006.0,2017.0,318.3311,2023-12-05 12:00:00
1701792000000,2017.0,2021.0,2009.0,2017.0,216.4756,2023-12-05 16:00:00
1701806400000,2016.0,2018.0,2009.0,2012.0,191.3106,2023-12-05 20:00:00
1701820800000,2012.0,2017.0,2010.0,2016.0,126.5377,2023-12-06 00:00:00
1701835200000,2017.0,2020.0,2011.0,2020.0,100.3736,2023-12-06 04:00:00
1701849600000,2020.0,2020.0,2003.0,2003.0,172.726,2023-12-06 08:00:00
1701864000000,2003.0,2015.0,2002.0,2012.0,304.2429,2023-12-06 12:00:00
1701878400000,2012.0,2019.0,2003.0,2013.0,146.7093,2023-12-06 16:00:00
1701892800000,2013.0,2013.0,2003.0,2007.0,51.7633,2023-12-06 20:00:00
1701907200000,2007.0,2012.0,2006.0,2008.0,42.3933,2023-12-07 00:00:00
1701921600000,2008.0,2013.0,2005.0,2013.0,37.4509,2023-12-07 04:00:00
1701936000000,2013.0,2025.0,2009.0,2018.0,278.87,2023-12-07 08:00:00
1701950400000,2017.0,2026.0,2010.0,2015.0,290.1504,2023-12-07 12:00:00
1701964800000,2015.0,2019.0,2009.0,2016.0,84.4274,2023-12-07 16:00:00
1701979200000,2016.0,2023.0,2011.0,2018.0,138.9619,2023-12-07 20:00:00
1701993600000,2018.0,2023.0,2017.0,2022.0,44.8674,2023-12-08 00:00:00
1702008000000,2022.0,2023.0,2019.0,2021.0,60.0587,2023-12-08 04:00:00
1702022400000,2021.0,2021.0,2014.0,2015.0,70.92,2023-12-08 08:00:00
1702036800000,2015.0,2019.0,1996.0,2004.0,350.3804,2023-12-08 12:00:00
1702051200000,2004.0,2005.0,1989.0,1996.0,312.0627,2023-12-08 16:00:00
1702065600000,1997.0,2004.0,1995.0,2003.0,298.3191,2023-12-08 20:00:00
1702080000000,2003.0,2012.0,1990.0,2001.0,216.5206,2023-12-09 00:00:00
1702094400000,2001.0,2004.0,1994.0,1997.0,172.7565,2023-12-09 04:00:00
1702108800000,1997.0,1998.0,1979.0,1990.0,451.2693,2023-12-09 08:00:00
1702123200000,1990.0,1992.0,1981.0,1984.0,113.3534,2023-12-09 12:00:00
1702137600000,1985.0,1992.0,1983.0,1986.0,107.2514,2023-12-09 16:00:00
1702152000000,1986.0,1997.0,1980.0,1997.0,152.9809,2023-12-09 20:00:00
1702166400000,1997.0,1998.0,1991.0,1992.0,58.0825,2023-12-10 00:00:00
1702180800000,1992.0,1995.0,1983.0,1985.0,63.5168,2023-12-10 04:00:00
1702195200000,1985.0,1996.0,1983.0,1994.0,141.443,2023-12-10 08:00:00
1702209600000,1994.0,1998.0,1984.0,1985.0,106.0389,2023-12-10 12:00:00
1702224000000,1987.0,1989.0,1983.0,1987.0,73.0586,2023-12-10 16:00:00
1702238400000,1987.0,1993.0,1982.0,1990.0,148.67,2023-12-10 20:00:00
1702252800000,1991.0,1994.0,1975.0,1980.0,301.4184,2023-12-11 00:00:00
1702267200000,1980.0,1982.0,1975.0,1979.0,198.7945,2023-12-11 04:00:00
1702281600000,1980.0,1980.0,1973.0,1978.0,160.9997,2023-12-11 08:00:00
1702296000000,1978.0,1979.0,1967.0,1973.0,375.6854,2023-12-11 12:00:00
1702310400000,1972.0,1976.0,1966.0,1970.0,307.3077,2023-12-11 16:00:00
1702324800000,1969.0,1975.0,1965.0,1970.0,185.0614,2023-12-11 20:00:00
1702339200000,1970.0,1974.0,1966.0,1973.0,87.4897,2023-12-12 00:00:00
1702353600000,1973.0,1973.0,1965.0,1972.0,96.6071,2023-12-12 04:00:00
1702368000000,1972.0,1973.0,1967.0,1970.0,95.7392,2023-12-12 08:00:00
1702382400000,1971.0,1979.0,1957.0,1968.0,313.3246,2023-12-12 12:00:00
1702396800000,1968.0,1971.0,1958.0,1964.0,209.322,2023-12-12 16:00:00
1702411200000,1964.0,1966.0,1960.0,1964.0,47.7449,2023-12-12 20:00:00
1702425600000,1964.0,1966.0,1957.0,1960.0,171.5781,2023-12-13 00:00:00
1702440000000,1960.0,1965.0,1953.0,1961.0,111.081,2023-12-13 04:00:00
1702454400000,1961.0,1964.0,1958.0,1962.0,61.9145,2023-12-13 08:00:00
1702468800000,1963.0,1970.0,1950.0,1966.0,199.0868,2023-12-13 12:00:00
1702483200000,1966.0,1997.0,1962.0,1992.0,325.4905,2023-12-13 16:00:00
1702497600000,1992.0,2012.0,1991.0,2011.0,337.3299,2023-12-13 20:00:00
1702512000000,2012.0,2020.0,2009.0,2011.0,200.6629,2023-12-14 00:00:00
1702526400000,2010.0,2017.0,2008.0,2012.0,144.7451,2023-12-14 04:00:00
1702540800000,2012.0,2019.0,2009.0,2013.0,189.6513,2023-12-14 08:00:00
1702555200000,2013.0,2029.0,2001.0,2023.0,596.8931,2023-12-14 12:00:00
1702569600000,2021.0,2025.0,2008.0,2011.0,128.9934,2023-12-14 16:00:00
1702584000000,2012.0,2021.0,2011.0,2017.0,83.3522,2023-12-14 20:00:00
1702598400000,2017.0,2027.0,2009.0,2015.0,225.0755,2023-12-15 00:00:00
1702612800000,2014.0,2022.0,2012.0,2018.0,52.2178,2023-12-15 04:00:00
1702627200000,2017.0,2023.0,2016.0,2020.0,58.1622,2023-12-15 08:00:00
1702641600000,2019.0,2022.0,2007.0,2014.0,188.0096,2023-12-15 12:00:00
1702656000000,2015.0,2018.0,2003.0,2004.0,88.175,2023-12-15 16:00:00
1702670400000,2004.0,2007.0,2001.0,2003.0,34.2677,2023-12-15 20:00:00
1702684800000,2003.0,2007.0,2002.0,2006.0,18.1486,2023-12-16 00:00:00
1702699200000,2006.0,2008.0,1995.0,1995.0,56.9183,2023-12-16 04:00:00
1702713600000,1997.0,1999.0,1995.0,1997.0,36.3358,2023-12-16 08:00:00
1702728000000,1996.0,1999.0,1995.0,1997.0,44.682,2023-12-16 12:00:00
1702742400000,1998.0,1999.0,1993.0,1993.0,114.7975,2023-12-16 16:00:00
1702756800000,1994.0,1999.0,1993.0,1995.0,54.7697,2023-12-16 20:00:00
1702771200000,1996.0,1998.0,1990.0,1994.0,68.1081,2023-12-17 00:00:00
1702785600000,1994.0,1998.0,1989.0,1997.0,61.6952,2023-12-17 04:00:00
1702800000000,1997.0,1999.0,1993.0,1995.0,36.3073,2023-12-17 08:00:00
1702814400000,1995.0,1999.0,1992.0,1997.0,63.2267,2023-12-17 12:00:00
1702828800000,1998.0,2002.0,1992.0,1997.0,51.7035,2023-12-17 16:00:00
1702843200000,1997.0,2001.0,1994.0,1999.0,99.0457,2023-12-17 20:00:00
1702857600000,1997.0,2005.0,1997.0,2004.0,77.7282,2023-12-18 00:00:00
1702872000000,2003.0,2007.0,2001.0,2002.0,88.409,2023-12-18 04:00:00
1702886400000,2003.0,2010.0,1998.0,2005.0,173.1199,2023-12-18 08:00:00
1702900800000,2004.0,2012.0,2003.0,2004.0,183.5315,2023-12-18 12:00:00
1702915200000,2004.0,2014.0,2003.0,2013.0,101.0578,2023-12-18 16:00:00
1702929600000,2012.0,2019.0,2007.0,2011.0,139.7176,2023-12-18 20:00:00
1702944000000,2012.0,2020.0,2009.0,2010.0,91.23,2023-12-19 00:00:00
1702958400000,2009.0,2023.0,2005.0,2015.0,144.7556,2023-12-19 04:00:00
1702972800000,2015.0,2019.0,2008.0,2009.0,83.6955,2023-12-19 08:00:00
1702987200000,2008.0,2026.0,2008.0,2021.0,239.5653,2023-12-19 12:00:00
1703001600000,2021.0,2028.0,2020.0,2024.0,160.3609,2023-12-19 16:00:00
1703016000000,2024.0,2025.0,2018.0,2020.0,69.1917,2023-12-19 20:00:00
1703030400000,2020.0,2023.0,2018.0,2022.0,26.6425,2023-12-20 00:00:00
1703044800000,2023.0,2028.0,2020.0,2022.0,71.3581,2023-12-20 04:00:00
1703059200000,2021.0,2023.0,2015.0,2018.0,37.4919,2023-12-20 08:00:00
1703073600000,2018.0,2023.0,2011.0,2015.0,142.8847,2023-12-20 12:00:00
1703088000000,2015.0,2018.0,2011.0,2012.0,112.211,2023-12-20 16:00:00
1703102400000,2012.0,2016.0,2007.0,2012.0,126.5432,2023-12-20 20:00:00
1703116800000,2011.0,2022.0,2011.0,2018.0,145.7886,2023-12-21 00:00:00
1703131200000,2016.0,2024.0,2012.0,2014.0,86.1368,2023-12-21 04:00:00
1703145600000,2014.0,2019.0,2010.0,2013.0,229.519,2023-12-21 08:00:00
1703160000000,2012.0,2026.0,2012.0,2021.0,310.6455,2023-12-21 12:00:00
1703174400000,2020.0,2026.0,2015.0,2024.0,149.9864,2023-12-21 16:00:00
1703188800000,2025.0,2033.0,2022.0,2030.0,241.0979,2023-12-21 20:00:00
1703203200000,2030.0,2033.0,2026.0,2028.0,76.3771,2023-12-22 00:00:00
1703217600000,2027.0,2030.0,2026.0,2028.0,95.6214,2023-12-22 04:00:00
1703232000000,2027.0,2041.0,2027.0,2040.0,208.5585,2023-12-22 08:00:00
1703246400000,2040.0,2048.0,2036.0,2040.0,272.3444,2023-12-22 12:00:00
1703260800000,2040.0,2047.0,2030.0,2033.0,177.826,2023-12-22 16:00:00
1703275200000,2033.0,2034.0,2027.0,2028.0,107.4444,2023-12-22 20:00:00
1703289600000,2028.0,2032.0,2027.0,2030.0,65.346,2023-12-23 00:00:00
1703304000000,2030.0,2038.0,2030.0,2032.0,36.317,2023-12-23 04:00:00
1703318400000,2031.0,2035.0,2026.0,2030.0,134.9333,2023-12-23 08:00:00
1703332800000,2031.0,2031.0,2024.0,2028.0,70.7528,2023-12-23 12:00:00
1703347200000,2028.0,2031.0,2025.0,2029.0,83.7487,2023-12-23 16:00:00
1703361600000,2029.0,2029.0,2025.0,2026.0,96.7459,2023-12-23 20:00:00
1703376000000,2025.0,2029.0,2024.0,2027.0,50.9897,2023-12-24 00:00:00
1703390400000,2026.0,2029.0,2023.0,2027.0,40.8172,2023-12-24 04:00:00
1703404800000,2027.0,2031.0,2024.0,2028.0,61.59,2023-12-24 08:00:00
1703419200000,2028.0,2031.0,2026.0,2029.0,61.2033,2023-12-24 12:00:00
1703433600000,2029.0,2032.0,2026.0,2027.0,53.9502,2023-12-24 16:00:00
1703448000000,2026.0,2031.0,2023.0,2029.0,67.6196,2023-12-24 20:00:00
1703462400000,2028.0,2031.0,2023.0,2029.0,45.7164,2023-12-25 00:00:00
1703476800000,2028.0,2032.0,2026.0,2026.0,56.1425,2023-12-25 04:00:00
1703491200000,2027.0,2030.0,2021.0,2028.0,94.2273,2023-12-25 08:00:00
1703505600000,2028.0,2029.0,2016.0,2028.0,222.1422,2023-12-25 12:00:00
1703520000000,2028.0,2030.0,2021.0,2023.0,87.9599,2023-12-25 16:00:00
1703534400000,2023.0,2033.0,2021.0,2031.0,144.8944,2023-12-25 20:00:00
1703548800000,2030.0,2035.0,2026.0,2034.0,148.1894,2023-12-26 00:00:00
1703563200000,2034.0,2037.0,2027.0,2032.0,130.4325,2023-12-26 04:00:00
1703577600000,2033.0,2039.0,2026.0,2037.0,239.5737,2023-12-26 08:00:00
1703592000000,2039.0,2039.0,2024.0,2031.0,158.8548,2023-12-26 12:00:00
1703606400000,2031.0,2038.0,2025.0,2036.0,274.2739,2023-12-26 16:00:00
1703620800000,2036.0,2039.0,2028.0,2036.0,147.9778,2023-12-26 20:00:00
1703635200000,2035.0,2039.0,2035.0,2037.0,64.4761,2023-12-27 00:00:00
1703649600000,2037.0,2040.0,2034.0,2037.0,61.0427,2023-12-27 04:00:00
1703664000000,2037.0,2044.0,2035.0,2040.0,113.9354,2023-12-27 08:00:00
1703678400000,2041.0,2049.0,2036.0,2046.0,267.544,2023-12-27 12:00:00
1703692800000,2046.0,2055.0,2044.0,2053.0,263.2047,2023-12-27 16:00:00
1703707200000,2052.0,2058.0,2043.0,2053.0,163.3233,2023-12-27 20:00:00
1703721600000,2052.0,2067.0,2051.0,2062.0,112.6239,2023-12-28 00:00:00
1703736000000,2059.0,2068.0,2057.0,2065.0,96.6924,2023-12-28 04:00:00
1703750400000,2062.0,2065.0,2050.0,2054.0,77.1487,2023-12-28 08:00:00
1703764800000,2054.0,2069.0,2047.0,2064.0,233.8297,2023-12-28 12:00:00
1703779200000,2062.0,2068.0,2044.0,2044.0,106.9112,2023-12-28 16:00:00
1703793600000,2044.0,2051.0,2040.0,2047.0,45.1797,2023-12-28 20:00:00
1703808000000,2047.0,2053.0,2040.0,2048.0,98.5945,2023-12-29 00:00:00
1703822400000,2047.0,2052.0,2042.0,2047.0,89.5198,2023-12-29 04:00:00
1703836800000,2047.0,2054.0,2040.0,2044.0,126.516,2023-12-29 08:00:00
1703851200000,2043.0,2049.0,2030.0,2033.0,247.3916,2023-12-29 12:00:00
1703865600000,2034.0,2053.0,2030.0,2039.0,278.2891,2023-12-29 16:00:00
1703880000000,2037.0,2044.0,2032.0,2035.0,90.488,2023-12-29 20:00:00
1703894400000,2034.0,2040.0,2022.0,2029.0,123.3298,2023-12-30 00:00:00
1703908800000,2029.0,2035.0,2027.0,2029.0,33.0373,2023-12-30 04:00:00
1703923200000,2030.0,2044.0,2027.0,2032.0,89.575,2023-12-30 08:00:00
1703937600000,2031.0,2033.0,2025.0,2033.0,89.1442,2023-12-30 12:00:00
1703952000000,2032.0,2033.0,2028.0,2029.0,55.1385,2023-12-30 16:00:00
1703966400000,2029.0,2032.0,2027.0,2029.0,43.3156,2023-12-30 20:00:00
1703980800000,2028.0,2032.0,2027.0,2029.0,23.4179,2023-12-31 00:00:00
1703995200000,2029.0,2032.0,2028.0,2030.0,14.5552,2023-12-31 04:00:00
1704009600000,2030.0,2035.0,2027.0,2029.0,69.7349,2023-12-31 08:00:00
1704024000000,2029.0,2036.0,2027.0,2031.0,86.6402,2023-12-31 12:00:00
1704038400000,2031.0,2035.0,2028.0,2033.0,53.6694,2023-12-31 16:00:00
1704052800000,2032.0,2034.0,2024.0,2028.0,127.75,2023-12-31 20:00:00
1704067200000,2027.0,2034.0,2027.0,2028.0,24.8618,2024-01-01 00:00:00
1704081600000,2028.0,2030.0,2026.0,2028.0,33.7643,2024-01-01 04:00:00
1704096000000,2028.0,2034.0,2026.0,2034.0,90.9954,2024-01-01 08:00:00
1704110400000,2034.0,2034.0,2024.0,2031.0,80.0836,2024-01-01 12:00:00
1704124800000,2030.0,2038.0,2028.0,2031.0,71.8874,2024-01-01 16:00:00
1704139200000,2030.0,2036.0,2028.0,2029.0,75.2345,2024-01-01 20:00:00
1704153600000,2029.0,2040.0,2025.0,2038.0,256.3651,2024-01-02 00:00:00
1704168000000,2037.0,2051.0,2037.0,2041.0,117.6811,2024-01-02 04:00:00
1704182400000,2041.0,2048.0,2006.0,2039.0,329.6661,2024-01-02 08:00:00
1704196800000,2039.0,2045.0,2029.0,2036.0,220.9098,2024-01-02 12:00:00
1704211200000,2035.0,2047.0,2031.0,2037.0,125.5624,2024-01-02 16:00:00
1704225600000,2037.0,2039.0,2029.0,2035.0,87.3221,2024-01-02 20:00:00
1704240000000,2033.0,2039.0,2030.0,2035.0,68.5958,2024-01-03 00:00:00
1704254400000,2035.0,2041.0,2032.0,2038.0,53.8927,2024-01-03 04:00:00
1704268800000,2038.0,2043.0,2019.0,2022.0,192.3737,2024-01-03 08:00:00
1704283200000,2022.0,2031.0,2000.0,2009.0,576.8406,2024-01-03 12:00:00
1704297600000,2007.0,2030.0,2001.0,2011.0,219.7098,2024-01-03 16:00:00
1704312000000,2011.0,2020.0,2009.0,2018.0,86.9877,2024-01-03 20:00:00
1704326400000,2018.0,2025.0,2017.0,2022.0,38.9545,2024-01-04 00:00:00
1704340800000,2021.0,2028.0,2019.0,2022.0,48.1457,2024-01-04 04:00:00
1704355200000,2022.0,2028.0,2020.0,2022.0,92.0829,2024-01-04 08:00:00
1704369600000,2021.0,2027.0,2010.0,2019.0,196.2557,2024-01-04 12:00:00
1704384000000,2019.0,2023.0,2013.0,2021.0,155.8511,2024-01-04 16:00:00
1704398400000,2021.0,2023.0,2019.0,2021.0,72.6465,2024-01-04 20:00:00
1704412800000,2021.0,2026.0,2020.0,2023.0,136.1581,2024-01-05 00:00:00
1704427200000,2022.0,2028.0,2020.0,2021.0,117.4339,2024-01-05 04:00:00
1704441600000,2022.0,2028.0,2018.0,2019.0,80.393,2024-01-05 08:00:00
1704456000000,2019.0,2037.0,2011.0,2033.0,268.5728,2024-01-05 12:00:00
1704470400000,2033.0,2040.0,2014.0,2023.0,151.6517,2024-01-05 16:00:00
1704484800000,2022.0,2026.0,2017.0,2020.0,52.1859,2024-01-05 20:00:00
1704499200000,2021.0,2022.0,2016.0,2019.0,31.0473,2024-01-06 00:00:00
1704513600000,2018.0,2021.0,2017.0,2018.0,35.5807,2024-01-06 04:00:00
1704528000000,2018.0,2021.0,2017.0,2020.0,45.7162,2024-01-06 08:00:00
1704542400000,2020.0,2022.0,2004.0,2015.0,213.7081,2024-01-06 12:00:00
1704556800000,2015.0,2021.0,2012.0,2013.0,58.8804,2024-01-06 16:00:00
1704571200000,2013.0,2021.0,2011.0,2016.0,26.1539,2024-01-06 20:00:00
1704585600000,2017.0,2021.0,2014.0,2017.0,23.6872,2024-01-07 00:00:00
1704600000000,2016.0,2018.0,2013.0,2014.0,11.3015,2024-01-07 04:00:00
1704614400000,2014.0,2019.0,2011.0,2015.0,28.0481,2024-01-07 08:00:00
1704628800000,2015.0,2017.0,2012.0,2013.0,28.9155,2024-01-07 12:00:00
1704643200000,2013.0,2020.0,2009.0,2017.0,122.6698,2024-01-07 16:00:00
1704657600000,2017.0,2020.0,2012.0,2015.0,56.9996,2024-01-07 20:00:00
1704672000000,2014.0,2025.0,2010.0,2018.0,164.1645,2024-01-08 00:00:00
1704686400000,2017.0,2018.0,2004.0,2009.0,58.8608,2024-01-08 04:00:00
1704700800000,2009.0,2024.0,2005.0,2012.0,218.3434,2024-01-08 08:00:00
1704715200000,2012.0,2015.0,2004.0,2009.0,163.9695,2024-01-08 12:00:00
1704729600000,2010.0,2016.0,2000.0,2006.0,282.6669,2024-01-08 16:00:00
1704744000000,2008.0,2010.0,2003.0,2007.0,82.4824,2024-01-08 20:00:00
1704758400000,2008.0,2014.0,2008.0,2012.0,72.1608,2024-01-09 00:00:00
1704772800000,2011.0,2016.0,2008.0,2013.0,70.2526,2024-01-09 04:00:00
1704787200000,2014.0,2019.0,2009.0,2014.0,72.0152,2024-01-09 08:00:00
1704801600000,2015.0,2021.0,2008.0,2013.0,115.1056,2024-01-09 12:00:00
1704816000000,2013.0,2022.0,2007.0,2013.0,95.9613,2024-01-09 16:00:00
1704830400000,2014.0,2020.0,2006.0,2015.0,117.8952,2024-01-09 20:00:00
1704844800000,2014.0,2023.0,2014.0,2016.0,53.1227,2024-01-10 00:00:00
1704859200000,2015.0,2028.0,2010.0,2014.0,80.9598,2024-01-10 04:00:00
1704873600000,2016.0,2021.0,2008.0,2015.0,148.6871,2024-01-10 08:00:00
1704888000000,2014.0,2020.0,2007.0,2016.0,220.5136,2024-01-10 12:00:00
1704902400000,2016.0,2016.0,2001.0,2005.0,156.8819,2024-01-10 16:00:00
1704916800000,2004.0,2012.0,1994.0,2000.0,833.5927,2024-01-10 20:00:00
1704931200000,1999.0,2005.0,1991.0,2001.0,524.1811,2024-01-11 00:00:00
1704945600000,2000.0,2011.0,1998.0,2009.0,238.1588,2024-01-11 04:00:00
1704960000000,2009.0,2011.0,2002.0,2007.0,219.9948,2024-01-11 08:00:00
1704974400000,2007.0,2010.0,1999.0,2000.0,292.8121,2024-01-11 12:00:00
1704988800000,1999.0,2006.0,1990.0,2003.0,283.2898,2024-01-11 16:00:00
1705003200000,2004.0,2015.0,1999.0,2012.0,124.655,2024-01-11 20:00:00
1705017600000,2011.0,2014.0,2004.0,2008.0,85.6096,2024-01-12 00:00:00
1705032000000,2007.0,2016.0,2005.0,2015.0,159.9481,2024-01-12 04:00:00
1705046400000,2015.0,2028.0,2012.0,2024.0,324.6426,2024-01-12 08:00:00
1705060800000,2025.0,2034.0,2018.0,2030.0,375.0369,2024-01-12 12:00:00
1705075200000,2029.0,2032.0,2012.0,2022.0,278.1894,2024-01-12 16:00:00
1705089600000,2023.0,2029.0,2014.0,2022.0,252.3435,2024-01-12 20:00:00
1705104000000,2021.0,2023.0,2018.0,2021.0,116.5725,2024-01-13 00:00:00
1705118400000,2021.0,2024.0,2019.0,2023.0,62.7768,2024-01-13 04:00:00
1705132800000,2023.0,2024.0,2019.0,2023.0,81.5535,2024-01-13 08:00:00
1705147200000,2022.0,2027.0,2016.0,2022.0,183.9429,2024-01-13 12:00:00
1705161600000,2021.0,2026.0,2018.0,2021.0,110.1871,2024-01-13 16:00:00
1705176000000,2021.0,2024.0,2017.0,2018.0,69.844,2024-01-13 20:00:00
1705190400000,2018.0,2019.0,2015.0,2017.0,48.9754,2024-01-14 00:00:00
1705204800000,2016.0,2021.0,2015.0,2017.0,13.7387,2024-01-14 04:00:00
1705219200000,2017.0,2025.0,2015.0,2023.0,60.9064,2024-01-14 08:00:00
1705233600000,2021.0,2024.0,2017.0,2019.0,39.7111,2024-01-14 12:00:00
1705248000000,2018.0,2024.0,2016.0,2018.0,55.7081,2024-01-14 16:00:00
1705262400000,2018.0,2025.0,2016.0,2022.0,124.3414,2024-01-14 20:00:00
1705276800000,2022.0,2047.0,2022.0,2033.0,282.9517,2024-01-15 00:00:00
1705291200000,2034.0,2042.0,2030.0,2041.0,122.3073,2024-01-15 04:00:00
1705305600000,2041.0,2050.0,2040.0,2041.0,95.2025,2024-01-15 08:00:00
1705320000000,2041.0,2042.0,2040.0,2040.0,75.345,2024-01-15 12:00:00
1705334400000,2041.0,2049.0,2033.0,2037.0,197.1319,2024-01-15 16:00:00
1705348800000,2039.0,2043.0,2034.0,2040.0,57.781,2024-01-15 20:00:00
1705363200000,2040.0,2047.0,2026.0,2038.0,84.508,2024-01-16 00:00:00
1705377600000,2037.0,2039.0,2028.0,2031.0,23.3692,2024-01-16 04:00:00
1705392000000,2030.0,2035.0,2022.0,2028.0,94.3345,2024-01-16 08:00:00
1705406400000,2027.0,2032.0,2016.0,2028.0,96.2172,2024-01-16 12:00:00
1705420800000,2030.0,2032.0,2011.0,2019.0,82.1967,2024-01-16 16:00:00
1705435200000,2018.0,2027.0,2017.0,2018.0,62.5058,2024-01-16 20:00:00
1705449600000,2019.0,2026.0,2017.0,2019.0,50.9074,2024-01-17 00:00:00
1705464000000,2019.0,2021.0,2011.0,2018.0,50.1603,2024-01-17 04:00:00
1705478400000,2016.0,2019.0,2005.0,2009.0,126.0955,2024-01-17 08:00:00
1705492800000,2010.0,2017.0,2001.0,2005.0,186.2617,2024-01-17 12:00:00
1705507200000,2005.0,2008.0,2000.0,2007.0,159.8337,2024-01-17 16:00:00
1705521600000,2007.0,2012.0,2002.0,2005.0,90.0317,2024-01-17 20:00:00
1705536000000,2005.0,2011.0,2004.0,2008.0,38.6275,2024-01-18 00:00:00
1705550400000,2008.0,2011.0,2003.0,2010.0,39.047,2024-01-18 04:00:00
1705564800000,2010.0,2011.0,2001.0,2009.0,83.4245,2024-01-18 08:00:00
1705579200000,2009.0,2011.0,2002.0,2009.0,108.7422,2024-01-18 12:00:00
1705593600000,2008.0,2018.0,2004.0,2012.0,203.8543,2024-01-18 16:00:00
1705608000000,2011.0,2020.0,2004.0,2016.0,134.8421,2024-01-18 20:00:00
1705622400000,2015.0,2020.0,2013.0,2019.0,58.0035,2024-01-19 00:00:00
1705636800000,2018.0,2020.0,2015.0,2019.0,72.8496,2024-01-19 04:00:00
1705651200000,2019.0,2022.0,2014.0,2019.0,45.9229,2024-01-19 08:00:00
1705665600000,2020.0,2022.0,2005.0,2016.0,213.5642,2024-01-19 12:00:00
1705680000000,2016.0,2020.0,2005.0,2014.0,269.1788,2024-01-19 16:00:00
1705694400000,2014.0,2017.0,2008.0,2010.0,49.0467,2024-01-19 20:00:00
1705708800000,2010.0,2011.0,2008.0,2008.0,38.56,2024-01-20 00:00:00
1705723200000,2008.0,2015.0,2007.0,2010.0,47.4552,2024-01-20 04:00:00
1705737600000,2010.0,2017.0,2007.0,2009.0,57.7498,2024-01-20 08:00:00
1705752000000,2010.0,2014.0,2009.0,2011.0,15.5449,2024-01-20 12:00:00
1705766400000,2011.0,2012.0,2009.0,2011.0,36.1414,2024-01-20 16:00:00
1705780800000,2011.0,2014.0,2009.0,2014.0,16.1798,2024-01-20 20:00:00
1705795200000,2013.0,2016.0,2011.0,2013.0,13.6603,2024-01-21 00:00:00
1705809600000,2012.0,2013.0,2007.0,2012.0,22.8536,2024-01-21 04:00:00
1705824000000,2011.0,2013.0,2007.0,2009.0,97.0655,2024-01-21 08:00:00
1705838400000,2009.0,2013.0,2006.0,2012.0,55.6658,2024-01-21 12:00:00
1705852800000,2012.0,2014.0,2008.0,2009.0,38.3019,2024-01-21 16:00:00
1705867200000,2008.0,2012.0,2006.0,2008.0,53.0267,2024-01-21 20:00:00
1705881600000,2008.0,2012.0,2006.0,2007.0,33.7165,2024-01-22 00:00:00
1705896000000,2007.0,2009.0,2004.0,2007.0,30.332,2024-01-22 04:00:00
1705910400000,2007.0,2010.0,2003.0,2006.0,78.8304,2024-01-22 08:00:00
1705924800000,2006.0,2011.0,2002.0,2005.0,239.4108,2024-01-22 12:00:00
1705939200000,2005.0,2011.0,2000.0,2003.0,402.5942,2024-01-22 16:00:00
1705953600000,2002.0,2007.0,2000.0,2001.0,77.224,2024-01-22 20:00:00
1705968000000,2002.0,2008.0,2000.0,2008.0,28.2134,2024-01-23 00:00:00
1705982400000,2007.0,2016.0,2007.0,2011.0,66.9113,2024-01-23 04:00:00
1705996800000,2011.0,2014.0,2003.0,2006.0,244.3998,2024-01-23 08:00:00
1706011200000,2006.0,2010.0,2002.0,2005.0,129.34,2024-01-23 12:00:00
1706025600000,2004.0,2011.0,2002.0,2009.0,170.3332,2024-01-23 16:00:00
1706040000000,2009.0,2012.0,2005.0,2009.0,124.8925,2024-01-23 20:00:00
1706054400000,2009.0,2010.0,2005.0,2006.0,19.7509,2024-01-24 00:00:00
1706068800000,2006.0,2011.0,2005.0,2010.0,23.9991,2024-01-24 04:00:00
1706083200000,2010.0,2015.0,2009.0,2012.0,103.9471,2024-01-24 08:00:00
1706097600000,2012.0,2015.0,2002.0,2003.0,84.4448,2024-01-24 12:00:00
1706112000000,2005.0,2009.0,2000.0,2003.0,140.9152,2024-01-24 16:00:00
1706126400000,2003.0,2006.0,2000.0,2004.0,98.6035,2024-01-24 20:00:00
1706140800000,2004.0,2006.0,1999.0,1999.0,49.7405,2024-01-25 00:00:00
1706155200000,1999.0,2007.0,1994.0,2003.0,169.9609,2024-01-25 04:00:00
1706169600000,2004.0,2004.0,1996.0,2000.0,61.2272,2024-01-25 08:00:00
1706184000000,2000.0,2010.0,1997.0,2006.0,317.4498,2024-01-25 12:00:00
1706198400000,2006.0,2012.0,2004.0,2009.0,128.7205,2024-01-25 16:00:00
1706212800000,2008.0,2009.0,2000.0,2003.0,59.4147,2024-01-25 20:00:00
1706227200000,2004.0,2007.0,2000.0,2003.0,40.7499,2024-01-26 00:00:00
1706241600000,2004.0,2010.0,2001.0,2004.0,113.3265,2024-01-26 04:00:00
1706256000000,2003.0,2010.0,2002.0,2006.0,81.4177,2024-01-26 08:00:00
1706270400000,2005.0,2008.0,2002.0,2004.0,95.8642,2024-01-26 12:00:00
1706284800000,2005.0,2007.0,1999.0,2000.0,145.1561,2024-01-26 16:00:00
1706299200000,2000.0,2004.0,1998.0,1999.0,61.2383,2024-01-26 20:00:00
1706313600000,1999.0,2004.0,1997.0,1999.0,32.9962,2024-01-27 00:00:00
1706328000000,1999.0,2003.0,1997.0,1999.0,27.5839,2024-01-27 04:00:00
1706342400000,1999.0,2002.0,1993.0,2000.0,129.0432,2024-01-27 08:00:00
1706356800000,1999.0,2001.0,1997.0,2001.0,23.7294,2024-01-27 12:00:00
1706371200000,2000.0,2003.0,1996.0,2000.0,112.069,2024-01-27 16:00:00
1706385600000,2000.0,2002.0,1997.0,1998.0,41.6597,2024-01-27 20:00:00
1706400000000,1998.0,2002.0,1997.0,2000.0,60.1392,2024-01-28 00:00:00
1706414400000,1999.0,2003.0,1998.0,1999.0,26.9859,2024-01-28 04:00:00
1706428800000,1999.0,2004.0,1994.0,1999.0,118.7139,2024-01-28 08:00:00
1706443200000,1999.0,2002.0,1998.0,2000.0,51.6984,2024-01-28 12:00:00
1706457600000,1999.0,2006.0,1997.0,2003.0,124.8329,2024-01-28 16:00:00
1706472000000,2003.0,2008.0,2003.0,2007.0,164.6173,2024-01-28 20:00:00
1706486400000,2007.0,2009.0,2006.0,2007.0,29.2563,2024-01-29 00:00:00
1706500800000,2006.0,2012.0,2005.0,2011.0,101.2945,2024-01-29 04:00:00
1706515200000,2011.0,2013.0,2005.0,2007.0,55.0106,2024-01-29 08:00:00
1706529600000,2007.0,2016.0,2005.0,2012.0,160.3803,2024-01-29 12:00:00
1706544000000,2012.0,2015.0,2008.0,2010.0,73.6106,2024-01-29 16:00:00
1706558400000,2010.0,2015.0,2001.0,2009.0,806.3913,2024-01-29 20:00:00
1706572800000,2009.0,2010.0,2007.0,2008.0,98.5879,2024-01-30 00:00:00
1706587200000,2008.0,2010.0,2002.0,2006.0,212.7852,2024-01-30 04:00:00
1706601600000,2006.0,2010.0,2003.0,2010.0,226.8652,2024-01-30 08:00:00
1706616000000,2010.0,2014.0,2003.0,2009.0,379.0498,2024-01-30 12:00:00
1706630400000,2008.0,2015.0,2008.0,2014.0,118.8212,2024-01-30 16:00:00
1706644800000,2014.0,2016.0,2013.0,2015.0,110.8904,2024-01-30 20:00:00
1706659200000,2015.0,2017.0,2012.0,2014.0,55.093,2024-01-31 00:00:00
1706673600000,2014.0,2018.0,2013.0,2017.0,80.2416,2024-01-31 04:00:00
1706688000000,2017.0,2019.0,2014.0,2016.0,150.6102,2024-01-31 08:00:00
1706702400000,2017.0,2036.0,2014.0,2030.0,455.8614,2024-01-31 12:00:00
1706716800000,2031.0,2034.0,2021.0,2026.0,168.9969,2024-01-31 16:00:00
1706731200000,2026.0,2027.0,2012.0,2023.0,184.9015,2024-01-31 20:00:00
1706745600000,2023.0,2031.0,2020.0,2027.0,55.0957,2024-02-01 00:00:00
1706760000000,2027.0,2029.0,2022.0,2025.0,40.8718,2024-02-01 04:00:00
1706774400000,2024.0,2030.0,2017.0,2020.0,251.6096,2024-02-01 08:00:00
1706788800000,2020.0,2032.0,2017.0,2032.0,207.9908,2024-02-01 12:00:00
1706803200000,2033.0,2044.0,2032.0,2037.0,216.763,2024-02-01 16:00:00
1706817600000,2037.0,2039.0,2030.0,2036.0,84.3115,2024-02-01 20:00:00
1706832000000,2036.0,2040.0,2033.0,2035.0,24.858,2024-02-02 00:00:00
1706846400000,2035.0,2040.0,2035.0,2036.0,44.2001,2024-02-02 04:00:00
1706860800000,2036.0,2040.0,2034.0,2038.0,32.9909,2024-02-02 08:00:00
1706875200000,2037.0,2039.0,2016.0,2025.0,170.8961,2024-02-02 12:00:00
1706889600000,2024.0,2032.0,2020.0,2028.0,72.7765,2024-02-02 16:00:00
1706904000000,2026.0,2032.0,2020.0,2025.0,86.2406,2024-02-02 20:00:00
1706918400000,2022.0,2025.0,2018.0,2021.0,35.2841,2024-02-03 00:00:00
1706932800000,2020.0,2027.0,2019.0,2023.0,21.4591,2024-02-03 04:00:00
1706947200000,2025.0,2029.0,2022.0,2027.0,16.8946,2024-02-03 08:00:00
1706961600000,2025.0,2027.0,2021.0,2022.0,21.9675,2024-02-03 12:00:00
1706976000000,2022.0,2049.0,2021.0,2023.0,101.8397,2024-02-03 16:00:00
1706990400000,2022.0,2023.0,2018.0,2019.0,47.6857,2024-02-03 20:00:00
1707004800000,2019.0,2021.0,2016.0,2019.0,53.722,2024-02-04 00:00:00
1707019200000,2018.0,2021.0,2017.0,2020.0,18.3416,2024-02-04 04:00:00
1707033600000,2020.0,2021.0,2019.0,2020.0,10.7504,2024-02-04 08:00:00
1707048000000,2021.0,2025.0,2019.0,2019.0,53.7152,2024-02-04 12:00:00
1707062400000,2019.0,2021.0,2017.0,2018.0,71.6886,2024-02-04 16:00:00
1707076800000,2018.0,2027.0,2016.0,2019.0,142.7961,2024-02-04 20:00:00
1707091200000,2021.0,2021.0,2015.0,2017.0,22.5637,2024-02-05 00:00:00
1707105600000,2016.0,2019.0,2013.0,2014.0,43.3479,2024-02-05 04:00:00
1707120000000,2014.0,2016.0,2008.0,2013.0,123.4966,2024-02-05 08:00:00
1707134400000,2014.0,2014.0,2005.0,2005.0,76.6713,2024-02-05 12:00:00
1707148800000,2005.0,2015.0,2004.0,2009.0,42.3566,2024-02-05 16:00:00
1707163200000,2009.0,2010.0,2003.0,2008.0,69.7013,2024-02-05 20:00:00
1707177600000,2008.0,2012.0,2008.0,2009.0,16.5093,2024-02-06 00:00:00
1707192000000,2008.0,2012.0,2007.0,2008.0,34.5697,2024-02-06 04:00:00
1707206400000,2008.0,2012.0,2005.0,2010.0,56.0565,2024-02-06 08:00:00
1707220800000,2010.0,2019.0,2006.0,2018.0,75.476,2024-02-06 12:00:00
1707235200000,2017.0,2026.0,2014.0,2021.0,188.2799,2024-02-06 16:00:00
1707249600000,2021.0,2025.0,2015.0,2016.0,39.6727,2024-02-06 20:00:00
1707264000000,2016.0,2021.0,2016.0,2021.0,18.3573,2024-02-07 00:00:00
1707278400000,2021.0,2021.0,2013.0,2017.0,36.208,2024-02-07 04:00:00
1707292800000,2017.0,2025.0,2014.0,2020.0,52.7987,2024-02-07 08:00:00
1707307200000,2020.0,2025.0,2017.0,2020.0,91.711,2024-02-07 12:00:00
1707321600000,2020.0,2023.0,2013.0,2018.0,170.7416,2024-02-07 16:00:00
1707336000000,2018.0,2021.0,2010.0,2017.0,157.2027,2024-02-07 20:00:00
1707350400000,2016.0,2021.0,2012.0,2013.0,177.5787,2024-02-08 00:00:00
1707364800000,2012.0,2015.0,2010.0,2011.0,78.4825,2024-02-08 04:00:00
1707379200000,2011.0,2020.0,2011.0,2012.0,40.7691,2024-02-08 08:00:00
1707393600000,2012.0,2019.0,1975.0,2011.0,343.7853,2024-02-08 12:00:00
1707408000000,2011.0,2014.0,2007.0,2012.0,137.5887,2024-02-08 16:00:00
1707422400000,2012.0,2015.0,2009.0,2013.0,147.6186,2024-02-08 20:00:00
1707436800000,2012.0,2016.0,2010.0,2013.0,62.711,2024-02-09 00:00:00
1707451200000,2012.0,2014.0,2008.0,2013.0,107.0873,2024-02-09 04:00:00
1707465600000,2012.0,2015.0,2007.0,2012.0,185.7919,2024-02-09 08:00:00
1707480000000,2012.0,2015.0,2001.0,2006.0,370.7866,2024-02-09 12:00:00
1707494400000,2006.0,2011.0,2001.0,2006.0,274.5462,2024-02-09 16:00:00
1707508800000,2007.0,2010.0,1998.0,2002.0,230.9444,2024-02-09 20:00:00
1707523200000,2001.0,2007.0,2000.0,2007.0,131.9376,2024-02-10 00:00:00
1707537600000,2006.0,2009.0,2003.0,2003.0,24.9311,2024-02-10 04:00:00
1707552000000,2003.0,2006.0,2000.0,2003.0,47.728,2024-02-10 08:00:00
1707566400000,2002.0,2007.0,1997.0,1999.0,266.7446,2024-02-10 12:00:00
1707580800000,1999.0,2003.0,1996.0,2000.0,111.5519,2024-02-10 16:00:00
1707595200000,2000.0,2002.0,1984.0,1999.0,144.6995,2024-02-10 20:00:00
1707609600000,1999.0,2003.0,1996.0,1998.0,48.9773,2024-02-11 00:00:00
1707624000000,1999.0,2002.0,1997.0,1997.0,53.555,2024-02-11 04:00:00
1707638400000,1997.0,2002.0,1997.0,2000.0,58.024,2024-02-11 08:00:00
1707652800000,2001.0,2002.0,1996.0,1997.0,78.979,2024-02-11 12:00:00
1707667200000,1997.0,2006.0,1996.0,2005.0,49.7353,2024-02-11 16:00:00
1707681600000,2005.0,2007.0,1999.0,2005.0,49.0852,2024-02-11 20:00:00
1707696000000,2004.0,2007.0,1998.0,2004.0,1051.6383,2024-02-12 00:00:00
1707710400000,2003.0,2004.0,1998.0,2003.0,25.3969,2024-02-12 04:00:00
1707724800000,2003.0,2010.0,1998.0,1999.0,89.73,2024-02-12 08:00:00
1707739200000,1999.0,2006.0,1996.0,1998.0,155.0131,2024-02-12 12:00:00
1707753600000,1998.0,2010.0,1994.0,2004.0,321.2923,2024-02-12 16:00:00
1707768000000,2003.0,2009.0,1997.0,2001.0,129.8216,2024-02-12 20:00:00
1707782400000,2000.0,2006.0,1997.0,1998.0,44.6245,2024-02-13 00:00:00
1707796800000,1998.0,2005.0,1998.0,2005.0,97.7624,2024-02-13 04:00:00
1707811200000,2004.0,2009.0,2004.0,2007.0,101.1122,2024-02-13 08:00:00
1707825600000,2007.0,2009.0,1990.0,1993.0,256.0372,2024-02-13 12:00:00
1707840000000,1992.0,1995.0,1981.0,1985.0,218.471,2024-02-13 16:00:00
1707854400000,1985.0,1994.0,1984.0,1987.0,52.7488,2024-02-13 20:00:00
1707868800000,1988.0,1994.0,1982.0,1990.0,57.7553,2024-02-14 00:00:00
1707883200000,1990.0,1994.0,1985.0,1989.0,86.8085,2024-02-14 04:00:00
1707897600000,1989.0,1994.0,1980.0,1989.0,375.9113,2024-02-14 08:00:00
1707912000000,1988.0,1989.0,1968.0,1979.0,512.126,2024-02-14 12:00:00
1707926400000,1978.0,1982.0,1973.0,1978.0,226.8266,2024-02-14 16:00:00
1707940800000,1979.0,1982.0,1976.0,1980.0,157.9435,2024-02-14 20:00:00
1707955200000,1980.0,1989.0,1977.0,1983.0,139.9312,2024-02-15 00:00:00
1707969600000,1983.0,1986.0,1971.0,1981.0,196.669,2024-02-15 04:00:00
1707984000000,1981.0,1982.0,1976.0,1980.0,77.8198,2024-02-15 08:00:00
1707998400000,1980.0,1988.0,1977.0,1981.0,222.2134,2024-02-15 12:00:00
1708012800000,1981.0,1987.0,1978.0,1985.0,133.0397,2024-02-15 16:00:00
1708027200000,1985.0,1988.0,1978.0,1982.0,332.3298,2024-02-15 20:00:00
1708041600000,1982.0,1991.0,1979.0,1986.0,135.6074,2024-02-16 00:00:00
1708056000000,1985.0,1990.0,1982.0,1986.0,70.6003,2024-02-16 04:00:00
1708070400000,1985.0,1990.0,1982.0,1986.0,136.9512,2024-02-16 08:00:00
1708084800000,1986.0,1988.0,1974.0,1983.0,279.1592,2024-02-16 12:00:00
1708099200000,1984.0,1996.0,1983.0,1987.0,204.7946,2024-02-16 16:00:00
1708113600000,1987.0,1994.0,1985.0,1986.0,177.1556,2024-02-16 20:00:00
1708128000000,1985.0,1989.0,1985.0,1988.0,78.6106,2024-02-17 00:00:00
1708142400000,1987.0,1992.0,1985.0,1988.0,53.9545,2024-02-17 04:00:00
1708156800000,1989.0,1999.0,1986.0,1991.0,158.7737,2024-02-17 08:00:00
1708171200000,1991.0,1997.0,1989.0,1990.0,116.9992,2024-02-17 12:00:00
1708185600000,1991.0,1994.0,1988.0,1989.0,52.9455,2024-02-17 16:00:00
1708200000000,1988.0,1995.0,1987.0,1991.0,108.7735,2024-02-17 20:00:00
1708214400000,1990.0,1991.0,1982.0,1986.0,224.0419,2024-02-18 00:00:00
1708228800000,1985.0,1991.0,1985.0,1988.0,50.7932,2024-02-18 04:00:00
1708243200000,1988.0,1994.0,1986.0,1989.0,55.5124,2024-02-18 08:00:00
1708257600000,1989.0,1993.0,1986.0,1991.0,71.0323,2024-02-18 12:00:00
1708272000000,1990.0,1992.0,1985.0,1989.0,169.3172,2024-02-18 16:00:00
1708286400000,1989.0,1994.0,1986.0,1991.0,91.3736,2024-02-18 20:00:00
1708300800000,1990.0,2000.0,1986.0,1997.0,101.8492,2024-02-19 00:00:00
1708315200000,1996.0,1999.0,1993.0,1999.0,167.8758,2024-02-19 04:00:00
1708329600000,1998.0,1999.0,1992.0,1994.0,184.9052,2024-02-19 08:00:00
1708344000000,1994.0,1997.0,1992.0,1995.0,100.6564,2024-02-19 12:00:00
1708358400000,1996.0,1996.0,1982.0,1992.0,198.9538,2024-02-19 16:00:00
1708372800000,1993.0,1997.0,1988.0,1989.0,125.4767,2024-02-19 20:00:00
1708387200000,1989.0,1995.0,1981.0,1993.0,152.1171,2024-02-20 00:00:00
1708401600000,1993.0,1995.0,1992.0,1995.0,26.1616,2024-02-20 04:00:00
1708416000000,1994.0,2000.0,1993.0,2000.0,138.5204,2024-02-20 08:00:00
1708430400000,2000.0,2009.0,1994.0,2003.0,344.4889,2024-02-20 12:00:00
1708444800000,2004.0,2009.0,2002.0,2004.0,260.797,2024-02-20 16:00:00
1708459200000,2004.0,2008.0,1999.0,2004.0,95.5751,2024-02-20 20:00:00
1708473600000,2004.0,2008.0,2002.0,2007.0,39.7032,2024-02-21 00:00:00
1708488000000,2006.0,2009.0,2003.0,2006.0,77.2402,2024-02-21 04:00:00
1708502400000,2006.0,2008.0,2001.0,2004.0,168.6765,2024-02-21 08:00:00
1708516800000,2005.0,2009.0,2003.0,2006.0,98.6045,2024-02-21 12:00:00
1708531200000,2005.0,2008.0,2000.0,2004.0,95.6501,2024-02-21 16:00:00
1708545600000,2005.0,2007.0,2000.0,2002.0,123.2742,2024-02-21 20:00:00
1708560000000,2002.0,2005.0,2001.0,2005.0,90.0965,2024-02-22 00:00:00
1708574400000,2004.0,2009.0,2000.0,2008.0,152.2796,2024-02-22 04:00:00
1708588800000,2007.0,2010.0,2003.0,2005.0,270.351,2024-02-22 08:00:00
1708603200000,2005.0,2006.0,1998.0,1999.0,132.5105,2024-02-22 12:00:00
1708617600000,1999.0,2003.0,1997.0,2002.0,37.5322,2024-02-22 16:00:00
1708632000000,2002.0,2004.0,1998.0,2001.0,117.3015,2024-02-22 20:00:00
1708646400000,2001.0,2006.0,1996.0,2002.0,106.9995,2024-02-23 00:00:00
1708660800000,2002.0,2006.0,1995.0,1997.0,77.2828,2024-02-23 04:00:00
1708675200000,1997.0,2001.0,1994.0,2001.0,48.5736,2024-02-23 08:00:00
1708689600000,2000.0,2006.0,1998.0,2004.0,196.8981,2024-02-23 12:00:00
1708704000000,2004.0,2015.0,2002.0,2010.0,320.4184,2024-02-23 16:00:00
1708718400000,2010.0,2013.0,2008.0,2008.0,43.8001,2024-02-23 20:00:00
1708732800000,2008.0,2011.0,2006.0,2010.0,33.4013,2024-02-24 00:00:00
1708747200000,2009.0,2011.0,2006.0,2009.0,55.9239,2024-02-24 04:00:00
1708761600000,2008.0,2012.0,2007.0,2007.0,101.4399,2024-02-24 08:00:00
1708776000000,2008.0,2011.0,2006.0,2007.0,23.8262,2024-02-24 12:00:00
1708790400000,2007.0,2011.0,2006.0,2007.0,43.8618,2024-02-24 16:00:00
1708804800000,2007.0,2012.0,2007.0,2008.0,58.0408,2024-02-24 20:00:00
1708819200000,2008.0,2011.0,2007.0,2008.0,23.92,2024-02-25 00:00:00
1708833600000,2008.0,2010.0,2007.0,2008.0,26.9781,2024-02-25 04:00:00
1708848000000,2007.0,2008.0,2006.0,2007.0,58.878,2024-02-25 08:00:00
1708862400000,2007.0,2010.0,2000.0,2002.0,106.5388,2024-02-25 12:00:00
1708876800000,2001.0,2010.0,1999.0,2008.0,87.9101,2024-02-25 16:00:00
1708891200000,2008.0,2010.0,2006.0,2008.0,50.7764,2024-02-25 20:00:00
1708905600000,2008.0,2010.0,2005.0,2008.0,59.2374,2024-02-26 00:00:00
1708920000000,2008.0,2012.0,2005.0,2011.0,181.8826,2024-02-26 04:00:00
1708934400000,2011.0,2014.0,2008.0,2009.0,122.8107,2024-02-26 08:00:00
1708948800000,2010.0,2012.0,2002.0,2007.0,148.8694,2024-02-26 12:00:00
1708963200000,2006.0,2012.0,2001.0,2007.0,272.0465,2024-02-26 16:00:00
1708977600000,2006.0,2011.0,2003.0,2005.0,168.9165,2024-02-26 20:00:00
1708992000000,2005.0,2008.0,2002.0,2004.0,266.6542,2024-02-27 00:00:00
1709006400000,2005.0,2008.0,2003.0,2006.0,114.9313,2024-02-27 04:00:00
1709020800000,2006.0,2008.0,2001.0,2007.0,294.7523,2024-02-27 08:00:00
1709035200000,2008.0,2008.0,2001.0,2005.0,184.8708,2024-02-27 12:00:00
1709049600000,2006.0,2008.0,2000.0,2002.0,219.7239,2024-02-27 16:00:00
1709064000000,2001.0,2008.0,2001.0,2005.0,112.9832,2024-02-27 20:00:00
1709078400000,2005.0,2010.0,2001.0,2004.0,187.9675,2024-02-28 00:00:00
1709092800000,2004.0,2022.0,2004.0,2011.0,537.9508,2024-02-28 04:00:00
1709107200000,2012.0,2019.0,2002.0,2005.0,334.0723,2024-02-28 08:00:00
1709121600000,2005.0,2019.0,2003.0,2009.0,354.8928,2024-02-28 12:00:00
1709136000000,2009.0,2020.0,2005.0,2011.0,561.1625,2024-02-28 16:00:00
1709150400000,2010.0,2021.0,2008.0,2019.0,218.802,2024-02-28 20:00:00
1709164800000,2018.0,2023.0,2012.0,2013.0,159.8594,2024-02-29 00:00:00
1709179200000,2014.0,2020.0,2012.0,2018.0,143.8177,2024-02-29 04:00:00
1709193600000,2018.0,2019.0,2006.0,2009.0,244.7006,2024-02-29 08:00:00
1709208000000,2010.0,2029.0,2004.0,2024.0,431.562,2024-02-29 12:00:00
1709222400000,2024.0,2026.0,2017.0,2021.0,280.1754,2024-02-29 16:00:00
1709236800000,2023.0,2023.0,1989.0,1995.0,926.3999,2024-02-29 20:00:00
1709251200000,1996.0,2000.0,1995.0,2000.0,499.648,2024-03-01 00:00:00
1709265600000,2000.0,2000.0,1996.0,1997.0,433.2281,2024-03-01 04:00:00
1709280000000,1997.0,2003.0,1996.0,2000.0,814.3271,2024-03-01 08:00:00
1709294400000,1999.0,2016.0,1992.0,2014.0,935.3059,2024-03-01 12:00:00
1709308800000,2014.0,2039.0,2002.0,2012.0,1248.2737,2024-03-01 16:00:00
1709323200000,2011.0,2033.0,2008.0,2019.0,784.9987,2024-03-01 20:00:00
1709337600000,2019.0,2033.0,2018.0,2032.0,315.3357,2024-03-02 00:00:00
1709352000000,2031.0,2034.0,2027.0,2029.0,111.7709,2024-03-02 04:00:00
1709366400000,2030.0,2034.0,2027.0,2032.0,79.9777,2024-03-02 08:00:00
1709380800000,2032.0,2034.0,2016.0,2026.0,368.8406,2024-03-02 12:00:00
1709395200000,2027.0,2028.0,2023.0,2026.0,54.4569,2024-03-02 16:00:00
1709409600000,2026.0,2031.0,2024.0,2031.0,84.804,2024-03-02 20:00:00
1709424000000,2030.0,2035.0,2025.0,2033.0,122.221,2024-03-03 00:00:00
1709438400000,2032.0,2039.0,2025.0,2031.0,185.1871,2024-03-03 04:00:00
1709452800000,2032.0,2039.0,2029.0,2031.0,171.8664,2024-03-03 08:00:00
1709467200000,2032.0,2035.0,2016.0,2022.0,550.1539,2024-03-03 12:00:00
1709481600000,2022.0,2028.0,2016.0,2018.0,161.0116,2024-03-03 16:00:00
1709496000000,2018.0,2029.0,2016.0,2023.0,405.8414,2024-03-03 20:00:00
1709510400000,2024.0,2030.0,2016.0,2019.0,404.7862,2024-03-04 00:00:00
1709524800000,2019.0,2020.0,2003.0,2013.0,340.9553,2024-03-04 04:00:00
1709539200000,2013.0,2026.0,2007.0,2024.0,650.6415,2024-03-04 08:00:00
1709553600000,2024.0,2063.0,2020.0,2061.0,1152.5916,2024-03-04 12:00:00
1709568000000,2062.0,2070.0,2046.0,2059.0,870.5078,2024-03-04 16:00:00
1709582400000,2059.0,2076.0,2052.0,2065.0,455.6265,2024-03-04 20:00:00
1709596800000,2065.0,2077.0,2057.0,2073.0,200.2695,2024-03-05 00:00:00
1709611200000,2073.0,2077.0,2059.0,2066.0,980.8167,2024-03-05 04:00:00
1709625600000,2065.0,2098.0,2062.0,2091.0,911.1183,2024-03-05 08:00:00
1709640000000,2091.0,2094.0,2057.0,2078.0,901.2296,2024-03-05 12:00:00
1709654400000,2079.0,2095.0,2066.0,2078.0,1408.4163,2024-03-05 16:00:00
1709668800000,2078.0,2093.0,2070.0,2089.0,568.6578,2024-03-05 20:00:00
1709683200000,2089.0,2095.0,2087.0,2091.0,186.0136,2024-03-06 00:00:00
1709697600000,2091.0,2100.0,2087.0,2095.0,395.0733,2024-03-06 04:00:00
1709712000000,2094.0,2107.0,2088.0,2103.0,391.786352,2024-03-06 08:00:00
1709726400000,2104.0,2107.0,2081.0,2101.0,543.7958,2024-03-06 12:00:00
1709740800000,2101.0,2119.0,2098.0,2110.0,448.6293,2024-03-06 16:00:00
1709755200000,2109.0,2118.0,2107.0,2111.0,159.792,2024-03-06 20:00:00
1709769600000,2110.0,2125.0,2110.0,2121.0,221.0124,2024-03-07 00:00:00
1709784000000,2122.0,2134.0,2118.0,2126.0,482.3794,2024-03-07 04:00:00
1709798400000,2125.0,2136.0,2125.0,2128.0,512.8562,2024-03-07 08:00:00
1709812800000,2128.0,2140.0,2121.0,2124.0,372.134,2024-03-07 12:00:00
1709827200000,2124.0,2134.0,2106.0,2133.0,356.6589,2024-03-07 16:00:00
1709841600000,2134.0,2136.0,2124.0,2131.0,165.8961,2024-03-07 20:00:00
1709856000000,2131.0,2167.0,2125.0,2139.0,190.3213,2024-03-08 00:00:00
1709870400000,2138.0,2144.0,2130.0,2139.0,95.3361,2024-03-08 04:00:00
1709884800000,2140.0,2152.0,2136.0,2151.0,193.2841,2024-03-08 08:00:00
1709899200000,2151.0,2160.0,2135.0,2151.0,589.2927,2024-03-08 12:00:00
1709913600000,2151.0,2163.0,2141.0,2144.0,527.9882,2024-03-08 16:00:00
1709928000000,2145.0,2148.0,2120.0,2131.0,518.7887,2024-03-08 20:00:00
1709942400000,2131.0,2138.0,2127.0,2135.0,79.4309,2024-03-09 00:00:00
1709956800000,2135.0,2140.0,2130.0,2137.0,118.5183,2024-03-09 04:00:00
1709971200000,2137.0,2140.0,2131.0,2134.0,115.9846,2024-03-09 08:00:00
1709985600000,2134.0,2140.0,2132.0,2136.0,143.6083,2024-03-09 12:00:00
1710000000000,2135.0,2141.0,2133.0,2133.0,112.8454,2024-03-09 16:00:00
1710014400000,2134.0,2139.0,2126.0,2130.0,346.6739,2024-03-09 20:00:00
1710028800000,2130.0,2131.0,2127.0,2129.0,387.471,2024-03-10 00:00:00
1710043200000,2128.0,2136.0,2126.0,2134.0,180.5733,2024-03-10 04:00:00
1710057600000,2134.0,2139.0,2125.0,2134.0,123.6965,2024-03-10 08:00:00
1710072000000,2133.0,2137.0,2116.0,2127.0,297.5835,2024-03-10 12:00:00
1710086400000,2127.0,2137.0,2122.0,2132.0,153.7096,2024-03-10 16:00:00
1710100800000,2132.0,2141.0,2129.0,2141.0,130.9915,2024-03-10 20:00:00
1710115200000,2139.0,2166.0,2130.0,2163.0,469.2198,2024-03-11 00:00:00
1710129600000,2162.0,2174.0,2160.0,2166.0,335.8668,2024-03-11 04:00:00
1710144000000,2167.0,2168.0,2150.0,2151.0,293.446,2024-03-11 08:00:00
1710158400000,2152.0,2167.0,2145.0,2156.0,455.8993,2024-03-11 12:00:00
1710172800000,2157.0,2165.0,2151.0,2158.0,288.4304,2024-03-11 16:00:00
1710187200000,2158.0,2162.0,2156.0,2160.0,99.1828,2024-03-11 20:00:00
1710201600000,2161.0,2164.0,2152.0,2152.0,150.5456,2024-03-12 00:00:00
1710216000000,2152.0,2158.0,2149.0,2154.0,141.9998,2024-03-12 04:00:00
1710230400000,2154.0,2160.0,2146.0,2150.0,244.3181,2024-03-12 08:00:00
1710244800000,2150.0,2159.0,2131.0,2141.0,458.7364,2024-03-12 12:00:00
1710259200000,2141.0,2146.0,2132.0,2140.0,331.7286,2024-03-12 16:00:00
1710273600000,2140.0,2146.0,2129.0,2144.0,172.8952,2024-03-12 20:00:00
1710288000000,2144.0,2154.0,2140.0,2151.0,78.4406,2024-03-13 00:00:00
1710302400000,2150.0,2154.0,2143.0,2145.0,78.0336,2024-03-13 04:00:00
1710316800000,2144.0,2154.0,2137.0,2141.0,222.3264,2024-03-13 08:00:00
1710331200000,2142.0,2155.0,2138.0,2151.0,259.1139,2024-03-13 12:00:00
1710345600000,2152.0,2162.0,2148.0,2156.0,145.9773,2024-03-13 16:00:00
1710360000000,2156.0,2160.0,2150.0,2153.0,101.2283,2024-03-13 20:00:00
1710374400000,2154.0,2159.0,2148.0,2153.0,89.3693,2024-03-14 00:00:00
1710388800000,2153.0,2160.0,2148.0,2153.0,81.9853,2024-03-14 04:00:00
1710403200000,2153.0,2165.0,2140.0,2150.0,360.6361,2024-03-14 08:00:00
1710417600000,2150.0,2160.0,2140.0,2148.0,272.8588,2024-03-14 12:00:00
1710432000000,2147.0,2149.0,2138.0,2142.0,223.7947,2024-03-14 16:00:00
1710446400000,2143.0,2153.0,2142.0,2145.0,170.7638,2024-03-14 20:00:00
1710460800000,2145.0,2151.0,2130.0,2143.0,327.0432,2024-03-15 00:00:00
1710475200000,2143.0,2155.0,2138.0,2147.0,257.7492,2024-03-15 04:00:00
1710489600000,2147.0,2155.0,2136.0,2145.0,646.6993,2024-03-15 08:00:00
1710504000000,2145.0,2147.0,2136.0,2139.0,199.2391,2024-03-15 12:00:00
1710518400000,2140.0,2147.0,2127.0,2131.0,325.7933,2024-03-15 16:00:00
1710532800000,2130.0,2141.0,2124.0,2134.0,245.9482,2024-03-15 20:00:00
1710547200000,2133.0,2141.0,2129.0,2129.0,143.7984,2024-03-16 00:00:00
1710561600000,2130.0,2135.0,2124.0,2129.0,139.8281,2024-03-16 04:00:00
1710576000000,2129.0,2131.0,2110.0,2118.0,295.2659,2024-03-16 08:00:00
1710590400000,2117.0,2121.0,2109.0,2111.0,192.7864,2024-03-16 12:00:00
1710604800000,2111.0,2126.0,2110.0,2123.0,191.5383,2024-03-16 16:00:00
1710619200000,2121.0,2131.0,2112.0,2118.0,302.3693,2024-03-16 20:00:00
1710633600000,2118.0,2124.0,2114.0,2119.0,57.8271,2024-03-17 00:00:00
1710648000000,2119.0,2122.0,2111.0,2117.0,173.7369,2024-03-17 04:00:00
1710662400000,2117.0,2132.0,2116.0,2122.0,229.8605,2024-03-17 08:00:00
1710676800000,2122.0,2129.0,2118.0,2127.0,126.9528,2024-03-17 12:00:00
1710691200000,2127.0,2129.0,2118.0,2120.0,135.4727,2024-03-17 16:00:00
1710705600000,2121.0,2126.0,2112.0,2122.0,227.6029,2024-03-17 20:00:00
1710720000000,2122.0,2124.0,2117.0,2121.0,130.166,2024-03-18 00:00:00
1710734400000,2121.0,2129.0,2120.0,2128.0,71.2418,2024-03-18 04:00:00
1710748800000,2129.0,2138.0,2125.0,2135.0,179.2045,2024-03-18 08:00:00
1710763200000,2136.0,2143.0,2123.0,2135.0,236.4161,2024-03-18 12:00:00
1710777600000,2136.0,2141.0,2132.0,2138.0,188.6022,2024-03-18 16:00:00
1710792000000,2138.0,2144.0,2135.0,2142.0,97.5276,2024-03-18 20:00:00
1710806400000,2142.0,2147.0,2130.0,2140.0,192.8726,2024-03-19 00:00:00
1710820800000,2139.0,2142.0,2131.0,2140.0,334.8057,2024-03-19 04:00:00
1710835200000,2140.0,2143.0,2127.0,2134.0,476.9899,2024-03-19 08:00:00
1710849600000,2135.0,2138.0,2126.0,2135.0,337.7496,2024-03-19 12:00:00
1710864000000,2135.0,2140.0,2128.0,2135.0,302.9129,2024-03-19 16:00:00
1710878400000,2136.0,2142.0,2129.0,2132.0,275.8128,2024-03-19 20:00:00
1710892800000,2132.0,2141.0,2128.0,2135.0,192.6707,2024-03-20 00:00:00
1710907200000,2135.0,2147.0,2132.0,2143.0,370.3181,2024-03-20 04:00:00
1710921600000,2143.0,2148.0,2133.0,2143.0,200.3729,2024-03-20 08:00:00
1710936000000,2143.0,2149.0,2131.0,2134.0,282.97,2024-03-20 12:00:00
1710950400000,2133.0,2170.0,2125.0,2159.0,641.2559,2024-03-20 16:00:00
1710964800000,2160.0,2196.0,2158.0,2185.0,481.6103,2024-03-20 20:00:00
1710979200000,2185.0,2190.0,2175.0,2181.0,150.8831,2024-03-21 00:00:00
1710993600000,2181.0,2192.0,2178.0,2186.0,259.2656,2024-03-21 04:00:00
1711008000000,2185.0,2201.0,2177.0,2194.0,307.5592,2024-03-21 08:00:00
1711022400000,2194.0,2198.0,2156.0,2164.0,270.1248,2024-03-21 12:00:00
1711036800000,2164.0,2172.0,2160.0,2167.0,192.933,2024-03-21 16:00:00
1711051200000,2167.0,2188.0,2163.0,2174.0,145.4731,2024-03-21 20:00:00
1711065600000,2174.0,2181.0,2164.0,2169.0,94.3529,2024-03-22 00:00:00
1711080000000,2168.0,2181.0,2152.0,2158.0,163.6015,2024-03-22 04:00:00
1711094400000,2159.0,2166.0,2150.0,2154.0,196.3107,2024-03-22 08:00:00
1711108800000,2154.0,2162.0,2147.0,2153.0,216.0106,2024-03-22 12:00:00
1711123200000,2152.0,2154.0,2142.0,2151.0,127.5821,2024-03-22 16:00:00
1711137600000,2152.0,2153.0,2139.0,2150.0,119.2429,2024-03-22 20:00:00
1711152000000,2149.0,2158.0,2143.0,2150.0,54.4594,2024-03-23 00:00:00
1711166400000,2149.0,2164.0,2148.0,2159.0,64.2326,2024-03-23 04:00:00
1711180800000,2159.0,2161.0,2151.0,2152.0,46.9558,2024-03-23 08:00:00
1711195200000,2153.0,2163.0,2148.0,2154.0,121.7185,2024-03-23 12:00:00
1711209600000,2155.0,2158.0,2146.0,2151.0,86.6593,2024-03-23 16:00:00
1711224000000,2151.0,2153.0,2146.0,2146.0,62.9836,2024-03-23 20:00:00
1711238400000,2149.0,2152.0,2142.0,2143.0,56.7787,2024-03-24 00:00:00
1711252800000,2142.0,2150.0,2139.0,2147.0,60.8439,2024-03-24 04:00:00
1711267200000,2148.0,2159.0,2145.0,2155.0,101.1558,2024-03-24 08:00:00
1711281600000,2155.0,2158.0,2147.0,2155.0,95.3758,2024-03-24 12:00:00
1711296000000,2154.0,2158.0,2148.0,2156.0,120.6354,2024-03-24 16:00:00
1711310400000,2156.0,2163.0,2152.0,2163.0,131.7979,2024-03-24 20:00:00
1711324800000,2160.0,2168.0,2154.0,2161.0,118.1655,2024-03-25 00:00:00
1711339200000,2161.0,2168.0,2150.0,2153.0,127.5517,2024-03-25 04:00:00
1711353600000,2153.0,2157.0,2150.0,2155.0,99.8866,2024-03-25 08:00:00
1711368000000,2154.0,2172.0,2154.0,2167.0,265.4258,2024-03-25 12:00:00
1711382400000,2166.0,2180.0,2162.0,2175.0,355.3199,2024-03-25 16:00:00
1711396800000,2175.0,2176.0,2153.0,2171.0,216.2063,2024-03-25 20:00:00
1711411200000,2172.0,2175.0,2162.0,2165.0,103.4437,2024-03-26 00:00:00
1711425600000,2165.0,2178.0,2159.0,2160.0,159.1545,2024-03-26 04:00:00
1711440000000,2159.0,2182.0,2154.0,2179.0,377.48,2024-03-26 08:00:00
1711454400000,2178.0,2184.0,2160.0,2161.0,191.0892,2024-03-26 12:00:00
1711468800000,2161.0,2166.0,2158.0,2163.0,116.1268,2024-03-26 16:00:00
1711483200000,2163.0,2172.0,2160.0,2166.0,102.9435,2024-03-26 20:00:00
1711497600000,2165.0,2170.0,2160.0,2160.0,43.4572,2024-03-27 00:00:00
1711512000000,2160.0,2166.0,2156.0,2161.0,112.2212,2024-03-27 04:00:00
1711526400000,2162.0,2177.0,2159.0,2173.0,176.2141,2024-03-27 08:00:00
1711540800000,2173.0,2177.0,2164.0,2166.0,335.0723,2024-03-27 12:00:00
1711555200000,2166.0,2176.0,2164.0,2172.0,185.3884,2024-03-27 16:00:00
1711569600000,2171.0,2175.0,2168.0,2172.0,47.9638,2024-03-27 20:00:00
1711584000000,2172.0,2174.0,2165.0,2173.0,81.6523,2024-03-28 00:00:00
1711598400000,2173.0,2181.0,2172.0,2174.0,74.6025,2024-03-28 04:00:00
1711612800000,2176.0,2190.0,2167.0,2189.0,209.3146,2024-03-28 08:00:00
1711627200000,2188.0,2195.0,2184.0,2192.0,253.8932,2024-03-28 12:00:00
1711641600000,2192.0,2200.0,2190.0,2199.0,164.1691,2024-03-28 16:00:00
1711656000000,2199.0,2218.0,2197.0,2212.0,215.028,2024-03-28 20:00:00
1711670400000,2213.0,2217.0,2211.0,2213.0,23.919,2024-03-29 00:00:00
1711684800000,2213.0,2219.0,2200.0,2206.0,135.2941,2024-03-29 04:00:00
1711699200000,2206.0,2216.0,2204.0,2210.0,132.2565,2024-03-29 08:00:00
1711713600000,2211.0,2219.0,2209.0,2213.0,131.3825,2024-03-29 12:00:00
1711728000000,2213.0,2217.0,2207.0,2215.0,83.4677,2024-03-29 16:00:00
1711742400000,2215.0,2220.0,2208.0,2218.0,72.926,2024-03-29 20:00:00
1711756800000,2219.0,2227.0,2211.0,2212.0,135.1627,2024-03-30 00:00:00
1711771200000,2213.0,2215.0,2203.0,2206.0,90.6789,2024-03-30 04:00:00
1711785600000,2206.0,2211.0,2201.0,2210.0,75.422,2024-03-30 08:00:00
1711800000000,2210.0,2212.0,2203.0,2208.0,68.5834,2024-03-30 12:00:00
1711814400000,2209.0,2212.0,2203.0,2205.0,53.8438,2024-03-30 16:00:00
1711828800000,2205.0,2212.0,2203.0,2205.0,53.2013,2024-03-30 20:00:00
1711843200000,2205.0,2213.0,2204.0,2208.0,40.5638,2024-03-31 00:00:00
1711857600000,2208.0,2217.0,2207.0,2214.0,82.0555,2024-03-31 04:00:00
1711872000000,2214.0,2215.0,2207.0,2212.0,44.4809,2024-03-31 08:00:00
1711886400000,2212.0,2215.0,2204.0,2210.0,108.2725,2024-03-31 12:00:00
1711900800000,2209.0,2215.0,2209.0,2213.0,84.756,2024-03-31 16:00:00
1711915200000,2214.0,2224.0,2207.0,2222.0,82.164,2024-03-31 20:00:00
1711929600000,2221.0,2243.0,2220.0,2242.0,177.0711,2024-04-01 00:00:00
1711944000000,2241.0,2245.0,2230.0,2242.0,231.8357,2024-04-01 04:00:00
1711958400000,2243.0,2245.0,2230.0,2232.0,163.7073,2024-04-01 08:00:00
1711972800000,2232.0,2238.0,2211.0,2219.0,231.8897,2024-04-01 12:00:00
1711987200000,2219.0,2226.0,2214.0,2226.0,146.1012,2024-04-01 16:00:00
1712001600000,2226.0,2239.0,2221.0,2230.0,166.1368,2024-04-01 20:00:00
1712016000000,2230.0,2237.0,2223.0,2231.0,145.9962,2024-04-02 00:00:00
1712030400000,2231.0,2237.0,2229.0,2232.0,114.1442,2024-04-02 04:00:00
1712044800000,2232.0,2247.0,2227.0,2232.0,374.2795,2024-04-02 08:00:00
1712059200000,2233.0,2245.0,2226.0,2232.0,261.0977,2024-04-02 12:00:00
1712073600000,2231.0,2257.0,2225.0,2256.0,282.4649,2024-04-02 16:00:00
1712088000000,2256.0,2268.0,2252.0,2262.0,272.1429,2024-04-02 20:00:00
1712102400000,2262.0,2298.0,2258.0,2282.0,589.9416,2024-04-03 00:00:00
1712116800000,2283.0,2283.0,2265.0,2265.0,141.2452,2024-04-03 04:00:00
1712131200000,2265.0,2273.0,2253.0,2259.0,194.0149,2024-04-03 08:00:00
1712145600000,2259.0,2270.0,2248.0,2266.0,219.9965,2024-04-03 12:00:00
1712160000000,2266.0,2287.0,2266.0,2286.0,152.4704,2024-04-03 16:00:00
1712174400000,2286.0,2330.0,2283.0,2300.0,665.2756,2024-04-03 20:00:00
1712188800000,2301.0,2303.0,2291.0,2295.0,98.4915,2024-04-04 00:00:00
1712203200000,2296.0,2299.0,2288.0,2294.0,138.0049,2024-04-04 04:00:00
1712217600000,2291.0,2297.0,2283.0,2288.0,136.6335,2024-04-04 08:00:00
1712232000000,2288.0,2291.0,2283.0,2287.0,160.5658,2024-04-04 12:00:00
1712246400000,2288.0,2294.0,2275.0,2275.0,311.3169,2024-04-04 16:00:00
1712260800000,2276.0,2283.0,2265.0,2269.0,261.1302,2024-04-04 20:00:00
1712275200000,2268.0,2274.0,2250.0,2258.0,121.0793,2024-04-05 00:00:00
1712289600000,2258.0,2270.0,2254.0,2268.0,142.1614,2024-04-05 04:00:00
1712304000000,2269.0,2287.0,2266.0,2282.0,238.0264,2024-04-05 08:00:00
1712318400000,2282.0,2316.0,2270.0,2309.0,404.9774,2024-04-05 12:00:00
1712332800000,2309.0,2320.0,2300.0,2303.0,245.9046,2024-04-05 16:00:00
1712347200000,2303.0,2324.0,2303.0,2317.0,182.225,2024-04-05 20:00:00
1712361600000,2316.0,2317.0,2302.0,2315.0,92.4513,2024-04-06 00:00:00
1712376000000,2314.0,2315.0,2305.0,2311.0,50.919,2024-04-06 04:00:00
1712390400000,2311.0,2312.0,2303.0,2305.0,102.7132,2024-04-06 08:00:00
1712404800000,2304.0,2313.0,2300.0,2305.0,141.5277,2024-04-06 12:00:00
1712419200000,2305.0,2310.0,2300.0,2306.0,108.7937,2024-04-06 16:00:00
1712433600000,2306.0,2310.0,2303.0,2304.0,58.337,2024-04-06 20:00:00
1712448000000,2303.0,2311.0,2303.0,2310.0,46.5679,2024-04-07 00:00:00
1712462400000,2310.0,2313.0,2292.0,2301.0,196.087,2024-04-07 04:00:00
1712476800000,2301.0,2308.0,2297.0,2301.0,120.2096,2024-04-07 08:00:00
1712491200000,2301.0,2307.0,2298.0,2303.0,93.0058,2024-04-07 12:00:00
1712505600000,2303.0,2305.0,2294.0,2299.0,143.9693,2024-04-07 16:00:00
1712520000000,2299.0,2303.0,2286.0,2291.0,194.2928,2024-04-07 20:00:00
1712534400000,2289.0,2314.0,2286.0,2313.0,169.7353,2024-04-08 00:00:00
1712548800000,2313.0,2319.0,2305.0,2313.0,206.5523,2024-04-08 04:00:00
1712563200000,2313.0,2329.0,2311.0,2323.0,491.5873,2024-04-08 08:00:00
1712577600000,2324.0,2328.0,2312.0,2312.0,197.2961,2024-04-08 12:00:00
1712592000000,2312.0,2328.0,2308.0,2319.0,196.5369,2024-04-08 16:00:00
1712606400000,2319.0,2326.0,2316.0,2320.0,78.4931,2024-04-08 20:00:00
1712620800000,2319.0,2331.0,2317.0,2325.0,97.0314,2024-04-09 00:00:00
1712635200000,2325.0,2340.0,2321.0,2336.0,179.9419,2024-04-09 04:00:00
1712649600000,2336.0,2353.0,2329.0,2336.0,272.9068,2024-04-09 08:00:00
1712664000000,2336.0,2343.0,2323.0,2329.0,377.0173,2024-04-09 12:00:00
1712678400000,2329.0,2337.0,2316.0,2332.0,192.7509,2024-04-09 16:00:00
1712692800000,2332.0,2337.0,2329.0,2333.0,64.9371,2024-04-09 20:00:00
1712707200000,2333.0,2340.0,2327.0,2334.0,145.0437,2024-04-10 00:00:00
1712721600000,2334.0,2344.0,2332.0,2334.0,152.5035,2024-04-10 04:00:00
1712736000000,2333.0,2340.0,2319.0,2329.0,224.0991,2024-04-10 08:00:00
1712750400000,2326.0,2330.0,2305.0,2317.0,476.7661,2024-04-10 12:00:00
1712764800000,2315.0,2327.0,2302.0,2314.0,323.5509,2024-04-10 16:00:00
1712779200000,2314.0,2325.0,2300.0,2324.0,209.3584,2024-04-10 20:00:00
1712793600000,2324.0,2334.0,2320.0,2331.0,65.5091,2024-04-11 00:00:00
1712808000000,2331.0,2332.0,2320.0,2322.0,99.4148,2024-04-11 04:00:00
1712822400000,2324.0,2328.0,2316.0,2318.0,104.1659,2024-04-11 08:00:00
1712836800000,2319.0,2330.0,2318.0,2330.0,171.5505,2024-04-11 12:00:00
1712851200000,2330.0,2354.0,2323.0,2354.0,302.9331,2024-04-11 16:00:00
1712865600000,2354.0,2375.0,2352.0,2365.0,213.4013,2024-04-11 20:00:00
1712880000000,2364.0,2384.0,2361.0,2374.0,92.6471,2024-04-12 00:00:00
1712894400000,2374.0,2393.0,2365.0,2390.0,228.6549,2024-04-12 04:00:00
1712908800000,2391.0,2409.0,2382.0,2401.0,320.2054,2024-04-12 08:00:00
1712923200000,2402.0,2429.0,2385.0,2388.0,596.6887,2024-04-12 12:00:00
1712937600000,2387.0,2394.0,2289.0,2323.0,1327.1093,2024-04-12 16:00:00
1712952000000,2323.0,2372.0,2321.0,2355.0,424.6792,2024-04-12 20:00:00
1712966400000,2354.0,2415.0,2323.0,2360.0,591.8971,2024-04-13 00:00:00
1712980800000,2361.0,2371.0,2336.0,2357.0,202.6807,2024-04-13 04:00:00
1712995200000,2360.0,2399.0,2343.0,2362.0,533.1669,2024-04-13 08:00:00
1713009600000,2363.0,2475.0,2361.0,2382.0,907.3489,2024-04-13 12:00:00
1713024000000,2382.0,2399.0,2368.0,2390.0,715.6368,2024-04-13 16:00:00
1713038400000,2389.0,3295.0,2360.0,2452.0,14464.670016,2024-04-13 20:00:00
1713052800000,2452.0,2522.0,2401.0,2513.0,1590.6466,2024-04-14 00:00:00
1713067200000,2516.0,2539.0,2386.0,2390.0,1302.7536,2024-04-14 04:00:00
1713081600000,2392.0,2497.0,2387.0,2479.0,1849.5733,2024-04-14 08:00:00
1713096000000,2479.0,2490.0,2416.0,2418.0,1162.7545,2024-04-14 12:00:00
1713110400000,2421.0,2453.0,2400.0,2425.0,1208.3325,2024-04-14 16:00:00
1713124800000,2425.0,2460.0,2366.0,2391.0,1590.2538,2024-04-14 20:00:00
1713139200000,2388.0,2400.0,2370.0,2370.0,354.1683,2024-04-15 00:00:00
1713153600000,2371.0,2382.0,2366.0,2370.0,771.0662,2024-04-15 04:00:00
1713168000000,2368.0,2383.0,2350.0,2364.0,572.5306,2024-04-15 08:00:00
1713182400000,2364.0,2379.0,2335.0,2358.0,715.292,2024-04-15 12:00:00
1713196800000,2358.0,2448.0,2346.0,2415.0,1640.343,2024-04-15 16:00:00
1713211200000,2414.0,2487.0,2398.0,2432.0,1337.7613,2024-04-15 20:00:00
1713225600000,2431.0,2446.0,2415.0,2446.0,357.8885,2024-04-16 00:00:00
1713240000000,2445.0,2447.0,2387.0,2390.0,820.7309,2024-04-16 04:00:00
1713254400000,2390.0,2424.0,2381.0,2413.0,928.8055,2024-04-16 08:00:00
1713268800000,2412.0,2415.0,2382.0,2408.0,891.9257,2024-04-16 12:00:00
1713283200000,2406.0,2439.0,2396.0,2412.0,766.9633,2024-04-16 16:00:00
1713297600000,2412.0,2419.0,2394.0,2404.0,338.9637,2024-04-16 20:00:00
1713312000000,2403.0,2404.0,2385.0,2391.0,218.0178,2024-04-17 00:00:00
1713326400000,2391.0,2407.0,2386.0,2404.0,301.1506,2024-04-17 04:00:00
1713340800000,2405.0,2418.0,2398.0,2399.0,338.0065,2024-04-17 08:00:00
1713355200000,2399.0,2413.0,2393.0,2396.0,609.7779,2024-04-17 12:00:00
1713369600000,2395.0,2408.0,2384.0,2394.0,416.2443,2024-04-17 16:00:00
1713384000000,2394.0,2398.0,2381.0,2396.0,245.7425,2024-04-17 20:00:00
1713398400000,2396.0,2399.0,2383.0,2391.0,104.9481,2024-04-18 00:00:00
1713412800000,2391.0,2401.0,2387.0,2397.0,137.2641,2024-04-18 04:00:00
1713427200000,2396.0,2402.0,2384.0,2397.0,226.9741,2024-04-18 08:00:00
1713441600000,2397.0,2404.0,2385.0,2395.0,412.3139,2024-04-18 12:00:00
1713456000000,2395.0,2397.0,2386.0,2395.0,259.4191,2024-04-18 16:00:00
1713470400000,2395.0,2396.0,2382.0,2384.0,203.2874,2024-04-18 20:00:00
1713484800000,2385.0,2469.0,2374.0,2412.0,1899.8578,2024-04-19 00:00:00
1713499200000,2410.0,2413.0,2390.0,2399.0,724.6779,2024-04-19 04:00:00
1713513600000,2400.0,2405.0,2383.0,2391.0,630.4492,2024-04-19 08:00:00
1713528000000,2391.0,2399.0,2382.0,2393.0,420.8681,2024-04-19 12:00:00
1713542400000,2393.0,2410.0,2387.0,2403.0,467.276,2024-04-19 16:00:00
1713556800000,2403.0,2404.0,2387.0,2394.0,153.3569,2024-04-19 20:00:00
1713571200000,2394.0,2402.0,2389.0,2396.0,153.4964,2024-04-20 00:00:00
1713585600000,2397.0,2399.0,2375.0,2391.0,268.3329,2024-04-20 04:00:00
1713600000000,2388.0,2394.0,2381.0,2388.0,182.6426,2024-04-20 08:00:00
1713614400000,2389.0,2398.0,2382.0,2395.0,214.321,2024-04-20 12:00:00
1713628800000,2395.0,2398.0,2380.0,2385.0,449.0053,2024-04-20 16:00:00
1713643200000,2385.0,2394.0,2381.0,2390.0,187.1485,2024-04-20 20:00:00
1713657600000,2389.0,2392.0,2381.0,2385.0,168.0506,2024-04-21 00:00:00
1713672000000,2385.0,2388.0,2381.0,2382.0,126.3002,2024-04-21 04:00:00
1713686400000,2382.0,2389.0,2380.0,2384.0,154.0106,2024-04-21 08:00:00
1713700800000,2384.0,2385.0,2370.0,2384.0,173.1359,2024-04-21 12:00:00
1713715200000,2380.0,2390.0,2377.0,2378.0,160.0287,2024-04-21 16:00:00
1713729600000,2378.0,2385.0,2370.0,2377.0,170.4437,2024-04-21 20:00:00
1713744000000,2377.0,2385.0,2370.0,2375.0,160.8839,2024-04-22 00:00:00
1713758400000,2375.0,2377.0,2352.0,2355.0,259.1105,2024-04-22 04:00:00
1713772800000,2355.0,2359.0,2340.0,2342.0,321.0136,2024-04-22 08:00:00
1713787200000,2342.0,2349.0,2325.0,2328.0,348.1016,2024-04-22 12:00:00
1713801600000,2327.0,2341.0,2311.0,2327.0,404.9778,2024-04-22 16:00:00
1713816000000,2330.0,2337.0,2319.0,2322.0,114.5691,2024-04-22 20:00:00
1713830400000,2323.0,2324.0,2311.0,2320.0,147.1328,2024-04-23 00:00:00
1713844800000,2320.0,2341.0,2304.0,2308.0,235.0099,2024-04-23 04:00:00
1713859200000,2309.0,2311.0,2281.0,2297.0,388.741,2024-04-23 08:00:00
1713873600000,2297.0,2325.0,2295.0,2308.0,461.2145,2024-04-23 12:00:00
1713888000000,2308.0,2323.0,2307.0,2312.0,170.7256,2024-04-23 16:00:00
1713902400000,2312.0,2315.0,2299.0,2309.0,136.4858,2024-04-23 20:00:00
1713916800000,2309.0,2317.0,2306.0,2312.0,66.4179,2024-04-24 00:00:00
1713931200000,2311.0,2318.0,2307.0,2308.0,117.5578,2024-04-24 04:00:00
1713945600000,2308.0,2311.0,2303.0,2307.0,109.043,2024-04-24 08:00:00
1713960000000,2307.0,2322.0,2299.0,2305.0,301.9147,2024-04-24 12:00:00
1713974400000,2305.0,2309.0,2292.0,2299.0,205.1349,2024-04-24 16:00:00
1713988800000,2298.0,2303.0,2293.0,2296.0,102.3614,2024-04-24 20:00:00
1714003200000,2296.0,2307.0,2291.0,2301.0,118.7233,2024-04-25 00:00:00
1714017600000,2301.0,2307.0,2293.0,2305.0,95.3155,2024-04-25 04:00:00
1714032000000,2305.0,2318.0,2301.0,2309.0,237.6564,2024-04-25 08:00:00
1714046400000,2308.0,2367.0,2297.0,2333.0,561.3076,2024-04-25 12:00:00
1714060800000,2337.0,2342.0,2314.0,2322.0,171.7477,2024-04-25 16:00:00
1714075200000,2322.0,2332.0,2319.0,2327.0,64.3945,2024-04-25 20:00:00
1714089600000,2327.0,2332.0,2318.0,2323.0,56.1251,2024-04-26 00:00:00
1714104000000,2323.0,2333.0,2317.0,2330.0,68.1823,2024-04-26 04:00:00
1714118400000,2330.0,2339.0,2328.0,2337.0,94.734,2024-04-26 08:00:00
1714132800000,2335.0,2345.0,2330.0,2336.0,209.2526,2024-04-26 12:00:00
1714147200000,2335.0,2348.0,2332.0,2343.0,131.3539,2024-04-26 16:00:00
1714161600000,2342.0,2348.0,2334.0,2345.0,71.7781,2024-04-26 20:00:00
1714176000000,2344.0,2348.0,2332.0,2335.0,155.516,2024-04-27 00:00:00
1714190400000,2334.0,2338.0,2332.0,2335.0,45.4478,2024-04-27 04:00:00
1714204800000,2336.0,2344.0,2333.0,2342.0,138.4231,2024-04-27 08:00:00
1714219200000,2342.0,2348.0,2338.0,2347.0,98.7081,2024-04-27 12:00:00
1714233600000,2347.0,2371.0,2342.0,2347.0,217.0097,2024-04-27 16:00:00
1714248000000,2347.0,2363.0,2344.0,2357.0,87.2403,2024-04-27 20:00:00
1714262400000,2356.0,2368.0,2353.0,2362.0,114.9875,2024-04-28 00:00:00
1714276800000,2361.0,2383.0,2354.0,2357.0,215.609,2024-04-28 04:00:00
1714291200000,2356.0,2361.0,2351.0,2354.0,84.036,2024-04-28 08:00:00
1714305600000,2354.0,2357.0,2350.0,2356.0,136.316,2024-04-28 12:00:00
1714320000000,2356.0,2362.0,2350.0,2350.0,90.6121,2024-04-28 16:00:00
1714334400000,2350.0,2362.0,2350.0,2356.0,152.7666,2024-04-28 20:00:00
1714348800000,2355.0,2356.0,2333.0,2335.0,182.4842,2024-04-29 00:00:00
1714363200000,2334.0,2343.0,2333.0,2339.0,125.2752,2024-04-29 04:00:00
1714377600000,2340.0,2349.0,2336.0,2345.0,127.5106,2024-04-29 08:00:00
1714392000000,2345.0,2349.0,2332.0,2347.0,422.2121,2024-04-29 12:00:00
1714406400000,2347.0,2363.0,2343.0,2356.0,173.816,2024-04-29 16:00:00
1714420800000,2356.0,2359.0,2341.0,2344.0,130.3437,2024-04-29 20:00:00
1714435200000,2344.0,2355.0,2334.0,2341.0,102.1499,2024-04-30 00:00:00
1714449600000,2340.0,2345.0,2331.0,2331.0,119.2317,2024-04-30 04:00:00
1714464000000,2331.0,2333.0,2313.0,2318.0,297.4982,2024-04-30 08:00:00
1714478400000,2319.0,2323.0,2300.0,2305.0,391.01,2024-04-30 12:00:00
1714492800000,2303.0,2308.0,2288.0,2293.0,208.8577,2024-04-30 16:00:00
1714507200000,2293.0,2304.0,2286.0,2302.0,338.0964,2024-04-30 20:00:00
1714521600000,2302.0,2305.0,2292.0,2296.0,85.4732,2024-05-01 00:00:00
1714536000000,2295.0,2300.0,2286.0,2290.0,274.4526,2024-05-01 04:00:00
1714550400000,2290.0,2301.0,2281.0,2297.0,578.7487,2024-05-01 08:00:00
1714564800000,2297.0,2316.0,2292.0,2311.0,298.3302,2024-05-01 12:00:00
1714579200000,2308.0,2323.0,2287.0,2303.0,469.7838,2024-05-01 16:00:00
1714593600000,2301.0,2316.0,2295.0,2310.0,153.2656,2024-05-01 20:00:00
1714608000000,2311.0,2313.0,2297.0,2301.0,96.5818,2024-05-02 00:00:00
1714622400000,2300.0,2304.0,2290.0,2292.0,155.37,2024-05-02 04:00:00
1714636800000,2292.0,2295.0,2280.0,2286.0,137.6149,2024-05-02 08:00:00
1714651200000,2286.0,2308.0,2282.0,2296.0,242.1293,2024-05-02 12:00:00
1714665600000,2296.0,2305.0,2293.0,2297.0,87.5916,2024-05-02 16:00:00
1714680000000,2296.0,2305.0,2290.0,2291.0,99.1192,2024-05-02 20:00:00
1714694400000,2291.0,2299.0,2282.0,2284.0,144.3162,2024-05-03 00:00:00
1714708800000,2285.0,2298.0,2283.0,2289.0,98.2557,2024-05-03 04:00:00
1714723200000,2289.0,2293.0,2283.0,2287.0,61.685,2024-05-03 08:00:00
1714737600000,2287.0,2305.0,2280.0,2291.0,390.5592,2024-05-03 12:00:00
1714752000000,2291.0,2294.0,2285.0,2289.0,74.3414,2024-05-03 16:00:00
1714766400000,2288.0,2294.0,2284.0,2289.0,139.9487,2024-05-03 20:00:00
1714780800000,2289.0,2292.0,2280.0,2284.0,105.8337,2024-05-04 00:00:00
1714795200000,2285.0,2291.0,2281.0,2286.0,73.4019,2024-05-04 04:00:00
1714809600000,2287.0,2290.0,2280.0,2281.0,270.2453,2024-05-04 08:00:00
1714824000000,2281.0,2287.0,2280.0,2281.0,267.4286,2024-05-04 12:00:00
1714838400000,2281.0,2289.0,2276.0,2286.0,118.8628,2024-05-04 16:00:00
1714852800000,2285.0,2290.0,2280.0,2286.0,87.9882,2024-05-04 20:00:00
1714867200000,2286.0,2288.0,2274.0,2280.0,68.4872,2024-05-05 00:00:00
1714881600000,2280.0,2283.0,2265.0,2281.0,66.7962,2024-05-05 04:00:00
1714896000000,2281.0,2284.0,2274.0,2284.0,55.3295,2024-05-05 08:00:00
1714910400000,2284.0,2288.0,2275.0,2287.0,55.7726,2024-05-05 12:00:00
1714924800000,2287.0,2289.0,2281.0,2286.0,115.4358,2024-05-05 16:00:00
1714939200000,2286.0,2289.0,2282.0,2284.0,72.4306,2024-05-05 20:00:00
1714953600000,2285.0,2295.0,2283.0,2293.0,108.7289,2024-05-06 00:00:00
1714968000000,2293.0,2303.0,2289.0,2303.0,171.3501,2024-05-06 04:00:00
1714982400000,2302.0,2309.0,2291.0,2296.0,291.2708,2024-05-06 08:00:00
1714996800000,2298.0,2314.0,2292.0,2306.0,358.8808,2024-05-06 12:00:00
1715011200000,2306.0,2313.0,2294.0,2301.0,212.2322,2024-05-06 16:00:00
1715025600000,2301.0,2308.0,2297.0,2303.0,75.2504,2024-05-06 20:00:00
1715040000000,2303.0,2308.0,2298.0,2302.0,59.2034,2024-05-07 00:00:00
1715054400000,2302.0,2308.0,2297.0,2303.0,67.3313,2024-05-07 04:00:00
1715068800000,2303.0,2304.0,2291.0,2291.0,177.5922,2024-05-07 08:00:00
1715083200000,2291.0,2304.0,2291.0,2295.0,153.8574,2024-05-07 12:00:00
1715097600000,2295.0,2312.0,2289.0,2296.0,221.1668,2024-05-07 16:00:00
1715112000000,2297.0,2299.0,2287.0,2288.0,86.8091,2024-05-07 20:00:00
1715126400000,2289.0,2299.0,2289.0,2294.0,76.0407,2024-05-08 00:00:00
1715140800000,2294.0,2306.0,2288.0,2291.0,205.3211,2024-05-08 04:00:00
1715155200000,2291.0,2299.0,2282.0,2297.0,198.84,2024-05-08 08:00:00
1715169600000,2297.0,2308.0,2286.0,2303.0,259.0537,2024-05-08 12:00:00
1715184000000,2304.0,2307.0,2295.0,2296.0,108.8908,2024-05-08 16:00:00
1715198400000,2296.0,2299.0,2287.0,2297.0,153.1572,2024-05-08 20:00:00
1715212800000,2297.0,2300.0,2290.0,2292.0,132.6711,2024-05-09 00:00:00
1715227200000,2292.0,2322.0,2288.0,2312.0,593.2388,2024-05-09 04:00:00
1715241600000,2312.0,2320.0,2303.0,2312.0,193.8406,2024-05-09 08:00:00
1715256000000,2313.0,2332.0,2311.0,2323.0,236.0766,2024-05-09 12:00:00
1715270400000,2323.0,2338.0,2321.0,2336.0,175.1571,2024-05-09 16:00:00
1715284800000,2336.0,2344.0,2333.0,2340.0,133.1174,2024-05-09 20:00:00
1715299200000,2342.0,2351.0,2325.0,2336.0,298.9079,2024-05-10 00:00:00
1715313600000,2337.0,2350.0,2318.0,2347.0,377.4731,2024-05-10 04:00:00
1715328000000,2347.0,2355.0,2340.0,2353.0,190.1452,2024-05-10 08:00:00
1715342400000,2352.0,2361.0,2331.0,2341.0,368.8047,2024-05-10 12:00:00
1715356800000,2342.0,2354.0,2330.0,2349.0,201.9247,2024-05-10 16:00:00
1715371200000,2348.0,2352.0,2325.0,2332.0,148.0882,2024-05-10 20:00:00
1715385600000,2332.0,2346.0,2325.0,2344.0,115.0362,2024-05-11 00:00:00
1715400000000,2344.0,2350.0,2340.0,2343.0,23.793,2024-05-11 04:00:00
1715414400000,2343.0,2347.0,2336.0,2341.0,50.5796,2024-05-11 08:00:00
1715428800000,2342.0,2351.0,2334.0,2341.0,91.3507,2024-05-11 12:00:00
1715443200000,2343.0,2345.0,2337.0,2339.0,63.2883,2024-05-11 16:00:00
1715457600000,2339.0,2342.0,2334.0,2340.0,36.5602,2024-05-11 20:00:00
1715472000000,2340.0,2343.0,2337.0,2340.0,19.2097,2024-05-12 00:00:00
1715486400000,2339.0,2349.0,2335.0,2342.0,72.177,2024-05-12 04:00:00
1715500800000,2342.0,2348.0,2336.0,2340.0,55.222,2024-05-12 08:00:00
1715515200000,2339.0,2345.0,2338.0,2339.0,45.0757,2024-05-12 12:00:00
1715529600000,2340.0,2344.0,2336.0,2338.0,51.8239,2024-05-12 16:00:00
1715544000000,2337.0,2347.0,2335.0,2343.0,76.7128,2024-05-12 20:00:00
1715558400000,2344.0,2350.0,2336.0,2349.0,171.6653,2024-05-13 00:00:00
1715572800000,2350.0,2350.0,2336.0,2342.0,236.2606,2024-05-13 04:00:00
1715587200000,2342.0,2345.0,2322.0,2333.0,177.7489,2024-05-13 08:00:00
1715601600000,2333.0,2338.0,2323.0,2325.0,174.1237,2024-05-13 12:00:00
1715616000000,2327.0,2334.0,2321.0,2322.0,93.1289,2024-05-13 16:00:00
1715630400000,2322.0,2330.0,2320.0,2320.0,59.0117,2024-05-13 20:00:00
1715644800000,2320.0,2336.0,2320.0,2332.0,62.6604,2024-05-14 00:00:00
1715659200000,2332.0,2340.0,2322.0,2325.0,89.5196,2024-05-14 04:00:00
1715673600000,2324.0,2334.0,2321.0,2333.0,78.1575,2024-05-14 08:00:00
1715688000000,2332.0,2340.0,2325.0,2332.0,173.6322,2024-05-14 12:00:00
1715702400000,2332.0,2344.0,2328.0,2338.0,126.5795,2024-05-14 16:00:00
1715716800000,2338.0,2344.0,2338.0,2340.0,60.5096,2024-05-14 20:00:00
1715731200000,2340.0,2348.0,2338.0,2348.0,72.3175,2024-05-15 00:00:00
1715745600000,2348.0,2349.0,2340.0,2344.0,78.8538,2024-05-15 04:00:00
1715760000000,2343.0,2356.0,2342.0,2349.0,84.4547,2024-05-15 08:00:00
1715774400000,2349.0,2368.0,2341.0,2362.0,426.1276,2024-05-15 12:00:00
1715788800000,2361.0,2375.0,2359.0,2371.0,254.0183,2024-05-15 16:00:00
1715803200000,2372.0,2387.0,2367.0,2380.0,373.5862,2024-05-15 20:00:00
1715817600000,2380.0,2392.0,2378.0,2380.0,112.7678,2024-05-16 00:00:00
1715832000000,2380.0,2382.0,2366.0,2374.0,183.1361,2024-05-16 04:00:00
1715846400000,2374.0,2374.0,2361.0,2367.0,116.4674,2024-05-16 08:00:00
1715860800000,2367.0,2369.0,2353.0,2366.0,182.7841,2024-05-16 12:00:00
1715875200000,2367.0,2369.0,2358.0,2364.0,103.2724,2024-05-16 16:00:00
1715889600000,2363.0,2365.0,2357.0,2361.0,25.0276,2024-05-16 20:00:00
1715904000000,2362.0,2366.0,2357.0,2363.0,34.5052,2024-05-17 00:00:00
1715918400000,2362.0,2378.0,2358.0,2371.0,159.2645,2024-05-17 04:00:00
1715932800000,2371.0,2374.0,2364.0,2373.0,134.5226,2024-05-17 08:00:00
1715947200000,2372.0,2397.0,2370.0,2386.0,551.2857,2024-05-17 12:00:00
1715961600000,2386.0,2394.0,2382.0,2387.0,171.3839,2024-05-17 16:00:00
1715976000000,2386.0,2397.0,2385.0,2390.0,133.8721,2024-05-17 20:00:00
1715990400000,2390.0,2394.0,2385.0,2386.0,74.9891,2024-05-18 00:00:00
1716004800000,2387.0,2392.0,2380.0,2385.0,64.1173,2024-05-18 04:00:00
1716019200000,2386.0,2393.0,2385.0,2387.0,88.7173,2024-05-18 08:00:00
1716033600000,2386.0,2392.0,2383.0,2387.0,71.8312,2024-05-18 12:00:00
1716048000000,2386.0,2392.0,2383.0,2384.0,57.5327,2024-05-18 16:00:00
1716062400000,2384.0,2389.0,2382.0,2385.0,54.7827,2024-05-18 20:00:00
1716076800000,2386.0,2391.0,2375.0,2380.0,88.6148,2024-05-19 00:00:00
1716091200000,2380.0,2390.0,2378.0,2387.0,159.3354,2024-05-19 04:00:00
1716105600000,2387.0,2389.0,2382.0,2388.0,47.0966,2024-05-19 08:00:00
1716120000000,2387.0,2392.0,2382.0,2390.0,106.1369,2024-05-19 12:00:00
1716134400000,2391.0,2418.0,2389.0,2411.0,439.4411,2024-05-19 16:00:00
1716148800000,2411.0,2415.0,2403.0,2405.0,247.7669,2024-05-19 20:00:00
1716163200000,2405.0,2427.0,2401.0,2412.0,338.8773,2024-05-20 00:00:00
1716177600000,2412.0,2423.0,2405.0,2408.0,583.4149,2024-05-20 04:00:00
1716192000000,2408.0,2422.0,2405.0,2407.0,231.1174,2024-05-20 08:00:00
1716206400000,2408.0,2408.0,2392.0,2403.0,176.6558,2024-05-20 12:00:00
1716220800000,2403.0,2422.0,2400.0,2411.0,670.6318,2024-05-20 16:00:00
1716235200000,2411.0,2416.0,2397.0,2414.0,482.9802,2024-05-20 20:00:00
1716249600000,2414.0,2423.0,2399.0,2405.0,421.3443,2024-05-21 00:00:00
1716264000000,2405.0,2416.0,2400.0,2413.0,347.5312,2024-05-21 04:00:00
1716278400000,2414.0,2421.0,2410.0,2414.0,292.3278,2024-05-21 08:00:00
1716292800000,2413.0,2418.0,2409.0,2412.0,207.2876,2024-05-21 12:00:00
1716307200000,2412.0,2419.0,2410.0,2410.0,159.2165,2024-05-21 16:00:00
1716321600000,2410.0,2417.0,2400.0,2413.0,200.6709,2024-05-21 20:00:00
1716336000000,2413.0,2414.0,2404.0,2407.0,362.3668,2024-05-22 00:00:00
1716350400000,2407.0,2412.0,2400.0,2403.0,179.8631,2024-05-22 04:00:00
1716364800000,2402.0,2408.0,2394.0,2394.0,80.9687,2024-05-22 08:00:00
1716379200000,2395.0,2401.0,2370.0,2385.0,421.4936,2024-05-22 12:00:00
1716393600000,2385.0,2390.0,2372.0,2376.0,120.3295,2024-05-22 16:00:00
1716408000000,2376.0,2396.0,2374.0,2385.0,283.9538,2024-05-22 20:00:00
1716422400000,2385.0,2395.0,2372.0,2372.0,132.7561,2024-05-23 00:00:00
1716436800000,2373.0,2389.0,2366.0,2366.0,225.141,2024-05-23 04:00:00
1716451200000,2366.0,2381.0,2363.0,2377.0,176.1635,2024-05-23 08:00:00
1716465600000,2378.0,2379.0,2353.0,2357.0,456.8554,2024-05-23 12:00:00
1716480000000,2357.0,2359.0,2334.0,2343.0,334.6844,2024-05-23 16:00:00
1716494400000,2343.0,2363.0,2331.0,2343.0,350.963,2024-05-23 20:00:00
1716508800000,2343.0,2353.0,2341.0,2348.0,58.5204,2024-05-24 00:00:00
1716523200000,2348.0,2349.0,2341.0,2346.0,152.7728,2024-05-24 04:00:00
1716537600000,2346.0,2400.0,2341.0,2346.0,913.7954,2024-05-24 08:00:00
1716552000000,2346.0,2351.0,2341.0,2342.0,161.7885,2024-05-24 12:00:00
1716566400000,2342.0,2352.0,2341.0,2345.0,94.8803,2024-05-24 16:00:00
1716580800000,2345.0,2348.0,2342.0,2346.0,34.8928,2024-05-24 20:00:00
1716595200000,2347.0,2349.0,2344.0,2349.0,28.8764,2024-05-25 00:00:00
1716609600000,2349.0,2353.0,2342.0,2345.0,84.0535,2024-05-25 04:00:00
1716624000000,2346.0,2352.0,2341.0,2346.0,152.9174,2024-05-25 08:00:00
1716638400000,2346.0,2349.0,2337.0,2342.0,113.565,2024-05-25 12:00:00
1716652800000,2342.0,2343.0,2337.0,2341.0,18.9839,2024-05-25 16:00:00
1716667200000,2341.0,2348.0,2336.0,2346.0,41.8091,2024-05-25 20:00:00
1716681600000,2346.0,2348.0,2342.0,2346.0,31.6602,2024-05-26 00:00:00
1716696000000,2346.0,2355.0,2346.0,2350.0,89.3536,2024-05-26 04:00:00
1716710400000,2349.0,2355.0,2344.0,2349.0,71.7985,2024-05-26 08:00:00
1716724800000,2347.0,2355.0,2343.0,2346.0,56.7234,2024-05-26 12:00:00
1716739200000,2347.0,2355.0,2346.0,2350.0,42.0623,2024-05-26 16:00:00
1716753600000,2350.0,2355.0,2346.0,2351.0,47.5851,2024-05-26 20:00:00
1716768000000,2351.0,2364.0,2348.0,2358.0,108.3711,2024-05-27 00:00:00
1716782400000,2359.0,2363.0,2342.0,2351.0,220.3887,2024-05-27 04:00:00
1716796800000,2350.0,2355.0,2347.0,2353.0,92.804,2024-05-27 08:00:00
1716811200000,2353.0,2370.0,2353.0,2361.0,216.4948,2024-05-27 12:00:00
1716825600000,2361.0,2366.0,2355.0,2356.0,131.0134,2024-05-27 16:00:00
1716840000000,2356.0,2361.0,2355.0,2357.0,85.3331,2024-05-27 20:00:00
1716854400000,2358.0,2361.0,2354.0,2355.0,81.9308,2024-05-28 00:00:00
1716868800000,2356.0,2360.0,2326.0,2348.0,331.8264,2024-05-28 04:00:00
1716883200000,2348.0,2356.0,2334.0,2351.0,278.0394,2024-05-28 08:00:00
1716897600000,2351.0,2361.0,2347.0,2354.0,113.3458,2024-05-28 12:00:00
1716912000000,2354.0,2356.0,2344.0,2354.0,93.8023,2024-05-28 16:00:00
1716926400000,2353.0,2355.0,2346.0,2350.0,49.4092,2024-05-28 20:00:00
1716940800000,2351.0,2356.0,2348.0,2354.0,33.7175,2024-05-29 00:00:00
1716955200000,2354.0,2358.0,2343.0,2347.0,50.3474,2024-05-29 04:00:00
1716969600000,2346.0,2348.0,2341.0,2342.0,105.2654,2024-05-29 08:00:00
1716984000000,2342.0,2343.0,2331.0,2336.0,158.757,2024-05-29 12:00:00
1716998400000,2337.0,2340.0,2328.0,2334.0,161.2864,2024-05-29 16:00:00
1717012800000,2334.0,2340.0,2325.0,2325.0,62.6121,2024-05-29 20:00:00
1717027200000,2328.0,2334.0,2324.0,2334.0,63.5527,2024-05-30 00:00:00
1717041600000,2334.0,2337.0,2331.0,2331.0,88.0962,2024-05-30 04:00:00
1717056000000,2332.0,2337.0,2320.0,2332.0,276.7353,2024-05-30 08:00:00
1717070400000,2332.0,2350.0,2318.0,2341.0,201.3015,2024-05-30 12:00:00
1717084800000,2342.0,2347.0,2335.0,2338.0,91.5908,2024-05-30 16:00:00
1717099200000,2338.0,2344.0,2335.0,2338.0,68.6301,2024-05-30 20:00:00
1717113600000,2338.0,2344.0,2336.0,2341.0,23.4933,2024-05-31 00:00:00
1717128000000,2341.0,2344.0,2334.0,2336.0,38.3026,2024-05-31 04:00:00
1717142400000,2336.0,2344.0,2332.0,2342.0,115.3024,2024-05-31 08:00:00
1717156800000,2341.0,2355.0,2333.0,2333.0,202.3515,2024-05-31 12:00:00
1717171200000,2335.0,2338.0,2325.0,2330.0,396.9628,2024-05-31 16:00:00
1717185600000,2331.0,2335.0,2327.0,2332.0,39.2481,2024-05-31 20:00:00
1717200000000,2333.0,2334.0,2331.0,2333.0,17.1283,2024-06-01 00:00:00
1717214400000,2334.0,2335.0,2331.0,2334.0,59.158,2024-06-01 04:00:00
1717228800000,2334.0,2335.0,2326.0,2334.0,68.5684,2024-06-01 08:00:00
1717243200000,2333.0,2346.0,2331.0,2342.0,151.7362,2024-06-01 12:00:00
1717257600000,2341.0,2345.0,2332.0,2344.0,69.2013,2024-06-01 16:00:00
1717272000000,2344.0,2349.0,2338.0,2344.0,60.4306,2024-06-01 20:00:00
1717286400000,2344.0,2348.0,2339.0,2341.0,31.202,2024-06-02 00:00:00
1717300800000,2341.0,2344.0,2333.0,2335.0,81.9239,2024-06-02 04:00:00
1717315200000,2336.0,2345.0,2334.0,2342.0,77.5039,2024-06-02 08:00:00
1717329600000,2342.0,2351.0,2336.0,2350.0,74.0343,2024-06-02 12:00:00
1717344000000,2348.0,2351.0,2337.0,2339.0,63.1755,2024-06-02 16:00:00
1717358400000,2339.0,2348.0,2333.0,2335.0,91.6052,2024-06-02 20:00:00
1717372800000,2335.0,2342.0,2331.0,2335.0,34.7137,2024-06-03 00:00:00
1717387200000,2334.0,2353.0,2325.0,2329.0,237.3618,2024-06-03 04:00:00
1717401600000,2331.0,2336.0,2327.0,2334.0,62.961,2024-06-03 08:00:00
1717416000000,2334.0,2343.0,2334.0,2340.0,122.1696,2024-06-03 12:00:00
1717430400000,2340.0,2350.0,2340.0,2349.0,89.6803,2024-06-03 16:00:00
1717444800000,2349.0,2352.0,2342.0,2347.0,117.7185,2024-06-03 20:00:00
1717459200000,2347.0,2352.0,2342.0,2346.0,60.2914,2024-06-04 00:00:00
1717473600000,2346.0,2353.0,2345.0,2349.0,82.7464,2024-06-04 04:00:00
1717488000000,2349.0,2350.0,2334.0,2336.0,91.4916,2024-06-04 08:00:00
1717502400000,2336.0,2344.0,2325.0,2336.0,186.9742,2024-06-04 12:00:00
1717516800000,2336.0,2342.0,2326.0,2332.0,178.826,2024-06-04 16:00:00
1717531200000,2332.0,2338.0,2330.0,2335.0,46.1659,2024-06-04 20:00:00
1717545600000,2336.0,2341.0,2332.0,2340.0,72.7922,2024-06-05 00:00:00
1717560000000,2340.0,2342.0,2334.0,2336.0,65.5841,2024-06-05 04:00:00
1717574400000,2337.0,2345.0,2331.0,2339.0,146.5151,2024-06-05 08:00:00
1717588800000,2339.0,2357.0,2334.0,2355.0,191.026,2024-06-05 12:00:00
1717603200000,2356.0,2357.0,2342.0,2354.0,107.1456,2024-06-05 16:00:00
1717617600000,2354.0,2359.0,2348.0,2359.0,62.0569,2024-06-05 20:00:00
1717632000000,2359.0,2363.0,2357.0,2359.0,63.8104,2024-06-06 00:00:00
1717646400000,2360.0,2363.0,2349.0,2359.0,72.5258,2024-06-06 04:00:00
1717660800000,2359.0,2362.0,2352.0,2359.0,52.3719,2024-06-06 08:00:00
1717675200000,2359.0,2364.0,2354.0,2362.0,109.5077,2024-06-06 12:00:00
1717689600000,2362.0,2369.0,2359.0,2359.0,157.0266,2024-06-06 16:00:00
1717704000000,2359.0,2369.0,2352.0,2365.0,88.9156,2024-06-06 20:00:00
1717718400000,2365.0,2369.0,2359.0,2362.0,30.3012,2024-06-07 00:00:00
1717732800000,2364.0,2371.0,2364.0,2370.0,61.1649,2024-06-07 04:00:00
1717747200000,2369.0,2370.0,2336.0,2342.0,247.5038,2024-06-07 08:00:00
1717761600000,2342.0,2344.0,2311.0,2316.0,802.6766,2024-06-07 12:00:00
1717776000000,2315.0,2322.0,2301.0,2305.0,566.9946,2024-06-07 16:00:00
1717790400000,2306.0,2318.0,2292.0,2310.0,213.7852,2024-06-07 20:00:00
1717804800000,2311.0,2316.0,2301.0,2306.0,51.1461,2024-06-08 00:00:00
1717819200000,2307.0,2313.0,2302.0,2308.0,54.5117,2024-06-08 04:00:00
1717833600000,2308.0,2310.0,2295.0,2302.0,82.4913,2024-06-08 08:00:00
1717848000000,2303.0,2308.0,2296.0,2307.0,55.305,2024-06-08 12:00:00
1717862400000,2306.0,2310.0,2303.0,2305.0,39.2235,2024-06-08 16:00:00
1717876800000,2305.0,2309.0,2301.0,2301.0,33.5924,2024-06-08 20:00:00
1717891200000,2302.0,2318.0,2301.0,2311.0,55.6388,2024-06-09 00:00:00
1717905600000,2311.0,2316.0,2306.0,2308.0,51.8653,2024-06-09 04:00:00
1717920000000,2307.0,2308.0,2305.0,2307.0,29.3792,2024-06-09 08:00:00
1717934400000,2308.0,2312.0,2305.0,2310.0,54.5156,2024-06-09 12:00:00
1717948800000,2311.0,2315.0,2310.0,2311.0,84.1362,2024-06-09 16:00:00
1717963200000,2312.0,2316.0,2307.0,2312.0,81.0018,2024-06-09 20:00:00
1717977600000,2312.0,2316.0,2304.0,2306.0,96.69,2024-06-10 00:00:00
1717992000000,2306.0,2311.0,2304.0,2305.0,47.8427,2024-06-10 04:00:00
1718006400000,2305.0,2313.0,2304.0,2309.0,32.2029,2024-06-10 08:00:00
1718020800000,2309.0,2319.0,2309.0,2314.0,65.3859,2024-06-10 12:00:00
1718035200000,2315.0,2325.0,2312.0,2312.0,90.9601,2024-06-10 16:00:00
1718049600000,2313.0,2321.0,2309.0,2316.0,55.6146,2024-06-10 20:00:00
1718064000000,2316.0,2317.0,2306.0,2314.0,120.7273,2024-06-11 00:00:00
1718078400000,2314.0,2317.0,2310.0,2313.0,98.2656,2024-06-11 04:00:00
1718092800000,2313.0,2319.0,2310.0,2315.0,141.3511,2024-06-11 08:00:00
1718107200000,2315.0,2323.0,2311.0,2314.0,186.3536,2024-06-11 12:00:00
1718121600000,2313.0,2321.0,2310.0,2311.0,175.5909,2024-06-11 16:00:00
1718136000000,2311.0,2319.0,2310.0,2314.0,70.6703,2024-06-11 20:00:00
1718150400000,2314.0,2321.0,2310.0,2318.0,110.1522,2024-06-12 00:00:00
1718164800000,2317.0,2322.0,2313.0,2320.0,65.3141,2024-06-12 04:00:00
1718179200000,2319.0,2324.0,2314.0,2320.0,81.2419,2024-06-12 08:00:00
1718193600000,2320.0,2344.0,2316.0,2326.0,647.7866,2024-06-12 12:00:00
1718208000000,2327.0,2332.0,2311.0,2316.0,412.297,2024-06-12 16:00:00
1718222400000,2316.0,2321.0,2312.0,2314.0,63.5966,2024-06-12 20:00:00
1718236800000,2315.0,2318.0,2305.0,2311.0,108.2368,2024-06-13 00:00:00
1718251200000,2311.0,2314.0,2305.0,2311.0,32.3969,2024-06-13 04:00:00
1718265600000,2311.0,2315.0,2304.0,2306.0,57.7296,2024-06-13 08:00:00
1718280000000,2307.0,2316.0,2297.0,2299.0,188.9043,2024-06-13 12:00:00
1718294400000,2298.0,2308.0,2295.0,2305.0,107.1391,2024-06-13 16:00:00
1718308800000,2305.0,2306.0,2292.0,2297.0,90.7282,2024-06-13 20:00:00
1718323200000,2297.0,2313.0,2297.0,2308.0,143.9493,2024-06-14 00:00:00
1718337600000,2308.0,2315.0,2305.0,2311.0,47.5815,2024-06-14 04:00:00
1718352000000,2312.0,2323.0,2307.0,2321.0,101.4799,2024-06-14 08:00:00
1718366400000,2322.0,2329.0,2314.0,2320.0,178.521,2024-06-14 12:00:00
1718380800000,2320.0,2329.0,2309.0,2320.0,322.898,2024-06-14 16:00:00
1718395200000,2320.0,2330.0,2314.0,2321.0,169.535,2024-06-14 20:00:00
1718409600000,2321.0,2329.0,2319.0,2327.0,68.6637,2024-06-15 00:00:00
1718424000000,2327.0,2336.0,2324.0,2332.0,91.6829,2024-06-15 04:00:00
1718438400000,2332.0,2335.0,2326.0,2334.0,73.2718,2024-06-15 08:00:00
1718452800000,2334.0,2337.0,2327.0,2335.0,98.1845,2024-06-15 12:00:00
1718467200000,2335.0,2337.0,2329.0,2331.0,91.9038,2024-06-15 16:00:00
1718481600000,2331.0,2337.0,2329.0,2333.0,84.8782,2024-06-15 20:00:00
1718496000000,2333.0,2337.0,2331.0,2336.0,38.1352,2024-06-16 00:00:00
1718510400000,2337.0,2342.0,2335.0,2340.0,80.9017,2024-06-16 04:00:00
1718524800000,2340.0,2370.0,2330.0,2333.0,270.4473,2024-06-16 08:00:00
1718539200000,2334.0,2344.0,2330.0,2334.0,38.0053,2024-06-16 12:00:00
1718553600000,2336.0,2336.0,2327.0,2329.0,69.8801,2024-06-16 16:00:00
1718568000000,2330.0,2334.0,2323.0,2326.0,85.5771,2024-06-16 20:00:00
1718582400000,2326.0,2327.0,2320.0,2320.0,43.874,2024-06-17 00:00:00
1718596800000,2320.0,2324.0,2311.0,2314.0,54.5145,2024-06-17 04:00:00
1718611200000,2315.0,2321.0,2307.0,2311.0,123.0882,2024-06-17 08:00:00
1718625600000,2311.0,2317.0,2305.0,2305.0,80.9956,2024-06-17 12:00:00
1718640000000,2306.0,2317.0,2304.0,2314.0,111.1324,2024-06-17 16:00:00
1718654400000,2314.0,2322.0,2308.0,2314.0,118.5351,2024-06-17 20:00:00
1718668800000,2314.0,2320.0,2305.0,2314.0,163.6686,2024-06-18 00:00:00
1718683200000,2314.0,2322.0,2307.0,2312.0,79.7233,2024-06-18 04:00:00
1718697600000,2312.0,2312.0,2304.0,2309.0,81.8899,2024-06-18 08:00:00
1718712000000,2310.0,2318.0,2305.0,2315.0,171.8651,2024-06-18 12:00:00
1718726400000,2314.0,2330.0,2314.0,2322.0,262.9108,2024-06-18 16:00:00
1718740800000,2322.0,2328.0,2311.0,2319.0,139.4577,2024-06-18 20:00:00
1718755200000,2320.0,2328.0,2313.0,2321.0,160.9849,2024-06-19 00:00:00
1718769600000,2320.0,2320.0,2312.0,2315.0,40.2111,2024-06-19 04:00:00
1718784000000,2315.0,2324.0,2311.0,2322.0,102.5591,2024-06-19 08:00:00
1718798400000,2323.0,2325.0,2313.0,2317.0,51.689,2024-06-19 12:00:00
1718812800000,2317.0,2323.0,2315.0,2318.0,33.7696,2024-06-19 16:00:00
1718827200000,2317.0,2321.0,2313.0,2316.0,22.7484,2024-06-19 20:00:00
1718841600000,2317.0,2323.0,2313.0,2322.0,44.1571,2024-06-20 00:00:00
1718856000000,2322.0,2336.0,2319.0,2333.0,88.92,2024-06-20 04:00:00
1718870400000,2332.0,2336.0,2323.0,2331.0,70.5439,2024-06-20 08:00:00
1718884800000,2332.0,2347.0,2324.0,2336.0,203.0788,2024-06-20 12:00:00
1718899200000,2337.0,2342.0,2329.0,2340.0,88.1151,2024-06-20 16:00:00
1718913600000,2340.0,2348.0,2330.0,2346.0,157.9646,2024-06-20 20:00:00
1718928000000,2347.0,2348.0,2343.0,2346.0,42.7244,2024-06-21 00:00:00
1718942400000,2346.0,2349.0,2340.0,2343.0,74.0995,2024-06-21 04:00:00
1718956800000,2343.0,2349.0,2338.0,2347.0,167.1872,2024-06-21 08:00:00
1718971200000,2347.0,2349.0,2317.0,2322.0,280.9579,2024-06-21 12:00:00
1718985600000,2322.0,2323.0,2311.0,2318.0,111.5207,2024-06-21 16:00:00
1719000000000,2318.0,2326.0,2315.0,2321.0,39.1057,2024-06-21 20:00:00
1719014400000,2321.0,2327.0,2319.0,2321.0,20.2198,2024-06-22 00:00:00
1719028800000,2321.0,2328.0,2320.0,2321.0,17.4092,2024-06-22 04:00:00
1719043200000,2321.0,2324.0,2319.0,2320.0,44.3935,2024-06-22 08:00:00
1719057600000,2321.0,2326.0,2319.0,2321.0,33.0905,2024-06-22 12:00:00
1719072000000,2320.0,2324.0,2319.0,2321.0,29.0806,2024-06-22 16:00:00
1719086400000,2321.0,2321.0,2315.0,2317.0,42.5443,2024-06-22 20:00:00
1719100800000,2318.0,2319.0,2317.0,2318.0,8.0508,2024-06-23 00:00:00
1719115200000,2318.0,2319.0,2316.0,2318.0,19.4484,2024-06-23 04:00:00
1719129600000,2318.0,2320.0,2315.0,2317.0,39.0644,2024-06-23 08:00:00
1719144000000,2317.0,2318.0,2312.0,2314.0,30.5225,2024-06-23 12:00:00
1719158400000,2315.0,2316.0,2313.0,2315.0,22.4757,2024-06-23 16:00:00
1719172800000,2315.0,2318.0,2310.0,2313.0,82.378,2024-06-23 20:00:00
1719187200000,2315.0,2319.0,2310.0,2315.0,50.1412,2024-06-24 00:00:00
1719201600000,2315.0,2321.0,2306.0,2314.0,180.9538,2024-06-24 04:00:00
1719216000000,2315.0,2320.0,2303.0,2312.0,336.5748,2024-06-24 08:00:00
1719230400000,2312.0,2321.0,2306.0,2308.0,136.9298,2024-06-24 12:00:00
1719244800000,2308.0,2319.0,2306.0,2309.0,169.0702,2024-06-24 16:00:00
1719259200000,2310.0,2318.0,2308.0,2311.0,125.5276,2024-06-24 20:00:00
1719273600000,2311.0,2319.0,2304.0,2311.0,69.9296,2024-06-25 00:00:00
1719288000000,2310.0,2316.0,2305.0,2307.0,74.876,2024-06-25 04:00:00
1719302400000,2308.0,2316.0,2303.0,2309.0,137.06,2024-06-25 08:00:00
1719316800000,2308.0,2314.0,2303.0,2310.0,124.3087,2024-06-25 12:00:00
1719331200000,2309.0,2312.0,2296.0,2303.0,197.1136,2024-06-25 16:00:00
1719345600000,2301.0,2304.0,2300.0,2302.0,47.6464,2024-06-25 20:00:00
1719360000000,2302.0,2305.0,2298.0,2302.0,40.5061,2024-06-26 00:00:00
1719374400000,2301.0,2304.0,2296.0,2302.0,27.618,2024-06-26 04:00:00
1719388800000,2300.0,2305.0,2295.0,2298.0,54.2689,2024-06-26 08:00:00
1719403200000,2298.0,2304.0,2286.0,2290.0,165.817,2024-06-26 12:00:00
1719417600000,2291.0,2298.0,2290.0,2297.0,87.8324,2024-06-26 16:00:00
1719432000000,2296.0,2299.0,2292.0,2293.0,117.3542,2024-06-26 20:00:00
1719446400000,2294.0,2296.0,2290.0,2293.0,52.394,2024-06-27 00:00:00
1719460800000,2293.0,2299.0,2290.0,2291.0,32.7843,2024-06-27 04:00:00
1719475200000,2293.0,2304.0,2291.0,2303.0,78.1642,2024-06-27 08:00:00
1719489600000,2303.0,2315.0,2303.0,2312.0,183.5246,2024-06-27 12:00:00
1719504000000,2312.0,2314.0,2305.0,2309.0,54.6103,2024-06-27 16:00:00
1719518400000,2309.0,2312.0,2306.0,2308.0,31.635,2024-06-27 20:00:00
1719532800000,2308.0,2311.0,2306.0,2310.0,15.0387,2024-06-28 00:00:00
1719547200000,2309.0,2310.0,2306.0,2309.0,31.6997,2024-06-28 04:00:00
1719561600000,2309.0,2317.0,2308.0,2314.0,103.6911,2024-06-28 08:00:00
1719576000000,2314.0,2320.0,2307.0,2315.0,117.5485,2024-06-28 12:00:00
1719590400000,2314.0,2315.0,2307.0,2308.0,55.4624,2024-06-28 16:00:00
1719604800000,2308.0,2313.0,2307.0,2309.0,41.0345,2024-06-28 20:00:00
1719619200000,2309.0,2311.0,2305.0,2307.0,35.4795,2024-06-29 00:00:00
1719633600000,2308.0,2313.0,2305.0,2308.0,38.552,2024-06-29 04:00:00
1719648000000,2309.0,2312.0,2308.0,2311.0,27.8975,2024-06-29 08:00:00
1719662400000,2311.0,2312.0,2309.0,2311.0,28.0509,2024-06-29 12:00:00
1719676800000,2312.0,2314.0,2306.0,2309.0,19.4481,2024-06-29 16:00:00
1719691200000,2309.0,2311.0,2306.0,2308.0,24.2286,2024-06-29 20:00:00
1719705600000,2309.0,2313.0,2305.0,2306.0,28.8498,2024-06-30 00:00:00
1719720000000,2306.0,2315.0,2305.0,2311.0,30.0427,2024-06-30 04:00:00
1719734400000,2311.0,2313.0,2308.0,2310.0,33.6721,2024-06-30 08:00:00
1719748800000,2311.0,2315.0,2306.0,2311.0,50.8565,2024-06-30 12:00:00
1719763200000,2311.0,2316.0,2310.0,2312.0,42.9334,2024-06-30 16:00:00
1719777600000,2311.0,2315.0,2306.0,2312.0,72.4767,2024-06-30 20:00:00
1719792000000,2313.0,2319.0,2308.0,2311.0,165.2747,2024-07-01 00:00:00
1719806400000,2313.0,2314.0,2308.0,2313.0,69.002,2024-07-01 04:00:00
1719820800000,2312.0,2319.0,2308.0,2319.0,119.007,2024-07-01 08:00:00
1719835200000,2319.0,2320.0,2308.0,2315.0,155.2566,2024-07-01 12:00:00
1719849600000,2314.0,2319.0,2311.0,2314.0,105.6942,2024-07-01 16:00:00
1719864000000,2314.0,2318.0,2312.0,2314.0,73.5615,2024-07-01 20:00:00
1719878400000,2315.0,2319.0,2314.0,2316.0,25.3486,2024-07-02 00:00:00
1719892800000,2316.0,2328.0,2313.0,2317.0,142.6808,2024-07-02 04:00:00
1719907200000,2318.0,2325.0,2315.0,2318.0,106.4651,2024-07-02 08:00:00
1719921600000,2318.0,2323.0,2313.0,2319.0,62.1263,2024-07-02 12:00:00
1719936000000,2320.0,2324.0,2318.0,2321.0,33.8974,2024-07-02 16:00:00
1719950400000,2321.0,2327.0,2318.0,2323.0,65.6279,2024-07-02 20:00:00
1719964800000,2322.0,2329.0,2316.0,2317.0,65.205,2024-07-03 00:00:00
1719979200000,2319.0,2328.0,2315.0,2326.0,52.3272,2024-07-03 04:00:00
1719993600000,2326.0,2334.0,2325.0,2327.0,114.8707,2024-07-03 08:00:00
1720008000000,2327.0,2345.0,2325.0,2344.0,304.7118,2024-07-03 12:00:00
1720022400000,2343.0,2347.0,2331.0,2334.0,170.0173,2024-07-03 16:00:00
1720036800000,2335.0,2345.0,2326.0,2341.0,130.6654,2024-07-03 20:00:00
1720051200000,2342.0,2347.0,2331.0,2333.0,238.2879,2024-07-04 00:00:00
1720065600000,2332.0,2340.0,2323.0,2334.0,182.7711,2024-07-04 04:00:00
1720080000000,2335.0,2346.0,2329.0,2336.0,192.0078,2024-07-04 08:00:00
1720094400000,2336.0,2340.0,2328.0,2337.0,312.9244,2024-07-04 12:00:00
1720108800000,2337.0,2342.0,2329.0,2333.0,150.4153,2024-07-04 16:00:00
1720123200000,2333.0,2338.0,2324.0,2326.0,135.7793,2024-07-04 20:00:00
1720137600000,2327.0,2344.0,2313.0,2324.0,412.5886,2024-07-05 00:00:00
1720152000000,2321.0,2337.0,2318.0,2327.0,390.8818,2024-07-05 04:00:00
1720166400000,2327.0,2345.0,2322.0,2334.0,565.6985,2024-07-05 08:00:00
1720180800000,2334.0,2350.0,2326.0,2344.0,409.9496,2024-07-05 12:00:00
1720195200000,2344.0,2358.0,2343.0,2353.0,274.121,2024-07-05 16:00:00
1720209600000,2354.0,2361.0,2351.0,2354.0,156.5298,2024-07-05 20:00:00
1720224000000,2355.0,2363.0,2352.0,2355.0,92.608,2024-07-06 00:00:00
1720238400000,2356.0,2357.0,2348.0,2351.0,58.3824,2024-07-06 04:00:00
1720252800000,2351.0,2352.0,2337.0,2348.0,117.2637,2024-07-06 08:00:00
1720267200000,2348.0,2354.0,2345.0,2351.0,153.6916,2024-07-06 12:00:00
1720281600000,2351.0,2357.0,2337.0,2353.0,163.8308,2024-07-06 16:00:00
1720296000000,2353.0,2358.0,2350.0,2354.0,69.3843,2024-07-06 20:00:00
1720310400000,2353.0,2359.0,2351.0,2358.0,70.9744,2024-07-07 00:00:00
1720324800000,2358.0,2360.0,2349.0,2355.0,80.4016,2024-07-07 04:00:00
1720339200000,2356.0,2368.0,2351.0,2356.0,203.5852,2024-07-07 08:00:00
1720353600000,2358.0,2361.0,2347.0,2352.0,224.696,2024-07-07 12:00:00
1720368000000,2353.0,2358.0,2348.0,2357.0,65.8403,2024-07-07 16:00:00
1720382400000,2358.0,2362.0,2351.0,2355.0,146.7757,2024-07-07 20:00:00
1720396800000,2355.0,2362.0,2346.0,2354.0,248.9473,2024-07-08 00:00:00
1720411200000,2356.0,2360.0,2348.0,2355.0,145.7615,2024-07-08 04:00:00
1720425600000,2355.0,2364.0,2349.0,2353.0,297.4247,2024-07-08 08:00:00
1720440000000,2353.0,2355.0,2335.0,2335.0,278.6221,2024-07-08 12:00:00
1720454400000,2336.0,2342.0,2327.0,2342.0,150.966,2024-07-08 16:00:00
1720468800000,2342.0,2347.0,2338.0,2345.0,266.3699,2024-07-08 20:00:00
1720483200000,2345.0,2350.0,2341.0,2348.0,99.1665,2024-07-09 00:00:00
1720497600000,2348.0,2349.0,2342.0,2344.0,64.6759,2024-07-09 04:00:00
1720512000000,2345.0,2349.0,2338.0,2341.0,83.5963,2024-07-09 08:00:00
1720526400000,2340.0,2349.0,2336.0,2342.0,139.1803,2024-07-09 12:00:00
1720540800000,2341.0,2345.0,2337.0,2343.0,46.4505,2024-07-09 16:00:00
1720555200000,2343.0,2345.0,2341.0,2343.0,26.2722,2024-07-09 20:00:00
1720569600000,2344.0,2348.0,2339.0,2347.0,103.4809,2024-07-10 00:00:00
1720584000000,2347.0,2352.0,2346.0,2351.0,91.6339,2024-07-10 04:00:00
1720598400000,2352.0,2354.0,2350.0,2354.0,75.2959,2024-07-10 08:00:00
1720612800000,2353.0,2362.0,2349.0,2359.0,184.6028,2024-07-10 12:00:00
1720627200000,2358.0,2362.0,2353.0,2354.0,67.1308,2024-07-10 16:00:00
1720641600000,2354.0,2357.0,2351.0,2354.0,44.8155,2024-07-10 20:00:00
1720656000000,2354.0,2359.0,2352.0,2357.0,76.2041,2024-07-11 00:00:00
1720670400000,2356.0,2363.0,2356.0,2358.0,44.8271,2024-07-11 04:00:00
1720684800000,2359.0,2371.0,2358.0,2367.0,152.766,2024-07-11 08:00:00
1720699200000,2367.0,2399.0,2361.0,2394.0,448.8626,2024-07-11 12:00:00
1720713600000,2394.0,2398.0,2386.0,2391.0,273.7916,2024-07-11 16:00:00
1720728000000,2390.0,2392.0,2385.0,2391.0,62.596,2024-07-11 20:00:00
1720742400000,2392.0,2392.0,2381.0,2385.0,91.2853,2024-07-12 00:00:00
1720756800000,2386.0,2386.0,2372.0,2379.0,93.5864,2024-07-12 04:00:00
1720771200000,2379.0,2383.0,2377.0,2381.0,165.3696,2024-07-12 08:00:00
1720785600000,2381.0,2391.0,2374.0,2391.0,78.5271,2024-07-12 12:00:00
1720800000000,2390.0,2400.0,2389.0,2390.0,122.0875,2024-07-12 16:00:00
1720814400000,2392.0,2392.0,2385.0,2390.0,33.6008,2024-07-12 20:00:00
1720828800000,2390.0,2394.0,2388.0,2390.0,22.5015,2024-07-13 00:00:00
1720843200000,2389.0,2393.0,2379.0,2384.0,102.3931,2024-07-13 04:00:00
1720857600000,2384.0,2401.0,2380.0,2393.0,110.5639,2024-07-13 08:00:00
1720872000000,2393.0,2400.0,2383.0,2387.0,57.88,2024-07-13 12:00:00
1720886400000,2388.0,2396.0,2383.0,2387.0,41.1583,2024-07-13 16:00:00
1720900800000,2387.0,2393.0,2382.0,2390.0,93.2999,2024-07-13 20:00:00
1720915200000,2389.0,2399.0,2387.0,2396.0,46.6232,2024-07-14 00:00:00
1720929600000,2396.0,2400.0,2390.0,2392.0,77.8675,2024-07-14 04:00:00
1720944000000,2392.0,2400.0,2387.0,2394.0,72.2887,2024-07-14 08:00:00
1720958400000,2393.0,2411.0,2392.0,2403.0,151.7998,2024-07-14 12:00:00
1720972800000,2404.0,2408.0,2397.0,2399.0,50.3935,2024-07-14 16:00:00
1720987200000,2399.0,2402.0,2383.0,2391.0,254.6286,2024-07-14 20:00:00
1721001600000,2392.0,2401.0,2386.0,2398.0,82.3104,2024-07-15 00:00:00
1721016000000,2397.0,2402.0,2379.0,2387.0,197.079,2024-07-15 04:00:00
1721030400000,2389.0,2397.0,2387.0,2396.0,153.7752,2024-07-15 08:00:00
1721044800000,2397.0,2412.0,2390.0,2410.0,134.9442,2024-07-15 12:00:00
1721059200000,2410.0,2413.0,2396.0,2398.0,109.17,2024-07-15 16:00:00
1721073600000,2399.0,2409.0,2396.0,2403.0,182.9299,2024-07-15 20:00:00
1721088000000,2403.0,2421.0,2397.0,2413.0,389.1896,2024-07-16 00:00:00
1721102400000,2414.0,2450.0,2407.0,2420.0,400.0263,2024-07-16 04:00:00
1721116800000,2418.0,2432.0,2416.0,2428.0,205.8105,2024-07-16 08:00:00
1721131200000,2428.0,2450.0,2421.0,2447.0,237.1196,2024-07-16 12:00:00
1721145600000,2447.0,2453.0,2437.0,2445.0,341.1144,2024-07-16 16:00:00
1721160000000,2446.0,2453.0,2443.0,2446.0,136.8618,2024-07-16 20:00:00
1721174400000,2447.0,2467.0,2445.0,2454.0,162.4411,2024-07-17 00:00:00
1721188800000,2454.0,2460.0,2445.0,2455.0,91.8637,2024-07-17 04:00:00
1721203200000,2455.0,2462.0,2450.0,2453.0,225.0217,2024-07-17 08:00:00
1721217600000,2453.0,2463.0,2442.0,2442.0,135.5095,2024-07-17 12:00:00
1721232000000,2442.0,2447.0,2432.0,2440.0,137.2884,2024-07-17 16:00:00
1721246400000,2440.0,2443.0,2434.0,2442.0,53.9443,2024-07-17 20:00:00
1721260800000,2442.0,2447.0,2439.0,2447.0,36.6478,2024-07-18 00:00:00
1721275200000,2447.0,2457.0,2441.0,2452.0,89.2727,2024-07-18 04:00:00
1721289600000,2451.0,2460.0,2440.0,2445.0,72.6891,2024-07-18 08:00:00
1721304000000,2445.0,2453.0,2441.0,2442.0,140.0496,2024-07-18 12:00:00
1721318400000,2443.0,2443.0,2411.0,2423.0,233.0405,2024-07-18 16:00:00
1721332800000,2423.0,2431.0,2423.0,2425.0,57.8284,2024-07-18 20:00:00
1721347200000,2425.0,2425.0,2405.0,2413.0,109.3867,2024-07-19 00:00:00
1721361600000,2414.0,2424.0,2405.0,2420.0,286.1566,2024-07-19 04:00:00
1721376000000,2421.0,2427.0,2415.0,2420.0,682.5694,2024-07-19 08:00:00
1721390400000,2420.0,2420.0,2387.0,2399.0,1305.9919,2024-07-19 12:00:00
1721404800000,2401.0,2410.0,2391.0,2398.0,324.4536,2024-07-19 16:00:00
1721419200000,2400.0,2418.0,2391.0,2409.0,139.057,2024-07-19 20:00:00
1721433600000,2407.0,2418.0,2407.0,2410.0,48.9353,2024-07-20 00:00:00
1721448000000,2408.0,2417.0,2407.0,2413.0,45.3745,2024-07-20 04:00:00
1721462400000,2413.0,2418.0,2408.0,2408.0,36.8396,2024-07-20 08:00:00
1721476800000,2408.0,2411.0,2407.0,2407.0,78.5565,2024-07-20 12:00:00
1721491200000,2407.0,2416.0,2388.0,2407.0,276.2579,2024-07-20 16:00:00
1721505600000,2406.0,2408.0,2396.0,2399.0,67.9993,2024-07-20 20:00:00
1721520000000,2399.0,2413.0,2398.0,2406.0,25.5477,2024-07-21 00:00:00
1721534400000,2406.0,2408.0,2399.0,2403.0,22.5355,2024-07-21 04:00:00
1721548800000,2403.0,2410.0,2398.0,2404.0,37.3621,2024-07-21 08:00:00
1721563200000,2405.0,2418.0,2398.0,2402.0,85.7882,2024-07-21 12:00:00
1721577600000,2401.0,2416.0,2398.0,2409.0,163.737,2024-07-21 16:00:00
1721592000000,2410.0,2417.0,2404.0,2410.0,105.7244,2024-07-21 20:00:00
1721606400000,2410.0,2416.0,2407.0,2408.0,117.4644,2024-07-22 00:00:00
1721620800000,2407.0,2410.0,2397.0,2399.0,88.7113,2024-07-22 04:00:00
1721635200000,2400.0,2407.0,2396.0,2399.0,101.1888,2024-07-22 08:00:00
1721649600000,2399.0,2438.0,2387.0,2391.0,269.5377,2024-07-22 12:00:00
1721664000000,2390.0,2402.0,2387.0,2401.0,78.382,2024-07-22 16:00:00
1721678400000,2400.0,2400.0,2385.0,2391.0,68.1568,2024-07-22 20:00:00
1721692800000,2391.0,2403.0,2390.0,2402.0,64.6354,2024-07-23 00:00:00
1721707200000,2402.0,2403.0,2383.0,2390.0,223.3418,2024-07-23 04:00:00
1721721600000,2389.0,2406.0,2387.0,2403.0,147.4832,2024-07-23 08:00:00
1721736000000,2402.0,2405.0,2390.0,2394.0,115.1989,2024-07-23 12:00:00
1721750400000,2395.0,2399.0,2388.0,2395.0,105.326,2024-07-23 16:00:00
1721764800000,2395.0,2402.0,2391.0,2399.0,46.5595,2024-07-23 20:00:00
1721779200000,2400.0,2404.0,2390.0,2401.0,270.9622,2024-07-24 00:00:00
1721793600000,2401.0,2409.0,2401.0,2405.0,137.8794,2024-07-24 04:00:00
1721808000000,2404.0,2414.0,2404.0,2408.0,92.7111,2024-07-24 08:00:00
1721822400000,2408.0,2418.0,2408.0,2414.0,121.9514,2024-07-24 12:00:00
1721836800000,2412.0,2419.0,2394.0,2396.0,196.5462,2024-07-24 16:00:00
1721851200000,2396.0,2396.0,2385.0,2390.0,96.23,2024-07-24 20:00:00
1721865600000,2389.0,2393.0,2360.0,2364.0,199.9467,2024-07-25 00:00:00
1721880000000,2364.0,2376.0,2361.0,2370.0,125.9661,2024-07-25 04:00:00
1721894400000,2371.0,2376.0,2355.0,2361.0,166.0021,2024-07-25 08:00:00
1721908800000,2361.0,2374.0,2356.0,2364.0,169.6622,2024-07-25 12:00:00
1721923200000,2367.0,2372.0,2361.0,2363.0,407.2603,2024-07-25 16:00:00
1721937600000,2363.0,2374.0,2361.0,2370.0,66.1101,2024-07-25 20:00:00
1721952000000,2369.0,2383.0,2363.0,2377.0,137.8367,2024-07-26 00:00:00
1721966400000,2375.0,2381.0,2369.0,2379.0,73.3339,2024-07-26 04:00:00
1721980800000,2378.0,2410.0,2374.0,2385.0,211.4236,2024-07-26 08:00:00
1721995200000,2385.0,2392.0,2376.0,2388.0,97.3905,2024-07-26 12:00:00
1722009600000,2387.0,2392.0,2383.0,2390.0,26.3865,2024-07-26 16:00:00
1722024000000,2390.0,2391.0,2383.0,2387.0,25.3175,2024-07-26 20:00:00
1722038400000,2387.0,2390.0,2383.0,2385.0,12.0614,2024-07-27 00:00:00
1722052800000,2386.0,2394.0,2383.0,2389.0,29.8304,2024-07-27 04:00:00
1722067200000,2390.0,2394.0,2386.0,2393.0,47.7495,2024-07-27 08:00:00
1722081600000,2393.0,2404.0,2391.0,2392.0,74.6726,2024-07-27 12:00:00
1722096000000,2392.0,2399.0,2380.0,2388.0,135.6245,2024-07-27 16:00:00
1722110400000,2388.0,2392.0,2375.0,2384.0,65.1277,2024-07-27 20:00:00
1722124800000,2383.0,2389.0,2379.0,2381.0,12.5016,2024-07-28 00:00:00
1722139200000,2382.0,2390.0,2378.0,2387.0,45.9773,2024-07-28 04:00:00
1722153600000,2387.0,2398.0,2384.0,2394.0,83.9832,2024-07-28 08:00:00
1722168000000,2393.0,2395.0,2383.0,2394.0,24.3745,2024-07-28 12:00:00
1722182400000,2393.0,2398.0,2378.0,2388.0,52.2886,2024-07-28 16:00:00
1722196800000,2388.0,2396.0,2386.0,2392.0,30.4109,2024-07-28 20:00:00
1722211200000,2392.0,2408.0,2392.0,2403.0,110.2527,2024-07-29 00:00:00
1722225600000,2404.0,2411.0,2396.0,2401.0,94.2825,2024-07-29 04:00:00
1722240000000,2401.0,2403.0,2393.0,2395.0,57.6328,2024-07-29 08:00:00
1722254400000,2395.0,2402.0,2371.0,2381.0,131.4034,2024-07-29 12:00:00
1722268800000,2381.0,2393.0,2372.0,2389.0,113.776,2024-07-29 16:00:00
1722283200000,2388.0,2394.0,2385.0,2385.0,39.2958,2024-07-29 20:00:00
1722297600000,2385.0,2386.0,2382.0,2385.0,26.4633,2024-07-30 00:00:00
1722312000000,2386.0,2394.0,2382.0,2391.0,58.5081,2024-07-30 04:00:00
1722326400000,2391.0,2399.0,2389.0,2392.0,65.0733,2024-07-30 08:00:00
1722340800000,2392.0,2398.0,2386.0,2391.0,92.6236,2024-07-30 12:00:00
1722355200000,2391.0,2405.0,2389.0,2400.0,93.5381,2024-07-30 16:00:00
1722369600000,2401.0,2410.0,2389.0,2400.0,104.1483,2024-07-30 20:00:00
1722384000000,2401.0,2414.0,2397.0,2413.0,51.2604,2024-07-31 00:00:00
1722398400000,2413.0,2416.0,2407.0,2413.0,99.6419,2024-07-31 04:00:00
1722412800000,2414.0,2421.0,2413.0,2420.0,140.0275,2024-07-31 08:00:00
1722427200000,2420.0,2424.0,2413.0,2417.0,110.0259,2024-07-31 12:00:00
1722441600000,2418.0,2437.0,2409.0,2436.0,282.2424,2024-07-31 16:00:00
1722456000000,2436.0,2452.0,2426.0,2434.0,379.2821,2024-07-31 20:00:00
1722470400000,2435.0,2453.0,2427.0,2432.0,155.1077,2024-08-01 00:00:00
1722484800000,2433.0,2440.0,2423.0,2426.0,145.5756,2024-08-01 04:00:00
1722499200000,2426.0,2434.0,2416.0,2433.0,195.8768,2024-08-01 08:00:00
1722513600000,2433.0,2448.0,2429.0,2436.0,233.0576,2024-08-01 12:00:00
1722528000000,2434.0,2436.0,2421.0,2428.0,249.2946,2024-08-01 16:00:00
1722542400000,2429.0,2437.0,2425.0,2430.0,173.2684,2024-08-01 20:00:00
1722556800000,2430.0,2444.0,2425.0,2444.0,140.1898,2024-08-02 00:00:00
1722571200000,2445.0,2455.0,2439.0,2450.0,162.2816,2024-08-02 04:00:00
1722585600000,2449.0,2455.0,2445.0,2445.0,77.8378,2024-08-02 08:00:00
1722600000000,2446.0,2464.0,2405.0,2422.0,589.7017,2024-08-02 12:00:00
1722614400000,2423.0,2455.0,2411.0,2444.0,268.9024,2024-08-02 16:00:00
1722628800000,2443.0,2484.0,2435.0,2458.0,845.8445,2024-08-02 20:00:00
1722643200000,2458.0,2459.0,2428.0,2438.0,176.0492,2024-08-03 00:00:00
1722657600000,2439.0,2458.0,2430.0,2444.0,194.6702,2024-08-03 04:00:00
1722672000000,2443.0,2464.0,2436.0,2454.0,175.4475,2024-08-03 08:00:00
1722686400000,2454.0,2456.0,2437.0,2440.0,135.9618,2024-08-03 12:00:00
1722700800000,2442.0,2476.0,2437.0,2458.0,457.253,2024-08-03 16:00:00
1722715200000,2457.0,2473.0,2454.0,2467.0,190.4706,2024-08-03 20:00:00
1722729600000,2467.0,2484.0,2465.0,2473.0,151.58,2024-08-04 00:00:00
1722744000000,2473.0,2475.0,2463.0,2474.0,122.3734,2024-08-04 04:00:00
1722758400000,2474.0,2479.0,2469.0,2474.0,264.1288,2024-08-04 08:00:00
1722772800000,2475.0,2485.0,2466.0,2485.0,413.0194,2024-08-04 12:00:00
1722787200000,2484.0,2510.0,2450.0,2460.0,741.491,2024-08-04 16:00:00
1722801600000,2459.0,2484.0,2443.0,2452.0,349.5929,2024-08-04 20:00:00
1722816000000,2452.0,2469.0,2400.0,2424.0,954.4063,2024-08-05 00:00:00
1722830400000,2424.0,2447.0,2390.0,2416.0,1413.91,2024-08-05 04:00:00
1722844800000,2416.0,2430.0,2366.0,2374.0,800.3078,2024-08-05 08:00:00
1722859200000,2374.0,2397.0,2339.0,2383.0,1339.9606,2024-08-05 12:00:00
1722873600000,2384.0,2399.0,2377.0,2396.0,684.2676,2024-08-05 16:00:00
1722888000000,2395.0,2399.0,2385.0,2395.0,200.9945,2024-08-05 20:00:00
1722902400000,2395.0,2409.0,2391.0,2395.0,301.1313,2024-08-06 00:00:00
1722916800000,2395.0,2410.0,2384.0,2397.0,184.1694,2024-08-06 04:00:00
1722931200000,2396.0,2402.0,2389.0,2396.0,210.8806,2024-08-06 08:00:00
1722945600000,2395.0,2418.0,2391.0,2398.0,544.6167,2024-08-06 12:00:00
1722960000000,2398.0,2410.0,2388.0,2396.0,162.1186,2024-08-06 16:00:00
1722974400000,2397.0,2401.0,2380.0,2384.0,190.6012,2024-08-06 20:00:00
1722988800000,2386.0,2391.0,2375.0,2383.0,257.2192,2024-08-07 00:00:00
1723003200000,2383.0,2392.0,2374.0,2390.0,285.4827,2024-08-07 04:00:00
1723017600000,2389.0,2392.0,2376.0,2384.0,227.6948,2024-08-07 08:00:00
1723032000000,2385.0,2392.0,2384.0,2389.0,278.0693,2024-08-07 12:00:00
1723046400000,2390.0,2391.0,2377.0,2377.0,177.8368,2024-08-07 16:00:00
1723060800000,2377.0,2387.0,2370.0,2374.0,190.6478,2024-08-07 20:00:00
1723075200000,2373.0,2389.0,2371.0,2383.0,222.3833,2024-08-08 00:00:00
1723089600000,2383.0,2390.0,2381.0,2388.0,50.4079,2024-08-08 04:00:00
1723104000000,2387.0,2404.0,2386.0,2402.0,115.942,2024-08-08 08:00:00
1723118400000,2403.0,2413.0,2395.0,2411.0,324.0915,2024-08-08 12:00:00
1723132800000,2411.0,2422.0,2405.0,2415.0,209.0453,2024-08-08 16:00:00
1723147200000,2415.0,2427.0,2414.0,2417.0,278.0369,2024-08-08 20:00:00
1723161600000,2417.0,2418.0,2411.0,2412.0,68.1366,2024-08-09 00:00:00
1723176000000,2413.0,2416.0,2410.0,2413.0,105.1609,2024-08-09 04:00:00
1723190400000,2414.0,2424.0,2409.0,2417.0,116.6982,2024-08-09 08:00:00
1723204800000,2418.0,2425.0,2416.0,2418.0,287.2819,2024-08-09 12:00:00
1723219200000,2418.0,2425.0,2417.0,2422.0,73.4123,2024-08-09 16:00:00
1723233600000,2421.0,2424.0,2413.0,2419.0,64.2014,2024-08-09 20:00:00
1723248000000,2419.0,2426.0,2413.0,2418.0,56.6559,2024-08-10 00:00:00
1723262400000,2419.0,2427.0,2415.0,2425.0,30.6323,2024-08-10 04:00:00
1723276800000,2425.0,2429.0,2423.0,2429.0,47.5461,2024-08-10 08:00:00
1723291200000,2428.0,2429.0,2423.0,2427.0,43.8056,2024-08-10 12:00:00
1723305600000,2426.0,2427.0,2423.0,2425.0,55.4195,2024-08-10 16:00:00
1723320000000,2426.0,2427.0,2425.0,2427.0,30.6048,2024-08-10 20:00:00
1723334400000,2428.0,2432.0,2426.0,2432.0,61.6946,2024-08-11 00:00:00
1723348800000,2431.0,2432.0,2425.0,2428.0,35.5321,2024-08-11 04:00:00
1723363200000,2428.0,2432.0,2423.0,2426.0,76.6128,2024-08-11 08:00:00
1723377600000,2426.0,2432.0,2421.0,2424.0,87.6738,2024-08-11 12:00:00
1723392000000,2424.0,2436.0,2424.0,2432.0,154.1792,2024-08-11 16:00:00
1723406400000,2435.0,2437.0,2426.0,2431.0,203.1117,2024-08-11 20:00:00
1723420800000,2432.0,2432.0,2421.0,2425.0,60.5895,2024-08-12 00:00:00
1723435200000,2425.0,2435.0,2424.0,2434.0,101.5704,2024-08-12 04:00:00
1723449600000,2435.0,2441.0,2430.0,2437.0,164.7263,2024-08-12 08:00:00
1723464000000,2437.0,2452.0,2437.0,2449.0,418.5362,2024-08-12 12:00:00
1723478400000,2450.0,2468.0,2449.0,2465.0,165.9453,2024-08-12 16:00:00
1723492800000,2465.0,2469.0,2452.0,2465.0,229.2639,2024-08-12 20:00:00
1723507200000,2466.0,2469.0,2450.0,2453.0,165.2116,2024-08-13 00:00:00
1723521600000,2455.0,2456.0,2449.0,2453.0,62.796,2024-08-13 04:00:00
1723536000000,2455.0,2471.0,2450.0,2463.0,419.8392,2024-08-13 08:00:00
1723550400000,2465.0,2469.0,2456.0,2467.0,228.2073,2024-08-13 12:00:00
1723564800000,2467.0,2469.0,2407.0,2450.0,615.295,2024-08-13 16:00:00
1723579200000,2450.0,2477.0,2447.0,2454.0,344.573,2024-08-13 20:00:00
1723593600000,2454.0,2461.0,2440.0,2453.0,111.4245,2024-08-14 00:00:00
1723608000000,2452.0,2464.0,2452.0,2462.0,93.9749,2024-08-14 04:00:00
1723622400000,2464.0,2474.0,2460.0,2471.0,254.3765,2024-08-14 08:00:00
1723636800000,2471.0,2474.0,2439.0,2440.0,350.7541,2024-08-14 12:00:00
1723651200000,2441.0,2447.0,2438.0,2445.0,113.2912,2024-08-14 16:00:00
1723665600000,2445.0,2455.0,2440.0,2443.0,55.3684,2024-08-14 20:00:00
1723680000000,2444.0,2450.0,2443.0,2447.0,43.2629,2024-08-15 00:00:00
1723694400000,2449.0,2454.0,2441.0,2447.0,82.3324,2024-08-15 04:00:00
1723708800000,2448.0,2456.0,2445.0,2454.0,53.0401,2024-08-15 08:00:00
1723723200000,2454.0,2468.0,2439.0,2456.0,371.7985,2024-08-15 12:00:00
1723737600000,2457.0,2460.0,2446.0,2450.0,242.2504,2024-08-15 16:00:00
1723752000000,2450.0,2453.0,2442.0,2451.0,109.4287,2024-08-15 20:00:00
1723766400000,2451.0,2456.0,2447.0,2450.0,82.4882,2024-08-16 00:00:00
1723780800000,2450.0,2461.0,2445.0,2458.0,127.385,2024-08-16 04:00:00
1723795200000,2458.0,2468.0,2427.0,2465.0,443.1163,2024-08-16 08:00:00
1723809600000,2465.0,2498.0,2463.0,2490.0,722.2486,2024-08-16 12:00:00
1723824000000,2490.0,2499.0,2488.0,2496.0,427.1278,2024-08-16 16:00:00
1723838400000,2495.0,2499.0,2486.0,2491.0,121.5639,2024-08-16 20:00:00
1723852800000,2492.0,2499.0,2489.0,2497.0,78.3364,2024-08-17 00:00:00
1723867200000,2497.0,2514.0,2495.0,2507.0,94.5332,2024-08-17 04:00:00
1723881600000,2506.0,2530.0,2496.0,2513.0,300.5839,2024-08-17 08:00:00
1723896000000,2515.0,2521.0,2495.0,2500.0,169.7412,2024-08-17 12:00:00
1723910400000,2500.0,2525.0,2491.0,2515.0,219.5345,2024-08-17 16:00:00
1723924800000,2516.0,2524.0,2513.0,2517.0,85.9709,2024-08-17 20:00:00
1723939200000,2517.0,2520.0,2507.0,2509.0,54.2776,2024-08-18 00:00:00
1723953600000,2510.0,2512.0,2501.0,2510.0,79.2184,2024-08-18 04:00:00
1723968000000,2508.0,2519.0,2503.0,2512.0,112.9465,2024-08-18 08:00:00
1723982400000,2512.0,2517.0,2504.0,2508.0,132.0331,2024-08-18 12:00:00
1723996800000,2508.0,2512.0,2502.0,2507.0,55.8062,2024-08-18 16:00:00
1724011200000,2508.0,2510.0,2500.0,2505.0,61.4636,2024-08-18 20:00:00
1724025600000,2505.0,2508.0,2494.0,2505.0,83.5593,2024-08-19 00:00:00
1724040000000,2505.0,2508.0,2492.0,2504.0,197.12,2024-08-19 04:00:00
1724054400000,2504.0,2509.0,2486.0,2495.0,250.0252,2024-08-19 08:00:00
1724068800000,2496.0,2503.0,2488.0,2502.0,149.5627,2024-08-19 12:00:00
1724083200000,2502.0,2504.0,2496.0,2502.0,82.5734,2024-08-19 16:00:00
1724097600000,2501.0,2511.0,2500.0,2509.0,75.0323,2024-08-19 20:00:00
1724112000000,2505.0,2512.0,2491.0,2499.0,104.1479,2024-08-20 00:00:00
1724126400000,2499.0,2510.0,2497.0,2510.0,70.8131,2024-08-20 04:00:00
1724140800000,2511.0,2517.0,2508.0,2515.0,267.6326,2024-08-20 08:00:00
1724155200000,2516.0,2521.0,2496.0,2501.0,322.6661,2024-08-20 12:00:00
1724169600000,2500.0,2511.0,2495.0,2504.0,107.5762,2024-08-20 16:00:00
1724184000000,2504.0,2511.0,2500.0,2506.0,45.3376,2024-08-20 20:00:00
1724198400000,2507.0,2514.0,2497.0,2505.0,152.3553,2024-08-21 00:00:00
1724212800000,2505.0,2510.0,2500.0,2500.0,74.8832,2024-08-21 04:00:00
1724227200000,2501.0,2509.0,2497.0,2503.0,100.9386,2024-08-21 08:00:00
1724241600000,2503.0,2508.0,2490.0,2504.0,162.004,2024-08-21 12:00:00
1724256000000,2503.0,2513.0,2499.0,2507.0,185.4756,2024-08-21 16:00:00
1724270400000,2506.0,2508.0,2496.0,2502.0,95.6075,2024-08-21 20:00:00
1724284800000,2504.0,2505.0,2493.0,2495.0,43.7246,2024-08-22 00:00:00
1724299200000,2495.0,2504.0,2493.0,2502.0,62.6966,2024-08-22 04:00:00
1724313600000,2504.0,2504.0,2494.0,2497.0,149.1195,2024-08-22 08:00:00
1724328000000,2495.0,2498.0,2476.0,2485.0,329.9615,2024-08-22 12:00:00
1724342400000,2483.0,2489.0,2479.0,2482.0,61.3573,2024-08-22 16:00:00
1724356800000,2482.0,2488.0,2481.0,2486.0,42.4014,2024-08-22 20:00:00
1724371200000,2488.0,2493.0,2485.0,2489.0,88.2872,2024-08-23 00:00:00
1724385600000,2492.0,2496.0,2488.0,2491.0,77.5466,2024-08-23 04:00:00
1724400000000,2491.0,2500.0,2488.0,2497.0,153.2245,2024-08-23 08:00:00
1724414400000,2499.0,2517.0,2491.0,2507.0,355.486,2024-08-23 12:00:00
1724428800000,2507.0,2520.0,2499.0,2509.0,288.6294,2024-08-23 16:00:00
1724443200000,2509.0,2514.0,2503.0,2511.0,148.0765,2024-08-23 20:00:00
1724457600000,2511.0,2517.0,2505.0,2515.0,56.2105,2024-08-24 00:00:00
1724472000000,2515.0,2518.0,2504.0,2511.0,60.8919,2024-08-24 04:00:00
1724486400000,2511.0,2519.0,2506.0,2511.0,89.9675,2024-08-24 08:00:00
1724500800000,2509.0,2515.0,2505.0,2505.0,64.7608,2024-08-24 12:00:00
1724515200000,2505.0,2515.0,2504.0,2511.0,71.8705,2024-08-24 16:00:00
1724529600000,2511.0,2518.0,2504.0,2510.0,131.413,2024-08-24 20:00:00
1724544000000,2512.0,2524.0,2507.0,2512.0,46.4712,2024-08-25 00:00:00
1724558400000,2512.0,2525.0,2510.0,2516.0,46.7119,2024-08-25 04:00:00
1724572800000,2516.0,2527.0,2507.0,2516.0,226.005,2024-08-25 08:00:00
1724587200000,2519.0,2520.0,2512.0,2513.0,79.5468,2024-08-25 12:00:00
1724601600000,2513.0,2518.0,2508.0,2511.0,83.8494,2024-08-25 16:00:00
1724616000000,2514.0,2517.0,2506.0,2512.0,120.3588,2024-08-25 20:00:00
1724630400000,2513.0,2516.0,2509.0,2509.0,72.4215,2024-08-26 00:00:00
1724644800000,2509.0,2518.0,2505.0,2518.0,102.0872,2024-08-26 04:00:00
1724659200000,2518.0,2524.0,2506.0,2519.0,247.3087,2024-08-26 08:00:00
1724673600000,2519.0,2522.0,2504.0,2511.0,281.605,2024-08-26 12:00:00
1724688000000,2509.0,2517.0,2482.0,2511.0,310.8062,2024-08-26 16:00:00
1724702400000,2511.0,2514.0,2506.0,2508.0,72.0558,2024-08-26 20:00:00
1724716800000,2508.0,2509.0,2498.0,2500.0,59.2957,2024-08-27 00:00:00
1724731200000,2502.0,2509.0,2499.0,2499.0,69.9724,2024-08-27 04:00:00
1724745600000,2498.0,2507.0,2494.0,2501.0,170.6567,2024-08-27 08:00:00
1724760000000,2501.0,2507.0,2491.0,2500.0,226.0057,2024-08-27 12:00:00
1724774400000,2500.0,2510.0,2492.0,2507.0,127.9895,2024-08-27 16:00:00
1724788800000,2507.0,2520.0,2490.0,2508.0,433.6163,2024-08-27 20:00:00
1724803200000,2509.0,2512.0,2500.0,2503.0,116.9961,2024-08-28 00:00:00
1724817600000,2503.0,2503.0,2486.0,2494.0,176.7377,2024-08-28 04:00:00
1724832000000,2494.0,2503.0,2489.0,2492.0,144.8,2024-08-28 08:00:00
1724846400000,2493.0,2499.0,2484.0,2496.0,192.5903,2024-08-28 12:00:00
1724860800000,2496.0,2501.0,2485.0,2496.0,105.479,2024-08-28 16:00:00
1724875200000,2497.0,2503.0,2495.0,2499.0,70.1796,2024-08-28 20:00:00
1724889600000,2500.0,2506.0,2499.0,2505.0,32.0961,2024-08-29 00:00:00
1724904000000,2506.0,2513.0,2505.0,2509.0,62.1289,2024-08-29 04:00:00
1724918400000,2509.0,2515.0,2505.0,2512.0,51.8373,2024-08-29 08:00:00
1724932800000,2512.0,2516.0,2499.0,2513.0,198.7088,2024-08-29 12:00:00
1724947200000,2513.0,2516.0,2506.0,2510.0,238.8395,2024-08-29 16:00:00
1724961600000,2509.0,2511.0,2505.0,2509.0,59.4319,2024-08-29 20:00:00
1724976000000,2509.0,2512.0,2502.0,2504.0,72.0868,2024-08-30 00:00:00
1724990400000,2504.0,2512.0,2503.0,2510.0,71.4428,2024-08-30 04:00:00
1725004800000,2509.0,2515.0,2507.0,2511.0,187.3219,2024-08-30 08:00:00
1725019200000,2510.0,2515.0,2491.0,2495.0,238.1939,2024-08-30 12:00:00
1725033600000,2494.0,2499.0,2487.0,2496.0,188.1728,2024-08-30 16:00:00
1725048000000,2496.0,2500.0,2490.0,2496.0,48.6617,2024-08-30 20:00:00
1725062400000,2496.0,2498.0,2489.0,2496.0,39.1143,2024-08-31 00:00:00
1725076800000,2493.0,2500.0,2493.0,2494.0,31.0869,2024-08-31 04:00:00
1725091200000,2494.0,2500.0,2491.0,2495.0,59.4403,2024-08-31 08:00:00
1725105600000,2495.0,2500.0,2493.0,2496.0,42.3628,2024-08-31 12:00:00
1725120000000,2498.0,2501.0,2493.0,2501.0,40.8215,2024-08-31 16:00:00
1725134400000,2501.0,2503.0,2493.0,2496.0,48.8406,2024-08-31 20:00:00
1725148800000,2496.0,2500.0,2492.0,2497.0,53.4218,2024-09-01 00:00:00
1725163200000,2497.0,2506.0,2492.0,2493.0,95.5052,2024-09-01 04:00:00
1725177600000,2493.0,2500.0,2491.0,2494.0,78.4292,2024-09-01 08:00:00
1725192000000,2494.0,2499.0,2491.0,2498.0,66.6161,2024-09-01 12:00:00
1725206400000,2497.0,2515.0,2494.0,2496.0,174.1534,2024-09-01 16:00:00
1725220800000,2496.0,2500.0,2490.0,2493.0,150.0059,2024-09-01 20:00:00
1725235200000,2492.0,2524.0,2480.0,2490.0,321.2471,2024-09-02 00:00:00
1725249600000,2490.0,2496.0,2488.0,2494.0,99.0441,2024-09-02 04:00:00
1725264000000,2493.0,2503.0,2491.0,2496.0,166.8989,2024-09-02 08:00:00
1725278400000,2497.0,2501.0,2492.0,2498.0,116.3896,2024-09-02 12:00:00
1725292800000,2498.0,2501.0,2495.0,2500.0,37.8827,2024-09-02 16:00:00
1725307200000,2500.0,2508.0,2494.0,2497.0,75.9345,2024-09-02 20:00:00
1725321600000,2497.0,2503.0,2491.0,2499.0,115.3201,2024-09-03 00:00:00
1725336000000,2499.0,2502.0,2490.0,2499.0,68.7564,2024-09-03 04:00:00
1725350400000,2501.0,2505.0,2487.0,2490.0,131.936,2024-09-03 08:00:00
1725364800000,2490.0,2500.0,2479.0,2488.0,252.9606,2024-09-03 12:00:00
1725379200000,2488.0,2493.0,2483.0,2492.0,71.3748,2024-09-03 16:00:00
1725393600000,2492.0,2498.0,2491.0,2493.0,43.4999,2024-09-03 20:00:00
1725408000000,2493.0,2502.0,2481.0,2494.0,275.1263,2024-09-04 00:00:00
1725422400000,2494.0,2498.0,2485.0,2487.0,75.4359,2024-09-04 04:00:00
1725436800000,2487.0,2497.0,2473.0,2493.0,156.7286,2024-09-04 08:00:00
1725451200000,2494.0,2500.0,2489.0,2499.0,96.5177,2024-09-04 12:00:00
1725465600000,2499.0,2503.0,2490.0,2494.0,67.8017,2024-09-04 16:00:00
1725480000000,2494.0,2503.0,2493.0,2501.0,32.5312,2024-09-04 20:00:00
1725494400000,2501.0,2503.0,2493.0,2500.0,60.4494,2024-09-05 00:00:00
1725508800000,2500.0,2512.0,2493.0,2512.0,200.5241,2024-09-05 04:00:00
1725523200000,2512.0,2515.0,2505.0,2510.0,155.8799,2024-09-05 08:00:00
1725537600000,2510.0,2516.0,2500.0,2503.0,262.1802,2024-09-05 12:00:00
1725552000000,2503.0,2513.0,2502.0,2509.0,217.2671,2024-09-05 16:00:00
1725566400000,2509.0,2513.0,2506.0,2510.0,89.3532,2024-09-05 20:00:00
1725580800000,2509.0,2514.0,2508.0,2514.0,54.3417,2024-09-06 00:00:00
1725595200000,2514.0,2523.0,2512.0,2521.0,340.8162,2024-09-06 04:00:00
1725609600000,2521.0,2528.0,2520.0,2524.0,168.4243,2024-09-06 08:00:00
1725624000000,2524.0,2533.0,2508.0,2513.0,1254.1753,2024-09-06 12:00:00
1725638400000,2513.0,2515.0,2493.0,2502.0,182.6053,2024-09-06 16:00:00
1725652800000,2501.0,2502.0,2493.0,2502.0,180.7434,2024-09-06 20:00:00
1725667200000,2502.0,2511.0,2493.0,2500.0,77.7623,2024-09-07 00:00:00
1725681600000,2501.0,2515.0,2495.0,2499.0,129.0015,2024-09-07 04:00:00
1725696000000,2497.0,2506.0,2497.0,2502.0,39.7783,2024-09-07 08:00:00
1725710400000,2503.0,2507.0,2502.0,2505.0,41.8485,2024-09-07 12:00:00
1725724800000,2503.0,2507.0,2497.0,2500.0,39.0776,2024-09-07 16:00:00
1725739200000,2500.0,2505.0,2493.0,2493.0,94.6287,2024-09-07 20:00:00
1725753600000,2493.0,2500.0,2493.0,2500.0,36.6758,2024-09-08 00:00:00
1725768000000,2500.0,2503.0,2495.0,2497.0,28.802,2024-09-08 04:00:00
1725782400000,2497.0,2503.0,2495.0,2501.0,41.8562,2024-09-08 08:00:00
1725796800000,2502.0,2505.0,2497.0,2500.0,54.4676,2024-09-08 12:00:00
1725811200000,2499.0,2503.0,2497.0,2502.0,19.3669,2024-09-08 16:00:00
1725825600000,2503.0,2507.0,2497.0,2497.0,95.4169,2024-09-08 20:00:00
1725840000000,2498.0,2507.0,2496.0,2505.0,36.0306,2024-09-09 00:00:00
1725854400000,2506.0,2507.0,2496.0,2503.0,165.0638,2024-09-09 04:00:00
1725868800000,2503.0,2509.0,2496.0,2503.0,127.1517,2024-09-09 08:00:00
1725883200000,2502.0,2511.0,2501.0,2504.0,113.8586,2024-09-09 12:00:00
1725897600000,2504.0,2512.0,2503.0,2506.0,158.35,2024-09-09 16:00:00
1725912000000,2507.0,2518.0,2502.0,2507.0,84.3437,2024-09-09 20:00:00
1725926400000,2507.0,2511.0,2504.0,2508.0,32.9049,2024-09-10 00:00:00
1725940800000,2507.0,2512.0,2502.0,2510.0,53.3798,2024-09-10 04:00:00
1725955200000,2510.0,2515.0,2507.0,2509.0,154.0345,2024-09-10 08:00:00
1725969600000,2511.0,2523.0,2503.0,2514.0,330.6624,2024-09-10 12:00:00
1725984000000,2513.0,2520.0,2512.0,2516.0,140.2264,2024-09-10 16:00:00
1725998400000,2516.0,2519.0,2506.0,2518.0,103.1523,2024-09-10 20:00:00
1726012800000,2518.0,2522.0,2515.0,2521.0,54.5571,2024-09-11 00:00:00
1726027200000,2521.0,2527.0,2516.0,2523.0,150.8566,2024-09-11 04:00:00
1726041600000,2523.0,2524.0,2514.0,2520.0,82.8632,2024-09-11 08:00:00
1726056000000,2520.0,2520.0,2500.0,2513.0,376.6477,2024-09-11 12:00:00
1726070400000,2512.0,2519.0,2509.0,2512.0,161.9983,2024-09-11 16:00:00
1726084800000,2511.0,2514.0,2509.0,2513.0,65.4805,2024-09-11 20:00:00
1726099200000,2513.0,2522.0,2509.0,2520.0,345.4393,2024-09-12 00:00:00
1726113600000,2521.0,2525.0,2520.0,2520.0,65.436,2024-09-12 04:00:00
1726128000000,2521.0,2525.0,2520.0,2523.0,94.2093,2024-09-12 08:00:00
1726142400000,2523.0,2554.0,2522.0,2548.0,651.906,2024-09-12 12:00:00
1726156800000,2548.0,2555.0,2538.0,2553.0,262.8768,2024-09-12 16:00:00
1726171200000,2553.0,2555.0,2546.0,2553.0,62.1284,2024-09-12 20:00:00
1726185600000,2554.0,2565.0,2553.0,2562.0,117.8935,2024-09-13 00:00:00
1726200000000,2562.0,2566.0,2560.0,2565.0,76.0484,2024-09-13 04:00:00
1726214400000,2566.0,2569.0,2552.0,2563.0,142.5614,2024-09-13 08:00:00
1726228800000,2563.0,2580.0,2562.0,2579.0,305.5821,2024-09-13 12:00:00
1726243200000,2579.0,2583.0,2575.0,2577.0,105.3527,2024-09-13 16:00:00
1726257600000,2576.0,2585.0,2573.0,2578.0,134.9999,2024-09-13 20:00:00
1726272000000,2578.0,2581.0,2573.0,2575.0,53.0597,2024-09-14 00:00:00
1726286400000,2576.0,2578.0,2569.0,2571.0,57.1365,2024-09-14 04:00:00
1726300800000,2571.0,2578.0,2571.0,2578.0,58.6174,2024-09-14 08:00:00
1726315200000,2578.0,2580.0,2574.0,2576.0,69.9977,2024-09-14 12:00:00
1726329600000,2575.0,2579.0,2570.0,2574.0,86.2025,2024-09-14 16:00:00
1726344000000,2574.0,2580.0,2574.0,2577.0,43.7307,2024-09-14 20:00:00
1726358400000,2577.0,2580.0,2572.0,2577.0,77.676,2024-09-15 00:00:00
1726372800000,2578.0,2580.0,2571.0,2577.0,62.7643,2024-09-15 04:00:00
1726387200000,2576.0,2579.0,2575.0,2578.0,31.4634,2024-09-15 08:00:00
1726401600000,2577.0,2578.0,2576.0,2577.0,44.1648,2024-09-15 12:00:00
1726416000000,2576.0,2600.0,2570.0,2576.0,213.0136,2024-09-15 16:00:00
1726430400000,2576.0,2585.0,2575.0,2579.0,146.5728,2024-09-15 20:00:00
1726444800000,2579.0,2586.0,2576.0,2583.0,148.1475,2024-09-16 00:00:00
1726459200000,2583.0,2598.0,2581.0,2585.0,235.5429,2024-09-16 04:00:00
1726473600000,2586.0,2596.0,2580.0,2587.0,201.7804,2024-09-16 08:00:00
1726488000000,2587.0,2591.0,2580.0,2583.0,137.0879,2024-09-16 12:00:00
1726502400000,2584.0,2595.0,2582.0,2588.0,142.1785,2024-09-16 16:00:00
1726516800000,2589.0,2609.0,2588.0,2592.0,276.9545,2024-09-16 20:00:00
1726531200000,2592.0,2601.0,2586.0,2589.0,60.81,2024-09-17 00:00:00
1726545600000,2588.0,2596.0,2585.0,2594.0,93.4301,2024-09-17 04:00:00
1726560000000,2594.0,2618.0,2587.0,2594.0,463.3149,2024-09-17 08:00:00
1726574400000,2594.0,2594.0,2571.0,2575.0,623.5184,2024-09-17 12:00:00
1726588800000,2576.0,2583.0,2572.0,2579.0,180.287,2024-09-17 16:00:00
1726603200000,2579.0,2583.0,2576.0,2582.0,96.2215,2024-09-17 20:00:00
1726617600000,2581.0,2584.0,2577.0,2582.0,99.5963,2024-09-18 00:00:00
1726632000000,2582.0,2589.0,2577.0,2580.0,106.3548,2024-09-18 04:00:00
1726646400000,2580.0,2594.0,2579.0,2588.0,112.7822,2024-09-18 08:00:00
1726660800000,2588.0,2593.0,2581.0,2583.0,115.2557,2024-09-18 12:00:00
1726675200000,2582.0,2608.0,2562.0,2568.0,794.0949,2024-09-18 16:00:00
1726689600000,2568.0,2581.0,2560.0,2578.0,238.3895,2024-09-18 20:00:00
1726704000000,2577.0,2578.0,2553.0,2571.0,593.2133,2024-09-19 00:00:00
1726718400000,2571.0,2587.0,2566.0,2587.0,264.7257,2024-09-19 04:00:00
1726732800000,2586.0,2597.0,2584.0,2591.0,160.4269,2024-09-19 08:00:00
1726747200000,2590.0,2596.0,2575.0,2590.0,220.4776,2024-09-19 12:00:00
1726761600000,2590.0,2595.0,2587.0,2591.0,152.7974,2024-09-19 16:00:00
1726776000000,2591.0,2593.0,2585.0,2590.0,103.1146,2024-09-19 20:00:00
1726790400000,2589.0,2598.0,2587.0,2598.0,123.4314,2024-09-20 00:00:00
1726804800000,2598.0,2610.0,2593.0,2609.0,184.0434,2024-09-20 04:00:00
1726819200000,2609.0,2615.0,2601.0,2614.0,145.9365,2024-09-20 08:00:00
1726833600000,2614.0,2620.0,2604.0,2619.0,316.6907,2024-09-20 12:00:00
1726848000000,2620.0,2630.0,2619.0,2623.0,293.6073,2024-09-20 16:00:00
1726862400000,2624.0,2629.0,2621.0,2625.0,53.3623,2024-09-20 20:00:00
1726876800000,2625.0,2630.0,2614.0,2620.0,94.874,2024-09-21 00:00:00
1726891200000,2620.0,2624.0,2613.0,2621.0,86.6709,2024-09-21 04:00:00
1726905600000,2620.0,2626.0,2614.0,2624.0,48.8799,2024-09-21 08:00:00
1726920000000,2624.0,2631.0,2615.0,2617.0,139.2306,2024-09-21 12:00:00
1726934400000,2617.0,2625.0,2617.0,2623.0,37.8346,2024-09-21 16:00:00
1726948800000,2622.0,2633.0,2622.0,2631.0,71.9891,2024-09-21 20:00:00
1726963200000,2631.0,2632.0,2614.0,2618.0,79.3691,2024-09-22 00:00:00
1726977600000,2616.0,2623.0,2611.0,2622.0,87.871,2024-09-22 04:00:00
1726992000000,2622.0,2622.0,2613.0,2620.0,61.4491,2024-09-22 08:00:00
1727006400000,2620.0,2622.0,2611.0,2620.0,83.9143,2024-09-22 12:00:00
1727020800000,2620.0,2631.0,2612.0,2620.0,171.864,2024-09-22 16:00:00
1727035200000,2620.0,2631.0,2617.0,2622.0,135.6346,2024-09-22 20:00:00
1727049600000,2621.0,2636.0,2617.0,2633.0,198.2135,2024-09-23 00:00:00
1727064000000,2632.0,2633.0,2611.0,2616.0,239.1213,2024-09-23 04:00:00
1727078400000,2617.0,2622.0,2615.0,2621.0,106.6156,2024-09-23 08:00:00
1727092800000,2621.0,2632.0,2619.0,2625.0,130.9954,2024-09-23 12:00:00
1727107200000,2626.0,2630.0,2624.0,2627.0,85.8625,2024-09-23 16:00:00
1727121600000,2627.0,2631.0,2626.0,2627.0,47.0778,2024-09-23 20:00:00
1727136000000,2627.0,2634.0,2622.0,2632.0,92.9236,2024-09-24 00:00:00
1727150400000,2632.0,2640.0,2624.0,2631.0,152.6589,2024-09-24 04:00:00
1727164800000,2631.0,2643.0,2627.0,2629.0,140.8781,2024-09-24 08:00:00
1727179200000,2628.0,2648.0,2628.0,2644.0,203.4471,2024-09-24 12:00:00
1727193600000,2643.0,2660.0,2643.0,2659.0,253.2726,2024-09-24 16:00:00
1727208000000,2658.0,2660.0,2650.0,2652.0,137.6966,2024-09-24 20:00:00
1727222400000,2652.0,2665.0,2650.0,2658.0,169.2486,2024-09-25 00:00:00
1727236800000,2658.0,2658.0,2648.0,2651.0,73.3678,2024-09-25 04:00:00
1727251200000,2652.0,2659.0,2648.0,2656.0,125.8927,2024-09-25 08:00:00
1727265600000,2656.0,2667.0,2655.0,2655.0,156.0846,2024-09-25 12:00:00
1727280000000,2655.0,2661.0,2653.0,2654.0,406.0401,2024-09-25 16:00:00
1727294400000,2654.0,2656.0,2650.0,2653.0,61.5805,2024-09-25 20:00:00
1727308800000,2652.0,2663.0,2650.0,2659.0,88.6636,2024-09-26 00:00:00
1727323200000,2658.0,2666.0,2655.0,2664.0,113.8192,2024-09-26 04:00:00
1727337600000,2664.0,2678.0,2655.0,2672.0,233.9995,2024-09-26 08:00:00
1727352000000,2672.0,2674.0,2650.0,2661.0,397.3766,2024-09-26 12:00:00
1727366400000,2661.0,2664.0,2648.0,2658.0,221.1687,2024-09-26 16:00:00
1727380800000,2658.0,2664.0,2655.0,2660.0,98.0191,2024-09-26 20:00:00
1727395200000,2661.0,2662.0,2655.0,2662.0,48.9025,2024-09-27 00:00:00
1727409600000,2662.0,2662.0,2650.0,2658.0,158.9911,2024-09-27 04:00:00
1727424000000,2659.0,2664.0,2652.0,2660.0,200.5517,2024-09-27 08:00:00
1727438400000,2661.0,2673.0,2647.0,2649.0,470.1958,2024-09-27 12:00:00
1727452800000,2648.0,2659.0,2645.0,2652.0,146.459,2024-09-27 16:00:00
1727467200000,2652.0,2659.0,2649.0,2651.0,134.5695,2024-09-27 20:00:00
1727481600000,2650.0,2657.0,2648.0,2650.0,57.9731,2024-09-28 00:00:00
1727496000000,2649.0,2658.0,2649.0,2658.0,32.8088,2024-09-28 04:00:00
1727510400000,2658.0,2659.0,2651.0,2654.0,67.7893,2024-09-28 08:00:00
1727524800000,2655.0,2660.0,2650.0,2660.0,105.396,2024-09-28 12:00:00
1727539200000,2660.0,2663.0,2651.0,2659.0,74.3575,2024-09-28 16:00:00
1727553600000,2659.0,2663.0,2657.0,2659.0,44.6322,2024-09-28 20:00:00
1727568000000,2659.0,2670.0,2656.0,2667.0,69.7533,2024-09-29 00:00:00
1727582400000,2667.0,2668.0,2653.0,2657.0,68.4293,2024-09-29 04:00:00
1727596800000,2658.0,2664.0,2654.0,2660.0,37.8269,2024-09-29 08:00:00
1727611200000,2660.0,2667.0,2656.0,2663.0,105.259,2024-09-29 12:00:00
1727625600000,2663.0,2669.0,2655.0,2659.0,68.1828,2024-09-29 16:00:00
1727640000000,2659.0,2664.0,2656.0,2662.0,79.2848,2024-09-29 20:00:00
1727654400000,2663.0,2665.0,2650.0,2651.0,135.2883,2024-09-30 00:00:00
1727668800000,2652.0,2654.0,2640.0,2647.0,441.056,2024-09-30 04:00:00
1727683200000,2647.0,2652.0,2632.0,2641.0,205.6245,2024-09-30 08:00:00
1727697600000,2642.0,2658.0,2630.0,2637.0,334.9532,2024-09-30 12:00:00
1727712000000,2637.0,2643.0,2619.0,2632.0,353.3472,2024-09-30 16:00:00
1727726400000,2632.0,2642.0,2628.0,2636.0,127.5276,2024-09-30 20:00:00
1727740800000,2637.0,2642.0,2637.0,2640.0,47.8618,2024-10-01 00:00:00
1727755200000,2641.0,2646.0,2635.0,2645.0,131.3673,2024-10-01 04:00:00
1727769600000,2645.0,2648.0,2640.0,2647.0,134.7216,2024-10-01 08:00:00
1727784000000,2647.0,2668.0,2645.0,2661.0,863.761,2024-10-01 12:00:00
1727798400000,2662.0,2693.0,2657.0,2668.0,1761.4603,2024-10-01 16:00:00
1727812800000,2668.0,2700.0,2665.0,2678.0,710.777,2024-10-01 20:00:00
1727827200000,2681.0,2699.0,2667.0,2667.0,376.1017,2024-10-02 00:00:00
1727841600000,2670.0,2676.0,2650.0,2658.0,372.3667,2024-10-02 04:00:00
1727856000000,2658.0,2665.0,2651.0,2658.0,205.5185,2024-10-02 08:00:00
1727870400000,2656.0,2670.0,2653.0,2662.0,306.4567,2024-10-02 12:00:00
1727884800000,2661.0,2673.0,2657.0,2662.0,266.1231,2024-10-02 16:00:00
1727899200000,2664.0,2677.0,2659.0,2669.0,349.1949,2024-10-02 20:00:00
1727913600000,2669.0,2677.0,2661.0,2663.0,160.9874,2024-10-03 00:00:00
1727928000000,2666.0,2669.0,2652.0,2652.0,127.8039,2024-10-03 04:00:00
1727942400000,2652.0,2657.0,2649.0,2656.0,150.414,2024-10-03 08:00:00
1727956800000,2655.0,2665.0,2651.0,2657.0,333.5476,2024-10-03 12:00:00
1727971200000,2657.0,2677.0,2654.0,2664.0,268.382,2024-10-03 16:00:00
1727985600000,2664.0,2672.0,2660.0,2666.0,143.8318,2024-10-03 20:00:00
1728000000000,2663.0,2672.0,2663.0,2670.0,69.7851,2024-10-04 00:00:00
1728014400000,2672.0,2675.0,2667.0,2667.0,81.1214,2024-10-04 04:00:00
1728028800000,2669.0,2672.0,2664.0,2669.0,87.3723,2024-10-04 08:00:00
1728043200000,2671.0,2691.0,2648.0,2665.0,719.1401,2024-10-04 12:00:00
1728057600000,2665.0,2672.0,2655.0,2661.0,329.2773,2024-10-04 16:00:00
1728072000000,2663.0,2664.0,2653.0,2661.0,101.0423,2024-10-04 20:00:00
1728086400000,2661.0,2665.0,2656.0,2656.0,25.1942,2024-10-05 00:00:00
1728100800000,2656.0,2663.0,2656.0,2659.0,41.869,2024-10-05 04:00:00
1728115200000,2659.0,2711.0,2654.0,2698.0,834.1759,2024-10-05 08:00:00
1728129600000,2697.0,2698.0,2669.0,2679.0,363.8937,2024-10-05 12:00:00
1728144000000,2679.0,2687.0,2672.0,2677.0,239.0123,2024-10-05 16:00:00
1728158400000,2676.0,2687.0,2674.0,2684.0,120.1716,2024-10-05 20:00:00
1728172800000,2685.0,2686.0,2671.0,2678.0,49.2646,2024-10-06 00:00:00
1728187200000,2681.0,2692.0,2678.0,2687.0,103.0911,2024-10-06 04:00:00
1728201600000,2687.0,2690.0,2681.0,2685.0,79.1025,2024-10-06 08:00:00
1728216000000,2688.0,2688.0,2679.0,2683.0,93.3453,2024-10-06 12:00:00
1728230400000,2684.0,2687.0,2675.0,2677.0,75.2693,2024-10-06 16:00:00
1728244800000,2680.0,2683.0,2673.0,2678.0,105.7806,2024-10-06 20:00:00
1728259200000,2679.0,2691.0,2674.0,2677.0,310.1469,2024-10-07 00:00:00
1728273600000,2677.0,2683.0,2661.0,2667.0,427.0529,2024-10-07 04:00:00
1728288000000,2667.0,2675.0,2665.0,2673.0,204.3698,2024-10-07 08:00:00
1728302400000,2674.0,2675.0,2658.0,2659.0,311.3784,2024-10-07 12:00:00
1728316800000,2660.0,2670.0,2658.0,2661.0,176.2195,2024-10-07 16:00:00
1728331200000,2661.0,2668.0,2653.0,2657.0,97.3425,2024-10-07 20:00:00
1728345600000,2657.0,2665.0,2655.0,2657.0,50.2238,2024-10-08 00:00:00
1728360000000,2657.0,2665.0,2656.0,2657.0,151.0029,2024-10-08 04:00:00
1728374400000,2658.0,2668.0,2653.0,2664.0,124.8824,2024-10-08 08:00:00
1728388800000,2664.0,2668.0,2611.0,2628.0,843.3371,2024-10-08 12:00:00
1728403200000,2628.0,2636.0,2624.0,2634.0,218.7909,2024-10-08 16:00:00
1728417600000,2634.0,2637.0,2628.0,2633.0,72.4531,2024-10-08 20:00:00
1728432000000,2635.0,2641.0,2626.0,2627.0,44.7119,2024-10-09 00:00:00
1728446400000,2628.0,2644.0,2624.0,2633.0,140.7144,2024-10-09 04:00:00
1728460800000,2633.0,2639.0,2630.0,2635.0,117.1851,2024-10-09 08:00:00
1728475200000,2634.0,2639.0,2622.0,2631.0,174.2559,2024-10-09 12:00:00
1728489600000,2631.0,2633.0,2621.0,2626.0,77.7511,2024-10-09 16:00:00
1728504000000,2626.0,2627.0,2617.0,2622.0,99.3463,2024-10-09 20:00:00
1728518400000,2624.0,2630.0,2616.0,2625.0,106.602,2024-10-10 00:00:00
1728532800000,2626.0,2629.0,2624.0,2628.0,31.8121,2024-10-10 04:00:00
1728547200000,2628.0,2629.0,2621.0,2627.0,182.5345,2024-10-10 08:00:00
1728561600000,2626.0,2639.0,2624.0,2636.0,180.7824,2024-10-10 12:00:00
1728576000000,2636.0,2647.0,2626.0,2642.0,293.8857,2024-10-10 16:00:00
1728590400000,2641.0,2647.0,2639.0,2644.0,94.9752,2024-10-10 20:00:00
1728604800000,2645.0,2660.0,2643.0,2655.0,111.7992,2024-10-11 00:00:00
1728619200000,2656.0,2662.0,2654.0,2660.0,130.22,2024-10-11 04:00:00
1728633600000,2660.0,2660.0,2650.0,2653.0,90.8699,2024-10-11 08:00:00
1728648000000,2654.0,2669.0,2654.0,2666.0,201.8976,2024-10-11 12:00:00
1728662400000,2664.0,2672.0,2663.0,2666.0,208.5356,2024-10-11 16:00:00
1728676800000,2667.0,2672.0,2662.0,2670.0,117.8896,2024-10-11 20:00:00
1728691200000,2670.0,2676.0,2665.0,2666.0,39.7508,2024-10-12 00:00:00
1728705600000,2668.0,2672.0,2662.0,2667.0,73.9883,2024-10-12 04:00:00
1728720000000,2666.0,2672.0,2662.0,2664.0,61.3558,2024-10-12 08:00:00
1728734400000,2665.0,2671.0,2661.0,2665.0,84.9049,2024-10-12 12:00:00
1728748800000,2665.0,2673.0,2659.0,2660.0,94.4102,2024-10-12 16:00:00
1728763200000,2660.0,2664.0,2657.0,2659.0,35.4629,2024-10-12 20:00:00
1728777600000,2660.0,2665.0,2658.0,2663.0,34.6209,2024-10-13 00:00:00
1728792000000,2665.0,2674.0,2661.0,2669.0,107.8675,2024-10-13 04:00:00
1728806400000,2669.0,2677.0,2663.0,2668.0,55.12,2024-10-13 08:00:00
1728820800000,2669.0,2676.0,2660.0,2661.0,93.9715,2024-10-13 12:00:00
1728835200000,2660.0,2672.0,2660.0,2670.0,92.5978,2024-10-13 16:00:00
1728849600000,2670.0,2672.0,2661.0,2661.0,131.1861,2024-10-13 20:00:00
1728864000000,2662.0,2676.0,2660.0,2670.0,89.7729,2024-10-14 00:00:00
1728878400000,2672.0,2678.0,2666.0,2670.0,198.079,2024-10-14 04:00:00
1728892800000,2671.0,2677.0,2666.0,2667.0,119.4445,2024-10-14 08:00:00
1728907200000,2666.0,2674.0,2661.0,2664.0,276.8921,2024-10-14 12:00:00
1728921600000,2664.0,2666.0,2659.0,2663.0,120.8549,2024-10-14 16:00:00
1728936000000,2663.0,2668.0,2659.0,2660.0,76.3625,2024-10-14 20:00:00
1728950400000,2660.0,2662.0,2655.0,2656.0,79.9237,2024-10-15 00:00:00
1728964800000,2656.0,2665.0,2651.0,2659.0,109.5771,2024-10-15 04:00:00
1728979200000,2659.0,2664.0,2654.0,2655.0,176.5567,2024-10-15 08:00:00
1728993600000,2655.0,2671.0,2655.0,2670.0,380.3904,2024-10-15 12:00:00
1729008000000,2671.0,2673.0,2663.0,2669.0,176.2724,2024-10-15 16:00:00
1729022400000,2670.0,2672.0,2666.0,2671.0,70.2745,2024-10-15 20:00:00
1729036800000,2671.0,2680.0,2668.0,2675.0,150.8826,2024-10-16 00:00:00
1729051200000,2676.0,2683.0,2674.0,2682.0,115.2151,2024-10-16 04:00:00
1729065600000,2682.0,2688.0,2679.0,2686.0,193.704,2024-10-16 08:00:00
1729080000000,2686.0,2688.0,2674.0,2676.0,200.4884,2024-10-16 12:00:00
1729094400000,2676.0,2683.0,2673.0,2678.0,213.2527,2024-10-16 16:00:00
1729108800000,2678.0,2680.0,2675.0,2678.0,113.1586,2024-10-16 20:00:00
1729123200000,2679.0,2695.0,2678.0,2684.0,192.2103,2024-10-17 00:00:00
1729137600000,2685.0,2696.0,2684.0,2691.0,196.3833,2024-10-17 04:00:00
1729152000000,2691.0,2699.0,2685.0,2693.0,200.9518,2024-10-17 08:00:00
1729166400000,2693.0,2704.0,2685.0,2701.0,254.691,2024-10-17 12:00:00
1729180800000,2700.0,2710.0,2691.0,2696.0,305.1444,2024-10-17 16:00:00
1729195200000,2696.0,2707.0,2695.0,2705.0,176.8083,2024-10-17 20:00:00
1729209600000,2705.0,2717.0,2700.0,2715.0,224.4523,2024-10-18 00:00:00
1729224000000,2716.0,2726.0,2707.0,2708.0,189.6637,2024-10-18 04:00:00
1729238400000,2708.0,2726.0,2706.0,2718.0,198.0842,2024-10-18 08:00:00
1729252800000,2719.0,2740.0,2713.0,2723.0,372.4144,2024-10-18 12:00:00
1729267200000,2724.0,2735.0,2723.0,2726.0,285.2247,2024-10-18 16:00:00
1729281600000,2726.0,2731.0,2725.0,2727.0,74.0881,2024-10-18 20:00:00
1729296000000,2726.0,2731.0,2725.0,2726.0,89.017,2024-10-19 00:00:00
1729310400000,2728.0,2737.0,2725.0,2735.0,104.7917,2024-10-19 04:00:00
1729324800000,2735.0,2740.0,2732.0,2732.0,86.5716,2024-10-19 08:00:00
1729339200000,2732.0,2736.0,2731.0,2732.0,85.7364,2024-10-19 12:00:00
1729353600000,2733.0,2745.0,2732.0,2742.0,158.3093,2024-10-19 16:00:00
1729368000000,2743.0,2749.0,2738.0,2738.0,103.6231,2024-10-19 20:00:00
1729382400000,2739.0,2741.0,2736.0,2739.0,61.8847,2024-10-20 00:00:00
1729396800000,2740.0,2748.0,2737.0,2744.0,90.5156,2024-10-20 04:00:00
1729411200000,2745.0,2749.0,2743.0,2748.0,94.0246,2024-10-20 08:00:00
1729425600000,2748.0,2751.0,2742.0,2746.0,150.0023,2024-10-20 12:00:00
1729440000000,2746.0,2749.0,2742.0,2747.0,87.3283,2024-10-20 16:00:00
1729454400000,2747.0,2750.0,2741.0,2741.0,255.3845,2024-10-20 20:00:00
1729468800000,2741.0,2747.0,2741.0,2745.0,118.8432,2024-10-21 00:00:00
1729483200000,2746.0,2747.0,2741.0,2741.0,93.1465,2024-10-21 04:00:00
1729497600000,2742.0,2752.0,2741.0,2751.0,219.7409,2024-10-21 08:00:00
1729512000000,2752.0,2755.0,2738.0,2742.0,487.5866,2024-10-21 12:00:00
1729526400000,2742.0,2749.0,2730.0,2735.0,248.5264,2024-10-21 16:00:00
1729540800000,2735.0,2737.0,2732.0,2735.0,59.0127,2024-10-21 20:00:00
1729555200000,2735.0,2750.0,2733.0,2750.0,126.0509,2024-10-22 00:00:00
1729569600000,2749.0,2756.0,2745.0,2750.0,248.6202,2024-10-22 04:00:00
1729584000000,2750.0,2761.0,2749.0,2753.0,229.4093,2024-10-22 08:00:00
1729598400000,2753.0,2759.0,2750.0,2752.0,291.8211,2024-10-22 12:00:00
1729612800000,2753.0,2764.0,2751.0,2759.0,344.923,2024-10-22 16:00:00
1729627200000,2759.0,2765.0,2757.0,2760.0,143.452,2024-10-22 20:00:00
1729641600000,2761.0,2761.0,2747.0,2756.0,159.0475,2024-10-23 00:00:00
1729656000000,2757.0,2775.0,2756.0,2766.0,206.1185,2024-10-23 04:00:00
1729670400000,2766.0,2783.0,2765.0,2771.0,429.3706,2024-10-23 08:00:00
1729684800000,2771.0,2774.0,2731.0,2734.0,667.0636,2024-10-23 12:00:00
1729699200000,2735.0,2739.0,2727.0,2737.0,255.6412,2024-10-23 16:00:00
1729713600000,2737.0,2745.0,2735.0,2740.0,88.1356,2024-10-23 20:00:00
1729728000000,2741.0,2758.0,2737.0,2747.0,186.8621,2024-10-24 00:00:00
1729742400000,2748.0,2758.0,2746.0,2754.0,67.9075,2024-10-24 04:00:00
1729756800000,2755.0,2762.0,2753.0,2757.0,182.5733,2024-10-24 08:00:00
1729771200000,2757.0,2763.0,2738.0,2751.0,628.75,2024-10-24 12:00:00
1729785600000,2749.0,2756.0,2740.0,2754.0,127.7933,2024-10-24 16:00:00
1729800000000,2754.0,2756.0,2750.0,2756.0,102.0797,2024-10-24 20:00:00
1729814400000,2756.0,2756.0,2745.0,2748.0,164.669,2024-10-25 00:00:00
1729828800000,2749.0,2751.0,2736.0,2743.0,347.9197,2024-10-25 04:00:00
1729843200000,2743.0,2754.0,2740.0,2752.0,502.4671,2024-10-25 08:00:00
1729857600000,2752.0,2760.0,2743.0,2753.0,389.267,2024-10-25 12:00:00
1729872000000,2754.0,2765.0,2748.0,2755.0,470.0123,2024-10-25 16:00:00
1729886400000,2754.0,2769.0,2750.0,2764.0,394.774,2024-10-25 20:00:00
1729900800000,2764.0,2769.0,2754.0,2759.0,244.8772,2024-10-26 00:00:00
1729915200000,2759.0,2767.0,2755.0,2755.0,241.1492,2024-10-26 04:00:00
1729929600000,2756.0,2763.0,2748.0,2754.0,268.3788,2024-10-26 08:00:00
1729944000000,2755.0,2765.0,2752.0,2765.0,147.638,2024-10-26 12:00:00
1729958400000,2765.0,2766.0,2762.0,2762.0,61.5885,2024-10-26 16:00:00
1729972800000,2762.0,2765.0,2756.0,2761.0,87.21,2024-10-26 20:00:00
1729987200000,2761.0,2766.0,2756.0,2763.0,93.6952,2024-10-27 00:00:00
1730001600000,2764.0,2766.0,2758.0,2762.0,39.8444,2024-10-27 04:00:00
1730016000000,2762.0,2767.0,2758.0,2765.0,98.803,2024-10-27 08:00:00
1730030400000,2766.0,2769.0,2759.0,2764.0,129.9167,2024-10-27 12:00:00
1730044800000,2764.0,2771.0,2763.0,2769.0,128.2581,2024-10-27 16:00:00
1730059200000,2768.0,2770.0,2750.0,2750.0,261.0702,2024-10-27 20:00:00
1730073600000,2751.0,2755.0,2747.0,2752.0,164.7431,2024-10-28 00:00:00
1730088000000,2753.0,2768.0,2752.0,2761.0,136.6654,2024-10-28 04:00:00
1730102400000,2761.0,2763.0,2752.0,2755.0,210.6221,2024-10-28 08:00:00
1730116800000,2756.0,2762.0,2755.0,2757.0,202.7555,2024-10-28 12:00:00
1730131200000,2757.0,2761.0,2757.0,2760.0,80.745,2024-10-28 16:00:00
1730145600000,2760.0,2760.0,2748.0,2753.0,244.9201,2024-10-28 20:00:00
1730160000000,2753.0,2768.0,2752.0,2760.0,184.9135,2024-10-29 00:00:00
1730174400000,2761.0,2765.0,2759.0,2763.0,125.8978,2024-10-29 04:00:00
1730188800000,2763.0,2764.0,2751.0,2752.0,186.5475,2024-10-29 08:00:00
1730203200000,2752.0,2765.0,2745.0,2758.0,458.7097,2024-10-29 12:00:00
1730217600000,2759.0,2774.0,2755.0,2758.0,599.8835,2024-10-29 16:00:00
1730232000000,2758.0,2767.0,2758.0,2766.0,119.0127,2024-10-29 20:00:00
1730246400000,2766.0,2777.0,2763.0,2769.0,284.2449,2024-10-30 00:00:00
1730260800000,2769.0,2782.0,2768.0,2777.0,232.1426,2024-10-30 04:00:00
1730275200000,2778.0,2784.0,2775.0,2775.0,161.0139,2024-10-30 08:00:00
1730289600000,2775.0,2783.0,2770.0,2782.0,212.1193,2024-10-30 12:00:00
1730304000000,2783.0,2785.0,2779.0,2780.0,142.9926,2024-10-30 16:00:00
1730318400000,2780.0,2786.0,2780.0,2785.0,82.8274,2024-10-30 20:00:00
1730332800000,2785.0,2786.0,2781.0,2783.0,31.5736,2024-10-31 00:00:00
1730347200000,2784.0,2785.0,2775.0,2777.0,88.0517,2024-10-31 04:00:00
1730361600000,2777.0,2783.0,2774.0,2778.0,107.6997,2024-10-31 08:00:00
1730376000000,2778.0,2785.0,2751.0,2755.0,1017.4751,2024-10-31 12:00:00
1730390400000,2754.0,2762.0,2750.0,2760.0,238.8242,2024-10-31 16:00:00
1730404800000,2760.0,2760.0,2754.0,2754.0,99.7475,2024-10-31 20:00:00
1730419200000,2754.0,2759.0,2751.0,2754.0,161.797,2024-11-01 00:00:00
1730433600000,2755.0,2759.0,2752.0,2754.0,159.8102,2024-11-01 04:00:00
1730448000000,2754.0,2761.0,2754.0,2760.0,188.6105,2024-11-01 08:00:00
1730462400000,2760.0,2768.0,2749.0,2749.0,342.8389,2024-11-01 12:00:00
1730476800000,2749.0,2754.0,2744.0,2746.0,127.7384,2024-11-01 16:00:00
1730491200000,2745.0,2746.0,2740.0,2745.0,94.9396,2024-11-01 20:00:00
1730505600000,2746.0,2747.0,2740.0,2742.0,66.4293,2024-11-02 00:00:00
1730520000000,2742.0,2748.0,2736.0,2746.0,77.3466,2024-11-02 04:00:00
1730534400000,2747.0,2748.0,2737.0,2746.0,97.5148,2024-11-02 08:00:00
1730548800000,2745.0,2749.0,2741.0,2747.0,69.0298,2024-11-02 12:00:00
1730563200000,2747.0,2756.0,2741.0,2753.0,116.1511,2024-11-02 16:00:00
1730577600000,2754.0,2754.0,2748.0,2751.0,57.6176,2024-11-02 20:00:00
1730592000000,2753.0,2755.0,2738.0,2744.0,237.9526,2024-11-03 00:00:00
1730606400000,2744.0,2753.0,2741.0,2743.0,75.7091,2024-11-03 04:00:00
1730620800000,2743.0,2755.0,2740.0,2750.0,124.5655,2024-11-03 08:00:00
1730635200000,2751.0,2754.0,2738.0,2742.0,136.5434,2024-11-03 12:00:00
1730649600000,2742.0,2750.0,2737.0,2743.0,100.1023,2024-11-03 16:00:00
1730664000000,2743.0,2754.0,2741.0,2746.0,103.9372,2024-11-03 20:00:00
1730678400000,2746.0,2754.0,2745.0,2750.0,55.6582,2024-11-04 00:00:00
1730692800000,2750.0,2752.0,2745.0,2746.0,62.9494,2024-11-04 04:00:00
1730707200000,2747.0,2755.0,2745.0,2750.0,98.5915,2024-11-04 08:00:00
1730721600000,2751.0,2754.0,2742.0,2742.0,124.8918,2024-11-04 12:00:00
1730736000000,2744.0,2748.0,2741.0,2744.0,112.1381,2024-11-04 16:00:00
1730750400000,2745.0,2750.0,2740.0,2743.0,125.6623,2024-11-04 20:00:00
1730764800000,2743.0,2745.0,2734.0,2743.0,151.5147,2024-11-05 00:00:00
1730779200000,2743.0,2748.0,2735.0,2740.0,147.322,2024-11-05 04:00:00
1730793600000,2739.0,2749.0,2737.0,2743.0,87.8579,2024-11-05 08:00:00
1730808000000,2743.0,2750.0,2734.0,2741.0,242.8827,2024-11-05 12:00:00
1730822400000,2741.0,2745.0,2733.0,2738.0,188.9811,2024-11-05 16:00:00
1730836800000,2738.0,2740.0,2734.0,2736.0,89.3916,2024-11-05 20:00:00
1730851200000,2737.0,2741.0,2722.0,2724.0,623.3442,2024-11-06 00:00:00
1730865600000,2724.0,2734.0,2697.0,2711.0,963.8755,2024-11-06 04:00:00
1730880000000,2710.0,2719.0,2686.0,2686.0,820.0516,2024-11-06 08:00:00
1730894400000,2686.0,2695.0,2639.0,2666.0,1173.1507,2024-11-06 12:00:00
1730908800000,2667.0,2673.0,2660.0,2667.0,346.9933,2024-11-06 16:00:00
1730923200000,2667.0,2672.0,2650.0,2654.0,488.6372,2024-11-06 20:00:00
1730937600000,2655.0,2669.0,2648.0,2665.0,416.8047,2024-11-07 00:00:00
1730952000000,2665.0,2667.0,2652.0,2665.0,243.9853,2024-11-07 04:00:00
1730966400000,2665.0,2667.0,2658.0,2665.0,132.801,2024-11-07 08:00:00
1730980800000,2665.0,2696.0,2663.0,2692.0,454.5472,2024-11-07 12:00:00
1730995200000,2691.0,2696.0,2682.0,2690.0,504.294,2024-11-07 16:00:00
1731009600000,2690.0,2711.0,2689.0,2708.0,500.052,2024-11-07 20:00:00
1731024000000,2707.0,2715.0,2688.0,2689.0,220.1065,2024-11-08 00:00:00
1731038400000,2690.0,2691.0,2671.0,2676.0,150.9895,2024-11-08 04:00:00
1731052800000,2676.0,2684.0,2673.0,2681.0,172.6865,2024-11-08 08:00:00
1731067200000,2680.0,2694.0,2676.0,2682.0,281.9546,2024-11-08 12:00:00
1731081600000,2682.0,2684.0,2672.0,2676.0,209.1378,2024-11-08 16:00:00
1731096000000,2677.0,2677.0,2668.0,2671.0,124.9187,2024-11-08 20:00:00
1731110400000,2671.0,2677.0,2668.0,2671.0,52.9461,2024-11-09 00:00:00
1731124800000,2672.0,2684.0,2668.0,2670.0,193.4869,2024-11-09 04:00:00
1731139200000,2671.0,2678.0,2663.0,2667.0,197.4116,2024-11-09 08:00:00
1731153600000,2667.0,2670.0,2664.0,2668.0,79.1179,2024-11-09 12:00:00
1731168000000,2668.0,2672.0,2662.0,2670.0,136.1028,2024-11-09 16:00:00
1731182400000,2671.0,2676.0,2662.0,2664.0,138.5512,2024-11-09 20:00:00
1731196800000,2665.0,2675.0,2662.0,2664.0,124.3365,2024-11-10 00:00:00
1731211200000,2665.0,2668.0,2655.0,2666.0,286.6805,2024-11-10 04:00:00
1731225600000,2666.0,2669.0,2656.0,2660.0,264.7282,2024-11-10 08:00:00
1731240000000,2661.0,2665.0,2654.0,2655.0,394.6462,2024-11-10 12:00:00
1731254400000,2656.0,2659.0,2643.0,2655.0,810.1475,2024-11-10 16:00:00
1731268800000,2655.0,2664.0,2644.0,2664.0,344.5367,2024-11-10 20:00:00
1731283200000,2663.0,2667.0,2648.0,2651.0,213.3783,2024-11-11 00:00:00
1731297600000,2653.0,2657.0,2642.0,2651.0,237.9906,2024-11-11 04:00:00
1731312000000,2650.0,2652.0,2641.0,2644.0,203.6432,2024-11-11 08:00:00
1731326400000,2644.0,2644.0,2593.0,2596.0,729.6278,2024-11-11 12:00:00
1731340800000,2596.0,2604.0,2585.0,2596.0,815.8602,2024-11-11 16:00:00
1731355200000,2597.0,2608.0,2591.0,2608.0,625.1519,2024-11-11 20:00:00
1731369600000,2607.0,2608.0,2592.0,2602.0,329.7056,2024-11-12 00:00:00
1731384000000,2603.0,2604.0,2576.0,2584.0,658.0051,2024-11-12 04:00:00
1731398400000,2583.0,2583.0,2542.0,2557.0,1570.6938,2024-11-12 08:00:00
1731412800000,2556.0,2633.0,2544.0,2569.0,1753.2957,2024-11-12 12:00:00
1731427200000,2570.0,2578.0,2562.0,2565.0,401.6985,2024-11-12 16:00:00
1731441600000,2566.0,2579.0,2550.0,2559.0,380.0839,2024-11-12 20:00:00
1731456000000,2559.0,2584.0,2559.0,2571.0,236.6354,2024-11-13 00:00:00
1731470400000,2571.0,2585.0,2566.0,2572.0,320.2459,2024-11-13 04:00:00
1731484800000,2572.0,2590.0,2569.0,2584.0,306.6616,2024-11-13 08:00:00
1731499200000,2584.0,2610.0,2578.0,2590.0,799.9062,2024-11-13 12:00:00
1731513600000,2590.0,2598.0,2561.0,2570.0,612.9468,2024-11-13 16:00:00
1731528000000,2570.0,2574.0,2557.0,2563.0,382.7168,2024-11-13 20:00:00
1731542400000,2564.0,2581.0,2563.0,2569.0,305.3963,2024-11-14 00:00:00
1731556800000,2570.0,2575.0,2557.0,2566.0,233.1002,2024-11-14 04:00:00
1731571200000,2564.0,2569.0,2548.0,2557.0,277.4783,2024-11-14 08:00:00
1731585600000,2557.0,2570.0,2545.0,2564.0,738.9535,2024-11-14 12:00:00
1731600000000,2563.0,2575.0,2558.0,2568.0,430.4601,2024-11-14 16:00:00
1731614400000,2567.0,2570.0,2553.0,2558.0,225.9587,2024-11-14 20:00:00
1731628800000,2558.0,2567.0,2557.0,2562.0,141.2619,2024-11-15 00:00:00
1731643200000,2563.0,2564.0,2554.0,2557.0,183.1029,2024-11-15 04:00:00
1731657600000,2558.0,2584.0,2557.0,2571.0,260.9257,2024-11-15 08:00:00
1731672000000,2572.0,2580.0,2565.0,2571.0,385.9702,2024-11-15 12:00:00
1731686400000,2572.0,2581.0,2563.0,2568.0,305.874,2024-11-15 16:00:00
1731700800000,2569.0,2582.0,2564.0,2570.0,296.2626,2024-11-15 20:00:00
1731715200000,2573.0,2574.0,2540.0,2567.0,573.4675,2024-11-16 00:00:00
1731729600000,2569.0,2571.0,2560.0,2569.0,69.5139,2024-11-16 04:00:00
1731744000000,2570.0,2580.0,2561.0,2577.0,150.8217,2024-11-16 08:00:00
1731758400000,2576.0,2579.0,2561.0,2561.0,197.3417,2024-11-16 12:00:00
1731772800000,2565.0,2574.0,2561.0,2569.0,166.0197,2024-11-16 16:00:00
1731787200000,2569.0,2574.0,2558.0,2562.0,137.8825,2024-11-16 20:00:00
1731801600000,2564.0,2568.0,2550.0,2560.0,215.8975,2024-11-17 00:00:00
1731816000000,2560.0,2572.0,2555.0,2564.0,94.4848,2024-11-17 04:00:00
1731830400000,2566.0,2569.0,2554.0,2558.0,110.9667,2024-11-17 08:00:00
1731844800000,2558.0,2564.0,2551.0,2556.0,142.2103,2024-11-17 12:00:00
1731859200000,2558.0,2570.0,2555.0,2567.0,117.1421,2024-11-17 16:00:00
1731873600000,2568.0,2584.0,2565.0,2579.0,286.2518,2024-11-17 20:00:00
1731888000000,2580.0,2602.0,2578.0,2597.0,178.4212,2024-11-18 00:00:00
1731902400000,2598.0,2599.0,2577.0,2583.0,189.2034,2024-11-18 04:00:00
1731916800000,2584.0,2602.0,2583.0,2599.0,319.5608,2024-11-18 08:00:00
1731931200000,2600.0,2628.0,2584.0,2612.0,695.0436,2024-11-18 12:00:00
1731945600000,2613.0,2623.0,2609.0,2613.0,342.3269,2024-11-18 16:00:00
1731960000000,2613.0,2624.0,2613.0,2621.0,241.8648,2024-11-18 20:00:00
1731974400000,2621.0,2629.0,2618.0,2628.0,246.9137,2024-11-19 00:00:00
1731988800000,2628.0,2630.0,2622.0,2622.0,141.5417,2024-11-19 04:00:00
1732003200000,2624.0,2649.0,2620.0,2637.0,349.7712,2024-11-19 08:00:00
1732017600000,2637.0,2648.0,2635.0,2638.0,442.6752,2024-11-19 12:00:00
1732032000000,2640.0,2649.0,2621.0,2639.0,456.7323,2024-11-19 16:00:00
1732046400000,2640.0,2648.0,2637.0,2643.0,219.7361,2024-11-19 20:00:00
1732060800000,2644.0,2650.0,2642.0,2649.0,114.0666,2024-11-20 00:00:00
1732075200000,2648.0,2650.0,2632.0,2635.0,144.0303,2024-11-20 04:00:00
1732089600000,2635.0,2639.0,2628.0,2631.0,225.464,2024-11-20 08:00:00
1732104000000,2631.0,2660.0,2630.0,2655.0,376.2529,2024-11-20 12:00:00
1732118400000,2656.0,2662.0,2650.0,2654.0,366.6817,2024-11-20 16:00:00
1732132800000,2654.0,2660.0,2643.0,2651.0,241.5236,2024-11-20 20:00:00
1732147200000,2651.0,2658.0,2650.0,2656.0,195.3067,2024-11-21 00:00:00
1732161600000,2655.0,2680.0,2653.0,2666.0,300.9518,2024-11-21 04:00:00
1732176000000,2666.0,2681.0,2665.0,2681.0,336.6939,2024-11-21 08:00:00
1732190400000,2681.0,2686.0,2671.0,2678.0,640.716,2024-11-21 12:00:00
1732204800000,2679.0,2690.0,2676.0,2682.0,370.8412,2024-11-21 16:00:00
1732219200000,2683.0,2687.0,2667.0,2669.0,473.4263,2024-11-21 20:00:00
1732233600000,2669.0,2688.0,2665.0,2680.0,423.5996,2024-11-22 00:00:00
1732248000000,2680.0,2691.0,2677.0,2689.0,227.9204,2024-11-22 04:00:00
1732262400000,2690.0,2708.0,2688.0,2696.0,408.6275,2024-11-22 08:00:00
1732276800000,2695.0,2706.0,2684.0,2703.0,381.4419,2024-11-22 12:00:00
1732291200000,2704.0,2719.0,2702.0,2709.0,280.2143,2024-11-22 16:00:00
1732305600000,2707.0,2724.0,2705.0,2721.0,187.3889,2024-11-22 20:00:00
1732320000000,2722.0,2736.0,2717.0,2723.0,215.8732,2024-11-23 00:00:00
1732334400000,2723.0,2736.0,2718.0,2731.0,191.9657,2024-11-23 04:00:00
1732348800000,2731.0,2745.0,2721.0,2727.0,278.7935,2024-11-23 08:00:00
1732363200000,2729.0,2744.0,2726.0,2728.0,287.9094,2024-11-23 12:00:00
1732377600000,2729.0,2736.0,2718.0,2731.0,270.1645,2024-11-23 16:00:00
1732392000000,2731.0,2733.0,2720.0,2722.0,165.0281,2024-11-23 20:00:00
1732406400000,2722.0,2732.0,2720.0,2722.0,132.6074,2024-11-24 00:00:00
1732420800000,2721.0,2731.0,2720.0,2724.0,166.1682,2024-11-24 04:00:00
1732435200000,2725.0,2732.0,2713.0,2716.0,329.5019,2024-11-24 08:00:00
1732449600000,2717.0,2724.0,2708.0,2716.0,250.0685,2024-11-24 12:00:00
1732464000000,2715.0,2732.0,2714.0,2723.0,257.6212,2024-11-24 16:00:00
1732478400000,2724.0,2737.0,2720.0,2730.0,265.5879,2024-11-24 20:00:00
1732492800000,2730.0,2730.0,2679.0,2688.0,322.8749,2024-11-25 00:00:00
1732507200000,2688.0,2694.0,2670.0,2677.0,386.3769,2024-11-25 04:00:00
1732521600000,2676.0,2697.0,2670.0,2695.0,498.9619,2024-11-25 08:00:00
1732536000000,2696.0,2696.0,2639.0,2642.0,828.8905,2024-11-25 12:00:00
1732550400000,2643.0,2658.0,2631.0,2645.0,700.8341,2024-11-25 16:00:00
1732564800000,2646.0,2650.0,2628.0,2630.0,363.3902,2024-11-25 20:00:00
1732579200000,2631.0,2656.0,2625.0,2646.0,156.4357,2024-11-26 00:00:00
1732593600000,2646.0,2652.0,2630.0,2633.0,194.1737,2024-11-26 04:00:00
1732608000000,2634.0,2645.0,2623.0,2641.0,429.0868,2024-11-26 08:00:00
1732622400000,2642.0,2658.0,2631.0,2639.0,337.4591,2024-11-26 12:00:00
1732636800000,2638.0,2646.0,2626.0,2638.0,233.032,2024-11-26 16:00:00
1732651200000,2638.0,2643.0,2630.0,2637.0,239.0544,2024-11-26 20:00:00
1732665600000,2636.0,2645.0,2633.0,2639.0,207.9601,2024-11-27 00:00:00
1732680000000,2640.0,2657.0,2639.0,2655.0,273.6171,2024-11-27 04:00:00
1732694400000,2654.0,2665.0,2640.0,2649.0,355.5853,2024-11-27 08:00:00
1732708800000,2650.0,2669.0,2640.0,2640.0,396.3056,2024-11-27 12:00:00
1732723200000,2641.0,2649.0,2632.0,2640.0,277.282,2024-11-27 16:00:00
1732737600000,2640.0,2651.0,2638.0,2645.0,215.2971,2024-11-27 20:00:00
1732752000000,2646.0,2649.0,2625.0,2629.0,272.8966,2024-11-28 00:00:00
1732766400000,2631.0,2645.0,2623.0,2636.0,82.8388,2024-11-28 04:00:00
1732780800000,2638.0,2653.0,2636.0,2649.0,155.9923,2024-11-28 08:00:00
1732795200000,2648.0,2650.0,2640.0,2643.0,223.518,2024-11-28 12:00:00
1732809600000,2644.0,2649.0,2635.0,2640.0,133.5816,2024-11-28 16:00:00
1732824000000,2641.0,2643.0,2635.0,2637.0,64.0746,2024-11-28 20:00:00
1732838400000,2638.0,2659.0,2633.0,2652.0,145.2881,2024-11-29 00:00:00
1732852800000,2653.0,2663.0,2649.0,2651.0,186.9674,2024-11-29 04:00:00
1732867200000,2652.0,2662.0,2651.0,2655.0,132.5393,2024-11-29 08:00:00
1732881600000,2656.0,2657.0,2644.0,2647.0,293.4203,2024-11-29 12:00:00
1732896000000,2648.0,2650.0,2634.0,2645.0,300.0998,2024-11-29 16:00:00
1732910400000,2644.0,2650.0,2632.0,2638.0,263.7091,2024-11-29 20:00:00
1732924800000,2639.0,2650.0,2636.0,2650.0,66.7884,2024-11-30 00:00:00
1732939200000,2650.0,2654.0,2640.0,2651.0,120.9573,2024-11-30 04:00:00
1732953600000,2650.0,2653.0,2637.0,2638.0,133.145,2024-11-30 08:00:00
1732968000000,2639.0,2648.0,2637.0,2639.0,122.8853,2024-11-30 12:00:00
1732982400000,2639.0,2644.0,2637.0,2637.0,70.2611,2024-11-30 16:00:00
1732996800000,2638.0,2645.0,2637.0,2637.0,88.3732,2024-11-30 20:00:00
1733011200000,2637.0,2647.0,2636.0,2642.0,124.9198,2024-12-01 00:00:00
1733025600000,2642.0,2645.0,2638.0,2643.0,65.4142,2024-12-01 04:00:00
1733040000000,2643.0,2647.0,2637.0,2644.0,170.1245,2024-12-01 08:00:00
1733054400000,2643.0,2660.0,2643.0,2652.0,182.4912,2024-12-01 12:00:00
1733068800000,2652.0,2659.0,2648.0,2658.0,219.8713,2024-12-01 16:00:00
1733083200000,2659.0,2660.0,2653.0,2655.0,325.6181,2024-12-01 20:00:00
1733097600000,2655.0,2657.0,2635.0,2637.0,416.5628,2024-12-02 00:00:00
1733112000000,2638.0,2640.0,2628.0,2632.0,203.0574,2024-12-02 04:00:00
1733126400000,2633.0,2641.0,2627.0,2637.0,277.7233,2024-12-02 08:00:00
1733140800000,2637.0,2647.0,2632.0,2643.0,269.4962,2024-12-02 12:00:00
1733155200000,2644.0,2645.0,2633.0,2637.0,222.5606,2024-12-02 16:00:00
1733169600000,2636.0,2642.0,2631.0,2637.0,205.3555,2024-12-02 20:00:00
1733184000000,2637.0,2639.0,2631.0,2637.0,99.7103,2024-12-03 00:00:00
1733198400000,2637.0,2643.0,2635.0,2639.0,162.4474,2024-12-03 04:00:00
1733212800000,2639.0,2642.0,2631.0,2632.0,286.4213,2024-12-03 08:00:00
1733227200000,2632.0,2642.0,2631.0,2635.0,695.4649,2024-12-03 12:00:00
1733241600000,2635.0,2642.0,2632.0,2636.0,179.7592,2024-12-03 16:00:00
1733256000000,2636.0,2644.0,2634.0,2635.0,226.3137,2024-12-03 20:00:00
1733270400000,2635.0,2643.0,2632.0,2642.0,203.9358,2024-12-04 00:00:00
1733284800000,2641.0,2644.0,2637.0,2638.0,194.3301,2024-12-04 04:00:00
1733299200000,2638.0,2644.0,2632.0,2639.0,253.5887,2024-12-04 08:00:00
1733313600000,2638.0,2644.0,2632.0,2641.0,631.2164,2024-12-04 12:00:00
1733328000000,2641.0,2644.0,2631.0,2642.0,370.8683,2024-12-04 16:00:00
1733342400000,2641.0,2643.0,2632.0,2637.0,414.1683,2024-12-04 20:00:00
1733356800000,2637.0,2642.0,2632.0,2635.0,356.6972,2024-12-05 00:00:00
1733371200000,2636.0,2648.0,2632.0,2637.0,415.6576,2024-12-05 04:00:00
1733385600000,2638.0,2647.0,2629.0,2642.0,434.3311,2024-12-05 08:00:00
1733400000000,2643.0,2645.0,2629.0,2637.0,509.336,2024-12-05 12:00:00
1733414400000,2636.0,2640.0,2625.0,2625.0,578.1146,2024-12-05 16:00:00
1733428800000,2625.0,2629.0,2605.0,2625.0,507.4165,2024-12-05 20:00:00
1733443200000,2625.0,2634.0,2612.0,2633.0,535.1606,2024-12-06 00:00:00
1733457600000,2633.0,2635.0,2624.0,2629.0,106.203,2024-12-06 04:00:00
1733472000000,2630.0,2634.0,2625.0,2626.0,200.4201,2024-12-06 08:00:00
1733486400000,2627.0,2629.0,2619.0,2629.0,294.672,2024-12-06 12:00:00
1733500800000,2629.0,2640.0,2622.0,2630.0,347.1223,2024-12-06 16:00:00
1733515200000,2631.0,2635.0,2623.0,2627.0,197.9172,2024-12-06 20:00:00
1733529600000,2627.0,2629.0,2624.0,2626.0,62.8933,2024-12-07 00:00:00
1733544000000,2626.0,2632.0,2623.0,2626.0,163.4759,2024-12-07 04:00:00
1733558400000,2627.0,2634.0,2620.0,2623.0,211.9683,2024-12-07 08:00:00
1733572800000,2625.0,2627.0,2621.0,2624.0,74.0614,2024-12-07 12:00:00
1733587200000,2622.0,2628.0,2621.0,2626.0,121.3451,2024-12-07 16:00:00
1733601600000,2627.0,2628.0,2620.0,2624.0,167.3788,2024-12-07 20:00:00
1733616000000,2624.0,2627.0,2622.0,2626.0,37.4075,2024-12-08 00:00:00
1733630400000,2627.0,2632.0,2619.0,2627.0,174.7983,2024-12-08 04:00:00
1733644800000,2627.0,2629.0,2619.0,2625.0,112.8448,2024-12-08 08:00:00
1733659200000,2626.0,2631.0,2619.0,2630.0,125.1672,2024-12-08 12:00:00
1733673600000,2630.0,2631.0,2622.0,2626.0,85.0147,2024-12-08 16:00:00
1733688000000,2627.0,2635.0,2622.0,2629.0,172.5317,2024-12-08 20:00:00
1733702400000,2629.0,2636.0,2625.0,2628.0,108.0162,2024-12-09 00:00:00
1733716800000,2629.0,2636.0,2622.0,2635.0,186.476,2024-12-09 04:00:00
1733731200000,2635.0,2656.0,2632.0,2649.0,670.3175,2024-12-09 08:00:00
1733745600000,2649.0,2658.0,2642.0,2648.0,656.2274,2024-12-09 12:00:00
1733760000000,2648.0,2657.0,2647.0,2650.0,383.4466,2024-12-09 16:00:00
1733774400000,2650.0,2658.0,2626.0,2648.0,1326.3051,2024-12-09 20:00:00
1733788800000,2649.0,2666.0,2641.0,2657.0,647.0143,2024-12-10 00:00:00
1733803200000,2657.0,2667.0,2651.0,2657.0,418.7917,2024-12-10 04:00:00
1733817600000,2656.0,2661.0,2651.0,2658.0,250.6464,2024-12-10 08:00:00
1733832000000,2658.0,2676.0,2654.0,2671.0,614.7379,2024-12-10 12:00:00
1733846400000,2672.0,2755.0,2665.0,2675.0,1855.8907,2024-12-10 16:00:00
1733860800000,2675.0,2695.0,2671.0,2684.0,579.0863,2024-12-10 20:00:00
1733875200000,2684.0,2695.0,2672.0,2686.0,495.9689,2024-12-11 00:00:00
1733889600000,2685.0,2687.0,2670.0,2676.0,247.2277,2024-12-11 04:00:00
1733904000000,2676.0,2688.0,2674.0,2685.0,357.6083,2024-12-11 08:00:00
1733918400000,2685.0,2700.0,2675.0,2693.0,1006.6114,2024-12-11 12:00:00
1733932800000,2693.0,2704.0,2685.0,2695.0,515.1565,2024-12-11 16:00:00
1733947200000,2695.0,2705.0,2689.0,2701.0,249.5665,2024-12-11 20:00:00
1733961600000,2703.0,2711.0,2691.0,2702.0,408.869,2024-12-12 00:00:00
1733976000000,2702.0,2710.0,2699.0,2705.0,322.6517,2024-12-12 04:00:00
1733990400000,2705.0,2712.0,2700.0,2702.0,186.8522,2024-12-12 08:00:00
1734004800000,2703.0,2706.0,2681.0,2686.0,815.8937,2024-12-12 12:00:00
1734019200000,2687.0,2691.0,2678.0,2683.0,337.3755,2024-12-12 16:00:00
1734033600000,2683.0,2686.0,2674.0,2678.0,283.7223,2024-12-12 20:00:00
1734048000000,2679.0,2688.0,2672.0,2686.0,188.3303,2024-12-13 00:00:00
1734062400000,2687.0,2687.0,2681.0,2684.0,164.99,2024-12-13 04:00:00
1734076800000,2685.0,2686.0,2665.0,2671.0,266.4255,2024-12-13 08:00:00
1734091200000,2670.0,2680.0,2660.0,2660.0,264.5254,2024-12-13 12:00:00
1734105600000,2662.0,2666.0,2656.0,2659.0,389.1218,2024-12-13 16:00:00
1734120000000,2659.0,2665.0,2657.0,2663.0,133.3782,2024-12-13 20:00:00
1734134400000,2663.0,2678.0,2660.0,2664.0,170.4998,2024-12-14 00:00:00
1734148800000,2663.0,2669.0,2658.0,2668.0,103.6746,2024-12-14 04:00:00
1734163200000,2668.0,2670.0,2657.0,2657.0,172.4916,2024-12-14 08:00:00
1734177600000,2658.0,2666.0,2648.0,2666.0,133.9701,2024-12-14 12:00:00
1734192000000,2664.0,2667.0,2647.0,2650.0,73.9544,2024-12-14 16:00:00
1734206400000,2650.0,2657.0,2647.0,2650.0,77.5922,2024-12-14 20:00:00
1734220800000,2650.0,2660.0,2648.0,2658.0,39.8364,2024-12-15 00:00:00
1734235200000,2659.0,2663.0,2652.0,2657.0,96.035,2024-12-15 04:00:00
1734249600000,2657.0,2662.0,2651.0,2659.0,82.1092,2024-12-15 08:00:00
1734264000000,2659.0,2664.0,2653.0,2656.0,132.5084,2024-12-15 12:00:00
1734278400000,2654.0,2657.0,2649.0,2649.0,101.1119,2024-12-15 16:00:00
1734292800000,2650.0,2662.0,2648.0,2658.0,213.673,2024-12-15 20:00:00
1734307200000,2658.0,2664.0,2651.0,2655.0,148.2183,2024-12-16 00:00:00
1734321600000,2655.0,2659.0,2647.0,2657.0,126.7379,2024-12-16 04:00:00
1734336000000,2657.0,2666.0,2656.0,2664.0,206.5728,2024-12-16 08:00:00
1734350400000,2664.0,2669.0,2652.0,2657.0,213.9243,2024-12-16 12:00:00
1734364800000,2657.0,2675.0,2652.0,2665.0,405.0241,2024-12-16 16:00:00
1734379200000,2665.0,2668.0,2653.0,2656.0,160.2182,2024-12-16 20:00:00
1734393600000,2654.0,2662.0,2652.0,2661.0,110.4887,2024-12-17 00:00:00
1734408000000,2660.0,2669.0,2657.0,2663.0,117.4802,2024-12-17 04:00:00
1734422400000,2663.0,2670.0,2652.0,2653.0,540.0393,2024-12-17 08:00:00
1734436800000,2654.0,2665.0,2643.0,2651.0,364.2253,2024-12-17 12:00:00
1734451200000,2651.0,2661.0,2648.0,2654.0,182.4805,2024-12-17 16:00:00
1734465600000,2653.0,2660.0,2650.0,2654.0,150.1325,2024-12-17 20:00:00
1734480000000,2655.0,2659.0,2649.0,2655.0,213.2931,2024-12-18 00:00:00
1734494400000,2656.0,2660.0,2650.0,2653.0,178.855,2024-12-18 04:00:00
1734508800000,2653.0,2661.0,2650.0,2657.0,136.1618,2024-12-18 08:00:00
1734523200000,2656.0,2661.0,2650.0,2655.0,426.2711,2024-12-18 12:00:00
1734537600000,2655.0,2661.0,2627.0,2627.0,639.1925,2024-12-18 16:00:00
1734552000000,2626.0,2629.0,2597.0,2601.0,758.2035,2024-12-18 20:00:00
1734566400000,2602.0,2636.0,2600.0,2630.0,506.4957,2024-12-19 00:00:00
1734580800000,2630.0,2640.0,2626.0,2632.0,193.3671,2024-12-19 04:00:00
1734595200000,2632.0,2641.0,2628.0,2638.0,166.1771,2024-12-19 08:00:00
1734609600000,2638.0,2647.0,2607.0,2608.0,767.0364,2024-12-19 12:00:00
1734624000000,2609.0,2625.0,2601.0,2612.0,674.9452,2024-12-19 16:00:00
1734638400000,2614.0,2658.0,2607.0,2610.0,537.3312,2024-12-19 20:00:00
1734652800000,2608.0,2622.0,2605.0,2615.0,125.678,2024-12-20 00:00:00
1734667200000,2615.0,2630.0,2613.0,2617.0,213.06,2024-12-20 04:00:00
1734681600000,2617.0,2625.0,2603.0,2610.0,649.7026,2024-12-20 08:00:00
1734696000000,2610.0,2635.0,2603.0,2634.0,1017.0911,2024-12-20 12:00:00
1734710400000,2634.0,2639.0,2625.0,2633.0,292.5557,2024-12-20 16:00:00
1734724800000,2632.0,2634.0,2621.0,2630.0,265.6044,2024-12-20 20:00:00
1734739200000,2630.0,2637.0,2624.0,2630.0,103.7023,2024-12-21 00:00:00
1734753600000,2631.0,2640.0,2627.0,2633.0,162.7434,2024-12-21 04:00:00
1734768000000,2633.0,2633.0,2625.0,2627.0,138.9014,2024-12-21 08:00:00
1734782400000,2627.0,2634.0,2621.0,2627.0,227.7561,2024-12-21 12:00:00
1734796800000,2627.0,2627.0,2620.0,2623.0,126.297,2024-12-21 16:00:00
1734811200000,2622.0,2627.0,2621.0,2624.0,74.1462,2024-12-21 20:00:00
1734825600000,2624.0,2629.0,2621.0,2621.0,127.1481,2024-12-22 00:00:00
1734840000000,2622.0,2629.0,2619.0,2625.0,63.4102,2024-12-22 04:00:00
1734854400000,2626.0,2630.0,2621.0,2624.0,106.4603,2024-12-22 08:00:00
1734868800000,2624.0,2630.0,2610.0,2617.0,167.7418,2024-12-22 12:00:00
1734883200000,2617.0,2624.0,2611.0,2613.0,156.8138,2024-12-22 16:00:00
1734897600000,2612.0,2626.0,2612.0,2626.0,99.7661,2024-12-22 20:00:00
1734912000000,2626.0,2638.0,2616.0,2633.0,290.0931,2024-12-23 00:00:00
1734926400000,2634.0,2654.0,2632.0,2647.0,364.2342,2024-12-23 04:00:00
1734940800000,2647.0,2649.0,2631.0,2631.0,230.7101,2024-12-23 08:00:00
1734955200000,2631.0,2640.0,2618.0,2620.0,242.3946,2024-12-23 12:00:00
1734969600000,2620.0,2635.0,2619.0,2621.0,211.1536,2024-12-23 16:00:00
1734984000000,2622.0,2633.0,2608.0,2622.0,520.9479,2024-12-23 20:00:00
1734998400000,2622.0,2636.0,2619.0,2630.0,137.8963,2024-12-24 00:00:00
1735012800000,2629.0,2637.0,2624.0,2630.0,83.5621,2024-12-24 04:00:00
1735027200000,2631.0,2633.0,2622.0,2626.0,77.846,2024-12-24 08:00:00
1735041600000,2625.0,2636.0,2624.0,2630.0,329.3379,2024-12-24 12:00:00
1735056000000,2629.0,2637.0,2627.0,2630.0,173.0826,2024-12-24 16:00:00
1735070400000,2630.0,2631.0,2623.0,2630.0,82.1393,2024-12-24 20:00:00
1735084800000,2630.0,2634.0,2627.0,2631.0,17.9734,2024-12-25 00:00:00
1735099200000,2631.0,2636.0,2624.0,2625.0,43.1024,2024-12-25 04:00:00
1735113600000,2626.0,2644.0,2623.0,2627.0,169.4987,2024-12-25 08:00:00
1735128000000,2627.0,2633.0,2626.0,2633.0,46.6946,2024-12-25 12:00:00
1735142400000,2633.0,2644.0,2628.0,2644.0,179.9996,2024-12-25 16:00:00
1735156800000,2643.0,2648.0,2632.0,2633.0,151.89,2024-12-25 20:00:00
1735171200000,2633.0,2648.0,2631.0,2640.0,184.8109,2024-12-26 00:00:00
1735185600000,2640.0,2643.0,2636.0,2639.0,87.8746,2024-12-26 04:00:00
1735200000000,2639.0,2647.0,2635.0,2642.0,271.9385,2024-12-26 08:00:00
1735214400000,2641.0,2654.0,2636.0,2648.0,273.3138,2024-12-26 12:00:00
1735228800000,2649.0,2654.0,2640.0,2654.0,155.9892,2024-12-26 16:00:00
1735243200000,2653.0,2656.0,2645.0,2654.0,105.6037,2024-12-26 20:00:00
1735257600000,2654.0,2655.0,2646.0,2648.0,86.9536,2024-12-27 00:00:00
1735272000000,2648.0,2651.0,2645.0,2649.0,88.6739,2024-12-27 04:00:00
1735286400000,2649.0,2651.0,2638.0,2648.0,242.2754,2024-12-27 08:00:00
1735300800000,2647.0,2650.0,2630.0,2634.0,190.2655,2024-12-27 12:00:00
1735315200000,2633.0,2643.0,2630.0,2640.0,142.5171,2024-12-27 16:00:00
1735329600000,2640.0,2644.0,2627.0,2643.0,243.8803,2024-12-27 20:00:00
1735344000000,2643.0,2650.0,2641.0,2646.0,63.4332,2024-12-28 00:00:00
1735358400000,2645.0,2648.0,2637.0,2644.0,72.6368,2024-12-28 04:00:00
1735372800000,2643.0,2651.0,2641.0,2644.0,144.2438,2024-12-28 08:00:00
1735387200000,2644.0,2659.0,2644.0,2654.0,173.1596,2024-12-28 12:00:00
1735401600000,2655.0,2659.0,2646.0,2653.0,156.0896,2024-12-28 16:00:00
1735416000000,2652.0,2660.0,2650.0,2656.0,174.5628,2024-12-28 20:00:00
1735430400000,2657.0,2660.0,2652.0,2654.0,85.898,2024-12-29 00:00:00
1735444800000,2655.0,2658.0,2651.0,2655.0,46.0452,2024-12-29 04:00:00
1735459200000,2656.0,2657.0,2652.0,2655.0,66.9687,2024-12-29 08:00:00
1735473600000,2656.0,2657.0,2650.0,2653.0,80.9149,2024-12-29 12:00:00
1735488000000,2653.0,2657.0,2650.0,2656.0,131.9219,2024-12-29 16:00:00
1735502400000,2656.0,2657.0,2647.0,2651.0,191.2034,2024-12-29 20:00:00
1735516800000,2651.0,2660.0,2648.0,2657.0,94.5376,2024-12-30 00:00:00
1735531200000,2658.0,2659.0,2644.0,2644.0,121.7492,2024-12-30 04:00:00
1735545600000,2645.0,2650.0,2631.0,2639.0,279.8934,2024-12-30 08:00:00
1735560000000,2639.0,2645.0,2625.0,2626.0,243.1612,2024-12-30 12:00:00
1735574400000,2627.0,2631.0,2620.0,2629.0,126.9274,2024-12-30 16:00:00
1735588800000,2631.0,2631.0,2618.0,2621.0,123.3501,2024-12-30 20:00:00
1735603200000,2621.0,2630.0,2620.0,2625.0,61.8789,2024-12-31 00:00:00
1735617600000,2625.0,2633.0,2621.0,2632.0,43.4977,2024-12-31 04:00:00
1735632000000,2632.0,2637.0,2618.0,2632.0,273.7436,2024-12-31 08:00:00
1735646400000,2631.0,2634.0,2619.0,2633.0,191.9261,2024-12-31 12:00:00
1735660800000,2634.0,2641.0,2632.0,2637.0,177.4869,2024-12-31 16:00:00
1735675200000,2638.0,2641.0,2632.0,2633.0,73.9357,2024-12-31 20:00:00
1735689600000,2633.0,2660.0,2632.0,2638.0,131.6922,2025-01-01 00:00:00
1735704000000,2638.0,2639.0,2634.0,2636.0,24.7911,2025-01-01 04:00:00
1735718400000,2636.0,2639.0,2632.0,2634.0,55.0953,2025-01-01 08:00:00
1735732800000,2635.0,2638.0,2631.0,2631.0,51.9425,2025-01-01 12:00:00
1735747200000,2631.0,2633.0,2627.0,2631.0,117.505,2025-01-01 16:00:00
1735761600000,2630.0,2635.0,2627.0,2629.0,53.8075,2025-01-01 20:00:00
1735776000000,2631.0,2655.0,2630.0,2641.0,90.5805,2025-01-02 00:00:00
1735790400000,2641.0,2646.0,2636.0,2642.0,153.8141,2025-01-02 04:00:00
1735804800000,2640.0,2651.0,2638.0,2647.0,126.1847,2025-01-02 08:00:00
1735819200000,2649.0,2654.0,2640.0,2652.0,336.2817,2025-01-02 12:00:00
1735833600000,2654.0,2655.0,2648.0,2652.0,116.5319,2025-01-02 16:00:00
1735848000000,2653.0,2657.0,2651.0,2656.0,128.7109,2025-01-02 20:00:00
1735862400000,2657.0,2664.0,2656.0,2661.0,60.0614,2025-01-03 00:00:00
1735876800000,2661.0,2662.0,2659.0,2660.0,134.7521,2025-01-03 04:00:00
1735891200000,2660.0,2664.0,2647.0,2660.0,220.4008,2025-01-03 08:00:00
1735905600000,2660.0,2661.0,2650.0,2656.0,410.1287,2025-01-03 12:00:00
1735920000000,2655.0,2659.0,2648.0,2649.0,152.0531,2025-01-03 16:00:00
1735934400000,2650.0,2653.0,2647.0,2648.0,67.7405,2025-01-03 20:00:00
1735948800000,2649.0,2651.0,2647.0,2648.0,26.9619,2025-01-04 00:00:00
1735963200000,2649.0,2651.0,2648.0,2649.0,25.03,2025-01-04 04:00:00
1735977600000,2649.0,2651.0,2644.0,2647.0,44.2025,2025-01-04 08:00:00
1735992000000,2647.0,2653.0,2643.0,2644.0,90.3103,2025-01-04 12:00:00
1736006400000,2644.0,2649.0,2644.0,2645.0,36.3287,2025-01-04 16:00:00
1736020800000,2645.0,2655.0,2645.0,2647.0,111.6349,2025-01-04 20:00:00
1736035200000,2648.0,2655.0,2645.0,2653.0,59.2689,2025-01-05 00:00:00
1736049600000,2654.0,2656.0,2645.0,2650.0,57.6104,2025-01-05 04:00:00
1736064000000,2650.0,2653.0,2644.0,2646.0,49.3712,2025-01-05 08:00:00
1736078400000,2644.0,2655.0,2644.0,2653.0,43.5403,2025-01-05 12:00:00
1736092800000,2653.0,2653.0,2647.0,2649.0,26.5888,2025-01-05 16:00:00
1736107200000,2649.0,2649.0,2644.0,2645.0,20.4,2025-01-05 20:00:00
1736121600000,2646.0,2656.0,2644.0,2654.0,65.2108,2025-01-06 00:00:00
1736136000000,2654.0,2654.0,2644.0,2646.0,61.4372,2025-01-06 04:00:00
1736150400000,2646.0,2654.0,2641.0,2654.0,105.516,2025-01-06 08:00:00
1736164800000,2654.0,2656.0,2639.0,2648.0,266.6816,2025-01-06 12:00:00
1736179200000,2648.0,2653.0,2641.0,2647.0,157.3211,2025-01-06 16:00:00
1736193600000,2647.0,2660.0,2643.0,2655.0,120.8211,2025-01-06 20:00:00
1736208000000,2655.0,2655.0,2648.0,2651.0,25.6723,2025-01-07 00:00:00
1736222400000,2651.0,2655.0,2649.0,2650.0,58.8637,2025-01-07 04:00:00
1736236800000,2651.0,2659.0,2650.0,2657.0,77.1681,2025-01-07 08:00:00
1736251200000,2657.0,2669.0,2647.0,2655.0,420.0878,2025-01-07 12:00:00
1736265600000,2654.0,2667.0,2648.0,2653.0,222.347,2025-01-07 16:00:00
1736280000000,2652.0,2666.0,2641.0,2652.0,296.8381,2025-01-07 20:00:00
1736294400000,2653.0,2666.0,2645.0,2650.0,166.2953,2025-01-08 00:00:00
1736308800000,2649.0,2661.0,2648.0,2658.0,182.5735,2025-01-08 04:00:00
1736323200000,2658.0,2659.0,2649.0,2655.0,144.0198,2025-01-08 08:00:00
1736337600000,2657.0,2672.0,2651.0,2671.0,265.8224,2025-01-08 12:00:00
1736352000000,2671.0,2680.0,2654.0,2663.0,578.4065,2025-01-08 16:00:00
1736366400000,2663.0,2670.0,2660.0,2665.0,119.7247,2025-01-08 20:00:00
1736380800000,2666.0,2674.0,2663.0,2669.0,101.0283,2025-01-09 00:00:00
1736395200000,2668.0,2681.0,2662.0,2677.0,237.8496,2025-01-09 04:00:00
1736409600000,2677.0,2680.0,2659.0,2678.0,177.9754,2025-01-09 08:00:00
1736424000000,2678.0,2683.0,2673.0,2673.0,296.7745,2025-01-09 12:00:00
1736438400000,2673.0,2681.0,2670.0,2677.0,133.3974,2025-01-09 16:00:00
1736452800000,2679.0,2680.0,2669.0,2670.0,162.0656,2025-01-09 20:00:00
1736467200000,2672.0,2682.0,2669.0,2675.0,94.9495,2025-01-10 00:00:00
1736481600000,2676.0,2683.0,2670.0,2676.0,148.6897,2025-01-10 04:00:00
1736496000000,2676.0,2692.0,2672.0,2681.0,224.9791,2025-01-10 08:00:00
1736510400000,2681.0,2694.0,2666.0,2690.0,297.449,2025-01-10 12:00:00
1736524800000,2690.0,2694.0,2685.0,2688.0,113.2783,2025-01-10 16:00:00
1736539200000,2687.0,2694.0,2685.0,2686.0,108.8002,2025-01-10 20:00:00
1736553600000,2688.0,2688.0,2681.0,2685.0,59.5437,2025-01-11 00:00:00
1736568000000,2684.0,2686.0,2682.0,2683.0,31.9343,2025-01-11 04:00:00
1736582400000,2683.0,2694.0,2681.0,2692.0,129.4125,2025-01-11 08:00:00
1736596800000,2692.0,2699.0,2690.0,2694.0,193.1637,2025-01-11 12:00:00
1736611200000,2694.0,2699.0,2692.0,2698.0,129.1132,2025-01-11 16:00:00
1736625600000,2699.0,2700.0,2692.0,2697.0,129.8323,2025-01-11 20:00:00
1736640000000,2698.0,2702.0,2696.0,2698.0,61.4897,2025-01-12 00:00:00
1736654400000,2698.0,2700.0,2697.0,2698.0,27.2406,2025-01-12 04:00:00
1736668800000,2699.0,2702.0,2696.0,2698.0,85.9837,2025-01-12 08:00:00
1736683200000,2697.0,2702.0,2696.0,2698.0,94.5774,2025-01-12 12:00:00
1736697600000,2698.0,2702.0,2696.0,2699.0,52.5082,2025-01-12 16:00:00
1736712000000,2698.0,2712.0,2692.0,2697.0,252.5552,2025-01-12 20:00:00
1736726400000,2698.0,2710.0,2690.0,2692.0,182.1943,2025-01-13 00:00:00
1736740800000,2692.0,2696.0,2680.0,2683.0,252.9168,2025-01-13 04:00:00
1736755200000,2683.0,2700.0,2674.0,2677.0,796.3744,2025-01-13 08:00:00
1736769600000,2675.0,2679.0,2664.0,2668.0,399.0848,2025-01-13 12:00:00
1736784000000,2668.0,2671.0,2660.0,2666.0,233.2264,2025-01-13 16:00:00
1736798400000,2667.0,2676.0,2659.0,2670.0,226.2083,2025-01-13 20:00:00
1736812800000,2670.0,2675.0,2661.0,2670.0,162.9504,2025-01-14 00:00:00
1736827200000,2671.0,2677.0,2666.0,2670.0,58.5649,2025-01-14 04:00:00
1736841600000,2670.0,2681.0,2663.0,2669.0,295.9392,2025-01-14 08:00:00
1736856000000,2670.0,2673.0,2660.0,2671.0,197.8846,2025-01-14 12:00:00
1736870400000,2670.0,2673.0,2660.0,2668.0,170.6286,2025-01-14 16:00:00
1736884800000,2669.0,2676.0,2667.0,2674.0,85.0026,2025-01-14 20:00:00
1736899200000,2676.0,2680.0,2668.0,2680.0,157.4353,2025-01-15 00:00:00
1736913600000,2680.0,2695.0,2679.0,2691.0,244.1975,2025-01-15 04:00:00
1736928000000,2691.0,2697.0,2687.0,2693.0,232.5113,2025-01-15 08:00:00
1736942400000,2693.0,2705.0,2686.0,2688.0,385.9943,2025-01-15 12:00:00
1736956800000,2687.0,2705.0,2686.0,2699.0,538.8868,2025-01-15 16:00:00
1736971200000,2700.0,2706.0,2690.0,2693.0,226.5232,2025-01-15 20:00:00
1736985600000,2693.0,2708.0,2687.0,2701.0,224.1907,2025-01-16 00:00:00
1737000000000,2700.0,2704.0,2693.0,2697.0,81.7663,2025-01-16 04:00:00
1737014400000,2697.0,2710.0,2691.0,2706.0,233.8155,2025-01-16 08:00:00
1737028800000,2706.0,2719.0,2697.0,2717.0,329.5973,2025-01-16 12:00:00
1737043200000,2717.0,2724.0,2710.0,2715.0,189.5047,2025-01-16 16:00:00
1737057600000,2715.0,2718.0,2709.0,2716.0,82.7453,2025-01-16 20:00:00
1737072000000,2717.0,2720.0,2709.0,2719.0,149.1204,2025-01-17 00:00:00
1737086400000,2718.0,2720.0,2706.0,2714.0,94.2052,2025-01-17 04:00:00
1737100800000,2714.0,2717.0,2700.0,2704.0,284.7066,2025-01-17 08:00:00
1737115200000,2704.0,2714.0,2700.0,2713.0,175.0006,2025-01-17 12:00:00
1737129600000,2713.0,2716.0,2705.0,2707.0,153.7667,2025-01-17 16:00:00
1737144000000,2707.0,2711.0,2699.0,2701.0,195.744,2025-01-17 20:00:00
1737158400000,2702.0,2708.0,2695.0,2698.0,68.2296,2025-01-18 00:00:00
1737172800000,2698.0,2706.0,2690.0,2692.0,156.3912,2025-01-18 04:00:00
1737187200000,2690.0,2700.0,2684.0,2699.0,216.0726,2025-01-18 08:00:00
1737201600000,2698.0,2701.0,2691.0,2700.0,91.7276,2025-01-18 12:00:00
1737216000000,2699.0,2700.0,2689.0,2696.0,104.0511,2025-01-18 16:00:00
1737230400000,2696.0,2708.0,2693.0,2696.0,285.5217,2025-01-18 20:00:00
1737244800000,2696.0,2705.0,2692.0,2700.0,77.0638,2025-01-19 00:00:00
1737259200000,2700.0,2700.0,2691.0,2691.0,98.6112,2025-01-19 04:00:00
1737273600000,2692.0,2698.0,2684.0,2688.0,283.7393,2025-01-19 08:00:00
1737288000000,2689.0,2700.0,2676.0,2679.0,464.8201,2025-01-19 12:00:00
1737302400000,2679.0,2691.0,2678.0,2686.0,182.3402,2025-01-19 16:00:00
1737316800000,2686.0,2691.0,2664.0,2682.0,454.6324,2025-01-19 20:00:00
1737331200000,2683.0,2699.0,2679.0,2698.0,412.8897,2025-01-20 00:00:00
1737345600000,2698.0,2718.0,2692.0,2699.0,497.8959,2025-01-20 04:00:00
1737360000000,2701.0,2708.0,2692.0,2703.0,372.0817,2025-01-20 08:00:00
1737374400000,2703.0,2711.0,2697.0,2702.0,313.7925,2025-01-20 12:00:00
1737388800000,2702.0,2713.0,2697.0,2709.0,364.6207,2025-01-20 16:00:00
1737403200000,2709.0,2711.0,2699.0,2701.0,151.0425,2025-01-20 20:00:00
1737417600000,2701.0,2720.0,2696.0,2717.0,212.7663,2025-01-21 00:00:00
1737432000000,2717.0,2729.0,2715.0,2728.0,299.7157,2025-01-21 04:00:00
1737446400000,2728.0,2728.0,2716.0,2720.0,312.1831,2025-01-21 08:00:00
1737460800000,2721.0,2739.0,2717.0,2738.0,273.9654,2025-01-21 12:00:00
1737475200000,2739.0,2747.0,2730.0,2741.0,426.5007,2025-01-21 16:00:00
1737489600000,2741.0,2742.0,2733.0,2739.0,184.5662,2025-01-21 20:00:00
1737504000000,2739.0,2745.0,2738.0,2740.0,115.2105,2025-01-22 00:00:00
1737518400000,2740.0,2748.0,2740.0,2742.0,197.6648,2025-01-22 04:00:00
1737532800000,2743.0,2758.0,2741.0,2758.0,285.6802,2025-01-22 08:00:00
1737547200000,2758.0,2777.0,2746.0,2768.0,928.5162,2025-01-22 12:00:00
1737561600000,2767.0,2767.0,2755.0,2758.0,213.8813,2025-01-22 16:00:00
1737576000000,2759.0,2761.0,2753.0,2754.0,78.9496,2025-01-22 20:00:00
1737590400000,2755.0,2763.0,2748.0,2749.0,104.1765,2025-01-23 00:00:00
1737604800000,2749.0,2762.0,2746.0,2751.0,163.7342,2025-01-23 04:00:00
1737619200000,2751.0,2753.0,2741.0,2751.0,131.021,2025-01-23 08:00:00
1737633600000,2751.0,2752.0,2736.0,2739.0,225.9678,2025-01-23 12:00:00
1737648000000,2739.0,2757.0,2739.0,2750.0,140.7624,2025-01-23 16:00:00
1737662400000,2751.0,2758.0,2742.0,2749.0,254.2494,2025-01-23 20:00:00
1737676800000,2749.0,2766.0,2736.0,2765.0,507.0406,2025-01-24 00:00:00
1737691200000,2765.0,2766.0,2754.0,2765.0,114.9503,2025-01-24 04:00:00
1737705600000,2765.0,2770.0,2761.0,2763.0,94.2531,2025-01-24 08:00:00
1737720000000,2764.0,2771.0,2756.0,2770.0,263.1053,2025-01-24 12:00:00
1737734400000,2769.0,2771.0,2758.0,2763.0,245.8961,2025-01-24 16:00:00
1737748800000,2763.0,2770.0,2758.0,2760.0,80.6288,2025-01-24 20:00:00
1737763200000,2761.0,2767.0,2757.0,2765.0,71.7676,2025-01-25 00:00:00
1737777600000,2766.0,2770.0,2763.0,2767.0,61.8019,2025-01-25 04:00:00
1737792000000,2768.0,2769.0,2763.0,2765.0,63.9281,2025-01-25 08:00:00
1737806400000,2764.0,2768.0,2760.0,2764.0,38.8105,2025-01-25 12:00:00
1737820800000,2765.0,2770.0,2764.0,2770.0,51.0595,2025-01-25 16:00:00
1737835200000,2770.0,2770.0,2766.0,2769.0,62.5228,2025-01-25 20:00:00
1737849600000,2769.0,2769.0,2766.0,2769.0,33.7313,2025-01-26 00:00:00
1737864000000,2767.0,2770.0,2766.0,2766.0,42.9158,2025-01-26 04:00:00
1737878400000,2767.0,2768.0,2763.0,2766.0,24.4957,2025-01-26 08:00:00
1737892800000,2768.0,2769.0,2763.0,2766.0,43.1836,2025-01-26 12:00:00
1737907200000,2766.0,2775.0,2765.0,2772.0,83.0961,2025-01-26 16:00:00
1737921600000,2771.0,2772.0,2758.0,2762.0,77.3948,2025-01-26 20:00:00
1737936000000,2761.0,2764.0,2750.0,2754.0,220.4605,2025-01-27 00:00:00
1737950400000,2754.0,2754.0,2730.0,2735.0,211.3683,2025-01-27 04:00:00
1737964800000,2734.0,2760.0,2730.0,2759.0,370.76,2025-01-27 08:00:00
1737979200000,2759.0,2760.0,2738.0,2743.0,284.3566,2025-01-27 12:00:00
1737993600000,2742.0,2748.0,2731.0,2741.0,200.0212,2025-01-27 16:00:00
1738008000000,2740.0,2761.0,2734.0,2742.0,326.1429,2025-01-27 20:00:00
1738022400000,2743.0,2750.0,2737.0,2739.0,100.8501,2025-01-28 00:00:00
1738036800000,2738.0,2743.0,2736.0,2739.0,71.0784,2025-01-28 04:00:00
1738051200000,2738.0,2748.0,2736.0,2746.0,97.0357,2025-01-28 08:00:00
1738065600000,2746.0,2758.0,2744.0,2756.0,145.8369,2025-01-28 12:00:00
1738080000000,2756.0,2763.0,2735.0,2761.0,328.8248,2025-01-28 16:00:00
1738094400000,2760.0,2772.0,2754.0,2763.0,334.0868,2025-01-28 20:00:00
1738108800000,2763.0,2769.0,2762.0,2766.0,78.7281,2025-01-29 00:00:00
1738123200000,2766.0,2797.0,2757.0,2761.0,255.9841,2025-01-29 04:00:00
1738137600000,2760.0,2770.0,2760.0,2766.0,147.1949,2025-01-29 08:00:00
1738152000000,2766.0,2769.0,2757.0,2760.0,196.0677,2025-01-29 12:00:00
1738166400000,2760.0,2765.0,2746.0,2759.0,157.0902,2025-01-29 16:00:00
1738180800000,2760.0,2767.0,2754.0,2762.0,148.8791,2025-01-29 20:00:00
1738195200000,2762.0,2767.0,2761.0,2766.0,67.1171,2025-01-30 00:00:00
1738209600000,2766.0,2768.0,2761.0,2767.0,102.4168,2025-01-30 04:00:00
1738224000000,2766.0,2775.0,2766.0,2775.0,142.2138,2025-01-30 08:00:00
1738238400000,2774.0,2789.0,2769.0,2789.0,427.6388,2025-01-30 12:00:00
1738252800000,2789.0,2800.0,2786.0,2790.0,299.1344,2025-01-30 16:00:00
1738267200000,2790.0,2796.0,2786.0,2794.0,109.9311,2025-01-30 20:00:00
1738281600000,2794.0,2806.0,2794.0,2802.0,266.7833,2025-01-31 00:00:00
1738296000000,2802.0,2803.0,2793.0,2796.0,84.7062,2025-01-31 04:00:00
1738310400000,2797.0,2806.0,2790.0,2805.0,402.3513,2025-01-31 08:00:00
1738324800000,2804.0,2819.0,2803.0,2816.0,414.6914,2025-01-31 12:00:00
1738339200000,2814.0,2817.0,2799.0,2804.0,486.0299,2025-01-31 16:00:00
1738353600000,2804.0,2810.0,2798.0,2805.0,98.5612,2025-01-31 20:00:00
1738368000000,2805.0,2812.0,2804.0,2810.0,115.3814,2025-02-01 00:00:00
1738382400000,2811.0,2815.0,2809.0,2812.0,81.5559,2025-02-01 04:00:00
1738396800000,2812.0,2823.0,2807.0,2811.0,202.1173,2025-02-01 08:00:00
1738411200000,2811.0,2830.0,2802.0,2807.0,180.0936,2025-02-01 12:00:00
1738425600000,2807.0,2814.0,2800.0,2805.0,160.8428,2025-02-01 16:00:00
1738440000000,2805.0,2830.0,2801.0,2819.0,380.7572,2025-02-01 20:00:00
1738454400000,2819.0,2840.0,2817.0,2826.0,585.3513,2025-02-02 00:00:00
1738468800000,2825.0,2840.0,2820.0,2837.0,301.369,2025-02-02 04:00:00
1738483200000,2838.0,2870.0,2832.0,2861.0,1123.4263,2025-02-02 08:00:00
1738497600000,2861.0,2890.0,2850.0,2883.0,1152.3276,2025-02-02 12:00:00
1738512000000,2882.0,2946.0,2851.0,2892.0,2772.7692,2025-02-02 16:00:00
1738526400000,2894.0,2939.0,2808.0,2818.0,2247.7439,2025-02-02 20:00:00
1738540800000,2816.0,2819.0,2772.0,2780.0,1548.9913,2025-02-03 00:00:00
1738555200000,2780.0,2821.0,2774.0,2803.0,977.5119,2025-02-03 04:00:00
1738569600000,2803.0,2829.0,2800.0,2823.0,698.7481,2025-02-03 08:00:00
1738584000000,2823.0,2850.0,2811.0,2840.0,1475.0878,2025-02-03 12:00:00
1738598400000,2839.0,2844.0,2828.0,2833.0,905.0963,2025-02-03 16:00:00
1738612800000,2830.0,2836.0,2821.0,2832.0,325.0068,2025-02-03 20:00:00
1738627200000,2832.0,2838.0,2821.0,2831.0,251.2777,2025-02-04 00:00:00
1738641600000,2831.0,2832.0,2812.0,2815.0,297.8941,2025-02-04 04:00:00
1738656000000,2816.0,2840.0,2814.0,2829.0,244.0496,2025-02-04 08:00:00
1738670400000,2828.0,2851.0,2828.0,2841.0,456.1399,2025-02-04 12:00:00
1738684800000,2842.0,2852.0,2838.0,2845.0,265.0392,2025-02-04 16:00:00
1738699200000,2843.0,2855.0,2838.0,2854.0,572.2456,2025-02-04 20:00:00
1738713600000,2854.0,2887.0,2852.0,2871.0,381.2597,2025-02-05 00:00:00
1738728000000,2872.0,2887.0,2869.0,2885.0,431.1099,2025-02-05 04:00:00
1738742400000,2885.0,2902.0,2883.0,2895.0,733.5276,2025-02-05 08:00:00
1738756800000,2896.0,2908.0,2887.0,2896.0,1235.3465,2025-02-05 12:00:00
1738771200000,2896.0,2915.0,2881.0,2883.0,929.8972,2025-02-05 16:00:00
1738785600000,2883.0,2928.0,2878.0,2917.0,731.3535,2025-02-05 20:00:00
1738800000000,2917.0,2922.0,2885.0,2893.0,528.6654,2025-02-06 00:00:00
1738814400000,2893.0,2927.0,2888.0,2897.0,773.0652,2025-02-06 04:00:00
1738828800000,2897.0,2921.0,2869.0,2894.0,708.3663,2025-02-06 08:00:00
1738843200000,2895.0,2904.0,2866.0,2876.0,603.5079,2025-02-06 12:00:00
1738857600000,2876.0,2900.0,2867.0,2893.0,804.4345,2025-02-06 16:00:00
1738872000000,2893.0,2895.0,2875.0,2878.0,291.4261,2025-02-06 20:00:00
1738886400000,2879.0,2885.0,2878.0,2883.0,174.4704,2025-02-07 00:00:00
1738900800000,2883.0,2893.0,2881.0,2888.0,138.6782,2025-02-07 04:00:00
1738915200000,2889.0,2926.0,2888.0,2901.0,512.4736,2025-02-07 08:00:00
1738929600000,2901.0,2906.0,2880.0,2901.0,1210.7001,2025-02-07 12:00:00
1738944000000,2902.0,2902.0,2883.0,2884.0,425.1338,2025-02-07 16:00:00
1738958400000,2884.0,2886.0,2869.0,2877.0,367.9983,2025-02-07 20:00:00
1738972800000,2879.0,2886.0,2871.0,2885.0,107.7071,2025-02-08 00:00:00
1738987200000,2884.0,2886.0,2873.0,2885.0,114.669,2025-02-08 04:00:00
1739001600000,2885.0,2887.0,2856.0,2872.0,223.4827,2025-02-08 08:00:00
1739016000000,2873.0,2874.0,2860.0,2870.0,126.4645,2025-02-08 12:00:00
1739030400000,2869.0,2877.0,2868.0,2872.0,111.177,2025-02-08 16:00:00
1739044800000,2873.0,2879.0,2865.0,2877.0,92.3433,2025-02-08 20:00:00
1739059200000,2878.0,2882.0,2875.0,2881.0,38.0192,2025-02-09 00:00:00
1739073600000,2881.0,2887.0,2877.0,2882.0,97.0976,2025-02-09 04:00:00
1739088000000,2882.0,2889.0,2879.0,2883.0,111.7388,2025-02-09 08:00:00
1739102400000,2882.0,2898.0,2881.0,2889.0,171.52,2025-02-09 12:00:00
1739116800000,2887.0,2893.0,2881.0,2889.0,96.126,2025-02-09 16:00:00
1739131200000,2888.0,2908.0,2876.0,2901.0,364.5408,2025-02-09 20:00:00
1739145600000,2901.0,2921.0,2892.0,2910.0,476.1368,2025-02-10 00:00:00
1739160000000,2910.0,2926.0,2902.0,2923.0,334.3866,2025-02-10 04:00:00
1739174400000,2923.0,2933.0,2915.0,2932.0,316.4775,2025-02-10 08:00:00
1739188800000,2931.0,2934.0,2917.0,2925.0,540.6226,2025-02-10 12:00:00
1739203200000,2926.0,2926.0,2911.0,2918.0,251.8803,2025-02-10 16:00:00
1739217600000,2919.0,2932.0,2918.0,2931.0,130.0511,2025-02-10 20:00:00
1739232000000,2932.0,2947.0,2929.0,2938.0,516.1084,2025-02-11 00:00:00
1739246400000,2937.0,2947.0,2930.0,2936.0,264.6405,2025-02-11 04:00:00
1739260800000,2936.0,2938.0,2909.0,2931.0,782.1683,2025-02-11 08:00:00
1739275200000,2931.0,2932.0,2910.0,2926.0,751.2393,2025-02-11 12:00:00
1739289600000,2926.0,2950.0,2915.0,2922.0,748.8596,2025-02-11 16:00:00
1739304000000,2922.0,2924.0,2908.0,2915.0,291.9612,2025-02-11 20:00:00
1739318400000,2916.0,2923.0,2908.0,2910.0,266.5575,2025-02-12 00:00:00
1739332800000,2911.0,2918.0,2906.0,2913.0,263.0846,2025-02-12 04:00:00
1739347200000,2914.0,2914.0,2901.0,2905.0,303.4696,2025-02-12 08:00:00
1739361600000,2905.0,2920.0,2890.0,2916.0,725.4021,2025-02-12 12:00:00
1739376000000,2916.0,2930.0,2906.0,2916.0,396.5124,2025-02-12 16:00:00
1739390400000,2917.0,2926.0,2908.0,2926.0,478.7781,2025-02-12 20:00:00
1739404800000,2926.0,2929.0,2907.0,2928.0,216.8935,2025-02-13 00:00:00
1739419200000,2929.0,2935.0,2921.0,2932.0,266.8836,2025-02-13 04:00:00
1739433600000,2932.0,2942.0,2926.0,2939.0,362.5185,2025-02-13 08:00:00
1739448000000,2939.0,2939.0,2924.0,2933.0,313.0878,2025-02-13 12:00:00
1739462400000,2933.0,2940.0,2926.0,2939.0,245.293,2025-02-13 16:00:00
1739476800000,2938.0,2950.0,2936.0,2948.0,299.5746,2025-02-13 20:00:00
1739491200000,2949.0,2950.0,2940.0,2944.0,194.8986,2025-02-14 00:00:00
1739505600000,2945.0,2955.0,2940.0,2952.0,282.675,2025-02-14 04:00:00
1739520000000,2952.0,2957.0,2948.0,2950.0,254.7987,2025-02-14 08:00:00
1739534400000,2950.0,2952.0,2918.0,2925.0,956.7029,2025-02-14 12:00:00
1739548800000,2925.0,2926.0,2900.0,2902.0,711.0362,2025-02-14 16:00:00
1739563200000,2901.0,2916.0,2898.0,2913.0,228.4241,2025-02-14 20:00:00
1739577600000,2913.0,2913.0,2901.0,2909.0,129.5751,2025-02-15 00:00:00
1739592000000,2908.0,2914.0,2907.0,2907.0,45.4281,2025-02-15 04:00:00
1739606400000,2908.0,2909.0,2898.0,2901.0,205.8764,2025-02-15 08:00:00
1739620800000,2902.0,2908.0,2901.0,2905.0,127.4205,2025-02-15 12:00:00
1739635200000,2905.0,2908.0,2899.0,2906.0,91.6578,2025-02-15 16:00:00
1739649600000,2906.0,2908.0,2903.0,2907.0,61.6977,2025-02-15 20:00:00
1739664000000,2906.0,2908.0,2901.0,2907.0,127.7371,2025-02-16 00:00:00
1739678400000,2907.0,2908.0,2903.0,2904.0,25.2401,2025-02-16 04:00:00
1739692800000,2905.0,2906.0,2900.0,2900.0,68.4399,2025-02-16 08:00:00
1739707200000,2901.0,2904.0,2892.0,2900.0,292.3313,2025-02-16 12:00:00
1739721600000,2901.0,2904.0,2893.0,2901.0,91.9254,2025-02-16 16:00:00
1739736000000,2900.0,2908.0,2895.0,2900.0,198.6276,2025-02-16 20:00:00
1739750400000,2901.0,2921.0,2898.0,2919.0,274.9573,2025-02-17 00:00:00
1739764800000,2920.0,2932.0,2911.0,2917.0,271.8977,2025-02-17 04:00:00
1739779200000,2918.0,2930.0,2912.0,2921.0,297.236,2025-02-17 08:00:00
1739793600000,2922.0,2927.0,2915.0,2916.0,181.348,2025-02-17 12:00:00
1739808000000,2916.0,2928.0,2910.0,2916.0,239.0244,2025-02-17 16:00:00
1739822400000,2916.0,2919.0,2909.0,2913.0,165.2344,2025-02-17 20:00:00
1739836800000,2914.0,2924.0,2910.0,2921.0,80.8128,2025-02-18 00:00:00
1739851200000,2922.0,2944.0,2917.0,2931.0,235.478,2025-02-18 04:00:00
1739865600000,2931.0,2934.0,2921.0,2931.0,226.957,2025-02-18 08:00:00
1739880000000,2929.0,2945.0,2929.0,2942.0,268.4247,2025-02-18 12:00:00
1739894400000,2942.0,2949.0,2935.0,2943.0,418.579,2025-02-18 16:00:00
1739908800000,2942.0,2960.0,2937.0,2948.0,252.3471,2025-02-18 20:00:00
1739923200000,2948.0,2956.0,2942.0,2947.0,310.6545,2025-02-19 00:00:00
1739937600000,2947.0,2951.0,2944.0,2949.0,202.6903,2025-02-19 04:00:00
1739952000000,2949.0,2960.0,2948.0,2952.0,302.6777,2025-02-19 08:00:00
1739966400000,2953.0,2985.0,2946.0,2947.0,455.8826,2025-02-19 12:00:00
1739980800000,2946.0,2948.0,2927.0,2944.0,481.3817,2025-02-19 16:00:00
1739995200000,2942.0,2949.0,2935.0,2947.0,120.9211,2025-02-19 20:00:00
1740009600000,2947.0,2959.0,2944.0,2954.0,192.1746,2025-02-20 00:00:00
1740024000000,2952.0,2959.0,2945.0,2955.0,287.0246,2025-02-20 04:00:00
1740038400000,2955.0,2965.0,2955.0,2961.0,217.9367,2025-02-20 08:00:00
1740052800000,2961.0,2965.0,2942.0,2954.0,548.625,2025-02-20 12:00:00
1740067200000,2954.0,2961.0,2952.0,2956.0,349.7334,2025-02-20 16:00:00
1740081600000,2956.0,2957.0,2931.0,2953.0,471.2359,2025-02-20 20:00:00
1740096000000,2953.0,2955.0,2941.0,2947.0,109.1739,2025-02-21 00:00:00
1740110400000,2947.0,2951.0,2943.0,2947.0,118.0466,2025-02-21 04:00:00
1740124800000,2947.0,2949.0,2937.0,2946.0,290.2719,2025-02-21 08:00:00
1740139200000,2947.0,2950.0,2935.0,2938.0,321.0366,2025-02-21 12:00:00
1740153600000,2939.0,2957.0,2938.0,2947.0,514.4102,2025-02-21 16:00:00
1740168000000,2947.0,2953.0,2942.0,2950.0,206.3882,2025-02-21 20:00:00
1740182400000,2950.0,2958.0,2937.0,2943.0,204.4236,2025-02-22 00:00:00
1740196800000,2943.0,2948.0,2934.0,2944.0,130.1217,2025-02-22 04:00:00
1740211200000,2946.0,2954.0,2943.0,2951.0,101.9494,2025-02-22 08:00:00
1740225600000,2951.0,2953.0,2948.0,2952.0,95.7304,2025-02-22 12:00:00
1740240000000,2951.0,2955.0,2950.0,2951.0,65.7559,2025-02-22 16:00:00
1740254400000,2951.0,2956.0,2948.0,2955.0,47.4746,2025-02-22 20:00:00
1740268800000,2954.0,2956.0,2952.0,2953.0,56.6359,2025-02-23 00:00:00
1740283200000,2953.0,2969.0,2944.0,2963.0,543.4226,2025-02-23 04:00:00
1740297600000,2963.0,2970.0,2960.0,2964.0,196.405,2025-02-23 08:00:00
1740312000000,2964.0,2969.0,2962.0,2964.0,138.4458,2025-02-23 12:00:00
1740326400000,2963.0,2968.0,2961.0,2962.0,192.8096,2025-02-23 16:00:00
1740340800000,2962.0,2964.0,2960.0,2963.0,127.1334,2025-02-23 20:00:00
1740355200000,2963.0,2967.0,2952.0,2961.0,255.1715,2025-02-24 00:00:00
1740369600000,2961.0,2964.0,2953.0,2961.0,244.6342,2025-02-24 04:00:00
1740384000000,2961.0,2966.0,2955.0,2962.0,165.188,2025-02-24 08:00:00
1740398400000,2962.0,2972.0,2951.0,2959.0,578.4627,2025-02-24 12:00:00
1740412800000,2959.0,2991.0,2958.0,2967.0,630.9426,2025-02-24 16:00:00
1740427200000,2965.0,2989.0,2961.0,2988.0,584.2612,2025-02-24 20:00:00
1740441600000,2988.0,3000.0,2978.0,2984.0,469.5102,2025-02-25 00:00:00
1740456000000,2984.0,2984.0,2961.0,2962.0,585.5944,2025-02-25 04:00:00
1740470400000,2964.0,2981.0,2960.0,2972.0,677.2618,2025-02-25 08:00:00
1740484800000,2972.0,2979.0,2934.0,2937.0,1005.9522,2025-02-25 12:00:00
1740499200000,2937.0,2953.0,2919.0,2935.0,1030.5543,2025-02-25 16:00:00
1740513600000,2936.0,2941.0,2924.0,2940.0,521.0006,2025-02-25 20:00:00
1740528000000,2940.0,2944.0,2931.0,2931.0,189.1447,2025-02-26 00:00:00
1740542400000,2931.0,2939.0,2924.0,2931.0,196.6795,2025-02-26 04:00:00
1740556800000,2931.0,2937.0,2922.0,2927.0,212.3616,2025-02-26 08:00:00
1740571200000,2928.0,2929.0,2910.0,2925.0,471.7833,2025-02-26 12:00:00
1740585600000,2925.0,2933.0,2908.0,2928.0,633.6475,2025-02-26 16:00:00
1740600000000,2928.0,2935.0,2922.0,2934.0,437.7611,2025-02-26 20:00:00
1740614400000,2935.0,2935.0,2920.0,2924.0,140.1719,2025-02-27 00:00:00
1740628800000,2924.0,2925.0,2907.0,2916.0,480.1116,2025-02-27 04:00:00
1740643200000,2916.0,2918.0,2896.0,2900.0,623.3033,2025-02-27 08:00:00
1740657600000,2900.0,2911.0,2890.0,2893.0,400.7171,2025-02-27 12:00:00
1740672000000,2892.0,2900.0,2888.0,2896.0,339.5529,2025-02-27 16:00:00
1740686400000,2896.0,2896.0,2877.0,2888.0,337.7608,2025-02-27 20:00:00
1740700800000,2889.0,2893.0,2869.0,2872.0,350.0927,2025-02-28 00:00:00
1740715200000,2874.0,2874.0,2821.0,2865.0,938.5447,2025-02-28 04:00:00
1740729600000,2865.0,2871.0,2847.0,2863.0,830.3062,2025-02-28 08:00:00
1740744000000,2863.0,2867.0,2831.0,2843.0,709.1968,2025-02-28 12:00:00
1740758400000,2845.0,2871.0,2843.0,2853.0,380.506,2025-02-28 16:00:00
1740772800000,2853.0,2867.0,2849.0,2861.0,148.0756,2025-02-28 20:00:00
1740787200000,2862.0,2870.0,2860.0,2864.0,140.4975,2025-03-01 00:00:00
1740801600000,2864.0,2893.0,2858.0,2862.0,162.1421,2025-03-01 04:00:00
1740816000000,2862.0,2865.0,2855.0,2862.0,107.0737,2025-03-01 08:00:00
1740830400000,2861.0,2865.0,2853.0,2857.0,174.7841,2025-03-01 12:00:00
1740844800000,2857.0,2869.0,2855.0,2865.0,168.8732,2025-03-01 16:00:00
1740859200000,2866.0,2869.0,2838.0,2855.0,325.6846,2025-03-01 20:00:00
1740873600000,2855.0,2862.0,2852.0,2859.0,100.5505,2025-03-02 00:00:00
1740888000000,2858.0,2863.0,2856.0,2858.0,62.3954,2025-03-02 04:00:00
1740902400000,2858.0,2864.0,2856.0,2861.0,94.8399,2025-03-02 08:00:00
1740916800000,2861.0,2866.0,2852.0,2854.0,364.5927,2025-03-02 12:00:00
1740931200000,2854.0,2893.0,2850.0,2860.0,1517.4926,2025-03-02 16:00:00
1740945600000,2861.0,2876.0,2859.0,2876.0,293.1891,2025-03-02 20:00:00
1740960000000,2876.0,2878.0,2861.0,2865.0,178.5639,2025-03-03 00:00:00
1740974400000,2866.0,2871.0,2862.0,2867.0,216.4936,2025-03-03 04:00:00
1740988800000,2866.0,2880.0,2863.0,2875.0,284.051,2025-03-03 08:00:00
1741003200000,2875.0,2893.0,2872.0,2888.0,357.4718,2025-03-03 12:00:00
1741017600000,2889.0,2898.0,2870.0,2876.0,578.8502,2025-03-03 16:00:00
1741032000000,2874.0,2895.0,2871.0,2888.0,352.4277,2025-03-03 20:00:00
1741046400000,2888.0,2895.0,2877.0,2884.0,363.5199,2025-03-04 00:00:00
1741060800000,2884.0,2914.0,2881.0,2901.0,437.0103,2025-03-04 04:00:00
1741075200000,2901.0,2927.0,2899.0,2926.0,560.2784,2025-03-04 08:00:00
1741089600000,2925.0,2945.0,2916.0,2922.0,747.6208,2025-03-04 12:00:00
1741104000000,2923.0,2931.0,2912.0,2931.0,425.0204,2025-03-04 16:00:00
1741118400000,2930.0,2939.0,2923.0,2928.0,277.0825,2025-03-04 20:00:00
1741132800000,2929.0,2938.0,2922.0,2928.0,227.5612,2025-03-05 00:00:00
1741147200000,2927.0,2934.0,2920.0,2931.0,107.3411,2025-03-05 04:00:00
1741161600000,2933.0,2938.0,2922.0,2923.0,409.8045,2025-03-05 08:00:00
1741176000000,2924.0,2933.0,2912.0,2931.0,406.0069,2025-03-05 12:00:00
1741190400000,2930.0,2938.0,2925.0,2935.0,248.4755,2025-03-05 16:00:00
1741204800000,2936.0,2949.0,2928.0,2933.0,249.5102,2025-03-05 20:00:00
1741219200000,2933.0,2938.0,2930.0,2936.0,168.9549,2025-03-06 00:00:00
1741233600000,2936.0,2938.0,2917.0,2921.0,487.594,2025-03-06 04:00:00
1741248000000,2921.0,2922.0,2905.0,2919.0,279.1899,2025-03-06 08:00:00
1741262400000,2919.0,2936.0,2908.0,2927.0,468.3603,2025-03-06 12:00:00
1741276800000,2929.0,2938.0,2925.0,2929.0,296.9105,2025-03-06 16:00:00
1741291200000,2929.0,2931.0,2921.0,2925.0,126.5341,2025-03-06 20:00:00
1741305600000,2926.0,2928.0,2911.0,2918.0,249.4835,2025-03-07 00:00:00
1741320000000,2920.0,2928.0,2917.0,2928.0,93.9466,2025-03-07 04:00:00
1741334400000,2928.0,2944.0,2927.0,2941.0,394.4823,2025-03-07 08:00:00
1741348800000,2941.0,2944.0,2928.0,2930.0,520.9436,2025-03-07 12:00:00
1741363200000,2930.0,2934.0,2922.0,2926.0,324.4341,2025-03-07 16:00:00
1741377600000,2927.0,2933.0,2921.0,2928.0,242.5914,2025-03-07 20:00:00
1741392000000,2928.0,2931.0,2926.0,2929.0,52.5675,2025-03-08 00:00:00
1741406400000,2929.0,2931.0,2927.0,2928.0,84.7219,2025-03-08 04:00:00
1741420800000,2927.0,2934.0,2927.0,2934.0,99.3135,2025-03-08 08:00:00
1741435200000,2934.0,2937.0,2928.0,2936.0,151.4119,2025-03-08 12:00:00
1741449600000,2936.0,2942.0,2934.0,2939.0,159.5197,2025-03-08 16:00:00
1741464000000,2940.0,2940.0,2933.0,2936.0,86.195,2025-03-08 20:00:00
1741478400000,2937.0,2941.0,2936.0,2939.0,71.9446,2025-03-09 00:00:00
1741492800000,2938.0,2942.0,2937.0,2940.0,36.4948,2025-03-09 04:00:00
1741507200000,2941.0,2945.0,2936.0,2944.0,294.1466,2025-03-09 08:00:00
1741521600000,2944.0,2944.0,2926.0,2938.0,333.483,2025-03-09 12:00:00
1741536000000,2940.0,2940.0,2923.0,2927.0,449.5037,2025-03-09 16:00:00
1741550400000,2926.0,2936.0,2922.0,2933.0,261.5311,2025-03-09 20:00:00
1741564800000,2934.0,2936.0,2919.0,2919.0,295.2098,2025-03-10 00:00:00
1741579200000,2920.0,2923.0,2906.0,2912.0,888.7916,2025-03-10 04:00:00
1741593600000,2913.0,2926.0,2906.0,2918.0,475.0739,2025-03-10 08:00:00
1741608000000,2918.0,2918.0,2904.0,2911.0,431.775,2025-03-10 12:00:00
1741622400000,2911.0,2914.0,2883.0,2894.0,512.8563,2025-03-10 16:00:00
1741636800000,2892.0,2899.0,2892.0,2895.0,180.0537,2025-03-10 20:00:00
1741651200000,2894.0,2907.0,2887.0,2902.0,343.753,2025-03-11 00:00:00
1741665600000,2902.0,2912.0,2898.0,2907.0,235.5633,2025-03-11 04:00:00
1741680000000,2908.0,2924.0,2906.0,2913.0,278.657,2025-03-11 08:00:00
1741694400000,2915.0,2927.0,2912.0,2926.0,374.0815,2025-03-11 12:00:00
1741708800000,2925.0,2928.0,2917.0,2926.0,242.3494,2025-03-11 16:00:00
1741723200000,2927.0,2927.0,2917.0,2924.0,126.8948,2025-03-11 20:00:00
1741737600000,2924.0,2928.0,2912.0,2925.0,164.0191,2025-03-12 00:00:00
1741752000000,2925.0,2930.0,2905.0,2913.0,652.1152,2025-03-12 04:00:00
1741766400000,2913.0,2949.0,2911.0,2935.0,1522.2334,2025-03-12 08:00:00
1741780800000,2936.0,2948.0,2922.0,2947.0,611.4058,2025-03-12 12:00:00
1741795200000,2947.0,2949.0,2941.0,2944.0,243.4992,2025-03-12 16:00:00
1741809600000,2944.0,2947.0,2941.0,2946.0,99.7061,2025-03-12 20:00:00
1741824000000,2947.0,2956.0,2944.0,2955.0,149.1486,2025-03-13 00:00:00
1741838400000,2955.0,2971.0,2945.0,2945.0,241.0404,2025-03-13 04:00:00
1741852800000,2946.0,2970.0,2946.0,2964.0,285.3763,2025-03-13 08:00:00
1741867200000,2965.0,2987.0,2959.0,2985.0,627.869,2025-03-13 12:00:00
1741881600000,2985.0,2998.0,2983.0,2998.0,612.5074,2025-03-13 16:00:00
1741896000000,2997.0,3006.0,2994.0,3003.0,378.5362,2025-03-13 20:00:00
1741910400000,3003.0,3010.0,3001.0,3010.0,200.5362,2025-03-14 00:00:00
1741924800000,3010.0,3012.0,2999.0,3001.0,251.8881,2025-03-14 04:00:00
1741939200000,3001.0,3030.0,3001.0,3017.0,408.8066,2025-03-14 08:00:00
1741953600000,3017.0,3026.0,2990.0,3002.0,1099.5747,2025-03-14 12:00:00
1741968000000,3002.0,3004.0,2991.0,2992.0,284.7601,2025-03-14 16:00:00
1741982400000,2992.0,2996.0,2987.0,2996.0,143.3903,2025-03-14 20:00:00
1741996800000,2996.0,2996.0,2988.0,2989.0,102.4532,2025-03-15 00:00:00
1742011200000,2991.0,3000.0,2982.0,2998.0,345.1014,2025-03-15 04:00:00
1742025600000,2998.0,3001.0,2987.0,2990.0,287.3156,2025-03-15 08:00:00
1742040000000,2990.0,2995.0,2986.0,2988.0,114.2901,2025-03-15 12:00:00
1742054400000,2987.0,2999.0,2987.0,2997.0,158.7568,2025-03-15 16:00:00
1742068800000,2999.0,3002.0,2992.0,3002.0,103.1346,2025-03-15 20:00:00
1742083200000,3002.0,3002.0,2995.0,2999.0,37.1966,2025-03-16 00:00:00
1742097600000,2999.0,2999.0,2996.0,2998.0,19.4693,2025-03-16 04:00:00
1742112000000,2998.0,3000.0,2990.0,2993.0,83.2517,2025-03-16 08:00:00
1742126400000,2992.0,3002.0,2982.0,2995.0,186.1804,2025-03-16 12:00:00
1742140800000,2995.0,2999.0,2989.0,2995.0,104.2156,2025-03-16 16:00:00
1742155200000,2995.0,3002.0,2993.0,3001.0,114.1444,2025-03-16 20:00:00
1742169600000,3002.0,3005.0,2997.0,3000.0,138.9675,2025-03-17 00:00:00
1742184000000,3000.0,3004.0,3000.0,3003.0,119.011,2025-03-17 04:00:00
1742198400000,3003.0,3005.0,2997.0,3002.0,332.2148,2025-03-17 08:00:00
1742212800000,3002.0,3017.0,2990.0,3017.0,747.6353,2025-03-17 12:00:00
1742227200000,3016.0,3017.0,3005.0,3011.0,316.3809,2025-03-17 16:00:00
1742241600000,3011.0,3014.0,3008.0,3011.0,87.2489,2025-03-17 20:00:00
1742256000000,3011.0,3026.0,3005.0,3025.0,351.0891,2025-03-18 00:00:00
1742270400000,3025.0,3163.0,3019.0,3043.0,2068.4197,2025-03-18 04:00:00
1742284800000,3043.0,3075.0,3041.0,3050.0,613.4968,2025-03-18 08:00:00
1742299200000,3049.0,3065.0,3044.0,3058.0,731.9003,2025-03-18 12:00:00
1742313600000,3058.0,3069.0,3051.0,3065.0,476.9235,2025-03-18 16:00:00
1742328000000,3065.0,3073.0,3058.0,3067.0,314.8473,2025-03-18 20:00:00
1742342400000,3067.0,3069.0,3060.0,3068.0,217.1645,2025-03-19 00:00:00
1742356800000,3067.0,3081.0,3060.0,3071.0,444.568,2025-03-19 04:00:00
1742371200000,3071.0,3078.0,3056.0,3065.0,592.7188,2025-03-19 08:00:00
1742385600000,3066.0,3066.0,3056.0,3062.0,794.3306,2025-03-19 12:00:00
1742400000000,3062.0,3069.0,3044.0,3067.0,504.9575,2025-03-19 16:00:00
1742414400000,3069.0,3069.0,3050.0,3064.0,508.3578,2025-03-19 20:00:00
1742428800000,3065.0,3070.0,3058.0,3061.0,260.5915,2025-03-20 00:00:00
1742443200000,3061.0,3072.0,3061.0,3061.0,209.2498,2025-03-20 04:00:00
1742457600000,3063.0,3064.0,3047.0,3050.0,309.8831,2025-03-20 08:00:00
1742472000000,3049.0,3065.0,3048.0,3065.0,326.626,2025-03-20 12:00:00
1742486400000,3065.0,3068.0,3049.0,3059.0,162.6406,2025-03-20 16:00:00
1742500800000,3061.0,3064.0,3054.0,3057.0,153.3047,2025-03-20 20:00:00
1742515200000,3059.0,3100.0,3053.0,3062.0,1409.9343,2025-03-21 00:00:00
1742529600000,3062.0,3074.0,3050.0,3054.0,1211.3251,2025-03-21 04:00:00
1742544000000,3055.0,3069.0,3053.0,3055.0,420.4917,2025-03-21 08:00:00
1742558400000,3054.0,3058.0,3031.0,3039.0,700.9314,2025-03-21 12:00:00
1742572800000,3038.0,3043.0,3034.0,3042.0,180.7486,2025-03-21 16:00:00
1742587200000,3042.0,3043.0,3036.0,3039.0,217.0029,2025-03-21 20:00:00
1742601600000,3039.0,3043.0,3039.0,3042.0,73.2583,2025-03-22 00:00:00
1742616000000,3042.0,3043.0,3039.0,3042.0,114.4272,2025-03-22 04:00:00
1742630400000,3042.0,3051.0,3039.0,3041.0,248.9226,2025-03-22 08:00:00
1742644800000,3041.0,3044.0,3040.0,3043.0,114.3458,2025-03-22 12:00:00
1742659200000,3042.0,3047.0,3041.0,3046.0,84.9379,2025-03-22 16:00:00
1742673600000,3046.0,3051.0,3044.0,3050.0,102.7331,2025-03-22 20:00:00
1742688000000,3051.0,3054.0,3042.0,3047.0,104.8134,2025-03-23 00:00:00
1742702400000,3047.0,3052.0,3046.0,3049.0,138.4119,2025-03-23 04:00:00
1742716800000,3049.0,3051.0,3045.0,3049.0,115.762,2025-03-23 08:00:00
1742731200000,3049.0,3057.0,3045.0,3054.0,218.3796,2025-03-23 12:00:00
1742745600000,3054.0,3058.0,3046.0,3053.0,158.2931,2025-03-23 16:00:00
1742760000000,3053.0,3062.0,3045.0,3054.0,369.93,2025-03-23 20:00:00
1742774400000,3054.0,3058.0,3040.0,3044.0,129.6136,2025-03-24 00:00:00
1742788800000,3046.0,3054.0,3041.0,3047.0,210.0712,2025-03-24 04:00:00
1742803200000,3047.0,3054.0,3038.0,3038.0,290.0634,2025-03-24 08:00:00
1742817600000,3038.0,3045.0,3025.0,3027.0,586.8736,2025-03-24 12:00:00
1742832000000,3026.0,3027.0,3002.0,3008.0,865.1521,2025-03-24 16:00:00
1742846400000,3009.0,3021.0,3008.0,3019.0,307.173,2025-03-24 20:00:00
1742860800000,3019.0,3027.0,3015.0,3020.0,221.4893,2025-03-25 00:00:00
1742875200000,3020.0,3029.0,3018.0,3024.0,236.3316,2025-03-25 04:00:00
1742889600000,3024.0,3031.0,3022.0,3029.0,172.274,2025-03-25 08:00:00
1742904000000,3027.0,3046.0,3023.0,3032.0,675.4364,2025-03-25 12:00:00
1742918400000,3032.0,3032.0,3023.0,3028.0,296.9911,2025-03-25 16:00:00
1742932800000,3028.0,3030.0,3027.0,3028.0,63.8982,2025-03-25 20:00:00
1742947200000,3028.0,3037.0,3023.0,3027.0,324.4352,2025-03-26 00:00:00
1742961600000,3027.0,3036.0,3020.0,3035.0,86.0052,2025-03-26 04:00:00
1742976000000,3036.0,3036.0,3027.0,3034.0,180.242,2025-03-26 08:00:00
1742990400000,3035.0,3037.0,3017.0,3022.0,240.4521,2025-03-26 12:00:00
1743004800000,3022.0,3024.0,3018.0,3021.0,98.8102,2025-03-26 16:00:00
1743019200000,3021.0,3026.0,3020.0,3023.0,122.1181,2025-03-26 20:00:00
1743033600000,3024.0,3036.0,3024.0,3035.0,117.3427,2025-03-27 00:00:00
1743048000000,3036.0,3044.0,3035.0,3044.0,240.2583,2025-03-27 04:00:00
1743062400000,3043.0,3068.0,3043.0,3062.0,784.2589,2025-03-27 08:00:00
1743076800000,3062.0,3064.0,3042.0,3062.0,823.0139,2025-03-27 12:00:00
1743091200000,3061.0,3063.0,3050.0,3059.0,251.4002,2025-03-27 16:00:00
1743105600000,3059.0,3062.0,3057.0,3059.0,94.3154,2025-03-27 20:00:00
1743120000000,3059.0,3077.0,3059.0,3073.0,577.7316,2025-03-28 00:00:00
1743134400000,3073.0,3089.0,3065.0,3082.0,699.0706,2025-03-28 04:00:00
1743148800000,3081.0,3086.0,3074.0,3082.0,762.7981,2025-03-28 08:00:00
1743163200000,3082.0,3098.0,3075.0,3088.0,862.9169,2025-03-28 12:00:00
1743177600000,3088.0,3091.0,3084.0,3088.0,416.0991,2025-03-28 16:00:00
1743192000000,3088.0,3098.0,3088.0,3093.0,231.5287,2025-03-28 20:00:00
1743206400000,3092.0,3114.0,3090.0,3100.0,455.1245,2025-03-29 00:00:00
1743220800000,3100.0,3110.0,3094.0,3097.0,318.984,2025-03-29 04:00:00
1743235200000,3096.0,3110.0,3092.0,3109.0,396.6487,2025-03-29 08:00:00
1743249600000,3109.0,3116.0,3103.0,3111.0,482.7376,2025-03-29 12:00:00
1743264000000,3111.0,3113.0,3104.0,3111.0,277.6699,2025-03-29 16:00:00
1743278400000,3110.0,3121.0,3108.0,3119.0,313.2988,2025-03-29 20:00:00
1743292800000,3119.0,3128.0,3117.0,3124.0,367.2529,2025-03-30 00:00:00
1743307200000,3123.0,3127.0,3117.0,3118.0,155.717,2025-03-30 04:00:00
1743321600000,3118.0,3129.0,3115.0,3128.0,231.3117,2025-03-30 08:00:00
1743336000000,3128.0,3137.0,3123.0,3132.0,366.8049,2025-03-30 12:00:00
1743350400000,3132.0,3145.0,3116.0,3118.0,688.1484,2025-03-30 16:00:00
1743364800000,3117.0,3126.0,3108.0,3109.0,534.4533,2025-03-30 20:00:00
1743379200000,3110.0,3136.0,3106.0,3127.0,984.9542,2025-03-31 00:00:00
1743393600000,3127.0,3157.0,3119.0,3153.0,1109.73,2025-03-31 04:00:00
1743408000000,3155.0,3162.0,3134.0,3144.0,988.4428,2025-03-31 08:00:00
1743422400000,3142.0,3166.0,3135.0,3148.0,1920.7606,2025-03-31 12:00:00
1743436800000,3149.0,3154.0,3140.0,3148.0,628.9045,2025-03-31 16:00:00
1743451200000,3147.0,3158.0,3142.0,3149.0,329.5565,2025-03-31 20:00:00
1743465600000,3148.0,3165.0,3146.0,3164.0,586.4455,2025-04-01 00:00:00
1743480000000,3163.0,3181.0,3152.0,3155.0,908.5252,2025-04-01 04:00:00
1743494400000,3154.0,3165.0,3143.0,3151.0,526.3443,2025-04-01 08:00:00
1743508800000,3150.0,3155.0,3135.0,3135.0,710.7649,2025-04-01 12:00:00
1743523200000,3136.0,3146.0,3125.0,3133.0,1221.9331,2025-04-01 16:00:00
1743537600000,3134.0,3139.0,3130.0,3132.0,321.7633,2025-04-01 20:00:00
1743552000000,3132.0,3150.0,3124.0,3137.0,635.6522,2025-04-02 00:00:00
1743566400000,3137.0,3142.0,3120.0,3131.0,392.6949,2025-04-02 04:00:00
1743580800000,3132.0,3147.0,3125.0,3130.0,396.5657,2025-04-02 08:00:00
1743595200000,3133.0,3144.0,3129.0,3134.0,457.4212,2025-04-02 12:00:00
1743609600000,3133.0,3147.0,3132.0,3144.0,444.0974,2025-04-02 16:00:00
1743624000000,3144.0,3193.0,3126.0,3192.0,2178.4013,2025-04-02 20:00:00
1743638400000,3191.0,3195.0,3161.0,3168.0,1393.891,2025-04-03 00:00:00
1743652800000,3169.0,3170.0,3131.0,3149.0,1705.8139,2025-04-03 04:00:00
1743667200000,3149.0,3152.0,3098.0,3105.0,1881.8299,2025-04-03 08:00:00
1743681600000,3106.0,3149.0,3078.0,3120.0,2573.3536,2025-04-03 12:00:00
1743696000000,3119.0,3141.0,3113.0,3123.0,767.8003,2025-04-03 16:00:00
1743710400000,3122.0,3129.0,3120.0,3127.0,456.803,2025-04-03 20:00:00
1743724800000,3127.0,3129.0,3104.0,3110.0,384.6098,2025-04-04 00:00:00
1743739200000,3110.0,3123.0,3106.0,3109.0,331.6685,2025-04-04 04:00:00
1743753600000,3108.0,3158.0,3097.0,3128.0,1660.1521,2025-04-04 08:00:00
1743768000000,3127.0,3127.0,3053.0,3057.0,1556.3744,2025-04-04 12:00:00
1743782400000,3057.0,3065.0,3043.0,3062.0,1082.9274,2025-04-04 16:00:00
1743796800000,3062.0,3067.0,3045.0,3055.0,501.2015,2025-04-04 20:00:00
1743811200000,3055.0,3061.0,3050.0,3058.0,231.0694,2025-04-05 00:00:00
1743825600000,3057.0,3061.0,3055.0,3055.0,123.6607,2025-04-05 04:00:00
1743840000000,3055.0,3066.0,3047.0,3064.0,416.5071,2025-04-05 08:00:00
1743854400000,3064.0,3069.0,3058.0,3059.0,373.8995,2025-04-05 12:00:00
1743868800000,3059.0,3071.0,3058.0,3060.0,282.8117,2025-04-05 16:00:00
1743883200000,3061.0,3072.0,3058.0,3068.0,237.0181,2025-04-05 20:00:00
1743897600000,3068.0,3069.0,3058.0,3064.0,199.1679,2025-04-06 00:00:00
1743912000000,3063.0,3070.0,3061.0,3064.0,193.8922,2025-04-06 04:00:00
1743926400000,3064.0,3071.0,3056.0,3067.0,310.4597,2025-04-06 08:00:00
1743940800000,3066.0,3072.0,3060.0,3069.0,402.1986,2025-04-06 12:00:00
1743955200000,3068.0,3070.0,3048.0,3053.0,727.599,2025-04-06 16:00:00
1743969600000,3054.0,3054.0,2987.0,3004.0,2104.8842,2025-04-06 20:00:00
1743984000000,3003.0,3066.0,2988.0,3041.0,2643.331,2025-04-07 00:00:00
1743998400000,3042.0,3069.0,3039.0,3039.0,1594.2828,2025-04-07 04:00:00
1744012800000,3039.0,3066.0,3033.0,3047.0,1726.6703,2025-04-07 08:00:00
1744027200000,3047.0,3059.0,3006.0,3010.0,1785.9705,2025-04-07 12:00:00
1744041600000,3011.0,3011.0,2990.0,2995.0,1045.9718,2025-04-07 16:00:00
1744056000000,2995.0,3019.0,2994.0,3005.0,524.2976,2025-04-07 20:00:00
1744070400000,3005.0,3027.0,3001.0,3016.0,730.7715,2025-04-08 00:00:00
1744084800000,3017.0,3033.0,3005.0,3025.0,419.0634,2025-04-08 04:00:00
1744099200000,3025.0,3033.0,3017.0,3032.0,501.6295,2025-04-08 08:00:00
1744113600000,3032.0,3039.0,3019.0,3021.0,639.9619,2025-04-08 12:00:00
1744128000000,3021.0,3023.0,2990.0,3005.0,850.785,2025-04-08 16:00:00
1744142400000,3005.0,3012.0,2996.0,3001.0,391.3463,2025-04-08 20:00:00
1744156800000,3000.0,3024.0,2995.0,3019.0,749.9641,2025-04-09 00:00:00
1744171200000,3019.0,3065.0,3017.0,3058.0,821.5093,2025-04-09 04:00:00
1744185600000,3058.0,3091.0,3052.0,3086.0,1634.8915,2025-04-09 08:00:00
1744200000000,3085.0,3110.0,3067.0,3101.0,1725.7507,2025-04-09 12:00:00
1744214400000,3102.0,3116.0,3072.0,3109.0,1979.2565,2025-04-09 16:00:00
1744228800000,3109.0,3113.0,3089.0,3099.0,653.5699,2025-04-09 20:00:00
1744243200000,3100.0,3142.0,3096.0,3140.0,1012.5627,2025-04-10 00:00:00
1744257600000,3141.0,3146.0,3125.0,3129.0,832.6635,2025-04-10 04:00:00
1744272000000,3129.0,3145.0,3123.0,3145.0,442.3744,2025-04-10 08:00:00
1744286400000,3143.0,3199.0,3137.0,3173.0,1592.3952,2025-04-10 12:00:00
1744300800000,3172.0,3199.0,3168.0,3191.0,1155.8687,2025-04-10 16:00:00
1744315200000,3191.0,3220.0,3190.0,3216.0,777.9451,2025-04-10 20:00:00
1744329600000,3215.0,3264.0,3214.0,3245.0,1847.7916,2025-04-11 00:00:00
1744344000000,3245.0,3246.0,3213.0,3238.0,1893.5811,2025-04-11 04:00:00
1744358400000,3239.0,3264.0,3234.0,3244.0,2304.3187,2025-04-11 08:00:00
1744372800000,3244.0,3270.0,3240.0,3260.0,2912.0258,2025-04-11 12:00:00
1744387200000,3260.0,3271.0,3244.0,3256.0,1123.8434,2025-04-11 16:00:00
1744401600000,3256.0,3265.0,3255.0,3265.0,584.1008,2025-04-11 20:00:00
1744416000000,3265.0,3294.0,3256.0,3284.0,760.5125,2025-04-12 00:00:00
1744430400000,3285.0,3300.0,3275.0,3288.0,1185.9101,2025-04-12 04:00:00
1744444800000,3289.0,3291.0,3256.0,3266.0,741.235,2025-04-12 08:00:00
1744459200000,3266.0,3268.0,3234.0,3258.0,1501.3962,2025-04-12 12:00:00
1744473600000,3259.0,3262.0,3244.0,3247.0,350.1849,2025-04-12 16:00:00
1744488000000,3248.0,3254.0,3241.0,3242.0,420.5721,2025-04-12 20:00:00
1744502400000,3243.0,3252.0,3241.0,3246.0,312.1941,2025-04-13 00:00:00
1744516800000,3247.0,3260.0,3244.0,3251.0,213.3157,2025-04-13 04:00:00
1744531200000,3251.0,3256.0,3243.0,3244.0,555.9673,2025-04-13 08:00:00
1744545600000,3245.0,3267.0,3239.0,3266.0,1091.0105,2025-04-13 12:00:00
1744560000000,3266.0,3272.0,3254.0,3262.0,652.8613,2025-04-13 16:00:00
1744574400000,3261.0,3267.0,3242.0,3247.0,1026.9315,2025-04-13 20:00:00
1744588800000,3248.0,3272.0,3240.0,3260.0,1253.2781,2025-04-14 00:00:00
1744603200000,3259.0,3262.0,3242.0,3252.0,1183.3834,2025-04-14 04:00:00
1744617600000,3252.0,3253.0,3221.0,3242.0,743.0495,2025-04-14 08:00:00
1744632000000,3242.0,3246.0,3211.0,3215.0,806.8382,2025-04-14 12:00:00
1744646400000,3216.0,3236.0,3215.0,3234.0,412.4014,2025-04-14 16:00:00
1744660800000,3235.0,3238.0,3227.0,3238.0,208.8988,2025-04-14 20:00:00
1744675200000,3237.0,3248.0,3232.0,3242.0,742.8086,2025-04-15 00:00:00
1744689600000,3243.0,3249.0,3235.0,3239.0,797.2114,2025-04-15 04:00:00
1744704000000,3239.0,3253.0,3236.0,3239.0,428.1706,2025-04-15 08:00:00
1744718400000,3239.0,3244.0,3230.0,3239.0,451.7677,2025-04-15 12:00:00
1744732800000,3239.0,3250.0,3239.0,3247.0,400.3657,2025-04-15 16:00:00
1744747200000,3247.0,3268.0,3247.0,3266.0,1118.8881,2025-04-15 20:00:00
1744761600000,3267.0,3306.0,3266.0,3304.0,1253.4601,2025-04-16 00:00:00
1744776000000,3304.0,3319.0,3289.0,3317.0,1598.0016,2025-04-16 04:00:00
1744790400000,3316.0,3336.0,3307.0,3330.0,1442.3824,2025-04-16 08:00:00
1744804800000,3329.0,3350.0,3321.0,3348.0,1659.4675,2025-04-16 12:00:00
1744819200000,3348.0,3366.0,3342.0,3359.0,1298.418,2025-04-16 16:00:00
1744833600000,3359.0,3381.0,3356.0,3378.0,672.0599,2025-04-16 20:00:00
1744848000000,3377.0,3385.0,3345.0,3365.0,2085.9183,2025-04-17 00:00:00
1744862400000,3366.0,3366.0,3331.0,3342.0,1169.2344,2025-04-17 04:00:00
1744876800000,3343.0,3357.0,3333.0,3350.0,625.3682,2025-04-17 08:00:00
1744891200000,3350.0,3360.0,3309.0,3317.0,1239.3555,2025-04-17 12:00:00
1744905600000,3317.0,3342.0,3316.0,3338.0,662.4446,2025-04-17 16:00:00
1744920000000,3339.0,3349.0,3335.0,3347.0,499.6862,2025-04-17 20:00:00
1744934400000,3346.0,3350.0,3337.0,3342.0,535.7188,2025-04-18 00:00:00
1744948800000,3341.0,3355.0,3341.0,3349.0,609.3082,2025-04-18 04:00:00
1744963200000,3350.0,3355.0,3346.0,3350.0,300.5675,2025-04-18 08:00:00
1744977600000,3351.0,3364.0,3350.0,3357.0,886.6551,2025-04-18 12:00:00
1744992000000,3356.0,3360.0,3355.0,3356.0,215.0386,2025-04-18 16:00:00
1745006400000,3357.0,3362.0,3347.0,3353.0,764.8512,2025-04-18 20:00:00
1745020800000,3353.0,3357.0,3344.0,3348.0,537.9648,2025-04-19 00:00:00
1745035200000,3348.0,3355.0,3346.0,3355.0,415.4607,2025-04-19 04:00:00
1745049600000,3356.0,3356.0,3341.0,3345.0,325.5725,2025-04-19 08:00:00
1745064000000,3346.0,3353.0,3343.0,3348.0,200.197,2025-04-19 12:00:00
1745078400000,3348.0,3355.0,3347.0,3354.0,185.1477,2025-04-19 16:00:00
1745092800000,3354.0,3355.0,3348.0,3348.0,146.0863,2025-04-19 20:00:00
1745107200000,3348.0,3351.0,3342.0,3346.0,350.6859,2025-04-20 00:00:00
1745121600000,3347.0,3351.0,3344.0,3349.0,207.1309,2025-04-20 04:00:00
1745136000000,3350.0,3361.0,3348.0,3356.0,359.3353,2025-04-20 08:00:00
1745150400000,3357.0,3361.0,3353.0,3355.0,285.4259,2025-04-20 12:00:00
1745164800000,3355.0,3355.0,3348.0,3349.0,230.0928,2025-04-20 16:00:00
1745179200000,3349.0,3375.0,3348.0,3370.0,626.1305,2025-04-20 20:00:00
1745193600000,3370.0,3409.0,3369.0,3406.0,1497.3191,2025-04-21 00:00:00
1745208000000,3406.0,3432.0,3392.0,3421.0,1291.5406,2025-04-21 04:00:00
1745222400000,3421.0,3434.0,3414.0,3431.0,1276.7426,2025-04-21 08:00:00
1745236800000,3431.0,3453.0,3426.0,3443.0,2559.3429,2025-04-21 12:00:00
1745251200000,3442.0,3454.0,3425.0,3445.0,1662.826,2025-04-21 16:00:00
1745265600000,3445.0,3471.0,3441.0,3462.0,627.8462,2025-04-21 20:00:00
1745280000000,3463.0,3516.0,3442.0,3507.0,3707.6429,2025-04-22 00:00:00
1745294400000,3507.0,3523.0,3486.0,3492.0,2312.1371,2025-04-22 04:00:00
1745308800000,3491.0,3498.0,3460.0,3478.0,1710.3882,2025-04-22 08:00:00
1745323200000,3478.0,3486.0,3428.0,3436.0,4094.0823,2025-04-22 12:00:00
1745337600000,3436.0,3439.0,3391.0,3399.0,2290.8319,2025-04-22 16:00:00
1745352000000,3399.0,3407.0,3332.0,3349.0,3165.6265,2025-04-22 20:00:00
1745366400000,3349.0,3404.0,3349.0,3361.0,2182.5881,2025-04-23 00:00:00
1745380800000,3362.0,3375.0,3315.0,3339.0,2907.2685,2025-04-23 04:00:00
1745395200000,3339.0,3360.0,3328.0,3340.0,1454.1061,2025-04-23 08:00:00
1745409600000,3341.0,3349.0,3280.0,3301.0,2718.0254,2025-04-23 12:00:00
1745424000000,3301.0,3320.0,3298.0,3313.0,827.0019,2025-04-23 16:00:00
1745438400000,3313.0,3335.0,3300.0,3335.0,785.1669,2025-04-23 20:00:00
1745452800000,3335.0,3384.0,3333.0,3343.0,1746.7291,2025-04-24 00:00:00
1745467200000,3342.0,3359.0,3333.0,3355.0,928.4178,2025-04-24 04:00:00
1745481600000,3356.0,3365.0,3347.0,3358.0,1337.4074,2025-04-24 08:00:00
1745496000000,3358.0,3367.0,3324.0,3343.0,1205.1023,2025-04-24 12:00:00
1745510400000,3344.0,3360.0,3342.0,3356.0,578.6338,2025-04-24 16:00:00
1745524800000,3356.0,3383.0,3352.0,3365.0,902.1544,2025-04-24 20:00:00
1745539200000,3365.0,3375.0,3336.0,3336.0,1068.1159,2025-04-25 00:00:00
1745553600000,3336.0,3340.0,3295.0,3321.0,1105.4297,2025-04-25 04:00:00
1745568000000,3321.0,3324.0,3303.0,3307.0,702.6263,2025-04-25 08:00:00
1745582400000,3307.0,3315.0,3260.0,3286.0,3465.116,2025-04-25 12:00:00
1745596800000,3287.0,3310.0,3280.0,3305.0,831.511,2025-04-25 16:00:00
1745611200000,3305.0,3319.0,3301.0,3313.0,689.3225,2025-04-25 20:00:00
1745625600000,3313.0,3322.0,3305.0,3314.0,578.7604,2025-04-26 00:00:00
1745640000000,3315.0,3320.0,3309.0,3311.0,277.0237,2025-04-26 04:00:00
1745654400000,3310.0,3315.0,3301.0,3311.0,490.0849,2025-04-26 08:00:00
1745668800000,3312.0,3316.0,3303.0,3312.0,444.3056,2025-04-26 12:00:00
1745683200000,3312.0,3315.0,3305.0,3313.0,238.6832,2025-04-26 16:00:00
1745697600000,3313.0,3319.0,3311.0,3312.0,180.8518,2025-04-26 20:00:00
1745712000000,3313.0,3320.0,3311.0,3313.0,177.2686,2025-04-27 00:00:00
1745726400000,3314.0,3322.0,3309.0,3314.0,530.1797,2025-04-27 04:00:00
1745740800000,3315.0,3319.0,3313.0,3314.0,157.4969,2025-04-27 08:00:00
1745755200000,3314.0,3326.0,3313.0,3321.0,369.7068,2025-04-27 12:00:00
1745769600000,3321.0,3332.0,3319.0,3326.0,344.6051,2025-04-27 16:00:00
1745784000000,3326.0,3331.0,3306.0,3308.0,313.4867,2025-04-27 20:00:00
1745798400000,3309.0,3322.0,3278.0,3296.0,901.0972,2025-04-28 00:00:00
1745812800000,3295.0,3303.0,3281.0,3288.0,701.5877,2025-04-28 04:00:00
1745827200000,3287.0,3300.0,3277.0,3294.0,402.1969,2025-04-28 08:00:00
1745841600000,3295.0,3346.0,3293.0,3329.0,1623.8071,2025-04-28 12:00:00
1745856000000,3329.0,3355.0,3327.0,3354.0,1244.5632,2025-04-28 16:00:00
1745870400000,3355.0,3355.0,3335.0,3339.0,443.6783,2025-04-28 20:00:00
1745884800000,3338.0,3339.0,3312.0,3316.0,880.0174,2025-04-29 00:00:00
1745899200000,3316.0,3325.0,3309.0,3323.0,457.0834,2025-04-29 04:00:00
1745913600000,3322.0,3325.0,3307.0,3313.0,760.8518,2025-04-29 08:00:00
1745928000000,3314.0,3323.0,3306.0,3320.0,920.5959,2025-04-29 12:00:00
1745942400000,3321.0,3331.0,3317.0,3320.0,877.9278,2025-04-29 16:00:00
1745956800000,3320.0,3323.0,3312.0,3317.0,214.9507,2025-04-29 20:00:00
1745971200000,3317.0,3325.0,3307.0,3310.0,287.6077,2025-04-30 00:00:00
1745985600000,3310.0,3316.0,3305.0,3311.0,232.8829,2025-04-30 04:00:00
1746000000000,3310.0,3310.0,3280.0,3282.0,733.1566,2025-04-30 08:00:00
1746014400000,3283.0,3331.0,3280.0,3316.0,1696.9353,2025-04-30 12:00:00
1746028800000,3317.0,3320.0,3296.0,3299.0,369.0328,2025-04-30 16:00:00
1746043200000,3300.0,3301.0,3282.0,3282.0,449.5468,2025-04-30 20:00:00
1746057600000,3283.0,3287.0,3246.0,3248.0,1293.8561,2025-05-01 00:00:00
1746072000000,3248.0,3260.0,3240.0,3245.0,535.5229,2025-05-01 04:00:00
1746086400000,3246.0,3254.0,3219.0,3223.0,1323.7625,2025-05-01 08:00:00
1746100800000,3222.0,3248.0,3218.0,3235.0,1384.5743,2025-05-01 12:00:00
1746115200000,3236.0,3243.0,3228.0,3241.0,537.3693,2025-05-01 16:00:00
1746129600000,3241.0,3288.0,3241.0,3250.0,762.3053,2025-05-01 20:00:00
1746144000000,3250.0,3269.0,3243.0,3265.0,507.7082,2025-05-02 00:00:00
1746158400000,3266.0,3282.0,3257.0,3278.0,1336.4684,2025-05-02 04:00:00
1746172800000,3277.0,3282.0,3258.0,3279.0,691.7394,2025-05-02 08:00:00
1746187200000,3279.0,3280.0,3248.0,3250.0,1355.8213,2025-05-02 12:00:00
1746201600000,3251.0,3256.0,3242.0,3250.0,456.6214,2025-05-02 16:00:00
1746216000000,3250.0,3261.0,3245.0,3253.0,257.4492,2025-05-02 20:00:00
1746230400000,3253.0,3262.0,3247.0,3259.0,288.466,2025-05-03 00:00:00
1746244800000,3260.0,3261.0,3253.0,3257.0,100.8842,2025-05-03 04:00:00
1746259200000,3258.0,3264.0,3254.0,3261.0,180.0627,2025-05-03 08:00:00
1746273600000,3261.0,3268.0,3255.0,3262.0,331.587,2025-05-03 12:00:00
1746288000000,3262.0,3264.0,3256.0,3262.0,190.3699,2025-05-03 16:00:00
1746302400000,3261.0,3262.0,3257.0,3258.0,115.6067,2025-05-03 20:00:00
1746316800000,3258.0,3259.0,3252.0,3253.0,168.8148,2025-05-04 00:00:00
1746331200000,3252.0,3256.0,3247.0,3255.0,265.0227,2025-05-04 04:00:00
1746345600000,3255.0,3261.0,3249.0,3259.0,338.7145,2025-05-04 08:00:00
1746360000000,3259.0,3264.0,3254.0,3255.0,241.722,2025-05-04 12:00:00
1746374400000,3255.0,3256.0,3250.0,3255.0,172.8816,2025-05-04 16:00:00
1746388800000,3255.0,3267.0,3252.0,3263.0,437.4174,2025-05-04 20:00:00
1746403200000,3263.0,3290.0,3259.0,3271.0,662.2508,2025-05-05 00:00:00
1746417600000,3272.0,3280.0,3271.0,3278.0,383.893,2025-05-05 04:00:00
1746432000000,3279.0,3331.0,3277.0,3326.0,1311.7623,2025-05-05 08:00:00
1746446400000,3326.0,3340.0,3323.0,3327.0,983.3776,2025-05-05 12:00:00
1746460800000,3327.0,3351.0,3317.0,3344.0,809.7898,2025-05-05 16:00:00
1746475200000,3344.0,3366.0,3341.0,3348.0,651.6581,2025-05-05 20:00:00
1746489600000,3347.0,3396.0,3341.0,3372.0,1733.1849,2025-05-06 00:00:00
1746504000000,3373.0,3390.0,3364.0,3383.0,947.6758,2025-05-06 04:00:00
1746518400000,3384.0,3399.0,3381.0,3390.0,730.2206,2025-05-06 08:00:00
1746532800000,3390.0,3413.0,3385.0,3400.0,1656.3006,2025-05-06 12:00:00
1746547200000,3401.0,3430.0,3401.0,3428.0,1016.7235,2025-05-06 16:00:00
1746561600000,3429.0,3456.0,3386.0,3409.0,1797.8604,2025-05-06 20:00:00
1746576000000,3409.0,3410.0,3366.0,3382.0,1820.8096,2025-05-07 00:00:00
1746590400000,3383.0,3402.0,3381.0,3388.0,1099.7673,2025-05-07 04:00:00
1746604800000,3388.0,3394.0,3366.0,3389.0,949.0523,2025-05-07 08:00:00
1746619200000,3389.0,3400.0,3380.0,3392.0,877.1151,2025-05-07 12:00:00
1746633600000,3392.0,3406.0,3371.0,3379.0,923.4289,2025-05-07 16:00:00
1746648000000,3379.0,3386.0,3368.0,3383.0,383.5851,2025-05-07 20:00:00
1746662400000,3383.0,3418.0,3380.0,3395.0,1689.1019,2025-05-08 00:00:00
1746676800000,3395.0,3397.0,3327.0,3348.0,2428.9496,2025-05-08 04:00:00
1746691200000,3349.0,3354.0,3338.0,3353.0,760.8063,2025-05-08 08:00:00
1746705600000,3353.0,3373.0,3333.0,3336.0,1532.6497,2025-05-08 12:00:00
1746720000000,3336.0,3336.0,3258.0,3318.0,2265.5921,2025-05-08 16:00:00
1746734400000,3318.0,3329.0,3312.0,3322.0,1187.0115,2025-05-08 20:00:00
1746748800000,3322.0,3329.0,3287.0,3313.0,922.1087,2025-05-09 00:00:00
1746763200000,3314.0,3337.0,3314.0,3334.0,797.9377,2025-05-09 04:00:00
1746777600000,3333.0,3340.0,3324.0,3337.0,764.4892,2025-05-09 08:00:00
1746792000000,3338.0,3349.0,3327.0,3349.0,824.6507,2025-05-09 12:00:00
1746806400000,3349.0,3352.0,3332.0,3337.0,436.3807,2025-05-09 16:00:00
1746820800000,3337.0,3338.0,3327.0,3335.0,290.8792,2025-05-09 20:00:00
1746835200000,3335.0,3345.0,3334.0,3338.0,382.2993,2025-05-10 00:00:00
1746849600000,3339.0,3341.0,3332.0,3340.0,263.0448,2025-05-10 04:00:00
1746864000000,3340.0,3341.0,3332.0,3338.0,474.9476,2025-05-10 08:00:00
1746878400000,3338.0,3339.0,3327.0,3331.0,441.0122,2025-05-10 12:00:00
1746892800000,3330.0,3333.0,3324.0,3332.0,257.8239,2025-05-10 16:00:00
1746907200000,3332.0,3336.0,3325.0,3327.0,359.3991,2025-05-10 20:00:00
1746921600000,3327.0,3330.0,3322.0,3327.0,478.2056,2025-05-11 00:00:00
1746936000000,3327.0,3331.0,3322.0,3324.0,257.1564,2025-05-11 04:00:00
1746950400000,3325.0,3332.0,3322.0,3323.0,306.9365,2025-05-11 08:00:00
1746964800000,3324.0,3328.0,3319.0,3323.0,332.81,2025-05-11 12:00:00
1746979200000,3323.0,3326.0,3312.0,3312.0,445.8318,2025-05-11 16:00:00
1746993600000,3313.0,3313.0,3276.0,3294.0,1184.0048,2025-05-11 20:00:00
1747008000000,3295.0,3296.0,3269.0,3290.0,972.9496,2025-05-12 00:00:00
1747022400000,3290.0,3291.0,3226.0,3232.0,1990.49,2025-05-12 04:00:00
1747036800000,3233.0,3246.0,3223.0,3237.0,1964.8888,2025-05-12 08:00:00
1747051200000,3237.0,3263.0,3235.0,3257.0,1637.0157,2025-05-12 12:00:00
1747065600000,3257.0,3259.0,3234.0,3251.0,746.9778,2025-05-12 16:00:00
1747080000000,3251.0,3253.0,3239.0,3245.0,468.8588,2025-05-12 20:00:00
1747094400000,3246.0,3252.0,3228.0,3250.0,579.0704,2025-05-13 00:00:00
1747108800000,3249.0,3273.0,3246.0,3267.0,635.557,2025-05-13 04:00:00
1747123200000,3267.0,3274.0,3258.0,3261.0,586.8217,2025-05-13 08:00:00
1747137600000,3261.0,3266.0,3240.0,3265.0,668.4923,2025-05-13 12:00:00
1747152000000,3265.0,3268.0,3252.0,3258.0,585.8323,2025-05-13 16:00:00
1747166400000,3258.0,3265.0,3246.0,3261.0,576.8524,2025-05-13 20:00:00
1747180800000,3261.0,3262.0,3234.0,3236.0,558.8267,2025-05-14 00:00:00
1747195200000,3236.0,3247.0,3232.0,3246.0,513.0152,2025-05-14 04:00:00
1747209600000,3246.0,3250.0,3229.0,3230.0,621.8118,2025-05-14 08:00:00
1747224000000,3230.0,3233.0,3188.0,3194.0,2914.5858,2025-05-14 12:00:00
1747238400000,3195.0,3202.0,3183.0,3195.0,766.2082,2025-05-14 16:00:00
1747252800000,3194.0,3198.0,3184.0,3196.0,318.7141,2025-05-14 20:00:00
1747267200000,3197.0,3202.0,3166.0,3168.0,827.6193,2025-05-15 00:00:00
1747281600000,3167.0,3172.0,3142.0,3162.0,1443.3993,2025-05-15 04:00:00
1747296000000,3161.0,3201.0,3156.0,3195.0,1473.107,2025-05-15 08:00:00
1747310400000,3195.0,3233.0,3193.0,3232.0,1213.2064,2025-05-15 12:00:00
1747324800000,3232.0,3242.0,3221.0,3241.0,1111.3486,2025-05-15 16:00:00
1747339200000,3241.0,3261.0,3241.0,3246.0,748.639,2025-05-15 20:00:00
1747353600000,3247.0,3253.0,3219.0,3224.0,739.8974,2025-05-16 00:00:00
1747368000000,3224.0,3242.53,3215.92,3219.3,938.3637,2025-05-16 04:00:00
1747382400000,3219.29,3224.92,3169.34,3179.12,1992.7279,2025-05-16 08:00:00
1747396800000,3179.15,3204.7,3172.47,3203.48,989.1428,2025-05-16 12:00:00
1747411200000,3203.67,3216.35,3199.0,3213.53,584.4483,2025-05-16 16:00:00
1747425600000,3213.55,3223.84,3213.11,3221.0,322.9283,2025-05-16 20:00:00
1747440000000,3221.01,3224.97,3206.08,3224.01,747.9913,2025-05-17 00:00:00
1747454400000,3224.17,3225.69,3212.97,3215.03,391.4923,2025-05-17 04:00:00
1747468800000,3215.01,3220.58,3209.01,3217.05,355.404,2025-05-17 08:00:00
1747483200000,3217.06,3229.99,3213.75,3224.48,484.3242,2025-05-17 12:00:00
1747497600000,3224.48,3225.99,3216.0,3216.33,281.6042,2025-05-17 16:00:00
1747512000000,3216.17,3228.0,3216.17,3225.66,427.945,2025-05-17 20:00:00
1747526400000,3225.66,3231.01,3220.79,3230.88,535.5234,2025-05-18 00:00:00
1747540800000,3230.89,3237.62,3220.39,3225.0,426.2604,2025-05-18 04:00:00
1747555200000,3225.0,3225.29,3215.33,3219.08,256.4498,2025-05-18 08:00:00
1747569600000,3219.08,3227.48,3215.63,3222.87,448.2382,2025-05-18 12:00:00
1747584000000,3222.87,3230.15,3210.98,3212.2,658.5388,2025-05-18 16:00:00
1747598400000,3212.0,3257.0,3210.0,3245.99,809.3103,2025-05-18 20:00:00
1747612800000,3246.0,3263.62,3227.0,3228.0,924.7362,2025-05-19 00:00:00
1747627200000,3228.26,3249.99,3225.0,3247.09,1076.8639,2025-05-19 04:00:00
1747641600000,3247.08,3270.14,3246.16,3266.85,707.6768,2025-05-19 08:00:00
1747656000000,3266.86,3267.26,3240.8,3249.01,768.802,2025-05-19 12:00:00
1747670400000,3249.0,3251.0,3242.54,3249.53,571.8844,2025-05-19 16:00:00
1747684800000,3249.53,3249.71,3235.08,3235.96,215.3855,2025-05-19 20:00:00
1747699200000,3235.73,3244.54,3219.0,3226.31,1311.9681,2025-05-20 00:00:00
1747713600000,3226.62,3242.08,3225.05,3240.52,460.0097,2025-05-20 04:00:00
1747728000000,3240.52,3262.04,3235.34,3261.34,1109.4755,2025-05-20 08:00:00
1747742400000,3261.25,3299.99,3250.98,3291.0,1341.3397,2025-05-20 12:00:00
1747756800000,3290.82,3305.75,3289.14,3304.27,1222.2008,2025-05-20 16:00:00
1747771200000,3304.27,3313.86,3296.0,3303.02,891.8065,2025-05-20 20:00:00
1747785600000,3303.02,3324.0,3299.0,3318.1,622.8152,2025-05-21 00:00:00
1747800000000,3318.09,3327.55,3306.81,3317.69,673.8289,2025-05-21 04:00:00
1747814400000,3317.7,3327.26,3313.66,3318.79,375.7052,2025-05-21 08:00:00
1747828800000,3318.79,3321.99,3300.0,3318.75,1032.6699,2025-05-21 12:00:00
1747843200000,3319.0,3333.59,3277.35,3325.96,1286.7556,2025-05-21 16:00:00
1747857600000,3326.06,3327.0,3318.51,3322.47,395.692,2025-05-21 20:00:00
1747872000000,3322.48,3349.78,3321.95,3340.63,1028.8154,2025-05-22 00:00:00
1747886400000,3340.63,3345.4,3333.03,3337.0,524.1337,2025-05-22 04:00:00
1747900800000,3336.6,3339.62,3293.69,3321.32,1313.6693,2025-05-22 08:00:00
1747915200000,3321.32,3325.0,3292.69,3302.93,812.8064,2025-05-22 12:00:00
1747929600000,3302.93,3314.0,3300.39,3302.8,602.5158,2025-05-22 16:00:00
1747944000000,3303.26,3312.52,3300.88,3308.78,249.2578,2025-05-22 20:00:00
1747958400000,3309.27,3318.65,3300.0,3312.07,684.7067,2025-05-23 00:00:00
1747972800000,3312.22,3339.72,3311.99,3334.61,1027.5094,2025-05-23 04:00:00
1747987200000,3334.81,3353.22,3326.05,3349.23,739.1736,2025-05-23 08:00:00
1748001600000,3349.32,3366.99,3337.44,3359.56,1497.4817,2025-05-23 12:00:00
1748016000000,3359.97,3371.0,3356.4,3363.76,730.9396,2025-05-23 16:00:00
1748030400000,3363.76,3370.0,3353.34,3360.8,653.5284,2025-05-23 20:00:00
1748044800000,3360.97,3368.4,3354.98,3362.59,281.2925,2025-05-24 00:00:00
1748059200000,3362.6,3379.97,3361.04,3368.29,460.0728,2025-05-24 04:00:00
1748073600000,3368.3,3371.41,3359.32,3359.32,220.7902,2025-05-24 08:00:00
1748088000000,3359.48,3368.14,3359.45,3365.47,92.3554,2025-05-24 12:00:00
1748102400000,3365.45,3366.65,3360.0,3362.68,200.3388,2025-05-24 16:00:00
1748116800000,3362.67,3365.43,3358.31,3361.57,124.234,2025-05-24 20:00:00
1748131200000,3361.57,3368.24,3358.76,3366.54,240.4481,2025-05-25 00:00:00
1748145600000,3366.53,3368.26,3362.57,3365.25,177.1986,2025-05-25 04:00:00
1748160000000,3365.25,3374.0,3362.6,3368.37,490.1961,2025-05-25 08:00:00
1748174400000,3368.36,3377.54,3368.36,3372.8,456.9807,2025-05-25 12:00:00
1748188800000,3372.81,3380.0,3370.84,3377.21,292.9363,2025-05-25 16:00:00
1748203200000,3377.22,3377.27,3343.88,3347.64,490.4546,2025-05-25 20:00:00
1748217600000,3347.65,3359.24,3337.27,3350.77,322.8334,2025-05-26 00:00:00
1748232000000,3350.76,3360.0,3340.12,3344.33,459.3218,2025-05-26 04:00:00
1748246400000,3344.42,3348.78,3334.83,3339.53,377.4392,2025-05-26 08:00:00
1748260800000,3339.53,3352.32,3334.21,3343.64,797.8458,2025-05-26 12:00:00
1748275200000,3343.68,3371.5,3343.5,3355.16,592.3618,2025-05-26 16:00:00
1748289600000,3355.12,3360.5,3351.89,3357.58,250.0452,2025-05-26 20:00:00
1748304000000,3357.58,3361.21,3344.34,3354.34,195.2276,2025-05-27 00:00:00
1748318400000,3354.35,3354.56,3310.0,3313.69,558.7619,2025-05-27 04:00:00
1748332800000,3313.7,3325.22,3302.0,3303.21,753.2832,2025-05-27 08:00:00
1748347200000,3303.21,3315.82,3302.0,3308.35,939.1876,2025-05-27 12:00:00
1748361600000,3308.36,3328.0,3306.13,3318.62,835.9168,2025-05-27 16:00:00
1748376000000,3318.27,3323.69,3310.67,3321.28,134.4129,2025-05-27 20:00:00
1748390400000,3321.79,3328.0,3305.74,3311.0,356.6381,2025-05-28 00:00:00
1748404800000,3310.99,3337.88,3305.08,3329.93,689.6887,2025-05-28 04:00:00
1748419200000,3330.0,3336.11,3321.0,3323.58,383.9877,2025-05-28 08:00:00
1748433600000,3323.66,3328.78,3306.35,3310.28,703.9522,2025-05-28 12:00:00
1748448000000,3310.13,3317.93,3304.59,3311.15,429.6003,2025-05-28 16:00:00
1748462400000,3311.69,3312.34,3268.41,3276.02,838.202,2025-05-28 20:00:00
1748476800000,3275.74,3293.17,3262.56,3288.7,575.59,2025-05-29 00:00:00
1748491200000,3288.8,3300.65,3281.21,3299.99,308.9284,2025-05-29 04:00:00
1748505600000,3299.64,3318.24,3291.11,3313.64,468.6523,2025-05-29 08:00:00
1748520000000,3313.63,3331.92,3312.25,3330.89,632.7686,2025-05-29 12:00:00
1748534400000,3330.9,3339.78,3323.03,3324.81,316.8807,2025-05-29 16:00:00
1748548800000,3324.82,3335.0,3324.0,3326.45,251.131,2025-05-29 20:00:00
1748563200000,3326.45,3333.37,3302.94,3306.17,433.898,2025-05-30 00:00:00
1748577600000,3305.85,3318.37,3302.18,3306.8,546.5879,2025-05-30 04:00:00
1748592000000,3306.45,3313.48,3302.06,3306.4,406.5756,2025-05-30 08:00:00
1748606400000,3306.42,3324.39,3288.2,3303.18,659.5689,2025-05-30 12:00:00
1748620800000,3302.81,3306.63,3297.74,3304.65,735.0164,2025-05-30 16:00:00
1748635200000,3304.66,3308.46,3297.05,3302.25,281.0112,2025-05-30 20:00:00
1748649600000,3302.28,3309.76,3295.36,3306.72,365.1874,2025-05-31 00:00:00
1748664000000,3306.72,3309.18,3302.41,3302.91,109.7093,2025-05-31 04:00:00
1748678400000,3302.91,3306.56,3298.01,3300.81,346.8735,2025-05-31 08:00:00
1748692800000,3300.82,3304.4,3298.3,3301.67,160.7695,2025-05-31 12:00:00
1748707200000,3301.67,3302.94,3296.5,3302.39,110.6228,2025-05-31 16:00:00
1748721600000,3302.39,3304.0,3296.52,3296.52,109.3291,2025-05-31 20:00:00
1748736000000,3296.52,3303.03,3293.0,3302.97,233.6118,2025-06-01 00:00:00
1748750400000,3302.98,3304.8,3300.5,3304.55,93.195,2025-06-01 04:00:00
1748764800000,3304.43,3307.81,3301.3,3307.5,145.2286,2025-06-01 08:00:00
1748779200000,3307.49,3309.4,3303.77,3308.84,142.9029,2025-06-01 12:00:00
1748793600000,3308.84,3314.03,3301.7,3306.54,432.5141,2025-06-01 16:00:00
1748808000000,3306.54,3325.14,3306.47,3319.57,278.6414,2025-06-01 20:00:00
1748822400000,3319.71,3323.93,3312.0,3319.82,250.3968,2025-06-02 00:00:00
1748836800000,3319.82,3370.75,3319.82,3363.05,912.7076,2025-06-02 04:00:00
1748851200000,3362.61,3372.11,3354.81,3368.01,686.7632,2025-06-02 08:00:00
1748865600000,3368.36,3391.01,3361.52,3385.74,1499.1155,2025-06-02 12:00:00
1748880000000,3385.75,3393.52,3381.65,3392.64,462.5565,2025-06-02 16:00:00
1748894400000,3392.65,3403.9,3389.0,3396.98,648.5727,2025-06-02 20:00:00
1748908800000,3396.99,3397.57,3370.46,3370.49,659.1646,2025-06-03 00:00:00
1748923200000,3370.45,3377.27,3363.67,3368.49,247.833,2025-06-03 04:00:00
1748937600000,3368.9,3374.4,3366.06,3369.03,275.5381,2025-06-03 08:00:00
1748952000000,3369.02,3374.24,3346.85,3361.98,924.722,2025-06-03 12:00:00
1748966400000,3361.98,3365.4,3353.76,3361.77,805.5156,2025-06-03 16:00:00
1748980800000,3361.8,3371.52,3361.76,3369.43,225.8836,2025-06-03 20:00:00
1748995200000,3369.43,3383.96,3358.51,3372.16,399.8264,2025-06-04 00:00:00
1749009600000,3372.16,3376.0,3361.0,3367.54,254.8379,2025-06-04 04:00:00
1749024000000,3367.37,3376.99,3358.97,3359.55,515.4178,2025-06-04 08:00:00
1749038400000,3359.55,3394.95,3358.55,3382.65,725.5451,2025-06-04 12:00:00
1749052800000,3382.73,3393.2,3382.73,3385.35,220.7153,2025-06-04 16:00:00
1749067200000,3385.34,3391.2,3382.47,3391.2,209.468,2025-06-04 20:00:00
1749081600000,3391.22,3396.4,3382.6,3383.7,198.817,2025-06-05 00:00:00
1749096000000,3383.71,3388.5,3375.61,3385.27,217.2337,2025-06-05 04:00:00
1749110400000,3385.32,3418.53,3383.81,3406.59,727.7995,2025-06-05 08:00:00
1749124800000,3406.59,3415.81,3361.0,3365.0,1526.4864,2025-06-05 12:00:00
1749139200000,3364.99,3378.21,3361.0,3376.8,709.5632,2025-06-05 16:00:00
1749153600000,3376.8,3382.31,3366.6,3381.55,1125.1144,2025-06-05 20:00:00
1749168000000,3381.55,3418.0,3376.88,3387.13,941.3615,2025-06-06 00:00:00
1749182400000,3387.12,3399.94,3370.4,3376.42,615.8073,2025-06-06 04:00:00
1749196800000,3376.91,3383.21,3370.82,3377.0,291.8726,2025-06-06 08:00:00
1749211200000,3376.94,3379.7,3336.06,3352.56,1271.272,2025-06-06 12:00:00
1749225600000,3352.47,3353.54,3334.32,3334.33,475.7457,2025-06-06 16:00:00
1749240000000,3334.58,3337.92,3328.0,3333.88,316.043,2025-06-06 20:00:00
1749254400000,3333.89,3336.03,3332.2,3333.2,159.0646,2025-06-07 00:00:00
1749268800000,3333.2,3335.5,3329.18,3334.32,194.6222,2025-06-07 04:00:00
1749283200000,3334.32,3338.47,3333.4,3335.0,133.3925,2025-06-07 08:00:00
1749297600000,3335.0,3337.01,3332.42,3334.41,155.1115,2025-06-07 12:00:00
1749312000000,3334.41,3337.28,3331.81,3332.63,124.7935,2025-06-07 16:00:00
1749326400000,3332.62,3335.9,3330.39,3332.4,105.4525,2025-06-07 20:00:00
1749340800000,3332.4,3335.81,3330.23,3335.6,192.3529,2025-06-08 00:00:00
1749355200000,3335.6,3342.5,3333.87,3339.04,215.0595,2025-06-08 04:00:00
1749369600000,3339.04,3342.2,3331.32,3334.33,399.2248,2025-06-08 08:00:00
1749384000000,3334.31,3352.2,3334.3,3338.66,560.5837,2025-06-08 12:00:00
1749398400000,3338.71,3342.0,3335.3,3336.53,148.4576,2025-06-08 16:00:00
1749412800000,3336.53,3342.58,3334.48,3340.75,253.1968,2025-06-08 20:00:00
1749427200000,3340.76,3340.76,3316.87,3331.7,616.7142,2025-06-09 00:00:00
1749441600000,3331.61,3347.58,3329.16,3347.5,252.6035,2025-06-09 04:00:00
1749456000000,3347.5,3349.0,3334.37,3338.75,262.1828,2025-06-09 08:00:00
1749470400000,3338.75,3350.31,3333.47,3347.96,581.6897,2025-06-09 12:00:00
1749484800000,3347.95,3356.99,3339.99,3343.88,501.7874,2025-06-09 16:00:00
1749499200000,3344.16,3347.49,3337.01,3346.45,710.3547,2025-06-09 20:00:00
1749513600000,3346.45,3346.45,3324.39,3328.76,637.9911,2025-06-10 00:00:00
1749528000000,3328.76,3347.79,3320.82,3345.58,479.7746,2025-06-10 04:00:00
1749542400000,3345.58,3355.0,3341.1,3346.6,490.4958,2025-06-10 08:00:00
1749556800000,3346.98,3362.01,3338.0,3341.59,716.1186,2025-06-10 12:00:00
1749571200000,3341.58,3346.19,3328.0,3341.81,711.6721,2025-06-10 16:00:00
1749585600000,3341.81,3341.81,3331.65,3340.18,273.7778,2025-06-10 20:00:00
1749600000000,3340.33,3355.45,3338.24,3352.56,353.7091,2025-06-11 00:00:00
1749614400000,3352.56,3360.3,3346.99,3358.64,368.8932,2025-06-11 04:00:00
1749628800000,3358.63,3360.21,3345.0,3346.69,674.9227,2025-06-11 08:00:00
1749643200000,3346.7,3371.52,3343.33,3347.13,791.0192,2025-06-11 12:00:00
1749657600000,3347.13,3363.35,3337.6,3360.52,510.3574,2025-06-11 16:00:00
1749672000000,3360.52,3387.23,3360.52,3379.4,914.2258,2025-06-11 20:00:00
1749686400000,3379.4,3409.3,3377.33,3387.15,779.9485,2025-06-12 00:00:00
1749700800000,3387.16,3428.61,3357.52,3364.02,881.5693,2025-06-12 04:00:00
1749715200000,3364.4,3404.64,3364.37,3397.02,712.0591,2025-06-12 08:00:00
1749729600000,3396.62,3412.55,3393.52,3402.01,953.2857,2025-06-12 12:00:00
1749744000000,3401.75,3405.68,3391.1,3399.8,1971.707,2025-06-12 16:00:00
1749758400000,3399.8,3408.88,3393.55,3408.42,727.7147,2025-06-12 20:00:00
1749772800000,3408.42,3600.0,3405.42,3450.8,5804.9806,2025-06-13 00:00:00
1749787200000,3450.99,3467.83,3430.0,3442.69,2697.0716,2025-06-13 04:00:00
1749801600000,3442.69,3454.71,3440.16,3449.69,1154.2585,2025-06-13 08:00:00
1749816000000,3449.69,3475.96,3443.62,3447.28,1614.1689,2025-06-13 12:00:00
1749830400000,3447.29,3462.77,3441.0,3456.4,1545.8628,2025-06-13 16:00:00
1749844800000,3456.22,3480.0,3452.7,3461.98,930.9975,2025-06-13 20:00:00
1749859200000,3461.98,3467.66,3454.71,3456.42,714.4097,2025-06-14 00:00:00
1749873600000,3456.43,3461.76,3452.02,3452.71,344.7163,2025-06-14 04:00:00
1749888000000,3452.72,3462.63,3452.72,3459.7,232.3824,2025-06-14 08:00:00
1749902400000,3459.71,3468.11,3454.2,3465.45,525.7627,2025-06-14 12:00:00
1749916800000,3465.46,3494.4,3463.33,3482.43,1107.3785,2025-06-14 16:00:00
1749931200000,3482.95,3497.0,3476.0,3487.6,792.2681,2025-06-14 20:00:00
1749945600000,3487.6,3496.01,3475.62,3485.0,352.5948,2025-06-15 00:00:00
1749960000000,3484.82,3489.78,3473.42,3482.47,346.6093,2025-06-15 04:00:00
1749974400000,3483.07,3495.41,3472.0,3493.33,590.3223,2025-06-15 08:00:00
1749988800000,3493.33,3495.65,3474.0,3478.92,705.5835,2025-06-15 12:00:00
1750003200000,3479.2,3488.86,3467.26,3486.75,944.0961,2025-06-15 16:00:00
1750017600000,3486.75,3491.99,3465.0,3476.97,850.6645,2025-06-15 20:00:00
1750032000000,3476.94,3485.12,3458.03,3460.07,1054.0956,2025-06-16 00:00:00
1750046400000,3459.68,3460.53,3433.0,3435.32,1211.7261,2025-06-16 04:00:00
1750060800000,3435.32,3449.41,3430.0,3440.75,914.4614,2025-06-16 08:00:00
1750075200000,3440.75,3443.75,3413.97,3426.44,1430.4092,2025-06-16 12:00:00
1750089600000,3426.43,3426.99,3405.0,3408.08,1508.1878,2025-06-16 16:00:00
1750104000000,3408.03,3432.41,3401.0,3432.41,1442.8587,2025-06-16 20:00:00
1750118400000,3432.4,3436.04,3405.03,3411.94,1302.0611,2025-06-17 00:00:00
1750132800000,3411.94,3423.31,3406.82,3413.25,1291.3252,2025-06-17 04:00:00
1750147200000,3412.6,3430.55,3403.6,3418.8,1054.4482,2025-06-17 08:00:00
1750161600000,3418.8,3424.65,3392.2,3402.95,1786.2128,2025-06-17 12:00:00
1750176000000,3402.95,3416.19,3399.13,3409.38,1461.9533,2025-06-17 16:00:00
1750190400000,3409.37,3422.21,3407.0,3413.75,788.8591,2025-06-17 20:00:00
1750204800000,3413.76,3415.61,3397.39,3411.43,1128.4567,2025-06-18 00:00:00
1750219200000,3411.44,3418.79,3402.14,3408.85,1023.374,2025-06-18 04:00:00
1750233600000,3408.85,3411.4,3399.31,3403.59,1009.7493,2025-06-18 08:00:00
1750248000000,3403.99,3418.0,3397.0,3412.88,1505.262,2025-06-18 12:00:00
1750262400000,3412.75,3414.38,3386.57,3389.21,920.1799,2025-06-18 16:00:00
1750276800000,3389.21,3397.38,3384.36,3395.4,542.6138,2025-06-18 20:00:00
1750291200000,3395.4,3405.12,3388.0,3393.36,552.639,2025-06-19 00:00:00
1750305600000,3393.36,3393.96,3370.0,3386.06,1117.4125,2025-06-19 04:00:00
1750320000000,3386.1,3396.51,3379.31,3392.19,543.7892,2025-06-19 08:00:00
1750334400000,3392.15,3392.99,3382.1,3390.2,540.4352,2025-06-19 12:00:00
1750348800000,3390.21,3397.59,3387.75,3394.8,392.6127,2025-06-19 16:00:00
1750363200000,3394.81,3396.75,3385.34,3389.8,251.563,2025-06-19 20:00:00
1750377600000,3389.8,3392.6,3369.2,3377.85,781.2578,2025-06-20 00:00:00
1750392000000,3377.86,3378.91,3363.5,3370.2,1085.8475,2025-06-20 04:00:00
1750406400000,3370.21,3378.57,3369.0,3369.0,1189.8642,2025-06-20 08:00:00
1750420800000,3369.01,3390.35,3362.75,3386.51,1688.3267,2025-06-20 12:00:00
1750435200000,3386.41,3389.73,3382.2,3385.36,542.6548,2025-06-20 16:00:00
1750449600000,3385.36,3395.89,3385.07,3394.69,430.8576,2025-06-20 20:00:00
1750464000000,3394.69,3394.69,3387.0,3390.19,257.607,2025-06-21 00:00:00
1750478400000,3390.18,3395.8,3389.6,3392.99,375.1624,2025-06-21 04:00:00
1750492800000,3392.96,3395.35,3390.0,3392.77,342.2763,2025-06-21 08:00:00
1750507200000,3392.79,3398.75,3391.66,3393.21,617.8098,2025-06-21 12:00:00
1750521600000,3393.2,3404.73,3389.03,3404.72,1289.5282,2025-06-21 16:00:00
1750536000000,3404.72,3410.66,3385.13,3395.84,1217.5247,2025-06-21 20:00:00
1750550400000,3395.83,3426.01,3395.33,3421.39,1502.6747,2025-06-22 00:00:00
1750564800000,3421.4,3429.0,3410.22,3421.86,667.3193,2025-06-22 04:00:00
1750579200000,3421.86,3427.0,3414.22,3425.61,870.8809,2025-06-22 08:00:00
1750593600000,3425.61,3460.42,3416.34,3454.4,3096.4387,2025-06-22 12:00:00
1750608000000,3454.42,3459.46,3434.76,3448.17,2072.3406,2025-06-22 16:00:00
1750622400000,3448.18,3483.2,3401.95,3402.0,3091.1573,2025-06-22 20:00:00
1750636800000,3401.99,3409.99,3385.82,3386.6,1633.1192,2025-06-23 00:00:00
1750651200000,3386.6,3394.02,3370.6,3377.0,1525.5621,2025-06-23 04:00:00
1750665600000,3376.81,3400.6,3376.81,3399.51,1295.3214,2025-06-23 08:00:00
1750680000000,3399.41,3410.4,3378.0,3405.78,887.2533,2025-06-23 12:00:00
1750694400000,3405.66,3416.32,3390.83,3391.28,2290.179,2025-06-23 16:00:00
1750708800000,3391.28,3431.6,3367.39,3368.74,10176.6512,2025-06-23 20:00:00
1750723200000,3368.74,3386.02,3356.33,3381.65,6830.6599,2025-06-24 00:00:00
1750737600000,3381.66,3383.59,3340.0,3350.13,3434.6712,2025-06-24 04:00:00
1750752000000,3350.13,3356.0,3342.0,3344.54,3072.8452,2025-06-24 08:00:00
1750766400000,3344.54,3344.55,3322.0,3332.73,2107.105,2025-06-24 12:00:00
1750780800000,3332.55,3346.4,3329.49,3343.4,1297.6911,2025-06-24 16:00:00
1750795200000,3343.4,3378.0,3338.47,3344.64,580.0078,2025-06-24 20:00:00
1750809600000,3344.6,3353.97,3344.34,3345.17,749.773,2025-06-25 00:00:00
1750824000000,3345.18,3351.05,3341.42,3343.75,1360.9693,2025-06-25 04:00:00
1750838400000,3343.75,3349.15,3334.83,3334.95,1356.4183,2025-06-25 08:00:00
1750852800000,3334.95,3340.91,3323.87,3339.0,1287.9208,2025-06-25 12:00:00
1750867200000,3339.01,3346.96,3337.55,3345.35,595.7214,2025-06-25 16:00:00
1750881600000,3345.36,3353.0,3343.72,3352.99,256.0997,2025-06-25 20:00:00
1750896000000,3352.99,3354.35,3343.41,3348.41,815.8843,2025-06-26 00:00:00
1750910400000,3348.33,3356.97,3343.27,3354.77,692.7824,2025-06-26 04:00:00
1750924800000,3354.77,3359.0,3343.6,3343.6,900.5864,2025-06-26 08:00:00
1750939200000,3343.61,3353.28,3327.7,3338.18,1659.2468,2025-06-26 12:00:00
1750953600000,3338.18,3350.6,3337.33,3345.49,431.1046,2025-06-26 16:00:00
1750968000000,3345.65,3346.62,3332.02,3332.97,327.8477,2025-06-26 20:00:00
1750982400000,3333.0,3335.87,3309.2,3309.8,1134.3492,2025-06-27 00:00:00
1750996800000,3309.61,3313.98,3300.0,3300.0,1470.0575,2025-06-27 04:00:00
1751011200000,3300.01,3303.53,3291.01,3294.39,1380.1635,2025-06-27 08:00:00
1751025600000,3294.39,3294.88,3274.97,3290.8,1870.3207,2025-06-27 12:00:00
1751040000000,3290.84,3297.2,3285.8,3288.89,1014.8478,2025-06-27 16:00:00
1751054400000,3288.9,3296.59,3288.18,3296.15,509.797,2025-06-27 20:00:00
1751068800000,3296.2,3298.35,3293.26,3293.27,238.1775,2025-06-28 00:00:00
1751083200000,3293.27,3297.76,3286.84,3287.86,232.4113,2025-06-28 04:00:00
1751097600000,3287.86,3292.31,3286.86,3286.92,144.0129,2025-06-28 08:00:00
1751112000000,3286.92,3296.0,3286.92,3291.52,332.2557,2025-06-28 12:00:00
1751126400000,3291.53,3295.29,3289.41,3291.75,199.2661,2025-06-28 16:00:00
1751140800000,3291.75,3295.9,3289.04,3289.58,155.6885,2025-06-28 20:00:00
1751155200000,3289.58,3293.41,3289.21,3292.67,115.1361,2025-06-29 00:00:00
1751169600000,3292.68,3295.06,3292.67,3293.6,95.8487,2025-06-29 04:00:00
1751184000000,3293.6,3294.71,3290.07,3290.09,251.2783,2025-06-29 08:00:00
1751198400000,3290.09,3290.22,3281.95,3282.17,255.4137,2025-06-29 12:00:00
1751212800000,3282.18,3285.39,3282.06,3282.66,140.2098,2025-06-29 16:00:00
1751227200000,3282.66,3289.57,3265.62,3277.01,854.3416,2025-06-29 20:00:00
1751241600000,3277.0,3293.99,3273.34,3289.5,800.7858,2025-06-30 00:00:00
1751256000000,3289.55,3307.77,3286.79,3302.91,1036.3144,2025-06-30 04:00:00
1751270400000,3302.9,3306.57,3284.8,3286.93,861.5164,2025-06-30 08:00:00
1751284800000,3286.93,3299.64,3286.93,3298.42,811.4191,2025-06-30 12:00:00
1751299200000,3298.44,3316.46,3297.6,3315.85,539.5463,2025-06-30 16:00:00
1751313600000,3315.95,3321.77,3310.0,3319.99,511.6663,2025-06-30 20:00:00
1751328000000,3319.99,3330.0,3319.0,3328.21,632.5694,2025-07-01 00:00:00
1751342400000,3328.21,3345.39,3327.2,3345.39,621.1881,2025-07-01 04:00:00
1751356800000,3345.39,3360.0,3342.7,3355.59,1362.4513,2025-07-01 08:00:00
1751371200000,3355.59,3363.0,3342.8,3344.58,1134.8853,2025-07-01 12:00:00
1751385600000,3344.59,3348.96,3340.56,3346.44,555.6975,2025-07-01 16:00:00
1751400000000,3346.44,3350.0,3340.0,3346.83,292.2103,2025-07-01 20:00:00
1751414400000,3346.83,3351.35,3337.0,3346.6,306.5269,2025-07-02 00:00:00
1751428800000,3346.18,3349.28,3335.03,3339.81,470.8106,2025-07-02 04:00:00
1751443200000,3339.81,3352.04,3335.0,3348.39,500.2445,2025-07-02 08:00:00
1751457600000,3348.4,3356.78,3340.0,3345.87,712.7169,2025-07-02 12:00:00
1751472000000,3345.87,3359.8,3340.0,3358.8,1355.0277,2025-07-02 16:00:00
1751486400000,3358.99,3364.5,3351.66,3351.67,420.4705,2025-07-02 20:00:00
1751500800000,3351.66,3354.2,3345.0,3350.38,196.9098,2025-07-03 00:00:00
1751515200000,3350.39,3362.6,3350.37,3354.19,480.4504,2025-07-03 04:00:00
1751529600000,3354.19,3359.91,3345.43,3349.32,472.7541,2025-07-03 08:00:00
1751544000000,3349.0,3353.59,3320.0,3331.5,1503.1669,2025-07-03 12:00:00
1751558400000,3331.54,3338.49,3329.59,3332.19,175.7973,2025-07-03 16:00:00
1751572800000,3332.18,3335.52,3329.12,3335.52,158.9957,2025-07-03 20:00:00
1751587200000,3335.51,3341.2,3330.84,3340.6,202.7063,2025-07-04 00:00:00
1751601600000,3341.23,3346.75,3338.45,3344.14,335.3344,2025-07-04 04:00:00
1751616000000,3344.14,3347.53,3336.41,3340.1,259.6641,2025-07-04 08:00:00
1751630400000,3340.09,3342.23,3335.96,3337.3,426.4596,2025-07-04 12:00:00
1751644800000,3337.3,3346.15,3336.0,3344.25,348.7182,2025-07-04 16:00:00
1751659200000,3344.26,3344.58,3342.6,3342.65,134.8237,2025-07-04 20:00:00
1751673600000,3342.65,3344.8,3342.64,3343.0,105.2817,2025-07-05 00:00:00
1751688000000,3343.01,3344.56,3341.27,3341.66,288.0783,2025-07-05 04:00:00
1751702400000,3341.67,3343.59,3341.62,3343.22,86.0609,2025-07-05 08:00:00
1751716800000,3343.22,3347.63,3342.26,3347.4,227.1954,2025-07-05 12:00:00
1751731200000,3347.4,3350.0,3343.85,3343.99,259.9664,2025-07-05 16:00:00
1751745600000,3343.99,3347.59,3343.0,3343.44,101.7397,2025-07-05 20:00:00
1751760000000,3343.46,3343.47,3340.0,3342.34,101.999,2025-07-06 00:00:00
1751774400000,3342.34,3346.03,3342.34,3345.94,59.3543,2025-07-06 04:00:00
1751788800000,3345.94,3348.65,3344.4,3346.6,80.6773,2025-07-06 08:00:00
1751803200000,3346.59,3346.6,3318.31,3340.6,624.2099,2025-07-06 12:00:00
1751817600000,3340.65,3347.6,3339.06,3346.0,119.8153,2025-07-06 16:00:00
1751832000000,3346.0,3348.39,3333.23,3334.76,217.8258,2025-07-06 20:00:00
1751846400000,3334.77,3335.0,3312.11,3318.8,667.5367,2025-07-07 00:00:00
1751860800000,3318.8,3324.2,3311.11,3311.41,490.2161,2025-07-07 04:00:00
1751875200000,3311.41,3322.28,3306.2,3311.81,673.0355,2025-07-07 08:00:00
1751889600000,3311.81,3327.93,3311.4,3327.51,550.3292,2025-07-07 12:00:00
1751904000000,3327.5,3342.57,3326.81,3338.8,613.3188,2025-07-07 16:00:00
1751918400000,3338.8,3347.37,3335.78,3335.91,307.7027,2025-07-07 20:00:00
1751932800000,3335.9,3342.6,3334.0,3336.51,268.6276,2025-07-08 00:00:00
1751947200000,3336.51,3343.77,3332.23,3339.61,212.5788,2025-07-08 04:00:00
1751961600000,3339.6,3339.6,3326.21,3328.88,372.508,2025-07-08 08:00:00
1751976000000,3328.96,3333.56,3297.8,3308.0,1415.9499,2025-07-08 12:00:00
1751990400000,3308.0,3315.75,3304.44,3308.85,527.3268,2025-07-08 16:00:00
1752004800000,3308.85,3312.8,3304.5,3309.2,279.2089,2025-07-08 20:00:00
1752019200000,3309.74,3314.64,3295.8,3303.48,348.9648,2025-07-09 00:00:00
1752033600000,3303.48,3306.89,3296.8,3299.29,472.057,2025-07-09 04:00:00
1752048000000,3299.33,3303.78,3292.58,3294.35,471.2789,2025-07-09 08:00:00
1752062400000,3294.36,3318.0,3294.36,3315.36,780.8233,2025-07-09 12:00:00
1752076800000,3315.36,3323.84,3314.05,3320.02,733.0322,2025-07-09 16:00:00
1752091200000,3320.02,3323.0,3300.75,3318.48,1049.0371,2025-07-09 20:00:00
1752105600000,3318.48,3326.8,3317.57,3317.57,343.6452,2025-07-10 00:00:00
1752120000000,3317.3,3329.35,3316.93,3322.17,372.0295,2025-07-10 04:00:00
1752134400000,3322.17,3329.6,3320.59,3322.02,373.018,2025-07-10 08:00:00
1752148800000,3322.03,3329.57,3312.21,3320.42,416.5756,2025-07-10 12:00:00
1752163200000,3320.41,3329.81,3313.42,3324.72,1170.6213,2025-07-10 16:00:00
1752177600000,3324.72,3327.44,3315.93,3322.24,936.3565,2025-07-10 20:00:00
1752192000000,3322.25,3335.35,3320.11,3333.89,1109.5418,2025-07-11 00:00:00
1752206400000,3333.89,3339.15,3327.52,3336.6,1189.9222,2025-07-11 04:00:00
1752220800000,3336.68,3345.96,3328.26,3343.8,558.5145,2025-07-11 08:00:00
1752235200000,3343.81,3362.3,3342.41,3355.65,1141.5732,2025-07-11 12:00:00
1752249600000,3355.66,3355.76,3343.1,3350.02,691.0327,2025-07-11 16:00:00
1752264000000,3350.01,3350.01,3341.29,3348.49,313.8091,2025-07-11 20:00:00
1752278400000,3348.49,3352.6,3341.0,3348.57,191.0441,2025-07-12 00:00:00
1752292800000,3348.46,3349.62,3341.76,3344.2,264.2354,2025-07-12 04:00:00
1752307200000,3344.19,3349.89,3342.0,3348.99,174.7587,2025-07-12 08:00:00
1752321600000,3348.93,3349.66,3340.93,3346.5,354.0126,2025-07-12 12:00:00
1752336000000,3346.51,3350.8,3344.2,3349.53,231.4462,2025-07-12 16:00:00
1752350400000,3349.53,3351.97,3345.89,3351.45,191.9981,2025-07-12 20:00:00
1752364800000,3351.51,3353.65,3343.74,3349.97,252.4422,2025-07-13 00:00:00
1752379200000,3349.97,3351.65,3347.66,3350.81,158.5864,2025-07-13 04:00:00
1752393600000,3350.81,3352.32,3347.52,3349.56,238.7551,2025-07-13 08:00:00
1752408000000,3349.57,3351.99,3344.0,3348.03,427.4795,2025-07-13 12:00:00
1752422400000,3348.04,3350.0,3343.45,3344.59,279.59,2025-07-13 16:00:00
1752436800000,3344.6,3360.13,3343.37,3354.18,671.4317,2025-07-13 20:00:00
1752451200000,3354.17,3358.8,3343.37,3347.79,485.5853,2025-07-14 00:00:00
1752465600000,3347.59,3365.14,3344.3,3364.73,924.6373,2025-07-14 04:00:00
1752480000000,3364.73,3370.4,3358.2,3360.37,811.3895,2025-07-14 08:00:00
1752494400000,3360.36,3370.75,3350.23,3351.82,6737.2781,2025-07-14 12:00:00
1752508800000,3351.82,3355.9,3348.82,3348.82,306.116,2025-07-14 16:00:00
1752523200000,3348.82,3350.39,3345.29,3349.21,249.6282,2025-07-14 20:00:00
1752537600000,3349.22,3360.01,3349.21,3360.0,505.3701,2025-07-15 00:00:00
1752552000000,3360.01,3369.0,3359.99,3367.8,754.3523,2025-07-15 04:00:00
1752566400000,3367.81,3368.8,3358.0,3358.24,738.5155,2025-07-15 08:00:00
1752580800000,3358.24,3363.2,3335.3,3338.16,2553.6756,2025-07-15 12:00:00
1752595200000,3338.01,3341.59,3329.9,3339.0,1029.5351,2025-07-15 16:00:00
1752609600000,3339.01,3339.37,3334.2,3338.51,389.9067,2025-07-15 20:00:00
1752624000000,3338.52,3340.72,3333.41,3340.4,522.9847,2025-07-16 00:00:00
1752638400000,3340.4,3349.77,3338.6,3342.59,429.3504,2025-07-16 04:00:00
1752652800000,3342.59,3350.0,3341.4,3346.81,469.8264,2025-07-16 08:00:00
1752667200000,3346.81,3375.0,3328.0,3346.82,2033.4834,2025-07-16 12:00:00
1752681600000,3346.72,3361.07,3343.44,3352.01,651.091,2025-07-16 16:00:00
1752696000000,3352.0,3356.65,3350.0,3351.41,349.6927,2025-07-16 20:00:00
1752710400000,3351.6,3352.34,3343.96,3349.22,631.8211,2025-07-17 00:00:00
1752724800000,3349.23,3352.29,3334.76,3334.98,455.6475,2025-07-17 04:00:00
1752739200000,3334.99,3339.88,3332.52,3334.16,658.8357,2025-07-17 08:00:00
1752753600000,3334.16,3343.78,3321.41,3342.8,1350.7075,2025-07-17 12:00:00
1752768000000,3342.79,3346.2,3341.11,3344.67,672.5999,2025-07-17 16:00:00
1752782400000,3344.68,3348.07,3335.94,3340.67,956.1767,2025-07-17 20:00:00
1752796800000,3340.68,3342.99,3334.08,3334.85,469.2633,2025-07-18 00:00:00
1752811200000,3334.85,3349.07,3332.47,3348.6,1176.9908,2025-07-18 04:00:00
1752825600000,3348.61,3359.23,3344.19,3356.6,948.185,2025-07-18 08:00:00
1752840000000,3356.6,3366.8,3356.45,3357.22,1160.1213,2025-07-18 12:00:00
1752854400000,3357.22,3362.6,3352.31,3352.43,273.9259,2025-07-18 16:00:00
1752868800000,3352.44,3356.41,3347.35,3347.84,226.018,2025-07-18 20:00:00
1752883200000,3347.84,3352.88,3345.63,3352.19,113.7338,2025-07-19 00:00:00
1752897600000,3352.19,3360.31,3352.18,3360.0,401.9139,2025-07-19 04:00:00
1752912000000,3360.0,3360.9,3360.0,3360.0,230.5801,2025-07-19 08:00:00
1752926400000,3360.0,3360.01,3355.17,3356.81,231.722,2025-07-19 12:00:00
1752940800000,3356.81,3361.5,3356.63,3359.61,173.8243,2025-07-19 16:00:00
1752955200000,3359.6,3359.6,3357.07,3357.3,213.4368,2025-07-19 20:00:00
1752969600000,3357.31,3361.0,3357.31,3360.09,315.0166,2025-07-20 00:00:00
1752984000000,3360.08,3360.16,3358.4,3359.4,102.8555,2025-07-20 04:00:00
1752998400000,3359.39,3359.4,3351.72,3354.68,411.1889,2025-07-20 08:00:00
1753012800000,3354.68,3358.23,3353.02,3353.13,259.2203,2025-07-20 12:00:00
1753027200000,3353.13,3358.38,3351.15,3351.58,245.5016,2025-07-20 16:00:00
1753041600000,3351.58,3354.17,3351.2,3351.63,179.932,2025-07-20 20:00:00
1753056000000,3351.63,3361.0,3351.62,3357.63,433.1502,2025-07-21 00:00:00
1753070400000,3357.62,3372.22,3356.17,3367.0,600.7116,2025-07-21 04:00:00
1753084800000,3366.62,3377.01,3360.55,3375.5,855.8548,2025-07-21 08:00:00
1753099200000,3375.5,3399.37,3374.85,3397.19,1458.3419,2025-07-21 12:00:00
1753113600000,3397.2,3399.23,3389.66,3399.23,834.6571,2025-07-21 16:00:00
1753128000000,3399.23,3400.86,3390.59,3395.4,462.9391,2025-07-21 20:00:00
1753142400000,3395.4,3396.2,3387.21,3390.82,470.5073,2025-07-22 00:00:00
1753156800000,3390.82,3391.65,3385.2,3389.93,498.7168,2025-07-22 04:00:00
1753171200000,3389.61,3392.02,3388.33,3391.33,485.3158,2025-07-22 08:00:00
1753185600000,3391.34,3427.88,3391.34,3423.23,1033.8042,2025-07-22 12:00:00
1753200000000,3423.1,3429.99,3423.09,3428.01,599.7453,2025-07-22 16:00:00
1753214400000,3428.01,3430.56,3424.36,3424.79,277.9618,2025-07-22 20:00:00
1753228800000,3424.79,3434.52,3416.3,3421.92,399.4246,2025-07-23 00:00:00
1753243200000,3421.93,3429.67,3417.78,3421.6,376.5958,2025-07-23 04:00:00
1753257600000,3421.61,3432.44,3421.61,3428.98,506.7641,2025-07-23 08:00:00
1753272000000,3428.98,3429.85,3400.0,3400.21,1189.029,2025-07-23 12:00:00
1753286400000,3400.2,3400.2,3386.11,3393.54,651.0427,2025-07-23 16:00:00
1753300800000,3393.55,3395.47,3388.14,3393.79,224.4512,2025-07-23 20:00:00
1753315200000,3393.79,3396.34,3380.0,3386.81,501.9093,2025-07-24 00:00:00
1753329600000,3386.8,3387.35,3372.01,3373.22,434.9537,2025-07-24 04:00:00
1753344000000,3373.23,3379.28,3367.35,3367.79,629.0149,2025-07-24 08:00:00
1753358400000,3367.79,3379.86,3359.33,3376.61,941.3233,2025-07-24 12:00:00
1753372800000,3376.61,3377.7,3372.03,3374.76,190.3789,2025-07-24 16:00:00
1753387200000,3374.76,3378.47,3368.79,3375.74,297.7503,2025-07-24 20:00:00
1753401600000,3375.62,3378.93,3364.36,3365.0,370.2735,2025-07-25 00:00:00
1753416000000,3365.0,3369.81,3358.33,3360.59,616.9258,2025-07-25 04:00:00
1753430400000,3360.01,3362.15,3351.15,3351.26,749.3442,2025-07-25 08:00:00
1753444800000,3351.25,3357.25,3336.03,3339.52,1051.98,2025-07-25 12:00:00
1753459200000,3339.53,3350.0,3337.67,3347.47,380.7757,2025-07-25 16:00:00
1753473600000,3347.48,3358.44,3345.6,3348.69,381.6505,2025-07-25 20:00:00
1753488000000,3348.69,3357.57,3346.35,3354.6,376.1761,2025-07-26 00:00:00
1753502400000,3354.59,3356.81,3351.05,3356.11,217.4958,2025-07-26 04:00:00
1753516800000,3356.1,3357.96,3351.03,3355.62,209.9781,2025-07-26 08:00:00
1753531200000,3355.63,3356.3,3349.67,3354.34,180.7667,2025-07-26 12:00:00
1753545600000,3354.34,3355.61,3351.42,3355.6,160.1217,2025-07-26 16:00:00
1753560000000,3355.6,3358.0,3353.94,3354.45,83.0714,2025-07-26 20:00:00
1753574400000,3354.45,3356.42,3353.17,3354.71,154.8769,2025-07-27 00:00:00
1753588800000,3354.71,3355.99,3354.2,3355.61,123.0089,2025-07-27 04:00:00
1753603200000,3355.61,3359.25,3350.41,3359.25,238.3902,2025-07-27 08:00:00
1753617600000,3359.24,3359.45,3350.0,3350.52,291.0132,2025-07-27 12:00:00
1753632000000,3350.53,3356.47,3348.78,3348.91,297.5771,2025-07-27 16:00:00
1753646400000,3348.91,3353.0,3340.0,3345.45,702.5463,2025-07-27 20:00:00
1753660800000,3345.46,3351.53,3339.0,3347.44,1509.3057,2025-07-28 00:00:00
1753675200000,3347.58,3351.01,3343.0,3343.38,448.3829,2025-07-28 04:00:00
1753689600000,3343.39,3348.84,3334.76,3339.14,1778.5182,2025-07-28 08:00:00
1753704000000,3339.31,3340.6,3312.0,3324.2,1276.5599,2025-07-28 12:00:00
1753718400000,3324.21,3325.26,3315.0,3322.81,621.8785,2025-07-28 16:00:00
1753732800000,3322.81,3328.0,3320.21,3320.59,150.0002,2025-07-28 20:00:00
1753747200000,3320.34,3329.91,3318.39,3322.02,229.4478,2025-07-29 00:00:00
1753761600000,3322.01,3329.61,3320.0,3325.08,376.2002,2025-07-29 04:00:00
1753776000000,3325.19,3335.0,3322.85,3323.6,423.513,2025-07-29 08:00:00
1753790400000,3323.6,3337.27,3320.53,3325.73,382.3046,2025-07-29 12:00:00
1753804800000,3325.95,3338.09,3325.0,3333.4,220.6507,2025-07-29 16:00:00
1753819200000,3333.39,3338.23,3332.52,3335.13,240.8233,2025-07-29 20:00:00
1753833600000,3335.29,3340.28,3331.39,3336.6,552.5074,2025-07-30 00:00:00
1753848000000,3336.4,3338.58,3330.22,3335.01,241.7532,2025-07-30 04:00:00
1753862400000,3335.01,3339.42,3331.17,3336.83,264.1982,2025-07-30 08:00:00
1753876800000,3336.83,3337.75,3302.66,3304.57,1317.7309,2025-07-30 12:00:00
1753891200000,3304.57,3317.49,3283.0,3285.01,1313.5338,2025-07-30 16:00:00
1753905600000,3285.01,3299.46,3285.01,3299.01,412.6271,2025-07-30 20:00:00
1753920000000,3299.01,3310.05,3298.8,3305.05,691.1921,2025-07-31 00:00:00
1753934400000,3305.04,3316.19,3302.83,3311.86,615.2499,2025-07-31 04:00:00
1753948800000,3312.01,3321.34,3303.19,3314.74,380.9082,2025-07-31 08:00:00
1753963200000,3314.6,3317.8,3299.07,3304.57,787.4994,2025-07-31 12:00:00
1753977600000,3304.59,3308.32,3294.4,3298.41,865.3934,2025-07-31 16:00:00
1753992000000,3298.41,3302.21,3294.11,3294.12,404.707,2025-07-31 20:00:00
1754006400000,3294.12,3302.99,3289.05,3299.2,553.889,2025-08-01 00:00:00
1754020800000,3299.2,3306.39,3290.0,3292.78,475.8789,2025-08-01 04:00:00
1754035200000,3292.78,3307.58,3290.6,3304.87,515.6964,2025-08-01 08:00:00
1754049600000,3304.87,3360.0,3303.01,3349.6,3173.3189,2025-08-01 12:00:00
1754064000000,3349.59,3357.83,3338.68,3355.21,662.5649,2025-08-01 16:00:00
1754078400000,3355.22,3365.97,3355.21,3364.79,919.2198,2025-08-01 20:00:00
1754092800000,3364.8,3369.98,3357.97,3359.51,298.6723,2025-08-02 00:00:00
1754107200000,3359.51,3364.6,3355.58,3364.27,393.226,2025-08-02 04:00:00
1754121600000,3364.2,3365.96,3362.6,3364.94,300.8929,2025-08-02 08:00:00
1754136000000,3364.95,3367.26,3359.25,3360.36,292.6346,2025-08-02 12:00:00
1754150400000,3360.37,3364.12,3358.34,3359.87,351.752,2025-08-02 16:00:00
1754164800000,3359.87,3366.56,3358.8,3362.05,255.5893,2025-08-02 20:00:00
1754179200000,3362.05,3364.74,3356.14,3361.98,357.5895,2025-08-03 00:00:00
1754193600000,3361.98,3364.95,3359.56,3360.25,182.3388,2025-08-03 04:00:00
1754208000000,3360.25,3362.44,3358.54,3360.93,189.9259,2025-08-03 08:00:00
1754222400000,3360.93,3364.78,3359.73,3364.68,170.3065,2025-08-03 12:00:00
1754236800000,3364.69,3364.7,3343.0,3362.03,423.7338,2025-08-03 16:00:00
1754251200000,3362.03,3371.0,3358.0,3365.68,459.9982,2025-08-03 20:00:00
1754265600000,3365.69,3365.69,3348.8,3361.21,424.2261,2025-08-04 00:00:00
1754280000000,3361.21,3365.21,3356.12,3358.41,371.4357,2025-08-04 04:00:00
1754294400000,3358.41,3372.0,3357.4,3371.2,295.632,2025-08-04 08:00:00
1754308800000,3371.2,3384.39,3366.0,3376.39,828.6422,2025-08-04 12:00:00
1754323200000,3376.39,3380.43,3372.05,3380.0,349.4658,2025-08-04 16:00:00
1754337600000,3379.99,3381.15,3368.97,3377.6,640.8212,2025-08-04 20:00:00
1754352000000,3377.6,3389.58,3373.91,3375.63,371.3491,2025-08-05 00:00:00
1754366400000,3375.63,3376.87,3368.26,3373.82,233.6964,2025-08-05 04:00:00
1754380800000,3373.81,3374.2,3353.8,3355.26,555.6599,2025-08-05 08:00:00
1754395200000,3354.92,3393.62,3354.05,3388.6,791.4554,2025-08-05 12:00:00
1754409600000,3388.6,3389.0,3377.0,3378.09,277.5128,2025-08-05 16:00:00
1754424000000,3378.09,3385.25,3376.52,3384.32,223.9113,2025-08-05 20:00:00
1754438400000,3384.32,3384.8,3375.8,3376.59,207.7194,2025-08-06 00:00:00
1754452800000,3376.59,3381.35,3369.44,3376.4,317.3224,2025-08-06 04:00:00
1754467200000,3376.4,3376.73,3362.51,3369.39,332.7514,2025-08-06 08:00:00
1754481600000,3369.39,3381.27,3364.7,3377.4,368.8153,2025-08-06 12:00:00
1754496000000,3377.4,3379.09,3370.21,3372.8,521.4543,2025-08-06 16:00:00
1754510400000,3372.8,3374.5,3368.36,3370.99,218.644,2025-08-06 20:00:00
1754524800000,3371.15,3383.24,3368.8,3378.79,220.1379,2025-08-07 00:00:00
1754539200000,3378.79,3394.98,3375.0,3393.0,368.5859,2025-08-07 04:00:00
1754553600000,3393.0,3393.2,3374.16,3377.61,587.1198,2025-08-07 08:00:00
1754568000000,3377.71,3387.93,3376.1,3384.41,504.6582,2025-08-07 12:00:00
1754582400000,3384.6,3392.98,3381.84,3392.92,260.3397,2025-08-07 16:00:00
1754596800000,3392.92,3397.81,3382.99,3393.46,946.5077,2025-08-07 20:00:00
1754611200000,3393.46,3394.86,3380.69,3390.6,582.695,2025-08-08 00:00:00
1754625600000,3390.59,3394.62,3386.67,3394.4,272.6413,2025-08-08 04:00:00
1754640000000,3394.6,3394.99,3377.77,3380.07,1279.9447,2025-08-08 08:00:00
1754654400000,3380.0,3392.46,3377.28,3384.13,472.7944,2025-08-08 12:00:00
1754668800000,3384.13,3390.0,3375.19,3388.92,990.076,2025-08-08 16:00:00
1754683200000,3388.92,3388.93,3383.35,3385.75,602.4732,2025-08-08 20:00:00
1754697600000,3385.76,3393.8,3384.61,3387.55,267.3704,2025-08-09 00:00:00
1754712000000,3387.55,3389.59,3375.0,3383.75,1421.4471,2025-08-09 04:00:00
1754726400000,3383.75,3390.0,3380.11,3387.45,302.4539,2025-08-09 08:00:00
1754740800000,3387.45,3392.12,3386.48,3387.73,352.0146,2025-08-09 12:00:00
1754755200000,3387.73,3389.9,3382.79,3384.06,292.7403,2025-08-09 16:00:00
1754769600000,3384.05,3387.01,3382.07,3383.62,227.1192,2025-08-09 20:00:00
1754784000000,3383.62,3388.1,3382.77,3387.36,166.2179,2025-08-10 00:00:00
1754798400000,3387.37,3388.11,3383.37,3383.37,153.1981,2025-08-10 04:00:00
1754812800000,3383.37,3388.0,3382.0,3387.98,182.589,2025-08-10 08:00:00
1754827200000,3387.98,3390.0,3384.11,3387.96,248.456,2025-08-10 12:00:00
1754841600000,3387.96,3390.73,3382.96,3390.26,402.9233,2025-08-10 16:00:00
1754856000000,3390.27,3391.7,3382.52,3382.52,201.4466,2025-08-10 20:00:00
1754870400000,3382.53,3385.04,3365.56,3374.38,844.9181,2025-08-11 00:00:00
1754884800000,3374.38,3375.18,3352.61,3356.15,719.9595,2025-08-11 04:00:00
1754899200000,3356.2,3360.96,3343.24,3349.62,968.7862,2025-08-11 08:00:00
1754913600000,3349.62,3358.92,3340.4,3346.04,493.87,2025-08-11 12:00:00
1754928000000,3346.04,3373.85,3339.63,3352.1,1796.5044,2025-08-11 16:00:00
1754942400000,3351.7,3351.7,3338.72,3345.71,659.9061,2025-08-11 20:00:00
1754956800000,3345.71,3357.09,3344.15,3346.65,609.5071,2025-08-12 00:00:00
1754971200000,3346.66,3357.52,3339.33,3350.73,471.5593,2025-08-12 04:00:00
1754985600000,3350.74,3353.04,3338.51,3344.9,1030.2409,2025-08-12 08:00:00
1755000000000,3344.9,3357.21,3332.0,3347.79,1217.6967,2025-08-12 12:00:00
1755014400000,3347.8,3352.28,3341.16,3342.33,514.1079,2025-08-12 16:00:00
1755028800000,3342.38,3351.42,3337.78,3340.96,843.2624,2025-08-12 20:00:00
1755043200000,3340.96,3348.07,3335.55,3340.56,822.5065,2025-08-13 00:00:00
1755057600000,3340.56,3351.34,3340.36,3346.04,416.3948,2025-08-13 04:00:00
1755072000000,3346.04,3355.0,3343.65,3351.38,919.7593,2025-08-13 08:00:00
1755086400000,3351.39,3358.6,3344.27,3348.33,799.2569,2025-08-13 12:00:00
1755100800000,3348.33,3355.84,3345.0,3351.44,428.066,2025-08-13 16:00:00
1755115200000,3351.44,3357.68,3348.61,3353.91,470.4953,2025-08-13 20:00:00
1755129600000,3353.91,3361.0,3348.72,3351.37,695.5566,2025-08-14 00:00:00
1755144000000,3351.38,3356.08,3340.0,3340.72,452.7481,2025-08-14 04:00:00
1755158400000,3340.73,3350.0,3338.18,3345.32,366.1292,2025-08-14 08:00:00
1755172800000,3345.32,3347.49,3330.0,3335.01,977.9777,2025-08-14 12:00:00
1755187200000,3335.01,3335.61,3324.39,3331.59,456.9288,2025-08-14 16:00:00
1755201600000,3331.59,3331.59,3326.01,3329.67,267.3563,2025-08-14 20:00:00
1755216000000,3329.67,3335.5,3327.01,3335.5,229.9651,2025-08-15 00:00:00
1755230400000,3335.5,3339.62,3334.08,3339.2,209.3821,2025-08-15 04:00:00
1755244800000,3339.43,3341.09,3332.88,3338.87,339.3635,2025-08-15 08:00:00
1755259200000,3338.73,3339.51,3329.72,3333.4,488.3041,2025-08-15 12:00:00
1755273600000,3333.4,3333.9,3328.2,3331.84,270.6842,2025-08-15 16:00:00
1755288000000,3331.84,3335.0,3328.96,3330.31,135.14,2025-08-15 20:00:00
1755302400000,3330.3,3336.01,3330.3,3332.28,104.4522,2025-08-16 00:00:00
1755316800000,3332.26,3334.97,3331.41,3333.8,98.9601,2025-08-16 04:00:00
1755331200000,3333.8,3333.8,3327.21,3329.03,155.2119,2025-08-16 08:00:00
1755345600000,3329.02,3331.72,3327.0,3328.96,211.4115,2025-08-16 12:00:00
1755360000000,3328.96,3329.6,3327.0,3327.47,121.157,2025-08-16 16:00:00
1755374400000,3327.46,3329.99,3327.46,3329.49,82.7013,2025-08-16 20:00:00
1755388800000,3329.57,3331.43,3328.25,3330.13,51.3238,2025-08-17 00:00:00
1755403200000,3330.13,3334.05,3327.0,3331.94,186.7609,2025-08-17 04:00:00
1755417600000,3331.93,3333.99,3328.0,3329.91,165.9687,2025-08-17 08:00:00
1755432000000,3329.91,3331.62,3327.0,3330.57,159.1642,2025-08-17 12:00:00
1755446400000,3330.57,3330.72,3327.09,3328.3,116.109,2025-08-17 16:00:00
1755460800000,3328.3,3330.79,3322.0,3323.69,143.8982,2025-08-17 20:00:00
1755475200000,3323.7,3342.46,3323.7,3340.01,497.0576,2025-08-18 00:00:00
1755489600000,3340.01,3380.0,3340.01,3344.16,1275.4803,2025-08-18 04:00:00
1755504000000,3344.26,3353.2,3340.39,3342.0,349.5109,2025-08-18 08:00:00
1755518400000,3342.0,3343.21,3331.0,3333.28,355.1921,2025-08-18 12:00:00
1755532800000,3333.27,3333.27,3326.63,3331.6,264.2996,2025-08-18 16:00:00
1755547200000,3331.55,3336.57,3330.47,3330.97,156.7633,2025-08-18 20:00:00
1755561600000,3330.96,3337.98,3326.51,3335.35,255.9607,2025-08-19 00:00:00
1755576000000,3335.35,3337.96,3331.51,3336.16,197.7125,2025-08-19 04:00:00
1755590400000,3336.17,3339.95,3332.4,3334.81,225.1846,2025-08-19 08:00:00
1755604800000,3334.71,3342.06,3317.0,3319.32,497.3607,2025-08-19 12:00:00
1755619200000,3319.33,3321.54,3308.01,3314.35,368.6466,2025-08-19 16:00:00
1755633600000,3314.35,3317.24,3307.58,3312.7,226.734,2025-08-19 20:00:00
1755648000000,3312.71,3316.2,3301.77,3307.44,1309.3071,2025-08-20 00:00:00
1755662400000,3307.36,3319.11,3307.32,3318.06,237.0662,2025-08-20 04:00:00
1755676800000,3318.05,3324.23,3314.41,3324.18,348.8248,2025-08-20 08:00:00
1755691200000,3324.18,3338.19,3324.02,3331.01,650.8729,2025-08-20 12:00:00
1755705600000,3331.01,3338.62,3331.0,3338.62,303.033,2025-08-20 16:00:00
1755720000000,3338.63,3342.56,3337.79,3339.92,143.4281,2025-08-20 20:00:00
1755734400000,3339.92,3339.93,3334.32,3334.33,190.4417,2025-08-21 00:00:00
1755748800000,3334.32,3334.99,3330.0,3334.36,183.5237,2025-08-21 04:00:00
1755763200000,3334.36,3336.32,3318.25,3327.65,363.7889,2025-08-21 08:00:00
1755777600000,3327.66,3338.38,3327.65,3335.84,210.3582,2025-08-21 12:00:00
1755792000000,3335.84,3336.25,3331.0,3332.07,102.9819,2025-08-21 16:00:00
1755806400000,3332.08,3335.28,3330.54,3331.5,80.9073,2025-08-21 20:00:00
1755820800000,3331.5,3333.16,3327.02,3328.54,147.0863,2025-08-22 00:00:00
1755835200000,3328.55,3332.38,3323.28,3323.99,298.0776,2025-08-22 04:00:00
1755849600000,3324.0,3328.02,3323.06,3324.32,211.3461,2025-08-22 08:00:00
1755864000000,3324.32,3363.43,3318.28,3351.95,922.6544,2025-08-22 12:00:00
1755878400000,3352.19,3363.35,3352.01,3361.37,485.7232,2025-08-22 16:00:00
1755892800000,3361.36,3365.5,3359.53,3364.74,367.6398,2025-08-22 20:00:00
1755907200000,3364.74,3366.18,3358.58,3360.17,250.0183,2025-08-23 00:00:00
1755921600000,3360.11,3360.11,3345.51,3358.31,186.826,2025-08-23 04:00:00
1755936000000,3358.3,3360.69,3357.87,3360.67,106.6933,2025-08-23 08:00:00
1755950400000,3360.68,3360.69,3353.56,3356.12,318.2477,2025-08-23 12:00:00
1755964800000,3356.12,3360.44,3356.11,3358.87,116.9393,2025-08-23 16:00:00
1755979200000,3358.88,3361.47,3358.8,3360.64,66.5288,2025-08-23 20:00:00
1755993600000,3360.65,3360.65,3358.48,3358.53,74.1123,2025-08-24 00:00:00
1756008000000,3358.53,3361.57,3358.53,3361.1,130.3916,2025-08-24 04:00:00
1756022400000,3361.1,3361.64,3357.36,3361.17,177.0378,2025-08-24 08:00:00
1756036800000,3361.17,3364.62,3358.35,3363.36,154.8666,2025-08-24 12:00:00
1756051200000,3363.37,3364.52,3357.05,3358.81,306.7664,2025-08-24 16:00:00
1756065600000,3358.9,3361.5,3354.12,3360.81,232.9466,2025-08-24 20:00:00
1756080000000,3360.81,3360.81,3352.54,3358.87,163.2808,2025-08-25 00:00:00
1756094400000,3358.88,3358.88,3355.16,3356.0,123.1101,2025-08-25 04:00:00
1756108800000,3356.0,3361.5,3351.99,3361.24,270.0759,2025-08-25 08:00:00
1756123200000,3361.24,3363.18,3355.48,3361.37,465.6286,2025-08-25 12:00:00
1756137600000,3361.22,3363.3,3353.96,3353.96,434.5595,2025-08-25 16:00:00
1756152000000,3353.97,3355.0,3336.0,3343.11,824.7007,2025-08-25 20:00:00
1756166400000,3343.04,3370.66,3339.64,3360.73,617.2232,2025-08-26 00:00:00
1756180800000,3360.73,3369.06,3358.48,3364.03,298.585,2025-08-26 04:00:00
1756195200000,3364.52,3367.35,3357.69,3364.6,232.9463,2025-08-26 08:00:00
1756209600000,3364.5,3374.03,3358.17,3371.56,468.9443,2025-08-26 12:00:00
1756224000000,3371.55,3376.84,3368.44,3374.29,333.7164,2025-08-26 16:00:00
1756238400000,3374.3,3382.93,3374.3,3378.0,280.9448,2025-08-26 20:00:00
1756252800000,3378.0,3382.75,3373.51,3373.52,467.4829,2025-08-27 00:00:00
1756267200000,3373.52,3377.5,3365.0,3371.83,445.1363,2025-08-27 04:00:00
1756281600000,3371.83,3375.66,3367.15,3369.79,262.4726,2025-08-27 08:00:00
1756296000000,3369.79,3378.23,3366.67,3376.84,393.9694,2025-08-27 12:00:00
1756310400000,3377.07,3388.12,3376.92,3387.58,288.3481,2025-08-27 16:00:00
1756324800000,3387.58,3390.77,3384.83,3387.82,242.9427,2025-08-27 20:00:00
1756339200000,3387.82,3390.0,3380.34,3383.67,591.3531,2025-08-28 00:00:00
1756353600000,3383.67,3390.83,3378.0,3390.62,689.8381,2025-08-28 04:00:00
1756368000000,3390.62,3399.76,3388.6,3397.87,810.1413,2025-08-28 08:00:00
1756382400000,3397.88,3408.85,3392.2,3406.99,665.8386,2025-08-28 12:00:00
1756396800000,3407.0,3423.25,3406.56,3421.23,875.7868,2025-08-28 16:00:00
1756411200000,3421.22,3421.23,3414.03,3415.8,468.725,2025-08-28 20:00:00
1756425600000,3415.81,3416.99,3407.99,3414.07,383.8998,2025-08-29 00:00:00
1756440000000,3414.01,3419.96,3408.69,3411.36,297.6465,2025-08-29 04:00:00
1756454400000,3411.4,3426.91,3407.8,3413.4,795.0176,2025-08-29 08:00:00
1756468800000,3412.99,3453.0,3410.56,3451.08,2002.5463,2025-08-29 12:00:00
1756483200000,3451.07,3463.0,3445.98,3460.81,1405.3688,2025-08-29 16:00:00
1756497600000,3460.82,3464.7,3448.23,3461.84,590.2298,2025-08-29 20:00:00
1756512000000,3461.83,3463.0,3452.66,3463.0,514.0943,2025-08-30 00:00:00
1756526400000,3463.0,3463.0,3454.83,3461.04,301.3047,2025-08-30 04:00:00
1756540800000,3461.05,3466.73,3456.3,3457.16,363.8271,2025-08-30 08:00:00
1756555200000,3457.16,3465.03,3456.9,3457.12,445.0985,2025-08-30 12:00:00
1756569600000,3457.13,3461.77,3456.3,3461.41,132.0082,2025-08-30 16:00:00
1756584000000,3461.4,3465.02,3461.2,3462.72,256.0878,2025-08-30 20:00:00
1756598400000,3462.72,3464.55,3458.67,3460.46,329.792,2025-08-31 00:00:00
1756612800000,3460.4,3465.81,3460.16,3462.82,134.8651,2025-08-31 04:00:00
1756627200000,3462.83,3464.8,3456.0,3460.86,415.1596,2025-08-31 08:00:00
1756641600000,3460.86,3471.76,3456.38,3467.26,693.9174,2025-08-31 12:00:00
1756656000000,3467.25,3469.72,3462.96,3467.03,328.6447,2025-08-31 16:00:00
1756670400000,3467.05,3471.16,3456.3,3460.4,483.6434,2025-08-31 20:00:00
1756684800000,3460.41,3498.02,3451.13,3492.0,2164.9268,2025-09-01 00:00:00
1756699200000,3492.0,3502.0,3486.81,3492.5,1606.761,2025-09-01 04:00:00
1756713600000,3492.5,3495.96,3481.0,3482.63,1432.7234,2025-09-01 08:00:00
1756728000000,3482.64,3492.68,3480.0,3488.21,1144.0293,2025-09-01 12:00:00
1756742400000,3488.22,3494.45,3486.36,3488.86,590.6995,2025-09-01 16:00:00
1756756800000,3488.85,3505.03,3488.77,3503.19,612.9799,2025-09-01 20:00:00
1756771200000,3502.92,3540.0,3501.45,3518.1,1717.4332,2025-09-02 00:00:00
1756785600000,3518.01,3521.79,3490.6,3494.72,1110.5173,2025-09-02 04:00:00
1756800000000,3494.61,3504.0,3486.35,3504.0,1320.0984,2025-09-02 08:00:00
1756814400000,3504.0,3538.42,3490.02,3534.52,1718.8012,2025-09-02 12:00:00
1756828800000,3534.53,3556.69,3532.0,3554.0,1108.4971,2025-09-02 16:00:00
1756843200000,3554.01,3555.41,3543.21,3548.15,869.4339,2025-09-02 20:00:00
1756857600000,3548.15,3562.3,3542.4,3544.91,958.613,2025-09-03 00:00:00
1756872000000,3544.9,3553.74,3544.78,3550.66,839.5225,2025-09-03 04:00:00
1756886400000,3550.45,3564.9,3549.0,3564.9,664.0363,2025-09-03 08:00:00
1756900800000,3564.22,3577.26,3558.49,3574.38,1089.2652,2025-09-03 12:00:00
1756915200000,3574.38,3587.5,3573.2,3574.76,744.1763,2025-09-03 16:00:00
1756929600000,3574.76,3578.25,3569.57,3574.99,421.8708,2025-09-03 20:00:00
1756944000000,3574.99,3577.09,3527.55,3541.99,1417.3031,2025-09-04 00:00:00
1756958400000,3541.99,3554.77,3534.03,3553.04,2264.5507,2025-09-04 04:00:00
1756972800000,3553.04,3560.97,3546.6,3552.51,969.9111,2025-09-04 08:00:00
1756987200000,3552.52,3565.66,3544.8,3560.11,1011.0368,2025-09-04 12:00:00
1757001600000,3560.0,3563.97,3551.27,3557.43,504.6641,2025-09-04 16:00:00
1757016000000,3557.35,3559.8,3548.64,3559.09,351.5744,2025-09-04 20:00:00
1757030400000,3559.1,3565.2,3555.9,3564.97,416.2873,2025-09-05 00:00:00
1757044800000,3564.98,3566.78,3551.77,3552.99,701.4093,2025-09-05 04:00:00
1757059200000,3552.98,3561.59,3550.0,3558.1,491.258,2025-09-05 08:00:00
1757073600000,3558.09,3598.53,3555.5,3593.72,1765.9185,2025-09-05 12:00:00
1757088000000,3593.29,3599.1,3590.03,3598.29,498.9806,2025-09-05 16:00:00
1757102400000,3598.29,3599.0,3590.0,3593.64,402.0076,2025-09-05 20:00:00
1757116800000,3593.65,3597.99,3590.51,3597.51,267.4205,2025-09-06 00:00:00
1757131200000,3597.5,3601.12,3595.7,3600.9,288.3654,2025-09-06 04:00:00
1757145600000,3600.9,3611.68,3600.9,3607.55,759.028723,2025-09-06 08:00:00
1757160000000,3607.55,3613.83,3603.19,3610.47,466.4856,2025-09-06 12:00:00
1757174400000,3610.47,3624.51,3610.47,3622.61,832.7778,2025-09-06 16:00:00
1757188800000,3622.62,3630.11,3613.43,3626.0,510.7735,2025-09-06 20:00:00
1757203200000,3626.0,3627.24,3614.13,3616.01,438.8977,2025-09-07 00:00:00
1757217600000,3616.01,3626.78,3614.96,3615.9,380.5116,2025-09-07 04:00:00
1757232000000,3615.89,3623.83,3613.43,3620.76,601.431,2025-09-07 08:00:00
1757246400000,3620.76,3623.06,3614.66,3615.64,647.5157,2025-09-07 12:00:00
1757260800000,3615.65,3619.88,3612.99,3613.52,732.0278,2025-09-07 16:00:00
1757275200000,3613.52,3621.95,3598.06,3602.37,1096.5741,2025-09-07 20:00:00
1757289600000,3602.37,3604.9,3589.74,3590.19,941.4618,2025-09-08 00:00:00
1757304000000,3590.19,3622.15,3588.12,3618.78,1006.389,2025-09-08 04:00:00
1757318400000,3618.91,3628.11,3615.96,3627.17,1445.3498,2025-09-08 08:00:00
1757332800000,3627.25,3649.32,3622.17,3642.43,1527.1743,2025-09-08 12:00:00
1757347200000,3642.43,3648.16,3638.13,3641.46,871.1228,2025-09-08 16:00:00
1757361600000,3641.46,3643.77,3633.36,3640.8,645.6179,2025-09-08 20:00:00
1757376000000,3640.8,3670.0,3640.06,3655.47,1499.8518,2025-09-09 00:00:00
1757390400000,3655.46,3668.24,3646.34,3651.59,1387.5866,2025-09-09 04:00:00
1757404800000,3651.27,3664.72,3650.66,3656.92,823.2914,2025-09-09 08:00:00
1757419200000,3657.1,3681.7,3639.09,3656.0,1907.6904,2025-09-09 12:00:00
1757433600000,3655.99,3661.88,3641.19,3641.68,1072.9886,2025-09-09 16:00:00
1757448000000,3641.69,3648.36,3632.55,3643.12,872.1798,2025-09-09 20:00:00
1757462400000,3643.12,3644.41,3630.0,3641.29,680.5734,2025-09-10 00:00:00
1757476800000,3641.29,3651.29,3641.29,3648.02,989.4976,2025-09-10 04:00:00
1757491200000,3648.0,3660.9,3646.73,3652.55,880.5587,2025-09-10 08:00:00
1757505600000,3652.5,3664.0,3638.18,3645.19,1504.3946,2025-09-10 12:00:00
1757520000000,3645.19,3647.31,3636.67,3643.31,1063.0403,2025-09-10 16:00:00
1757534400000,3643.31,3646.92,3637.92,3642.26,629.5014,2025-09-10 20:00:00
1757548800000,3642.26,3644.72,3630.97,3632.73,823.9715,2025-09-11 00:00:00
1757563200000,3632.73,3639.18,3621.03,3626.33,1179.9003,2025-09-11 04:00:00
1757577600000,3626.34,3627.92,3614.09,3615.73,965.7382,2025-09-11 08:00:00
1757592000000,3615.73,3643.19,3615.73,3632.43,1710.5646,2025-09-11 12:00:00
1757606400000,3632.44,3645.81,3630.7,3636.46,478.8379,2025-09-11 16:00:00
1757620800000,3636.16,3639.19,3632.1,3632.1,387.5814,2025-09-11 20:00:00
1757635200000,3632.1,3648.52,3630.53,3648.52,891.8543,2025-09-12 00:00:00
1757649600000,3648.52,3655.89,3646.67,3647.78,651.9951,2025-09-12 04:00:00
1757664000000,3647.78,3651.13,3639.07,3647.76,524.0711,2025-09-12 08:00:00
1757678400000,3647.76,3652.14,3640.0,3643.47,669.3007,2025-09-12 12:00:00
1757692800000,3643.47,3648.53,3641.34,3641.54,625.5435,2025-09-12 16:00:00
1757707200000,3641.54,3646.34,3633.4,3641.99,529.6082,2025-09-12 20:00:00
1757721600000,3641.99,3642.18,3629.98,3631.15,457.5806,2025-09-13 00:00:00
1757736000000,3631.13,3637.37,3625.47,3637.37,497.8783,2025-09-13 04:00:00
1757750400000,3637.43,3638.37,3628.0,3631.95,505.3719,2025-09-13 08:00:00
1757764800000,3631.95,3637.84,3630.23,3637.27,385.1073,2025-09-13 12:00:00
1757779200000,3637.44,3645.43,3633.45,3639.11,572.6284,2025-09-13 16:00:00
1757793600000,3639.11,3639.53,3633.26,3638.72,165.9744,2025-09-13 20:00:00
1757808000000,3638.68,3644.22,3637.44,3643.77,170.5074,2025-09-14 00:00:00
1757822400000,3643.66,3655.68,3643.56,3647.62,506.2143,2025-09-14 04:00:00
1757836800000,3647.63,3649.17,3644.25,3646.78,195.5994,2025-09-14 08:00:00
1757851200000,3646.79,3683.35,3644.07,3657.13,517.2828,2025-09-14 12:00:00
1757865600000,3657.14,3658.06,3649.74,3649.78,318.1354,2025-09-14 16:00:00
1757880000000,3649.79,3654.69,3642.31,3644.54,654.222,2025-09-14 20:00:00
1757894400000,3644.54,3653.86,3635.07,3652.65,776.8629,2025-09-15 00:00:00
1757908800000,3652.74,3653.61,3638.89,3649.32,811.7797,2025-09-15 04:00:00
1757923200000,3649.32,3654.18,3644.0,3651.81,897.8522,2025-09-15 08:00:00
1757937600000,3651.82,3688.96,3643.3,3685.98,1190.9246,2025-09-15 12:00:00
1757952000000,3685.99,3692.79,3680.02,3685.95,1097.7119,2025-09-15 16:00:00
1757966400000,3685.74,3689.53,3677.61,3683.89,777.461,2025-09-15 20:00:00
1757980800000,3683.88,3695.94,3683.88,3689.87,897.6973,2025-09-16 00:00:00
1757995200000,3689.87,3705.7,3688.3,3696.38,1271.7224,2025-09-16 04:00:00
1758009600000,3696.37,3710.53,3696.37,3708.85,1010.4117,2025-09-16 08:00:00
1758024000000,3708.85,3712.69,3688.62,3696.25,1821.4814,2025-09-16 12:00:00
1758038400000,3696.26,3700.84,3692.66,3695.01,686.5651,2025-09-16 16:00:00
1758052800000,3695.0,3705.4,3695.0,3705.04,542.7331,2025-09-16 20:00:00
1758067200000,3705.05,3705.31,3684.66,3690.21,966.1197,2025-09-17 00:00:00
1758081600000,3690.21,3693.24,3677.71,3678.83,921.1962,2025-09-17 04:00:00
1758096000000,3678.83,3685.6,3671.58,3678.14,1037.1876,2025-09-17 08:00:00
1758110400000,3678.14,3697.47,3678.14,3693.54,669.0467,2025-09-17 12:00:00
1758124800000,3693.54,3708.49,3657.59,3666.3,2336.3673,2025-09-17 16:00:00
1758139200000,3666.3,3674.27,3660.1,3671.86,638.5973,2025-09-17 20:00:00
1758153600000,3671.86,3671.87,3657.72,3662.88,1021.3467,2025-09-18 00:00:00
1758168000000,3662.88,3666.71,3639.5,3659.04,2015.989,2025-09-18 04:00:00
1758182400000,3658.87,3671.25,3651.07,3668.9,652.6639,2025-09-18 08:00:00
1758196800000,3668.91,3674.14,3638.08,3645.75,1227.6862,2025-09-18 12:00:00
1758211200000,3645.76,3651.71,3644.04,3650.23,348.2913,2025-09-18 16:00:00
1758225600000,3650.23,3650.31,3643.2,3645.24,235.4567,2025-09-18 20:00:00
1758240000000,3645.24,3658.94,3641.01,3657.46,802.0702,2025-09-19 00:00:00
1758254400000,3657.52,3689.99,3650.27,3659.06,923.6042,2025-09-19 04:00:00
1758268800000,3658.93,3666.25,3653.76,3655.05,487.9678,2025-09-19 08:00:00
1758283200000,3655.05,3677.29,3652.75,3675.29,1088.4128,2025-09-19 12:00:00
1758297600000,3675.3,3687.51,3672.0,3685.8,635.5409,2025-09-19 16:00:00
1758312000000,3685.51,3692.88,3681.17,3690.16,557.9589,2025-09-19 20:00:00
1758326400000,3690.16,3693.04,3683.4,3689.93,243.7365,2025-09-20 00:00:00
1758340800000,3689.94,3692.33,3683.34,3685.89,266.8393,2025-09-20 04:00:00
1758355200000,3685.9,3690.88,3684.0,3688.72,280.993,2025-09-20 08:00:00
1758369600000,3688.71,3691.96,3684.96,3685.0,310.8152,2025-09-20 12:00:00
1758384000000,3685.0,3692.15,3685.0,3690.19,194.6587,2025-09-20 16:00:00
1758398400000,3690.19,3690.22,3685.82,3686.05,163.9111,2025-09-20 20:00:00
1758412800000,3686.05,3690.66,3683.95,3687.4,243.9637,2025-09-21 00:00:00
1758427200000,3687.4,3687.4,3681.38,3685.66,136.3053,2025-09-21 04:00:00
1758441600000,3685.66,3688.27,3681.0,3684.8,229.1697,2025-09-21 08:00:00
1758456000000,3684.8,3690.79,3684.32,3690.14,160.0597,2025-09-21 12:00:00
1758470400000,3690.14,3691.5,3689.45,3689.46,152.7319,2025-09-21 16:00:00
1758484800000,3689.46,3695.34,3686.83,3691.63,313.1046,2025-09-21 20:00:00
1758499200000,3691.59,3700.0,3690.0,3696.49,540.636,2025-09-22 00:00:00
1758513600000,3696.63,3734.0,3693.0,3720.56,1446.0288,2025-09-22 04:00:00
1758528000000,3720.55,3742.62,3719.99,3733.88,1954.9727,2025-09-22 08:00:00
1758542400000,3733.88,3747.68,3722.34,3746.56,1988.6251,2025-09-22 12:00:00
1758556800000,3746.57,3759.29,3742.04,3757.36,1954.3206,2025-09-22 16:00:00
1758571200000,3757.52,3766.4,3750.55,3757.71,1256.0095,2025-09-22 20:00:00
1758585600000,3757.74,3771.0,3748.89,3756.33,1288.4434,2025-09-23 00:00:00
1758600000000,3756.33,3768.17,3752.14,3761.56,1128.8039,2025-09-23 04:00:00
1758614400000,3761.57,3800.0,3761.57,3792.28,2123.7994,2025-09-23 08:00:00
1758628800000,3791.66,3795.27,3773.0,3785.14,1793.4949,2025-09-23 12:00:00
1758643200000,3785.57,3791.89,3763.57,3777.42,1295.0092,2025-09-23 16:00:00
1758657600000,3777.41,3781.74,3772.0,3774.33,784.4009,2025-09-23 20:00:00
1758672000000,3774.34,3783.84,3759.0,3777.79,1224.7884,2025-09-24 00:00:00
1758686400000,3777.79,3788.79,3772.34,3786.2,1078.0249,2025-09-24 04:00:00
1758700800000,3786.31,3786.72,3767.3,3776.1,1005.2284,2025-09-24 08:00:00
1758715200000,3776.1,3780.0,3746.9,3746.98,1655.4451,2025-09-24 12:00:00
1758729600000,3747.29,3751.9,3720.78,3740.47,2033.8626,2025-09-24 16:00:00
1758744000000,3740.47,3757.19,3739.35,3754.88,460.9125,2025-09-24 20:00:00
1758758400000,3754.88,3761.0,3735.0,3744.0,1375.6531,2025-09-25 00:00:00
1758772800000,3744.01,3764.15,3738.69,3762.22,617.6638,2025-09-25 04:00:00
1758787200000,3762.21,3773.55,3747.52,3761.44,1486.4691,2025-09-25 08:00:00
1758801600000,3761.52,3765.07,3730.0,3741.69,1356.1902,2025-09-25 12:00:00
1758816000000,3741.69,3765.05,3737.88,3753.19,1238.0871,2025-09-25 16:00:00
1758830400000,3753.19,3764.08,3748.28,3753.29,599.5144,2025-09-25 20:00:00
1758844800000,3753.29,3759.99,3742.04,3751.61,588.9678,2025-09-26 00:00:00
1758859200000,3751.62,3759.48,3745.69,3754.29,638.5754,2025-09-26 04:00:00
1758873600000,3754.18,3761.98,3749.23,3757.71,658.7223,2025-09-26 08:00:00
1758888000000,3757.71,3793.12,3753.76,3788.0,1762.9451,2025-09-26 12:00:00
1758902400000,3788.01,3799.0,3775.11,3775.91,783.862,2025-09-26 16:00:00
1758916800000,3776.21,3780.14,3764.5,3772.99,544.6657,2025-09-26 20:00:00
1758931200000,3773.0,3777.43,3768.56,3776.27,185.8755,2025-09-27 00:00:00
1758945600000,3776.27,3779.22,3770.81,3773.99,203.6942,2025-09-27 04:00:00
1758960000000,3773.99,3780.24,3773.21,3775.97,284.53,2025-09-27 08:00:00
1758974400000,3775.96,3784.69,3773.56,3779.58,252.8562,2025-09-27 12:00:00
1758988800000,3779.58,3784.14,3772.46,3775.66,317.245,2025-09-27 16:00:00
1759003200000,3775.67,3778.45,3773.26,3774.88,253.8988,2025-09-27 20:00:00
1759017600000,3774.88,3779.5,3774.21,3777.68,250.2768,2025-09-28 00:00:00
1759032000000,3777.68,3780.51,3777.3,3779.0,249.6966,2025-09-28 04:00:00
1759046400000,3779.0,3780.36,3774.92,3776.02,244.6529,2025-09-28 08:00:00
1759060800000,3776.03,3780.5,3773.02,3773.39,282.6734,2025-09-28 12:00:00
1759075200000,3773.4,3774.29,3771.26,3773.37,209.7886,2025-09-28 16:00:00
1759089600000,3773.36,3779.0,3766.16,3775.98,578.9133,2025-09-28 20:00:00
1759104000000,3775.99,3809.74,3773.21,3804.66,952.2448,2025-09-29 00:00:00
1759118400000,3804.66,3833.0,3800.9,3816.47,2591.7661,2025-09-29 04:00:00
1759132800000,3816.7,3844.34,3816.7,3841.66,1199.8498,2025-09-29 08:00:00
1759147200000,3841.66,3842.19,3819.48,3838.56,944.8945,2025-09-29 12:00:00
1759161600000,3838.55,3844.78,3835.56,3840.33,1062.4903,2025-09-29 16:00:00
1759176000000,3840.33,3859.48,3832.9,3847.63,1061.7758,2025-09-29 20:00:00
1759190400000,3847.63,3880.69,3846.66,3876.09,1618.2296,2025-09-30 00:00:00
1759204800000,3876.1,3880.23,3850.94,3854.03,1700.5606,2025-09-30 04:00:00
1759219200000,3854.01,3857.19,3806.92,3827.95,3347.0664,2025-09-30 08:00:00
1759233600000,3827.95,3862.87,3820.97,3849.3,1203.7953,2025-09-30 12:00:00
1759248000000,3849.3,3869.99,3849.28,3869.97,779.4927,2025-09-30 16:00:00
1759262400000,3869.97,3875.76,3859.31,3875.76,633.1967,2025-09-30 20:00:00
1759276800000,3875.75,3886.03,3865.93,3870.78,1479.8818,2025-10-01 00:00:00
1759291200000,3870.77,3889.71,3863.63,3889.66,865.358,2025-10-01 04:00:00
1759305600000,3889.74,3904.58,3887.36,3893.85,1876.851,2025-10-01 08:00:00
1759320000000,3894.3,3899.52,3868.64,3878.33,1707.0766,2025-10-01 12:00:00
1759334400000,3878.32,3881.32,3865.0,3873.53,745.709,2025-10-01 16:00:00
1759348800000,3873.53,3880.21,3868.08,3870.01,597.2511,2025-10-01 20:00:00
1759363200000,3870.49,3878.07,3856.01,3871.84,2085.2646,2025-10-02 00:00:00
1759377600000,3871.85,3878.54,3864.01,3875.09,747.4025,2025-10-02 04:00:00
1759392000000,3875.1,3892.01,3873.25,3889.98,769.0611,2025-10-02 08:00:00
1759406400000,3889.98,3899.0,3823.79,3839.02,1873.8712,2025-10-02 12:00:00
1759420800000,3839.01,3867.35,3838.03,3863.9,967.1627,2025-10-02 16:00:00
1759435200000,3864.1,3866.46,3850.75,3865.37,622.3076,2025-10-02 20:00:00
1759449600000,3865.38,3865.38,3843.79,3848.85,944.4955,2025-10-03 00:00:00
1759464000000,3848.85,3870.94,3848.48,3870.76,436.2842,2025-10-03 04:00:00
1759478400000,3870.75,3873.09,3861.43,3867.07,476.9017,2025-10-03 08:00:00
1759492800000,3867.08,3889.44,3865.44,3888.41,1028.6198,2025-10-03 12:00:00
1759507200000,3888.4,3889.99,3880.03,3883.68,1070.0343,2025-10-03 16:00:00
1759521600000,3883.68,3886.56,3842.52,3883.56,783.2702,2025-10-03 20:00:00
1759536000000,3883.57,3899.0,3883.21,3890.49,793.4448,2025-10-04 00:00:00
1759550400000,3890.48,3892.92,3885.0,3886.01,274.311,2025-10-04 04:00:00
1759564800000,3886.01,3891.46,3886.01,3890.18,251.1315,2025-10-04 08:00:00
1759579200000,3890.18,3901.57,3888.83,3900.0,1568.6173,2025-10-04 12:00:00
1759593600000,3900.0,3909.2,3900.0,3900.09,1328.2944,2025-10-04 16:00:00
1759608000000,3900.09,3902.11,3896.73,3900.87,405.0524,2025-10-04 20:00:00
1759622400000,3900.88,3902.62,3890.0,3893.99,656.5555,2025-10-05 00:00:00
1759636800000,3893.98,3897.81,3886.84,3889.25,1051.1322,2025-10-05 04:00:00
1759651200000,3889.24,3899.0,3887.04,3894.5,629.5941,2025-10-05 08:00:00
1759665600000,3894.5,3899.0,3890.44,3894.28,473.8157,2025-10-05 12:00:00
1759680000000,3894.3,3897.19,3891.62,3893.52,196.7108,2025-10-05 16:00:00
1759694400000,3893.52,3922.65,3890.53,3914.2,956.485,2025-10-05 20:00:00
1759708800000,3914.21,3940.0,3906.36,3939.32,886.7596,2025-10-06 00:00:00
1759723200000,3939.31,3953.09,3931.0,3947.55,1158.9533,2025-10-06 04:00:00
1759737600000,3947.54,3956.36,3942.0,3947.9,716.8118,2025-10-06 08:00:00
1759752000000,3947.89,3975.31,3936.75,3973.14,1242.1191,2025-10-06 12:00:00
1759766400000,3973.14,3979.0,3958.64,3970.74,1061.2415,2025-10-06 16:00:00
1759780800000,3970.74,3989.89,3967.88,3983.21,1277.708,2025-10-06 20:00:00
1759795200000,3983.22,3990.0,3966.67,3984.13,991.031,2025-10-07 00:00:00
1759809600000,3984.13,3986.17,3955.39,3957.52,1179.0806,2025-10-07 04:00:00
1759824000000,3957.85,3977.55,3953.39,3977.04,1065.3834,2025-10-07 08:00:00
1759838400000,3977.05,4000.0,3976.92,3983.22,3131.8957,2025-10-07 12:00:00
1759852800000,3983.22,4000.0,3980.0,3994.92,1594.8725,2025-10-07 16:00:00
1759867200000,3994.92,4004.84,3992.98,4000.88,1775.5795,2025-10-07 20:00:00
1759881600000,4000.87,4027.42,3996.75,4026.16,4455.5006,2025-10-08 00:00:00
1759896000000,4026.16,4049.0,4026.16,4045.71,4140.9371,2025-10-08 04:00:00
1759910400000,4045.71,4059.99,4040.31,4051.69,2255.5587,2025-10-08 08:00:00
1759924800000,4051.67,4066.0,4041.58,4058.24,3448.0658,2025-10-08 12:00:00
1759939200000,4058.25,4079.48,4045.63,4056.45,2905.5962,2025-10-08 16:00:00
1759953600000,4056.45,4059.6,4021.0,4032.21,1206.088,2025-10-08 20:00:00
1759968000000,4032.22,4055.96,4026.79,4045.72,1378.3408,2025-10-09 00:00:00
1759982400000,4045.71,4062.41,4044.0,4047.49,1728.0302,2025-10-09 04:00:00
1759996800000,4047.48,4061.75,4047.33,4058.99,1471.9201,2025-10-09 08:00:00
1760011200000,4058.98,4072.0,4024.96,4036.43,3883.5785,2025-10-09 12:00:00
1760025600000,4036.43,4041.4,3961.94,3989.18,3130.5504,2025-10-09 16:00:00
1760040000000,3989.19,4000.28,3975.33,4000.27,819.5123,2025-10-09 20:00:00
1760054400000,4000.28,4007.09,3971.39,3971.39,1090.0656,2025-10-10 00:00:00
1760068800000,3971.32,3986.68,3957.29,3977.88,1509.2121,2025-10-10 04:00:00
1760083200000,3977.89,4014.25,3976.0,3994.26,1070.984,2025-10-10 08:00:00
1760097600000,3994.27,4030.0,3981.52,4008.65,2721.1203,2025-10-10 12:00:00
1760112000000,4008.5,4033.0,3987.32,4024.44,1915.3,2025-10-10 16:00:00
1760126400000,4024.43,4030.95,3600.0,3983.01,10651.3094,2025-10-10 20:00:00
1760140800000,3983.0,3987.3,3950.0,3973.35,6507.626,2025-10-11 00:00:00
1760155200000,3974.23,4000.8,3965.86,3993.49,2384.0603,2025-10-11 04:00:00
1760169600000,3993.49,4000.88,3990.1,3997.66,926.6076,2025-10-11 08:00:00
1760184000000,3997.43,4002.45,3982.81,3987.71,1410.3201,2025-10-11 12:00:00
1760198400000,3987.71,3997.55,3977.11,3979.0,1507.16,2025-10-11 16:00:00
1760212800000,3978.99,3992.53,3973.18,3992.15,1032.8509,2025-10-11 20:00:00
1760227200000,3992.14,4016.64,3992.14,4007.81,1643.6244,2025-10-12 00:00:00
1760241600000,4007.81,4013.08,4007.0,4012.34,796.1793,2025-10-12 04:00:00
1760256000000,4012.35,4015.96,4008.82,4011.96,681.4008,2025-10-12 08:00:00
1760270400000,4011.96,4017.18,3980.0,3998.9,1477.0398,2025-10-12 12:00:00
1760284800000,3998.9,4003.0,3996.12,4002.72,1321.2501,2025-10-12 16:00:00
1760299200000,4002.71,4058.65,4000.82,4036.56,4302.4036,2025-10-12 20:00:00
1760313600000,4036.57,4056.28,4026.55,4052.01,2466.2922,2025-10-13 00:00:00
1760328000000,4052.01,4080.69,4052.01,4075.56,1750.1106,2025-10-13 04:00:00
1760342400000,4075.56,4095.65,4075.56,4082.64,1387.7964,2025-10-13 08:00:00
1760356800000,4082.64,4119.0,4078.0,4110.75,2527.1596,2025-10-13 12:00:00
1760371200000,4110.75,4124.06,4101.58,4124.0,2760.646,2025-10-13 16:00:00
1760385600000,4124.0,4142.3,4115.26,4141.69,1912.7159,2025-10-13 20:00:00
1760400000000,4141.69,4183.67,4133.47,4179.1,2424.6733,2025-10-14 00:00:00
1760414400000,4179.11,4200.0,4103.38,4142.41,6434.5184,2025-10-14 04:00:00
1760428800000,4142.41,4161.26,4130.48,4139.6,2956.4161,2025-10-14 08:00:00
1760443200000,4139.59,4154.22,4112.0,4148.88,2982.454,2025-10-14 12:00:00
1760457600000,4148.94,4173.99,4140.0,4155.65,3163.5955,2025-10-14 16:00:00
1760472000000,4155.53,4184.13,4151.67,4176.71,1078.4739,2025-10-14 20:00:00
1760486400000,4176.7,4207.13,4170.81,4205.24,2402.5164,2025-10-15 00:00:00
1760500800000,4205.24,4227.36,4191.24,4224.66,2506.9206,2025-10-15 04:00:00
1760515200000,4224.94,4240.29,4188.0,4223.0,4368.8241,2025-10-15 08:00:00
1760529600000,4223.0,4229.98,4200.76,4211.71,3651.7577,2025-10-15 12:00:00
1760544000000,4211.71,4231.81,4205.06,4230.95,2663.0499,2025-10-15 16:00:00
1760558400000,4230.95,4247.41,4219.82,4238.42,2367.6694,2025-10-15 20:00:00
1760572800000,4238.42,4274.0,4235.66,4261.56,3443.9741,2025-10-16 00:00:00
1760587200000,4261.65,4262.4,4225.28,4246.92,3977.8108,2025-10-16 04:00:00
1760601600000,4246.91,4266.13,4236.2,4258.48,1765.0227,2025-10-16 08:00:00
1760616000000,4258.47,4297.89,4246.18,4292.64,4157.5595,2025-10-16 12:00:00
1760630400000,4292.65,4336.65,4286.51,4333.33,8135.193482,2025-10-16 16:00:00
1760644800000,4333.07,4790.0,4333.0,4436.75,10634.7956,2025-10-16 20:00:00
1760659200000,4436.74,4436.75,4256.0,4401.2,9557.5753,2025-10-17 00:00:00
1760673600000,4401.27,4432.13,4351.0,4382.34,9142.2418,2025-10-17 04:00:00
1760688000000,4382.35,4499.0,4305.89,4307.81,12848.9575,2025-10-17 08:00:00
1760702400000,4307.8,4347.67,4225.0,4253.1,10042.4238,2025-10-17 12:00:00
1760716800000,4253.11,4260.63,4192.55,4236.8,4301.2166,2025-10-17 16:00:00
1760731200000,4236.81,4273.28,4188.0,4238.93,3997.5844,2025-10-17 20:00:00
1760745600000,4238.93,4259.28,4238.46,4246.44,1637.0166,2025-10-18 00:00:00
1760760000000,4246.44,4252.53,4226.0,4235.41,1020.3189,2025-10-18 04:00:00
1760774400000,4235.41,4250.0,4235.4,4238.43,793.9555,2025-10-18 08:00:00
1760788800000,4238.43,4248.79,4233.46,4244.1,713.3566,2025-10-18 12:00:00
1760803200000,4244.11,4265.58,4238.17,4265.39,683.8332,2025-10-18 16:00:00
1760817600000,4265.39,4266.66,4234.3,4242.81,980.4756,2025-10-18 20:00:00
1760832000000,4242.81,4257.96,4235.34,4242.81,1323.8038,2025-10-19 00:00:00
1760846400000,4242.89,4248.71,4239.27,4241.7,647.3769,2025-10-19 04:00:00
1760860800000,4241.7,4253.23,4236.0,4242.0,873.1099,2025-10-19 08:00:00
1760875200000,4242.01,4246.24,4228.99,4236.1,2007.2396,2025-10-19 12:00:00
1760889600000,4236.1,4245.17,4228.0,4237.49,1775.7143,2025-10-19 16:00:00
1760904000000,4237.49,4265.0,4231.0,4242.46,2095.3218,2025-10-19 20:00:00
1760918400000,4242.34,4272.5,4214.16,4260.78,1996.3344,2025-10-20 00:00:00
1760932800000,4260.77,4268.29,4220.16,4245.67,4119.471,2025-10-20 04:00:00
1760947200000,4245.66,4269.42,4237.29,4269.17,2338.1602,2025-10-20 08:00:00
1760961600000,4269.18,4355.55,4265.84,4348.17,5406.4887,2025-10-20 12:00:00
1760976000000,4348.16,4401.66,4333.51,4388.43,2344.0135,2025-10-20 16:00:00
1760990400000,4388.43,4390.74,4355.9,4364.09,1959.7144,2025-10-20 20:00:00
1761004800000,4363.81,4375.49,4341.35,4357.86,1883.9313,2025-10-21 00:00:00
1761019200000,4357.86,4357.87,4290.01,4299.65,2057.1318,2025-10-21 04:00:00
1761033600000,4299.66,4301.83,4250.37,4257.24,3730.9856,2025-10-21 08:00:00
1761048000000,4257.8,4261.99,4101.0,4139.2,9050.7728,2025-10-21 12:00:00
1761062400000,4139.4,4145.93,4094.72,4114.57,4535.1914,2025-10-21 16:00:00
1761076800000,4114.09,4141.09,4095.34,4098.31,3334.2763,2025-10-21 20:00:00
1761091200000,4098.82,4147.04,4020.0,4133.33,6229.157,2025-10-22 00:00:00
1761105600000,4133.77,4167.79,4116.14,4138.01,3280.508,2025-10-22 04:00:00
1761120000000,4138.02,4140.71,4023.0,4041.49,6541.1651,2025-10-22 08:00:00
1761134400000,4041.5,4097.0,4025.7,4042.51,4179.4274,2025-10-22 12:00:00
1761148800000,4042.5,4114.14,4030.38,4101.48,2575.9319,2025-10-22 16:00:00
1761163200000,4101.33,4113.95,4085.08,4091.78,1666.0991,2025-10-22 20:00:00
1761177600000,4092.05,4109.14,4068.9,4098.09,1603.4677,2025-10-23 00:00:00
1761192000000,4098.09,4134.91,4057.14,4089.63,6819.9733,2025-10-23 04:00:00
1761206400000,4089.64,4126.89,4089.64,4115.49,1673.2375,2025-10-23 08:00:00
1761220800000,4115.18,4157.46,4106.12,4141.4,2387.1127,2025-10-23 12:00:00
1761235200000,4141.39,4149.06,4116.07,4117.0,1319.5513,2025-10-23 16:00:00
1761249600000,4117.36,4127.97,4102.0,4117.46,1678.3569,2025-10-23 20:00:00
1761264000000,4117.92,4139.52,4109.74,4125.0,1119.8083,2025-10-24 00:00:00
1761278400000,4125.0,4125.01,4067.75,4071.99,2960.0521,2025-10-24 04:00:00
1761292800000,4072.0,4074.77,4045.25,4061.53,2942.7681,2025-10-24 08:00:00
1761307200000,4061.53,4126.98,4059.58,4121.94,3076.3162,2025-10-24 12:00:00
1761321600000,4122.13,4139.62,4094.25,4097.3,1879.4135,2025-10-24 16:00:00
1761336000000,4097.3,4117.64,4090.99,4110.53,616.2352,2025-10-24 20:00:00
1761350400000,4110.54,4127.13,4101.77,4110.07,1217.3696,2025-10-25 00:00:00
1761364800000,4110.07,4117.43,4105.0,4107.34,610.4928,2025-10-25 04:00:00
1761379200000,4107.34,4116.78,4099.93,4109.41,830.5532,2025-10-25 08:00:00
1761393600000,4109.41,4111.65,4106.7,4107.82,259.8769,2025-10-25 12:00:00
1761408000000,4107.82,4110.46,4105.6,4108.81,243.6581,2025-10-25 16:00:00
1761422400000,4108.82,4110.39,4106.17,4110.33,235.1217,2025-10-25 20:00:00
1761436800000,4110.32,4114.5,4104.0,4107.75,398.4182,2025-10-26 00:00:00
1761451200000,4107.75,4111.0,4098.74,4102.79,1131.6964,2025-10-26 04:00:00
1761465600000,4102.8,4109.89,4097.98,4101.71,1367.2302,2025-10-26 08:00:00
1761480000000,4101.71,4107.14,4096.2,4099.13,959.5748,2025-10-26 12:00:00
1761494400000,4099.12,4102.37,4085.03,4096.5,862.2244,2025-10-26 16:00:00
1761508800000,4096.51,4101.8,4056.26,4059.96,2989.6194,2025-10-26 20:00:00
1761523200000,4059.95,4094.71,4056.01,4066.67,2201.1609,2025-10-27 00:00:00
1761537600000,4066.67,4081.07,4051.07,4063.71,1945.2878,2025-10-27 04:00:00
1761552000000,4063.71,4064.24,4015.88,4023.84,4126.6923,2025-10-27 08:00:00
1761566400000,4023.84,4048.48,3951.0,3986.79,5791.5886,2025-10-27 12:00:00
1761580800000,3986.97,4002.18,3977.21,3980.31,1972.3051,2025-10-27 16:00:00
1761595200000,3980.41,3995.37,3969.82,3992.2,1378.8914,2025-10-27 20:00:00
1761609600000,3992.19,4013.17,3970.87,3990.1,1846.8872,2025-10-28 00:00:00
1761624000000,3990.15,3991.69,3921.0,3932.14,3026.8881,2025-10-28 04:00:00
1761638400000,3932.14,3939.8,3900.0,3931.36,6809.4396,2025-10-28 08:00:00
1761652800000,3931.37,4000.0,3913.63,3970.74,5183.4726,2025-10-28 12:00:00
1761667200000,3970.73,3976.22,3953.36,3967.98,2311.8437,2025-10-28 16:00:00
1761681600000,3967.97,3970.91,3930.08,3968.36,2175.991,2025-10-28 20:00:00
1761696000000,3968.42,3987.5,3950.01,3964.2,2468.4065,2025-10-29 00:00:00
1761710400000,3964.2,4001.52,3953.08,4001.52,1558.3344,2025-10-29 04:00:00
1761724800000,4001.53,4031.43,3999.86,4018.16,2611.8376,2025-10-29 08:00:00
1761739200000,4018.17,4030.63,3989.0,3995.02,2156.1722,2025-10-29 12:00:00
1761753600000,3994.75,4008.95,3933.18,3949.3,4013.7579,2025-10-29 16:00:00
1761768000000,3949.55,3960.06,3921.71,3956.23,1806.2425,2025-10-29 20:00:00
1761782400000,3955.76,3969.71,3923.15,3941.1,1872.9996,2025-10-30 00:00:00
1761796800000,3941.16,3985.01,3938.48,3961.39,3426.8738,2025-10-30 04:00:00
1761811200000,3961.38,4008.04,3954.46,3976.02,3463.5058,2025-10-30 08:00:00
1761825600000,3976.01,4009.8,3960.79,3999.16,3353.0949,2025-10-30 12:00:00
1761840000000,3999.16,4023.0,3989.42,4020.42,2518.8871,2025-10-30 16:00:00
1761854400000,4020.71,4040.0,4012.42,4034.25,1709.2651,2025-10-30 20:00:00
1761868800000,4034.26,4035.0,3990.0,3994.43,2100.0141,2025-10-31 00:00:00
1761883200000,3994.43,4026.25,3988.57,4023.86,1201.7422,2025-10-31 04:00:00
1761897600000,4023.86,4031.8,3998.71,4007.61,1724.8259,2025-10-31 08:00:00
1761912000000,4007.61,4032.56,4007.19,4011.79,1937.4937,2025-10-31 12:00:00
1761926400000,4012.04,4013.84,3971.81,3995.65,2699.3673,2025-10-31 16:00:00
1761940800000,3995.65,4004.21,3991.21,4000.16,440.2694,2025-10-31 20:00:00
1761955200000,4000.16,4005.95,3995.51,4004.43,447.3049,2025-11-01 00:00:00
1761969600000,4004.43,4007.15,4002.43,4002.96,302.0875,2025-11-01 04:00:00
1761984000000,4002.96,4009.88,4001.84,4008.72,432.0724,2025-11-01 08:00:00
1761998400000,4008.71,4010.36,4001.18,4004.7,540.7864,2025-11-01 12:00:00
1762012800000,4004.71,4016.63,4003.02,4015.0,1019.9707,2025-11-01 16:00:00
1762027200000,4015.0,4015.01,4006.5,4008.41,335.4392,2025-11-01 20:00:00
1762041600000,4008.42,4012.69,4002.93,4003.39,416.2823,2025-11-02 00:00:00
1762056000000,4003.38,4005.95,3990.0,4001.76,868.1847,2025-11-02 04:00:00
1762070400000,4001.76,4003.7,3993.14,3998.39,518.1187,2025-11-02 08:00:00
1762084800000,3998.39,4006.16,3994.0,3998.65,539.4984,2025-11-02 12:00:00
1762099200000,3998.6,4003.17,3996.56,4002.52,224.2447,2025-11-02 16:00:00
1762113600000,4002.53,4002.95,3976.88,3979.05,548.4197,2025-11-02 20:00:00
1762128000000,3979.05,4010.05,3962.2,4005.89,1825.8767,2025-11-03 00:00:00
1762142400000,4005.89,4020.78,3995.74,4020.34,1430.4963,2025-11-03 04:00:00
1762156800000,4020.35,4023.18,3980.0,4003.3,1174.0331,2025-11-03 08:00:00
1762171200000,4003.3,4024.93,3999.59,4003.73,1635.2172,2025-11-03 12:00:00
1762185600000,4003.78,4008.28,3990.0,3999.2,1419.2432,2025-11-03 16:00:00
1762200000000,3999.67,4009.04,3980.07,3992.01,657.5537,2025-11-03 20:00:00
1762214400000,3992.02,3996.92,3967.12,3990.87,1482.4988,2025-11-04 00:00:00
1762228800000,3991.09,4009.0,3960.38,3988.3,1331.3648,2025-11-04 04:00:00
1762243200000,3988.3,3995.0,3980.27,3991.52,1120.5241,2025-11-04 08:00:00
1762257600000,3991.51,3992.25,3927.23,3951.97,2625.4669,2025-11-04 12:00:00
1762272000000,3951.97,3968.35,3918.0,3930.56,2528.7541,2025-11-04 16:00:00
1762286400000,3930.56,3936.24,3920.0,3929.18,1901.7253,2025-11-04 20:00:00
1762300800000,3929.45,3960.23,3920.0,3957.01,2378.7179,2025-11-05 00:00:00
1762315200000,3957.0,3968.69,3952.12,3965.97,1578.2514,2025-11-05 04:00:00
1762329600000,3965.97,3977.86,3952.18,3961.52,927.8189,2025-11-05 08:00:00
1762344000000,3961.53,3980.79,3957.36,3974.86,1466.6038,2025-11-05 12:00:00
1762358400000,3974.86,3985.32,3971.5,3984.63,947.8047,2025-11-05 16:00:00
1762372800000,3984.64,3988.23,3962.92,3971.74,1034.6833,2025-11-05 20:00:00
1762387200000,3971.75,3984.59,3958.68,3981.99,717.6612,2025-11-06 00:00:00
1762401600000,3982.0,4007.0,3975.21,4002.18,1334.2908,2025-11-06 04:00:00
1762416000000,4002.41,4015.75,4001.0,4015.75,888.1184,2025-11-06 08:00:00
1762430400000,4015.74,4020.0,3967.1,3975.32,2493.8462,2025-11-06 12:00:00
1762444800000,3975.31,3992.4,3962.18,3981.31,969.3221,2025-11-06 16:00:00
1762459200000,3981.31,3986.26,3972.1,3986.26,619.1008,2025-11-06 20:00:00
1762473600000,3986.26,3999.0,3980.71,3986.7,1185.3582,2025-11-07 00:00:00
1762488000000,3986.7,4003.85,3981.63,4002.7,656.788,2025-11-07 04:00:00
1762502400000,4002.7,4007.13,3989.11,3997.4,686.7962,2025-11-07 08:00:00
1762516800000,3997.62,4002.71,3977.01,3982.24,3847.3159,2025-11-07 12:00:00
1762531200000,3982.06,4014.99,3981.47,4003.11,1753.6172,2025-11-07 16:00:00
1762545600000,4003.1,4003.1,3990.5,3992.01,850.5109,2025-11-07 20:00:00
1762560000000,3992.02,4000.0,3991.6,3996.64,351.7771,2025-11-08 00:00:00
1762574400000,3996.64,3998.21,3986.75,3988.16,346.666,2025-11-08 04:00:00
1762588800000,3988.16,3993.65,3986.93,3990.91,222.6023,2025-11-08 08:00:00
1762603200000,3990.91,3993.12,3985.64,3987.54,280.8221,2025-11-08 12:00:00
1762617600000,3987.54,3991.48,3983.66,3987.95,330.8422,2025-11-08 16:00:00
1762632000000,3987.95,3991.02,3986.13,3989.36,185.5931,2025-11-08 20:00:00
1762646400000,3989.36,3995.64,3986.47,3987.68,333.3714,2025-11-09 00:00:00
1762660800000,3987.7,3996.45,3987.39,3994.84,179.6278,2025-11-09 04:00:00
1762675200000,3994.85,3997.65,3988.43,3992.24,527.3283,2025-11-09 08:00:00
1762689600000,3992.24,3997.82,3992.0,3993.19,694.6601,2025-11-09 12:00:00
1762704000000,3993.2,3996.54,3992.0,3993.37,472.4198,2025-11-09 16:00:00
1762718400000,3993.37,4004.69,3992.8,4004.69,593.5438,2025-11-09 20:00:00
1762732800000,4004.79,4046.24,4004.65,4044.88,1799.6314,2025-11-10 00:00:00
1762747200000,4044.9,4075.0,4044.89,4073.3,1424.8946,2025-11-10 04:00:00
1762761600000,4073.31,4082.35,4066.68,4082.35,934.1164,2025-11-10 08:00:00
1762776000000,4082.6,4104.86,4072.81,4077.27,2216.7952,2025-11-10 12:00:00
1762790400000,4077.27,4110.0,4075.91,4105.78,1720.6743,2025-11-10 16:00:00
1762804800000,4105.78,4117.0,4097.93,4114.67,626.2029,2025-11-10 20:00:00
1762819200000,4114.68,4139.34,4111.58,4132.45,1622.4977,2025-11-11 00:00:00
1762833600000,4132.3,4135.99,4111.28,4119.23,1747.7262,2025-11-11 04:00:00
1762848000000,4119.23,4137.46,4118.63,4134.6,1526.182,2025-11-11 08:00:00
1762862400000,4134.83,4137.3,4085.13,4095.91,2026.7481,2025-11-11 12:00:00
1762876800000,4095.9,4112.61,4094.3,4110.26,849.4258,2025-11-11 16:00:00
1762891200000,4110.26,4131.52,4106.16,4127.99,1049.3659,2025-11-11 20:00:00
1762905600000,4128.04,4131.45,4103.38,4104.09,1004.8083,2025-11-12 00:00:00
1762920000000,4104.08,4112.0,4088.21,4104.86,956.7629,2025-11-12 04:00:00
1762934400000,4104.88,4121.96,4100.06,4115.13,839.9952,2025-11-12 08:00:00
1762948800000,4115.13,4177.04,4114.21,4170.13,2935.7813,2025-11-12 12:00:00
1762963200000,4170.14,4201.78,4166.15,4185.53,2779.2274,2025-11-12 16:00:00
1762977600000,4185.53,4193.68,4172.0,4178.16,1201.1339,2025-11-12 20:00:00
1762992000000,4178.16,4198.7,4170.11,4198.7,1266.9806,2025-11-13 00:00:00
1763006400000,4198.9,4209.9,4193.85,4208.79,1324.9168,2025-11-13 04:00:00
1763020800000,4208.78,4230.66,4208.05,4221.48,2811.5005,2025-11-13 08:00:00
1763035200000,4221.47,4237.72,4176.78,4185.45,3475.7666,2025-11-13 12:00:00
1763049600000,4185.19,4199.04,4129.78,4148.73,3951.7912,2025-11-13 16:00:00
1763064000000,4148.73,4179.42,4144.48,4175.95,1663.0998,2025-11-13 20:00:00
1763078400000,4175.95,4202.0,4160.37,4193.7,1969.6008,2025-11-14 00:00:00
1763092800000,4193.7,4194.28,4146.04,4168.59,1884.8856,2025-11-14 04:00:00
1763107200000,4168.59,4172.67,4118.0,4120.5,2417.5438,2025-11-14 08:00:00
1763121600000,4120.5,4126.86,4022.35,4080.06,6369.4105,2025-11-14 12:00:00
1763136000000,4080.2,4095.77,4066.66,4076.76,1565.4966,2025-11-14 16:00:00
1763150400000,4076.65,4080.62,4063.73,4074.73,1120.9923,2025-11-14 20:00:00
1763164800000,4074.72,4083.97,4070.3,4076.75,948.2451,2025-11-15 00:00:00
1763179200000,4076.74,4084.2,4069.41,4079.63,614.0049,2025-11-15 04:00:00
1763193600000,4079.63,4079.96,4072.27,4074.28,622.1593,2025-11-15 08:00:00
1763208000000,4074.45,4099.41,4073.65,4094.83,1385.6833,2025-11-15 12:00:00
1763222400000,4094.83,4099.38,4087.17,4087.17,668.8012,2025-11-15 16:00:00
1763236800000,4087.18,4102.02,4085.31,4093.95,470.6815,2025-11-15 20:00:00
1763251200000,4093.96,4107.34,4093.14,4102.38,652.2578,2025-11-16 00:00:00
1763265600000,4102.7,4107.0,4097.73,4102.92,431.1865,2025-11-16 04:00:00
1763280000000,4102.92,4112.35,4093.91,4101.15,683.2694,2025-11-16 08:00:00
1763294400000,4101.16,4105.87,4088.61,4092.66,752.5759,2025-11-16 12:00:00
1763308800000,4092.71,4108.74,4090.01,4097.89,1584.3687,2025-11-16 16:00:00
1763323200000,4097.9,4116.75,4075.0,4090.82,2039.3227,2025-11-16 20:00:00
1763337600000,4091.3,4094.96,4067.0,4080.78,1627.5855,2025-11-17 00:00:00
1763352000000,4080.77,4081.09,4041.17,4073.34,2352.8556,2025-11-17 04:00:00
1763366400000,4073.32,4079.16,4051.0,4064.96,1164.2508,2025-11-17 08:00:00
1763380800000,4064.96,4076.97,4048.22,4052.24,1794.1167,2025-11-17 12:00:00
1763395200000,4052.25,4068.0,4003.95,4004.62,2972.5444,2025-11-17 16:00:00
1763409600000,4004.62,4050.52,4000.0,4028.61,2404.8389,2025-11-17 20:00:00
1763424000000,4028.61,4034.82,3998.71,4005.55,2312.936,2025-11-18 00:00:00
1763438400000,4005.55,4017.27,3996.15,4007.88,2226.6292,2025-11-18 04:00:00
1763452800000,4008.19,4041.65,4005.7,4030.38,1421.0486,2025-11-18 08:00:00
1763467200000,4030.39,4070.83,4021.58,4047.87,2270.452,2025-11-18 12:00:00
1763481600000,4047.87,4072.77,4037.33,4072.42,1451.2608,2025-11-18 16:00:00
1763496000000,4072.51,4074.72,4056.56,4069.0,617.4571,2025-11-18 20:00:00
1763510400000,4069.0,4073.54,4050.0,4059.19,1119.803,2025-11-19 00:00:00
1763524800000,4059.19,4091.53,4056.92,4080.15,1467.0007,2025-11-19 04:00:00
1763539200000,4080.16,4111.18,4072.35,4106.46,2208.1505,2025-11-19 08:00:00
1763553600000,4106.11,4130.4,4083.16,4089.5,2874.0018,2025-11-19 12:00:00
1763568000000,4089.73,4094.24,4049.14,4065.39,3587.9854,2025-11-19 16:00:00
1763582400000,4065.39,4099.96,4057.73,4096.93,2307.6868,2025-11-19 20:00:00
1763596800000,4097.12,4105.87,4039.74,4066.99,1977.028,2025-11-20 00:00:00
1763611200000,4067.13,4077.05,4051.75,4055.07,1404.5609,2025-11-20 04:00:00
1763625600000,4055.08,4064.32,4035.73,4055.96,1373.9317,2025-11-20 08:00:00
1763640000000,4055.96,4097.79,4055.79,4064.39,3025.9479,2025-11-20 12:00:00
1763654400000,4064.26,4080.35,4038.03,4080.12,4623.7037,2025-11-20 16:00:00
1763668800000,4080.12,4081.95,4066.5,4074.87,1554.537,2025-11-20 20:00:00
1763683200000,4074.87,4078.32,4044.75,4050.8,2866.8648,2025-11-21 00:00:00
1763697600000,4050.8,4058.56,4020.6,4024.7,4001.6718,2025-11-21 04:00:00
1763712000000,4024.7,4087.88,4015.42,4029.71,5504.4213,2025-11-21 08:00:00
1763726400000,4029.71,4076.81,4028.29,4065.95,7090.5377,2025-11-21 12:00:00
1763740800000,4065.96,4101.46,4057.42,4085.6,4375.8929,2025-11-21 16:00:00
1763755200000,4085.59,4086.07,4054.13,4065.92,1390.0702,2025-11-21 20:00:00
1763769600000,4065.92,4065.92,4056.86,4060.4,506.8949,2025-11-22 00:00:00
1763784000000,4060.4,4064.47,4056.0,4061.8,803.3878,2025-11-22 04:00:00
1763798400000,4061.81,4062.89,4054.27,4059.27,981.5859,2025-11-22 08:00:00
1763812800000,4059.27,4063.21,4056.24,4060.15,738.7265,2025-11-22 12:00:00
1763827200000,4060.15,4063.42,4057.72,4060.45,550.125,2025-11-22 16:00:00
1763841600000,4060.45,4065.9,4055.7,4058.06,543.3088,2025-11-22 20:00:00
1763856000000,4058.41,4063.82,4057.07,4060.08,933.6258,2025-11-23 00:00:00
1763870400000,4060.08,4063.59,4052.36,4052.86,876.3275,2025-11-23 04:00:00
1763884800000,4052.85,4059.65,4052.21,4057.18,565.7418,2025-11-23 08:00:00
1763899200000,4057.17,4060.74,4042.98,4048.76,982.1209,2025-11-23 12:00:00
1763913600000,4048.76,4051.33,4040.66,4044.76,647.7617,2025-11-23 16:00:00
1763928000000,4045.1,4067.99,4044.27,4065.69,937.5046,2025-11-23 20:00:00
1763942400000,4065.7,4066.17,4035.29,4043.24,1483.1051,2025-11-24 00:00:00
1763956800000,4043.64,4062.0,4034.86,4054.41,1353.3571,2025-11-24 04:00:00
1763971200000,4054.97,4072.0,4054.97,4067.22,1580.0888,2025-11-24 08:00:00
1763985600000,4066.87,4096.2,4063.86,4091.65,2446.9105,2025-11-24 12:00:00
1764000000000,4092.09,4124.16,4087.68,4117.74,4024.7196,2025-11-24 16:00:00
1764014400000,4117.74,4143.95,4117.74,4143.6,2836.2772,2025-11-24 20:00:00
1764028800000,4143.83,4155.1,4124.45,4143.03,1694.7796,2025-11-25 00:00:00
1764043200000,4143.04,4149.53,4128.7,4129.51,1050.4443,2025-11-25 04:00:00
1764057600000,4129.66,4136.49,4107.49,4128.85,1442.6004,2025-11-25 08:00:00
1764072000000,4128.85,4143.74,4106.48,4121.27,2765.7007,2025-11-25 12:00:00
1764086400000,4120.93,4156.22,4120.19,4130.41,2020.9867,2025-11-25 16:00:00
1764100800000,4130.41,4137.18,4123.0,4128.55,1217.7604,2025-11-25 20:00:00
1764115200000,4128.56,4161.95,4126.44,4159.37,1305.1758,2025-11-26 00:00:00
1764129600000,4159.88,4165.71,4144.76,4155.19,1186.1157,2025-11-26 04:00:00
1764144000000,4155.19,4172.33,4152.01,4171.63,1347.9507,2025-11-26 08:00:00
1764158400000,4171.2,4171.64,4136.49,4163.91,2404.4023,2025-11-26 12:00:00
1764172800000,4163.91,4167.86,4154.06,4161.75,2478.5641,2025-11-26 16:00:00
1764187200000,4161.93,4171.07,4159.42,4165.21,788.0471,2025-11-26 20:00:00
1764201600000,4165.21,4166.01,4141.53,4145.48,1405.0218,2025-11-27 00:00:00
1764216000000,4145.39,4158.04,4141.17,4156.6,782.608,2025-11-27 04:00:00
1764230400000,4156.59,4163.52,4147.12,4156.86,723.2923,2025-11-27 08:00:00
1764244800000,4156.85,4159.67,4147.66,4156.57,1172.8744,2025-11-27 12:00:00
1764259200000,4156.58,4158.23,4150.22,4155.53,759.3836,2025-11-27 16:00:00
1764273600000,4155.54,4161.05,4148.65,4160.64,408.3903,2025-11-27 20:00:00
1764288000000,4160.99,4192.0,4160.99,4185.62,1304.7874,2025-11-28 00:00:00
1764302400000,4185.63,4193.41,4180.04,4180.63,908.0494,2025-11-28 04:00:00
1764316800000,4180.4,4181.46,4159.02,4176.19,1335.1862,2025-11-28 08:00:00
1764331200000,4176.18,4207.57,4173.04,4207.51,2512.7419,2025-11-28 12:00:00
1764345600000,4207.52,4231.09,4202.88,4223.56,3250.1378,2025-11-28 16:00:00
1764360000000,4223.57,4232.83,4217.79,4232.82,768.5033,2025-11-28 20:00:00
1764374400000,4232.83,4244.97,4224.6,4228.18,976.0659,2025-11-29 00:00:00
1764388800000,4228.18,4238.21,4226.57,4231.75,823.5344,2025-11-29 04:00:00
1764403200000,4231.86,4249.89,4230.8,4249.71,973.9679,2025-11-29 08:00:00
1764417600000,4249.7,4254.98,4243.47,4249.53,823.3245,2025-11-29 12:00:00
1764432000000,4249.52,4250.9,4236.83,4245.08,1202.2697,2025-11-29 16:00:00
1764446400000,4245.42,4254.85,4241.85,4248.13,536.3754,2025-11-29 20:00:00
1764460800000,4248.13,4254.98,4238.8,4244.08,712.7893,2025-11-30 00:00:00
1764475200000,4244.08,4252.19,4241.62,4250.43,446.0135,2025-11-30 04:00:00
1764489600000,4250.42,4252.47,4242.32,4244.13,530.7714,2025-11-30 08:00:00
1764504000000,4244.13,4249.67,4238.07,4243.27,869.7144,2025-11-30 12:00:00
1764518400000,4243.27,4249.13,4242.58,4247.68,937.3701,2025-11-30 16:00:00
1764532800000,4247.67,4251.29,4228.88,4238.44,1434.9796,2025-11-30 20:00:00
1764547200000,4238.09,4273.16,4227.67,4250.93,5196.2131,2025-12-01 00:00:00
1764561600000,4250.94,4258.17,4221.5,4253.98,2797.7353,2025-12-01 04:00:00
1764576000000,4253.99,4274.84,4247.55,4272.53,2544.9799,2025-12-01 08:00:00
1764590400000,4272.53,4283.0,4231.24,4243.52,6669.4272,2025-12-01 12:00:00
1764604800000,4243.51,4256.9,4236.61,4250.47,2780.2077,2025-12-01 16:00:00
1764619200000,4250.91,4259.79,4242.77,4243.87,2145.4056,2025-12-01 20:00:00
1764633600000,4243.88,4245.46,4220.03,4230.61,2055.4136,2025-12-02 00:00:00
1764648000000,4230.62,4238.17,4216.41,4225.15,1562.9409,2025-12-02 04:00:00
1764662400000,4225.38,4229.0,4185.65,4207.45,2851.0666,2025-12-02 08:00:00
1764676800000,4207.46,4232.51,4169.29,4173.76,5010.6287,2025-12-02 12:00:00
1764691200000,4173.76,4198.18,4171.47,4193.93,2531.8202,2025-12-02 16:00:00
1764705600000,4193.94,4216.37,4193.17,4212.8,1574.1441,2025-12-02 20:00:00
1764720000000,4212.79,4232.43,4207.44,4223.35,1495.3101,2025-12-03 00:00:00
1764734400000,4223.35,4228.71,4203.19,4209.16,1199.0893,2025-12-03 04:00:00
1764748800000,4209.15,4213.05,4199.42,4213.0,851.0628,2025-12-03 08:00:00
1764763200000,4212.99,4247.83,4210.57,4222.62,2915.0198,2025-12-03 12:00:00
1764777600000,4222.62,4231.84,4204.54,4215.99,881.5429,2025-12-03 16:00:00
1764792000000,4215.91,4220.36,4209.28,4214.88,608.5362,2025-12-03 20:00:00
1764806400000,4214.87,4222.42,4195.46,4202.91,913.8427,2025-12-04 00:00:00
1764820800000,4202.91,4205.47,4183.0,4199.38,819.8347,2025-12-04 04:00:00
1764835200000,4199.38,4212.5,4190.56,4205.88,726.9898,2025-12-04 08:00:00
1764849600000,4205.46,4219.82,4193.7,4212.49,1021.5858,2025-12-04 12:00:00
1764864000000,4212.48,4222.51,4205.3,4212.63,556.791,2025-12-04 16:00:00
1764878400000,4212.63,4217.05,4209.55,4213.55,328.7237,2025-12-04 20:00:00
1764892800000,4213.81,4216.32,4201.64,4214.04,312.6459,2025-12-05 00:00:00
1764907200000,4214.05,4236.49,4213.67,4229.94,1083.6514,2025-12-05 04:00:00
1764921600000,4230.59,4235.43,4225.23,4232.47,1100.4058,2025-12-05 08:00:00
1764936000000,4232.46,4260.48,4230.5,4247.64,1666.034,2025-12-05 12:00:00
1764950400000,4247.84,4249.91,4208.86,4217.38,1796.7882,2025-12-05 16:00:00
1764964800000,4217.36,4217.36,4202.41,4209.92,658.2444,2025-12-05 20:00:00
1764979200000,4209.93,4216.24,4208.2,4211.45,324.2163,2025-12-06 00:00:00
1764993600000,4211.45,4211.51,4205.65,4211.5,373.044,2025-12-06 04:00:00
1765008000000,4211.5,4215.48,4210.6,4213.3,417.0996,2025-12-06 08:00:00
1765022400000,4213.31,4214.42,4208.95,4214.41,438.8608,2025-12-06 12:00:00
1765036800000,4214.41,4214.81,4210.44,4212.04,272.7753,2025-12-06 16:00:00
1765051200000,4212.04,4214.93,4212.0,4213.55,190.5339,2025-12-06 20:00:00
1765065600000,4213.56,4213.56,4211.71,4212.4,183.7188,2025-12-07 00:00:00
1765080000000,4212.4,4213.78,4211.39,4212.28,349.216,2025-12-07 04:00:00
1765094400000,4212.28,4214.86,4212.2,4213.0,140.3463,2025-12-07 08:00:00
1765108800000,4213.0,4213.15,4202.45,4208.45,505.4624,2025-12-07 12:00:00
1765123200000,4208.44,4210.23,4203.37,4203.38,803.1953,2025-12-07 16:00:00
1765137600000,4203.38,4213.34,4203.1,4213.34,401.0819,2025-12-07 20:00:00
1765152000000,4213.34,4220.92,4209.0,4218.59,667.144,2025-12-08 00:00:00
1765166400000,4218.59,4226.68,4215.35,4217.65,444.2878,2025-12-08 04:00:00
1765180800000,4217.66,4224.35,4211.77,4217.68,690.5489,2025-12-08 08:00:00
1765195200000,4217.64,4223.74,4189.1,4193.94,1438.6763,2025-12-08 12:00:00
1765209600000,4193.7,4206.21,4188.74,4194.85,473.6629,2025-12-08 16:00:00
1765224000000,4194.85,4204.1,4193.84,4204.1,246.298,2025-12-08 20:00:00
1765238400000,4204.09,4205.21,4196.31,4204.44,340.6006,2025-12-09 00:00:00
1765252800000,4204.45,4204.98,4182.52,4190.8,413.3938,2025-12-09 04:00:00
1765267200000,4190.81,4218.26,4190.81,4208.36,493.8305,2025-12-09 08:00:00
1765281600000,4208.37,4218.34,4197.33,4215.9,907.404,2025-12-09 12:00:00
1765296000000,4215.9,4227.77,4208.14,4219.4,993.6414,2025-12-09 16:00:00
1765310400000,4219.39,4222.17,4212.95,4215.63,297.0688,2025-12-09 20:00:00
1765324800000,4215.63,4223.22,4209.4,4210.5,549.5343,2025-12-10 00:00:00
1765339200000,4210.5,4217.43,4208.02,4210.76,365.6233,2025-12-10 04:00:00
1765353600000,4210.75,4212.15,4196.64,4204.1,612.815,2025-12-10 08:00:00
1765368000000,4204.1,4211.71,4198.15,4200.56,421.2067,2025-12-10 12:00:00
1765382400000,4200.61,4221.27,4191.0,4220.35,1768.5923,2025-12-10 16:00:00
1765396800000,4220.35,4239.65,4216.2,4239.31,1432.1376,2025-12-10 20:00:00
1765411200000,4239.3,4247.74,4215.86,4222.95,887.3129,2025-12-11 00:00:00
1765425600000,4222.98,4224.3,4213.02,4222.46,384.4201,2025-12-11 04:00:00
1765440000000,4222.46,4231.83,4216.82,4218.21,348.9878,2025-12-11 08:00:00
1765454400000,4218.23,4261.72,4213.55,4256.67,1126.9837,2025-12-11 12:00:00
1765468800000,4256.7,4293.0,4253.21,4282.53,3226.3777,2025-12-11 16:00:00
1765483200000,4282.54,4291.78,4274.63,4285.37,656.3352,2025-12-11 20:00:00
1765497600000,4285.38,4289.89,4278.35,4284.95,602.3491,2025-12-12 00:00:00
1765512000000,4284.95,4300.74,4279.86,4296.2,1428.2321,2025-12-12 04:00:00
1765526400000,4296.2,4348.85,4296.2,4347.63,2251.731,2025-12-12 08:00:00
1765540800000,4347.6,4363.55,4298.2,4303.78,3547.9299,2025-12-12 12:00:00
1765555200000,4304.02,4313.1,4274.63,4307.95,2790.8829,2025-12-12 16:00:00
1765569600000,4307.94,4314.28,4300.51,4308.81,435.4668,2025-12-12 20:00:00
1765584000000,4308.8,4312.7,4307.55,4311.45,180.1769,2025-12-13 00:00:00
1765598400000,4311.46,4316.65,4308.8,4316.37,409.7744,2025-12-13 04:00:00
1765612800000,4316.37,4318.41,4314.23,4314.41,364.2836,2025-12-13 08:00:00
1765627200000,4314.35,4317.41,4313.6,4317.01,226.1489,2025-12-13 12:00:00
1765641600000,4317.02,4321.14,4316.65,4319.56,278.7272,2025-12-13 16:00:00
1765656000000,4319.55,4324.75,4312.43,4316.79,370.7098,2025-12-13 20:00:00
1765670400000,4316.8,4319.05,4315.7,4316.16,119.6814,2025-12-14 00:00:00
1765684800000,4316.16,4322.29,4315.84,4322.0,188.9537,2025-12-14 04:00:00
1765699200000,4321.99,4322.4,4319.05,4319.51,325.2053,2025-12-14 08:00:00
1765713600000,4319.5,4323.32,4316.07,4319.35,563.4946,2025-12-14 12:00:00
1765728000000,4319.36,4325.5,4319.31,4321.79,321.0033,2025-12-14 16:00:00
1765742400000,4321.79,4325.8,4311.03,4316.55,890.095,2025-12-14 20:00:00
1765756800000,4316.32,4341.95,4315.66,4340.44,1662.9755,2025-12-15 00:00:00
1765771200000,4340.44,4358.05,4337.07,4353.09,1755.4872,2025-12-15 04:00:00
1765785600000,4353.09,4362.25,4348.67,4355.55,636.05,2025-12-15 08:00:00
1765800000000,4355.55,4363.5,4326.72,4332.6,2852.0647,2025-12-15 12:00:00
1765814400000,4332.6,4332.6,4300.0,4325.1,2537.1091,2025-12-15 16:00:00
1765828800000,4325.1,4325.45,4311.27,4315.5,962.2808,2025-12-15 20:00:00
1765843200000,4315.54,4327.36,4295.04,4304.25,1576.2811,2025-12-16 00:00:00
1765857600000,4304.25,4305.03,4287.68,4300.0,751.9893,2025-12-16 04:00:00
1765872000000,4300.01,4301.59,4287.05,4291.18,634.7063,2025-12-16 08:00:00
1765886400000,4291.18,4348.05,4290.04,4334.85,1809.4437,2025-12-16 12:00:00
1765900800000,4334.86,4337.42,4308.45,4324.37,1354.7779,2025-12-16 16:00:00
1765915200000,4324.4,4327.89,4312.5,4322.11,845.0028,2025-12-16 20:00:00
1765929600000,4322.11,4338.4,4322.11,4336.71,1109.2562,2025-12-17 00:00:00
1765944000000,4336.71,4353.25,4330.4,4332.99,1193.7288,2025-12-17 04:00:00
1765958400000,4332.99,4336.6,4321.4,4328.85,976.4154,2025-12-17 08:00:00
1765972800000,4328.85,4362.55,4328.85,4344.17,1967.1629,2025-12-17 12:00:00
1765987200000,4344.15,4357.54,4331.99,4349.85,2018.771,2025-12-17 16:00:00
1766001600000,4349.87,4361.47,4349.34,4358.26,957.8646,2025-12-17 20:00:00
1766016000000,4358.26,4362.13,4336.03,4343.04,1974.2633,2025-12-18 00:00:00
1766030400000,4343.05,4347.25,4338.91,4342.25,542.61,2025-12-18 04:00:00
1766044800000,4342.24,4342.34,4333.45,4339.18,779.5726,2025-12-18 08:00:00
1766059200000,4339.17,4355.67,4322.45,4349.6,1633.7823,2025-12-18 12:00:00
1766073600000,4349.95,4384.99,4332.44,4336.54,2119.0349,2025-12-18 16:00:00
1766088000000,4336.55,4350.24,4336.55,4348.19,678.812,2025-12-18 20:00:00
1766102400000,4348.25,4348.25,4325.56,4331.0,1098.3632,2025-12-19 00:00:00
1766116800000,4331.0,4340.03,4327.81,4335.35,838.7017,2025-12-19 04:00:00
1766131200000,4335.34,4343.51,4333.25,4337.66,452.2566,2025-12-19 08:00:00
1766145600000,4337.66,4359.19,4332.9,4359.19,599.3042,2025-12-19 12:00:00
1766160000000,4359.18,4367.99,4354.21,4356.6,562.903,2025-12-19 16:00:00
1766174400000,4356.6,4356.6,4350.0,4351.32,262.57,2025-12-19 20:00:00
1766188800000,4351.32,4356.6,4350.65,4356.6,167.9539,2025-12-20 00:00:00
1766203200000,4356.6,4359.06,4356.03,4356.03,147.4249,2025-12-20 04:00:00
1766217600000,4356.03,4356.1,4354.0,4354.15,198.2416,2025-12-20 08:00:00
1766232000000,4354.14,4354.9,4351.3,4353.65,125.2811,2025-12-20 12:00:00
1766246400000,4353.66,4354.95,4352.35,4352.35,119.4086,2025-12-20 16:00:00
1766260800000,4352.35,4352.36,4352.06,4352.06,90.6611,2025-12-20 20:00:00
1766275200000,4352.07,4358.5,4350.72,4357.36,155.4158,2025-12-21 00:00:00
1766289600000,4357.36,4357.47,4352.8,4357.47,145.3133,2025-12-21 04:00:00
1766304000000,4357.47,4359.48,4352.49,4358.06,369.6366,2025-12-21 08:00:00
1766318400000,4358.06,4363.76,4358.05,4363.75,339.397,2025-12-21 12:00:00
1766332800000,4363.76,4364.44,4362.85,4363.65,195.9493,2025-12-21 16:00:00
1766347200000,4363.64,4368.59,4355.99,4367.25,476.8716,2025-12-21 20:00:00
1766361600000,4367.35,4407.97,4367.35,4407.27,1719.4575,2025-12-22 00:00:00
1766376000000,4407.27,4436.06,4406.44,4429.34,1745.1509,2025-12-22 04:00:00
1766390400000,4429.34,4433.29,4424.99,4426.1,3028.6687,2025-12-22 08:00:00
1766404800000,4426.1,4453.33,4425.15,4450.15,3735.6957,2025-12-22 12:00:00
1766419200000,4450.06,4458.75,4447.15,4450.6,2671.0323,2025-12-22 16:00:00
1766433600000,4450.59,4484.99,4450.59,4484.98,1471.9673,2025-12-22 20:00:00
1766448000000,4484.98,4517.98,4483.45,4503.85,3037.2289,2025-12-23 00:00:00
1766462400000,4504.0,4508.5,4486.25,4506.24,1403.2362,2025-12-23 04:00:00
1766476800000,4506.24,4522.66,4500.7,4512.17,2277.182,2025-12-23 08:00:00
1766491200000,4512.17,4513.32,4451.01,4476.15,2925.1716,2025-12-23 12:00:00
1766505600000,4476.15,4512.05,4474.06,4508.34,2205.6106,2025-12-23 16:00:00
1766520000000,4508.34,4539.06,4502.7,4531.01,1377.3317,2025-12-23 20:00:00
1766534400000,4531.01,4544.86,4494.45,4511.55,3783.0693,2025-12-24 00:00:00
1766548800000,4511.54,4519.59,4500.97,4500.97,998.4416,2025-12-24 04:00:00
1766563200000,4500.92,4516.35,4497.53,4509.51,1630.8477,2025-12-24 08:00:00
1766577600000,4509.51,4513.19,4466.0,4475.2,2065.644,2025-12-24 12:00:00
1766592000000,4475.21,4501.63,4474.09,4498.01,625.911,2025-12-24 16:00:00
1766606400000,4498.01,4499.84,4492.37,4496.84,457.0346,2025-12-24 20:00:00
1766620800000,4496.84,4498.08,4490.49,4494.6,285.8367,2025-12-25 00:00:00
1766635200000,4494.6,4497.75,4490.91,4497.31,245.8341,2025-12-25 04:00:00
1766649600000,4497.31,4501.9,4490.8,4498.65,539.2992,2025-12-25 08:00:00
1766664000000,4498.65,4506.56,4495.24,4506.27,513.849,2025-12-25 12:00:00
1766678400000,4506.28,4508.77,4500.37,4508.52,354.5595,2025-12-25 16:00:00
1766692800000,4508.52,4520.19,4508.29,4516.05,1118.7846,2025-12-25 20:00:00
1766707200000,4516.09,4547.65,4508.66,4517.85,3123.3702,2025-12-26 00:00:00
1766721600000,4517.84,4533.8,4517.4,4527.11,910.0629,2025-12-26 04:00:00
1766736000000,4527.1,4544.59,4526.16,4529.7,1436.0347,2025-12-26 08:00:00
1766750400000,4529.69,4568.44,4526.4,4567.69,3096.8159,2025-12-26 12:00:00
1766764800000,4567.7,4572.4,4537.96,4549.86,2681.6566,2025-12-26 16:00:00
1766779200000,4549.86,4564.48,4549.64,4557.34,1028.5467,2025-12-26 20:00:00
1766793600000,4557.33,4562.75,4540.78,4550.11,1122.642,2025-12-27 00:00:00
1766808000000,4550.11,4564.81,4547.52,4561.95,404.4625,2025-12-27 04:00:00
1766822400000,4561.94,4569.81,4561.94,4563.34,663.2656,2025-12-27 08:00:00
1766836800000,4563.34,4570.4,4560.53,4568.19,646.0621,2025-12-27 12:00:00
1766851200000,4568.18,4575.66,4563.59,4573.93,727.8734,2025-12-27 16:00:00
1766865600000,4573.92,4574.05,4568.41,4571.49,640.7812,2025-12-27 20:00:00
1766880000000,4571.74,4572.17,4563.0,4563.9,297.3832,2025-12-28 00:00:00
1766894400000,4563.9,4570.59,4561.25,4565.24,336.4388,2025-12-28 04:00:00
1766908800000,4565.25,4573.85,4565.25,4573.84,492.4338,2025-12-28 08:00:00
1766923200000,4573.84,4577.99,4548.25,4559.24,2420.6499,2025-12-28 12:00:00
1766937600000,4559.24,4560.51,4552.6,4558.76,364.7028,2025-12-28 16:00:00
1766952000000,4558.77,4575.12,4549.04,4549.54,1306.3157,2025-12-28 20:00:00
1766966400000,4549.75,4549.99,4503.32,4531.7,2975.2343,2025-12-29 00:00:00
1766980800000,4531.7,4536.25,4474.0,4491.85,3027.9484,2025-12-29 04:00:00
1766995200000,4491.79,4504.4,4452.0,4460.9,2200.3791,2025-12-29 08:00:00
1767009600000,4460.9,4486.07,4330.0,4346.7,6868.84,2025-12-29 12:00:00
1767024000000,4346.68,4369.1,4342.51,4362.46,3146.6016,2025-12-29 16:00:00
1767038400000,4362.36,4367.69,4344.06,4364.34,1579.8379,2025-12-29 20:00:00
1767052800000,4364.34,4386.76,4346.82,4378.38,2813.1481,2025-12-30 00:00:00
1767067200000,4378.54,4398.95,4374.96,4389.99,2901.6123,2025-12-30 04:00:00
1767081600000,4390.0,4409.01,4370.01,4400.81,1537.4133,2025-12-30 08:00:00
1767096000000,4400.81,4422.79,4377.21,4382.75,3567.2837,2025-12-30 12:00:00
1767110400000,4382.6,4397.79,4359.7,4368.02,1276.6968,2025-12-30 16:00:00
1767124800000,4368.29,4375.6,4353.17,4360.54,887.4804,2025-12-30 20:00:00
1767139200000,4360.55,4386.25,4352.12,4363.03,2309.1843,2025-12-31 00:00:00
1767153600000,4363.39,4367.4,4295.94,4346.59,3982.6835,2025-12-31 04:00:00
1767168000000,4346.59,4352.0,4323.0,4327.94,1555.0089,2025-12-31 08:00:00
1767182400000,4327.66,4366.86,4321.6,4355.84,2651.6019,2025-12-31 12:00:00
1767196800000,4355.84,4358.2,4328.66,4330.6,1404.7502,2025-12-31 16:00:00
1767211200000,4330.61,4341.17,4323.94,4336.99,735.2322,2025-12-31 20:00:00
1767225600000,4337.0,4344.0,4335.13,4343.61,307.5954,2026-01-01 00:00:00
1767240000000,4343.62,4351.91,4341.58,4342.34,402.6291,2026-01-01 04:00:00
1767254400000,4342.35,4346.8,4342.34,4344.7,210.8136,2026-01-01 08:00:00
1767268800000,4344.7,4347.22,4341.0,4343.7,334.2029,2026-01-01 12:00:00
1767283200000,4343.7,4345.3,4337.14,4343.36,272.7872,2026-01-01 16:00:00
1767297600000,4343.36,4364.0,4336.0,4362.83,1129.2199,2026-01-01 20:00:00
1767312000000,4362.84,4383.72,4352.79,4382.86,2285.5558,2026-01-02 00:00:00
1767326400000,4382.86,4396.43,4378.99,4396.42,1566.3663,2026-01-02 04:00:00
1767340800000,4396.43,4414.83,4395.91,4407.01,2064.7279,2026-01-02 08:00:00
1767355200000,4407.0,4413.77,4349.01,4350.61,2978.2674,2026-01-02 12:00:00
1767369600000,4350.7,4350.95,4326.34,4333.71,1735.2333,2026-01-02 16:00:00
1767384000000,4333.71,4344.99,4333.28,4340.85,1023.1713,2026-01-02 20:00:00
1767398400000,4340.85,4344.53,4338.4,4341.61,762.3088,2026-01-03 00:00:00
1767412800000,4341.6,4354.32,4338.0,4354.11,768.598,2026-01-03 04:00:00
1767427200000,4354.1,4374.96,4354.1,4369.25,1939.3779,2026-01-03 08:00:00
1767441600000,4369.25,4373.0,4353.5,4359.49,777.1716,2026-01-03 12:00:00
1767456000000,4359.49,4368.0,4358.56,4361.2,497.7301,2026-01-03 16:00:00
1767470400000,4361.2,4364.02,4353.5,4355.79,495.3838,2026-01-03 20:00:00
1767484800000,4355.8,4362.09,4350.13,4352.83,552.1177,2026-01-04 00:00:00
1767499200000,4352.84,4355.04,4346.89,4354.9,867.8457,2026-01-04 04:00:00
1767513600000,4354.91,4355.04,4347.3,4347.65,722.5037,2026-01-04 08:00:00
1767528000000,4347.7,4359.26,4347.7,4357.4,572.0668,2026-01-04 12:00:00
1767542400000,4357.39,4366.68,4357.39,4364.91,539.2689,2026-01-04 16:00:00
1767556800000,4364.91,4387.08,4361.02,4384.45,2363.309,2026-01-04 20:00:00
1767571200000,4384.25,4421.06,4382.6,4404.96,2666.8768,2026-01-05 00:00:00
1767585600000,4404.84,4440.02,4402.06,4430.44,4099.0875,2026-01-05 04:00:00
1767600000000,4430.44,4450.0,4422.9,4431.09,1340.2453,2026-01-05 08:00:00
1767614400000,4431.1,4467.16,4408.5,4458.5,2630.1808,2026-01-05 12:00:00
1767628800000,4458.5,4464.95,4446.91,4451.06,1386.3131,2026-01-05 16:00:00
1767643200000,4451.06,4462.6,4442.14,4445.45,909.7388,2026-01-05 20:00:00
1767657600000,4445.45,4472.0,4431.4,4470.81,2129.7842,2026-01-06 00:00:00
1767672000000,4470.81,4478.9,4456.39,4464.12,1161.1889,2026-01-06 04:00:00
1767686400000,4463.85,4481.1,4450.01,4471.55,1509.2242,2026-01-06 08:00:00
1767700800000,4471.57,4505.36,4462.51,4488.31,3196.42,2026-01-06 12:00:00
1767715200000,4488.31,4512.19,4482.23,4498.4,3544.9386,2026-01-06 16:00:00
1767729600000,4498.25,4517.0,4497.65,4509.8,1063.2686,2026-01-06 20:00:00
1767744000000,4509.79,4510.2,4472.34,4486.2,3692.6605,2026-01-07 00:00:00
1767758400000,4486.5,4487.34,4455.85,4474.11,1446.9599,2026-01-07 04:00:00
1767772800000,4474.11,4482.5,4459.66,4459.99,1230.5465,2026-01-07 08:00:00
1767787200000,4460.02,4466.89,4439.15,4459.32,2589.0964,2026-01-07 12:00:00
1767801600000,4459.4,4478.78,4458.2,4468.81,1136.4112,2026-01-07 16:00:00
1767816000000,4468.8,4477.97,4463.87,4477.97,429.235,2026-01-07 20:00:00
1767830400000,4477.97,4481.21,4448.67,4454.39,1853.8715,2026-01-08 00:00:00
1767844800000,4454.39,4454.39,4430.0,4442.91,1453.5859,2026-01-08 04:00:00
1767859200000,4442.91,4445.0,4430.81,4435.01,1230.3938,2026-01-08 08:00:00
1767873600000,4435.05,4463.81,4422.05,4462.35,1921.3784,2026-01-08 12:00:00
1767888000000,4462.31,4472.86,4455.01,4462.35,973.3908,2026-01-08 16:00:00
1767902400000,4462.75,4490.0,4462.7,4482.19,1394.6072,2026-01-08 20:00:00
1767916800000,4482.2,4486.4,4464.81,4476.04,855.9414,2026-01-09 00:00:00
1767931200000,4476.01,4485.75,4469.44,4480.19,340.8291,2026-01-09 04:00:00
1767945600000,4480.16,4485.0,4473.05,4483.94,606.1105,2026-01-09 08:00:00
1767960000000,4483.93,4519.13,4470.53,4515.68,2791.5793,2026-01-09 12:00:00
1767974400000,4515.91,4517.61,4466.81,4501.96,1482.0403,2026-01-09 16:00:00
1767988800000,4501.96,4516.0,4501.37,4508.45,416.4747,2026-01-09 20:00:00
1768003200000,4508.46,4510.89,4506.05,4509.27,414.4259,2026-01-10 00:00:00
1768017600000,4509.27,4514.52,4509.27,4512.7,211.3828,2026-01-10 04:00:00
1768032000000,4512.7,4519.07,4512.7,4518.22,518.0796,2026-01-10 08:00:00
1768046400000,4518.22,4520.51,4517.19,4518.74,677.658,2026-01-10 12:00:00
1768060800000,4518.74,4518.74,4509.95,4511.09,329.5814,2026-01-10 16:00:00
1768075200000,4511.09,4523.43,4509.96,4523.42,240.2833,2026-01-10 20:00:00
1768089600000,4523.43,4524.7,4518.09,4523.55,272.8541,2026-01-11 00:00:00
1768104000000,4523.56,4524.37,4517.72,4522.25,327.9797,2026-01-11 04:00:00
1768118400000,4522.25,4523.9,4517.29,4521.5,411.6742,2026-01-11 08:00:00
1768132800000,4521.5,4521.5,4501.9,4513.23,1143.431,2026-01-11 12:00:00
1768147200000,4513.23,4513.23,4508.46,4510.12,276.3343,2026-01-11 16:00:00
1768161600000,4510.12,4549.35,4507.89,4544.29,1072.3944,2026-01-11 20:00:00
1768176000000,4544.35,4599.73,4541.04,4577.49,2948.2829,2026-01-12 00:00:00
1768190400000,4577.5,4592.97,4570.96,4592.97,847.0799,2026-01-12 04:00:00
1768204800000,4592.96,4605.98,4586.1,4590.4,1715.215,2026-01-12 08:00:00
1768219200000,4590.4,4633.33,4586.5,4630.3,2544.6368,2026-01-12 12:00:00
1768233600000,4629.94,4638.88,4611.95,4623.29,1697.9013,2026-01-12 16:00:00
1768248000000,4623.28,4623.64,4595.0,4615.31,1031.3444,2026-01-12 20:00:00
1768262400000,4615.3,4615.31,4592.56,4609.4,1050.6737,2026-01-13 00:00:00
1768276800000,4609.41,4615.49,4589.35,4596.47,1001.0424,2026-01-13 04:00:00
1768291200000,4596.47,4614.63,4594.79,4602.55,774.7452,2026-01-13 08:00:00
1768305600000,4602.55,4646.99,4592.4,4628.36,2129.5087,2026-01-13 12:00:00
1768320000000,4628.36,4629.04,4594.0,4605.96,1436.2614,2026-01-13 16:00:00
1768334400000,4605.96,4606.24,4568.2,4604.97,2137.476,2026-01-13 20:00:00
1768348800000,4604.97,4633.78,4603.96,4633.12,1151.0506,2026-01-14 00:00:00
1768363200000,4633.12,4644.99,4616.01,4635.21,2403.268,2026-01-14 04:00:00
1768377600000,4635.22,4643.56,4627.65,4636.15,1443.8709,2026-01-14 08:00:00
1768392000000,4636.15,4648.46,4611.76,4626.51,2054.8806,2026-01-14 12:00:00
1768406400000,4626.51,4648.51,4612.05,4646.25,1154.1319,2026-01-14 16:00:00
1768420800000,4646.25,4649.16,4619.68,4628.41,1152.5684,2026-01-14 20:00:00
1768435200000,4628.41,4631.15,4592.5,4603.39,2320.3337,2026-01-15 00:00:00
1768449600000,4603.39,4620.22,4540.0,4610.89,2393.6864,2026-01-15 04:00:00
1768464000000,4610.8,4629.06,4608.25,4627.76,571.4712,2026-01-15 08:00:00
1768478400000,4627.76,4628.64,4591.01,4623.3,1216.671,2026-01-15 12:00:00
1768492800000,4623.3,4634.0,4612.2,4627.84,1709.5757,2026-01-15 16:00:00
1768507200000,4627.84,4633.65,4616.0,4623.99,680.2713,2026-01-15 20:00:00
1768521600000,4623.98,4623.98,4606.24,4609.8,968.1667,2026-01-16 00:00:00
1768536000000,4609.77,4622.85,4607.8,4616.8,1293.0057,2026-01-16 04:00:00
1768550400000,4616.79,4623.25,4609.71,4621.91,367.2312,2026-01-16 08:00:00
1768564800000,4621.9,4629.64,4558.13,4584.55,2684.9105,2026-01-16 12:00:00
1768579200000,4584.55,4609.74,4583.6,4602.55,800.6923,2026-01-16 16:00:00
1768593600000,4602.6,4608.09,4594.56,4603.15,359.4918,2026-01-16 20:00:00
1768608000000,4603.16,4613.02,4603.16,4613.0,412.8888,2026-01-17 00:00:00
1768622400000,4613.01,4613.01,4609.16,4610.78,191.4066,2026-01-17 04:00:00
1768636800000,4610.78,4612.56,4608.7,4610.5,297.5058,2026-01-17 08:00:00
1768651200000,4610.51,4612.75,4607.29,4608.4,286.3287,2026-01-17 12:00:00
1768665600000,4608.4,4611.72,4602.93,4607.29,583.4219,2026-01-17 16:00:00
1768680000000,4607.29,4611.74,4604.77,4611.39,336.9384,2026-01-17 20:00:00
1768694400000,4611.4,4618.52,4611.39,4616.21,240.5167,2026-01-18 00:00:00
1768708800000,4616.21,4624.97,4616.2,4624.45,436.0181,2026-01-18 04:00:00
1768723200000,4624.45,4624.45,4615.18,4621.03,398.063,2026-01-18 08:00:00
1768737600000,4621.03,4625.27,4621.03,4622.5,251.049,2026-01-18 12:00:00
1768752000000,4622.51,4634.96,4622.51,4634.01,698.6403,2026-01-18 16:00:00
1768766400000,4634.0,4700.0,4627.42,4685.6,3049.989,2026-01-18 20:00:00
1768780800000,4685.55,4692.99,4670.05,4672.23,2274.3584,2026-01-19 00:00:00
1768795200000,4672.24,4691.39,4672.24,4677.99,1730.4074,2026-01-19 04:00:00
1768809600000,4677.99,4685.9,4666.0,4672.46,2637.8543,2026-01-19 08:00:00
1768824000000,4672.46,4688.0,4672.11,4687.16,709.4996,2026-01-19 12:00:00
1768838400000,4687.15,4692.9,4683.36,4686.01,734.2736,2026-01-19 16:00:00
1768852800000,4686.01,4696.1,4683.6,4683.97,466.4158,2026-01-19 20:00:00
1768867200000,4683.97,4691.54,4676.16,4690.42,1321.0649,2026-01-20 00:00:00
1768881600000,4690.42,4749.0,4690.42,4737.01,4783.5131,2026-01-20 04:00:00
1768896000000,4737.01,4759.3,4736.39,4753.43,3213.1677,2026-01-20 08:00:00
1768910400000,4753.43,4774.0,4737.41,4759.74,3356.0392,2026-01-20 12:00:00
1768924800000,4759.74,4788.0,4752.07,4783.89,3650.7583,2026-01-20 16:00:00
1768939200000,4783.9,4840.39,4764.43,4806.7,5423.3725,2026-01-20 20:00:00
1768953600000,4806.79,4907.25,4804.28,4876.39,9619.9813,2026-01-21 00:00:00
1768968000000,4876.4,4915.0,4859.4,4883.06,4512.6251,2026-01-21 04:00:00
1768982400000,4883.05,4902.9,4877.6,4896.04,2435.1363,2026-01-21 08:00:00
1768996800000,4896.08,4914.04,4837.75,4872.84,5523.495,2026-01-21 12:00:00
1769011200000,4872.83,4880.38,4785.42,4809.64,4697.4764,2026-01-21 16:00:00
1769025600000,4809.63,4863.48,4787.3,4800.05,3354.892,2026-01-21 20:00:00
1769040000000,4800.05,4827.54,4790.91,4810.7,3067.0447,2026-01-22 00:00:00
1769054400000,4810.69,4854.19,4809.94,4849.59,1831.4931,2026-01-22 04:00:00
1769068800000,4849.54,4868.24,4831.51,4848.48,2493.423,2026-01-22 08:00:00
1769083200000,4848.45,4890.66,4827.0,4886.86,2650.6853,2026-01-22 12:00:00
1769097600000,4887.0,4941.81,4882.86,4927.83,2839.9103,2026-01-22 16:00:00
1769112000000,4927.57,4982.11,4927.57,4979.98,3109.0722,2026-01-22 20:00:00
1769126400000,4980.0,4982.8,4953.79,4967.55,4444.8688,2026-01-23 00:00:00
1769140800000,4967.51,4982.72,4960.9,4960.91,2586.3858,2026-01-23 04:00:00
1769155200000,4960.9,4961.94,4918.79,4945.29,5674.1634,2026-01-23 08:00:00
1769169600000,4945.29,4979.43,4939.79,4976.45,4257.08,2026-01-23 12:00:00
1769184000000,4976.76,5009.96,4975.69,5003.89,3864.8599,2026-01-23 16:00:00
1769198400000,5003.89,5008.89,4991.86,5007.31,978.1642,2026-01-23 20:00:00
1769212800000,5007.31,5045.46,5005.23,5028.75,2516.0987,2026-01-24 00:00:00
1769227200000,5028.75,5031.77,5013.7,5025.6,987.0157,2026-01-24 04:00:00
1769241600000,5025.6,5038.88,5014.0,5031.51,966.368,2026-01-24 08:00:00
1769256000000,5031.51,5061.13,5023.72,5057.38,1730.9786,2026-01-24 12:00:00
1769270400000,5057.38,5105.0,5055.04,5095.97,2530.1993,2026-01-24 16:00:00
1769284800000,5095.98,5125.43,5069.89,5069.89,2735.7617,2026-01-24 20:00:00
1769299200000,5069.89,5102.63,5069.89,5095.19,1581.4002,2026-01-25 00:00:00
1769313600000,5095.2,5109.0,5087.26,5092.18,1151.9951,2026-01-25 04:00:00
1769328000000,5092.17,5095.65,5031.0,5058.98,2770.2445,2026-01-25 08:00:00
1769342400000,5058.98,5070.0,5035.0,5055.12,1199.9519,2026-01-25 12:00:00
1769356800000,5055.15,5127.0,5055.15,5098.11,3748.467,2026-01-25 16:00:00
1769371200000,5098.11,5123.1,5049.02,5070.35,7825.065,2026-01-25 20:00:00
1769385600000,5070.35,5120.0,5066.94,5105.82,4730.7463,2026-01-26 00:00:00
1769400000000,5105.82,5150.0,5082.78,5117.37,4708.9245,2026-01-26 04:00:00
1769414400000,5117.36,5130.0,5107.0,5119.03,3744.2445,2026-01-26 08:00:00
1769428800000,5119.03,5125.0,5080.0,5109.46,3449.3175,2026-01-26 12:00:00
