timestamp,open,high,low,close,volume,datetime
1640995200000,146.5,149.0,146.5,148.0,12459.322,2022-01-01 00:00:00
1641009600000,147.9,148.7,146.2,147.7,15522.91,2022-01-01 04:00:00
1641024000000,147.8,148.6,145.6,145.9,14295.9,2022-01-01 08:00:00
1641038400000,145.9,148.0,145.9,147.4,12071.085,2022-01-01 12:00:00
1641052800000,147.4,151.0,147.0,148.9,21771.094,2022-01-01 16:00:00
1641067200000,148.9,150.3,148.5,150.3,8286.642,2022-01-01 20:00:00
1641081600000,150.3,150.5,148.6,149.7,14171.512,2022-01-02 00:00:00
1641096000000,149.6,150.1,147.2,148.7,14008.133,2022-01-02 04:00:00
1641110400000,148.8,151.9,147.8,151.3,26582.153,2022-01-02 08:00:00
1641124800000,151.3,152.5,149.7,152.3,15925.935,2022-01-02 12:00:00
1641139200000,152.3,154.1,150.6,152.6,20882.334,2022-01-02 16:00:00
1641153600000,152.6,155.6,152.1,153.0,21796.131,2022-01-02 20:00:00
1641168000000,153.0,154.2,151.2,152.0,9900.52,2022-01-03 00:00:00
1641182400000,152.0,153.1,150.7,151.2,11527.962,2022-01-03 04:00:00
1641196800000,151.2,152.2,149.9,151.7,11108.034,2022-01-03 08:00:00
1641211200000,151.7,153.0,149.6,150.5,14385.162,2022-01-03 12:00:00
1641225600000,150.4,151.1,148.7,149.0,18212.807,2022-01-03 16:00:00
1641240000000,149.0,151.0,146.8,150.5,17231.308,2022-01-03 20:00:00
1641254400000,150.5,151.1,147.9,150.2,19304.47,2022-01-04 00:00:00
1641268800000,150.1,154.6,149.5,154.0,15902.366,2022-01-04 04:00:00
1641283200000,154.0,156.2,152.7,153.7,24878.067,2022-01-04 08:00:00
1641297600000,153.8,153.9,148.9,151.4,57926.184,2022-01-04 12:00:00
1641312000000,151.4,153.3,147.3,148.5,36376.233,2022-01-04 16:00:00
1641326400000,148.4,150.1,147.2,147.3,18538.818,2022-01-04 20:00:00
1641340800000,147.3,150.5,146.9,149.9,13427.574,2022-01-05 00:00:00
1641355200000,149.9,150.6,149.1,150.2,10488.274,2022-01-05 04:00:00
1641369600000,150.2,151.3,148.6,149.4,18719.087,2022-01-05 08:00:00
1641384000000,149.4,150.7,148.3,149.8,22299.038,2022-01-05 12:00:00
1641398400000,149.9,150.2,142.8,143.4,38226.245,2022-01-05 16:00:00
1641412800000,143.4,143.8,127.5,136.8,147059.457,2022-01-05 20:00:00
1641427200000,136.9,138.8,133.7,133.7,40522.815,2022-01-06 00:00:00
1641441600000,133.7,135.1,132.4,134.2,47652.115,2022-01-06 04:00:00
1641456000000,134.1,134.4,129.7,131.9,47760.706,2022-01-06 08:00:00
1641470400000,131.9,135.1,130.6,133.9,40262.048,2022-01-06 12:00:00
1641484800000,133.9,138.7,133.7,137.6,57906.805,2022-01-06 16:00:00
1641499200000,137.6,138.8,135.5,137.4,46710.529,2022-01-06 20:00:00
1641513600000,137.3,138.9,131.1,134.8,77490.556,2022-01-07 00:00:00
1641528000000,134.8,140.8,130.6,138.7,113809.273,2022-01-07 04:00:00
1641542400000,138.7,143.4,138.0,140.1,55516.109,2022-01-07 08:00:00
1641556800000,140.0,143.5,133.1,138.9,119649.508,2022-01-07 12:00:00
1641571200000,138.8,141.8,135.8,139.6,51023.718,2022-01-07 16:00:00
1641585600000,139.7,141.9,138.2,139.6,28676.8,2022-01-07 20:00:00
1641600000000,139.6,143.1,139.0,142.7,32443.358,2022-01-08 00:00:00
1641614400000,142.8,149.4,142.3,149.2,35082.499,2022-01-08 04:00:00
1641628800000,149.2,156.1,147.7,148.0,164650.525,2022-01-08 08:00:00
1641643200000,148.0,149.8,144.7,146.6,78292.358,2022-01-08 12:00:00
1641657600000,146.6,148.8,136.0,138.4,144754.91,2022-01-08 16:00:00
1641672000000,138.4,146.0,138.0,143.6,42072.916,2022-01-08 20:00:00
1641686400000,143.5,147.0,136.8,137.8,173235.171,2022-01-09 00:00:00
1641700800000,137.8,138.0,134.6,135.3,37951.133,2022-01-09 04:00:00
1641715200000,135.3,138.3,133.9,137.9,33731.291,2022-01-09 08:00:00
1641729600000,137.9,138.1,133.3,135.6,60219.407,2022-01-09 12:00:00
1641744000000,135.7,142.1,135.4,141.5,97656.507,2022-01-09 16:00:00
1641758400000,141.5,144.8,140.1,144.1,45171.131,2022-01-09 20:00:00
1641772800000,144.2,145.0,141.0,141.9,45923.007,2022-01-10 00:00:00
1641787200000,141.9,147.9,141.5,147.5,35658.941,2022-01-10 04:00:00
1641801600000,147.4,148.9,144.6,145.1,61334.239,2022-01-10 08:00:00
1641816000000,145.0,145.7,137.1,141.7,142515.11,2022-01-10 12:00:00
1641830400000,141.7,147.4,136.3,138.5,164575.225,2022-01-10 16:00:00
1641844800000,138.6,142.1,138.0,141.3,28146.622,2022-01-10 20:00:00
1641859200000,141.3,145.6,140.8,143.5,55541.591,2022-01-11 00:00:00
1641873600000,143.5,143.7,140.5,141.0,25552.273,2022-01-11 04:00:00
1641888000000,141.1,142.2,137.8,138.4,32714.589,2022-01-11 08:00:00
1641902400000,138.3,143.0,138.0,141.6,72784.612,2022-01-11 12:00:00
1641916800000,141.6,145.3,140.4,141.5,44442.568,2022-01-11 16:00:00
1641931200000,141.6,142.8,140.5,141.3,19228.698,2022-01-11 20:00:00
1641945600000,141.3,142.5,141.1,141.3,17876.467,2022-01-12 00:00:00
1641960000000,141.4,143.2,140.7,141.1,17556.872,2022-01-12 04:00:00
1641974400000,141.0,144.4,141.0,141.7,30909.718,2022-01-12 08:00:00
1641988800000,141.8,147.8,141.5,145.1,78789.462,2022-01-12 12:00:00
1642003200000,145.2,145.5,143.1,143.6,20891.789,2022-01-12 16:00:00
1642017600000,143.6,145.3,142.7,144.5,18345.494,2022-01-12 20:00:00
1642032000000,144.4,147.5,143.7,146.0,33733.98,2022-01-13 00:00:00
1642046400000,145.9,147.1,144.1,146.2,26765.37,2022-01-13 04:00:00
1642060800000,146.1,149.9,145.2,145.9,52838.411,2022-01-13 08:00:00
1642075200000,146.0,147.3,141.1,142.9,54938.041,2022-01-13 12:00:00
1642089600000,142.9,143.7,140.5,142.5,29917.241,2022-01-13 16:00:00
1642104000000,142.5,146.7,140.8,143.3,31184.999,2022-01-13 20:00:00
1642118400000,143.2,144.9,139.5,140.2,34421.69,2022-01-14 00:00:00
1642132800000,140.2,143.1,140.1,141.7,19051.901,2022-01-14 04:00:00
1642147200000,141.8,142.8,136.7,138.7,42371.774,2022-01-14 08:00:00
1642161600000,138.7,142.5,137.1,141.6,32548.535,2022-01-14 12:00:00
1642176000000,141.6,144.0,140.2,142.6,51745.206,2022-01-14 16:00:00
1642190400000,142.5,144.3,141.8,142.4,21141.687,2022-01-14 20:00:00
1642204800000,142.5,143.9,141.7,142.4,16039.698,2022-01-15 00:00:00
1642219200000,142.3,143.9,141.0,143.2,12123.629,2022-01-15 04:00:00
1642233600000,143.1,144.0,142.1,143.7,13954.416,2022-01-15 08:00:00
1642248000000,143.6,145.9,141.1,145.6,35138.913,2022-01-15 12:00:00
1642262400000,145.6,146.7,143.7,145.3,25023.987,2022-01-15 16:00:00
1642276800000,145.4,145.7,143.7,144.4,18219.615,2022-01-15 20:00:00
1642291200000,144.4,145.9,143.1,143.5,13160.25,2022-01-16 00:00:00
1642305600000,143.5,143.8,142.1,143.1,9345.665,2022-01-16 04:00:00
1642320000000,143.2,143.7,141.4,142.2,10028.037,2022-01-16 08:00:00
1642334400000,142.1,142.8,140.3,142.0,14709.636,2022-01-16 12:00:00
1642348800000,142.0,143.2,140.2,140.4,14866.085,2022-01-16 16:00:00
1642363200000,140.4,141.7,140.2,141.2,9771.11,2022-01-16 20:00:00
1642377600000,141.2,141.6,137.3,137.4,23363.339,2022-01-17 00:00:00
1642392000000,137.4,138.4,135.6,137.8,18482.375,2022-01-17 04:00:00
1642406400000,137.7,141.5,137.4,140.3,19338.944,2022-01-17 08:00:00
1642420800000,140.2,143.0,138.7,138.9,36642.714,2022-01-17 12:00:00
1642435200000,139.0,139.4,136.3,138.4,22416.564,2022-01-17 16:00:00
1642449600000,138.4,139.4,134.6,138.9,19547.281,2022-01-17 20:00:00
1642464000000,138.8,140.7,138.3,138.6,17681.165,2022-01-18 00:00:00
1642478400000,138.6,138.7,134.1,134.9,52043.891,2022-01-18 04:00:00
1642492800000,134.8,134.9,131.3,132.5,40836.644,2022-01-18 08:00:00
1642507200000,132.5,132.8,128.8,129.9,51774.628,2022-01-18 12:00:00
1642521600000,129.9,130.6,128.5,130.2,21119.329,2022-01-18 16:00:00
1642536000000,130.3,133.1,128.8,131.8,21045.065,2022-01-18 20:00:00
1642550400000,131.7,132.3,128.4,129.0,24399.388,2022-01-19 00:00:00
1642564800000,129.1,132.1,126.5,127.2,33322.421,2022-01-19 04:00:00
1642579200000,127.2,131.2,126.4,131.2,22817.195,2022-01-19 08:00:00
1642593600000,131.2,132.1,129.1,129.9,42581.974,2022-01-19 12:00:00
1642608000000,129.9,130.2,126.5,127.1,26824.885,2022-01-19 16:00:00
1642622400000,127.0,128.1,125.6,125.9,18733.658,2022-01-19 20:00:00
1642636800000,125.8,128.2,124.7,127.3,20749.037,2022-01-20 00:00:00
1642651200000,127.3,129.2,126.2,128.6,31075.096,2022-01-20 04:00:00
1642665600000,128.7,129.5,127.7,129.0,11257.824,2022-01-20 08:00:00
1642680000000,129.0,131.6,128.4,131.2,48153.587,2022-01-20 12:00:00
1642694400000,131.3,131.9,128.6,129.4,31880.138,2022-01-20 16:00:00
1642708800000,129.5,129.5,118.7,118.8,54703.219,2022-01-20 20:00:00
1642723200000,118.8,120.5,110.6,111.3,110199.858,2022-01-21 00:00:00
1642737600000,111.2,113.7,111.1,113.5,32525.214,2022-01-21 04:00:00
1642752000000,113.4,114.4,112.6,113.7,19031.902,2022-01-21 08:00:00
1642766400000,113.7,115.2,107.6,114.8,98258.111,2022-01-21 12:00:00
1642780800000,114.7,114.9,110.4,111.0,33619.566,2022-01-21 16:00:00
1642795200000,111.1,113.9,100.2,102.3,109966.672,2022-01-21 20:00:00
1642809600000,102.2,104.5,99.9,101.0,46885.92188,2022-01-22 00:00:00
1642824000000,101.0,101.4,88.2,89.7,128716.63354,2022-01-22 04:00:00
1642838400000,89.8,93.9,82.8,91.1,162732.973,2022-01-22 08:00:00
1642852800000,91.2,97.6,89.4,89.7,113478.258,2022-01-22 12:00:00
1642867200000,89.7,94.6,88.0,89.7,83162.461,2022-01-22 16:00:00
1642881600000,89.7,96.3,89.3,94.6,48282.289,2022-01-22 20:00:00
1642896000000,94.5,96.7,92.2,93.6,37605.235,2022-01-23 00:00:00
1642910400000,93.6,96.4,92.8,95.6,54260.812,2022-01-23 04:00:00
1642924800000,95.6,98.1,94.5,94.9,43982.258,2022-01-23 08:00:00
1642939200000,94.9,96.0,90.7,93.0,38414.711,2022-01-23 12:00:00
1642953600000,92.9,94.4,91.3,92.1,31291.178,2022-01-23 16:00:00
1642968000000,92.1,97.8,91.3,97.5,37328.15,2022-01-23 20:00:00
1642982400000,97.4,97.9,92.8,94.4,35546.149,2022-01-24 00:00:00
1642996800000,94.3,94.9,90.7,91.1,25328.111,2022-01-24 04:00:00
1643011200000,91.1,92.9,83.0,83.9,107859.653,2022-01-24 08:00:00
1643025600000,83.9,88.5,81.4,87.9,117013.78875,2022-01-24 12:00:00
1643040000000,88.0,92.0,85.8,91.5,76625.995,2022-01-24 16:00:00
1643054400000,91.4,95.3,90.8,94.4,44840.379,2022-01-24 20:00:00
1643068800000,94.4,94.4,91.9,93.9,29414.618,2022-01-25 00:00:00
1643083200000,93.9,94.2,91.8,94.1,24735.324,2022-01-25 04:00:00
1643097600000,94.1,96.6,93.0,94.2,27805.536,2022-01-25 08:00:00
1643112000000,94.2,95.9,90.1,90.8,95302.929,2022-01-25 12:00:00
1643126400000,90.8,93.8,90.8,92.8,27065.996,2022-01-25 16:00:00
1643140800000,92.8,92.8,88.9,90.3,56689.309,2022-01-25 20:00:00
1643155200000,90.4,91.0,89.1,90.5,29692.483,2022-01-26 00:00:00
1643169600000,90.5,92.0,89.9,90.8,38044.485,2022-01-26 04:00:00
1643184000000,90.8,93.6,90.7,93.2,30267.763,2022-01-26 08:00:00
1643198400000,93.2,95.9,91.9,93.6,91199.513,2022-01-26 12:00:00
1643212800000,93.6,100.3,90.8,93.0,111416.373,2022-01-26 16:00:00
1643227200000,93.0,93.0,86.4,89.8,68067.999,2022-01-26 20:00:00
1643241600000,89.8,90.6,82.5,83.5,108524.681,2022-01-27 00:00:00
1643256000000,83.6,86.4,83.0,85.9,33072.762,2022-01-27 04:00:00
1643270400000,85.9,88.3,85.3,88.2,26796.783,2022-01-27 08:00:00
1643284800000,88.2,90.6,87.8,89.4,33724.705,2022-01-27 12:00:00
1643299200000,89.4,90.4,87.2,88.5,30852.68,2022-01-27 16:00:00
1643313600000,88.6,89.6,84.8,88.7,39344.03,2022-01-27 20:00:00
1643328000000,88.8,90.0,86.2,89.4,32320.291,2022-01-28 00:00:00
1643342400000,89.4,90.9,88.4,88.6,25426.101,2022-01-28 04:00:00
1643356800000,88.6,89.4,87.0,88.1,29648.583,2022-01-28 08:00:00
1643371200000,88.1,90.8,86.3,90.6,39400.498,2022-01-28 12:00:00
1643385600000,90.6,91.3,87.9,89.2,37446.637,2022-01-28 16:00:00
1643400000000,89.2,91.8,88.9,91.2,16508.976,2022-01-28 20:00:00
1643414400000,91.2,94.2,90.6,93.9,30681.111,2022-01-29 00:00:00
1643428800000,93.9,95.2,93.3,95.0,35947.885,2022-01-29 04:00:00
1643443200000,95.0,95.4,93.2,95.1,24698.144,2022-01-29 08:00:00
1643457600000,95.1,96.0,93.2,95.3,32590.386,2022-01-29 12:00:00
1643472000000,95.3,97.1,94.5,94.9,25049.236,2022-01-29 16:00:00
1643486400000,94.9,97.1,94.7,96.3,20813.17,2022-01-29 20:00:00
1643500800000,96.2,96.8,94.3,95.5,15342.479,2022-01-30 00:00:00
1643515200000,95.4,98.0,95.4,97.2,22052.299,2022-01-30 04:00:00
1643529600000,97.1,97.7,95.2,97.4,16899.394,2022-01-30 08:00:00
1643544000000,97.4,97.5,94.5,96.0,24955.555,2022-01-30 12:00:00
1643558400000,96.1,96.1,91.8,92.4,21581.267,2022-01-30 16:00:00
1643572800000,92.4,94.4,91.4,93.1,20794.627,2022-01-30 20:00:00
1643587200000,93.0,93.3,88.2,89.7,27723.342,2022-01-31 00:00:00
1643601600000,89.7,90.2,88.3,90.0,14337.708,2022-01-31 04:00:00
1643616000000,90.0,90.9,89.1,90.6,12938.142,2022-01-31 08:00:00
1643630400000,90.6,93.9,89.3,93.2,24611.059,2022-01-31 12:00:00
1643644800000,93.2,94.7,92.7,93.8,25659.068,2022-01-31 16:00:00
1643659200000,93.9,94.9,93.5,94.5,13274.543,2022-01-31 20:00:00
1643673600000,94.5,96.9,94.3,96.3,13223.345,2022-02-01 00:00:00
1643688000000,96.4,96.7,94.9,95.9,10199.904,2022-02-01 04:00:00
1643702400000,95.9,97.7,94.0,95.5,20015.703,2022-02-01 08:00:00
1643716800000,95.6,97.2,95.3,97.0,24756.372,2022-02-01 12:00:00
1643731200000,97.0,98.1,96.3,97.3,21084.089,2022-02-01 16:00:00
1643745600000,97.3,99.7,97.1,98.9,17782.184,2022-02-01 20:00:00
1643760000000,98.9,100.8,98.2,99.8,19539.227,2022-02-02 00:00:00
1643774400000,99.8,102.4,99.2,101.0,24964.577,2022-02-02 04:00:00
1643788800000,101.0,103.3,100.5,103.0,28405.093,2022-02-02 08:00:00
1643803200000,103.0,103.8,98.2,99.0,51221.801,2022-02-02 12:00:00
1643817600000,99.0,102.3,97.4,101.3,48244.079,2022-02-02 16:00:00
1643832000000,101.3,102.4,97.6,98.3,39535.627,2022-02-02 20:00:00
1643846400000,98.3,102.1,97.5,97.8,39033.322,2022-02-03 00:00:00
1643860800000,97.8,102.3,97.3,97.9,54398.291,2022-02-03 04:00:00
1643875200000,97.9,98.8,94.9,97.2,39460.133,2022-02-03 08:00:00
1643889600000,97.3,98.0,95.1,97.5,34355.709,2022-02-03 12:00:00
1643904000000,97.5,99.1,96.4,98.0,28925.411,2022-02-03 16:00:00
1643918400000,98.0,100.9,97.5,100.9,18201.981,2022-02-03 20:00:00
1643932800000,100.8,101.0,99.6,99.8,12594.13,2022-02-04 00:00:00
1643947200000,99.8,102.0,99.5,101.0,20893.938,2022-02-04 04:00:00
1643961600000,101.1,102.3,100.8,101.3,15711.993,2022-02-04 08:00:00
1643976000000,101.3,104.5,99.9,102.9,50118.536,2022-02-04 12:00:00
1643990400000,102.9,106.0,102.8,105.9,41252.357,2022-02-04 16:00:00
1644004800000,105.8,107.6,104.8,107.1,24282.315,2022-02-04 20:00:00
1644019200000,107.1,115.0,106.1,114.9,78758.966,2022-02-05 00:00:00
1644033600000,114.8,117.7,114.3,114.8,56486.074,2022-02-05 04:00:00
1644048000000,114.9,116.1,114.4,115.7,24425.374,2022-02-05 08:00:00
1644062400000,115.6,122.9,115.2,120.9,57509.777,2022-02-05 12:00:00
1644076800000,120.9,121.4,114.6,115.2,54875.538,2022-02-05 16:00:00
1644091200000,115.1,118.7,114.7,116.0,23016.848,2022-02-05 20:00:00
1644105600000,115.9,121.9,115.9,121.5,22806.291,2022-02-06 00:00:00
1644120000000,121.5,125.7,120.3,124.1,83307.581,2022-02-06 04:00:00
1644134400000,124.0,124.4,121.2,121.9,29200.49,2022-02-06 08:00:00
1644148800000,121.8,125.5,121.6,123.6,39876.404,2022-02-06 12:00:00
1644163200000,123.7,126.1,120.6,123.1,36062.354,2022-02-06 16:00:00
1644177600000,123.1,124.7,121.7,124.3,24608.477,2022-02-06 20:00:00
1644192000000,124.4,125.8,121.2,125.3,42651.786,2022-02-07 00:00:00
1644206400000,125.3,125.8,124.0,125.1,20331.6,2022-02-07 04:00:00
1644220800000,125.0,129.8,122.8,127.9,45456.6,2022-02-07 08:00:00
1644235200000,127.8,128.1,125.3,126.5,58177.171,2022-02-07 12:00:00
1644249600000,126.5,130.3,124.5,129.4,54498.941,2022-02-07 16:00:00
1644264000000,129.4,130.8,128.1,128.8,29133.037,2022-02-07 20:00:00
1644278400000,128.8,129.4,126.1,127.2,37804.836,2022-02-08 00:00:00
1644292800000,127.2,132.8,127.1,131.6,50482.101,2022-02-08 04:00:00
1644307200000,131.5,132.7,125.8,126.1,66269.536,2022-02-08 08:00:00
1644321600000,126.0,128.6,121.5,127.1,68194.43,2022-02-08 12:00:00
1644336000000,127.0,132.0,125.2,129.6,77761.837,2022-02-08 16:00:00
1644350400000,129.5,135.0,129.1,133.1,40825.697,2022-02-08 20:00:00
1644364800000,133.1,134.5,130.1,130.6,33530.083,2022-02-09 00:00:00
1644379200000,130.6,133.5,128.3,132.6,34567.65,2022-02-09 04:00:00
1644393600000,132.6,132.9,129.2,130.3,38226.54,2022-02-09 08:00:00
1644408000000,130.3,131.4,127.5,128.2,47796.719,2022-02-09 12:00:00
1644422400000,128.3,129.8,126.8,127.7,51944.355,2022-02-09 16:00:00
1644436800000,127.7,127.9,125.7,126.0,24530.746,2022-02-09 20:00:00
1644451200000,125.8,128.1,123.9,125.6,45542.117,2022-02-10 00:00:00
1644465600000,125.6,126.4,124.9,125.5,13350.385,2022-02-10 04:00:00
1644480000000,125.4,128.3,125.1,128.1,30523.646,2022-02-10 08:00:00
1644494400000,128.1,129.0,119.8,125.6,90692.003,2022-02-10 12:00:00
1644508800000,125.6,128.8,123.1,124.1,41224.257,2022-02-10 16:00:00
1644523200000,124.1,128.8,123.0,124.8,52223.107,2022-02-10 20:00:00
1644537600000,124.8,127.2,120.3,126.8,61431.401,2022-02-11 00:00:00
1644552000000,126.8,131.0,125.0,125.4,63296.228,2022-02-11 04:00:00
1644566400000,125.4,128.9,123.4,128.3,50322.882,2022-02-11 08:00:00
1644580800000,128.2,130.1,125.6,127.5,37577.607,2022-02-11 12:00:00
1644595200000,127.5,128.7,121.8,122.1,45204.032,2022-02-11 16:00:00
1644609600000,122.1,122.5,115.0,116.5,47568.462,2022-02-11 20:00:00
1644624000000,116.5,118.3,114.2,117.4,28706.385,2022-02-12 00:00:00
1644638400000,117.4,118.8,113.3,115.6,22955.101,2022-02-12 04:00:00
1644652800000,115.5,119.7,115.5,118.7,40414.458,2022-02-12 08:00:00
1644667200000,118.7,120.5,117.2,119.4,36934.037,2022-02-12 12:00:00
1644681600000,119.4,123.5,118.6,119.3,41895.895,2022-02-12 16:00:00
1644696000000,119.3,120.5,116.1,117.8,22767.013,2022-02-12 20:00:00
1644710400000,117.9,118.2,115.7,116.6,18620.265,2022-02-13 00:00:00
1644724800000,116.7,118.1,115.8,117.6,10408.911,2022-02-13 04:00:00
1644739200000,117.5,118.7,116.7,117.8,17816.874,2022-02-13 08:00:00
1644753600000,117.8,118.7,116.8,117.5,15698.61,2022-02-13 12:00:00
1644768000000,117.4,118.0,114.9,115.9,33877.737,2022-02-13 16:00:00
1644782400000,116.0,117.9,115.5,117.0,12157.257,2022-02-13 20:00:00
1644796800000,117.0,119.7,112.5,114.7,37327.142,2022-02-14 00:00:00
1644811200000,114.7,119.4,113.6,117.6,28031.742,2022-02-14 04:00:00
1644825600000,117.7,118.5,115.4,115.7,24783.787,2022-02-14 08:00:00
1644840000000,115.8,119.2,114.6,118.0,28401.384,2022-02-14 12:00:00
1644854400000,118.0,119.1,115.7,117.3,29664.093,2022-02-14 16:00:00
1644868800000,117.4,122.1,117.1,120.5,21828.84,2022-02-14 20:00:00
1644883200000,120.5,124.8,120.1,124.4,20551.357,2022-02-15 00:00:00
1644897600000,124.5,126.7,123.4,126.4,24782.774,2022-02-15 04:00:00
1644912000000,126.3,129.6,125.6,129.1,36751.152,2022-02-15 08:00:00
1644926400000,129.1,130.0,126.6,126.8,35332.237,2022-02-15 12:00:00
1644940800000,126.8,127.3,125.3,125.6,29488.192,2022-02-15 16:00:00
1644955200000,125.5,126.5,124.1,125.9,31233.359,2022-02-15 20:00:00
1644969600000,125.9,125.9,122.4,123.0,21244.472,2022-02-16 00:00:00
1644984000000,122.9,124.5,121.1,124.0,22845.097,2022-02-16 04:00:00
1644998400000,124.0,124.8,122.1,123.4,20803.286,2022-02-16 08:00:00
1645012800000,123.4,123.7,119.6,120.7,36480.286,2022-02-16 12:00:00
1645027200000,120.7,124.4,119.9,124.0,29450.805,2022-02-16 16:00:00
1645041600000,124.0,126.6,124.0,125.3,21535.916,2022-02-16 20:00:00
1645056000000,125.4,127.4,121.1,121.2,40895.165,2022-02-17 00:00:00
1645070400000,121.2,123.6,119.5,123.5,29706.007,2022-02-17 04:00:00
1645084800000,123.4,124.0,120.3,122.9,27361.276,2022-02-17 08:00:00
1645099200000,123.0,125.8,118.3,119.6,72454.298,2022-02-17 12:00:00
1645113600000,119.6,120.0,114.5,116.5,43222.438,2022-02-17 16:00:00
1645128000000,116.4,116.4,111.7,113.6,36788.229,2022-02-17 20:00:00
1645142400000,113.5,115.2,111.1,114.5,32518.959,2022-02-18 00:00:00
1645156800000,114.6,118.0,113.9,116.7,24726.406,2022-02-18 04:00:00
1645171200000,116.7,118.0,114.5,114.8,19981.294,2022-02-18 08:00:00
1645185600000,114.8,115.8,110.8,111.5,42267.301,2022-02-18 12:00:00
1645200000000,111.5,112.5,107.9,109.3,38100.493,2022-02-18 16:00:00
1645214400000,109.3,109.7,107.7,109.0,23288.373,2022-02-18 20:00:00
1645228800000,109.1,111.0,108.9,109.3,19262.964,2022-02-19 00:00:00
1645243200000,109.3,111.6,108.8,111.2,29924.054,2022-02-19 04:00:00
1645257600000,111.1,112.1,107.5,108.3,29559.965,2022-02-19 08:00:00
1645272000000,108.3,115.2,106.9,114.3,54620.346,2022-02-19 12:00:00
1645286400000,114.3,116.0,110.9,111.4,30794.882,2022-02-19 16:00:00
1645300800000,111.4,112.5,109.9,112.1,30193.284,2022-02-19 20:00:00
1645315200000,112.1,112.3,108.4,109.4,34547.594,2022-02-20 00:00:00
1645329600000,109.4,109.9,104.7,107.0,43797.584,2022-02-20 04:00:00
1645344000000,107.0,107.1,105.0,106.6,25999.696,2022-02-20 08:00:00
1645358400000,106.6,107.5,103.6,105.8,30883.965,2022-02-20 12:00:00
1645372800000,105.8,107.5,104.8,107.0,18730.482,2022-02-20 16:00:00
1645387200000,106.9,110.3,105.7,107.9,22727.595,2022-02-20 20:00:00
1645401600000,107.9,115.2,107.3,112.8,45312.071,2022-02-21 00:00:00
1645416000000,112.8,114.7,112.7,113.6,19455.944,2022-02-21 04:00:00
1645430400000,113.5,114.0,107.4,108.2,45683.523,2022-02-21 08:00:00
1645444800000,108.2,112.7,103.5,110.6,79199.297,2022-02-21 12:00:00
1645459200000,110.6,111.7,105.6,107.0,65671.359,2022-02-21 16:00:00
1645473600000,107.0,107.8,99.7,100.3,54504.784,2022-02-21 20:00:00
1645488000000,100.3,102.2,95.4,96.0,63530.377,2022-02-22 00:00:00
1645502400000,96.1,97.0,94.8,95.7,56499.468,2022-02-22 04:00:00
1645516800000,95.7,99.6,95.5,99.0,51105.575,2022-02-22 08:00:00
1645531200000,99.0,101.5,98.1,99.8,39303.851,2022-02-22 12:00:00
1645545600000,99.9,100.1,97.4,99.6,28820.356,2022-02-22 16:00:00
1645560000000,99.6,103.3,98.9,103.0,31097.152,2022-02-22 20:00:00
1645574400000,103.0,103.6,99.5,101.8,24743.95,2022-02-23 00:00:00
1645588800000,101.7,104.7,101.7,104.2,25023.646,2022-02-23 04:00:00
1645603200000,104.2,105.6,103.6,104.7,23715.838,2022-02-23 08:00:00
1645617600000,104.8,106.2,103.1,104.6,23375.513,2022-02-23 12:00:00
1645632000000,104.5,106.1,100.2,100.5,30223.876,2022-02-23 16:00:00
1645646400000,100.4,100.9,97.0,97.4,31554.301,2022-02-23 20:00:00
1645660800000,97.4,99.9,89.0,90.2,66564.34,2022-02-24 00:00:00
1645675200000,90.1,91.3,84.7,88.9,88894.61,2022-02-24 04:00:00
1645689600000,88.9,90.7,85.9,88.3,37455.571,2022-02-24 08:00:00
1645704000000,88.3,94.3,86.9,93.9,44008.295,2022-02-24 12:00:00
1645718400000,93.9,99.6,93.7,99.5,39606.009,2022-02-24 16:00:00
1645732800000,99.4,105.2,99.3,102.6,48105.785,2022-02-24 20:00:00
1645747200000,102.6,105.1,101.3,103.7,38774.876,2022-02-25 00:00:00
1645761600000,103.7,103.7,98.9,100.5,52231.058,2022-02-25 04:00:00
1645776000000,100.5,102.3,98.4,102.0,35216.319,2022-02-25 08:00:00
1645790400000,102.0,108.0,102.0,107.4,63698.97,2022-02-25 12:00:00
1645804800000,107.4,108.8,105.6,107.7,34141.818,2022-02-25 16:00:00
1645819200000,107.7,109.9,106.1,106.8,31700.987,2022-02-25 20:00:00
1645833600000,106.9,110.4,106.3,108.5,29529.736,2022-02-26 00:00:00
1645848000000,108.4,109.5,106.9,109.4,16371.788,2022-02-26 04:00:00
1645862400000,109.4,110.6,105.8,106.8,24558.309,2022-02-26 08:00:00
1645876800000,106.8,109.9,105.4,108.6,24571.184,2022-02-26 12:00:00
1645891200000,108.6,110.5,107.6,109.7,16907.851,2022-02-26 16:00:00
1645905600000,109.7,110.4,106.9,107.8,13468.499,2022-02-26 20:00:00
1645920000000,107.9,108.4,104.3,105.2,19594.978,2022-02-27 00:00:00
1645934400000,105.1,106.6,104.4,106.1,10199.917,2022-02-27 04:00:00
1645948800000,106.0,109.8,104.9,109.6,29127.896,2022-02-27 08:00:00
1645963200000,109.7,110.6,106.1,109.4,42907.546,2022-02-27 12:00:00
1645977600000,109.3,109.5,100.0,100.5,39761.166,2022-02-27 16:00:00
1645992000000,100.5,103.0,99.0,102.6,36622.765,2022-02-27 20:00:00
1646006400000,102.5,103.1,100.1,101.2,18546.214,2022-02-28 00:00:00
1646020800000,101.2,104.7,100.1,104.3,18964.609,2022-02-28 04:00:00
1646035200000,104.2,107.6,103.9,104.7,24538.785,2022-02-28 08:00:00
1646049600000,104.8,112.6,102.8,111.8,49831.905,2022-02-28 12:00:00
1646064000000,111.9,115.6,111.1,115.0,54364.763,2022-02-28 16:00:00
1646078400000,115.0,119.4,114.8,118.7,26303.809,2022-02-28 20:00:00
1646092800000,118.7,120.3,115.9,116.5,35704.56,2022-03-01 00:00:00
1646107200000,116.6,118.3,115.5,117.2,14138.318,2022-03-01 04:00:00
1646121600000,117.2,119.1,115.2,116.8,22991.619,2022-03-01 08:00:00
1646136000000,116.8,121.6,115.7,117.3,39003.419,2022-03-01 12:00:00
1646150400000,117.2,118.9,115.3,118.8,29500.237,2022-03-01 16:00:00
1646164800000,118.7,119.9,117.3,119.0,16405.291,2022-03-01 20:00:00
1646179200000,119.0,119.2,115.0,118.2,32405.053,2022-03-02 00:00:00
1646193600000,118.2,119.4,116.7,117.3,22339.947,2022-03-02 04:00:00
1646208000000,117.3,123.2,116.4,121.5,29105.792,2022-03-02 08:00:00
1646222400000,121.4,125.3,120.4,123.7,63173.068,2022-03-02 12:00:00
1646236800000,123.8,125.0,120.9,123.6,29532.055,2022-03-02 16:00:00
1646251200000,123.7,129.0,122.7,125.8,35963.234,2022-03-02 20:00:00
1646265600000,125.9,128.4,124.6,126.0,31602.685,2022-03-03 00:00:00
1646280000000,125.9,127.8,122.9,124.9,24381.345,2022-03-03 04:00:00
1646294400000,124.8,127.3,123.3,126.7,21581.328,2022-03-03 08:00:00
1646308800000,126.6,127.5,121.3,122.2,21970.909,2022-03-03 12:00:00
1646323200000,122.2,128.0,121.1,127.6,39970.326,2022-03-03 16:00:00
1646337600000,127.6,131.0,124.9,129.1,41599.036,2022-03-03 20:00:00
1646352000000,129.1,129.5,124.5,127.4,39994.414,2022-03-04 00:00:00
1646366400000,127.4,129.2,125.4,126.0,36149.117,2022-03-04 04:00:00
1646380800000,126.0,126.3,121.4,123.1,45368.135,2022-03-04 08:00:00
1646395200000,123.1,124.0,120.4,122.3,35808.376,2022-03-04 12:00:00
1646409600000,122.2,122.5,117.1,117.4,23883.689,2022-03-04 16:00:00
1646424000000,117.4,119.9,115.9,117.0,25333.12,2022-03-04 20:00:00
1646438400000,116.9,117.1,112.4,114.1,26957.454,2022-03-05 00:00:00
1646452800000,114.1,115.1,112.9,114.7,10384.396,2022-03-05 04:00:00
1646467200000,114.8,115.0,112.5,113.9,13376.472,2022-03-05 08:00:00
1646481600000,113.9,114.7,113.1,113.7,14660.481,2022-03-05 12:00:00
1646496000000,113.6,119.2,113.3,117.2,25030.239,2022-03-05 16:00:00
1646510400000,117.2,117.8,115.9,116.4,8275.225,2022-03-05 20:00:00
1646524800000,116.3,118.7,115.4,115.5,15867.543,2022-03-06 00:00:00
1646539200000,115.5,119.6,113.1,118.8,33147.56,2022-03-06 04:00:00
1646553600000,118.8,118.9,107.7,109.7,76458.7,2022-03-06 08:00:00
1646568000000,109.8,114.5,109.5,111.7,22248.484,2022-03-06 12:00:00
1646582400000,111.6,113.5,109.4,110.1,18730.287,2022-03-06 16:00:00
1646596800000,110.1,111.6,107.1,107.4,18942.135,2022-03-06 20:00:00
1646611200000,107.3,107.8,103.7,104.4,38176.365,2022-03-07 00:00:00
1646625600000,104.5,106.7,104.0,105.1,66533.822,2022-03-07 04:00:00
1646640000000,105.2,107.5,104.8,106.4,19309.452,2022-03-07 08:00:00
1646654400000,106.4,113.3,106.4,111.1,34561.997,2022-03-07 12:00:00
1646668800000,111.0,113.8,106.5,106.9,45957.149,2022-03-07 16:00:00
1646683200000,106.9,112.6,105.2,109.6,31626.302,2022-03-07 20:00:00
1646697600000,109.5,120.5,108.9,119.5,79575.64,2022-03-08 00:00:00
1646712000000,119.5,120.5,115.9,117.6,62524.21,2022-03-08 04:00:00
1646726400000,117.7,122.9,116.9,120.6,43098.842,2022-03-08 08:00:00
1646740800000,120.7,129.7,119.4,127.6,146745.286,2022-03-08 12:00:00
1646755200000,127.7,128.2,122.7,124.9,157478.238,2022-03-08 16:00:00
1646769600000,124.9,141.2,124.2,138.5,139903.942,2022-03-08 20:00:00
1646784000000,138.5,140.7,135.8,138.4,135658.782,2022-03-09 00:00:00
1646798400000,138.5,144.5,137.0,141.1,85271.665,2022-03-09 04:00:00
1646812800000,141.0,142.6,137.0,140.7,89339.121,2022-03-09 08:00:00
1646827200000,140.7,146.7,137.1,142.3,158126.025,2022-03-09 12:00:00
1646841600000,142.3,143.9,136.9,138.9,79358.857,2022-03-09 16:00:00
1646856000000,138.9,142.7,136.4,141.5,37455.034,2022-03-09 20:00:00
1646870400000,141.5,146.3,137.7,142.7,91550.219,2022-03-10 00:00:00
1646884800000,142.8,143.0,132.1,141.1,109905.835,2022-03-10 04:00:00
1646899200000,141.2,143.4,134.2,135.7,124096.769,2022-03-10 08:00:00
1646913600000,135.6,143.7,130.4,141.5,182948.386,2022-03-10 12:00:00
1646928000000,141.3,146.6,137.6,145.0,112730.19,2022-03-10 16:00:00
1646942400000,145.0,160.7,140.8,157.2,157275.5,2022-03-10 20:00:00
1646956800000,157.3,158.8,149.6,153.2,127280.888,2022-03-11 00:00:00
1646971200000,153.3,154.4,147.6,153.4,81593.152,2022-03-11 04:00:00
1646985600000,153.4,156.8,150.9,153.3,77654.804,2022-03-11 08:00:00
1647000000000,153.2,154.7,148.3,149.5,85345.523,2022-03-11 12:00:00
1647014400000,149.5,156.1,145.9,154.7,81203.751,2022-03-11 16:00:00
1647028800000,154.7,157.5,150.8,153.4,69626.296,2022-03-11 20:00:00
1647043200000,153.4,159.8,152.6,154.7,59245.452,2022-03-12 00:00:00
1647057600000,154.6,155.5,150.4,151.8,32886.796,2022-03-12 04:00:00
1647072000000,151.8,152.0,144.8,145.2,49085.455,2022-03-12 08:00:00
1647086400000,145.2,148.5,143.6,148.1,36674.491,2022-03-12 12:00:00
1647100800000,148.0,153.1,144.7,152.5,61918.18,2022-03-12 16:00:00
1647115200000,152.6,155.6,150.9,151.7,40979.462,2022-03-12 20:00:00
1647129600000,151.7,154.0,149.5,152.3,28860.184,2022-03-13 00:00:00
1647144000000,152.4,152.5,144.7,145.0,30432.898,2022-03-13 04:00:00
1647158400000,145.1,148.3,144.7,147.1,25972.985,2022-03-13 08:00:00
1647172800000,147.0,154.0,145.4,148.9,54412.462,2022-03-13 12:00:00
1647187200000,149.0,158.7,147.9,155.0,89938.789,2022-03-13 16:00:00
1647201600000,154.8,158.0,150.9,154.8,68611.083,2022-03-13 20:00:00
1647216000000,154.9,156.4,147.7,151.6,69166.14,2022-03-14 00:00:00
1647230400000,151.6,155.8,151.3,153.9,52385.466,2022-03-14 04:00:00
1647244800000,153.9,156.4,151.4,152.7,44970.509,2022-03-14 08:00:00
1647259200000,152.7,154.6,151.0,153.0,38091.079,2022-03-14 12:00:00
1647273600000,153.0,154.0,142.9,143.5,64985.972,2022-03-14 16:00:00
1647288000000,143.5,149.9,143.4,149.5,43683.082,2022-03-14 20:00:00
1647302400000,149.5,150.0,140.0,142.3,66986.22,2022-03-15 00:00:00
1647316800000,142.2,143.7,140.1,142.4,29298.395,2022-03-15 04:00:00
1647331200000,142.5,142.7,137.8,138.7,77333.499,2022-03-15 08:00:00
1647345600000,138.7,141.2,138.0,139.1,46199.529,2022-03-15 12:00:00
1647360000000,139.1,141.6,137.1,139.9,38105.906,2022-03-15 16:00:00
1647374400000,139.8,140.6,135.4,136.3,21409.365,2022-03-15 20:00:00
1647388800000,136.3,144.6,135.5,143.0,131652.675,2022-03-16 00:00:00
1647403200000,143.0,143.9,139.6,141.9,27846.921,2022-03-16 04:00:00
1647417600000,141.9,143.7,141.1,142.5,17905.426,2022-03-16 08:00:00
1647432000000,142.4,145.2,141.6,145.1,20839.354,2022-03-16 12:00:00
1647446400000,145.2,149.9,143.1,149.2,69532.131,2022-03-16 16:00:00
1647460800000,149.1,154.0,149.0,154.0,30771.929,2022-03-16 20:00:00
1647475200000,153.9,166.8,153.6,159.3,142155.627,2022-03-17 00:00:00
1647489600000,159.2,161.0,153.2,153.5,64200.317,2022-03-17 04:00:00
1647504000000,153.5,155.9,153.0,155.1,25617.053,2022-03-17 08:00:00
1647518400000,155.3,157.1,153.4,154.4,31231.116,2022-03-17 12:00:00
1647532800000,154.5,155.7,149.8,152.4,31108.885,2022-03-17 16:00:00
1647547200000,152.5,152.7,148.2,152.5,41830.713,2022-03-17 20:00:00
1647561600000,152.5,161.1,151.0,151.2,59103.546,2022-03-18 00:00:00
1647576000000,151.2,153.9,150.8,151.3,17152.982,2022-03-18 04:00:00
1647590400000,151.2,153.3,147.3,148.4,26637.248,2022-03-18 08:00:00
1647604800000,148.5,152.0,147.9,151.4,26965.554,2022-03-18 12:00:00
1647619200000,151.4,167.5,150.6,165.5,126187.379,2022-03-18 16:00:00
1647633600000,165.4,172.5,164.0,171.9,55912.265,2022-03-18 20:00:00
1647648000000,171.9,179.5,170.2,173.6,67854.414,2022-03-19 00:00:00
1647662400000,173.6,175.6,169.7,170.2,32104.315,2022-03-19 04:00:00
1647676800000,170.3,173.5,167.1,172.1,53084.27,2022-03-19 08:00:00
1647691200000,172.0,176.9,168.6,174.0,50749.167,2022-03-19 12:00:00
1647705600000,174.0,183.0,173.1,178.9,84596.875,2022-03-19 16:00:00
1647720000000,178.9,183.0,176.9,179.9,50581.824,2022-03-19 20:00:00
1647734400000,179.9,180.5,175.1,175.6,27120.58,2022-03-20 00:00:00
1647748800000,175.6,179.8,174.7,176.6,21894.425,2022-03-20 04:00:00
1647763200000,176.7,181.3,173.7,174.3,36701.044,2022-03-20 08:00:00
1647777600000,174.3,176.3,170.9,172.3,32914.102,2022-03-20 12:00:00
1647792000000,172.2,174.5,169.3,174.2,26373.5,2022-03-20 16:00:00
1647806400000,174.2,175.6,171.0,173.8,23112.111,2022-03-20 20:00:00
1647820800000,173.8,175.6,168.1,172.9,38166.138,2022-03-21 00:00:00
1647835200000,172.9,173.0,155.5,170.0,52273.337,2022-03-21 04:00:00
1647849600000,169.9,174.0,169.7,170.1,29981.462,2022-03-21 08:00:00
1647864000000,170.1,170.5,165.7,168.7,47061.947,2022-03-21 12:00:00
1647878400000,168.7,183.7,168.6,178.7,92681.742,2022-03-21 16:00:00
1647892800000,178.8,184.8,177.3,181.5,38944.01,2022-03-21 20:00:00
1647907200000,181.5,183.9,178.2,180.5,31248.637,2022-03-22 00:00:00
1647921600000,180.5,183.7,177.4,177.8,34187.287,2022-03-22 04:00:00
1647936000000,177.8,180.4,177.6,179.2,21526.618,2022-03-22 08:00:00
1647950400000,179.2,180.0,176.3,176.5,18905.365,2022-03-22 12:00:00
1647964800000,176.5,179.1,175.1,175.6,13867.809,2022-03-22 16:00:00
1647979200000,175.5,178.0,172.9,174.4,17061.832,2022-03-22 20:00:00
1647993600000,174.4,175.5,171.2,172.8,22368.913,2022-03-23 00:00:00
1648008000000,172.7,174.9,172.5,172.9,10443.297,2022-03-23 04:00:00
1648022400000,172.9,177.6,172.4,175.7,19380.739,2022-03-23 08:00:00
1648036800000,175.7,181.0,174.7,180.9,19920.774,2022-03-23 12:00:00
1648051200000,181.1,188.0,178.1,183.3,53120.691,2022-03-23 16:00:00
1648065600000,183.2,183.5,179.2,181.9,19365.975,2022-03-23 20:00:00
1648080000000,182.1,183.0,179.3,180.7,24326.576,2022-03-24 00:00:00
1648094400000,180.6,184.0,180.0,181.4,20578.491,2022-03-24 04:00:00
1648108800000,181.2,182.9,180.6,180.8,12187.696,2022-03-24 08:00:00
1648123200000,180.9,186.4,177.3,185.7,36763.543,2022-03-24 12:00:00
1648137600000,185.7,196.9,185.0,195.8,62291.925,2022-03-24 16:00:00
1648152000000,195.7,196.9,192.2,192.8,20091.623,2022-03-24 20:00:00
1648166400000,192.9,195.5,190.6,191.4,26937.351,2022-03-25 00:00:00
1648180800000,191.4,193.7,190.2,190.6,13007.769,2022-03-25 04:00:00
1648195200000,190.6,193.9,188.4,193.1,18308.63,2022-03-25 08:00:00
1648209600000,193.0,196.8,192.3,195.8,39507.738,2022-03-25 12:00:00
1648224000000,195.7,200.6,194.7,198.9,62769.811,2022-03-25 16:00:00
1648238400000,198.9,199.9,194.5,195.1,18851.436,2022-03-25 20:00:00
1648252800000,195.1,205.0,195.0,199.4,47069.667,2022-03-26 00:00:00
1648267200000,199.3,204.0,198.0,201.1,21776.487,2022-03-26 04:00:00
1648281600000,201.1,204.9,199.8,203.6,19326.729,2022-03-26 08:00:00
1648296000000,203.7,216.6,203.7,209.9,77241.01,2022-03-26 12:00:00
1648310400000,209.8,210.8,203.3,204.7,30032.981,2022-03-26 16:00:00
1648324800000,204.7,206.9,203.0,204.8,22689.861,2022-03-26 20:00:00
1648339200000,204.7,207.4,201.3,202.8,16916.433,2022-03-27 00:00:00
1648353600000,202.8,203.1,200.6,202.5,13223.481,2022-03-27 04:00:00
1648368000000,202.4,202.9,200.4,202.2,9760.478,2022-03-27 08:00:00
1648382400000,202.2,204.3,197.0,201.1,33878.407,2022-03-27 12:00:00
1648396800000,201.1,202.7,197.0,197.4,21434.897,2022-03-27 16:00:00
1648411200000,197.4,210.8,195.6,210.3,41615.157,2022-03-27 20:00:00
1648425600000,210.3,211.6,204.8,206.8,23515.61,2022-03-28 00:00:00
1648440000000,206.8,207.6,203.5,204.6,16926.765,2022-03-28 04:00:00
1648454400000,204.5,206.2,203.2,204.2,16420.376,2022-03-28 08:00:00
1648468800000,204.2,207.3,201.2,202.2,27740.964,2022-03-28 12:00:00
1648483200000,202.3,202.9,199.2,201.1,28708.041,2022-03-28 16:00:00
1648497600000,201.0,202.1,190.0,192.2,38623.573,2022-03-28 20:00:00
1648512000000,192.3,197.4,191.4,195.3,22252.733,2022-03-29 00:00:00
1648526400000,195.4,198.2,195.1,195.2,15096.771,2022-03-29 04:00:00
1648540800000,195.1,199.7,195.0,199.3,14917.363,2022-03-29 08:00:00
1648555200000,199.2,199.8,191.3,192.0,27476.302,2022-03-29 12:00:00
1648569600000,192.0,195.4,188.9,194.6,21512.282,2022-03-29 16:00:00
1648584000000,194.5,199.0,192.1,196.3,17854.439,2022-03-29 20:00:00
1648598400000,196.2,196.3,186.4,189.4,29986.909,2022-03-30 00:00:00
1648612800000,189.4,193.9,188.7,193.2,13969.424,2022-03-30 04:00:00
1648627200000,193.3,193.8,190.9,192.4,9237.562,2022-03-30 08:00:00
1648641600000,192.5,194.5,188.4,193.1,20169.246,2022-03-30 12:00:00
1648656000000,193.2,199.0,190.0,191.4,27047.543,2022-03-30 16:00:00
1648670400000,191.3,193.1,190.0,191.9,13355.346,2022-03-30 20:00:00
1648684800000,192.0,195.0,190.2,194.1,14290.031,2022-03-31 00:00:00
1648699200000,194.0,196.2,193.2,194.1,12814.03,2022-03-31 04:00:00
1648713600000,194.0,196.0,193.5,194.3,10338.478,2022-03-31 08:00:00
1648728000000,194.4,196.0,182.3,183.3,49305.253,2022-03-31 12:00:00
1648742400000,183.3,183.8,176.2,179.7,40430.133,2022-03-31 16:00:00
1648756800000,179.7,180.2,176.4,178.2,17183.181,2022-03-31 20:00:00
1648771200000,178.2,182.9,170.9,176.9,42902.266,2022-04-01 00:00:00
1648785600000,176.9,178.9,174.1,178.3,19934.818,2022-04-01 04:00:00
1648800000000,178.3,179.4,174.7,176.2,18860.819,2022-04-01 08:00:00
1648814400000,176.2,188.4,173.5,187.9,36951.8,2022-04-01 12:00:00
1648828800000,187.9,193.6,185.3,193.0,31549.379,2022-04-01 16:00:00
1648843200000,193.0,193.5,185.1,186.2,19456.452,2022-04-01 20:00:00
1648857600000,186.2,191.8,185.0,186.5,22775.158,2022-04-02 00:00:00
1648872000000,186.5,187.5,185.4,186.6,8816.913,2022-04-02 04:00:00
1648886400000,186.5,189.5,185.2,185.4,16607.521,2022-04-02 08:00:00
1648900800000,185.2,187.7,180.1,182.1,33936.364,2022-04-02 12:00:00
1648915200000,181.9,183.6,178.0,180.3,16252.301,2022-04-02 16:00:00
1648929600000,180.4,182.0,177.1,177.7,13064.469,2022-04-02 20:00:00
1648944000000,177.7,179.9,173.7,177.1,23258.88,2022-04-03 00:00:00
1648958400000,177.1,180.3,177.0,179.5,12651.707,2022-04-03 04:00:00
1648972800000,179.5,181.7,177.3,179.6,16222.271,2022-04-03 08:00:00
1648987200000,179.5,180.9,176.4,177.9,18871.389,2022-04-03 12:00:00
1649001600000,177.9,178.6,174.5,175.4,11403.912,2022-04-03 16:00:00
1649016000000,175.4,182.3,174.5,179.7,14757.43,2022-04-03 20:00:00
1649030400000,179.7,180.1,172.6,175.2,19915.204,2022-04-04 00:00:00
1649044800000,175.2,176.4,174.1,175.8,9561.996,2022-04-04 04:00:00
1649059200000,175.7,176.2,169.7,172.3,22162.96,2022-04-04 08:00:00
1649073600000,172.3,173.2,166.7,167.3,27510.056,2022-04-04 12:00:00
1649088000000,167.3,171.0,163.0,170.6,31613.215,2022-04-04 16:00:00
1649102400000,170.6,176.2,169.6,173.7,19223.73,2022-04-04 20:00:00
1649116800000,173.7,175.8,172.9,174.2,8106.247,2022-04-05 00:00:00
1649131200000,174.2,178.8,173.9,176.7,13739.357,2022-04-05 04:00:00
1649145600000,176.7,178.8,174.4,175.0,17487.361,2022-04-05 08:00:00
1649160000000,175.1,177.1,168.2,169.9,30230.938,2022-04-05 12:00:00
1649174400000,169.7,171.7,167.1,168.9,16064.615,2022-04-05 16:00:00
1649188800000,168.7,169.5,165.0,165.6,16689.965,2022-04-05 20:00:00
1649203200000,165.6,173.0,158.0,168.8,56046.742,2022-04-06 00:00:00
1649217600000,168.9,177.6,167.6,173.5,23407.678,2022-04-06 04:00:00
1649232000000,173.5,174.7,167.8,173.9,34409.423,2022-04-06 08:00:00
1649246400000,173.7,175.8,158.3,164.3,67281.275,2022-04-06 12:00:00
1649260800000,164.2,167.7,160.3,164.5,35339.697,2022-04-06 16:00:00
1649275200000,164.6,167.6,160.0,161.0,23415.713,2022-04-06 20:00:00
1649289600000,160.8,165.3,158.5,161.6,28981.263,2022-04-07 00:00:00
1649304000000,161.7,164.8,161.0,163.9,14143.248,2022-04-07 04:00:00
1649318400000,164.0,165.5,161.5,165.0,16618.543,2022-04-07 08:00:00
1649332800000,165.0,169.4,164.0,168.9,51611.965,2022-04-07 12:00:00
1649347200000,168.9,171.8,166.5,168.5,22425.35,2022-04-07 16:00:00
1649361600000,168.5,174.3,167.8,172.6,19754.399,2022-04-07 20:00:00
1649376000000,172.5,175.5,171.8,174.6,17657.746,2022-04-08 00:00:00
1649390400000,174.7,175.3,170.8,173.7,25240.321,2022-04-08 04:00:00
1649404800000,173.6,177.9,170.2,171.2,67100.075,2022-04-08 08:00:00
1649419200000,171.1,182.5,168.9,180.6,90384.417,2022-04-08 12:00:00
1649433600000,180.6,183.9,175.0,175.8,70559.742,2022-04-08 16:00:00
1649448000000,175.8,176.6,164.1,165.7,60462.178,2022-04-08 20:00:00
1649462400000,165.7,167.2,161.3,163.2,41142.532,2022-04-09 00:00:00
1649476800000,163.1,167.2,162.4,167.0,20038.646,2022-04-09 04:00:00
1649491200000,166.9,174.5,164.5,172.3,50485.917,2022-04-09 08:00:00
1649505600000,172.3,174.7,165.6,166.0,42069.581,2022-04-09 12:00:00
1649520000000,166.1,169.1,163.4,165.3,20402.228,2022-04-09 16:00:00
1649534400000,165.4,170.0,165.0,169.3,14033.541,2022-04-09 20:00:00
1649548800000,169.2,169.8,167.1,169.0,10505.488,2022-04-10 00:00:00
1649563200000,168.9,169.5,165.4,166.2,17566.009,2022-04-10 04:00:00
1649577600000,166.2,168.3,164.6,167.3,16126.59,2022-04-10 08:00:00
1649592000000,167.4,168.3,164.3,165.2,13930.362,2022-04-10 12:00:00
1649606400000,165.1,170.0,163.6,169.2,15553.307,2022-04-10 16:00:00
1649620800000,169.2,169.9,160.1,161.1,19239.065,2022-04-10 20:00:00
1649635200000,161.1,163.7,158.0,160.0,26515.358,2022-04-11 00:00:00
1649649600000,159.9,161.6,159.2,160.4,14094.241,2022-04-11 04:00:00
1649664000000,160.5,161.0,150.8,153.4,55401.662,2022-04-11 08:00:00
1649678400000,153.4,154.8,150.9,151.9,21270.971,2022-04-11 12:00:00
1649692800000,151.8,153.3,145.0,146.1,37081.474,2022-04-11 16:00:00
1649707200000,146.0,146.9,141.7,142.8,32926.08,2022-04-11 20:00:00
1649721600000,142.7,144.7,141.3,142.9,22727.238,2022-04-12 00:00:00
1649736000000,142.9,147.8,142.5,145.9,19075.872,2022-04-12 04:00:00
1649750400000,146.0,147.8,145.1,147.3,13437.898,2022-04-12 08:00:00
1649764800000,147.4,149.9,144.8,146.6,31623.119,2022-04-12 12:00:00
1649779200000,146.6,147.6,141.4,142.4,20775.691,2022-04-12 16:00:00
1649793600000,142.4,148.1,142.2,147.4,12555.115,2022-04-12 20:00:00
1649808000000,147.4,147.8,144.3,146.3,11748.061,2022-04-13 00:00:00
1649822400000,146.4,147.7,145.2,145.5,8592.252,2022-04-13 04:00:00
1649836800000,145.5,148.3,144.4,146.8,20008.117,2022-04-13 08:00:00
1649851200000,146.8,150.5,144.2,149.7,23351.339,2022-04-13 12:00:00
1649865600000,149.8,150.8,147.3,149.0,17840.139,2022-04-13 16:00:00
1649880000000,149.0,152.9,148.8,152.7,10955.841,2022-04-13 20:00:00
1649894400000,152.7,155.0,151.4,153.2,11526.446,2022-04-14 00:00:00
1649908800000,153.1,155.8,152.0,153.2,12949.001,2022-04-14 04:00:00
1649923200000,153.2,153.7,148.6,149.3,15870.22,2022-04-14 08:00:00
1649937600000,149.3,152.8,145.7,146.0,18377.334,2022-04-14 12:00:00
1649952000000,146.1,146.1,141.5,142.9,15581.332,2022-04-14 16:00:00
1649966400000,142.8,145.5,142.5,144.2,7118.371,2022-04-14 20:00:00
1649980800000,144.2,146.7,143.7,146.4,13603.945,2022-04-15 00:00:00
1649995200000,146.4,147.9,144.5,146.5,16233.982,2022-04-15 04:00:00
1650009600000,146.5,147.3,145.3,146.8,7478.745,2022-04-15 08:00:00
1650024000000,146.8,148.0,143.7,146.8,12730.928,2022-04-15 12:00:00
1650038400000,146.9,149.9,145.0,145.1,19825.843,2022-04-15 16:00:00
1650052800000,145.1,146.8,144.5,146.6,4025.903,2022-04-15 20:00:00
1650067200000,146.5,147.8,145.3,146.0,8777.351,2022-04-16 00:00:00
1650081600000,146.0,146.5,144.9,145.4,3447.766,2022-04-16 04:00:00
1650096000000,145.2,145.6,144.6,145.0,5064.36,2022-04-16 08:00:00
1650110400000,145.0,146.1,141.4,142.5,12398.083,2022-04-16 12:00:00
1650124800000,142.4,144.2,142.1,143.2,7347.88,2022-04-16 16:00:00
1650139200000,143.3,145.4,143.1,143.9,11209.348,2022-04-16 20:00:00
1650153600000,143.9,144.5,141.7,142.3,5727.929,2022-04-17 00:00:00
1650168000000,142.3,145.0,142.3,144.2,8488.729,2022-04-17 04:00:00
1650182400000,144.1,144.8,143.8,144.3,3925.624,2022-04-17 08:00:00
1650196800000,144.3,145.7,143.1,145.0,13765.542,2022-04-17 12:00:00
1650211200000,145.0,145.8,142.4,144.2,9482.545,2022-04-17 16:00:00
1650225600000,144.3,145.1,137.2,137.4,18439.206,2022-04-17 20:00:00
1650240000000,137.4,141.5,136.7,140.8,14563.887,2022-04-18 00:00:00
1650254400000,140.9,141.0,130.0,134.7,45460.071,2022-04-18 04:00:00
1650268800000,134.6,138.8,134.5,137.5,21245.288,2022-04-18 08:00:00
1650283200000,137.7,148.1,137.4,143.8,59100.893,2022-04-18 12:00:00
1650297600000,143.7,151.4,141.9,150.9,43708.981,2022-04-18 16:00:00
1650312000000,150.9,157.5,150.9,156.1,34051.685,2022-04-18 20:00:00
1650326400000,156.2,159.6,154.6,155.1,39948.832,2022-04-19 00:00:00
1650340800000,155.2,156.6,153.2,153.8,16423.911,2022-04-19 04:00:00
1650355200000,153.7,160.9,153.5,157.5,30282.021,2022-04-19 08:00:00
1650369600000,157.6,162.5,157.0,159.9,34403.901,2022-04-19 12:00:00
1650384000000,159.8,163.8,157.4,162.6,22951.983,2022-04-19 16:00:00
1650398400000,162.5,162.5,157.8,158.6,10770.889,2022-04-19 20:00:00
1650412800000,158.6,158.7,155.4,156.6,18018.261,2022-04-20 00:00:00
1650427200000,156.6,158.5,155.3,156.7,13780.25,2022-04-20 04:00:00
1650441600000,156.6,161.9,156.3,161.4,24330.521,2022-04-20 08:00:00
1650456000000,161.4,162.0,155.6,159.1,47130.516,2022-04-20 12:00:00
1650470400000,159.1,159.9,154.7,158.2,30854.728,2022-04-20 16:00:00
1650484800000,158.2,160.0,156.2,156.8,10596.796,2022-04-20 20:00:00
1650499200000,156.8,168.3,156.7,163.6,47698.879,2022-04-21 00:00:00
1650513600000,163.6,166.0,160.7,165.7,20195.482,2022-04-21 04:00:00
1650528000000,165.6,167.8,161.6,166.1,20068.66,2022-04-21 08:00:00
1650542400000,166.1,167.7,163.6,166.3,26134.495,2022-04-21 12:00:00
1650556800000,166.2,171.1,162.2,162.3,45615.558,2022-04-21 16:00:00
1650571200000,162.2,164.2,156.6,159.5,37843.08,2022-04-21 20:00:00
1650585600000,159.6,172.8,157.8,167.1,57309.404,2022-04-22 00:00:00
1650600000000,167.1,169.9,163.0,165.4,30040.112,2022-04-22 04:00:00
1650614400000,165.5,166.6,161.4,164.2,22323.418,2022-04-22 08:00:00
1650628800000,164.2,164.8,159.1,159.6,27135.509,2022-04-22 12:00:00
1650643200000,159.5,160.8,158.1,158.3,15298.289,2022-04-22 16:00:00
1650657600000,158.3,158.6,156.8,157.1,6367.968,2022-04-22 20:00:00
1650672000000,157.1,158.4,153.8,154.6,14154.142,2022-04-23 00:00:00
1650686400000,154.7,155.9,152.7,155.7,7842.757,2022-04-23 04:00:00
1650700800000,155.7,157.1,155.1,156.7,5427.154,2022-04-23 08:00:00
1650715200000,156.6,156.9,153.6,154.5,10855.335,2022-04-23 12:00:00
1650729600000,154.6,156.3,153.6,154.2,7442.625,2022-04-23 16:00:00
1650744000000,154.3,156.9,152.8,153.2,7558.75,2022-04-23 20:00:00
1650758400000,153.2,156.7,152.8,156.6,8029.048,2022-04-24 00:00:00
1650772800000,156.6,160.6,155.6,156.0,17382.396,2022-04-24 04:00:00
1650787200000,155.9,161.6,154.0,160.4,24788.196,2022-04-24 08:00:00
1650801600000,160.3,161.1,157.6,160.7,22223.649,2022-04-24 12:00:00
1650816000000,160.7,163.7,157.6,163.1,25126.16,2022-04-24 16:00:00
1650830400000,163.1,163.4,160.8,160.8,11617.634,2022-04-24 20:00:00
1650844800000,160.9,161.4,153.5,159.7,29674.479,2022-04-25 00:00:00
1650859200000,159.8,160.5,148.8,149.1,38080.221,2022-04-25 04:00:00
1650873600000,149.1,151.5,146.8,151.3,22599.101,2022-04-25 08:00:00
1650888000000,151.4,152.6,149.4,151.1,25539.293,2022-04-25 12:00:00
1650902400000,151.1,155.6,150.9,155.2,28928.418,2022-04-25 16:00:00
1650916800000,155.2,166.8,154.5,166.0,27861.77,2022-04-25 20:00:00
1650931200000,166.0,166.4,162.6,163.8,16754.444,2022-04-26 00:00:00
1650945600000,163.8,169.9,163.4,169.5,22316.546,2022-04-26 04:00:00
1650960000000,169.5,170.5,166.6,167.1,19990.541,2022-04-26 08:00:00
1650974400000,167.2,168.9,157.9,158.1,55886.287,2022-04-26 12:00:00
1650988800000,158.2,158.6,148.0,149.0,39949.201,2022-04-26 16:00:00
1651003200000,149.1,150.4,143.1,146.1,33332.795,2022-04-26 20:00:00
1651017600000,146.0,149.2,143.3,146.5,22777.235,2022-04-27 00:00:00
1651032000000,146.5,150.8,146.1,150.7,17433.936,2022-04-27 04:00:00
1651046400000,150.7,150.8,145.2,147.7,23297.109,2022-04-27 08:00:00
1651060800000,147.8,150.6,145.8,147.5,31343.535,2022-04-27 12:00:00
1651075200000,147.5,148.8,145.1,146.9,16695.423,2022-04-27 16:00:00
1651089600000,147.0,151.6,145.6,149.3,23755.072,2022-04-27 20:00:00
1651104000000,149.3,150.0,147.0,148.3,15741.013,2022-04-28 00:00:00
1651118400000,148.3,149.9,147.5,148.8,10290.405,2022-04-28 04:00:00
1651132800000,148.7,152.2,148.0,150.8,20727.278,2022-04-28 08:00:00
1651147200000,150.8,151.9,144.9,147.0,43877.25,2022-04-28 12:00:00
1651161600000,146.9,150.0,145.9,146.3,26934.26,2022-04-28 16:00:00
1651176000000,146.3,148.4,145.5,146.9,12461.556,2022-04-28 20:00:00
1651190400000,146.9,147.8,143.2,144.5,11682.473,2022-04-29 00:00:00
1651204800000,144.6,145.4,143.3,144.9,11507.332,2022-04-29 04:00:00
1651219200000,144.9,145.0,137.8,139.2,45318.041,2022-04-29 08:00:00
1651233600000,139.2,139.5,134.0,135.1,53336.45,2022-04-29 12:00:00
1651248000000,135.1,135.2,125.7,127.4,49392.269,2022-04-29 16:00:00
1651262400000,127.4,129.0,126.2,128.3,20499.84,2022-04-29 20:00:00
1651276800000,128.3,133.7,127.8,131.2,60425.213,2022-04-30 00:00:00
1651291200000,131.1,132.2,129.5,129.8,10679.971,2022-04-30 04:00:00
1651305600000,129.9,131.5,128.0,130.7,11427.164,2022-04-30 08:00:00
1651320000000,130.8,131.1,124.2,127.0,19492.045,2022-04-30 12:00:00
1651334400000,127.0,128.2,123.6,125.8,16087.098,2022-04-30 16:00:00
1651348800000,125.8,126.1,108.5,113.8,68761.102,2022-04-30 20:00:00
1651363200000,113.9,118.9,111.1,118.6,44523.58,2022-05-01 00:00:00
1651377600000,118.7,119.8,115.9,117.3,20670.993,2022-05-01 04:00:00
1651392000000,117.3,119.9,117.2,117.6,17400.545,2022-05-01 08:00:00
1651406400000,117.7,123.4,116.4,123.0,22725.246,2022-05-01 12:00:00
1651420800000,123.0,126.1,117.4,119.0,23945.926,2022-05-01 16:00:00
1651435200000,119.0,124.7,118.7,124.2,13313.814,2022-05-01 20:00:00
1651449600000,124.1,125.3,122.1,123.2,13638.311,2022-05-02 00:00:00
1651464000000,123.2,124.2,121.4,121.7,8977.525,2022-05-02 04:00:00
1651478400000,121.8,122.0,116.4,116.7,17286.063,2022-05-02 08:00:00
1651492800000,116.7,120.9,115.7,119.9,49830.408,2022-05-02 12:00:00
1651507200000,119.9,123.0,116.3,122.5,21980.748,2022-05-02 16:00:00
1651521600000,122.6,125.8,120.6,124.8,19699.243,2022-05-02 20:00:00
1651536000000,124.8,125.4,122.3,123.7,13386.869,2022-05-03 00:00:00
1651550400000,123.8,125.0,123.0,124.1,7327.018,2022-05-03 04:00:00
1651564800000,124.1,127.5,122.4,124.8,21985.461,2022-05-03 08:00:00
1651579200000,124.8,125.0,120.9,121.8,13062.963,2022-05-03 12:00:00
1651593600000,121.8,123.5,117.5,119.0,29206.926,2022-05-03 16:00:00
1651608000000,119.1,121.4,117.5,119.8,11700.762,2022-05-03 20:00:00
1651622400000,119.8,123.0,118.9,121.4,12584.372,2022-05-04 00:00:00
1651636800000,121.4,122.6,119.7,122.1,9189.812,2022-05-04 04:00:00
1651651200000,122.1,125.5,122.0,124.8,22095.071,2022-05-04 08:00:00
1651665600000,124.9,125.8,120.4,121.9,13832.335,2022-05-04 12:00:00
1651680000000,122.0,132.2,121.4,131.7,51045.475,2022-05-04 16:00:00
1651694400000,131.7,142.0,131.5,134.4,27909.393,2022-05-04 20:00:00
1651708800000,134.4,139.9,134.2,137.8,22817.152,2022-05-05 00:00:00
1651723200000,137.8,139.4,135.6,136.6,12698.619,2022-05-05 04:00:00
1651737600000,136.6,137.5,134.0,135.9,15804.678,2022-05-05 08:00:00
1651752000000,135.8,137.6,121.9,123.4,62448.377,2022-05-05 12:00:00
1651766400000,123.3,124.7,119.0,123.5,49530.343,2022-05-05 16:00:00
1651780800000,123.4,126.7,121.9,125.5,15218.695,2022-05-05 20:00:00
1651795200000,125.5,128.7,123.6,127.1,21596.294,2022-05-06 00:00:00
1651809600000,127.1,128.2,121.8,123.1,24547.944,2022-05-06 04:00:00
1651824000000,123.1,124.2,119.7,122.3,31183.256,2022-05-06 08:00:00
1651838400000,122.2,126.5,120.1,123.7,45504.082,2022-05-06 12:00:00
1651852800000,123.7,125.1,122.2,123.3,20496.999,2022-05-06 16:00:00
1651867200000,123.3,124.3,122.4,123.8,11137.538,2022-05-06 20:00:00
1651881600000,123.7,124.5,118.0,120.4,31265.711,2022-05-07 00:00:00
1651896000000,120.3,120.7,116.2,118.6,31550.737,2022-05-07 04:00:00
1651910400000,118.5,120.5,118.0,119.5,14959.753,2022-05-07 08:00:00
1651924800000,119.5,119.9,116.9,118.7,16104.221,2022-05-07 12:00:00
1651939200000,118.7,119.1,117.1,117.5,6867.642,2022-05-07 16:00:00
1651953600000,117.4,117.7,110.0,112.7,41242.126,2022-05-07 20:00:00
1651968000000,112.7,114.0,108.9,111.2,31568.053,2022-05-08 00:00:00
1651982400000,111.2,113.8,111.2,112.4,14984.706,2022-05-08 04:00:00
1651996800000,112.3,115.0,111.8,114.5,14640.013,2022-05-08 08:00:00
1652011200000,114.4,114.7,111.1,112.7,20955.282,2022-05-08 12:00:00
1652025600000,112.7,114.6,110.1,114.3,28693.574,2022-05-08 16:00:00
1652040000000,114.4,116.5,113.4,114.1,21398.953,2022-05-08 20:00:00
1652054400000,114.2,116.9,110.0,111.5,39104.775,2022-05-09 00:00:00
1652068800000,111.6,113.4,110.5,111.3,19581.216,2022-05-09 04:00:00
1652083200000,111.3,112.1,103.3,105.9,63603.062,2022-05-09 08:00:00
1652097600000,105.9,107.7,100.5,101.3,51986.11,2022-05-09 12:00:00
1652112000000,101.3,109.0,92.4,96.7,101658.91,2022-05-09 16:00:00
1652126400000,96.8,101.9,92.1,92.8,48849.872,2022-05-09 20:00:00
1652140800000,92.6,97.4,90.2,93.5,74093.526,2022-05-10 00:00:00
1652155200000,93.5,105.0,93.0,98.9,67254.79,2022-05-10 04:00:00
1652169600000,98.9,102.3,98.2,101.6,37300.642,2022-05-10 08:00:00
1652184000000,101.5,104.3,94.7,98.7,53023.793,2022-05-10 12:00:00
1652198400000,98.7,100.2,95.3,95.8,26941.442,2022-05-10 16:00:00
1652212800000,95.7,95.9,88.0,93.0,48874.83,2022-05-10 20:00:00
1652227200000,93.0,96.9,90.1,92.9,39543.984,2022-05-11 00:00:00
1652241600000,93.0,94.5,84.3,88.2,73455.034,2022-05-11 04:00:00
1652256000000,88.1,94.1,86.8,88.3,79308.075,2022-05-11 08:00:00
1652270400000,88.4,95.0,77.0,86.7,148236.22945,2022-05-11 12:00:00
1652284800000,86.6,90.0,79.1,81.7,59362.241,2022-05-11 16:00:00
1652299200000,81.7,85.8,75.3,83.4,64367.80399,2022-05-11 20:00:00
1652313600000,83.3,88.3,73.4,73.6,104636.01915,2022-05-12 00:00:00
1652328000000,73.5,81.0,69.5,76.9,142098.92308,2022-05-12 04:00:00
1652342400000,76.9,77.4,69.6,75.6,72927.055,2022-05-12 08:00:00
1652356800000,75.6,81.3,71.1,80.9,60188.969,2022-05-12 12:00:00
1652371200000,80.9,84.4,78.0,82.5,42218.414,2022-05-12 16:00:00
1652385600000,82.5,89.6,81.5,86.7,59472.533,2022-05-12 20:00:00
1652400000000,86.6,98.6,85.7,96.3,75683.532,2022-05-13 00:00:00
1652414400000,96.4,99.3,93.5,93.7,41020.122,2022-05-13 04:00:00
1652428800000,93.7,98.8,93.1,98.2,38657.287,2022-05-13 08:00:00
1652443200000,98.3,100.0,94.1,95.7,40549.53,2022-05-13 12:00:00
1652457600000,95.8,99.1,91.0,94.3,42495.41,2022-05-13 16:00:00
1652472000000,94.3,98.6,93.6,93.9,24669.738,2022-05-13 20:00:00
1652486400000,93.9,103.8,92.8,102.2,56821.579,2022-05-14 00:00:00
1652500800000,102.2,102.2,95.7,98.4,26652.328,2022-05-14 04:00:00
1652515200000,98.4,100.4,90.1,90.3,54763.63,2022-05-14 08:00:00
1652529600000,90.3,95.0,87.0,93.1,87380.936,2022-05-14 12:00:00
1652544000000,93.0,102.6,91.4,101.5,60885.032,2022-05-14 16:00:00
1652558400000,101.5,107.6,101.5,105.6,36649.175,2022-05-14 20:00:00
1652572800000,105.6,106.8,102.6,105.1,35720.977,2022-05-15 00:00:00
1652587200000,105.2,106.2,102.5,102.8,20113.987,2022-05-15 04:00:00
1652601600000,102.9,106.5,102.5,106.2,16624.114,2022-05-15 08:00:00
1652616000000,106.1,109.6,102.6,104.4,39045.102,2022-05-15 12:00:00
1652630400000,104.4,112.4,103.9,112.0,35977.48,2022-05-15 16:00:00
1652644800000,111.9,114.2,111.0,112.4,29504.646,2022-05-15 20:00:00
1652659200000,112.3,112.4,107.3,108.5,20296.085,2022-05-16 00:00:00
1652673600000,108.5,108.5,101.8,105.7,30289.95,2022-05-16 04:00:00
1652688000000,105.6,109.5,104.0,106.6,34732.508,2022-05-16 08:00:00
1652702400000,106.6,109.2,101.4,103.8,57508.406,2022-05-16 12:00:00
1652716800000,103.9,105.9,102.7,103.4,25615.984,2022-05-16 16:00:00
1652731200000,103.5,104.7,102.0,102.8,13080.821,2022-05-16 20:00:00
1652745600000,102.9,105.9,102.1,105.3,15025.318,2022-05-17 00:00:00
1652760000000,105.3,107.9,104.5,106.3,15063.429,2022-05-17 04:00:00
1652774400000,106.3,107.9,105.5,106.3,12364.626,2022-05-17 08:00:00
1652788800000,106.2,108.4,103.2,103.8,25069.628,2022-05-17 12:00:00
1652803200000,103.8,106.7,99.7,104.6,47947.977,2022-05-17 16:00:00
1652817600000,104.5,116.6,104.1,114.7,37294.46,2022-05-17 20:00:00
1652832000000,114.6,116.2,109.5,109.8,35474.036,2022-05-18 00:00:00
1652846400000,109.8,112.7,109.4,109.7,38556.191,2022-05-18 04:00:00
1652860800000,109.6,109.9,107.2,107.5,19222.986,2022-05-18 08:00:00
1652875200000,107.4,108.8,101.6,103.0,54028.606,2022-05-18 12:00:00
1652889600000,103.1,105.5,100.2,103.4,33967.114,2022-05-18 16:00:00
1652904000000,103.4,103.5,98.9,99.7,22480.54,2022-05-18 20:00:00
1652918400000,99.7,102.6,94.1,100.9,62330.376,2022-05-19 00:00:00
1652932800000,101.0,102.9,99.4,101.4,18896.192,2022-05-19 04:00:00
1652947200000,101.3,102.1,95.6,102.0,36667.784,2022-05-19 08:00:00
1652961600000,102.0,109.5,100.2,107.5,47711.858,2022-05-19 12:00:00
1652976000000,107.4,108.4,103.3,103.4,27787.279,2022-05-19 16:00:00
1652990400000,103.3,105.3,100.9,104.7,18938.541,2022-05-19 20:00:00
1653004800000,104.7,109.1,104.0,106.6,30724.207,2022-05-20 00:00:00
1653019200000,106.5,110.4,104.1,109.9,38370.901,2022-05-20 04:00:00
1653033600000,109.9,111.6,106.6,107.7,39773.483,2022-05-20 08:00:00
1653048000000,107.8,108.2,102.5,104.0,67278.925,2022-05-20 12:00:00
1653062400000,104.0,106.8,101.0,106.7,40471.049,2022-05-20 16:00:00
1653076800000,106.8,109.2,105.4,107.3,19873.9,2022-05-20 20:00:00
1653091200000,107.1,107.9,103.0,104.8,21688.229,2022-05-21 00:00:00
1653105600000,104.9,105.0,102.2,104.3,16923.395,2022-05-21 04:00:00
1653120000000,104.3,105.2,101.4,102.2,17144.144,2022-05-21 08:00:00
1653134400000,102.1,104.3,101.4,104.2,30246.313,2022-05-21 12:00:00
1653148800000,104.2,107.0,103.7,104.5,21251.327,2022-05-21 16:00:00
1653163200000,104.5,105.6,102.8,104.5,11138.908,2022-05-21 20:00:00
1653177600000,104.6,106.8,102.9,103.6,18177.575,2022-05-22 00:00:00
1653192000000,103.5,104.3,102.0,104.1,13388.413,2022-05-22 04:00:00
1653206400000,104.1,110.5,103.9,107.5,42952.381,2022-05-22 08:00:00
1653220800000,107.5,108.9,104.9,106.4,20646.281,2022-05-22 12:00:00
1653235200000,106.3,108.0,104.7,105.2,13690.668,2022-05-22 16:00:00
1653249600000,105.1,108.1,105.0,106.8,11922.625,2022-05-22 20:00:00
1653264000000,106.7,108.0,105.1,106.6,13679.411,2022-05-23 00:00:00
1653278400000,106.6,112.3,106.0,110.1,36527.035,2022-05-23 04:00:00
1653292800000,110.1,110.2,107.6,109.5,42589.088,2022-05-23 08:00:00
1653307200000,109.6,109.9,106.1,108.6,35805.938,2022-05-23 12:00:00
1653321600000,108.5,109.2,102.4,102.6,26030.478,2022-05-23 16:00:00
1653336000000,102.5,103.4,97.4,99.3,60042.682,2022-05-23 20:00:00
1653350400000,99.4,101.8,98.7,99.7,38854.957,2022-05-24 00:00:00
1653364800000,99.7,100.7,97.9,99.8,27491.76,2022-05-24 04:00:00
1653379200000,99.7,99.8,96.1,97.8,28845.569,2022-05-24 08:00:00
1653393600000,97.6,100.9,92.0,100.5,81781.589,2022-05-24 12:00:00
1653408000000,100.4,101.8,96.5,98.3,37024.549,2022-05-24 16:00:00
1653422400000,98.3,100.8,97.9,100.2,9934.372,2022-05-24 20:00:00
1653436800000,100.2,102.5,98.1,101.4,20766.187,2022-05-25 00:00:00
1653451200000,101.4,101.4,97.2,98.4,16886.771,2022-05-25 04:00:00
1653465600000,98.5,99.5,96.5,96.9,18635.525,2022-05-25 08:00:00
1653480000000,96.8,99.4,96.5,97.9,26017.155,2022-05-25 12:00:00
1653494400000,97.8,98.6,94.8,95.2,28271.923,2022-05-25 16:00:00
1653508800000,95.2,96.7,95.1,95.6,12169.885,2022-05-25 20:00:00
1653523200000,95.7,97.4,95.5,96.2,9057.477,2022-05-26 00:00:00
1653537600000,96.1,96.4,87.0,87.9,139115.792,2022-05-26 04:00:00
1653552000000,87.8,88.2,83.3,84.9,85730.765,2022-05-26 08:00:00
1653566400000,85.0,89.4,82.1,88.9,63475.803,2022-05-26 12:00:00
1653580800000,88.9,90.6,86.4,86.5,34616.487,2022-05-26 16:00:00
1653595200000,86.5,89.9,86.5,87.5,21105.812,2022-05-26 20:00:00
1653609600000,87.4,89.2,83.1,86.5,41213.904,2022-05-27 00:00:00
1653624000000,86.6,87.4,82.3,85.3,43045.521,2022-05-27 04:00:00
1653638400000,85.4,87.5,84.4,86.4,35394.384,2022-05-27 08:00:00
1653652800000,86.3,89.4,85.7,86.2,39240.885,2022-05-27 12:00:00
1653667200000,86.3,86.8,83.2,86.3,41849.885,2022-05-27 16:00:00
1653681600000,86.3,88.1,84.8,86.1,14730.652,2022-05-27 20:00:00
1653696000000,86.1,87.7,85.0,86.8,16393.165,2022-05-28 00:00:00
1653710400000,86.8,88.0,86.1,86.5,13266.549,2022-05-28 04:00:00
1653724800000,86.4,87.4,85.2,86.8,17293.884,2022-05-28 08:00:00
1653739200000,86.7,88.9,86.7,87.9,23781.354,2022-05-28 12:00:00
1653753600000,88.0,88.8,86.1,87.0,18721.265,2022-05-28 16:00:00
1653768000000,87.1,87.6,85.7,86.7,7933.831,2022-05-28 20:00:00
1653782400000,86.7,87.4,84.3,85.6,18746.44,2022-05-29 00:00:00
1653796800000,85.7,86.4,85.0,86.1,6710.823,2022-05-29 04:00:00
1653811200000,86.0,88.1,85.2,87.8,16660.696,2022-05-29 08:00:00
1653825600000,87.8,88.7,86.5,87.6,17933.099,2022-05-29 12:00:00
1653840000000,87.6,88.6,87.2,88.3,15666.908,2022-05-29 16:00:00
1653854400000,88.2,92.4,87.9,92.4,16393.178,2022-05-29 20:00:00
1653868800000,92.3,94.9,89.8,93.6,26119.81,2022-05-30 00:00:00
1653883200000,93.6,97.6,93.2,97.4,32096.147,2022-05-30 04:00:00
1653897600000,97.4,97.5,93.7,94.6,23809.551,2022-05-30 08:00:00
1653912000000,94.7,96.5,93.2,95.4,23115.804,2022-05-30 12:00:00
1653926400000,95.4,96.3,94.5,95.1,12033.865,2022-05-30 16:00:00
1653940800000,95.0,99.7,94.5,98.8,36678.415,2022-05-30 20:00:00
1653955200000,98.7,100.2,98.0,98.6,17945.519,2022-05-31 00:00:00
1653969600000,98.6,99.0,91.0,94.1,80414.726,2022-05-31 04:00:00
1653984000000,94.1,95.2,92.3,94.9,26952.48,2022-05-31 08:00:00
1653998400000,94.9,95.0,91.4,93.9,43235.398,2022-05-31 12:00:00
1654012800000,93.9,95.1,91.7,92.3,27057.918,2022-05-31 16:00:00
1654027200000,92.3,94.3,92.1,93.3,10842.629,2022-05-31 20:00:00
1654041600000,93.3,95.1,91.9,92.7,18976.472,2022-06-01 00:00:00
1654056000000,92.7,93.7,92.2,92.5,19781.872,2022-06-01 04:00:00
1654070400000,92.5,94.3,92.4,93.1,11445.218,2022-06-01 08:00:00
1654084800000,93.1,96.4,91.5,91.9,45510.371,2022-06-01 12:00:00
1654099200000,92.0,93.4,91.3,92.7,38651.607,2022-06-01 16:00:00
1654113600000,92.7,92.8,87.5,89.5,38346.023,2022-06-01 20:00:00
1654128000000,89.5,90.4,88.0,88.5,18657.914,2022-06-02 00:00:00
1654142400000,88.5,90.2,88.1,89.4,11851.794,2022-06-02 04:00:00
1654156800000,89.4,90.5,88.7,90.3,11813.382,2022-06-02 08:00:00
1654171200000,90.2,90.6,88.3,89.7,24980.467,2022-06-02 12:00:00
1654185600000,89.7,90.7,89.4,89.8,10357.515,2022-06-02 16:00:00
1654200000000,89.9,92.1,89.7,91.3,12252.338,2022-06-02 20:00:00
1654214400000,91.3,91.7,90.5,91.3,7300.826,2022-06-03 00:00:00
1654228800000,91.4,91.4,89.7,90.2,7617.237,2022-06-03 04:00:00
1654243200000,90.2,90.2,85.6,87.2,22950.576,2022-06-03 08:00:00
1654257600000,87.2,89.5,87.1,88.4,18428.667,2022-06-03 12:00:00
1654272000000,88.5,89.4,88.2,88.7,6778.533,2022-06-03 16:00:00
1654286400000,88.7,91.2,88.7,89.4,9948.493,2022-06-03 20:00:00
1654300800000,89.5,90.0,87.4,87.6,11640.61,2022-06-04 00:00:00
1654315200000,87.6,89.7,87.5,89.5,7083.248,2022-06-04 04:00:00
1654329600000,89.5,89.9,88.9,89.0,8138.628,2022-06-04 08:00:00
1654344000000,89.0,89.9,88.4,89.4,9654.555,2022-06-04 12:00:00
1654358400000,89.5,89.7,88.6,88.7,7011.257,2022-06-04 16:00:00
1654372800000,88.6,90.4,88.6,89.6,7067.875,2022-06-04 20:00:00
1654387200000,89.7,90.2,89.0,89.3,5427.164,2022-06-05 00:00:00
1654401600000,89.3,89.7,88.9,89.3,3960.285,2022-06-05 04:00:00
1654416000000,89.2,89.6,88.7,89.2,3508.857,2022-06-05 08:00:00
1654430400000,89.3,90.1,88.8,90.0,4960.837,2022-06-05 12:00:00
1654444800000,90.1,90.7,88.9,89.7,10938.23,2022-06-05 16:00:00
1654459200000,89.7,90.2,89.1,89.4,6068.036,2022-06-05 20:00:00
1654473600000,89.4,93.5,89.1,93.4,18757.814,2022-06-06 00:00:00
1654488000000,93.5,94.7,92.8,93.8,12478.728,2022-06-06 04:00:00
1654502400000,93.9,95.5,93.3,93.6,16701.696,2022-06-06 08:00:00
1654516800000,93.6,94.6,92.6,94.2,16958.454,2022-06-06 12:00:00
1654531200000,94.1,94.3,92.8,93.4,12175.697,2022-06-06 16:00:00
1654545600000,93.4,94.1,92.5,93.9,9017.038,2022-06-06 20:00:00
1654560000000,93.9,93.9,88.1,90.4,35846.718,2022-06-07 00:00:00
1654574400000,90.4,91.2,89.9,91.1,12247.697,2022-06-07 04:00:00
1654588800000,91.0,91.7,90.3,90.8,8645.156,2022-06-07 08:00:00
1654603200000,90.8,92.0,89.6,90.9,15837.786,2022-06-07 12:00:00
1654617600000,90.9,95.0,90.7,93.7,18618.184,2022-06-07 16:00:00
1654632000000,93.6,95.3,91.1,92.9,25692.201,2022-06-07 20:00:00
1654646400000,92.9,94.4,90.2,90.6,21310.876,2022-06-08 00:00:00
1654660800000,90.7,92.0,90.1,91.2,11968.127,2022-06-08 04:00:00
1654675200000,91.1,91.5,89.8,90.8,17436.858,2022-06-08 08:00:00
1654689600000,90.8,92.6,89.4,91.0,19449.23,2022-06-08 12:00:00
1654704000000,91.1,93.2,90.4,91.8,19478.637,2022-06-08 16:00:00
1654718400000,91.8,92.7,91.0,92.6,10892.221,2022-06-08 20:00:00
1654732800000,92.7,92.8,90.9,92.3,11999.059,2022-06-09 00:00:00
1654747200000,92.4,93.1,92.1,92.8,5555.818,2022-06-09 04:00:00
1654761600000,92.8,93.9,92.4,92.5,12011.876,2022-06-09 08:00:00
1654776000000,92.5,93.4,92.1,93.3,15377.325,2022-06-09 12:00:00
1654790400000,93.2,94.0,92.1,92.2,12855.94,2022-06-09 16:00:00
1654804800000,92.3,92.4,90.6,91.2,13376.378,2022-06-09 20:00:00
1654819200000,91.3,93.1,89.4,92.6,11076.26,2022-06-10 00:00:00
1654833600000,92.6,92.9,91.2,91.3,4600.341,2022-06-10 04:00:00
1654848000000,91.3,91.8,90.1,90.7,7886.503,2022-06-10 08:00:00
1654862400000,90.7,91.0,87.3,88.6,28181.297,2022-06-10 12:00:00
1654876800000,88.5,88.9,86.3,86.7,23763.611,2022-06-10 16:00:00
1654891200000,86.6,88.1,85.8,86.4,6285.604,2022-06-10 20:00:00
1654905600000,86.3,87.0,83.7,86.8,14728.533,2022-06-11 00:00:00
1654920000000,86.9,87.8,86.7,87.2,5762.993,2022-06-11 04:00:00
1654934400000,87.2,88.4,82.0,82.7,28953.183,2022-06-11 08:00:00
1654948800000,82.7,83.6,78.1,78.9,33787.785,2022-06-11 12:00:00
1654963200000,78.8,81.5,77.2,80.2,41367.282,2022-06-11 16:00:00
1654977600000,80.2,81.3,78.4,79.6,8325.921,2022-06-11 20:00:00
1654992000000,79.7,80.7,74.5,76.2,24840.043,2022-06-12 00:00:00
1655006400000,76.3,77.4,73.9,77.1,18689.66,2022-06-12 04:00:00
1655020800000,77.0,78.0,75.9,76.8,14915.96,2022-06-12 08:00:00
1655035200000,76.9,80.6,74.6,79.6,32445.164,2022-06-12 12:00:00
1655049600000,79.7,84.8,78.7,81.6,57208.83,2022-06-12 16:00:00
1655064000000,81.5,82.2,78.9,79.1,25355.852,2022-06-12 20:00:00
1655078400000,79.1,80.7,70.3,72.1,55815.308,2022-06-13 00:00:00
1655092800000,72.1,74.5,68.7,70.0,49739.585,2022-06-13 04:00:00
1655107200000,70.0,70.4,64.7,65.8,67981.667,2022-06-13 08:00:00
1655121600000,65.9,68.5,62.9,66.6,59053.31914,2022-06-13 12:00:00
1655136000000,66.4,69.0,65.4,66.9,30960.197,2022-06-13 16:00:00
1655150400000,67.0,69.5,63.3,65.7,33679.916,2022-06-13 20:00:00
1655164800000,65.7,66.2,60.0,64.6,61172.795,2022-06-14 00:00:00
1655179200000,64.7,67.7,62.4,66.7,76747.828,2022-06-14 04:00:00
1655193600000,66.8,66.9,62.2,63.3,40939.858,2022-06-14 08:00:00
1655208000000,63.3,65.7,61.5,65.4,31697.444,2022-06-14 12:00:00
1655222400000,65.3,65.5,62.6,63.1,25614.218,2022-06-14 16:00:00
1655236800000,63.0,64.5,61.0,64.1,17516.309,2022-06-14 20:00:00
1655251200000,64.0,64.6,62.1,62.2,20164.565,2022-06-15 00:00:00
1655265600000,62.2,62.2,60.0,60.3,41854.237,2022-06-15 04:00:00
1655280000000,60.2,62.2,57.3,61.6,55877.607,2022-06-15 08:00:00
1655294400000,61.6,64.2,61.2,63.7,32351.236,2022-06-15 12:00:00
1655308800000,63.7,69.0,60.9,66.5,56498.647,2022-06-15 16:00:00
1655323200000,66.5,68.7,65.1,68.4,31681.796,2022-06-15 20:00:00
1655337600000,68.5,70.2,67.0,67.2,24914.135,2022-06-16 00:00:00
1655352000000,67.3,68.2,64.3,64.5,16320.659,2022-06-16 04:00:00
1655366400000,64.5,65.8,61.7,62.8,24797.923,2022-06-16 08:00:00
1655380800000,62.8,64.7,61.0,61.1,34167.107,2022-06-16 12:00:00
1655395200000,61.1,62.7,59.8,60.0,24245.919,2022-06-16 16:00:00
1655409600000,60.0,61.3,57.9,59.0,14265.561,2022-06-16 20:00:00
1655424000000,59.0,62.9,58.2,61.4,51093.123,2022-06-17 00:00:00
1655438400000,61.5,64.3,61.3,63.5,15460.749,2022-06-17 04:00:00
1655452800000,63.5,64.8,62.6,63.4,15991.081,2022-06-17 08:00:00
1655467200000,63.5,64.2,61.8,62.3,23816.216,2022-06-17 12:00:00
1655481600000,62.3,63.3,61.7,62.5,14360.862,2022-06-17 16:00:00
1655496000000,62.4,64.0,62.1,62.7,14170.392,2022-06-17 20:00:00
1655510400000,62.6,63.6,61.4,61.8,10759.248,2022-06-18 00:00:00
1655524800000,61.7,62.5,57.4,58.0,27811.46,2022-06-18 04:00:00
1655539200000,58.0,59.6,56.2,58.7,28647.475,2022-06-18 08:00:00
1655553600000,58.6,59.2,57.4,57.5,21761.482,2022-06-18 12:00:00
1655568000000,57.5,58.5,54.8,54.9,37493.69,2022-06-18 16:00:00
1655582400000,55.0,59.5,53.2,59.5,55518.549,2022-06-18 20:00:00
1655596800000,59.3,60.0,57.6,58.4,20054.207,2022-06-19 00:00:00
1655611200000,58.4,59.4,56.6,58.0,19728.944,2022-06-19 04:00:00
1655625600000,58.0,63.7,57.6,62.6,33904.604,2022-06-19 08:00:00
1655640000000,62.6,63.3,60.6,62.7,26485.81,2022-06-19 12:00:00
1655654400000,62.6,68.8,62.0,66.5,42941.237,2022-06-19 16:00:00
1655668800000,66.4,69.0,66.4,67.5,18673.311,2022-06-19 20:00:00
1655683200000,67.6,68.1,64.7,66.2,18012.082,2022-06-20 00:00:00
1655697600000,66.2,67.1,64.6,65.5,21723.945,2022-06-20 04:00:00
1655712000000,65.5,68.8,65.4,68.4,33512.212,2022-06-20 08:00:00
1655726400000,68.3,68.5,65.3,67.1,18860.153,2022-06-20 12:00:00
1655740800000,67.1,67.3,64.3,64.9,16560.235,2022-06-20 16:00:00
1655755200000,65.0,65.8,63.2,65.1,12930.986,2022-06-20 20:00:00
1655769600000,65.0,65.8,63.9,65.2,15365.442,2022-06-21 00:00:00
1655784000000,65.2,68.0,64.5,66.1,21072.601,2022-06-21 04:00:00
1655798400000,66.2,69.6,66.1,66.9,28153.597,2022-06-21 08:00:00
1655812800000,66.8,70.0,66.4,68.9,24899.122,2022-06-21 12:00:00
1655827200000,69.1,70.3,66.7,66.8,14705.13,2022-06-21 16:00:00
1655841600000,66.8,67.4,65.2,65.8,9864.252,2022-06-21 20:00:00
1655856000000,65.8,67.1,63.6,63.9,18449.805,2022-06-22 00:00:00
1655870400000,63.9,65.6,62.6,62.8,14794.917,2022-06-22 04:00:00
1655884800000,62.9,65.2,62.4,64.5,15649.484,2022-06-22 08:00:00
1655899200000,64.5,67.2,63.0,64.6,23935.058,2022-06-22 12:00:00
1655913600000,64.6,65.5,63.4,64.7,13261.634,2022-06-22 16:00:00
1655928000000,64.7,65.3,63.0,63.1,8685.22,2022-06-22 20:00:00
1655942400000,63.3,65.9,62.7,63.3,57042.367,2022-06-23 00:00:00
1655956800000,63.2,65.3,62.5,64.0,25256.862,2022-06-23 04:00:00
1655971200000,63.9,65.2,63.9,64.4,19442.414,2022-06-23 08:00:00
1655985600000,64.5,65.2,62.7,63.4,19944.979,2022-06-23 12:00:00
1656000000000,63.5,64.9,62.4,64.5,10768.338,2022-06-23 16:00:00
1656014400000,64.5,66.2,64.0,65.7,13909.41,2022-06-23 20:00:00
1656028800000,65.6,67.6,64.6,65.0,36967.876,2022-06-24 00:00:00
1656043200000,65.1,65.8,64.2,65.0,15461.71,2022-06-24 04:00:00
1656057600000,65.1,67.9,64.7,66.9,52557.454,2022-06-24 08:00:00
1656072000000,66.9,68.6,66.0,67.1,20988.803,2022-06-24 12:00:00
1656086400000,67.1,68.3,66.4,68.2,12537.24,2022-06-24 16:00:00
1656100800000,68.3,71.0,68.2,69.1,21701.327,2022-06-24 20:00:00
1656115200000,69.2,70.9,68.5,69.4,14416.847,2022-06-25 00:00:00
1656129600000,69.5,70.4,68.6,70.1,10607.239,2022-06-25 04:00:00
1656144000000,70.1,70.4,68.0,68.2,10464.285,2022-06-25 08:00:00
1656158400000,68.3,68.8,64.3,64.8,21571.4,2022-06-25 12:00:00
1656172800000,64.8,67.0,64.4,66.6,7892.563,2022-06-25 16:00:00
1656187200000,66.6,68.6,66.3,68.2,9018.695,2022-06-25 20:00:00
1656201600000,68.2,69.2,67.3,68.4,14095.583,2022-06-26 00:00:00
1656216000000,68.4,70.1,68.2,69.0,13907.288,2022-06-26 04:00:00
1656230400000,69.0,70.3,67.8,70.0,14299.16,2022-06-26 08:00:00
1656244800000,70.0,70.7,66.5,67.5,21920.996,2022-06-26 12:00:00
1656259200000,67.6,67.9,65.2,66.5,11310.445,2022-06-26 16:00:00
1656273600000,66.5,68.1,63.5,63.7,13029.169,2022-06-26 20:00:00
1656288000000,63.8,65.7,63.4,65.4,16297.773,2022-06-27 00:00:00
1656302400000,65.4,66.5,64.9,66.1,6752.477,2022-06-27 04:00:00
1656316800000,66.1,67.3,65.6,65.6,10390.179,2022-06-27 08:00:00
1656331200000,65.6,66.0,63.3,63.8,21359.086,2022-06-27 12:00:00
1656345600000,63.9,64.0,61.8,62.4,19224.313,2022-06-27 16:00:00
1656360000000,62.4,63.4,62.1,62.3,9391.812,2022-06-27 20:00:00
1656374400000,62.3,63.2,60.2,61.4,11772.126,2022-06-28 00:00:00
1656388800000,61.3,62.6,61.1,62.0,7344.284,2022-06-28 04:00:00
1656403200000,62.0,63.2,61.7,62.2,12740.385,2022-06-28 08:00:00
1656417600000,62.1,63.4,60.3,60.6,16062.739,2022-06-28 12:00:00
1656432000000,60.5,61.2,59.2,59.9,15361.272,2022-06-28 16:00:00
1656446400000,59.9,60.4,58.4,58.9,8049.054,2022-06-28 20:00:00
1656460800000,58.9,60.1,58.5,59.3,9552.413,2022-06-29 00:00:00
1656475200000,59.3,59.6,57.3,58.9,18234.178,2022-06-29 04:00:00
1656489600000,58.9,59.5,57.9,58.9,14024.197,2022-06-29 08:00:00
1656504000000,58.9,61.2,58.3,60.6,24519.793,2022-06-29 12:00:00
1656518400000,60.5,60.9,56.9,58.7,29876.941,2022-06-29 16:00:00
1656532800000,58.7,59.2,57.1,57.6,17689.145,2022-06-29 20:00:00
1656547200000,57.6,58.2,55.3,56.6,14815.518,2022-06-30 00:00:00
1656561600000,56.6,57.2,52.7,53.5,34787.66,2022-06-30 04:00:00
1656576000000,53.5,53.5,51.8,52.5,22701.766,2022-06-30 08:00:00
1656590400000,52.6,53.7,51.8,53.1,35985.696,2022-06-30 12:00:00
1656604800000,53.0,54.2,52.6,53.2,18978.106,2022-06-30 16:00:00
1656619200000,53.2,55.0,51.9,54.5,15086.559,2022-06-30 20:00:00
1656633600000,54.6,56.7,53.2,53.3,28724.113,2022-07-01 00:00:00
1656648000000,53.3,54.5,52.0,53.9,24298.181,2022-07-01 04:00:00
1656662400000,53.9,54.5,52.1,52.8,15018.226,2022-07-01 08:00:00
1656676800000,52.8,54.1,52.5,53.0,16813.956,2022-07-01 12:00:00
1656691200000,52.9,54.0,52.9,53.8,11261.305,2022-07-01 16:00:00
1656705600000,53.7,54.5,53.0,53.5,9993.525,2022-07-01 20:00:00
1656720000000,53.5,53.8,52.0,52.2,16484.518,2022-07-02 00:00:00
1656734400000,52.2,53.4,52.1,52.4,8343.385,2022-07-02 04:00:00
1656748800000,52.5,53.3,51.9,53.0,9631.888,2022-07-02 08:00:00
1656763200000,53.1,54.1,52.9,53.4,11452.495,2022-07-02 12:00:00
1656777600000,53.4,54.6,53.3,54.1,9369.394,2022-07-02 16:00:00
1656792000000,54.1,54.9,53.7,54.0,7611.227,2022-07-02 20:00:00
1656806400000,54.1,54.1,52.9,53.6,5914.169,2022-07-03 00:00:00
1656820800000,53.6,54.4,52.2,53.5,12077.4,2022-07-03 04:00:00
1656835200000,53.5,53.9,52.9,53.8,5737.684,2022-07-03 08:00:00
1656849600000,53.8,53.9,52.8,53.4,6280.347,2022-07-03 12:00:00
1656864000000,53.4,55.1,53.4,55.0,8489.779,2022-07-03 16:00:00
1656878400000,55.0,55.2,53.9,54.5,9890.171,2022-07-03 20:00:00
1656892800000,54.5,54.9,52.9,53.2,9247.665,2022-07-04 00:00:00
1656907200000,53.2,54.2,53.1,54.0,8218.886,2022-07-04 04:00:00
1656921600000,54.1,56.4,53.9,56.1,26749.13,2022-07-04 08:00:00
1656936000000,56.1,58.1,55.5,56.7,36046.165,2022-07-04 12:00:00
1656950400000,56.8,57.9,56.5,57.2,18287.331,2022-07-04 16:00:00
1656964800000,57.3,58.7,56.8,58.1,14916.796,2022-07-04 20:00:00
1656979200000,58.1,58.7,57.4,58.5,9568.526,2022-07-05 00:00:00
1656993600000,58.5,58.8,57.6,58.0,15301.091,2022-07-05 04:00:00
1657008000000,58.0,58.0,55.9,56.2,23064.786,2022-07-05 08:00:00
1657022400000,56.3,56.4,54.8,55.9,42367.361,2022-07-05 12:00:00
1657036800000,55.9,58.3,55.6,57.9,16344.241,2022-07-05 16:00:00
1657051200000,57.9,58.7,56.8,57.1,14567.697,2022-07-05 20:00:00
1657065600000,57.0,57.9,55.8,57.0,21693.59,2022-07-06 00:00:00
1657080000000,57.1,57.9,56.6,57.2,8858.301,2022-07-06 04:00:00
1657094400000,57.2,57.9,56.8,57.5,12184.528,2022-07-06 08:00:00
1657108800000,57.5,58.5,57.2,57.5,21095.81,2022-07-06 12:00:00
1657123200000,57.5,58.3,57.5,58.1,12025.239,2022-07-06 16:00:00
1657137600000,58.1,58.6,57.4,58.2,18837.864,2022-07-06 20:00:00
1657152000000,58.3,59.2,58.0,58.2,12376.113,2022-07-07 00:00:00
1657166400000,58.3,58.3,57.2,58.0,12155.485,2022-07-07 04:00:00
1657180800000,57.9,58.7,57.9,58.3,8480.412,2022-07-07 08:00:00
1657195200000,58.2,59.5,57.8,59.0,28006.34,2022-07-07 12:00:00
1657209600000,59.1,60.6,59.0,60.5,23752.686,2022-07-07 16:00:00
1657224000000,60.5,60.6,59.4,59.9,10173.54,2022-07-07 20:00:00
1657238400000,59.9,61.6,59.5,60.6,17323.558,2022-07-08 00:00:00
1657252800000,60.7,60.9,59.1,59.2,10015.79,2022-07-08 04:00:00
1657267200000,59.2,59.6,57.8,58.7,16638.308,2022-07-08 08:00:00
1657281600000,58.7,59.6,57.7,59.4,21438.116,2022-07-08 12:00:00
1657296000000,59.3,60.4,58.5,60.2,14317.64,2022-07-08 16:00:00
1657310400000,60.1,60.7,59.2,59.4,7997.735,2022-07-08 20:00:00
1657324800000,59.5,61.1,59.5,60.7,13235.914,2022-07-09 00:00:00
1657339200000,60.8,62.5,60.4,62.0,19079.847,2022-07-09 04:00:00
1657353600000,62.0,62.3,60.9,60.9,10075.261,2022-07-09 08:00:00
1657368000000,61.0,61.3,60.7,61.2,6438.415,2022-07-09 12:00:00
1657382400000,61.2,62.2,61.0,61.6,8177.4,2022-07-09 16:00:00
1657396800000,61.5,61.9,61.1,61.2,3101.342,2022-07-09 20:00:00
1657411200000,61.2,61.3,59.4,59.8,14797.988,2022-07-10 00:00:00
1657425600000,59.7,60.4,59.5,60.1,5174.066,2022-07-10 04:00:00
1657440000000,60.2,60.3,59.2,59.9,6891.149,2022-07-10 08:00:00
1657454400000,59.9,60.3,58.2,58.6,15754.447,2022-07-10 12:00:00
1657468800000,58.6,59.5,58.1,59.4,8907.72,2022-07-10 16:00:00
1657483200000,59.5,60.1,58.8,59.8,10359.93,2022-07-10 20:00:00
1657497600000,59.8,59.8,57.7,58.5,12000.708,2022-07-11 00:00:00
1657512000000,58.5,58.5,56.8,57.3,10604.604,2022-07-11 04:00:00
1657526400000,57.4,58.3,57.2,57.9,9262.167,2022-07-11 08:00:00
1657540800000,57.8,58.6,57.2,58.2,12730.741,2022-07-11 12:00:00
1657555200000,58.2,58.8,58.0,58.6,9223.829,2022-07-11 16:00:00
1657569600000,58.6,58.8,55.4,55.7,10148.264,2022-07-11 20:00:00
1657584000000,55.7,55.7,54.3,54.6,45665.222,2022-07-12 00:00:00
1657598400000,54.6,55.0,53.6,54.0,11823.235,2022-07-12 04:00:00
1657612800000,54.0,54.5,53.3,54.3,15019.955,2022-07-12 08:00:00
1657627200000,54.2,54.8,53.8,54.2,13005.553,2022-07-12 12:00:00
1657641600000,54.2,54.9,52.8,53.2,16306.982,2022-07-12 16:00:00
1657656000000,53.2,53.4,51.9,52.1,13870.054,2022-07-12 20:00:00
1657670400000,52.1,52.9,51.4,52.3,12569.708,2022-07-13 00:00:00
1657684800000,52.4,53.3,52.2,53.3,8264.195,2022-07-13 04:00:00
1657699200000,53.3,53.6,52.8,53.5,11249.162,2022-07-13 08:00:00
1657713600000,53.4,53.9,50.0,52.1,49712.32362,2022-07-13 12:00:00
1657728000000,52.0,53.5,51.6,52.8,14873.007,2022-07-13 16:00:00
1657742400000,52.8,55.1,52.6,55.1,12116.084,2022-07-13 20:00:00
1657756800000,55.0,55.2,54.1,54.2,9599.955,2022-07-14 00:00:00
1657771200000,54.2,54.4,53.6,53.8,8518.962,2022-07-14 04:00:00
1657785600000,53.7,54.0,52.7,53.1,9092.88,2022-07-14 08:00:00
1657800000000,53.1,55.1,52.7,54.9,14171.301,2022-07-14 12:00:00
1657814400000,54.8,59.6,54.2,58.6,59288.944,2022-07-14 16:00:00
1657828800000,58.6,58.8,56.6,57.7,28531.187,2022-07-14 20:00:00
1657843200000,57.7,59.0,57.0,58.0,26648.233,2022-07-15 00:00:00
1657857600000,57.9,58.3,57.5,58.2,15230.624,2022-07-15 04:00:00
1657872000000,58.2,59.3,58.1,58.3,18913.122,2022-07-15 08:00:00
1657886400000,58.3,59.1,58.0,58.2,22933.452,2022-07-15 12:00:00
1657900800000,58.1,60.0,57.5,59.9,18795.853,2022-07-15 16:00:00
1657915200000,59.8,60.0,58.1,58.4,13045.407,2022-07-15 20:00:00
1657929600000,58.5,58.9,57.7,58.6,5624.685,2022-07-16 00:00:00
1657944000000,58.6,60.9,58.2,59.9,45336.015,2022-07-16 04:00:00
1657958400000,59.9,61.2,59.8,60.2,21298.099,2022-07-16 08:00:00
1657972800000,60.2,61.6,60.2,61.4,16278.779,2022-07-16 12:00:00
1657987200000,61.3,64.1,61.3,62.8,35615.255,2022-07-16 16:00:00
1658001600000,62.9,63.5,62.2,63.3,10126.914,2022-07-16 20:00:00
1658016000000,63.2,64.0,61.9,62.6,11704.926,2022-07-17 00:00:00
1658030400000,62.6,63.6,62.4,62.4,10833.159,2022-07-17 04:00:00
1658044800000,62.5,62.7,60.0,60.7,51688.252,2022-07-17 08:00:00
1658059200000,60.7,61.1,59.5,60.6,21928.704,2022-07-17 12:00:00
1658073600000,60.7,61.4,59.2,60.5,19835.923,2022-07-17 16:00:00
1658088000000,60.4,60.6,59.4,59.5,7331.503,2022-07-17 20:00:00
1658102400000,59.5,62.0,59.3,61.5,19977.461,2022-07-18 00:00:00
1658116800000,61.6,64.3,61.0,64.0,34514.284,2022-07-18 04:00:00
1658131200000,63.9,65.0,63.1,63.5,25728.502,2022-07-18 08:00:00
1658145600000,63.5,66.2,62.5,65.9,43596.498,2022-07-18 12:00:00
1658160000000,65.8,66.0,61.9,63.1,37926.087,2022-07-18 16:00:00
1658174400000,63.1,66.0,62.6,65.6,22325.846,2022-07-18 20:00:00
1658188800000,65.6,66.8,62.8,63.1,40357.596,2022-07-19 00:00:00
1658203200000,63.2,64.5,62.1,62.7,28687.542,2022-07-19 04:00:00
1658217600000,62.7,65.0,62.5,63.9,21047.116,2022-07-19 08:00:00
1658232000000,64.1,66.2,63.9,65.2,32105.392,2022-07-19 12:00:00
1658246400000,65.1,67.2,64.3,65.2,40658.152,2022-07-19 16:00:00
1658260800000,65.3,66.1,63.2,64.7,26681.717,2022-07-19 20:00:00
1658275200000,64.8,66.6,63.5,66.4,30887.851,2022-07-20 00:00:00
1658289600000,66.4,67.3,65.2,65.3,16983.244,2022-07-20 04:00:00
1658304000000,65.3,66.6,63.7,65.5,28058.384,2022-07-20 08:00:00
1658318400000,65.6,66.9,64.7,66.1,32364.137,2022-07-20 12:00:00
1658332800000,66.2,66.2,63.5,63.7,33436.903,2022-07-20 16:00:00
1658347200000,63.6,64.1,61.0,62.1,40028.219,2022-07-20 20:00:00
1658361600000,62.2,62.7,59.8,59.9,22921.128,2022-07-21 00:00:00
1658376000000,60.0,61.4,59.1,61.0,17254.027,2022-07-21 04:00:00
1658390400000,60.9,61.4,59.9,60.7,15484.649,2022-07-21 08:00:00
1658404800000,60.7,61.4,59.9,61.0,16321.259,2022-07-21 12:00:00
1658419200000,60.9,62.6,60.9,62.2,20025.921,2022-07-21 16:00:00
1658433600000,62.2,62.6,61.2,62.0,11490.009,2022-07-21 20:00:00
1658448000000,61.9,62.9,61.4,61.7,9484.425,2022-07-22 00:00:00
1658462400000,61.7,63.3,61.6,62.8,12877.772,2022-07-22 04:00:00
1658476800000,62.7,63.7,62.6,63.5,17367.611,2022-07-22 08:00:00
1658491200000,63.6,64.5,62.4,62.8,41790.972,2022-07-22 12:00:00
1658505600000,62.8,63.0,59.9,60.1,24719.54,2022-07-22 16:00:00
1658520000000,60.1,60.6,59.4,60.0,21032.483,2022-07-22 20:00:00
1658534400000,59.9,61.8,59.3,61.6,9726.876,2022-07-23 00:00:00
1658548800000,61.5,63.0,60.9,60.9,17627.207,2022-07-23 04:00:00
1658563200000,60.9,61.4,58.3,58.3,28553.484,2022-07-23 08:00:00
1658577600000,58.4,59.4,58.0,58.7,16298.262,2022-07-23 12:00:00
1658592000000,58.6,59.0,57.2,58.0,21419.524,2022-07-23 16:00:00
1658606400000,58.0,59.5,57.8,59.2,12828.057,2022-07-23 20:00:00
1658620800000,59.2,59.8,58.5,58.6,12430.738,2022-07-24 00:00:00
1658635200000,58.7,60.5,58.6,60.1,11239.439,2022-07-24 04:00:00
1658649600000,60.2,60.6,59.6,60.2,6320.745,2022-07-24 08:00:00
1658664000000,60.2,60.5,58.8,60.0,16002.089,2022-07-24 12:00:00
1658678400000,60.0,60.2,59.3,59.6,8464.561,2022-07-24 16:00:00
1658692800000,59.4,60.7,58.8,59.0,10694.339,2022-07-24 20:00:00
1658707200000,59.1,59.6,56.2,56.6,31464.867,2022-07-25 00:00:00
1658721600000,56.6,57.3,56.1,56.8,10095.156,2022-07-25 04:00:00
1658736000000,56.7,57.5,56.5,57.1,8464.112,2022-07-25 08:00:00
1658750400000,57.1,57.3,56.1,57.3,13841.64,2022-07-25 12:00:00
1658764800000,57.2,57.5,55.6,56.4,12744.861,2022-07-25 16:00:00
1658779200000,56.4,57.6,54.2,54.3,21366.935,2022-07-25 20:00:00
1658793600000,54.3,54.4,52.9,54.2,23765.362,2022-07-26 00:00:00
1658808000000,54.2,54.7,53.8,54.0,14468.418,2022-07-26 04:00:00
1658822400000,53.9,54.6,53.5,54.0,9703.85,2022-07-26 08:00:00
1658836800000,54.0,54.4,53.2,53.2,18347.034,2022-07-26 12:00:00
1658851200000,53.3,54.4,53.3,53.8,19970.536,2022-07-26 16:00:00
1658865600000,53.7,55.8,53.5,55.8,12080.773,2022-07-26 20:00:00
1658880000000,55.7,55.9,54.5,54.6,10819.944,2022-07-27 00:00:00
1658894400000,54.6,56.5,54.6,56.5,13234.367,2022-07-27 04:00:00
1658908800000,56.4,57.5,56.4,57.0,52243.998,2022-07-27 08:00:00
1658923200000,57.0,59.1,57.0,58.5,31460.725,2022-07-27 12:00:00
1658937600000,58.6,61.6,57.9,60.6,121889.896,2022-07-27 16:00:00
1658952000000,60.7,61.8,60.3,61.6,33312.132,2022-07-27 20:00:00
1658966400000,61.8,63.3,61.1,62.4,28552.739,2022-07-28 00:00:00
1658980800000,62.4,62.7,60.5,60.9,43873.096,2022-07-28 04:00:00
1658995200000,61.0,61.9,60.9,61.6,15726.955,2022-07-28 08:00:00
1659009600000,61.5,63.2,59.7,62.5,45064.573,2022-07-28 12:00:00
1659024000000,62.5,64.7,62.3,64.3,50718.641,2022-07-28 16:00:00
1659038400000,64.3,65.3,63.3,63.7,23004.142,2022-07-28 20:00:00
1659052800000,63.6,65.7,62.8,65.3,34694.997,2022-07-29 00:00:00
1659067200000,65.3,66.8,64.1,64.8,38631.385,2022-07-29 04:00:00
1659081600000,64.9,66.6,63.5,63.7,43458.557,2022-07-29 08:00:00
1659096000000,63.6,65.4,61.9,64.8,36017.511,2022-07-29 12:00:00
1659110400000,64.8,64.9,62.3,63.6,19767.358,2022-07-29 16:00:00
1659124800000,63.6,65.3,63.3,63.5,20904.576,2022-07-29 20:00:00
1659139200000,63.6,65.0,63.2,63.8,18542.321,2022-07-30 00:00:00
1659153600000,63.9,65.3,62.9,65.1,18259.748,2022-07-30 04:00:00
1659168000000,65.2,68.6,65.0,66.8,45371.988,2022-07-30 08:00:00
1659182400000,66.8,67.9,66.1,67.8,24802.873,2022-07-30 12:00:00
1659196800000,67.8,68.5,66.0,66.2,20503.858,2022-07-30 16:00:00
1659211200000,66.2,66.4,64.8,65.1,17260.066,2022-07-30 20:00:00
1659225600000,65.2,65.9,64.8,65.7,8845.429,2022-07-31 00:00:00
1659240000000,65.6,66.4,65.0,65.1,17199.168,2022-07-31 04:00:00
1659254400000,65.1,66.3,64.1,66.0,22641.245,2022-07-31 08:00:00
1659268800000,66.0,66.1,65.1,66.0,20939.803,2022-07-31 12:00:00
1659283200000,66.1,70.0,65.7,67.3,57669.814,2022-07-31 16:00:00
1659297600000,67.3,68.0,64.3,64.5,33978.766,2022-07-31 20:00:00
1659312000000,64.4,66.1,64.2,65.2,18530.784,2022-08-01 00:00:00
1659326400000,65.2,65.5,63.8,64.6,16185.088,2022-08-01 04:00:00
1659340800000,64.6,64.8,63.5,64.3,26755.042,2022-08-01 08:00:00
1659355200000,64.3,65.1,62.7,64.5,29078.256,2022-08-01 12:00:00
1659369600000,64.4,64.5,61.7,62.2,22249.637,2022-08-01 16:00:00
1659384000000,62.2,63.0,61.4,62.8,17316.477,2022-08-01 20:00:00
1659398400000,62.8,63.5,59.3,59.5,27658.424,2022-08-02 00:00:00
1659412800000,59.4,60.8,58.9,60.8,14867.339,2022-08-02 04:00:00
1659427200000,60.7,61.3,59.9,60.7,17168.414,2022-08-02 08:00:00
1659441600000,60.6,62.7,60.1,62.1,25113.696,2022-08-02 12:00:00
1659456000000,62.1,63.3,61.4,61.9,22983.899,2022-08-02 16:00:00
1659470400000,62.0,62.4,61.4,61.5,12356.177,2022-08-02 20:00:00
1659484800000,61.5,61.8,59.9,61.3,21106.771,2022-08-03 00:00:00
1659499200000,61.3,62.5,61.1,61.9,8985.714,2022-08-03 04:00:00
1659513600000,62.0,62.7,62.0,62.6,15346.708,2022-08-03 08:00:00
1659528000000,62.6,63.4,62.0,62.5,23993.993,2022-08-03 12:00:00
1659542400000,62.5,64.1,62.2,63.6,14487.727,2022-08-03 16:00:00
1659556800000,63.6,63.7,61.1,61.9,10009.724,2022-08-03 20:00:00
1659571200000,61.8,63.6,61.7,62.8,10525.287,2022-08-04 00:00:00
1659585600000,62.8,64.0,62.3,62.5,10865.336,2022-08-04 04:00:00
1659600000000,62.6,64.0,61.8,63.0,12961.484,2022-08-04 08:00:00
1659614400000,63.0,63.9,62.3,63.9,11695.116,2022-08-04 12:00:00
1659628800000,64.0,65.4,63.0,64.1,26342.331,2022-08-04 16:00:00
1659643200000,64.2,65.5,63.6,64.4,25315.688,2022-08-04 20:00:00
1659657600000,64.4,68.0,64.3,68.0,27251.005,2022-08-05 00:00:00
1659672000000,68.0,69.2,67.5,67.7,29441.567,2022-08-05 04:00:00
1659686400000,67.6,68.6,67.1,68.2,17976.204,2022-08-05 08:00:00
1659700800000,68.1,68.7,67.0,67.1,28531.451,2022-08-05 12:00:00
1659715200000,67.1,67.9,66.6,67.7,10901.686,2022-08-05 16:00:00
1659729600000,67.8,69.3,67.6,69.1,12341.318,2022-08-05 20:00:00
1659744000000,69.0,69.3,68.1,68.3,15359.04,2022-08-06 00:00:00
1659758400000,68.4,68.7,68.0,68.7,9723.7,2022-08-06 04:00:00
1659772800000,68.8,69.6,67.3,67.5,20191.944,2022-08-06 08:00:00
1659787200000,67.5,68.3,67.1,67.7,13304.307,2022-08-06 12:00:00
1659801600000,67.7,68.3,66.9,68.0,17056.029,2022-08-06 16:00:00
1659816000000,68.1,68.8,67.5,67.6,8579.513,2022-08-06 20:00:00
1659830400000,67.7,68.3,66.3,67.6,13845.862,2022-08-07 00:00:00
1659844800000,67.5,68.4,67.2,68.4,6072.697,2022-08-07 04:00:00
1659859200000,68.4,72.9,68.1,72.4,71010.175,2022-08-07 08:00:00
1659873600000,72.4,72.8,71.8,72.4,28189.165,2022-08-07 12:00:00
1659888000000,72.4,72.7,70.8,70.9,20806.432,2022-08-07 16:00:00
1659902400000,70.8,71.8,70.0,70.3,15320.869,2022-08-07 20:00:00
1659916800000,70.3,71.2,69.7,71.0,19279.396,2022-08-08 00:00:00
1659931200000,70.9,71.7,70.4,71.0,19611.864,2022-08-08 04:00:00
1659945600000,71.0,72.4,70.6,72.4,20068.762,2022-08-08 08:00:00
1659960000000,72.3,75.5,71.3,73.2,59994.89,2022-08-08 12:00:00
1659974400000,73.1,77.2,71.8,77.1,63074.703,2022-08-08 16:00:00
1659988800000,77.1,79.0,75.5,77.4,53984.847,2022-08-08 20:00:00
1660003200000,77.5,82.0,75.9,80.7,121000.732,2022-08-09 00:00:00
1660017600000,80.7,80.8,77.2,77.5,72244.371,2022-08-09 04:00:00
1660032000000,77.5,78.0,75.2,77.2,77235.132,2022-08-09 08:00:00
1660046400000,77.1,79.2,74.6,76.0,75158.159,2022-08-09 12:00:00
1660060800000,76.0,79.7,75.0,77.7,62277.984,2022-08-09 16:00:00
1660075200000,77.6,81.3,77.5,79.8,58675.938,2022-08-09 20:00:00
1660089600000,79.8,79.9,75.5,75.8,68083.627,2022-08-10 00:00:00
1660104000000,75.9,76.5,73.1,73.3,38830.708,2022-08-10 04:00:00
1660118400000,73.3,74.2,72.7,73.5,38001.484,2022-08-10 08:00:00
1660132800000,73.5,78.5,72.8,77.3,105277.433,2022-08-10 12:00:00
1660147200000,77.3,77.5,75.6,77.5,46890.162,2022-08-10 16:00:00
1660161600000,77.5,79.3,76.7,78.7,61422.66,2022-08-10 20:00:00
1660176000000,78.6,79.3,77.6,78.2,28226.976,2022-08-11 00:00:00
1660190400000,78.2,81.4,78.1,80.8,39024.126,2022-08-11 04:00:00
1660204800000,80.8,82.8,79.2,79.4,44976.18,2022-08-11 08:00:00
1660219200000,79.4,80.6,78.3,78.5,39486.512,2022-08-11 12:00:00
1660233600000,78.5,80.2,78.5,79.7,17387.814,2022-08-11 16:00:00
1660248000000,79.7,80.1,78.1,79.3,19463.744,2022-08-11 20:00:00
1660262400000,79.2,81.1,78.4,78.8,28326.044,2022-08-12 00:00:00
1660276800000,78.8,79.2,77.8,79.0,14142.747,2022-08-12 04:00:00
1660291200000,79.0,79.5,76.5,77.1,18624.145,2022-08-12 08:00:00
1660305600000,77.0,77.9,76.7,77.5,17890.402,2022-08-12 12:00:00
1660320000000,77.5,78.7,77.4,78.3,14275.963,2022-08-12 16:00:00
1660334400000,78.4,78.4,76.7,77.3,20773.764,2022-08-12 20:00:00
1660348800000,77.2,79.3,77.0,78.6,22855.981,2022-08-13 00:00:00
1660363200000,78.6,78.9,77.4,77.8,16339.446,2022-08-13 04:00:00
1660377600000,77.9,78.1,76.1,76.7,20123.53,2022-08-13 08:00:00
1660392000000,76.6,77.0,75.6,76.3,16285.165,2022-08-13 12:00:00
1660406400000,76.2,76.7,75.3,75.5,14901.417,2022-08-13 16:00:00
1660420800000,75.4,76.4,75.4,76.2,8894.259,2022-08-13 20:00:00
1660435200000,76.1,77.4,75.3,76.8,15428.577,2022-08-14 00:00:00
1660449600000,76.8,77.7,76.6,77.2,16118.608,2022-08-14 04:00:00
1660464000000,77.3,77.4,76.0,76.2,11571.968,2022-08-14 08:00:00
1660478400000,76.1,76.2,73.9,75.2,21397.731,2022-08-14 12:00:00
1660492800000,75.2,75.4,72.6,73.7,24366.806,2022-08-14 16:00:00
1660507200000,73.7,74.5,73.4,73.8,11166.39,2022-08-14 20:00:00
1660521600000,73.8,75.7,73.4,74.7,23699.541,2022-08-15 00:00:00
1660536000000,74.8,75.0,72.0,72.4,27903.951,2022-08-15 04:00:00
1660550400000,72.3,74.2,71.8,73.4,17230.271,2022-08-15 08:00:00
1660564800000,73.4,75.6,73.3,74.6,30907.865,2022-08-15 12:00:00
1660579200000,74.7,75.1,73.0,73.2,14778.079,2022-08-15 16:00:00
1660593600000,73.2,74.4,72.5,73.8,15462.781,2022-08-15 20:00:00
1660608000000,73.7,75.0,72.3,73.7,21064.584,2022-08-16 00:00:00
1660622400000,73.7,74.0,72.5,73.7,13123.184,2022-08-16 04:00:00
1660636800000,73.7,75.6,73.6,75.0,20212.996,2022-08-16 08:00:00
1660651200000,75.0,76.5,74.5,75.7,29711.543,2022-08-16 12:00:00
1660665600000,75.7,76.6,74.8,75.9,15806.798,2022-08-16 16:00:00
1660680000000,75.9,76.8,75.3,76.0,20601.13,2022-08-16 20:00:00
1660694400000,76.0,77.9,75.6,77.0,21435.693,2022-08-17 00:00:00
1660708800000,77.0,77.9,75.1,75.6,26793.455,2022-08-17 04:00:00
1660723200000,75.6,75.9,74.5,75.2,14031.582,2022-08-17 08:00:00
1660737600000,75.1,75.1,71.6,73.3,62523.711,2022-08-17 12:00:00
1660752000000,73.3,75.7,73.1,74.5,25434.602,2022-08-17 16:00:00
1660766400000,74.5,75.1,73.1,74.2,20606.315,2022-08-17 20:00:00
1660780800000,74.2,76.7,73.9,75.0,19467.7,2022-08-18 00:00:00
1660795200000,75.0,76.6,74.7,75.7,20547.486,2022-08-18 04:00:00
1660809600000,75.7,76.5,75.4,76.1,25718.85,2022-08-18 08:00:00
1660824000000,76.1,76.8,74.9,75.5,17629.987,2022-08-18 12:00:00
1660838400000,75.5,75.8,73.3,73.7,15299.295,2022-08-18 16:00:00
1660852800000,73.7,74.2,69.8,70.1,24575.089,2022-08-18 20:00:00
1660867200000,70.1,70.5,66.8,68.3,64521.752,2022-08-19 00:00:00
1660881600000,68.2,68.6,63.5,65.4,67068.281,2022-08-19 04:00:00
1660896000000,65.4,65.9,63.0,64.1,43149.578,2022-08-19 08:00:00
1660910400000,64.2,64.3,63.0,64.0,26120.748,2022-08-19 12:00:00
1660924800000,63.9,64.8,63.3,64.2,33297.474,2022-08-19 16:00:00
1660939200000,64.2,64.4,61.5,62.2,24553.266,2022-08-19 20:00:00
1660953600000,62.3,64.0,62.0,63.9,24544.189,2022-08-20 00:00:00
1660968000000,64.0,64.6,63.5,64.1,21198.807,2022-08-20 04:00:00
1660982400000,64.1,64.3,63.3,63.9,8021.948,2022-08-20 08:00:00
1660996800000,63.9,64.5,63.2,63.6,11778.201,2022-08-20 12:00:00
1661011200000,63.6,63.7,62.1,62.6,25152.581,2022-08-20 16:00:00
1661025600000,62.5,63.8,61.4,63.0,25542.453,2022-08-20 20:00:00
1661040000000,63.0,64.4,63.0,63.6,15041.136,2022-08-21 00:00:00
1661054400000,63.5,64.5,63.2,64.5,9216.694,2022-08-21 04:00:00
1661068800000,64.5,66.1,64.3,65.3,14176.155,2022-08-21 08:00:00
1661083200000,65.4,65.9,64.2,64.7,14517.111,2022-08-21 12:00:00
1661097600000,64.7,65.2,64.3,65.1,12977.678,2022-08-21 16:00:00
1661112000000,65.1,65.8,64.3,64.7,17017.952,2022-08-21 20:00:00
1661126400000,64.7,64.7,63.7,63.7,10150.419,2022-08-22 00:00:00
1661140800000,63.7,64.1,61.9,62.0,22274.828,2022-08-22 04:00:00
1661155200000,62.0,62.3,60.7,61.8,14938.663,2022-08-22 08:00:00
1661169600000,61.8,62.8,61.0,62.6,12981.028,2022-08-22 12:00:00
1661184000000,62.5,63.6,62.1,62.8,18481.614,2022-08-22 16:00:00
1661198400000,62.8,65.1,62.8,65.0,12815.774,2022-08-22 20:00:00
1661212800000,65.0,65.5,64.8,64.9,10290.979,2022-08-23 00:00:00
1661227200000,64.9,65.2,62.7,64.5,14604.786,2022-08-23 04:00:00
1661241600000,64.5,65.8,64.4,65.8,18670.347,2022-08-23 08:00:00
1661256000000,65.7,66.4,64.9,65.3,15525.821,2022-08-23 12:00:00
1661270400000,65.4,66.3,64.6,65.8,12079.707,2022-08-23 16:00:00
1661284800000,65.8,67.0,65.8,66.4,24141.254,2022-08-23 20:00:00
1661299200000,66.4,66.5,64.7,65.1,11404.333,2022-08-24 00:00:00
1661313600000,65.2,66.6,64.9,65.7,7753.886,2022-08-24 04:00:00
1661328000000,65.7,67.2,65.7,66.6,12518.198,2022-08-24 08:00:00
1661342400000,66.7,69.2,66.0,69.1,27535.124,2022-08-24 12:00:00
1661356800000,69.1,69.6,68.3,68.3,18410.873,2022-08-24 16:00:00
1661371200000,68.3,69.4,67.6,67.6,12675.608,2022-08-24 20:00:00
1661385600000,67.6,69.1,67.6,67.8,9340.851,2022-08-25 00:00:00
1661400000000,67.8,69.9,67.8,69.3,13358.11,2022-08-25 04:00:00
1661414400000,69.3,69.4,68.1,68.7,9878.479,2022-08-25 08:00:00
1661428800000,68.5,68.8,66.7,67.3,13925.591,2022-08-25 12:00:00
1661443200000,67.3,68.6,67.0,68.2,10029.006,2022-08-25 16:00:00
1661457600000,68.4,68.7,67.5,67.8,7043.845,2022-08-25 20:00:00
1661472000000,67.8,67.8,66.6,67.3,10279.677,2022-08-26 00:00:00
1661486400000,67.3,67.4,65.6,66.0,14133.04,2022-08-26 04:00:00
1661500800000,66.1,66.4,64.6,65.3,14693.361,2022-08-26 08:00:00
1661515200000,65.2,68.2,63.6,64.0,50365.668,2022-08-26 12:00:00
1661529600000,63.9,64.1,62.0,63.0,28179.369,2022-08-26 16:00:00
1661544000000,62.9,63.1,60.3,61.1,16882.722,2022-08-26 20:00:00
1661558400000,61.1,61.6,60.4,61.1,13900.023,2022-08-27 00:00:00
1661572800000,61.1,61.6,59.8,61.6,10787.746,2022-08-27 04:00:00
1661587200000,61.6,61.9,60.9,61.5,11026.236,2022-08-27 08:00:00
1661601600000,61.6,62.2,60.7,61.3,13490.452,2022-08-27 12:00:00
1661616000000,61.5,61.7,60.3,61.5,8763.669,2022-08-27 16:00:00
1661630400000,61.5,61.9,60.9,61.4,7295.747,2022-08-27 20:00:00
1661644800000,61.5,62.0,60.8,61.3,5998.528,2022-08-28 00:00:00
1661659200000,61.3,61.8,60.8,61.6,7192.481,2022-08-28 04:00:00
1661673600000,61.6,62.1,61.0,61.9,16074.352,2022-08-28 08:00:00
1661688000000,61.8,62.7,61.1,62.6,16174.148,2022-08-28 12:00:00
1661702400000,62.6,62.9,62.0,62.3,6588.887,2022-08-28 16:00:00
1661716800000,62.2,62.6,61.0,61.2,13524.832,2022-08-28 20:00:00
1661731200000,61.2,62.3,60.1,62.0,16433.031,2022-08-29 00:00:00
1661745600000,62.1,62.3,61.0,61.9,7606.423,2022-08-29 04:00:00
1661760000000,61.9,62.1,61.4,61.7,7312.113,2022-08-29 08:00:00
1661774400000,61.7,63.5,61.6,63.3,26087.36,2022-08-29 12:00:00
1661788800000,63.3,63.8,62.6,62.9,23826.171,2022-08-29 16:00:00
1661803200000,63.0,64.2,62.8,63.8,10668.677,2022-08-29 20:00:00
1661817600000,63.8,64.0,63.1,63.7,6286.885,2022-08-30 00:00:00
1661832000000,63.8,64.6,63.6,64.0,9028.88,2022-08-30 04:00:00
1661846400000,64.0,64.3,63.2,63.6,5569.683,2022-08-30 08:00:00
1661860800000,63.6,63.9,61.1,61.6,32956.827,2022-08-30 12:00:00
1661875200000,61.6,61.7,59.7,60.9,21060.991,2022-08-30 16:00:00
1661889600000,60.9,61.3,59.7,60.0,10131.068,2022-08-30 20:00:00
1661904000000,60.0,62.0,59.9,61.7,13627.128,2022-08-31 00:00:00
1661918400000,61.7,62.2,61.0,61.0,14035.958,2022-08-31 04:00:00
1661932800000,61.1,61.4,60.4,61.1,18403.709,2022-08-31 08:00:00
1661947200000,61.1,61.6,59.8,60.9,23659.781,2022-08-31 12:00:00
1661961600000,60.8,61.0,59.6,60.6,14789.99,2022-08-31 16:00:00
1661976000000,60.6,60.9,59.5,59.9,6498.397,2022-08-31 20:00:00
1661990400000,59.9,60.2,58.5,58.7,15825.354,2022-09-01 00:00:00
1662004800000,58.8,58.9,57.3,57.7,18918.007,2022-09-01 04:00:00
1662019200000,57.7,59.1,57.4,58.8,18690.145,2022-09-01 08:00:00
1662033600000,58.9,59.0,56.9,57.6,24153.431,2022-09-01 12:00:00
1662048000000,57.5,58.6,57.2,58.2,15263.413,2022-09-01 16:00:00
1662062400000,58.3,59.5,58.2,59.0,9723.178,2022-09-01 20:00:00
1662076800000,59.0,59.3,58.1,59.2,5725.224,2022-09-02 00:00:00
1662091200000,59.2,59.5,58.7,59.3,7654.447,2022-09-02 04:00:00
1662105600000,59.2,59.8,58.3,58.8,12389.2,2022-09-02 08:00:00
1662120000000,58.7,61.5,58.5,61.0,40596.795,2022-09-02 12:00:00
1662134400000,61.1,62.0,58.6,59.1,19561.831,2022-09-02 16:00:00
1662148800000,59.1,60.5,58.8,60.4,8922.334,2022-09-02 20:00:00
1662163200000,60.4,60.8,60.0,60.5,5785.277,2022-09-03 00:00:00
1662177600000,60.5,61.5,59.9,60.3,9711.512,2022-09-03 04:00:00
1662192000000,60.4,61.7,60.1,61.3,12254.786,2022-09-03 08:00:00
1662206400000,61.4,62.7,61.2,62.1,33282.396,2022-09-03 12:00:00
1662220800000,62.2,62.7,61.8,62.1,12394.567,2022-09-03 16:00:00
1662235200000,62.2,62.7,62.0,62.7,5320.551,2022-09-03 20:00:00
1662249600000,62.6,63.0,62.0,62.0,12625.992,2022-09-04 00:00:00
1662264000000,62.0,63.6,62.0,62.6,10689.09,2022-09-04 04:00:00
1662278400000,62.6,63.8,62.4,63.8,9291.016,2022-09-04 08:00:00
1662292800000,63.8,64.2,63.2,63.9,9097.107,2022-09-04 12:00:00
1662307200000,64.0,64.3,63.6,63.7,5082.531,2022-09-04 16:00:00
1662321600000,63.8,64.0,63.3,63.9,4569.533,2022-09-04 20:00:00
1662336000000,64.0,64.4,63.4,63.6,18557.858,2022-09-05 00:00:00
1662350400000,63.6,63.7,62.6,62.8,5896.492,2022-09-05 04:00:00
1662364800000,62.8,62.9,62.1,62.6,4929.092,2022-09-05 08:00:00
1662379200000,62.6,63.9,62.3,63.4,7989.748,2022-09-05 12:00:00
1662393600000,63.4,63.5,62.4,62.6,4982.894,2022-09-05 16:00:00
1662408000000,62.5,63.8,62.5,63.3,5148.989,2022-09-05 20:00:00
1662422400000,63.4,66.2,63.3,64.5,21475.62,2022-09-06 00:00:00
1662436800000,64.4,65.1,64.3,64.4,9264.827,2022-09-06 04:00:00
1662451200000,64.5,64.9,63.9,64.4,7256.907,2022-09-06 08:00:00
1662465600000,64.4,64.8,62.1,63.2,15116.55,2022-09-06 12:00:00
1662480000000,63.1,63.2,59.0,59.3,33337.882,2022-09-06 16:00:00
1662494400000,59.2,59.4,57.9,58.1,14441.222,2022-09-06 20:00:00
1662508800000,58.0,58.8,57.0,58.1,20580.934,2022-09-07 00:00:00
1662523200000,58.2,58.2,57.5,57.7,8030.093,2022-09-07 04:00:00
1662537600000,57.7,57.9,57.3,57.7,8245.051,2022-09-07 08:00:00
1662552000000,57.7,58.7,57.4,58.5,14335.998,2022-09-07 12:00:00
1662566400000,58.4,59.0,58.2,58.7,7074.786,2022-09-07 16:00:00
1662580800000,58.6,60.0,58.6,59.3,14262.296,2022-09-07 20:00:00
1662595200000,59.4,60.0,59.1,59.3,5185.093,2022-09-08 00:00:00
1662609600000,59.3,59.8,58.0,58.8,14450.129,2022-09-08 04:00:00
1662624000000,58.8,60.5,58.6,59.8,23343.441,2022-09-08 08:00:00
1662638400000,59.8,60.9,58.8,60.3,18859.064,2022-09-08 12:00:00
1662652800000,60.1,61.3,59.3,61.3,13642.901,2022-09-08 16:00:00
1662667200000,61.4,61.6,60.6,61.0,5194.842,2022-09-08 20:00:00
1662681600000,61.1,62.5,61.0,62.4,14796.317,2022-09-09 00:00:00
1662696000000,62.4,63.5,62.4,63.1,16978.225,2022-09-09 04:00:00
1662710400000,63.0,64.6,63.0,64.5,22240.152,2022-09-09 08:00:00
1662724800000,64.6,66.3,64.3,64.7,27947.472,2022-09-09 12:00:00
1662739200000,64.7,66.5,64.0,65.8,18100.024,2022-09-09 16:00:00
1662753600000,65.8,66.9,65.0,66.0,16566.57,2022-09-09 20:00:00
1662768000000,66.0,66.2,65.4,65.5,9115.826,2022-09-10 00:00:00
1662782400000,65.5,66.0,64.4,64.8,10039.867,2022-09-10 04:00:00
1662796800000,64.9,65.7,64.8,65.2,5636.251,2022-09-10 08:00:00
1662811200000,65.3,65.8,64.5,64.9,10320.109,2022-09-10 12:00:00
1662825600000,64.9,65.5,64.8,64.9,8398.828,2022-09-10 16:00:00
1662840000000,64.9,65.9,64.3,65.4,13308.166,2022-09-10 20:00:00
1662854400000,65.2,65.7,64.5,64.7,6196.64,2022-09-11 00:00:00
1662868800000,64.7,65.0,63.1,64.2,11418.371,2022-09-11 04:00:00
1662883200000,64.3,64.6,64.1,64.2,9400.565,2022-09-11 08:00:00
1662897600000,64.2,65.3,64.0,65.0,12410.716,2022-09-11 12:00:00
1662912000000,65.0,66.0,64.6,64.9,8555.266,2022-09-11 16:00:00
1662926400000,64.9,65.0,63.3,64.3,7785.276,2022-09-11 20:00:00
1662940800000,64.3,66.5,63.3,63.9,23777.235,2022-09-12 00:00:00
1662955200000,63.9,64.9,63.8,64.8,6481.624,2022-09-12 04:00:00
1662969600000,64.8,65.6,64.5,65.1,14109.303,2022-09-12 08:00:00
1662984000000,65.0,65.4,63.7,64.0,22048.054,2022-09-12 12:00:00
1662998400000,64.0,64.1,62.6,63.6,11447.367,2022-09-12 16:00:00
1663012800000,63.5,63.9,61.8,63.0,29361.658,2022-09-12 20:00:00
1663027200000,63.1,63.1,60.9,62.2,23058.754,2022-09-13 00:00:00
1663041600000,62.2,63.1,61.9,63.1,13889.326,2022-09-13 04:00:00
1663056000000,63.0,63.9,61.8,63.2,29352.147,2022-09-13 08:00:00
1663070400000,63.2,64.0,59.7,60.0,55383.285,2022-09-13 12:00:00
1663084800000,59.9,60.8,58.6,59.5,18815.255,2022-09-13 16:00:00
1663099200000,59.6,59.9,58.6,58.9,14961.787,2022-09-13 20:00:00
1663113600000,58.9,60.1,58.6,59.7,9014.304,2022-09-14 00:00:00
1663128000000,59.7,60.3,58.8,59.4,10534.022,2022-09-14 04:00:00
1663142400000,59.4,60.5,58.9,59.6,12845.91,2022-09-14 08:00:00
1663156800000,59.6,61.2,59.3,60.9,15417.464,2022-09-14 12:00:00
1663171200000,60.9,61.3,59.9,61.1,14397.691,2022-09-14 16:00:00
1663185600000,61.2,62.3,60.9,62.0,13369.442,2022-09-14 20:00:00
1663200000000,61.9,62.1,59.4,59.9,22567.029,2022-09-15 00:00:00
1663214400000,59.9,62.0,59.3,61.3,20978.483,2022-09-15 04:00:00
1663228800000,61.3,61.4,60.3,61.0,7421.904,2022-09-15 08:00:00
1663243200000,61.0,61.3,58.9,59.5,20429.57,2022-09-15 12:00:00
1663257600000,59.4,59.9,58.6,59.0,9347.631,2022-09-15 16:00:00
1663272000000,59.0,59.3,58.1,58.3,11256.321,2022-09-15 20:00:00
1663286400000,58.3,58.8,57.8,58.5,13884.826,2022-09-16 00:00:00
1663300800000,58.6,58.8,58.2,58.2,4468.512,2022-09-16 04:00:00
1663315200000,58.3,58.4,57.4,58.4,14260.72,2022-09-16 08:00:00
1663329600000,58.4,58.5,56.9,57.4,28226.314,2022-09-16 12:00:00
1663344000000,57.3,57.4,55.7,56.3,23157.281,2022-09-16 16:00:00
1663358400000,56.4,56.8,56.3,56.8,5311.159,2022-09-16 20:00:00
1663372800000,56.7,57.4,56.6,57.0,6439.527,2022-09-17 00:00:00
1663387200000,57.0,57.4,56.8,56.9,3938.101,2022-09-17 04:00:00
1663401600000,56.8,57.3,56.8,57.0,6561.326,2022-09-17 08:00:00
1663416000000,57.1,58.0,56.9,58.0,6056.457,2022-09-17 12:00:00
1663430400000,58.0,58.7,57.9,58.3,11082.352,2022-09-17 16:00:00
1663444800000,58.4,58.8,58.3,58.7,2653.632,2022-09-17 20:00:00
1663459200000,58.8,58.8,58.0,58.1,2851.568,2022-09-18 00:00:00
1663473600000,58.1,58.7,58.1,58.5,5429.576,2022-09-18 04:00:00
1663488000000,58.6,58.8,57.2,57.4,11614.599,2022-09-18 08:00:00
1663502400000,57.4,57.8,56.3,56.6,9928.181,2022-09-18 12:00:00
1663516800000,56.5,56.7,55.1,55.6,17412.863,2022-09-18 16:00:00
1663531200000,55.6,55.7,51.9,53.4,37404.566,2022-09-18 20:00:00
1663545600000,53.3,54.1,51.8,52.4,22723.873,2022-09-19 00:00:00
1663560000000,52.3,52.9,52.1,52.7,16794.372,2022-09-19 04:00:00
1663574400000,52.7,53.3,52.3,53.2,11706.236,2022-09-19 08:00:00
1663588800000,53.1,55.3,53.1,55.0,14775.472,2022-09-19 12:00:00
1663603200000,54.9,55.2,54.1,55.1,12031.643,2022-09-19 16:00:00
1663617600000,55.2,55.6,54.8,55.2,6806.515,2022-09-19 20:00:00
1663632000000,55.3,55.7,54.5,55.0,5886.417,2022-09-20 00:00:00
1663646400000,55.0,55.9,54.8,55.3,5253.095,2022-09-20 04:00:00
1663660800000,55.3,55.4,54.3,54.5,7282.098,2022-09-20 08:00:00
1663675200000,54.6,55.3,53.6,55.2,8783.101,2022-09-20 12:00:00
1663689600000,55.3,55.5,53.7,54.0,7101.834,2022-09-20 16:00:00
1663704000000,54.1,54.4,53.2,53.5,6590.921,2022-09-20 20:00:00
1663718400000,53.5,54.2,53.3,54.0,3346.858,2022-09-21 00:00:00
1663732800000,54.0,54.2,52.6,53.1,6938.658,2022-09-21 04:00:00
1663747200000,53.2,54.0,52.9,53.9,4857.129,2022-09-21 08:00:00
1663761600000,53.9,54.5,53.5,53.9,12160.48,2022-09-21 12:00:00
1663776000000,54.0,57.6,53.8,54.3,40357.909,2022-09-21 16:00:00
1663790400000,54.3,54.4,52.2,53.5,27877.462,2022-09-21 20:00:00
1663804800000,53.5,54.9,53.2,54.3,4944.873,2022-09-22 00:00:00
1663819200000,54.4,54.8,54.1,54.7,7414.951,2022-09-22 04:00:00
1663833600000,54.7,55.3,54.6,55.2,6985.81,2022-09-22 08:00:00
1663848000000,55.2,55.3,54.3,54.6,8109.67,2022-09-22 12:00:00
1663862400000,54.7,55.6,53.9,55.2,9625.098,2022-09-22 16:00:00
1663876800000,55.3,57.1,55.2,56.7,7228.706,2022-09-22 20:00:00
1663891200000,56.7,57.6,56.5,57.4,10230.158,2022-09-23 00:00:00
1663905600000,57.5,58.5,57.3,57.6,12567.278,2022-09-23 04:00:00
1663920000000,57.6,58.0,55.3,55.4,15558.001,2022-09-23 08:00:00
1663934400000,55.5,56.5,54.7,55.7,20963.534,2022-09-23 12:00:00
1663948800000,55.7,55.8,54.4,55.1,10636.035,2022-09-23 16:00:00
1663963200000,55.1,56.6,55.0,56.0,8916.486,2022-09-23 20:00:00
1663977600000,56.0,57.2,55.9,57.1,8083.613,2022-09-24 00:00:00
1663992000000,57.1,57.7,56.6,56.6,8617.679,2022-09-24 04:00:00
1664006400000,56.6,57.3,56.3,57.1,2840.174,2022-09-24 08:00:00
1664020800000,57.0,58.4,57.0,57.4,9798.363,2022-09-24 12:00:00
1664035200000,57.4,57.6,56.8,57.0,3808.257,2022-09-24 16:00:00
1664049600000,57.1,57.1,55.3,55.7,5572.652,2022-09-24 20:00:00
1664064000000,55.7,56.2,55.4,56.1,5286.52,2022-09-25 00:00:00
1664078400000,56.2,56.3,55.5,55.9,4747.906,2022-09-25 04:00:00
1664092800000,55.9,56.4,55.5,56.2,2790.255,2022-09-25 08:00:00
1664107200000,56.2,56.3,55.2,56.0,5965.826,2022-09-25 12:00:00
1664121600000,55.9,57.2,55.6,56.5,6806.565,2022-09-25 16:00:00
1664136000000,56.5,56.6,55.3,56.2,3998.257,2022-09-25 20:00:00
1664150400000,56.2,56.6,55.1,56.1,5266.286,2022-09-26 00:00:00
1664164800000,56.1,58.2,55.9,57.6,18632.319,2022-09-26 04:00:00
1664179200000,57.6,58.6,56.3,57.0,23997.333,2022-09-26 08:00:00
1664193600000,57.0,58.9,56.7,58.6,24581.338,2022-09-26 12:00:00
1664208000000,58.6,58.8,57.6,58.2,8530.306,2022-09-26 16:00:00
1664222400000,58.3,59.1,57.7,58.9,7783.732,2022-09-26 20:00:00
1664236800000,58.9,60.0,58.6,59.9,19853.588,2022-09-27 00:00:00
1664251200000,59.9,61.6,59.7,60.8,14239.787,2022-09-27 04:00:00
1664265600000,60.8,60.9,59.7,60.0,9433.433,2022-09-27 08:00:00
1664280000000,60.0,60.7,59.2,59.4,7875.12,2022-09-27 12:00:00
1664294400000,59.5,59.6,56.2,56.7,32075.251,2022-09-27 16:00:00
1664308800000,56.6,57.5,56.5,57.0,3447.663,2022-09-27 20:00:00
1664323200000,57.0,57.4,54.6,54.8,14181.294,2022-09-28 00:00:00
1664337600000,54.9,55.0,53.8,54.3,11922.663,2022-09-28 04:00:00
1664352000000,54.3,55.1,53.4,54.9,12079.296,2022-09-28 08:00:00
1664366400000,54.9,55.9,54.7,55.7,15530.735,2022-09-28 12:00:00
1664380800000,55.8,56.0,54.9,55.4,6803.889,2022-09-28 16:00:00
1664395200000,55.4,56.0,55.3,55.4,3243.903,2022-09-28 20:00:00
1664409600000,55.4,55.9,55.1,55.7,4155.801,2022-09-29 00:00:00
1664424000000,55.7,55.8,54.7,55.0,4440.243,2022-09-29 04:00:00
1664438400000,55.0,56.1,54.7,55.7,4608.412,2022-09-29 08:00:00
1664452800000,55.8,55.8,54.5,55.4,7234.933,2022-09-29 12:00:00
1664467200000,55.4,56.5,55.0,56.4,10756.424,2022-09-29 16:00:00
1664481600000,56.4,56.9,56.2,56.7,9977.744,2022-09-29 20:00:00
1664496000000,56.7,56.9,56.0,56.1,7288.01,2022-09-30 00:00:00
1664510400000,56.1,57.0,56.1,56.6,5158.547,2022-09-30 04:00:00
1664524800000,56.6,57.0,55.7,55.8,5376.989,2022-09-30 08:00:00
1664539200000,55.8,57.1,55.5,56.6,11446.505,2022-09-30 12:00:00
1664553600000,56.6,57.1,56.0,56.2,5079.988,2022-09-30 16:00:00
1664568000000,56.2,56.5,55.6,55.6,9621.891,2022-09-30 20:00:00
1664582400000,55.7,56.5,55.6,56.4,6874.276,2022-10-01 00:00:00
1664596800000,56.4,56.5,56.1,56.5,10499.076,2022-10-01 04:00:00
1664611200000,56.6,57.3,56.5,56.9,8094.993,2022-10-01 08:00:00
1664625600000,56.9,57.1,56.4,56.9,3373.368,2022-10-01 12:00:00
1664640000000,56.9,57.0,55.5,55.7,10344.572,2022-10-01 16:00:00
1664654400000,55.6,55.7,55.2,55.3,2142.948,2022-10-01 20:00:00
1664668800000,55.2,55.7,55.2,55.3,1420.566,2022-10-02 00:00:00
1664683200000,55.3,55.4,54.7,54.8,2758.81,2022-10-02 04:00:00
1664697600000,54.9,55.0,53.5,53.9,9858.716,2022-10-02 08:00:00
1664712000000,54.0,54.7,53.9,54.4,14051.149,2022-10-02 12:00:00
1664726400000,54.5,55.1,54.5,54.8,2654.961,2022-10-02 16:00:00
1664740800000,55.0,55.0,53.5,53.6,6512.941,2022-10-02 20:00:00
1664755200000,53.6,54.7,53.0,54.6,9502.841,2022-10-03 00:00:00
1664769600000,54.6,54.7,53.9,54.3,2995.897,2022-10-03 04:00:00
1664784000000,54.4,55.0,54.3,54.8,2433.505,2022-10-03 08:00:00
1664798400000,54.8,55.8,54.6,55.4,5303.648,2022-10-03 12:00:00
1664812800000,55.5,56.0,55.3,55.5,7162.961,2022-10-03 16:00:00
1664827200000,55.5,56.2,55.5,55.9,3439.655,2022-10-03 20:00:00
1664841600000,55.9,56.4,55.7,56.1,5521.975,2022-10-04 00:00:00
1664856000000,56.1,56.9,55.9,56.8,11185.902,2022-10-04 04:00:00
1664870400000,56.7,57.2,56.4,56.9,6350.823,2022-10-04 08:00:00
1664884800000,57.0,57.1,56.4,56.6,7703.999,2022-10-04 12:00:00
1664899200000,56.7,56.9,56.2,56.8,5084.452,2022-10-04 16:00:00
1664913600000,56.9,57.3,56.5,56.8,5468.453,2022-10-04 20:00:00
1664928000000,56.8,56.9,56.4,56.4,2769.332,2022-10-05 00:00:00
1664942400000,56.4,58.2,56.3,57.7,16814.007,2022-10-05 04:00:00
1664956800000,57.7,57.9,56.8,57.4,9726.427,2022-10-05 08:00:00
1664971200000,57.3,57.6,56.6,56.7,18947.144,2022-10-05 12:00:00
1664985600000,56.8,57.3,56.6,56.6,5416.333,2022-10-05 16:00:00
1665000000000,56.6,56.8,56.1,56.7,10004.406,2022-10-05 20:00:00
1665014400000,56.6,57.5,56.6,57.2,7544.723,2022-10-06 00:00:00
1665028800000,57.2,57.4,56.5,56.6,8586.515,2022-10-06 04:00:00
1665043200000,56.7,56.8,56.1,56.3,9008.79,2022-10-06 08:00:00
1665057600000,56.4,56.6,55.6,56.3,16054.95,2022-10-06 12:00:00
1665072000000,56.3,56.3,55.6,55.7,6017.064,2022-10-06 16:00:00
1665086400000,55.6,55.8,55.1,55.2,6997.302,2022-10-06 20:00:00
1665100800000,55.1,55.5,55.1,55.4,2275.582,2022-10-07 00:00:00
1665115200000,55.3,55.7,55.0,55.2,9406.757,2022-10-07 04:00:00
1665129600000,55.1,55.7,55.1,55.6,4247.057,2022-10-07 08:00:00
1665144000000,55.6,55.6,54.3,54.7,12439.701,2022-10-07 12:00:00
1665158400000,54.8,54.8,54.1,54.5,5024.127,2022-10-07 16:00:00
1665172800000,54.5,54.9,54.3,54.7,2716.205,2022-10-07 20:00:00
1665187200000,54.7,55.1,54.6,55.0,2124.084,2022-10-08 00:00:00
1665201600000,54.9,55.3,54.8,55.3,1958.947,2022-10-08 04:00:00
1665216000000,55.3,55.4,54.9,55.3,2525.886,2022-10-08 08:00:00
1665230400000,55.3,55.3,54.4,54.8,17121.678,2022-10-08 12:00:00
1665244800000,54.8,55.1,54.6,54.7,2522.132,2022-10-08 16:00:00
1665259200000,54.6,54.8,54.0,54.4,2872.195,2022-10-08 20:00:00
1665273600000,54.4,54.6,53.9,54.1,13998.587,2022-10-09 00:00:00
1665288000000,54.2,54.4,53.8,54.4,10231.381,2022-10-09 04:00:00
1665302400000,54.4,55.0,54.3,54.8,1762.698,2022-10-09 08:00:00
1665316800000,54.8,55.2,54.8,55.1,5328.709,2022-10-09 12:00:00
1665331200000,55.0,55.1,54.5,54.9,3532.077,2022-10-09 16:00:00
1665345600000,54.8,55.0,54.6,54.8,3057.551,2022-10-09 20:00:00
1665360000000,54.8,55.4,54.7,54.8,10715.485,2022-10-10 00:00:00
1665374400000,54.8,55.0,54.5,54.6,2180.2,2022-10-10 04:00:00
1665388800000,54.7,54.7,53.6,54.3,4745.975,2022-10-10 08:00:00
1665403200000,54.4,54.5,53.8,54.1,4937.308,2022-10-10 12:00:00
1665417600000,54.1,54.2,53.3,53.7,4717.599,2022-10-10 16:00:00
1665432000000,53.7,53.9,52.3,52.7,17426.589,2022-10-10 20:00:00
1665446400000,52.6,52.6,51.5,52.0,6884.559,2022-10-11 00:00:00
1665460800000,52.0,52.4,51.8,52.3,3057.329,2022-10-11 04:00:00
1665475200000,52.3,52.5,51.9,52.3,3842.468,2022-10-11 08:00:00
1665489600000,52.3,52.7,51.6,52.6,7287.722,2022-10-11 12:00:00
1665504000000,52.6,52.7,51.6,51.7,6954.004,2022-10-11 16:00:00
1665518400000,51.8,51.9,51.2,51.5,7179.453,2022-10-11 20:00:00
1665532800000,51.6,52.2,51.4,51.7,4599.42,2022-10-12 00:00:00
1665547200000,51.7,52.4,51.6,52.0,3067.025,2022-10-12 04:00:00
1665561600000,52.0,52.4,51.8,51.8,6872.893,2022-10-12 08:00:00
1665576000000,51.8,51.9,51.0,51.6,6395.983,2022-10-12 12:00:00
1665590400000,51.5,51.9,51.3,51.9,4928.9,2022-10-12 16:00:00
1665604800000,51.8,52.0,51.7,51.8,2984.969,2022-10-12 20:00:00
1665619200000,51.8,52.0,50.3,50.8,6694.973,2022-10-13 00:00:00
1665633600000,50.8,51.0,48.2,49.1,12310.02,2022-10-13 04:00:00
1665648000000,49.1,49.5,47.7,48.6,26748.266,2022-10-13 08:00:00
1665662400000,48.5,49.9,47.5,49.8,20310.982,2022-10-13 12:00:00
1665676800000,49.7,51.2,49.7,51.1,11206.829,2022-10-13 16:00:00
1665691200000,51.0,51.5,50.8,51.0,4987.85,2022-10-13 20:00:00
1665705600000,50.9,52.4,50.8,52.1,5014.898,2022-10-14 00:00:00
1665720000000,52.1,52.2,51.6,51.6,3115.787,2022-10-14 04:00:00
1665734400000,51.6,52.0,51.3,51.4,3678.734,2022-10-14 08:00:00
1665748800000,51.4,52.2,50.2,50.4,8160.353,2022-10-14 12:00:00
1665763200000,50.3,50.6,49.6,49.8,10522.014,2022-10-14 16:00:00
1665777600000,49.9,50.1,49.5,50.1,2189.648,2022-10-14 20:00:00
1665792000000,50.0,50.2,49.7,50.2,2744.241,2022-10-15 00:00:00
1665806400000,50.2,50.3,49.9,50.2,5029.228,2022-10-15 04:00:00
1665820800000,50.2,50.5,49.6,50.5,3748.678,2022-10-15 08:00:00
1665835200000,50.6,51.5,50.3,51.4,5812.915,2022-10-15 12:00:00
1665849600000,51.4,51.7,51.0,51.3,4266.941,2022-10-15 16:00:00
1665864000000,51.4,51.4,50.5,50.9,3301.857,2022-10-15 20:00:00
1665878400000,50.9,51.8,50.9,51.4,2091.323,2022-10-16 00:00:00
1665892800000,51.5,52.9,51.5,52.3,29183.276,2022-10-16 04:00:00
1665907200000,52.3,52.8,52.2,52.6,5120.258,2022-10-16 08:00:00
1665921600000,52.6,52.7,51.1,51.3,27397.883,2022-10-16 12:00:00
1665936000000,51.2,52.2,50.8,52.2,5604.451,2022-10-16 16:00:00
1665950400000,52.2,52.3,51.2,51.8,5586.377,2022-10-16 20:00:00
1665964800000,51.9,52.1,51.3,51.3,1671.201,2022-10-17 00:00:00
1665979200000,51.3,52.0,51.3,51.8,2676.833,2022-10-17 04:00:00
1665993600000,51.8,52.7,51.6,52.5,5818.573,2022-10-17 08:00:00
1666008000000,52.5,53.5,52.2,52.7,14439.767,2022-10-17 12:00:00
1666022400000,52.9,53.0,52.3,52.6,5347.544,2022-10-17 16:00:00
1666036800000,52.7,53.0,52.6,52.8,3545.088,2022-10-17 20:00:00
1666051200000,52.9,53.3,52.3,52.8,5418.531,2022-10-18 00:00:00
1666065600000,52.8,53.0,52.4,52.8,4834.423,2022-10-18 04:00:00
1666080000000,52.7,52.8,51.7,52.0,8737.509,2022-10-18 08:00:00
1666094400000,52.0,52.4,51.1,51.6,10381.437,2022-10-18 12:00:00
1666108800000,51.6,52.3,51.2,52.1,7383.722,2022-10-18 16:00:00
1666123200000,52.1,52.8,52.1,52.4,8939.829,2022-10-18 20:00:00
1666137600000,52.5,52.7,51.9,52.5,8799.952,2022-10-19 00:00:00
1666152000000,52.5,52.6,51.8,52.2,6432.728,2022-10-19 04:00:00
1666166400000,52.3,53.0,51.7,52.1,14503.329,2022-10-19 08:00:00
1666180800000,52.2,52.2,51.5,52.1,6993.424,2022-10-19 12:00:00
1666195200000,52.0,52.1,51.5,52.0,5465.979,2022-10-19 16:00:00
1666209600000,52.1,52.2,50.3,50.7,10104.684,2022-10-19 20:00:00
1666224000000,50.7,51.1,50.1,50.9,6924.389,2022-10-20 00:00:00
1666238400000,50.8,52.0,50.7,51.9,4459.58,2022-10-20 04:00:00
1666252800000,51.8,52.3,51.6,52.0,5799.316,2022-10-20 08:00:00
1666267200000,52.1,52.8,51.6,52.3,6303.12,2022-10-20 12:00:00
1666281600000,52.4,52.6,50.9,51.5,9073.86,2022-10-20 16:00:00
1666296000000,51.4,52.1,51.0,51.9,6072.787,2022-10-20 20:00:00
1666310400000,51.9,52.0,50.8,51.4,5881.791,2022-10-21 00:00:00
1666324800000,51.3,51.4,50.7,50.9,3912.436,2022-10-21 04:00:00
1666339200000,50.8,51.0,49.9,50.6,10480.809,2022-10-21 08:00:00
1666353600000,50.5,52.1,49.8,52.1,10764.588,2022-10-21 12:00:00
1666368000000,52.0,52.6,52.0,52.4,7056.732,2022-10-21 16:00:00
1666382400000,52.5,52.6,51.9,52.1,1993.003,2022-10-21 20:00:00
1666396800000,52.2,52.4,51.7,51.9,2955.845,2022-10-22 00:00:00
1666411200000,52.0,52.1,51.4,52.0,3535.157,2022-10-22 04:00:00
1666425600000,52.0,52.3,51.8,52.2,3152.231,2022-10-22 08:00:00
1666440000000,52.3,53.0,52.0,52.8,5070.834,2022-10-22 12:00:00
1666454400000,52.8,52.9,52.1,52.4,3965.906,2022-10-22 16:00:00
1666468800000,52.5,52.8,52.2,52.4,1379.068,2022-10-22 20:00:00
1666483200000,52.4,52.7,52.1,52.4,2773.505,2022-10-23 00:00:00
1666497600000,52.3,52.6,52.0,52.1,5192.259,2022-10-23 04:00:00
1666512000000,52.2,52.7,51.9,52.0,14601.073,2022-10-23 08:00:00
1666526400000,51.9,52.2,51.5,51.7,5654.107,2022-10-23 12:00:00
1666540800000,51.8,52.7,51.7,52.6,3580.012,2022-10-23 16:00:00
1666555200000,52.6,53.2,52.4,53.1,6516.635,2022-10-23 20:00:00
1666569600000,53.2,53.4,52.0,52.0,6657.46,2022-10-24 00:00:00
1666584000000,52.0,52.2,51.1,51.4,8841.277,2022-10-24 04:00:00
1666598400000,51.4,52.3,51.3,52.2,3904.78,2022-10-24 08:00:00
1666612800000,52.2,52.3,51.5,52.2,8805.871,2022-10-24 12:00:00
1666627200000,52.2,52.5,51.8,52.2,2691.029,2022-10-24 16:00:00
1666641600000,52.2,52.4,51.9,52.0,2837.802,2022-10-24 20:00:00
1666656000000,51.9,52.8,51.9,52.4,2424.391,2022-10-25 00:00:00
1666670400000,52.4,52.5,52.2,52.2,2903.444,2022-10-25 04:00:00
1666684800000,52.3,52.3,51.7,52.1,5226.246,2022-10-25 08:00:00
1666699200000,52.1,53.4,52.0,52.9,8032.979,2022-10-25 12:00:00
1666713600000,53.0,54.0,52.9,53.6,20717.703,2022-10-25 16:00:00
1666728000000,53.6,53.6,52.6,53.2,9959.81,2022-10-25 20:00:00
1666742400000,53.3,54.0,53.1,54.0,9592.192,2022-10-26 00:00:00
1666756800000,54.0,54.5,53.8,54.3,18558.166,2022-10-26 04:00:00
1666771200000,54.2,54.9,54.0,54.3,11158.032,2022-10-26 08:00:00
1666785600000,54.4,55.8,53.9,55.5,25704.678,2022-10-26 12:00:00
1666800000000,55.5,55.7,54.9,55.4,5228.078,2022-10-26 16:00:00
1666814400000,55.4,55.5,54.9,55.2,5068.058,2022-10-26 20:00:00
1666828800000,55.0,55.8,54.7,55.7,7578.661,2022-10-27 00:00:00
1666843200000,55.7,56.6,54.9,55.5,11815.594,2022-10-27 04:00:00
1666857600000,55.5,55.7,54.4,54.7,6911.672,2022-10-27 08:00:00
1666872000000,54.7,55.3,54.1,54.4,10874.913,2022-10-27 12:00:00
1666886400000,54.5,54.6,54.0,54.3,3501.132,2022-10-27 16:00:00
1666900800000,54.3,54.4,52.7,52.9,14293.722,2022-10-27 20:00:00
1666915200000,52.8,53.5,52.5,52.8,7820.744,2022-10-28 00:00:00
1666929600000,52.8,53.1,52.2,52.4,7100.796,2022-10-28 04:00:00
1666944000000,52.4,52.8,52.0,52.5,8535.368,2022-10-28 08:00:00
1666958400000,52.4,53.4,52.1,53.2,8375.433,2022-10-28 12:00:00
1666972800000,53.3,54.0,53.2,53.9,5966.767,2022-10-28 16:00:00
1666987200000,53.9,54.3,53.7,53.8,6845.033,2022-10-28 20:00:00
1667001600000,53.9,54.6,53.5,54.4,13608.593,2022-10-29 00:00:00
1667016000000,54.4,54.5,53.7,54.3,5905.544,2022-10-29 04:00:00
1667030400000,54.3,54.8,53.6,54.0,8220.794,2022-10-29 08:00:00
1667044800000,53.9,54.6,53.7,54.2,7645.224,2022-10-29 12:00:00
1667059200000,54.3,55.4,54.0,54.4,9801.371,2022-10-29 16:00:00
1667073600000,54.5,54.8,53.7,54.3,3951.141,2022-10-29 20:00:00
1667088000000,54.3,54.9,54.0,54.7,4630.658,2022-10-30 00:00:00
1667102400000,54.8,55.6,54.5,55.6,5952.065,2022-10-30 04:00:00
1667116800000,55.5,55.7,54.6,55.0,10935.276,2022-10-30 08:00:00
1667131200000,54.9,55.2,54.0,54.1,6912.131,2022-10-30 12:00:00
1667145600000,54.0,54.6,53.5,54.3,5731.681,2022-10-30 16:00:00
1667160000000,54.2,54.5,53.0,53.7,6609.882,2022-10-30 20:00:00
1667174400000,53.6,54.0,52.8,53.5,7614.577,2022-10-31 00:00:00
1667188800000,53.4,53.8,53.2,53.4,3880.993,2022-10-31 04:00:00
1667203200000,53.4,53.9,52.7,53.6,8263.968,2022-10-31 08:00:00
1667217600000,53.5,53.8,51.8,52.3,13923.229,2022-10-31 12:00:00
1667232000000,52.3,52.9,52.1,52.3,6039.355,2022-10-31 16:00:00
1667246400000,52.3,52.7,52.0,52.6,3169.349,2022-10-31 20:00:00
1667260800000,52.5,53.2,52.4,52.8,3624.185,2022-11-01 00:00:00
1667275200000,52.8,53.1,52.4,52.5,17052.751,2022-11-01 04:00:00
1667289600000,52.5,52.5,51.4,51.6,20561.008,2022-11-01 08:00:00
1667304000000,51.7,51.9,49.8,50.5,64165.61,2022-11-01 12:00:00
1667318400000,50.5,50.6,50.0,50.4,11712.524,2022-11-01 16:00:00
1667332800000,50.4,50.5,50.1,50.2,8380.06,2022-11-01 20:00:00
1667347200000,50.2,50.7,49.5,50.3,12014.002,2022-11-02 00:00:00
1667361600000,50.4,50.8,49.4,49.9,9106.806,2022-11-02 04:00:00
1667376000000,49.9,51.4,49.6,50.3,23204.364,2022-11-02 08:00:00
1667390400000,50.4,51.1,49.9,51.0,14280.816,2022-11-02 12:00:00
1667404800000,51.0,52.3,50.2,50.5,24486.946,2022-11-02 16:00:00
1667419200000,50.5,50.7,49.6,50.3,9408.088,2022-11-02 20:00:00
1667433600000,50.2,51.8,50.0,51.5,7095.27,2022-11-03 00:00:00
1667448000000,51.5,52.2,51.4,51.4,10799.718,2022-11-03 04:00:00
1667462400000,51.4,51.5,50.2,50.5,60280.38,2022-11-03 08:00:00
1667476800000,50.5,51.0,50.0,50.7,13273.264,2022-11-03 12:00:00
1667491200000,50.8,51.2,50.4,50.7,6757.282,2022-11-03 16:00:00
1667505600000,50.7,51.1,49.8,50.4,6940.262,2022-11-03 20:00:00
1667520000000,50.4,51.5,50.0,51.5,14667.339,2022-11-04 00:00:00
1667534400000,51.5,52.7,51.3,52.5,16597.091,2022-11-04 04:00:00
1667548800000,52.5,52.8,51.8,51.9,8921.706,2022-11-04 08:00:00
1667563200000,52.0,53.9,51.2,52.6,48172.014,2022-11-04 12:00:00
1667577600000,52.6,53.4,52.4,53.4,13680.058,2022-11-04 16:00:00
1667592000000,53.4,54.0,53.1,53.8,13973.118,2022-11-04 20:00:00
1667606400000,53.7,54.7,53.6,54.3,15691.449,2022-11-05 00:00:00
1667620800000,54.3,54.7,53.9,54.2,5992.216,2022-11-05 04:00:00
1667635200000,54.2,54.6,53.4,54.4,14656.853,2022-11-05 08:00:00
1667649600000,54.3,54.5,53.3,54.1,12370.508,2022-11-05 12:00:00
1667664000000,54.1,54.8,53.8,54.0,12468.663,2022-11-05 16:00:00
1667678400000,53.9,54.6,52.7,53.7,13459.342,2022-11-05 20:00:00
1667692800000,53.6,53.9,52.8,53.5,11007.424,2022-11-06 00:00:00
1667707200000,53.5,53.7,52.8,53.1,6608.222,2022-11-06 04:00:00
1667721600000,53.2,53.8,53.0,53.4,5445.944,2022-11-06 08:00:00
1667736000000,53.5,53.7,53.0,53.0,11222.395,2022-11-06 12:00:00
1667750400000,53.0,53.0,51.9,52.2,16224.458,2022-11-06 16:00:00
1667764800000,52.1,52.4,50.1,50.3,15108.618,2022-11-06 20:00:00
1667779200000,50.3,51.5,50.2,51.2,13336.761,2022-11-07 00:00:00
1667793600000,51.1,51.7,49.8,50.0,9383.457,2022-11-07 04:00:00
1667808000000,49.9,51.4,49.8,51.0,12012.752,2022-11-07 08:00:00
1667822400000,51.0,51.3,50.2,51.3,19575.693,2022-11-07 12:00:00
1667836800000,51.3,51.8,50.7,51.6,7498.977,2022-11-07 16:00:00
1667851200000,51.7,53.0,50.2,51.1,27955.471,2022-11-07 20:00:00
1667865600000,51.1,51.8,48.9,49.4,20947.396,2022-11-08 00:00:00
1667880000000,49.3,49.7,46.1,48.2,43971.711,2022-11-08 04:00:00
1667894400000,48.2,48.3,47.5,47.7,19861.192,2022-11-08 08:00:00
1667908800000,47.6,48.0,46.4,47.5,18823.679,2022-11-08 12:00:00
1667923200000,47.5,49.6,36.0,41.1,128529.726,2022-11-08 16:00:00
1667937600000,41.1,43.1,40.4,42.2,40917.921,2022-11-08 20:00:00
1667952000000,42.3,42.7,40.6,41.5,31037.48,2022-11-09 00:00:00
1667966400000,41.5,42.1,40.6,41.3,28480.987,2022-11-09 04:00:00
1667980800000,41.3,41.6,38.4,40.7,48976.274,2022-11-09 08:00:00
1667995200000,40.7,41.2,37.8,38.1,47200.712,2022-11-09 12:00:00
1668009600000,38.2,38.9,35.5,36.9,47018.264,2022-11-09 16:00:00
1668024000000,36.9,37.3,33.0,35.2,83545.707,2022-11-09 20:00:00
1668038400000,35.2,36.3,34.2,35.6,44956.027,2022-11-10 00:00:00
1668052800000,35.6,37.1,35.5,36.5,34126.225,2022-11-10 04:00:00
1668067200000,36.5,36.9,35.4,35.8,25979.062,2022-11-10 08:00:00
1668081600000,35.9,39.4,35.8,38.9,59492.102,2022-11-10 12:00:00
1668096000000,38.9,40.6,38.0,39.4,32831.894,2022-11-10 16:00:00
1668110400000,39.3,40.3,39.0,39.2,24519.472,2022-11-10 20:00:00
1668124800000,39.2,39.9,38.2,38.6,26029.353,2022-11-11 00:00:00
1668139200000,38.5,39.5,38.3,39.2,14578.828,2022-11-11 04:00:00
1668153600000,39.2,39.8,39.0,39.3,16791.373,2022-11-11 08:00:00
1668168000000,39.2,40.0,37.4,39.4,59996.987,2022-11-11 12:00:00
1668182400000,39.4,39.7,38.6,39.0,24826.693,2022-11-11 16:00:00
1668196800000,39.0,39.6,38.2,39.4,9133.75,2022-11-11 20:00:00
1668211200000,39.4,39.6,38.7,38.8,6831.263,2022-11-12 00:00:00
1668225600000,38.9,38.9,36.7,37.7,24406.23,2022-11-12 04:00:00
1668240000000,37.6,38.4,37.3,38.2,17760.499,2022-11-12 08:00:00
1668254400000,38.2,40.6,38.0,40.3,20659.575,2022-11-12 12:00:00
1668268800000,40.3,40.7,39.6,39.9,12597.171,2022-11-12 16:00:00
1668283200000,39.8,40.2,39.6,40.1,13352.505,2022-11-12 20:00:00
1668297600000,40.1,40.5,39.9,40.3,3003.731,2022-11-13 00:00:00
1668312000000,40.3,40.6,39.1,39.5,17682.468,2022-11-13 04:00:00
1668326400000,39.4,39.7,38.8,39.5,13792.165,2022-11-13 08:00:00
1668340800000,39.4,41.4,39.2,40.5,20814.448,2022-11-13 12:00:00
1668355200000,40.5,40.8,39.7,40.8,20895.488,2022-11-13 16:00:00
1668369600000,40.7,40.9,39.7,40.6,19392.672,2022-11-13 20:00:00
1668384000000,40.5,40.8,38.1,39.7,22597.77,2022-11-14 00:00:00
1668398400000,39.7,42.0,38.8,41.8,25525.808,2022-11-14 04:00:00
1668412800000,41.8,42.0,41.2,41.4,10939.3,2022-11-14 08:00:00
1668427200000,41.3,41.8,40.4,41.0,13045.456,2022-11-14 12:00:00
1668441600000,40.9,41.0,39.3,39.5,10208.176,2022-11-14 16:00:00
1668456000000,39.5,40.7,39.5,40.5,11171.697,2022-11-14 20:00:00
1668470400000,40.5,41.5,40.1,41.2,9829.168,2022-11-15 00:00:00
1668484800000,41.2,41.5,40.9,41.4,8060.123,2022-11-15 04:00:00
1668499200000,41.4,41.8,41.0,41.2,6051.891,2022-11-15 08:00:00
1668513600000,41.2,41.8,41.1,41.5,12052.05,2022-11-15 12:00:00
1668528000000,41.5,41.8,40.4,40.9,6934.658,2022-11-15 16:00:00
1668542400000,40.8,41.0,40.4,40.9,6524.77,2022-11-15 20:00:00
1668556800000,40.8,41.3,40.5,41.2,9816.845,2022-11-16 00:00:00
1668571200000,41.1,41.3,40.5,40.6,15288.533,2022-11-16 04:00:00
1668585600000,40.6,40.6,39.7,39.9,11159.214,2022-11-16 08:00:00
1668600000000,39.8,39.9,38.7,39.1,32590.569,2022-11-16 12:00:00
1668614400000,39.1,39.6,38.7,38.9,16549.356,2022-11-16 16:00:00
1668628800000,38.8,39.2,38.6,39.0,4401.719,2022-11-16 20:00:00
1668643200000,39.1,39.6,38.9,39.0,4763.592,2022-11-17 00:00:00
1668657600000,39.0,39.1,38.6,39.0,3706.582,2022-11-17 04:00:00
1668672000000,39.0,39.4,38.5,39.3,12861.479,2022-11-17 08:00:00
1668686400000,39.3,40.0,38.9,39.4,19230.86,2022-11-17 12:00:00
1668700800000,39.4,40.4,39.4,40.1,6963.04,2022-11-17 16:00:00
1668715200000,40.1,40.5,39.6,39.7,9652.783,2022-11-17 20:00:00
1668729600000,39.7,40.3,39.7,40.0,4226.406,2022-11-18 00:00:00
1668744000000,40.0,40.1,39.3,39.4,9595.435,2022-11-18 04:00:00
1668758400000,39.4,39.5,39.1,39.5,4425.959,2022-11-18 08:00:00
1668772800000,39.5,39.5,38.9,39.0,5702.596,2022-11-18 12:00:00
1668787200000,39.0,39.2,38.7,39.0,5739.15,2022-11-18 16:00:00
1668801600000,38.9,39.4,38.9,39.2,3658.461,2022-11-18 20:00:00
1668816000000,39.2,39.2,38.6,38.8,1256.022,2022-11-19 00:00:00
1668830400000,38.8,39.0,38.2,38.6,5161.952,2022-11-19 04:00:00
1668844800000,38.6,39.2,38.5,39.1,24304.434,2022-11-19 08:00:00
1668859200000,39.1,39.7,39.0,39.6,3462.329,2022-11-19 12:00:00
1668873600000,39.5,39.7,39.2,39.4,9000.615,2022-11-19 16:00:00
1668888000000,39.4,39.9,39.3,39.8,8772.309,2022-11-19 20:00:00
1668902400000,39.8,40.4,39.8,40.0,5570.974,2022-11-20 00:00:00
1668916800000,40.1,40.7,40.0,40.4,16909.647,2022-11-20 04:00:00
1668931200000,40.4,41.2,39.5,39.8,16959.286,2022-11-20 08:00:00
1668945600000,39.7,40.0,39.5,39.6,3945.729,2022-11-20 12:00:00
1668960000000,39.6,39.7,39.1,39.5,5320.103,2022-11-20 16:00:00
1668974400000,39.5,39.5,37.8,38.0,7523.864,2022-11-20 20:00:00
1668988800000,38.0,38.3,36.9,37.7,21836.339,2022-11-21 00:00:00
1669003200000,37.6,38.2,37.4,37.8,10820.338,2022-11-21 04:00:00
1669017600000,37.8,38.4,37.5,38.3,4526.476,2022-11-21 08:00:00
1669032000000,38.3,38.8,38.0,38.4,6613.34,2022-11-21 12:00:00
1669046400000,38.4,38.5,36.9,37.3,9079.316,2022-11-21 16:00:00
1669060800000,37.4,38.3,37.1,37.6,10125.831,2022-11-21 20:00:00
1669075200000,37.6,38.1,37.4,38.0,5340.988,2022-11-22 00:00:00
1669089600000,37.9,38.1,37.1,37.6,4307.029,2022-11-22 04:00:00
1669104000000,37.6,38.2,37.2,38.0,11759.149,2022-11-22 08:00:00
1669118400000,37.9,39.4,37.8,39.2,18875.686,2022-11-22 12:00:00
1669132800000,39.3,39.5,38.9,39.4,4790.003,2022-11-22 16:00:00
1669147200000,39.5,40.0,39.4,40.0,5159.382,2022-11-22 20:00:00
1669161600000,40.0,42.7,39.7,42.7,24972.995,2022-11-23 00:00:00
1669176000000,42.6,44.3,42.5,43.5,33377.196,2022-11-23 04:00:00
1669190400000,43.5,44.1,42.9,43.5,18213.302,2022-11-23 08:00:00
1669204800000,43.6,44.5,43.1,44.0,21916.908,2022-11-23 12:00:00
1669219200000,43.9,44.1,42.8,43.4,12470.668,2022-11-23 16:00:00
1669233600000,43.4,43.7,42.7,43.1,6897.922,2022-11-23 20:00:00
1669248000000,43.1,43.4,42.6,43.2,6682.277,2022-11-24 00:00:00
1669262400000,43.2,43.2,42.3,42.7,6629.289,2022-11-24 04:00:00
1669276800000,42.6,43.2,42.3,42.9,5791.215,2022-11-24 08:00:00
1669291200000,42.9,43.3,42.4,43.1,8572.93,2022-11-24 12:00:00
1669305600000,43.1,43.5,42.6,42.9,5559.572,2022-11-24 16:00:00
1669320000000,42.9,43.8,42.8,43.7,7937.107,2022-11-24 20:00:00
1669334400000,43.8,43.8,42.4,42.6,8417.581,2022-11-25 00:00:00
1669348800000,42.5,42.7,41.7,41.7,6477.767,2022-11-25 04:00:00
1669363200000,41.6,42.3,41.3,41.9,5110.602,2022-11-25 08:00:00
1669377600000,41.9,42.2,41.3,41.6,6889.082,2022-11-25 12:00:00
1669392000000,41.7,41.7,41.2,41.5,6084.317,2022-11-25 16:00:00
1669406400000,41.4,41.7,41.3,41.5,4298.119,2022-11-25 20:00:00
1669420800000,41.4,42.6,41.4,42.2,5466.974,2022-11-26 00:00:00
1669435200000,42.1,42.5,41.9,42.3,6229.116,2022-11-26 04:00:00
1669449600000,42.3,42.4,41.7,41.9,2849.594,2022-11-26 08:00:00
1669464000000,41.9,42.2,41.2,41.5,8535.583,2022-11-26 12:00:00
1669478400000,41.6,41.6,41.1,41.3,2610.387,2022-11-26 16:00:00
1669492800000,41.3,41.6,41.2,41.4,8303.672,2022-11-26 20:00:00
1669507200000,41.3,41.8,41.2,41.7,3210.788,2022-11-27 00:00:00
1669521600000,41.6,42.0,41.5,41.6,3769.659,2022-11-27 04:00:00
1669536000000,41.7,41.9,41.4,41.6,3867.366,2022-11-27 08:00:00
1669550400000,41.6,41.9,41.5,41.9,3858.276,2022-11-27 12:00:00
1669564800000,41.9,42.3,41.6,41.8,8706.215,2022-11-27 16:00:00
1669579200000,41.7,42.2,40.4,40.7,14437.112,2022-11-27 20:00:00
1669593600000,40.7,41.1,38.8,39.3,25268.177,2022-11-28 00:00:00
1669608000000,39.2,39.7,39.0,39.7,3273.288,2022-11-28 04:00:00
1669622400000,39.6,39.8,39.2,39.6,7281.027,2022-11-28 08:00:00
1669636800000,39.7,39.8,39.0,39.1,6537.951,2022-11-28 12:00:00
1669651200000,39.1,40.0,38.9,39.3,6057.366,2022-11-28 16:00:00
1669665600000,39.3,39.7,39.3,39.6,1639.852,2022-11-28 20:00:00
1669680000000,39.5,40.3,39.2,40.2,13210.281,2022-11-29 00:00:00
1669694400000,40.2,40.8,40.2,40.5,5715.103,2022-11-29 04:00:00
1669708800000,40.5,40.8,40.2,40.3,5014.6,2022-11-29 08:00:00
1669723200000,40.4,40.5,39.9,40.1,4851.422,2022-11-29 12:00:00
1669737600000,40.0,40.2,39.6,39.9,6114.32,2022-11-29 16:00:00
1669752000000,39.9,40.3,39.8,40.0,8380.833,2022-11-29 20:00:00
1669766400000,40.1,41.5,40.1,40.8,10759.443,2022-11-30 00:00:00
1669780800000,40.9,41.6,40.9,41.5,7207.178,2022-11-30 04:00:00
1669795200000,41.6,42.6,41.3,42.2,28052.587,2022-11-30 08:00:00
1669809600000,42.2,43.0,42.1,42.8,22772.768,2022-11-30 12:00:00
1669824000000,42.8,44.0,42.6,43.6,19015.28,2022-11-30 16:00:00
1669838400000,43.7,43.8,43.2,43.4,5382.547,2022-11-30 20:00:00
1669852800000,43.4,43.6,43.1,43.3,6019.881,2022-12-01 00:00:00
1669867200000,43.3,43.5,42.7,42.8,9568.308,2022-12-01 04:00:00
1669881600000,42.8,46.8,42.8,45.0,56011.55,2022-12-01 08:00:00
1669896000000,45.1,45.2,44.3,44.7,14932.41,2022-12-01 12:00:00
1669910400000,44.8,45.6,44.4,44.8,9773.813,2022-12-01 16:00:00
1669924800000,44.8,45.0,44.6,44.9,4573.729,2022-12-01 20:00:00
1669939200000,45.0,45.2,44.3,44.7,5656.887,2022-12-02 00:00:00
1669953600000,44.7,45.7,44.5,45.3,6944.9,2022-12-02 04:00:00
1669968000000,45.4,45.7,45.0,45.4,5841.884,2022-12-02 08:00:00
1669982400000,45.5,46.4,45.1,46.2,19533.441,2022-12-02 12:00:00
1669996800000,46.2,46.2,45.8,46.1,5339.675,2022-12-02 16:00:00
1670011200000,46.2,46.7,45.9,46.1,6418.704,2022-12-02 20:00:00
1670025600000,46.2,46.5,45.8,46.1,5901.604,2022-12-03 00:00:00
1670040000000,46.1,46.3,45.8,45.9,4440.443,2022-12-03 04:00:00
1670054400000,46.0,46.3,45.6,46.2,3849.185,2022-12-03 08:00:00
1670068800000,46.3,46.6,46.2,46.5,2976.989,2022-12-03 12:00:00
1670083200000,46.5,46.6,46.1,46.3,2345.806,2022-12-03 16:00:00
1670097600000,46.3,46.3,45.1,45.4,7191.819,2022-12-03 20:00:00
1670112000000,45.5,46.1,45.4,45.6,2894.855,2022-12-04 00:00:00
1670126400000,45.6,45.9,45.3,45.4,3432.568,2022-12-04 04:00:00
1670140800000,45.4,45.6,44.8,45.0,22165.893,2022-12-04 08:00:00
1670155200000,45.0,45.8,44.8,45.5,12259.231,2022-12-04 12:00:00
1670169600000,45.5,46.0,45.4,45.8,5404.133,2022-12-04 16:00:00
1670184000000,45.9,46.1,45.6,45.9,1846.468,2022-12-04 20:00:00
1670198400000,45.9,46.7,45.8,46.3,5699.335,2022-12-05 00:00:00
1670212800000,46.3,47.2,46.3,46.9,12022.949,2022-12-05 04:00:00
1670227200000,46.9,47.2,46.7,46.8,7509.393,2022-12-05 08:00:00
1670241600000,46.8,46.9,45.6,45.9,7104.079,2022-12-05 12:00:00
1670256000000,45.9,46.1,45.2,45.7,7761.9,2022-12-05 16:00:00
1670270400000,45.7,46.5,45.7,46.4,2911.077,2022-12-05 20:00:00
1670284800000,46.4,46.7,46.3,46.5,4020.141,2022-12-06 00:00:00
1670299200000,46.5,46.6,46.1,46.3,5080.935,2022-12-06 04:00:00
1670313600000,46.3,46.4,45.6,45.8,7381.948,2022-12-06 08:00:00
1670328000000,45.9,46.1,45.2,45.5,4947.75,2022-12-06 12:00:00
1670342400000,45.6,45.6,45.1,45.6,5274.596,2022-12-06 16:00:00
1670356800000,45.6,46.3,45.5,46.2,9732.245,2022-12-06 20:00:00
1670371200000,46.2,46.4,45.9,46.0,1784.466,2022-12-07 00:00:00
1670385600000,46.0,46.1,44.3,44.5,8551.92,2022-12-07 04:00:00
1670400000000,44.5,44.9,44.1,44.5,14359.387,2022-12-07 08:00:00
1670414400000,44.5,45.1,44.4,44.6,10148.422,2022-12-07 12:00:00
1670428800000,44.5,44.6,43.5,43.7,15771.057,2022-12-07 16:00:00
1670443200000,43.7,43.8,43.3,43.7,4657.364,2022-12-07 20:00:00
1670457600000,43.7,44.3,43.5,44.2,4070.699,2022-12-08 00:00:00
1670472000000,44.2,44.5,43.7,44.3,6860.5,2022-12-08 04:00:00
1670486400000,44.4,44.4,43.3,43.9,6521.575,2022-12-08 08:00:00
1670500800000,43.9,44.2,43.7,44.0,11242.505,2022-12-08 12:00:00
1670515200000,44.1,45.2,44.0,45.0,3040.175,2022-12-08 16:00:00
1670529600000,45.1,45.1,44.8,45.0,3283.361,2022-12-08 20:00:00
1670544000000,45.0,45.7,44.8,45.3,5842.908,2022-12-09 00:00:00
1670558400000,45.4,46.0,45.2,45.9,8930.376,2022-12-09 04:00:00
1670572800000,46.0,46.1,45.6,45.8,5952.771,2022-12-09 08:00:00
1670587200000,45.7,45.9,45.2,45.7,5866.406,2022-12-09 12:00:00
1670601600000,45.7,46.0,45.6,45.7,2606.164,2022-12-09 16:00:00
1670616000000,45.8,45.8,45.4,45.7,2088.068,2022-12-09 20:00:00
1670630400000,45.7,46.3,45.6,45.9,5598.169,2022-12-10 00:00:00
1670644800000,45.9,46.1,45.7,45.7,1589.82,2022-12-10 04:00:00
1670659200000,45.7,46.1,45.5,46.0,3544.985,2022-12-10 08:00:00
1670673600000,46.0,46.2,45.8,46.1,2492.642,2022-12-10 12:00:00
1670688000000,46.2,46.2,45.5,45.7,2500.069,2022-12-10 16:00:00
1670702400000,45.8,45.8,45.4,45.5,1350.287,2022-12-10 20:00:00
1670716800000,45.5,45.6,45.3,45.4,1579.505,2022-12-11 00:00:00
1670731200000,45.5,45.5,45.3,45.4,3091.249,2022-12-11 04:00:00
1670745600000,45.4,45.7,45.3,45.5,5783.301,2022-12-11 08:00:00
1670760000000,45.4,46.3,45.4,46.0,7619.305,2022-12-11 12:00:00
1670774400000,45.9,46.0,45.7,45.8,4441.142,2022-12-11 16:00:00
1670788800000,45.8,45.9,44.8,44.8,6734.352,2022-12-11 20:00:00
1670803200000,44.8,44.9,43.6,43.8,5234.763,2022-12-12 00:00:00
1670817600000,43.8,44.9,43.7,44.8,8065.694,2022-12-12 04:00:00
1670832000000,44.8,46.2,44.6,45.8,16921.208,2022-12-12 08:00:00
1670846400000,45.8,46.2,45.2,45.8,11275.538,2022-12-12 12:00:00
1670860800000,45.8,46.4,45.8,46.3,9202.437,2022-12-12 16:00:00
1670875200000,46.3,46.6,45.8,46.0,6714.288,2022-12-12 20:00:00
1670889600000,45.9,46.5,45.8,46.3,6861.611,2022-12-13 00:00:00
1670904000000,46.4,46.5,45.3,45.8,10846.981,2022-12-13 04:00:00
1670918400000,45.8,47.0,45.2,46.5,17861.534,2022-12-13 08:00:00
1670932800000,46.6,47.8,46.3,46.3,27076.681,2022-12-13 12:00:00
1670947200000,46.4,46.6,45.9,46.2,10313.968,2022-12-13 16:00:00
1670961600000,46.2,46.4,46.2,46.3,2841.2,2022-12-13 20:00:00
1670976000000,46.3,46.8,46.2,46.7,3072.106,2022-12-14 00:00:00
1670990400000,46.8,47.1,46.7,46.7,5062.553,2022-12-14 04:00:00
1671004800000,46.8,47.2,46.7,47.0,3122.409,2022-12-14 08:00:00
1671019200000,46.9,47.2,46.7,47.1,9140.022,2022-12-14 12:00:00
1671033600000,47.2,47.6,46.2,46.7,22854.095,2022-12-14 16:00:00
1671048000000,46.8,47.2,46.3,46.3,4446.365,2022-12-14 20:00:00
1671062400000,46.4,46.9,45.7,46.9,6963.835,2022-12-15 00:00:00
1671076800000,46.8,47.6,46.6,46.7,12866.381,2022-12-15 04:00:00
1671091200000,46.7,47.4,46.6,47.2,11902.976,2022-12-15 08:00:00
1671105600000,47.2,47.5,46.9,47.2,11889.015,2022-12-15 12:00:00
1671120000000,47.3,47.3,46.2,46.7,8364.745,2022-12-15 16:00:00
1671134400000,46.7,46.7,45.7,46.0,16361.798,2022-12-15 20:00:00
1671148800000,45.9,46.2,45.6,45.7,4769.37,2022-12-16 00:00:00
1671163200000,45.6,46.1,45.5,45.9,4132.323,2022-12-16 04:00:00
1671177600000,45.8,45.9,43.9,44.4,20139.136,2022-12-16 08:00:00
1671192000000,44.4,44.5,43.1,43.2,10425.523,2022-12-16 12:00:00
1671206400000,43.2,43.5,42.3,43.3,24181.899,2022-12-16 16:00:00
1671220800000,43.3,47.2,40.1,41.0,40418.385,2022-12-16 20:00:00
1671235200000,41.1,41.6,39.9,41.3,11385.029,2022-12-17 00:00:00
1671249600000,41.3,42.5,40.7,41.6,15018.389,2022-12-17 04:00:00
1671264000000,41.6,42.2,41.5,41.7,6009.323,2022-12-17 08:00:00
1671278400000,41.6,42.0,41.5,41.9,8539.804,2022-12-17 12:00:00
1671292800000,41.9,42.6,41.8,42.5,10822.969,2022-12-17 16:00:00
1671307200000,42.4,43.2,42.4,43.0,11715.389,2022-12-17 20:00:00
1671321600000,43.0,43.0,42.5,43.0,9888.232,2022-12-18 00:00:00
1671336000000,42.9,43.2,42.9,43.1,13147.197,2022-12-18 04:00:00
1671350400000,43.1,46.6,43.0,43.1,26248.813,2022-12-18 08:00:00
1671364800000,43.2,46.6,43.0,43.4,15328.575,2022-12-18 12:00:00
1671379200000,43.5,43.7,43.2,43.6,3434.639,2022-12-18 16:00:00
1671393600000,43.6,44.1,43.4,43.4,6446.22,2022-12-18 20:00:00
1671408000000,43.5,45.7,43.4,44.2,36619.761,2022-12-19 00:00:00
1671422400000,44.2,44.6,43.7,44.0,11876.304,2022-12-19 04:00:00
1671436800000,44.1,44.1,43.4,43.4,26273.181,2022-12-19 08:00:00
1671451200000,43.4,43.8,42.7,42.7,33958.589,2022-12-19 12:00:00
1671465600000,42.7,42.9,41.7,42.7,24264.036,2022-12-19 16:00:00
1671480000000,42.8,43.1,41.3,42.1,9730.649,2022-12-19 20:00:00
1671494400000,42.2,42.6,41.5,42.2,9927.962,2022-12-20 00:00:00
1671508800000,42.3,43.0,42.2,42.2,7684.052,2022-12-20 04:00:00
1671523200000,42.2,42.3,41.9,42.0,2967.426,2022-12-20 08:00:00
1671537600000,42.0,42.4,41.5,42.1,9305.425,2022-12-20 12:00:00
1671552000000,42.1,42.2,41.8,42.1,6211.066,2022-12-20 16:00:00
1671566400000,42.2,42.5,42.1,42.1,5132.727,2022-12-20 20:00:00
1671580800000,42.1,42.3,41.4,41.7,6675.358,2022-12-21 00:00:00
1671595200000,41.7,41.7,41.1,41.5,7645.478,2022-12-21 04:00:00
1671609600000,41.4,42.2,41.2,42.1,7406.286,2022-12-21 08:00:00
1671624000000,42.1,43.0,41.9,42.7,12248.004,2022-12-21 12:00:00
1671638400000,42.8,42.9,42.0,42.0,8499.657,2022-12-21 16:00:00
1671652800000,42.1,42.2,41.1,41.4,12858.532,2022-12-21 20:00:00
1671667200000,41.5,41.8,41.1,41.3,6242.275,2022-12-22 00:00:00
1671681600000,41.4,41.4,41.0,41.3,3605.344,2022-12-22 04:00:00
1671696000000,41.3,41.7,40.7,40.9,19263.446,2022-12-22 08:00:00
1671710400000,40.9,41.0,39.1,39.2,28303.858,2022-12-22 12:00:00
1671724800000,39.3,39.6,38.6,38.9,18189.618,2022-12-22 16:00:00
1671739200000,38.9,39.8,38.8,39.4,12449.005,2022-12-22 20:00:00
1671753600000,39.4,40.1,39.0,40.0,16514.206,2022-12-23 00:00:00
1671768000000,40.0,40.1,39.4,39.7,4478.836,2022-12-23 04:00:00
1671782400000,39.6,40.0,39.2,39.6,11427.677,2022-12-23 08:00:00
1671796800000,39.5,39.7,39.3,39.6,6571.498,2022-12-23 12:00:00
1671811200000,39.6,40.1,39.6,39.7,5708.739,2022-12-23 16:00:00
1671825600000,39.7,40.0,39.3,39.4,10912.294,2022-12-23 20:00:00
1671840000000,39.4,39.6,39.3,39.6,3344.111,2022-12-24 00:00:00
1671854400000,39.6,39.8,39.5,39.6,3189.213,2022-12-24 04:00:00
1671868800000,39.6,39.7,39.1,39.4,5050.589,2022-12-24 08:00:00
1671883200000,39.4,39.5,39.0,39.2,5246.468,2022-12-24 12:00:00
1671897600000,39.2,40.1,39.1,40.1,15005.273,2022-12-24 16:00:00
1671912000000,40.0,40.1,39.7,39.7,2758.734,2022-12-24 20:00:00
1671926400000,39.8,40.3,39.7,40.1,6050.333,2022-12-25 00:00:00
1671940800000,40.1,40.3,40.0,40.1,3939.122,2022-12-25 04:00:00
1671955200000,40.2,40.3,39.7,39.9,9711.593,2022-12-25 08:00:00
1671969600000,39.8,40.1,39.4,39.7,9015.128,2022-12-25 12:00:00
1671984000000,39.7,39.9,39.5,39.9,4459.513,2022-12-25 16:00:00
1671998400000,39.9,40.1,39.7,39.9,3984.016,2022-12-25 20:00:00
1672012800000,39.9,40.4,39.8,40.3,3051.469,2022-12-26 00:00:00
1672027200000,40.3,40.5,39.9,40.1,16058.892,2022-12-26 04:00:00
1672041600000,40.1,40.4,39.8,40.2,7445.221,2022-12-26 08:00:00
1672056000000,40.3,40.4,39.9,40.1,6609.722,2022-12-26 12:00:00
1672070400000,40.1,40.2,39.8,39.9,4658.346,2022-12-26 16:00:00
1672084800000,39.9,40.5,39.8,40.3,3602.332,2022-12-26 20:00:00
1672099200000,40.4,40.5,39.8,40.0,7434.693,2022-12-27 00:00:00
1672113600000,40.0,40.0,39.8,39.8,1012.218,2022-12-27 04:00:00
1672128000000,39.7,39.9,39.4,39.5,20212.455,2022-12-27 08:00:00
1672142400000,39.6,39.6,38.8,39.0,9701.685,2022-12-27 12:00:00
1672156800000,38.9,39.0,37.9,38.6,13488.366,2022-12-27 16:00:00
1672171200000,38.6,38.8,38.5,38.8,3566.025,2022-12-27 20:00:00
1672185600000,38.8,39.0,38.0,38.2,13305.7,2022-12-28 00:00:00
1672200000000,38.3,38.3,37.0,37.6,30301.107,2022-12-28 04:00:00
1672214400000,37.6,38.1,37.3,38.1,10153.125,2022-12-28 08:00:00
1672228800000,38.1,38.2,37.4,37.6,13051.963,2022-12-28 12:00:00
1672243200000,37.5,37.9,37.4,37.6,7089.661,2022-12-28 16:00:00
1672257600000,37.5,37.7,37.0,37.4,8120.991,2022-12-28 20:00:00
1672272000000,37.4,38.0,37.2,37.9,12520.548,2022-12-29 00:00:00
1672286400000,38.0,38.1,37.6,37.9,8079.389,2022-12-29 04:00:00
1672300800000,37.8,38.1,37.7,37.9,9068.339,2022-12-29 08:00:00
1672315200000,38.0,38.4,37.8,38.1,10570.987,2022-12-29 12:00:00
1672329600000,38.1,38.4,37.8,37.9,5072.72,2022-12-29 16:00:00
1672344000000,38.0,38.1,37.4,38.0,6363.854,2022-12-29 20:00:00
1672358400000,38.0,38.2,37.7,37.8,1868.015,2022-12-30 00:00:00
1672372800000,37.8,38.0,36.9,37.2,18184.115,2022-12-30 04:00:00
1672387200000,37.2,37.4,37.0,37.4,3698.684,2022-12-30 08:00:00
1672401600000,37.3,38.2,37.3,38.0,24539.402,2022-12-30 12:00:00
1672416000000,38.0,38.0,37.6,37.6,10156.451,2022-12-30 16:00:00
1672430400000,37.6,37.9,37.5,37.9,7350.061,2022-12-30 20:00:00
1672444800000,38.0,38.1,37.8,38.0,1846.841,2022-12-31 00:00:00
1672459200000,37.9,38.1,37.7,38.0,2890.743,2022-12-31 04:00:00
1672473600000,38.0,38.2,37.9,38.0,2823.127,2022-12-31 08:00:00
1672488000000,38.0,38.5,37.9,38.1,4771.413,2022-12-31 12:00:00
1672502400000,38.2,38.2,37.8,38.0,1778.328,2022-12-31 16:00:00
1672516800000,38.0,38.0,37.2,37.3,3318.387,2022-12-31 20:00:00
1672531200000,37.3,37.5,37.0,37.2,3287.918,2023-01-01 00:00:00
1672545600000,37.2,37.2,36.6,36.7,7745.991,2023-01-01 04:00:00
1672560000000,36.8,36.9,36.5,36.9,5491.661,2023-01-01 08:00:00
1672574400000,36.8,37.0,36.7,36.9,4373.18,2023-01-01 12:00:00
1672588800000,36.9,37.4,36.9,37.3,4736.413,2023-01-01 16:00:00
1672603200000,37.3,37.5,37.1,37.2,2471.049,2023-01-01 20:00:00
1672617600000,37.3,37.4,36.5,37.3,7322.143,2023-01-02 00:00:00
1672632000000,37.3,38.2,37.2,37.9,10992.284,2023-01-02 04:00:00
1672646400000,37.9,38.1,37.6,37.9,7602.603,2023-01-02 08:00:00
1672660800000,37.9,38.4,37.9,38.3,13097.97,2023-01-02 12:00:00
1672675200000,38.3,39.5,38.2,39.3,32577.713,2023-01-02 16:00:00
1672689600000,39.3,40.2,39.3,39.5,22128.967,2023-01-02 20:00:00
1672704000000,39.6,39.9,39.4,39.7,5408.079,2023-01-03 00:00:00
1672718400000,39.7,40.6,39.6,40.5,17146.067,2023-01-03 04:00:00
1672732800000,40.5,40.6,40.0,40.2,14391.403,2023-01-03 08:00:00
1672747200000,40.3,40.4,39.9,40.0,19747.823,2023-01-03 12:00:00
1672761600000,40.1,40.2,39.5,39.7,11473.292,2023-01-03 16:00:00
1672776000000,39.8,40.1,39.6,40.1,4983.684,2023-01-03 20:00:00
1672790400000,40.1,41.3,39.9,41.3,16923.766,2023-01-04 00:00:00
1672804800000,41.2,41.6,41.0,41.3,11809.612,2023-01-04 04:00:00
1672819200000,41.4,41.6,40.1,40.6,33964.599,2023-01-04 08:00:00
1672833600000,40.6,42.0,40.1,40.7,16659.1,2023-01-04 12:00:00
1672848000000,40.7,41.3,40.3,40.5,19422.042,2023-01-04 16:00:00
1672862400000,40.6,40.8,39.9,40.7,8394.712,2023-01-04 20:00:00
1672876800000,40.8,41.2,40.2,40.5,13780.32,2023-01-05 00:00:00
1672891200000,40.6,40.9,40.1,40.4,8247.682,2023-01-05 04:00:00
1672905600000,40.4,40.6,39.8,40.5,11579.555,2023-01-05 08:00:00
1672920000000,40.6,40.6,39.8,40.0,13552.977,2023-01-05 12:00:00
1672934400000,40.1,40.3,39.6,40.2,6408.932,2023-01-05 16:00:00
1672948800000,40.2,40.3,39.4,39.8,9298.089,2023-01-05 20:00:00
1672963200000,39.8,40.2,39.7,39.8,3982.291,2023-01-06 00:00:00
1672977600000,39.8,39.8,39.2,39.3,4662.749,2023-01-06 04:00:00
1672992000000,39.3,39.6,38.9,38.9,10172.767,2023-01-06 08:00:00
1673006400000,39.0,41.2,38.7,41.1,45087.085,2023-01-06 12:00:00
1673020800000,41.0,41.7,40.5,41.5,20081.017,2023-01-06 16:00:00
1673035200000,41.5,41.6,41.0,41.4,6274.625,2023-01-06 20:00:00
1673049600000,41.4,41.7,41.0,41.1,3738.644,2023-01-07 00:00:00
1673064000000,41.1,41.3,40.8,40.9,4945.545,2023-01-07 04:00:00
1673078400000,40.9,43.0,40.8,41.8,47387.784,2023-01-07 08:00:00
1673092800000,41.8,42.2,41.6,41.9,6092.58,2023-01-07 12:00:00
1673107200000,41.9,42.1,41.5,41.7,9079.697,2023-01-07 16:00:00
1673121600000,41.7,42.0,41.5,41.5,6435.081,2023-01-07 20:00:00
1673136000000,41.6,41.7,41.0,41.4,5965.229,2023-01-08 00:00:00
1673150400000,41.4,41.7,41.3,41.7,2967.284,2023-01-08 04:00:00
1673164800000,41.6,41.9,41.2,41.3,13231.746,2023-01-08 08:00:00
1673179200000,41.3,41.9,41.1,41.7,5828.609,2023-01-08 12:00:00
1673193600000,41.7,41.9,41.2,41.5,5402.823,2023-01-08 16:00:00
1673208000000,41.4,42.8,41.4,42.7,17995.573,2023-01-08 20:00:00
1673222400000,42.8,44.2,42.5,43.7,24669.962,2023-01-09 00:00:00
1673236800000,43.7,44.5,43.6,44.0,26038.975,2023-01-09 04:00:00
1673251200000,44.0,44.4,43.6,43.6,8364.597,2023-01-09 08:00:00
1673265600000,43.7,44.5,43.4,44.3,12019.825,2023-01-09 12:00:00
1673280000000,44.3,44.8,43.5,43.5,12565.512,2023-01-09 16:00:00
1673294400000,43.4,43.6,42.8,43.1,5452.97,2023-01-09 20:00:00
1673308800000,43.0,43.8,42.1,42.9,8734.612,2023-01-10 00:00:00
1673323200000,42.9,43.1,42.6,42.9,3480.886,2023-01-10 04:00:00
1673337600000,42.8,43.5,42.6,42.8,9902.908,2023-01-10 08:00:00
1673352000000,42.7,43.0,42.4,42.9,7704.46,2023-01-10 12:00:00
1673366400000,42.9,43.4,42.5,43.3,12691.987,2023-01-10 16:00:00
1673380800000,43.3,44.2,43.2,44.0,15961.887,2023-01-10 20:00:00
1673395200000,44.0,44.4,43.3,43.7,5418.827,2023-01-11 00:00:00
1673409600000,43.7,44.1,43.4,43.9,3320.364,2023-01-11 04:00:00
1673424000000,43.9,44.4,43.6,43.9,22332.237,2023-01-11 08:00:00
1673438400000,43.8,43.9,42.6,42.6,7323.245,2023-01-11 12:00:00
1673452800000,42.6,43.9,42.6,43.7,21668.183,2023-01-11 16:00:00
1673467200000,43.6,44.6,43.3,44.3,7183.092,2023-01-11 20:00:00
1673481600000,44.3,45.0,44.1,44.8,8853.728,2023-01-12 00:00:00
1673496000000,44.8,45.8,44.3,44.7,16096.07,2023-01-12 04:00:00
1673510400000,44.8,44.8,43.9,44.2,6026.822,2023-01-12 08:00:00
1673524800000,44.2,44.7,43.0,43.9,15536.929,2023-01-12 12:00:00
1673539200000,43.9,45.7,43.8,45.5,20000.325,2023-01-12 16:00:00
1673553600000,45.4,46.0,44.9,45.3,15173.716,2023-01-12 20:00:00
1673568000000,45.3,45.6,44.7,45.3,6737.425,2023-01-13 00:00:00
1673582400000,45.3,45.4,44.6,44.7,13650.068,2023-01-13 04:00:00
1673596800000,44.6,45.2,44.5,44.6,8985.232,2023-01-13 08:00:00
1673611200000,44.6,44.8,43.9,44.5,22035.21,2023-01-13 12:00:00
1673625600000,44.5,44.6,43.9,44.4,9960.602,2023-01-13 16:00:00
1673640000000,44.4,45.9,44.2,45.4,28579.356,2023-01-13 20:00:00
1673654400000,45.3,47.7,45.3,46.9,32365.492,2023-01-14 00:00:00
1673668800000,47.0,48.6,46.6,48.2,19956.588,2023-01-14 04:00:00
1673683200000,48.1,48.6,44.2,46.3,34962.632,2023-01-14 08:00:00
1673697600000,46.4,47.1,45.8,46.6,32312.084,2023-01-14 12:00:00
1673712000000,46.5,46.8,45.8,45.8,18944.372,2023-01-14 16:00:00
1673726400000,45.8,47.0,45.7,46.7,16031.423,2023-01-14 20:00:00
1673740800000,46.6,47.0,45.5,46.2,28454.003,2023-01-15 00:00:00
1673755200000,46.2,46.3,45.0,45.3,14057.833,2023-01-15 04:00:00
1673769600000,45.2,45.4,44.3,45.0,31175.195,2023-01-15 08:00:00
1673784000000,45.0,45.6,44.4,45.4,24432.943,2023-01-15 12:00:00
1673798400000,45.3,45.7,44.7,45.3,32530.662,2023-01-15 16:00:00
1673812800000,45.2,45.5,44.5,44.8,22137.509,2023-01-15 20:00:00
1673827200000,44.8,46.0,44.3,45.3,34082.723,2023-01-16 00:00:00
1673841600000,45.4,45.7,44.7,45.1,31158.964,2023-01-16 04:00:00
1673856000000,45.0,45.1,42.5,43.4,64492.327,2023-01-16 08:00:00
1673870400000,43.3,43.7,41.4,42.7,49745.358,2023-01-16 12:00:00
1673884800000,42.6,43.3,42.0,43.2,50793.002,2023-01-16 16:00:00
1673899200000,43.1,43.3,42.4,42.6,31301.0,2023-01-16 20:00:00
1673913600000,42.5,43.0,41.8,42.5,30505.215,2023-01-17 00:00:00
1673928000000,42.5,43.2,42.4,43.2,14707.07,2023-01-17 04:00:00
1673942400000,43.2,43.8,43.1,43.7,14312.677,2023-01-17 08:00:00
1673956800000,43.7,43.9,42.7,43.4,35202.848,2023-01-17 12:00:00
1673971200000,43.4,45.5,43.1,44.8,58939.192,2023-01-17 16:00:00
1673985600000,44.8,45.5,44.4,44.6,32998.194,2023-01-17 20:00:00
1674000000000,44.6,45.3,44.3,44.9,19278.481,2023-01-18 00:00:00
1674014400000,45.0,45.2,44.6,45.1,21987.37,2023-01-18 04:00:00
1674028800000,45.1,45.2,43.7,44.3,24565.351,2023-01-18 08:00:00
1674043200000,44.4,46.1,41.3,43.1,38709.097,2023-01-18 12:00:00
1674057600000,43.1,43.5,41.2,42.8,46241.68,2023-01-18 16:00:00
1674072000000,42.7,43.2,42.0,42.8,14099.886,2023-01-18 20:00:00
1674086400000,42.8,44.9,42.7,44.3,33040.579,2023-01-19 00:00:00
1674100800000,44.2,44.5,43.6,43.9,13082.227,2023-01-19 04:00:00
1674115200000,43.9,44.3,43.6,44.2,17933.279,2023-01-19 08:00:00
1674129600000,44.2,44.3,43.6,43.9,11167.173,2023-01-19 12:00:00
1674144000000,44.0,45.0,43.2,44.9,13492.146,2023-01-19 16:00:00
1674158400000,44.8,45.2,44.3,44.4,15753.371,2023-01-19 20:00:00
1674172800000,44.4,45.1,44.3,44.9,12937.624,2023-01-20 00:00:00
1674187200000,44.8,45.1,44.5,44.5,9974.151,2023-01-20 04:00:00
1674201600000,44.5,45.2,44.1,45.0,10388.573,2023-01-20 08:00:00
1674216000000,44.9,47.0,44.9,46.3,29535.099,2023-01-20 12:00:00
1674230400000,46.3,48.0,46.2,47.6,29994.977,2023-01-20 16:00:00
1674244800000,47.7,48.7,47.6,48.2,29469.163,2023-01-20 20:00:00
1674259200000,48.1,49.4,47.8,48.6,15715.349,2023-01-21 00:00:00
1674273600000,48.6,50.1,47.9,48.6,51017.211,2023-01-21 04:00:00
1674288000000,48.6,49.3,47.3,48.3,35602.914,2023-01-21 08:00:00
1674302400000,48.3,49.2,47.9,48.1,22193.572,2023-01-21 12:00:00
1674316800000,48.0,49.7,48.0,48.8,11708.288,2023-01-21 16:00:00
1674331200000,48.7,49.2,47.7,48.0,8633.141,2023-01-21 20:00:00
1674345600000,47.9,48.5,47.7,48.5,6446.929,2023-01-22 00:00:00
1674360000000,48.4,48.6,48.0,48.1,3835.475,2023-01-22 04:00:00
1674374400000,48.0,48.4,47.6,48.0,16249.47,2023-01-22 08:00:00
1674388800000,48.1,49.1,47.8,48.2,22945.129,2023-01-22 12:00:00
1674403200000,48.1,48.8,47.5,47.7,11628.5,2023-01-22 16:00:00
1674417600000,47.7,47.7,46.3,47.3,15939.768,2023-01-22 20:00:00
1674432000000,47.2,48.4,47.2,47.8,10752.367,2023-01-23 00:00:00
1674446400000,47.8,48.5,47.8,47.9,6776.819,2023-01-23 04:00:00
1674460800000,47.9,48.4,47.6,47.8,21632.897,2023-01-23 08:00:00
1674475200000,47.9,48.1,46.5,47.0,22418.934,2023-01-23 12:00:00
1674489600000,46.9,47.4,46.5,46.7,12658.469,2023-01-23 16:00:00
1674504000000,46.7,47.5,46.5,47.0,7852.877,2023-01-23 20:00:00
1674518400000,46.9,47.5,46.4,47.4,11146.658,2023-01-24 00:00:00
1674532800000,47.4,48.3,47.0,48.1,21163.65,2023-01-24 04:00:00
1674547200000,48.0,48.3,47.2,47.5,17819.467,2023-01-24 08:00:00
1674561600000,47.5,48.1,46.8,47.2,31100.714,2023-01-24 12:00:00
1674576000000,47.3,47.7,46.7,47.6,13067.797,2023-01-24 16:00:00
1674590400000,47.6,47.7,43.6,44.4,49309.808,2023-01-24 20:00:00
1674604800000,44.4,44.8,43.5,44.7,20653.401,2023-01-25 00:00:00
1674619200000,44.6,45.0,44.3,45.0,14162.861,2023-01-25 04:00:00
1674633600000,44.9,45.0,44.0,44.1,15216.241,2023-01-25 08:00:00
1674648000000,44.1,45.0,43.9,44.2,17270.448,2023-01-25 12:00:00
1674662400000,44.1,44.9,43.8,44.8,10799.811,2023-01-25 16:00:00
1674676800000,44.8,46.5,44.6,45.4,24709.869,2023-01-25 20:00:00
1674691200000,45.4,46.0,45.2,45.4,12379.987,2023-01-26 00:00:00
1674705600000,45.4,46.1,44.9,45.1,15486.675,2023-01-26 04:00:00
1674720000000,45.1,45.5,44.5,44.9,11791.86,2023-01-26 08:00:00
1674734400000,44.9,46.4,44.8,45.4,25597.349,2023-01-26 12:00:00
1674748800000,45.4,46.8,45.0,46.4,24127.343,2023-01-26 16:00:00
1674763200000,46.4,47.1,46.2,46.8,18032.751,2023-01-26 20:00:00
1674777600000,46.8,47.2,45.4,45.6,12169.378,2023-01-27 00:00:00
1674792000000,45.6,46.4,45.4,46.4,11629.841,2023-01-27 04:00:00
1674806400000,46.3,46.5,45.6,45.7,8874.192,2023-01-27 08:00:00
1674820800000,45.7,46.1,45.4,45.7,12060.742,2023-01-27 12:00:00
1674835200000,45.7,46.7,45.7,46.7,10151.719,2023-01-27 16:00:00
1674849600000,46.7,47.1,46.0,46.5,13583.969,2023-01-27 20:00:00
1674864000000,46.6,47.0,46.2,46.4,9313.086,2023-01-28 00:00:00
1674878400000,46.4,46.6,45.6,45.8,16366.432,2023-01-28 04:00:00
1674892800000,45.8,46.0,45.4,45.6,12681.881,2023-01-28 08:00:00
1674907200000,45.6,45.6,44.6,45.2,21153.483,2023-01-28 12:00:00
1674921600000,45.1,45.6,45.0,45.6,7352.241,2023-01-28 16:00:00
1674936000000,45.5,45.5,44.9,45.3,3975.812,2023-01-28 20:00:00
1674950400000,45.3,47.0,45.0,46.6,28858.26,2023-01-29 00:00:00
1674964800000,46.6,47.7,46.5,47.2,29846.287,2023-01-29 04:00:00
1674979200000,47.3,47.9,46.8,47.7,21920.011,2023-01-29 08:00:00
1674993600000,47.7,48.1,47.1,47.8,23911.728,2023-01-29 12:00:00
1675008000000,47.8,47.9,47.2,47.5,20077.401,2023-01-29 16:00:00
1675022400000,47.6,47.6,47.0,47.1,8620.287,2023-01-29 20:00:00
1675036800000,47.1,47.4,46.3,46.6,17862.38,2023-01-30 00:00:00
1675051200000,46.6,46.9,45.6,46.0,32219.936,2023-01-30 04:00:00
1675065600000,45.9,46.2,43.9,44.7,51242.043,2023-01-30 08:00:00
1675080000000,44.7,45.6,44.6,45.3,23460.93,2023-01-30 12:00:00
1675094400000,45.2,45.6,43.7,44.4,18878.65,2023-01-30 16:00:00
1675108800000,44.4,44.7,43.6,44.6,13351.213,2023-01-30 20:00:00
1675123200000,44.6,45.1,44.1,44.8,15846.144,2023-01-31 00:00:00
1675137600000,44.9,45.1,44.3,44.9,9660.188,2023-01-31 04:00:00
1675152000000,45.0,45.5,44.8,45.4,19668.261,2023-01-31 08:00:00
1675166400000,45.5,45.7,45.0,45.6,13548.986,2023-01-31 12:00:00
1675180800000,45.7,46.0,45.3,45.8,12920.716,2023-01-31 16:00:00
1675195200000,45.8,45.9,44.5,45.2,15202.248,2023-01-31 20:00:00
1675209600000,45.1,45.3,44.7,45.1,10862.234,2023-02-01 00:00:00
1675224000000,45.0,45.4,44.1,44.5,12995.352,2023-02-01 04:00:00
1675238400000,44.5,45.0,43.9,44.7,11334.57,2023-02-01 08:00:00
1675252800000,44.7,45.1,44.0,44.3,12475.014,2023-02-01 12:00:00
1675267200000,44.3,46.4,44.2,46.0,41310.9,2023-02-01 16:00:00
1675281600000,46.1,48.8,45.9,47.1,41488.729,2023-02-01 20:00:00
1675296000000,47.1,48.3,47.1,48.0,34256.587,2023-02-02 00:00:00
1675310400000,48.1,48.4,47.3,47.4,21770.733,2023-02-02 04:00:00
1675324800000,47.4,47.6,46.9,47.4,16552.135,2023-02-02 08:00:00
1675339200000,47.3,47.6,46.5,47.4,31257.508,2023-02-02 12:00:00
1675353600000,47.3,47.9,46.5,46.8,42525.1,2023-02-02 16:00:00
1675368000000,46.7,47.1,45.4,45.9,24575.77,2023-02-02 20:00:00
1675382400000,45.9,46.3,45.5,45.9,13153.971,2023-02-03 00:00:00
1675396800000,45.8,46.4,45.7,45.9,8693.041,2023-02-03 04:00:00
1675411200000,45.9,46.8,45.6,46.8,13949.472,2023-02-03 08:00:00
1675425600000,46.7,47.5,46.0,47.3,31101.412,2023-02-03 12:00:00
1675440000000,47.2,47.7,46.6,46.8,14549.556,2023-02-03 16:00:00
1675454400000,46.7,47.1,46.3,47.0,8249.907,2023-02-03 20:00:00
1675468800000,47.0,47.4,46.5,46.6,13988.781,2023-02-04 00:00:00
1675483200000,46.6,46.8,46.2,46.5,13327.74,2023-02-04 04:00:00
1675497600000,46.4,47.0,46.1,46.8,14701.83,2023-02-04 08:00:00
1675512000000,46.8,47.4,46.8,47.0,15408.301,2023-02-04 12:00:00
1675526400000,46.9,47.4,46.8,47.2,11303.317,2023-02-04 16:00:00
1675540800000,47.2,47.3,46.4,46.6,5138.428,2023-02-04 20:00:00
1675555200000,46.5,46.7,45.9,46.1,10176.046,2023-02-05 00:00:00
1675569600000,46.1,46.5,46.1,46.2,9864.143,2023-02-05 04:00:00
1675584000000,46.2,46.6,45.7,45.9,27538.803,2023-02-05 08:00:00
1675598400000,45.8,45.9,43.7,44.3,39122.532,2023-02-05 12:00:00
1675612800000,44.2,44.5,43.6,44.0,27796.552,2023-02-05 16:00:00
1675627200000,43.9,44.4,43.5,44.2,7301.567,2023-02-05 20:00:00
1675641600000,44.3,44.7,43.7,43.8,9880.75,2023-02-06 00:00:00
1675656000000,43.7,44.1,42.6,44.0,19966.062,2023-02-06 04:00:00
1675670400000,44.0,44.1,43.3,43.7,11261.713,2023-02-06 08:00:00
1675684800000,43.7,44.4,43.5,44.3,9888.081,2023-02-06 12:00:00
1675699200000,44.4,44.9,44.1,44.4,23374.327,2023-02-06 16:00:00
1675713600000,44.5,44.5,43.0,43.4,12856.465,2023-02-06 20:00:00
1675728000000,43.3,44.3,43.2,44.0,8635.256,2023-02-07 00:00:00
1675742400000,44.1,44.5,43.9,44.3,8058.134,2023-02-07 04:00:00
1675756800000,44.3,46.3,44.1,45.6,45728.004,2023-02-07 08:00:00
1675771200000,45.5,46.3,45.5,45.6,23540.473,2023-02-07 12:00:00
1675785600000,45.6,46.8,45.2,46.2,27208.571,2023-02-07 16:00:00
1675800000000,46.3,47.1,46.1,46.8,13887.994,2023-02-07 20:00:00
1675814400000,46.7,47.2,46.4,46.5,36322.774,2023-02-08 00:00:00
1675828800000,46.5,46.8,46.0,46.3,9898.864,2023-02-08 04:00:00
1675843200000,46.4,46.8,45.9,46.6,19712.355,2023-02-08 08:00:00
1675857600000,46.6,47.2,45.6,45.7,21465.587,2023-02-08 12:00:00
1675872000000,45.7,45.9,44.5,45.2,23930.37,2023-02-08 16:00:00
1675886400000,45.1,45.6,44.7,45.3,8876.013,2023-02-08 20:00:00
1675900800000,45.3,45.7,42.9,43.5,37174.753,2023-02-09 00:00:00
1675915200000,43.5,44.4,43.0,44.1,23886.195,2023-02-09 04:00:00
1675929600000,44.1,44.8,44.1,44.3,13064.24,2023-02-09 08:00:00
1675944000000,44.3,45.2,43.9,44.5,17366.922,2023-02-09 12:00:00
1675958400000,44.5,45.4,43.2,44.1,69933.117,2023-02-09 16:00:00
1675972800000,44.0,44.7,41.8,42.9,36719.344,2023-02-09 20:00:00
1675987200000,42.8,43.3,42.4,43.0,14785.761,2023-02-10 00:00:00
1676001600000,42.9,43.4,42.3,43.3,23184.98,2023-02-10 04:00:00
1676016000000,43.3,43.7,42.4,42.5,16226.195,2023-02-10 08:00:00
1676030400000,42.5,44.7,42.4,43.8,49947.233,2023-02-10 12:00:00
1676044800000,43.7,44.1,42.8,43.9,18053.355,2023-02-10 16:00:00
1676059200000,43.8,44.0,43.1,43.6,12090.052,2023-02-10 20:00:00
1676073600000,43.5,44.0,43.3,43.8,13275.047,2023-02-11 00:00:00
1676088000000,43.8,44.3,43.7,44.1,10411.241,2023-02-11 04:00:00
1676102400000,44.2,44.5,43.5,43.8,10431.773,2023-02-11 08:00:00
1676116800000,43.8,47.0,43.6,45.6,101520.397,2023-02-11 12:00:00
1676131200000,45.6,45.7,44.7,45.2,21036.325,2023-02-11 16:00:00
1676145600000,45.2,45.9,44.9,45.7,11964.636,2023-02-11 20:00:00
1676160000000,45.7,46.0,44.5,44.6,15549.256,2023-02-12 00:00:00
1676174400000,44.6,45.4,44.4,44.9,14594.143,2023-02-12 04:00:00
1676188800000,44.8,48.3,44.8,48.0,75436.396,2023-02-12 08:00:00
1676203200000,48.1,48.7,46.4,47.0,60999.815,2023-02-12 12:00:00
1676217600000,47.0,47.6,46.7,46.9,19112.993,2023-02-12 16:00:00
1676232000000,46.8,47.2,45.1,46.3,33565.006,2023-02-12 20:00:00
1676246400000,46.3,46.8,45.1,46.0,22633.365,2023-02-13 00:00:00
1676260800000,46.0,46.8,45.5,46.5,19739.163,2023-02-13 04:00:00
1676275200000,46.5,46.6,43.4,43.9,74208.647,2023-02-13 08:00:00
1676289600000,43.8,44.1,43.1,43.2,45190.647,2023-02-13 12:00:00
1676304000000,43.1,43.4,42.2,42.9,34008.389,2023-02-13 16:00:00
1676318400000,42.9,43.7,42.6,43.6,32348.389,2023-02-13 20:00:00
1676332800000,43.5,43.8,42.8,43.0,15808.011,2023-02-14 00:00:00
1676347200000,42.9,43.3,42.6,42.9,23194.208,2023-02-14 04:00:00
1676361600000,42.9,43.0,42.2,42.6,20730.371,2023-02-14 08:00:00
1676376000000,42.6,44.2,41.9,43.7,68668.044,2023-02-14 12:00:00
1676390400000,43.6,43.9,43.3,43.6,18872.465,2023-02-14 16:00:00
1676404800000,43.6,44.1,43.4,43.6,30100.528,2023-02-14 20:00:00
1676419200000,43.7,43.8,43.0,43.5,16516.156,2023-02-15 00:00:00
1676433600000,43.5,43.9,43.2,43.6,19121.197,2023-02-15 04:00:00
1676448000000,43.6,44.3,43.3,44.1,22336.125,2023-02-15 08:00:00
1676462400000,44.1,44.6,43.8,44.0,34627.414,2023-02-15 12:00:00
1676476800000,44.1,45.0,43.9,45.0,27461.265,2023-02-15 16:00:00
1676491200000,45.0,46.5,44.7,46.3,37795.657,2023-02-15 20:00:00
1676505600000,46.2,47.0,45.8,46.4,47663.507,2023-02-16 00:00:00
1676520000000,46.5,47.1,46.1,46.4,29709.392,2023-02-16 04:00:00
1676534400000,46.4,47.0,46.1,46.2,25673.249,2023-02-16 08:00:00
1676548800000,46.2,46.7,45.3,46.7,33671.199,2023-02-16 12:00:00
1676563200000,46.7,47.1,45.8,45.9,34948.622,2023-02-16 16:00:00
1676577600000,46.0,46.0,43.1,43.5,59700.244,2023-02-16 20:00:00
1676592000000,43.5,44.9,43.2,44.7,31542.88,2023-02-17 00:00:00
1676606400000,44.7,45.0,44.2,44.4,19152.519,2023-02-17 04:00:00
1676620800000,44.4,44.9,44.1,44.7,23124.804,2023-02-17 08:00:00
1676635200000,44.7,45.1,44.1,44.6,32594.64,2023-02-17 12:00:00
1676649600000,44.6,45.6,44.0,45.6,34213.459,2023-02-17 16:00:00
1676664000000,45.6,45.9,44.4,45.3,21597.728,2023-02-17 20:00:00
1676678400000,45.3,47.1,45.3,46.6,33082.116,2023-02-18 00:00:00
1676692800000,46.6,47.0,45.8,45.9,21533.205,2023-02-18 04:00:00
1676707200000,45.8,46.1,45.3,45.7,12600.764,2023-02-18 08:00:00
1676721600000,45.6,46.8,45.5,46.4,35981.627,2023-02-18 12:00:00
1676736000000,46.3,46.8,45.6,46.0,23622.328,2023-02-18 16:00:00
1676750400000,46.0,46.2,45.4,46.1,18515.18,2023-02-18 20:00:00
1676764800000,46.0,46.8,45.8,46.0,16659.971,2023-02-19 00:00:00
1676779200000,45.9,46.7,45.8,46.1,15872.566,2023-02-19 04:00:00
1676793600000,46.1,47.7,45.9,47.5,35186.391,2023-02-19 08:00:00
1676808000000,47.5,49.7,47.3,48.2,107665.69,2023-02-19 12:00:00
1676822400000,48.1,48.8,46.2,46.8,51649.748,2023-02-19 16:00:00
1676836800000,46.8,48.7,46.0,47.9,56039.968,2023-02-19 20:00:00
1676851200000,47.8,50.0,46.6,49.6,71892.173,2023-02-20 00:00:00
1676865600000,49.6,51.3,49.1,50.9,95882.912,2023-02-20 04:00:00
1676880000000,50.9,51.1,50.1,50.2,44122.5,2023-02-20 08:00:00
1676894400000,50.3,51.2,49.7,50.7,58004.285,2023-02-20 12:00:00
1676908800000,50.7,50.8,49.5,50.0,34666.544,2023-02-20 16:00:00
1676923200000,50.0,50.3,49.7,50.3,18038.043,2023-02-20 20:00:00
1676937600000,50.2,50.6,49.8,50.0,21484.063,2023-02-21 00:00:00
1676952000000,50.0,50.3,49.1,50.0,37780.789,2023-02-21 04:00:00
1676966400000,49.9,50.2,47.8,48.8,76403.379,2023-02-21 08:00:00
1676980800000,48.7,49.2,47.9,48.6,63273.589,2023-02-21 12:00:00
1676995200000,48.5,49.4,47.8,49.1,35531.337,2023-02-21 16:00:00
1677009600000,49.1,49.5,47.2,49.4,32605.571,2023-02-21 20:00:00
1677024000000,49.5,50.0,47.3,48.5,44041.894,2023-02-22 00:00:00
1677038400000,48.5,48.6,46.6,47.2,33802.922,2023-02-22 04:00:00
1677052800000,47.1,47.2,45.9,46.9,33952.13,2023-02-22 08:00:00
1677067200000,46.9,47.3,45.7,46.2,32224.763,2023-02-22 12:00:00
1677081600000,46.2,47.0,45.9,46.9,27398.56,2023-02-22 16:00:00
1677096000000,46.8,48.0,46.6,48.0,18897.0,2023-02-22 20:00:00
1677110400000,47.9,48.4,47.5,47.9,28121.48,2023-02-23 00:00:00
1677124800000,48.0,48.1,47.5,47.8,22556.631,2023-02-23 04:00:00
1677139200000,47.8,48.1,46.4,46.7,20531.238,2023-02-23 08:00:00
1677153600000,46.6,47.6,46.5,47.1,21961.41,2023-02-23 12:00:00
1677168000000,47.0,47.8,46.8,47.6,19827.699,2023-02-23 16:00:00
1677182400000,47.6,48.0,47.0,48.0,14478.268,2023-02-23 20:00:00
1677196800000,47.9,48.3,47.3,47.6,14744.78,2023-02-24 00:00:00
1677211200000,47.6,48.7,47.4,48.2,19268.452,2023-02-24 04:00:00
1677225600000,48.1,48.4,47.5,47.9,19337.116,2023-02-24 08:00:00
1677240000000,47.9,48.1,46.0,46.0,30626.98,2023-02-24 12:00:00
1677254400000,46.0,46.1,44.5,45.4,38013.83,2023-02-24 16:00:00
1677268800000,45.3,45.7,44.3,45.3,17614.834,2023-02-24 20:00:00
1677283200000,45.2,45.4,44.7,44.9,13658.925,2023-02-25 00:00:00
1677297600000,44.9,45.3,44.7,45.2,8030.271,2023-02-25 04:00:00
1677312000000,45.2,45.4,44.6,44.8,13922.531,2023-02-25 08:00:00
1677326400000,44.8,45.2,44.5,44.9,25329.24,2023-02-25 12:00:00
1677340800000,44.9,45.2,44.0,44.5,19556.918,2023-02-25 16:00:00
1677355200000,44.5,44.7,43.4,44.5,25538.204,2023-02-25 20:00:00
1677369600000,44.5,45.0,44.2,44.8,10534.544,2023-02-26 00:00:00
1677384000000,44.8,44.8,44.3,44.4,5555.683,2023-02-26 04:00:00
1677398400000,44.4,44.7,44.1,44.5,10962.141,2023-02-26 08:00:00
1677412800000,44.6,44.6,44.1,44.5,20281.587,2023-02-26 12:00:00
1677427200000,44.5,45.3,44.1,45.1,17110.815,2023-02-26 16:00:00
1677441600000,45.1,45.4,44.7,45.2,18451.819,2023-02-26 20:00:00
1677456000000,45.2,45.2,44.6,44.7,8181.293,2023-02-27 00:00:00
1677470400000,44.6,44.7,44.1,44.4,10264.718,2023-02-27 04:00:00
1677484800000,44.3,44.5,43.8,44.2,37258.233,2023-02-27 08:00:00
1677499200000,44.1,45.3,44.0,44.7,25275.749,2023-02-27 12:00:00
1677513600000,44.7,44.9,43.3,43.9,29226.423,2023-02-27 16:00:00
1677528000000,43.9,44.3,43.6,44.2,6399.973,2023-02-27 20:00:00
1677542400000,44.2,44.3,43.8,44.2,9781.988,2023-02-28 00:00:00
1677556800000,44.1,44.3,43.5,43.6,14259.798,2023-02-28 04:00:00
1677571200000,43.6,44.2,43.5,44.1,11209.405,2023-02-28 08:00:00
1677585600000,44.1,44.6,43.8,44.3,16619.75,2023-02-28 12:00:00
1677600000000,44.3,44.6,43.8,43.9,8659.355,2023-02-28 16:00:00
1677614400000,43.9,44.0,42.7,43.0,21166.88,2023-02-28 20:00:00
1677628800000,43.1,44.0,42.8,43.8,15346.699,2023-03-01 00:00:00
1677643200000,43.9,44.5,43.8,44.4,8324.725,2023-03-01 04:00:00
1677657600000,44.4,44.8,44.2,44.4,10882.522,2023-03-01 08:00:00
1677672000000,44.4,44.8,44.1,44.8,13229.944,2023-03-01 12:00:00
1677686400000,44.8,44.8,43.4,43.5,31784.848,2023-03-01 16:00:00
1677700800000,43.5,44.4,43.5,44.4,23023.092,2023-03-01 20:00:00
1677715200000,44.3,44.5,43.5,43.7,15492.713,2023-03-02 00:00:00
1677729600000,43.7,43.9,43.2,43.6,8186.107,2023-03-02 04:00:00
1677744000000,43.5,43.9,43.3,43.5,7106.956,2023-03-02 08:00:00
1677758400000,43.6,43.7,43.0,43.4,15169.52,2023-03-02 12:00:00
1677772800000,43.3,43.7,42.9,43.6,11587.421,2023-03-02 16:00:00
1677787200000,43.6,43.7,43.2,43.6,6531.24,2023-03-02 20:00:00
1677801600000,43.7,43.7,36.7,39.1,102325.239,2023-03-03 00:00:00
1677816000000,39.1,39.8,38.9,39.7,27588.996,2023-03-03 04:00:00
1677830400000,39.7,39.9,39.5,39.7,12715.878,2023-03-03 08:00:00
1677844800000,39.7,40.0,39.3,39.5,15164.458,2023-03-03 12:00:00
1677859200000,39.5,39.7,38.9,39.0,18024.017,2023-03-03 16:00:00
1677873600000,38.9,39.7,38.4,39.6,17409.36,2023-03-03 20:00:00
1677888000000,39.6,39.9,39.4,39.6,11587.959,2023-03-04 00:00:00
1677902400000,39.7,40.0,39.0,39.0,21753.822,2023-03-04 04:00:00
1677916800000,39.1,39.4,38.8,39.1,15890.762,2023-03-04 08:00:00
1677931200000,39.0,39.3,38.6,38.7,11322.912,2023-03-04 12:00:00
1677945600000,38.7,39.0,38.2,38.5,16168.155,2023-03-04 16:00:00
1677960000000,38.4,38.6,37.3,38.6,13704.598,2023-03-04 20:00:00
1677974400000,38.5,39.3,38.3,39.1,14487.888,2023-03-05 00:00:00
1677988800000,39.1,39.3,38.6,38.7,6255.949,2023-03-05 04:00:00
1678003200000,38.6,38.9,38.5,38.6,12724.042,2023-03-05 08:00:00
1678017600000,38.6,38.9,38.5,38.6,11683.157,2023-03-05 12:00:00
1678032000000,38.6,38.8,38.4,38.5,6226.024,2023-03-05 16:00:00
1678046400000,38.5,38.8,37.8,38.1,11603.258,2023-03-05 20:00:00
1678060800000,38.1,38.4,37.3,37.8,17358.128,2023-03-06 00:00:00
1678075200000,37.9,38.2,37.5,38.2,21567.237,2023-03-06 04:00:00
1678089600000,38.1,38.6,37.9,38.2,18223.86,2023-03-06 08:00:00
1678104000000,38.2,38.8,37.9,38.7,33334.184,2023-03-06 12:00:00
1678118400000,38.7,38.8,38.0,38.3,8985.208,2023-03-06 16:00:00
1678132800000,38.3,38.6,38.0,38.5,7150.266,2023-03-06 20:00:00
1678147200000,38.5,38.9,38.2,38.7,7120.141,2023-03-07 00:00:00
1678161600000,38.6,38.6,38.1,38.1,10349.216,2023-03-07 04:00:00
1678176000000,38.2,38.2,37.5,37.5,15869.554,2023-03-07 08:00:00
1678190400000,37.5,37.9,36.5,37.3,44344.607,2023-03-07 12:00:00
1678204800000,37.4,37.6,36.9,36.9,11260.98,2023-03-07 16:00:00
1678219200000,37.0,37.8,36.7,37.7,31424.84,2023-03-07 20:00:00
1678233600000,37.7,37.9,37.3,37.4,10020.346,2023-03-08 00:00:00
1678248000000,37.4,37.4,36.5,36.6,15137.951,2023-03-08 04:00:00
1678262400000,36.5,37.4,36.4,37.1,18079.618,2023-03-08 08:00:00
1678276800000,37.1,37.2,35.7,36.8,24333.497,2023-03-08 12:00:00
1678291200000,36.9,37.0,36.0,36.2,10910.316,2023-03-08 16:00:00
1678305600000,36.2,36.7,35.0,35.6,21088.387,2023-03-08 20:00:00
1678320000000,35.7,36.5,35.5,36.4,16800.262,2023-03-09 00:00:00
1678334400000,36.4,36.6,36.0,36.1,13109.6,2023-03-09 04:00:00
1678348800000,36.1,36.6,35.8,36.5,13783.625,2023-03-09 08:00:00
1678363200000,36.5,37.1,36.3,36.6,16197.724,2023-03-09 12:00:00
1678377600000,36.6,36.7,35.2,35.3,19940.942,2023-03-09 16:00:00
1678392000000,35.3,35.3,33.0,34.2,56932.015,2023-03-09 20:00:00
1678406400000,34.1,34.3,33.2,33.8,37870.294,2023-03-10 00:00:00
1678420800000,33.7,33.9,32.4,32.5,73447.456,2023-03-10 04:00:00
1678435200000,32.4,32.5,30.5,31.4,103226.028,2023-03-10 08:00:00
1678449600000,31.4,32.5,31.2,32.0,47157.284,2023-03-10 12:00:00
1678464000000,31.9,32.5,31.3,31.8,22203.78,2023-03-10 16:00:00
1678478400000,31.8,32.2,31.3,32.1,20427.382,2023-03-10 20:00:00
1678492800000,32.0,32.9,31.9,32.0,22402.532,2023-03-11 00:00:00
1678507200000,31.9,32.0,29.7,30.1,49749.259,2023-03-11 04:00:00
1678521600000,30.1,30.8,29.8,30.5,27555.781,2023-03-11 08:00:00
1678536000000,30.5,30.9,30.3,30.5,14587.902,2023-03-11 12:00:00
1678550400000,30.5,31.2,30.3,31.0,17719.856,2023-03-11 16:00:00
1678564800000,31.0,31.5,30.9,31.4,15115.005,2023-03-11 20:00:00
1678579200000,31.4,31.5,30.8,31.1,15818.205,2023-03-12 00:00:00
1678593600000,31.1,31.6,30.8,31.3,27680.76,2023-03-12 04:00:00
1678608000000,31.3,31.5,31.1,31.3,12206.093,2023-03-12 08:00:00
1678622400000,31.3,31.5,30.4,30.8,29299.088,2023-03-12 12:00:00
1678636800000,30.7,32.7,30.6,32.2,48657.729,2023-03-12 16:00:00
1678651200000,32.1,34.4,32.0,34.2,44681.031,2023-03-12 20:00:00
1678665600000,34.2,35.0,33.8,33.9,29972.26,2023-03-13 00:00:00
1678680000000,33.9,34.2,33.8,34.0,15936.154,2023-03-13 04:00:00
1678694400000,34.0,34.1,32.5,33.2,29823.429,2023-03-13 08:00:00
1678708800000,33.2,35.4,32.8,34.9,64200.708,2023-03-13 12:00:00
1678723200000,34.8,35.6,34.4,35.3,34474.611,2023-03-13 16:00:00
1678737600000,35.3,35.7,34.9,35.3,20662.753,2023-03-13 20:00:00
1678752000000,35.3,35.5,34.9,35.2,20730.5,2023-03-14 00:00:00
1678766400000,35.1,35.5,34.7,34.9,24507.051,2023-03-14 04:00:00
1678780800000,34.8,35.0,34.3,34.9,20210.269,2023-03-14 08:00:00
1678795200000,34.8,37.7,34.5,37.6,78401.776,2023-03-14 12:00:00
1678809600000,37.5,37.8,35.6,36.4,58781.871,2023-03-14 16:00:00
1678824000000,36.4,36.6,35.0,36.1,33604.656,2023-03-14 20:00:00
1678838400000,36.1,36.8,35.8,36.4,22451.948,2023-03-15 00:00:00
1678852800000,36.4,36.9,36.0,36.8,22871.302,2023-03-15 04:00:00
1678867200000,36.9,37.1,35.0,35.9,45670.685,2023-03-15 08:00:00
1678881600000,35.8,36.4,33.6,34.0,51263.156,2023-03-15 12:00:00
1678896000000,33.9,34.0,32.5,33.2,55564.935,2023-03-15 16:00:00
1678910400000,33.1,33.6,33.0,33.3,23841.534,2023-03-15 20:00:00
1678924800000,33.2,33.7,32.7,33.3,24043.173,2023-03-16 00:00:00
1678939200000,33.4,33.8,32.9,33.6,27971.313,2023-03-16 04:00:00
1678953600000,33.6,34.0,33.0,33.9,31082.689,2023-03-16 08:00:00
1678968000000,33.8,33.9,32.8,33.8,33012.607,2023-03-16 12:00:00
1678982400000,33.8,34.3,33.6,34.2,29347.964,2023-03-16 16:00:00
1678996800000,34.1,34.2,33.3,33.9,23513.264,2023-03-16 20:00:00
1679011200000,33.9,35.0,33.4,34.8,35984.456,2023-03-17 00:00:00
1679025600000,34.8,35.1,34.3,34.7,32384.188,2023-03-17 04:00:00
1679040000000,34.7,36.3,34.6,36.1,31198.561,2023-03-17 08:00:00
1679054400000,36.0,36.1,34.4,35.6,35958.254,2023-03-17 12:00:00
1679068800000,35.7,36.1,35.2,35.6,40718.484,2023-03-17 16:00:00
1679083200000,35.6,37.1,35.3,37.1,35427.259,2023-03-17 20:00:00
1679097600000,37.1,37.8,36.5,37.7,39662.423,2023-03-18 00:00:00
1679112000000,37.7,38.0,37.2,37.6,29566.505,2023-03-18 04:00:00
1679126400000,37.6,37.8,36.9,37.8,30266.97,2023-03-18 08:00:00
1679140800000,37.8,37.9,35.8,36.2,41817.583,2023-03-18 12:00:00
1679155200000,36.1,37.2,35.2,36.7,30423.206,2023-03-18 16:00:00
1679169600000,36.6,37.0,35.7,35.9,18561.106,2023-03-18 20:00:00
1679184000000,35.9,36.8,35.9,36.7,10547.348,2023-03-19 00:00:00
1679198400000,36.6,36.7,35.7,36.0,26944.997,2023-03-19 04:00:00
1679212800000,35.9,36.6,35.6,36.5,15680.472,2023-03-19 08:00:00
1679227200000,36.4,36.8,35.9,36.5,30061.669,2023-03-19 12:00:00
1679241600000,36.5,37.6,36.4,37.1,22766.057,2023-03-19 16:00:00
1679256000000,37.1,37.2,36.3,36.6,17556.069,2023-03-19 20:00:00
1679270400000,36.6,37.8,35.9,36.2,39802.659,2023-03-20 00:00:00
1679284800000,36.1,36.7,35.4,36.6,48591.111,2023-03-20 04:00:00
1679299200000,36.6,36.8,35.8,36.0,21996.769,2023-03-20 08:00:00
1679313600000,35.9,36.2,35.5,35.7,17304.981,2023-03-20 12:00:00
1679328000000,35.6,35.9,34.0,34.5,40208.61,2023-03-20 16:00:00
1679342400000,34.4,34.9,34.2,34.3,17273.923,2023-03-20 20:00:00
1679356800000,34.2,34.8,34.2,34.7,17843.245,2023-03-21 00:00:00
1679371200000,34.7,34.8,31.9,33.4,68074.362,2023-03-21 04:00:00
1679385600000,33.3,34.8,33.2,34.7,28961.502,2023-03-21 08:00:00
1679400000000,34.6,36.0,34.5,35.6,37167.028,2023-03-21 12:00:00
1679414400000,35.6,36.1,35.2,35.7,18411.688,2023-03-21 16:00:00
1679428800000,35.8,37.1,35.7,36.4,38485.326,2023-03-21 20:00:00
1679443200000,36.3,36.5,35.8,36.3,13047.542,2023-03-22 00:00:00
1679457600000,36.2,36.5,35.7,36.0,15237.682,2023-03-22 04:00:00
1679472000000,36.0,36.2,35.4,35.5,22885.521,2023-03-22 08:00:00
1679486400000,35.5,36.4,35.4,35.7,20736.536,2023-03-22 12:00:00
1679500800000,35.6,36.1,33.5,33.7,68192.023,2023-03-22 16:00:00
1679515200000,33.7,34.7,33.5,34.7,29613.835,2023-03-22 20:00:00
1679529600000,34.6,35.0,34.2,34.5,11223.636,2023-03-23 00:00:00
1679544000000,34.4,35.1,34.3,35.1,8397.223,2023-03-23 04:00:00
1679558400000,35.0,36.0,34.8,35.9,25228.299,2023-03-23 08:00:00
1679572800000,35.9,37.5,35.3,37.1,40214.893,2023-03-23 12:00:00
1679587200000,37.1,38.3,37.0,37.5,51894.595,2023-03-23 16:00:00
1679601600000,37.6,38.2,37.3,38.1,21865.502,2023-03-23 20:00:00
1679616000000,38.0,38.6,37.2,37.4,42901.523,2023-03-24 00:00:00
1679630400000,37.4,37.6,37.0,37.4,35964.213,2023-03-24 04:00:00
1679644800000,37.3,37.5,36.2,36.6,27003.738,2023-03-24 08:00:00
1679659200000,36.5,37.1,36.0,36.3,17116.046,2023-03-24 12:00:00
1679673600000,36.2,36.4,35.0,36.2,23509.928,2023-03-24 16:00:00
1679688000000,36.2,36.3,35.2,35.9,10669.364,2023-03-24 20:00:00
1679702400000,35.9,36.1,35.5,35.9,12622.434,2023-03-25 00:00:00
1679716800000,35.9,36.1,35.5,35.6,18009.708,2023-03-25 04:00:00
1679731200000,35.5,35.9,35.0,35.8,13564.381,2023-03-25 08:00:00
1679745600000,35.8,36.0,35.4,35.9,13322.487,2023-03-25 12:00:00
1679760000000,35.9,36.0,34.7,34.7,17168.216,2023-03-25 16:00:00
1679774400000,34.7,35.6,34.7,35.5,10260.75,2023-03-25 20:00:00
1679788800000,35.5,35.8,35.2,35.6,8414.818,2023-03-26 00:00:00
1679803200000,35.6,36.0,35.5,35.8,9463.907,2023-03-26 04:00:00
1679817600000,35.7,36.8,35.6,36.6,11779.254,2023-03-26 08:00:00
1679832000000,36.6,36.9,36.0,36.2,17988.967,2023-03-26 12:00:00
1679846400000,36.2,36.4,35.9,36.0,13432.836,2023-03-26 16:00:00
1679860800000,36.0,36.4,35.8,36.3,11116.249,2023-03-26 20:00:00
1679875200000,36.2,36.6,35.8,36.0,6513.101,2023-03-27 00:00:00
1679889600000,36.1,36.1,35.3,35.6,11242.486,2023-03-27 04:00:00
1679904000000,35.7,36.1,35.4,35.9,11836.33,2023-03-27 08:00:00
1679918400000,36.0,37.4,34.5,35.7,121331.937,2023-03-27 12:00:00
1679932800000,35.7,36.0,35.0,35.5,23616.916,2023-03-27 16:00:00
1679947200000,35.5,36.1,35.3,35.9,9144.541,2023-03-27 20:00:00
1679961600000,35.9,36.6,35.5,35.9,18284.174,2023-03-28 00:00:00
1679976000000,35.8,37.2,35.8,36.4,29012.689,2023-03-28 04:00:00
1679990400000,36.4,36.5,35.6,36.2,18080.565,2023-03-28 08:00:00
1680004800000,36.2,36.3,35.5,35.6,25993.61,2023-03-28 12:00:00
1680019200000,35.6,36.7,35.4,36.6,17414.317,2023-03-28 16:00:00
1680033600000,36.6,36.7,36.2,36.3,14878.614,2023-03-28 20:00:00
1680048000000,36.4,37.1,36.2,36.7,21569.051,2023-03-29 00:00:00
1680062400000,36.7,37.7,36.7,37.1,30154.709,2023-03-29 04:00:00
1680076800000,37.1,38.0,37.0,37.8,25599.808,2023-03-29 08:00:00
1680091200000,37.9,38.1,37.0,37.4,26099.287,2023-03-29 12:00:00
1680105600000,37.4,37.6,37.1,37.3,11806.143,2023-03-29 16:00:00
1680120000000,37.3,37.4,36.8,37.2,9554.251,2023-03-29 20:00:00
1680134400000,37.2,37.9,36.1,36.8,28788.541,2023-03-30 00:00:00
1680148800000,36.8,37.7,36.7,37.5,27039.023,2023-03-30 04:00:00
1680163200000,37.5,37.9,37.0,37.6,25856.075,2023-03-30 08:00:00
1680177600000,37.6,37.8,36.8,37.0,16578.347,2023-03-30 12:00:00
1680192000000,37.0,37.0,36.2,36.8,14277.496,2023-03-30 16:00:00
1680206400000,36.7,38.0,36.7,37.8,29202.697,2023-03-30 20:00:00
1680220800000,37.8,38.3,37.4,38.0,17119.855,2023-03-31 00:00:00
1680235200000,37.9,38.5,37.4,37.8,15937.021,2023-03-31 04:00:00
1680249600000,37.8,38.2,37.5,37.7,18927.701,2023-03-31 08:00:00
1680264000000,37.8,38.9,37.6,38.4,31258.64,2023-03-31 12:00:00
1680278400000,38.4,39.3,38.1,39.1,42526.291,2023-03-31 16:00:00
1680292800000,39.0,39.3,38.4,38.7,21795.816,2023-03-31 20:00:00
1680307200000,38.8,38.9,38.3,38.7,10238.352,2023-04-01 00:00:00
1680321600000,38.6,38.7,37.8,37.9,30630.777,2023-04-01 04:00:00
1680336000000,38.0,38.3,37.8,37.9,11287.453,2023-04-01 08:00:00
1680350400000,37.9,38.1,37.5,37.6,18074.304,2023-04-01 12:00:00
1680364800000,37.6,37.8,37.3,37.8,21068.24,2023-04-01 16:00:00
1680379200000,37.7,38.4,37.7,38.3,13386.836,2023-04-01 20:00:00
1680393600000,38.2,38.3,37.6,37.9,9877.668,2023-04-02 00:00:00
1680408000000,37.9,38.0,37.6,37.9,5662.457,2023-04-02 04:00:00
1680422400000,37.9,38.0,37.5,37.5,8028.546,2023-04-02 08:00:00
1680436800000,37.6,37.6,36.3,36.9,32011.312,2023-04-02 12:00:00
1680451200000,36.8,37.2,36.1,36.3,8422.727,2023-04-02 16:00:00
1680465600000,36.2,36.8,35.9,36.6,9872.737,2023-04-02 20:00:00
1680480000000,36.5,36.8,35.5,36.4,22659.776,2023-04-03 00:00:00
1680494400000,36.4,36.5,36.1,36.5,22027.033,2023-04-03 04:00:00
1680508800000,36.5,37.0,36.5,36.8,24637.075,2023-04-03 08:00:00
1680523200000,36.8,37.2,36.2,36.6,12699.697,2023-04-03 12:00:00
1680537600000,36.5,37.2,36.2,36.7,13643.981,2023-04-03 16:00:00
1680552000000,36.8,36.9,35.0,36.4,30251.67,2023-04-03 20:00:00
1680566400000,36.4,36.7,36.1,36.6,9448.497,2023-04-04 00:00:00
1680580800000,36.5,36.9,36.3,36.7,7364.161,2023-04-04 04:00:00
1680595200000,36.7,37.5,36.6,37.2,21460.28,2023-04-04 08:00:00
1680609600000,37.3,37.4,36.6,37.0,12274.703,2023-04-04 12:00:00
1680624000000,37.0,37.7,36.8,37.6,10370.183,2023-04-04 16:00:00
1680638400000,37.6,38.0,37.5,37.8,11157.277,2023-04-04 20:00:00
1680652800000,37.7,38.6,37.6,38.1,25507.357,2023-04-05 00:00:00
1680667200000,38.2,38.3,37.7,37.9,13860.097,2023-04-05 04:00:00
1680681600000,38.0,38.4,37.8,38.3,8205.935,2023-04-05 08:00:00
1680696000000,38.3,38.7,37.6,38.0,28191.695,2023-04-05 12:00:00
1680710400000,38.1,38.1,37.4,37.9,7622.401,2023-04-05 16:00:00
1680724800000,37.9,38.2,37.7,38.0,3851.709,2023-04-05 20:00:00
1680739200000,38.0,38.1,37.2,37.7,11331.127,2023-04-06 00:00:00
1680753600000,37.7,38.1,37.3,37.3,12574.094,2023-04-06 04:00:00
1680768000000,37.4,38.0,37.0,37.5,16217.439,2023-04-06 08:00:00
1680782400000,37.5,38.1,37.1,37.9,23382.443,2023-04-06 12:00:00
1680796800000,38.0,38.2,37.5,37.6,6410.994,2023-04-06 16:00:00
1680811200000,37.5,37.8,37.1,37.8,8544.316,2023-04-06 20:00:00
1680825600000,37.7,38.2,37.4,37.5,15552.587,2023-04-07 00:00:00
1680840000000,37.6,37.8,36.7,36.8,16008.635,2023-04-07 04:00:00
1680854400000,36.8,37.3,36.6,36.7,10580.826,2023-04-07 08:00:00
1680868800000,36.7,37.7,36.6,37.6,13450.328,2023-04-07 12:00:00
1680883200000,37.7,39.0,37.3,37.7,19998.635,2023-04-07 16:00:00
1680897600000,37.7,37.9,37.3,37.7,3843.642,2023-04-07 20:00:00
1680912000000,37.8,38.0,37.4,37.9,4359.259,2023-04-08 00:00:00
1680926400000,37.8,38.3,37.7,38.0,6493.768,2023-04-08 04:00:00
1680940800000,38.0,38.2,37.7,37.8,7409.056,2023-04-08 08:00:00
1680955200000,37.8,38.7,37.8,38.5,16604.503,2023-04-08 12:00:00
1680969600000,38.5,38.8,38.2,38.4,20533.804,2023-04-08 16:00:00
1680984000000,38.4,38.6,38.1,38.4,8488.225,2023-04-08 20:00:00
1680998400000,38.4,38.7,38.2,38.3,18010.753,2023-04-09 00:00:00
1681012800000,38.3,38.3,37.5,37.9,12018.708,2023-04-09 04:00:00
1681027200000,37.9,38.5,37.7,38.4,12192.608,2023-04-09 08:00:00
1681041600000,38.4,39.0,37.8,38.3,18221.019,2023-04-09 12:00:00
1681056000000,38.3,39.3,38.2,39.1,54866.312,2023-04-09 16:00:00
1681070400000,39.1,40.1,39.0,39.8,35907.859,2023-04-09 20:00:00
1681084800000,39.7,40.0,39.1,39.2,13060.958,2023-04-10 00:00:00
1681099200000,39.2,39.3,38.5,38.7,21924.305,2023-04-10 04:00:00
1681113600000,38.6,38.8,38.5,38.5,9925.942,2023-04-10 08:00:00
1681128000000,38.5,38.8,38.2,38.6,32157.728,2023-04-10 12:00:00
1681142400000,38.5,39.5,38.3,38.9,31138.389,2023-04-10 16:00:00
1681156800000,39.0,39.7,38.8,39.6,11802.564,2023-04-10 20:00:00
1681171200000,39.6,39.7,39.2,39.4,10504.51,2023-04-11 00:00:00
1681185600000,39.4,41.2,39.2,39.6,19828.521,2023-04-11 04:00:00
1681200000000,39.7,39.7,39.0,39.2,25171.168,2023-04-11 08:00:00
1681214400000,39.2,40.4,39.1,40.3,47706.642,2023-04-11 12:00:00
1681228800000,40.2,40.3,39.6,39.8,13123.006,2023-04-11 16:00:00
1681243200000,39.7,40.0,39.5,39.7,9661.319,2023-04-11 20:00:00
1681257600000,39.8,39.9,38.1,38.4,19820.289,2023-04-12 00:00:00
1681272000000,38.4,38.9,38.3,38.8,18886.28,2023-04-12 04:00:00
1681286400000,38.8,39.0,38.5,38.8,28051.192,2023-04-12 08:00:00
1681300800000,38.7,39.5,38.6,39.1,18107.606,2023-04-12 12:00:00
1681315200000,39.2,39.8,38.9,39.1,22951.338,2023-04-12 16:00:00
1681329600000,39.1,39.9,39.1,39.7,14381.603,2023-04-12 20:00:00
1681344000000,39.7,40.2,39.5,40.1,13492.489,2023-04-13 00:00:00
1681358400000,40.1,41.2,39.9,40.9,52485.325,2023-04-13 04:00:00
1681372800000,40.9,41.8,40.8,41.0,53485.669,2023-04-13 08:00:00
1681387200000,41.0,41.8,41.0,41.5,35208.781,2023-04-13 12:00:00
1681401600000,41.5,42.2,41.4,41.5,27455.085,2023-04-13 16:00:00
1681416000000,41.5,41.6,41.1,41.2,7192.727,2023-04-13 20:00:00
1681430400000,41.2,42.8,41.2,42.5,33253.31,2023-04-14 00:00:00
1681444800000,42.4,42.8,42.2,42.3,19729.638,2023-04-14 04:00:00
1681459200000,42.3,42.5,41.7,41.9,34429.408,2023-04-14 08:00:00
1681473600000,41.9,42.0,40.8,40.8,27947.617,2023-04-14 12:00:00
1681488000000,40.8,42.7,40.6,41.5,35151.55,2023-04-14 16:00:00
1681502400000,41.5,42.4,41.4,42.2,20592.231,2023-04-14 20:00:00
1681516800000,42.1,42.5,41.1,42.4,41430.913,2023-04-15 00:00:00
1681531200000,42.4,42.7,41.9,42.5,19130.65,2023-04-15 04:00:00
1681545600000,42.6,43.0,42.2,42.5,18623.474,2023-04-15 08:00:00
1681560000000,42.6,42.9,41.9,42.7,19930.482,2023-04-15 12:00:00
1681574400000,42.7,42.9,42.2,42.4,17378.759,2023-04-15 16:00:00
1681588800000,42.5,43.3,42.4,42.9,16616.054,2023-04-15 20:00:00
1681603200000,42.8,42.9,42.1,42.2,15750.978,2023-04-16 00:00:00
1681617600000,42.2,42.9,42.2,42.5,12187.568,2023-04-16 04:00:00
1681632000000,42.5,42.7,42.1,42.3,12314.681,2023-04-16 08:00:00
1681646400000,42.3,42.9,41.9,42.7,13645.046,2023-04-16 12:00:00
1681660800000,42.8,43.3,42.5,42.7,15872.976,2023-04-16 16:00:00
1681675200000,42.7,43.1,42.3,42.7,10261.081,2023-04-16 20:00:00
1681689600000,42.6,42.7,41.3,42.1,15164.289,2023-04-17 00:00:00
1681704000000,42.0,42.1,41.3,41.5,10531.986,2023-04-17 04:00:00
1681718400000,41.4,41.9,41.3,41.6,12059.024,2023-04-17 08:00:00
1681732800000,41.6,41.9,41.3,41.5,21582.495,2023-04-17 12:00:00
1681747200000,41.5,42.0,41.4,41.9,7869.862,2023-04-17 16:00:00
1681761600000,41.9,42.0,41.3,41.6,7067.363,2023-04-17 20:00:00
1681776000000,41.6,42.0,41.0,42.0,9248.529,2023-04-18 00:00:00
1681790400000,42.0,42.5,41.9,42.4,10038.756,2023-04-18 04:00:00
1681804800000,42.4,43.0,42.2,42.9,22748.825,2023-04-18 08:00:00
1681819200000,42.9,43.2,42.2,42.3,19132.208,2023-04-18 12:00:00
1681833600000,42.3,42.6,42.1,42.3,9067.113,2023-04-18 16:00:00
1681848000000,42.2,42.6,42.1,42.6,3818.966,2023-04-18 20:00:00
1681862400000,42.6,42.7,41.8,41.9,6486.03,2023-04-19 00:00:00
1681876800000,41.9,42.1,41.3,41.5,13783.029,2023-04-19 04:00:00
1681891200000,41.4,41.5,38.2,38.8,70894.42,2023-04-19 08:00:00
1681905600000,38.7,39.6,38.6,39.0,39345.885,2023-04-19 12:00:00
1681920000000,39.0,39.1,38.3,38.7,16482.956,2023-04-19 16:00:00
1681934400000,38.6,38.9,37.2,38.2,21292.5,2023-04-19 20:00:00
1681948800000,38.2,38.7,37.9,38.5,10403.228,2023-04-20 00:00:00
1681963200000,38.5,38.7,38.1,38.2,15890.853,2023-04-20 04:00:00
1681977600000,38.2,38.8,38.1,38.3,18186.409,2023-04-20 08:00:00
1681992000000,38.3,38.9,37.5,37.6,27349.209,2023-04-20 12:00:00
1682006400000,37.6,37.9,36.8,37.5,25729.38,2023-04-20 16:00:00
1682020800000,37.5,37.9,37.3,37.8,6206.611,2023-04-20 20:00:00
1682035200000,37.7,38.2,37.6,38.2,8037.792,2023-04-21 00:00:00
1682049600000,38.2,38.3,37.4,38.3,17594.906,2023-04-21 04:00:00
1682064000000,38.3,38.5,37.8,37.8,9490.082,2023-04-21 08:00:00
1682078400000,37.8,38.2,37.5,37.8,8927.149,2023-04-21 12:00:00
1682092800000,37.7,38.0,35.6,36.3,27027.895,2023-04-21 16:00:00
1682107200000,36.2,36.6,35.9,36.6,10498.081,2023-04-21 20:00:00
1682121600000,36.6,36.7,36.2,36.6,7258.781,2023-04-22 00:00:00
1682136000000,36.6,36.7,36.3,36.4,3444.562,2023-04-22 04:00:00
1682150400000,36.4,36.9,36.3,36.8,5917.14,2023-04-22 08:00:00
1682164800000,36.9,37.1,36.5,36.9,9199.725,2023-04-22 12:00:00
1682179200000,36.9,37.7,36.8,37.6,10147.702,2023-04-22 16:00:00
1682193600000,37.5,37.8,37.3,37.7,6862.814,2023-04-22 20:00:00
1682208000000,37.8,37.8,37.1,37.4,6497.384,2023-04-23 00:00:00
1682222400000,37.4,37.8,37.4,37.8,4280.685,2023-04-23 04:00:00
1682236800000,37.8,37.9,37.1,37.3,10752.661,2023-04-23 08:00:00
1682251200000,37.3,37.5,36.6,36.8,6435.067,2023-04-23 12:00:00
1682265600000,36.8,37.2,35.5,36.4,11304.861,2023-04-23 16:00:00
1682280000000,36.3,37.1,36.2,37.1,4890.439,2023-04-23 20:00:00
1682294400000,37.1,37.7,36.6,37.0,8869.496,2023-04-24 00:00:00
1682308800000,37.1,37.2,36.7,37.0,7964.848,2023-04-24 04:00:00
1682323200000,37.0,37.3,36.8,37.2,15836.268,2023-04-24 08:00:00
1682337600000,37.3,37.4,36.6,36.7,7356.416,2023-04-24 12:00:00
1682352000000,36.7,37.1,35.9,36.9,14692.571,2023-04-24 16:00:00
1682366400000,37.0,37.1,36.7,36.9,5461.221,2023-04-24 20:00:00
1682380800000,36.9,36.9,36.4,36.4,11232.315,2023-04-25 00:00:00
1682395200000,36.5,36.8,36.1,36.2,7067.84,2023-04-25 04:00:00
1682409600000,36.1,36.6,36.0,36.4,9948.073,2023-04-25 08:00:00
1682424000000,36.5,36.9,35.6,35.8,21862.999,2023-04-25 12:00:00
1682438400000,35.8,36.4,35.7,36.1,18628.927,2023-04-25 16:00:00
1682452800000,36.2,37.5,36.1,37.3,17024.348,2023-04-25 20:00:00
1682467200000,37.4,37.6,36.8,36.9,13089.217,2023-04-26 00:00:00
1682481600000,36.9,37.1,36.5,36.6,23913.748,2023-04-26 04:00:00
1682496000000,36.6,38.1,36.5,37.9,20731.552,2023-04-26 08:00:00
1682510400000,37.9,39.3,37.9,38.5,52832.388,2023-04-26 12:00:00
1682524800000,38.6,38.6,35.2,35.9,31265.282,2023-04-26 16:00:00
1682539200000,35.8,36.7,34.7,36.5,32683.044,2023-04-26 20:00:00
1682553600000,36.5,37.5,36.3,36.9,18636.126,2023-04-27 00:00:00
1682568000000,36.9,37.4,36.4,36.8,11144.748,2023-04-27 04:00:00
1682582400000,36.8,36.9,36.5,36.6,15817.981,2023-04-27 08:00:00
1682596800000,36.6,38.3,36.2,37.9,63010.969,2023-04-27 12:00:00
1682611200000,38.0,38.7,38.0,38.4,19600.421,2023-04-27 16:00:00
1682625600000,38.5,38.6,37.7,38.1,13691.636,2023-04-27 20:00:00
1682640000000,38.1,38.3,37.7,37.8,22720.815,2023-04-28 00:00:00
1682654400000,37.9,38.2,37.8,38.2,8754.199,2023-04-28 04:00:00
1682668800000,38.1,38.2,37.8,37.8,6731.439,2023-04-28 08:00:00
1682683200000,37.7,38.0,37.2,37.6,8925.185,2023-04-28 12:00:00
1682697600000,37.7,38.1,37.6,37.8,6573.774,2023-04-28 16:00:00
1682712000000,37.8,37.9,37.5,37.8,4404.789,2023-04-28 20:00:00
1682726400000,37.8,38.0,37.5,38.0,4742.8,2023-04-29 00:00:00
1682740800000,37.9,38.1,37.7,37.8,10694.889,2023-04-29 04:00:00
1682755200000,37.8,38.1,37.7,38.0,5972.753,2023-04-29 08:00:00
1682769600000,37.9,38.4,37.8,38.0,14532.828,2023-04-29 12:00:00
1682784000000,38.0,38.6,37.8,38.5,5796.815,2023-04-29 16:00:00
1682798400000,38.5,38.7,38.3,38.6,5472.348,2023-04-29 20:00:00
1682812800000,38.6,38.6,38.0,38.2,6648.699,2023-04-30 00:00:00
1682827200000,38.2,38.4,38.1,38.1,1402.182,2023-04-30 04:00:00
1682841600000,38.2,38.3,37.9,38.3,4540.085,2023-04-30 08:00:00
1682856000000,38.3,38.6,38.0,38.2,5391.035,2023-04-30 12:00:00
1682870400000,38.3,38.5,37.6,37.6,10358.783,2023-04-30 16:00:00
1682884800000,37.7,37.9,37.3,37.6,9920.97,2023-04-30 20:00:00
1682899200000,37.6,38.0,36.7,37.3,13466.19,2023-05-01 00:00:00
1682913600000,37.3,37.4,36.9,37.0,16074.274,2023-05-01 04:00:00
1682928000000,37.0,37.1,36.5,36.8,35611.521,2023-05-01 08:00:00
1682942400000,36.9,37.0,36.4,36.7,19664.514,2023-05-01 12:00:00
1682956800000,36.7,36.9,36.0,36.3,10194.136,2023-05-01 16:00:00
1682971200000,36.2,36.6,36.1,36.4,6289.947,2023-05-01 20:00:00
1682985600000,36.4,36.5,36.1,36.5,3770.429,2023-05-02 00:00:00
1683000000000,36.5,36.7,36.3,36.5,6715.868,2023-05-02 04:00:00
1683014400000,36.5,36.7,36.3,36.7,9313.335,2023-05-02 08:00:00
1683028800000,36.7,37.1,36.3,36.8,23951.96,2023-05-02 12:00:00
1683043200000,36.8,37.1,36.7,36.8,12451.907,2023-05-02 16:00:00
1683057600000,36.8,37.0,36.7,36.7,7787.295,2023-05-02 20:00:00
1683072000000,36.7,36.8,36.3,36.7,11310.268,2023-05-03 00:00:00
1683086400000,36.6,36.7,36.4,36.6,6676.844,2023-05-03 04:00:00
1683100800000,36.6,36.8,36.4,36.5,8978.85,2023-05-03 08:00:00
1683115200000,36.5,36.7,36.1,36.4,22136.019,2023-05-03 12:00:00
1683129600000,36.4,37.0,36.1,36.5,44233.847,2023-05-03 16:00:00
1683144000000,36.5,37.2,36.4,37.0,15737.516,2023-05-03 20:00:00
1683158400000,37.1,37.2,36.8,37.0,8662.233,2023-05-04 00:00:00
1683172800000,37.0,37.0,36.7,36.7,3429.213,2023-05-04 04:00:00
1683187200000,36.7,37.0,36.6,36.9,5936.326,2023-05-04 08:00:00
1683201600000,36.9,37.0,36.4,36.6,16970.946,2023-05-04 12:00:00
1683216000000,36.6,36.8,36.1,36.2,7575.284,2023-05-04 16:00:00
1683230400000,36.2,36.6,36.1,36.3,21273.252,2023-05-04 20:00:00
1683244800000,36.4,37.0,36.4,36.7,6402.994,2023-05-05 00:00:00
1683259200000,36.7,36.9,36.5,36.9,3792.553,2023-05-05 04:00:00
1683273600000,36.8,37.1,36.6,36.7,17122.733,2023-05-05 08:00:00
1683288000000,36.7,37.2,36.2,37.1,20731.655,2023-05-05 12:00:00
1683302400000,37.1,37.7,36.7,37.0,21350.976,2023-05-05 16:00:00
1683316800000,37.1,37.4,36.9,37.1,11931.268,2023-05-05 20:00:00
1683331200000,37.1,37.4,36.5,36.7,17521.788,2023-05-06 00:00:00
1683345600000,36.6,36.8,36.3,36.5,17932.844,2023-05-06 04:00:00
1683360000000,36.4,36.5,36.1,36.3,15025.971,2023-05-06 08:00:00
1683374400000,36.4,36.5,35.2,35.5,23691.623,2023-05-06 12:00:00
1683388800000,35.5,36.3,35.5,36.1,8552.016,2023-05-06 16:00:00
1683403200000,36.1,36.1,35.7,35.9,4870.643,2023-05-06 20:00:00
1683417600000,35.8,36.1,35.5,35.6,12353.459,2023-05-07 00:00:00
1683432000000,35.5,35.8,35.5,35.7,5189.748,2023-05-07 04:00:00
1683446400000,35.7,35.9,35.5,35.8,10143.955,2023-05-07 08:00:00
1683460800000,35.7,36.0,35.4,35.7,25347.767,2023-05-07 12:00:00
1683475200000,35.7,35.7,35.2,35.4,6413.595,2023-05-07 16:00:00
1683489600000,35.5,35.7,35.1,35.3,3827.522,2023-05-07 20:00:00
1683504000000,35.3,35.6,33.0,33.7,62655.349,2023-05-08 00:00:00
1683518400000,33.6,33.9,33.3,33.5,20948.991,2023-05-08 04:00:00
1683532800000,33.5,34.4,33.3,34.2,24766.011,2023-05-08 08:00:00
1683547200000,34.2,34.4,33.7,33.9,17193.719,2023-05-08 12:00:00
1683561600000,34.0,34.0,31.4,32.5,70149.573,2023-05-08 16:00:00
1683576000000,32.5,33.2,32.4,33.2,17225.91,2023-05-08 20:00:00
1683590400000,33.1,33.4,32.7,32.8,28998.726,2023-05-09 00:00:00
1683604800000,32.8,33.0,32.5,33.0,13227.201,2023-05-09 04:00:00
1683619200000,32.9,33.3,32.8,33.2,15616.734,2023-05-09 08:00:00
1683633600000,33.2,33.4,32.6,32.7,18840.895,2023-05-09 12:00:00
1683648000000,32.7,33.4,32.6,33.2,10077.999,2023-05-09 16:00:00
1683662400000,33.2,33.3,33.0,33.3,5146.408,2023-05-09 20:00:00
1683676800000,33.3,33.4,32.8,32.9,5358.607,2023-05-10 00:00:00
1683691200000,32.9,33.1,32.7,32.9,12372.775,2023-05-10 04:00:00
1683705600000,32.9,33.3,32.8,33.2,13763.09,2023-05-10 08:00:00
1683720000000,33.2,34.1,33.0,33.4,28755.809,2023-05-10 12:00:00
1683734400000,33.4,33.6,31.5,33.3,44876.558,2023-05-10 16:00:00
1683748800000,33.4,33.7,33.2,33.4,7940.779,2023-05-10 20:00:00
1683763200000,33.4,33.4,32.6,32.7,5957.805,2023-05-11 00:00:00
1683777600000,32.8,32.9,32.5,32.8,8915.757,2023-05-11 04:00:00
1683792000000,32.8,32.8,32.4,32.5,9567.414,2023-05-11 08:00:00
1683806400000,32.6,32.8,32.0,32.3,35274.891,2023-05-11 12:00:00
1683820800000,32.3,32.5,31.4,31.9,18444.401,2023-05-11 16:00:00
1683835200000,31.9,32.7,31.9,32.6,9508.202,2023-05-11 20:00:00
1683849600000,32.6,32.7,31.7,31.8,6562.0,2023-05-12 00:00:00
1683864000000,31.8,32.3,31.5,32.2,13992.403,2023-05-12 04:00:00
1683878400000,32.2,32.4,32.0,32.1,19996.227,2023-05-12 08:00:00
1683892800000,32.1,32.5,31.9,32.0,12845.09,2023-05-12 12:00:00
1683907200000,32.0,32.6,31.6,32.6,22922.199,2023-05-12 16:00:00
1683921600000,32.5,33.1,32.3,33.0,9696.217,2023-05-12 20:00:00
1683936000000,33.0,33.1,32.7,32.8,4241.242,2023-05-13 00:00:00
1683950400000,32.8,32.9,32.4,32.9,12200.998,2023-05-13 04:00:00
1683964800000,32.9,32.9,32.6,32.7,5050.075,2023-05-13 08:00:00
1683979200000,32.6,33.1,32.3,32.5,6897.349,2023-05-13 12:00:00
1683993600000,32.5,32.8,32.4,32.6,5241.699,2023-05-13 16:00:00
1684008000000,32.6,32.9,32.5,32.7,4215.887,2023-05-13 20:00:00
1684022400000,32.6,32.7,32.2,32.4,7437.525,2023-05-14 00:00:00
1684036800000,32.4,32.7,32.3,32.6,5205.837,2023-05-14 04:00:00
1684051200000,32.5,32.8,32.5,32.6,6841.499,2023-05-14 08:00:00
1684065600000,32.6,33.2,32.5,33.2,13387.727,2023-05-14 12:00:00
1684080000000,33.2,33.2,32.5,32.5,5125.373,2023-05-14 16:00:00
1684094400000,32.6,33.0,32.5,33.0,3764.047,2023-05-14 20:00:00
1684108800000,33.0,33.3,32.4,33.1,8023.044,2023-05-15 00:00:00
1684123200000,33.2,33.5,32.9,33.4,17167.388,2023-05-15 04:00:00
1684137600000,33.5,33.5,33.3,33.3,7930.137,2023-05-15 08:00:00
1684152000000,33.3,33.5,33.1,33.5,13322.587,2023-05-15 12:00:00
1684166400000,33.5,33.6,33.1,33.3,10372.222,2023-05-15 16:00:00
1684180800000,33.3,33.3,32.9,32.9,5993.158,2023-05-15 20:00:00
1684195200000,32.9,33.1,32.6,32.8,6874.81,2023-05-16 00:00:00
1684209600000,32.8,33.3,32.8,33.1,8610.319,2023-05-16 04:00:00
1684224000000,33.1,33.3,32.9,33.0,6806.946,2023-05-16 08:00:00
1684238400000,33.1,33.2,32.6,32.9,14176.629,2023-05-16 12:00:00
1684252800000,33.0,33.2,32.8,32.9,7003.174,2023-05-16 16:00:00
1684267200000,32.9,33.3,32.8,33.1,3737.701,2023-05-16 20:00:00
1684281600000,33.1,33.5,32.9,33.3,7137.961,2023-05-17 00:00:00
1684296000000,33.4,33.4,32.8,32.9,12034.77,2023-05-17 04:00:00
1684310400000,32.9,33.3,32.8,33.0,12063.908,2023-05-17 08:00:00
1684324800000,33.0,33.7,33.0,33.4,47142.438,2023-05-17 12:00:00
1684339200000,33.4,34.2,33.3,34.0,26454.571,2023-05-17 16:00:00
1684353600000,34.1,34.2,33.8,33.9,4406.513,2023-05-17 20:00:00
1684368000000,34.0,34.1,33.8,34.1,3946.795,2023-05-18 00:00:00
1684382400000,34.1,34.1,33.7,33.9,5539.082,2023-05-18 04:00:00
1684396800000,33.8,34.0,33.7,33.7,5617.76,2023-05-18 08:00:00
1684411200000,33.8,33.8,33.3,33.5,8270.812,2023-05-18 12:00:00
1684425600000,33.4,33.5,32.8,33.3,9235.233,2023-05-18 16:00:00
1684440000000,33.3,33.8,33.1,33.6,6178.218,2023-05-18 20:00:00
1684454400000,33.6,33.8,33.4,33.6,3067.711,2023-05-19 00:00:00
1684468800000,33.6,33.7,33.5,33.5,6481.58,2023-05-19 04:00:00
1684483200000,33.5,33.8,33.5,33.7,4576.541,2023-05-19 08:00:00
1684497600000,33.7,33.8,33.3,33.6,10440.701,2023-05-19 12:00:00
1684512000000,33.6,33.7,33.3,33.4,14661.987,2023-05-19 16:00:00
1684526400000,33.4,33.6,33.3,33.5,2054.661,2023-05-19 20:00:00
1684540800000,33.4,33.5,32.5,33.2,30325.267,2023-05-20 00:00:00
1684555200000,33.1,33.2,32.8,32.9,4503.505,2023-05-20 04:00:00
1684569600000,32.9,33.5,32.9,33.1,19013.51,2023-05-20 08:00:00
1684584000000,33.1,33.2,33.0,33.2,2391.286,2023-05-20 12:00:00
1684598400000,33.1,33.2,32.9,33.0,2862.193,2023-05-20 16:00:00
1684612800000,33.1,33.2,32.9,33.2,3246.671,2023-05-20 20:00:00
1684627200000,33.1,33.3,33.1,33.1,7903.351,2023-05-21 00:00:00
1684641600000,33.1,33.2,33.0,33.1,1906.672,2023-05-21 04:00:00
1684656000000,33.1,33.2,32.8,33.0,6180.925,2023-05-21 08:00:00
1684670400000,32.9,33.0,32.5,32.7,28656.638,2023-05-21 12:00:00
1684684800000,32.7,32.8,32.2,32.4,20287.728,2023-05-21 16:00:00
1684699200000,32.5,32.5,32.0,32.1,8482.875,2023-05-21 20:00:00
1684713600000,32.1,32.4,31.8,31.9,12346.023,2023-05-22 00:00:00
1684728000000,31.8,32.1,31.8,32.0,6514.969,2023-05-22 04:00:00
1684742400000,32.0,32.2,31.9,32.2,10872.566,2023-05-22 08:00:00
1684756800000,32.2,32.2,31.9,32.2,15079.406,2023-05-22 12:00:00
1684771200000,32.1,32.3,31.9,32.1,5536.267,2023-05-22 16:00:00
1684785600000,32.1,32.2,31.9,32.0,4438.429,2023-05-22 20:00:00
1684800000000,32.1,32.8,31.9,32.7,6396.264,2023-05-23 00:00:00
1684814400000,32.6,32.8,32.4,32.6,9463.217,2023-05-23 04:00:00
1684828800000,32.6,32.6,32.5,32.6,5786.489,2023-05-23 08:00:00
1684843200000,32.6,32.6,32.2,32.4,7335.123,2023-05-23 12:00:00
1684857600000,32.3,32.4,32.2,32.4,7885.157,2023-05-23 16:00:00
1684872000000,32.3,32.4,32.2,32.3,3168.852,2023-05-23 20:00:00
1684886400000,32.3,32.3,31.3,31.6,10534.452,2023-05-24 00:00:00
1684900800000,31.6,31.8,31.4,31.4,10712.597,2023-05-24 04:00:00
1684915200000,31.5,31.6,31.3,31.4,6429.671,2023-05-24 08:00:00
1684929600000,31.5,31.6,30.5,31.0,37561.924,2023-05-24 12:00:00
1684944000000,31.1,31.3,30.9,31.0,6453.611,2023-05-24 16:00:00
1684958400000,31.0,31.3,30.9,31.0,7076.25,2023-05-24 20:00:00
1684972800000,31.0,31.0,30.1,31.0,14312.488,2023-05-25 00:00:00
1684987200000,30.9,32.2,30.9,31.1,46448.267,2023-05-25 04:00:00
1685001600000,31.2,31.3,31.1,31.3,5662.356,2023-05-25 08:00:00
1685016000000,31.3,31.5,31.2,31.3,5766.668,2023-05-25 12:00:00
1685030400000,31.3,31.7,31.1,31.5,10578.196,2023-05-25 16:00:00
1685044800000,31.6,31.6,31.1,31.3,3255.236,2023-05-25 20:00:00
1685059200000,31.2,31.3,31.0,31.2,4045.542,2023-05-26 00:00:00
1685073600000,31.3,31.3,31.0,31.2,5854.514,2023-05-26 04:00:00
1685088000000,31.2,31.5,31.1,31.5,15115.339,2023-05-26 08:00:00
1685102400000,31.5,31.8,31.3,31.6,15783.22,2023-05-26 12:00:00
1685116800000,31.6,33.5,31.5,32.7,93260.366,2023-05-26 16:00:00
1685131200000,32.7,33.1,32.5,32.5,10801.678,2023-05-26 20:00:00
1685145600000,32.6,32.6,32.4,32.5,4245.735,2023-05-27 00:00:00
1685160000000,32.6,32.8,32.5,32.6,9417.898,2023-05-27 04:00:00
1685174400000,32.6,32.7,32.3,32.4,4341.849,2023-05-27 08:00:00
1685188800000,32.3,32.6,32.1,32.4,8018.246,2023-05-27 12:00:00
1685203200000,32.5,32.5,32.3,32.3,8538.486,2023-05-27 16:00:00
1685217600000,32.3,32.9,32.3,32.8,5404.969,2023-05-27 20:00:00
1685232000000,32.8,33.3,32.6,33.2,6112.705,2023-05-28 00:00:00
1685246400000,33.2,33.4,33.1,33.3,4642.956,2023-05-28 04:00:00
1685260800000,33.3,33.4,33.1,33.1,7195.923,2023-05-28 08:00:00
1685275200000,33.2,33.3,32.9,33.1,20545.139,2023-05-28 12:00:00
1685289600000,33.1,33.8,33.0,33.6,14665.099,2023-05-28 16:00:00
1685304000000,33.6,34.5,33.5,34.2,14458.571,2023-05-28 20:00:00
1685318400000,34.2,34.3,33.7,33.7,7250.901,2023-05-29 00:00:00
1685332800000,33.7,34.1,33.6,33.9,8430.862,2023-05-29 04:00:00
1685347200000,34.0,34.0,33.6,33.7,5568.371,2023-05-29 08:00:00
1685361600000,33.7,33.9,33.4,33.5,7912.787,2023-05-29 12:00:00
1685376000000,33.5,33.9,33.4,33.8,6540.711,2023-05-29 16:00:00
1685390400000,33.8,33.9,33.4,33.6,6245.427,2023-05-29 20:00:00
1685404800000,33.6,34.0,33.4,33.8,5034.573,2023-05-30 00:00:00
1685419200000,33.8,33.9,33.5,33.6,7783.06,2023-05-30 04:00:00
1685433600000,33.5,34.0,33.5,34.0,10567.563,2023-05-30 08:00:00
1685448000000,34.0,34.0,33.4,33.6,12238.979,2023-05-30 12:00:00
1685462400000,33.6,33.9,33.4,33.8,6433.256,2023-05-30 16:00:00
1685476800000,33.9,34.2,33.8,33.8,5099.962,2023-05-30 20:00:00
1685491200000,33.8,34.1,33.6,33.8,4565.679,2023-05-31 00:00:00
1685505600000,33.8,33.8,32.9,32.9,17098.88,2023-05-31 04:00:00
1685520000000,33.0,33.1,32.6,32.9,16079.467,2023-05-31 08:00:00
1685534400000,33.0,33.0,32.1,32.1,10596.206,2023-05-31 12:00:00
1685548800000,32.2,32.4,32.0,32.1,7379.581,2023-05-31 16:00:00
1685563200000,32.2,32.3,31.9,32.2,6682.108,2023-05-31 20:00:00
1685577600000,32.2,32.4,31.4,31.8,11342.696,2023-06-01 00:00:00
1685592000000,31.8,32.0,31.7,31.9,8499.107,2023-06-01 04:00:00
1685606400000,31.8,32.1,31.7,31.9,7603.414,2023-06-01 08:00:00
1685620800000,31.9,32.1,31.8,31.8,10381.695,2023-06-01 12:00:00
1685635200000,31.9,32.1,31.6,31.9,6567.727,2023-06-01 16:00:00
1685649600000,31.8,31.9,31.3,31.5,3841.356,2023-06-01 20:00:00
1685664000000,31.5,32.0,31.2,31.9,7757.717,2023-06-02 00:00:00
1685678400000,31.9,32.3,31.9,32.0,7330.686,2023-06-02 04:00:00
1685692800000,32.1,32.2,32.0,32.1,2944.659,2023-06-02 08:00:00
1685707200000,32.1,32.2,31.7,32.0,6024.851,2023-06-02 12:00:00
1685721600000,31.9,32.0,31.8,31.9,3795.805,2023-06-02 16:00:00
1685736000000,31.9,32.2,31.9,32.2,2643.291,2023-06-02 20:00:00
1685750400000,32.1,32.1,31.8,31.9,2050.627,2023-06-03 00:00:00
1685764800000,31.9,32.1,31.8,32.0,2033.376,2023-06-03 04:00:00
1685779200000,32.0,32.2,31.9,32.2,4216.519,2023-06-03 08:00:00
1685793600000,32.2,32.4,32.0,32.3,4910.118,2023-06-03 12:00:00
1685808000000,32.4,32.4,31.9,32.0,7639.622,2023-06-03 16:00:00
1685822400000,32.0,32.3,32.0,32.2,2146.524,2023-06-03 20:00:00
1685836800000,32.2,32.3,32.0,32.2,2017.862,2023-06-04 00:00:00
1685851200000,32.3,32.3,32.1,32.2,4363.187,2023-06-04 04:00:00
1685865600000,32.2,32.4,32.1,32.2,4925.113,2023-06-04 08:00:00
1685880000000,32.2,32.3,32.1,32.3,3838.46,2023-06-04 12:00:00
1685894400000,32.2,32.3,32.0,32.1,5498.364,2023-06-04 16:00:00
1685908800000,32.1,32.3,31.8,31.9,5179.27,2023-06-04 20:00:00
1685923200000,31.9,31.9,31.3,31.4,5739.935,2023-06-05 00:00:00
1685937600000,31.3,31.8,31.3,31.7,8507.683,2023-06-05 04:00:00
1685952000000,31.8,31.8,31.4,31.6,20154.979,2023-06-05 08:00:00
1685966400000,31.5,31.6,29.4,29.4,26341.871,2023-06-05 12:00:00
1685980800000,29.4,29.6,28.2,29.2,51491.491,2023-06-05 16:00:00
1685995200000,29.3,29.5,29.0,29.3,14454.67,2023-06-05 20:00:00
1686009600000,29.4,29.5,29.0,29.3,9822.25,2023-06-06 00:00:00
1686024000000,29.3,30.2,29.2,29.4,39281.796,2023-06-06 04:00:00
1686038400000,29.5,29.6,29.3,29.5,7267.67,2023-06-06 08:00:00
1686052800000,29.5,29.9,29.1,29.6,18573.135,2023-06-06 12:00:00
1686067200000,29.7,30.4,29.6,30.4,15097.457,2023-06-06 16:00:00
1686081600000,30.4,30.4,30.0,30.0,13533.314,2023-06-06 20:00:00
1686096000000,30.0,30.1,29.6,29.8,10195.834,2023-06-07 00:00:00
1686110400000,29.7,30.0,29.5,29.5,9391.226,2023-06-07 04:00:00
1686124800000,29.5,29.6,28.8,29.3,9991.77,2023-06-07 08:00:00
1686139200000,29.3,29.6,28.6,28.7,18340.147,2023-06-07 12:00:00
1686153600000,28.7,29.1,28.5,29.1,15456.148,2023-06-07 16:00:00
1686168000000,29.0,29.1,28.5,28.7,11598.814,2023-06-07 20:00:00
1686182400000,28.8,28.9,28.2,28.5,8254.799,2023-06-08 00:00:00
1686196800000,28.4,28.9,28.4,28.8,7646.887,2023-06-08 04:00:00
1686211200000,28.8,29.2,28.8,29.0,6161.346,2023-06-08 08:00:00
1686225600000,29.1,29.4,29.0,29.2,9614.374,2023-06-08 12:00:00
1686240000000,29.3,29.3,28.9,29.2,3507.784,2023-06-08 16:00:00
1686254400000,29.2,29.3,28.8,29.0,27279.461,2023-06-08 20:00:00
1686268800000,29.0,29.1,28.7,29.0,5476.628,2023-06-09 00:00:00
1686283200000,28.9,29.1,28.8,28.8,7494.572,2023-06-09 04:00:00
1686297600000,28.9,29.2,28.8,29.0,6605.466,2023-06-09 08:00:00
1686312000000,29.0,29.2,28.9,29.0,6527.404,2023-06-09 12:00:00
1686326400000,29.0,29.2,28.6,28.7,7460.368,2023-06-09 16:00:00
1686340800000,28.6,29.1,28.6,29.0,12853.973,2023-06-09 20:00:00
1686355200000,29.1,29.1,27.5,27.6,27158.229,2023-06-10 00:00:00
1686369600000,27.6,29.1,21.7,23.9,237979.637,2023-06-10 04:00:00
1686384000000,23.8,24.1,23.7,24.0,31610.628,2023-06-10 08:00:00
1686398400000,24.0,24.0,23.4,23.4,24946.763,2023-06-10 12:00:00
1686412800000,23.4,24.3,23.1,24.1,36166.71,2023-06-10 16:00:00
1686427200000,24.1,24.2,23.8,23.9,22869.082,2023-06-10 20:00:00
1686441600000,24.0,24.1,23.5,23.7,38879.761,2023-06-11 00:00:00
1686456000000,23.7,24.0,23.5,23.8,16389.805,2023-06-11 04:00:00
1686470400000,23.8,24.0,23.7,23.9,10856.213,2023-06-11 08:00:00
1686484800000,23.9,24.1,23.7,24.1,13495.612,2023-06-11 12:00:00
1686499200000,24.1,25.3,24.0,25.2,18811.101,2023-06-11 16:00:00
1686513600000,25.2,25.4,24.3,24.8,25086.3,2023-06-11 20:00:00
1686528000000,24.8,24.9,23.9,24.2,26906.465,2023-06-12 00:00:00
1686542400000,24.2,24.5,24.2,24.2,17229.176,2023-06-12 04:00:00
1686556800000,24.2,24.8,24.1,24.7,14349.922,2023-06-12 08:00:00
1686571200000,24.7,25.0,24.4,24.8,21900.968,2023-06-12 12:00:00
1686585600000,24.8,24.9,24.4,24.8,24673.981,2023-06-12 16:00:00
1686600000000,24.8,25.2,24.8,25.2,5869.242,2023-06-12 20:00:00
1686614400000,25.2,25.6,24.9,25.4,14350.126,2023-06-13 00:00:00
1686628800000,25.5,25.7,25.2,25.6,11097.72,2023-06-13 04:00:00
1686643200000,25.6,25.8,25.3,25.6,25143.698,2023-06-13 08:00:00
1686657600000,25.5,25.8,24.8,25.0,51581.329,2023-06-13 12:00:00
1686672000000,24.9,25.4,24.9,25.3,9523.026,2023-06-13 16:00:00
1686686400000,25.3,25.5,25.2,25.4,9525.35,2023-06-13 20:00:00
1686700800000,25.4,25.4,25.1,25.3,5916.138,2023-06-14 00:00:00
1686715200000,25.3,25.5,25.2,25.3,9190.094,2023-06-14 04:00:00
1686729600000,25.3,25.4,25.2,25.3,8123.959,2023-06-14 08:00:00
1686744000000,25.2,25.8,25.1,25.5,22756.872,2023-06-14 12:00:00
1686758400000,25.4,25.6,25.0,25.4,23937.38,2023-06-14 16:00:00
1686772800000,25.4,25.4,23.9,24.4,32430.007,2023-06-14 20:00:00
1686787200000,24.5,24.7,24.3,24.5,6745.827,2023-06-15 00:00:00
1686801600000,24.6,24.7,24.4,24.5,10279.707,2023-06-15 04:00:00
1686816000000,24.5,24.7,24.2,24.7,8732.957,2023-06-15 08:00:00
1686830400000,24.7,25.0,24.6,24.7,8355.73,2023-06-15 12:00:00
1686844800000,24.7,25.0,24.1,24.9,7242.737,2023-06-15 16:00:00
1686859200000,24.9,25.2,24.7,24.8,4881.038,2023-06-15 20:00:00
1686873600000,24.8,24.8,24.5,24.7,4167.668,2023-06-16 00:00:00
1686888000000,24.7,24.7,24.31,24.32,10361.401,2023-06-16 04:00:00
1686902400000,24.31,24.44,23.91,24.08,14004.684,2023-06-16 08:00:00
1686916800000,24.08,24.58,23.98,24.55,24797.579,2023-06-16 12:00:00
1686931200000,24.55,25.16,24.5,24.92,17485.43,2023-06-16 16:00:00
1686945600000,24.93,25.31,24.81,25.23,17629.253,2023-06-16 20:00:00
1686960000000,25.23,25.54,25.12,25.51,12881.539,2023-06-17 00:00:00
1686974400000,25.53,26.35,25.51,25.89,16676.249,2023-06-17 04:00:00
1686988800000,25.9,26.09,25.89,25.9,5834.619,2023-06-17 08:00:00
1687003200000,25.91,26.05,25.3,25.44,19247.651,2023-06-17 12:00:00
1687017600000,25.43,25.59,25.32,25.44,7181.614,2023-06-17 16:00:00
1687032000000,25.44,25.57,25.34,25.56,7638.579,2023-06-17 20:00:00
1687046400000,25.57,25.79,25.37,25.73,6106.373,2023-06-18 00:00:00
1687060800000,25.73,26.04,25.73,25.85,12088.209,2023-06-18 04:00:00
1687075200000,25.84,26.15,25.75,26.14,6288.104,2023-06-18 08:00:00
1687089600000,26.14,26.32,26.01,26.17,14683.574,2023-06-18 12:00:00
1687104000000,26.17,26.52,26.17,26.52,10403.279,2023-06-18 16:00:00
1687118400000,26.54,26.54,25.59,25.76,9454.658,2023-06-18 20:00:00
1687132800000,25.76,25.84,25.53,25.8,4095.603,2023-06-19 00:00:00
1687147200000,25.77,26.28,25.77,26.14,14130.759,2023-06-19 04:00:00
1687161600000,26.15,26.36,26.0,26.22,12084.67,2023-06-19 08:00:00
1687176000000,26.23,26.44,26.1,26.3,15574.594,2023-06-19 12:00:00
1687190400000,26.3,26.7,26.1,26.2,19964.04,2023-06-19 16:00:00
1687204800000,26.22,26.29,26.04,26.26,7779.34,2023-06-19 20:00:00
1687219200000,26.27,26.77,26.22,26.63,29045.525,2023-06-20 00:00:00
1687233600000,26.62,26.75,26.45,26.45,13439.81,2023-06-20 04:00:00
1687248000000,26.44,26.81,26.39,26.55,22944.114,2023-06-20 08:00:00
1687262400000,26.54,26.6,25.99,26.22,26891.291,2023-06-20 12:00:00
1687276800000,26.22,26.52,25.72,26.5,52337.423,2023-06-20 16:00:00
1687291200000,26.51,26.58,26.22,26.41,12714.885,2023-06-20 20:00:00
1687305600000,26.41,27.1,26.31,26.94,12189.647,2023-06-21 00:00:00
1687320000000,26.94,27.59,26.81,27.41,24288.327,2023-06-21 04:00:00
1687334400000,27.43,27.7,26.84,27.07,45472.661,2023-06-21 08:00:00
1687348800000,27.06,27.26,26.8,27.13,17017.748,2023-06-21 12:00:00
1687363200000,27.1,27.7,26.89,27.2,23625.631,2023-06-21 16:00:00
1687377600000,27.2,27.55,26.96,27.33,11692.404,2023-06-21 20:00:00
1687392000000,27.33,28.07,27.28,27.72,28260.353,2023-06-22 00:00:00
1687406400000,27.75,27.85,27.09,27.4,24121.85,2023-06-22 04:00:00
1687420800000,27.41,27.55,26.24,26.7,24513.522,2023-06-22 08:00:00
1687435200000,26.69,27.1,26.29,26.7,23021.928,2023-06-22 12:00:00
1687449600000,26.73,26.99,26.59,26.68,6691.354,2023-06-22 16:00:00
1687464000000,26.69,26.7,26.13,26.16,6202.789,2023-06-22 20:00:00
1687478400000,26.16,26.85,26.13,26.8,11599.501,2023-06-23 00:00:00
1687492800000,26.79,27.5,26.77,27.49,19345.99,2023-06-23 04:00:00
1687507200000,27.49,27.69,27.23,27.45,47327.273,2023-06-23 08:00:00
1687521600000,27.44,28.01,27.16,27.94,20387.135,2023-06-23 12:00:00
1687536000000,27.95,29.98,27.87,29.58,88219.204,2023-06-23 16:00:00
1687550400000,29.58,29.69,28.56,28.76,18800.893,2023-06-23 20:00:00
1687564800000,28.76,29.4,28.36,29.35,19960.112,2023-06-24 00:00:00
1687579200000,29.35,29.67,28.81,28.85,13378.504,2023-06-24 04:00:00
1687593600000,28.86,29.26,28.64,29.24,17753.348,2023-06-24 08:00:00
1687608000000,29.23,29.55,28.24,28.52,22941.679,2023-06-24 12:00:00
1687622400000,28.52,28.77,28.15,28.7,10896.8,2023-06-24 16:00:00
1687636800000,28.7,29.51,28.61,29.42,11999.618,2023-06-24 20:00:00
1687651200000,29.43,30.9,29.31,30.64,24703.181,2023-06-25 00:00:00
1687665600000,30.63,31.43,30.19,31.02,46141.889,2023-06-25 04:00:00
1687680000000,31.03,31.16,30.1,30.16,28916.527,2023-06-25 08:00:00
1687694400000,30.17,30.4,29.46,30.35,20573.245,2023-06-25 12:00:00
1687708800000,30.35,30.57,29.79,30.01,8284.926,2023-06-25 16:00:00
1687723200000,30.03,30.55,29.77,30.52,7703.817,2023-06-25 20:00:00
1687737600000,30.51,30.61,29.68,29.97,23864.73,2023-06-26 00:00:00
1687752000000,29.97,30.41,29.89,30.32,12891.951,2023-06-26 04:00:00
1687766400000,30.32,30.77,30.09,30.74,14587.165,2023-06-26 08:00:00
1687780800000,30.74,32.14,30.7,31.5,53557.044,2023-06-26 12:00:00
1687795200000,31.52,31.52,30.08,30.27,18706.832,2023-06-26 16:00:00
1687809600000,30.27,30.48,29.85,30.34,13169.406,2023-06-26 20:00:00
1687824000000,30.35,30.82,30.31,30.51,17204.261,2023-06-27 00:00:00
1687838400000,30.51,30.58,29.87,30.1,18556.752,2023-06-27 04:00:00
1687852800000,30.11,30.53,29.8,30.45,17452.993,2023-06-27 08:00:00
1687867200000,30.46,30.64,29.83,29.94,23719.816,2023-06-27 12:00:00
1687881600000,29.96,30.45,29.9,30.28,7963.815,2023-06-27 16:00:00
1687896000000,30.25,30.36,30.08,30.27,6419.82,2023-06-27 20:00:00
1687910400000,30.27,30.28,29.38,29.7,22478.319,2023-06-28 00:00:00
1687924800000,29.69,29.75,29.0,29.11,17160.051,2023-06-28 04:00:00
1687939200000,29.11,29.41,29.08,29.2,12313.812,2023-06-28 08:00:00
1687953600000,29.21,29.64,29.08,29.55,22883.19,2023-06-28 12:00:00
1687968000000,29.55,29.61,27.57,28.73,28678.142,2023-06-28 16:00:00
1687982400000,28.72,28.99,28.62,28.89,11079.685,2023-06-28 20:00:00
1687996800000,28.88,29.43,28.87,29.43,8160.781,2023-06-29 00:00:00
1688011200000,29.43,30.43,29.35,30.31,24928.496,2023-06-29 04:00:00
1688025600000,30.31,30.63,30.16,30.45,17279.496,2023-06-29 08:00:00
1688040000000,30.46,30.49,29.49,29.5,42709.638,2023-06-29 12:00:00
1688054400000,29.5,29.76,29.23,29.43,5860.289,2023-06-29 16:00:00
1688068800000,29.43,29.72,29.24,29.61,10512.126,2023-06-29 20:00:00
1688083200000,29.61,32.52,29.56,31.98,46568.083,2023-06-30 00:00:00
1688097600000,31.99,33.0,31.99,32.59,45353.911,2023-06-30 04:00:00
1688112000000,32.59,34.07,32.51,33.98,84986.454,2023-06-30 08:00:00
1688126400000,33.97,34.29,30.31,32.39,98528.59,2023-06-30 12:00:00
1688140800000,32.38,34.72,32.14,33.24,61787.546,2023-06-30 16:00:00
1688155200000,33.24,33.9,32.56,33.84,27709.942,2023-06-30 20:00:00
1688169600000,33.83,34.78,33.53,33.94,47949.164,2023-07-01 00:00:00
1688184000000,33.95,34.09,33.06,33.69,29946.795,2023-07-01 04:00:00
1688198400000,33.69,34.02,33.1,33.34,22008.992,2023-07-01 08:00:00
1688212800000,33.37,34.65,33.34,34.19,39340.873,2023-07-01 12:00:00
1688227200000,34.18,34.34,33.85,34.3,16654.269,2023-07-01 16:00:00
1688241600000,34.3,34.69,33.9,34.08,13972.107,2023-07-01 20:00:00
1688256000000,34.06,34.11,32.63,32.8,17139.713,2023-07-02 00:00:00
1688270400000,32.81,34.05,32.72,33.7,14577.643,2023-07-02 04:00:00
1688284800000,33.71,33.73,33.25,33.5,10918.733,2023-07-02 08:00:00
1688299200000,33.5,33.55,32.51,33.06,16468.55,2023-07-02 12:00:00
1688313600000,33.06,33.09,32.26,32.43,10749.045,2023-07-02 16:00:00
1688328000000,32.44,32.91,32.3,32.78,12408.688,2023-07-02 20:00:00
1688342400000,32.77,34.13,32.6,33.99,22904.957,2023-07-03 00:00:00
1688356800000,33.98,34.04,33.36,33.69,25172.879,2023-07-03 04:00:00
1688371200000,33.68,34.11,33.5,33.6,29341.232,2023-07-03 08:00:00
1688385600000,33.6,33.89,33.11,33.55,33873.978,2023-07-03 12:00:00
1688400000000,33.54,33.71,33.1,33.64,19488.732,2023-07-03 16:00:00
1688414400000,33.64,33.7,33.02,33.25,8340.698,2023-07-03 20:00:00
1688428800000,33.24,33.61,33.06,33.6,5851.548,2023-07-04 00:00:00
1688443200000,33.59,33.59,32.81,32.83,14445.183,2023-07-04 04:00:00
1688457600000,32.83,33.23,32.37,33.21,21467.927,2023-07-04 08:00:00
1688472000000,33.2,33.52,32.7,32.88,18458.727,2023-07-04 12:00:00
1688486400000,32.89,33.34,32.76,33.0,17356.478,2023-07-04 16:00:00
1688500800000,32.98,33.95,32.96,33.14,18079.416,2023-07-04 20:00:00
1688515200000,33.17,33.39,32.85,33.27,9470.493,2023-07-05 00:00:00
1688529600000,33.26,33.9,33.15,33.79,21421.14,2023-07-05 04:00:00
1688544000000,33.8,34.38,32.58,32.85,77390.438,2023-07-05 08:00:00
1688558400000,32.82,32.92,31.18,31.45,40300.617,2023-07-05 12:00:00
1688572800000,31.45,32.27,31.32,31.5,24494.262,2023-07-05 16:00:00
1688587200000,31.5,31.92,31.38,31.77,6975.087,2023-07-05 20:00:00
1688601600000,31.79,31.83,31.19,31.5,15827.719,2023-07-06 00:00:00
1688616000000,31.5,32.78,31.28,32.69,23672.614,2023-07-06 04:00:00
1688630400000,32.7,33.35,32.31,32.6,35145.616,2023-07-06 08:00:00
1688644800000,32.6,32.69,30.68,31.56,30369.642,2023-07-06 12:00:00
1688659200000,31.56,31.82,30.97,31.06,12837.966,2023-07-06 16:00:00
1688673600000,31.06,31.3,30.36,30.37,10131.754,2023-07-06 20:00:00
1688688000000,30.39,31.31,30.06,31.23,12048.792,2023-07-07 00:00:00
1688702400000,31.23,31.38,30.8,30.88,13664.447,2023-07-07 04:00:00
1688716800000,30.87,31.31,30.76,31.06,12729.612,2023-07-07 08:00:00
1688731200000,31.07,31.46,30.8,31.08,12576.584,2023-07-07 12:00:00
1688745600000,31.08,31.1,29.89,30.24,42104.725,2023-07-07 16:00:00
1688760000000,30.25,30.56,29.19,29.58,134485.417,2023-07-07 20:00:00
1688774400000,29.58,29.79,29.32,29.48,18348.353,2023-07-08 00:00:00
1688788800000,29.48,29.65,28.76,28.96,28391.875,2023-07-08 04:00:00
1688803200000,28.96,29.27,28.61,28.85,37085.084,2023-07-08 08:00:00
1688817600000,28.85,28.97,28.47,28.74,27135.638,2023-07-08 12:00:00
1688832000000,28.73,28.91,27.78,27.98,32415.528,2023-07-08 16:00:00
1688846400000,27.97,28.84,27.91,28.77,11568.824,2023-07-08 20:00:00
1688860800000,28.77,29.13,28.56,28.75,11578.568,2023-07-09 00:00:00
1688875200000,28.75,28.84,28.38,28.53,14330.595,2023-07-09 04:00:00
1688889600000,28.53,28.83,28.35,28.55,18301.356,2023-07-09 08:00:00
1688904000000,28.54,28.89,28.41,28.83,9202.826,2023-07-09 12:00:00
1688918400000,28.83,29.15,28.59,28.67,7043.747,2023-07-09 16:00:00
1688932800000,28.69,28.71,28.42,28.54,6386.04,2023-07-09 20:00:00
1688947200000,28.54,28.79,27.46,28.74,26428.994,2023-07-10 00:00:00
1688961600000,28.74,29.15,28.56,28.8,24057.514,2023-07-10 04:00:00
1688976000000,28.8,29.1,28.51,28.85,18628.875,2023-07-10 08:00:00
1688990400000,28.85,28.93,28.37,28.86,18040.606,2023-07-10 12:00:00
1689004800000,28.87,29.38,28.77,29.34,13984.653,2023-07-10 16:00:00
1689019200000,29.35,29.52,28.68,28.89,18371.074,2023-07-10 20:00:00
1689033600000,28.89,29.1,28.52,28.86,14328.247,2023-07-11 00:00:00
1689048000000,28.88,29.23,28.82,29.1,15164.1,2023-07-11 04:00:00
1689062400000,29.1,29.11,28.77,28.99,14547.093,2023-07-11 08:00:00
1689076800000,28.98,29.02,28.56,28.81,11849.161,2023-07-11 12:00:00
1689091200000,28.8,28.8,28.43,28.59,8371.462,2023-07-11 16:00:00
1689105600000,28.59,28.98,28.59,28.94,5707.517,2023-07-11 20:00:00
1689120000000,28.95,29.25,28.78,29.02,8795.934,2023-07-12 00:00:00
1689134400000,29.02,29.58,29.0,29.54,16563.05,2023-07-12 04:00:00
1689148800000,29.55,29.61,29.17,29.6,24287.862,2023-07-12 08:00:00
1689163200000,29.61,29.8,28.89,28.93,16133.457,2023-07-12 12:00:00
1689177600000,28.93,29.06,28.38,28.57,12287.331,2023-07-12 16:00:00
1689192000000,28.57,29.25,28.56,29.22,11544.521,2023-07-12 20:00:00
1689206400000,29.22,29.45,28.9,29.15,13129.102,2023-07-13 00:00:00
1689220800000,29.13,30.09,29.07,29.89,24187.615,2023-07-13 04:00:00
1689235200000,29.89,30.48,29.71,30.21,27079.162,2023-07-13 08:00:00
1689249600000,30.21,30.75,29.84,30.41,33304.58,2023-07-13 12:00:00
1689264000000,30.42,31.97,30.26,31.81,67114.784,2023-07-13 16:00:00
1689278400000,31.82,33.05,31.4,32.86,45446.483,2023-07-13 20:00:00
1689292800000,32.86,33.64,32.61,33.02,36390.055,2023-07-14 00:00:00
1689307200000,33.02,33.06,32.27,32.45,21051.139,2023-07-14 04:00:00
1689321600000,32.43,32.53,31.93,32.34,11340.421,2023-07-14 08:00:00
1689336000000,32.34,32.63,32.05,32.42,10310.458,2023-07-14 12:00:00
1689350400000,32.42,32.75,30.47,30.91,46892.345,2023-07-14 16:00:00
1689364800000,30.91,31.9,30.72,31.86,22998.687,2023-07-14 20:00:00
1689379200000,31.86,31.9,31.3,31.36,8114.597,2023-07-15 00:00:00
1689393600000,31.35,32.27,31.26,31.99,10074.663,2023-07-15 04:00:00
1689408000000,31.99,32.07,31.44,31.81,28706.09,2023-07-15 08:00:00
1689422400000,31.8,31.83,31.3,31.38,14802.372,2023-07-15 12:00:00
1689436800000,31.38,31.76,31.21,31.27,14305.861,2023-07-15 16:00:00
1689451200000,31.26,31.28,30.97,31.27,4974.849,2023-07-15 20:00:00
1689465600000,31.27,31.43,30.45,30.66,10532.556,2023-07-16 00:00:00
1689480000000,30.66,31.2,30.62,31.07,9048.861,2023-07-16 04:00:00
1689494400000,31.06,31.2,30.91,31.16,4275.583,2023-07-16 08:00:00
1689508800000,31.16,31.59,31.06,31.29,22841.535,2023-07-16 12:00:00
1689523200000,31.29,31.31,30.83,30.89,11993.163,2023-07-16 16:00:00
1689537600000,30.89,31.38,30.68,30.84,9205.816,2023-07-16 20:00:00
1689552000000,30.84,31.72,30.68,31.67,10419.825,2023-07-17 00:00:00
1689566400000,31.67,32.13,31.41,31.84,15699.341,2023-07-17 04:00:00
1689580800000,31.85,32.14,30.3,31.3,23308.771,2023-07-17 08:00:00
1689595200000,31.3,32.52,31.01,31.85,38707.233,2023-07-17 12:00:00
1689609600000,31.83,32.06,31.15,31.88,26179.611,2023-07-17 16:00:00
1689624000000,31.87,32.5,31.65,32.41,13580.086,2023-07-17 20:00:00
1689638400000,32.41,32.93,32.03,32.06,17350.507,2023-07-18 00:00:00
1689652800000,32.06,32.18,31.03,31.43,20606.431,2023-07-18 04:00:00
1689667200000,31.43,31.66,30.84,30.97,14180.238,2023-07-18 08:00:00
1689681600000,30.97,31.44,30.75,31.21,16169.339,2023-07-18 12:00:00
1689696000000,31.21,31.37,30.59,30.89,18791.632,2023-07-18 16:00:00
1689710400000,30.89,31.29,30.83,31.23,4886.478,2023-07-18 20:00:00
1689724800000,31.23,31.62,31.07,31.45,5767.48,2023-07-19 00:00:00
1689739200000,31.45,31.74,31.35,31.5,11476.395,2023-07-19 04:00:00
1689753600000,31.5,31.5,31.09,31.33,7863.193,2023-07-19 08:00:00
1689768000000,31.34,31.49,30.87,31.11,14289.688,2023-07-19 12:00:00
1689782400000,31.12,31.82,31.03,31.75,18139.665,2023-07-19 16:00:00
1689796800000,31.76,31.83,31.25,31.3,6521.474,2023-07-19 20:00:00
1689811200000,31.32,31.66,31.14,31.31,6492.804,2023-07-20 00:00:00
1689825600000,31.32,31.64,31.2,31.56,9493.209,2023-07-20 04:00:00
1689840000000,31.56,32.14,31.46,31.9,17831.818,2023-07-20 08:00:00
1689854400000,31.9,32.01,30.91,31.12,24419.569,2023-07-20 12:00:00
1689868800000,31.12,31.23,30.54,30.83,10665.193,2023-07-20 16:00:00
1689883200000,30.84,31.34,30.55,31.18,11854.396,2023-07-20 20:00:00
1689897600000,31.19,31.97,30.95,31.86,20080.018,2023-07-21 00:00:00
1689912000000,31.86,31.94,31.1,31.24,15700.934,2023-07-21 04:00:00
1689926400000,31.21,31.38,31.1,31.29,16335.955,2023-07-21 08:00:00
1689940800000,31.3,31.54,31.23,31.44,10004.287,2023-07-21 12:00:00
1689955200000,31.44,31.7,31.23,31.43,14184.973,2023-07-21 16:00:00
1689969600000,31.43,31.6,31.23,31.45,14696.175,2023-07-21 20:00:00
1689984000000,31.45,31.94,31.43,31.85,7191.903,2023-07-22 00:00:00
1689998400000,31.85,32.08,31.7,31.81,11240.677,2023-07-22 04:00:00
1690012800000,31.82,32.03,31.44,31.68,13303.338,2023-07-22 08:00:00
1690027200000,31.68,31.75,31.4,31.71,13081.022,2023-07-22 12:00:00
1690041600000,31.69,31.79,31.44,31.71,14551.772,2023-07-22 16:00:00
1690056000000,31.7,31.9,30.95,31.36,22665.529,2023-07-22 20:00:00
1690070400000,31.36,31.94,31.02,31.91,18902.697,2023-07-23 00:00:00
1690084800000,31.91,32.49,31.8,31.87,20373.752,2023-07-23 04:00:00
1690099200000,31.86,32.18,31.69,31.7,13424.044,2023-07-23 08:00:00
1690113600000,31.7,31.82,31.53,31.65,14105.521,2023-07-23 12:00:00
1690128000000,31.65,32.2,31.65,31.97,14934.516,2023-07-23 16:00:00
1690142400000,31.97,32.13,31.59,31.75,6705.19,2023-07-23 20:00:00
1690156800000,31.74,31.78,31.1,31.12,6802.162,2023-07-24 00:00:00
1690171200000,31.11,31.42,30.84,31.37,10121.398,2023-07-24 04:00:00
1690185600000,31.38,31.43,29.4,30.66,50048.844,2023-07-24 08:00:00
1690200000000,30.68,31.08,30.4,30.55,32241.178,2023-07-24 12:00:00
1690214400000,30.55,30.55,30.04,30.2,19440.13,2023-07-24 16:00:00
1690228800000,30.2,30.21,29.85,29.92,11908.448,2023-07-24 20:00:00
1690243200000,29.94,30.14,29.73,29.88,8576.334,2023-07-25 00:00:00
1690257600000,29.89,30.05,29.72,29.81,16464.146,2023-07-25 04:00:00
1690272000000,29.81,30.09,29.54,29.6,10012.17,2023-07-25 08:00:00
1690286400000,29.6,30.15,29.51,30.0,22205.561,2023-07-25 12:00:00
1690300800000,30.01,30.25,29.8,29.85,11309.139,2023-07-25 16:00:00
1690315200000,29.82,30.07,29.71,29.81,3161.727,2023-07-25 20:00:00
1690329600000,29.81,30.0,29.35,29.89,11638.69,2023-07-26 00:00:00
1690344000000,29.85,29.95,29.67,29.74,7750.269,2023-07-26 04:00:00
1690358400000,29.74,29.84,29.57,29.68,5572.223,2023-07-26 08:00:00
1690372800000,29.67,30.05,29.57,29.92,23794.206,2023-07-26 12:00:00
1690387200000,29.92,30.2,29.55,30.2,11785.51,2023-07-26 16:00:00
1690401600000,30.19,30.57,29.9,29.99,17383.761,2023-07-26 20:00:00
1690416000000,29.99,30.27,29.77,30.13,6593.313,2023-07-27 00:00:00
1690430400000,30.14,30.35,30.05,30.19,9133.983,2023-07-27 04:00:00
1690444800000,30.18,30.53,30.14,30.24,11700.788,2023-07-27 08:00:00
1690459200000,30.25,30.29,29.84,30.02,9190.808,2023-07-27 12:00:00
1690473600000,30.01,30.1,29.66,29.76,10271.113,2023-07-27 16:00:00
1690488000000,29.76,30.17,29.72,30.09,5162.877,2023-07-27 20:00:00
1690502400000,30.07,30.5,30.0,30.34,6086.272,2023-07-28 00:00:00
1690516800000,30.34,30.45,30.13,30.24,7360.267,2023-07-28 04:00:00
1690531200000,30.24,30.32,30.09,30.09,7209.492,2023-07-28 08:00:00
1690545600000,30.1,30.85,30.1,30.6,15336.504,2023-07-28 12:00:00
1690560000000,30.61,30.75,30.38,30.56,5123.686,2023-07-28 16:00:00
1690574400000,30.55,30.85,30.47,30.65,5870.442,2023-07-28 20:00:00
1690588800000,30.64,30.78,30.53,30.57,5410.269,2023-07-29 00:00:00
1690603200000,30.57,30.72,30.47,30.48,8343.538,2023-07-29 04:00:00
1690617600000,30.49,30.49,30.25,30.3,6847.392,2023-07-29 08:00:00
1690632000000,30.29,30.63,30.23,30.41,8770.36,2023-07-29 12:00:00
1690646400000,30.41,30.44,30.25,30.37,13223.011,2023-07-29 16:00:00
1690660800000,30.37,30.48,30.33,30.37,7010.381,2023-07-29 20:00:00
1690675200000,30.38,30.44,30.2,30.27,10019.693,2023-07-30 00:00:00
1690689600000,30.27,30.3,30.04,30.13,6053.929,2023-07-30 04:00:00
1690704000000,30.12,30.17,29.97,30.06,8093.414,2023-07-30 08:00:00
1690718400000,30.05,30.28,29.97,30.13,9478.148,2023-07-30 12:00:00
1690732800000,30.14,30.19,29.22,29.47,14234.44,2023-07-30 16:00:00
1690747200000,29.46,29.98,28.79,29.9,21395.785,2023-07-30 20:00:00
1690761600000,29.89,30.39,29.79,30.31,8291.693,2023-07-31 00:00:00
1690776000000,30.32,30.4,30.08,30.14,11446.042,2023-07-31 04:00:00
1690790400000,30.18,30.34,30.14,30.22,5879.818,2023-07-31 08:00:00
1690804800000,30.24,30.4,29.72,29.78,15644.182,2023-07-31 12:00:00
1690819200000,29.78,30.39,29.65,29.85,23752.08,2023-07-31 16:00:00
1690833600000,29.89,30.35,29.7,30.29,9583.601,2023-07-31 20:00:00
1690848000000,30.29,30.45,29.24,29.49,18497.68,2023-08-01 00:00:00
1690862400000,29.48,29.87,29.45,29.67,9205.835,2023-08-01 04:00:00
1690876800000,29.66,29.87,29.62,29.64,8823.455,2023-08-01 08:00:00
1690891200000,29.64,30.18,29.58,30.12,11541.796,2023-08-01 12:00:00
1690905600000,30.12,30.3,29.88,30.2,7501.554,2023-08-01 16:00:00
1690920000000,30.2,30.57,30.05,30.54,10551.265,2023-08-01 20:00:00
1690934400000,30.55,30.74,30.17,30.17,20466.555,2023-08-02 00:00:00
1690948800000,30.17,30.19,29.83,29.89,12758.193,2023-08-02 04:00:00
1690963200000,29.89,30.17,29.86,30.01,16865.345,2023-08-02 08:00:00
1690977600000,30.0,30.08,29.61,29.86,16580.749,2023-08-02 12:00:00
1690992000000,29.85,29.95,29.32,29.65,13065.727,2023-08-02 16:00:00
1691006400000,29.63,29.76,29.58,29.68,3553.697,2023-08-02 20:00:00
1691020800000,29.66,29.78,29.56,29.57,4598.567,2023-08-03 00:00:00
1691035200000,29.57,29.76,29.38,29.51,5178.209,2023-08-03 04:00:00
1691049600000,29.52,29.68,29.41,29.56,10084.559,2023-08-03 08:00:00
1691064000000,29.56,30.0,29.37,29.89,10566.015,2023-08-03 12:00:00
1691078400000,29.88,30.0,29.64,29.9,10079.172,2023-08-03 16:00:00
1691092800000,29.9,29.99,29.51,29.69,6672.322,2023-08-03 20:00:00
1691107200000,29.7,29.84,29.61,29.65,2375.959,2023-08-04 00:00:00
1691121600000,29.65,29.76,29.46,29.62,3729.599,2023-08-04 04:00:00
1691136000000,29.62,29.69,29.32,29.35,6725.831,2023-08-04 08:00:00
1691150400000,29.34,29.67,29.3,29.54,16021.79,2023-08-04 12:00:00
1691164800000,29.55,29.67,29.01,29.21,9135.047,2023-08-04 16:00:00
1691179200000,29.21,29.27,28.84,29.14,6607.177,2023-08-04 20:00:00
1691193600000,29.14,29.14,28.79,29.04,4770.915,2023-08-05 00:00:00
1691208000000,29.05,29.09,28.78,28.98,11646.859,2023-08-05 04:00:00
1691222400000,28.97,29.13,28.87,28.95,6007.891,2023-08-05 08:00:00
1691236800000,28.95,29.05,28.67,28.92,8046.785,2023-08-05 12:00:00
1691251200000,28.93,29.09,28.84,29.09,3136.016,2023-08-05 16:00:00
1691265600000,29.08,29.34,28.96,29.29,10604.354,2023-08-05 20:00:00
1691280000000,29.29,29.79,29.23,29.6,7309.841,2023-08-06 00:00:00
1691294400000,29.61,29.68,29.51,29.51,4952.682,2023-08-06 04:00:00
1691308800000,29.51,29.68,29.35,29.65,23964.232,2023-08-06 08:00:00
1691323200000,29.65,29.66,29.26,29.38,7511.411,2023-08-06 12:00:00
1691337600000,29.38,29.5,29.28,29.36,7575.063,2023-08-06 16:00:00
1691352000000,29.37,29.67,29.32,29.36,5735.466,2023-08-06 20:00:00
1691366400000,29.35,29.64,29.18,29.54,12260.746,2023-08-07 00:00:00
1691380800000,29.54,29.62,29.27,29.49,6945.508,2023-08-07 04:00:00
1691395200000,29.5,29.64,29.38,29.61,18860.093,2023-08-07 08:00:00
1691409600000,29.61,29.76,29.19,29.22,26475.072,2023-08-07 12:00:00
1691424000000,29.21,29.29,28.75,29.13,13796.375,2023-08-07 16:00:00
1691438400000,29.14,29.25,29.05,29.2,3179.851,2023-08-07 20:00:00
1691452800000,29.2,29.3,29.11,29.18,5082.713,2023-08-08 00:00:00
1691467200000,29.2,29.7,29.18,29.21,14310.831,2023-08-08 04:00:00
1691481600000,29.22,29.65,29.19,29.57,7288.72,2023-08-08 08:00:00
1691496000000,29.57,29.7,29.36,29.61,11823.965,2023-08-08 12:00:00
1691510400000,29.6,29.94,29.55,29.63,10302.365,2023-08-08 16:00:00
1691524800000,29.64,29.91,29.53,29.53,6034.808,2023-08-08 20:00:00
1691539200000,29.52,29.63,29.24,29.48,8976.107,2023-08-09 00:00:00
1691553600000,29.49,29.6,29.43,29.53,5337.213,2023-08-09 04:00:00
1691568000000,29.52,29.67,29.51,29.59,5324.666,2023-08-09 08:00:00
1691582400000,29.58,29.72,29.43,29.49,6646.856,2023-08-09 12:00:00
1691596800000,29.49,29.6,29.33,29.44,10522.169,2023-08-09 16:00:00
1691611200000,29.44,29.57,29.27,29.51,5379.568,2023-08-09 20:00:00
1691625600000,29.51,29.62,29.46,29.53,2747.782,2023-08-10 00:00:00
1691640000000,29.54,29.61,29.45,29.47,6167.635,2023-08-10 04:00:00
1691654400000,29.47,29.82,29.45,29.53,11227.934,2023-08-10 08:00:00
1691668800000,29.54,29.87,29.52,29.62,12024.145,2023-08-10 12:00:00
1691683200000,29.63,29.66,29.42,29.52,6268.529,2023-08-10 16:00:00
1691697600000,29.53,29.53,29.39,29.47,4071.22,2023-08-10 20:00:00
1691712000000,29.47,29.54,29.32,29.43,3080.797,2023-08-11 00:00:00
1691726400000,29.43,29.53,29.38,29.51,6590.398,2023-08-11 04:00:00
1691740800000,29.51,29.55,29.4,29.46,4687.049,2023-08-11 08:00:00
1691755200000,29.47,29.83,29.46,29.58,17908.999,2023-08-11 12:00:00
1691769600000,29.59,29.7,29.51,29.56,2596.665,2023-08-11 16:00:00
1691784000000,29.57,29.63,29.52,29.63,6296.074,2023-08-11 20:00:00
1691798400000,29.63,29.78,29.49,29.51,10706.76,2023-08-12 00:00:00
1691812800000,29.51,29.58,29.49,29.55,2863.508,2023-08-12 04:00:00
1691827200000,29.54,29.62,29.42,29.44,10944.942,2023-08-12 08:00:00
1691841600000,29.44,29.53,29.39,29.39,6803.114,2023-08-12 12:00:00
1691856000000,29.39,29.42,29.15,29.17,6011.577,2023-08-12 16:00:00
1691870400000,29.16,29.32,29.09,29.23,7806.585,2023-08-12 20:00:00
1691884800000,29.24,29.34,29.15,29.25,2090.973,2023-08-13 00:00:00
1691899200000,29.25,29.55,29.13,29.52,9782.369,2023-08-13 04:00:00
1691913600000,29.53,29.62,29.39,29.58,7728.02,2023-08-13 08:00:00
1691928000000,29.59,29.8,29.53,29.75,8826.842,2023-08-13 12:00:00
1691942400000,29.76,30.72,29.59,30.58,18882.55,2023-08-13 16:00:00
1691956800000,30.58,30.65,29.71,29.93,19048.071,2023-08-13 20:00:00
1691971200000,29.92,29.99,29.62,29.91,7979.1,2023-08-14 00:00:00
1691985600000,29.9,30.08,29.77,29.85,7945.619,2023-08-14 04:00:00
1692000000000,29.84,29.95,29.73,29.74,6289.593,2023-08-14 08:00:00
1692014400000,29.75,29.98,29.59,29.87,10608.51,2023-08-14 12:00:00
1692028800000,29.88,29.9,29.42,29.54,19359.621,2023-08-14 16:00:00
1692043200000,29.53,29.74,29.48,29.63,3937.371,2023-08-14 20:00:00
1692057600000,29.61,29.62,29.32,29.34,3456.467,2023-08-15 00:00:00
1692072000000,29.33,29.44,29.16,29.4,10342.751,2023-08-15 04:00:00
1692086400000,29.38,29.58,29.18,29.18,13931.799,2023-08-15 08:00:00
1692100800000,29.18,29.47,29.18,29.27,7307.263,2023-08-15 12:00:00
1692115200000,29.27,29.51,26.41,27.58,45694.682,2023-08-15 16:00:00
1692129600000,27.57,28.21,27.51,28.14,14320.737,2023-08-15 20:00:00
1692144000000,28.12,28.19,27.86,27.91,6043.364,2023-08-16 00:00:00
1692158400000,27.91,28.03,27.43,27.53,9114.311,2023-08-16 04:00:00
1692172800000,27.52,27.6,27.23,27.57,13197.81,2023-08-16 08:00:00
1692187200000,27.55,27.57,27.06,27.31,14800.027,2023-08-16 12:00:00
1692201600000,27.29,27.71,27.11,27.19,16329.916,2023-08-16 16:00:00
1692216000000,27.18,27.21,25.96,26.73,23774.268,2023-08-16 20:00:00
1692230400000,26.74,27.11,26.14,26.94,12022.423,2023-08-17 00:00:00
1692244800000,26.94,27.13,26.84,27.01,5779.074,2023-08-17 04:00:00
1692259200000,27.01,27.05,26.87,26.89,6264.878,2023-08-17 08:00:00
1692273600000,26.89,27.08,26.21,26.32,11513.035,2023-08-17 12:00:00
1692288000000,26.34,26.77,26.14,26.72,9092.137,2023-08-17 16:00:00
1692302400000,26.72,26.74,21.7,24.31,96733.261,2023-08-17 20:00:00
1692316800000,24.36,24.8,24.28,24.42,19276.895,2023-08-18 00:00:00
1692331200000,24.43,25.05,24.24,24.77,20557.935,2023-08-18 04:00:00
1692345600000,24.78,24.9,24.45,24.65,12062.214,2023-08-18 08:00:00
1692360000000,24.67,24.74,24.38,24.46,14637.091,2023-08-18 12:00:00
1692374400000,24.45,24.79,24.15,24.47,11939.49,2023-08-18 16:00:00
1692388800000,24.46,24.64,24.32,24.39,6296.661,2023-08-18 20:00:00
1692403200000,24.39,24.76,24.3,24.67,10987.419,2023-08-19 00:00:00
1692417600000,24.69,24.77,24.5,24.65,8197.582,2023-08-19 04:00:00
1692432000000,24.65,24.79,24.63,24.7,7349.317,2023-08-19 08:00:00
1692446400000,24.69,25.07,24.67,25.04,10275.307,2023-08-19 12:00:00
1692460800000,25.04,25.11,24.87,24.93,9189.526,2023-08-19 16:00:00
1692475200000,24.92,24.96,24.77,24.9,6595.998,2023-08-19 20:00:00
1692489600000,24.89,24.91,24.67,24.8,6484.903,2023-08-20 00:00:00
1692504000000,24.81,24.92,24.71,24.91,3021.89,2023-08-20 04:00:00
1692518400000,24.91,25.46,24.86,25.16,14335.137,2023-08-20 08:00:00
1692532800000,25.15,25.24,24.83,24.98,8392.111,2023-08-20 12:00:00
1692547200000,24.96,25.16,24.87,25.15,7687.237,2023-08-20 16:00:00
1692561600000,25.16,25.5,25.07,25.13,7198.687,2023-08-20 20:00:00
1692576000000,25.13,25.28,24.9,24.9,5121.754,2023-08-21 00:00:00
1692590400000,24.91,25.14,24.73,24.74,3930.487,2023-08-21 04:00:00
1692604800000,24.73,24.87,24.44,24.84,6580.833,2023-08-21 08:00:00
1692619200000,24.84,24.95,24.08,24.45,13412.85,2023-08-21 12:00:00
1692633600000,24.45,24.9,24.42,24.84,3606.509,2023-08-21 16:00:00
1692648000000,24.84,24.93,24.78,24.85,4633.216,2023-08-21 20:00:00
1692662400000,24.84,25.11,24.82,24.95,5081.257,2023-08-22 00:00:00
1692676800000,24.97,25.77,24.83,25.49,22032.266,2023-08-22 04:00:00
1692691200000,25.49,25.61,25.14,25.44,19156.101,2023-08-22 08:00:00
1692705600000,25.44,25.46,24.9,25.08,19563.792,2023-08-22 12:00:00
1692720000000,25.07,25.13,24.3,24.54,16584.436,2023-08-22 16:00:00
1692734400000,24.54,25.1,24.12,24.98,12851.417,2023-08-22 20:00:00
1692748800000,25.0,25.44,24.96,25.23,9616.967,2023-08-23 00:00:00
1692763200000,25.21,25.5,25.15,25.23,6597.489,2023-08-23 04:00:00
1692777600000,25.23,25.24,24.7,24.81,22168.802,2023-08-23 08:00:00
1692792000000,24.82,25.02,24.64,24.95,22413.017,2023-08-23 12:00:00
1692806400000,24.94,25.85,24.94,25.76,32843.557,2023-08-23 16:00:00
1692820800000,25.75,25.88,25.4,25.48,6145.638,2023-08-23 20:00:00
1692835200000,25.49,25.58,25.31,25.35,3710.401,2023-08-24 00:00:00
1692849600000,25.31,25.41,25.11,25.23,4822.419,2023-08-24 04:00:00
1692864000000,25.24,25.24,24.95,24.97,10864.237,2023-08-24 08:00:00
1692878400000,24.96,24.98,24.55,24.56,17936.083,2023-08-24 12:00:00
1692892800000,24.56,24.77,24.35,24.42,18759.804,2023-08-24 16:00:00
1692907200000,24.42,24.8,24.07,24.79,12486.399,2023-08-24 20:00:00
1692921600000,24.8,24.95,24.34,24.53,12330.655,2023-08-25 00:00:00
1692936000000,24.54,24.69,24.3,24.68,7578.667,2023-08-25 04:00:00
1692950400000,24.68,24.94,24.64,24.86,10856.365,2023-08-25 08:00:00
1692964800000,24.86,25.03,24.64,24.99,16374.139,2023-08-25 12:00:00
1692979200000,24.99,25.4,24.78,25.31,20119.37,2023-08-25 16:00:00
1692993600000,25.3,25.3,24.87,25.03,8971.219,2023-08-25 20:00:00
1693008000000,25.03,25.1,24.88,24.99,28545.628,2023-08-26 00:00:00
1693022400000,24.99,25.03,24.81,24.83,4409.276,2023-08-26 04:00:00
1693036800000,24.84,24.89,24.78,24.83,7105.032,2023-08-26 08:00:00
1693051200000,24.84,24.88,24.69,24.78,5958.798,2023-08-26 12:00:00
1693065600000,24.78,24.86,24.7,24.76,3312.294,2023-08-26 16:00:00
1693080000000,24.77,24.9,24.75,24.9,4690.163,2023-08-26 20:00:00
1693094400000,24.9,25.1,24.83,24.9,4261.171,2023-08-27 00:00:00
1693108800000,24.91,24.98,24.72,24.8,3580.778,2023-08-27 04:00:00
1693123200000,24.79,24.81,24.52,24.77,12191.292,2023-08-27 08:00:00
1693137600000,24.76,24.95,24.63,24.91,7937.528,2023-08-27 12:00:00
1693152000000,24.93,25.23,24.87,24.93,15995.07,2023-08-27 16:00:00
1693166400000,24.92,25.1,24.71,25.1,6471.198,2023-08-27 20:00:00
1693180800000,25.1,25.23,24.9,25.01,7671.628,2023-08-28 00:00:00
1693195200000,25.05,25.27,24.7,24.95,14257.961,2023-08-28 04:00:00
1693209600000,24.95,25.01,24.72,24.94,6606.262,2023-08-28 08:00:00
1693224000000,24.94,25.44,24.9,25.07,10938.852,2023-08-28 12:00:00
1693238400000,25.08,25.31,24.98,25.25,9306.676,2023-08-28 16:00:00
1693252800000,25.25,25.43,25.21,25.35,4635.832,2023-08-28 20:00:00
1693267200000,25.36,25.6,25.21,25.4,6389.696,2023-08-29 00:00:00
1693281600000,25.38,25.56,25.17,25.17,17204.176,2023-08-29 04:00:00
1693296000000,25.17,25.19,24.71,24.77,18106.256,2023-08-29 08:00:00
1693310400000,24.75,27.25,24.7,26.22,84597.995,2023-08-29 12:00:00
1693324800000,26.21,27.01,26.2,26.52,24692.006,2023-08-29 16:00:00
1693339200000,26.56,26.71,26.3,26.39,11991.045,2023-08-29 20:00:00
1693353600000,26.4,26.43,25.7,25.95,12330.051,2023-08-30 00:00:00
1693368000000,25.94,26.25,25.93,26.04,10437.563,2023-08-30 04:00:00
1693382400000,26.05,26.07,25.73,25.73,5669.08,2023-08-30 08:00:00
1693396800000,25.72,25.95,25.42,25.66,13660.502,2023-08-30 12:00:00
1693411200000,25.63,26.29,25.59,26.14,21747.766,2023-08-30 16:00:00
1693425600000,26.18,26.26,26.07,26.25,3094.332,2023-08-30 20:00:00
1693440000000,26.23,26.26,26.06,26.16,4170.727,2023-08-31 00:00:00
1693454400000,26.16,26.26,25.89,25.89,7459.874,2023-08-31 04:00:00
1693468800000,25.9,25.9,25.58,25.64,13426.877,2023-08-31 08:00:00
1693483200000,25.65,25.67,25.01,25.13,12781.402,2023-08-31 12:00:00
1693497600000,25.13,25.13,24.15,24.77,17216.198,2023-08-31 16:00:00
1693512000000,24.76,24.85,24.48,24.76,5390.455,2023-08-31 20:00:00
1693526400000,24.76,24.93,24.6,24.7,4344.711,2023-09-01 00:00:00
1693540800000,24.7,24.87,24.52,24.85,11757.832,2023-09-01 04:00:00
1693555200000,24.86,24.91,24.65,24.75,8501.561,2023-09-01 08:00:00
1693569600000,24.76,24.86,24.3,24.56,10848.018,2023-09-01 12:00:00
1693584000000,24.54,24.54,23.6,24.18,32391.926,2023-09-01 16:00:00
1693598400000,24.16,24.39,24.12,24.22,4786.985,2023-09-01 20:00:00
1693612800000,24.22,24.37,24.03,24.11,7449.663,2023-09-02 00:00:00
1693627200000,24.13,24.48,24.07,24.47,9357.542,2023-09-02 04:00:00
1693641600000,24.47,24.7,24.31,24.53,22361.023,2023-09-02 08:00:00
1693656000000,24.54,24.63,24.29,24.5,7065.584,2023-09-02 12:00:00
1693670400000,24.51,24.54,24.12,24.34,4870.932,2023-09-02 16:00:00
1693684800000,24.32,24.75,24.32,24.74,8954.877,2023-09-02 20:00:00
1693699200000,24.75,24.85,24.62,24.72,4391.133,2023-09-03 00:00:00
1693713600000,24.74,25.03,24.73,24.85,12407.94,2023-09-03 04:00:00
1693728000000,24.85,24.92,24.6,24.87,10784.5,2023-09-03 08:00:00
1693742400000,24.88,25.0,24.77,24.81,9818.998,2023-09-03 12:00:00
1693756800000,24.83,24.95,24.72,24.8,5260.908,2023-09-03 16:00:00
1693771200000,24.81,24.86,24.66,24.75,2827.274,2023-09-03 20:00:00
1693785600000,24.76,25.23,24.63,24.99,9970.568,2023-09-04 00:00:00
1693800000000,25.02,25.07,24.5,24.51,8707.019,2023-09-04 04:00:00
1693814400000,24.5,24.66,24.33,24.41,8658.927,2023-09-04 08:00:00
1693828800000,24.41,24.6,24.25,24.47,10046.653,2023-09-04 12:00:00
1693843200000,24.5,24.57,24.41,24.49,5778.607,2023-09-04 16:00:00
1693857600000,24.51,24.56,24.12,24.54,7233.238,2023-09-04 20:00:00
1693872000000,24.53,24.54,24.28,24.51,5517.54,2023-09-05 00:00:00
1693886400000,24.52,24.77,24.52,24.66,5898.692,2023-09-05 04:00:00
1693900800000,24.68,24.79,24.61,24.73,7187.054,2023-09-05 08:00:00
1693915200000,24.74,24.84,24.49,24.74,10595.292,2023-09-05 12:00:00
1693929600000,24.75,24.89,24.58,24.58,6564.158,2023-09-05 16:00:00
1693944000000,24.58,24.68,24.52,24.64,2661.595,2023-09-05 20:00:00
1693958400000,24.63,24.86,24.55,24.74,5175.115,2023-09-06 00:00:00
1693972800000,24.75,24.9,24.62,24.78,9913.544,2023-09-06 04:00:00
1693987200000,24.8,25.16,24.77,24.97,17322.819,2023-09-06 08:00:00
1694001600000,24.98,25.03,24.72,24.85,10658.584,2023-09-06 12:00:00
1694016000000,24.85,25.2,24.56,24.82,8282.182,2023-09-06 16:00:00
1694030400000,24.83,25.21,24.83,25.15,5565.498,2023-09-06 20:00:00
1694044800000,25.15,25.51,24.95,25.39,12492.477,2023-09-07 00:00:00
1694059200000,25.38,25.43,25.11,25.21,9537.55,2023-09-07 04:00:00
1694073600000,25.2,25.22,24.69,24.72,18281.73,2023-09-07 08:00:00
1694088000000,24.71,25.02,24.69,24.97,9855.732,2023-09-07 12:00:00
1694102400000,24.98,25.15,24.95,24.99,9109.355,2023-09-07 16:00:00
1694116800000,24.99,25.38,24.97,25.34,7932.399,2023-09-07 20:00:00
1694131200000,25.35,25.44,25.09,25.29,6118.394,2023-09-08 00:00:00
1694145600000,25.29,25.93,25.15,25.3,33098.409,2023-09-08 04:00:00
1694160000000,25.3,25.3,24.77,25.08,13938.575,2023-09-08 08:00:00
1694174400000,25.08,25.48,25.06,25.2,13883.733,2023-09-08 12:00:00
1694188800000,25.21,25.22,24.76,24.84,9539.067,2023-09-08 16:00:00
1694203200000,24.84,25.04,24.84,25.04,2633.227,2023-09-08 20:00:00
1694217600000,25.04,25.18,24.95,25.17,3687.032,2023-09-09 00:00:00
1694232000000,25.16,25.33,25.1,25.29,5748.11,2023-09-09 04:00:00
1694246400000,25.3,25.46,25.27,25.4,10326.783,2023-09-09 08:00:00
1694260800000,25.41,25.44,25.21,25.41,6202.354,2023-09-09 12:00:00
1694275200000,25.4,25.43,25.24,25.41,3225.524,2023-09-09 16:00:00
1694289600000,25.41,25.43,25.32,25.35,1809.044,2023-09-09 20:00:00
1694304000000,25.38,25.38,25.06,25.09,5649.038,2023-09-10 00:00:00
1694318400000,25.09,25.09,24.25,24.81,21873.494,2023-09-10 04:00:00
1694332800000,24.79,24.81,24.53,24.64,10010.027,2023-09-10 08:00:00
1694347200000,24.64,24.89,24.39,24.64,11594.069,2023-09-10 12:00:00
1694361600000,24.64,24.72,24.26,24.63,12701.217,2023-09-10 16:00:00
1694376000000,24.61,24.94,24.54,24.8,8026.149,2023-09-10 20:00:00
1694390400000,24.8,25.16,24.67,25.14,9522.029,2023-09-11 00:00:00
1694404800000,25.13,25.14,24.85,24.85,6363.124,2023-09-11 04:00:00
1694419200000,24.86,24.86,23.85,24.33,18879.07,2023-09-11 08:00:00
1694433600000,24.31,24.65,24.24,24.59,16290.384,2023-09-11 12:00:00
1694448000000,24.57,24.69,23.92,24.04,14592.417,2023-09-11 16:00:00
1694462400000,24.03,24.67,23.95,24.6,18105.403,2023-09-11 20:00:00
1694476800000,24.6,25.66,24.58,25.48,19771.119,2023-09-12 00:00:00
1694491200000,25.48,25.63,24.82,25.03,14623.828,2023-09-12 04:00:00
1694505600000,25.03,25.63,24.94,25.08,26695.402,2023-09-12 08:00:00
1694520000000,25.08,25.12,24.81,24.89,12536.915,2023-09-12 12:00:00
1694534400000,24.9,25.1,24.52,25.09,20393.262,2023-09-12 16:00:00
1694548800000,25.09,25.12,24.76,24.78,3475.364,2023-09-12 20:00:00
1694563200000,24.78,24.97,24.75,24.82,5146.72,2023-09-13 00:00:00
1694577600000,24.84,25.46,24.74,25.0,14100.09,2023-09-13 04:00:00
1694592000000,24.99,25.42,24.94,25.39,9823.596,2023-09-13 08:00:00
1694606400000,25.39,25.77,25.2,25.52,21874.964,2023-09-13 12:00:00
1694620800000,25.53,25.73,25.36,25.55,13138.883,2023-09-13 16:00:00
1694635200000,25.55,25.58,25.31,25.33,3796.651,2023-09-13 20:00:00
1694649600000,25.34,25.61,25.15,25.27,8479.424,2023-09-14 00:00:00
1694664000000,25.26,25.64,25.14,25.57,15866.67,2023-09-14 04:00:00
1694678400000,25.59,25.8,25.47,25.67,12247.281,2023-09-14 08:00:00
1694692800000,25.66,25.79,25.38,25.66,11810.698,2023-09-14 12:00:00
1694707200000,25.68,25.7,25.34,25.4,7596.65,2023-09-14 16:00:00
1694721600000,25.41,25.49,25.24,25.32,3810.746,2023-09-14 20:00:00
1694736000000,25.33,25.61,25.22,25.59,5317.962,2023-09-15 00:00:00
1694750400000,25.58,25.91,25.56,25.75,15211.397,2023-09-15 04:00:00
1694764800000,25.76,25.84,25.45,25.49,12106.75,2023-09-15 08:00:00
1694779200000,25.49,25.58,25.29,25.43,11618.998,2023-09-15 12:00:00
1694793600000,25.44,25.76,25.36,25.69,12559.54,2023-09-15 16:00:00
1694808000000,25.71,26.24,25.7,26.07,14863.712,2023-09-15 20:00:00
1694822400000,26.09,26.52,26.05,26.07,5747.661,2023-09-16 00:00:00
1694836800000,26.1,26.42,26.0,26.4,6658.777,2023-09-16 04:00:00
1694851200000,26.39,26.4,26.1,26.18,5602.323,2023-09-16 08:00:00
1694865600000,26.2,26.23,25.82,25.94,7195.863,2023-09-16 12:00:00
1694880000000,25.97,26.11,25.9,25.93,3876.054,2023-09-16 16:00:00
1694894400000,25.93,26.08,25.93,26.05,2602.518,2023-09-16 20:00:00
1694908800000,26.05,26.07,25.3,25.74,13371.047,2023-09-17 00:00:00
1694923200000,25.75,25.9,25.66,25.76,3360.425,2023-09-17 04:00:00
1694937600000,25.74,25.99,25.71,25.84,4490.991,2023-09-17 08:00:00
1694952000000,25.85,25.93,25.68,25.83,5637.952,2023-09-17 12:00:00
1694966400000,25.82,25.86,25.39,25.58,6920.755,2023-09-17 16:00:00
1694980800000,25.57,25.59,25.09,25.48,6101.046,2023-09-17 20:00:00
1694995200000,25.45,25.82,25.24,25.73,4683.992,2023-09-18 00:00:00
1695009600000,25.73,25.95,25.53,25.61,7001.748,2023-09-18 04:00:00
1695024000000,25.62,26.1,25.51,26.1,12349.341,2023-09-18 08:00:00
1695038400000,26.1,26.23,25.96,26.02,10929.899,2023-09-18 12:00:00
1695052800000,26.02,26.12,25.56,25.65,15298.708,2023-09-18 16:00:00
1695067200000,25.62,25.63,25.35,25.39,3726.086,2023-09-18 20:00:00
1695081600000,25.37,25.62,25.25,25.58,6132.1,2023-09-19 00:00:00
1695096000000,25.58,25.92,25.54,25.87,8797.923,2023-09-19 04:00:00
1695110400000,25.87,26.16,25.78,25.88,13547.451,2023-09-19 08:00:00
1695124800000,25.89,26.1,25.6,26.04,8562.726,2023-09-19 12:00:00
1695139200000,26.05,26.08,25.62,25.67,4076.03,2023-09-19 16:00:00
1695153600000,25.66,25.86,25.45,25.83,4862.995,2023-09-19 20:00:00
1695168000000,25.81,26.14,25.69,25.87,8678.685,2023-09-20 00:00:00
1695182400000,25.87,26.02,25.8,25.9,5879.401,2023-09-20 04:00:00
1695196800000,25.89,28.17,25.78,25.96,27633.389,2023-09-20 08:00:00
1695211200000,25.93,26.09,25.83,25.97,9394.905,2023-09-20 12:00:00
1695225600000,25.98,26.28,25.69,25.96,7047.577,2023-09-20 16:00:00
1695240000000,25.98,26.2,25.97,26.1,5022.198,2023-09-20 20:00:00
1695254400000,26.14,26.3,26.04,26.21,6808.493,2023-09-21 00:00:00
1695268800000,26.21,26.35,25.96,26.15,7683.076,2023-09-21 04:00:00
1695283200000,26.14,26.22,25.65,25.84,9707.744,2023-09-21 08:00:00
1695297600000,25.86,26.19,25.6,26.15,11048.993,2023-09-21 12:00:00
1695312000000,26.14,26.19,25.91,26.15,8425.604,2023-09-21 16:00:00
1695326400000,26.14,26.2,25.87,26.09,8317.943,2023-09-21 20:00:00
1695340800000,26.11,26.38,25.86,26.35,7639.921,2023-09-22 00:00:00
1695355200000,26.35,26.41,25.99,26.2,10053.847,2023-09-22 04:00:00
1695369600000,26.2,26.54,26.18,26.27,14245.439,2023-09-22 08:00:00
1695384000000,26.28,26.51,26.16,26.37,11657.413,2023-09-22 12:00:00
1695398400000,26.38,26.6,26.25,26.51,8324.005,2023-09-22 16:00:00
1695412800000,26.51,26.76,26.5,26.68,7950.895,2023-09-22 20:00:00
1695427200000,26.7,26.86,26.59,26.66,8642.085,2023-09-23 00:00:00
1695441600000,26.66,26.9,26.56,26.77,5829.767,2023-09-23 04:00:00
1695456000000,26.77,26.78,26.65,26.7,3071.468,2023-09-23 08:00:00
1695470400000,26.71,26.72,26.42,26.5,4873.233,2023-09-23 12:00:00
1695484800000,26.5,26.74,26.45,26.66,6474.099,2023-09-23 16:00:00
1695499200000,26.65,26.68,26.55,26.62,1446.839,2023-09-23 20:00:00
1695513600000,26.61,26.79,26.45,26.61,6273.959,2023-09-24 00:00:00
1695528000000,26.61,26.64,26.41,26.48,2810.833,2023-09-24 04:00:00
1695542400000,26.47,26.56,26.37,26.37,2222.155,2023-09-24 08:00:00
1695556800000,26.38,26.59,26.28,26.56,4168.763,2023-09-24 12:00:00
1695571200000,26.51,26.54,25.93,26.02,14407.725,2023-09-24 16:00:00
1695585600000,26.01,26.16,25.72,25.86,4707.42,2023-09-24 20:00:00
1695600000000,25.83,26.18,25.6,26.14,6779.559,2023-09-25 00:00:00
1695614400000,26.14,26.16,25.89,26.14,5308.18,2023-09-25 04:00:00
1695628800000,26.15,26.19,26.03,26.12,3502.683,2023-09-25 08:00:00
1695643200000,26.11,26.41,26.05,26.38,10070.609,2023-09-25 12:00:00
1695657600000,26.39,26.5,26.2,26.25,5028.508,2023-09-25 16:00:00
1695672000000,26.26,26.31,26.06,26.13,1463.143,2023-09-25 20:00:00
1695686400000,26.11,26.29,26.02,26.21,4295.966,2023-09-26 00:00:00
1695700800000,26.22,26.23,25.94,25.98,5190.221,2023-09-26 04:00:00
1695715200000,25.96,26.07,25.82,25.94,6810.71,2023-09-26 08:00:00
1695729600000,25.93,26.22,25.81,26.02,12817.181,2023-09-26 12:00:00
1695744000000,26.02,26.38,26.01,26.36,11051.159,2023-09-26 16:00:00
1695758400000,26.35,26.38,25.93,26.24,3284.632,2023-09-26 20:00:00
1695772800000,26.23,26.37,26.12,26.37,4848.383,2023-09-27 00:00:00
1695787200000,26.37,26.38,26.08,26.11,3299.729,2023-09-27 04:00:00
1695801600000,26.09,26.43,26.03,26.38,3505.476,2023-09-27 08:00:00
1695816000000,26.39,26.51,25.9,25.98,7819.115,2023-09-27 12:00:00
1695830400000,25.98,26.28,25.86,26.23,9451.219,2023-09-27 16:00:00
1695844800000,26.21,26.23,25.9,26.07,4011.219,2023-09-27 20:00:00
1695859200000,26.06,26.3,25.99,26.09,4315.045,2023-09-28 00:00:00
1695873600000,26.09,26.18,25.98,26.1,4712.653,2023-09-28 04:00:00
1695888000000,26.08,26.15,25.92,25.99,4330.79,2023-09-28 08:00:00
1695902400000,25.97,26.22,25.92,26.22,7030.597,2023-09-28 12:00:00
1695916800000,26.21,26.39,26.06,26.37,6121.773,2023-09-28 16:00:00
1695931200000,26.38,26.47,26.26,26.43,3900.679,2023-09-28 20:00:00
1695945600000,26.44,26.65,26.38,26.57,7636.72,2023-09-29 00:00:00
1695960000000,26.58,26.76,26.49,26.73,2918.312,2023-09-29 04:00:00
1695974400000,26.75,26.79,26.56,26.65,4081.33,2023-09-29 08:00:00
1695988800000,26.66,26.84,26.42,26.64,11468.615,2023-09-29 12:00:00
1696003200000,26.64,27.04,26.58,26.97,26391.477,2023-09-29 16:00:00
1696017600000,26.98,27.01,26.57,26.69,10219.517,2023-09-29 20:00:00
1696032000000,26.7,26.76,26.57,26.62,2052.06,2023-09-30 00:00:00
1696046400000,26.62,26.72,26.54,26.57,3572.082,2023-09-30 04:00:00
1696060800000,26.57,26.84,26.54,26.72,9093.097,2023-09-30 08:00:00
1696075200000,26.72,27.15,26.71,27.06,7737.982,2023-09-30 12:00:00
1696089600000,27.06,27.26,27.05,27.16,6976.254,2023-09-30 16:00:00
1696104000000,27.16,27.2,26.88,26.91,6151.589,2023-09-30 20:00:00
1696118400000,26.91,27.17,26.89,27.17,3454.454,2023-10-01 00:00:00
1696132800000,27.16,27.52,27.13,27.2,9162.474,2023-10-01 04:00:00
1696147200000,27.2,27.6,27.15,27.43,4827.704,2023-10-01 08:00:00
1696161600000,27.42,27.56,27.29,27.39,7683.779,2023-10-01 12:00:00
1696176000000,27.37,27.43,27.1,27.35,6307.273,2023-10-01 16:00:00
1696190400000,27.35,28.23,27.26,28.06,15523.825,2023-10-01 20:00:00
1696204800000,28.06,28.31,27.91,28.23,8739.399,2023-10-02 00:00:00
1696219200000,28.2,28.27,27.84,28.21,7307.832,2023-10-02 04:00:00
1696233600000,28.21,28.23,27.89,27.95,7212.7,2023-10-02 08:00:00
1696248000000,27.93,28.04,27.27,27.41,12176.199,2023-10-02 12:00:00
1696262400000,27.41,27.63,26.89,27.33,14572.089,2023-10-02 16:00:00
1696276800000,27.33,27.44,27.04,27.29,8741.1,2023-10-02 20:00:00
1696291200000,27.3,27.6,27.27,27.57,3184.386,2023-10-03 00:00:00
1696305600000,27.57,27.79,27.49,27.55,5370.163,2023-10-03 04:00:00
1696320000000,27.55,27.66,27.2,27.22,8103.611,2023-10-03 08:00:00
1696334400000,27.24,27.37,26.93,26.97,6797.249,2023-10-03 12:00:00
1696348800000,26.94,27.26,26.9,26.9,8120.478,2023-10-03 16:00:00
1696363200000,26.9,27.05,26.64,26.9,9592.873,2023-10-03 20:00:00
1696377600000,26.92,26.92,26.0,26.67,16598.614,2023-10-04 00:00:00
1696392000000,26.68,26.77,26.53,26.61,3254.87,2023-10-04 04:00:00
1696406400000,26.62,26.89,26.58,26.71,10933.219,2023-10-04 08:00:00
1696420800000,26.72,26.97,26.6,26.8,20722.313,2023-10-04 12:00:00
1696435200000,26.81,27.08,26.75,26.95,7804.472,2023-10-04 16:00:00
1696449600000,26.95,27.27,26.9,27.13,2451.853,2023-10-04 20:00:00
1696464000000,27.12,27.24,26.99,27.11,4161.737,2023-10-05 00:00:00
1696478400000,27.11,27.28,27.03,27.11,4871.722,2023-10-05 04:00:00
1696492800000,27.14,27.35,27.12,27.17,4968.28,2023-10-05 08:00:00
1696507200000,27.15,27.29,26.8,26.95,4789.875,2023-10-05 12:00:00
1696521600000,26.93,27.12,26.79,27.12,3711.133,2023-10-05 16:00:00
1696536000000,27.11,27.27,27.1,27.11,6380.932,2023-10-05 20:00:00
1696550400000,27.14,27.43,27.08,27.36,3470.759,2023-10-06 00:00:00
1696564800000,27.36,27.52,27.22,27.49,2764.287,2023-10-06 04:00:00
1696579200000,27.5,27.54,27.27,27.37,4040.617,2023-10-06 08:00:00
1696593600000,27.36,27.44,27.06,27.2,6317.41,2023-10-06 12:00:00
1696608000000,27.24,27.24,26.8,26.86,22712.226,2023-10-06 16:00:00
1696622400000,26.86,26.98,26.67,26.73,4006.455,2023-10-06 20:00:00
1696636800000,26.73,26.91,26.55,26.57,10871.734,2023-10-07 00:00:00
1696651200000,26.56,26.83,26.56,26.79,6182.137,2023-10-07 04:00:00
1696665600000,26.78,27.02,26.72,26.86,6899.636,2023-10-07 08:00:00
1696680000000,26.88,27.23,26.87,27.09,15917.444,2023-10-07 12:00:00
1696694400000,27.09,27.09,26.78,26.78,2193.615,2023-10-07 16:00:00
1696708800000,26.8,27.0,26.8,27.0,2733.667,2023-10-07 20:00:00
1696723200000,26.99,27.13,26.89,27.11,1508.886,2023-10-08 00:00:00
1696737600000,27.14,27.15,26.86,26.88,2789.003,2023-10-08 04:00:00
1696752000000,26.89,27.0,26.51,26.53,4682.779,2023-10-08 08:00:00
1696766400000,26.52,26.6,26.25,26.27,13041.49,2023-10-08 12:00:00
1696780800000,26.28,26.3,26.12,26.29,14372.432,2023-10-08 16:00:00
1696795200000,26.28,26.3,26.04,26.22,6105.333,2023-10-08 20:00:00
1696809600000,26.2,26.3,26.09,26.18,5806.568,2023-10-09 00:00:00
1696824000000,26.15,26.46,26.15,26.28,7778.774,2023-10-09 04:00:00
1696838400000,26.28,26.31,24.91,25.57,25551.299,2023-10-09 08:00:00
1696852800000,25.54,25.78,25.45,25.45,10968.9,2023-10-09 12:00:00
1696867200000,25.46,25.51,24.75,25.4,11547.965,2023-10-09 16:00:00
1696881600000,25.43,25.64,25.37,25.57,4888.895,2023-10-09 20:00:00
1696896000000,25.58,25.8,25.49,25.75,4497.736,2023-10-10 00:00:00
1696910400000,25.75,25.83,25.64,25.76,7273.973,2023-10-10 04:00:00
1696924800000,25.73,25.85,25.5,25.5,5994.423,2023-10-10 08:00:00
1696939200000,25.52,25.8,25.47,25.66,8241.674,2023-10-10 12:00:00
1696953600000,25.66,25.76,25.34,25.35,5053.07,2023-10-10 16:00:00
1696968000000,25.35,25.52,25.12,25.48,2087.389,2023-10-10 20:00:00
1696982400000,25.49,25.61,25.04,25.18,5561.794,2023-10-11 00:00:00
1696996800000,25.17,25.3,24.86,25.14,28683.25,2023-10-11 04:00:00
1697011200000,25.14,25.41,25.02,25.22,4668.819,2023-10-11 08:00:00
1697025600000,25.22,25.31,24.69,24.91,7225.918,2023-10-11 12:00:00
1697040000000,24.89,25.09,24.68,25.04,26049.994,2023-10-11 16:00:00
1697054400000,25.06,25.21,25.03,25.11,4856.759,2023-10-11 20:00:00
1697068800000,25.1,25.11,24.8,25.0,8402.789,2023-10-12 00:00:00
1697083200000,24.98,25.29,24.98,25.12,6880.485,2023-10-12 04:00:00
1697097600000,25.11,25.13,24.7,24.86,15595.828,2023-10-12 08:00:00
1697112000000,24.87,24.89,24.7,24.75,5323.448,2023-10-12 12:00:00
1697126400000,24.74,24.8,24.5,24.67,7946.984,2023-10-12 16:00:00
1697140800000,24.66,24.71,24.5,24.52,5325.711,2023-10-12 20:00:00
1697155200000,24.53,24.61,24.38,24.46,11650.97,2023-10-13 00:00:00
1697169600000,24.45,24.99,24.43,24.94,14297.479,2023-10-13 04:00:00
1697184000000,24.94,24.98,24.73,24.88,8014.187,2023-10-13 08:00:00
1697198400000,24.88,25.0,24.69,24.74,7355.083,2023-10-13 12:00:00
1697212800000,24.74,24.86,24.71,24.77,3081.266,2023-10-13 16:00:00
1697227200000,24.78,25.26,24.77,24.97,5308.539,2023-10-13 20:00:00
1697241600000,24.94,25.17,24.93,25.14,1728.534,2023-10-14 00:00:00
1697256000000,25.15,25.2,25.01,25.1,3443.829,2023-10-14 04:00:00
1697270400000,25.09,25.22,25.04,25.13,2950.119,2023-10-14 08:00:00
1697284800000,25.13,25.23,25.08,25.22,4657.805,2023-10-14 12:00:00
1697299200000,25.21,25.27,25.1,25.17,4406.37,2023-10-14 16:00:00
1697313600000,25.19,25.27,24.93,24.95,5309.572,2023-10-14 20:00:00
1697328000000,24.95,25.21,24.88,25.11,10097.451,2023-10-15 00:00:00
1697342400000,25.13,25.18,25.06,25.08,1792.931,2023-10-15 04:00:00
1697356800000,25.09,25.1,24.95,25.0,2704.405,2023-10-15 08:00:00
1697371200000,24.99,25.11,24.85,25.01,6955.946,2023-10-15 12:00:00
1697385600000,25.0,25.28,25.0,25.11,8982.117,2023-10-15 16:00:00
1697400000000,25.11,25.3,25.05,25.13,3706.327,2023-10-15 20:00:00
1697414400000,25.14,25.37,25.13,25.28,4637.067,2023-10-16 00:00:00
1697428800000,25.28,25.68,25.21,25.37,16991.752,2023-10-16 04:00:00
1697443200000,25.36,25.56,25.36,25.53,6726.945,2023-10-16 08:00:00
1697457600000,25.53,26.3,25.3,25.3,25251.349,2023-10-16 12:00:00
1697472000000,25.3,25.7,25.3,25.55,5119.964,2023-10-16 16:00:00
1697486400000,25.57,25.8,25.49,25.6,15973.487,2023-10-16 20:00:00
1697500800000,25.61,25.68,25.27,25.29,20073.516,2023-10-17 00:00:00
1697515200000,25.27,25.41,25.15,25.22,3697.035,2023-10-17 04:00:00
1697529600000,25.22,25.31,25.16,25.16,6572.417,2023-10-17 08:00:00
1697544000000,25.16,25.19,24.5,24.79,16635.273,2023-10-17 12:00:00
1697558400000,24.77,24.87,24.4,24.69,8369.157,2023-10-17 16:00:00
1697572800000,24.7,24.8,24.55,24.61,6216.358,2023-10-17 20:00:00
1697587200000,24.59,24.82,24.48,24.81,10554.829,2023-10-18 00:00:00
1697601600000,24.8,25.11,24.66,24.66,12138.047,2023-10-18 04:00:00
1697616000000,24.67,25.05,24.6,24.9,38844.697,2023-10-18 08:00:00
1697630400000,24.9,24.94,24.7,24.85,12641.084,2023-10-18 12:00:00
1697644800000,24.84,24.96,24.67,24.78,17556.037,2023-10-18 16:00:00
1697659200000,24.78,24.93,24.63,24.77,14101.471,2023-10-18 20:00:00
1697673600000,24.76,24.96,24.41,24.81,8877.873,2023-10-19 00:00:00
1697688000000,24.81,25.03,24.69,24.87,12139.978,2023-10-19 04:00:00
1697702400000,24.87,24.9,24.75,24.89,10919.711,2023-10-19 08:00:00
1697716800000,24.89,25.06,24.76,24.99,19672.358,2023-10-19 12:00:00
1697731200000,24.99,25.13,24.8,25.05,14853.338,2023-10-19 16:00:00
1697745600000,25.05,25.12,24.92,25.01,7189.718,2023-10-19 20:00:00
1697760000000,25.01,25.47,24.95,25.39,9312.534,2023-10-20 00:00:00
1697774400000,25.38,25.57,25.31,25.47,9767.072,2023-10-20 04:00:00
1697788800000,25.46,25.79,25.45,25.6,23260.831,2023-10-20 08:00:00
1697803200000,25.6,25.62,25.32,25.43,15640.62,2023-10-20 12:00:00
1697817600000,25.42,25.48,25.25,25.34,5773.989,2023-10-20 16:00:00
1697832000000,25.35,25.43,25.23,25.26,4802.168,2023-10-20 20:00:00
1697846400000,25.3,25.35,25.23,25.3,3550.072,2023-10-21 00:00:00
1697860800000,25.3,25.55,25.29,25.49,6926.636,2023-10-21 04:00:00
1697875200000,25.49,25.57,25.42,25.5,13011.795,2023-10-21 08:00:00
1697889600000,25.49,25.92,25.44,25.85,18836.16,2023-10-21 12:00:00
1697904000000,25.84,25.94,25.53,25.7,19021.32,2023-10-21 16:00:00
1697918400000,25.7,25.73,25.51,25.65,8330.677,2023-10-21 20:00:00
1697932800000,25.65,25.79,25.57,25.66,7754.4,2023-10-22 00:00:00
1697947200000,25.66,26.0,25.1,25.45,18471.705,2023-10-22 04:00:00
1697961600000,25.47,25.54,25.19,25.27,8975.945,2023-10-22 08:00:00
1697976000000,25.28,25.55,25.24,25.38,7713.649,2023-10-22 12:00:00
1697990400000,25.38,25.7,25.36,25.61,8285.876,2023-10-22 16:00:00
1698004800000,25.61,25.94,25.51,25.87,7728.493,2023-10-22 20:00:00
1698019200000,25.88,26.47,25.75,26.36,20273.929,2023-10-23 00:00:00
1698033600000,26.41,26.62,26.04,26.19,24073.336,2023-10-23 04:00:00
1698048000000,26.22,26.44,25.9,26.3,26020.812,2023-10-23 08:00:00
1698062400000,26.29,26.35,25.96,26.17,13501.675,2023-10-23 12:00:00
1698076800000,26.17,26.7,26.06,26.68,15450.754,2023-10-23 16:00:00
1698091200000,26.69,27.67,26.56,27.26,35425.185,2023-10-23 20:00:00
1698105600000,27.3,28.0,27.11,27.26,37982.361,2023-10-24 00:00:00
1698120000000,27.28,27.86,26.99,27.3,21723.843,2023-10-24 04:00:00
1698134400000,27.3,27.86,27.27,27.84,22097.233,2023-10-24 08:00:00
1698148800000,27.83,28.18,26.55,27.08,33246.582,2023-10-24 12:00:00
1698163200000,27.1,27.5,26.75,27.4,11060.153,2023-10-24 16:00:00
1698177600000,27.39,27.72,27.07,27.51,4190.603,2023-10-24 20:00:00
1698192000000,27.5,27.93,27.42,27.58,11409.83,2023-10-25 00:00:00
1698206400000,27.59,27.75,26.93,27.06,15514.992,2023-10-25 04:00:00
1698220800000,27.04,27.48,26.97,27.31,14631.551,2023-10-25 08:00:00
1698235200000,27.32,27.89,27.3,27.77,21047.492,2023-10-25 12:00:00
1698249600000,27.72,27.95,27.09,27.47,24524.208,2023-10-25 16:00:00
1698264000000,27.46,27.51,27.08,27.42,7258.966,2023-10-25 20:00:00
1698278400000,27.42,27.89,27.29,27.88,5377.168,2023-10-26 00:00:00
1698292800000,27.88,28.55,27.48,28.43,21071.983,2023-10-26 04:00:00
1698307200000,28.38,29.0,27.78,28.04,56338.106,2023-10-26 08:00:00
1698321600000,28.05,28.35,26.93,27.38,22303.53,2023-10-26 12:00:00
1698336000000,27.38,27.8,27.19,27.74,6304.164,2023-10-26 16:00:00
1698350400000,27.72,28.15,27.71,27.78,12473.359,2023-10-26 20:00:00
1698364800000,27.76,27.9,27.22,27.51,7583.88,2023-10-27 00:00:00
1698379200000,27.5,27.66,27.27,27.31,5577.755,2023-10-27 04:00:00
1698393600000,27.3,27.67,27.22,27.29,10471.055,2023-10-27 08:00:00
1698408000000,27.3,27.57,27.05,27.3,14784.584,2023-10-27 12:00:00
1698422400000,27.28,27.33,26.4,26.93,13467.825,2023-10-27 16:00:00
1698436800000,26.94,27.5,26.86,27.31,24828.343,2023-10-27 20:00:00
1698451200000,27.31,27.63,27.24,27.43,17149.184,2023-10-28 00:00:00
1698465600000,27.46,27.96,27.39,27.79,17622.23,2023-10-28 04:00:00
1698480000000,27.78,28.04,27.53,27.81,22429.033,2023-10-28 08:00:00
1698494400000,27.79,28.08,27.55,28.08,8537.689,2023-10-28 12:00:00
1698508800000,28.06,28.07,27.8,27.84,8815.365,2023-10-28 16:00:00
1698523200000,27.84,28.04,27.77,27.86,2947.834,2023-10-28 20:00:00
1698537600000,27.86,27.99,27.5,27.63,5374.779,2023-10-29 00:00:00
1698552000000,27.65,27.85,27.65,27.78,2438.198,2023-10-29 04:00:00
1698566400000,27.76,27.94,27.69,27.8,9892.109,2023-10-29 08:00:00
1698580800000,27.82,28.19,27.74,28.0,11596.902,2023-10-29 12:00:00
1698595200000,28.0,28.12,27.75,27.97,12297.396,2023-10-29 16:00:00
1698609600000,27.97,28.38,27.88,28.22,15001.91,2023-10-29 20:00:00
1698624000000,28.22,28.55,28.11,28.2,11792.446,2023-10-30 00:00:00
1698638400000,28.2,28.43,27.96,28.05,12736.22,2023-10-30 04:00:00
1698652800000,28.02,28.64,28.0,28.58,13650.582,2023-10-30 08:00:00
1698667200000,28.58,28.72,28.25,28.42,11189.814,2023-10-30 12:00:00
1698681600000,28.42,28.49,27.82,28.25,18934.654,2023-10-30 16:00:00
1698696000000,28.27,28.62,28.15,28.49,11298.908,2023-10-30 20:00:00
1698710400000,28.49,28.95,28.29,28.45,22879.532,2023-10-31 00:00:00
1698724800000,28.44,28.57,27.86,28.01,29323.439,2023-10-31 04:00:00
1698739200000,28.01,28.88,27.64,28.7,32601.69,2023-10-31 08:00:00
1698753600000,28.69,28.79,27.45,27.92,19279.128,2023-10-31 12:00:00
1698768000000,27.85,28.25,27.77,28.14,16630.185,2023-10-31 16:00:00
1698782400000,28.14,28.37,27.95,28.32,14745.256,2023-10-31 20:00:00
1698796800000,28.32,28.47,27.75,27.87,5179.739,2023-11-01 00:00:00
1698811200000,27.85,27.94,27.46,27.7,16738.101,2023-11-01 04:00:00
1698825600000,27.66,27.78,27.39,27.69,7594.152,2023-11-01 08:00:00
1698840000000,27.67,28.1,27.39,27.58,14450.793,2023-11-01 12:00:00
1698854400000,27.56,28.67,27.55,28.4,16332.575,2023-11-01 16:00:00
1698868800000,28.4,28.99,28.4,28.66,35653.554,2023-11-01 20:00:00
1698883200000,28.66,29.28,28.47,29.07,16050.63,2023-11-02 00:00:00
1698897600000,29.08,29.1,28.23,28.48,23873.556,2023-11-02 04:00:00
1698912000000,28.48,28.73,28.24,28.61,11367.736,2023-11-02 08:00:00
1698926400000,28.61,28.66,27.3,27.53,39004.838,2023-11-02 12:00:00
1698940800000,27.51,27.66,27.1,27.61,15970.975,2023-11-02 16:00:00
1698955200000,27.6,27.71,27.31,27.5,13494.792,2023-11-02 20:00:00
1698969600000,27.5,27.52,26.58,27.09,16343.99,2023-11-03 00:00:00
1698984000000,27.07,27.28,26.96,27.06,19626.338,2023-11-03 04:00:00
1698998400000,27.06,27.28,26.74,26.95,19913.046,2023-11-03 08:00:00
1699012800000,26.91,27.34,26.8,27.33,28051.667,2023-11-03 12:00:00
1699027200000,27.32,27.43,27.04,27.35,18050.235,2023-11-03 16:00:00
1699041600000,27.29,27.69,27.26,27.67,7674.298,2023-11-03 20:00:00
1699056000000,27.65,27.87,27.55,27.81,9972.791,2023-11-04 00:00:00
1699070400000,27.81,28.07,27.59,27.83,14017.273,2023-11-04 04:00:00
1699084800000,27.82,28.06,27.71,27.85,13216.432,2023-11-04 08:00:00
1699099200000,27.85,28.1,27.51,27.67,14685.044,2023-11-04 12:00:00
1699113600000,27.71,27.78,27.56,27.64,9254.287,2023-11-04 16:00:00
1699128000000,27.65,28.3,27.61,28.16,16482.799,2023-11-04 20:00:00
1699142400000,28.18,28.56,27.97,28.56,15117.379,2023-11-05 00:00:00
1699156800000,28.56,28.58,28.19,28.51,10511.792,2023-11-05 04:00:00
1699171200000,28.54,28.7,28.2,28.65,16916.069,2023-11-05 08:00:00
1699185600000,28.66,28.91,28.07,28.46,38586.902,2023-11-05 12:00:00
1699200000000,28.46,28.87,28.42,28.57,20892.739,2023-11-05 16:00:00
1699214400000,28.56,28.89,28.01,28.64,12749.51,2023-11-05 20:00:00
1699228800000,28.63,29.2,28.44,28.92,14642.686,2023-11-06 00:00:00
1699243200000,28.92,28.98,28.2,28.86,15374.4,2023-11-06 04:00:00
1699257600000,28.87,29.45,28.65,29.31,20085.267,2023-11-06 08:00:00
1699272000000,29.32,29.48,28.92,29.28,20991.229,2023-11-06 12:00:00
1699286400000,29.26,29.68,29.01,29.63,13459.119,2023-11-06 16:00:00
1699300800000,29.64,29.88,29.42,29.85,10766.259,2023-11-06 20:00:00
1699315200000,29.83,29.84,29.03,29.64,14864.686,2023-11-07 00:00:00
1699329600000,29.64,30.13,29.31,30.07,18279.784,2023-11-07 04:00:00
1699344000000,30.06,30.24,29.03,29.19,26077.119,2023-11-07 08:00:00
1699358400000,29.21,29.44,28.45,28.7,22347.443,2023-11-07 12:00:00
1699372800000,28.73,29.55,28.28,29.32,23987.742,2023-11-07 16:00:00
1699387200000,29.34,29.6,29.04,29.26,10677.271,2023-11-07 20:00:00
1699401600000,29.23,30.1,28.96,29.29,18784.748,2023-11-08 00:00:00
1699416000000,29.33,30.06,29.22,29.92,26973.071,2023-11-08 04:00:00
1699430400000,29.89,30.37,29.77,30.06,24362.626,2023-11-08 08:00:00
1699444800000,30.08,30.13,29.45,29.89,12618.348,2023-11-08 12:00:00
1699459200000,29.86,30.15,29.78,30.02,14783.861,2023-11-08 16:00:00
1699473600000,29.98,30.32,29.85,30.04,15313.198,2023-11-08 20:00:00
1699488000000,30.06,30.64,29.85,30.61,24681.484,2023-11-09 00:00:00
1699502400000,30.61,30.73,30.04,30.17,22162.703,2023-11-09 04:00:00
1699516800000,30.16,30.52,29.89,30.05,27259.757,2023-11-09 08:00:00
1699531200000,30.04,31.0,29.99,30.3,62514.594,2023-11-09 12:00:00
1699545600000,30.33,30.49,25.63,28.49,121272.828,2023-11-09 16:00:00
1699560000000,28.48,29.59,27.97,29.52,30606.082,2023-11-09 20:00:00
1699574400000,29.51,30.5,29.39,29.9,31132.609,2023-11-10 00:00:00
1699588800000,29.92,30.14,29.42,29.54,25894.108,2023-11-10 04:00:00
1699603200000,29.54,30.24,28.97,30.08,21081.738,2023-11-10 08:00:00
1699617600000,30.08,30.1,28.82,29.57,20017.535,2023-11-10 12:00:00
1699632000000,29.58,30.57,29.53,30.29,38422.693,2023-11-10 16:00:00
1699646400000,30.3,30.65,30.06,30.36,14216.079,2023-11-10 20:00:00
1699660800000,30.37,30.72,29.81,29.83,48548.488,2023-11-11 00:00:00
1699675200000,29.83,29.93,28.92,29.88,63752.744,2023-11-11 04:00:00
1699689600000,29.88,30.3,29.72,29.97,22143.987,2023-11-11 08:00:00
1699704000000,29.93,30.61,29.82,30.31,26123.269,2023-11-11 12:00:00
1699718400000,30.35,30.77,30.1,30.67,25259.665,2023-11-11 16:00:00
1699732800000,30.68,30.68,29.8,30.43,22686.12,2023-11-11 20:00:00
1699747200000,30.43,30.55,29.22,30.16,28902.969,2023-11-12 00:00:00
1699761600000,30.18,30.8,29.94,30.8,25485.982,2023-11-12 04:00:00
1699776000000,30.8,31.25,30.52,31.05,47349.51,2023-11-12 08:00:00
1699790400000,31.08,31.26,30.2,31.13,50843.115,2023-11-12 12:00:00
1699804800000,31.12,31.3,30.61,30.91,20765.027,2023-11-12 16:00:00
1699819200000,30.9,31.66,30.82,31.18,28865.583,2023-11-12 20:00:00
1699833600000,31.2,31.77,30.47,30.59,32052.025,2023-11-13 00:00:00
1699848000000,30.59,30.94,30.27,30.81,18912.55,2023-11-13 04:00:00
1699862400000,30.79,31.24,30.28,30.47,20183.823,2023-11-13 08:00:00
1699876800000,30.46,30.94,30.0,30.79,44075.567,2023-11-13 12:00:00
1699891200000,30.82,31.02,30.1,30.78,22431.809,2023-11-13 16:00:00
1699905600000,30.78,30.81,29.5,29.6,29186.459,2023-11-13 20:00:00
1699920000000,29.6,30.04,29.06,29.89,33641.349,2023-11-14 00:00:00
1699934400000,29.87,30.49,29.7,30.36,17484.254,2023-11-14 04:00:00
1699948800000,30.38,30.43,28.98,29.38,29032.115,2023-11-14 08:00:00
1699963200000,29.36,30.25,29.12,29.69,26812.226,2023-11-14 12:00:00
1699977600000,29.71,30.17,28.1,28.73,45723.817,2023-11-14 16:00:00
1699992000000,28.73,29.49,28.71,29.39,16868.285,2023-11-14 20:00:00
1700006400000,29.36,29.76,29.22,29.28,17870.433,2023-11-15 00:00:00
1700020800000,29.27,30.12,29.27,30.09,17105.108,2023-11-15 04:00:00
1700035200000,30.13,30.35,29.8,30.31,19034.525,2023-11-15 08:00:00
1700049600000,30.32,31.0,29.94,30.18,29218.197,2023-11-15 12:00:00
1700064000000,30.17,30.6,29.78,30.58,26741.853,2023-11-15 16:00:00
1700078400000,30.57,30.63,30.11,30.37,12399.946,2023-11-15 20:00:00
1700092800000,30.37,30.7,30.29,30.54,17409.086,2023-11-16 00:00:00
1700107200000,30.55,31.0,30.45,30.89,25606.038,2023-11-16 04:00:00
1700121600000,30.88,30.97,30.03,30.46,22779.72,2023-11-16 08:00:00
1700136000000,30.47,30.49,29.42,29.81,42944.983,2023-11-16 12:00:00
1700150400000,29.82,30.09,28.88,29.61,25912.917,2023-11-16 16:00:00
1700164800000,29.62,29.83,29.19,29.54,11597.179,2023-11-16 20:00:00
1700179200000,29.54,30.27,29.5,30.17,13648.23,2023-11-17 00:00:00
1700193600000,30.16,30.23,29.5,29.57,17244.412,2023-11-17 04:00:00
1700208000000,29.59,30.38,29.3,29.44,34888.163,2023-11-17 08:00:00
1700222400000,29.42,29.75,28.18,28.34,36263.487,2023-11-17 12:00:00
1700236800000,28.34,29.08,28.18,28.75,18064.036,2023-11-17 16:00:00
1700251200000,28.75,29.38,28.64,29.33,11653.709,2023-11-17 20:00:00
1700265600000,29.32,29.32,28.5,28.5,13454.816,2023-11-18 00:00:00
1700280000000,28.54,28.75,27.67,28.41,20248.371,2023-11-18 04:00:00
1700294400000,28.4,28.71,28.3,28.34,11644.627,2023-11-18 08:00:00
1700308800000,28.31,28.91,27.95,28.9,15109.63,2023-11-18 12:00:00
1700323200000,28.9,29.07,28.66,28.9,17220.453,2023-11-18 16:00:00
1700337600000,28.93,28.97,28.66,28.89,5626.555,2023-11-18 20:00:00
1700352000000,28.89,28.94,28.17,28.94,18900.318,2023-11-19 00:00:00
1700366400000,28.95,29.14,28.84,28.96,13161.645,2023-11-19 04:00:00
1700380800000,28.99,29.13,28.4,28.6,11791.179,2023-11-19 08:00:00
1700395200000,28.59,28.67,28.26,28.58,26039.749,2023-11-19 12:00:00
1700409600000,28.57,29.14,28.55,29.1,11873.274,2023-11-19 16:00:00
1700424000000,29.13,29.36,28.86,29.23,8570.092,2023-11-19 20:00:00
1700438400000,29.25,29.33,28.88,29.01,11541.269,2023-11-20 00:00:00
1700452800000,28.99,29.33,28.86,29.32,7461.877,2023-11-20 04:00:00
1700467200000,29.33,29.59,29.16,29.24,22015.784,2023-11-20 08:00:00
1700481600000,29.23,29.64,28.83,29.42,27151.416,2023-11-20 12:00:00
1700496000000,29.4,29.6,28.95,29.04,23869.986,2023-11-20 16:00:00
1700510400000,29.05,29.15,28.4,28.92,16110.877,2023-11-20 20:00:00
1700524800000,28.96,29.33,28.66,28.92,8750.167,2023-11-21 00:00:00
1700539200000,28.93,29.09,28.45,28.54,12826.333,2023-11-21 04:00:00
1700553600000,28.55,29.01,28.55,28.68,10238.016,2023-11-21 08:00:00
1700568000000,28.67,28.88,27.62,28.5,38245.438,2023-11-21 12:00:00
1700582400000,28.51,28.7,27.27,27.91,39993.699,2023-11-21 16:00:00
1700596800000,27.91,28.25,26.53,26.8,35310.556,2023-11-21 20:00:00
1700611200000,26.78,27.83,26.72,27.83,12988.093,2023-11-22 00:00:00
1700625600000,27.81,27.88,27.61,27.62,15602.947,2023-11-22 04:00:00
1700640000000,27.63,27.95,27.56,27.83,18340.315,2023-11-22 08:00:00
1700654400000,27.83,28.35,27.8,28.29,73402.183,2023-11-22 12:00:00
1700668800000,28.29,28.64,27.92,28.51,16734.041,2023-11-22 16:00:00
1700683200000,28.51,28.72,28.31,28.5,8525.825,2023-11-22 20:00:00
1700697600000,28.5,28.79,28.41,28.56,10746.289,2023-11-23 00:00:00
1700712000000,28.55,28.77,28.47,28.62,8601.049,2023-11-23 04:00:00
1700726400000,28.64,28.85,28.33,28.55,8340.378,2023-11-23 08:00:00
1700740800000,28.54,28.68,28.15,28.31,12496.801,2023-11-23 12:00:00
1700755200000,28.29,28.73,28.27,28.62,7420.574,2023-11-23 16:00:00
1700769600000,28.61,28.91,28.6,28.83,9605.47,2023-11-23 20:00:00
1700784000000,28.83,29.14,28.73,29.0,9541.06,2023-11-24 00:00:00
1700798400000,28.98,29.16,28.88,29.13,16764.226,2023-11-24 04:00:00
1700812800000,29.16,29.25,29.0,29.02,19324.122,2023-11-24 08:00:00
1700827200000,29.01,29.43,29.0,29.41,26665.905,2023-11-24 12:00:00
1700841600000,29.42,30.31,29.39,30.05,67089.314,2023-11-24 16:00:00
1700856000000,30.05,30.06,29.37,29.63,20742.385,2023-11-24 20:00:00
1700870400000,29.62,30.31,29.46,30.17,10599.296,2023-11-25 00:00:00
1700884800000,30.17,30.28,29.95,30.07,12240.348,2023-11-25 04:00:00
1700899200000,30.09,30.25,29.72,29.91,12643.339,2023-11-25 08:00:00
1700913600000,29.92,30.1,29.87,30.09,9293.89,2023-11-25 12:00:00
1700928000000,30.09,30.43,29.97,30.02,14319.811,2023-11-25 16:00:00
1700942400000,30.02,30.15,29.93,30.14,9737.483,2023-11-25 20:00:00
1700956800000,30.13,30.23,29.73,29.88,13233.596,2023-11-26 00:00:00
1700971200000,29.88,30.1,29.8,29.91,7760.253,2023-11-26 04:00:00
1700985600000,29.91,29.99,29.74,29.79,7213.406,2023-11-26 08:00:00
1701000000000,29.78,30.02,29.33,29.41,19233.14,2023-11-26 12:00:00
1701014400000,29.41,29.54,28.74,29.47,14960.739,2023-11-26 16:00:00
1701028800000,29.48,29.72,29.35,29.55,4405.564,2023-11-26 20:00:00
1701043200000,29.56,29.75,28.84,29.08,10348.158,2023-11-27 00:00:00
1701057600000,29.08,29.45,28.75,29.13,15526.471,2023-11-27 04:00:00
1701072000000,29.15,29.24,28.7,28.97,19339.716,2023-11-27 08:00:00
1701086400000,28.97,29.06,28.44,28.53,16588.673,2023-11-27 12:00:00
1701100800000,28.53,28.91,28.28,28.48,8034.453,2023-11-27 16:00:00
1701115200000,28.47,28.84,28.3,28.78,8928.777,2023-11-27 20:00:00
1701129600000,28.79,28.97,28.45,28.55,15306.519,2023-11-28 00:00:00
1701144000000,28.53,28.61,28.11,28.41,15612.266,2023-11-28 04:00:00
1701158400000,28.38,28.71,28.11,28.68,11554.33,2023-11-28 08:00:00
1701172800000,28.69,28.93,28.47,28.88,14464.494,2023-11-28 12:00:00
1701187200000,28.87,29.5,28.87,29.14,40356.843,2023-11-28 16:00:00
1701201600000,29.14,29.29,28.82,29.02,10398.36,2023-11-28 20:00:00
1701216000000,29.03,29.21,28.82,28.95,6254.612,2023-11-29 00:00:00
1701230400000,28.95,29.2,28.92,29.05,11577.294,2023-11-29 04:00:00
1701244800000,29.08,29.36,28.86,28.93,11435.927,2023-11-29 08:00:00
1701259200000,28.92,29.3,28.73,28.96,22822.55,2023-11-29 12:00:00
1701273600000,28.95,29.23,28.72,29.12,9427.965,2023-11-29 16:00:00
1701288000000,29.11,29.16,28.91,29.07,8675.487,2023-11-29 20:00:00
1701302400000,29.07,29.38,28.92,29.37,6763.735,2023-11-30 00:00:00
1701316800000,29.35,29.85,29.22,29.53,16434.707,2023-11-30 04:00:00
1701331200000,29.51,29.63,29.27,29.59,14877.374,2023-11-30 08:00:00
1701345600000,29.61,29.89,29.22,29.39,19281.89,2023-11-30 12:00:00
1701360000000,29.37,29.41,29.16,29.2,13414.94,2023-11-30 16:00:00
1701374400000,29.21,29.57,29.19,29.54,8520.891,2023-11-30 20:00:00
1701388800000,29.54,29.79,29.22,29.61,8115.136,2023-12-01 00:00:00
1701403200000,29.62,29.7,29.42,29.52,10333.908,2023-12-01 04:00:00
1701417600000,29.53,29.79,29.46,29.57,7714.275,2023-12-01 08:00:00
1701432000000,29.57,29.69,29.36,29.68,10651.087,2023-12-01 12:00:00
1701446400000,29.66,29.9,29.61,29.88,16205.115,2023-12-01 16:00:00
1701460800000,29.88,29.9,29.67,29.8,4204.994,2023-12-01 20:00:00
1701475200000,29.79,30.12,29.76,29.94,13067.232,2023-12-02 00:00:00
1701489600000,29.97,30.42,29.92,30.39,11268.434,2023-12-02 04:00:00
1701504000000,30.4,30.6,30.32,30.49,20734.874,2023-12-02 08:00:00
1701518400000,30.48,30.88,30.43,30.58,16872.461,2023-12-02 12:00:00
1701532800000,30.57,31.63,30.5,31.37,28852.39,2023-12-02 16:00:00
1701547200000,31.38,31.74,31.34,31.4,19385.745,2023-12-02 20:00:00
1701561600000,31.4,32.01,31.35,31.9,33119.073,2023-12-03 00:00:00
1701576000000,31.9,32.13,30.98,31.28,85811.127,2023-12-03 04:00:00
1701590400000,31.29,31.37,30.93,31.11,40955.338,2023-12-03 08:00:00
1701604800000,31.11,31.17,30.74,30.96,20315.474,2023-12-03 12:00:00
1701619200000,30.94,31.05,30.7,30.84,7705.3,2023-12-03 16:00:00
1701633600000,30.84,31.11,30.48,30.84,29318.204,2023-12-03 20:00:00
1701648000000,30.84,31.63,30.78,31.35,21076.47,2023-12-04 00:00:00
1701662400000,31.4,31.88,31.36,31.52,38475.192,2023-12-04 04:00:00
1701676800000,31.52,31.85,30.0,31.15,46343.047,2023-12-04 08:00:00
1701691200000,31.17,31.5,30.68,30.84,27819.065,2023-12-04 12:00:00
1701705600000,30.84,31.5,30.84,31.48,11520.126,2023-12-04 16:00:00
1701720000000,31.49,31.74,31.08,31.71,11700.801,2023-12-04 20:00:00
1701734400000,31.72,32.09,31.12,31.29,24171.318,2023-12-05 00:00:00
1701748800000,31.29,31.44,30.53,30.84,18176.613,2023-12-05 04:00:00
1701763200000,30.86,30.97,30.44,30.6,17858.669,2023-12-05 08:00:00
1701777600000,30.6,31.19,30.41,31.16,25988.135,2023-12-05 12:00:00
1701792000000,31.16,31.86,30.92,31.45,24358.287,2023-12-05 16:00:00
1701806400000,31.43,31.8,31.07,31.73,14642.283,2023-12-05 20:00:00
1701820800000,31.74,31.99,31.09,31.31,23767.209,2023-12-06 00:00:00
1701835200000,31.33,31.46,30.51,31.33,35863.211,2023-12-06 04:00:00
1701849600000,31.3,31.57,30.45,30.99,26438.649,2023-12-06 08:00:00
1701864000000,30.97,31.77,30.93,31.52,37640.884,2023-12-06 12:00:00
1701878400000,31.52,31.75,31.3,31.7,12544.691,2023-12-06 16:00:00
1701892800000,31.7,31.75,30.93,31.2,10003.166,2023-12-06 20:00:00
1701907200000,31.19,31.52,31.08,31.32,5967.085,2023-12-07 00:00:00
1701921600000,31.31,32.43,31.3,31.86,28071.068,2023-12-07 04:00:00
1701936000000,31.86,32.0,30.78,31.69,31430.909,2023-12-07 08:00:00
1701950400000,31.68,32.19,31.51,32.08,30224.654,2023-12-07 12:00:00
1701964800000,32.08,32.38,31.78,31.89,19146.26,2023-12-07 16:00:00
1701979200000,31.91,32.36,31.75,32.03,23310.001,2023-12-07 20:00:00
1701993600000,32.05,32.39,31.77,32.21,15443.845,2023-12-08 00:00:00
1702008000000,32.22,32.42,31.79,32.15,19384.039,2023-12-08 04:00:00
1702022400000,32.12,32.73,32.05,32.59,28405.094,2023-12-08 08:00:00
1702036800000,32.59,32.91,32.42,32.84,28165.065,2023-12-08 12:00:00
1702051200000,32.82,33.81,32.81,33.43,41341.606,2023-12-08 16:00:00
1702065600000,33.42,33.61,33.26,33.45,14152.299,2023-12-08 20:00:00
1702080000000,33.44,34.04,33.28,33.92,24553.902,2023-12-09 00:00:00
1702094400000,33.93,34.44,33.91,34.34,22276.852,2023-12-09 04:00:00
1702108800000,34.33,34.77,33.34,34.1,42039.525,2023-12-09 08:00:00
1702123200000,34.1,34.43,33.56,34.19,33768.445,2023-12-09 12:00:00
1702137600000,34.2,34.41,33.62,34.03,18212.385,2023-12-09 16:00:00
1702152000000,34.05,34.11,33.03,33.47,18788.097,2023-12-09 20:00:00
1702166400000,33.46,34.13,33.42,33.88,14256.473,2023-12-10 00:00:00
1702180800000,33.89,34.24,33.47,33.83,14767.263,2023-12-10 04:00:00
1702195200000,33.82,33.89,32.92,33.37,26311.65,2023-12-10 08:00:00
1702209600000,33.38,33.66,33.24,33.58,14598.263,2023-12-10 12:00:00
1702224000000,33.56,33.6,33.0,33.34,15522.422,2023-12-10 16:00:00
1702238400000,33.32,33.76,33.3,33.62,18321.161,2023-12-10 20:00:00
1702252800000,33.63,33.73,28.9,31.48,82511.906,2023-12-11 00:00:00
1702267200000,31.47,31.69,30.69,30.76,51999.8,2023-12-11 04:00:00
1702281600000,30.75,31.1,30.43,31.02,33132.356,2023-12-11 08:00:00
1702296000000,31.01,31.12,30.11,30.61,57676.504,2023-12-11 12:00:00
1702310400000,30.6,30.71,29.32,29.84,52280.382,2023-12-11 16:00:00
1702324800000,29.84,30.43,29.65,30.4,22135.083,2023-12-11 20:00:00
1702339200000,30.4,31.07,30.35,30.78,19821.129,2023-12-12 00:00:00
1702353600000,30.78,31.2,30.26,31.19,43051.914,2023-12-12 04:00:00
1702368000000,31.18,31.2,30.81,30.81,32260.83,2023-12-12 08:00:00
1702382400000,30.84,31.19,30.42,30.81,28475.42,2023-12-12 12:00:00
1702396800000,30.77,30.94,30.13,30.76,14613.379,2023-12-12 16:00:00
1702411200000,30.77,31.15,30.45,30.99,16598.312,2023-12-12 20:00:00
1702425600000,30.99,31.12,29.8,29.93,17932.309,2023-12-13 00:00:00
1702440000000,29.92,30.14,29.42,29.98,26182.455,2023-12-13 04:00:00
1702454400000,29.96,30.38,29.87,29.91,13618.679,2023-12-13 08:00:00
1702468800000,29.9,31.27,29.82,30.38,33708.254,2023-12-13 12:00:00
1702483200000,30.39,30.7,29.99,30.68,29328.254,2023-12-13 16:00:00
1702497600000,30.68,30.95,30.48,30.67,23093.867,2023-12-13 20:00:00
1702512000000,30.68,30.87,30.35,30.49,12646.941,2023-12-14 00:00:00
1702526400000,30.51,30.77,30.33,30.7,14535.612,2023-12-14 04:00:00
1702540800000,30.7,31.05,30.45,31.03,20842.468,2023-12-14 08:00:00
1702555200000,31.02,31.02,29.55,30.17,35618.885,2023-12-14 12:00:00
1702569600000,30.16,30.77,30.12,30.41,19493.824,2023-12-14 16:00:00
1702584000000,30.4,30.72,30.23,30.63,18639.869,2023-12-14 20:00:00
1702598400000,30.62,30.69,30.22,30.39,10363.328,2023-12-15 00:00:00
1702612800000,30.4,30.47,29.84,29.96,23293.71,2023-12-15 04:00:00
1702627200000,29.97,30.31,29.85,30.15,16741.962,2023-12-15 08:00:00
1702641600000,30.16,30.18,29.58,29.9,21231.073,2023-12-15 12:00:00
1702656000000,29.9,30.24,29.76,30.09,14619.036,2023-12-15 16:00:00
1702670400000,30.06,30.19,29.28,29.51,25976.81,2023-12-15 20:00:00
1702684800000,29.5,30.15,29.23,30.02,13861.811,2023-12-16 00:00:00
1702699200000,30.03,30.35,29.96,30.23,9681.777,2023-12-16 04:00:00
1702713600000,30.24,30.44,30.08,30.26,21140.785,2023-12-16 08:00:00
1702728000000,30.27,30.29,29.89,30.14,15375.572,2023-12-16 12:00:00
1702742400000,30.15,30.29,29.71,29.88,30773.606,2023-12-16 16:00:00
1702756800000,29.9,30.11,29.77,29.99,10033.054,2023-12-16 20:00:00
1702771200000,29.98,30.08,29.63,29.74,9817.444,2023-12-17 00:00:00
1702785600000,29.74,30.06,29.49,29.53,23369.917,2023-12-17 04:00:00
1702800000000,29.54,29.96,29.5,29.92,11948.112,2023-12-17 08:00:00
1702814400000,29.92,30.12,29.62,30.09,23426.838,2023-12-17 12:00:00
1702828800000,30.06,30.36,29.86,30.14,11823.407,2023-12-17 16:00:00
1702843200000,30.12,30.44,29.57,29.76,26318.039,2023-12-17 20:00:00
1702857600000,29.74,29.91,28.49,28.98,34414.004,2023-12-18 00:00:00
1702872000000,28.98,29.17,28.65,28.75,13246.091,2023-12-18 04:00:00
1702886400000,28.73,29.3,27.48,28.2,71163.17,2023-12-18 08:00:00
1702900800000,28.2,28.77,27.92,28.35,32822.078,2023-12-18 12:00:00
1702915200000,28.36,28.62,28.16,28.58,10737.015,2023-12-18 16:00:00
1702929600000,28.59,29.05,28.35,28.93,45712.622,2023-12-18 20:00:00
1702944000000,28.95,29.6,28.82,29.27,21267.278,2023-12-19 00:00:00
1702958400000,29.29,29.38,28.99,29.17,24355.942,2023-12-19 04:00:00
1702972800000,29.18,29.42,28.45,28.75,51510.194,2023-12-19 08:00:00
1702987200000,28.77,28.82,27.86,28.11,51280.627,2023-12-19 12:00:00
1703001600000,28.11,28.33,27.45,27.85,41015.993,2023-12-19 16:00:00
1703016000000,27.84,27.94,27.59,27.89,30131.419,2023-12-19 20:00:00
1703030400000,27.86,28.17,27.62,28.15,34552.533,2023-12-20 00:00:00
1703044800000,28.15,28.68,28.06,28.52,42495.789,2023-12-20 04:00:00
1703059200000,28.52,28.77,28.41,28.68,29129.1,2023-12-20 08:00:00
1703073600000,28.67,29.48,28.49,29.3,41716.147,2023-12-20 12:00:00
1703088000000,29.3,30.54,29.02,29.25,58242.852,2023-12-20 16:00:00
1703102400000,29.29,29.34,28.72,29.16,27638.12,2023-12-20 20:00:00
1703116800000,29.19,29.35,28.91,29.31,9036.718,2023-12-21 00:00:00
1703131200000,29.3,29.72,29.22,29.63,22139.903,2023-12-21 04:00:00
1703145600000,29.62,30.07,29.55,29.94,20379.187,2023-12-21 08:00:00
1703160000000,29.95,30.41,29.48,29.67,41556.424,2023-12-21 12:00:00
1703174400000,29.65,29.88,29.35,29.83,17086.273,2023-12-21 16:00:00
1703188800000,29.82,30.12,29.78,29.98,19064.56,2023-12-21 20:00:00
1703203200000,29.99,30.28,29.75,30.01,17414.346,2023-12-22 00:00:00
1703217600000,30.02,30.2,29.59,29.78,20905.689,2023-12-22 04:00:00
1703232000000,29.78,30.39,29.75,30.25,27167.903,2023-12-22 08:00:00
1703246400000,30.24,30.3,29.81,30.08,27585.959,2023-12-22 12:00:00
1703260800000,30.08,30.48,30.01,30.1,34407.796,2023-12-22 16:00:00
1703275200000,30.1,30.45,30.06,30.4,21742.071,2023-12-22 20:00:00
1703289600000,30.39,30.5,29.71,29.79,46708.905,2023-12-23 00:00:00
1703304000000,29.78,30.1,29.64,29.95,13914.466,2023-12-23 04:00:00
1703318400000,29.94,30.33,29.92,30.09,18126.11,2023-12-23 08:00:00
1703332800000,30.08,30.3,30.06,30.21,14196.319,2023-12-23 12:00:00
1703347200000,30.2,30.37,30.12,30.2,16911.31,2023-12-23 16:00:00
1703361600000,30.2,30.41,30.0,30.38,21207.44,2023-12-23 20:00:00
1703376000000,30.38,30.44,30.15,30.23,34459.571,2023-12-24 00:00:00
1703390400000,30.23,30.38,29.37,30.02,29113.682,2023-12-24 04:00:00
1703404800000,30.01,30.75,29.82,30.69,36551.016,2023-12-24 08:00:00
1703419200000,30.69,31.07,30.31,30.76,50379.934,2023-12-24 12:00:00
1703433600000,30.72,31.07,30.59,30.8,25498.709,2023-12-24 16:00:00
1703448000000,30.8,30.84,29.54,30.14,33861.209,2023-12-24 20:00:00
1703462400000,30.14,30.9,29.96,30.87,33430.222,2023-12-25 00:00:00
1703476800000,30.88,31.02,30.72,30.82,31040.095,2023-12-25 04:00:00
1703491200000,30.83,31.22,30.36,31.2,35229.571,2023-12-25 08:00:00
1703505600000,31.21,31.66,31.06,31.64,49288.233,2023-12-25 12:00:00
1703520000000,31.64,31.66,31.1,31.29,29368.754,2023-12-25 16:00:00
1703534400000,31.29,31.5,30.92,31.25,16899.337,2023-12-25 20:00:00
1703548800000,31.23,31.65,31.12,31.62,19751.606,2023-12-26 00:00:00
1703563200000,31.62,31.77,30.56,30.97,49065.718,2023-12-26 04:00:00
1703577600000,30.98,31.62,30.58,31.52,29764.702,2023-12-26 08:00:00
1703592000000,31.52,31.76,30.97,31.06,60537.435,2023-12-26 12:00:00
1703606400000,31.08,31.43,29.12,29.96,102086.941,2023-12-26 16:00:00
1703620800000,29.97,30.43,29.88,30.37,33259.603,2023-12-26 20:00:00
1703635200000,30.4,30.45,29.23,29.47,38426.598,2023-12-27 00:00:00
1703649600000,29.47,30.3,29.44,30.08,34010.463,2023-12-27 04:00:00
1703664000000,30.07,31.22,30.01,31.12,48791.229,2023-12-27 08:00:00
1703678400000,31.11,32.3,31.07,31.7,88413.913,2023-12-27 12:00:00
1703692800000,31.71,32.05,31.53,31.84,39019.197,2023-12-27 16:00:00
1703707200000,31.83,32.09,31.4,31.81,24771.373,2023-12-27 20:00:00
1703721600000,31.81,32.5,31.73,32.13,44294.546,2023-12-28 00:00:00
1703736000000,32.14,32.8,31.98,32.52,44512.095,2023-12-28 04:00:00
1703750400000,32.5,32.78,32.36,32.51,31527.026,2023-12-28 08:00:00
1703764800000,32.5,32.61,31.43,32.01,82668.526,2023-12-28 12:00:00
1703779200000,31.99,32.16,31.76,32.04,30869.299,2023-12-28 16:00:00
1703793600000,32.01,32.06,31.54,31.9,23991.928,2023-12-28 20:00:00
1703808000000,31.88,32.05,30.77,31.42,42975.054,2023-12-29 00:00:00
1703822400000,31.43,31.55,30.95,31.0,18919.35,2023-12-29 04:00:00
1703836800000,31.01,31.27,29.3,29.55,286222.701,2023-12-29 08:00:00
1703851200000,29.55,29.57,28.51,28.81,219452.452,2023-12-29 12:00:00
1703865600000,28.81,29.31,28.0,28.57,117019.447,2023-12-29 16:00:00
1703880000000,28.58,28.79,28.0,28.65,41265.946,2023-12-29 20:00:00
1703894400000,28.63,28.94,28.42,28.51,42126.496,2023-12-30 00:00:00
1703908800000,28.52,29.08,28.5,28.86,32225.808,2023-12-30 04:00:00
1703923200000,28.86,28.86,28.14,28.49,38133.364,2023-12-30 08:00:00
1703937600000,28.49,28.62,28.19,28.46,37944.602,2023-12-30 12:00:00
1703952000000,28.45,28.61,28.24,28.53,25597.231,2023-12-30 16:00:00
1703966400000,28.53,28.8,28.39,28.63,16156.277,2023-12-30 20:00:00
1703980800000,28.63,28.8,28.22,28.42,21283.728,2023-12-31 00:00:00
1703995200000,28.42,28.7,28.28,28.48,28132.098,2023-12-31 04:00:00
1704009600000,28.48,28.73,28.22,28.52,37985.092,2023-12-31 08:00:00
1704024000000,28.52,28.66,28.33,28.41,29948.557,2023-12-31 12:00:00
1704038400000,28.42,28.52,28.17,28.3,23118.405,2023-12-31 16:00:00
1704052800000,28.3,28.31,25.69,26.92,86503.169,2023-12-31 20:00:00
1704067200000,26.92,27.3,26.63,26.71,40792.092,2024-01-01 00:00:00
1704081600000,26.71,26.86,26.29,26.74,58412.442,2024-01-01 04:00:00
1704096000000,26.74,27.12,26.72,26.89,37668.882,2024-01-01 08:00:00
1704110400000,26.89,27.28,26.79,27.26,39255.577,2024-01-01 12:00:00
1704124800000,27.26,27.87,27.21,27.71,34591.173,2024-01-01 16:00:00
1704139200000,27.71,27.84,27.56,27.78,15425.743,2024-01-01 20:00:00
1704153600000,27.78,28.3,27.76,27.99,40206.564,2024-01-02 00:00:00
1704168000000,28.01,28.03,27.8,27.86,20478.89,2024-01-02 04:00:00
1704182400000,27.85,28.11,27.78,27.96,24130.369,2024-01-02 08:00:00
1704196800000,27.96,28.0,27.28,27.55,48659.121,2024-01-02 12:00:00
1704211200000,27.53,27.71,27.23,27.31,20873.56,2024-01-02 16:00:00
1704225600000,27.3,27.65,27.11,27.59,12260.976,2024-01-02 20:00:00
1704240000000,27.62,27.98,27.57,27.77,17283.704,2024-01-03 00:00:00
1704254400000,27.78,28.05,27.65,27.69,24847.468,2024-01-03 04:00:00
1704268800000,27.71,28.25,26.5,27.02,39799.846,2024-01-03 08:00:00
1704283200000,27.02,27.05,21.0,24.56,284039.54,2024-01-03 12:00:00
1704297600000,24.55,25.01,24.17,24.8,55376.011,2024-01-03 16:00:00
1704312000000,24.82,25.42,24.72,25.03,30666.148,2024-01-03 20:00:00
1704326400000,25.02,25.16,24.64,25.07,32096.95,2024-01-04 00:00:00
1704340800000,25.07,25.4,24.72,24.75,40774.264,2024-01-04 04:00:00
1704355200000,24.75,24.92,23.95,24.01,107330.712,2024-01-04 08:00:00
1704369600000,24.01,25.06,23.94,24.84,118307.927,2024-01-04 12:00:00
1704384000000,24.82,24.91,24.49,24.58,30808.51,2024-01-04 16:00:00
1704398400000,24.57,24.81,23.98,24.17,65663.896,2024-01-04 20:00:00
1704412800000,24.13,24.36,22.02,23.59,79081.716,2024-01-05 00:00:00
1704427200000,23.58,23.86,23.35,23.49,62966.054,2024-01-05 04:00:00
1704441600000,23.48,23.75,23.11,23.23,38465.206,2024-01-05 08:00:00
1704456000000,23.22,23.66,23.01,23.29,58549.138,2024-01-05 12:00:00
1704470400000,23.3,23.44,22.62,23.27,53690.602,2024-01-05 16:00:00
1704484800000,23.27,23.7,23.17,23.54,27510.439,2024-01-05 20:00:00
1704499200000,23.55,23.6,23.03,23.08,31472.069,2024-01-06 00:00:00
1704513600000,23.07,23.18,22.03,22.63,56141.333,2024-01-06 04:00:00
1704528000000,22.59,22.83,22.42,22.74,22529.086,2024-01-06 08:00:00
1704542400000,22.73,23.3,22.51,23.02,38182.52,2024-01-06 12:00:00
1704556800000,23.04,23.34,22.88,23.13,21900.602,2024-01-06 16:00:00
1704571200000,23.13,23.19,22.74,23.08,13508.09,2024-01-06 20:00:00
1704585600000,23.05,23.4,22.97,23.14,17105.077,2024-01-07 00:00:00
1704600000000,23.16,23.35,23.0,23.26,40221.226,2024-01-07 04:00:00
1704614400000,23.24,23.33,22.73,22.84,20074.159,2024-01-07 08:00:00
1704628800000,22.86,23.12,22.32,22.46,26795.7,2024-01-07 12:00:00
1704643200000,22.45,22.69,22.11,22.6,23063.939,2024-01-07 16:00:00
1704657600000,22.59,22.73,21.66,21.92,41471.275,2024-01-07 20:00:00
1704672000000,21.92,21.99,20.19,20.81,79687.65,2024-01-08 00:00:00
1704686400000,20.81,21.74,20.69,21.28,49313.772,2024-01-08 04:00:00
1704700800000,21.27,21.38,20.91,21.35,48377.481,2024-01-08 08:00:00
1704715200000,21.36,21.74,20.8,21.15,127302.914,2024-01-08 12:00:00
1704729600000,21.16,21.65,20.71,21.5,127160.004,2024-01-08 16:00:00
1704744000000,21.51,21.75,21.1,21.25,181945.88,2024-01-08 20:00:00
1704758400000,21.25,21.31,20.52,20.95,132355.342,2024-01-09 00:00:00
1704772800000,20.96,21.19,20.61,20.69,53469.957,2024-01-09 04:00:00
1704787200000,20.72,20.98,19.56,19.95,146224.678,2024-01-09 08:00:00
1704801600000,19.95,20.14,18.5,19.25,190509.634,2024-01-09 12:00:00
1704816000000,19.25,19.45,18.96,19.14,74462.322,2024-01-09 16:00:00
1704830400000,19.14,19.67,18.85,19.66,87927.374,2024-01-09 20:00:00
1704844800000,19.67,20.32,19.57,20.13,50749.811,2024-01-10 00:00:00
1704859200000,20.13,20.36,19.92,19.98,32195.842,2024-01-10 04:00:00
1704873600000,20.01,20.75,19.85,20.35,54816.814,2024-01-10 08:00:00
1704888000000,20.35,20.64,19.39,20.54,132599.907,2024-01-10 12:00:00
1704902400000,20.55,20.88,20.42,20.81,44058.034,2024-01-10 16:00:00
1704916800000,20.82,22.68,20.2,22.31,122930.358,2024-01-10 20:00:00
1704931200000,22.3,23.65,21.99,23.48,122188.54,2024-01-11 00:00:00
1704945600000,23.46,24.4,22.94,23.73,142064.649,2024-01-11 04:00:00
1704960000000,23.72,24.7,23.44,24.51,116761.751,2024-01-11 08:00:00
1704974400000,24.51,24.56,23.56,23.94,93215.078,2024-01-11 12:00:00
1704988800000,23.93,24.99,23.32,24.45,90605.8,2024-01-11 16:00:00
1705003200000,24.47,24.53,23.85,24.43,24786.297,2024-01-11 20:00:00
1705017600000,24.42,24.83,23.89,24.46,54275.115,2024-01-12 00:00:00
1705032000000,24.44,24.94,24.12,24.26,68703.649,2024-01-12 04:00:00
1705046400000,24.25,25.2,23.95,24.99,71504.338,2024-01-12 08:00:00
1705060800000,24.99,25.5,24.32,24.48,113666.269,2024-01-12 12:00:00
1705075200000,24.47,24.77,23.33,24.04,77205.145,2024-01-12 16:00:00
1705089600000,24.03,24.43,22.54,23.75,53969.883,2024-01-12 20:00:00
1705104000000,23.74,23.91,22.85,23.49,35615.802,2024-01-13 00:00:00
1705118400000,23.48,23.77,23.39,23.62,31001.499,2024-01-13 04:00:00
1705132800000,23.63,23.76,23.14,23.51,21942.016,2024-01-13 08:00:00
1705147200000,23.5,23.84,23.35,23.55,31043.672,2024-01-13 12:00:00
1705161600000,23.51,23.71,23.24,23.58,14351.573,2024-01-13 16:00:00
1705176000000,23.59,23.68,23.33,23.37,13355.852,2024-01-13 20:00:00
1705190400000,23.38,23.45,22.93,23.17,21483.959,2024-01-14 00:00:00
1705204800000,23.15,23.67,23.03,23.52,21350.38,2024-01-14 04:00:00
1705219200000,23.52,24.15,23.4,23.57,33472.049,2024-01-14 08:00:00
1705233600000,23.56,23.83,23.17,23.68,20628.774,2024-01-14 12:00:00
1705248000000,23.66,23.79,23.05,23.07,21902.61,2024-01-14 16:00:00
1705262400000,23.07,23.48,22.65,22.72,38398.6,2024-01-14 20:00:00
1705276800000,22.72,23.43,22.72,23.29,15732.776,2024-01-15 00:00:00
1705291200000,23.29,23.4,23.02,23.12,17559.278,2024-01-15 04:00:00
1705305600000,23.12,23.58,22.96,23.35,28497.643,2024-01-15 08:00:00
1705320000000,23.37,23.56,22.88,23.04,29732.115,2024-01-15 12:00:00
1705334400000,23.0,24.56,22.96,23.91,178504.055,2024-01-15 16:00:00
1705348800000,23.9,23.99,23.5,23.64,21116.302,2024-01-15 20:00:00
1705363200000,23.64,23.84,23.44,23.55,19497.246,2024-01-16 00:00:00
1705377600000,23.55,23.7,23.23,23.38,15623.722,2024-01-16 04:00:00
1705392000000,23.38,23.79,23.23,23.63,24111.857,2024-01-16 08:00:00
1705406400000,23.61,23.69,22.78,23.45,36917.67,2024-01-16 12:00:00
1705420800000,23.44,23.49,23.06,23.18,16882.7,2024-01-16 16:00:00
1705435200000,23.17,23.48,23.12,23.18,14316.167,2024-01-16 20:00:00
1705449600000,23.18,23.42,23.11,23.17,14225.68,2024-01-17 00:00:00
1705464000000,23.17,23.27,22.72,22.78,15563.541,2024-01-17 04:00:00
1705478400000,22.77,23.14,22.72,22.98,13863.974,2024-01-17 08:00:00
1705492800000,22.98,23.25,22.69,22.76,22742.147,2024-01-17 12:00:00
1705507200000,22.76,22.97,22.55,22.84,14433.163,2024-01-17 16:00:00
1705521600000,22.84,23.01,22.68,22.92,8412.027,2024-01-17 20:00:00
1705536000000,22.92,22.98,22.57,22.83,8785.16,2024-01-18 00:00:00
1705550400000,22.81,23.28,22.78,23.24,22743.5,2024-01-18 04:00:00
1705564800000,23.24,23.28,22.68,22.8,10185.828,2024-01-18 08:00:00
1705579200000,22.79,23.09,22.44,23.0,41958.848,2024-01-18 12:00:00
1705593600000,23.0,23.19,21.92,22.08,88547.882,2024-01-18 16:00:00
1705608000000,22.09,22.62,21.94,22.5,16765.022,2024-01-18 20:00:00
1705622400000,22.51,22.52,21.7,22.15,19605.017,2024-01-19 00:00:00
1705636800000,22.16,22.58,22.14,22.47,13304.701,2024-01-19 04:00:00
1705651200000,22.45,23.0,22.36,22.71,20272.236,2024-01-19 08:00:00
1705665600000,22.7,22.97,22.4,22.48,29546.875,2024-01-19 12:00:00
1705680000000,22.48,23.25,21.66,23.13,46995.564,2024-01-19 16:00:00
1705694400000,23.12,23.69,22.97,23.62,25830.923,2024-01-19 20:00:00
1705708800000,23.61,24.0,23.31,23.78,30178.666,2024-01-20 00:00:00
1705723200000,23.78,23.89,23.3,23.34,16024.3,2024-01-20 04:00:00
1705737600000,23.32,23.64,23.23,23.39,15723.35,2024-01-20 08:00:00
1705752000000,23.38,23.64,23.23,23.43,13394.714,2024-01-20 12:00:00
1705766400000,23.39,23.67,23.25,23.49,16114.239,2024-01-20 16:00:00
1705780800000,23.5,23.64,23.42,23.61,11504.973,2024-01-20 20:00:00
1705795200000,23.58,24.17,23.31,24.13,17339.569,2024-01-21 00:00:00
1705809600000,24.13,24.27,23.66,23.74,21929.231,2024-01-21 04:00:00
1705824000000,23.72,24.1,23.63,23.84,18558.356,2024-01-21 08:00:00
1705838400000,23.82,23.9,22.8,23.4,35386.657,2024-01-21 12:00:00
1705852800000,23.4,23.95,23.23,23.76,19095.686,2024-01-21 16:00:00
1705867200000,23.77,23.78,23.34,23.37,15989.006,2024-01-21 20:00:00
1705881600000,23.38,23.5,22.67,22.93,25269.422,2024-01-22 00:00:00
1705896000000,22.93,23.54,22.56,23.34,29770.207,2024-01-22 04:00:00
1705910400000,23.36,23.41,22.85,23.18,25904.043,2024-01-22 08:00:00
1705924800000,23.17,23.31,22.62,22.81,36060.348,2024-01-22 12:00:00
1705939200000,22.82,23.07,22.13,22.55,36548.38,2024-01-22 16:00:00
1705953600000,22.54,22.83,22.12,22.26,15170.403,2024-01-22 20:00:00
1705968000000,22.25,22.48,22.08,22.31,11341.62,2024-01-23 00:00:00
1705982400000,22.33,22.55,22.07,22.17,10372.487,2024-01-23 04:00:00
1705996800000,22.19,22.27,20.94,21.09,62077.812,2024-01-23 08:00:00
1706011200000,21.1,21.34,20.52,21.2,46688.338,2024-01-23 12:00:00
1706025600000,21.2,21.27,20.85,20.9,17148.097,2024-01-23 16:00:00
1706040000000,20.9,21.5,20.82,21.43,14364.847,2024-01-23 20:00:00
1706054400000,21.45,21.65,21.33,21.41,9616.497,2024-01-24 00:00:00
1706068800000,21.43,22.4,21.34,22.13,33189.188,2024-01-24 04:00:00
1706083200000,22.13,22.5,22.01,22.11,31617.729,2024-01-24 08:00:00
1706097600000,22.13,22.21,21.62,21.91,24019.497,2024-01-24 12:00:00
1706112000000,21.92,22.0,21.4,21.58,21646.557,2024-01-24 16:00:00
1706126400000,21.58,22.0,21.44,21.94,14447.668,2024-01-24 20:00:00
1706140800000,21.94,22.19,21.83,21.93,8311.133,2024-01-25 00:00:00
1706155200000,21.94,22.11,21.77,22.1,7290.764,2024-01-25 04:00:00
1706169600000,22.08,22.25,21.91,22.15,20532.514,2024-01-25 08:00:00
1706184000000,22.15,22.2,21.79,21.91,26862.664,2024-01-25 12:00:00
1706198400000,21.91,22.55,21.7,22.22,25933.501,2024-01-25 16:00:00
1706212800000,22.22,22.48,22.15,22.4,7256.188,2024-01-25 20:00:00
1706227200000,22.39,22.44,22.15,22.3,6771.778,2024-01-26 00:00:00
1706241600000,22.29,22.34,22.07,22.15,7399.764,2024-01-26 04:00:00
1706256000000,22.16,22.89,22.16,22.81,17604.069,2024-01-26 08:00:00
1706270400000,22.82,22.86,22.45,22.65,19858.14,2024-01-26 12:00:00
1706284800000,22.66,22.69,22.49,22.57,20653.05,2024-01-26 16:00:00
1706299200000,22.57,22.73,22.43,22.7,6348.301,2024-01-26 20:00:00
1706313600000,22.7,22.88,22.62,22.74,7025.711,2024-01-27 00:00:00
1706328000000,22.74,22.79,22.3,22.43,8809.47,2024-01-27 04:00:00
1706342400000,22.42,22.69,22.27,22.62,9227.382,2024-01-27 08:00:00
1706356800000,22.61,22.68,22.44,22.48,15477.696,2024-01-27 12:00:00
1706371200000,22.48,22.75,22.41,22.74,9851.257,2024-01-27 16:00:00
1706385600000,22.74,22.82,22.65,22.72,6970.207,2024-01-27 20:00:00
1706400000000,22.74,22.98,22.67,22.93,6614.227,2024-01-28 00:00:00
1706414400000,22.91,23.0,22.6,22.67,8680.611,2024-01-28 04:00:00
1706428800000,22.67,22.82,22.52,22.59,11312.573,2024-01-28 08:00:00
1706443200000,22.59,22.62,22.24,22.41,16762.462,2024-01-28 12:00:00
1706457600000,22.41,22.48,21.83,21.93,17693.478,2024-01-28 16:00:00
1706472000000,21.93,22.26,21.83,22.17,10023.164,2024-01-28 20:00:00
1706486400000,22.18,22.61,22.08,22.49,5119.637,2024-01-29 00:00:00
1706500800000,22.49,22.79,22.36,22.57,15360.266,2024-01-29 04:00:00
1706515200000,22.57,22.7,22.36,22.39,8661.616,2024-01-29 08:00:00
1706529600000,22.4,22.59,22.11,22.53,15846.108,2024-01-29 12:00:00
1706544000000,22.54,22.89,22.44,22.65,19480.455,2024-01-29 16:00:00
1706558400000,22.65,23.02,22.64,22.99,11209.496,2024-01-29 20:00:00
1706572800000,23.01,23.25,22.81,22.98,11952.881,2024-01-30 00:00:00
1706587200000,22.98,23.04,22.66,22.92,11775.397,2024-01-30 04:00:00
1706601600000,22.92,23.17,22.9,23.17,11143.838,2024-01-30 08:00:00
1706616000000,23.13,23.23,22.58,23.04,18419.365,2024-01-30 12:00:00
1706630400000,23.06,23.26,22.9,22.95,20386.225,2024-01-30 16:00:00
1706644800000,22.96,23.06,22.44,22.58,13539.294,2024-01-30 20:00:00
1706659200000,22.6,22.73,22.25,22.69,13364.905,2024-01-31 00:00:00
1706673600000,22.69,22.76,22.51,22.57,7178.45,2024-01-31 04:00:00
1706688000000,22.6,22.6,21.92,22.18,17293.992,2024-01-31 08:00:00
1706702400000,22.18,22.21,21.51,21.95,18381.037,2024-01-31 12:00:00
1706716800000,21.93,22.1,21.71,21.88,23427.251,2024-01-31 16:00:00
1706731200000,21.88,21.97,21.3,21.7,22910.994,2024-01-31 20:00:00
1706745600000,21.69,21.86,21.21,21.61,8344.068,2024-02-01 00:00:00
1706760000000,21.58,21.66,21.4,21.53,14468.2,2024-02-01 04:00:00
1706774400000,21.52,21.65,21.41,21.42,6577.859,2024-02-01 08:00:00
1706788800000,21.43,21.7,21.38,21.48,13306.42,2024-02-01 12:00:00
1706803200000,21.48,21.68,21.26,21.59,18709.523,2024-02-01 16:00:00
1706817600000,21.59,21.77,21.52,21.71,8588.165,2024-02-01 20:00:00
1706832000000,21.7,21.92,21.63,21.86,8482.246,2024-02-02 00:00:00
1706846400000,21.83,21.99,21.74,21.93,4075.1,2024-02-02 04:00:00
1706860800000,21.92,22.05,21.7,22.0,7073.196,2024-02-02 08:00:00
1706875200000,22.02,22.11,21.69,21.99,16810.998,2024-02-02 12:00:00
1706889600000,22.0,22.08,21.68,21.78,15077.059,2024-02-02 16:00:00
1706904000000,21.8,22.07,21.75,22.07,4442.628,2024-02-02 20:00:00
1706918400000,22.07,22.23,22.02,22.04,4243.165,2024-02-03 00:00:00
1706932800000,22.04,22.13,21.93,21.96,7934.1,2024-02-03 04:00:00
1706947200000,22.0,22.11,21.9,21.99,9503.898,2024-02-03 08:00:00
1706961600000,21.99,22.14,21.94,22.07,7300.026,2024-02-03 12:00:00
1706976000000,22.07,22.16,22.02,22.11,5319.001,2024-02-03 16:00:00
1706990400000,22.11,22.18,22.01,22.09,5157.57,2024-02-03 20:00:00
1707004800000,22.09,22.13,21.9,22.07,4688.768,2024-02-04 00:00:00
1707019200000,22.07,22.07,21.65,21.72,6645.288,2024-02-04 04:00:00
1707033600000,21.71,21.88,21.46,21.84,11419.129,2024-02-04 08:00:00
1707048000000,21.84,21.9,21.75,21.78,5809.555,2024-02-04 12:00:00
1707062400000,21.77,21.79,21.45,21.55,11177.843,2024-02-04 16:00:00
1707076800000,21.56,21.72,21.25,21.42,8481.819,2024-02-04 20:00:00
1707091200000,21.41,21.58,21.16,21.58,7555.234,2024-02-05 00:00:00
1707105600000,21.57,21.68,21.51,21.63,4322.185,2024-02-05 04:00:00
1707120000000,21.64,21.68,21.5,21.6,10402.104,2024-02-05 08:00:00
1707134400000,21.62,21.65,21.21,21.24,20020.798,2024-02-05 12:00:00
1707148800000,21.25,21.45,21.17,21.43,11266.596,2024-02-05 16:00:00
1707163200000,21.43,21.44,21.08,21.37,9186.05,2024-02-05 20:00:00
1707177600000,21.37,21.56,21.29,21.48,4393.655,2024-02-06 00:00:00
1707192000000,21.47,21.51,21.02,21.25,24446.919,2024-02-06 04:00:00
1707206400000,21.25,21.25,20.79,20.85,46016.149,2024-02-06 08:00:00
1707220800000,20.84,20.88,20.32,20.83,48150.226,2024-02-06 12:00:00
1707235200000,20.84,20.86,19.9,20.24,96363.636,2024-02-06 16:00:00
1707249600000,20.24,20.4,19.18,19.22,171109.536,2024-02-06 20:00:00
1707264000000,19.23,19.73,19.09,19.49,77477.06,2024-02-07 00:00:00
1707278400000,19.49,20.03,19.45,19.91,44834.381,2024-02-07 04:00:00
1707292800000,19.9,20.06,19.85,20.0,24737.216,2024-02-07 08:00:00
1707307200000,19.99,20.16,19.85,20.12,19638.102,2024-02-07 12:00:00
1707321600000,20.12,20.61,20.03,20.48,32298.273,2024-02-07 16:00:00
1707336000000,20.48,20.97,20.48,20.82,23134.382,2024-02-07 20:00:00
1707350400000,20.82,20.89,20.57,20.61,17737.533,2024-02-08 00:00:00
1707364800000,20.61,20.69,20.48,20.52,17515.856,2024-02-08 04:00:00
1707379200000,20.52,20.76,20.47,20.56,13545.268,2024-02-08 08:00:00
1707393600000,20.56,20.91,20.55,20.88,23746.251,2024-02-08 12:00:00
1707408000000,20.88,20.89,20.51,20.6,31703.263,2024-02-08 16:00:00
1707422400000,20.61,20.88,20.6,20.87,13215.31,2024-02-08 20:00:00
1707436800000,20.86,21.02,20.69,20.84,21292.223,2024-02-09 00:00:00
1707451200000,20.84,20.92,20.76,20.83,11009.135,2024-02-09 04:00:00
1707465600000,20.82,21.03,20.71,21.02,22624.712,2024-02-09 08:00:00
1707480000000,21.03,21.21,20.59,20.93,33859.017,2024-02-09 12:00:00
1707494400000,20.94,21.14,20.89,21.03,13530.46,2024-02-09 16:00:00
1707508800000,21.03,21.19,21.0,21.09,9027.505,2024-02-09 20:00:00
1707523200000,21.13,21.21,20.74,20.99,40097.342,2024-02-10 00:00:00
1707537600000,20.99,21.01,20.71,20.79,27725.104,2024-02-10 04:00:00
1707552000000,20.79,20.92,20.35,20.57,29209.226,2024-02-10 08:00:00
1707566400000,20.58,20.92,20.55,20.91,13675.531,2024-02-10 12:00:00
1707580800000,20.92,21.01,20.78,20.89,21202.706,2024-02-10 16:00:00
1707595200000,20.9,21.07,20.84,20.89,7002.677,2024-02-10 20:00:00
1707609600000,20.9,21.15,20.81,21.14,15249.292,2024-02-11 00:00:00
1707624000000,21.14,21.3,20.82,21.0,29840.653,2024-02-11 04:00:00
1707638400000,21.01,21.1,20.73,20.9,11256.731,2024-02-11 08:00:00
1707652800000,20.9,20.9,20.66,20.81,19544.272,2024-02-11 12:00:00
1707667200000,20.81,20.82,20.59,20.66,12495.287,2024-02-11 16:00:00
1707681600000,20.66,20.71,20.21,20.34,25158.797,2024-02-11 20:00:00
1707696000000,20.34,20.5,20.0,20.24,18424.779,2024-02-12 00:00:00
1707710400000,20.24,20.37,20.01,20.35,12789.843,2024-02-12 04:00:00
1707724800000,20.34,20.56,20.11,20.21,19685.008,2024-02-12 08:00:00
1707739200000,20.22,20.56,20.1,20.55,19797.971,2024-02-12 12:00:00
1707753600000,20.55,20.87,20.44,20.62,38635.469,2024-02-12 16:00:00
1707768000000,20.63,21.19,20.63,21.07,18291.296,2024-02-12 20:00:00
1707782400000,21.09,21.2,20.5,20.88,33987.94,2024-02-13 00:00:00
1707796800000,20.88,21.12,20.84,21.02,21358.157,2024-02-13 04:00:00
1707811200000,21.03,21.21,20.53,20.94,37798.43,2024-02-13 08:00:00
1707825600000,20.94,20.95,20.23,20.72,34016.374,2024-02-13 12:00:00
1707840000000,20.73,20.83,20.6,20.61,13168.336,2024-02-13 16:00:00
1707854400000,20.61,20.85,20.61,20.83,9007.83,2024-02-13 20:00:00
1707868800000,20.84,20.84,20.61,20.65,11505.036,2024-02-14 00:00:00
1707883200000,20.66,20.95,20.63,20.81,18959.785,2024-02-14 04:00:00
1707897600000,20.81,21.21,20.74,21.11,27164.061,2024-02-14 08:00:00
1707912000000,21.11,21.41,20.97,21.13,32813.036,2024-02-14 12:00:00
1707926400000,21.14,21.16,20.9,21.13,14758.782,2024-02-14 16:00:00
1707940800000,21.13,21.37,21.12,21.3,12712.723,2024-02-14 20:00:00
1707955200000,21.3,21.73,21.18,21.71,31647.749,2024-02-15 00:00:00
1707969600000,21.71,21.8,21.35,21.73,25737.387,2024-02-15 04:00:00
1707984000000,21.73,21.97,21.6,21.74,20818.713,2024-02-15 08:00:00
1707998400000,21.74,22.39,21.65,22.14,62413.725,2024-02-15 12:00:00
1708012800000,22.15,22.33,21.89,22.22,19402.567,2024-02-15 16:00:00
1708027200000,22.21,22.34,21.85,22.3,18678.807,2024-02-15 20:00:00
1708041600000,22.33,22.59,22.12,22.55,11186.413,2024-02-16 00:00:00
1708056000000,22.54,22.8,22.38,22.42,25973.671,2024-02-16 04:00:00
1708070400000,22.46,22.93,22.37,22.76,29455.309,2024-02-16 08:00:00
1708084800000,22.75,22.84,21.97,22.51,30836.406,2024-02-16 12:00:00
1708099200000,22.51,22.66,22.18,22.4,24330.901,2024-02-16 16:00:00
1708113600000,22.4,22.71,22.37,22.66,8808.677,2024-02-16 20:00:00
1708128000000,22.65,22.84,22.47,22.74,6406.056,2024-02-17 00:00:00
1708142400000,22.73,23.11,22.66,23.05,20774.848,2024-02-17 04:00:00
1708156800000,23.04,23.06,22.46,22.67,18224.697,2024-02-17 08:00:00
1708171200000,22.67,24.75,22.59,23.44,241665.294,2024-02-17 12:00:00
1708185600000,23.44,24.95,23.14,24.45,161511.114,2024-02-17 16:00:00
1708200000000,24.45,24.98,24.18,24.84,73087.626,2024-02-17 20:00:00
1708214400000,24.83,26.09,24.6,26.07,141279.993,2024-02-18 00:00:00
1708228800000,26.08,27.12,25.09,25.87,166206.7,2024-02-18 04:00:00
1708243200000,25.85,26.02,25.4,25.72,63816.533,2024-02-18 08:00:00
1708257600000,25.72,26.74,25.6,26.26,92222.971,2024-02-18 12:00:00
1708272000000,26.26,26.39,25.69,25.91,32374.003,2024-02-18 16:00:00
1708286400000,25.91,26.1,25.54,25.64,20647.428,2024-02-18 20:00:00
1708300800000,25.64,26.41,25.48,26.23,22795.272,2024-02-19 00:00:00
1708315200000,26.23,26.23,25.48,25.57,36494.31,2024-02-19 04:00:00
1708329600000,25.56,25.82,25.11,25.61,57785.034,2024-02-19 08:00:00
1708344000000,25.6,26.15,25.4,25.83,49489.709,2024-02-19 12:00:00
1708358400000,25.83,26.2,25.53,26.14,48414.294,2024-02-19 16:00:00
1708372800000,26.15,27.25,25.96,26.87,69094.332,2024-02-19 20:00:00
1708387200000,26.87,27.35,26.04,26.23,49526.718,2024-02-20 00:00:00
1708401600000,26.25,26.61,25.98,26.24,19398.096,2024-02-20 04:00:00
1708416000000,26.26,26.36,24.99,25.33,79276.241,2024-02-20 08:00:00
1708430400000,25.34,25.68,23.19,23.96,108143.579,2024-02-20 12:00:00
1708444800000,23.96,24.64,23.67,24.61,37353.921,2024-02-20 16:00:00
1708459200000,24.62,24.93,24.46,24.81,22663.779,2024-02-20 20:00:00
1708473600000,24.82,25.14,24.56,24.79,16623.394,2024-02-21 00:00:00
1708488000000,24.81,24.98,24.07,24.19,30440.315,2024-02-21 04:00:00
1708502400000,24.21,24.5,23.5,23.8,35073.756,2024-02-21 08:00:00
1708516800000,23.83,24.4,23.59,24.15,32248.42,2024-02-21 12:00:00
1708531200000,24.22,24.28,23.43,23.94,29231.921,2024-02-21 16:00:00
1708545600000,23.94,24.66,23.86,24.48,17256.806,2024-02-21 20:00:00
1708560000000,24.48,26.73,23.71,24.39,108959.878,2024-02-22 00:00:00
1708574400000,24.38,29.0,24.2,28.33,276527.333,2024-02-22 04:00:00
1708588800000,28.33,29.87,27.35,28.25,285188.905,2024-02-22 08:00:00
1708603200000,28.25,28.34,27.0,27.51,92241.185,2024-02-22 12:00:00
1708617600000,27.48,27.62,26.79,26.93,73763.916,2024-02-22 16:00:00
1708632000000,26.93,27.33,26.69,26.74,36357.695,2024-02-22 20:00:00
1708646400000,26.73,27.7,26.51,26.78,63073.85,2024-02-23 00:00:00
1708660800000,26.78,27.34,26.03,26.25,43919.701,2024-02-23 04:00:00
1708675200000,26.25,27.75,26.12,27.7,71308.916,2024-02-23 08:00:00
1708689600000,27.71,27.89,26.76,26.79,77125.575,2024-02-23 12:00:00
1708704000000,26.78,27.65,26.41,27.05,47941.76,2024-02-23 16:00:00
1708718400000,27.07,27.26,26.48,26.83,31880.701,2024-02-23 20:00:00
1708732800000,26.8,27.83,26.8,27.62,37676.024,2024-02-24 00:00:00
1708747200000,27.62,27.96,27.29,27.75,33622.033,2024-02-24 04:00:00
1708761600000,27.72,28.03,27.44,27.64,21052.47,2024-02-24 08:00:00
1708776000000,27.62,28.11,27.43,27.7,26059.927,2024-02-24 12:00:00
1708790400000,27.69,27.84,27.36,27.67,20505.672,2024-02-24 16:00:00
1708804800000,27.64,28.15,27.53,27.95,26956.046,2024-02-24 20:00:00
1708819200000,27.96,28.25,27.4,27.71,19883.365,2024-02-25 00:00:00
1708833600000,27.72,27.74,27.4,27.44,44030.601,2024-02-25 04:00:00
1708848000000,27.44,27.74,27.36,27.65,16448.009,2024-02-25 08:00:00
1708862400000,27.6,28.04,27.44,27.54,25559.828,2024-02-25 12:00:00
1708876800000,27.56,27.86,27.33,27.8,14508.545,2024-02-25 16:00:00
1708891200000,27.79,28.1,27.68,27.73,18410.17,2024-02-25 20:00:00
1708905600000,27.71,28.23,27.64,28.08,18855.384,2024-02-26 00:00:00
1708920000000,28.07,28.91,27.9,28.66,34825.176,2024-02-26 04:00:00
1708934400000,28.67,28.97,27.76,28.23,46742.459,2024-02-26 08:00:00
1708948800000,28.23,28.58,27.88,28.52,32348.122,2024-02-26 12:00:00
1708963200000,28.5,28.56,27.8,28.24,31012.592,2024-02-26 16:00:00
1708977600000,28.26,28.28,27.84,28.06,19357.348,2024-02-26 20:00:00
1708992000000,28.1,29.13,27.97,28.78,45086.328,2024-02-27 00:00:00
1709006400000,28.8,29.5,28.64,29.26,45852.679,2024-02-27 04:00:00
1709020800000,29.25,30.0,29.23,29.49,44202.534,2024-02-27 08:00:00
1709035200000,29.45,30.0,28.37,28.5,57554.647,2024-02-27 12:00:00
1709049600000,28.53,29.12,28.34,28.67,33660.103,2024-02-27 16:00:00
1709064000000,28.68,29.06,28.38,28.76,14369.17,2024-02-27 20:00:00
1709078400000,28.74,29.07,28.64,28.92,18587.701,2024-02-28 00:00:00
1709092800000,28.92,29.0,28.3,28.83,32556.771,2024-02-28 04:00:00
1709107200000,28.83,29.68,28.42,28.99,60295.642,2024-02-28 08:00:00
1709121600000,28.99,29.2,27.98,28.55,132550.507,2024-02-28 12:00:00
1709136000000,28.54,29.52,26.0,27.38,139018.751,2024-02-28 16:00:00
1709150400000,27.39,28.63,27.14,28.31,44437.129,2024-02-28 20:00:00
1709164800000,28.31,28.95,28.13,28.48,29013.426,2024-02-29 00:00:00
1709179200000,28.45,30.19,28.3,29.84,86125.556,2024-02-29 04:00:00
1709193600000,29.84,30.44,29.38,29.47,47209.559,2024-02-29 08:00:00
1709208000000,29.45,29.86,29.11,29.64,34662.061,2024-02-29 12:00:00
1709222400000,29.65,29.73,28.17,28.35,74808.104,2024-02-29 16:00:00
1709236800000,28.37,28.69,27.0,27.89,37782.321,2024-02-29 20:00:00
1709251200000,27.92,28.88,27.88,28.73,26082.326,2024-03-01 00:00:00
1709265600000,28.74,29.09,28.58,28.66,35931.108,2024-03-01 04:00:00
1709280000000,28.68,29.46,28.54,29.22,33987.582,2024-03-01 08:00:00
1709294400000,29.23,29.4,28.62,28.77,42458.024,2024-03-01 12:00:00
1709308800000,28.78,30.0,28.6,29.45,26626.0,2024-03-01 16:00:00
1709323200000,29.44,29.68,29.29,29.54,22017.609,2024-03-01 20:00:00
1709337600000,29.54,31.0,29.2,30.94,70493.112,2024-03-02 00:00:00
1709352000000,30.94,31.25,30.32,30.86,58546.749,2024-03-02 04:00:00
1709366400000,30.87,31.14,30.15,31.07,39438.458,2024-03-02 08:00:00
1709380800000,31.07,31.61,30.67,31.3,63174.548,2024-03-02 12:00:00
1709395200000,31.33,32.39,31.21,32.32,42550.731,2024-03-02 16:00:00
1709409600000,32.31,33.35,31.85,33.09,62185.635,2024-03-02 20:00:00
1709424000000,33.05,33.3,31.68,32.57,61235.898,2024-03-03 00:00:00
1709438400000,32.55,33.08,29.5,31.67,78430.043,2024-03-03 04:00:00
1709452800000,31.68,32.44,31.65,32.13,51698.384,2024-03-03 08:00:00
1709467200000,32.12,32.66,31.32,31.9,52293.977,2024-03-03 12:00:00
1709481600000,31.92,32.16,31.51,31.73,32943.94,2024-03-03 16:00:00
1709496000000,31.73,31.9,31.48,31.6,30277.762,2024-03-03 20:00:00
1709510400000,31.62,32.16,31.08,31.48,37181.011,2024-03-04 00:00:00
1709524800000,31.44,32.37,31.22,32.34,40423.418,2024-03-04 04:00:00
1709539200000,32.32,33.25,31.8,32.32,57856.58,2024-03-04 08:00:00
1709553600000,32.32,32.67,31.5,32.0,54210.595,2024-03-04 12:00:00
1709568000000,32.0,33.0,30.8,32.31,85616.198,2024-03-04 16:00:00
1709582400000,32.33,33.24,32.09,32.79,49677.842,2024-03-04 20:00:00
1709596800000,32.79,33.3,32.22,32.49,42173.277,2024-03-05 00:00:00
1709611200000,32.5,34.74,32.5,33.48,102106.894,2024-03-05 04:00:00
1709625600000,33.48,34.56,32.85,33.96,61968.622,2024-03-05 08:00:00
1709640000000,33.96,35.0,33.14,34.19,109948.598,2024-03-05 12:00:00
1709654400000,34.19,34.44,26.26,29.0,150983.337,2024-03-05 16:00:00
1709668800000,29.01,34.7,27.07,30.32,107845.563,2024-03-05 20:00:00
1709683200000,30.32,30.88,28.99,29.85,67556.162,2024-03-06 00:00:00
1709697600000,29.85,31.8,29.82,31.66,38223.27,2024-03-06 04:00:00
1709712000000,31.66,32.08,30.86,31.4,46792.864,2024-03-06 08:00:00
1709726400000,31.4,31.56,30.08,30.99,42353.423,2024-03-06 12:00:00
1709740800000,30.98,31.94,30.92,31.91,18557.024,2024-03-06 16:00:00
1709755200000,31.91,33.04,31.75,32.82,26927.272,2024-03-06 20:00:00
1709769600000,32.87,34.19,32.7,33.27,55479.77,2024-03-07 00:00:00
1709784000000,33.29,33.73,32.59,33.36,42112.267,2024-03-07 04:00:00
1709798400000,33.35,33.98,33.32,33.92,38233.814,2024-03-07 08:00:00
1709812800000,33.88,34.23,33.0,33.73,60485.562,2024-03-07 12:00:00
1709827200000,33.74,34.22,33.3,33.99,34577.539,2024-03-07 16:00:00
1709841600000,34.0,34.48,33.95,34.04,19326.742,2024-03-07 20:00:00
1709856000000,34.06,34.64,33.66,33.79,25933.861,2024-03-08 00:00:00
1709870400000,33.76,33.95,33.52,33.73,19759.943,2024-03-08 04:00:00
1709884800000,33.76,35.0,33.68,34.39,51543.976,2024-03-08 08:00:00
1709899200000,34.41,34.47,32.2,33.82,66987.69,2024-03-08 12:00:00
1709913600000,33.83,34.28,33.0,33.63,86230.461,2024-03-08 16:00:00
1709928000000,33.64,34.71,33.62,34.58,26997.708,2024-03-08 20:00:00
1709942400000,34.58,35.19,34.1,34.77,50227.689,2024-03-09 00:00:00
1709956800000,34.77,35.45,34.48,35.19,70434.87,2024-03-09 04:00:00
1709971200000,35.18,35.62,34.85,35.21,43350.766,2024-03-09 08:00:00
1709985600000,35.23,35.34,34.6,34.91,37524.568,2024-03-09 12:00:00
1710000000000,34.91,35.0,33.86,33.88,31929.085,2024-03-09 16:00:00
1710014400000,33.89,34.27,33.72,34.24,25017.344,2024-03-09 20:00:00
1710028800000,34.25,34.89,34.19,34.48,94126.559,2024-03-10 00:00:00
1710043200000,34.46,34.6,34.14,34.18,26750.116,2024-03-10 04:00:00
1710057600000,34.18,34.26,33.07,33.41,77626.941,2024-03-10 08:00:00
1710072000000,33.41,33.65,32.07,32.93,52962.321,2024-03-10 12:00:00
1710086400000,32.94,33.75,32.93,33.53,30987.792,2024-03-10 16:00:00
1710100800000,33.55,33.95,32.77,33.75,23726.957,2024-03-10 20:00:00
1710115200000,33.75,33.94,31.31,33.09,27457.497,2024-03-11 00:00:00
1710129600000,33.07,33.88,32.6,33.72,38642.048,2024-03-11 04:00:00
1710144000000,33.7,33.76,32.34,32.77,132252.702,2024-03-11 08:00:00
1710158400000,32.78,33.33,32.63,33.06,67352.573,2024-03-11 12:00:00
1710172800000,33.05,34.58,32.82,34.26,103460.235,2024-03-11 16:00:00
1710187200000,34.29,35.11,34.22,34.85,50738.087,2024-03-11 20:00:00
1710201600000,34.85,35.11,34.18,34.22,35602.279,2024-03-12 00:00:00
1710216000000,34.26,34.48,33.38,33.64,35964.647,2024-03-12 04:00:00
1710230400000,33.61,33.79,32.56,33.17,67509.227,2024-03-12 08:00:00
1710244800000,33.19,33.81,32.54,33.28,53302.416,2024-03-12 12:00:00
1710259200000,33.28,33.9,31.16,33.71,67781.239,2024-03-12 16:00:00
1710273600000,33.71,34.27,33.34,34.19,26360.207,2024-03-12 20:00:00
1710288000000,34.17,35.65,34.04,35.42,94356.21,2024-03-13 00:00:00
1710302400000,35.43,35.43,34.3,34.66,59793.325,2024-03-13 04:00:00
1710316800000,34.67,34.95,34.18,34.39,72566.64,2024-03-13 08:00:00
1710331200000,34.39,34.49,33.04,33.25,64005.226,2024-03-13 12:00:00
1710345600000,33.27,34.93,33.08,34.91,38565.959,2024-03-13 16:00:00
1710360000000,34.91,35.03,34.31,34.85,40015.002,2024-03-13 20:00:00
1710374400000,34.85,35.13,34.13,34.43,45067.358,2024-03-14 00:00:00
1710388800000,34.44,34.72,34.12,34.54,29980.261,2024-03-14 04:00:00
1710403200000,34.52,35.6,33.88,34.41,59699.877,2024-03-14 08:00:00
1710417600000,34.41,34.66,32.6,32.91,94807.803,2024-03-14 12:00:00
1710432000000,32.92,33.8,31.83,32.81,70196.495,2024-03-14 16:00:00
1710446400000,32.79,34.38,32.76,34.07,41675.481,2024-03-14 20:00:00
1710460800000,34.06,35.1,30.66,32.09,90833.862,2024-03-15 00:00:00
1710475200000,32.09,32.6,31.39,32.33,52523.407,2024-03-15 04:00:00
1710489600000,32.34,32.38,29.06,30.68,97798.336,2024-03-15 08:00:00
1710504000000,30.73,31.37,30.42,31.04,36822.516,2024-03-15 12:00:00
1710518400000,31.04,31.99,30.66,31.12,25144.218,2024-03-15 16:00:00
1710532800000,31.13,31.62,30.4,31.49,21541.04,2024-03-15 20:00:00
1710547200000,31.5,31.88,31.3,31.73,30033.743,2024-03-16 00:00:00
1710561600000,31.75,32.18,31.3,32.07,18522.159,2024-03-16 04:00:00
1710576000000,32.09,32.15,30.78,31.1,33975.524,2024-03-16 08:00:00
1710590400000,31.1,31.11,29.51,30.14,85030.814,2024-03-16 12:00:00
1710604800000,30.14,30.14,28.2,28.93,56273.35,2024-03-16 16:00:00
1710619200000,28.91,29.4,28.28,29.08,30742.213,2024-03-16 20:00:00
1710633600000,29.08,29.52,28.46,29.42,24030.221,2024-03-17 00:00:00
1710648000000,29.43,29.43,27.22,28.16,58554.919,2024-03-17 04:00:00
1710662400000,28.17,29.62,28.1,29.12,51641.589,2024-03-17 08:00:00
1710676800000,29.13,29.79,28.68,29.67,34046.495,2024-03-17 12:00:00
1710691200000,29.64,29.9,29.53,29.74,20459.512,2024-03-17 16:00:00
1710705600000,29.71,29.76,29.1,29.26,20332.878,2024-03-17 20:00:00
1710720000000,29.25,29.33,28.31,29.1,30212.148,2024-03-18 00:00:00
1710734400000,29.13,29.49,28.82,29.12,19194.613,2024-03-18 04:00:00
1710748800000,29.12,29.13,28.0,28.73,34037.496,2024-03-18 08:00:00
1710763200000,28.75,28.85,27.28,27.87,66367.658,2024-03-18 12:00:00
1710777600000,27.87,28.24,26.94,27.15,51950.05,2024-03-18 16:00:00
1710792000000,27.16,27.86,27.16,27.54,23869.511,2024-03-18 20:00:00
1710806400000,27.55,27.85,25.52,26.19,84013.913,2024-03-19 00:00:00
1710820800000,26.18,26.29,24.6,25.59,84983.704,2024-03-19 04:00:00
1710835200000,25.61,25.87,24.36,25.53,88294.794,2024-03-19 08:00:00
1710849600000,25.55,26.23,25.06,26.1,45062.496,2024-03-19 12:00:00
1710864000000,26.08,26.82,26.0,26.5,33201.852,2024-03-19 16:00:00
1710878400000,26.51,26.56,24.43,25.03,34336.972,2024-03-19 20:00:00
1710892800000,25.01,25.81,24.81,25.0,31404.235,2024-03-20 00:00:00
1710907200000,25.03,26.36,24.3,26.16,63395.721,2024-03-20 04:00:00
1710921600000,26.17,26.75,25.72,26.69,47682.895,2024-03-20 08:00:00
1710936000000,26.68,26.87,26.09,26.22,58870.296,2024-03-20 12:00:00
1710950400000,26.21,27.99,25.32,27.88,81548.998,2024-03-20 16:00:00
1710964800000,27.88,28.51,27.77,28.31,37610.908,2024-03-20 20:00:00
1710979200000,28.29,30.0,28.21,29.18,56969.266,2024-03-21 00:00:00
1710993600000,29.18,29.35,28.25,28.79,36026.545,2024-03-21 04:00:00
1711008000000,28.78,29.0,28.5,28.74,32861.191,2024-03-21 08:00:00
1711022400000,28.74,29.39,28.67,29.13,56423.146,2024-03-21 12:00:00
1711036800000,29.14,29.91,28.5,29.19,36860.991,2024-03-21 16:00:00
1711051200000,29.15,29.83,28.81,29.38,13568.21,2024-03-21 20:00:00
1711065600000,29.39,29.7,28.63,29.28,24077.153,2024-03-22 00:00:00
1711080000000,29.29,29.53,29.0,29.45,21135.239,2024-03-22 04:00:00
1711094400000,29.46,29.55,28.28,28.43,32064.39,2024-03-22 08:00:00
1711108800000,28.43,29.0,27.79,28.62,52779.973,2024-03-22 12:00:00
1711123200000,28.6,28.93,28.08,28.82,35466.958,2024-03-22 16:00:00
1711137600000,28.82,28.83,27.94,28.76,25064.447,2024-03-22 20:00:00
1711152000000,28.78,29.36,28.23,28.62,22764.999,2024-03-23 00:00:00
1711166400000,28.61,29.04,28.56,28.84,9236.31,2024-03-23 04:00:00
1711180800000,28.84,28.96,28.5,28.86,16223.22,2024-03-23 08:00:00
1711195200000,28.85,29.52,28.79,29.31,30830.142,2024-03-23 12:00:00
1711209600000,29.32,29.42,28.96,29.02,10929.393,2024-03-23 16:00:00
1711224000000,29.02,29.28,28.62,28.69,18546.176,2024-03-23 20:00:00
1711238400000,28.68,29.2,28.65,28.79,9055.435,2024-03-24 00:00:00
1711252800000,28.78,29.43,28.59,28.98,24036.226,2024-03-24 04:00:00
1711267200000,28.95,29.38,28.92,29.28,11317.229,2024-03-24 08:00:00
1711281600000,29.3,29.52,29.1,29.34,15611.147,2024-03-24 12:00:00
1711296000000,29.33,29.55,28.8,29.42,22554.108,2024-03-24 16:00:00
1711310400000,29.44,29.89,29.33,29.79,20448.115,2024-03-24 20:00:00
1711324800000,29.79,30.1,29.63,29.96,16135.596,2024-03-25 00:00:00
1711339200000,29.97,30.07,29.54,29.6,17768.431,2024-03-25 04:00:00
1711353600000,29.6,30.23,29.49,29.6,26846.84,2024-03-25 08:00:00
1711368000000,29.6,30.42,29.53,30.21,31189.672,2024-03-25 12:00:00
1711382400000,30.22,30.69,30.06,30.67,24030.623,2024-03-25 16:00:00
1711396800000,30.67,30.71,29.96,30.34,21814.078,2024-03-25 20:00:00
1711411200000,30.34,31.01,30.34,30.89,15469.957,2024-03-26 00:00:00
1711425600000,30.87,31.25,30.67,30.91,22407.453,2024-03-26 04:00:00
1711440000000,30.91,31.87,30.8,31.4,33972.355,2024-03-26 08:00:00
1711454400000,31.4,31.6,30.72,31.46,48590.621,2024-03-26 12:00:00
1711468800000,31.47,31.9,30.78,31.3,34605.053,2024-03-26 16:00:00
1711483200000,31.3,31.86,31.3,31.63,18912.636,2024-03-26 20:00:00
1711497600000,31.64,32.0,31.3,31.32,17171.472,2024-03-27 00:00:00
1711512000000,31.32,31.53,30.45,30.68,20935.975,2024-03-27 04:00:00
1711526400000,30.68,31.26,30.0,31.21,19887.241,2024-03-27 08:00:00
1711540800000,31.22,31.48,29.75,30.5,50697.24,2024-03-27 12:00:00
1711555200000,30.5,31.1,30.33,31.0,19637.205,2024-03-27 16:00:00
1711569600000,31.01,31.42,30.76,31.0,20204.141,2024-03-27 20:00:00
1711584000000,31.03,31.38,30.37,30.68,10620.086,2024-03-28 00:00:00
1711598400000,30.68,31.7,30.66,31.53,13813.397,2024-03-28 04:00:00
1711612800000,31.53,31.69,31.15,31.25,14012.233,2024-03-28 08:00:00
1711627200000,31.24,31.37,30.73,30.91,19201.833,2024-03-28 12:00:00
1711641600000,30.91,31.18,30.81,30.91,11155.754,2024-03-28 16:00:00
1711656000000,30.89,30.97,30.59,30.78,8750.588,2024-03-28 20:00:00
1711670400000,30.78,30.82,30.27,30.75,16641.897,2024-03-29 00:00:00
1711684800000,30.74,31.0,30.01,30.13,20355.695,2024-03-29 04:00:00
1711699200000,30.12,31.49,30.12,31.16,31871.163,2024-03-29 08:00:00
1711713600000,31.13,31.25,30.14,30.49,64720.076,2024-03-29 12:00:00
1711728000000,30.5,30.92,30.41,30.6,12927.74,2024-03-29 16:00:00
1711742400000,30.59,30.78,29.94,30.71,23512.314,2024-03-29 20:00:00
1711756800000,30.72,30.88,30.33,30.43,17779.666,2024-03-30 00:00:00
1711771200000,30.43,30.7,30.16,30.19,12729.875,2024-03-30 04:00:00
1711785600000,30.18,30.39,30.03,30.35,15514.288,2024-03-30 08:00:00
1711800000000,30.34,30.35,30.0,30.21,14741.118,2024-03-30 12:00:00
1711814400000,30.19,30.55,30.14,30.44,17955.809,2024-03-30 16:00:00
1711828800000,30.42,30.49,29.8,30.08,25607.905,2024-03-30 20:00:00
1711843200000,30.07,30.52,29.97,30.43,18555.705,2024-03-31 00:00:00
1711857600000,30.42,30.71,30.25,30.58,11958.831,2024-03-31 04:00:00
1711872000000,30.57,30.7,30.39,30.57,11791.855,2024-03-31 08:00:00
1711886400000,30.57,30.83,30.38,30.44,27052.975,2024-03-31 12:00:00
1711900800000,30.44,30.72,30.39,30.55,15416.74,2024-03-31 16:00:00
1711915200000,30.55,30.64,30.06,30.44,28056.456,2024-03-31 20:00:00
1711929600000,30.44,30.54,30.1,30.3,40156.53,2024-04-01 00:00:00
1711944000000,30.3,30.46,28.0,29.6,66632.636,2024-04-01 04:00:00
1711958400000,29.59,29.61,28.98,29.08,26781.329,2024-04-01 08:00:00
1711972800000,29.07,29.54,28.08,28.28,53514.107,2024-04-01 12:00:00
1711987200000,28.28,28.64,27.91,28.61,32197.704,2024-04-01 16:00:00
1712001600000,28.6,29.06,28.45,28.94,12553.371,2024-04-01 20:00:00
1712016000000,28.96,28.98,27.1,27.7,48787.396,2024-04-02 00:00:00
1712030400000,27.68,28.07,27.52,27.68,23083.929,2024-04-02 04:00:00
1712044800000,27.67,27.86,27.01,27.5,56137.964,2024-04-02 08:00:00
1712059200000,27.5,27.83,27.0,27.14,34891.075,2024-04-02 12:00:00
1712073600000,27.13,27.94,27.02,27.81,43753.334,2024-04-02 16:00:00
1712088000000,27.78,27.99,27.55,27.66,10050.812,2024-04-02 20:00:00
1712102400000,27.66,28.01,26.85,27.99,40067.823,2024-04-03 00:00:00
1712116800000,28.0,28.42,27.92,28.14,33109.189,2024-04-03 04:00:00
1712131200000,28.13,28.3,27.67,27.85,32804.015,2024-04-03 08:00:00
1712145600000,27.85,28.03,27.43,27.54,20301.325,2024-04-03 12:00:00
1712160000000,27.54,27.91,27.1,27.25,25205.461,2024-04-03 16:00:00
1712174400000,27.22,27.33,26.7,27.17,16213.583,2024-04-03 20:00:00
1712188800000,27.16,27.52,26.75,27.16,18073.974,2024-04-04 00:00:00
1712203200000,27.15,27.58,26.84,27.5,16500.06,2024-04-04 04:00:00
1712217600000,27.49,27.99,27.45,27.92,19575.37,2024-04-04 08:00:00
1712232000000,27.91,28.17,27.69,27.86,25966.655,2024-04-04 12:00:00
1712246400000,27.85,28.21,27.67,27.82,31887.856,2024-04-04 16:00:00
1712260800000,27.84,27.86,27.26,27.66,25883.388,2024-04-04 20:00:00
1712275200000,27.64,27.72,26.93,27.35,17023.371,2024-04-05 00:00:00
1712289600000,27.35,27.44,26.51,27.2,27637.336,2024-04-05 04:00:00
1712304000000,27.2,27.48,26.65,26.66,19067.653,2024-04-05 08:00:00
1712318400000,26.69,27.5,26.5,27.47,22195.715,2024-04-05 12:00:00
1712332800000,27.47,27.61,27.2,27.31,5848.209,2024-04-05 16:00:00
1712347200000,27.3,27.46,27.26,27.29,3009.167,2024-04-05 20:00:00
1712361600000,27.29,27.59,27.15,27.41,11327.712,2024-04-06 00:00:00
1712376000000,27.43,27.62,27.34,27.55,4814.807,2024-04-06 04:00:00
1712390400000,27.55,27.71,27.48,27.66,11082.689,2024-04-06 08:00:00
1712404800000,27.64,27.67,27.23,27.52,15534.403,2024-04-06 12:00:00
1712419200000,27.56,27.68,27.3,27.34,8138.52,2024-04-06 16:00:00
1712433600000,27.34,27.86,27.31,27.49,7978.45,2024-04-06 20:00:00
1712448000000,27.5,27.9,27.44,27.86,6841.755,2024-04-07 00:00:00
1712462400000,27.87,27.88,27.6,27.71,13456.544,2024-04-07 04:00:00
1712476800000,27.69,28.06,27.6,27.96,14733.687,2024-04-07 08:00:00
1712491200000,27.96,28.14,27.78,27.87,18444.807,2024-04-07 12:00:00
1712505600000,27.84,28.1,27.49,27.57,13854.729,2024-04-07 16:00:00
1712520000000,27.54,27.91,27.54,27.86,6695.687,2024-04-07 20:00:00
1712534400000,27.84,28.01,27.47,27.54,14632.24,2024-04-08 00:00:00
1712548800000,27.53,27.87,27.32,27.77,14655.649,2024-04-08 04:00:00
1712563200000,27.77,28.43,27.75,28.41,40515.326,2024-04-08 08:00:00
1712577600000,28.41,28.54,28.2,28.41,24330.218,2024-04-08 12:00:00
1712592000000,28.42,28.7,28.38,28.58,17594.134,2024-04-08 16:00:00
1712606400000,28.58,28.69,28.45,28.52,14938.403,2024-04-08 20:00:00
1712620800000,28.53,28.6,28.21,28.3,18745.81,2024-04-09 00:00:00
1712635200000,28.31,28.81,28.12,28.23,27667.607,2024-04-09 04:00:00
1712649600000,28.23,28.65,27.84,28.49,30994.034,2024-04-09 08:00:00
1712664000000,28.49,28.6,27.46,28.0,42920.273,2024-04-09 12:00:00
1712678400000,28.0,28.14,27.64,27.97,19680.845,2024-04-09 16:00:00
1712692800000,27.98,28.08,27.42,27.62,6427.122,2024-04-09 20:00:00
1712707200000,27.61,27.78,26.84,27.21,45951.286,2024-04-10 00:00:00
1712721600000,27.18,27.46,27.08,27.26,11421.766,2024-04-10 04:00:00
1712736000000,27.27,27.3,26.8,27.06,23357.916,2024-04-10 08:00:00
1712750400000,27.04,27.09,26.0,26.85,63047.97,2024-04-10 12:00:00
1712764800000,26.85,27.19,26.68,27.06,20984.799,2024-04-10 16:00:00
1712779200000,27.05,27.17,26.81,27.05,9158.698,2024-04-10 20:00:00
1712793600000,27.06,27.21,26.94,27.02,10219.324,2024-04-11 00:00:00
1712808000000,27.04,27.16,26.83,27.07,11170.02,2024-04-11 04:00:00
1712822400000,27.08,27.17,26.45,26.49,13033.486,2024-04-11 08:00:00
1712836800000,26.49,26.92,26.23,26.6,28776.333,2024-04-11 12:00:00
1712851200000,26.58,26.81,26.31,26.55,14829.739,2024-04-11 16:00:00
1712865600000,26.56,26.76,26.34,26.52,13055.002,2024-04-11 20:00:00
1712880000000,26.52,26.95,26.51,26.92,11318.655,2024-04-12 00:00:00
1712894400000,26.9,27.03,26.65,26.75,14147.056,2024-04-12 04:00:00
1712908800000,26.74,26.97,26.49,26.9,29751.772,2024-04-12 08:00:00
1712923200000,26.9,26.91,26.05,26.37,34008.713,2024-04-12 12:00:00
1712937600000,26.36,26.37,21.5,22.49,214685.011,2024-04-12 16:00:00
1712952000000,22.49,23.42,22.41,23.23,59672.931,2024-04-12 20:00:00
1712966400000,23.21,23.58,22.36,23.43,43020.412,2024-04-13 00:00:00
1712980800000,23.41,23.76,23.25,23.59,18272.195,2024-04-13 04:00:00
1712995200000,23.58,23.85,23.32,23.51,22731.984,2024-04-13 08:00:00
1713009600000,23.51,23.9,23.39,23.5,20105.185,2024-04-13 12:00:00
1713024000000,23.51,23.61,20.11,20.74,100718.661,2024-04-13 16:00:00
1713038400000,20.72,20.95,17.94,20.48,263811.582,2024-04-13 20:00:00
1713052800000,20.44,20.62,19.73,20.29,65390.0,2024-04-14 00:00:00
1713067200000,20.31,21.79,20.23,21.67,54352.874,2024-04-14 04:00:00
1713081600000,21.68,21.86,20.73,20.94,39336.996,2024-04-14 08:00:00
1713096000000,20.94,21.37,20.47,20.95,40348.484,2024-04-14 12:00:00
1713110400000,20.93,21.47,20.18,21.09,45777.574,2024-04-14 16:00:00
1713124800000,21.08,22.13,20.82,21.97,29809.671,2024-04-14 20:00:00
1713139200000,21.97,22.06,21.46,21.87,11292.293,2024-04-15 00:00:00
1713153600000,21.87,22.95,21.52,22.76,52395.392,2024-04-15 04:00:00
1713168000000,22.76,22.9,22.17,22.19,30078.703,2024-04-15 08:00:00
1713182400000,22.2,22.66,21.23,21.78,73569.425,2024-04-15 12:00:00
1713196800000,21.8,21.9,20.39,21.53,51240.354,2024-04-15 16:00:00
1713211200000,21.49,21.63,20.95,21.2,13611.203,2024-04-15 20:00:00
1713225600000,21.23,21.45,20.73,20.96,18215.829,2024-04-16 00:00:00
1713240000000,20.97,21.81,20.3,21.72,19578.086,2024-04-16 04:00:00
1713254400000,21.72,21.75,20.7,21.45,29818.561,2024-04-16 08:00:00
1713268800000,21.43,21.47,20.58,20.71,33302.408,2024-04-16 12:00:00
1713283200000,20.66,21.4,20.54,21.1,20983.38,2024-04-16 16:00:00
1713297600000,21.1,21.55,21.02,21.43,20846.661,2024-04-16 20:00:00
1713312000000,21.39,21.64,21.05,21.27,28024.262,2024-04-17 00:00:00
1713326400000,21.27,22.09,21.06,21.23,25194.652,2024-04-17 04:00:00
1713340800000,21.24,21.39,20.65,20.66,23842.705,2024-04-17 08:00:00
1713355200000,20.67,20.95,20.05,20.32,60531.076,2024-04-17 12:00:00
1713369600000,20.3,21.46,20.1,21.08,32690.489,2024-04-17 16:00:00
1713384000000,21.11,21.43,20.86,21.05,12017.21,2024-04-17 20:00:00
1713398400000,21.04,21.33,20.55,21.23,19645.11,2024-04-18 00:00:00
1713412800000,21.24,21.37,20.49,20.66,28174.159,2024-04-18 04:00:00
1713427200000,20.67,21.63,20.44,21.52,33757.194,2024-04-18 08:00:00
1713441600000,21.51,22.0,21.11,21.86,33904.457,2024-04-18 12:00:00
1713456000000,21.88,21.91,21.34,21.75,24728.653,2024-04-18 16:00:00
1713470400000,21.76,22.16,21.61,22.02,15396.305,2024-04-18 20:00:00
1713484800000,22.0,22.0,20.23,21.29,36222.637,2024-04-19 00:00:00
1713499200000,21.29,22.73,21.28,22.46,49583.045,2024-04-19 04:00:00
1713513600000,22.45,22.88,22.44,22.57,25634.193,2024-04-19 08:00:00
1713528000000,22.58,22.72,22.15,22.42,22214.234,2024-04-19 12:00:00
1713542400000,22.43,22.64,22.06,22.62,17861.534,2024-04-19 16:00:00
1713556800000,22.61,22.61,21.8,22.25,17388.719,2024-04-19 20:00:00
1713571200000,22.25,22.84,21.93,22.5,23728.101,2024-04-20 00:00:00
1713585600000,22.5,22.65,22.36,22.54,12174.027,2024-04-20 04:00:00
1713600000000,22.53,22.55,22.25,22.47,9045.995,2024-04-20 08:00:00
1713614400000,22.46,22.94,22.45,22.94,16209.564,2024-04-20 12:00:00
1713628800000,22.94,23.41,22.8,23.22,17454.107,2024-04-20 16:00:00
1713643200000,23.21,23.36,23.04,23.24,9053.81,2024-04-20 20:00:00
1713657600000,23.23,23.57,22.87,23.35,15415.805,2024-04-21 00:00:00
1713672000000,23.32,23.36,23.08,23.27,10052.399,2024-04-21 04:00:00
1713686400000,23.28,23.3,22.75,23.02,21430.324,2024-04-21 08:00:00
1713700800000,23.0,23.09,22.57,22.91,12506.506,2024-04-21 12:00:00
1713715200000,22.91,24.08,22.39,22.57,55757.034,2024-04-21 16:00:00
1713729600000,22.57,23.01,22.47,22.73,12365.006,2024-04-21 20:00:00
1713744000000,22.75,23.15,22.65,23.01,16592.396,2024-04-22 00:00:00
1713758400000,23.01,24.4,22.99,23.73,65136.618,2024-04-22 04:00:00
1713772800000,23.73,23.85,23.48,23.62,7949.736,2024-04-22 08:00:00
1713787200000,23.62,24.19,23.6,23.97,22343.818,2024-04-22 12:00:00
1713801600000,23.97,24.14,23.78,24.1,14566.274,2024-04-22 16:00:00
1713816000000,24.1,24.55,24.02,24.3,19564.07,2024-04-22 20:00:00
1713830400000,24.3,24.48,23.84,23.89,26967.736,2024-04-23 00:00:00
1713844800000,23.87,24.08,23.55,23.69,14388.252,2024-04-23 04:00:00
1713859200000,23.7,24.16,23.7,23.91,8215.697,2024-04-23 08:00:00
1713873600000,23.91,24.38,23.8,24.02,20132.517,2024-04-23 12:00:00
1713888000000,24.05,24.46,23.81,24.45,20220.044,2024-04-23 16:00:00
1713902400000,24.45,24.46,23.76,23.97,10477.982,2024-04-23 20:00:00
1713916800000,23.95,24.3,23.77,24.13,14283.904,2024-04-24 00:00:00
1713931200000,24.12,24.45,23.96,24.04,11934.197,2024-04-24 04:00:00
1713945600000,24.04,24.43,23.81,24.33,13395.434,2024-04-24 08:00:00
1713960000000,24.34,24.42,23.15,23.2,27881.87,2024-04-24 12:00:00
1713974400000,23.17,23.51,22.8,23.16,17153.428,2024-04-24 16:00:00
1713988800000,23.16,23.27,22.61,22.91,11212.256,2024-04-24 20:00:00
1714003200000,22.88,23.2,22.54,22.63,18784.119,2024-04-25 00:00:00
1714017600000,22.65,22.94,22.28,22.73,13047.632,2024-04-25 04:00:00
1714032000000,22.73,22.86,22.33,22.77,18922.063,2024-04-25 08:00:00
1714046400000,22.74,23.3,22.35,23.28,18287.746,2024-04-25 12:00:00
1714060800000,23.27,23.62,23.23,23.43,13613.105,2024-04-25 16:00:00
1714075200000,23.48,23.57,23.18,23.34,13599.638,2024-04-25 20:00:00
1714089600000,23.34,23.42,22.67,23.01,14197.363,2024-04-26 00:00:00
1714104000000,22.99,23.36,22.85,22.99,9165.221,2024-04-26 04:00:00
1714118400000,22.99,23.12,22.66,22.88,13130.27,2024-04-26 08:00:00
1714132800000,22.88,23.25,22.57,22.88,35156.564,2024-04-26 12:00:00
1714147200000,22.85,23.11,22.76,23.04,7189.079,2024-04-26 16:00:00
1714161600000,23.04,23.22,22.77,22.88,5942.673,2024-04-26 20:00:00
1714176000000,22.89,23.07,22.12,22.85,18364.878,2024-04-27 00:00:00
1714190400000,22.84,23.02,22.66,22.68,7431.045,2024-04-27 04:00:00
1714204800000,22.68,22.83,22.48,22.69,10754.079,2024-04-27 08:00:00
1714219200000,22.67,23.08,22.61,22.66,16474.34,2024-04-27 12:00:00
1714233600000,22.68,23.14,22.52,23.13,16780.102,2024-04-27 16:00:00
1714248000000,23.12,23.27,23.02,23.22,6929.015,2024-04-27 20:00:00
1714262400000,23.26,23.65,23.22,23.48,20208.769,2024-04-28 00:00:00
1714276800000,23.43,23.49,23.19,23.28,9810.434,2024-04-28 04:00:00
1714291200000,23.28,23.31,22.81,22.9,11243.292,2024-04-28 08:00:00
1714305600000,22.9,23.28,22.89,22.92,23109.203,2024-04-28 12:00:00
1714320000000,22.91,23.21,22.89,23.08,19882.249,2024-04-28 16:00:00
1714334400000,23.07,23.14,22.39,22.48,10364.324,2024-04-28 20:00:00
1714348800000,22.47,22.74,22.14,22.18,12536.055,2024-04-29 00:00:00
1714363200000,22.17,22.43,21.9,22.21,17418.483,2024-04-29 04:00:00
1714377600000,22.22,22.33,21.98,22.07,13993.182,2024-04-29 08:00:00
1714392000000,22.07,22.65,21.79,22.52,31428.558,2024-04-29 12:00:00
1714406400000,22.5,22.79,22.29,22.31,42421.117,2024-04-29 16:00:00
1714420800000,22.31,22.64,22.11,22.36,13951.106,2024-04-29 20:00:00
1714435200000,22.36,22.56,21.98,22.41,11212.319,2024-04-30 00:00:00
1714449600000,22.43,22.46,21.98,22.0,10138.852,2024-04-30 04:00:00
1714464000000,22.0,22.08,20.92,21.06,36222.342,2024-04-30 08:00:00
1714478400000,21.07,21.18,20.62,20.87,28013.531,2024-04-30 12:00:00
1714492800000,20.87,20.96,20.46,20.68,29955.02,2024-04-30 16:00:00
1714507200000,20.69,21.48,20.68,21.35,13761.145,2024-04-30 20:00:00
1714521600000,21.34,21.42,20.97,21.38,10974.787,2024-05-01 00:00:00
1714536000000,21.38,21.55,20.34,20.59,23968.219,2024-05-01 04:00:00
1714550400000,20.59,20.88,20.18,20.88,33746.976,2024-05-01 08:00:00
1714564800000,20.87,21.06,20.71,20.99,17153.463,2024-05-01 12:00:00
1714579200000,20.99,22.09,20.87,21.48,35129.477,2024-05-01 16:00:00
1714593600000,21.47,22.34,21.4,22.23,25176.974,2024-05-01 20:00:00
1714608000000,22.22,22.37,21.63,22.03,25962.144,2024-05-02 00:00:00
1714622400000,22.01,22.08,21.57,21.73,15250.234,2024-05-02 04:00:00
1714636800000,21.72,22.81,21.67,22.75,15242.454,2024-05-02 08:00:00
1714651200000,22.75,22.93,22.29,22.71,11996.517,2024-05-02 12:00:00
1714665600000,22.72,22.77,22.46,22.74,24867.216,2024-05-02 16:00:00
1714680000000,22.74,23.07,22.53,22.76,17840.785,2024-05-02 20:00:00
1714694400000,22.76,22.96,22.54,22.63,18288.231,2024-05-03 00:00:00
1714708800000,22.64,22.7,22.39,22.46,8907.558,2024-05-03 04:00:00
1714723200000,22.48,22.58,22.17,22.35,16088.321,2024-05-03 08:00:00
1714737600000,22.36,23.2,22.3,23.14,22905.259,2024-05-03 12:00:00
1714752000000,23.14,23.44,23.04,23.18,12508.076,2024-05-03 16:00:00
1714766400000,23.18,23.38,22.97,23.02,10355.243,2024-05-03 20:00:00
1714780800000,23.03,23.13,22.72,22.95,14998.67,2024-05-04 00:00:00
1714795200000,22.95,23.12,22.81,22.86,9314.252,2024-05-04 04:00:00
1714809600000,22.86,23.35,22.86,22.99,10984.163,2024-05-04 08:00:00
1714824000000,22.99,23.28,22.97,23.24,9781.384,2024-05-04 12:00:00
1714838400000,23.25,23.32,23.1,23.28,8362.658,2024-05-04 16:00:00
1714852800000,23.28,23.33,22.99,23.1,9388.992,2024-05-04 20:00:00
1714867200000,23.1,23.17,22.63,22.77,16851.469,2024-05-05 00:00:00
1714881600000,22.77,22.88,22.63,22.81,7695.421,2024-05-05 04:00:00
1714896000000,22.81,23.1,22.77,23.05,13295.948,2024-05-05 08:00:00
1714910400000,23.05,23.31,22.83,23.25,31055.213,2024-05-05 12:00:00
1714924800000,23.25,23.32,22.98,23.01,8438.794,2024-05-05 16:00:00
1714939200000,23.0,23.19,22.9,23.09,14081.203,2024-05-05 20:00:00
1714953600000,23.09,23.49,22.92,23.12,12820.025,2024-05-06 00:00:00
1714968000000,23.12,23.5,23.04,23.5,15947.819,2024-05-06 04:00:00
1714982400000,23.49,24.01,23.14,23.44,27977.527,2024-05-06 08:00:00
1714996800000,23.44,23.46,22.82,23.15,20834.436,2024-05-06 12:00:00
1715011200000,23.15,23.78,22.95,23.11,34064.637,2024-05-06 16:00:00
1715025600000,23.11,23.25,22.84,22.86,14246.123,2024-05-06 20:00:00
1715040000000,22.86,23.37,22.7,22.83,30453.844,2024-05-07 00:00:00
1715054400000,22.82,23.6,22.73,22.86,15172.273,2024-05-07 04:00:00
1715068800000,22.86,23.29,22.77,22.84,20526.266,2024-05-07 08:00:00
1715083200000,22.84,23.21,22.72,22.83,20249.186,2024-05-07 12:00:00
1715097600000,22.83,23.09,22.82,22.9,15241.394,2024-05-07 16:00:00
1715112000000,22.91,22.97,22.37,22.42,21083.55,2024-05-07 20:00:00
1715126400000,22.43,22.62,22.31,22.6,12537.443,2024-05-08 00:00:00
1715140800000,22.61,23.23,22.25,22.31,32975.017,2024-05-08 04:00:00
1715155200000,22.3,22.62,22.26,22.41,13057.192,2024-05-08 08:00:00
1715169600000,22.42,23.3,22.27,22.92,29513.062,2024-05-08 12:00:00
1715184000000,22.92,23.45,22.74,23.29,32339.281,2024-05-08 16:00:00
1715198400000,23.28,23.71,22.92,23.49,30496.412,2024-05-08 20:00:00
1715212800000,23.49,23.63,23.11,23.45,14458.522,2024-05-09 00:00:00
1715227200000,23.46,23.62,23.09,23.14,17446.57,2024-05-09 04:00:00
1715241600000,23.14,23.3,22.88,23.2,14390.467,2024-05-09 08:00:00
1715256000000,23.21,23.85,23.03,23.68,18128.849,2024-05-09 12:00:00
1715270400000,23.67,23.86,23.4,23.48,22549.153,2024-05-09 16:00:00
1715284800000,23.49,23.61,23.36,23.46,8728.538,2024-05-09 20:00:00
1715299200000,23.46,23.7,23.41,23.6,6829.896,2024-05-10 00:00:00
1715313600000,23.62,23.88,23.58,23.81,8227.578,2024-05-10 04:00:00
1715328000000,23.8,24.07,23.76,23.99,12595.622,2024-05-10 08:00:00
1715342400000,23.98,23.98,23.12,23.17,36537.679,2024-05-10 12:00:00
1715356800000,23.15,23.4,22.9,22.96,27784.602,2024-05-10 16:00:00
1715371200000,22.97,23.08,22.7,22.85,17925.978,2024-05-10 20:00:00
1715385600000,22.86,23.05,22.7,22.72,10872.649,2024-05-11 00:00:00
1715400000000,22.71,22.94,22.64,22.87,7741.46,2024-05-11 04:00:00
1715414400000,22.86,22.88,22.52,22.67,9859.897,2024-05-11 08:00:00
1715428800000,22.68,23.0,22.67,22.93,12619.392,2024-05-11 12:00:00
1715443200000,22.92,23.05,22.68,22.78,7508.756,2024-05-11 16:00:00
1715457600000,22.78,22.79,22.45,22.5,9349.945,2024-05-11 20:00:00
1715472000000,22.5,22.64,22.46,22.63,4264.888,2024-05-12 00:00:00
1715486400000,22.62,22.99,22.61,22.66,6668.085,2024-05-12 04:00:00
1715500800000,22.66,22.95,22.58,22.78,8044.197,2024-05-12 08:00:00
1715515200000,22.78,22.93,22.77,22.88,4283.076,2024-05-12 12:00:00
1715529600000,22.87,22.93,22.55,22.64,9570.768,2024-05-12 16:00:00
1715544000000,22.64,22.64,22.31,22.36,10299.45,2024-05-12 20:00:00
1715558400000,22.36,22.49,21.55,21.81,24181.372,2024-05-13 00:00:00
1715572800000,21.81,22.54,21.63,22.51,19512.69,2024-05-13 04:00:00
1715587200000,22.51,22.73,22.11,22.13,17565.011,2024-05-13 08:00:00
1715601600000,22.13,22.39,22.03,22.29,18091.017,2024-05-13 12:00:00
1715616000000,22.29,22.47,21.82,21.97,19679.631,2024-05-13 16:00:00
1715630400000,21.97,22.34,21.87,22.19,21209.639,2024-05-13 20:00:00
1715644800000,22.19,22.45,22.04,22.17,15394.2,2024-05-14 00:00:00
1715659200000,22.16,22.4,21.86,22.34,14797.984,2024-05-14 04:00:00
1715673600000,22.34,22.36,22.09,22.32,5633.323,2024-05-14 08:00:00
1715688000000,22.31,22.58,22.05,22.38,13606.254,2024-05-14 12:00:00
1715702400000,22.38,22.45,22.13,22.26,18053.906,2024-05-14 16:00:00
1715716800000,22.26,22.34,21.84,21.94,12399.351,2024-05-14 20:00:00
1715731200000,21.94,22.44,21.89,22.42,20371.751,2024-05-15 00:00:00
1715745600000,22.41,22.67,22.33,22.53,17724.624,2024-05-15 04:00:00
1715760000000,22.53,22.62,22.12,22.26,27051.229,2024-05-15 08:00:00
1715774400000,22.26,22.81,22.14,22.47,40624.338,2024-05-15 12:00:00
1715788800000,22.48,23.25,22.41,23.18,17712.911,2024-05-15 16:00:00
1715803200000,23.19,23.38,23.1,23.24,13370.008,2024-05-15 20:00:00
1715817600000,23.24,23.56,23.14,23.47,13820.748,2024-05-16 00:00:00
1715832000000,23.47,23.9,23.37,23.39,16915.603,2024-05-16 04:00:00
1715846400000,23.4,23.51,23.21,23.31,9059.334,2024-05-16 08:00:00
1715860800000,23.32,23.34,22.87,23.31,18057.761,2024-05-16 12:00:00
1715875200000,23.31,23.69,23.11,23.52,18523.911,2024-05-16 16:00:00
1715889600000,23.52,23.8,23.42,23.69,17679.654,2024-05-16 20:00:00
1715904000000,23.68,23.89,23.3,23.31,13377.592,2024-05-17 00:00:00
1715918400000,23.31,23.77,23.18,23.7,19245.769,2024-05-17 04:00:00
1715932800000,23.7,23.7,23.34,23.45,10354.976,2024-05-17 08:00:00
1715947200000,23.46,23.82,23.32,23.75,20262.98,2024-05-17 12:00:00
1715961600000,23.75,23.95,23.5,23.74,11254.024,2024-05-17 16:00:00
1715976000000,23.74,23.75,23.55,23.58,5336.723,2024-05-17 20:00:00
1715990400000,23.58,23.73,23.48,23.6,8745.831,2024-05-18 00:00:00
1716004800000,23.59,23.72,23.48,23.53,10438.786,2024-05-18 04:00:00
1716019200000,23.53,23.69,23.53,23.58,4197.387,2024-05-18 08:00:00
1716033600000,23.57,23.62,23.17,23.35,8328.388,2024-05-18 12:00:00
1716048000000,23.35,23.62,23.35,23.53,6175.033,2024-05-18 16:00:00
1716062400000,23.52,23.58,23.39,23.57,6108.154,2024-05-18 20:00:00
1716076800000,23.58,23.73,23.47,23.66,4912.678,2024-05-19 00:00:00
1716091200000,23.65,23.88,23.5,23.5,16648.46,2024-05-19 04:00:00
1716105600000,23.5,23.52,23.09,23.37,12386.998,2024-05-19 08:00:00
1716120000000,23.36,23.43,22.97,23.43,18415.682,2024-05-19 12:00:00
1716134400000,23.42,23.52,23.23,23.29,14413.442,2024-05-19 16:00:00
1716148800000,23.3,23.34,23.01,23.25,6099.42,2024-05-19 20:00:00
1716163200000,23.24,23.47,23.02,23.4,10181.429,2024-05-20 00:00:00
1716177600000,23.41,23.71,23.13,23.49,17452.713,2024-05-20 04:00:00
1716192000000,23.49,24.12,23.38,23.48,32660.494,2024-05-20 08:00:00
1716206400000,23.47,23.6,23.29,23.48,15349.787,2024-05-20 12:00:00
1716220800000,23.49,24.43,23.39,24.38,29097.192,2024-05-20 16:00:00
1716235200000,24.38,25.09,24.23,25.03,38871.865,2024-05-20 20:00:00
1716249600000,25.03,25.5,24.76,24.8,35027.711,2024-05-21 00:00:00
1716264000000,24.8,24.9,24.45,24.74,19656.88,2024-05-21 04:00:00
1716278400000,24.74,24.92,24.61,24.71,26373.436,2024-05-21 08:00:00
1716292800000,24.71,24.76,24.22,24.27,38069.816,2024-05-21 12:00:00
1716307200000,24.27,24.67,24.22,24.4,12999.551,2024-05-21 16:00:00
1716321600000,24.44,24.83,24.29,24.62,15611.2,2024-05-21 20:00:00
1716336000000,24.61,24.7,24.47,24.6,6381.939,2024-05-22 00:00:00
1716350400000,24.6,24.63,24.1,24.26,22725.374,2024-05-22 04:00:00
1716364800000,24.25,24.5,24.17,24.27,10947.192,2024-05-22 08:00:00
1716379200000,24.27,24.8,24.11,24.78,21121.644,2024-05-22 12:00:00
1716393600000,24.78,24.96,24.29,24.45,10163.701,2024-05-22 16:00:00
1716408000000,24.47,24.78,24.38,24.7,7961.202,2024-05-22 20:00:00
1716422400000,24.7,25.16,24.56,25.15,13693.64,2024-05-23 00:00:00
1716436800000,25.14,25.22,24.88,25.12,18929.268,2024-05-23 04:00:00
1716451200000,25.12,25.17,24.81,25.15,18245.409,2024-05-23 08:00:00
1716465600000,25.15,25.35,24.18,24.57,42562.941,2024-05-23 12:00:00
1716480000000,24.57,24.58,23.88,24.04,12567.642,2024-05-23 16:00:00
1716494400000,24.03,26.13,23.42,25.33,82214.793,2024-05-23 20:00:00
1716508800000,25.31,26.98,25.2,26.77,121285.581,2024-05-24 00:00:00
1716523200000,26.77,28.0,25.86,26.46,74152.399,2024-05-24 04:00:00
1716537600000,26.46,27.04,26.26,26.91,30696.411,2024-05-24 08:00:00
1716552000000,26.91,27.48,26.63,26.68,65862.755,2024-05-24 12:00:00
1716566400000,26.68,27.27,26.46,27.03,25041.948,2024-05-24 16:00:00
1716580800000,27.03,27.8,26.92,27.75,23807.365,2024-05-24 20:00:00
1716595200000,27.74,27.82,27.27,27.31,21047.214,2024-05-25 00:00:00
1716609600000,27.33,27.66,27.3,27.47,8555.149,2024-05-25 04:00:00
1716624000000,27.47,27.64,27.13,27.17,11966.003,2024-05-25 08:00:00
1716638400000,27.16,27.2,26.47,26.65,26329.959,2024-05-25 12:00:00
1716652800000,26.65,26.91,26.54,26.85,8199.405,2024-05-25 16:00:00
1716667200000,26.85,26.95,26.72,26.91,5288.789,2024-05-25 20:00:00
1716681600000,26.87,27.18,26.8,26.93,7679.963,2024-05-26 00:00:00
1716696000000,26.93,26.93,26.65,26.77,4743.938,2024-05-26 04:00:00
1716710400000,26.8,26.8,26.31,26.44,9636.209,2024-05-26 08:00:00
1716724800000,26.45,26.56,26.17,26.35,14057.122,2024-05-26 12:00:00
1716739200000,26.36,26.53,26.23,26.5,6479.841,2024-05-26 16:00:00
1716753600000,26.5,26.9,26.33,26.52,6699.569,2024-05-26 20:00:00
1716768000000,26.55,26.72,26.37,26.54,10294.895,2024-05-27 00:00:00
1716782400000,26.55,26.83,26.26,26.65,16183.223,2024-05-27 04:00:00
1716796800000,26.66,27.66,26.64,27.41,20321.431,2024-05-27 08:00:00
1716811200000,27.41,28.14,26.0,27.86,53093.137,2024-05-27 12:00:00
1716825600000,27.86,27.89,27.11,27.31,18236.873,2024-05-27 16:00:00
1716840000000,27.29,27.49,26.86,27.0,9056.474,2024-05-27 20:00:00
1716854400000,26.98,27.06,26.5,26.81,10399.12,2024-05-28 00:00:00
1716868800000,26.84,26.98,26.4,26.83,14298.068,2024-05-28 04:00:00
1716883200000,26.85,27.0,26.58,26.73,12397.656,2024-05-28 08:00:00
1716897600000,26.74,26.74,26.43,26.51,22433.1,2024-05-28 12:00:00
1716912000000,26.5,26.72,26.18,26.7,12457.067,2024-05-28 16:00:00
1716926400000,26.68,26.81,26.56,26.66,2821.473,2024-05-28 20:00:00
1716940800000,26.64,26.79,26.35,26.71,9667.669,2024-05-29 00:00:00
1716955200000,26.71,27.43,26.67,26.86,13169.297,2024-05-29 04:00:00
1716969600000,26.87,27.41,26.63,27.09,14136.025,2024-05-29 08:00:00
1716984000000,27.11,27.35,26.85,26.86,11799.233,2024-05-29 12:00:00
1716998400000,26.87,27.3,26.69,27.04,14948.707,2024-05-29 16:00:00
1717012800000,27.04,27.21,26.79,26.83,10013.004,2024-05-29 20:00:00
1717027200000,26.82,27.25,26.81,27.21,5099.611,2024-05-30 00:00:00
1717041600000,27.23,27.24,26.2,26.38,15134.416,2024-05-30 04:00:00
1717056000000,26.37,27.2,26.2,26.69,25803.533,2024-05-30 08:00:00
1717070400000,26.66,26.98,26.66,26.95,8938.716,2024-05-30 12:00:00
1717084800000,26.94,27.04,26.67,26.8,18427.721,2024-05-30 16:00:00
1717099200000,26.77,26.79,26.45,26.72,7773.127,2024-05-30 20:00:00
1717113600000,26.73,27.17,26.37,26.54,11254.201,2024-05-31 00:00:00
1717128000000,26.54,26.95,26.5,26.69,9009.399,2024-05-31 04:00:00
1717142400000,26.69,26.95,26.66,26.79,7312.268,2024-05-31 08:00:00
1717156800000,26.79,27.13,26.5,26.52,11421.869,2024-05-31 12:00:00
1717171200000,26.51,27.0,26.34,26.96,11220.579,2024-05-31 16:00:00
1717185600000,26.97,27.08,26.57,26.97,10749.867,2024-05-31 20:00:00
1717200000000,26.98,27.05,26.82,26.94,5435.211,2024-06-01 00:00:00
1717214400000,26.91,26.93,26.39,26.42,14148.593,2024-06-01 04:00:00
1717228800000,26.39,26.66,26.32,26.64,9754.625,2024-06-01 08:00:00
1717243200000,26.62,27.02,26.62,26.81,15470.542,2024-06-01 12:00:00
1717257600000,26.8,26.96,26.72,26.78,3516.909,2024-06-01 16:00:00
1717272000000,26.78,27.08,26.75,27.06,6327.038,2024-06-01 20:00:00
1717286400000,27.05,27.33,27.02,27.18,5776.835,2024-06-02 00:00:00
1717300800000,27.19,27.35,26.37,26.38,51461.805,2024-06-02 04:00:00
1717315200000,26.4,26.8,26.35,26.75,12863.08,2024-06-02 08:00:00
1717329600000,26.76,26.93,26.53,26.73,11283.963,2024-06-02 12:00:00
1717344000000,26.73,26.77,26.25,26.37,11871.474,2024-06-02 16:00:00
1717358400000,26.38,26.52,26.22,26.41,8029.378,2024-06-02 20:00:00
1717372800000,26.37,26.79,26.05,26.71,9507.482,2024-06-03 00:00:00
1717387200000,26.74,26.83,26.33,26.59,15243.489,2024-06-03 04:00:00
1717401600000,26.6,26.85,26.48,26.53,19140.607,2024-06-03 08:00:00
1717416000000,26.53,26.69,25.78,25.93,49869.468,2024-06-03 12:00:00
1717430400000,25.95,26.0,25.5,25.58,23015.552,2024-06-03 16:00:00
1717444800000,25.59,25.78,25.31,25.5,10904.122,2024-06-03 20:00:00
1717459200000,25.52,25.73,25.32,25.65,12510.181,2024-06-04 00:00:00
1717473600000,25.63,25.67,25.36,25.43,8145.49,2024-06-04 04:00:00
1717488000000,25.43,25.54,25.21,25.29,10300.464,2024-06-04 08:00:00
1717502400000,25.29,25.9,25.03,25.68,31605.136,2024-06-04 12:00:00
1717516800000,25.68,27.34,25.66,26.83,48302.293,2024-06-04 16:00:00
1717531200000,26.84,28.65,26.81,27.57,108293.68,2024-06-04 20:00:00
1717545600000,27.58,27.79,27.07,27.16,34588.976,2024-06-05 00:00:00
1717560000000,27.15,27.44,27.0,27.04,35084.341,2024-06-05 04:00:00
1717574400000,27.02,27.13,26.69,26.91,14115.817,2024-06-05 08:00:00
1717588800000,26.89,26.98,26.48,26.59,16765.982,2024-06-05 12:00:00
1717603200000,26.58,26.69,26.44,26.57,7964.469,2024-06-05 16:00:00
1717617600000,26.58,26.62,26.38,26.51,9109.833,2024-06-05 20:00:00
1717632000000,26.52,26.67,26.25,26.29,10005.796,2024-06-06 00:00:00
1717646400000,26.29,26.35,26.02,26.14,7697.168,2024-06-06 04:00:00
1717660800000,26.13,26.48,26.07,26.36,7360.129,2024-06-06 08:00:00
1717675200000,26.38,26.72,26.31,26.7,16859.671,2024-06-06 12:00:00
1717689600000,26.7,27.39,26.63,26.79,25466.885,2024-06-06 16:00:00
1717704000000,26.81,26.9,26.55,26.76,8316.844,2024-06-06 20:00:00
1717718400000,26.77,26.87,26.56,26.65,6551.968,2024-06-07 00:00:00
1717732800000,26.65,27.03,26.5,26.85,13218.289,2024-06-07 04:00:00
1717747200000,26.84,27.03,26.57,26.94,9345.995,2024-06-07 08:00:00
1717761600000,26.92,26.93,26.3,26.73,19254.647,2024-06-07 12:00:00
1717776000000,26.71,26.94,23.0,24.86,107202.309,2024-06-07 16:00:00
1717790400000,24.84,25.37,24.64,24.89,20141.008,2024-06-07 20:00:00
1717804800000,24.9,25.3,24.76,25.19,8640.869,2024-06-08 00:00:00
1717819200000,25.17,25.17,24.93,24.95,5915.377,2024-06-08 04:00:00
1717833600000,24.93,24.95,24.01,24.11,13307.261,2024-06-08 08:00:00
1717848000000,24.1,24.33,23.84,24.08,21761.363,2024-06-08 12:00:00
1717862400000,24.06,24.09,23.45,23.56,31800.47,2024-06-08 16:00:00
1717876800000,23.56,23.72,22.73,22.97,52008.912,2024-06-08 20:00:00
1717891200000,22.97,23.36,22.94,23.22,14737.488,2024-06-09 00:00:00
1717905600000,23.21,23.69,23.04,23.57,20217.771,2024-06-09 04:00:00
1717920000000,23.56,23.64,23.43,23.48,6766.772,2024-06-09 08:00:00
1717934400000,23.46,23.64,23.32,23.46,10803.788,2024-06-09 12:00:00
1717948800000,23.44,23.66,23.31,23.61,7392.097,2024-06-09 16:00:00
1717963200000,23.61,23.78,23.53,23.74,12023.565,2024-06-09 20:00:00
1717977600000,23.73,24.05,23.59,23.75,7238.548,2024-06-10 00:00:00
1717992000000,23.75,23.77,23.26,23.3,9700.085,2024-06-10 04:00:00
1718006400000,23.28,23.84,23.28,23.62,9900.118,2024-06-10 08:00:00
1718020800000,23.63,24.4,23.47,24.18,35633.239,2024-06-10 12:00:00
1718035200000,24.18,24.27,23.63,23.65,11836.159,2024-06-10 16:00:00
1718049600000,23.65,23.67,23.41,23.56,5496.821,2024-06-10 20:00:00
1718064000000,23.55,23.83,23.0,23.33,21109.477,2024-06-11 00:00:00
1718078400000,23.32,23.35,22.76,23.04,25723.259,2024-06-11 04:00:00
1718092800000,23.04,23.2,22.81,23.07,14664.165,2024-06-11 08:00:00
1718107200000,23.04,23.2,21.91,22.28,33109.981,2024-06-11 12:00:00
1718121600000,22.3,22.83,22.17,22.73,19990.566,2024-06-11 16:00:00
1718136000000,22.69,22.83,22.56,22.77,15218.056,2024-06-11 20:00:00
1718150400000,22.77,23.0,22.35,22.99,10780.698,2024-06-12 00:00:00
1718164800000,22.98,23.29,22.94,23.24,3973.107,2024-06-12 04:00:00
1718179200000,23.25,23.8,23.14,23.39,26104.744,2024-06-12 08:00:00
1718193600000,23.39,24.12,23.36,23.77,31410.081,2024-06-12 12:00:00
1718208000000,23.76,24.0,23.31,23.52,17881.066,2024-06-12 16:00:00
1718222400000,23.52,23.78,23.43,23.6,7353.593,2024-06-12 20:00:00
1718236800000,23.6,23.96,22.97,23.29,10930.126,2024-06-13 00:00:00
1718251200000,23.25,23.47,22.86,23.23,15155.919,2024-06-13 04:00:00
1718265600000,23.22,23.33,23.02,23.03,9279.386,2024-06-13 08:00:00
1718280000000,23.0,23.48,22.68,22.74,19887.827,2024-06-13 12:00:00
1718294400000,22.75,23.13,22.66,22.99,13420.237,2024-06-13 16:00:00
1718308800000,22.97,23.1,22.74,22.76,9998.941,2024-06-13 20:00:00
1718323200000,22.78,23.14,22.61,23.02,8057.544,2024-06-14 00:00:00
1718337600000,23.05,23.42,23.02,23.31,10386.38,2024-06-14 04:00:00
1718352000000,23.28,23.75,23.22,23.58,13888.032,2024-06-14 08:00:00
1718366400000,23.56,23.57,22.92,23.03,20121.513,2024-06-14 12:00:00
1718380800000,23.02,23.07,21.84,22.47,39985.118,2024-06-14 16:00:00
1718395200000,22.47,22.97,22.46,22.76,23685.384,2024-06-14 20:00:00
1718409600000,22.75,23.06,22.56,22.88,9178.111,2024-06-15 00:00:00
1718424000000,22.86,23.1,22.64,22.83,12304.908,2024-06-15 04:00:00
1718438400000,22.83,22.89,22.64,22.78,4672.69,2024-06-15 08:00:00
1718452800000,22.79,22.87,22.54,22.65,13608.567,2024-06-15 12:00:00
1718467200000,22.64,22.74,22.44,22.68,13122.272,2024-06-15 16:00:00
1718481600000,22.66,22.73,22.41,22.65,4582.189,2024-06-15 20:00:00
1718496000000,22.68,22.99,22.36,22.48,21039.305,2024-06-16 00:00:00
1718510400000,22.47,22.93,22.34,22.87,13419.596,2024-06-16 04:00:00
1718524800000,22.87,23.07,22.76,23.06,5112.501,2024-06-16 08:00:00
1718539200000,23.06,23.07,22.55,22.67,20159.927,2024-06-16 12:00:00
1718553600000,22.68,22.74,22.6,22.65,5303.756,2024-06-16 16:00:00
1718568000000,22.64,22.92,22.61,22.86,7957.416,2024-06-16 20:00:00
1718582400000,22.88,23.05,22.34,22.41,11023.141,2024-06-17 00:00:00
1718596800000,22.42,23.29,22.05,22.26,19773.84,2024-06-17 04:00:00
1718611200000,22.25,22.27,21.61,21.95,30142.322,2024-06-17 08:00:00
1718625600000,21.95,22.25,21.83,21.87,29278.027,2024-06-17 12:00:00
1718640000000,21.9,22.29,21.04,21.9,38932.038,2024-06-17 16:00:00
1718654400000,21.89,21.94,21.46,21.72,11937.239,2024-06-17 20:00:00
1718668800000,21.75,21.81,18.8,20.18,100782.914,2024-06-18 00:00:00
1718683200000,20.19,20.79,20.06,20.29,33210.521,2024-06-18 04:00:00
1718697600000,20.28,20.46,19.83,20.06,20816.305,2024-06-18 08:00:00
1718712000000,20.09,20.19,19.46,20.1,49296.117,2024-06-18 12:00:00
1718726400000,20.1,20.12,19.54,20.04,37268.14,2024-06-18 16:00:00
1718740800000,20.05,20.59,19.93,20.5,19035.899,2024-06-18 20:00:00
1718755200000,20.5,21.88,20.38,21.13,36461.059,2024-06-19 00:00:00
1718769600000,21.12,21.32,20.71,20.85,14556.51,2024-06-19 04:00:00
1718784000000,20.84,20.9,20.48,20.62,14288.741,2024-06-19 08:00:00
1718798400000,20.66,20.77,19.97,19.99,27037.535,2024-06-19 12:00:00
1718812800000,19.98,20.25,19.77,19.84,38557.863,2024-06-19 16:00:00
1718827200000,19.84,20.07,19.74,20.07,26036.722,2024-06-19 20:00:00
1718841600000,20.07,20.37,19.92,20.1,13364.384,2024-06-20 00:00:00
1718856000000,20.12,20.76,20.06,20.6,12415.744,2024-06-20 04:00:00
1718870400000,20.64,20.73,20.39,20.46,15031.57,2024-06-20 08:00:00
1718884800000,20.46,20.56,19.94,19.96,23518.991,2024-06-20 12:00:00
1718899200000,19.97,20.12,19.75,20.08,20658.669,2024-06-20 16:00:00
1718913600000,20.08,20.15,19.88,20.03,7250.591,2024-06-20 20:00:00
1718928000000,20.01,20.43,19.81,20.35,13985.365,2024-06-21 00:00:00
1718942400000,20.35,20.37,19.82,19.9,17101.215,2024-06-21 04:00:00
1718956800000,19.9,20.16,19.57,20.15,24265.418,2024-06-21 08:00:00
1718971200000,20.15,20.33,19.83,20.18,24439.449,2024-06-21 12:00:00
1718985600000,20.17,20.22,19.63,19.97,15941.575,2024-06-21 16:00:00
1719000000000,19.97,20.15,19.95,20.07,4636.599,2024-06-21 20:00:00
1719014400000,20.07,20.1,19.8,20.1,5804.953,2024-06-22 00:00:00
1719028800000,20.09,20.16,19.95,19.99,12255.04,2024-06-22 04:00:00
1719043200000,19.99,20.0,19.81,19.94,8175.566,2024-06-22 08:00:00
1719057600000,19.95,20.1,19.88,19.98,7983.417,2024-06-22 12:00:00
1719072000000,20.0,20.15,19.98,20.06,10579.306,2024-06-22 16:00:00
1719086400000,20.07,20.16,19.96,19.99,4982.92,2024-06-22 20:00:00
1719100800000,19.98,20.23,19.96,20.22,3567.693,2024-06-23 00:00:00
1719115200000,20.22,20.29,20.14,20.22,4646.473,2024-06-23 04:00:00
1719129600000,20.23,20.42,20.13,20.19,13833.548,2024-06-23 08:00:00
1719144000000,20.17,20.26,19.7,19.76,26807.851,2024-06-23 12:00:00
1719158400000,19.76,19.77,19.49,19.73,7710.87,2024-06-23 16:00:00
1719172800000,19.74,19.82,19.35,19.59,16777.605,2024-06-23 20:00:00
1719187200000,19.58,19.84,19.47,19.65,8413.239,2024-06-24 00:00:00
1719201600000,19.68,19.93,19.43,19.46,27704.464,2024-06-24 04:00:00
1719216000000,19.45,19.81,18.88,19.38,37437.523,2024-06-24 08:00:00
1719230400000,19.36,19.67,19.14,19.2,20487.311,2024-06-24 12:00:00
1719244800000,19.21,19.48,19.08,19.34,17342.835,2024-06-24 16:00:00
1719259200000,19.41,19.89,19.16,19.82,23570.304,2024-06-24 20:00:00
1719273600000,19.83,19.91,19.47,19.78,10045.79,2024-06-25 00:00:00
1719288000000,19.8,19.84,19.57,19.6,6863.222,2024-06-25 04:00:00
1719302400000,19.64,20.1,19.54,19.95,23308.131,2024-06-25 08:00:00
1719316800000,19.95,20.25,19.81,20.21,18029.286,2024-06-25 12:00:00
1719331200000,20.21,20.36,20.07,20.2,9338.044,2024-06-25 16:00:00
1719345600000,20.2,20.28,20.13,20.14,4713.313,2024-06-25 20:00:00
1719360000000,20.14,20.45,20.04,20.21,17421.673,2024-06-26 00:00:00
1719374400000,20.21,20.25,19.9,20.09,12206.346,2024-06-26 04:00:00
1719388800000,20.1,20.11,19.63,19.72,26371.404,2024-06-26 08:00:00
1719403200000,19.73,20.0,19.65,19.83,16257.048,2024-06-26 12:00:00
1719417600000,19.81,19.89,19.47,19.89,11675.876,2024-06-26 16:00:00
1719432000000,19.89,20.0,19.79,19.91,13526.956,2024-06-26 20:00:00
1719446400000,19.89,20.06,19.75,20.04,13127.128,2024-06-27 00:00:00
1719460800000,20.04,20.16,19.78,19.91,16074.409,2024-06-27 04:00:00
1719475200000,19.92,20.37,19.9,20.27,22448.702,2024-06-27 08:00:00
1719489600000,20.26,20.81,20.18,20.68,41086.744,2024-06-27 12:00:00
1719504000000,20.68,20.85,20.63,20.79,13475.475,2024-06-27 16:00:00
1719518400000,20.79,20.96,20.78,20.87,9402.868,2024-06-27 20:00:00
1719532800000,20.87,20.9,20.62,20.82,5404.672,2024-06-28 00:00:00
1719547200000,20.8,21.2,20.68,20.77,16883.807,2024-06-28 04:00:00
1719561600000,20.77,20.94,20.72,20.88,9768.555,2024-06-28 08:00:00
1719576000000,20.88,21.1,20.69,20.9,16963.886,2024-06-28 12:00:00
1719590400000,20.92,20.94,20.67,20.86,14198.283,2024-06-28 16:00:00
1719604800000,20.87,21.24,20.63,20.66,20936.671,2024-06-28 20:00:00
1719619200000,20.65,20.86,20.56,20.75,6962.113,2024-06-29 00:00:00
1719633600000,20.73,20.88,20.57,20.69,3915.526,2024-06-29 04:00:00
1719648000000,20.69,20.79,20.53,20.63,12223.726,2024-06-29 08:00:00
1719662400000,20.63,20.67,20.47,20.67,10000.628,2024-06-29 12:00:00
1719676800000,20.68,20.68,20.35,20.48,6035.441,2024-06-29 16:00:00
1719691200000,20.46,20.52,20.18,20.24,8714.442,2024-06-29 20:00:00
1719705600000,20.21,20.33,19.93,19.96,7183.201,2024-06-30 00:00:00
1719720000000,19.96,20.52,19.83,20.45,13603.661,2024-06-30 04:00:00
1719734400000,20.45,20.98,20.45,20.75,31426.897,2024-06-30 08:00:00
1719748800000,20.75,20.86,20.52,20.65,8292.744,2024-06-30 12:00:00
1719763200000,20.65,20.69,20.45,20.54,6340.72,2024-06-30 16:00:00
1719777600000,20.56,21.0,20.47,20.94,7995.277,2024-06-30 20:00:00
1719792000000,20.95,21.01,20.68,20.78,9557.622,2024-07-01 00:00:00
1719806400000,20.77,21.36,20.7,20.87,29857.198,2024-07-01 04:00:00
1719820800000,20.86,20.86,20.51,20.58,14396.099,2024-07-01 08:00:00
1719835200000,20.6,20.77,20.25,20.48,12541.594,2024-07-01 12:00:00
1719849600000,20.46,20.78,20.41,20.73,3390.916,2024-07-01 16:00:00
1719864000000,20.74,21.0,20.6,20.74,25552.931,2024-07-01 20:00:00
1719878400000,20.74,20.78,20.45,20.65,8315.323,2024-07-02 00:00:00
1719892800000,20.64,20.75,20.55,20.58,4191.499,2024-07-02 04:00:00
1719907200000,20.59,20.72,18.75,20.63,37608.834,2024-07-02 08:00:00
1719921600000,20.62,20.84,20.54,20.74,12242.659,2024-07-02 12:00:00
1719936000000,20.75,20.81,20.52,20.75,11262.612,2024-07-02 16:00:00
1719950400000,20.76,20.86,20.63,20.86,5269.2,2024-07-02 20:00:00
1719964800000,20.82,20.91,20.29,20.58,19420.72,2024-07-03 00:00:00
1719979200000,20.56,20.92,20.35,20.82,15788.731,2024-07-03 04:00:00
1719993600000,20.81,21.03,20.57,20.69,31180.799,2024-07-03 08:00:00
1720008000000,20.72,20.87,20.31,20.72,25657.551,2024-07-03 12:00:00
1720022400000,20.72,20.72,19.86,20.06,14744.857,2024-07-03 16:00:00
1720036800000,20.06,20.83,19.99,20.8,11435.493,2024-07-03 20:00:00
1720051200000,20.81,20.89,19.72,19.97,42645.442,2024-07-04 00:00:00
1720065600000,19.98,20.14,19.6,19.67,15922.557,2024-07-04 04:00:00
1720080000000,19.64,19.91,19.11,19.46,37646.623,2024-07-04 08:00:00
1720094400000,19.49,19.52,18.64,19.4,39263.618,2024-07-04 12:00:00
1720108800000,19.4,19.72,18.97,19.22,25359.196,2024-07-04 16:00:00
1720123200000,19.21,19.44,18.33,18.4,15970.023,2024-07-04 20:00:00
1720137600000,18.38,18.39,15.78,16.43,147292.395,2024-07-05 00:00:00
1720152000000,16.42,18.21,16.04,17.01,51512.818,2024-07-05 04:00:00
1720166400000,16.99,17.58,16.4,17.43,46796.946,2024-07-05 08:00:00
1720180800000,17.42,18.2,17.23,18.03,28916.018,2024-07-05 12:00:00
1720195200000,18.01,18.24,17.71,18.12,14763.625,2024-07-05 16:00:00
1720209600000,18.13,18.33,18.04,18.3,6201.18,2024-07-05 20:00:00
1720224000000,18.27,18.76,18.23,18.6,14411.605,2024-07-06 00:00:00
1720238400000,18.58,19.02,18.3,18.86,16577.273,2024-07-06 04:00:00
1720252800000,18.83,19.03,18.44,18.91,31511.697,2024-07-06 08:00:00
1720267200000,18.9,19.39,18.89,19.2,25924.244,2024-07-06 12:00:00
1720281600000,19.16,19.98,19.16,19.68,10857.519,2024-07-06 16:00:00
1720296000000,19.68,20.8,19.68,19.84,13696.892,2024-07-06 20:00:00
1720310400000,19.84,19.86,19.45,19.72,8764.418,2024-07-07 00:00:00
1720324800000,19.7,20.15,19.45,19.74,24454.315,2024-07-07 04:00:00
1720339200000,19.72,20.06,19.66,19.8,14268.946,2024-07-07 08:00:00
1720353600000,19.8,20.3,19.51,19.6,69177.788,2024-07-07 12:00:00
1720368000000,19.53,19.77,19.37,19.48,30585.136,2024-07-07 16:00:00
1720382400000,19.5,19.63,18.55,18.67,30024.837,2024-07-07 20:00:00
1720396800000,18.68,20.04,17.67,19.0,61987.728,2024-07-08 00:00:00
1720411200000,18.99,19.04,18.47,18.7,21089.45,2024-07-08 04:00:00
1720425600000,18.69,20.58,18.67,20.14,54423.219,2024-07-08 08:00:00
1720440000000,20.18,20.69,19.3,20.03,57723.605,2024-07-08 12:00:00
1720454400000,20.01,20.25,19.78,20.22,14708.786,2024-07-08 16:00:00
1720468800000,20.2,20.5,20.05,20.47,8933.821,2024-07-08 20:00:00
1720483200000,20.48,21.0,20.32,20.76,25531.015,2024-07-09 00:00:00
1720497600000,20.74,22.37,20.57,21.43,107145.642,2024-07-09 04:00:00
1720512000000,21.44,22.52,21.31,21.82,64305.786,2024-07-09 08:00:00
1720526400000,21.78,22.41,21.5,22.15,71397.959,2024-07-09 12:00:00
1720540800000,22.16,23.0,22.14,22.82,50917.922,2024-07-09 16:00:00
1720555200000,22.81,23.02,22.34,22.61,27018.114,2024-07-09 20:00:00
1720569600000,22.6,23.29,22.26,22.97,55150.266,2024-07-10 00:00:00
1720584000000,22.95,23.67,22.7,23.32,53491.622,2024-07-10 04:00:00
1720598400000,23.26,23.6,22.82,23.12,41398.625,2024-07-10 08:00:00
1720612800000,23.11,23.54,22.76,23.08,24245.845,2024-07-10 12:00:00
1720627200000,23.08,23.31,22.93,23.12,18888.525,2024-07-10 16:00:00
1720641600000,23.13,23.47,23.0,23.4,12371.635,2024-07-10 20:00:00
1720656000000,23.4,23.45,21.28,23.06,19954.356,2024-07-11 00:00:00
1720670400000,23.06,23.42,23.03,23.16,21251.533,2024-07-11 04:00:00
1720684800000,23.16,23.8,23.16,23.69,21043.379,2024-07-11 08:00:00
1720699200000,23.74,24.19,23.58,23.84,35726.077,2024-07-11 12:00:00
1720713600000,23.83,24.4,23.65,24.26,44873.868,2024-07-11 16:00:00
1720728000000,24.22,24.33,23.84,24.2,24764.377,2024-07-11 20:00:00
1720742400000,24.21,24.39,23.7,23.76,39529.714,2024-07-12 00:00:00
1720756800000,23.75,23.92,23.51,23.75,15296.684,2024-07-12 04:00:00
1720771200000,23.74,23.81,23.4,23.64,16469.153,2024-07-12 08:00:00
1720785600000,23.68,24.11,23.54,23.54,19862.887,2024-07-12 12:00:00
1720800000000,23.53,23.73,23.35,23.5,17074.631,2024-07-12 16:00:00
1720814400000,23.5,24.07,23.5,24.06,17241.645,2024-07-12 20:00:00
1720828800000,24.07,24.76,23.93,24.18,28830.872,2024-07-13 00:00:00
1720843200000,24.18,26.2,24.02,25.6,51224.944,2024-07-13 04:00:00
1720857600000,25.59,26.32,25.54,25.7,35011.51,2024-07-13 08:00:00
1720872000000,25.69,26.1,25.47,25.69,23486.359,2024-07-13 12:00:00
1720886400000,25.69,27.0,25.69,26.66,47196.154,2024-07-13 16:00:00
1720900800000,26.66,27.24,26.55,26.77,22682.759,2024-07-13 20:00:00
1720915200000,26.76,27.88,26.67,26.83,21465.709,2024-07-14 00:00:00
1720929600000,26.82,27.37,26.6,27.27,30901.703,2024-07-14 04:00:00
1720944000000,27.26,28.82,27.16,28.09,83001.742,2024-07-14 08:00:00
1720958400000,28.18,29.1,27.93,28.66,123609.833,2024-07-14 12:00:00
1720972800000,28.62,29.71,28.53,29.03,72703.172,2024-07-14 16:00:00
1720987200000,29.04,30.01,29.04,29.36,46790.593,2024-07-14 20:00:00
1721001600000,29.37,30.07,29.19,29.33,33834.147,2024-07-15 00:00:00
1721016000000,29.36,29.96,28.59,29.44,39675.363,2024-07-15 04:00:00
1721030400000,29.46,29.8,28.98,29.42,32210.148,2024-07-15 08:00:00
1721044800000,29.4,29.61,28.8,28.99,35961.711,2024-07-15 12:00:00
1721059200000,28.97,29.11,28.31,28.82,38499.475,2024-07-15 16:00:00
1721073600000,28.82,28.9,28.17,28.22,30474.891,2024-07-15 20:00:00
1721088000000,28.2,28.24,27.74,27.97,41232.133,2024-07-16 00:00:00
1721102400000,27.95,29.41,27.71,29.2,83045.215,2024-07-16 04:00:00
1721116800000,29.24,29.62,28.53,29.19,51966.612,2024-07-16 08:00:00
1721131200000,29.2,32.42,27.81,29.92,182965.39,2024-07-16 12:00:00
1721145600000,29.91,31.42,29.68,29.8,73995.588,2024-07-16 16:00:00
1721160000000,29.79,30.38,29.21,30.29,35736.832,2024-07-16 20:00:00
1721174400000,30.3,31.4,29.84,31.13,46379.901,2024-07-17 00:00:00
1721188800000,31.13,31.77,30.69,30.89,31134.141,2024-07-17 04:00:00
1721203200000,30.89,31.53,29.94,30.59,29763.03,2024-07-17 08:00:00
1721217600000,30.59,31.91,30.21,31.17,47219.86,2024-07-17 12:00:00
1721232000000,31.17,32.01,30.58,31.75,31179.237,2024-07-17 16:00:00
1721246400000,31.76,32.5,31.06,31.06,32839.728,2024-07-17 20:00:00
1721260800000,31.08,32.15,31.05,31.4,23512.608,2024-07-18 00:00:00
1721275200000,31.39,31.85,30.23,30.34,33831.873,2024-07-18 04:00:00
1721289600000,30.35,31.69,30.26,31.32,43878.581,2024-07-18 08:00:00
1721304000000,31.31,32.55,30.65,30.72,48227.015,2024-07-18 12:00:00
1721318400000,30.72,31.09,30.37,30.57,27217.653,2024-07-18 16:00:00
1721332800000,30.59,30.82,30.26,30.79,19722.476,2024-07-18 20:00:00
1721347200000,30.8,31.5,29.81,31.42,23432.47,2024-07-19 00:00:00
1721361600000,31.43,31.66,30.53,30.59,28603.31,2024-07-19 04:00:00
1721376000000,30.61,30.71,29.43,29.61,33606.524,2024-07-19 08:00:00
1721390400000,29.58,29.78,28.94,29.43,29446.319,2024-07-19 12:00:00
1721404800000,29.41,29.95,29.11,29.82,25861.782,2024-07-19 16:00:00
1721419200000,29.78,29.85,29.45,29.53,7120.637,2024-07-19 20:00:00
1721433600000,29.51,29.7,29.3,29.32,7587.606,2024-07-20 00:00:00
1721448000000,29.32,29.94,29.3,29.67,12470.353,2024-07-20 04:00:00
1721462400000,29.66,29.95,28.93,28.96,12305.391,2024-07-20 08:00:00
1721476800000,28.95,29.6,28.8,29.26,17207.466,2024-07-20 12:00:00
1721491200000,29.25,29.31,28.81,28.89,12026.275,2024-07-20 16:00:00
1721505600000,28.89,29.72,28.89,29.62,10431.075,2024-07-20 20:00:00
1721520000000,29.62,31.11,29.43,29.9,30858.436,2024-07-21 00:00:00
1721534400000,29.87,30.14,29.37,29.69,12261.43,2024-07-21 04:00:00
1721548800000,29.66,31.97,29.63,31.8,83818.76,2024-07-21 08:00:00
1721563200000,31.83,32.62,31.05,32.03,82574.211,2024-07-21 12:00:00
1721577600000,32.04,32.72,31.25,31.85,63486.054,2024-07-21 16:00:00
1721592000000,31.86,32.53,31.67,32.07,45044.851,2024-07-21 20:00:00
1721606400000,32.07,32.42,31.6,31.66,16257.453,2024-07-22 00:00:00
1721620800000,31.65,32.18,31.35,31.38,19844.951,2024-07-22 04:00:00
1721635200000,31.39,32.11,31.32,31.98,14191.123,2024-07-22 08:00:00
1721649600000,31.94,32.36,31.33,31.69,21938.94,2024-07-22 12:00:00
1721664000000,31.67,32.3,31.52,32.0,14863.604,2024-07-22 16:00:00
1721678400000,32.02,32.26,30.25,30.36,23374.721,2024-07-22 20:00:00
1721692800000,30.35,31.51,30.11,30.8,16861.439,2024-07-23 00:00:00
1721707200000,30.79,30.96,30.18,30.54,17710.236,2024-07-23 04:00:00
1721721600000,30.51,31.39,30.35,30.55,17088.773,2024-07-23 08:00:00
1721736000000,30.52,30.76,29.94,30.32,22283.293,2024-07-23 12:00:00
1721750400000,30.26,30.28,29.41,30.02,17624.692,2024-07-23 16:00:00
1721764800000,30.01,30.08,29.57,29.69,11081.239,2024-07-23 20:00:00
1721779200000,29.67,29.88,29.32,29.79,7867.477,2024-07-24 00:00:00
1721793600000,29.8,29.93,29.56,29.79,5279.571,2024-07-24 04:00:00
1721808000000,29.78,30.37,29.52,30.01,19245.072,2024-07-24 08:00:00
1721822400000,30.02,30.3,29.45,29.57,20662.594,2024-07-24 12:00:00
1721836800000,29.55,30.06,29.35,29.88,11124.737,2024-07-24 16:00:00
1721851200000,29.92,30.47,29.66,30.13,12694.487,2024-07-24 20:00:00
1721865600000,30.09,30.29,28.98,29.36,21591.357,2024-07-25 00:00:00
1721880000000,29.29,30.13,29.03,29.72,26327.266,2024-07-25 04:00:00
1721894400000,29.68,30.33,29.5,30.04,27821.54,2024-07-25 08:00:00
1721908800000,30.03,30.65,29.34,29.84,49469.977,2024-07-25 12:00:00
1721923200000,29.85,30.23,28.96,29.13,27609.853,2024-07-25 16:00:00
1721937600000,29.13,30.3,28.2,30.15,49003.212,2024-07-25 20:00:00
1721952000000,30.15,32.08,30.14,31.89,65846.703,2024-07-26 00:00:00
1721966400000,31.9,32.68,31.79,32.11,32346.577,2024-07-26 04:00:00
1721980800000,32.11,32.2,31.83,31.99,15359.562,2024-07-26 08:00:00
1721995200000,32.0,32.01,31.16,31.82,14515.334,2024-07-26 12:00:00
1722009600000,31.8,32.5,31.67,32.15,23179.731,2024-07-26 16:00:00
1722024000000,32.14,32.89,31.95,32.49,16865.265,2024-07-26 20:00:00
1722038400000,32.49,32.56,31.36,31.42,10115.97,2024-07-27 00:00:00
1722052800000,31.43,31.59,31.09,31.26,13381.564,2024-07-27 04:00:00
1722067200000,31.25,31.68,30.75,30.86,16080.731,2024-07-27 08:00:00
1722081600000,30.84,31.69,30.8,31.41,22954.703,2024-07-27 12:00:00
1722096000000,31.34,31.82,30.99,31.6,22637.724,2024-07-27 16:00:00
1722110400000,31.6,31.91,31.11,31.72,27252.231,2024-07-27 20:00:00
1722124800000,31.73,32.02,31.28,31.3,12081.085,2024-07-28 00:00:00
1722139200000,31.33,31.55,31.08,31.33,12510.466,2024-07-28 04:00:00
1722153600000,31.33,32.26,31.1,31.8,34428.779,2024-07-28 08:00:00
1722168000000,31.76,32.99,31.63,32.69,61561.633,2024-07-28 12:00:00
1722182400000,32.69,33.0,32.45,32.63,17600.525,2024-07-28 16:00:00
1722196800000,32.66,32.73,31.76,32.01,15848.525,2024-07-28 20:00:00
1722211200000,32.0,32.51,31.7,31.77,18945.546,2024-07-29 00:00:00
1722225600000,31.78,32.0,31.54,31.99,12144.1,2024-07-29 04:00:00
1722240000000,31.99,32.73,31.59,32.63,45195.853,2024-07-29 08:00:00
1722254400000,32.62,33.62,32.4,33.26,81121.821,2024-07-29 12:00:00
1722268800000,33.26,33.34,32.44,33.02,22135.428,2024-07-29 16:00:00
1722283200000,33.03,33.74,32.53,32.92,24473.168,2024-07-29 20:00:00
1722297600000,32.92,33.33,32.31,33.11,24145.584,2024-07-30 00:00:00
1722312000000,33.12,33.6,31.6,31.85,48177.595,2024-07-30 04:00:00
1722326400000,31.88,32.44,31.74,32.13,23153.33,2024-07-30 08:00:00
1722340800000,32.12,32.51,31.7,31.7,16825.32,2024-07-30 12:00:00
1722355200000,31.7,32.04,31.3,31.76,37877.82,2024-07-30 16:00:00
1722369600000,31.75,32.26,31.33,32.14,14908.598,2024-07-30 20:00:00
1722384000000,32.14,32.39,31.52,31.54,7907.881,2024-07-31 00:00:00
1722398400000,31.53,32.03,31.28,31.34,18045.341,2024-07-31 04:00:00
1722412800000,31.35,32.0,31.29,31.76,20780.792,2024-07-31 08:00:00
1722427200000,31.8,32.12,31.52,31.66,13555.121,2024-07-31 12:00:00
1722441600000,31.66,32.0,31.1,31.28,16406.09,2024-07-31 16:00:00
1722456000000,31.26,33.8,30.96,33.6,93718.294,2024-07-31 20:00:00
1722470400000,33.6,33.68,32.89,33.01,37682.447,2024-08-01 00:00:00
1722484800000,32.99,33.23,32.17,32.57,23774.737,2024-08-01 04:00:00
1722499200000,32.56,32.87,32.37,32.41,15090.502,2024-08-01 08:00:00
1722513600000,32.41,32.85,31.53,31.67,28667.953,2024-08-01 12:00:00
1722528000000,31.67,31.74,30.58,31.38,58845.007,2024-08-01 16:00:00
1722542400000,31.38,32.52,31.07,32.45,17093.771,2024-08-01 20:00:00
1722556800000,32.45,32.88,29.37,29.63,51586.441,2024-08-02 00:00:00
1722571200000,29.63,30.73,29.35,30.6,36455.364,2024-08-02 04:00:00
1722585600000,30.6,34.33,30.6,33.96,94922.51,2024-08-02 08:00:00
1722600000000,33.95,34.52,32.57,32.9,64186.746,2024-08-02 12:00:00
1722614400000,32.9,33.95,32.56,33.19,37559.655,2024-08-02 16:00:00
1722628800000,33.19,33.51,32.43,32.68,17843.119,2024-08-02 20:00:00
1722643200000,32.67,33.26,31.81,32.55,30070.738,2024-08-03 00:00:00
1722657600000,32.55,33.74,32.07,33.41,58219.071,2024-08-03 04:00:00
1722672000000,33.39,33.77,33.0,33.21,69747.075,2024-08-03 08:00:00
1722686400000,33.21,34.79,31.87,33.02,106154.164,2024-08-03 12:00:00
1722700800000,33.02,33.52,31.68,31.84,50428.262,2024-08-03 16:00:00
1722715200000,31.85,32.77,31.63,31.78,34023.78,2024-08-03 20:00:00
1722729600000,31.77,32.35,31.33,31.74,25133.517,2024-08-04 00:00:00
1722744000000,31.74,32.61,31.68,31.94,22918.761,2024-08-04 04:00:00
1722758400000,31.97,31.98,31.43,31.77,16717.957,2024-08-04 08:00:00
1722772800000,31.77,32.29,30.76,30.91,24581.218,2024-08-04 12:00:00
1722787200000,30.92,31.58,30.04,31.3,42300.179,2024-08-04 16:00:00
1722801600000,31.28,32.02,30.73,30.79,39360.708,2024-08-04 20:00:00
1722816000000,30.78,31.53,27.49,27.63,108863.3,2024-08-05 00:00:00
1722830400000,27.64,29.58,25.35,29.38,128967.128,2024-08-05 04:00:00
1722844800000,29.36,29.75,26.63,27.77,69220.918,2024-08-05 08:00:00
1722859200000,27.78,31.39,26.55,30.8,97630.907,2024-08-05 12:00:00
1722873600000,30.78,31.99,29.76,30.29,93923.096,2024-08-05 16:00:00
1722888000000,30.32,31.15,29.96,30.06,32766.305,2024-08-05 20:00:00
1722902400000,30.06,30.69,29.13,29.59,50145.304,2024-08-06 00:00:00
1722916800000,29.58,30.5,29.26,29.89,36350.858,2024-08-06 04:00:00
1722931200000,29.86,31.26,29.16,31.24,47929.796,2024-08-06 08:00:00
1722945600000,31.25,32.7,30.88,32.54,43656.388,2024-08-06 12:00:00
1722960000000,32.57,32.83,31.92,32.25,29516.794,2024-08-06 16:00:00
1722974400000,32.23,32.72,31.55,31.82,42531.679,2024-08-06 20:00:00
1722988800000,31.84,34.3,31.66,33.66,53406.444,2024-08-07 00:00:00
1723003200000,33.66,33.91,32.86,33.06,68704.266,2024-08-07 04:00:00
1723017600000,33.07,33.37,32.63,32.78,41584.104,2024-08-07 08:00:00
1723032000000,32.83,33.2,31.35,31.38,77024.775,2024-08-07 12:00:00
1723046400000,31.36,32.5,31.15,32.43,74875.644,2024-08-07 16:00:00
1723060800000,32.41,32.77,31.66,32.5,26499.981,2024-08-07 20:00:00
1723075200000,32.51,34.1,31.54,33.42,53623.592,2024-08-08 00:00:00
1723089600000,33.42,33.91,32.86,33.2,36103.676,2024-08-08 04:00:00
1723104000000,33.22,33.69,32.45,32.59,23026.631,2024-08-08 08:00:00
1723118400000,32.59,33.67,32.51,33.44,39335.107,2024-08-08 12:00:00
1723132800000,33.45,34.89,33.45,34.44,49460.011,2024-08-08 16:00:00
1723147200000,34.46,36.46,34.44,35.84,89994.649,2024-08-08 20:00:00
1723161600000,35.84,37.0,35.31,36.61,45706.489,2024-08-09 00:00:00
1723176000000,36.63,37.76,36.32,37.38,65811.854,2024-08-09 04:00:00
1723190400000,37.4,37.82,36.88,37.49,39884.998,2024-08-09 08:00:00
1723204800000,37.47,39.23,36.09,38.77,150282.425,2024-08-09 12:00:00
1723219200000,38.81,40.42,38.63,40.12,124135.889,2024-08-09 16:00:00
1723233600000,40.12,41.2,39.44,40.81,65474.321,2024-08-09 20:00:00
1723248000000,40.81,42.07,40.13,41.42,130593.349,2024-08-10 00:00:00
1723262400000,41.42,41.48,40.69,40.96,40096.129,2024-08-10 04:00:00
1723276800000,40.98,41.58,40.75,41.13,37355.615,2024-08-10 08:00:00
1723291200000,41.14,41.41,40.71,40.84,32567.184,2024-08-10 12:00:00
1723305600000,40.85,41.38,40.76,40.87,15786.771,2024-08-10 16:00:00
1723320000000,40.88,41.52,40.73,41.29,21465.795,2024-08-10 20:00:00
1723334400000,41.27,41.78,41.1,41.36,19102.053,2024-08-11 00:00:00
1723348800000,41.28,41.5,40.97,41.04,40103.513,2024-08-11 04:00:00
1723363200000,41.07,41.48,40.8,41.19,27427.612,2024-08-11 08:00:00
1723377600000,41.15,41.3,40.81,41.05,38209.466,2024-08-11 12:00:00
1723392000000,41.05,41.28,39.3,40.04,48783.416,2024-08-11 16:00:00
1723406400000,40.05,41.4,39.79,41.1,55438.255,2024-08-11 20:00:00
1723420800000,41.09,42.56,40.64,41.62,45304.941,2024-08-12 00:00:00
1723435200000,41.62,42.18,40.06,40.93,42425.931,2024-08-12 04:00:00
1723449600000,40.85,41.82,40.57,41.37,27742.575,2024-08-12 08:00:00
1723464000000,41.44,43.03,40.56,41.84,84011.211,2024-08-12 12:00:00
1723478400000,41.83,43.4,41.52,41.99,59019.675,2024-08-12 16:00:00
1723492800000,41.99,43.99,41.66,43.44,37901.902,2024-08-12 20:00:00
1723507200000,43.42,44.13,42.13,42.13,31211.977,2024-08-13 00:00:00
1723521600000,42.13,43.18,41.81,42.6,25906.324,2024-08-13 04:00:00
1723536000000,42.61,42.65,41.2,41.52,31752.819,2024-08-13 08:00:00
1723550400000,41.52,41.99,40.06,41.42,55148.775,2024-08-13 12:00:00
1723564800000,41.4,42.12,40.69,41.81,35298.29,2024-08-13 16:00:00
1723579200000,41.85,43.19,41.51,43.02,31360.054,2024-08-13 20:00:00
1723593600000,43.01,45.39,42.72,44.56,56468.686,2024-08-14 00:00:00
1723608000000,44.55,45.32,44.2,44.49,22358.102,2024-08-14 04:00:00
1723622400000,44.5,45.17,43.88,44.03,27562.056,2024-08-14 08:00:00
1723636800000,44.05,44.05,42.41,42.82,59577.457,2024-08-14 12:00:00
1723651200000,42.84,42.99,42.46,42.68,12184.599,2024-08-14 16:00:00
1723665600000,42.7,42.73,42.14,42.19,10842.877,2024-08-14 20:00:00
1723680000000,42.2,43.17,41.66,43.05,18507.026,2024-08-15 00:00:00
1723694400000,43.06,43.07,42.03,42.44,21746.084,2024-08-15 04:00:00
1723708800000,42.43,42.53,41.55,41.64,26047.422,2024-08-15 08:00:00
1723723200000,41.64,42.31,41.11,41.77,27366.091,2024-08-15 12:00:00
1723737600000,41.78,42.1,41.01,41.38,33444.537,2024-08-15 16:00:00
1723752000000,41.38,43.79,40.5,42.83,50994.381,2024-08-15 20:00:00
1723766400000,42.82,42.82,41.76,42.0,10808.001,2024-08-16 00:00:00
1723780800000,42.02,42.76,42.0,42.15,8717.018,2024-08-16 04:00:00
1723795200000,42.16,42.88,42.06,42.47,11457.492,2024-08-16 08:00:00
1723809600000,42.48,42.52,41.39,41.81,27605.247,2024-08-16 12:00:00
1723824000000,41.81,42.67,41.7,42.59,11515.721,2024-08-16 16:00:00
1723838400000,42.58,42.96,42.2,42.36,8655.156,2024-08-16 20:00:00
1723852800000,42.39,42.39,41.8,42.24,9580.472,2024-08-17 00:00:00
1723867200000,42.24,42.8,42.07,42.72,8986.803,2024-08-17 04:00:00
1723881600000,42.71,44.0,42.64,43.15,25219.096,2024-08-17 08:00:00
1723896000000,43.14,43.82,43.01,43.54,13349.288,2024-08-17 12:00:00
1723910400000,43.56,44.34,43.54,44.05,9719.972,2024-08-17 16:00:00
1723924800000,44.03,44.11,43.2,43.63,7425.843,2024-08-17 20:00:00
1723939200000,43.64,44.2,43.44,43.57,9892.457,2024-08-18 00:00:00
1723953600000,43.55,43.82,43.43,43.65,9776.275,2024-08-18 04:00:00
1723968000000,43.63,44.17,43.25,43.4,15062.27,2024-08-18 08:00:00
1723982400000,43.36,43.36,42.02,43.04,19901.523,2024-08-18 12:00:00
1723996800000,43.0,43.36,42.68,42.68,10647.411,2024-08-18 16:00:00
1724011200000,42.67,43.13,42.24,42.77,12744.008,2024-08-18 20:00:00
1724025600000,42.77,43.56,42.61,43.28,19569.369,2024-08-19 00:00:00
1724040000000,43.28,43.31,41.88,41.91,10874.704,2024-08-19 04:00:00
1724054400000,41.91,42.4,40.85,41.84,18818.4,2024-08-19 08:00:00
1724068800000,41.8,42.31,41.5,41.71,18486.297,2024-08-19 12:00:00
1724083200000,41.7,42.01,41.26,41.92,17785.245,2024-08-19 16:00:00
1724097600000,41.89,42.43,41.41,41.92,9646.556,2024-08-19 20:00:00
1724112000000,41.93,42.26,41.71,41.78,10376.016,2024-08-20 00:00:00
1724126400000,41.81,42.51,41.81,42.38,10664.654,2024-08-20 04:00:00
1724140800000,42.37,42.5,41.16,41.73,14754.672,2024-08-20 08:00:00
1724155200000,41.68,42.24,41.49,41.89,16682.275,2024-08-20 12:00:00
1724169600000,41.92,42.13,41.6,41.62,8624.61,2024-08-20 16:00:00
1724184000000,41.62,41.94,41.26,41.56,7160.424,2024-08-20 20:00:00
1724198400000,41.53,42.37,41.18,42.23,15355.036,2024-08-21 00:00:00
1724212800000,42.25,42.47,41.99,42.17,8246.514,2024-08-21 04:00:00
1724227200000,42.17,42.7,41.89,42.19,12250.231,2024-08-21 08:00:00
1724241600000,42.19,43.09,42.09,42.42,21676.641,2024-08-21 12:00:00
1724256000000,42.41,42.41,41.62,42.03,14378.266,2024-08-21 16:00:00
1724270400000,42.03,42.08,40.94,41.5,21274.522,2024-08-21 20:00:00
1724284800000,41.51,41.87,41.07,41.45,7641.181,2024-08-22 00:00:00
1724299200000,41.48,41.61,41.11,41.19,10214.86,2024-08-22 04:00:00
1724313600000,41.16,41.6,41.14,41.56,6790.631,2024-08-22 08:00:00
1724328000000,41.56,42.26,41.39,41.62,15349.505,2024-08-22 12:00:00
1724342400000,41.63,41.83,41.16,41.5,6703.401,2024-08-22 16:00:00
1724356800000,41.53,41.6,41.13,41.43,5190.885,2024-08-22 20:00:00
1724371200000,41.45,41.56,40.56,40.56,14560.708,2024-08-23 00:00:00
1724385600000,40.56,41.18,40.13,40.32,30253.346,2024-08-23 04:00:00
1724400000000,40.35,40.44,39.95,40.13,18528.217,2024-08-23 08:00:00
1724414400000,40.18,40.67,39.7,40.3,22173.045,2024-08-23 12:00:00
1724428800000,40.29,41.99,40.0,41.73,40361.148,2024-08-23 16:00:00
1724443200000,41.71,42.47,41.55,42.43,25703.431,2024-08-23 20:00:00
1724457600000,42.41,42.66,41.34,41.47,9026.47,2024-08-24 00:00:00
1724472000000,41.46,41.63,41.16,41.25,10302.559,2024-08-24 04:00:00
1724486400000,41.26,44.45,41.0,43.09,48603.918,2024-08-24 08:00:00
1724500800000,43.1,44.43,43.0,43.17,24820.759,2024-08-24 12:00:00
1724515200000,43.14,44.32,42.82,43.82,24264.818,2024-08-24 16:00:00
1724529600000,43.82,43.89,42.6,43.03,30049.816,2024-08-24 20:00:00
1724544000000,43.01,43.02,41.9,42.42,21006.14,2024-08-25 00:00:00
1724558400000,42.4,42.69,40.88,41.13,13552.015,2024-08-25 04:00:00
1724572800000,41.12,41.68,40.83,41.06,12941.492,2024-08-25 08:00:00
1724587200000,41.02,41.07,40.3,40.42,18228.494,2024-08-25 12:00:00
1724601600000,40.42,40.63,39.79,39.87,11551.305,2024-08-25 16:00:00
1724616000000,39.87,40.31,39.63,39.78,27368.886,2024-08-25 20:00:00
1724630400000,39.79,40.17,39.64,39.92,9993.972,2024-08-26 00:00:00
1724644800000,39.93,40.08,39.0,39.33,15737.806,2024-08-26 04:00:00
1724659200000,39.32,41.3,39.28,40.17,42846.835,2024-08-26 08:00:00
1724673600000,40.18,40.68,39.7,39.88,20130.896,2024-08-26 12:00:00
1724688000000,39.93,40.2,37.35,37.46,47299.667,2024-08-26 16:00:00
1724702400000,37.44,37.63,36.4,36.74,21559.161,2024-08-26 20:00:00
1724716800000,36.74,37.26,36.53,37.17,25438.225,2024-08-27 00:00:00
1724731200000,37.17,37.24,36.19,36.62,16679.216,2024-08-27 04:00:00
1724745600000,36.63,36.77,35.99,36.25,14996.388,2024-08-27 08:00:00
1724760000000,36.26,37.01,36.06,36.44,15529.485,2024-08-27 12:00:00
1724774400000,36.44,36.76,35.94,36.15,8847.893,2024-08-27 16:00:00
1724788800000,36.1,36.72,34.85,35.47,51611.368,2024-08-27 20:00:00
1724803200000,35.47,35.71,35.18,35.59,11527.08,2024-08-28 00:00:00
1724817600000,35.6,35.76,34.22,34.34,20758.897,2024-08-28 04:00:00
1724832000000,34.34,34.64,33.51,33.72,33927.028,2024-08-28 08:00:00
1724846400000,33.74,33.94,32.95,33.14,24560.766,2024-08-28 12:00:00
1724860800000,33.12,33.63,32.56,33.2,24177.418,2024-08-28 16:00:00
1724875200000,33.2,33.87,33.19,33.51,12946.468,2024-08-28 20:00:00
1724889600000,33.54,33.8,33.45,33.69,6087.619,2024-08-29 00:00:00
1724904000000,33.74,34.35,33.6,34.18,10414.189,2024-08-29 04:00:00
1724918400000,34.17,34.4,33.76,34.04,10189.269,2024-08-29 08:00:00
1724932800000,34.03,34.55,33.98,34.24,17869.993,2024-08-29 12:00:00
1724947200000,34.22,34.44,32.9,33.07,15441.407,2024-08-29 16:00:00
1724961600000,33.07,33.34,33.0,33.24,7656.052,2024-08-29 20:00:00
1724976000000,33.23,33.35,33.02,33.12,8378.874,2024-08-30 00:00:00
1724990400000,33.12,33.46,33.0,33.05,8653.375,2024-08-30 04:00:00
1725004800000,33.05,33.28,32.94,33.11,9824.164,2024-08-30 08:00:00
1725019200000,33.09,33.53,31.87,32.06,25801.533,2024-08-30 12:00:00
1725033600000,32.06,33.46,31.92,33.43,10905.185,2024-08-30 16:00:00
1725048000000,33.46,33.5,32.98,33.02,3961.892,2024-08-30 20:00:00
1725062400000,33.01,33.08,32.81,32.9,4992.819,2024-08-31 00:00:00
1725076800000,32.9,33.13,32.73,32.73,4536.244,2024-08-31 04:00:00
1725091200000,32.75,33.04,32.63,33.0,8726.086,2024-08-31 08:00:00
1725105600000,32.97,33.11,32.5,32.56,7853.28,2024-08-31 12:00:00
1725120000000,32.56,32.59,32.0,32.41,7177.218,2024-08-31 16:00:00
1725134400000,32.4,32.72,32.02,32.19,23433.203,2024-08-31 20:00:00
1725148800000,32.19,32.54,31.59,32.12,12513.319,2024-09-01 00:00:00
1725163200000,32.15,32.49,31.83,32.39,8639.615,2024-09-01 04:00:00
1725177600000,32.39,32.49,31.82,31.92,6306.404,2024-09-01 08:00:00
1725192000000,31.94,32.04,31.01,31.73,12586.236,2024-09-01 12:00:00
1725206400000,31.71,31.82,30.63,30.97,18237.977,2024-09-01 16:00:00
1725220800000,30.94,30.96,29.08,29.4,44401.394,2024-09-01 20:00:00
1725235200000,29.38,29.59,28.97,29.19,28243.751,2024-09-02 00:00:00
1725249600000,29.24,29.56,28.53,29.15,22148.688,2024-09-02 04:00:00
1725264000000,29.18,29.4,28.89,28.97,27675.478,2024-09-02 08:00:00
1725278400000,28.97,29.14,28.22,28.78,31572.902,2024-09-02 12:00:00
1725292800000,28.79,29.17,28.35,28.95,15833.342,2024-09-02 16:00:00
1725307200000,28.96,29.79,28.9,29.49,15310.93,2024-09-02 20:00:00
1725321600000,29.53,30.38,29.51,29.95,15211.329,2024-09-03 00:00:00
1725336000000,29.94,30.28,29.83,30.1,13435.212,2024-09-03 04:00:00
1725350400000,30.15,30.15,29.67,29.71,10781.762,2024-09-03 08:00:00
1725364800000,29.72,29.92,28.88,28.94,18876.645,2024-09-03 12:00:00
1725379200000,28.91,29.28,28.69,29.25,8044.39,2024-09-03 16:00:00
1725393600000,29.27,29.62,28.69,28.76,14094.753,2024-09-03 20:00:00
1725408000000,28.77,29.15,27.3,28.83,40281.009,2024-09-04 00:00:00
1725422400000,28.85,29.35,28.75,29.24,10078.84,2024-09-04 04:00:00
1725436800000,29.24,29.43,28.78,28.82,7446.595,2024-09-04 08:00:00
1725451200000,28.85,29.76,28.75,29.66,14797.014,2024-09-04 12:00:00
1725465600000,29.67,30.0,29.25,29.47,12821.645,2024-09-04 16:00:00
1725480000000,29.51,29.85,29.43,29.59,7205.541,2024-09-04 20:00:00
1725494400000,29.57,29.72,28.96,28.98,6753.557,2024-09-05 00:00:00
1725508800000,28.99,29.76,28.97,29.7,7472.465,2024-09-05 04:00:00
1725523200000,29.69,29.83,29.13,29.16,8692.832,2024-09-05 08:00:00
1725537600000,29.16,29.62,28.92,28.96,12291.923,2024-09-05 12:00:00
1725552000000,28.99,29.14,28.71,28.8,7464.061,2024-09-05 16:00:00
1725566400000,28.79,29.07,28.76,28.9,4415.2,2024-09-05 20:00:00
1725580800000,28.88,29.4,28.19,28.33,38217.864,2024-09-06 00:00:00
1725595200000,28.32,28.47,26.87,27.67,85027.583,2024-09-06 04:00:00
1725609600000,27.67,27.89,26.88,26.98,32648.132,2024-09-06 08:00:00
1725624000000,26.97,27.63,26.37,26.78,48963.562,2024-09-06 12:00:00
1725638400000,26.8,27.2,26.64,26.78,41057.967,2024-09-06 16:00:00
1725652800000,26.79,27.04,26.16,26.97,14024.998,2024-09-06 20:00:00
1725667200000,26.99,27.14,26.92,27.11,6586.957,2024-09-07 00:00:00
1725681600000,27.13,27.62,27.11,27.41,5543.888,2024-09-07 04:00:00
1725696000000,27.41,27.88,27.27,27.87,6948.158,2024-09-07 08:00:00
1725710400000,27.83,28.99,27.81,28.22,41900.043,2024-09-07 12:00:00
1725724800000,28.22,28.24,27.66,28.08,10703.184,2024-09-07 16:00:00
1725739200000,28.06,28.16,27.58,27.75,10161.757,2024-09-07 20:00:00
1725753600000,27.76,27.97,27.21,27.95,28407.665,2024-09-08 00:00:00
1725768000000,27.95,28.13,27.83,27.95,11401.703,2024-09-08 04:00:00
1725782400000,27.95,28.12,27.51,27.59,10184.374,2024-09-08 08:00:00
1725796800000,27.58,27.74,27.25,27.28,18540.472,2024-09-08 12:00:00
1725811200000,27.29,27.6,27.15,27.38,8112.804,2024-09-08 16:00:00
1725825600000,27.37,27.84,27.29,27.73,6690.34,2024-09-08 20:00:00
1725840000000,27.72,28.01,27.41,27.52,12702.812,2024-09-09 00:00:00
1725854400000,27.49,28.55,27.4,28.46,20453.169,2024-09-09 04:00:00
1725868800000,28.46,28.51,28.19,28.24,9218.721,2024-09-09 08:00:00
1725883200000,28.24,28.74,28.18,28.44,11234.583,2024-09-09 12:00:00
1725897600000,28.43,29.25,28.41,29.12,35284.147,2024-09-09 16:00:00
1725912000000,29.1,29.47,28.98,29.36,14757.433,2024-09-09 20:00:00
1725926400000,29.36,29.4,29.03,29.06,14777.713,2024-09-10 00:00:00
1725940800000,29.04,29.98,29.0,29.72,19676.549,2024-09-10 04:00:00
1725955200000,29.72,30.61,29.67,30.52,18333.909,2024-09-10 08:00:00
1725969600000,30.51,31.19,30.22,30.25,26667.109,2024-09-10 12:00:00
1725984000000,30.23,30.78,30.1,30.69,8190.02,2024-09-10 16:00:00
1725998400000,30.7,31.1,30.54,30.82,13008.521,2024-09-10 20:00:00
1726012800000,30.82,30.83,29.68,29.74,36822.228,2024-09-11 00:00:00
1726027200000,29.75,29.92,29.39,29.77,26067.381,2024-09-11 04:00:00
1726041600000,29.77,29.77,29.13,29.42,20177.345,2024-09-11 08:00:00
1726056000000,29.41,29.98,29.16,29.68,37825.82,2024-09-11 12:00:00
1726070400000,29.69,29.99,29.62,29.66,11579.743,2024-09-11 16:00:00
1726084800000,29.66,29.77,29.53,29.64,4165.964,2024-09-11 20:00:00
1726099200000,29.66,30.41,29.61,30.21,9284.095,2024-09-12 00:00:00
1726113600000,30.19,30.27,29.84,29.87,6342.462,2024-09-12 04:00:00
1726128000000,29.86,30.03,29.56,29.64,8754.386,2024-09-12 08:00:00
1726142400000,29.62,29.7,29.19,29.24,30898.324,2024-09-12 12:00:00
1726156800000,29.25,29.65,29.25,29.5,11051.639,2024-09-12 16:00:00
1726171200000,29.51,29.51,29.23,29.37,8788.788,2024-09-12 20:00:00
1726185600000,29.33,29.6,29.29,29.36,8838.434,2024-09-13 00:00:00
1726200000000,29.36,29.6,29.36,29.56,8618.94,2024-09-13 04:00:00
1726214400000,29.55,30.32,29.55,29.89,13369.836,2024-09-13 08:00:00
1726228800000,29.9,30.78,29.6,30.61,18695.057,2024-09-13 12:00:00
1726243200000,30.66,30.86,30.24,30.33,7787.859,2024-09-13 16:00:00
1726257600000,30.31,30.72,30.29,30.54,3440.138,2024-09-13 20:00:00
1726272000000,30.55,30.73,30.42,30.64,2697.148,2024-09-14 00:00:00
1726286400000,30.64,30.64,30.13,30.36,3732.324,2024-09-14 04:00:00
1726300800000,30.37,30.67,30.17,30.29,6710.488,2024-09-14 08:00:00
1726315200000,30.32,31.0,30.22,30.73,8259.728,2024-09-14 12:00:00
1726329600000,30.72,31.1,30.63,30.64,5165.302,2024-09-14 16:00:00
1726344000000,30.65,30.9,30.45,30.59,4834.292,2024-09-14 20:00:00
1726358400000,30.59,31.6,30.55,31.14,11795.081,2024-09-15 00:00:00
1726372800000,31.12,31.19,30.59,30.61,5963.307,2024-09-15 04:00:00
1726387200000,30.61,31.14,30.46,30.7,11423.061,2024-09-15 08:00:00
1726401600000,30.65,30.83,30.23,30.54,5161.883,2024-09-15 12:00:00
1726416000000,30.56,30.56,29.61,29.92,8294.001,2024-09-15 16:00:00
1726430400000,29.91,29.91,29.02,29.22,9839.772,2024-09-15 20:00:00
1726444800000,29.21,29.32,28.94,29.18,20407.438,2024-09-16 00:00:00
1726459200000,29.19,29.61,29.1,29.54,15972.98,2024-09-16 04:00:00
1726473600000,29.52,29.64,29.05,29.28,6696.404,2024-09-16 08:00:00
1726488000000,29.28,29.34,28.75,28.88,12213.3,2024-09-16 12:00:00
1726502400000,28.88,29.18,28.69,29.13,5943.702,2024-09-16 16:00:00
1726516800000,29.1,29.2,28.84,29.15,5947.342,2024-09-16 20:00:00
1726531200000,29.1,29.27,28.9,29.24,3374.146,2024-09-17 00:00:00
1726545600000,29.23,29.65,29.23,29.52,3788.695,2024-09-17 04:00:00
1726560000000,29.52,29.63,29.28,29.46,7092.363,2024-09-17 08:00:00
1726574400000,29.47,30.3,29.06,30.08,12892.446,2024-09-17 12:00:00
1726588800000,30.09,30.69,29.5,29.68,11737.658,2024-09-17 16:00:00
1726603200000,29.66,29.91,29.61,29.81,1996.057,2024-09-17 20:00:00
1726617600000,29.82,30.23,29.27,30.06,4588.643,2024-09-18 00:00:00
1726632000000,30.05,30.49,29.93,30.46,5126.168,2024-09-18 04:00:00
1726646400000,30.46,30.53,29.51,29.76,5906.633,2024-09-18 08:00:00
1726660800000,29.73,29.9,29.06,29.2,7114.888,2024-09-18 12:00:00
1726675200000,29.16,30.4,28.96,29.74,15498.336,2024-09-18 16:00:00
1726689600000,29.74,30.66,29.55,30.61,4844.79,2024-09-18 20:00:00
1726704000000,30.64,31.49,30.5,31.34,20940.759,2024-09-19 00:00:00
1726718400000,31.33,31.71,31.11,31.71,9432.136,2024-09-19 04:00:00
1726732800000,31.72,31.93,31.5,31.82,13738.568,2024-09-19 08:00:00
1726747200000,31.79,32.05,31.38,31.64,20174.37,2024-09-19 12:00:00
1726761600000,31.64,32.34,31.64,31.7,14632.197,2024-09-19 16:00:00
1726776000000,31.71,31.87,31.45,31.62,3943.417,2024-09-19 20:00:00
1726790400000,31.61,32.0,31.11,32.0,6300.94,2024-09-20 00:00:00
1726804800000,32.0,32.54,31.93,32.08,9720.037,2024-09-20 04:00:00
1726819200000,32.06,32.07,31.39,31.44,5737.786,2024-09-20 08:00:00
1726833600000,31.42,31.57,30.44,30.77,20070.531,2024-09-20 12:00:00
1726848000000,30.77,30.96,30.26,30.72,9539.462,2024-09-20 16:00:00
1726862400000,30.71,31.47,30.64,31.28,5686.629,2024-09-20 20:00:00
1726876800000,31.28,31.42,30.65,30.66,5554.18,2024-09-21 00:00:00
1726891200000,30.66,31.15,30.48,31.09,3632.542,2024-09-21 04:00:00
1726905600000,31.09,31.12,30.76,30.91,3319.497,2024-09-21 08:00:00
1726920000000,30.92,31.56,30.92,31.17,9038.563,2024-09-21 12:00:00
1726934400000,31.17,31.49,31.16,31.21,5602.915,2024-09-21 16:00:00
1726948800000,31.25,31.34,30.92,31.34,3198.942,2024-09-21 20:00:00
1726963200000,31.34,31.45,30.19,30.71,21227.278,2024-09-22 00:00:00
1726977600000,30.73,30.94,30.2,30.36,5129.304,2024-09-22 04:00:00
1726992000000,30.36,30.5,29.85,30.05,7543.924,2024-09-22 08:00:00
1727006400000,30.04,30.33,29.6,29.75,8541.577,2024-09-22 12:00:00
1727020800000,29.73,30.03,29.39,29.93,9152.44,2024-09-22 16:00:00
1727035200000,29.89,30.35,29.55,30.19,9460.79,2024-09-22 20:00:00
1727049600000,30.23,31.06,29.87,30.87,8483.678,2024-09-23 00:00:00
1727064000000,30.88,30.98,30.32,30.42,5654.256,2024-09-23 04:00:00
1727078400000,30.4,30.4,28.61,28.93,35359.181,2024-09-23 08:00:00
1727092800000,28.94,29.55,28.86,29.45,13239.834,2024-09-23 12:00:00
1727107200000,29.46,29.55,29.14,29.39,11817.872,2024-09-23 16:00:00
1727121600000,29.39,29.7,29.29,29.63,6495.125,2024-09-23 20:00:00
1727136000000,29.62,29.86,29.23,29.81,8518.484,2024-09-24 00:00:00
1727150400000,29.81,30.08,29.73,30.05,8407.21,2024-09-24 04:00:00
1727164800000,30.04,30.09,29.57,29.79,10006.544,2024-09-24 08:00:00
1727179200000,29.8,29.86,28.8,29.02,19064.606,2024-09-24 12:00:00
1727193600000,29.03,29.33,28.88,29.33,8672.648,2024-09-24 16:00:00
1727208000000,29.33,29.59,29.09,29.36,9906.039,2024-09-24 20:00:00
1727222400000,29.37,29.92,29.34,29.86,9613.382,2024-09-25 00:00:00
1727236800000,29.87,29.87,29.11,29.26,12044.341,2024-09-25 04:00:00
1727251200000,29.26,29.75,29.25,29.64,7468.059,2024-09-25 08:00:00
1727265600000,29.64,29.64,29.17,29.2,5504.25,2024-09-25 12:00:00
1727280000000,29.17,29.33,28.57,28.69,14410.154,2024-09-25 16:00:00
1727294400000,28.71,28.96,28.12,28.37,13671.762,2024-09-25 20:00:00
1727308800000,28.4,28.94,28.07,28.81,9446.694,2024-09-26 00:00:00
1727323200000,28.81,29.16,28.81,29.06,5890.046,2024-09-26 04:00:00
1727337600000,29.03,29.19,28.75,29.12,7149.745,2024-09-26 08:00:00
1727352000000,29.12,31.5,29.04,30.44,75171.775,2024-09-26 12:00:00
1727366400000,30.45,30.98,30.26,30.68,19666.269,2024-09-26 16:00:00
1727380800000,30.68,30.7,29.8,30.24,11241.801,2024-09-26 20:00:00
1727395200000,30.22,30.59,30.15,30.57,10024.469,2024-09-27 00:00:00
1727409600000,30.55,30.83,30.45,30.76,6286.415,2024-09-27 04:00:00
1727424000000,30.76,31.41,30.37,30.6,19985.263,2024-09-27 08:00:00
1727438400000,30.58,30.92,30.31,30.53,14322.449,2024-09-27 12:00:00
1727452800000,30.53,30.66,30.09,30.28,7075.831,2024-09-27 16:00:00
1727467200000,30.26,30.6,30.15,30.43,6012.661,2024-09-27 20:00:00
1727481600000,30.43,30.99,30.43,30.93,4462.685,2024-09-28 00:00:00
1727496000000,30.94,31.39,30.5,31.11,18248.157,2024-09-28 04:00:00
1727510400000,31.11,31.11,29.99,30.69,27357.952,2024-09-28 08:00:00
1727524800000,30.68,30.68,29.88,30.04,9960.294,2024-09-28 12:00:00
1727539200000,30.02,30.08,29.16,29.35,10307.884,2024-09-28 16:00:00
1727553600000,29.33,29.51,28.82,29.5,7895.405,2024-09-28 20:00:00
1727568000000,29.5,29.54,29.11,29.43,5562.372,2024-09-29 00:00:00
1727582400000,29.43,29.45,29.0,29.02,9454.232,2024-09-29 04:00:00
1727596800000,29.01,29.42,29.0,29.26,6816.335,2024-09-29 08:00:00
1727611200000,29.26,29.41,29.0,29.36,9765.451,2024-09-29 12:00:00
1727625600000,29.38,29.46,29.06,29.35,9266.396,2024-09-29 16:00:00
1727640000000,29.33,29.46,29.0,29.08,13650.291,2024-09-29 20:00:00
1727654400000,29.07,29.09,28.3,28.77,32172.448,2024-09-30 00:00:00
1727668800000,28.78,29.01,28.55,28.88,7134.573,2024-09-30 04:00:00
1727683200000,28.88,28.88,28.14,28.54,6442.751,2024-09-30 08:00:00
1727697600000,28.51,28.67,27.85,27.89,10897.292,2024-09-30 12:00:00
1727712000000,27.92,28.33,27.87,28.08,6557.799,2024-09-30 16:00:00
1727726400000,28.05,28.19,27.47,27.76,6140.439,2024-09-30 20:00:00
1727740800000,27.79,28.37,27.61,28.35,6229.57,2024-10-01 00:00:00
1727755200000,28.36,28.61,28.15,28.58,6858.379,2024-10-01 04:00:00
1727769600000,28.53,28.58,28.3,28.42,4746.186,2024-10-01 08:00:00
1727784000000,28.41,28.55,26.7,27.83,36347.964,2024-10-01 12:00:00
1727798400000,27.82,27.84,25.05,26.76,45863.474,2024-10-01 16:00:00
1727812800000,26.73,26.85,26.33,26.64,8181.338,2024-10-01 20:00:00
1727827200000,26.63,27.32,26.53,27.31,4260.406,2024-10-02 00:00:00
1727841600000,27.3,27.58,27.06,27.48,2976.853,2024-10-02 04:00:00
1727856000000,27.47,27.47,26.5,26.65,11647.289,2024-10-02 08:00:00
1727870400000,26.62,27.17,26.38,27.09,13113.375,2024-10-02 12:00:00
1727884800000,27.12,27.32,25.62,25.95,17478.812,2024-10-02 16:00:00
1727899200000,25.98,26.21,25.3,25.92,8258.629,2024-10-02 20:00:00
1727913600000,25.93,26.38,25.81,26.37,2316.126,2024-10-03 00:00:00
1727928000000,26.38,26.4,25.31,25.53,10030.992,2024-10-03 04:00:00
1727942400000,25.54,25.59,24.4,25.18,24281.731,2024-10-03 08:00:00
1727956800000,25.16,25.52,24.68,25.19,13605.595,2024-10-03 12:00:00
1727971200000,25.23,25.72,24.97,25.65,9182.967,2024-10-03 16:00:00
1727985600000,25.66,25.77,25.49,25.64,3450.822,2024-10-03 20:00:00
1728000000000,25.65,25.99,25.36,25.93,4040.831,2024-10-04 00:00:00
1728014400000,25.93,26.45,25.93,26.32,4960.038,2024-10-04 04:00:00
1728028800000,26.32,26.62,26.26,26.47,5359.47,2024-10-04 08:00:00
1728043200000,26.43,27.09,26.38,27.08,14967.147,2024-10-04 12:00:00
1728057600000,27.06,27.1,26.53,26.8,7829.919,2024-10-04 16:00:00
1728072000000,26.8,26.99,26.69,26.81,4343.34,2024-10-04 20:00:00
1728086400000,26.83,27.01,26.59,26.62,1760.139,2024-10-05 00:00:00
1728100800000,26.64,27.11,26.6,26.98,2559.225,2024-10-05 04:00:00
1728115200000,26.97,27.61,26.96,27.48,6472.497,2024-10-05 08:00:00
1728129600000,27.48,28.43,27.48,28.07,47744.102,2024-10-05 12:00:00
1728144000000,28.07,28.21,27.15,27.21,18745.792,2024-10-05 16:00:00
1728158400000,27.25,27.5,26.96,27.39,5522.946,2024-10-05 20:00:00
1728172800000,27.41,28.64,27.33,28.2,15430.78,2024-10-06 00:00:00
1728187200000,28.22,28.57,27.83,28.45,12584.831,2024-10-06 04:00:00
1728201600000,28.43,29.1,28.39,28.86,21289.68,2024-10-06 08:00:00
1728216000000,28.88,29.49,28.58,28.82,77774.741,2024-10-06 12:00:00
1728230400000,28.82,28.89,28.46,28.55,9427.478,2024-10-06 16:00:00
1728244800000,28.56,29.38,28.39,29.27,27701.396,2024-10-06 20:00:00
1728259200000,29.29,29.8,28.94,29.78,19675.936,2024-10-07 00:00:00
1728273600000,29.79,30.21,29.72,29.89,7181.285,2024-10-07 04:00:00
1728288000000,29.95,30.05,28.66,29.43,23971.29,2024-10-07 08:00:00
1728302400000,29.43,29.56,29.1,29.19,9408.642,2024-10-07 12:00:00
1728316800000,29.19,29.44,28.96,29.26,13147.321,2024-10-07 16:00:00
1728331200000,29.29,29.37,28.85,28.99,8774.245,2024-10-07 20:00:00
1728345600000,29.01,29.56,28.9,29.39,8445.369,2024-10-08 00:00:00
1728360000000,29.41,29.42,27.66,28.75,26133.838,2024-10-08 04:00:00
1728374400000,28.73,28.79,28.56,28.7,4500.107,2024-10-08 08:00:00
1728388800000,28.7,29.1,28.28,28.98,15010.442,2024-10-08 12:00:00
1728403200000,28.97,29.28,28.77,29.12,6826.96,2024-10-08 16:00:00
1728417600000,29.12,29.4,28.84,29.01,16308.53,2024-10-08 20:00:00
1728432000000,29.01,29.25,28.88,29.08,5336.668,2024-10-09 00:00:00
1728446400000,29.02,29.23,28.77,28.9,5721.138,2024-10-09 04:00:00
1728460800000,28.9,28.92,28.63,28.75,5668.545,2024-10-09 08:00:00
1728475200000,28.75,29.33,28.59,29.1,16089.2,2024-10-09 12:00:00
1728489600000,29.09,29.36,28.94,29.11,13187.825,2024-10-09 16:00:00
1728504000000,29.12,29.42,28.7,29.08,14735.832,2024-10-09 20:00:00
1728518400000,29.08,29.77,29.06,29.58,10639.026,2024-10-10 00:00:00
1728532800000,29.56,30.82,29.53,30.47,23073.304,2024-10-10 04:00:00
1728547200000,30.48,31.48,30.14,31.15,51190.581,2024-10-10 08:00:00
1728561600000,31.18,31.32,30.44,31.23,41060.556,2024-10-10 12:00:00
1728576000000,31.23,32.2,31.12,31.94,42186.082,2024-10-10 16:00:00
1728590400000,31.97,34.17,31.96,33.85,68590.209,2024-10-10 20:00:00
1728604800000,33.83,35.79,33.13,35.22,144678.675,2024-10-11 00:00:00
1728619200000,35.22,36.54,35.18,35.97,135332.407,2024-10-11 04:00:00
1728633600000,36.0,37.52,35.11,35.2,124662.984,2024-10-11 08:00:00
1728648000000,35.19,36.7,35.17,36.01,68767.762,2024-10-11 12:00:00
1728662400000,36.03,36.18,35.56,35.92,21550.045,2024-10-11 16:00:00
1728676800000,35.92,36.4,35.73,36.32,19023.511,2024-10-11 20:00:00
1728691200000,36.33,36.56,35.82,35.97,47596.349,2024-10-12 00:00:00
1728705600000,35.96,36.01,35.27,35.87,17973.411,2024-10-12 04:00:00
1728720000000,35.85,36.05,35.56,35.88,34560.935,2024-10-12 08:00:00
1728734400000,35.88,35.88,34.65,34.91,43388.289,2024-10-12 12:00:00
1728748800000,34.89,34.91,34.38,34.5,20534.856,2024-10-12 16:00:00
1728763200000,34.49,34.76,34.19,34.55,12051.245,2024-10-12 20:00:00
1728777600000,34.55,35.94,34.33,35.93,27135.728,2024-10-13 00:00:00
1728792000000,35.94,37.52,35.47,35.55,51282.326,2024-10-13 04:00:00
1728806400000,35.57,35.86,35.06,35.11,11580.796,2024-10-13 08:00:00
1728820800000,35.12,35.46,34.06,34.13,16674.213,2024-10-13 12:00:00
1728835200000,34.09,35.56,33.95,35.46,22932.265,2024-10-13 16:00:00
1728849600000,35.46,35.8,35.07,35.43,27137.385,2024-10-13 20:00:00
1728864000000,35.4,35.76,34.98,35.35,13355.402,2024-10-14 00:00:00
1728878400000,35.36,37.22,35.3,36.45,20376.775,2024-10-14 04:00:00
1728892800000,36.43,36.52,35.64,35.85,13562.521,2024-10-14 08:00:00
1728907200000,35.85,36.57,35.73,36.33,19174.455,2024-10-14 12:00:00
1728921600000,36.29,38.39,36.29,37.36,41396.837,2024-10-14 16:00:00
1728936000000,37.33,37.33,36.07,36.17,10860.928,2024-10-14 20:00:00
1728950400000,36.21,38.41,36.02,37.29,27898.851,2024-10-15 00:00:00
1728964800000,37.3,37.35,36.18,36.82,15275.955,2024-10-15 04:00:00
1728979200000,36.79,37.93,36.6,36.8,19685.082,2024-10-15 08:00:00
1728993600000,36.81,38.09,36.43,37.28,34309.704,2024-10-15 12:00:00
1729008000000,37.27,38.35,37.1,37.86,20681.361,2024-10-15 16:00:00
1729022400000,37.87,37.95,37.12,37.43,11880.221,2024-10-15 20:00:00
1729036800000,37.43,38.62,36.69,38.45,19843.508,2024-10-16 00:00:00
1729051200000,38.42,40.81,37.29,37.92,79989.224,2024-10-16 04:00:00
1729065600000,37.89,38.5,37.72,38.07,14296.46,2024-10-16 08:00:00
1729080000000,38.06,39.34,37.26,37.33,34293.274,2024-10-16 12:00:00
1729094400000,37.31,37.87,36.87,37.8,10135.675,2024-10-16 16:00:00
1729108800000,37.82,38.0,36.81,36.95,18810.149,2024-10-16 20:00:00
1729123200000,36.95,37.65,36.82,37.29,12618.43,2024-10-17 00:00:00
1729137600000,37.31,37.34,35.0,35.3,27113.319,2024-10-17 04:00:00
1729152000000,35.28,35.75,34.88,35.2,17905.075,2024-10-17 08:00:00
1729166400000,35.22,36.39,35.01,35.78,25733.162,2024-10-17 12:00:00
1729180800000,35.79,36.51,35.74,36.16,9776.659,2024-10-17 16:00:00
1729195200000,36.15,36.4,35.92,36.14,3781.543,2024-10-17 20:00:00
1729209600000,36.1,36.38,35.6,35.83,13431.617,2024-10-18 00:00:00
1729224000000,35.82,36.15,35.45,36.1,5630.744,2024-10-18 04:00:00
1729238400000,36.09,36.33,35.77,36.2,4650.102,2024-10-18 08:00:00
1729252800000,36.24,37.55,35.52,36.19,30110.039,2024-10-18 12:00:00
1729267200000,36.21,36.31,35.8,35.84,9625.699,2024-10-18 16:00:00
1729281600000,35.85,36.1,35.68,35.82,6899.766,2024-10-18 20:00:00
1729296000000,35.8,36.04,35.14,35.75,9247.157,2024-10-19 00:00:00
1729310400000,35.77,35.9,35.46,35.8,3885.881,2024-10-19 04:00:00
1729324800000,35.86,35.87,35.29,35.46,7559.884,2024-10-19 08:00:00
1729339200000,35.42,36.22,35.3,36.21,10310.81,2024-10-19 12:00:00
1729353600000,36.23,36.63,36.08,36.37,9885.481,2024-10-19 16:00:00
1729368000000,36.37,37.14,36.37,37.09,11606.634,2024-10-19 20:00:00
1729382400000,37.12,37.55,36.35,36.37,6086.268,2024-10-20 00:00:00
1729396800000,36.37,36.37,35.89,36.1,9547.798,2024-10-20 04:00:00
1729411200000,36.08,36.43,35.97,36.32,6445.642,2024-10-20 08:00:00
1729425600000,36.34,36.76,35.9,36.64,14343.774,2024-10-20 12:00:00
1729440000000,36.6,36.99,36.37,36.65,5183.711,2024-10-20 16:00:00
1729454400000,36.65,37.09,36.61,36.91,8695.319,2024-10-20 20:00:00
1729468800000,36.91,36.93,36.1,36.13,6081.431,2024-10-21 00:00:00
1729483200000,36.12,39.68,36.07,38.67,52946.682,2024-10-21 04:00:00
1729497600000,38.68,39.1,37.7,37.9,20948.231,2024-10-21 08:00:00
1729512000000,37.93,38.49,37.17,37.46,19424.222,2024-10-21 12:00:00
1729526400000,37.46,38.56,36.86,38.12,13804.291,2024-10-21 16:00:00
1729540800000,38.14,38.29,37.27,37.43,9351.55,2024-10-21 20:00:00
1729555200000,37.53,38.0,36.62,37.78,27023.803,2024-10-22 00:00:00
1729569600000,37.78,38.87,37.53,38.35,19097.968,2024-10-22 04:00:00
1729584000000,38.38,38.55,37.31,37.38,15209.475,2024-10-22 08:00:00
1729598400000,37.38,37.43,36.52,36.97,12877.925,2024-10-22 12:00:00
1729612800000,36.96,37.55,36.68,37.09,8173.769,2024-10-22 16:00:00
1729627200000,37.07,38.2,36.93,37.95,13842.876,2024-10-22 20:00:00
1729641600000,37.96,38.69,37.6,37.69,8186.613,2024-10-23 00:00:00
1729656000000,37.69,38.45,37.66,38.16,7691.85,2024-10-23 04:00:00
1729670400000,38.14,38.44,37.42,37.49,12377.456,2024-10-23 08:00:00
1729684800000,37.52,37.99,37.27,37.68,12089.079,2024-10-23 12:00:00
1729699200000,37.7,37.98,37.1,37.81,16136.393,2024-10-23 16:00:00
1729713600000,37.79,37.96,37.48,37.89,6858.006,2024-10-23 20:00:00
1729728000000,37.89,38.74,37.03,37.62,22402.805,2024-10-24 00:00:00
1729742400000,37.63,38.02,36.91,37.24,9549.409,2024-10-24 04:00:00
1729756800000,37.16,37.39,36.5,36.6,10609.608,2024-10-24 08:00:00
1729771200000,36.63,37.08,35.88,36.33,18711.478,2024-10-24 12:00:00
1729785600000,36.34,37.31,36.28,37.16,10998.184,2024-10-24 16:00:00
1729800000000,37.16,37.35,36.58,37.2,10379.13,2024-10-24 20:00:00
1729814400000,37.24,37.95,37.16,37.21,9740.148,2024-10-25 00:00:00
1729828800000,37.22,37.29,36.47,36.68,5916.73,2024-10-25 04:00:00
1729843200000,36.68,36.82,35.84,36.3,11278.1,2024-10-25 08:00:00
1729857600000,36.28,37.16,35.95,36.77,14753.11,2024-10-25 12:00:00
1729872000000,36.76,37.18,35.71,36.19,25107.765,2024-10-25 16:00:00
1729886400000,36.19,36.42,34.13,35.99,19076.15,2024-10-25 20:00:00
1729900800000,35.97,36.68,35.43,36.0,18846.497,2024-10-26 00:00:00
1729915200000,35.97,36.33,35.8,36.18,4187.475,2024-10-26 04:00:00
1729929600000,36.13,36.23,35.9,36.06,4373.675,2024-10-26 08:00:00
1729944000000,36.09,36.1,34.76,35.0,13526.692,2024-10-26 12:00:00
1729958400000,34.99,35.28,34.92,34.92,6229.361,2024-10-26 16:00:00
1729972800000,34.92,35.22,34.49,34.56,5087.629,2024-10-26 20:00:00
1729987200000,34.59,34.73,34.28,34.3,8113.819,2024-10-27 00:00:00
1730001600000,34.31,34.36,33.34,33.41,13415.024,2024-10-27 04:00:00
1730016000000,33.42,33.8,33.07,33.26,19264.081,2024-10-27 08:00:00
1730030400000,33.27,33.77,33.14,33.26,8864.233,2024-10-27 12:00:00
1730044800000,33.25,35.79,33.19,35.69,38094.632,2024-10-27 16:00:00
1730059200000,35.68,38.73,35.47,38.38,53726.178,2024-10-27 20:00:00
1730073600000,38.36,39.2,37.71,37.71,51220.204,2024-10-28 00:00:00
1730088000000,37.71,38.0,36.95,37.79,20826.641,2024-10-28 04:00:00
1730102400000,37.82,38.9,37.82,37.97,46676.458,2024-10-28 08:00:00
1730116800000,38.0,38.82,37.38,37.56,36241.355,2024-10-28 12:00:00
1730131200000,37.55,39.4,37.31,38.14,40746.934,2024-10-28 16:00:00
1730145600000,38.1,39.09,38.0,38.32,17821.147,2024-10-28 20:00:00
1730160000000,38.37,41.12,38.29,39.92,46200.931,2024-10-29 00:00:00
1730174400000,39.92,39.94,35.81,36.76,63712.83,2024-10-29 04:00:00
1730188800000,36.77,38.48,36.59,37.9,27207.647,2024-10-29 08:00:00
1730203200000,37.89,39.05,37.73,38.55,23112.308,2024-10-29 12:00:00
1730217600000,38.54,39.15,37.96,38.12,29494.703,2024-10-29 16:00:00
1730232000000,38.12,38.82,37.97,38.47,6995.848,2024-10-29 20:00:00
1730246400000,38.48,39.87,38.31,39.42,22423.291,2024-10-30 00:00:00
1730260800000,39.43,39.76,39.28,39.64,6630.599,2024-10-30 04:00:00
1730275200000,39.58,39.81,37.93,38.05,27521.143,2024-10-30 08:00:00
1730289600000,38.06,38.68,37.91,38.44,11689.198,2024-10-30 12:00:00
1730304000000,38.4,38.57,38.09,38.28,4681.51,2024-10-30 16:00:00
1730318400000,38.26,38.8,38.14,38.44,7309.958,2024-10-30 20:00:00
1730332800000,38.4,38.5,38.02,38.11,4407.918,2024-10-31 00:00:00
1730347200000,38.11,38.41,38.09,38.33,5058.689,2024-10-31 04:00:00
1730361600000,38.33,38.33,37.51,37.52,8192.338,2024-10-31 08:00:00
1730376000000,37.52,37.62,36.87,37.07,10584.377,2024-10-31 12:00:00
1730390400000,37.02,37.26,36.63,36.77,8403.074,2024-10-31 16:00:00
1730404800000,36.78,37.2,36.69,36.82,5341.096,2024-10-31 20:00:00
1730419200000,36.81,37.17,36.74,36.86,7940.1,2024-11-01 00:00:00
1730433600000,36.88,37.16,36.43,36.57,5784.8,2024-11-01 04:00:00
1730448000000,36.55,37.3,36.5,37.24,7493.732,2024-11-01 08:00:00
1730462400000,37.25,38.14,37.2,37.82,18819.926,2024-11-01 12:00:00
1730476800000,37.83,38.0,37.45,37.82,10088.049,2024-11-01 16:00:00
1730491200000,37.83,38.14,37.53,37.88,10944.992,2024-11-01 20:00:00
1730505600000,37.86,38.79,37.82,38.22,9550.971,2024-11-02 00:00:00
1730520000000,38.22,38.29,37.53,37.56,5641.66,2024-11-02 04:00:00
1730534400000,37.55,37.86,37.27,37.4,6262.584,2024-11-02 08:00:00
1730548800000,37.39,37.39,36.53,36.84,12223.023,2024-11-02 12:00:00
1730563200000,36.81,37.33,36.16,36.43,7577.717,2024-11-02 16:00:00
1730577600000,36.44,37.0,36.31,36.87,3020.824,2024-11-02 20:00:00
1730592000000,36.9,36.96,36.13,36.33,8238.643,2024-11-03 00:00:00
1730606400000,36.35,37.17,36.34,36.96,2201.047,2024-11-03 04:00:00
1730620800000,36.96,37.02,36.34,36.5,6692.514,2024-11-03 08:00:00
1730635200000,36.48,36.74,35.6,36.05,20939.442,2024-11-03 12:00:00
1730649600000,36.04,36.81,35.9,36.81,11001.087,2024-11-03 16:00:00
1730664000000,36.8,37.87,36.71,37.22,13331.779,2024-11-03 20:00:00
1730678400000,37.19,37.67,36.21,37.53,13398.376,2024-11-04 00:00:00
1730692800000,37.53,37.6,36.62,36.66,7607.034,2024-11-04 04:00:00
1730707200000,36.66,37.11,36.33,36.89,6319.865,2024-11-04 08:00:00
1730721600000,36.92,38.36,36.78,37.95,21123.479,2024-11-04 12:00:00
1730736000000,37.96,38.3,37.43,37.64,18542.143,2024-11-04 16:00:00
1730750400000,37.62,37.87,36.56,36.93,12244.062,2024-11-04 20:00:00
1730764800000,36.89,37.39,36.61,37.19,9578.381,2024-11-05 00:00:00
1730779200000,37.19,38.03,37.19,37.86,8121.126,2024-11-05 04:00:00
1730793600000,37.82,37.86,37.06,37.2,6753.879,2024-11-05 08:00:00
1730808000000,37.2,38.4,37.12,38.14,16970.768,2024-11-05 12:00:00
1730822400000,38.14,38.91,37.81,38.04,11813.136,2024-11-05 16:00:00
1730836800000,37.98,38.42,37.63,38.21,8276.73,2024-11-05 20:00:00
1730851200000,38.21,39.5,37.62,38.84,39868.416,2024-11-06 00:00:00
1730865600000,38.82,39.6,38.31,38.76,44682.384,2024-11-06 04:00:00
1730880000000,38.76,39.02,37.88,39.01,11491.103,2024-11-06 08:00:00
1730894400000,39.01,41.0,38.6,39.97,61584.017,2024-11-06 12:00:00
1730908800000,39.96,41.9,39.95,41.69,65210.8,2024-11-06 16:00:00
1730923200000,41.75,43.33,41.65,43.24,30632.291,2024-11-06 20:00:00
1730937600000,43.25,45.81,42.75,44.88,58262.69,2024-11-07 00:00:00
1730952000000,44.88,45.76,43.93,44.71,41533.307,2024-11-07 04:00:00
1730966400000,44.7,45.44,44.32,44.38,15945.243,2024-11-07 08:00:00
1730980800000,44.42,45.05,43.22,44.25,27045.632,2024-11-07 12:00:00
1730995200000,44.25,44.71,43.67,44.09,15672.669,2024-11-07 16:00:00
1731009600000,44.09,44.47,43.73,44.07,7682.714,2024-11-07 20:00:00
1731024000000,44.08,44.59,42.16,42.29,50111.043,2024-11-08 00:00:00
1731038400000,42.29,44.17,42.12,43.84,41205.349,2024-11-08 04:00:00
1731052800000,43.84,43.93,43.1,43.58,10544.025,2024-11-08 08:00:00
1731067200000,43.54,45.35,43.32,44.97,37860.929,2024-11-08 12:00:00
1731081600000,44.99,46.66,44.47,46.06,31862.535,2024-11-08 16:00:00
1731096000000,46.05,46.66,45.55,46.19,15994.28,2024-11-08 20:00:00
1731110400000,46.15,47.98,45.79,45.88,38094.358,2024-11-09 00:00:00
1731124800000,45.89,47.36,45.54,45.67,36551.122,2024-11-09 04:00:00
1731139200000,45.63,45.76,44.82,44.93,16714.656,2024-11-09 08:00:00
1731153600000,44.93,45.29,44.13,45.05,18792.58,2024-11-09 12:00:00
1731168000000,45.04,45.19,44.35,44.72,6033.424,2024-11-09 16:00:00
1731182400000,44.71,46.18,44.67,46.08,21030.954,2024-11-09 20:00:00
1731196800000,46.08,46.28,44.59,44.99,43158.356,2024-11-10 00:00:00
1731211200000,45.03,46.97,44.41,46.6,29417.644,2024-11-10 04:00:00
1731225600000,46.59,48.2,46.4,48.09,16959.406,2024-11-10 08:00:00
1731240000000,48.09,48.09,45.91,47.07,42126.256,2024-11-10 12:00:00
1731254400000,47.05,47.79,45.93,46.46,21427.703,2024-11-10 16:00:00
1731268800000,46.35,46.7,44.03,45.49,23808.391,2024-11-10 20:00:00
1731283200000,45.53,48.0,45.4,46.79,50596.549,2024-11-11 00:00:00
1731297600000,46.82,47.13,44.45,45.26,35540.575,2024-11-11 04:00:00
1731312000000,45.25,46.16,44.63,45.6,32759.774,2024-11-11 08:00:00
1731326400000,45.59,45.7,43.85,44.74,32539.43,2024-11-11 12:00:00
1731340800000,44.7,45.01,43.41,44.04,48758.77,2024-11-11 16:00:00
1731355200000,44.07,45.47,43.29,45.29,20275.993,2024-11-11 20:00:00
1731369600000,45.31,45.34,41.78,42.48,90557.242,2024-11-12 00:00:00
1731384000000,42.47,43.88,41.89,43.49,59778.019,2024-11-12 04:00:00
1731398400000,43.5,44.58,39.75,40.49,79197.721,2024-11-12 08:00:00
1731412800000,40.49,41.83,40.01,41.62,38523.987,2024-11-12 12:00:00
1731427200000,41.63,41.68,40.41,41.02,23120.379,2024-11-12 16:00:00
1731441600000,41.04,43.14,40.82,41.98,16561.885,2024-11-12 20:00:00
1731456000000,41.94,42.49,39.28,39.29,61553.07,2024-11-13 00:00:00
1731470400000,39.27,40.14,38.23,39.39,41982.453,2024-11-13 04:00:00
1731484800000,39.39,40.12,39.16,39.78,9910.619,2024-11-13 08:00:00
1731499200000,39.74,41.36,39.36,40.6,77394.974,2024-11-13 12:00:00
1731513600000,40.61,40.77,38.2,38.34,133061.188,2024-11-13 16:00:00
1731528000000,38.34,38.87,37.16,38.67,25918.124,2024-11-13 20:00:00
1731542400000,38.65,38.89,37.21,37.93,37092.798,2024-11-14 00:00:00
1731556800000,37.95,39.2,37.8,38.84,21228.865,2024-11-14 04:00:00
1731571200000,38.84,39.49,37.4,38.11,20649.465,2024-11-14 08:00:00
1731585600000,38.1,38.62,36.49,36.74,35746.952,2024-11-14 12:00:00
1731600000000,36.75,37.84,36.46,37.72,13796.524,2024-11-14 16:00:00
1731614400000,37.67,37.92,36.4,36.77,18048.557,2024-11-14 20:00:00
1731628800000,36.78,38.18,36.58,37.28,21142.845,2024-11-15 00:00:00
1731643200000,37.27,37.7,36.42,37.23,19909.028,2024-11-15 04:00:00
1731657600000,37.21,38.27,36.88,38.13,16440.776,2024-11-15 08:00:00
1731672000000,38.14,38.48,37.1,37.46,20632.095,2024-11-15 12:00:00
1731686400000,37.45,38.35,37.26,38.27,11774.302,2024-11-15 16:00:00
1731700800000,38.28,39.06,38.25,38.49,17337.839,2024-11-15 20:00:00
1731715200000,38.45,39.04,37.98,39.0,11420.06,2024-11-16 00:00:00
1731729600000,38.99,39.06,38.51,38.89,13097.041,2024-11-16 04:00:00
1731744000000,38.91,39.99,38.8,39.99,15132.367,2024-11-16 08:00:00
1731758400000,39.98,42.97,39.32,41.32,67415.817,2024-11-16 12:00:00
1731772800000,41.3,46.5,40.7,45.99,90794.52,2024-11-16 16:00:00
1731787200000,45.98,46.97,44.24,44.98,74850.867,2024-11-16 20:00:00
1731801600000,44.96,45.89,42.15,43.29,40621.542,2024-11-17 00:00:00
1731816000000,43.28,45.5,42.78,44.14,63575.92,2024-11-17 04:00:00
1731830400000,44.18,45.05,42.53,42.66,46190.724,2024-11-17 08:00:00
1731844800000,42.67,43.52,42.47,43.48,20290.036,2024-11-17 12:00:00
1731859200000,43.46,44.04,42.27,42.61,21054.456,2024-11-17 16:00:00
1731873600000,42.57,44.62,42.25,44.5,24958.603,2024-11-17 20:00:00
1731888000000,44.5,47.46,44.27,47.37,28644.859,2024-11-18 00:00:00
1731902400000,47.35,47.97,45.17,47.33,44330.095,2024-11-18 04:00:00
1731916800000,47.35,47.97,46.08,46.35,33775.037,2024-11-18 08:00:00
1731931200000,46.42,46.68,44.98,46.12,33260.208,2024-11-18 12:00:00
1731945600000,46.17,46.88,44.16,44.48,18919.733,2024-11-18 16:00:00
1731960000000,44.45,45.62,44.31,44.85,20395.408,2024-11-18 20:00:00
1731974400000,44.85,45.21,44.46,45.02,13487.162,2024-11-19 00:00:00
1731988800000,45.01,45.11,44.13,44.43,9449.519,2024-11-19 04:00:00
1732003200000,44.43,44.68,43.52,44.42,17516.528,2024-11-19 08:00:00
1732017600000,44.43,45.98,43.23,43.89,36826.534,2024-11-19 12:00:00
1732032000000,43.89,44.49,43.4,44.04,12085.655,2024-11-19 16:00:00
1732046400000,43.99,44.27,42.31,42.78,20239.579,2024-11-19 20:00:00
1732060800000,42.74,42.74,41.19,41.93,14281.106,2024-11-20 00:00:00
1732075200000,41.95,42.42,41.2,41.37,34141.037,2024-11-20 04:00:00
1732089600000,41.34,41.8,40.92,41.26,15253.837,2024-11-20 08:00:00
1732104000000,41.28,43.64,40.99,42.89,55659.668,2024-11-20 12:00:00
1732118400000,42.89,42.98,40.49,40.93,16160.924,2024-11-20 16:00:00
1732132800000,40.9,42.58,40.69,41.45,16863.215,2024-11-20 20:00:00
1732147200000,41.44,42.22,40.55,41.53,14408.184,2024-11-21 00:00:00
1732161600000,41.56,43.82,41.33,43.44,24611.386,2024-11-21 04:00:00
1732176000000,43.44,43.61,42.45,43.01,10605.936,2024-11-21 08:00:00
1732190400000,43.06,46.78,42.99,44.46,58147.526,2024-11-21 12:00:00
1732204800000,44.46,46.2,44.32,45.86,38905.125,2024-11-21 16:00:00
1732219200000,45.82,46.0,44.52,45.37,12657.041,2024-11-21 20:00:00
1732233600000,45.36,46.26,44.79,45.96,17256.738,2024-11-22 00:00:00
1732248000000,45.97,47.08,44.79,44.83,25283.622,2024-11-22 04:00:00
1732262400000,44.85,45.6,44.2,45.13,24092.548,2024-11-22 08:00:00
1732276800000,45.13,45.4,43.28,45.07,29186.148,2024-11-22 12:00:00
1732291200000,45.05,46.22,43.49,43.82,39141.838,2024-11-22 16:00:00
1732305600000,43.83,45.86,43.56,45.85,50142.53,2024-11-22 20:00:00
1732320000000,45.85,49.23,45.67,47.51,56181.267,2024-11-23 00:00:00
1732334400000,47.51,49.84,47.05,48.24,48634.279,2024-11-23 04:00:00
1732348800000,48.21,48.91,47.58,48.59,20455.765,2024-11-23 08:00:00
1732363200000,48.55,50.17,48.0,49.66,34735.481,2024-11-23 12:00:00
1732377600000,49.63,50.05,47.1,48.59,31207.81,2024-11-23 16:00:00
1732392000000,48.61,49.95,47.22,48.82,20090.904,2024-11-23 20:00:00
1732406400000,48.83,55.0,48.35,54.85,75739.508,2024-11-24 00:00:00
1732420800000,54.84,57.5,53.15,54.44,47221.386,2024-11-24 04:00:00
1732435200000,54.47,56.5,50.58,50.74,40897.24,2024-11-24 08:00:00
1732449600000,50.77,51.47,48.36,48.56,38552.849,2024-11-24 12:00:00
1732464000000,48.54,51.65,48.21,50.22,22834.475,2024-11-24 16:00:00
1732478400000,50.16,52.64,50.04,52.6,13851.941,2024-11-24 20:00:00
1732492800000,52.57,52.67,50.28,51.95,19102.07,2024-11-25 00:00:00
1732507200000,51.91,52.59,51.26,52.0,16133.644,2024-11-25 04:00:00
1732521600000,51.98,53.93,51.5,51.77,24344.402,2024-11-25 08:00:00
1732536000000,51.76,51.9,48.67,50.57,28002.804,2024-11-25 12:00:00
1732550400000,50.55,50.8,47.8,48.5,22247.31,2024-11-25 16:00:00
1732564800000,48.5,49.28,46.57,47.81,22044.932,2024-11-25 20:00:00
1732579200000,47.8,49.14,47.38,48.77,13405.637,2024-11-26 00:00:00
1732593600000,48.77,49.71,47.25,47.73,20067.93,2024-11-26 04:00:00
1732608000000,47.69,47.73,43.83,45.1,44323.245,2024-11-26 08:00:00
1732622400000,45.12,45.84,44.13,44.51,22043.167,2024-11-26 12:00:00
1732636800000,44.52,46.7,44.27,45.63,19345.838,2024-11-26 16:00:00
1732651200000,45.63,52.53,45.31,51.24,58950.965,2024-11-26 20:00:00
1732665600000,51.22,57.6,50.23,56.45,200277.244,2024-11-27 00:00:00
1732680000000,56.44,58.59,53.24,55.97,105113.218,2024-11-27 04:00:00
1732694400000,55.95,57.48,55.5,56.39,65125.976,2024-11-27 08:00:00
1732708800000,56.36,58.12,55.71,57.04,84927.889,2024-11-27 12:00:00
1732723200000,57.03,58.18,55.06,55.17,52063.738,2024-11-27 16:00:00
1732737600000,55.16,56.65,55.1,56.49,29917.441,2024-11-27 20:00:00
1732752000000,56.49,57.07,55.28,56.58,32785.114,2024-11-28 00:00:00
1732766400000,56.6,59.07,56.1,57.15,38195.273,2024-11-28 04:00:00
1732780800000,57.15,58.85,56.31,56.73,22366.96,2024-11-28 08:00:00
1732795200000,56.7,57.16,55.47,55.56,27987.632,2024-11-28 12:00:00
1732809600000,55.56,56.88,55.36,55.77,20040.564,2024-11-28 16:00:00
1732824000000,55.73,55.99,54.95,55.72,14676.978,2024-11-28 20:00:00
1732838400000,55.71,56.62,55.03,55.72,14155.805,2024-11-29 00:00:00
1732852800000,55.71,56.12,54.11,54.56,25020.634,2024-11-29 04:00:00
1732867200000,54.63,55.84,54.46,55.51,12320.382,2024-11-29 08:00:00
1732881600000,55.5,56.17,54.75,55.69,20518.502,2024-11-29 12:00:00
1732896000000,55.63,56.2,54.15,54.51,19871.586,2024-11-29 16:00:00
1732910400000,54.54,55.04,54.31,54.48,26207.209,2024-11-29 20:00:00
1732924800000,54.48,54.97,53.39,54.93,16823.109,2024-11-30 00:00:00
1732939200000,54.94,55.64,54.43,55.3,13133.305,2024-11-30 04:00:00
1732953600000,55.28,56.83,55.04,55.09,33865.884,2024-11-30 08:00:00
1732968000000,55.08,58.79,55.07,57.99,35800.75,2024-11-30 12:00:00
1732982400000,57.99,62.23,57.96,61.65,52392.068,2024-11-30 16:00:00
1732996800000,61.65,62.16,59.26,59.26,21262.592,2024-11-30 20:00:00
1733011200000,59.3,59.59,56.19,57.54,34533.972,2024-12-01 00:00:00
1733025600000,57.54,57.7,56.63,56.87,12543.92,2024-12-01 04:00:00
1733040000000,56.85,58.11,56.77,57.82,21638.714,2024-12-01 08:00:00
1733054400000,57.83,58.63,52.37,57.2,63747.732,2024-12-01 12:00:00
1733068800000,57.17,57.76,56.3,57.76,19063.472,2024-12-01 16:00:00
1733083200000,57.68,60.31,56.97,60.04,34073.733,2024-12-01 20:00:00
1733097600000,60.1,61.86,58.58,59.11,70453.365,2024-12-02 00:00:00
1733112000000,59.11,62.14,57.64,61.72,59274.022,2024-12-02 04:00:00
1733126400000,61.71,62.4,57.26,58.29,66623.043,2024-12-02 08:00:00
1733140800000,58.3,62.66,57.5,62.16,83121.557,2024-12-02 12:00:00
1733155200000,62.1,70.01,59.63,67.12,156010.447,2024-12-02 16:00:00
1733169600000,67.1,77.4,66.13,74.59,320628.823,2024-12-02 20:00:00
1733184000000,74.57,79.33,72.87,74.73,112970.723,2024-12-03 00:00:00
1733198400000,74.72,75.28,70.56,70.82,47750.303,2024-12-03 04:00:00
1733212800000,70.9,75.16,70.85,74.31,57673.675,2024-12-03 08:00:00
1733227200000,74.32,75.18,67.0,70.52,102844.894,2024-12-03 12:00:00
1733241600000,70.51,73.42,70.15,71.86,42632.149,2024-12-03 16:00:00
1733256000000,71.87,74.49,71.18,73.2,22091.063,2024-12-03 20:00:00
1733270400000,73.2,75.36,70.0,71.94,46978.791,2024-12-04 00:00:00
1733284800000,71.91,76.81,71.88,76.09,31826.929,2024-12-04 04:00:00
1733299200000,76.1,76.3,72.8,72.94,28445.035,2024-12-04 08:00:00
1733313600000,72.89,73.79,71.04,71.62,37677.041,2024-12-04 12:00:00
1733328000000,71.64,71.97,69.16,70.61,35330.757,2024-12-04 16:00:00
1733342400000,70.63,71.7,68.48,69.6,42596.876,2024-12-04 20:00:00
1733356800000,69.61,71.11,67.13,69.15,41707.06,2024-12-05 00:00:00
1733371200000,69.15,72.05,68.3,71.16,49037.302,2024-12-05 04:00:00
1733385600000,71.16,72.07,69.51,71.59,30314.139,2024-12-05 08:00:00
1733400000000,71.62,72.04,69.9,70.76,31501.57,2024-12-05 12:00:00
1733414400000,70.7,74.36,69.9,71.37,73765.999,2024-12-05 16:00:00
1733428800000,71.37,75.46,68.39,70.64,91602.821,2024-12-05 20:00:00
1733443200000,70.67,74.47,70.18,71.87,35722.097,2024-12-06 00:00:00
1733457600000,71.81,74.05,71.53,71.65,29210.041,2024-12-06 04:00:00
1733472000000,71.63,71.98,68.63,69.75,28801.437,2024-12-06 08:00:00
1733486400000,69.75,71.39,68.19,70.76,34593.627,2024-12-06 12:00:00
1733500800000,70.72,71.07,69.15,70.4,19370.365,2024-12-06 16:00:00
1733515200000,70.35,70.81,69.58,70.36,23881.286,2024-12-06 20:00:00
1733529600000,70.32,72.01,70.07,71.29,12076.36,2024-12-07 00:00:00
1733544000000,71.29,72.41,70.96,71.9,14122.522,2024-12-07 04:00:00
1733558400000,71.91,72.34,70.34,70.5,20180.574,2024-12-07 08:00:00
1733572800000,70.5,72.78,70.12,72.21,18558.376,2024-12-07 12:00:00
1733587200000,72.19,72.39,70.16,70.41,12774.461,2024-12-07 16:00:00
1733601600000,70.4,70.67,69.75,70.28,6306.717,2024-12-07 20:00:00
1733616000000,70.27,71.6,69.47,70.26,9627.033,2024-12-08 00:00:00
1733630400000,70.29,70.68,69.12,70.37,7746.824,2024-12-08 04:00:00
1733644800000,70.37,71.06,68.6,70.23,23851.722,2024-12-08 08:00:00
1733659200000,70.19,74.89,69.67,74.17,97229.871,2024-12-08 12:00:00
1733673600000,74.17,74.99,72.61,73.22,39610.454,2024-12-08 16:00:00
1733688000000,73.16,74.77,72.75,74.25,13626.817,2024-12-08 20:00:00
1733702400000,74.26,74.79,66.95,67.87,130778.049,2024-12-09 00:00:00
1733716800000,67.89,68.5,65.54,66.79,58953.821,2024-12-09 04:00:00
1733731200000,66.79,66.8,63.01,63.92,46072.779,2024-12-09 08:00:00
1733745600000,63.94,67.24,63.18,64.72,42778.437,2024-12-09 12:00:00
1733760000000,64.74,65.59,63.09,63.7,26040.775,2024-12-09 16:00:00
1733774400000,63.7,63.92,50.0,58.52,162001.938,2024-12-09 20:00:00
1733788800000,58.53,59.93,54.08,56.71,56983.821,2024-12-10 00:00:00
1733803200000,56.76,58.69,56.16,57.53,31297.233,2024-12-10 04:00:00
1733817600000,57.52,60.84,56.93,59.24,63170.583,2024-12-10 08:00:00
1733832000000,59.24,60.8,55.45,55.56,97102.082,2024-12-10 12:00:00
1733846400000,55.59,57.45,53.53,57.18,34555.037,2024-12-10 16:00:00
1733860800000,57.15,59.54,56.89,58.73,15117.404,2024-12-10 20:00:00
1733875200000,58.77,59.4,56.43,58.85,19214.078,2024-12-11 00:00:00
1733889600000,58.9,59.61,57.98,58.11,12324.539,2024-12-11 04:00:00
1733904000000,58.1,59.85,58.05,59.33,10914.527,2024-12-11 08:00:00
1733918400000,59.33,64.54,59.28,64.34,34007.607,2024-12-11 12:00:00
1733932800000,64.43,64.76,62.05,62.64,12931.339,2024-12-11 16:00:00
1733947200000,62.67,66.0,61.82,63.75,15235.297,2024-12-11 20:00:00
1733961600000,63.7,66.48,62.42,66.24,30926.405,2024-12-12 00:00:00
1733976000000,66.25,67.53,64.81,64.89,26399.846,2024-12-12 04:00:00
1733990400000,64.98,66.76,63.2,63.37,34224.064,2024-12-12 08:00:00
1734004800000,63.47,64.24,59.32,61.43,160460.45,2024-12-12 12:00:00
1734019200000,61.47,62.15,58.85,59.01,28319.611,2024-12-12 16:00:00
1734033600000,58.95,60.04,58.62,59.43,12327.597,2024-12-12 20:00:00
1734048000000,59.47,60.15,58.06,59.65,15413.604,2024-12-13 00:00:00
1734062400000,59.63,59.68,57.37,58.24,16987.674,2024-12-13 04:00:00
1734076800000,58.21,59.17,57.6,58.34,19005.428,2024-12-13 08:00:00
1734091200000,58.38,59.37,57.74,57.95,18238.674,2024-12-13 12:00:00
1734105600000,57.87,59.55,57.71,58.93,15029.099,2024-12-13 16:00:00
1734120000000,58.96,60.06,58.72,60.04,7552.399,2024-12-13 20:00:00
1734134400000,60.07,60.6,59.27,59.35,10927.398,2024-12-14 00:00:00
1734148800000,59.35,60.25,59.08,59.77,7860.381,2024-12-14 04:00:00
1734163200000,59.79,60.24,58.82,59.72,13022.778,2024-12-14 08:00:00
1734177600000,59.73,59.88,57.73,58.87,26434.185,2024-12-14 12:00:00
1734192000000,58.87,59.06,57.01,57.88,10125.68,2024-12-14 16:00:00
1734206400000,57.89,58.7,57.0,58.38,7033.887,2024-12-14 20:00:00
1734220800000,58.34,58.96,57.44,57.45,9469.117,2024-12-15 00:00:00
1734235200000,57.46,58.44,56.26,56.61,6394.685,2024-12-15 04:00:00
1734249600000,56.59,57.94,56.59,57.61,9042.179,2024-12-15 08:00:00
1734264000000,57.6,59.76,57.44,59.22,25231.484,2024-12-15 12:00:00
1734278400000,59.22,59.72,58.36,58.39,9076.309,2024-12-15 16:00:00
1734292800000,58.39,59.41,56.61,59.06,20243.354,2024-12-15 20:00:00
1734307200000,59.08,61.05,58.63,59.0,18654.338,2024-12-16 00:00:00
1734321600000,59.0,59.87,58.72,59.12,17700.418,2024-12-16 04:00:00
1734336000000,59.14,59.24,56.71,56.95,10389.468,2024-12-16 08:00:00
1734350400000,56.91,57.69,56.15,57.28,31734.257,2024-12-16 12:00:00
1734364800000,57.23,58.75,57.19,57.78,21640.506,2024-12-16 16:00:00
1734379200000,57.75,58.21,56.33,56.45,6589.079,2024-12-16 20:00:00
1734393600000,56.41,56.87,55.52,56.71,13388.191,2024-12-17 00:00:00
1734408000000,56.67,56.67,55.8,56.03,5108.413,2024-12-17 04:00:00
1734422400000,56.08,57.82,56.02,57.28,20192.596,2024-12-17 08:00:00
1734436800000,57.29,57.9,55.55,56.01,29016.882,2024-12-17 12:00:00
1734451200000,55.93,57.89,55.52,56.47,18389.667,2024-12-17 16:00:00
1734465600000,56.49,57.14,54.49,55.28,11206.842,2024-12-17 20:00:00
1734480000000,55.3,56.09,54.1,54.21,28730.569,2024-12-18 00:00:00
1734494400000,54.2,54.6,53.38,53.97,20732.258,2024-12-18 04:00:00
1734508800000,53.98,55.57,53.74,55.36,10102.375,2024-12-18 08:00:00
1734523200000,55.32,55.36,53.24,53.79,15374.547,2024-12-18 12:00:00
1734537600000,53.75,56.37,53.43,54.16,17185.576,2024-12-18 16:00:00
1734552000000,54.19,54.48,50.5,50.69,40683.327,2024-12-18 20:00:00
1734566400000,50.61,54.72,47.72,52.7,122762.362,2024-12-19 00:00:00
1734580800000,52.66,53.46,51.88,52.0,40984.636,2024-12-19 04:00:00
1734595200000,52.0,53.29,51.41,53.22,17638.486,2024-12-19 08:00:00
1734609600000,53.21,53.65,50.85,51.79,30024.556,2024-12-19 12:00:00
1734624000000,51.75,52.1,46.37,47.38,52815.651,2024-12-19 16:00:00
1734638400000,47.44,50.09,46.15,48.29,39827.231,2024-12-19 20:00:00
1734652800000,48.29,51.07,47.59,49.73,26621.722,2024-12-20 00:00:00
1734667200000,49.72,50.13,48.11,48.83,43101.011,2024-12-20 04:00:00
1734681600000,48.89,51.33,41.1,41.41,151060.348,2024-12-20 08:00:00
1734696000000,41.38,54.16,41.23,53.73,123000.296,2024-12-20 12:00:00
1734710400000,53.63,55.04,49.68,52.38,119502.647,2024-12-20 16:00:00
1734724800000,52.41,56.05,51.52,54.41,118528.514,2024-12-20 20:00:00
1734739200000,54.42,55.83,52.14,54.28,60865.508,2024-12-21 00:00:00
1734753600000,54.3,56.99,53.41,55.99,35292.838,2024-12-21 04:00:00
1734768000000,56.05,56.43,53.88,54.79,35515.973,2024-12-21 08:00:00
1734782400000,54.85,55.3,51.93,53.32,61768.665,2024-12-21 12:00:00
1734796800000,53.29,55.13,51.98,53.36,36491.653,2024-12-21 16:00:00
1734811200000,53.38,54.47,52.34,53.64,19346.376,2024-12-21 20:00:00
1734825600000,53.69,54.1,51.65,52.91,37454.734,2024-12-22 00:00:00
1734840000000,52.89,52.98,50.47,51.44,23565.434,2024-12-22 04:00:00
1734854400000,51.44,55.32,51.44,54.97,24000.933,2024-12-22 08:00:00
1734868800000,54.98,59.58,54.27,56.94,117002.436,2024-12-22 12:00:00
1734883200000,56.99,58.18,55.64,55.89,39082.712,2024-12-22 16:00:00
1734897600000,55.88,59.9,53.66,58.58,103765.951,2024-12-22 20:00:00
1734912000000,58.55,60.35,54.92,60.16,91492.115,2024-12-23 00:00:00
1734926400000,60.16,61.35,57.67,58.73,61875.566,2024-12-23 04:00:00
1734940800000,58.72,61.07,58.68,59.57,39301.632,2024-12-23 08:00:00
1734955200000,59.56,61.98,59.3,59.63,70690.844,2024-12-23 12:00:00
1734969600000,59.66,64.0,59.19,63.72,63855.219,2024-12-23 16:00:00
1734984000000,63.72,68.43,62.97,65.84,83483.142,2024-12-23 20:00:00
1734998400000,65.81,67.56,64.19,65.82,45530.062,2024-12-24 00:00:00
1735012800000,65.78,69.07,65.07,68.02,92904.853,2024-12-24 04:00:00
1735027200000,68.13,71.85,67.91,69.65,106152.246,2024-12-24 08:00:00
1735041600000,69.7,70.77,68.62,69.3,79716.043,2024-12-24 12:00:00
1735056000000,69.29,71.61,68.34,68.81,71029.796,2024-12-24 16:00:00
1735070400000,68.73,69.83,67.58,69.31,26538.091,2024-12-24 20:00:00
1735084800000,69.27,71.4,68.69,69.64,45318.785,2024-12-25 00:00:00
1735099200000,69.65,74.96,69.65,74.34,82534.926,2024-12-25 04:00:00
1735113600000,74.34,78.31,73.75,76.19,132865.172,2024-12-25 08:00:00
1735128000000,76.19,77.02,73.95,74.9,48243.034,2024-12-25 12:00:00
1735142400000,74.9,75.06,72.06,72.93,39445.358,2024-12-25 16:00:00
1735156800000,72.94,74.0,71.9,73.53,21864.793,2024-12-25 20:00:00
1735171200000,73.53,74.14,70.16,70.33,34649.747,2024-12-26 00:00:00
1735185600000,70.27,70.33,68.51,69.57,59936.421,2024-12-26 04:00:00
1735200000000,69.56,72.53,66.23,70.89,74896.013,2024-12-26 08:00:00
1735214400000,70.9,70.9,68.16,69.35,38221.449,2024-12-26 12:00:00
1735228800000,69.33,70.14,68.24,69.84,15534.007,2024-12-26 16:00:00
1735243200000,69.84,69.84,67.52,68.94,23465.473,2024-12-26 20:00:00
1735257600000,68.95,70.47,68.27,68.35,20398.98,2024-12-27 00:00:00
1735272000000,68.34,69.12,66.36,66.73,28970.709,2024-12-27 04:00:00
1735286400000,66.75,69.05,66.75,68.06,26617.116,2024-12-27 08:00:00
1735300800000,68.05,68.33,63.37,64.1,52148.049,2024-12-27 12:00:00
1735315200000,64.09,64.33,62.23,63.31,36063.023,2024-12-27 16:00:00
1735329600000,63.31,63.34,61.37,62.16,22649.806,2024-12-27 20:00:00
1735344000000,62.13,62.47,61.21,61.67,13657.654,2024-12-28 00:00:00
1735358400000,61.68,61.9,60.66,60.81,17524.326,2024-12-28 04:00:00
1735372800000,60.81,61.17,60.0,60.31,23553.903,2024-12-28 08:00:00
1735387200000,60.3,61.88,59.67,60.72,26616.542,2024-12-28 12:00:00
1735401600000,60.62,62.44,60.56,62.13,15525.01,2024-12-28 16:00:00
1735416000000,62.12,64.21,62.0,62.77,19037.692,2024-12-28 20:00:00
1735430400000,62.78,66.11,62.65,65.74,43484.954,2024-12-29 00:00:00
1735444800000,65.72,66.31,62.52,62.79,23770.283,2024-12-29 04:00:00
1735459200000,62.8,63.21,61.64,61.82,22573.659,2024-12-29 08:00:00
1735473600000,61.83,62.16,60.22,61.1,27436.934,2024-12-29 12:00:00
1735488000000,61.13,61.25,59.82,60.33,19566.874,2024-12-29 16:00:00
1735502400000,60.3,61.22,59.96,60.65,14313.594,2024-12-29 20:00:00
1735516800000,60.66,62.54,60.24,60.57,14136.509,2024-12-30 00:00:00
1735531200000,60.57,60.92,59.31,59.94,17972.606,2024-12-30 04:00:00
1735545600000,59.94,60.53,58.89,59.65,14785.808,2024-12-30 08:00:00
1735560000000,59.63,60.54,57.23,58.89,44791.752,2024-12-30 12:00:00
1735574400000,58.89,60.22,58.2,58.86,32097.352,2024-12-30 16:00:00
1735588800000,58.87,59.29,57.07,58.29,28723.166,2024-12-30 20:00:00
1735603200000,58.28,59.15,57.56,58.47,9780.245,2024-12-31 00:00:00
1735617600000,58.46,59.1,57.7,58.04,11360.613,2024-12-31 04:00:00
1735632000000,58.04,59.5,57.7,59.08,18838.189,2024-12-31 08:00:00
1735646400000,59.1,59.79,56.93,58.3,26897.197,2024-12-31 12:00:00
1735660800000,58.29,58.57,56.04,56.14,27279.489,2024-12-31 16:00:00
1735675200000,56.14,56.71,55.59,56.27,10373.118,2024-12-31 20:00:00
1735689600000,56.29,56.91,55.77,55.94,11441.009,2025-01-01 00:00:00
1735704000000,55.94,56.33,55.55,55.62,10419.614,2025-01-01 04:00:00
1735718400000,55.65,56.12,55.08,55.62,16584.157,2025-01-01 08:00:00
1735732800000,55.6,57.1,55.4,56.9,20391.506,2025-01-01 12:00:00
1735747200000,56.9,58.66,56.29,58.23,33567.73,2025-01-01 16:00:00
1735761600000,58.28,59.4,58.01,58.22,12886.431,2025-01-01 20:00:00
1735776000000,58.26,61.0,57.9,60.0,42369.134,2025-01-02 00:00:00
1735790400000,60.11,61.41,59.69,59.8,19109.144,2025-01-02 04:00:00
1735804800000,59.8,60.16,58.38,59.44,26512.385,2025-01-02 08:00:00
1735819200000,59.44,61.05,59.33,60.0,25997.216,2025-01-02 12:00:00
1735833600000,60.0,60.71,59.12,59.35,17879.167,2025-01-02 16:00:00
1735848000000,59.35,59.68,58.41,59.48,12133.843,2025-01-02 20:00:00
1735862400000,59.5,59.7,57.75,58.31,26221.277,2025-01-03 00:00:00
1735876800000,58.3,58.39,56.68,56.9,14480.161,2025-01-03 04:00:00
1735891200000,56.89,58.88,56.8,58.52,22828.138,2025-01-03 08:00:00
1735905600000,58.55,60.92,57.81,60.66,27336.911,2025-01-03 12:00:00
1735920000000,60.66,62.03,60.27,61.88,21873.857,2025-01-03 16:00:00
1735934400000,61.83,62.05,60.74,60.91,13445.473,2025-01-03 20:00:00
1735948800000,60.93,61.12,59.6,60.27,11012.067,2025-01-04 00:00:00
1735963200000,60.27,60.64,59.86,60.25,9016.594,2025-01-04 04:00:00
1735977600000,60.27,60.27,58.71,59.34,14405.212,2025-01-04 08:00:00
1735992000000,59.31,60.87,58.89,59.08,13655.951,2025-01-04 12:00:00
1736006400000,59.06,59.86,59.01,59.33,6503.166,2025-01-04 16:00:00
1736020800000,59.32,59.91,58.72,59.21,7427.797,2025-01-04 20:00:00
1736035200000,59.2,59.21,58.09,58.61,9069.884,2025-01-05 00:00:00
1736049600000,58.65,59.73,58.46,59.08,10555.611,2025-01-05 04:00:00
1736064000000,59.05,59.14,57.5,58.01,15691.387,2025-01-05 08:00:00
1736078400000,58.01,58.35,57.12,57.93,14336.505,2025-01-05 12:00:00
1736092800000,57.95,58.27,57.15,58.03,7736.467,2025-01-05 16:00:00
1736107200000,58.05,58.97,57.97,58.45,12675.997,2025-01-05 20:00:00
1736121600000,58.51,59.37,57.25,59.17,13919.447,2025-01-06 00:00:00
1736136000000,59.19,59.9,58.84,59.16,11982.094,2025-01-06 04:00:00
1736150400000,59.17,59.58,58.0,59.15,13552.581,2025-01-06 08:00:00
1736164800000,59.13,60.63,58.17,60.63,21892.449,2025-01-06 12:00:00
1736179200000,60.62,61.5,59.55,59.85,21969.055,2025-01-06 16:00:00
1736193600000,59.87,60.45,58.72,60.41,13747.227,2025-01-06 20:00:00
1736208000000,60.4,60.4,57.41,57.6,24189.328,2025-01-07 00:00:00
1736222400000,57.58,58.0,56.79,57.62,12358.436,2025-01-07 04:00:00
1736236800000,57.61,58.05,56.33,56.84,9592.115,2025-01-07 08:00:00
1736251200000,56.86,57.44,53.16,53.91,46538.481,2025-01-07 12:00:00
1736265600000,53.91,54.16,52.25,52.56,30031.091,2025-01-07 16:00:00
1736280000000,52.56,53.83,51.4,52.27,34167.725,2025-01-07 20:00:00
1736294400000,52.25,53.4,51.56,51.98,16401.147,2025-01-08 00:00:00
1736308800000,51.98,52.15,50.56,51.37,15560.227,2025-01-08 04:00:00
1736323200000,51.32,51.96,50.57,51.01,8566.433,2025-01-08 08:00:00
1736337600000,51.02,51.46,50.2,50.79,18725.243,2025-01-08 12:00:00
1736352000000,50.8,50.9,47.4,49.54,39590.809,2025-01-08 16:00:00
1736366400000,49.51,50.56,49.18,50.24,11881.775,2025-01-08 20:00:00
1736380800000,50.24,50.96,49.94,49.97,8584.082,2025-01-09 00:00:00
1736395200000,50.01,50.17,48.5,48.76,23260.288,2025-01-09 04:00:00
1736409600000,48.77,50.25,48.61,49.6,18805.607,2025-01-09 08:00:00
1736424000000,49.61,50.05,47.65,49.83,22927.876,2025-01-09 12:00:00
1736438400000,49.81,50.0,47.8,48.02,26394.79,2025-01-09 16:00:00
1736452800000,48.02,48.32,46.19,46.99,60433.742,2025-01-09 20:00:00
1736467200000,46.99,47.73,46.68,47.53,18167.275,2025-01-10 00:00:00
1736481600000,47.43,48.82,47.06,48.36,17660.557,2025-01-10 04:00:00
1736496000000,48.32,48.78,47.65,48.28,18576.979,2025-01-10 08:00:00
1736510400000,48.27,48.59,46.56,47.62,25011.221,2025-01-10 12:00:00
1736524800000,47.62,48.67,46.8,48.45,15530.989,2025-01-10 16:00:00
1736539200000,48.46,48.72,47.91,48.27,16309.084,2025-01-10 20:00:00
1736553600000,48.25,48.52,47.64,47.69,10319.894,2025-01-11 00:00:00
1736568000000,47.69,48.16,47.38,47.67,6453.48,2025-01-11 04:00:00
1736582400000,47.78,48.15,47.22,47.95,6426.122,2025-01-11 08:00:00
1736596800000,47.92,48.0,47.37,47.68,8185.72,2025-01-11 12:00:00
1736611200000,47.71,47.86,47.26,47.42,7507.644,2025-01-11 16:00:00
1736625600000,47.45,49.55,47.39,48.54,15025.923,2025-01-11 20:00:00
1736640000000,48.54,48.65,48.04,48.28,12663.994,2025-01-12 00:00:00
1736654400000,48.33,48.56,47.6,47.94,12832.613,2025-01-12 04:00:00
1736668800000,47.96,48.08,47.32,47.9,6986.489,2025-01-12 08:00:00
1736683200000,47.88,48.81,47.63,48.51,10911.343,2025-01-12 12:00:00
1736697600000,48.56,48.96,48.32,48.43,5260.855,2025-01-12 16:00:00
1736712000000,48.45,48.64,47.44,48.02,5989.975,2025-01-12 20:00:00
1736726400000,48.01,49.24,46.7,47.01,12330.975,2025-01-13 00:00:00
1736740800000,47.03,47.78,45.82,46.43,12535.332,2025-01-13 04:00:00
1736755200000,46.45,46.5,43.93,44.01,44715.52,2025-01-13 08:00:00
1736769600000,44.01,48.25,43.92,47.67,48006.958,2025-01-13 12:00:00
1736784000000,47.7,47.98,46.0,46.97,12872.415,2025-01-13 16:00:00
1736798400000,46.95,49.09,46.53,48.44,17870.021,2025-01-13 20:00:00
1736812800000,48.44,49.32,48.2,48.75,11627.125,2025-01-14 00:00:00
1736827200000,48.77,49.66,48.69,49.19,7348.072,2025-01-14 04:00:00
1736841600000,49.21,50.74,49.01,49.76,21655.418,2025-01-14 08:00:00
1736856000000,49.74,50.76,49.21,50.38,17018.611,2025-01-14 12:00:00
1736870400000,50.36,51.44,49.91,51.0,12536.448,2025-01-14 16:00:00
1736884800000,51.01,51.59,50.5,51.13,7794.502,2025-01-14 20:00:00
1736899200000,51.12,53.0,50.94,52.62,17765.303,2025-01-15 00:00:00
1736913600000,52.63,53.0,51.18,51.85,20187.93,2025-01-15 04:00:00
1736928000000,51.91,52.15,50.21,50.74,10195.781,2025-01-15 08:00:00
1736942400000,50.74,53.89,50.06,53.31,30220.187,2025-01-15 12:00:00
1736956800000,53.34,55.19,52.97,54.59,30798.907,2025-01-15 16:00:00
1736971200000,54.67,55.45,53.59,55.37,18884.629,2025-01-15 20:00:00
1736985600000,55.34,55.5,53.36,53.66,17338.004,2025-01-16 00:00:00
1737000000000,53.67,54.88,53.53,54.35,7270.262,2025-01-16 04:00:00
1737014400000,54.36,54.36,53.07,54.29,13989.143,2025-01-16 08:00:00
1737028800000,54.27,55.12,52.6,53.97,20848.576,2025-01-16 12:00:00
1737043200000,53.97,55.3,53.93,54.65,15083.631,2025-01-16 16:00:00
1737057600000,54.67,54.69,53.45,54.07,12622.294,2025-01-16 20:00:00
1737072000000,54.1,55.41,53.92,54.6,10595.894,2025-01-17 00:00:00
1737086400000,54.56,56.86,54.56,55.97,20821.649,2025-01-17 04:00:00
1737100800000,56.1,56.33,55.42,55.74,9496.504,2025-01-17 08:00:00
1737115200000,55.74,56.14,54.67,54.74,17633.855,2025-01-17 12:00:00
1737129600000,54.75,55.33,54.04,54.72,15691.568,2025-01-17 16:00:00
1737144000000,54.72,55.55,54.65,54.86,8912.263,2025-01-17 20:00:00
1737158400000,54.88,55.07,52.52,52.64,14192.546,2025-01-18 00:00:00
1737172800000,52.63,53.02,50.75,51.32,31498.251,2025-01-18 04:00:00
1737187200000,51.23,53.1,50.8,52.9,23287.993,2025-01-18 08:00:00
1737201600000,52.92,53.2,51.46,51.5,13733.739,2025-01-18 12:00:00
1737216000000,51.49,51.64,50.48,51.56,19815.062,2025-01-18 16:00:00
1737230400000,51.56,52.22,51.18,51.98,9450.582,2025-01-18 20:00:00
1737244800000,51.98,52.53,51.16,51.24,10730.328,2025-01-19 00:00:00
1737259200000,51.25,51.33,49.06,49.42,46238.228,2025-01-19 04:00:00
1737273600000,49.4,49.53,47.41,47.83,29288.956,2025-01-19 08:00:00
1737288000000,47.8,51.32,47.71,50.77,26994.956,2025-01-19 12:00:00
1737302400000,50.75,51.7,50.07,51.66,13478.79,2025-01-19 16:00:00
1737316800000,51.68,51.85,45.77,46.93,66341.639,2025-01-19 20:00:00
1737331200000,46.87,48.17,45.57,47.81,27568.262,2025-01-20 00:00:00
1737345600000,47.78,51.86,47.12,50.12,29649.965,2025-01-20 04:00:00
1737360000000,50.12,50.7,48.8,49.55,11718.401,2025-01-20 08:00:00
1737374400000,49.54,49.65,47.94,49.12,18390.057,2025-01-20 12:00:00
1737388800000,49.13,49.26,46.1,48.29,27654.082,2025-01-20 16:00:00
1737403200000,48.29,48.76,46.87,47.55,9912.078,2025-01-20 20:00:00
1737417600000,47.54,47.58,45.76,46.46,12802.658,2025-01-21 00:00:00
1737432000000,46.47,46.78,45.6,46.42,7549.524,2025-01-21 04:00:00
1737446400000,46.36,48.18,46.09,48.13,10543.553,2025-01-21 08:00:00
1737460800000,48.13,49.11,47.59,48.52,12202.444,2025-01-21 12:00:00
1737475200000,48.46,50.83,48.42,50.01,9812.489,2025-01-21 16:00:00
1737489600000,50.02,50.22,48.79,49.1,10980.066,2025-01-21 20:00:00
1737504000000,49.08,49.31,48.32,48.65,6405.79,2025-01-22 00:00:00
1737518400000,48.67,48.87,48.3,48.6,5055.168,2025-01-22 04:00:00
1737532800000,48.6,49.77,48.37,49.66,9044.095,2025-01-22 08:00:00
1737547200000,49.72,50.08,48.63,49.18,12964.35,2025-01-22 12:00:00
1737561600000,49.16,49.82,48.79,49.64,5669.258,2025-01-22 16:00:00
1737576000000,49.69,50.0,48.18,48.48,7793.216,2025-01-22 20:00:00
1737590400000,48.48,48.58,47.16,47.92,10102.037,2025-01-23 00:00:00
1737604800000,47.94,48.48,47.32,48.44,9780.637,2025-01-23 04:00:00
1737619200000,48.43,48.46,47.26,47.66,8086.563,2025-01-23 08:00:00
1737633600000,47.66,49.1,46.82,48.83,13792.783,2025-01-23 12:00:00
1737648000000,48.86,49.49,47.46,47.66,7832.192,2025-01-23 16:00:00
1737662400000,47.68,49.15,47.43,48.61,8382.601,2025-01-23 20:00:00
1737676800000,48.68,48.85,46.89,47.66,15237.341,2025-01-24 00:00:00
1737691200000,47.58,49.44,47.29,48.63,6307.45,2025-01-24 04:00:00
1737705600000,48.64,49.21,48.35,48.46,3784.096,2025-01-24 08:00:00
1737720000000,48.53,49.03,47.5,47.88,11246.683,2025-01-24 12:00:00
1737734400000,47.89,48.27,47.4,47.41,3791.484,2025-01-24 16:00:00
1737748800000,47.51,47.52,46.01,46.24,6536.187,2025-01-24 20:00:00
1737763200000,46.24,46.66,45.68,46.45,6199.581,2025-01-25 00:00:00
1737777600000,46.42,46.46,45.75,45.9,6499.654,2025-01-25 04:00:00
1737792000000,45.91,46.42,45.72,46.36,6342.331,2025-01-25 08:00:00
1737806400000,46.37,46.78,46.18,46.7,7829.673,2025-01-25 12:00:00
1737820800000,46.66,46.74,46.17,46.59,4302.359,2025-01-25 16:00:00
1737835200000,46.63,46.97,46.4,46.42,4128.068,2025-01-25 20:00:00
1737849600000,46.43,47.2,46.38,46.95,3438.718,2025-01-26 00:00:00
1737864000000,46.95,47.26,46.46,46.65,2407.016,2025-01-26 04:00:00
1737878400000,46.71,47.12,46.13,47.12,5471.907,2025-01-26 08:00:00
1737892800000,47.08,47.09,46.17,46.21,3490.114,2025-01-26 12:00:00
1737907200000,46.22,46.65,46.0,46.61,2502.677,2025-01-26 16:00:00
1737921600000,46.59,46.65,44.71,44.81,6874.202,2025-01-26 20:00:00
1737936000000,44.77,45.31,43.48,44.14,18643.451,2025-01-27 00:00:00
1737950400000,44.17,44.17,41.03,41.93,40248.986,2025-01-27 04:00:00
1737964800000,41.92,42.33,40.85,41.31,19287.379,2025-01-27 08:00:00
1737979200000,41.31,42.87,41.17,42.43,19625.543,2025-01-27 12:00:00
1737993600000,42.42,42.58,41.34,41.79,10969.477,2025-01-27 16:00:00
1738008000000,41.89,43.55,41.8,43.18,7225.615,2025-01-27 20:00:00
1738022400000,43.17,43.82,42.78,43.34,6517.99,2025-01-28 00:00:00
1738036800000,43.34,43.67,43.09,43.23,9115.771,2025-01-28 04:00:00
1738051200000,43.35,43.58,42.95,43.45,4629.717,2025-01-28 08:00:00
1738065600000,43.46,44.87,43.34,44.24,15682.734,2025-01-28 12:00:00
1738080000000,44.3,44.55,42.88,43.13,12089.291,2025-01-28 16:00:00
1738094400000,43.16,43.19,41.32,41.73,9096.477,2025-01-28 20:00:00
1738108800000,41.68,42.6,41.44,42.55,5452.708,2025-01-29 00:00:00
1738123200000,42.55,43.13,42.36,43.08,5451.741,2025-01-29 04:00:00
1738137600000,43.06,43.13,42.08,42.34,6218.571,2025-01-29 08:00:00
1738152000000,42.36,42.42,40.95,41.71,9204.947,2025-01-29 12:00:00
1738166400000,41.68,43.2,41.03,42.76,13955.786,2025-01-29 16:00:00
1738180800000,42.81,43.96,42.28,42.41,9685.786,2025-01-29 20:00:00
1738195200000,42.44,44.52,42.06,44.23,7890.33,2025-01-30 00:00:00
1738209600000,44.26,44.83,43.86,44.26,6233.763,2025-01-30 04:00:00
1738224000000,44.25,45.5,43.98,45.47,14719.791,2025-01-30 08:00:00
1738238400000,45.48,45.83,44.67,45.38,10963.726,2025-01-30 12:00:00
1738252800000,45.41,45.5,44.5,44.72,8132.341,2025-01-30 16:00:00
1738267200000,44.72,44.77,43.93,43.94,7562.519,2025-01-30 20:00:00
1738281600000,43.94,44.06,43.01,43.31,7554.339,2025-01-31 00:00:00
1738296000000,43.27,44.06,42.98,43.53,5338.088,2025-01-31 04:00:00
1738310400000,43.51,44.32,42.81,44.3,9230.949,2025-01-31 08:00:00
1738324800000,44.22,45.37,44.14,45.29,11037.863,2025-01-31 12:00:00
1738339200000,45.3,45.35,43.14,43.27,12749.68,2025-01-31 16:00:00
1738353600000,43.23,43.31,42.42,43.24,6051.202,2025-01-31 20:00:00
1738368000000,43.18,43.75,42.99,43.11,4975.621,2025-02-01 00:00:00
1738382400000,43.14,43.77,42.8,42.89,5311.378,2025-02-01 04:00:00
1738396800000,42.93,42.98,41.94,42.52,9595.119,2025-02-01 08:00:00
1738411200000,42.51,42.89,41.73,42.15,5805.501,2025-02-01 12:00:00
1738425600000,42.2,42.28,41.0,41.03,7045.063,2025-02-01 16:00:00
1738440000000,41.03,41.05,39.16,39.17,17099.036,2025-02-01 20:00:00
1738454400000,39.19,40.01,37.38,37.53,53781.394,2025-02-02 00:00:00
1738468800000,37.53,39.04,37.48,38.24,10488.931,2025-02-02 04:00:00
1738483200000,38.24,38.65,36.95,37.0,10957.741,2025-02-02 08:00:00
1738497600000,36.97,37.93,36.7,37.12,17862.313,2025-02-02 12:00:00
1738512000000,37.13,37.13,32.16,33.87,88748.512,2025-02-02 16:00:00
1738526400000,33.86,34.22,31.49,33.24,52433.626,2025-02-02 20:00:00
1738540800000,33.24,33.28,24.44,28.39,254418.694,2025-02-03 00:00:00
1738555200000,28.35,31.5,28.02,31.44,74528.604,2025-02-03 04:00:00
1738569600000,31.42,32.0,30.24,31.11,32694.374,2025-02-03 08:00:00
1738584000000,31.12,34.04,30.34,33.46,62489.283,2025-02-03 12:00:00
1738598400000,33.45,34.89,33.14,34.82,25879.111,2025-02-03 16:00:00
1738612800000,34.81,35.99,33.97,35.48,16698.89,2025-02-03 20:00:00
1738627200000,35.49,35.75,33.89,34.13,11334.649,2025-02-04 00:00:00
1738641600000,34.14,34.59,31.9,31.94,40201.687,2025-02-04 04:00:00
1738656000000,31.95,33.06,31.9,32.46,19841.066,2025-02-04 08:00:00
1738670400000,32.5,34.03,32.5,33.25,19004.028,2025-02-04 12:00:00
1738684800000,33.33,33.82,32.48,32.48,13770.578,2025-02-04 16:00:00
1738699200000,32.49,32.66,31.07,32.13,40330.474,2025-02-04 20:00:00
1738713600000,32.12,32.73,31.99,32.33,10384.909,2025-02-05 00:00:00
1738728000000,32.33,33.09,32.25,32.57,17578.85,2025-02-05 04:00:00
1738742400000,32.53,33.01,32.23,32.93,8298.12,2025-02-05 08:00:00
1738756800000,32.93,33.63,32.61,33.45,20627.54,2025-02-05 12:00:00
1738771200000,33.43,33.5,31.85,32.92,15359.117,2025-02-05 16:00:00
1738785600000,33.0,33.21,31.56,32.13,8860.045,2025-02-05 20:00:00
1738800000000,32.11,32.63,31.73,32.29,9986.994,2025-02-06 00:00:00
1738814400000,32.28,32.56,31.94,32.04,10348.993,2025-02-06 04:00:00
1738828800000,32.15,32.22,31.26,31.59,12290.264,2025-02-06 08:00:00
1738843200000,31.61,31.71,29.66,29.94,23863.277,2025-02-06 12:00:00
1738857600000,29.94,30.32,29.55,29.6,25675.486,2025-02-06 16:00:00
1738872000000,29.52,30.3,29.51,29.87,12744.22,2025-02-06 20:00:00
1738886400000,29.84,30.73,29.72,30.35,7199.27,2025-02-07 00:00:00
1738900800000,30.34,30.49,29.64,29.78,14212.855,2025-02-07 04:00:00
1738915200000,29.78,31.09,29.66,30.97,16955.17,2025-02-07 08:00:00
1738929600000,30.97,32.27,30.59,31.54,19624.551,2025-02-07 12:00:00
1738944000000,31.6,31.91,30.8,30.82,17987.477,2025-02-07 16:00:00
1738958400000,30.83,30.83,29.09,30.11,21801.481,2025-02-07 20:00:00
1738972800000,30.09,30.49,29.67,29.9,5625.493,2025-02-08 00:00:00
1738987200000,29.9,30.33,29.56,30.16,14756.157,2025-02-08 04:00:00
1739001600000,30.12,30.38,29.64,30.17,19344.594,2025-02-08 08:00:00
1739016000000,30.11,30.53,29.92,30.19,9802.553,2025-02-08 12:00:00
1739030400000,30.21,31.74,30.08,31.38,6248.957,2025-02-08 16:00:00
1739044800000,31.39,32.0,31.3,31.9,6083.223,2025-02-08 20:00:00
1739059200000,31.91,33.04,31.76,32.87,14776.837,2025-02-09 00:00:00
1739073600000,32.85,34.2,32.51,33.59,20488.623,2025-02-09 04:00:00
1739088000000,33.59,34.05,32.84,33.13,8551.499,2025-02-09 08:00:00
1739102400000,33.12,33.3,32.39,32.45,10240.216,2025-02-09 12:00:00
1739116800000,32.45,32.49,31.87,32.05,7322.456,2025-02-09 16:00:00
1739131200000,32.04,32.84,30.8,32.47,16267.899,2025-02-09 20:00:00
1739145600000,32.44,33.11,31.15,32.88,27630.411,2025-02-10 00:00:00
1739160000000,32.87,33.17,32.48,32.9,6498.246,2025-02-10 04:00:00
1739174400000,32.9,33.16,32.34,32.6,8572.443,2025-02-10 08:00:00
1739188800000,32.6,33.07,32.13,32.29,12992.677,2025-02-10 12:00:00
1739203200000,32.29,33.0,32.12,32.56,8793.745,2025-02-10 16:00:00
1739217600000,32.65,32.93,32.3,32.5,11933.569,2025-02-10 20:00:00
1739232000000,32.52,33.41,32.51,33.2,8505.149,2025-02-11 00:00:00
1739246400000,33.2,34.59,33.06,34.41,14713.668,2025-02-11 04:00:00
1739260800000,34.43,34.84,34.17,34.57,18226.784,2025-02-11 08:00:00
1739275200000,34.55,34.55,33.4,33.49,18324.153,2025-02-11 12:00:00
1739289600000,33.51,33.84,32.29,32.41,15798.965,2025-02-11 16:00:00
1739304000000,32.37,33.49,32.3,33.09,10133.18,2025-02-11 20:00:00
1739318400000,32.98,33.39,31.3,31.52,38964.758,2025-02-12 00:00:00
1739332800000,31.57,32.41,31.43,31.88,15521.655,2025-02-12 04:00:00
1739347200000,31.88,32.42,31.26,32.07,23605.742,2025-02-12 08:00:00
1739361600000,32.07,32.52,30.22,31.13,44087.492,2025-02-12 12:00:00
1739376000000,31.14,32.36,30.88,31.93,10832.015,2025-02-12 16:00:00
1739390400000,31.96,32.78,31.73,32.68,9646.473,2025-02-12 20:00:00
1739404800000,32.72,33.9,32.19,33.23,23357.511,2025-02-13 00:00:00
1739419200000,33.22,33.39,32.27,32.45,10135.057,2025-02-13 04:00:00
1739433600000,32.47,33.17,32.05,32.58,10827.189,2025-02-13 08:00:00
1739448000000,32.57,32.87,31.78,32.38,16727.854,2025-02-13 12:00:00
1739462400000,32.36,32.39,31.08,31.74,23605.193,2025-02-13 16:00:00
1739476800000,31.74,32.64,31.72,32.46,14317.107,2025-02-13 20:00:00
1739491200000,32.46,33.07,32.21,32.99,8846.082,2025-02-14 00:00:00
1739505600000,33.0,33.0,32.21,32.34,4024.145,2025-02-14 04:00:00
1739520000000,32.35,33.19,32.19,32.59,13000.695,2025-02-14 08:00:00
1739534400000,32.59,33.3,32.27,33.07,13826.326,2025-02-14 12:00:00
1739548800000,33.08,33.81,32.81,33.18,11142.13,2025-02-14 16:00:00
1739563200000,33.19,33.38,32.43,33.04,9450.907,2025-02-14 20:00:00
1739577600000,33.03,33.52,32.88,33.22,8396.619,2025-02-15 00:00:00
1739592000000,33.24,33.36,32.55,32.88,7406.389,2025-02-15 04:00:00
1739606400000,32.88,33.25,32.42,32.56,6381.848,2025-02-15 08:00:00
1739620800000,32.52,32.87,32.09,32.21,3742.655,2025-02-15 12:00:00
1739635200000,32.24,32.68,32.07,32.29,5250.11,2025-02-15 16:00:00
1739649600000,32.29,32.37,31.94,32.19,2248.203,2025-02-15 20:00:00
1739664000000,32.16,32.48,31.8,32.25,5162.088,2025-02-16 00:00:00
1739678400000,32.31,32.32,31.71,31.78,2938.906,2025-02-16 04:00:00
1739692800000,31.76,32.21,31.52,32.16,4001.855,2025-02-16 08:00:00
1739707200000,32.16,32.5,31.45,32.3,8566.765,2025-02-16 12:00:00
1739721600000,32.25,34.19,32.16,34.09,46070.993,2025-02-16 16:00:00
1739736000000,34.1,35.74,34.04,34.16,52230.98,2025-02-16 20:00:00
1739750400000,34.18,35.21,34.18,34.7,8823.095,2025-02-17 00:00:00
1739764800000,34.69,36.0,34.07,34.39,44729.152,2025-02-17 04:00:00
1739779200000,34.37,35.5,34.16,35.24,23953.078,2025-02-17 08:00:00
1739793600000,35.26,36.25,34.96,35.61,34542.207,2025-02-17 12:00:00
1739808000000,35.59,36.4,35.15,36.17,32977.785,2025-02-17 16:00:00
1739822400000,36.17,36.68,35.89,36.48,15214.829,2025-02-17 20:00:00
1739836800000,36.46,36.78,35.0,35.13,15047.204,2025-02-18 00:00:00
1739851200000,35.17,35.48,34.06,34.23,14999.035,2025-02-18 04:00:00
1739865600000,34.2,34.6,33.72,33.98,13204.906,2025-02-18 08:00:00
1739880000000,33.94,34.45,33.09,33.22,22056.283,2025-02-18 12:00:00
1739894400000,33.21,33.73,32.54,33.0,21909.651,2025-02-18 16:00:00
1739908800000,33.02,33.92,32.85,33.86,11731.026,2025-02-18 20:00:00
1739923200000,33.89,34.36,33.39,33.94,7304.359,2025-02-19 00:00:00
1739937600000,33.94,34.51,33.47,34.34,10487.479,2025-02-19 04:00:00
1739952000000,34.28,35.38,34.04,35.08,21513.444,2025-02-19 08:00:00
1739966400000,35.08,36.4,34.9,36.1,26659.902,2025-02-19 12:00:00
1739980800000,36.09,36.75,35.34,35.8,19234.658,2025-02-19 16:00:00
1739995200000,35.81,36.82,35.41,36.15,16167.091,2025-02-19 20:00:00
1740009600000,36.14,38.38,35.73,38.27,16359.438,2025-02-20 00:00:00
1740024000000,38.24,38.98,37.45,38.05,28765.71,2025-02-20 04:00:00
1740038400000,38.06,38.41,37.53,37.86,13944.063,2025-02-20 08:00:00
1740052800000,37.9,38.23,36.88,36.96,19763.977,2025-02-20 12:00:00
1740067200000,36.95,37.35,36.47,36.64,8987.889,2025-02-20 16:00:00
1740081600000,36.64,36.96,36.19,36.6,12612.677,2025-02-20 20:00:00
1740096000000,36.61,38.11,36.58,37.6,13810.852,2025-02-21 00:00:00
1740110400000,37.63,37.89,37.24,37.26,9379.998,2025-02-21 04:00:00
1740124800000,37.27,38.2,37.14,37.51,9436.456,2025-02-21 08:00:00
1740139200000,37.51,38.0,35.86,36.67,25143.951,2025-02-21 12:00:00
1740153600000,36.64,37.04,34.23,34.5,20444.466,2025-02-21 16:00:00
1740168000000,34.51,35.59,34.51,35.15,12911.942,2025-02-21 20:00:00
1740182400000,35.16,35.98,34.96,35.91,8687.955,2025-02-22 00:00:00
1740196800000,35.91,36.39,35.83,36.13,10526.629,2025-02-22 04:00:00
1740211200000,36.12,36.66,35.89,36.41,6088.233,2025-02-22 08:00:00
1740225600000,36.39,36.61,35.86,36.16,10251.071,2025-02-22 12:00:00
1740240000000,36.18,36.32,35.64,36.06,4664.994,2025-02-22 16:00:00
1740254400000,36.08,36.08,35.66,35.91,3706.205,2025-02-22 20:00:00
1740268800000,35.92,36.42,35.79,35.91,5366.2,2025-02-23 00:00:00
1740283200000,35.91,37.37,35.68,37.31,10949.911,2025-02-23 04:00:00
1740297600000,37.31,37.88,37.06,37.27,12287.678,2025-02-23 08:00:00
1740312000000,37.3,37.65,35.57,35.61,16604.113,2025-02-23 12:00:00
1740326400000,35.58,36.33,35.42,36.09,5703.97,2025-02-23 16:00:00
1740340800000,36.11,36.35,35.65,35.9,7432.822,2025-02-23 20:00:00
1740355200000,35.92,35.92,34.12,34.19,16698.143,2025-02-24 00:00:00
1740369600000,34.19,34.76,33.93,34.7,9122.379,2025-02-24 04:00:00
1740384000000,34.72,34.73,33.18,33.39,27949.622,2025-02-24 08:00:00
1740398400000,33.42,33.79,32.59,33.22,26793.791,2025-02-24 12:00:00
1740412800000,33.22,34.03,33.06,33.69,14920.95,2025-02-24 16:00:00
1740427200000,33.66,34.09,31.77,33.03,42624.259,2025-02-24 20:00:00
1740441600000,33.03,34.78,32.28,33.16,38413.606,2025-02-25 00:00:00
1740456000000,33.14,33.57,31.32,31.85,35981.789,2025-02-25 04:00:00
1740470400000,31.85,32.67,30.6,32.55,25442.645,2025-02-25 08:00:00
1740484800000,32.56,32.98,30.91,32.08,23922.196,2025-02-25 12:00:00
1740499200000,32.07,33.54,31.67,33.51,21045.511,2025-02-25 16:00:00
1740513600000,33.53,34.64,33.52,33.54,18181.091,2025-02-25 20:00:00
1740528000000,33.55,34.14,33.21,33.92,5137.862,2025-02-26 00:00:00
1740542400000,33.93,34.88,33.59,34.73,13781.75,2025-02-26 04:00:00
1740556800000,34.71,35.4,34.08,34.97,19473.893,2025-02-26 08:00:00
1740571200000,34.98,35.97,33.76,35.8,30872.05,2025-02-26 12:00:00
1740585600000,35.83,36.54,35.01,35.83,35884.328,2025-02-26 16:00:00
1740600000000,35.79,36.97,35.48,36.1,19702.925,2025-02-26 20:00:00
1740614400000,36.11,37.16,35.75,37.14,13300.341,2025-02-27 00:00:00
1740628800000,37.12,37.67,36.78,37.43,8516.499,2025-02-27 04:00:00
1740643200000,37.42,37.57,36.8,36.85,9346.599,2025-02-27 08:00:00
1740657600000,36.85,36.95,35.74,36.05,13138.807,2025-02-27 12:00:00
1740672000000,36.06,36.36,35.58,36.26,13472.04,2025-02-27 16:00:00
1740686400000,36.25,36.91,35.87,36.71,9837.281,2025-02-27 20:00:00
1740700800000,36.71,37.18,35.66,36.05,26224.559,2025-02-28 00:00:00
1740715200000,36.08,36.89,35.85,36.17,20512.392,2025-02-28 04:00:00
1740729600000,36.13,36.48,34.96,35.17,23627.314,2025-02-28 08:00:00
1740744000000,35.22,37.08,35.03,36.66,14512.806,2025-02-28 12:00:00
1740758400000,36.69,37.55,36.53,37.5,11160.35,2025-02-28 16:00:00
1740772800000,37.5,37.7,36.7,37.62,12018.76,2025-02-28 20:00:00
1740787200000,37.62,37.95,37.15,37.2,11499.443,2025-03-01 00:00:00
1740801600000,37.21,37.35,36.78,37.04,9655.83,2025-03-01 04:00:00
1740816000000,37.07,37.77,36.6,37.19,10201.399,2025-03-01 08:00:00
1740830400000,37.18,37.21,36.64,36.86,9067.089,2025-03-01 12:00:00
1740844800000,36.88,37.99,36.67,37.74,14044.707,2025-03-01 16:00:00
1740859200000,37.77,37.97,37.37,37.81,3595.824,2025-03-01 20:00:00
1740873600000,37.8,37.99,37.34,37.62,3671.11,2025-03-02 00:00:00
1740888000000,37.61,38.58,37.5,38.45,8775.476,2025-03-02 04:00:00
1740902400000,38.42,40.07,38.35,39.86,17910.964,2025-03-02 08:00:00
1740916800000,39.85,40.98,39.37,40.21,42750.132,2025-03-02 12:00:00
1740931200000,40.23,43.19,39.97,42.46,43482.29,2025-03-02 16:00:00
1740945600000,42.45,42.76,40.87,41.27,19156.513,2025-03-02 20:00:00
1740960000000,41.29,42.89,40.85,41.16,18923.903,2025-03-03 00:00:00
1740974400000,41.16,41.94,40.61,41.13,13134.205,2025-03-03 04:00:00
1740988800000,41.14,41.2,40.19,40.51,11836.884,2025-03-03 08:00:00
1741003200000,40.53,40.77,39.18,39.58,17463.746,2025-03-03 12:00:00
1741017600000,39.57,39.89,36.95,37.03,21591.491,2025-03-03 16:00:00
1741032000000,37.09,37.78,36.3,36.35,11791.866,2025-03-03 20:00:00
1741046400000,36.34,36.66,34.16,35.17,25428.607,2025-03-04 00:00:00
1741060800000,35.17,35.76,34.95,34.99,6587.568,2025-03-04 04:00:00
1741075200000,35.03,35.58,34.92,35.08,7682.675,2025-03-04 08:00:00
1741089600000,35.09,35.66,33.81,34.69,19052.269,2025-03-04 12:00:00
1741104000000,34.68,35.43,33.09,35.09,15941.182,2025-03-04 16:00:00
1741118400000,35.09,35.59,34.54,35.06,7985.927,2025-03-04 20:00:00
1741132800000,35.06,37.47,34.94,35.71,14963.706,2025-03-05 00:00:00
1741147200000,35.68,37.25,35.68,36.48,11321.701,2025-03-05 04:00:00
1741161600000,36.47,36.92,36.35,36.65,9883.334,2025-03-05 08:00:00
1741176000000,36.67,37.06,35.9,36.0,16581.107,2025-03-05 12:00:00
1741190400000,36.0,36.81,35.71,36.4,6447.884,2025-03-05 16:00:00
1741204800000,36.47,36.6,36.09,36.42,3620.957,2025-03-05 20:00:00
1741219200000,36.42,36.48,35.87,36.33,5644.207,2025-03-06 00:00:00
1741233600000,36.33,36.77,35.9,35.96,9714.795,2025-03-06 04:00:00
1741248000000,35.96,36.31,35.81,35.85,5829.889,2025-03-06 08:00:00
1741262400000,35.87,35.87,34.84,35.41,11148.822,2025-03-06 12:00:00
1741276800000,35.42,35.43,33.83,33.92,10180.171,2025-03-06 16:00:00
1741291200000,33.87,34.46,33.84,34.11,6311.542,2025-03-06 20:00:00
1741305600000,34.12,34.5,32.84,33.61,13854.009,2025-03-07 00:00:00
1741320000000,33.59,33.91,33.41,33.87,5588.206,2025-03-07 04:00:00
1741334400000,33.84,33.95,33.29,33.52,5720.408,2025-03-07 08:00:00
1741348800000,33.56,33.82,32.86,33.43,13332.207,2025-03-07 12:00:00
1741363200000,33.41,34.31,32.87,33.9,7495.945,2025-03-07 16:00:00
1741377600000,33.89,34.09,32.8,32.99,12266.941,2025-03-07 20:00:00
1741392000000,32.92,33.06,32.39,32.9,11504.446,2025-03-08 00:00:00
1741406400000,32.89,33.35,32.75,32.81,5022.254,2025-03-08 04:00:00
1741420800000,32.86,33.02,32.55,32.74,3337.718,2025-03-08 08:00:00
1741435200000,32.76,33.15,32.58,32.62,3394.094,2025-03-08 12:00:00
1741449600000,32.61,33.04,32.3,32.92,4178.426,2025-03-08 16:00:00
1741464000000,32.95,32.95,32.52,32.59,2787.872,2025-03-08 20:00:00
1741478400000,32.6,32.65,31.43,31.45,5921.467,2025-03-09 00:00:00
1741492800000,31.46,31.98,31.4,31.67,3612.918,2025-03-09 04:00:00
1741507200000,31.68,31.95,30.79,31.13,18087.328,2025-03-09 08:00:00
1741521600000,31.14,31.69,30.56,30.7,10267.291,2025-03-09 12:00:00
1741536000000,30.7,30.89,29.17,30.08,17216.596,2025-03-09 16:00:00
1741550400000,30.1,30.3,29.39,29.84,9307.105,2025-03-09 20:00:00
1741564800000,29.87,31.44,29.77,31.3,16687.148,2025-03-10 00:00:00
1741579200000,31.3,31.6,30.96,31.31,7215.382,2025-03-10 04:00:00
1741593600000,31.32,32.01,30.64,31.18,10986.153,2025-03-10 08:00:00
1741608000000,31.1,31.43,29.6,30.29,12290.233,2025-03-10 12:00:00
1741622400000,30.3,30.33,28.04,29.59,18505.466,2025-03-10 16:00:00
1741636800000,29.58,29.93,29.0,29.17,9824.178,2025-03-10 20:00:00
1741651200000,29.19,30.03,27.92,29.63,27005.697,2025-03-11 00:00:00
1741665600000,29.6,30.1,29.29,29.7,6173.058,2025-03-11 04:00:00
1741680000000,29.66,30.62,29.64,30.2,8310.328,2025-03-11 08:00:00
1741694400000,30.2,30.59,28.62,29.82,22332.993,2025-03-11 12:00:00
1741708800000,29.78,31.1,29.57,30.97,14090.039,2025-03-11 16:00:00
1741723200000,30.97,30.98,30.21,30.29,5940.023,2025-03-11 20:00:00
1741737600000,30.26,30.72,28.25,28.66,32399.97,2025-03-12 00:00:00
1741752000000,28.71,29.51,28.29,29.38,29242.244,2025-03-12 04:00:00
1741766400000,29.36,29.93,28.85,29.37,10139.933,2025-03-12 08:00:00
1741780800000,29.37,29.89,28.23,28.77,15795.31,2025-03-12 12:00:00
1741795200000,28.75,29.8,28.7,29.77,9582.393,2025-03-12 16:00:00
1741809600000,29.77,30.45,29.75,30.23,10044.641,2025-03-12 20:00:00
1741824000000,30.27,31.19,29.82,30.19,18114.121,2025-03-13 00:00:00
1741838400000,30.19,30.64,29.74,30.12,5308.4,2025-03-13 04:00:00
1741852800000,30.17,30.82,30.14,30.67,7484.083,2025-03-13 08:00:00
1741867200000,30.66,30.86,29.75,30.12,13727.389,2025-03-13 12:00:00
1741881600000,30.09,30.69,29.99,30.31,13811.165,2025-03-13 16:00:00
1741896000000,30.3,31.12,30.2,31.02,6270.723,2025-03-13 20:00:00
1741910400000,30.98,31.15,30.93,31.06,6277.31,2025-03-14 00:00:00
1741924800000,31.05,31.14,30.8,31.11,5736.821,2025-03-14 04:00:00
1741939200000,31.11,31.68,30.86,31.24,14144.166,2025-03-14 08:00:00
1741953600000,31.23,32.25,31.04,32.11,13641.166,2025-03-14 12:00:00
1741968000000,32.14,32.47,31.52,32.27,11877.327,2025-03-14 16:00:00
1741982400000,32.25,32.6,32.21,32.32,6252.411,2025-03-14 20:00:00
1741996800000,32.31,32.38,31.47,31.56,17898.748,2025-03-15 00:00:00
1742011200000,31.57,32.0,31.49,31.73,9503.469,2025-03-15 04:00:00
1742025600000,31.72,32.3,31.67,32.24,7346.832,2025-03-15 08:00:00
1742040000000,32.22,32.28,31.92,32.12,2893.894,2025-03-15 12:00:00
1742054400000,32.13,32.37,31.95,32.09,3863.547,2025-03-15 16:00:00
1742068800000,32.09,32.54,32.09,32.3,4214.313,2025-03-15 20:00:00
1742083200000,32.32,32.72,32.1,32.72,5622.406,2025-03-16 00:00:00
1742097600000,32.7,33.67,32.7,33.59,13502.115,2025-03-16 04:00:00
1742112000000,33.59,34.04,32.65,32.86,16985.823,2025-03-16 08:00:00
1742126400000,32.84,33.23,32.48,32.76,15638.413,2025-03-16 12:00:00
1742140800000,32.76,33.59,32.66,33.04,14469.66,2025-03-16 16:00:00
1742155200000,33.04,33.58,32.69,32.8,8689.266,2025-03-16 20:00:00
1742169600000,32.79,33.63,32.73,33.57,5104.339,2025-03-17 00:00:00
1742184000000,33.58,34.59,33.52,34.02,13987.63,2025-03-17 04:00:00
1742198400000,34.01,34.6,33.79,34.04,7102.798,2025-03-17 08:00:00
1742212800000,34.01,34.79,33.77,34.27,10016.129,2025-03-17 12:00:00
1742227200000,34.3,34.93,33.59,34.9,15264.298,2025-03-17 16:00:00
1742241600000,34.9,34.92,34.22,34.25,5704.068,2025-03-17 20:00:00
1742256000000,34.22,34.25,33.52,33.55,3913.615,2025-03-18 00:00:00
1742270400000,33.55,33.9,33.28,33.55,4275.054,2025-03-18 04:00:00
1742284800000,33.53,33.69,32.91,33.0,7835.731,2025-03-18 08:00:00
1742299200000,32.97,33.07,32.3,32.4,7584.771,2025-03-18 12:00:00
1742313600000,32.37,33.42,32.28,33.37,8773.142,2025-03-18 16:00:00
1742328000000,33.43,33.52,33.14,33.14,4351.579,2025-03-18 20:00:00
1742342400000,33.14,33.77,32.93,33.7,6834.197,2025-03-19 00:00:00
1742356800000,33.72,34.36,33.49,33.74,7477.844,2025-03-19 04:00:00
1742371200000,33.74,34.03,33.35,33.81,7190.712,2025-03-19 08:00:00
1742385600000,33.81,33.86,32.94,33.57,10242.842,2025-03-19 12:00:00
1742400000000,33.55,34.09,33.34,33.79,8862.94,2025-03-19 16:00:00
1742414400000,33.8,34.42,33.78,34.27,6229.555,2025-03-19 20:00:00
1742428800000,34.3,34.49,33.7,33.86,5279.303,2025-03-20 00:00:00
1742443200000,33.84,34.73,33.82,34.43,10291.21,2025-03-20 04:00:00
1742457600000,34.47,34.49,33.69,33.72,8355.044,2025-03-20 08:00:00
1742472000000,33.68,34.24,33.55,33.72,5090.458,2025-03-20 12:00:00
1742486400000,33.67,34.24,32.17,33.6,18725.448,2025-03-20 16:00:00
1742500800000,33.61,33.97,33.39,33.91,4292.106,2025-03-20 20:00:00
1742515200000,33.92,33.98,33.41,33.69,3858.663,2025-03-21 00:00:00
1742529600000,33.67,33.8,32.22,32.58,15748.574,2025-03-21 04:00:00
1742544000000,32.56,32.57,30.77,31.06,51639.682,2025-03-21 08:00:00
1742558400000,31.06,32.05,29.66,30.76,68425.31,2025-03-21 12:00:00
1742572800000,30.76,32.05,30.65,31.55,21515.979,2025-03-21 16:00:00
1742587200000,31.56,31.74,30.57,30.85,12935.252,2025-03-21 20:00:00
1742601600000,30.91,31.09,30.52,30.65,11590.205,2025-03-22 00:00:00
1742616000000,30.65,30.93,29.84,30.79,21776.574,2025-03-22 04:00:00
1742630400000,30.8,31.35,30.74,31.11,25068.322,2025-03-22 08:00:00
1742644800000,31.09,31.09,30.06,30.5,14857.532,2025-03-22 12:00:00
1742659200000,30.49,31.22,30.36,31.1,7035.1,2025-03-22 16:00:00
1742673600000,31.11,31.18,30.92,31.09,8044.364,2025-03-22 20:00:00
1742688000000,31.09,31.36,31.04,31.25,4518.811,2025-03-23 00:00:00
1742702400000,31.25,31.52,30.95,31.11,12106.648,2025-03-23 04:00:00
1742716800000,31.1,31.4,30.98,31.27,14270.103,2025-03-23 08:00:00
1742731200000,31.28,31.99,31.28,31.7,10042.393,2025-03-23 12:00:00
1742745600000,31.7,31.87,30.63,30.91,20322.544,2025-03-23 16:00:00
1742760000000,30.9,31.35,30.82,31.04,5839.535,2025-03-23 20:00:00
1742774400000,31.02,31.4,30.84,31.28,7136.934,2025-03-24 00:00:00
1742788800000,31.26,32.95,31.25,32.47,14886.794,2025-03-24 04:00:00
1742803200000,32.49,32.63,31.81,32.15,9736.021,2025-03-24 08:00:00
1742817600000,32.19,32.42,32.0,32.07,6408.87,2025-03-24 12:00:00
1742832000000,32.07,32.3,31.61,32.12,9039.536,2025-03-24 16:00:00
1742846400000,32.14,32.44,32.09,32.44,7043.962,2025-03-24 20:00:00
1742860800000,32.41,32.54,31.81,31.91,3652.588,2025-03-25 00:00:00
1742875200000,31.93,34.59,31.78,34.33,37776.641,2025-03-25 04:00:00
1742889600000,34.35,34.89,34.16,34.81,18352.291,2025-03-25 08:00:00
1742904000000,34.82,37.29,34.73,36.45,72646.476,2025-03-25 12:00:00
1742918400000,36.46,37.08,35.81,36.74,33673.302,2025-03-25 16:00:00
1742932800000,36.75,37.24,36.36,36.51,24981.537,2025-03-25 20:00:00
1742947200000,36.52,36.77,35.96,36.09,24440.288,2025-03-26 00:00:00
1742961600000,36.11,37.29,36.02,37.01,18764.078,2025-03-26 04:00:00
1742976000000,37.01,38.86,36.87,38.28,28262.569,2025-03-26 08:00:00
1742990400000,38.28,39.04,37.62,38.17,46101.114,2025-03-26 12:00:00
1743004800000,38.17,38.7,37.74,38.66,24246.549,2025-03-26 16:00:00
1743019200000,38.65,39.02,38.1,39.02,14739.55,2025-03-26 20:00:00
1743033600000,39.03,39.63,38.55,38.61,23662.968,2025-03-27 00:00:00
1743048000000,38.64,39.38,38.02,38.44,28312.521,2025-03-27 04:00:00
1743062400000,38.44,39.26,38.11,38.51,18604.858,2025-03-27 08:00:00
1743076800000,38.47,39.33,37.92,38.74,17121.507,2025-03-27 12:00:00
1743091200000,38.74,38.77,37.52,37.81,13784.855,2025-03-27 16:00:00
1743105600000,37.79,38.06,37.13,37.19,11598.26,2025-03-27 20:00:00
1743120000000,37.17,37.67,36.7,36.7,8266.765,2025-03-28 00:00:00
1743134400000,36.7,36.79,35.92,36.02,12875.665,2025-03-28 04:00:00
1743148800000,36.02,36.29,35.42,35.72,15933.56,2025-03-28 08:00:00
1743163200000,35.71,36.73,35.33,36.15,10800.659,2025-03-28 12:00:00
1743177600000,36.12,36.65,35.8,36.35,8929.535,2025-03-28 16:00:00
1743192000000,36.32,36.99,36.27,36.9,7821.915,2025-03-28 20:00:00
1743206400000,36.91,37.19,36.32,36.63,6787.948,2025-03-29 00:00:00
1743220800000,36.65,37.01,36.26,36.4,12604.749,2025-03-29 04:00:00
1743235200000,36.42,36.7,34.84,35.34,13063.317,2025-03-29 08:00:00
1743249600000,35.36,36.11,35.25,35.86,8415.443,2025-03-29 12:00:00
1743264000000,35.87,36.28,35.53,35.89,7850.481,2025-03-29 16:00:00
1743278400000,35.91,36.29,35.61,36.27,6763.645,2025-03-29 20:00:00
1743292800000,36.28,36.98,35.84,36.22,7121.5,2025-03-30 00:00:00
1743307200000,36.26,36.41,35.7,36.06,4352.654,2025-03-30 04:00:00
1743321600000,36.05,36.6,35.74,35.96,6806.701,2025-03-30 08:00:00
1743336000000,35.96,36.32,35.87,35.91,5731.956,2025-03-30 12:00:00
1743350400000,35.96,37.11,35.89,37.04,8621.057,2025-03-30 16:00:00
1743364800000,37.04,37.93,36.9,37.44,8826.69,2025-03-30 20:00:00
1743379200000,37.51,38.58,36.91,37.9,14493.742,2025-03-31 00:00:00
1743393600000,37.91,38.92,37.25,37.27,20881.0,2025-03-31 04:00:00
1743408000000,37.28,38.45,36.81,38.41,25759.959,2025-03-31 08:00:00
1743422400000,38.42,38.6,37.33,37.9,19365.945,2025-03-31 12:00:00
1743436800000,37.89,38.2,37.07,38.08,12443.413,2025-03-31 16:00:00
1743451200000,38.08,39.38,37.96,39.37,15243.962,2025-03-31 20:00:00
1743465600000,39.37,39.99,38.7,38.93,21053.635,2025-04-01 00:00:00
1743480000000,38.93,39.15,38.33,38.52,15215.271,2025-04-01 04:00:00
1743494400000,38.5,39.68,38.48,39.48,13274.425,2025-04-01 08:00:00
1743508800000,39.47,42.07,38.7,41.61,50163.319,2025-04-01 12:00:00
1743523200000,41.59,42.55,40.29,40.4,30345.248,2025-04-01 16:00:00
1743537600000,40.42,41.13,40.28,40.64,8435.743,2025-04-01 20:00:00
1743552000000,40.63,41.22,39.87,41.0,11731.502,2025-04-02 00:00:00
1743566400000,40.97,41.24,40.11,40.39,15398.99,2025-04-02 04:00:00
1743580800000,40.39,41.34,39.53,39.66,19773.66,2025-04-02 08:00:00
1743595200000,39.65,40.28,39.29,39.81,18175.331,2025-04-02 12:00:00
1743609600000,39.79,40.81,39.55,39.81,18902.743,2025-04-02 16:00:00
1743624000000,39.82,40.54,38.56,38.87,15510.608,2025-04-02 20:00:00
1743638400000,38.87,39.85,38.82,39.0,9379.671,2025-04-03 00:00:00
1743652800000,39.05,39.31,38.7,38.99,4133.107,2025-04-03 04:00:00
1743667200000,38.98,39.62,38.6,39.26,21719.147,2025-04-03 08:00:00
1743681600000,39.24,39.45,37.57,37.85,26087.044,2025-04-03 12:00:00
1743696000000,37.85,37.96,37.42,37.87,11520.961,2025-04-03 16:00:00
1743710400000,37.9,40.8,37.85,38.86,23383.852,2025-04-03 20:00:00
1743724800000,38.85,39.54,38.23,38.62,15190.437,2025-04-04 00:00:00
1743739200000,38.62,39.28,38.42,39.1,10081.027,2025-04-04 04:00:00
1743753600000,39.09,41.25,38.44,39.37,32517.535,2025-04-04 08:00:00
1743768000000,39.29,40.38,39.1,39.91,18716.502,2025-04-04 12:00:00
1743782400000,39.9,40.88,39.72,39.81,10826.311,2025-04-04 16:00:00
1743796800000,39.81,40.27,39.26,39.43,3848.422,2025-04-04 20:00:00
1743811200000,39.44,40.17,38.93,39.63,14275.653,2025-04-05 00:00:00
1743825600000,39.64,40.22,39.25,39.78,6853.541,2025-04-05 04:00:00
1743840000000,39.77,40.2,39.23,39.66,16542.9,2025-04-05 08:00:00
1743854400000,39.63,39.75,36.66,37.35,30544.471,2025-04-05 12:00:00
1743868800000,37.34,37.99,36.85,36.95,15505.688,2025-04-05 16:00:00
1743883200000,36.94,38.34,36.86,37.52,9733.949,2025-04-05 20:00:00
1743897600000,37.51,37.63,36.94,37.08,5115.492,2025-04-06 00:00:00
1743912000000,37.09,37.37,36.52,36.96,17295.821,2025-04-06 04:00:00
1743926400000,36.95,38.27,36.8,38.21,13562.877,2025-04-06 08:00:00
1743940800000,38.21,38.58,37.64,37.79,10974.992,2025-04-06 12:00:00
1743955200000,37.77,38.42,36.65,37.29,26362.504,2025-04-06 16:00:00
1743969600000,37.28,37.55,35.56,35.79,20725.093,2025-04-06 20:00:00
1743984000000,35.77,36.92,35.21,35.32,17931.681,2025-04-07 00:00:00
1743998400000,35.34,35.43,20.71,29.48,351134.321,2025-04-07 04:00:00
1744012800000,29.42,30.41,28.1,29.04,81392.327,2025-04-07 08:00:00
1744027200000,29.06,32.18,28.81,31.12,161057.626,2025-04-07 12:00:00
1744041600000,31.12,32.78,30.59,32.62,68604.41,2025-04-07 16:00:00
1744056000000,32.66,35.26,32.21,33.84,68306.569,2025-04-07 20:00:00
1744070400000,33.78,35.15,33.63,34.7,23387.649,2025-04-08 00:00:00
1744084800000,34.69,35.63,34.48,34.65,41182.105,2025-04-08 04:00:00
1744099200000,34.64,35.38,34.01,35.23,50202.164,2025-04-08 08:00:00
1744113600000,35.22,36.04,34.21,34.39,73681.016,2025-04-08 12:00:00
1744128000000,34.38,35.3,33.6,34.6,44955.426,2025-04-08 16:00:00
1744142400000,34.58,35.44,34.4,35.03,71272.64,2025-04-08 20:00:00
1744156800000,35.01,36.12,33.72,33.93,146348.859,2025-04-09 00:00:00
1744171200000,33.91,36.59,33.72,36.0,226766.589,2025-04-09 04:00:00
1744185600000,35.98,36.33,34.28,34.97,115521.928,2025-04-09 08:00:00
1744200000000,34.97,35.76,34.09,34.84,80910.689,2025-04-09 12:00:00
1744214400000,34.85,38.35,34.04,37.48,98412.713,2025-04-09 16:00:00
1744228800000,37.48,37.52,36.13,36.45,19590.971,2025-04-09 20:00:00
1744243200000,36.5,36.64,33.88,34.0,20583.169,2025-04-10 00:00:00
1744257600000,34.03,34.82,32.13,32.33,211768.538,2025-04-10 04:00:00
1744272000000,32.36,33.63,32.06,32.31,87963.601,2025-04-10 08:00:00
1744286400000,32.32,32.67,31.37,31.4,112685.301,2025-04-10 12:00:00
1744300800000,31.42,34.65,31.28,34.43,85524.056,2025-04-10 16:00:00
1744315200000,34.44,36.62,34.43,36.29,59515.63,2025-04-10 20:00:00
1744329600000,36.26,38.06,35.5,38.01,93316.312,2025-04-11 00:00:00
1744344000000,38.01,38.05,35.93,36.26,87484.476,2025-04-11 04:00:00
1744358400000,36.27,37.99,35.77,36.41,137806.723,2025-04-11 08:00:00
1744372800000,36.43,37.19,35.83,36.82,113506.575,2025-04-11 12:00:00
1744387200000,36.82,37.15,35.31,35.68,89258.909,2025-04-11 16:00:00
1744401600000,35.67,36.18,35.24,35.39,26454.473,2025-04-11 20:00:00
1744416000000,35.39,35.5,34.9,35.44,39762.664,2025-04-12 00:00:00
1744430400000,35.44,35.67,34.75,35.29,31398.999,2025-04-12 04:00:00
1744444800000,35.29,35.4,34.65,35.11,15252.241,2025-04-12 08:00:00
1744459200000,35.11,35.6,34.79,35.06,55881.141,2025-04-12 12:00:00
1744473600000,35.05,35.68,34.92,35.14,16475.579,2025-04-12 16:00:00
1744488000000,35.13,35.4,34.64,34.83,24524.754,2025-04-12 20:00:00
1744502400000,34.82,35.46,34.01,34.31,57229.56,2025-04-13 00:00:00
1744516800000,34.32,34.32,29.78,33.85,185904.287,2025-04-13 04:00:00
1744531200000,33.88,35.4,32.29,32.78,97168.454,2025-04-13 08:00:00
1744545600000,32.78,33.07,32.22,32.57,32408.431,2025-04-13 12:00:00
1744560000000,32.56,32.68,31.5,31.73,29404.15,2025-04-13 16:00:00
1744574400000,31.71,32.37,31.01,31.04,22607.117,2025-04-13 20:00:00
1744588800000,31.04,34.81,30.82,33.04,82777.461,2025-04-14 00:00:00
1744603200000,33.05,34.65,32.0,32.29,38102.125,2025-04-14 04:00:00
1744617600000,32.27,32.69,31.45,31.71,41351.063,2025-04-14 08:00:00
1744632000000,31.71,33.38,30.69,31.84,187033.621,2025-04-14 12:00:00
1744646400000,31.83,32.52,31.65,32.01,36460.458,2025-04-14 16:00:00
1744660800000,32.06,32.34,31.05,31.14,24881.402,2025-04-14 20:00:00
1744675200000,31.15,31.3,30.19,31.12,46600.678,2025-04-15 00:00:00
1744689600000,31.14,32.0,30.3,31.2,38080.291,2025-04-15 04:00:00
1744704000000,31.2,31.8,30.91,31.74,16813.096,2025-04-15 08:00:00
1744718400000,31.73,32.26,30.68,30.93,39618.788,2025-04-15 12:00:00
1744732800000,30.93,31.47,30.46,31.31,24723.989,2025-04-15 16:00:00
1744747200000,31.31,31.7,30.68,30.8,15832.764,2025-04-15 20:00:00
1744761600000,30.79,32.07,30.49,31.89,23860.084,2025-04-16 00:00:00
1744776000000,31.9,32.19,31.32,31.43,12558.961,2025-04-16 04:00:00
1744790400000,31.42,31.69,31.03,31.32,8134.385,2025-04-16 08:00:00
1744804800000,31.32,31.65,30.83,31.18,9788.643,2025-04-16 12:00:00
1744819200000,31.2,31.4,30.34,31.26,15652.137,2025-04-16 16:00:00
1744833600000,31.27,31.58,30.95,31.08,4593.071,2025-04-16 20:00:00
1744848000000,31.07,31.41,30.05,30.71,12935.522,2025-04-17 00:00:00
1744862400000,30.74,31.28,30.48,31.14,9257.677,2025-04-17 04:00:00
1744876800000,31.12,31.58,30.99,31.16,7804.657,2025-04-17 08:00:00
1744891200000,31.13,31.15,30.23,30.84,13861.131,2025-04-17 12:00:00
1744905600000,30.83,31.36,30.81,31.05,6862.745,2025-04-17 16:00:00
1744920000000,31.05,31.22,30.61,30.75,6133.688,2025-04-17 20:00:00
1744934400000,30.74,30.85,30.29,30.55,5769.0,2025-04-18 00:00:00
1744948800000,30.53,30.98,29.76,30.12,25238.087,2025-04-18 04:00:00
1744963200000,30.12,30.3,29.88,30.23,6857.756,2025-04-18 08:00:00
1744977600000,30.24,30.95,30.17,30.88,11497.791,2025-04-18 12:00:00
1744992000000,30.88,31.8,30.88,31.48,10315.156,2025-04-18 16:00:00
1745006400000,31.47,31.68,30.87,30.88,5978.487,2025-04-18 20:00:00
1745020800000,30.88,31.5,30.82,31.34,4398.199,2025-04-19 00:00:00
1745035200000,31.32,31.56,31.12,31.38,6245.131,2025-04-19 04:00:00
1745049600000,31.4,31.69,31.23,31.53,5059.639,2025-04-19 08:00:00
1745064000000,31.52,31.69,31.09,31.2,6890.953,2025-04-19 12:00:00
1745078400000,31.2,31.66,31.02,31.63,6155.963,2025-04-19 16:00:00
1745092800000,31.65,31.93,31.55,31.67,5993.791,2025-04-19 20:00:00
1745107200000,31.68,32.22,31.35,32.09,6578.693,2025-04-20 00:00:00
1745121600000,32.09,32.47,31.5,31.63,9674.311,2025-04-20 04:00:00
1745136000000,31.68,31.68,30.74,30.91,12615.582,2025-04-20 08:00:00
1745150400000,30.91,31.13,30.42,30.51,6358.361,2025-04-20 12:00:00
1745164800000,30.51,31.12,30.44,31.05,4529.619,2025-04-20 16:00:00
1745179200000,31.04,31.16,30.81,31.0,3711.018,2025-04-20 20:00:00
1745193600000,31.0,31.69,30.99,31.36,5715.176,2025-04-21 00:00:00
1745208000000,31.36,32.05,31.36,31.85,5892.445,2025-04-21 04:00:00
1745222400000,31.86,32.08,31.63,31.84,7070.255,2025-04-21 08:00:00
1745236800000,31.85,32.2,31.63,31.84,12246.231,2025-04-21 12:00:00
1745251200000,31.85,31.95,31.07,31.56,13970.681,2025-04-21 16:00:00
1745265600000,31.53,31.57,31.14,31.21,2894.955,2025-04-21 20:00:00
1745280000000,31.2,31.42,30.9,31.0,5222.956,2025-04-22 00:00:00
1745294400000,30.97,31.28,30.84,31.2,7276.93,2025-04-22 04:00:00
1745308800000,31.2,31.45,30.76,31.01,9584.108,2025-04-22 08:00:00
1745323200000,31.02,32.46,31.01,31.92,21480.426,2025-04-22 12:00:00
1745337600000,31.92,31.99,31.36,31.64,9849.503,2025-04-22 16:00:00
1745352000000,31.62,33.34,31.59,33.03,21746.174,2025-04-22 20:00:00
1745366400000,33.02,33.19,32.41,32.96,9991.924,2025-04-23 00:00:00
1745380800000,32.98,33.89,32.9,33.37,13711.173,2025-04-23 04:00:00
1745395200000,33.32,33.73,32.93,33.59,11405.518,2025-04-23 08:00:00
1745409600000,33.62,34.28,33.02,33.98,22327.587,2025-04-23 12:00:00
1745424000000,33.96,34.36,33.61,34.15,13140.996,2025-04-23 16:00:00
1745438400000,34.14,34.49,33.82,34.25,8097.79,2025-04-23 20:00:00
1745452800000,34.26,34.33,32.11,32.18,18801.125,2025-04-24 00:00:00
1745467200000,32.16,33.05,32.13,32.86,11740.9,2025-04-24 04:00:00
1745481600000,32.84,34.19,32.84,33.65,18112.077,2025-04-24 08:00:00
1745496000000,33.65,34.37,33.39,34.02,14933.045,2025-04-24 12:00:00
1745510400000,34.03,34.45,33.72,33.82,6396.511,2025-04-24 16:00:00
1745524800000,33.82,34.31,33.81,34.28,2632.805,2025-04-24 20:00:00
1745539200000,34.28,34.54,33.85,34.23,5141.278,2025-04-25 00:00:00
1745553600000,34.22,34.54,33.99,34.36,3364.68,2025-04-25 04:00:00
1745568000000,34.39,34.95,34.39,34.86,9275.598,2025-04-25 08:00:00
1745582400000,34.84,34.92,34.19,34.41,10644.383,2025-04-25 12:00:00
1745596800000,34.43,34.86,34.06,34.37,9333.575,2025-04-25 16:00:00
1745611200000,34.41,34.96,33.92,34.18,7373.44,2025-04-25 20:00:00
1745625600000,34.2,35.09,34.2,34.78,4229.808,2025-04-26 00:00:00
1745640000000,34.79,34.83,33.34,33.96,17011.447,2025-04-26 04:00:00
1745654400000,33.94,34.5,33.11,33.2,24029.653,2025-04-26 08:00:00
1745668800000,33.21,33.71,32.8,33.66,9065.803,2025-04-26 12:00:00
1745683200000,33.71,34.02,33.47,33.68,5582.37,2025-04-26 16:00:00
1745697600000,33.71,33.76,33.38,33.43,1580.323,2025-04-26 20:00:00
1745712000000,33.5,33.83,32.7,32.9,3543.648,2025-04-27 00:00:00
1745726400000,32.9,33.08,32.71,33.08,4333.183,2025-04-27 04:00:00
1745740800000,33.07,33.07,32.6,33.01,3755.992,2025-04-27 08:00:00
1745755200000,32.99,33.28,32.7,32.91,4207.141,2025-04-27 12:00:00
1745769600000,32.92,33.26,32.71,32.94,3777.523,2025-04-27 16:00:00
1745784000000,32.95,33.0,32.5,32.55,2780.024,2025-04-27 20:00:00
1745798400000,32.57,34.05,32.16,33.85,25711.41,2025-04-28 00:00:00
1745812800000,33.87,40.12,33.78,37.63,165955.495,2025-04-28 04:00:00
1745827200000,37.62,38.85,36.49,36.7,45536.176,2025-04-28 08:00:00
1745841600000,36.68,36.94,35.76,36.14,18685.65,2025-04-28 12:00:00
1745856000000,36.14,36.83,35.77,36.23,13489.244,2025-04-28 16:00:00
1745870400000,36.23,36.37,35.53,35.63,8266.833,2025-04-28 20:00:00
1745884800000,35.66,35.96,35.49,35.63,4485.656,2025-04-29 00:00:00
1745899200000,35.65,36.72,35.37,36.17,14067.583,2025-04-29 04:00:00
1745913600000,36.18,36.37,35.83,36.21,9141.648,2025-04-29 08:00:00
1745928000000,36.23,36.4,35.8,36.05,5904.194,2025-04-29 12:00:00
1745942400000,36.05,36.11,34.07,34.26,42609.426,2025-04-29 16:00:00
1745956800000,34.26,36.8,33.88,34.56,45287.74,2025-04-29 20:00:00
1745971200000,34.56,34.99,34.43,34.79,4913.023,2025-04-30 00:00:00
1745985600000,34.77,35.09,34.4,34.59,5783.539,2025-04-30 04:00:00
1746000000000,34.6,36.6,34.28,35.98,21050.866,2025-04-30 08:00:00
1746014400000,35.95,36.12,34.49,35.61,11639.261,2025-04-30 12:00:00
1746028800000,35.61,36.5,35.42,36.01,10735.707,2025-04-30 16:00:00
1746043200000,36.05,36.37,35.84,36.09,2301.37,2025-04-30 20:00:00
1746057600000,36.0,36.42,35.75,35.82,3810.406,2025-05-01 00:00:00
1746072000000,35.82,35.99,35.57,35.74,3802.738,2025-05-01 04:00:00
1746086400000,35.74,36.28,35.59,36.04,5224.202,2025-05-01 08:00:00
1746100800000,36.04,36.06,34.75,35.37,24475.962,2025-05-01 12:00:00
1746115200000,35.38,35.81,35.28,35.47,3864.175,2025-05-01 16:00:00
1746129600000,35.49,38.17,35.43,37.41,31964.321,2025-05-01 20:00:00
1746144000000,37.45,37.63,36.58,37.31,19059.835,2025-05-02 00:00:00
1746158400000,37.31,37.45,36.54,36.68,5211.343,2025-05-02 04:00:00
1746172800000,36.65,37.59,36.56,37.1,8984.077,2025-05-02 08:00:00
1746187200000,37.08,37.21,36.33,36.51,13205.17,2025-05-02 12:00:00
1746201600000,36.47,36.9,35.8,36.27,12175.5,2025-05-02 16:00:00
1746216000000,36.25,36.46,35.95,36.28,1674.24,2025-05-02 20:00:00
1746230400000,36.25,36.88,35.7,36.15,5412.682,2025-05-03 00:00:00
1746244800000,36.1,36.15,35.7,36.04,2725.065,2025-05-03 04:00:00
1746259200000,36.04,36.04,35.64,35.87,3375.994,2025-05-03 08:00:00
1746273600000,35.82,36.13,35.7,35.84,2898.366,2025-05-03 12:00:00
1746288000000,35.84,35.92,35.2,35.91,4569.16,2025-05-03 16:00:00
1746302400000,35.9,35.91,35.32,35.82,2869.897,2025-05-03 20:00:00
1746316800000,35.79,36.29,35.46,35.64,5920.499,2025-05-04 00:00:00
1746331200000,35.63,35.91,34.59,35.05,7702.991,2025-05-04 04:00:00
1746345600000,35.03,35.17,34.57,34.91,9476.361,2025-05-04 08:00:00
1746360000000,34.91,35.52,34.18,34.89,7599.359,2025-05-04 12:00:00
1746374400000,34.88,35.74,34.55,34.99,12486.722,2025-05-04 16:00:00
1746388800000,34.96,36.17,34.93,35.63,6676.401,2025-05-04 20:00:00
1746403200000,35.63,36.35,35.45,35.61,7459.042,2025-05-05 00:00:00
1746417600000,35.59,36.15,35.59,36.15,3229.986,2025-05-05 04:00:00
1746432000000,36.15,36.6,35.71,35.86,10838.984,2025-05-05 08:00:00
1746446400000,35.8,36.92,35.76,36.65,13063.587,2025-05-05 12:00:00
1746460800000,36.68,37.37,36.61,36.76,9783.968,2025-05-05 16:00:00
1746475200000,36.81,36.87,36.34,36.56,4811.557,2025-05-05 20:00:00
1746489600000,36.57,36.61,35.83,36.12,3015.751,2025-05-06 00:00:00
1746504000000,36.13,36.76,35.79,36.03,6481.131,2025-05-06 04:00:00
1746518400000,35.97,36.06,35.11,35.54,10303.568,2025-05-06 08:00:00
1746532800000,35.5,35.88,34.63,35.75,27730.844,2025-05-06 12:00:00
1746547200000,35.74,36.65,35.45,36.29,9807.823,2025-05-06 16:00:00
1746561600000,36.28,38.88,35.79,38.09,21278.327,2025-05-06 20:00:00
1746576000000,38.1,38.7,37.77,38.1,9813.209,2025-05-07 00:00:00
1746590400000,38.16,38.2,37.23,37.77,8402.612,2025-05-07 04:00:00
1746604800000,37.76,38.04,37.23,37.48,4995.041,2025-05-07 08:00:00
1746619200000,37.49,38.75,37.49,38.32,21670.912,2025-05-07 12:00:00
1746633600000,38.33,40.5,38.0,39.8,63077.236,2025-05-07 16:00:00
1746648000000,39.83,41.3,39.72,40.49,21748.761,2025-05-07 20:00:00
1746662400000,40.49,40.74,40.12,40.47,9228.79,2025-05-08 00:00:00
1746676800000,40.46,40.87,40.08,40.29,5916.617,2025-05-08 04:00:00
1746691200000,40.32,40.9,39.24,40.27,21562.297,2025-05-08 08:00:00
1746705600000,40.26,41.65,40.11,41.03,19226.772,2025-05-08 12:00:00
1746720000000,41.06,41.49,40.6,40.84,9661.673,2025-05-08 16:00:00
1746734400000,40.86,42.0,40.8,42.0,11301.993,2025-05-08 20:00:00
1746748800000,42.0,42.41,41.17,41.35,14913.38,2025-05-09 00:00:00
1746763200000,41.34,42.49,40.99,42.18,12158.509,2025-05-09 04:00:00
1746777600000,42.18,43.33,41.04,42.58,25770.804,2025-05-09 08:00:00
1746792000000,42.55,42.96,41.54,41.85,19449.756,2025-05-09 12:00:00
1746806400000,41.86,42.31,41.27,41.73,10771.262,2025-05-09 16:00:00
1746820800000,41.69,42.18,41.39,41.88,4045.134,2025-05-09 20:00:00
1746835200000,41.88,43.89,41.87,42.55,19686.742,2025-05-10 00:00:00
1746849600000,42.56,42.91,42.3,42.76,6202.096,2025-05-10 04:00:00
1746864000000,42.75,42.95,40.85,41.9,11232.489,2025-05-10 08:00:00
1746878400000,41.9,42.29,40.57,41.05,16783.272,2025-05-10 12:00:00
1746892800000,41.07,42.27,40.97,41.92,11817.024,2025-05-10 16:00:00
1746907200000,41.96,43.74,41.82,43.59,6993.603,2025-05-10 20:00:00
1746921600000,43.61,43.88,42.26,42.73,15963.276,2025-05-11 00:00:00
1746936000000,42.73,43.61,41.34,41.66,10090.435,2025-05-11 04:00:00
1746950400000,41.77,43.35,41.57,42.73,8235.723,2025-05-11 08:00:00
1746964800000,42.62,43.04,41.63,41.93,6627.569,2025-05-11 12:00:00
1746979200000,41.99,43.0,41.38,42.27,9861.82,2025-05-11 16:00:00
1746993600000,42.23,45.83,41.85,45.23,36596.274,2025-05-11 20:00:00
1747008000000,45.18,45.86,44.04,44.49,8935.314,2025-05-12 00:00:00
1747022400000,44.5,45.11,43.7,44.54,11186.097,2025-05-12 04:00:00
1747036800000,44.53,44.82,43.37,43.57,8414.132,2025-05-12 08:00:00
1747051200000,43.5,44.14,42.87,43.01,12612.111,2025-05-12 12:00:00
1747065600000,43.05,43.95,41.57,42.79,11878.525,2025-05-12 16:00:00
1747080000000,42.79,44.61,42.51,44.46,13595.889,2025-05-12 20:00:00
1747094400000,44.44,44.45,41.81,42.09,10066.889,2025-05-13 00:00:00
1747108800000,42.11,43.29,42.1,42.82,4802.544,2025-05-13 04:00:00
1747123200000,42.81,43.23,42.31,42.74,8476.851,2025-05-13 08:00:00
1747137600000,42.78,43.2,41.62,42.37,11018.945,2025-05-13 12:00:00
1747152000000,42.34,43.8,42.34,43.5,10750.597,2025-05-13 16:00:00
1747166400000,43.48,43.77,42.82,43.52,6510.629,2025-05-13 20:00:00
1747180800000,43.5,43.81,42.86,43.8,9062.897,2025-05-14 00:00:00
1747195200000,43.79,43.79,42.67,43.09,6735.097,2025-05-14 04:00:00
1747209600000,43.09,43.25,41.91,42.66,7126.941,2025-05-14 08:00:00
1747224000000,42.65,42.98,41.04,41.52,8857.055,2025-05-14 12:00:00
1747238400000,41.56,42.15,40.48,41.78,16064.947,2025-05-14 16:00:00
1747252800000,41.76,42.27,41.47,42.0,8637.749,2025-05-14 20:00:00
1747267200000,42.01,42.39,40.16,40.88,12233.662,2025-05-15 00:00:00
1747281600000,40.91,41.51,39.87,39.93,7757.194,2025-05-15 04:00:00
1747296000000,39.92,41.29,39.91,40.48,12279.631,2025-05-15 08:00:00
1747310400000,40.43,41.83,39.77,41.63,22642.611,2025-05-15 12:00:00
1747324800000,41.55,42.82,41.39,42.7,18356.163,2025-05-15 16:00:00
1747339200000,42.65,42.88,41.13,41.8,9579.246,2025-05-15 20:00:00
1747353600000,41.79,42.21,41.29,42.02,5289.125,2025-05-16 00:00:00
1747368000000,41.98,42.28,41.58,41.86,3843.565,2025-05-16 04:00:00
1747382400000,41.88,42.2,41.25,41.76,4336.132,2025-05-16 08:00:00
1747396800000,41.72,41.76,40.86,41.24,3698.741,2025-05-16 12:00:00
1747411200000,41.28,41.4,40.6,41.0,4364.751,2025-05-16 16:00:00
1747425600000,40.96,41.28,40.24,40.36,5894.514,2025-05-16 20:00:00
1747440000000,40.37,40.42,39.67,40.18,10177.532,2025-05-17 00:00:00
1747454400000,40.16,40.33,39.89,39.99,3640.241,2025-05-17 04:00:00
1747468800000,40.0,41.25,39.72,40.8,13419.933,2025-05-17 08:00:00
1747483200000,40.8,41.72,40.66,40.86,12663.371,2025-05-17 12:00:00
1747497600000,40.88,40.94,40.25,40.35,5159.772,2025-05-17 16:00:00
1747512000000,40.37,40.95,40.09,40.48,3826.891,2025-05-17 20:00:00
1747526400000,40.47,40.77,40.25,40.54,2288.052,2025-05-18 00:00:00
1747540800000,40.56,41.0,40.27,40.8,5034.209,2025-05-18 04:00:00
1747555200000,40.78,41.2,40.78,40.84,4131.652,2025-05-18 08:00:00
1747569600000,40.83,42.27,40.78,42.05,10456.64,2025-05-18 12:00:00
1747584000000,42.06,42.1,40.09,40.1,11236.424,2025-05-18 16:00:00
1747598400000,40.08,41.53,39.59,41.41,7867.126,2025-05-18 20:00:00
1747612800000,41.42,41.47,39.44,39.61,5422.625,2025-05-19 00:00:00
1747627200000,39.62,39.95,38.99,39.54,7874.561,2025-05-19 04:00:00
1747641600000,39.55,40.45,39.22,40.32,13523.323,2025-05-19 08:00:00
1747656000000,40.32,41.18,39.98,41.13,9443.954,2025-05-19 12:00:00
1747670400000,41.11,41.17,40.53,40.64,6257.175,2025-05-19 16:00:00
1747684800000,40.62,40.87,40.4,40.68,3303.505,2025-05-19 20:00:00
1747699200000,40.75,41.2,40.49,40.66,4146.943,2025-05-20 00:00:00
1747713600000,40.67,40.71,39.98,40.1,1927.128,2025-05-20 04:00:00
1747728000000,40.09,40.24,39.32,39.98,10417.153,2025-05-20 08:00:00
1747742400000,39.97,40.18,39.9,39.97,6801.74,2025-05-20 12:00:00
1747756800000,40.0,40.32,39.67,40.18,7848.658,2025-05-20 16:00:00
1747771200000,40.22,41.22,40.18,41.18,4610.705,2025-05-20 20:00:00
1747785600000,41.18,41.54,40.78,41.5,5137.401,2025-05-21 00:00:00
1747800000000,41.5,41.8,41.1,41.29,6331.234,2025-05-21 04:00:00
1747814400000,41.28,41.43,40.77,41.24,4209.351,2025-05-21 08:00:00
1747828800000,41.23,41.81,40.86,41.69,14636.308,2025-05-21 12:00:00
1747843200000,41.68,42.08,40.8,42.01,7379.756,2025-05-21 16:00:00
1747857600000,42.0,43.6,41.75,42.96,10949.126,2025-05-21 20:00:00
1747872000000,42.89,43.47,42.83,43.46,6704.336,2025-05-22 00:00:00
1747886400000,43.46,43.89,43.08,43.48,4027.481,2025-05-22 04:00:00
1747900800000,43.46,44.58,43.02,44.21,10063.967,2025-05-22 08:00:00
1747915200000,44.27,47.47,43.93,47.26,28179.994,2025-05-22 12:00:00
1747929600000,47.26,51.0,47.2,49.73,58298.486,2025-05-22 16:00:00
1747944000000,49.71,50.15,48.1,48.97,14393.786,2025-05-22 20:00:00
1747958400000,48.98,50.65,48.98,49.67,19601.305,2025-05-23 00:00:00
1747972800000,49.64,50.19,47.79,47.8,14406.521,2025-05-23 04:00:00
1747987200000,47.8,48.49,47.03,47.47,11781.781,2025-05-23 08:00:00
1748001600000,47.53,49.13,47.09,48.28,20092.537,2025-05-23 12:00:00
1748016000000,48.28,48.57,47.8,47.93,3176.283,2025-05-23 16:00:00
1748030400000,47.93,47.94,46.57,46.91,7371.627,2025-05-23 20:00:00
1748044800000,46.92,47.72,46.42,47.35,4376.852,2025-05-24 00:00:00
1748059200000,47.33,47.89,46.98,47.35,3399.259,2025-05-24 04:00:00
1748073600000,47.35,48.0,47.07,47.61,2184.29,2025-05-24 08:00:00
1748088000000,47.64,47.94,46.58,47.65,8706.711,2025-05-24 12:00:00
1748102400000,47.55,49.0,47.39,48.87,5711.133,2025-05-24 16:00:00
1748116800000,48.82,49.75,48.49,49.49,12482.06,2025-05-24 20:00:00
1748131200000,49.52,49.99,48.45,49.06,17388.11,2025-05-25 00:00:00
1748145600000,49.03,49.03,48.14,48.24,2397.706,2025-05-25 04:00:00
1748160000000,48.29,48.57,46.8,47.53,7808.356,2025-05-25 08:00:00
1748174400000,47.53,52.0,47.25,51.5,34927.033,2025-05-25 12:00:00
1748188800000,51.5,52.0,50.44,51.92,42338.974,2025-05-25 16:00:00
1748203200000,51.91,55.0,51.44,54.58,44303.865,2025-05-25 20:00:00
1748217600000,54.63,56.79,50.41,51.48,52458.828,2025-05-26 00:00:00
1748232000000,51.48,52.29,50.43,51.72,14676.41,2025-05-26 04:00:00
1748246400000,51.7,53.41,51.47,53.1,21345.465,2025-05-26 08:00:00
1748260800000,53.1,54.28,52.34,53.93,25852.803,2025-05-26 12:00:00
1748275200000,53.93,55.23,52.8,55.05,17614.37,2025-05-26 16:00:00
1748289600000,55.08,55.21,53.84,54.33,8692.139,2025-05-26 20:00:00
1748304000000,54.33,54.7,53.09,53.77,6760.236,2025-05-27 00:00:00
1748318400000,53.77,54.95,52.59,54.22,10733.566,2025-05-27 04:00:00
1748332800000,54.2,54.52,52.98,53.16,7420.946,2025-05-27 08:00:00
1748347200000,53.15,55.02,52.91,53.62,21258.726,2025-05-27 12:00:00
1748361600000,53.59,55.91,52.85,55.5,31361.907,2025-05-27 16:00:00
1748376000000,55.51,56.17,50.79,51.89,40874.932,2025-05-27 20:00:00
1748390400000,51.88,53.59,51.38,53.25,9662.889,2025-05-28 00:00:00
1748404800000,53.32,53.83,50.67,51.34,12106.755,2025-05-28 04:00:00
1748419200000,51.32,51.32,50.07,50.47,9036.102,2025-05-28 08:00:00
1748433600000,50.48,52.71,50.15,50.93,22395.206,2025-05-28 12:00:00
1748448000000,50.74,54.94,50.64,51.29,30526.474,2025-05-28 16:00:00
1748462400000,51.27,53.81,51.15,53.28,6337.239,2025-05-28 20:00:00
1748476800000,53.29,54.61,53.04,53.19,8194.854,2025-05-29 00:00:00
1748491200000,53.28,53.95,52.94,53.07,6648.998,2025-05-29 04:00:00
1748505600000,53.09,55.63,53.06,55.13,21917.537,2025-05-29 08:00:00
1748520000000,55.15,56.0,54.03,54.63,27852.549,2025-05-29 12:00:00
1748534400000,54.64,54.76,53.25,53.35,8296.07,2025-05-29 16:00:00
1748548800000,53.35,54.57,53.08,53.2,11074.605,2025-05-29 20:00:00
1748563200000,53.24,53.96,51.5,53.64,17382.397,2025-05-30 00:00:00
1748577600000,53.63,53.88,51.78,51.81,6783.937,2025-05-30 04:00:00
1748592000000,51.86,52.5,50.59,51.88,12833.805,2025-05-30 08:00:00
1748606400000,51.88,52.16,50.66,50.69,8830.681,2025-05-30 12:00:00
1748620800000,50.67,50.67,48.97,49.07,12729.568,2025-05-30 16:00:00
1748635200000,49.04,49.25,47.38,47.43,8987.895,2025-05-30 20:00:00
1748649600000,47.39,47.42,45.0,46.43,15306.516,2025-05-31 00:00:00
1748664000000,46.44,47.05,45.88,46.94,9724.775,2025-05-31 04:00:00
1748678400000,46.87,47.81,46.38,46.54,7046.396,2025-05-31 08:00:00
1748692800000,46.46,47.32,46.3,47.18,4562.935,2025-05-31 12:00:00
1748707200000,47.17,51.1,46.83,49.62,28484.503,2025-05-31 16:00:00
1748721600000,49.61,50.5,49.48,50.18,10179.986,2025-05-31 20:00:00
1748736000000,50.18,50.31,49.5,49.77,8186.667,2025-06-01 00:00:00
1748750400000,49.76,51.64,49.59,50.29,9037.393,2025-06-01 04:00:00
1748764800000,50.33,53.17,49.05,52.13,23313.881,2025-06-01 08:00:00
1748779200000,52.15,52.54,50.1,50.63,17387.612,2025-06-01 12:00:00
1748793600000,50.6,51.58,50.19,51.16,5041.045,2025-06-01 16:00:00
1748808000000,51.13,53.5,50.86,53.1,22793.764,2025-06-01 20:00:00
1748822400000,53.13,53.75,52.15,52.42,7913.334,2025-06-02 00:00:00
1748836800000,52.42,53.76,52.15,53.39,8925.831,2025-06-02 04:00:00
1748851200000,53.38,54.0,52.29,52.86,20407.077,2025-06-02 08:00:00
1748865600000,52.82,53.66,52.59,52.93,7401.665,2025-06-02 12:00:00
1748880000000,52.98,53.0,52.27,52.67,7970.014,2025-06-02 16:00:00
1748894400000,52.71,54.44,52.65,54.0,13038.713,2025-06-02 20:00:00
1748908800000,54.06,55.11,53.72,54.79,9344.286,2025-06-03 00:00:00
1748923200000,54.78,55.53,53.67,54.1,8892.483,2025-06-03 04:00:00
1748937600000,54.09,54.16,52.71,53.07,9972.925,2025-06-03 08:00:00
1748952000000,53.08,54.64,52.42,53.95,15569.433,2025-06-03 12:00:00
1748966400000,53.96,55.4,52.34,55.32,17857.084,2025-06-03 16:00:00
1748980800000,55.34,56.14,54.2,54.39,17490.741,2025-06-03 20:00:00
1748995200000,54.4,54.58,53.28,53.3,6748.117,2025-06-04 00:00:00
1749009600000,53.28,53.93,52.26,52.46,10441.555,2025-06-04 04:00:00
1749024000000,52.48,53.12,52.15,52.15,4594.132,2025-06-04 08:00:00
1749038400000,52.16,52.6,51.31,51.74,12809.845,2025-06-04 12:00:00
1749052800000,51.72,51.94,50.2,50.55,5522.509,2025-06-04 16:00:00
1749067200000,50.51,50.61,49.85,50.32,2932.956,2025-06-04 20:00:00
1749081600000,50.21,50.69,50.0,50.2,3589.523,2025-06-05 00:00:00
1749096000000,50.21,50.34,49.55,50.13,9052.516,2025-06-05 04:00:00
1749110400000,50.11,50.99,49.65,50.15,7184.848,2025-06-05 08:00:00
1749124800000,50.12,51.09,48.19,50.15,31114.515,2025-06-05 12:00:00
1749139200000,50.12,50.2,48.46,48.55,9135.036,2025-06-05 16:00:00
1749153600000,48.6,49.1,47.43,47.57,16912.002,2025-06-05 20:00:00
1749168000000,47.51,47.78,46.07,47.43,6126.839,2025-06-06 00:00:00
1749182400000,47.41,48.47,47.41,48.22,6344.416,2025-06-06 04:00:00
1749196800000,48.22,49.42,47.84,48.89,6954.408,2025-06-06 08:00:00
1749211200000,48.87,50.06,48.58,49.09,9600.362,2025-06-06 12:00:00
1749225600000,49.09,49.31,47.75,48.09,5946.407,2025-06-06 16:00:00
1749240000000,48.05,48.5,47.77,48.17,2976.988,2025-06-06 20:00:00
1749254400000,48.04,48.09,47.42,48.03,3368.583,2025-06-07 00:00:00
1749268800000,48.03,48.75,47.29,48.61,6188.855,2025-06-07 04:00:00
1749283200000,48.59,48.65,47.99,48.41,2251.659,2025-06-07 08:00:00
1749297600000,48.45,49.0,48.43,48.69,1964.625,2025-06-07 12:00:00
1749312000000,48.63,50.88,48.25,50.24,15400.563,2025-06-07 16:00:00
1749326400000,50.29,50.48,49.97,50.24,2140.959,2025-06-07 20:00:00
1749340800000,50.24,50.91,49.7,49.97,5784.265,2025-06-08 00:00:00
1749355200000,49.95,50.36,49.46,49.63,3491.335,2025-06-08 04:00:00
1749369600000,49.58,50.98,49.24,50.8,7888.341,2025-06-08 08:00:00
1749384000000,50.77,50.8,49.84,50.37,6966.327,2025-06-08 12:00:00
1749398400000,50.29,50.52,48.84,49.08,6118.376,2025-06-08 16:00:00
1749412800000,49.1,49.16,48.65,48.73,3385.898,2025-06-08 20:00:00
1749427200000,48.72,49.48,48.41,49.23,4272.739,2025-06-09 00:00:00
1749441600000,49.25,50.34,48.96,49.38,8841.219,2025-06-09 04:00:00
1749456000000,49.36,50.63,48.89,50.2,5491.596,2025-06-09 08:00:00
1749470400000,50.21,50.43,49.44,50.12,4869.152,2025-06-09 12:00:00
1749484800000,50.04,50.28,49.25,49.48,6983.22,2025-06-09 16:00:00
1749499200000,49.49,52.5,49.34,51.62,12977.55,2025-06-09 20:00:00
1749513600000,51.59,51.61,50.65,50.78,3322.483,2025-06-10 00:00:00
1749528000000,50.78,51.16,49.9,50.94,7673.239,2025-06-10 04:00:00
1749542400000,50.94,52.3,50.63,52.17,7191.33,2025-06-10 08:00:00
1749556800000,52.25,52.84,51.05,52.24,13802.256,2025-06-10 12:00:00
1749571200000,52.26,53.31,51.59,51.96,7149.875,2025-06-10 16:00:00
1749585600000,51.92,52.5,51.39,51.9,4772.926,2025-06-10 20:00:00
1749600000000,51.85,51.91,50.44,50.94,4628.723,2025-06-11 00:00:00
1749614400000,50.97,51.2,50.62,50.97,3629.264,2025-06-11 04:00:00
1749628800000,51.01,51.13,49.0,49.43,17163.481,2025-06-11 08:00:00
1749643200000,49.45,51.58,49.15,51.55,17650.206,2025-06-11 12:00:00
1749657600000,51.55,51.62,49.96,50.02,4907.936,2025-06-11 16:00:00
1749672000000,50.01,51.19,49.54,50.06,5574.071,2025-06-11 20:00:00
1749686400000,50.02,50.02,48.9,48.9,3947.234,2025-06-12 00:00:00
1749700800000,48.91,48.98,48.08,48.32,6756.955,2025-06-12 04:00:00
1749715200000,48.33,48.69,47.58,47.77,7163.377,2025-06-12 08:00:00
1749729600000,47.75,51.16,47.59,49.82,23607.964,2025-06-12 12:00:00
1749744000000,49.84,52.16,49.09,49.2,17206.128,2025-06-12 16:00:00
1749758400000,49.2,49.32,47.91,48.0,3990.466,2025-06-12 20:00:00
1749772800000,47.94,47.96,44.59,46.77,16296.535,2025-06-13 00:00:00
1749787200000,46.65,46.65,45.31,46.15,6479.237,2025-06-13 04:00:00
1749801600000,46.12,46.42,45.05,45.8,5667.735,2025-06-13 08:00:00
1749816000000,45.84,46.27,45.01,45.62,10469.884,2025-06-13 12:00:00
1749830400000,45.57,46.1,43.59,44.75,13002.938,2025-06-13 16:00:00
1749844800000,44.77,45.29,44.57,45.27,7160.756,2025-06-13 20:00:00
1749859200000,45.24,45.45,44.57,45.03,4412.231,2025-06-14 00:00:00
1749873600000,45.0,45.2,43.98,44.4,8559.41,2025-06-14 04:00:00
1749888000000,44.34,44.65,43.58,44.24,6535.048,2025-06-14 08:00:00
1749902400000,44.24,45.3,43.88,44.28,7296.777,2025-06-14 12:00:00
1749916800000,44.21,44.32,43.54,43.55,3981.036,2025-06-14 16:00:00
1749931200000,43.55,44.31,43.33,44.19,2963.919,2025-06-14 20:00:00
1749945600000,44.22,44.49,44.13,44.33,979.793,2025-06-15 00:00:00
1749960000000,44.39,44.67,43.88,44.03,2230.793,2025-06-15 04:00:00
1749974400000,44.0,44.1,43.5,43.84,3622.05,2025-06-15 08:00:00
1749988800000,43.89,44.26,43.0,43.64,9861.499,2025-06-15 12:00:00
1750003200000,43.67,44.04,43.5,43.67,7019.193,2025-06-15 16:00:00
1750017600000,43.65,43.65,42.83,43.45,3914.398,2025-06-15 20:00:00
1750032000000,43.45,43.89,43.09,43.39,2882.56,2025-06-16 00:00:00
1750046400000,43.38,44.04,43.33,43.83,6291.88,2025-06-16 04:00:00
1750060800000,43.85,46.63,43.63,45.46,26944.006,2025-06-16 08:00:00
1750075200000,45.47,45.65,44.82,44.92,6610.843,2025-06-16 12:00:00
1750089600000,44.89,45.14,44.57,44.89,6800.96,2025-06-16 16:00:00
1750104000000,44.9,45.19,43.0,43.1,12726.259,2025-06-16 20:00:00
1750118400000,43.06,43.23,41.78,43.02,12442.594,2025-06-17 00:00:00
1750132800000,43.03,43.18,42.19,42.46,5379.771,2025-06-17 04:00:00
1750147200000,42.42,42.46,41.7,41.95,7924.423,2025-06-17 08:00:00
1750161600000,41.94,42.24,41.22,41.58,9628.217,2025-06-17 12:00:00
1750176000000,41.56,41.77,40.49,41.39,10971.684,2025-06-17 16:00:00
1750190400000,41.38,41.67,40.6,41.2,5859.232,2025-06-17 20:00:00
1750204800000,41.19,41.57,40.92,41.34,2115.092,2025-06-18 00:00:00
1750219200000,41.34,42.08,41.27,41.69,3326.401,2025-06-18 04:00:00
1750233600000,41.72,42.81,41.45,42.1,9550.153,2025-06-18 08:00:00
1750248000000,42.07,43.11,41.7,41.92,16021.556,2025-06-18 12:00:00
1750262400000,41.92,41.92,40.72,41.04,7649.089,2025-06-18 16:00:00
1750276800000,41.04,42.4,41.01,42.08,3767.393,2025-06-18 20:00:00
1750291200000,42.19,42.35,41.56,41.86,1973.257,2025-06-19 00:00:00
1750305600000,41.88,42.11,41.44,41.55,2256.454,2025-06-19 04:00:00
1750320000000,41.57,41.91,41.37,41.52,2624.603,2025-06-19 08:00:00
1750334400000,41.53,41.64,41.1,41.55,3076.164,2025-06-19 12:00:00
1750348800000,41.56,41.99,41.1,41.52,4041.271,2025-06-19 16:00:00
1750363200000,41.59,41.82,41.4,41.68,1574.612,2025-06-19 20:00:00
1750377600000,41.67,41.87,41.37,41.52,3027.715,2025-06-20 00:00:00
1750392000000,41.44,41.96,41.03,41.86,3614.733,2025-06-20 04:00:00
1750406400000,41.9,42.21,41.58,41.79,4046.229,2025-06-20 08:00:00
1750420800000,41.75,42.03,40.69,40.77,4042.673,2025-06-20 12:00:00
1750435200000,40.78,40.95,39.22,40.0,9921.077,2025-06-20 16:00:00
1750449600000,39.96,40.46,39.52,40.34,6027.149,2025-06-20 20:00:00
1750464000000,40.33,40.53,39.97,40.28,4834.641,2025-06-21 00:00:00
1750478400000,40.28,40.6,40.13,40.23,8153.525,2025-06-21 04:00:00
1750492800000,40.24,40.57,40.11,40.18,6904.633,2025-06-21 08:00:00
1750507200000,40.2,41.74,39.66,41.37,17182.921,2025-06-21 12:00:00
1750521600000,41.35,41.73,39.64,39.64,10296.947,2025-06-21 16:00:00
1750536000000,39.73,40.11,38.52,39.52,9314.493,2025-06-21 20:00:00
1750550400000,39.56,40.18,38.58,38.67,7692.986,2025-06-22 00:00:00
1750564800000,38.7,39.54,38.47,38.66,7544.219,2025-06-22 04:00:00
1750579200000,38.67,39.03,38.2,38.39,9198.483,2025-06-22 08:00:00
1750593600000,38.4,38.6,36.39,37.91,23158.09,2025-06-22 12:00:00
1750608000000,37.89,38.16,37.02,37.07,10728.973,2025-06-22 16:00:00
1750622400000,37.09,38.67,36.46,38.19,13626.259,2025-06-22 20:00:00
1750636800000,38.18,38.45,38.0,38.16,3893.304,2025-06-23 00:00:00
1750651200000,38.16,38.91,38.0,38.51,8342.765,2025-06-23 04:00:00
1750665600000,38.52,38.57,37.73,38.2,8489.639,2025-06-23 08:00:00
1750680000000,38.21,39.57,38.07,38.96,8877.101,2025-06-23 12:00:00
1750694400000,38.97,40.18,38.11,40.11,14974.74,2025-06-23 16:00:00
1750708800000,40.09,41.81,40.03,41.55,18648.184,2025-06-23 20:00:00
1750723200000,41.52,41.86,41.36,41.47,3435.229,2025-06-24 00:00:00
1750737600000,41.44,42.48,41.36,41.84,6401.584,2025-06-24 04:00:00
1750752000000,41.88,42.68,41.64,42.22,10857.275,2025-06-24 08:00:00
1750766400000,42.23,42.64,41.82,42.49,13160.513,2025-06-24 12:00:00
1750780800000,42.48,43.07,42.28,42.4,18916.519,2025-06-24 16:00:00
1750795200000,42.4,43.03,42.31,42.8,11611.977,2025-06-24 20:00:00
1750809600000,42.8,43.3,42.15,42.49,6021.949,2025-06-25 00:00:00
1750824000000,42.47,42.54,41.89,42.24,4751.688,2025-06-25 04:00:00
1750838400000,42.25,42.77,41.74,42.53,12285.042,2025-06-25 08:00:00
1750852800000,42.56,42.75,41.55,41.56,9022.27,2025-06-25 12:00:00
1750867200000,41.6,42.13,40.98,41.76,17771.145,2025-06-25 16:00:00
1750881600000,41.75,42.08,41.17,41.43,3961.121,2025-06-25 20:00:00
1750896000000,41.43,41.92,40.98,41.51,4619.615,2025-06-26 00:00:00
1750910400000,41.51,41.51,40.62,41.15,6637.78,2025-06-26 04:00:00
1750924800000,41.15,41.38,39.85,40.13,10298.84,2025-06-26 08:00:00
1750939200000,40.12,40.16,39.09,39.46,17743.659,2025-06-26 12:00:00
1750953600000,39.4,39.63,38.79,39.49,8330.201,2025-06-26 16:00:00
1750968000000,39.49,39.97,38.9,39.25,31413.723,2025-06-26 20:00:00
1750982400000,39.23,40.03,38.84,39.94,14744.517,2025-06-27 00:00:00
1750996800000,39.93,40.15,39.07,39.11,8466.451,2025-06-27 04:00:00
1751011200000,39.14,39.4,38.6,38.65,15368.651,2025-06-27 08:00:00
1751025600000,38.67,39.2,38.47,38.88,13746.604,2025-06-27 12:00:00
1751040000000,38.9,39.45,38.48,39.09,16954.812,2025-06-27 16:00:00
1751054400000,39.07,39.36,38.49,38.54,9255.9,2025-06-27 20:00:00
1751068800000,38.58,38.67,37.49,37.71,9545.503,2025-06-28 00:00:00
1751083200000,37.73,38.17,37.44,38.08,4808.842,2025-06-28 04:00:00
1751097600000,38.09,38.09,37.62,37.92,6663.203,2025-06-28 08:00:00
1751112000000,37.9,38.29,37.55,38.24,7847.818,2025-06-28 12:00:00
1751126400000,38.19,38.79,38.14,38.71,5505.597,2025-06-28 16:00:00
1751140800000,38.71,39.5,38.7,39.02,8835.815,2025-06-28 20:00:00
1751155200000,39.02,39.14,38.66,38.84,3733.413,2025-06-29 00:00:00
1751169600000,38.85,39.97,38.77,39.93,6367.638,2025-06-29 04:00:00
1751184000000,39.98,40.04,39.61,39.85,6260.444,2025-06-29 08:00:00
1751198400000,39.88,39.94,39.25,39.71,13073.499,2025-06-29 12:00:00
1751212800000,39.7,39.9,39.45,39.58,4793.915,2025-06-29 16:00:00
1751227200000,39.54,40.34,39.24,40.1,7039.064,2025-06-29 20:00:00
1751241600000,40.11,40.28,39.94,40.17,3949.09,2025-06-30 00:00:00
1751256000000,40.16,40.55,39.73,39.95,7034.375,2025-06-30 04:00:00
1751270400000,39.95,40.01,39.45,39.72,7833.066,2025-06-30 08:00:00
1751284800000,39.72,40.13,38.85,39.1,14331.115,2025-06-30 12:00:00
1751299200000,39.09,39.44,38.84,39.11,8134.881,2025-06-30 16:00:00
1751313600000,39.01,39.12,38.23,38.27,6507.662,2025-06-30 20:00:00
1751328000000,38.24,38.51,37.53,37.89,8516.049,2025-07-01 00:00:00
1751342400000,37.87,37.87,36.89,37.19,7309.978,2025-07-01 04:00:00
1751356800000,37.18,37.18,36.76,37.0,6209.672,2025-07-01 08:00:00
1751371200000,36.97,37.18,36.19,36.48,17185.237,2025-07-01 12:00:00
1751385600000,36.51,36.94,36.41,36.58,6579.972,2025-07-01 16:00:00
1751400000000,36.54,37.1,36.48,36.92,4326.276,2025-07-01 20:00:00
1751414400000,36.93,37.14,36.71,37.0,2644.184,2025-07-02 00:00:00
1751428800000,37.02,37.54,36.97,37.28,5375.749,2025-07-02 04:00:00
1751443200000,37.29,37.58,37.18,37.43,3883.594,2025-07-02 08:00:00
1751457600000,37.42,38.2,37.14,38.07,9157.068,2025-07-02 12:00:00
1751472000000,38.09,39.1,38.07,38.93,16643.637,2025-07-02 16:00:00
1751486400000,38.89,39.12,38.57,38.92,8948.443,2025-07-02 20:00:00
1751500800000,38.94,39.0,38.45,38.65,6576.601,2025-07-03 00:00:00
1751515200000,38.65,40.01,38.64,39.55,7218.087,2025-07-03 04:00:00
1751529600000,39.57,39.63,38.73,39.24,9694.343,2025-07-03 08:00:00
1751544000000,39.22,40.22,39.15,39.58,15872.753,2025-07-03 12:00:00
1751558400000,39.58,40.29,39.29,40.04,9677.6,2025-07-03 16:00:00
1751572800000,40.02,40.94,39.44,40.92,17281.581,2025-07-03 20:00:00
1751587200000,40.95,41.47,40.57,40.95,7919.745,2025-07-04 00:00:00
1751601600000,40.94,41.24,40.1,40.19,12783.048,2025-07-04 04:00:00
1751616000000,40.2,42.1,39.9,41.86,22219.633,2025-07-04 08:00:00
1751630400000,41.87,42.08,39.52,39.6,19978.768,2025-07-04 12:00:00
1751644800000,39.61,39.96,39.11,39.52,15011.43,2025-07-04 16:00:00
1751659200000,39.48,40.34,39.48,40.11,3603.981,2025-07-04 20:00:00
1751673600000,40.11,40.77,39.68,39.89,4180.674,2025-07-05 00:00:00
1751688000000,39.85,40.07,39.49,39.84,3328.648,2025-07-05 04:00:00
1751702400000,39.86,40.2,39.42,39.77,4715.456,2025-07-05 08:00:00
1751716800000,39.78,39.8,39.1,39.23,4384.484,2025-07-05 12:00:00
1751731200000,39.23,39.52,38.49,39.03,7954.819,2025-07-05 16:00:00
1751745600000,39.02,39.43,38.9,39.24,3230.074,2025-07-05 20:00:00
1751760000000,39.2,39.2,38.46,38.48,5258.106,2025-07-06 00:00:00
1751774400000,38.47,38.6,38.08,38.21,4693.033,2025-07-06 04:00:00
1751788800000,38.22,38.27,37.58,37.86,9537.54,2025-07-06 08:00:00
1751803200000,37.86,39.14,37.82,38.76,7612.103,2025-07-06 12:00:00
1751817600000,38.77,39.57,38.77,39.07,5946.557,2025-07-06 16:00:00
1751832000000,39.08,40.16,39.08,39.33,4569.656,2025-07-06 20:00:00
1751846400000,39.34,39.72,39.07,39.28,2423.782,2025-07-07 00:00:00
1751860800000,39.29,39.63,38.68,38.89,6472.237,2025-07-07 04:00:00
1751875200000,38.88,39.06,38.44,38.56,4662.215,2025-07-07 08:00:00
1751889600000,38.58,38.95,38.09,38.71,9484.63,2025-07-07 12:00:00
1751904000000,38.73,38.75,38.07,38.52,6747.796,2025-07-07 16:00:00
1751918400000,38.44,38.83,38.16,38.77,2273.182,2025-07-07 20:00:00
1751932800000,38.75,38.88,38.26,38.49,2995.81,2025-07-08 00:00:00
1751947200000,38.45,38.79,38.3,38.74,1931.717,2025-07-08 04:00:00
1751961600000,38.7,39.55,38.57,39.53,3624.955,2025-07-08 08:00:00
1751976000000,39.56,41.6,39.41,40.85,21415.464,2025-07-08 12:00:00
1751990400000,40.9,42.94,40.78,42.66,28025.273,2025-07-08 16:00:00
1752004800000,42.61,43.73,42.02,43.7,9493.799,2025-07-08 20:00:00
1752019200000,43.73,46.16,40.02,40.4,64323.853,2025-07-09 00:00:00
1752033600000,40.36,40.62,39.76,40.46,14706.999,2025-07-09 04:00:00
1752048000000,40.45,40.65,39.57,39.82,12779.015,2025-07-09 08:00:00
1752062400000,39.81,40.41,38.83,39.04,24583.946,2025-07-09 12:00:00
1752076800000,39.04,40.11,38.8,39.95,24086.016,2025-07-09 16:00:00
1752091200000,39.93,41.25,39.72,41.02,22488.508,2025-07-09 20:00:00
1752105600000,41.02,41.63,40.7,40.9,8866.153,2025-07-10 00:00:00
1752120000000,40.9,41.5,40.27,40.69,17643.361,2025-07-10 04:00:00
1752134400000,40.66,40.68,40.15,40.59,7963.289,2025-07-10 08:00:00
1752148800000,40.54,40.91,40.2,40.37,9104.262,2025-07-10 12:00:00
1752163200000,40.38,41.97,40.35,41.22,15977.337,2025-07-10 16:00:00
1752177600000,41.23,43.0,41.18,42.08,12180.081,2025-07-10 20:00:00
1752192000000,42.04,43.27,41.3,42.79,16866.742,2025-07-11 00:00:00
1752206400000,42.75,43.8,42.22,42.65,14646.932,2025-07-11 04:00:00
1752220800000,42.65,43.4,42.63,42.71,11239.216,2025-07-11 08:00:00
1752235200000,42.7,43.84,42.3,42.58,14212.444,2025-07-11 12:00:00
1752249600000,42.54,44.0,42.31,43.61,12949.918,2025-07-11 16:00:00
1752264000000,43.61,43.75,41.31,42.05,8518.049,2025-07-11 20:00:00
1752278400000,42.07,43.03,41.66,42.68,7878.905,2025-07-12 00:00:00
1752292800000,42.73,42.94,41.68,42.36,6032.047,2025-07-12 04:00:00
1752307200000,42.36,42.84,42.14,42.29,4462.609,2025-07-12 08:00:00
1752321600000,42.28,42.49,40.4,40.73,14692.6,2025-07-12 12:00:00
1752336000000,40.74,42.24,40.62,42.1,7355.324,2025-07-12 16:00:00
1752350400000,42.15,42.6,41.34,42.28,6215.147,2025-07-12 20:00:00
1752364800000,42.31,42.75,41.78,41.89,3159.382,2025-07-13 00:00:00
1752379200000,41.89,43.42,41.89,43.09,10041.223,2025-07-13 04:00:00
1752393600000,43.1,43.12,42.34,42.68,3622.584,2025-07-13 08:00:00
1752408000000,42.72,43.8,42.42,43.39,12588.661,2025-07-13 12:00:00
1752422400000,43.38,43.85,42.72,42.76,7028.599,2025-07-13 16:00:00
1752436800000,42.79,43.17,41.92,42.37,5727.399,2025-07-13 20:00:00
1752451200000,42.4,43.99,42.22,43.83,8020.418,2025-07-14 00:00:00
1752465600000,43.86,44.43,43.28,44.14,16635.2,2025-07-14 04:00:00
1752480000000,44.16,44.69,43.61,44.03,8547.753,2025-07-14 08:00:00
1752494400000,44.01,44.64,43.52,43.84,9691.02,2025-07-14 12:00:00
1752508800000,43.84,44.1,42.68,42.85,4977.302,2025-07-14 16:00:00
1752523200000,42.83,43.71,42.49,43.17,7944.035,2025-07-14 20:00:00
1752537600000,43.17,43.4,41.76,42.0,13352.968,2025-07-15 00:00:00
1752552000000,41.97,42.31,41.36,41.99,7323.06,2025-07-15 04:00:00
1752566400000,41.99,42.43,41.8,42.2,2622.191,2025-07-15 08:00:00
1752580800000,42.19,43.12,41.7,42.29,12623.289,2025-07-15 12:00:00
1752595200000,42.3,43.58,42.28,42.58,8326.655,2025-07-15 16:00:00
1752609600000,42.59,44.07,42.47,43.78,3183.014,2025-07-15 20:00:00
1752624000000,43.8,44.2,43.03,43.7,5138.436,2025-07-16 00:00:00
1752638400000,43.7,44.62,43.33,44.45,8326.703,2025-07-16 04:00:00
1752652800000,44.46,44.72,44.0,44.07,5130.12,2025-07-16 08:00:00
1752667200000,44.05,45.0,43.9,44.32,11215.6,2025-07-16 12:00:00
1752681600000,44.37,44.86,43.85,44.11,7148.44,2025-07-16 16:00:00
1752696000000,44.08,44.69,43.78,44.24,5602.3,2025-07-16 20:00:00
1752710400000,44.23,44.58,43.55,43.76,7330.484,2025-07-17 00:00:00
1752724800000,43.71,44.56,43.43,44.31,6223.615,2025-07-17 04:00:00
1752739200000,44.31,44.92,44.03,44.08,5189.546,2025-07-17 08:00:00
1752753600000,44.07,44.85,43.83,44.52,9871.282,2025-07-17 12:00:00
1752768000000,44.48,44.7,43.85,44.11,8538.235,2025-07-17 16:00:00
1752782400000,44.12,46.1,43.91,45.42,15799.497,2025-07-17 20:00:00
1752796800000,45.43,46.57,45.37,46.57,13657.413,2025-07-18 00:00:00
1752811200000,46.56,47.15,45.88,45.93,11691.012,2025-07-18 04:00:00
1752825600000,45.96,46.42,45.47,46.27,10351.32,2025-07-18 08:00:00
1752840000000,46.28,46.86,44.74,45.03,14756.118,2025-07-18 12:00:00
1752854400000,45.04,45.76,44.45,44.85,7492.813,2025-07-18 16:00:00
1752868800000,44.86,45.13,43.7,44.29,13950.686,2025-07-18 20:00:00
1752883200000,44.29,44.45,42.91,44.43,7343.928,2025-07-19 00:00:00
1752897600000,44.43,44.76,43.66,43.9,3865.378,2025-07-19 04:00:00
1752912000000,43.9,44.25,43.26,43.41,4452.88,2025-07-19 08:00:00
1752926400000,43.4,43.75,42.9,43.38,4376.719,2025-07-19 12:00:00
1752940800000,43.34,44.8,43.09,44.76,7072.319,2025-07-19 16:00:00
1752955200000,44.73,45.43,44.16,44.72,5576.907,2025-07-19 20:00:00
1752969600000,44.71,44.81,43.98,44.11,5188.612,2025-07-20 00:00:00
1752984000000,44.13,44.63,43.85,44.4,6960.153,2025-07-20 04:00:00
1752998400000,44.43,45.41,44.4,44.97,9739.215,2025-07-20 08:00:00
1753012800000,44.99,45.67,44.66,45.55,6136.052,2025-07-20 12:00:00
1753027200000,45.59,46.0,44.97,45.25,10545.387,2025-07-20 16:00:00
1753041600000,45.22,45.3,44.07,44.99,7862.428,2025-07-20 20:00:00
1753056000000,45.03,45.6,44.28,45.57,6618.929,2025-07-21 00:00:00
1753070400000,45.55,46.0,45.24,45.58,6613.251,2025-07-21 04:00:00
1753084800000,45.56,45.89,44.9,45.41,5514.248,2025-07-21 08:00:00
1753099200000,45.41,46.01,45.12,45.16,10581.213,2025-07-21 12:00:00
1753113600000,45.12,45.27,44.38,44.45,12693.517,2025-07-21 16:00:00
1753128000000,44.34,44.93,43.91,44.59,5182.131,2025-07-21 20:00:00
1753142400000,44.6,44.69,43.02,43.48,15276.17,2025-07-22 00:00:00
1753156800000,43.48,43.56,42.49,43.02,13836.16,2025-07-22 04:00:00
1753171200000,43.02,43.5,42.34,43.14,10967.048,2025-07-22 08:00:00
1753185600000,43.15,43.77,42.26,43.52,15457.28,2025-07-22 12:00:00
1753200000000,43.5,43.61,42.52,42.75,6749.918,2025-07-22 16:00:00
1753214400000,42.75,44.15,42.67,44.1,5234.128,2025-07-22 20:00:00
1753228800000,44.1,44.17,43.54,43.61,7341.456,2025-07-23 00:00:00
1753243200000,43.62,43.97,43.04,43.18,3172.539,2025-07-23 04:00:00
1753257600000,43.14,43.55,42.51,42.97,4845.744,2025-07-23 08:00:00
1753272000000,43.04,43.56,41.51,42.05,18171.113,2025-07-23 12:00:00
1753286400000,41.93,42.09,40.45,41.61,12227.177,2025-07-23 16:00:00
1753300800000,41.68,41.78,40.34,41.33,8186.829,2025-07-23 20:00:00
1753315200000,41.33,41.92,41.17,41.31,3858.377,2025-07-24 00:00:00
1753329600000,41.31,41.51,39.32,40.12,23858.577,2025-07-24 04:00:00
1753344000000,40.08,41.31,39.9,41.18,7553.792,2025-07-24 08:00:00
1753358400000,41.17,41.34,40.07,41.25,7672.654,2025-07-24 12:00:00
1753372800000,41.3,41.54,40.25,40.5,7735.001,2025-07-24 16:00:00
1753387200000,40.54,40.93,40.07,40.21,5994.648,2025-07-24 20:00:00
1753401600000,40.18,40.28,38.59,39.18,16352.722,2025-07-25 00:00:00
1753416000000,39.16,39.83,38.53,39.51,11555.228,2025-07-25 04:00:00
1753430400000,39.48,40.74,39.33,40.57,10026.405,2025-07-25 08:00:00
1753444800000,40.61,40.76,39.5,39.88,4739.405,2025-07-25 12:00:00
1753459200000,39.9,40.44,39.84,39.92,3036.559,2025-07-25 16:00:00
1753473600000,39.95,40.96,39.94,40.8,3819.243,2025-07-25 20:00:00
1753488000000,40.78,41.03,40.46,40.62,2195.847,2025-07-26 00:00:00
1753502400000,40.59,40.85,40.51,40.85,2951.952,2025-07-26 04:00:00
1753516800000,40.84,41.21,40.71,40.83,4146.171,2025-07-26 08:00:00
1753531200000,40.81,41.62,40.69,41.41,5169.358,2025-07-26 12:00:00
1753545600000,41.45,41.77,41.1,41.7,2233.694,2025-07-26 16:00:00
1753560000000,41.62,41.75,41.14,41.2,1467.229,2025-07-26 20:00:00
1753574400000,41.19,41.82,41.11,41.46,3008.119,2025-07-27 00:00:00
1753588800000,41.51,41.77,41.4,41.52,2948.412,2025-07-27 04:00:00
1753603200000,41.52,41.87,41.23,41.55,2944.554,2025-07-27 08:00:00
1753617600000,41.5,41.69,40.97,41.61,14108.577,2025-07-27 12:00:00
1753632000000,41.63,41.83,41.37,41.5,2966.792,2025-07-27 16:00:00
1753646400000,41.51,41.97,41.43,41.9,3457.725,2025-07-27 20:00:00
1753660800000,41.82,42.39,41.78,42.29,5354.505,2025-07-28 00:00:00
1753675200000,42.35,42.94,42.17,42.61,5770.992,2025-07-28 04:00:00
1753689600000,42.6,43.5,42.47,43.32,15003.984,2025-07-28 08:00:00
1753704000000,43.31,43.32,41.47,41.8,7201.74,2025-07-28 12:00:00
1753718400000,41.83,42.07,40.86,41.03,10241.772,2025-07-28 16:00:00
1753732800000,40.99,41.15,40.1,40.67,10907.169,2025-07-28 20:00:00
1753747200000,40.6,40.86,39.76,40.5,7876.442,2025-07-29 00:00:00
1753761600000,40.44,41.32,40.11,41.18,4166.532,2025-07-29 04:00:00
1753776000000,41.19,41.9,40.67,40.92,7551.516,2025-07-29 08:00:00
1753790400000,40.86,41.35,39.75,40.14,5101.6,2025-07-29 12:00:00
1753804800000,40.08,40.64,39.72,40.24,6789.495,2025-07-29 16:00:00
1753819200000,40.12,40.81,39.85,40.5,2975.277,2025-07-29 20:00:00
1753833600000,40.47,40.71,39.66,39.9,7723.421,2025-07-30 00:00:00
1753848000000,39.9,40.08,39.0,39.28,11656.303,2025-07-30 04:00:00
1753862400000,39.23,39.65,38.62,38.75,12805.631,2025-07-30 08:00:00
1753876800000,38.74,39.37,38.38,38.99,5968.676,2025-07-30 12:00:00
1753891200000,39.01,39.22,37.05,38.28,14488.895,2025-07-30 16:00:00
1753905600000,38.33,38.6,37.93,38.45,5061.195,2025-07-30 20:00:00
1753920000000,38.47,38.86,38.32,38.68,2991.407,2025-07-31 00:00:00
1753934400000,38.73,39.16,38.72,39.1,7148.902,2025-07-31 04:00:00
1753948800000,39.13,39.62,39.08,39.22,5954.471,2025-07-31 08:00:00
1753963200000,39.23,39.26,37.59,38.06,9488.041,2025-07-31 12:00:00
1753977600000,38.06,38.81,37.37,37.61,4901.928,2025-07-31 16:00:00
1753992000000,37.64,37.66,36.63,36.96,11403.581,2025-07-31 20:00:00
1754006400000,36.94,37.41,36.61,36.74,5904.517,2025-08-01 00:00:00
1754020800000,36.8,36.8,35.86,36.01,5883.555,2025-08-01 04:00:00
1754035200000,35.95,36.28,35.36,36.15,6444.211,2025-08-01 08:00:00
1754049600000,36.15,36.79,35.53,36.64,7289.463,2025-08-01 12:00:00
1754064000000,36.7,36.97,36.0,36.44,5506.564,2025-08-01 16:00:00
1754078400000,36.42,36.96,35.18,35.94,11864.732,2025-08-01 20:00:00
1754092800000,35.88,36.16,35.85,35.88,1886.346,2025-08-02 00:00:00
1754107200000,35.86,36.09,35.3,35.82,5322.649,2025-08-02 04:00:00
1754121600000,35.81,35.93,35.2,35.42,4001.85,2025-08-02 08:00:00
1754136000000,35.43,35.65,35.05,35.18,2887.826,2025-08-02 12:00:00
1754150400000,35.25,35.72,34.58,35.07,7886.012,2025-08-02 16:00:00
1754164800000,35.07,35.76,35.02,35.42,1426.615,2025-08-02 20:00:00
1754179200000,35.37,35.84,34.87,35.78,4294.414,2025-08-03 00:00:00
1754193600000,35.76,36.06,35.41,35.49,6047.215,2025-08-03 04:00:00
1754208000000,35.49,36.3,35.49,36.22,6759.14,2025-08-03 08:00:00
1754222400000,36.13,36.46,35.76,36.43,3911.822,2025-08-03 12:00:00
1754236800000,36.42,36.43,35.98,36.12,2552.579,2025-08-03 16:00:00
1754251200000,36.14,36.4,35.9,36.15,1497.355,2025-08-03 20:00:00
1754265600000,36.16,36.87,36.16,36.46,3204.391,2025-08-04 00:00:00
1754280000000,36.48,36.61,36.17,36.51,2675.327,2025-08-04 04:00:00
1754294400000,36.5,36.56,35.92,36.02,6360.871,2025-08-04 08:00:00
1754308800000,36.06,37.16,36.02,36.8,6654.349,2025-08-04 12:00:00
1754323200000,36.85,37.3,36.75,36.85,6220.568,2025-08-04 16:00:00
1754337600000,36.85,37.38,36.85,37.06,3867.101,2025-08-04 20:00:00
1754352000000,37.11,37.17,36.61,36.65,3027.439,2025-08-05 00:00:00
1754366400000,36.69,36.78,35.93,35.98,2853.832,2025-08-05 04:00:00
1754380800000,35.94,36.53,35.82,36.39,12855.847,2025-08-05 08:00:00
1754395200000,36.43,36.44,35.14,35.27,7700.279,2025-08-05 12:00:00
1754409600000,35.31,35.46,34.96,35.22,6858.267,2025-08-05 16:00:00
1754424000000,35.25,35.64,35.03,35.51,3221.754,2025-08-05 20:00:00
1754438400000,35.5,35.54,34.95,35.06,2765.078,2025-08-06 00:00:00
1754452800000,35.03,35.76,34.85,35.64,6007.64,2025-08-06 04:00:00
1754467200000,35.65,36.06,35.33,35.36,9902.413,2025-08-06 08:00:00
1754481600000,35.4,36.06,35.03,35.96,5058.484,2025-08-06 12:00:00
1754496000000,35.96,36.33,35.95,36.21,4372.33,2025-08-06 16:00:00
1754510400000,36.17,36.19,35.97,36.14,1233.922,2025-08-06 20:00:00
1754524800000,36.08,36.43,35.97,36.02,2498.261,2025-08-07 00:00:00
1754539200000,35.98,36.8,35.89,36.61,5573.927,2025-08-07 04:00:00
1754553600000,36.6,37.4,36.47,37.22,4155.284,2025-08-07 08:00:00
1754568000000,37.25,37.57,36.98,37.55,4693.932,2025-08-07 12:00:00
1754582400000,37.52,37.53,36.7,37.37,5863.298,2025-08-07 16:00:00
1754596800000,37.38,38.17,37.38,38.12,7110.086,2025-08-07 20:00:00
1754611200000,38.09,38.4,37.53,38.14,9350.784,2025-08-08 00:00:00
1754625600000,38.13,38.48,37.99,38.36,6616.675,2025-08-08 04:00:00
1754640000000,38.38,38.96,38.24,38.81,3921.49,2025-08-08 08:00:00
1754654400000,38.78,39.29,38.11,38.27,8392.661,2025-08-08 12:00:00
1754668800000,38.29,38.67,38.07,38.57,7574.207,2025-08-08 16:00:00
1754683200000,38.59,38.93,38.45,38.75,3480.893,2025-08-08 20:00:00
1754697600000,38.77,39.04,38.76,38.94,1656.877,2025-08-09 00:00:00
1754712000000,38.93,39.6,38.81,39.45,6354.031,2025-08-09 04:00:00
1754726400000,39.47,39.88,39.22,39.68,3596.334,2025-08-09 08:00:00
1754740800000,39.63,39.81,38.93,39.52,5340.794,2025-08-09 12:00:00
1754755200000,39.57,40.45,39.56,40.12,6780.611,2025-08-09 16:00:00
1754769600000,40.14,40.22,39.58,39.7,3483.077,2025-08-09 20:00:00
1754784000000,39.69,40.0,39.38,39.97,2680.498,2025-08-10 00:00:00
1754798400000,39.94,40.19,38.67,38.75,3845.051,2025-08-10 04:00:00
1754812800000,38.71,39.48,38.46,39.13,7531.395,2025-08-10 08:00:00
1754827200000,39.09,39.19,38.52,39.0,4277.847,2025-08-10 12:00:00
1754841600000,39.03,39.52,38.94,39.35,1887.833,2025-08-10 16:00:00
1754856000000,39.34,40.28,38.85,39.53,6414.014,2025-08-10 20:00:00
1754870400000,39.52,40.23,39.41,40.14,5116.054,2025-08-11 00:00:00
1754884800000,40.14,40.4,39.2,39.22,3891.136,2025-08-11 04:00:00
1754899200000,39.23,39.42,37.7,37.83,9630.667,2025-08-11 08:00:00
1754913600000,37.85,38.37,35.0,38.2,16656.102,2025-08-11 12:00:00
1754928000000,38.21,38.71,37.58,37.81,6042.337,2025-08-11 16:00:00
1754942400000,37.81,37.81,36.3,36.65,7372.023,2025-08-11 20:00:00
1754956800000,36.65,37.39,36.6,37.08,3164.453,2025-08-12 00:00:00
1754971200000,37.07,37.36,36.82,37.29,4917.16,2025-08-12 04:00:00
1754985600000,37.28,37.29,36.71,37.05,5060.93,2025-08-12 08:00:00
1755000000000,37.02,39.68,36.81,39.4,21933.958,2025-08-12 12:00:00
1755014400000,39.4,41.1,39.03,39.84,21990.027,2025-08-12 16:00:00
1755028800000,39.87,40.29,39.49,39.54,6107.75,2025-08-12 20:00:00
1755043200000,39.6,40.05,38.45,38.82,18609.982,2025-08-13 00:00:00
1755057600000,38.81,39.05,38.06,38.48,8211.125,2025-08-13 04:00:00
1755072000000,38.47,40.96,38.27,40.54,48617.549,2025-08-13 08:00:00
1755086400000,40.59,41.01,39.1,39.33,21476.22,2025-08-13 12:00:00
1755100800000,39.35,39.8,38.68,39.13,17454.625,2025-08-13 16:00:00
1755115200000,39.16,39.73,38.99,39.35,5252.218,2025-08-13 20:00:00
1755129600000,39.36,41.2,38.67,40.04,32294.999,2025-08-14 00:00:00
1755144000000,40.02,40.33,39.21,40.21,9548.519,2025-08-14 04:00:00
1755158400000,40.25,40.25,38.86,39.73,10550.138,2025-08-14 08:00:00
1755172800000,39.69,39.71,36.76,37.4,43347.857,2025-08-14 12:00:00
1755187200000,37.34,37.46,36.47,37.15,12847.343,2025-08-14 16:00:00
1755201600000,37.15,37.28,36.41,36.62,4740.63,2025-08-14 20:00:00
1755216000000,36.62,37.9,36.48,37.82,11012.097,2025-08-15 00:00:00
1755230400000,37.83,40.25,37.3,38.31,21316.565,2025-08-15 04:00:00
1755244800000,38.24,38.51,37.53,37.7,3986.878,2025-08-15 08:00:00
1755259200000,37.65,38.07,36.45,36.61,6647.849,2025-08-15 12:00:00
1755273600000,36.61,36.95,35.79,36.21,15590.743,2025-08-15 16:00:00
1755288000000,36.16,36.92,36.13,36.43,2750.609,2025-08-15 20:00:00
1755302400000,36.46,36.91,36.06,36.2,7804.826,2025-08-16 00:00:00
1755316800000,36.2,36.84,35.85,36.49,14449.198,2025-08-16 04:00:00
1755331200000,36.45,36.69,36.18,36.2,3308.288,2025-08-16 08:00:00
1755345600000,36.25,36.65,35.96,36.61,4163.987,2025-08-16 12:00:00
1755360000000,36.61,37.2,36.47,36.95,4481.439,2025-08-16 16:00:00
1755374400000,36.9,37.13,36.62,36.77,5317.886,2025-08-16 20:00:00
1755388800000,36.77,36.83,36.26,36.75,2211.837,2025-08-17 00:00:00
1755403200000,36.75,37.37,36.73,37.32,2477.5,2025-08-17 04:00:00
1755417600000,37.32,38.01,37.2,37.63,10358.292,2025-08-17 08:00:00
1755432000000,37.63,37.83,37.24,37.81,3787.776,2025-08-17 12:00:00
1755446400000,37.82,37.87,37.08,37.21,5122.911,2025-08-17 16:00:00
1755460800000,37.16,37.26,36.99,37.03,2295.604,2025-08-17 20:00:00
1755475200000,37.05,37.07,35.73,35.91,6544.656,2025-08-18 00:00:00
1755489600000,35.88,36.03,35.26,35.6,17885.208,2025-08-18 04:00:00
1755504000000,35.56,36.28,35.3,36.12,5952.094,2025-08-18 08:00:00
1755518400000,36.13,36.66,35.76,36.48,7206.515,2025-08-18 12:00:00
1755532800000,36.51,36.71,35.71,35.89,5388.89,2025-08-18 16:00:00
1755547200000,35.89,36.02,35.13,35.34,7668.017,2025-08-18 20:00:00
1755561600000,35.3,35.88,34.93,34.99,4134.67,2025-08-19 00:00:00
1755576000000,34.98,36.16,34.86,35.83,6225.241,2025-08-19 04:00:00
1755590400000,35.81,36.15,35.57,35.99,5334.118,2025-08-19 08:00:00
1755604800000,35.99,36.23,35.11,35.31,11121.982,2025-08-19 12:00:00
1755619200000,35.27,35.42,34.64,34.96,9157.825,2025-08-19 16:00:00
1755633600000,34.94,35.22,34.56,34.66,8364.775,2025-08-19 20:00:00
1755648000000,34.65,35.54,34.45,35.5,7386.721,2025-08-20 00:00:00
1755662400000,35.48,37.6,35.48,36.99,40087.016,2025-08-20 04:00:00
1755676800000,36.99,39.6,36.83,38.23,42712.305,2025-08-20 08:00:00
1755691200000,38.27,38.87,37.56,38.39,18282.616,2025-08-20 12:00:00
1755705600000,38.46,39.35,38.1,39.33,26705.447,2025-08-20 16:00:00
1755720000000,39.36,39.42,38.82,39.05,9712.031,2025-08-20 20:00:00
1755734400000,39.06,39.2,38.31,38.33,9631.386,2025-08-21 00:00:00
1755748800000,38.36,38.58,37.88,38.35,16685.505,2025-08-21 04:00:00
1755763200000,38.35,38.87,37.7,38.17,16922.633,2025-08-21 08:00:00
1755777600000,38.13,40.2,38.04,39.45,26417.813,2025-08-21 12:00:00
1755792000000,39.45,40.56,38.98,40.13,27918.204,2025-08-21 16:00:00
1755806400000,40.15,43.0,40.08,42.56,51047.643,2025-08-21 20:00:00
1755820800000,42.56,43.43,41.7,41.72,31723.411,2025-08-22 00:00:00
1755835200000,41.71,42.48,41.58,42.08,13111.69,2025-08-22 04:00:00
1755849600000,42.05,42.59,41.67,42.29,18192.824,2025-08-22 08:00:00
1755864000000,42.28,45.99,41.54,43.77,62065.318,2025-08-22 12:00:00
1755878400000,43.79,44.38,41.18,44.1,29464.842,2025-08-22 16:00:00
1755892800000,44.11,44.51,43.89,43.95,8700.636,2025-08-22 20:00:00
1755907200000,43.92,44.18,42.9,43.61,8189.88,2025-08-23 00:00:00
1755921600000,43.62,43.76,42.52,42.8,7170.057,2025-08-23 04:00:00
1755936000000,42.81,43.97,42.78,43.49,11645.74,2025-08-23 08:00:00
1755950400000,43.5,43.72,43.04,43.21,9212.617,2025-08-23 12:00:00
1755964800000,43.22,43.57,42.08,43.14,13867.48,2025-08-23 16:00:00
1755979200000,43.13,46.8,43.05,44.82,25565.944,2025-08-23 20:00:00
1755993600000,44.84,45.06,43.05,43.19,13425.947,2025-08-24 00:00:00
1756008000000,43.16,43.45,42.39,42.49,11265.726,2025-08-24 04:00:00
1756022400000,42.49,43.37,42.4,42.57,10125.62,2025-08-24 08:00:00
1756036800000,42.58,44.81,42.45,42.84,26500.217,2025-08-24 12:00:00
1756051200000,42.88,43.62,42.1,42.8,22696.291,2025-08-24 16:00:00
1756065600000,42.81,42.94,42.18,42.57,8137.129,2025-08-24 20:00:00
1756080000000,42.57,42.82,42.0,42.51,5328.919,2025-08-25 00:00:00
1756094400000,42.52,42.53,40.78,41.55,27081.823,2025-08-25 04:00:00
1756108800000,41.55,42.69,40.77,41.51,19127.312,2025-08-25 08:00:00
1756123200000,41.51,41.56,40.37,40.46,28791.256,2025-08-25 12:00:00
1756137600000,40.46,40.82,39.77,39.78,10054.124,2025-08-25 16:00:00
1756152000000,39.78,39.9,38.84,39.78,11573.895,2025-08-25 20:00:00
1756166400000,39.76,39.94,39.1,39.56,7943.481,2025-08-26 00:00:00
1756180800000,39.54,40.18,39.53,39.99,4153.028,2025-08-26 04:00:00
1756195200000,39.93,40.52,39.75,40.09,15886.011,2025-08-26 08:00:00
1756209600000,40.08,40.76,39.8,40.59,8721.267,2025-08-26 12:00:00
1756224000000,40.6,41.99,40.6,41.91,7712.382,2025-08-26 16:00:00
1756238400000,41.88,43.17,41.8,42.8,8729.273,2025-08-26 20:00:00
1756252800000,42.83,43.57,42.57,42.93,8957.43,2025-08-27 00:00:00
1756267200000,42.96,43.37,42.57,42.8,6339.126,2025-08-27 04:00:00
1756281600000,42.83,43.31,42.6,42.84,8191.987,2025-08-27 08:00:00
1756296000000,42.83,43.16,41.68,41.84,11791.575,2025-08-27 12:00:00
1756310400000,41.82,42.49,41.69,41.86,7686.925,2025-08-27 16:00:00
1756324800000,41.92,42.27,41.56,42.27,5921.811,2025-08-27 20:00:00
1756339200000,42.2,43.53,42.06,42.34,15403.127,2025-08-28 00:00:00
1756353600000,42.3,42.66,42.11,42.48,6807.379,2025-08-28 04:00:00
1756368000000,42.51,42.61,41.79,41.99,6017.782,2025-08-28 08:00:00
1756382400000,41.96,42.76,41.87,42.32,16530.865,2025-08-28 12:00:00
1756396800000,42.33,42.5,41.15,41.49,9745.133,2025-08-28 16:00:00
1756411200000,41.44,42.5,41.42,42.47,3855.286,2025-08-28 20:00:00
1756425600000,42.44,42.56,42.06,42.51,3560.849,2025-08-29 00:00:00
1756440000000,42.47,42.97,41.4,41.46,6907.99,2025-08-29 04:00:00
1756454400000,41.5,43.1,41.06,42.99,14022.025,2025-08-29 08:00:00
1756468800000,43.0,43.82,41.9,41.97,27338.72,2025-08-29 12:00:00
1756483200000,41.94,42.37,40.53,40.64,10319.415,2025-08-29 16:00:00
1756497600000,40.64,40.8,40.08,40.21,3528.844,2025-08-29 20:00:00
1756512000000,40.17,40.32,39.69,40.03,7895.632,2025-08-30 00:00:00
1756526400000,40.03,40.25,39.93,40.06,5713.652,2025-08-30 04:00:00
1756540800000,40.07,40.34,39.78,39.97,6612.262,2025-08-30 08:00:00
1756555200000,39.95,40.21,39.53,39.93,9572.361,2025-08-30 12:00:00
1756569600000,39.91,40.03,39.7,39.84,3309.88,2025-08-30 16:00:00
1756584000000,39.87,40.15,39.83,40.05,4449.418,2025-08-30 20:00:00
1756598400000,40.05,40.68,39.91,40.61,2828.786,2025-08-31 00:00:00
1756612800000,40.54,40.54,39.94,40.01,4350.44,2025-08-31 04:00:00
1756627200000,40.01,40.51,39.94,40.42,6297.259,2025-08-31 08:00:00
1756641600000,40.42,40.47,39.97,40.29,2435.011,2025-08-31 12:00:00
1756656000000,40.33,40.66,40.11,40.55,6528.273,2025-08-31 16:00:00
1756670400000,40.56,41.44,40.34,40.43,11609.524,2025-08-31 20:00:00
1756684800000,40.42,40.42,38.79,38.99,15367.042,2025-09-01 00:00:00
1756699200000,38.93,40.1,38.69,40.1,25068.954,2025-09-01 04:00:00
1756713600000,40.13,41.21,39.95,40.22,19980.154,2025-09-01 08:00:00
1756728000000,40.22,40.42,39.35,39.4,6897.582,2025-09-01 12:00:00
1756742400000,39.41,40.23,39.29,40.2,7562.359,2025-09-01 16:00:00
1756756800000,40.17,40.65,39.43,40.55,5354.17,2025-09-01 20:00:00
1756771200000,40.55,40.63,39.81,40.51,8245.835,2025-09-02 00:00:00
1756785600000,40.53,41.13,40.5,40.74,5731.369,2025-09-02 04:00:00
1756800000000,40.74,41.86,40.74,41.57,10289.527,2025-09-02 08:00:00
1756814400000,41.58,41.76,40.57,40.89,28935.321,2025-09-02 12:00:00
1756828800000,40.95,41.83,40.95,41.5,5139.875,2025-09-02 16:00:00
1756843200000,41.5,41.64,41.22,41.57,9215.682,2025-09-02 20:00:00
1756857600000,41.56,41.69,41.01,41.31,9669.742,2025-09-03 00:00:00
1756872000000,41.31,41.35,40.85,41.22,3181.829,2025-09-03 04:00:00
1756886400000,41.19,43.24,41.17,42.35,20320.853,2025-09-03 08:00:00
1756900800000,42.38,42.67,42.11,42.52,5480.082,2025-09-03 12:00:00
1756915200000,42.52,43.15,42.43,42.59,7222.477,2025-09-03 16:00:00
1756929600000,42.67,42.69,41.43,41.57,13692.942,2025-09-03 20:00:00
1756944000000,41.63,41.68,40.51,40.52,3863.481,2025-09-04 00:00:00
1756958400000,40.52,40.66,40.21,40.55,7086.577,2025-09-04 04:00:00
1756972800000,40.51,40.91,40.37,40.58,6693.509,2025-09-04 08:00:00
1756987200000,40.56,40.93,40.28,40.34,5485.676,2025-09-04 12:00:00
1757001600000,40.32,40.74,40.19,40.6,4669.99,2025-09-04 16:00:00
1757016000000,40.6,40.97,40.6,40.77,3299.213,2025-09-04 20:00:00
1757030400000,40.73,41.72,40.71,41.34,10030.098,2025-09-05 00:00:00
1757044800000,41.31,41.86,41.02,41.81,7410.927,2025-09-05 04:00:00
1757059200000,41.8,42.0,41.29,41.4,4946.629,2025-09-05 08:00:00
1757073600000,41.41,41.72,40.56,40.76,10018.515,2025-09-05 12:00:00
1757088000000,40.75,41.08,40.6,41.08,4182.81,2025-09-05 16:00:00
1757102400000,41.09,41.35,40.84,41.1,3708.153,2025-09-05 20:00:00
1757116800000,41.1,41.53,40.86,41.53,3154.81,2025-09-06 00:00:00
1757131200000,41.52,42.22,41.4,42.1,8171.417,2025-09-06 04:00:00
1757145600000,42.13,42.66,41.87,42.26,8940.381,2025-09-06 08:00:00
1757160000000,42.31,42.97,42.27,42.58,9668.629,2025-09-06 12:00:00
1757174400000,42.59,44.08,42.37,43.85,18289.227,2025-09-06 16:00:00
1757188800000,43.88,47.89,43.7,47.46,45638.011,2025-09-06 20:00:00
1757203200000,47.48,48.0,45.54,46.72,41846.6,2025-09-07 00:00:00
1757217600000,46.74,47.44,46.66,47.19,19378.681,2025-09-07 04:00:00
1757232000000,47.19,47.5,46.53,47.21,19899.271,2025-09-07 08:00:00
1757246400000,47.22,48.63,46.92,47.65,27909.401,2025-09-07 12:00:00
1757260800000,47.65,48.41,47.43,48.38,13993.334,2025-09-07 16:00:00
1757275200000,48.36,48.59,47.87,48.4,12884.111,2025-09-07 20:00:00
1757289600000,48.35,50.93,48.02,49.93,22391.931,2025-09-08 00:00:00
1757304000000,49.95,50.08,48.87,49.08,19501.118,2025-09-08 04:00:00
1757318400000,49.04,49.26,47.83,48.76,16814.611,2025-09-08 08:00:00
1757332800000,48.82,49.82,48.59,48.83,17302.483,2025-09-08 12:00:00
1757347200000,48.83,52.0,48.8,51.92,41091.386,2025-09-08 16:00:00
1757361600000,51.92,51.95,50.48,50.66,12032.92,2025-09-08 20:00:00
1757376000000,50.66,51.36,49.43,49.71,18470.934,2025-09-09 00:00:00
1757390400000,49.59,50.33,49.38,50.23,12034.035,2025-09-09 04:00:00
1757404800000,50.22,50.85,49.97,50.36,15933.964,2025-09-09 08:00:00
1757419200000,50.38,50.81,48.91,49.35,19657.585,2025-09-09 12:00:00
1757433600000,49.33,49.39,47.97,48.19,21834.889,2025-09-09 16:00:00
1757448000000,48.19,48.36,47.63,48.32,4892.314,2025-09-09 20:00:00
1757462400000,48.33,49.18,47.96,48.37,13490.662,2025-09-10 00:00:00
1757476800000,48.36,48.69,48.22,48.58,6026.094,2025-09-10 04:00:00
1757491200000,48.61,48.65,47.93,48.25,5298.191,2025-09-10 08:00:00
1757505600000,48.21,49.1,47.82,48.28,11917.383,2025-09-10 12:00:00
1757520000000,48.25,48.32,47.22,47.4,8937.2,2025-09-10 16:00:00
1757534400000,47.4,48.21,47.14,47.87,6141.877,2025-09-10 20:00:00
1757548800000,47.86,47.86,47.2,47.5,6064.763,2025-09-11 00:00:00
1757563200000,47.5,47.73,47.22,47.48,6023.726,2025-09-11 04:00:00
1757577600000,47.45,47.81,47.03,47.33,8118.077,2025-09-11 08:00:00
1757592000000,47.33,48.22,46.63,47.6,22176.454,2025-09-11 12:00:00
1757606400000,47.59,48.38,47.51,47.55,7614.439,2025-09-11 16:00:00
1757620800000,47.55,48.19,47.37,47.94,3762.735,2025-09-11 20:00:00
1757635200000,47.92,48.5,47.66,47.9,6260.956,2025-09-12 00:00:00
1757649600000,47.89,48.46,47.58,47.8,8781.109,2025-09-12 04:00:00
1757664000000,47.82,47.83,47.2,47.34,6523.731,2025-09-12 08:00:00
1757678400000,47.32,49.03,47.28,48.66,9900.799,2025-09-12 12:00:00
1757692800000,48.64,50.41,48.1,50.14,20728.542,2025-09-12 16:00:00
1757707200000,50.17,50.17,49.21,49.75,4117.951,2025-09-12 20:00:00
1757721600000,49.75,49.95,49.12,49.33,4480.684,2025-09-13 00:00:00
1757736000000,49.33,49.64,48.78,49.57,5829.136,2025-09-13 04:00:00
1757750400000,49.57,51.0,49.43,50.13,9593.458,2025-09-13 08:00:00
1757764800000,50.13,51.04,49.6,50.11,16673.53,2025-09-13 12:00:00
1757779200000,50.14,50.31,49.17,50.19,5412.515,2025-09-13 16:00:00
1757793600000,50.18,53.13,50.07,52.85,27475.711,2025-09-13 20:00:00
1757808000000,52.87,53.97,52.78,53.59,21506.461,2025-09-14 00:00:00
1757822400000,53.59,55.44,53.31,54.03,31798.969,2025-09-14 04:00:00
1757836800000,54.03,55.59,53.34,53.62,31135.167,2025-09-14 08:00:00
1757851200000,53.58,53.94,52.32,52.37,22718.553,2025-09-14 12:00:00
1757865600000,52.41,53.48,52.39,52.79,8055.566,2025-09-14 16:00:00
1757880000000,52.77,53.22,50.03,50.47,33575.806,2025-09-14 20:00:00
1757894400000,50.47,51.29,49.6,51.28,13702.66,2025-09-15 00:00:00
1757908800000,51.26,52.06,50.47,50.74,10908.931,2025-09-15 04:00:00
1757923200000,50.74,51.58,50.36,51.01,19550.359,2025-09-15 08:00:00
1757937600000,51.03,51.03,48.97,50.25,19621.536,2025-09-15 12:00:00
1757952000000,50.19,50.63,49.6,50.5,4109.552,2025-09-15 16:00:00
1757966400000,50.52,50.82,49.86,49.93,2697.014,2025-09-15 20:00:00
1757980800000,49.94,50.73,49.6,50.7,5170.114,2025-09-16 00:00:00
1757995200000,50.72,52.09,49.96,52.07,10148.843,2025-09-16 04:00:00
1758009600000,52.08,53.44,51.66,51.87,10910.359,2025-09-16 08:00:00
1758024000000,51.89,52.3,51.13,51.76,3911.784,2025-09-16 12:00:00
1758038400000,51.78,52.24,51.2,51.73,4435.335,2025-09-16 16:00:00
1758052800000,51.71,51.71,51.33,51.38,2341.981,2025-09-16 20:00:00
1758067200000,51.38,52.01,50.77,50.79,3651.814,2025-09-17 00:00:00
1758081600000,50.82,51.88,50.72,51.83,2896.707,2025-09-17 04:00:00
1758096000000,51.83,52.49,51.11,51.41,14042.578,2025-09-17 08:00:00
1758110400000,51.43,52.2,50.41,50.65,15956.874,2025-09-17 12:00:00
1758124800000,50.64,51.63,50.31,50.82,12654.039,2025-09-17 16:00:00
1758139200000,50.85,51.46,50.09,51.21,4992.647,2025-09-17 20:00:00
1758153600000,51.23,51.27,50.46,51.22,6501.029,2025-09-18 00:00:00
1758168000000,51.23,51.55,50.17,50.35,11491.99,2025-09-18 04:00:00
1758182400000,50.32,51.12,50.1,50.55,12967.664,2025-09-18 08:00:00
1758196800000,50.52,50.97,49.83,50.25,13925.457,2025-09-18 12:00:00
1758211200000,50.26,50.92,50.1,50.88,10013.73,2025-09-18 16:00:00
1758225600000,50.9,51.0,50.17,50.39,5971.25,2025-09-18 20:00:00
1758240000000,50.4,51.02,49.55,49.57,7115.142,2025-09-19 00:00:00
1758254400000,49.54,49.55,48.53,48.98,13575.454,2025-09-19 04:00:00
1758268800000,48.96,49.62,48.18,48.36,13711.905,2025-09-19 08:00:00
1758283200000,48.37,49.48,48.37,49.05,9357.241,2025-09-19 12:00:00
1758297600000,49.02,49.96,48.86,49.56,11506.784,2025-09-19 16:00:00
1758312000000,49.57,50.0,48.44,48.96,6730.375,2025-09-19 20:00:00
1758326400000,48.97,49.25,48.5,49.1,5297.328,2025-09-20 00:00:00
1758340800000,49.12,50.95,49.03,50.27,11197.348,2025-09-20 04:00:00
1758355200000,50.29,51.29,49.65,49.78,15906.198,2025-09-20 08:00:00
1758369600000,49.72,50.87,49.66,50.15,10674.561,2025-09-20 12:00:00
1758384000000,50.12,50.53,49.8,50.26,6275.708,2025-09-20 16:00:00
1758398400000,50.25,50.88,50.12,50.62,5017.43,2025-09-20 20:00:00
1758412800000,50.65,51.45,50.46,51.39,9503.22,2025-09-21 00:00:00
1758427200000,51.41,51.68,50.73,51.26,7047.401,2025-09-21 04:00:00
1758441600000,51.22,52.04,50.41,50.73,15109.458,2025-09-21 08:00:00
1758456000000,50.73,51.88,50.72,51.57,5659.83,2025-09-21 12:00:00
1758470400000,51.58,52.3,50.82,52.04,7896.947,2025-09-21 16:00:00
1758484800000,52.03,52.31,51.24,51.84,7116.948,2025-09-21 20:00:00
1758499200000,51.8,52.17,49.29,49.98,21214.79,2025-09-22 00:00:00
1758513600000,49.99,50.14,46.21,48.13,20044.207,2025-09-22 04:00:00
1758528000000,48.13,48.94,47.68,48.08,9008.4,2025-09-22 08:00:00
1758542400000,48.12,48.55,47.31,48.26,14277.48,2025-09-22 12:00:00
1758556800000,48.19,48.38,47.35,47.51,11826.322,2025-09-22 16:00:00
1758571200000,47.53,48.84,47.33,48.61,12257.039,2025-09-22 20:00:00
1758585600000,48.61,48.99,47.66,48.49,13869.032,2025-09-23 00:00:00
1758600000000,48.48,49.39,47.81,49.21,10465.535,2025-09-23 04:00:00
1758614400000,49.26,49.86,48.94,49.14,6584.031,2025-09-23 08:00:00
1758628800000,49.11,54.0,48.83,53.87,51751.75,2025-09-23 12:00:00
1758643200000,53.81,54.35,52.66,53.04,42445.167,2025-09-23 16:00:00
1758657600000,53.04,55.29,52.74,55.12,29680.952,2025-09-23 20:00:00
1758672000000,55.14,55.3,53.76,53.87,20484.229,2025-09-24 00:00:00
1758686400000,53.86,55.12,53.05,54.71,26679.504,2025-09-24 04:00:00
1758700800000,54.68,54.68,52.3,53.91,42954.734,2025-09-24 08:00:00
1758715200000,53.9,55.03,53.9,54.88,13796.806,2025-09-24 12:00:00
1758729600000,54.95,60.97,54.75,60.57,95929.08,2025-09-24 16:00:00
1758744000000,60.57,61.4,58.54,58.73,66394.842,2025-09-24 20:00:00
1758758400000,58.72,59.64,58.02,58.85,14984.051,2025-09-25 00:00:00
1758772800000,58.85,59.09,57.67,58.36,14996.301,2025-09-25 04:00:00
1758787200000,58.4,60.81,58.0,59.27,62858.862,2025-09-25 08:00:00
1758801600000,59.26,59.26,55.62,56.64,72055.145,2025-09-25 12:00:00
1758816000000,56.64,56.97,55.07,56.11,20444.095,2025-09-25 16:00:00
1758830400000,56.12,56.5,54.08,54.5,27021.038,2025-09-25 20:00:00
1758844800000,54.53,55.22,54.25,54.45,9365.311,2025-09-26 00:00:00
1758859200000,54.43,54.98,54.18,54.79,9350.5,2025-09-26 04:00:00
1758873600000,54.78,55.18,53.28,53.92,17539.642,2025-09-26 08:00:00
1758888000000,53.92,54.73,53.06,54.16,12475.308,2025-09-26 12:00:00
1758902400000,54.03,55.8,53.63,55.17,17750.464,2025-09-26 16:00:00
1758916800000,55.15,56.37,54.8,56.27,13177.551,2025-09-26 20:00:00
1758931200000,56.3,56.32,54.96,56.14,11839.912,2025-09-27 00:00:00
1758945600000,56.12,56.72,55.68,55.85,7842.448,2025-09-27 04:00:00
1758960000000,55.87,55.89,55.11,55.58,3420.744,2025-09-27 08:00:00
1758974400000,55.55,55.59,53.5,54.08,10991.903,2025-09-27 12:00:00
1758988800000,54.05,55.38,53.83,55.01,5852.254,2025-09-27 16:00:00
1759003200000,55.0,56.94,54.47,55.64,12896.658,2025-09-27 20:00:00
1759017600000,55.63,55.68,53.97,54.93,9274.783,2025-09-28 00:00:00
1759032000000,54.96,56.7,54.83,56.65,10384.845,2025-09-28 04:00:00
1759046400000,56.55,58.69,56.22,57.62,18088.545,2025-09-28 08:00:00
1759060800000,57.64,59.25,57.19,58.41,23026.929,2025-09-28 12:00:00
1759075200000,58.41,60.15,58.1,60.07,37222.534,2025-09-28 16:00:00
1759089600000,60.06,61.59,59.99,61.08,33375.104,2025-09-28 20:00:00
1759104000000,61.11,69.31,61.09,65.56,138412.292,2025-09-29 00:00:00
1759118400000,65.5,66.51,63.34,66.07,56878.356,2025-09-29 04:00:00
1759132800000,66.13,69.64,65.94,68.96,78071.884,2025-09-29 08:00:00
1759147200000,68.97,71.0,62.92,67.84,144575.974,2025-09-29 12:00:00
1759161600000,67.79,69.76,67.1,69.57,46754.432,2025-09-29 16:00:00
1759176000000,69.6,73.38,68.71,72.06,61964.002,2025-09-29 20:00:00
1759190400000,72.04,73.33,69.08,69.44,56208.27,2025-09-30 00:00:00
1759204800000,69.45,69.98,67.33,67.58,24010.862,2025-09-30 04:00:00
1759219200000,67.61,68.56,63.1,64.9,89232.361,2025-09-30 08:00:00
1759233600000,64.89,76.48,64.65,73.63,295670.123,2025-09-30 12:00:00
1759248000000,73.73,76.47,72.12,75.79,80231.168,2025-09-30 16:00:00
1759262400000,75.8,77.65,73.52,74.32,31788.975,2025-09-30 20:00:00
1759276800000,74.3,77.65,74.21,76.92,34445.474,2025-10-01 00:00:00
1759291200000,76.95,90.16,76.89,89.37,234090.819,2025-10-01 04:00:00
1759305600000,89.47,98.19,83.87,94.71,346392.361,2025-10-01 08:00:00
1759320000000,94.7,96.36,87.11,92.09,275531.222,2025-10-01 12:00:00
1759334400000,92.15,129.2,91.58,118.34,496813.992,2025-10-01 16:00:00
1759348800000,118.3,124.47,113.77,120.76,255592.61,2025-10-01 20:00:00
1759363200000,120.84,129.72,116.39,122.16,249880.311,2025-10-02 00:00:00
1759377600000,122.07,154.4,120.73,143.0,621682.53,2025-10-02 04:00:00
1759392000000,143.0,152.36,137.62,141.93,344911.644,2025-10-02 08:00:00
1759406400000,142.08,159.84,126.59,132.53,487472.691,2025-10-02 12:00:00
1759420800000,132.54,138.98,126.5,131.7,220933.653,2025-10-02 16:00:00
1759435200000,131.71,134.82,128.89,131.39,129315.247,2025-10-02 20:00:00
1759449600000,131.39,137.83,123.54,125.33,143442.302,2025-10-03 00:00:00
1759464000000,125.25,144.53,124.42,141.41,165944.959,2025-10-03 04:00:00
1759478400000,141.38,158.0,135.47,151.6,242524.533,2025-10-03 08:00:00
1759492800000,151.56,151.99,140.25,150.28,160482.894,2025-10-03 12:00:00
1759507200000,150.14,153.77,135.7,138.85,148230.364,2025-10-03 16:00:00
1759521600000,138.86,140.48,126.71,127.32,108193.047,2025-10-03 20:00:00
1759536000000,127.34,131.0,124.03,128.92,78974.072,2025-10-04 00:00:00
1759550400000,128.93,136.59,128.1,134.3,86854.359,2025-10-04 04:00:00
1759564800000,134.3,138.48,129.7,137.89,77518.987,2025-10-04 08:00:00
1759579200000,137.85,148.89,136.44,142.19,96931.37,2025-10-04 12:00:00
1759593600000,142.24,173.49,140.37,170.15,304422.208,2025-10-04 16:00:00
1759608000000,170.36,176.2,154.48,156.78,202490.497,2025-10-04 20:00:00
1759622400000,156.78,173.0,156.6,159.21,160579.649,2025-10-05 00:00:00
1759636800000,159.13,163.47,157.4,160.95,93609.935,2025-10-05 04:00:00
1759651200000,160.85,161.26,144.5,145.41,158468.308,2025-10-05 08:00:00
1759665600000,145.41,153.94,143.58,149.66,119114.473,2025-10-05 12:00:00
1759680000000,149.67,172.8,149.31,162.83,203151.87,2025-10-05 16:00:00
1759694400000,162.83,170.79,160.0,165.35,94554.126,2025-10-05 20:00:00
1759708800000,165.41,169.61,159.62,161.3,54866.898,2025-10-06 00:00:00
1759723200000,161.3,162.78,154.58,160.19,66476.712,2025-10-06 04:00:00
1759737600000,160.15,177.36,158.37,171.59,136366.506,2025-10-06 08:00:00
1759752000000,171.52,174.16,159.28,163.28,128858.378,2025-10-06 12:00:00
1759766400000,163.2,166.34,156.69,161.51,113441.626,2025-10-06 16:00:00
1759780800000,161.44,162.42,155.11,155.96,50116.915,2025-10-06 20:00:00
1759795200000,156.06,161.08,146.95,148.06,78990.75,2025-10-07 00:00:00
1759809600000,148.09,148.51,142.3,145.75,76109.636,2025-10-07 04:00:00
1759824000000,145.74,155.5,142.6,144.93,111167.73,2025-10-07 08:00:00
1759838400000,144.9,148.61,130.61,137.08,169615.821,2025-10-07 12:00:00
1759852800000,137.12,146.47,120.67,129.57,286146.79,2025-10-07 16:00:00
1759867200000,129.58,134.79,124.62,127.26,102807.432,2025-10-07 20:00:00
1759881600000,127.26,135.93,125.9,134.42,97752.512,2025-10-08 00:00:00
1759896000000,134.42,139.44,129.62,135.27,51583.247,2025-10-08 04:00:00
1759910400000,135.26,142.5,131.63,139.76,91750.117,2025-10-08 08:00:00
1759924800000,139.79,169.01,137.56,166.15,294245.797,2025-10-08 12:00:00
1759939200000,166.15,185.57,164.5,175.06,312079.84,2025-10-08 16:00:00
1759953600000,175.11,185.38,170.11,177.56,139825.945,2025-10-08 20:00:00
1759968000000,177.6,180.37,165.0,169.91,134855.138,2025-10-09 00:00:00
1759982400000,169.89,186.28,167.18,179.56,120991.124,2025-10-09 04:00:00
1759996800000,179.47,195.06,163.2,191.46,244683.586,2025-10-09 08:00:00
1760011200000,191.46,196.0,179.95,188.16,234074.054,2025-10-09 12:00:00
1760025600000,188.09,217.89,185.49,213.71,386808.699,2025-10-09 16:00:00
1760040000000,213.79,217.79,208.01,212.57,126321.183,2025-10-09 20:00:00
1760054400000,212.69,240.0,210.0,231.61,290201.375,2025-10-10 00:00:00
1760068800000,231.47,274.0,223.0,227.07,386034.887,2025-10-10 04:00:00
1760083200000,226.97,240.43,220.67,228.0,175694.995,2025-10-10 08:00:00
1760097600000,228.06,243.94,197.25,228.59,349803.32,2025-10-10 12:00:00
1760112000000,228.51,251.9,225.0,236.58,271410.217,2025-10-10 16:00:00
1760126400000,236.55,249.0,147.55,225.28,511972.607,2025-10-10 20:00:00
1760140800000,225.72,236.52,207.27,218.34,189996.593,2025-10-11 00:00:00
1760155200000,218.34,273.0,210.0,267.18,242168.175,2025-10-11 04:00:00
1760169600000,267.32,290.5,251.0,263.53,386530.861,2025-10-11 08:00:00
1760184000000,263.47,286.54,258.01,262.52,264763.606,2025-10-11 12:00:00
1760198400000,262.52,294.8,260.4,290.9,206063.932,2025-10-11 16:00:00
1760212800000,290.9,298.05,270.88,291.0,202710.832,2025-10-11 20:00:00
1760227200000,291.0,296.31,262.38,272.01,182290.819,2025-10-12 00:00:00
1760241600000,271.89,293.22,264.26,288.11,129574.748,2025-10-12 04:00:00
1760256000000,288.01,290.64,264.12,267.75,122220.973,2025-10-12 08:00:00
1760270400000,267.73,271.93,245.28,251.36,233979.206,2025-10-12 12:00:00
1760284800000,251.34,264.7,245.65,259.14,130572.369,2025-10-12 16:00:00
1760299200000,259.17,279.0,254.02,260.42,123114.057,2025-10-12 20:00:00
1760313600000,260.37,279.2,258.41,271.43,86813.974,2025-10-13 00:00:00
1760328000000,271.37,290.0,265.12,267.03,102429.809,2025-10-13 04:00:00
1760342400000,267.1,268.73,240.01,246.44,115612.398,2025-10-13 08:00:00
1760356800000,246.4,254.47,235.0,245.45,146965.402,2025-10-13 12:00:00
1760371200000,245.43,259.76,242.27,254.68,93840.147,2025-10-13 16:00:00
1760385600000,254.67,273.28,246.73,249.13,115151.713,2025-10-13 20:00:00
1760400000000,249.16,249.8,235.08,236.31,88193.194,2025-10-14 00:00:00
1760414400000,236.28,239.12,221.0,224.71,137451.499,2025-10-14 04:00:00
1760428800000,224.64,233.3,217.59,226.96,107353.318,2025-10-14 08:00:00
1760443200000,226.93,264.89,220.0,257.79,195653.834,2025-10-14 12:00:00
1760457600000,257.9,263.4,232.27,234.41,166620.294,2025-10-14 16:00:00
1760472000000,234.48,255.45,234.03,247.78,82063.082,2025-10-14 20:00:00
1760486400000,247.74,264.44,240.42,250.01,81670.446,2025-10-15 00:00:00
1760500800000,250.08,271.0,246.25,262.24,113156.882,2025-10-15 04:00:00
1760515200000,262.23,278.0,259.26,265.39,148637.849,2025-10-15 08:00:00
1760529600000,265.31,272.0,248.5,252.78,122791.469,2025-10-15 12:00:00
1760544000000,252.84,255.44,237.0,240.24,84584.4,2025-10-15 16:00:00
1760558400000,240.19,242.48,224.21,230.01,112205.097,2025-10-15 20:00:00
1760572800000,230.05,236.0,222.0,231.57,70143.419,2025-10-16 00:00:00
1760587200000,231.57,246.03,225.74,241.15,103147.371,2025-10-16 04:00:00
1760601600000,241.23,242.97,231.9,236.46,94519.417,2025-10-16 08:00:00
1760616000000,236.46,240.95,219.08,219.33,164878.281,2025-10-16 12:00:00
1760630400000,219.33,226.56,208.55,214.48,211057.688,2025-10-16 16:00:00
1760644800000,214.46,220.18,202.44,205.07,142215.545,2025-10-16 20:00:00
1760659200000,205.06,224.0,203.91,213.87,92405.788,2025-10-17 00:00:00
1760673600000,213.85,219.02,189.53,192.43,165774.764,2025-10-17 04:00:00
1760688000000,192.48,208.5,187.02,206.84,191844.751,2025-10-17 08:00:00
1760702400000,206.69,216.72,205.64,211.09,150174.986,2025-10-17 12:00:00
1760716800000,211.12,224.64,210.61,214.71,124165.716,2025-10-17 16:00:00
1760731200000,214.83,234.75,212.79,217.8,124488.79,2025-10-17 20:00:00
1760745600000,217.84,223.02,210.68,213.7,54353.878,2025-10-18 00:00:00
1760760000000,213.66,222.42,210.3,217.28,52883.139,2025-10-18 04:00:00
1760774400000,217.11,226.98,213.01,223.19,56612.936,2025-10-18 08:00:00
1760788800000,223.27,225.77,212.52,213.49,64638.848,2025-10-18 12:00:00
1760803200000,213.48,225.0,210.0,223.89,56545.882,2025-10-18 16:00:00
1760817600000,223.91,225.0,215.36,221.36,39977.676,2025-10-18 20:00:00
1760832000000,221.39,229.34,217.48,225.89,50414.094,2025-10-19 00:00:00
1760846400000,225.89,229.48,215.52,218.1,44489.623,2025-10-19 04:00:00
1760860800000,218.07,223.72,211.2,218.1,75526.532,2025-10-19 08:00:00
1760875200000,218.1,228.5,212.99,225.57,74182.432,2025-10-19 12:00:00
1760889600000,225.57,240.4,222.09,233.07,105535.287,2025-10-19 16:00:00
1760904000000,233.07,244.83,231.94,235.77,66730.581,2025-10-19 20:00:00
1760918400000,235.8,244.07,229.53,242.8,87905.464,2025-10-20 00:00:00
1760932800000,242.79,249.27,237.0,238.23,87536.556,2025-10-20 04:00:00
1760947200000,238.22,252.25,236.05,251.86,77598.886,2025-10-20 08:00:00
1760961600000,251.92,266.0,246.43,260.59,150362.107,2025-10-20 12:00:00
1760976000000,260.55,284.56,248.66,274.85,220933.27,2025-10-20 16:00:00
1760990400000,274.83,278.23,265.1,268.61,59816.341,2025-10-20 20:00:00
1761004800000,268.57,270.73,261.5,263.48,48037.946,2025-10-21 00:00:00
1761019200000,263.4,263.93,249.24,255.36,71619.889,2025-10-21 04:00:00
1761033600000,255.32,274.59,245.58,274.16,121912.311,2025-10-21 08:00:00
1761048000000,274.14,296.64,263.0,292.33,250779.33,2025-10-21 12:00:00
1761062400000,292.22,310.0,270.5,278.23,284048.66374,2025-10-21 16:00:00
1761076800000,278.23,280.99,261.11,262.93,82141.066,2025-10-21 20:00:00
1761091200000,262.9,269.96,252.87,265.8,91566.438,2025-10-22 00:00:00
1761105600000,265.78,281.95,262.42,276.65,143569.908,2025-10-22 04:00:00
1761120000000,276.66,281.05,265.39,271.65,89698.054,2025-10-22 08:00:00
1761134400000,271.68,277.77,255.3,259.53,173841.625,2025-10-22 12:00:00
1761148800000,259.55,263.1,232.07,245.74,184403.706,2025-10-22 16:00:00
1761163200000,245.82,245.96,226.26,238.65,143919.942,2025-10-22 20:00:00
1761177600000,238.77,245.37,235.51,241.42,77848.07,2025-10-23 00:00:00
1761192000000,241.4,252.78,233.51,239.88,143166.422,2025-10-23 04:00:00
1761206400000,239.93,243.11,231.01,233.01,73731.005,2025-10-23 08:00:00
1761220800000,233.0,241.35,228.62,237.55,125088.219,2025-10-23 12:00:00
1761235200000,237.56,245.92,233.05,237.59,86541.535,2025-10-23 16:00:00
1761249600000,237.64,244.32,232.59,243.56,57025.628,2025-10-23 20:00:00
1761264000000,243.49,263.0,239.99,258.28,120156.303,2025-10-24 00:00:00
1761278400000,258.26,269.61,252.73,257.0,79603.828,2025-10-24 04:00:00
1761292800000,256.98,267.44,254.05,263.45,64846.351,2025-10-24 08:00:00
1761307200000,263.55,273.37,249.28,252.97,160427.46,2025-10-24 12:00:00
1761321600000,253.08,265.43,248.88,258.47,73317.164,2025-10-24 16:00:00
1761336000000,258.44,272.93,257.61,269.94,67578.183,2025-10-24 20:00:00
1761350400000,269.94,275.1,265.5,266.96,48022.113,2025-10-25 00:00:00
1761364800000,266.93,272.33,266.02,268.68,34606.833,2025-10-25 04:00:00
1761379200000,268.67,274.99,267.0,270.84,44132.466,2025-10-25 08:00:00
1761393600000,270.81,275.7,267.3,269.24,69406.351,2025-10-25 12:00:00
1761408000000,269.23,275.98,268.99,272.25,54846.523,2025-10-25 16:00:00
1761422400000,272.27,284.75,271.16,276.12,85754.643,2025-10-25 20:00:00
1761436800000,276.14,291.99,272.0,287.83,84657.209,2025-10-26 00:00:00
1761451200000,287.74,301.1,285.03,299.3,118436.752,2025-10-26 04:00:00
1761465600000,299.3,318.7,297.22,316.08,232623.79448,2025-10-26 08:00:00
1761480000000,316.03,359.0,314.34,353.63,359841.95654,2025-10-26 12:00:00
1761494400000,353.65,359.42,334.13,350.04,256142.281,2025-10-26 16:00:00
1761508800000,350.06,358.0,325.0,325.24,166164.021,2025-10-26 20:00:00
1761523200000,325.28,374.74,325.28,372.02,224226.07219,2025-10-27 00:00:00
1761537600000,372.06,373.81,345.09,346.53,148366.138,2025-10-27 04:00:00
1761552000000,346.5,360.0,345.17,359.02,98744.845,2025-10-27 08:00:00
1761566400000,359.0,368.9,350.1,359.9,114723.337,2025-10-27 12:00:00
1761580800000,359.97,373.7,341.22,344.68,134867.694,2025-10-27 16:00:00
1761595200000,344.65,349.47,334.1,341.75,108075.001,2025-10-27 20:00:00
1761609600000,341.78,343.83,321.3,331.64,144552.867,2025-10-28 00:00:00
1761624000000,331.58,338.12,320.34,324.36,74839.119,2025-10-28 04:00:00
1761638400000,324.42,333.57,320.0,326.47,61796.758,2025-10-28 08:00:00
1761652800000,326.47,343.88,324.03,327.5,149162.466,2025-10-28 12:00:00
1761667200000,327.6,327.6,308.87,315.57,146234.845,2025-10-28 16:00:00
1761681600000,315.52,323.94,307.84,315.85,77371.013,2025-10-28 20:00:00
1761696000000,315.85,324.0,309.77,318.87,67096.659,2025-10-29 00:00:00
1761710400000,318.77,323.95,314.03,316.95,40211.925,2025-10-29 04:00:00
1761724800000,316.96,335.4,311.31,330.81,114876.61,2025-10-29 08:00:00
1761739200000,330.8,349.88,327.0,330.3,164112.943,2025-10-29 12:00:00
1761753600000,330.29,355.86,326.73,347.09,175947.523,2025-10-29 16:00:00
1761768000000,347.12,363.46,346.97,351.59,91655.322,2025-10-29 20:00:00
1761782400000,351.63,368.47,341.54,355.61,97179.223,2025-10-30 00:00:00
1761796800000,355.56,363.0,337.12,362.87,144018.656,2025-10-30 04:00:00
1761811200000,362.96,367.0,355.43,358.79,93270.127,2025-10-30 08:00:00
1761825600000,358.77,360.07,324.31,328.66,190350.967,2025-10-30 12:00:00
1761840000000,328.7,338.57,298.03,312.31,211213.175,2025-10-30 16:00:00
1761854400000,312.31,347.99,311.32,345.56,176140.737,2025-10-30 20:00:00
1761868800000,345.56,374.79,339.45,369.45,220228.362,2025-10-31 00:00:00
1761883200000,369.48,391.43,366.0,385.33,237034.2337,2025-10-31 04:00:00
1761897600000,385.36,389.14,360.71,371.34,169421.735,2025-10-31 08:00:00
1761912000000,371.32,389.51,358.04,383.51,196679.508,2025-10-31 12:00:00
1761926400000,383.52,387.29,363.0,383.12,169629.986,2025-10-31 16:00:00
1761940800000,383.1,414.23,380.0,404.54,217076.46712,2025-10-31 20:00:00
1761955200000,404.57,440.0,398.0,434.23,177754.46425,2025-11-01 00:00:00
1761969600000,434.22,449.8,418.36,443.46,172650.44244,2025-11-01 04:00:00
1761984000000,443.48,443.5,417.01,421.42,154805.86,2025-11-01 08:00:00
1761998400000,421.48,427.68,393.38,418.86,233817.104,2025-11-01 12:00:00
1762012800000,418.88,426.0,407.57,424.48,84279.508,2025-11-01 16:00:00
1762027200000,424.49,432.05,409.8,412.13,72401.723,2025-11-01 20:00:00
1762041600000,412.07,432.5,397.84,418.74,104369.732,2025-11-02 00:00:00
1762056000000,418.74,421.53,406.79,419.65,85609.303,2025-11-02 04:00:00
1762070400000,419.62,430.0,410.96,412.84,107117.234,2025-11-02 08:00:00
1762084800000,412.85,416.99,372.5,376.41,181389.979,2025-11-02 12:00:00
1762099200000,376.33,400.18,367.2,397.21,134440.327,2025-11-02 16:00:00
1762113600000,397.21,422.45,391.5,418.52,98958.933,2025-11-02 20:00:00
1762128000000,418.4,419.44,382.67,387.47,139398.828,2025-11-03 00:00:00
1762142400000,387.39,399.14,378.59,392.76,103477.139,2025-11-03 04:00:00
1762156800000,392.76,394.31,377.0,391.74,81837.223,2025-11-03 08:00:00
1762171200000,391.79,403.74,374.68,389.58,124165.263,2025-11-03 12:00:00
1762185600000,389.6,420.91,387.36,407.76,155989.467,2025-11-03 16:00:00
1762200000000,407.76,435.93,406.24,433.88,119959.222,2025-11-03 20:00:00
1762214400000,433.83,476.24,410.42,471.04,427903.24776,2025-11-04 00:00:00
1762228800000,471.09,484.84,448.01,465.98,273783.0712,2025-11-04 04:00:00
1762243200000,465.89,485.03,400.0,409.1,322861.189,2025-11-04 08:00:00
1762257600000,409.24,429.14,370.32,395.85,497711.86,2025-11-04 12:00:00
1762272000000,395.91,418.02,380.6,404.75,255041.321,2025-11-04 16:00:00
1762286400000,404.67,452.28,388.13,441.8,254084.29,2025-11-04 20:00:00
1762300800000,441.9,444.5,411.16,424.17,123238.262,2025-11-05 00:00:00
1762315200000,424.15,440.0,413.0,436.42,83883.0,2025-11-05 04:00:00
1762329600000,436.41,461.14,427.18,454.99,122962.094,2025-11-05 08:00:00
1762344000000,455.03,497.5,450.44,482.88,182672.14174,2025-11-05 12:00:00
1762358400000,482.88,499.0,461.07,489.85,301396.316,2025-11-05 16:00:00
1762372800000,489.85,507.99,467.62,478.33,144577.1389,2025-11-05 20:00:00
1762387200000,478.34,495.5,469.08,488.5,103135.73,2025-11-06 00:00:00
1762401600000,488.43,523.66,488.24,522.09,187124.793,2025-11-06 04:00:00
1762416000000,521.97,536.3,507.01,533.4,143875.485,2025-11-06 08:00:00
1762430400000,533.24,551.59,509.56,516.91,192088.99541,2025-11-06 12:00:00
1762444800000,516.9,545.74,501.69,537.2,211986.257,2025-11-06 16:00:00
1762459200000,537.22,538.88,511.4,535.84,74378.442,2025-11-06 20:00:00
1762473600000,535.83,592.58,525.17,584.99,171270.51659,2025-11-07 00:00:00
1762488000000,584.87,634.63,575.57,623.94,188975.91748,2025-11-07 04:00:00
1762502400000,624.09,665.0,593.7,627.93,409754.67854,2025-11-07 08:00:00
1762516800000,628.18,750.0,602.13,671.43,648821.9791,2025-11-07 12:00:00
1762531200000,671.36,746.0,670.02,682.95,672013.564,2025-11-07 16:00:00
1762545600000,682.91,714.38,639.0,645.44,349057.34,2025-11-07 20:00:00
1762560000000,645.48,658.93,593.8,594.97,236455.332,2025-11-08 00:00:00
1762574400000,594.97,608.2,532.0,584.22,366507.497,2025-11-08 04:00:00
1762588800000,584.26,589.95,528.55,538.44,231787.069,2025-11-08 08:00:00
1762603200000,538.46,564.62,505.28,511.54,264160.385,2025-11-08 12:00:00
1762617600000,511.55,627.0,488.07,588.09,1124475.806,2025-11-08 16:00:00
1762632000000,588.09,620.0,568.02,600.77,160321.299,2025-11-08 20:00:00
1762646400000,600.71,603.51,534.0,540.73,170285.217,2025-11-09 00:00:00
1762660800000,540.73,610.0,529.34,588.69,171890.085,2025-11-09 04:00:00
1762675200000,588.69,619.0,571.0,606.58,159123.408,2025-11-09 08:00:00
1762689600000,606.57,657.18,594.21,645.08,209756.693,2025-11-09 12:00:00
1762704000000,645.08,669.39,625.88,643.44,289528.481,2025-11-09 16:00:00
1762718400000,643.44,647.6,607.1,615.8,146572.404,2025-11-09 20:00:00
1762732800000,615.8,669.12,607.6,660.96,144802.023,2025-11-10 00:00:00
1762747200000,660.96,684.28,638.87,679.95,98178.779,2025-11-10 04:00:00
1762761600000,680.03,680.85,625.03,636.47,107938.066,2025-11-10 08:00:00
1762776000000,636.46,639.66,596.05,612.5,592140.101,2025-11-10 12:00:00
1762790400000,612.6,622.0,524.98,588.51,1536188.25,2025-11-10 16:00:00
1762804800000,588.58,598.05,512.37,522.13,850951.135,2025-11-10 20:00:00
1762819200000,522.18,600.0,503.02,537.99,423557.478,2025-11-11 00:00:00
1762833600000,538.02,548.89,471.48,473.17,389231.518,2025-11-11 04:00:00
1762848000000,472.96,496.66,467.52,478.96,241410.742,2025-11-11 08:00:00
1762862400000,479.12,520.8,460.44,506.35,368464.663,2025-11-11 12:00:00
1762876800000,506.25,521.0,481.33,483.56,143796.788,2025-11-11 16:00:00
1762891200000,483.56,488.05,440.44,443.43,162258.213,2025-11-11 20:00:00
1762905600000,443.48,483.8,424.15,467.73,367251.604,2025-11-12 00:00:00
1762920000000,467.72,474.0,446.28,457.53,109393.255,2025-11-12 04:00:00
1762934400000,457.53,487.72,456.55,475.69,264027.829,2025-11-12 08:00:00
1762948800000,475.7,483.52,449.09,455.01,186637.277,2025-11-12 12:00:00
1762963200000,455.01,493.9,445.79,491.77,198785.797,2025-11-12 16:00:00
1762977600000,491.97,547.76,491.1,504.91,302480.665,2025-11-12 20:00:00
1762992000000,504.91,528.77,489.41,513.01,192143.388,2025-11-13 00:00:00
1763006400000,513.01,523.29,491.27,495.77,111235.498,2025-11-13 04:00:00
1763020800000,495.69,508.9,488.79,506.59,134297.41,2025-11-13 08:00:00
1763035200000,506.81,513.33,475.7,496.76,157072.451,2025-11-13 12:00:00
1763049600000,496.83,526.38,469.71,505.21,241205.794,2025-11-13 16:00:00
1763064000000,505.26,536.97,486.0,519.51,161353.663,2025-11-13 20:00:00
1763078400000,519.6,522.17,504.11,511.42,95378.287,2025-11-14 00:00:00
1763092800000,511.4,511.73,483.51,507.75,186697.305,2025-11-14 04:00:00
1763107200000,507.75,534.99,504.35,529.26,144659.979,2025-11-14 08:00:00
1763121600000,529.17,593.8,518.7,588.19,420969.062,2025-11-14 12:00:00
1763136000000,588.22,602.1,562.45,585.22,242769.328,2025-11-14 16:00:00
1763150400000,585.22,614.93,571.52,608.68,106921.989,2025-11-14 20:00:00
1763164800000,608.71,743.0,598.56,688.99,322228.35,2025-11-15 00:00:00
1763179200000,689.24,732.56,671.24,683.08,292624.565,2025-11-15 04:00:00
1763193600000,683.09,687.19,625.33,647.58,276177.26,2025-11-15 08:00:00
1763208000000,647.4,710.0,623.97,672.0,276760.721,2025-11-15 12:00:00
1763222400000,671.92,682.25,632.89,672.87,147788.463,2025-11-15 16:00:00
1763236800000,672.85,695.68,653.64,670.84,121995.126,2025-11-15 20:00:00
1763251200000,670.78,713.55,649.0,689.53,146104.645,2025-11-16 00:00:00
1763265600000,689.53,703.3,655.97,681.67,209157.354,2025-11-16 04:00:00
1763280000000,681.42,730.0,666.46,699.27,542391.145,2025-11-16 08:00:00
1763294400000,699.27,735.0,695.15,702.37,493026.828,2025-11-16 12:00:00
1763308800000,702.42,740.0,667.08,670.29,563544.66,2025-11-16 16:00:00
1763323200000,670.46,711.0,655.01,699.0,138614.404,2025-11-16 20:00:00
1763337600000,699.15,728.66,690.0,696.7,450473.628,2025-11-17 00:00:00
1763352000000,696.66,701.97,678.0,680.73,107110.77,2025-11-17 04:00:00
1763366400000,680.8,690.24,666.37,684.44,93681.101,2025-11-17 08:00:00
1763380800000,684.33,700.0,643.49,674.07,195143.91,2025-11-17 12:00:00
1763395200000,674.04,694.77,622.53,629.85,201530.952,2025-11-17 16:00:00
1763409600000,629.9,658.41,605.61,610.54,153298.996,2025-11-17 20:00:00
1763424000000,610.54,633.75,595.71,633.01,174914.741,2025-11-18 00:00:00
1763438400000,633.37,634.25,579.03,589.34,152689.739,2025-11-18 04:00:00
1763452800000,589.57,608.47,565.03,569.32,131699.587,2025-11-18 08:00:00
1763467200000,569.29,596.61,545.0,579.25,309155.477,2025-11-18 12:00:00
1763481600000,579.26,654.95,574.28,637.9,343134.059,2025-11-18 16:00:00
1763496000000,637.95,638.62,615.1,625.26,80822.583,2025-11-18 20:00:00
1763510400000,625.08,625.43,596.64,600.56,93089.788,2025-11-19 00:00:00
1763524800000,600.44,608.0,581.74,602.46,88789.206,2025-11-19 04:00:00
1763539200000,602.38,627.69,596.25,621.6,75468.783,2025-11-19 08:00:00
1763553600000,621.63,650.0,610.4,625.21,139826.123,2025-11-19 12:00:00
1763568000000,625.06,641.13,592.1,622.59,410211.639,2025-11-19 16:00:00
1763582400000,622.55,685.99,621.23,674.7,276180.111,2025-11-19 20:00:00
1763596800000,674.71,706.66,659.11,693.13,140301.905,2025-11-20 00:00:00
1763611200000,692.91,703.42,666.45,672.15,92937.342,2025-11-20 04:00:00
1763625600000,672.13,683.09,665.54,672.7,70814.916,2025-11-20 08:00:00
1763640000000,672.77,718.0,670.93,687.4,286048.217,2025-11-20 12:00:00
1763654400000,687.36,714.56,676.5,690.57,383464.485,2025-11-20 16:00:00
1763668800000,690.57,706.76,653.37,655.82,111892.958,2025-11-20 20:00:00
1763683200000,655.82,688.21,647.89,647.92,111178.741,2025-11-21 00:00:00
1763697600000,647.89,687.99,637.52,684.34,129343.491,2025-11-21 04:00:00
1763712000000,684.33,699.0,604.14,618.5,266456.417,2025-11-21 08:00:00
1763726400000,618.47,646.0,595.08,616.33,262113.588,2025-11-21 12:00:00
1763740800000,616.26,627.52,577.33,590.92,215436.204,2025-11-21 16:00:00
1763755200000,590.68,591.42,512.75,550.76,233738.347,2025-11-21 20:00:00
1763769600000,550.76,550.9,515.03,519.48,465107.006,2025-11-22 00:00:00
1763784000000,519.46,523.46,470.32,515.01,478407.833,2025-11-22 04:00:00
1763798400000,515.03,530.66,490.38,513.44,207369.946,2025-11-22 08:00:00
1763812800000,513.47,527.84,497.31,522.34,254094.021,2025-11-22 12:00:00
1763827200000,522.29,524.5,500.0,502.55,101480.233,2025-11-22 16:00:00
1763841600000,502.56,524.27,485.08,518.0,275509.577,2025-11-22 20:00:00
1763856000000,518.0,605.0,514.48,582.38,236518.554,2025-11-23 00:00:00
1763870400000,582.23,597.47,553.5,570.58,152081.878,2025-11-23 04:00:00
1763884800000,570.59,582.06,559.71,568.4,91451.857,2025-11-23 08:00:00
1763899200000,568.4,588.08,563.71,577.71,95795.257,2025-11-23 12:00:00
1763913600000,577.62,610.92,567.65,605.24,92943.117,2025-11-23 16:00:00
1763928000000,605.23,606.39,570.06,572.91,91849.086,2025-11-23 20:00:00
1763942400000,572.8,590.4,561.61,583.28,101558.935,2025-11-24 00:00:00
1763956800000,583.33,584.5,529.0,544.59,112984.679,2025-11-24 04:00:00
1763971200000,544.59,550.0,531.79,545.98,61467.875,2025-11-24 08:00:00
1763985600000,545.95,573.22,535.1,564.69,108917.466,2025-11-24 12:00:00
1764000000000,564.73,595.0,557.05,562.31,122586.027,2025-11-24 16:00:00
1764014400000,562.48,565.8,515.58,519.94,118992.958,2025-11-24 20:00:00
1764028800000,519.92,534.37,500.3,510.87,125970.052,2025-11-25 00:00:00
1764043200000,510.87,532.97,507.32,509.32,85084.347,2025-11-25 04:00:00
1764057600000,509.1,518.07,483.2,497.43,129315.755,2025-11-25 08:00:00
1764072000000,497.59,512.75,493.27,498.72,102645.034,2025-11-25 12:00:00
1764086400000,498.77,508.0,481.52,491.52,109283.3,2025-11-25 16:00:00
1764100800000,491.58,514.76,485.4,511.31,90024.23,2025-11-25 20:00:00
1764115200000,511.31,529.52,507.6,517.76,78532.518,2025-11-26 00:00:00
1764129600000,517.77,520.51,497.5,504.71,65236.266,2025-11-26 04:00:00
1764144000000,504.71,507.75,491.52,494.87,63483.975,2025-11-26 08:00:00
1764158400000,494.86,510.78,492.67,503.09,67017.945,2025-11-26 12:00:00
1764172800000,503.07,526.14,500.34,513.42,101720.1,2025-11-26 16:00:00
1764187200000,513.49,535.97,510.83,527.05,75746.993,2025-11-26 20:00:00
1764201600000,527.09,549.86,515.37,518.55,141746.28,2025-11-27 00:00:00
1764216000000,518.43,528.66,503.0,510.07,79889.423,2025-11-27 04:00:00
1764230400000,510.03,519.0,504.0,505.93,44792.78,2025-11-27 08:00:00
1764244800000,505.97,507.43,493.64,501.78,63964.073,2025-11-27 12:00:00
1764259200000,501.72,509.09,498.48,499.45,41463.126,2025-11-27 16:00:00
1764273600000,499.44,504.12,482.18,490.07,57122.187,2025-11-27 20:00:00
1764288000000,490.07,490.51,448.0,472.86,148468.644,2025-11-28 00:00:00
1764302400000,472.79,478.55,467.11,473.92,42238.658,2025-11-28 04:00:00
1764316800000,473.93,484.98,469.42,470.24,49779.624,2025-11-28 08:00:00
1764331200000,470.21,484.2,461.58,470.28,77215.817,2025-11-28 12:00:00
1764345600000,470.23,470.65,455.92,460.74,62634.688,2025-11-28 16:00:00
1764360000000,460.7,465.09,450.08,452.02,54582.631,2025-11-28 20:00:00
1764374400000,452.06,467.41,438.18,461.97,84575.416,2025-11-29 00:00:00
1764388800000,461.97,472.59,461.5,465.74,38131.098,2025-11-29 04:00:00
1764403200000,465.77,474.28,462.78,464.02,34750.282,2025-11-29 08:00:00
1764417600000,464.11,465.17,455.11,459.87,38886.283,2025-11-29 12:00:00
1764432000000,459.89,462.5,448.42,455.3,45069.22,2025-11-29 16:00:00
1764446400000,455.31,463.75,450.39,460.48,32160.165,2025-11-29 20:00:00
1764460800000,460.43,470.59,454.76,456.72,37681.364,2025-11-30 00:00:00
1764475200000,456.73,461.68,454.0,461.05,40679.328,2025-11-30 04:00:00
1764489600000,461.13,461.26,445.39,448.81,48833.38,2025-11-30 08:00:00
1764504000000,448.82,457.46,434.5,441.99,116910.815,2025-11-30 12:00:00
1764518400000,441.89,447.2,433.03,435.32,63850.637,2025-11-30 16:00:00
1764532800000,435.36,442.33,425.48,427.94,69726.238,2025-11-30 20:00:00
1764547200000,427.82,430.16,371.71,373.79,275101.761,2025-12-01 00:00:00
1764561600000,373.79,377.78,351.28,358.25,189675.018,2025-12-01 04:00:00
1764576000000,358.24,368.79,355.92,363.44,86846.192,2025-12-01 08:00:00
1764590400000,363.45,366.66,327.67,360.74,335599.872,2025-12-01 12:00:00
1764604800000,360.83,363.34,321.52,336.71,227147.427,2025-12-01 16:00:00
1764619200000,336.66,355.48,335.1,343.91,121821.102,2025-12-01 20:00:00
1764633600000,343.94,356.01,330.09,337.31,106751.651,2025-12-02 00:00:00
1764648000000,337.26,338.18,322.0,327.1,107616.541,2025-12-02 04:00:00
1764662400000,327.01,337.5,314.65,328.34,125993.551,2025-12-02 08:00:00
1764676800000,328.31,385.44,322.62,372.9,282305.046,2025-12-02 12:00:00
1764691200000,372.98,374.6,328.41,330.18,271904.809,2025-12-02 16:00:00
1764705600000,330.01,334.86,305.37,312.81,250998.534,2025-12-02 20:00:00
1764720000000,312.86,321.17,301.14,309.5,161207.046,2025-12-03 00:00:00
1764734400000,309.5,340.64,308.99,328.16,232242.204,2025-12-03 04:00:00
1764748800000,328.15,352.31,318.69,334.94,189446.88,2025-12-03 08:00:00
1764763200000,334.93,348.41,327.61,331.62,190675.572,2025-12-03 12:00:00
1764777600000,331.6,380.0,331.57,374.56,258479.599,2025-12-03 16:00:00
1764792000000,374.61,374.7,335.19,338.72,218443.479,2025-12-03 20:00:00
1764806400000,338.81,357.12,335.11,355.89,110142.206,2025-12-04 00:00:00
1764820800000,355.86,365.16,351.75,361.13,92754.115,2025-12-04 04:00:00
1764835200000,361.13,369.21,356.87,368.83,85041.66,2025-12-04 08:00:00
1764849600000,368.86,369.53,346.34,353.17,128985.892,2025-12-04 12:00:00
1764864000000,353.18,364.49,346.66,353.63,112451.177,2025-12-04 16:00:00
1764878400000,353.63,369.0,349.42,367.57,86244.625,2025-12-04 20:00:00
1764892800000,367.58,399.74,366.86,386.65,266614.375,2025-12-05 00:00:00
1764907200000,386.66,409.32,381.83,399.91,149724.807,2025-12-05 04:00:00
1764921600000,399.92,400.39,369.9,378.53,129354.305,2025-12-05 08:00:00
1764936000000,378.67,389.51,373.47,377.96,160510.414,2025-12-05 12:00:00
1764950400000,377.95,378.72,360.66,368.97,143506.427,2025-12-05 16:00:00
1764964800000,368.97,369.47,351.88,360.07,79291.019,2025-12-05 20:00:00
1764979200000,360.08,362.21,347.01,352.9,80721.096,2025-12-06 00:00:00
1764993600000,352.93,356.08,348.34,353.58,50902.434,2025-12-06 04:00:00
1765008000000,353.59,355.75,336.41,341.72,146192.547,2025-12-06 08:00:00
1765022400000,341.74,344.95,328.0,330.6,109950.559,2025-12-06 12:00:00
1765036800000,330.57,341.23,328.55,330.7,90141.553,2025-12-06 16:00:00
1765051200000,330.71,344.91,326.19,341.55,64865.807,2025-12-06 20:00:00
1765065600000,341.52,343.41,332.33,339.38,57710.725,2025-12-07 00:00:00
1765080000000,339.37,349.62,338.05,340.25,46634.101,2025-12-07 04:00:00
1765094400000,340.23,346.74,334.15,343.78,56512.454,2025-12-07 08:00:00
1765108800000,343.83,353.0,331.39,341.87,130030.211,2025-12-07 12:00:00
1765123200000,341.87,349.98,334.32,347.52,94616.571,2025-12-07 16:00:00
1765137600000,347.48,353.8,332.62,342.78,77301.336,2025-12-07 20:00:00
1765152000000,342.81,352.02,341.26,350.45,60684.66,2025-12-08 00:00:00
1765166400000,350.44,376.03,349.36,368.83,130178.827,2025-12-08 04:00:00
1765180800000,368.82,399.62,368.44,386.17,161425.319,2025-12-08 08:00:00
1765195200000,386.21,410.0,379.27,402.21,227950.138,2025-12-08 12:00:00
1765209600000,402.19,426.15,399.38,405.12,189655.203,2025-12-08 16:00:00
1765224000000,405.16,419.15,403.52,405.48,95890.004,2025-12-08 20:00:00
1765238400000,405.31,418.97,390.4,401.45,106115.284,2025-12-09 00:00:00
1765252800000,401.57,422.07,392.61,418.44,124712.523,2025-12-09 04:00:00
1765267200000,418.51,425.94,403.17,415.87,94544.319,2025-12-09 08:00:00
1765281600000,415.86,446.17,414.7,443.44,221509.807,2025-12-09 12:00:00
1765296000000,443.44,449.99,432.3,432.96,133820.826,2025-12-09 16:00:00
1765310400000,432.94,437.86,421.1,433.02,77877.75,2025-12-09 20:00:00
1765324800000,433.0,446.7,431.54,443.15,61591.32,2025-12-10 00:00:00
1765339200000,443.2,448.14,437.18,440.65,45014.723,2025-12-10 04:00:00
1765353600000,440.82,442.37,426.31,427.58,60197.358,2025-12-10 08:00:00
1765368000000,427.57,436.93,421.72,428.28,68468.686,2025-12-10 12:00:00
1765382400000,428.29,440.81,419.05,427.93,106145.557,2025-12-10 16:00:00
1765396800000,428.01,429.01,396.55,404.43,154838.648,2025-12-10 20:00:00
1765411200000,404.45,405.88,390.28,397.24,95096.99,2025-12-11 00:00:00
1765425600000,397.3,422.32,396.23,419.95,110708.397,2025-12-11 04:00:00
1765440000000,419.85,437.64,411.0,433.0,128147.736,2025-12-11 08:00:00
1765454400000,433.01,460.0,431.33,449.3,235717.305,2025-12-11 12:00:00
1765468800000,449.28,468.96,441.08,458.43,95325.238,2025-12-11 16:00:00
1765483200000,458.37,469.98,449.01,450.89,75664.165,2025-12-11 20:00:00
1765497600000,450.8,463.4,446.45,461.41,59720.272,2025-12-12 00:00:00
1765512000000,461.4,461.4,449.01,457.93,71663.149,2025-12-12 04:00:00
1765526400000,457.85,465.23,450.57,454.23,51532.45,2025-12-12 08:00:00
1765540800000,454.16,470.58,451.3,456.95,130123.988,2025-12-12 12:00:00
1765555200000,457.04,464.05,445.54,454.94,80728.119,2025-12-12 16:00:00
1765569600000,455.0,464.95,452.39,454.99,43386.796,2025-12-12 20:00:00
1765584000000,454.96,465.28,454.65,464.2,28243.617,2025-12-13 00:00:00
1765598400000,464.22,476.76,456.49,465.16,60408.195,2025-12-13 04:00:00
1765612800000,465.16,468.5,442.82,445.32,188291.485,2025-12-13 08:00:00
1765627200000,445.31,447.24,422.41,441.46,168815.029,2025-12-13 12:00:00
1765641600000,441.43,443.94,427.2,434.07,89818.161,2025-12-13 16:00:00
1765656000000,434.08,445.32,428.33,443.1,41738.721,2025-12-13 20:00:00
1765670400000,443.07,444.24,434.69,438.22,29964.242,2025-12-14 00:00:00
1765684800000,438.28,438.47,419.7,423.47,52740.367,2025-12-14 04:00:00
1765699200000,423.51,433.3,418.77,426.89,61876.43,2025-12-14 08:00:00
1765713600000,426.95,429.92,397.67,403.27,158159.497,2025-12-14 12:00:00
1765728000000,403.28,410.04,400.55,407.05,54131.323,2025-12-14 16:00:00
1765742400000,407.05,408.63,395.57,404.31,44201.857,2025-12-14 20:00:00
1765756800000,404.16,418.49,391.7,401.19,98153.069,2025-12-15 00:00:00
1765771200000,401.18,412.83,397.92,402.7,57890.369,2025-12-15 04:00:00
1765785600000,402.68,412.43,401.51,410.79,38559.246,2025-12-15 08:00:00
1765800000000,410.8,417.69,403.55,413.98,107531.139,2025-12-15 12:00:00
1765814400000,413.96,417.93,386.45,408.81,200381.013,2025-12-15 16:00:00
1765828800000,408.83,415.2,395.5,413.57,70159.169,2025-12-15 20:00:00
1765843200000,413.56,416.81,396.71,402.71,77559.08,2025-12-16 00:00:00
1765857600000,402.71,405.32,379.48,381.82,77980.84,2025-12-16 04:00:00
1765872000000,381.87,398.12,373.93,395.13,118503.824,2025-12-16 08:00:00
1765886400000,395.07,409.44,387.5,407.35,91279.096,2025-12-16 12:00:00
1765900800000,407.23,413.97,396.44,404.09,68977.816,2025-12-16 16:00:00
1765915200000,404.0,411.76,401.23,404.61,33038.999,2025-12-16 20:00:00
1765929600000,404.58,405.7,393.06,394.57,35478.981,2025-12-17 00:00:00
1765944000000,394.55,397.08,387.0,392.83,52504.304,2025-12-17 04:00:00
1765958400000,392.8,394.1,383.87,391.64,46643.176,2025-12-17 08:00:00
1765972800000,391.64,411.51,390.5,393.45,104786.165,2025-12-17 12:00:00
1765987200000,393.43,401.7,375.68,378.28,83425.304,2025-12-17 16:00:00
1766001600000,378.3,389.93,371.25,376.62,54572.043,2025-12-17 20:00:00
1766016000000,376.61,387.83,371.96,385.46,68388.055,2025-12-18 00:00:00
1766030400000,385.48,400.29,385.0,394.19,167694.978,2025-12-18 04:00:00
1766044800000,394.15,403.66,390.37,394.4,45065.422,2025-12-18 08:00:00
1766059200000,394.42,404.77,392.85,400.1,84862.748,2025-12-18 12:00:00
1766073600000,400.09,401.97,382.43,382.79,77885.629,2025-12-18 16:00:00
1766088000000,382.79,400.5,382.48,388.45,52371.775,2025-12-18 20:00:00
1766102400000,388.45,403.0,384.53,396.72,51495.117,2025-12-19 00:00:00
1766116800000,396.68,415.0,395.2,409.6,57281.394,2025-12-19 04:00:00
1766131200000,409.66,431.1,406.91,428.51,74225.656,2025-12-19 08:00:00
1766145600000,428.59,439.81,425.24,432.34,83922.027,2025-12-19 12:00:00
1766160000000,432.28,446.94,429.27,440.94,62821.915,2025-12-19 16:00:00
1766174400000,440.93,457.79,439.1,444.02,62972.842,2025-12-19 20:00:00
1766188800000,444.03,452.0,442.54,446.32,42416.088,2025-12-20 00:00:00
1766203200000,446.34,451.25,434.8,449.78,68749.653,2025-12-20 04:00:00
1766217600000,449.77,456.2,443.04,446.92,42196.564,2025-12-20 08:00:00
1766232000000,446.9,451.98,446.38,449.34,25411.085,2025-12-20 12:00:00
1766246400000,449.35,453.99,447.62,451.14,17122.483,2025-12-20 16:00:00
1766260800000,451.14,453.46,443.37,447.1,32778.715,2025-12-20 20:00:00
1766275200000,447.09,451.64,441.35,447.41,32107.373,2025-12-21 00:00:00
1766289600000,447.42,448.35,441.79,442.02,16368.106,2025-12-21 04:00:00
1766304000000,442.02,445.39,436.37,438.62,41272.199,2025-12-21 08:00:00
1766318400000,438.62,440.17,430.82,435.09,48436.496,2025-12-21 12:00:00
1766332800000,435.12,448.8,428.5,446.58,50745.383,2025-12-21 16:00:00
1766347200000,446.65,450.67,435.0,441.32,42148.013,2025-12-21 20:00:00
1766361600000,441.24,457.46,441.15,447.44,60957.254,2025-12-22 00:00:00
1766376000000,447.36,447.63,438.02,444.17,33315.12,2025-12-22 04:00:00
1766390400000,443.88,450.46,441.76,448.06,31025.517,2025-12-22 08:00:00
1766404800000,448.05,457.58,443.0,445.29,59497.342,2025-12-22 12:00:00
1766419200000,445.34,448.15,431.17,433.78,36781.49,2025-12-22 16:00:00
1766433600000,433.79,436.05,426.48,431.58,54424.553,2025-12-22 20:00:00
1766448000000,431.58,438.71,417.81,423.06,65402.215,2025-12-23 00:00:00
1766462400000,423.07,423.43,413.31,417.4,41545.184,2025-12-23 04:00:00
1766476800000,417.41,421.87,411.3,418.16,34841.745,2025-12-23 08:00:00
1766491200000,418.19,419.59,410.36,416.01,42354.835,2025-12-23 12:00:00
1766505600000,416.0,422.82,413.45,416.01,34452.267,2025-12-23 16:00:00
1766520000000,415.99,421.05,414.64,417.41,18291.315,2025-12-23 20:00:00
1766534400000,417.42,420.77,405.47,410.99,33434.493,2025-12-24 00:00:00
1766548800000,410.96,412.67,405.1,405.8,26669.893,2025-12-24 04:00:00
1766563200000,405.81,416.36,404.6,412.6,32558.749,2025-12-24 08:00:00
1766577600000,412.6,446.39,411.54,439.83,156114.955,2025-12-24 12:00:00
1766592000000,439.83,445.42,434.45,443.79,47357.49,2025-12-24 16:00:00
1766606400000,443.79,451.91,443.23,448.67,49657.608,2025-12-24 20:00:00
1766620800000,448.66,455.69,439.51,447.36,63240.353,2025-12-25 00:00:00
1766635200000,447.36,449.65,442.5,446.63,28264.442,2025-12-25 04:00:00
1766649600000,446.62,449.17,439.16,444.48,46161.083,2025-12-25 08:00:00
1766664000000,444.57,447.29,437.15,445.66,53576.317,2025-12-25 12:00:00
1766678400000,445.68,448.62,439.0,440.58,27244.472,2025-12-25 16:00:00
1766692800000,440.58,441.8,434.65,438.08,24113.217,2025-12-25 20:00:00
1766707200000,438.07,448.0,435.57,441.45,59253.806,2025-12-26 00:00:00
1766721600000,441.44,449.18,438.57,444.21,51847.2,2025-12-26 04:00:00
1766736000000,444.2,448.51,442.31,447.92,22701.965,2025-12-26 08:00:00
1766750400000,447.85,449.63,440.29,445.06,35883.119,2025-12-26 12:00:00
1766764800000,445.18,445.42,438.03,442.98,22616.078,2025-12-26 16:00:00
1766779200000,442.97,448.93,442.92,448.15,24658.317,2025-12-26 20:00:00
1766793600000,448.14,473.97,444.52,470.44,89687.704,2025-12-27 00:00:00
1766808000000,470.45,472.16,465.5,469.43,31635.978,2025-12-27 04:00:00
1766822400000,469.43,518.74,467.47,511.21,163172.625,2025-12-27 08:00:00
1766836800000,511.21,522.5,501.77,519.57,112077.662,2025-12-27 12:00:00
1766851200000,519.46,528.17,513.17,516.36,71635.099,2025-12-27 16:00:00
1766865600000,516.35,517.57,507.65,516.1,40152.992,2025-12-27 20:00:00
1766880000000,516.06,520.15,511.28,517.78,29842.829,2025-12-28 00:00:00
1766894400000,517.79,522.0,510.38,518.92,28286.35,2025-12-28 04:00:00
1766908800000,518.92,526.52,512.0,517.33,42239.882,2025-12-28 08:00:00
1766923200000,517.32,544.04,515.68,535.17,85556.988,2025-12-28 12:00:00
1766937600000,535.17,538.91,523.99,527.46,49583.733,2025-12-28 16:00:00
1766952000000,527.46,532.85,521.77,530.05,19892.072,2025-12-28 20:00:00
1766966400000,530.08,547.21,527.56,547.07,60106.712,2025-12-29 00:00:00
1766980800000,547.07,548.17,521.04,527.75,41726.583,2025-12-29 04:00:00
1766995200000,527.76,530.59,508.38,522.77,119262.585,2025-12-29 08:00:00
1767009600000,522.76,531.0,520.3,525.12,45518.756,2025-12-29 12:00:00
1767024000000,525.12,560.0,525.07,548.49,186805.316,2025-12-29 16:00:00
1767038400000,548.49,553.39,539.7,540.49,31652.112,2025-12-29 20:00:00
1767052800000,540.54,544.75,533.69,538.5,25161.11,2025-12-30 00:00:00
1767067200000,538.52,545.1,525.61,531.57,73351.381,2025-12-30 04:00:00
1767081600000,531.53,539.94,531.03,538.76,31816.615,2025-12-30 08:00:00
1767096000000,538.76,543.63,534.71,538.02,34794.201,2025-12-30 12:00:00
1767110400000,538.02,539.21,525.66,534.97,50484.86,2025-12-30 16:00:00
1767124800000,534.98,535.51,522.45,529.61,26477.395,2025-12-30 20:00:00
1767139200000,529.6,532.76,523.0,525.28,22093.375,2025-12-31 00:00:00
1767153600000,525.2,533.79,520.18,526.59,97499.729,2025-12-31 04:00:00
1767168000000,526.52,530.0,523.0,525.53,124427.64,2025-12-31 08:00:00
1767182400000,525.52,525.52,500.0,505.14,204011.349,2025-12-31 12:00:00
1767196800000,505.08,514.52,502.89,509.34,33746.93,2025-12-31 16:00:00
1767211200000,509.36,515.54,506.92,512.31,18666.804,2025-12-31 20:00:00
1767225600000,512.35,513.91,507.0,509.86,15800.8,2026-01-01 00:00:00
1767240000000,509.88,520.56,507.46,519.8,15211.445,2026-01-01 04:00:00
1767254400000,519.8,527.98,516.02,525.14,30659.849,2026-01-01 08:00:00
1767268800000,525.15,537.36,522.54,524.71,39858.655,2026-01-01 12:00:00
1767283200000,524.71,528.17,517.07,524.7,31750.321,2026-01-01 16:00:00
1767297600000,524.67,527.83,520.0,526.06,16434.931,2026-01-01 20:00:00
1767312000000,526.05,534.18,524.32,530.01,21844.442,2026-01-02 00:00:00
1767326400000,530.0,531.2,521.12,521.56,19313.662,2026-01-02 04:00:00
1767340800000,521.55,525.34,494.1,500.96,102280.98,2026-01-02 08:00:00
1767355200000,501.0,503.35,481.58,485.86,87053.436,2026-01-02 12:00:00
1767369600000,485.88,493.29,482.87,484.99,51972.392,2026-01-02 16:00:00
1767384000000,485.07,489.85,481.58,488.52,28140.784,2026-01-02 20:00:00
1767398400000,488.52,499.68,488.29,497.29,30082.958,2026-01-03 00:00:00
1767412800000,497.29,520.4,496.02,508.38,101103.404,2026-01-03 04:00:00
1767427200000,508.37,518.0,504.69,509.38,53286.799,2026-01-03 08:00:00
1767441600000,509.29,518.54,503.39,505.77,31454.698,2026-01-03 12:00:00
1767456000000,505.77,513.35,501.88,509.72,17935.061,2026-01-03 16:00:00
1767470400000,509.72,512.77,502.86,511.51,24753.064,2026-01-03 20:00:00
1767484800000,511.61,515.17,505.29,512.45,26803.693,2026-01-04 00:00:00
1767499200000,512.48,517.92,502.79,506.21,47666.835,2026-01-04 04:00:00
1767513600000,506.21,510.92,504.16,508.75,23641.372,2026-01-04 08:00:00
1767528000000,508.68,510.2,494.26,507.4,56501.309,2026-01-04 12:00:00
1767542400000,507.35,508.99,503.64,506.79,15878.524,2026-01-04 16:00:00
1767556800000,506.8,507.73,498.71,502.21,17221.326,2026-01-04 20:00:00
1767571200000,502.26,509.74,500.65,506.77,34351.161,2026-01-05 00:00:00
1767585600000,506.78,507.35,487.57,493.15,49303.297,2026-01-05 04:00:00
1767600000000,493.14,496.93,487.03,495.7,31082.367,2026-01-05 08:00:00
1767614400000,495.69,498.59,488.7,490.06,29678.588,2026-01-05 12:00:00
1767628800000,490.05,496.44,485.51,494.56,27415.15,2026-01-05 16:00:00
1767643200000,494.57,505.5,488.92,503.5,34629.704,2026-01-05 20:00:00
1767657600000,503.48,510.77,496.16,508.67,38085.969,2026-01-06 00:00:00
1767672000000,508.62,515.1,502.6,503.25,45024.415,2026-01-06 04:00:00
1767686400000,503.28,516.15,503.28,510.47,41068.914,2026-01-06 08:00:00
1767700800000,510.47,530.0,509.0,512.87,181931.937,2026-01-06 12:00:00
1767715200000,512.88,515.5,491.95,497.11,55377.343,2026-01-06 16:00:00
1767729600000,497.15,504.44,495.54,501.99,23158.903,2026-01-06 20:00:00
1767744000000,501.94,507.32,493.33,495.92,22347.81,2026-01-07 00:00:00
1767758400000,495.91,498.36,488.71,494.37,15808.649,2026-01-07 04:00:00
1767772800000,494.29,496.91,477.6,490.48,54173.818,2026-01-07 08:00:00
1767787200000,490.43,490.61,477.51,482.45,38347.224,2026-01-07 12:00:00
1767801600000,482.52,486.53,474.0,478.14,45174.257,2026-01-07 16:00:00
1767816000000,478.13,484.68,467.3,469.52,74635.557,2026-01-07 20:00:00
1767830400000,469.54,483.63,456.66,461.77,124814.03,2026-01-08 00:00:00
1767844800000,461.77,466.03,438.51,444.53,108869.731,2026-01-08 04:00:00
1767859200000,444.53,446.74,381.0,395.94,354160.074,2026-01-08 08:00:00
1767873600000,395.93,435.29,391.04,426.19,254321.053,2026-01-08 12:00:00
1767888000000,426.18,438.6,416.23,433.05,141979.591,2026-01-08 16:00:00
1767902400000,433.06,435.76,419.21,421.96,71934.36,2026-01-08 20:00:00
1767916800000,421.94,439.75,421.76,438.19,67354.297,2026-01-09 00:00:00
1767931200000,438.2,449.8,432.05,441.56,65837.791,2026-01-09 04:00:00
1767945600000,441.55,444.41,429.16,437.79,58231.653,2026-01-09 08:00:00
1767960000000,437.78,437.78,422.44,430.31,95607.42,2026-01-09 12:00:00
1767974400000,430.44,433.29,418.0,425.59,62845.488,2026-01-09 16:00:00
1767988800000,425.59,426.06,413.17,418.47,52828.214,2026-01-09 20:00:00
1768003200000,418.47,419.51,391.04,391.61,86950.425,2026-01-10 00:00:00
1768017600000,391.55,392.68,370.0,383.37,138750.082,2026-01-10 04:00:00
1768032000000,383.36,385.08,373.82,382.78,49632.169,2026-01-10 08:00:00
1768046400000,382.8,392.58,375.62,380.57,54751.187,2026-01-10 12:00:00
1768060800000,380.57,384.96,361.01,377.53,85279.542,2026-01-10 16:00:00
1768075200000,377.44,380.34,367.5,375.76,32802.791,2026-01-10 20:00:00
1768089600000,375.78,381.51,371.96,377.56,24577.496,2026-01-11 00:00:00
1768104000000,377.58,380.85,372.23,379.67,21715.926,2026-01-11 04:00:00
1768118400000,379.64,388.68,377.13,387.81,61891.717,2026-01-11 08:00:00
1768132800000,387.8,400.6,385.83,394.4,68774.341,2026-01-11 12:00:00
1768147200000,394.32,395.0,386.2,387.93,24643.914,2026-01-11 16:00:00
1768161600000,387.96,388.06,375.74,381.62,35608.051,2026-01-11 20:00:00
1768176000000,381.64,416.16,379.56,411.35,100166.989,2026-01-12 00:00:00
1768190400000,411.34,418.75,402.68,404.37,68121.669,2026-01-12 04:00:00
1768204800000,404.38,407.96,393.8,402.76,76215.473,2026-01-12 08:00:00
1768219200000,402.77,408.34,392.36,400.44,49638.006,2026-01-12 12:00:00
1768233600000,400.44,411.03,394.72,410.78,64050.395,2026-01-12 16:00:00
1768248000000,410.76,414.71,402.81,407.0,28710.241,2026-01-12 20:00:00
1768262400000,407.01,413.44,396.0,397.46,62790.746,2026-01-13 00:00:00
1768276800000,397.49,405.46,396.28,402.13,27242.974,2026-01-13 04:00:00
1768291200000,402.14,412.16,400.59,408.89,59416.479,2026-01-13 08:00:00
1768305600000,408.95,412.68,383.26,392.53,115747.192,2026-01-13 12:00:00
1768320000000,392.56,400.21,386.1,398.89,58711.847,2026-01-13 16:00:00
1768334400000,398.88,409.11,387.29,404.27,67302.899,2026-01-13 20:00:00
1768348800000,404.28,418.74,403.54,416.33,71108.782,2026-01-14 00:00:00
1768363200000,416.33,425.61,410.18,413.76,50327.445,2026-01-14 04:00:00
1768377600000,413.75,421.52,408.2,410.61,63608.044,2026-01-14 08:00:00
1768392000000,410.61,425.36,409.48,421.8,44108.504,2026-01-14 12:00:00
1768406400000,421.8,445.43,418.52,437.87,147168.448,2026-01-14 16:00:00
1768420800000,437.87,449.26,436.15,447.21,61131.674,2026-01-14 20:00:00
1768435200000,447.23,449.0,422.61,425.69,65196.079,2026-01-15 00:00:00
1768449600000,425.7,441.25,425.25,439.4,30059.976,2026-01-15 04:00:00
1768464000000,439.38,447.08,430.0,439.69,76568.622,2026-01-15 08:00:00
1768478400000,439.68,444.94,408.15,416.44,81793.557,2026-01-15 12:00:00
1768492800000,416.33,423.5,409.86,417.09,51569.675,2026-01-15 16:00:00
1768507200000,417.08,417.98,402.8,414.37,35550.113,2026-01-15 20:00:00
1768521600000,414.38,416.72,402.25,404.54,40637.814,2026-01-16 00:00:00
1768536000000,404.55,409.74,399.62,408.68,33852.21,2026-01-16 04:00:00
1768550400000,408.81,416.04,406.94,414.26,43822.72,2026-01-16 08:00:00
1768564800000,414.26,414.82,401.03,407.61,35700.287,2026-01-16 12:00:00
1768579200000,407.48,416.03,405.44,413.6,18105.647,2026-01-16 16:00:00
1768593600000,413.64,417.8,409.64,411.15,16471.238,2026-01-16 20:00:00
1768608000000,411.12,412.15,403.76,405.11,20510.023,2026-01-17 00:00:00
1768622400000,405.11,407.46,402.85,406.71,17134.063,2026-01-17 04:00:00
1768636800000,406.69,408.12,403.41,405.29,15494.833,2026-01-17 08:00:00
1768651200000,405.3,405.84,396.39,405.51,33880.182,2026-01-17 12:00:00
1768665600000,405.53,406.05,398.63,402.66,17749.063,2026-01-17 16:00:00
1768680000000,402.65,405.0,398.28,400.26,7083.514,2026-01-17 20:00:00
1768694400000,400.18,401.62,390.98,394.19,20617.494,2026-01-18 00:00:00
1768708800000,394.21,397.61,393.26,395.62,10572.521,2026-01-18 04:00:00
1768723200000,395.61,401.29,395.0,397.14,17465.259,2026-01-18 08:00:00
1768737600000,397.17,398.32,386.34,394.37,34692.553,2026-01-18 12:00:00
1768752000000,394.37,394.42,385.37,386.99,25752.352,2026-01-18 16:00:00
1768766400000,386.94,391.78,374.31,376.62,42054.164,2026-01-18 20:00:00
1768780800000,376.6,376.6,336.0,367.07,115987.888,2026-01-19 00:00:00
1768795200000,367.06,373.52,363.78,371.18,39745.503,2026-01-19 04:00:00
1768809600000,371.14,378.45,368.02,373.59,64075.859,2026-01-19 08:00:00
1768824000000,373.55,381.42,368.54,372.34,45529.848,2026-01-19 12:00:00
1768838400000,372.34,377.27,371.4,374.57,14593.524,2026-01-19 16:00:00
1768852800000,374.55,375.05,363.66,369.23,25807.075,2026-01-19 20:00:00
1768867200000,369.23,371.69,361.92,365.05,25567.967,2026-01-20 00:00:00
1768881600000,365.02,366.58,354.3,356.1,33242.678,2026-01-20 04:00:00
1768896000000,356.11,370.31,346.27,368.39,101044.072,2026-01-20 08:00:00
1768910400000,368.39,368.9,349.62,357.7,103842.71,2026-01-20 12:00:00
1768924800000,357.72,359.66,342.01,350.61,60616.172,2026-01-20 16:00:00
1768939200000,350.62,356.76,346.78,349.78,33378.797,2026-01-20 20:00:00
1768953600000,349.73,355.34,349.22,352.58,19628.795,2026-01-21 00:00:00
1768968000000,352.6,361.62,352.4,354.22,23559.76,2026-01-21 04:00:00
1768982400000,354.12,366.75,351.44,360.12,50840.059,2026-01-21 08:00:00
1768996800000,360.24,375.98,356.68,369.89,51087.241,2026-01-21 12:00:00
1769011200000,369.89,373.09,352.48,372.42,56755.179,2026-01-21 16:00:00
1769025600000,372.42,372.72,353.92,355.74,42656.228,2026-01-21 20:00:00
1769040000000,355.75,360.39,352.75,353.74,38300.525,2026-01-22 00:00:00
1769054400000,353.7,359.84,352.94,359.52,18805.469,2026-01-22 04:00:00
1769068800000,359.51,369.1,356.46,365.55,43978.308,2026-01-22 08:00:00
1769083200000,365.55,368.0,356.03,359.58,27015.021,2026-01-22 12:00:00
1769097600000,359.62,367.95,359.62,365.46,22731.807,2026-01-22 16:00:00
1769112000000,365.46,367.84,362.61,365.52,13974.383,2026-01-22 20:00:00
1769126400000,365.52,372.29,365.1,366.59,16245.985,2026-01-23 00:00:00
1769140800000,366.49,367.14,358.0,358.48,21761.512,2026-01-23 04:00:00
1769155200000,358.47,367.61,355.05,365.32,44437.325,2026-01-23 08:00:00
1769169600000,365.32,368.88,359.81,367.63,22919.722,2026-01-23 12:00:00
1769184000000,367.64,375.07,365.76,370.35,25920.25,2026-01-23 16:00:00
1769198400000,370.36,371.09,364.98,367.91,21201.228,2026-01-23 20:00:00
1769212800000,367.9,387.49,366.42,382.37,23640.4,2026-01-24 00:00:00
1769227200000,382.33,382.33,371.56,373.25,20654.081,2026-01-24 04:00:00
1769241600000,373.3,376.07,370.02,372.11,9997.364,2026-01-24 08:00:00
1769256000000,372.1,374.25,366.92,367.79,16924.629,2026-01-24 12:00:00
1769270400000,367.75,369.4,362.29,362.93,20844.195,2026-01-24 16:00:00
1769284800000,362.94,364.39,357.81,359.79,15518.789,2026-01-24 20:00:00
1769299200000,359.79,364.98,359.76,360.92,10557.451,2026-01-25 00:00:00
1769313600000,360.94,362.2,355.63,357.68,16896.605,2026-01-25 04:00:00
1769328000000,357.7,362.34,355.28,360.63,9471.493,2026-01-25 08:00:00
1769342400000,360.56,362.28,356.36,360.35,11476.503,2026-01-25 12:00:00
1769356800000,360.36,360.52,329.26,331.69,91995.814,2026-01-25 16:00:00
1769371200000,331.68,332.96,325.0,329.39,40344.888,2026-01-25 20:00:00
1769385600000,329.37,346.61,328.01,345.29,68192.412,2026-01-26 00:00:00
1769400000000,345.3,355.59,344.83,352.13,37543.218,2026-01-26 04:00:00
1769414400000,352.12,354.69,344.84,353.13,43159.279,2026-01-26 08:00:00
1769428800000,353.11,367.32,351.1,360.05,55492.082,2026-01-26 12:00:00
1769443200000,359.97,366.95,357.21,362.94,35777.636,2026-01-26 16:00:00
1769457600000,362.93,375.29,362.36,367.63,47084.629,2026-01-26 20:00:00
1769472000000,367.61,372.8,364.3,367.92,20741.99,2026-01-27 00:00:00
