timestamp,open,high,low,close,volume,datetime
1640995200000,0.8298,0.8528,0.8297,0.841,31778891.0,2022-01-01 00:00:00
1641009600000,0.841,0.8465,0.8345,0.8412,25761048.0,2022-01-01 04:00:00
1641024000000,0.8412,0.8444,0.8348,0.8388,19212965.0,2022-01-01 08:00:00
1641038400000,0.8387,0.8455,0.8386,0.8425,18258043.0,2022-01-01 12:00:00
1641052800000,0.8424,0.8557,0.8423,0.8521,21740145.0,2022-01-01 16:00:00
1641067200000,0.8522,0.854,0.8444,0.8507,20225638.0,2022-01-01 20:00:00
1641081600000,0.8508,0.8511,0.8407,0.8438,18586608.0,2022-01-02 00:00:00
1641096000000,0.8438,0.8466,0.8372,0.8425,14587602.0,2022-01-02 04:00:00
1641110400000,0.8424,0.8491,0.8391,0.8453,15805669.0,2022-01-02 08:00:00
1641124800000,0.8452,0.8667,0.8418,0.8556,34268006.0,2022-01-02 12:00:00
1641139200000,0.8558,0.8642,0.8454,0.8513,32383139.0,2022-01-02 16:00:00
1641153600000,0.8512,0.8613,0.8499,0.8586,14057008.0,2022-01-02 20:00:00
1641168000000,0.8586,0.8587,0.8441,0.8451,23076880.0,2022-01-03 00:00:00
1641182400000,0.8451,0.8481,0.8412,0.8425,20574778.0,2022-01-03 04:00:00
1641196800000,0.8426,0.8472,0.8335,0.8448,34960615.0,2022-01-03 08:00:00
1641211200000,0.8448,0.8462,0.8365,0.8383,34220970.0,2022-01-03 12:00:00
1641225600000,0.8383,0.8394,0.8249,0.8328,34390527.0,2022-01-03 16:00:00
1641240000000,0.8327,0.838,0.8213,0.8324,31394847.0,2022-01-03 20:00:00
1641254400000,0.8324,0.8344,0.8229,0.8274,30139502.0,2022-01-04 00:00:00
1641268800000,0.8274,0.8302,0.7794,0.8277,41761757.0,2022-01-04 04:00:00
1641283200000,0.8278,0.8373,0.8266,0.8358,27137277.0,2022-01-04 08:00:00
1641297600000,0.8359,0.8456,0.8304,0.8351,42939824.0,2022-01-04 12:00:00
1641312000000,0.8351,0.8367,0.815,0.825,49681441.0,2022-01-04 16:00:00
1641326400000,0.8251,0.8315,0.8227,0.8228,22755943.0,2022-01-04 20:00:00
1641340800000,0.8227,0.834,0.8211,0.8306,29372454.0,2022-01-05 00:00:00
1641355200000,0.8306,0.8345,0.8281,0.8294,20303403.0,2022-01-05 04:00:00
1641369600000,0.8293,0.8372,0.8241,0.8257,29053410.0,2022-01-05 08:00:00
1641384000000,0.8256,0.8308,0.8204,0.8276,31969992.0,2022-01-05 12:00:00
1641398400000,0.8276,0.8299,0.7918,0.7982,65204153.0,2022-01-05 16:00:00
1641412800000,0.7982,0.8028,0.7092,0.7726,194709098.0,2022-01-05 20:00:00
1641427200000,0.7725,0.7788,0.749,0.7493,67297792.0,2022-01-06 00:00:00
1641441600000,0.7493,0.7663,0.746,0.7619,52422788.0,2022-01-06 04:00:00
1641456000000,0.7618,0.7626,0.7377,0.7489,61005439.0,2022-01-06 08:00:00
1641470400000,0.7488,0.7654,0.7421,0.7623,51885306.0,2022-01-06 12:00:00
1641484800000,0.7623,0.782,0.7601,0.781,38681674.0,2022-01-06 16:00:00
1641499200000,0.7811,0.7909,0.7764,0.7791,35909278.0,2022-01-06 20:00:00
1641513600000,0.779,0.7808,0.7387,0.7451,61350855.0,2022-01-07 00:00:00
1641528000000,0.7451,0.7548,0.7287,0.7523,73382061.0,2022-01-07 04:00:00
1641542400000,0.7522,0.7771,0.7494,0.7576,57381160.0,2022-01-07 08:00:00
1641556800000,0.7577,0.7685,0.7339,0.7482,89013199.0,2022-01-07 12:00:00
1641571200000,0.7482,0.7709,0.7434,0.765,61455914.0,2022-01-07 16:00:00
1641585600000,0.765,0.7784,0.7578,0.7634,30343573.0,2022-01-07 20:00:00
1641600000000,0.7634,0.7753,0.7613,0.7684,33204599.0,2022-01-08 00:00:00
1641614400000,0.7686,0.7755,0.7669,0.7716,20964658.0,2022-01-08 04:00:00
1641628800000,0.7716,0.7768,0.7628,0.7645,25502771.0,2022-01-08 08:00:00
1641643200000,0.7646,0.7687,0.7526,0.7573,30794864.0,2022-01-08 12:00:00
1641657600000,0.7573,0.762,0.7222,0.7304,96055794.0,2022-01-08 16:00:00
1641672000000,0.73,0.7605,0.7261,0.7452,46505885.0,2022-01-08 20:00:00
1641686400000,0.7452,0.7571,0.7411,0.751,31899994.0,2022-01-09 00:00:00
1641700800000,0.751,0.7583,0.748,0.7494,21429178.0,2022-01-09 04:00:00
1641715200000,0.7493,0.7528,0.7403,0.7504,21701348.0,2022-01-09 08:00:00
1641729600000,0.7505,0.7518,0.7381,0.7431,24071979.0,2022-01-09 12:00:00
1641744000000,0.7431,0.7661,0.742,0.7647,32249374.0,2022-01-09 16:00:00
1641758400000,0.7648,0.7667,0.7507,0.753,20169526.0,2022-01-09 20:00:00
1641772800000,0.753,0.7579,0.7474,0.7538,20040064.0,2022-01-10 00:00:00
1641787200000,0.7538,0.7589,0.7507,0.7519,20058895.0,2022-01-10 04:00:00
1641801600000,0.752,0.7527,0.7397,0.7417,32900596.0,2022-01-10 08:00:00
1641816000000,0.7418,0.7432,0.6967,0.7241,132156654.0,2022-01-10 12:00:00
1641830400000,0.7242,0.7445,0.7136,0.7226,76627850.0,2022-01-10 16:00:00
1641844800000,0.7226,0.7402,0.7195,0.7399,31296095.0,2022-01-10 20:00:00
1641859200000,0.7399,0.7479,0.7324,0.7465,31654796.0,2022-01-11 00:00:00
1641873600000,0.7465,0.7568,0.7438,0.7462,54964726.0,2022-01-11 04:00:00
1641888000000,0.7463,0.7507,0.7306,0.7399,37200268.0,2022-01-11 08:00:00
1641902400000,0.7397,0.7475,0.7308,0.741,38096678.0,2022-01-11 12:00:00
1641916800000,0.741,0.7691,0.7404,0.7632,59475285.0,2022-01-11 16:00:00
1641931200000,0.7632,0.7768,0.7628,0.7703,32673322.0,2022-01-11 20:00:00
1641945600000,0.7702,0.78,0.7672,0.7724,46715038.0,2022-01-12 00:00:00
1641960000000,0.7724,0.7738,0.7583,0.76,44916435.0,2022-01-12 04:00:00
1641974400000,0.7599,0.7785,0.757,0.7713,37251533.0,2022-01-12 08:00:00
1641988800000,0.7711,0.816,0.7706,0.7914,81536403.0,2022-01-12 12:00:00
1642003200000,0.7914,0.8061,0.7849,0.7973,49725695.0,2022-01-12 16:00:00
1642017600000,0.7973,0.8076,0.7948,0.7987,35556806.0,2022-01-12 20:00:00
1642032000000,0.7986,0.8024,0.7849,0.7876,37028630.0,2022-01-13 00:00:00
1642046400000,0.7876,0.7977,0.787,0.792,24438891.0,2022-01-13 04:00:00
1642060800000,0.792,0.7992,0.7834,0.7837,38529785.0,2022-01-13 08:00:00
1642075200000,0.7837,0.7985,0.7686,0.7749,60978425.0,2022-01-13 12:00:00
1642089600000,0.7749,0.7808,0.7621,0.766,41556833.0,2022-01-13 16:00:00
1642104000000,0.7659,0.7728,0.7604,0.768,25301270.0,2022-01-13 20:00:00
1642118400000,0.7677,0.7728,0.7639,0.7705,29499252.0,2022-01-14 00:00:00
1642132800000,0.7704,0.8,0.7702,0.7812,52342578.0,2022-01-14 04:00:00
1642147200000,0.7812,0.7817,0.7537,0.757,46156705.0,2022-01-14 08:00:00
1642161600000,0.757,0.7781,0.7513,0.7734,45633692.0,2022-01-14 12:00:00
1642176000000,0.7734,0.776,0.7643,0.7718,24229421.0,2022-01-14 16:00:00
1642190400000,0.7717,0.79,0.7707,0.7732,23242564.0,2022-01-14 20:00:00
1642204800000,0.7733,0.7776,0.7695,0.7727,21702864.0,2022-01-15 00:00:00
1642219200000,0.7728,0.7803,0.7691,0.7798,17771039.0,2022-01-15 04:00:00
1642233600000,0.7798,0.7805,0.7743,0.7767,23992940.0,2022-01-15 08:00:00
1642248000000,0.7767,0.7889,0.768,0.7867,38074535.0,2022-01-15 12:00:00
1642262400000,0.7868,0.7886,0.7817,0.7844,14207548.0,2022-01-15 16:00:00
1642276800000,0.7843,0.79,0.779,0.7791,22694093.0,2022-01-15 20:00:00
1642291200000,0.7791,0.781,0.7725,0.7772,21452033.0,2022-01-16 00:00:00
1642305600000,0.7773,0.7828,0.7757,0.7807,13194547.0,2022-01-16 04:00:00
1642320000000,0.7807,0.7843,0.775,0.7764,20767058.0,2022-01-16 08:00:00
1642334400000,0.7765,0.7805,0.768,0.7772,34969795.0,2022-01-16 12:00:00
1642348800000,0.7773,0.7884,0.7734,0.7753,21868510.0,2022-01-16 16:00:00
1642363200000,0.7752,0.7811,0.7726,0.7784,12816138.0,2022-01-16 20:00:00
1642377600000,0.7785,0.7805,0.7659,0.7671,23572060.0,2022-01-17 00:00:00
1642392000000,0.767,0.7684,0.7554,0.7656,35452833.0,2022-01-17 04:00:00
1642406400000,0.7657,0.77,0.7591,0.7656,30540266.0,2022-01-17 08:00:00
1642420800000,0.7656,0.7661,0.7571,0.7591,27968668.0,2022-01-17 12:00:00
1642435200000,0.759,0.7644,0.7498,0.7634,33177559.0,2022-01-17 16:00:00
1642449600000,0.7635,0.7647,0.7502,0.7617,30941639.0,2022-01-17 20:00:00
1642464000000,0.7616,0.7686,0.7554,0.7572,23963290.0,2022-01-18 00:00:00
1642478400000,0.7572,0.7625,0.7506,0.7568,27024646.0,2022-01-18 04:00:00
1642492800000,0.7567,0.757,0.7352,0.7471,48001865.0,2022-01-18 08:00:00
1642507200000,0.7471,0.7489,0.7373,0.7438,38673641.0,2022-01-18 12:00:00
1642521600000,0.7437,0.7496,0.7405,0.7485,28136210.0,2022-01-18 16:00:00
1642536000000,0.7486,0.7596,0.743,0.7509,22567447.0,2022-01-18 20:00:00
1642550400000,0.751,0.7533,0.7365,0.7412,36129618.0,2022-01-19 00:00:00
1642564800000,0.7412,0.7457,0.7259,0.7285,37819540.0,2022-01-19 04:00:00
1642579200000,0.7286,0.7397,0.7231,0.738,43779536.0,2022-01-19 08:00:00
1642593600000,0.7379,0.7463,0.7357,0.7387,33546379.0,2022-01-19 12:00:00
1642608000000,0.7386,0.7442,0.7341,0.7406,23063342.0,2022-01-19 16:00:00
1642622400000,0.7406,0.7439,0.7378,0.7381,16216727.0,2022-01-19 20:00:00
1642636800000,0.7381,0.7487,0.7378,0.7434,24958866.0,2022-01-20 00:00:00
1642651200000,0.7433,0.7484,0.7423,0.7453,22571641.0,2022-01-20 04:00:00
1642665600000,0.7454,0.7463,0.7396,0.7426,22312145.0,2022-01-20 08:00:00
1642680000000,0.7426,0.7612,0.7406,0.7595,41974997.0,2022-01-20 12:00:00
1642694400000,0.7596,0.7622,0.7518,0.7577,22731041.0,2022-01-20 16:00:00
1642708800000,0.7578,0.7591,0.7161,0.7199,71382360.0,2022-01-20 20:00:00
1642723200000,0.7199,0.7285,0.6868,0.6905,116803730.0,2022-01-21 00:00:00
1642737600000,0.6904,0.6994,0.6823,0.6951,67437823.0,2022-01-21 04:00:00
1642752000000,0.695,0.6975,0.6844,0.6874,39256771.0,2022-01-21 08:00:00
1642766400000,0.6873,0.6882,0.6598,0.6819,107931639.0,2022-01-21 12:00:00
1642780800000,0.6819,0.6866,0.6656,0.666,49566020.0,2022-01-21 16:00:00
1642795200000,0.666,0.6742,0.6112,0.6368,231948858.0,2022-01-21 20:00:00
1642809600000,0.6368,0.6542,0.6296,0.6392,94485130.0,2022-01-22 00:00:00
1642824000000,0.6391,0.65,0.5946,0.5997,146825171.64,2022-01-22 04:00:00
1642838400000,0.5995,0.611,0.5489,0.5874,250588204.48,2022-01-22 08:00:00
1642852800000,0.5874,0.6127,0.5725,0.574,97957662.0,2022-01-22 12:00:00
1642867200000,0.5741,0.63,0.5625,0.5801,117819547.0,2022-01-22 16:00:00
1642881600000,0.5802,0.6078,0.5756,0.5966,62272192.0,2022-01-22 20:00:00
1642896000000,0.5966,0.6104,0.59,0.5995,52153369.0,2022-01-23 00:00:00
1642910400000,0.5996,0.6186,0.5975,0.6153,62766512.0,2022-01-23 04:00:00
1642924800000,0.6153,0.6275,0.6121,0.6161,61129888.0,2022-01-23 08:00:00
1642939200000,0.6161,0.6265,0.5989,0.6041,50990410.0,2022-01-23 12:00:00
1642953600000,0.6041,0.6102,0.5901,0.5938,48451493.0,2022-01-23 16:00:00
1642968000000,0.5938,0.6352,0.5921,0.6283,55742535.0,2022-01-23 20:00:00
1642982400000,0.6284,0.6286,0.6076,0.6133,37541837.0,2022-01-24 00:00:00
1642996800000,0.6133,0.6158,0.5988,0.5996,39574229.0,2022-01-24 04:00:00
1643011200000,0.5998,0.6076,0.559,0.568,152616271.0,2022-01-24 08:00:00
1643025600000,0.5679,0.5859,0.5524,0.5823,135982132.0,2022-01-24 12:00:00
1643040000000,0.5824,0.5999,0.5686,0.5973,90848508.0,2022-01-24 16:00:00
1643054400000,0.5972,0.6229,0.5958,0.6118,56780494.0,2022-01-24 20:00:00
1643068800000,0.6118,0.6121,0.5964,0.6008,50494821.0,2022-01-25 00:00:00
1643083200000,0.6008,0.6023,0.5872,0.5933,39413861.0,2022-01-25 04:00:00
1643097600000,0.5931,0.6095,0.5921,0.6002,56392440.0,2022-01-25 08:00:00
1643112000000,0.6003,0.6112,0.5914,0.6014,75822950.0,2022-01-25 12:00:00
1643126400000,0.6015,0.6175,0.6007,0.6119,47310991.0,2022-01-25 16:00:00
1643140800000,0.6118,0.6243,0.6026,0.618,50183366.0,2022-01-25 20:00:00
1643155200000,0.6178,0.6223,0.6083,0.6202,49421479.0,2022-01-26 00:00:00
1643169600000,0.6203,0.6324,0.618,0.6208,50067827.0,2022-01-26 04:00:00
1643184000000,0.6207,0.6376,0.6204,0.6336,56537453.0,2022-01-26 08:00:00
1643198400000,0.6336,0.6413,0.6198,0.635,109073852.0,2022-01-26 12:00:00
1643212800000,0.6348,0.6586,0.6226,0.6389,112150620.0,2022-01-26 16:00:00
1643227200000,0.6388,0.6388,0.6047,0.6193,89613479.0,2022-01-26 20:00:00
1643241600000,0.6193,0.6247,0.5893,0.5942,69706355.0,2022-01-27 00:00:00
1643256000000,0.5943,0.6091,0.593,0.6046,39592909.0,2022-01-27 04:00:00
1643270400000,0.6046,0.6111,0.5968,0.6093,37009752.0,2022-01-27 08:00:00
1643284800000,0.6094,0.62,0.6065,0.611,41789259.0,2022-01-27 12:00:00
1643299200000,0.611,0.6145,0.5992,0.603,38468505.0,2022-01-27 16:00:00
1643313600000,0.6031,0.6096,0.5894,0.6088,65977126.0,2022-01-27 20:00:00
1643328000000,0.6089,0.614,0.5982,0.6089,41062810.0,2022-01-28 00:00:00
1643342400000,0.6089,0.6114,0.6009,0.6018,32651277.0,2022-01-28 04:00:00
1643356800000,0.6018,0.6043,0.5921,0.5953,41907523.0,2022-01-28 08:00:00
1643371200000,0.5952,0.6044,0.5916,0.6026,47046921.0,2022-01-28 12:00:00
1643385600000,0.6028,0.6093,0.5978,0.6039,29599256.0,2022-01-28 16:00:00
1643400000000,0.6039,0.6139,0.6007,0.6111,28741866.0,2022-01-28 20:00:00
1643414400000,0.6112,0.6158,0.6089,0.6121,22534787.0,2022-01-29 00:00:00
1643428800000,0.6121,0.6189,0.6095,0.618,20010276.0,2022-01-29 04:00:00
1643443200000,0.6179,0.6198,0.6133,0.6159,20960037.0,2022-01-29 08:00:00
1643457600000,0.6158,0.623,0.6083,0.614,43973667.0,2022-01-29 12:00:00
1643472000000,0.6139,0.6185,0.61,0.6156,20352696.0,2022-01-29 16:00:00
1643486400000,0.6157,0.6255,0.6132,0.6174,26740631.0,2022-01-29 20:00:00
1643500800000,0.6175,0.6195,0.6104,0.6155,18774007.0,2022-01-30 00:00:00
1643515200000,0.6155,0.6232,0.6145,0.6212,16764883.0,2022-01-30 04:00:00
1643529600000,0.6213,0.6229,0.6154,0.6197,22958349.0,2022-01-30 08:00:00
1643544000000,0.6198,0.6207,0.61,0.6154,25620156.0,2022-01-30 12:00:00
1643558400000,0.6157,0.6166,0.5988,0.6005,31559998.0,2022-01-30 16:00:00
1643572800000,0.6004,0.6085,0.5973,0.6013,30813688.0,2022-01-30 20:00:00
1643587200000,0.6012,0.6021,0.5812,0.5864,51529334.0,2022-01-31 00:00:00
1643601600000,0.5863,0.5906,0.5803,0.5895,21481593.0,2022-01-31 04:00:00
1643616000000,0.5897,0.593,0.585,0.5903,23895991.0,2022-01-31 08:00:00
1643630400000,0.5904,0.601,0.5836,0.5972,37352051.0,2022-01-31 12:00:00
1643644800000,0.5973,0.61,0.5958,0.607,46906319.0,2022-01-31 16:00:00
1643659200000,0.607,0.6242,0.6053,0.6174,32584021.0,2022-01-31 20:00:00
1643673600000,0.6174,0.6277,0.6107,0.6264,28516210.0,2022-02-01 00:00:00
1643688000000,0.6264,0.6266,0.6166,0.6178,24831311.0,2022-02-01 04:00:00
1643702400000,0.6178,0.63,0.6131,0.6216,38765895.0,2022-02-01 08:00:00
1643716800000,0.6216,0.6252,0.6156,0.6234,36254695.0,2022-02-01 12:00:00
1643731200000,0.6234,0.6288,0.6199,0.622,26700016.0,2022-02-01 16:00:00
1643745600000,0.622,0.6308,0.6217,0.6284,19232493.0,2022-02-01 20:00:00
1643760000000,0.6284,0.6314,0.6228,0.6256,20740052.0,2022-02-02 00:00:00
1643774400000,0.6256,0.628,0.6213,0.6227,17579520.0,2022-02-02 04:00:00
1643788800000,0.6227,0.6272,0.6215,0.6261,20674065.0,2022-02-02 08:00:00
1643803200000,0.626,0.631,0.609,0.6108,52635654.0,2022-02-02 12:00:00
1643817600000,0.6108,0.6142,0.6013,0.6124,33591059.0,2022-02-02 16:00:00
1643832000000,0.6123,0.6138,0.5955,0.6006,41388412.0,2022-02-02 20:00:00
1643846400000,0.6006,0.6037,0.5964,0.6008,32389253.0,2022-02-03 00:00:00
1643860800000,0.6007,0.6067,0.5997,0.6044,18371344.0,2022-02-03 04:00:00
1643875200000,0.6044,0.6057,0.5886,0.598,39599552.0,2022-02-03 08:00:00
1643889600000,0.598,0.6047,0.5906,0.604,35107909.0,2022-02-03 12:00:00
1643904000000,0.604,0.6071,0.5965,0.5989,19269979.0,2022-02-03 16:00:00
1643918400000,0.5989,0.6116,0.5969,0.6102,23391638.0,2022-02-03 20:00:00
1643932800000,0.6101,0.6128,0.6044,0.6085,26317304.0,2022-02-04 00:00:00
1643947200000,0.6085,0.6214,0.6082,0.6171,38746345.0,2022-02-04 04:00:00
1643961600000,0.617,0.6206,0.6137,0.6138,28645775.0,2022-02-04 08:00:00
1643976000000,0.6139,0.6307,0.6056,0.6245,76933418.0,2022-02-04 12:00:00
1643990400000,0.6244,0.6414,0.624,0.6402,55831400.0,2022-02-04 16:00:00
1644004800000,0.6402,0.6589,0.636,0.6555,37452932.0,2022-02-04 20:00:00
1644019200000,0.6557,0.6869,0.65,0.6689,106535268.0,2022-02-05 00:00:00
1644033600000,0.6689,0.6791,0.6665,0.6702,64751406.0,2022-02-05 04:00:00
1644048000000,0.6702,0.6772,0.6682,0.6709,31951197.0,2022-02-05 08:00:00
1644062400000,0.6709,0.6766,0.6651,0.6737,33323168.0,2022-02-05 12:00:00
1644076800000,0.6737,0.6757,0.6508,0.6627,50826031.0,2022-02-05 16:00:00
1644091200000,0.6626,0.6709,0.6584,0.6656,22909709.0,2022-02-05 20:00:00
1644105600000,0.6656,0.6745,0.6653,0.6698,19032382.0,2022-02-06 00:00:00
1644120000000,0.6698,0.6708,0.663,0.6692,21036899.0,2022-02-06 04:00:00
1644134400000,0.6692,0.6718,0.6657,0.6676,15977672.0,2022-02-06 08:00:00
1644148800000,0.6676,0.6802,0.6589,0.6669,44618844.0,2022-02-06 12:00:00
1644163200000,0.667,0.672,0.664,0.6718,19804926.0,2022-02-06 16:00:00
1644177600000,0.6716,0.688,0.6678,0.6825,36832443.0,2022-02-06 20:00:00
1644192000000,0.6825,0.7291,0.6712,0.7238,89725570.0,2022-02-07 00:00:00
1644206400000,0.724,0.7595,0.7189,0.7551,100137693.0,2022-02-07 04:00:00
1644220800000,0.7549,0.792,0.7482,0.7742,125482115.0,2022-02-07 08:00:00
1644235200000,0.7743,0.7773,0.7641,0.7735,78655443.0,2022-02-07 12:00:00
1644249600000,0.7733,0.8005,0.7719,0.7887,102036946.0,2022-02-07 16:00:00
1644264000000,0.7887,0.839,0.7801,0.8314,144879442.0,2022-02-07 20:00:00
1644278400000,0.8314,0.8828,0.8132,0.8729,175781598.0,2022-02-08 00:00:00
1644292800000,0.8729,0.9142,0.8684,0.8965,203529963.0,2022-02-08 04:00:00
1644307200000,0.8965,0.901,0.8381,0.8592,242537984.0,2022-02-08 08:00:00
1644321600000,0.8591,0.8597,0.8188,0.8334,156775085.0,2022-02-08 12:00:00
1644336000000,0.8333,0.8385,0.8034,0.8146,107338732.0,2022-02-08 16:00:00
1644350400000,0.8146,0.8936,0.8113,0.8763,162916085.0,2022-02-08 20:00:00
1644364800000,0.8763,0.9048,0.8413,0.848,151277347.0,2022-02-09 00:00:00
1644379200000,0.848,0.8673,0.8442,0.8609,65403307.0,2022-02-09 04:00:00
1644393600000,0.8611,0.8635,0.8445,0.8565,76727631.0,2022-02-09 08:00:00
1644408000000,0.8565,0.909,0.8523,0.8845,140553985.0,2022-02-09 12:00:00
1644422400000,0.8846,0.9168,0.8754,0.8915,110313830.0,2022-02-09 16:00:00
1644436800000,0.8915,0.9041,0.8605,0.8697,82055850.0,2022-02-09 20:00:00
1644451200000,0.8699,0.8805,0.8534,0.8624,63896050.0,2022-02-10 00:00:00
1644465600000,0.8624,0.8768,0.86,0.872,64890720.0,2022-02-10 04:00:00
1644480000000,0.872,0.8975,0.8693,0.8867,56791426.0,2022-02-10 08:00:00
1644494400000,0.8866,0.8899,0.8359,0.8647,183021482.0,2022-02-10 12:00:00
1644508800000,0.8646,0.877,0.8471,0.849,63953375.0,2022-02-10 16:00:00
1644523200000,0.8492,0.8553,0.821,0.8253,62457837.0,2022-02-10 20:00:00
1644537600000,0.8253,0.8315,0.807,0.8217,77252784.0,2022-02-11 00:00:00
1644552000000,0.8218,0.8241,0.791,0.8194,86090387.0,2022-02-11 04:00:00
1644566400000,0.8194,0.8286,0.8031,0.8151,63444819.0,2022-02-11 08:00:00
1644580800000,0.8151,0.8339,0.8125,0.8194,81447447.0,2022-02-11 12:00:00
1644595200000,0.8194,0.8214,0.7777,0.7897,88197512.0,2022-02-11 16:00:00
1644609600000,0.7897,0.7927,0.75,0.7591,85999241.0,2022-02-11 20:00:00
1644624000000,0.759,0.7793,0.7533,0.7716,56678008.0,2022-02-12 00:00:00
1644638400000,0.7717,0.7774,0.7465,0.7637,51404628.0,2022-02-12 04:00:00
1644652800000,0.7637,0.7778,0.7584,0.773,48209259.0,2022-02-12 08:00:00
1644667200000,0.7731,0.8082,0.7628,0.8029,67790741.0,2022-02-12 12:00:00
1644681600000,0.8029,0.8532,0.802,0.831,169062232.0,2022-02-12 16:00:00
1644696000000,0.831,0.844,0.8086,0.8223,84761936.0,2022-02-12 20:00:00
1644710400000,0.8223,0.8372,0.8111,0.8233,54311470.0,2022-02-13 00:00:00
1644724800000,0.8233,0.8353,0.8177,0.8288,43920399.0,2022-02-13 04:00:00
1644739200000,0.8288,0.8476,0.8216,0.837,53465369.0,2022-02-13 08:00:00
1644753600000,0.837,0.8445,0.8179,0.823,61735058.0,2022-02-13 12:00:00
1644768000000,0.823,0.8234,0.792,0.8004,84266977.0,2022-02-13 16:00:00
1644782400000,0.8004,0.8185,0.7953,0.8057,53890431.0,2022-02-13 20:00:00
1644796800000,0.8057,0.8112,0.7821,0.7927,55645858.0,2022-02-14 00:00:00
1644811200000,0.7927,0.8002,0.7842,0.7976,35039588.0,2022-02-14 04:00:00
1644825600000,0.7976,0.8093,0.7791,0.7879,59489917.0,2022-02-14 08:00:00
1644840000000,0.7879,0.8127,0.7816,0.8021,64008165.0,2022-02-14 12:00:00
1644854400000,0.8024,0.8087,0.7813,0.7881,55832309.0,2022-02-14 16:00:00
1644868800000,0.7881,0.8069,0.7848,0.8012,33990810.0,2022-02-14 20:00:00
1644883200000,0.8012,0.84,0.7961,0.8238,57441385.0,2022-02-15 00:00:00
1644897600000,0.8237,0.8288,0.8173,0.8265,38395553.0,2022-02-15 04:00:00
1644912000000,0.8265,0.8364,0.8229,0.8317,62070655.0,2022-02-15 08:00:00
1644926400000,0.8316,0.8347,0.8221,0.8252,40319206.0,2022-02-15 12:00:00
1644940800000,0.8252,0.8287,0.8169,0.8254,31787775.0,2022-02-15 16:00:00
1644955200000,0.8254,0.8599,0.8239,0.8515,49302742.0,2022-02-15 20:00:00
1644969600000,0.8514,0.8523,0.8323,0.8358,48085475.0,2022-02-16 00:00:00
1644984000000,0.8357,0.8394,0.8256,0.8381,32477209.0,2022-02-16 04:00:00
1644998400000,0.8381,0.8391,0.823,0.8284,32124740.0,2022-02-16 08:00:00
1645012800000,0.8283,0.8311,0.8086,0.8167,53005685.0,2022-02-16 12:00:00
1645027200000,0.8167,0.8367,0.8107,0.8346,36933527.0,2022-02-16 16:00:00
1645041600000,0.8346,0.8532,0.8341,0.8366,50119070.0,2022-02-16 20:00:00
1645056000000,0.8367,0.8448,0.8222,0.8226,39630141.0,2022-02-17 00:00:00
1645070400000,0.8225,0.8305,0.8096,0.8286,44036931.0,2022-02-17 04:00:00
1645084800000,0.8286,0.8293,0.8042,0.8154,62409721.0,2022-02-17 08:00:00
1645099200000,0.8154,0.8203,0.7937,0.8012,76042447.0,2022-02-17 12:00:00
1645113600000,0.8011,0.8076,0.7701,0.7823,77153798.0,2022-02-17 16:00:00
1645128000000,0.7825,0.7825,0.7535,0.769,75917508.0,2022-02-17 20:00:00
1645142400000,0.7689,0.7902,0.7635,0.7868,69112608.0,2022-02-18 00:00:00
1645156800000,0.7868,0.8055,0.7818,0.7992,58502838.0,2022-02-18 04:00:00
1645171200000,0.7993,0.8031,0.7725,0.7766,60244446.0,2022-02-18 08:00:00
1645185600000,0.7767,0.786,0.758,0.7659,102605194.0,2022-02-18 12:00:00
1645200000000,0.766,0.7747,0.756,0.7741,59385898.0,2022-02-18 16:00:00
1645214400000,0.7741,0.7949,0.7655,0.784,68094759.0,2022-02-18 20:00:00
1645228800000,0.7841,0.7977,0.7834,0.7906,42950598.0,2022-02-19 00:00:00
1645243200000,0.7908,0.8015,0.7885,0.7945,30849388.0,2022-02-19 04:00:00
1645257600000,0.7946,0.7967,0.7696,0.7744,55228179.0,2022-02-19 08:00:00
1645272000000,0.7744,0.8377,0.7701,0.8312,183020466.0,2022-02-19 12:00:00
1645286400000,0.8311,0.8547,0.8134,0.8151,114508317.0,2022-02-19 16:00:00
1645300800000,0.8151,0.8249,0.8058,0.8215,66372552.0,2022-02-19 20:00:00
1645315200000,0.8215,0.8234,0.7894,0.7986,87368767.0,2022-02-20 00:00:00
1645329600000,0.7986,0.8053,0.7722,0.7896,148323940.0,2022-02-20 04:00:00
1645344000000,0.7897,0.7976,0.78,0.7908,91044694.0,2022-02-20 08:00:00
1645358400000,0.7907,0.8011,0.7764,0.7853,69846382.0,2022-02-20 12:00:00
1645372800000,0.7852,0.7909,0.7787,0.7836,34058185.0,2022-02-20 16:00:00
1645387200000,0.7836,0.7944,0.7643,0.7769,64812802.0,2022-02-20 20:00:00
1645401600000,0.7769,0.802,0.7692,0.7871,74806407.0,2022-02-21 00:00:00
1645416000000,0.7871,0.8011,0.7869,0.797,44780834.0,2022-02-21 04:00:00
1645430400000,0.7969,0.7989,0.7611,0.7699,84556926.0,2022-02-21 08:00:00
1645444800000,0.7698,0.7901,0.7571,0.782,133545845.0,2022-02-21 12:00:00
1645459200000,0.782,0.7889,0.747,0.7564,119207767.0,2022-02-21 16:00:00
1645473600000,0.7564,0.7635,0.6953,0.7018,164752998.0,2022-02-21 20:00:00
1645488000000,0.7018,0.7144,0.6686,0.6791,141719462.0,2022-02-22 00:00:00
1645502400000,0.6792,0.6983,0.6755,0.6803,116776628.0,2022-02-22 04:00:00
1645516800000,0.6803,0.7105,0.6786,0.7013,99113462.0,2022-02-22 08:00:00
1645531200000,0.7013,0.718,0.6943,0.7048,104775910.0,2022-02-22 12:00:00
1645545600000,0.7048,0.7082,0.6918,0.7066,69331448.0,2022-02-22 16:00:00
1645560000000,0.7068,0.7266,0.7011,0.7209,65824380.0,2022-02-22 20:00:00
1645574400000,0.7209,0.7277,0.7047,0.7107,79755365.0,2022-02-23 00:00:00
1645588800000,0.7106,0.7256,0.7089,0.7236,59717553.0,2022-02-23 04:00:00
1645603200000,0.7237,0.7411,0.7212,0.7328,84575929.0,2022-02-23 08:00:00
1645617600000,0.7328,0.7441,0.7221,0.7233,72212401.0,2022-02-23 12:00:00
1645632000000,0.7234,0.7347,0.7029,0.705,73208680.0,2022-02-23 16:00:00
1645646400000,0.7049,0.7145,0.6924,0.6967,68553075.0,2022-02-23 20:00:00
1645660800000,0.6967,0.7037,0.6272,0.6398,183653283.0,2022-02-24 00:00:00
1645675200000,0.6397,0.6535,0.6215,0.6429,221705437.0,2022-02-24 04:00:00
1645689600000,0.6429,0.6529,0.6279,0.6398,143291235.0,2022-02-24 08:00:00
1645704000000,0.6397,0.656,0.631,0.6513,128488572.0,2022-02-24 12:00:00
1645718400000,0.6513,0.6898,0.6488,0.6882,146496055.0,2022-02-24 16:00:00
1645732800000,0.6881,0.7226,0.6743,0.6963,162709244.0,2022-02-24 20:00:00
1645747200000,0.6962,0.7055,0.6875,0.6992,84637329.0,2022-02-25 00:00:00
1645761600000,0.6993,0.7025,0.6864,0.699,52799029.0,2022-02-25 04:00:00
1645776000000,0.6989,0.7002,0.6826,0.6986,75158924.0,2022-02-25 08:00:00
1645790400000,0.6987,0.7249,0.6986,0.7151,116553984.0,2022-02-25 12:00:00
1645804800000,0.7152,0.753,0.7021,0.7301,130489490.0,2022-02-25 16:00:00
1645819200000,0.7301,0.7807,0.7265,0.7699,97704282.0,2022-02-25 20:00:00
1645833600000,0.7698,0.7955,0.7653,0.7755,142853792.0,2022-02-26 00:00:00
1645848000000,0.7756,0.79,0.7493,0.7741,93078546.0,2022-02-26 04:00:00
1645862400000,0.7742,0.7798,0.7559,0.759,96919262.0,2022-02-26 08:00:00
1645876800000,0.759,0.7679,0.7493,0.7566,76011488.0,2022-02-26 12:00:00
1645891200000,0.7566,0.761,0.7403,0.7521,67347541.0,2022-02-26 16:00:00
1645905600000,0.7521,0.7642,0.7438,0.7508,44240720.0,2022-02-26 20:00:00
1645920000000,0.7508,0.7535,0.7222,0.7333,75120277.0,2022-02-27 00:00:00
1645934400000,0.7334,0.7463,0.7279,0.7386,33384742.0,2022-02-27 04:00:00
1645948800000,0.7386,0.7571,0.7364,0.7566,48979349.0,2022-02-27 08:00:00
1645963200000,0.7566,0.7677,0.733,0.7515,99475777.0,2022-02-27 12:00:00
1645977600000,0.7516,0.7524,0.7109,0.714,74249202.0,2022-02-27 16:00:00
1645992000000,0.7139,0.7294,0.7032,0.7215,110042877.0,2022-02-27 20:00:00
1646006400000,0.7216,0.7328,0.7104,0.7202,68983320.0,2022-02-28 00:00:00
1646020800000,0.7203,0.7274,0.7075,0.7225,56265482.0,2022-02-28 04:00:00
1646035200000,0.7225,0.7296,0.7183,0.7271,46884481.0,2022-02-28 08:00:00
1646049600000,0.727,0.7637,0.717,0.7616,104451038.0,2022-02-28 12:00:00
1646064000000,0.7616,0.7683,0.75,0.7631,75179294.0,2022-02-28 16:00:00
1646078400000,0.7631,0.7938,0.761,0.7809,92854349.0,2022-02-28 20:00:00
1646092800000,0.7809,0.7894,0.7641,0.7747,76590989.0,2022-03-01 00:00:00
1646107200000,0.7747,0.7777,0.7648,0.7719,43872783.0,2022-03-01 04:00:00
1646121600000,0.7719,0.775,0.7574,0.7679,56142875.0,2022-03-01 08:00:00
1646136000000,0.7679,0.8039,0.7674,0.7796,127497447.0,2022-03-01 12:00:00
1646150400000,0.7794,0.788,0.7683,0.7808,52900705.0,2022-03-01 16:00:00
1646164800000,0.7808,0.7888,0.779,0.7839,35121970.0,2022-03-01 20:00:00
1646179200000,0.784,0.7848,0.7645,0.7779,67605286.0,2022-03-02 00:00:00
1646193600000,0.7779,0.781,0.761,0.7685,61996470.0,2022-03-02 04:00:00
1646208000000,0.7686,0.7792,0.7637,0.7765,69594826.0,2022-03-02 08:00:00
1646222400000,0.7766,0.7833,0.7562,0.7657,108056169.0,2022-03-02 12:00:00
1646236800000,0.7657,0.7746,0.7597,0.767,41106660.0,2022-03-02 16:00:00
1646251200000,0.767,0.778,0.765,0.7687,29242689.0,2022-03-02 20:00:00
1646265600000,0.7688,0.7707,0.7603,0.7654,54306690.0,2022-03-03 00:00:00
1646280000000,0.7654,0.7897,0.7586,0.7665,69698237.0,2022-03-03 04:00:00
1646294400000,0.7665,0.7719,0.7595,0.7661,36961071.0,2022-03-03 08:00:00
1646308800000,0.766,0.7745,0.7448,0.7494,68347652.0,2022-03-03 12:00:00
1646323200000,0.7493,0.7514,0.7336,0.7448,70651696.0,2022-03-03 16:00:00
1646337600000,0.7448,0.7595,0.7402,0.7515,39329810.0,2022-03-03 20:00:00
1646352000000,0.7514,0.7539,0.7235,0.7379,79316287.0,2022-03-04 00:00:00
1646366400000,0.738,0.7434,0.7336,0.7376,43883949.0,2022-03-04 04:00:00
1646380800000,0.7376,0.755,0.7255,0.7418,51978422.0,2022-03-04 08:00:00
1646395200000,0.7417,0.7436,0.728,0.7327,64370054.0,2022-03-04 12:00:00
1646409600000,0.7327,0.7423,0.7123,0.714,67425753.0,2022-03-04 16:00:00
1646424000000,0.7141,0.7203,0.6942,0.7127,75857532.0,2022-03-04 20:00:00
1646438400000,0.7127,0.7226,0.7049,0.7205,52664896.0,2022-03-05 00:00:00
1646452800000,0.7205,0.7258,0.7161,0.724,37059023.0,2022-03-05 04:00:00
1646467200000,0.7241,0.7387,0.7238,0.7347,41325584.0,2022-03-05 08:00:00
1646481600000,0.7347,0.7693,0.7347,0.759,114857514.0,2022-03-05 12:00:00
1646496000000,0.759,0.7667,0.7482,0.7524,76077180.0,2022-03-05 16:00:00
1646510400000,0.7524,0.7598,0.7436,0.754,36216412.0,2022-03-05 20:00:00
1646524800000,0.7539,0.7589,0.7417,0.7431,30698817.0,2022-03-06 00:00:00
1646539200000,0.7431,0.7498,0.7324,0.7462,53724504.0,2022-03-06 04:00:00
1646553600000,0.7461,0.7465,0.7272,0.7344,71249088.0,2022-03-06 08:00:00
1646568000000,0.7345,0.742,0.729,0.7364,40408923.0,2022-03-06 12:00:00
1646582400000,0.7364,0.7473,0.7305,0.7339,34032286.0,2022-03-06 16:00:00
1646596800000,0.7339,0.7461,0.7211,0.7251,74618668.0,2022-03-06 20:00:00
1646611200000,0.7252,0.7262,0.7067,0.7191,88368764.0,2022-03-07 00:00:00
1646625600000,0.7191,0.7544,0.7177,0.7381,82127541.0,2022-03-07 04:00:00
1646640000000,0.7381,0.7458,0.7314,0.7438,67230836.0,2022-03-07 08:00:00
1646654400000,0.7439,0.7539,0.7384,0.7461,93073374.0,2022-03-07 12:00:00
1646668800000,0.7461,0.7509,0.7109,0.7113,90312558.0,2022-03-07 16:00:00
1646683200000,0.7113,0.7305,0.7033,0.7197,75294038.0,2022-03-07 20:00:00
1646697600000,0.7196,0.7305,0.7161,0.7283,49945442.0,2022-03-08 00:00:00
1646712000000,0.7283,0.7298,0.7135,0.7234,56778031.0,2022-03-08 04:00:00
1646726400000,0.7235,0.7313,0.7213,0.7269,42702902.0,2022-03-08 08:00:00
1646740800000,0.727,0.7297,0.7167,0.723,60098382.0,2022-03-08 12:00:00
1646755200000,0.7231,0.7288,0.7139,0.7241,59556435.0,2022-03-08 16:00:00
1646769600000,0.7241,0.7256,0.716,0.7207,24668242.0,2022-03-08 20:00:00
1646784000000,0.7208,0.751,0.7199,0.7434,63235185.0,2022-03-09 00:00:00
1646798400000,0.7435,0.7518,0.7418,0.75,74073414.0,2022-03-09 04:00:00
1646812800000,0.7501,0.7577,0.7494,0.7511,70504174.0,2022-03-09 08:00:00
1646827200000,0.7511,0.769,0.7446,0.7668,84690433.0,2022-03-09 12:00:00
1646841600000,0.7669,0.775,0.7563,0.7627,67317125.0,2022-03-09 16:00:00
1646856000000,0.7626,0.7688,0.7573,0.7658,37211778.0,2022-03-09 20:00:00
1646870400000,0.7659,0.7797,0.7525,0.7582,83764535.0,2022-03-10 00:00:00
1646884800000,0.7583,0.7602,0.7289,0.7385,102996933.0,2022-03-10 04:00:00
1646899200000,0.7385,0.7385,0.7285,0.7333,49449835.0,2022-03-10 08:00:00
1646913600000,0.7334,0.7448,0.7215,0.7284,96297934.0,2022-03-10 12:00:00
1646928000000,0.7283,0.7398,0.7266,0.7387,36183931.0,2022-03-10 16:00:00
1646942400000,0.7386,0.7449,0.7346,0.7361,29157730.0,2022-03-10 20:00:00
1646956800000,0.7361,0.7414,0.7267,0.7387,59173130.0,2022-03-11 00:00:00
1646971200000,0.7386,0.7513,0.7348,0.7454,46989045.0,2022-03-11 04:00:00
1646985600000,0.7456,0.7484,0.7326,0.7448,53883296.0,2022-03-11 08:00:00
1647000000000,0.7447,0.7508,0.7277,0.7315,57293661.0,2022-03-11 12:00:00
1647014400000,0.7316,0.7369,0.725,0.7368,40913054.0,2022-03-11 16:00:00
1647028800000,0.7369,0.814,0.7367,0.8029,268732596.0,2022-03-11 20:00:00
1647043200000,0.8028,0.849,0.7962,0.8148,216162361.0,2022-03-12 00:00:00
1647057600000,0.8148,0.8181,0.7915,0.7961,101675449.0,2022-03-12 04:00:00
1647072000000,0.7962,0.801,0.7783,0.7855,101679243.0,2022-03-12 08:00:00
1647086400000,0.7856,0.7964,0.7784,0.7905,72507872.0,2022-03-12 12:00:00
1647100800000,0.7904,0.7954,0.7848,0.7906,43236074.0,2022-03-12 16:00:00
1647115200000,0.7905,0.8079,0.7824,0.7857,53798127.0,2022-03-12 20:00:00
1647129600000,0.7857,0.7992,0.7837,0.7972,44944168.0,2022-03-13 00:00:00
1647144000000,0.7972,0.8057,0.7938,0.798,41935858.0,2022-03-13 04:00:00
1647158400000,0.798,0.805,0.7876,0.7916,45789840.0,2022-03-13 08:00:00
1647172800000,0.7916,0.7922,0.7785,0.785,62925505.0,2022-03-13 12:00:00
1647187200000,0.7849,0.7925,0.7819,0.7839,34942476.0,2022-03-13 16:00:00
1647201600000,0.7839,0.7892,0.7508,0.7602,80741731.0,2022-03-13 20:00:00
1647216000000,0.7602,0.7642,0.745,0.7614,67450576.0,2022-03-14 00:00:00
1647230400000,0.7614,0.7744,0.7608,0.7695,63637818.0,2022-03-14 04:00:00
1647244800000,0.7695,0.7765,0.766,0.7669,49078206.0,2022-03-14 08:00:00
1647259200000,0.7669,0.7686,0.7582,0.7609,58834929.0,2022-03-14 12:00:00
1647273600000,0.7609,0.7632,0.75,0.7615,43475827.0,2022-03-14 16:00:00
1647288000000,0.7616,0.7779,0.7593,0.7748,44129108.0,2022-03-14 20:00:00
1647302400000,0.7747,0.7768,0.7583,0.7625,42314594.0,2022-03-15 00:00:00
1647316800000,0.7624,0.765,0.7458,0.7526,42732694.0,2022-03-15 04:00:00
1647331200000,0.7526,0.7559,0.7413,0.7539,38571708.0,2022-03-15 08:00:00
1647345600000,0.754,0.7681,0.7516,0.7634,49726944.0,2022-03-15 12:00:00
1647360000000,0.7634,0.7719,0.7607,0.7711,38383104.0,2022-03-15 16:00:00
1647374400000,0.7711,0.7729,0.763,0.7657,32027092.0,2022-03-15 20:00:00
1647388800000,0.7658,0.7895,0.7569,0.7613,83186227.0,2022-03-16 00:00:00
1647403200000,0.7613,0.7659,0.758,0.7644,33878774.0,2022-03-16 04:00:00
1647417600000,0.7645,0.7737,0.7643,0.7704,43273734.0,2022-03-16 08:00:00
1647432000000,0.7704,0.7815,0.7642,0.7773,55641853.0,2022-03-16 12:00:00
1647446400000,0.7774,0.7864,0.7581,0.786,86658507.0,2022-03-16 16:00:00
1647460800000,0.7859,0.7945,0.7804,0.7919,48001940.0,2022-03-16 20:00:00
1647475200000,0.7919,0.7984,0.7872,0.793,53726067.0,2022-03-17 00:00:00
1647489600000,0.793,0.7959,0.7841,0.79,49266529.0,2022-03-17 04:00:00
1647504000000,0.7899,0.7924,0.783,0.7879,42792107.0,2022-03-17 08:00:00
1647518400000,0.7879,0.7984,0.7872,0.7943,60736336.0,2022-03-17 12:00:00
1647532800000,0.7944,0.7971,0.7884,0.7963,28480258.0,2022-03-17 16:00:00
1647547200000,0.7963,0.802,0.7907,0.7935,29100023.0,2022-03-17 20:00:00
1647561600000,0.7936,0.8007,0.783,0.7875,40073586.0,2022-03-18 00:00:00
1647576000000,0.7874,0.7942,0.7859,0.7876,29736054.0,2022-03-18 04:00:00
1647590400000,0.7876,0.7902,0.7762,0.7797,45081448.0,2022-03-18 08:00:00
1647604800000,0.7798,0.7873,0.7763,0.7868,39284552.0,2022-03-18 12:00:00
1647619200000,0.7868,0.7969,0.7862,0.7969,38987288.0,2022-03-18 16:00:00
1647633600000,0.797,0.7998,0.7922,0.7965,29499056.0,2022-03-18 20:00:00
1647648000000,0.7964,0.7993,0.7915,0.7966,31387388.0,2022-03-19 00:00:00
1647662400000,0.7965,0.8233,0.7951,0.8083,60510989.0,2022-03-19 04:00:00
1647676800000,0.8084,0.817,0.8075,0.8133,31213689.0,2022-03-19 08:00:00
1647691200000,0.8132,0.8208,0.8111,0.8165,40464045.0,2022-03-19 12:00:00
1647705600000,0.8165,0.8268,0.814,0.8245,44168253.0,2022-03-19 16:00:00
1647720000000,0.8244,0.8257,0.8076,0.8194,41203226.0,2022-03-19 20:00:00
1647734400000,0.8195,0.822,0.8084,0.8142,27459521.0,2022-03-20 00:00:00
1647748800000,0.8143,0.8167,0.8108,0.8134,27322035.0,2022-03-20 04:00:00
1647763200000,0.8134,0.8144,0.8031,0.8068,31269357.0,2022-03-20 08:00:00
1647777600000,0.8069,0.8099,0.8008,0.8036,36941603.0,2022-03-20 12:00:00
1647792000000,0.8037,0.809,0.795,0.8084,34083962.0,2022-03-20 16:00:00
1647806400000,0.8084,0.8099,0.801,0.8057,28014030.0,2022-03-20 20:00:00
1647820800000,0.8057,0.8086,0.7875,0.799,41568415.0,2022-03-21 00:00:00
1647835200000,0.7991,0.8121,0.7976,0.8105,38570778.0,2022-03-21 04:00:00
1647849600000,0.8106,0.8198,0.8055,0.814,43047081.0,2022-03-21 08:00:00
1647864000000,0.8139,0.8178,0.8081,0.8158,43265401.0,2022-03-21 12:00:00
1647878400000,0.8158,0.8477,0.81,0.8468,88267253.0,2022-03-21 16:00:00
1647892800000,0.8469,0.8549,0.8328,0.8373,61708735.0,2022-03-21 20:00:00
1647907200000,0.8372,0.8613,0.8341,0.8522,67808894.0,2022-03-22 00:00:00
1647921600000,0.8522,0.8653,0.8395,0.8472,67000851.0,2022-03-22 04:00:00
1647936000000,0.8472,0.852,0.843,0.8484,46985617.0,2022-03-22 08:00:00
1647950400000,0.8484,0.8574,0.8366,0.8374,47799112.0,2022-03-22 12:00:00
1647964800000,0.8373,0.8414,0.8273,0.8291,45196000.0,2022-03-22 16:00:00
1647979200000,0.8291,0.8427,0.8279,0.8366,30393832.0,2022-03-22 20:00:00
1647993600000,0.8366,0.846,0.8268,0.8281,44664230.0,2022-03-23 00:00:00
1648008000000,0.8282,0.8336,0.8203,0.8227,38203002.0,2022-03-23 04:00:00
1648022400000,0.8228,0.8282,0.8171,0.8239,37555715.0,2022-03-23 08:00:00
1648036800000,0.8239,0.8406,0.8204,0.8395,48882735.0,2022-03-23 12:00:00
1648051200000,0.8394,0.8427,0.8258,0.8274,43076172.0,2022-03-23 16:00:00
1648065600000,0.8274,0.8388,0.8267,0.8376,22642621.0,2022-03-23 20:00:00
1648080000000,0.8376,0.846,0.8272,0.8321,59677292.0,2022-03-24 00:00:00
1648094400000,0.8321,0.8394,0.8308,0.8352,38883144.0,2022-03-24 04:00:00
1648108800000,0.8353,0.8409,0.833,0.8345,41194657.0,2022-03-24 08:00:00
1648123200000,0.8345,0.848,0.8281,0.844,65485439.0,2022-03-24 12:00:00
1648137600000,0.8439,0.85,0.8383,0.8457,49474249.0,2022-03-24 16:00:00
1648152000000,0.8458,0.849,0.8402,0.8428,27407292.0,2022-03-24 20:00:00
1648166400000,0.8428,0.8459,0.8368,0.8397,32844712.0,2022-03-25 00:00:00
1648180800000,0.8398,0.8455,0.8376,0.8379,26825192.0,2022-03-25 04:00:00
1648195200000,0.8379,0.841,0.8291,0.8398,43567984.0,2022-03-25 08:00:00
1648209600000,0.8397,0.8437,0.8297,0.8322,44898602.0,2022-03-25 12:00:00
1648224000000,0.8322,0.835,0.8185,0.8262,49505936.0,2022-03-25 16:00:00
1648238400000,0.8262,0.8287,0.822,0.8239,16808572.0,2022-03-25 20:00:00
1648252800000,0.8239,0.8277,0.8206,0.8264,21879833.0,2022-03-26 00:00:00
1648267200000,0.8264,0.8349,0.8247,0.8338,19506736.0,2022-03-26 04:00:00
1648281600000,0.8338,0.8343,0.8283,0.8307,19016916.0,2022-03-26 08:00:00
1648296000000,0.8308,0.8321,0.8247,0.8307,25823847.0,2022-03-26 12:00:00
1648310400000,0.8307,0.8333,0.8276,0.8296,17340660.0,2022-03-26 16:00:00
1648324800000,0.8296,0.8336,0.829,0.8327,18865660.0,2022-03-26 20:00:00
1648339200000,0.8326,0.8429,0.8312,0.8357,36995867.0,2022-03-27 00:00:00
1648353600000,0.8356,0.8399,0.8326,0.8398,16077344.0,2022-03-27 04:00:00
1648368000000,0.8398,0.8411,0.8351,0.8369,16010045.0,2022-03-27 08:00:00
1648382400000,0.8369,0.8381,0.8275,0.8371,30712201.0,2022-03-27 12:00:00
1648396800000,0.8372,0.8485,0.8351,0.8406,36589088.0,2022-03-27 16:00:00
1648411200000,0.8407,0.8582,0.8389,0.858,62235143.0,2022-03-27 20:00:00
1648425600000,0.8579,0.8729,0.8535,0.8705,65551796.0,2022-03-28 00:00:00
1648440000000,0.8705,0.8779,0.8635,0.8672,51940360.0,2022-03-28 04:00:00
1648454400000,0.8672,0.8703,0.8615,0.8684,46233184.0,2022-03-28 08:00:00
1648468800000,0.8683,0.9036,0.8677,0.8788,129753170.0,2022-03-28 12:00:00
1648483200000,0.8787,0.93,0.8708,0.8979,114972662.0,2022-03-28 16:00:00
1648497600000,0.898,0.9015,0.8528,0.8641,70748029.0,2022-03-28 20:00:00
1648512000000,0.864,0.8786,0.862,0.8711,39626445.0,2022-03-29 00:00:00
1648526400000,0.8711,0.8857,0.8684,0.8691,39835767.0,2022-03-29 04:00:00
1648540800000,0.8691,0.883,0.8672,0.881,37042919.0,2022-03-29 08:00:00
1648555200000,0.8811,0.8855,0.857,0.8591,63279506.0,2022-03-29 12:00:00
1648569600000,0.8591,0.8674,0.8389,0.8634,53678387.0,2022-03-29 16:00:00
1648584000000,0.8634,0.8657,0.8456,0.8577,31293267.0,2022-03-29 20:00:00
1648598400000,0.8576,0.8641,0.8455,0.8615,39663499.0,2022-03-30 00:00:00
1648612800000,0.8615,0.8673,0.8567,0.861,31847880.0,2022-03-30 04:00:00
1648627200000,0.8609,0.8694,0.8577,0.867,34414318.0,2022-03-30 08:00:00
1648641600000,0.8671,0.8704,0.8534,0.8619,34455087.0,2022-03-30 12:00:00
1648656000000,0.8619,0.8718,0.8567,0.8608,31225486.0,2022-03-30 16:00:00
1648670400000,0.8609,0.8654,0.8506,0.8613,29439989.0,2022-03-30 20:00:00
1648684800000,0.8613,0.8709,0.8573,0.8618,36072715.0,2022-03-31 00:00:00
1648699200000,0.8619,0.8685,0.86,0.864,27271681.0,2022-03-31 04:00:00
1648713600000,0.8641,0.8737,0.8631,0.8674,30842857.0,2022-03-31 08:00:00
1648728000000,0.8674,0.8717,0.7794,0.823,155701877.0,2022-03-31 12:00:00
1648742400000,0.823,0.8239,0.8002,0.8122,82965591.0,2022-03-31 16:00:00
1648756800000,0.8122,0.8221,0.8059,0.8148,34084556.0,2022-03-31 20:00:00
1648771200000,0.8149,0.8317,0.8079,0.8204,70204604.0,2022-04-01 00:00:00
1648785600000,0.8204,0.8259,0.8185,0.8235,34292582.0,2022-04-01 04:00:00
1648800000000,0.8234,0.8253,0.8129,0.8141,37202625.0,2022-04-01 08:00:00
1648814400000,0.8142,0.8331,0.807,0.8261,54384017.0,2022-04-01 12:00:00
1648828800000,0.8261,0.8312,0.8206,0.8292,31887154.0,2022-04-01 16:00:00
1648843200000,0.8292,0.8343,0.8244,0.8277,26030250.0,2022-04-01 20:00:00
1648857600000,0.8277,0.8406,0.8244,0.8375,38285014.0,2022-04-02 00:00:00
1648872000000,0.8375,0.8428,0.8356,0.8417,24043994.0,2022-04-02 04:00:00
1648886400000,0.8417,0.8499,0.8398,0.841,29216584.0,2022-04-02 08:00:00
1648900800000,0.8409,0.8476,0.8273,0.833,55882244.0,2022-04-02 12:00:00
1648915200000,0.8329,0.8377,0.8185,0.8278,40461587.0,2022-04-02 16:00:00
1648929600000,0.8277,0.8335,0.8223,0.824,22152402.0,2022-04-02 20:00:00
1648944000000,0.824,0.8282,0.8143,0.828,34361407.0,2022-04-03 00:00:00
1648958400000,0.8281,0.8343,0.8273,0.8314,18639229.0,2022-04-03 04:00:00
1648972800000,0.8314,0.8348,0.8271,0.8337,19845426.0,2022-04-03 08:00:00
1648987200000,0.8337,0.842,0.8319,0.8401,28800982.0,2022-04-03 12:00:00
1649001600000,0.8401,0.8479,0.8344,0.8401,25382927.0,2022-04-03 16:00:00
1649016000000,0.8401,0.8519,0.8398,0.8432,32490191.0,2022-04-03 20:00:00
1649030400000,0.8432,0.8434,0.829,0.8303,29804099.0,2022-04-04 00:00:00
1649044800000,0.8303,0.839,0.8276,0.833,21937409.0,2022-04-04 04:00:00
1649059200000,0.833,0.844,0.823,0.8355,48074904.0,2022-04-04 08:00:00
1649073600000,0.8354,0.8381,0.8172,0.8204,43725946.0,2022-04-04 12:00:00
1649088000000,0.8204,0.8236,0.8041,0.8219,45876373.0,2022-04-04 16:00:00
1649102400000,0.8219,0.8303,0.8141,0.826,27321286.0,2022-04-04 20:00:00
1649116800000,0.8261,0.8308,0.8233,0.8269,22145461.0,2022-04-05 00:00:00
1649131200000,0.8268,0.8301,0.8221,0.8235,21114997.0,2022-04-05 04:00:00
1649145600000,0.8235,0.8306,0.8225,0.8286,20879174.0,2022-04-05 08:00:00
1649160000000,0.8287,0.8343,0.8177,0.8217,47209045.0,2022-04-05 12:00:00
1649174400000,0.8218,0.8366,0.8182,0.8234,40225317.0,2022-04-05 16:00:00
1649188800000,0.8235,0.8252,0.8145,0.8164,23205515.0,2022-04-05 20:00:00
1649203200000,0.8164,0.8177,0.7791,0.8095,82408723.0,2022-04-06 00:00:00
1649217600000,0.8095,0.8184,0.8071,0.8109,24986925.0,2022-04-06 04:00:00
1649232000000,0.8109,0.8118,0.7871,0.7955,44871376.0,2022-04-06 08:00:00
1649246400000,0.7955,0.7999,0.768,0.7801,85261121.0,2022-04-06 12:00:00
1649260800000,0.78,0.7812,0.758,0.7743,74316885.0,2022-04-06 16:00:00
1649275200000,0.7744,0.785,0.7555,0.7595,36841293.0,2022-04-06 20:00:00
1649289600000,0.7594,0.7744,0.7523,0.7687,47615723.0,2022-04-07 00:00:00
1649304000000,0.7688,0.779,0.7687,0.7743,26909692.0,2022-04-07 04:00:00
1649318400000,0.7743,0.7886,0.7723,0.7853,37685115.0,2022-04-07 08:00:00
1649332800000,0.7853,0.7902,0.7683,0.7777,44290463.0,2022-04-07 12:00:00
1649347200000,0.7778,0.7861,0.7745,0.7809,22984482.0,2022-04-07 16:00:00
1649361600000,0.7809,0.7911,0.7775,0.7871,16726173.0,2022-04-07 20:00:00
1649376000000,0.787,0.7935,0.7846,0.7928,27409420.0,2022-04-08 00:00:00
1649390400000,0.7929,0.7944,0.7781,0.7843,31032701.0,2022-04-08 04:00:00
1649404800000,0.7843,0.7868,0.7678,0.7696,29766275.0,2022-04-08 08:00:00
1649419200000,0.7697,0.7774,0.76,0.7717,49973399.0,2022-04-08 12:00:00
1649433600000,0.7718,0.774,0.7527,0.7593,41889541.0,2022-04-08 16:00:00
1649448000000,0.7593,0.7638,0.7463,0.7549,30567858.0,2022-04-08 20:00:00
1649462400000,0.755,0.7631,0.754,0.7615,21989803.0,2022-04-09 00:00:00
1649476800000,0.7616,0.7668,0.7565,0.7608,21186418.0,2022-04-09 04:00:00
1649491200000,0.7608,0.7638,0.759,0.7623,15649637.0,2022-04-09 08:00:00
1649505600000,0.7623,0.7644,0.7531,0.7549,20356468.0,2022-04-09 12:00:00
1649520000000,0.7549,0.7637,0.7537,0.7611,11681783.0,2022-04-09 16:00:00
1649534400000,0.7612,0.7637,0.7584,0.7622,11267135.0,2022-04-09 20:00:00
1649548800000,0.7623,0.7683,0.7598,0.7659,12797475.0,2022-04-10 00:00:00
1649563200000,0.7658,0.7674,0.7611,0.7614,11248462.0,2022-04-10 04:00:00
1649577600000,0.7613,0.7618,0.7552,0.7574,33700308.0,2022-04-10 08:00:00
1649592000000,0.7573,0.7614,0.7566,0.7593,15098077.0,2022-04-10 12:00:00
1649606400000,0.7593,0.7713,0.7589,0.7698,20074390.0,2022-04-10 16:00:00
1649620800000,0.7698,0.7731,0.7524,0.7543,30109996.0,2022-04-10 20:00:00
1649635200000,0.7543,0.7558,0.7317,0.7388,48053471.0,2022-04-11 00:00:00
1649649600000,0.7388,0.7446,0.7355,0.7435,23696159.0,2022-04-11 04:00:00
1649664000000,0.7434,0.7445,0.7053,0.7081,98305396.0,2022-04-11 08:00:00
1649678400000,0.7082,0.7148,0.7027,0.7043,52514516.0,2022-04-11 12:00:00
1649692800000,0.7044,0.712,0.7012,0.705,50581667.0,2022-04-11 16:00:00
1649707200000,0.705,0.707,0.6802,0.6948,81308043.0,2022-04-11 20:00:00
1649721600000,0.6949,0.7051,0.6931,0.7004,41291427.0,2022-04-12 00:00:00
1649736000000,0.7004,0.7117,0.6984,0.7049,36881215.0,2022-04-12 04:00:00
1649750400000,0.7049,0.7137,0.7029,0.7118,31016383.0,2022-04-12 08:00:00
1649764800000,0.7118,0.7209,0.7029,0.708,65199318.0,2022-04-12 12:00:00
1649779200000,0.7079,0.7107,0.6924,0.6936,36162286.0,2022-04-12 16:00:00
1649793600000,0.6935,0.734,0.6928,0.7152,52538358.0,2022-04-12 20:00:00
1649808000000,0.7151,0.7198,0.7093,0.7143,31118567.0,2022-04-13 00:00:00
1649822400000,0.7142,0.7212,0.71,0.7146,35856787.0,2022-04-13 04:00:00
1649836800000,0.7146,0.7246,0.704,0.7052,40908001.0,2022-04-13 08:00:00
1649851200000,0.7051,0.7241,0.7017,0.7214,52783512.0,2022-04-13 12:00:00
1649865600000,0.7214,0.7252,0.7162,0.7182,31541184.0,2022-04-13 16:00:00
1649880000000,0.7181,0.725,0.7175,0.7232,25729515.0,2022-04-13 20:00:00
1649894400000,0.7232,0.7413,0.7222,0.7364,36511462.0,2022-04-14 00:00:00
1649908800000,0.7364,0.7409,0.7296,0.7331,34150940.0,2022-04-14 04:00:00
1649923200000,0.7332,0.7359,0.7206,0.7231,34370420.0,2022-04-14 08:00:00
1649937600000,0.7231,0.7303,0.7129,0.7137,49457817.0,2022-04-14 12:00:00
1649952000000,0.7137,0.7307,0.7083,0.7145,54685252.0,2022-04-14 16:00:00
1649966400000,0.7145,0.73,0.7112,0.7262,30454046.0,2022-04-14 20:00:00
1649980800000,0.7262,0.7907,0.7261,0.7869,115346756.0,2022-04-15 00:00:00
1649995200000,0.7869,0.7975,0.7635,0.7779,116615155.0,2022-04-15 04:00:00
1650009600000,0.778,0.7878,0.771,0.779,68754669.0,2022-04-15 08:00:00
1650024000000,0.779,0.785,0.7632,0.7744,69000704.0,2022-04-15 12:00:00
1650038400000,0.7744,0.78,0.7695,0.7717,30443510.0,2022-04-15 16:00:00
1650052800000,0.7716,0.7918,0.7696,0.7858,39515708.0,2022-04-15 20:00:00
1650067200000,0.7859,0.7999,0.7786,0.7846,64269442.0,2022-04-16 00:00:00
1650081600000,0.7846,0.7887,0.7759,0.7768,45377016.0,2022-04-16 04:00:00
1650096000000,0.7768,0.779,0.7706,0.7749,26344093.0,2022-04-16 08:00:00
1650110400000,0.7748,0.7818,0.7658,0.7685,30275266.0,2022-04-16 12:00:00
1650124800000,0.7685,0.7758,0.767,0.7741,18372663.0,2022-04-16 16:00:00
1650139200000,0.774,0.7844,0.7714,0.7808,21854552.0,2022-04-16 20:00:00
1650153600000,0.7808,0.7847,0.7709,0.7746,21773305.0,2022-04-17 00:00:00
1650168000000,0.7745,0.7811,0.7744,0.7785,17954503.0,2022-04-17 04:00:00
1650182400000,0.7786,0.7861,0.7753,0.777,27617645.0,2022-04-17 08:00:00
1650196800000,0.7769,0.7859,0.776,0.7794,29559734.0,2022-04-17 12:00:00
1650211200000,0.7794,0.7808,0.7576,0.768,49213630.0,2022-04-17 16:00:00
1650225600000,0.768,0.7735,0.7477,0.7519,42349693.0,2022-04-17 20:00:00
1650240000000,0.7519,0.761,0.7418,0.7578,48583761.0,2022-04-18 00:00:00
1650254400000,0.7577,0.7587,0.7266,0.7343,63793621.0,2022-04-18 04:00:00
1650268800000,0.7343,0.7438,0.7329,0.7394,30383721.0,2022-04-18 08:00:00
1650283200000,0.7395,0.7501,0.7392,0.7433,38415193.0,2022-04-18 12:00:00
1650297600000,0.7431,0.7642,0.7364,0.7583,48691928.0,2022-04-18 16:00:00
1650312000000,0.7582,0.7699,0.7566,0.7699,27889028.0,2022-04-18 20:00:00
1650326400000,0.7698,0.7766,0.7669,0.7693,36850877.0,2022-04-19 00:00:00
1650340800000,0.7694,0.7747,0.7635,0.765,30355030.0,2022-04-19 04:00:00
1650355200000,0.7651,0.786,0.7588,0.7639,43757799.0,2022-04-19 08:00:00
1650369600000,0.7639,0.7822,0.7636,0.773,43686343.0,2022-04-19 12:00:00
1650384000000,0.773,0.7778,0.7675,0.7738,27257351.0,2022-04-19 16:00:00
1650398400000,0.7737,0.7767,0.7682,0.7749,17224620.0,2022-04-19 20:00:00
1650412800000,0.7749,0.7753,0.7615,0.7686,30477792.0,2022-04-20 00:00:00
1650427200000,0.7686,0.7696,0.7616,0.7619,29747833.0,2022-04-20 04:00:00
1650441600000,0.7618,0.7725,0.7606,0.7711,42322321.0,2022-04-20 08:00:00
1650456000000,0.7711,0.7731,0.7503,0.755,62518545.0,2022-04-20 12:00:00
1650470400000,0.755,0.7562,0.742,0.7481,32629000.0,2022-04-20 16:00:00
1650484800000,0.7482,0.7574,0.7459,0.7517,22551479.0,2022-04-20 20:00:00
1650499200000,0.7517,0.7572,0.7513,0.7544,26752525.0,2022-04-21 00:00:00
1650513600000,0.7545,0.7554,0.7428,0.7487,36264526.0,2022-04-21 04:00:00
1650528000000,0.7487,0.7591,0.7454,0.7557,38858249.0,2022-04-21 08:00:00
1650542400000,0.7558,0.766,0.7547,0.758,47049444.0,2022-04-21 12:00:00
1650556800000,0.758,0.7686,0.7439,0.7486,33874799.0,2022-04-21 16:00:00
1650571200000,0.7487,0.7495,0.718,0.7328,58510906.0,2022-04-21 20:00:00
1650585600000,0.7328,0.7355,0.7282,0.7319,32516288.0,2022-04-22 00:00:00
1650600000000,0.7319,0.7387,0.7253,0.7304,34210269.0,2022-04-22 04:00:00
1650614400000,0.7303,0.732,0.7193,0.727,36741850.0,2022-04-22 08:00:00
1650628800000,0.727,0.7282,0.7142,0.7176,54708848.0,2022-04-22 12:00:00
1650643200000,0.7176,0.7373,0.7149,0.7261,39075857.0,2022-04-22 16:00:00
1650657600000,0.726,0.7312,0.7152,0.7179,23504513.0,2022-04-22 20:00:00
1650672000000,0.7178,0.7267,0.7086,0.7126,37010334.0,2022-04-23 00:00:00
1650686400000,0.7126,0.7155,0.706,0.7117,26867878.0,2022-04-23 04:00:00
1650700800000,0.7117,0.7132,0.7075,0.7115,29521687.0,2022-04-23 08:00:00
1650715200000,0.7115,0.715,0.7088,0.7121,23616062.0,2022-04-23 12:00:00
1650729600000,0.7122,0.7167,0.71,0.7113,21420351.0,2022-04-23 16:00:00
1650744000000,0.7113,0.7148,0.7023,0.7057,24600431.0,2022-04-23 20:00:00
1650758400000,0.7057,0.7106,0.705,0.7095,23045646.0,2022-04-24 00:00:00
1650772800000,0.7095,0.7119,0.7088,0.7111,13966756.0,2022-04-24 04:00:00
1650787200000,0.7111,0.7118,0.7033,0.7048,18407189.0,2022-04-24 08:00:00
1650801600000,0.7048,0.7078,0.6971,0.7055,33487704.0,2022-04-24 12:00:00
1650816000000,0.7056,0.7069,0.6944,0.7016,37346445.0,2022-04-24 16:00:00
1650830400000,0.7017,0.7043,0.697,0.6981,18691660.0,2022-04-24 20:00:00
1650844800000,0.698,0.6998,0.6698,0.6796,82122561.0,2022-04-25 00:00:00
1650859200000,0.6795,0.6799,0.6451,0.6516,96095839.0,2022-04-25 04:00:00
1650873600000,0.6516,0.6661,0.646,0.6654,75892664.0,2022-04-25 08:00:00
1650888000000,0.6654,0.6728,0.6606,0.6681,60980583.0,2022-04-25 12:00:00
1650902400000,0.6681,0.6883,0.6668,0.6873,52638141.0,2022-04-25 16:00:00
1650916800000,0.6873,0.6977,0.6837,0.6931,31704964.0,2022-04-25 20:00:00
1650931200000,0.6931,0.7065,0.6886,0.6969,43593288.0,2022-04-26 00:00:00
1650945600000,0.6969,0.7,0.679,0.6862,41743399.0,2022-04-26 04:00:00
1650960000000,0.6863,0.6904,0.6744,0.6788,46360759.0,2022-04-26 08:00:00
1650974400000,0.6788,0.681,0.6514,0.6531,87247144.0,2022-04-26 12:00:00
1650988800000,0.6531,0.6595,0.6364,0.646,74318935.0,2022-04-26 16:00:00
1651003200000,0.646,0.654,0.6276,0.642,62701088.0,2022-04-26 20:00:00
1651017600000,0.642,0.652,0.6361,0.6498,47169711.0,2022-04-27 00:00:00
1651032000000,0.6499,0.6623,0.6479,0.6622,42984470.0,2022-04-27 04:00:00
1651046400000,0.6623,0.663,0.6403,0.6468,56784337.0,2022-04-27 08:00:00
1651060800000,0.6468,0.6596,0.6417,0.647,74551831.0,2022-04-27 12:00:00
1651075200000,0.6471,0.6552,0.6422,0.646,36911579.0,2022-04-27 16:00:00
1651089600000,0.646,0.653,0.6451,0.6522,19592702.0,2022-04-27 20:00:00
1651104000000,0.6522,0.6567,0.6473,0.6478,28590824.0,2022-04-28 00:00:00
1651118400000,0.6479,0.6533,0.6465,0.6495,31383291.0,2022-04-28 04:00:00
1651132800000,0.6495,0.6577,0.6468,0.6486,43766217.0,2022-04-28 08:00:00
1651147200000,0.6486,0.6503,0.6333,0.6388,76924877.0,2022-04-28 12:00:00
1651161600000,0.6388,0.6516,0.6364,0.6445,36738016.0,2022-04-28 16:00:00
1651176000000,0.6446,0.649,0.6407,0.6428,24742503.0,2022-04-28 20:00:00
1651190400000,0.6428,0.6464,0.6327,0.637,35069592.0,2022-04-29 00:00:00
1651204800000,0.6371,0.6426,0.6347,0.6404,25349479.0,2022-04-29 04:00:00
1651219200000,0.6404,0.6422,0.6129,0.619,84315141.0,2022-04-29 08:00:00
1651233600000,0.6191,0.6257,0.6166,0.6206,58736215.0,2022-04-29 12:00:00
1651248000000,0.6207,0.621,0.5992,0.606,85238892.0,2022-04-29 16:00:00
1651262400000,0.606,0.6153,0.605,0.6116,33554310.0,2022-04-29 20:00:00
1651276800000,0.6115,0.6216,0.6105,0.6197,30356450.0,2022-04-30 00:00:00
1651291200000,0.6198,0.6288,0.6172,0.6229,33741199.0,2022-04-30 04:00:00
1651305600000,0.623,0.6247,0.6165,0.6201,49346379.0,2022-04-30 08:00:00
1651320000000,0.62,0.6266,0.6089,0.6161,50785583.0,2022-04-30 12:00:00
1651334400000,0.6161,0.6185,0.6027,0.6114,53696646.0,2022-04-30 16:00:00
1651348800000,0.6114,0.6136,0.5663,0.5845,136828476.0,2022-04-30 20:00:00
1651363200000,0.5845,0.594,0.576,0.5915,73124849.0,2022-05-01 00:00:00
1651377600000,0.5915,0.5966,0.5845,0.5868,56137797.0,2022-05-01 04:00:00
1651392000000,0.5869,0.5931,0.5869,0.5892,30563445.0,2022-05-01 08:00:00
1651406400000,0.5893,0.6064,0.5886,0.6046,46755037.0,2022-05-01 12:00:00
1651420800000,0.6046,0.6125,0.5931,0.5978,42678734.0,2022-05-01 16:00:00
1651435200000,0.5978,0.6099,0.596,0.607,30394043.0,2022-05-01 20:00:00
1651449600000,0.607,0.6238,0.605,0.6186,56045913.0,2022-05-02 00:00:00
1651464000000,0.6185,0.6312,0.6165,0.6232,46506648.0,2022-05-02 04:00:00
1651478400000,0.6235,0.6273,0.6072,0.6095,58402453.0,2022-05-02 08:00:00
1651492800000,0.6094,0.617,0.6035,0.6085,85942349.0,2022-05-02 12:00:00
1651507200000,0.6086,0.6135,0.5984,0.6082,45514664.0,2022-05-02 16:00:00
1651521600000,0.6082,0.6233,0.6059,0.6143,40336208.0,2022-05-02 20:00:00
1651536000000,0.6143,0.628,0.6142,0.6238,52078511.0,2022-05-03 00:00:00
1651550400000,0.6237,0.625,0.6132,0.6195,50129413.0,2022-05-03 04:00:00
1651564800000,0.6195,0.6214,0.6138,0.6207,37862372.0,2022-05-03 08:00:00
1651579200000,0.6207,0.6212,0.6137,0.616,36867577.0,2022-05-03 12:00:00
1651593600000,0.616,0.6178,0.5965,0.5981,68153861.0,2022-05-03 16:00:00
1651608000000,0.5982,0.6064,0.5961,0.6047,38953054.0,2022-05-03 20:00:00
1651622400000,0.6047,0.6186,0.6039,0.6156,53630190.0,2022-05-04 00:00:00
1651636800000,0.6157,0.6173,0.6057,0.6145,60297002.0,2022-05-04 04:00:00
1651651200000,0.6145,0.622,0.6132,0.6197,55267135.0,2022-05-04 08:00:00
1651665600000,0.6197,0.6214,0.6093,0.6134,44327338.0,2022-05-04 12:00:00
1651680000000,0.6134,0.6489,0.6121,0.6391,98781579.0,2022-05-04 16:00:00
1651694400000,0.639,0.65,0.6386,0.6459,33304487.0,2022-05-04 20:00:00
1651708800000,0.646,0.6572,0.6455,0.6489,53015507.0,2022-05-05 00:00:00
1651723200000,0.6489,0.6547,0.6417,0.6428,44150801.0,2022-05-05 04:00:00
1651737600000,0.6428,0.6435,0.6346,0.6357,43432491.0,2022-05-05 08:00:00
1651752000000,0.6359,0.6386,0.5902,0.6012,139274745.0,2022-05-05 12:00:00
1651766400000,0.601,0.6054,0.5801,0.5939,121463010.0,2022-05-05 16:00:00
1651780800000,0.594,0.602,0.5891,0.5981,45601910.0,2022-05-05 20:00:00
1651795200000,0.5981,0.6164,0.5943,0.6096,89811260.0,2022-05-06 00:00:00
1651809600000,0.6096,0.6112,0.5938,0.6012,57701635.0,2022-05-06 04:00:00
1651824000000,0.6013,0.6095,0.5929,0.5973,58108931.0,2022-05-06 08:00:00
1651838400000,0.5973,0.6057,0.5875,0.5965,88532092.0,2022-05-06 12:00:00
1651852800000,0.5964,0.6005,0.591,0.5967,39510625.0,2022-05-06 16:00:00
1651867200000,0.5967,0.6059,0.595,0.6022,30207569.0,2022-05-06 20:00:00
1651881600000,0.6022,0.6044,0.5944,0.595,37811307.0,2022-05-07 00:00:00
1651896000000,0.595,0.5993,0.5924,0.5967,38803851.0,2022-05-07 04:00:00
1651910400000,0.5968,0.6015,0.596,0.5986,27416351.0,2022-05-07 08:00:00
1651924800000,0.5986,0.5991,0.5932,0.5949,29004412.0,2022-05-07 12:00:00
1651939200000,0.5949,0.5979,0.5913,0.5929,24926106.0,2022-05-07 16:00:00
1651953600000,0.5929,0.5938,0.5692,0.5808,85458960.0,2022-05-07 20:00:00
1651968000000,0.5808,0.5833,0.5677,0.5745,72448385.0,2022-05-08 00:00:00
1651982400000,0.5745,0.5768,0.5642,0.5722,61025117.0,2022-05-08 04:00:00
1651996800000,0.5723,0.5772,0.5694,0.5749,32085164.0,2022-05-08 08:00:00
1652011200000,0.5749,0.576,0.5666,0.5691,53211036.0,2022-05-08 12:00:00
1652025600000,0.5691,0.5753,0.5572,0.5737,84367440.0,2022-05-08 16:00:00
1652040000000,0.5739,0.5748,0.5641,0.5662,32844764.0,2022-05-08 20:00:00
1652054400000,0.5663,0.5789,0.558,0.5644,71884887.0,2022-05-09 00:00:00
1652068800000,0.5643,0.57,0.5512,0.552,58674103.0,2022-05-09 04:00:00
1652083200000,0.5521,0.5689,0.5265,0.5367,143851819.11,2022-05-09 08:00:00
1652097600000,0.5367,0.5493,0.52,0.5266,132583652.83,2022-05-09 12:00:00
1652112000000,0.5267,0.5311,0.47,0.4889,292421055.39,2022-05-09 16:00:00
1652126400000,0.489,0.5135,0.4853,0.4873,142564099.0,2022-05-09 20:00:00
1652140800000,0.4872,0.5092,0.4722,0.4988,291154138.0,2022-05-10 00:00:00
1652155200000,0.4988,0.5347,0.4974,0.5164,175106389.0,2022-05-10 04:00:00
1652169600000,0.5164,0.529,0.5144,0.524,113911598.0,2022-05-10 08:00:00
1652184000000,0.5239,0.5371,0.5063,0.5174,134365111.0,2022-05-10 12:00:00
1652198400000,0.5174,0.5254,0.5094,0.5197,72593129.0,2022-05-10 16:00:00
1652212800000,0.5196,0.5219,0.4932,0.513,113659937.0,2022-05-10 20:00:00
1652227200000,0.513,0.5253,0.5069,0.5148,119558629.0,2022-05-11 00:00:00
1652241600000,0.5148,0.5232,0.489,0.4998,199804966.0,2022-05-11 04:00:00
1652256000000,0.4999,0.5184,0.4901,0.4914,189237444.0,2022-05-11 08:00:00
1652270400000,0.4915,0.5037,0.4039,0.4459,610765955.43,2022-05-11 12:00:00
1652284800000,0.4458,0.4479,0.4069,0.4123,215645765.0,2022-05-11 16:00:00
1652299200000,0.4122,0.4231,0.3646,0.4172,263430921.92,2022-05-11 20:00:00
1652313600000,0.4172,0.4296,0.38,0.3802,275245128.0,2022-05-12 00:00:00
1652328000000,0.3802,0.3904,0.3361,0.3789,652013168.5,2022-05-12 04:00:00
1652342400000,0.3789,0.3914,0.3654,0.377,233503670.0,2022-05-12 08:00:00
1652356800000,0.3772,0.3971,0.3659,0.3849,181338899.0,2022-05-12 12:00:00
1652371200000,0.3849,0.4014,0.3772,0.388,123109281.0,2022-05-12 16:00:00
1652385600000,0.3882,0.3941,0.37,0.3856,102297785.0,2022-05-12 20:00:00
1652400000000,0.3856,0.4496,0.3813,0.4453,219843815.0,2022-05-13 00:00:00
1652414400000,0.4453,0.4659,0.432,0.4323,152915181.0,2022-05-13 04:00:00
1652428800000,0.4323,0.4572,0.4322,0.455,96192781.0,2022-05-13 08:00:00
1652443200000,0.455,0.4556,0.4321,0.4338,94183834.0,2022-05-13 12:00:00
1652457600000,0.4338,0.4408,0.4181,0.4265,62690683.0,2022-05-13 16:00:00
1652472000000,0.4266,0.4413,0.4205,0.4228,72570473.0,2022-05-13 20:00:00
1652486400000,0.4229,0.441,0.42,0.4352,86849841.0,2022-05-14 00:00:00
1652500800000,0.4352,0.4355,0.4233,0.4281,51618750.0,2022-05-14 04:00:00
1652515200000,0.4281,0.4339,0.403,0.4095,96287392.0,2022-05-14 08:00:00
1652529600000,0.4095,0.4123,0.3955,0.4018,82318475.0,2022-05-14 12:00:00
1652544000000,0.4018,0.4224,0.3991,0.4126,76081275.0,2022-05-14 16:00:00
1652558400000,0.4126,0.4305,0.4115,0.4262,49689438.0,2022-05-14 20:00:00
1652572800000,0.4262,0.4307,0.4149,0.4191,43682183.0,2022-05-15 00:00:00
1652587200000,0.4191,0.4264,0.4149,0.4203,34250658.0,2022-05-15 04:00:00
1652601600000,0.4203,0.4305,0.4171,0.4299,35797460.0,2022-05-15 08:00:00
1652616000000,0.4299,0.4345,0.4207,0.4258,58440317.0,2022-05-15 12:00:00
1652630400000,0.4257,0.4322,0.4223,0.4319,32717933.0,2022-05-15 16:00:00
1652644800000,0.4319,0.45,0.4311,0.4481,62850687.0,2022-05-15 20:00:00
1652659200000,0.4481,0.4481,0.4306,0.4333,63055710.0,2022-05-16 00:00:00
1652673600000,0.4333,0.4339,0.4087,0.4158,85374457.0,2022-05-16 04:00:00
1652688000000,0.4157,0.4234,0.4127,0.4192,59471144.0,2022-05-16 08:00:00
1652702400000,0.4192,0.4249,0.4116,0.4162,94220831.0,2022-05-16 12:00:00
1652716800000,0.4162,0.4426,0.4124,0.423,71325236.0,2022-05-16 16:00:00
1652731200000,0.4229,0.4312,0.4196,0.4231,60461870.0,2022-05-16 20:00:00
1652745600000,0.4231,0.4372,0.4225,0.4346,62302778.0,2022-05-17 00:00:00
1652760000000,0.4346,0.4379,0.4277,0.4281,48437209.0,2022-05-17 04:00:00
1652774400000,0.4281,0.4337,0.4278,0.4308,52368185.0,2022-05-17 08:00:00
1652788800000,0.4308,0.4393,0.4215,0.4266,78268886.0,2022-05-17 12:00:00
1652803200000,0.4265,0.4334,0.417,0.4302,87550078.0,2022-05-17 16:00:00
1652817600000,0.4302,0.4403,0.4292,0.438,47501163.0,2022-05-17 20:00:00
1652832000000,0.438,0.4428,0.4266,0.4282,48219573.0,2022-05-18 00:00:00
1652846400000,0.4282,0.4308,0.424,0.4274,49129525.0,2022-05-18 04:00:00
1652860800000,0.4274,0.43,0.4246,0.4271,46846083.0,2022-05-18 08:00:00
1652875200000,0.4271,0.4275,0.4037,0.4078,108544094.0,2022-05-18 12:00:00
1652889600000,0.4078,0.418,0.4046,0.4161,56841825.0,2022-05-18 16:00:00
1652904000000,0.4161,0.4175,0.4039,0.4056,61373128.0,2022-05-18 20:00:00
1652918400000,0.4056,0.4133,0.3908,0.4094,70483109.0,2022-05-19 00:00:00
1652932800000,0.4094,0.4124,0.3998,0.405,43116651.0,2022-05-19 04:00:00
1652947200000,0.4051,0.4107,0.3984,0.4102,46687250.0,2022-05-19 08:00:00
1652961600000,0.4101,0.4242,0.4065,0.4219,61102563.0,2022-05-19 12:00:00
1652976000000,0.4219,0.4224,0.4167,0.417,29955628.0,2022-05-19 16:00:00
1652990400000,0.417,0.4216,0.4139,0.4205,34120101.0,2022-05-19 20:00:00
1653004800000,0.4205,0.4345,0.4174,0.4313,65266721.0,2022-05-20 00:00:00
1653019200000,0.4313,0.4407,0.4271,0.4285,74625810.0,2022-05-20 04:00:00
1653033600000,0.4285,0.4326,0.4248,0.4282,39295709.0,2022-05-20 08:00:00
1653048000000,0.4282,0.4291,0.4087,0.4101,89854667.0,2022-05-20 12:00:00
1653062400000,0.4102,0.4117,0.4016,0.4113,61087524.0,2022-05-20 16:00:00
1653076800000,0.4113,0.4151,0.4092,0.4101,27919007.0,2022-05-20 20:00:00
1653091200000,0.4101,0.4126,0.403,0.4117,34909788.0,2022-05-21 00:00:00
1653105600000,0.4116,0.4152,0.4081,0.4126,26982386.0,2022-05-21 04:00:00
1653120000000,0.4125,0.4143,0.4093,0.4107,24370968.0,2022-05-21 08:00:00
1653134400000,0.4107,0.4168,0.4096,0.4156,23055304.0,2022-05-21 12:00:00
1653148800000,0.4156,0.4183,0.414,0.4155,22032034.0,2022-05-21 16:00:00
1653163200000,0.4155,0.4166,0.4117,0.4145,12881745.0,2022-05-21 20:00:00
1653177600000,0.4144,0.4159,0.4114,0.4128,20626596.0,2022-05-22 00:00:00
1653192000000,0.4128,0.4145,0.4101,0.4139,17872801.0,2022-05-22 04:00:00
1653206400000,0.4139,0.4226,0.4126,0.4183,42154890.0,2022-05-22 08:00:00
1653220800000,0.4183,0.4214,0.4143,0.4172,24578123.0,2022-05-22 12:00:00
1653235200000,0.4172,0.4198,0.4151,0.4174,17533691.0,2022-05-22 16:00:00
1653249600000,0.4174,0.4255,0.4171,0.4218,21016990.0,2022-05-22 20:00:00
1653264000000,0.4217,0.4248,0.4175,0.42,34904122.0,2022-05-23 00:00:00
1653278400000,0.4199,0.4273,0.4196,0.4246,41567228.0,2022-05-23 04:00:00
1653292800000,0.4247,0.4267,0.4206,0.4249,37306468.0,2022-05-23 08:00:00
1653307200000,0.425,0.4286,0.4216,0.426,56502698.0,2022-05-23 12:00:00
1653321600000,0.4261,0.4287,0.4077,0.4084,67173754.0,2022-05-23 16:00:00
1653336000000,0.4084,0.4155,0.4002,0.4052,63980112.0,2022-05-23 20:00:00
1653350400000,0.4052,0.4122,0.4035,0.4114,39271622.0,2022-05-24 00:00:00
1653364800000,0.4115,0.4138,0.4055,0.4106,45841054.0,2022-05-24 04:00:00
1653379200000,0.4106,0.4114,0.4036,0.4059,44649436.0,2022-05-24 08:00:00
1653393600000,0.4059,0.4077,0.3908,0.4045,106718201.0,2022-05-24 12:00:00
1653408000000,0.4044,0.4073,0.3988,0.405,46947277.0,2022-05-24 16:00:00
1653422400000,0.4049,0.4122,0.4024,0.4086,26297160.0,2022-05-24 20:00:00
1653436800000,0.4087,0.4135,0.4064,0.4111,53259937.0,2022-05-25 00:00:00
1653451200000,0.4111,0.4118,0.4059,0.4064,48544752.0,2022-05-25 04:00:00
1653465600000,0.4064,0.4075,0.3948,0.3969,77472918.0,2022-05-25 08:00:00
1653480000000,0.3969,0.4138,0.396,0.402,139711367.0,2022-05-25 12:00:00
1653494400000,0.4021,0.4082,0.3997,0.405,56787232.0,2022-05-25 16:00:00
1653508800000,0.405,0.4091,0.4042,0.406,38563330.0,2022-05-25 20:00:00
1653523200000,0.4061,0.4109,0.4054,0.4082,54005326.0,2022-05-26 00:00:00
1653537600000,0.4081,0.4096,0.3965,0.3977,78437541.0,2022-05-26 04:00:00
1653552000000,0.3976,0.3977,0.3837,0.3885,150363998.0,2022-05-26 08:00:00
1653566400000,0.3885,0.3965,0.3753,0.3946,180549680.0,2022-05-26 12:00:00
1653580800000,0.3947,0.4017,0.3908,0.3917,87331194.0,2022-05-26 16:00:00
1653595200000,0.3918,0.3995,0.3909,0.392,76017018.0,2022-05-26 20:00:00
1653609600000,0.3921,0.4011,0.3855,0.3986,122944288.0,2022-05-27 00:00:00
1653624000000,0.3986,0.4032,0.3907,0.3961,110929953.0,2022-05-27 04:00:00
1653638400000,0.396,0.3975,0.3875,0.3911,82399207.0,2022-05-27 08:00:00
1653652800000,0.391,0.3974,0.3847,0.3884,112070339.0,2022-05-27 12:00:00
1653667200000,0.3884,0.3895,0.3764,0.383,79242670.0,2022-05-27 16:00:00
1653681600000,0.383,0.3872,0.3791,0.3819,42387789.0,2022-05-27 20:00:00
1653696000000,0.382,0.3874,0.3805,0.3853,59334062.0,2022-05-28 00:00:00
1653710400000,0.3854,0.389,0.3843,0.386,40823028.0,2022-05-28 04:00:00
1653724800000,0.3861,0.3867,0.3821,0.3833,40304094.0,2022-05-28 08:00:00
1653739200000,0.3832,0.3877,0.3828,0.3871,34498909.0,2022-05-28 12:00:00
1653753600000,0.387,0.3876,0.383,0.3864,32346938.0,2022-05-28 16:00:00
1653768000000,0.3864,0.3882,0.382,0.3863,25689027.0,2022-05-28 20:00:00
1653782400000,0.3863,0.3871,0.3794,0.3826,41163151.0,2022-05-29 00:00:00
1653796800000,0.3827,0.3841,0.3818,0.3838,22097929.0,2022-05-29 04:00:00
1653811200000,0.3838,0.3866,0.3825,0.386,37862404.0,2022-05-29 08:00:00
1653825600000,0.3861,0.3908,0.3858,0.3864,40926753.0,2022-05-29 12:00:00
1653840000000,0.3864,0.3886,0.3849,0.3856,21287015.0,2022-05-29 16:00:00
1653854400000,0.3856,0.3899,0.3854,0.3891,26821970.0,2022-05-29 20:00:00
1653868800000,0.3891,0.4021,0.3866,0.3978,75930610.0,2022-05-30 00:00:00
1653883200000,0.3979,0.4057,0.3965,0.4005,63920089.0,2022-05-30 04:00:00
1653897600000,0.4005,0.4008,0.3968,0.3999,47646468.0,2022-05-30 08:00:00
1653912000000,0.3998,0.4026,0.3948,0.3998,49822678.0,2022-05-30 12:00:00
1653926400000,0.3998,0.4036,0.3979,0.401,35765039.0,2022-05-30 16:00:00
1653940800000,0.4009,0.4197,0.4001,0.4187,98154397.0,2022-05-30 20:00:00
1653955200000,0.4188,0.4242,0.4152,0.4186,73442623.0,2022-05-31 00:00:00
1653969600000,0.4186,0.4342,0.4143,0.4182,103763393.0,2022-05-31 04:00:00
1653984000000,0.4182,0.4235,0.4146,0.4218,64537673.0,2022-05-31 08:00:00
1653998400000,0.4218,0.4236,0.4065,0.4168,84366448.0,2022-05-31 12:00:00
1654012800000,0.4168,0.4188,0.4118,0.4145,51687080.0,2022-05-31 16:00:00
1654027200000,0.4146,0.4257,0.4146,0.4217,44516416.0,2022-05-31 20:00:00
1654041600000,0.4217,0.4266,0.4168,0.4172,53378282.0,2022-06-01 00:00:00
1654056000000,0.4172,0.4225,0.4136,0.4139,57296099.0,2022-06-01 04:00:00
1654070400000,0.4139,0.419,0.4132,0.4161,46939537.0,2022-06-01 08:00:00
1654084800000,0.4162,0.4221,0.4074,0.4079,88435132.0,2022-06-01 12:00:00
1654099200000,0.4078,0.4082,0.3993,0.4027,97702988.0,2022-06-01 16:00:00
1654113600000,0.4026,0.4028,0.3887,0.398,93231790.0,2022-06-01 20:00:00
1654128000000,0.3981,0.3997,0.3931,0.3941,72555452.0,2022-06-02 00:00:00
1654142400000,0.3942,0.4002,0.3907,0.394,69059763.0,2022-06-02 04:00:00
1654156800000,0.3939,0.4,0.393,0.3997,45082510.0,2022-06-02 08:00:00
1654171200000,0.3998,0.4015,0.3921,0.4,70973622.0,2022-06-02 12:00:00
1654185600000,0.4001,0.401,0.3953,0.3981,46552310.0,2022-06-02 16:00:00
1654200000000,0.3982,0.4072,0.3978,0.4055,46471457.0,2022-06-02 20:00:00
1654214400000,0.4054,0.4105,0.4037,0.4087,41147755.0,2022-06-03 00:00:00
1654228800000,0.4087,0.4096,0.4035,0.4037,37045815.0,2022-06-03 04:00:00
1654243200000,0.4037,0.4045,0.3911,0.3934,74986562.0,2022-06-03 08:00:00
1654257600000,0.3933,0.3953,0.3856,0.3877,79348584.0,2022-06-03 12:00:00
1654272000000,0.3877,0.3881,0.3839,0.3864,28986349.0,2022-06-03 16:00:00
1654286400000,0.3865,0.3937,0.3857,0.3904,22273539.0,2022-06-03 20:00:00
1654300800000,0.3903,0.3912,0.3846,0.3863,33602068.0,2022-06-04 00:00:00
1654315200000,0.3864,0.3918,0.3862,0.3914,26263118.0,2022-06-04 04:00:00
1654329600000,0.3913,0.3927,0.3892,0.3895,19681486.0,2022-06-04 08:00:00
1654344000000,0.3896,0.3931,0.3869,0.3912,22863576.0,2022-06-04 12:00:00
1654358400000,0.3912,0.3917,0.3886,0.3903,14320831.0,2022-06-04 16:00:00
1654372800000,0.3903,0.3944,0.3895,0.3925,17300427.0,2022-06-04 20:00:00
1654387200000,0.3925,0.3946,0.3895,0.3915,21715764.0,2022-06-05 00:00:00
1654401600000,0.3915,0.3924,0.3905,0.3911,15925831.0,2022-06-05 04:00:00
1654416000000,0.3911,0.3972,0.391,0.3941,31551750.0,2022-06-05 08:00:00
1654430400000,0.3942,0.3959,0.3909,0.3954,17294734.0,2022-06-05 12:00:00
1654444800000,0.3954,0.3994,0.394,0.3992,22421038.0,2022-06-05 16:00:00
1654459200000,0.3992,0.3995,0.3948,0.3953,25300532.0,2022-06-05 20:00:00
1654473600000,0.3954,0.4042,0.394,0.4033,51096290.0,2022-06-06 00:00:00
1654488000000,0.4034,0.4048,0.3997,0.4033,49799063.0,2022-06-06 04:00:00
1654502400000,0.4032,0.4099,0.4031,0.4043,50265468.0,2022-06-06 08:00:00
1654516800000,0.4043,0.4064,0.3989,0.4019,48280066.0,2022-06-06 12:00:00
1654531200000,0.4019,0.4019,0.3955,0.4,29542137.0,2022-06-06 16:00:00
1654545600000,0.4,0.4041,0.397,0.4026,24784118.0,2022-06-06 20:00:00
1654560000000,0.4027,0.4029,0.3846,0.3887,123335308.0,2022-06-07 00:00:00
1654574400000,0.3887,0.3932,0.3882,0.3901,45625161.0,2022-06-07 04:00:00
1654588800000,0.3902,0.3931,0.3876,0.3895,45305033.0,2022-06-07 08:00:00
1654603200000,0.3896,0.3957,0.3882,0.3951,48062027.0,2022-06-07 12:00:00
1654617600000,0.395,0.4156,0.3928,0.4141,57864322.0,2022-06-07 16:00:00
1654632000000,0.4141,0.4175,0.4016,0.4076,98593190.0,2022-06-07 20:00:00
1654646400000,0.4076,0.4104,0.396,0.3971,84654436.0,2022-06-08 00:00:00
1654660800000,0.3971,0.4017,0.3947,0.3985,57045305.0,2022-06-08 04:00:00
1654675200000,0.3985,0.4018,0.3978,0.399,38747542.0,2022-06-08 08:00:00
1654689600000,0.3989,0.4043,0.3956,0.4027,46915206.0,2022-06-08 12:00:00
1654704000000,0.4028,0.4038,0.397,0.4003,44382563.0,2022-06-08 16:00:00
1654718400000,0.4002,0.4037,0.3996,0.4006,35331244.0,2022-06-08 20:00:00
1654732800000,0.4007,0.4019,0.3975,0.4013,53114637.0,2022-06-09 00:00:00
1654747200000,0.4014,0.4032,0.4003,0.402,32410225.0,2022-06-09 04:00:00
1654761600000,0.4021,0.4041,0.4004,0.4013,44048024.0,2022-06-09 08:00:00
1654776000000,0.4013,0.4018,0.3965,0.4008,51113910.0,2022-06-09 12:00:00
1654790400000,0.4008,0.4029,0.3988,0.3994,37441248.0,2022-06-09 16:00:00
1654804800000,0.3993,0.4017,0.3981,0.4002,35647274.0,2022-06-09 20:00:00
1654819200000,0.4002,0.4033,0.3935,0.4032,55593424.0,2022-06-10 00:00:00
1654833600000,0.4033,0.4118,0.4024,0.4052,61151438.0,2022-06-10 04:00:00
1654848000000,0.4052,0.4085,0.3992,0.4009,43183931.0,2022-06-10 08:00:00
1654862400000,0.4009,0.4018,0.3867,0.3875,100270280.0,2022-06-10 12:00:00
1654876800000,0.3874,0.3878,0.3762,0.3817,108999977.0,2022-06-10 16:00:00
1654891200000,0.3817,0.3861,0.38,0.3815,30609156.0,2022-06-10 20:00:00
1654905600000,0.3815,0.3853,0.3809,0.3849,23183390.0,2022-06-11 00:00:00
1654920000000,0.3849,0.3887,0.3842,0.388,23793891.0,2022-06-11 04:00:00
1654934400000,0.3881,0.3885,0.3736,0.3762,63409755.0,2022-06-11 08:00:00
1654948800000,0.3762,0.3778,0.3566,0.3604,110219904.0,2022-06-11 12:00:00
1654963200000,0.3604,0.3694,0.3579,0.3664,70047828.0,2022-06-11 16:00:00
1654977600000,0.3665,0.3671,0.3557,0.3599,44521967.0,2022-06-11 20:00:00
1654992000000,0.3598,0.3624,0.3394,0.3447,121528536.0,2022-06-12 00:00:00
1655006400000,0.3447,0.3489,0.3406,0.3484,72456616.0,2022-06-12 04:00:00
1655020800000,0.3484,0.354,0.345,0.3496,44709538.0,2022-06-12 08:00:00
1655035200000,0.3496,0.3654,0.3397,0.3602,87330744.0,2022-06-12 12:00:00
1655049600000,0.3603,0.3632,0.3525,0.3526,41377518.0,2022-06-12 16:00:00
1655064000000,0.3526,0.3591,0.3428,0.3433,59913192.0,2022-06-12 20:00:00
1655078400000,0.3433,0.3507,0.3244,0.3313,199555831.26,2022-06-13 00:00:00
1655092800000,0.3313,0.3379,0.3138,0.32,162592165.02,2022-06-13 04:00:00
1655107200000,0.3202,0.3251,0.3035,0.3102,257448486.79,2022-06-13 08:00:00
1655121600000,0.3102,0.3185,0.3012,0.3139,228437971.0,2022-06-13 12:00:00
1655136000000,0.3139,0.323,0.3115,0.3195,86999432.0,2022-06-13 16:00:00
1655150400000,0.3195,0.3292,0.3048,0.3118,93718107.0,2022-06-13 20:00:00
1655164800000,0.3117,0.3163,0.2936,0.3143,232961549.0,2022-06-14 00:00:00
1655179200000,0.3143,0.3267,0.309,0.3199,163502207.0,2022-06-14 04:00:00
1655193600000,0.32,0.3207,0.3085,0.3116,107405144.0,2022-06-14 08:00:00
1655208000000,0.3118,0.3226,0.3089,0.3218,117075862.0,2022-06-14 12:00:00
1655222400000,0.3218,0.3232,0.3146,0.3197,74536447.0,2022-06-14 16:00:00
1655236800000,0.3198,0.323,0.31,0.3214,82937424.0,2022-06-14 20:00:00
1655251200000,0.3215,0.3242,0.3127,0.3135,78216319.0,2022-06-15 00:00:00
1655265600000,0.3134,0.3137,0.3003,0.3047,144171711.0,2022-06-15 04:00:00
1655280000000,0.3048,0.3119,0.3,0.3096,195761642.0,2022-06-15 08:00:00
1655294400000,0.3096,0.3166,0.3076,0.3119,104754103.0,2022-06-15 12:00:00
1655308800000,0.312,0.3317,0.298,0.3232,226595834.0,2022-06-15 16:00:00
1655323200000,0.3232,0.3469,0.3216,0.3436,115693263.0,2022-06-15 20:00:00
1655337600000,0.3436,0.3475,0.3347,0.3348,86774375.0,2022-06-16 00:00:00
1655352000000,0.3348,0.3382,0.3233,0.3239,99949981.0,2022-06-16 04:00:00
1655366400000,0.3239,0.3277,0.313,0.3151,118386223.0,2022-06-16 08:00:00
1655380800000,0.315,0.3223,0.3101,0.3168,139326751.0,2022-06-16 12:00:00
1655395200000,0.3168,0.3201,0.313,0.3149,76667647.0,2022-06-16 16:00:00
1655409600000,0.3149,0.3227,0.3073,0.3132,68711566.0,2022-06-16 20:00:00
1655424000000,0.3132,0.3306,0.3105,0.3237,97865619.0,2022-06-17 00:00:00
1655438400000,0.3237,0.3387,0.3229,0.336,91006990.0,2022-06-17 04:00:00
1655452800000,0.3359,0.3397,0.3247,0.3253,79076206.0,2022-06-17 08:00:00
1655467200000,0.3253,0.3279,0.3191,0.3212,77849112.0,2022-06-17 12:00:00
1655481600000,0.3213,0.3229,0.3161,0.3175,50702834.0,2022-06-17 16:00:00
1655496000000,0.3174,0.3235,0.3172,0.321,34154341.0,2022-06-17 20:00:00
1655510400000,0.321,0.3263,0.3165,0.3199,51949549.0,2022-06-18 00:00:00
1655524800000,0.3199,0.3216,0.305,0.309,127800678.0,2022-06-18 04:00:00
1655539200000,0.309,0.3104,0.3008,0.3056,95863927.0,2022-06-18 08:00:00
1655553600000,0.3057,0.3096,0.304,0.3055,42842325.0,2022-06-18 12:00:00
1655568000000,0.3055,0.3088,0.2945,0.2956,98628311.0,2022-06-18 16:00:00
1655582400000,0.2956,0.3142,0.2872,0.3075,138893135.71,2022-06-18 20:00:00
1655596800000,0.3074,0.3113,0.3002,0.301,63624127.0,2022-06-19 00:00:00
1655611200000,0.3009,0.3073,0.2981,0.3032,60255615.0,2022-06-19 04:00:00
1655625600000,0.3032,0.318,0.302,0.3132,81807010.0,2022-06-19 08:00:00
1655640000000,0.3132,0.3186,0.3105,0.3178,60425751.0,2022-06-19 12:00:00
1655654400000,0.3178,0.324,0.3141,0.3207,55795039.0,2022-06-19 16:00:00
1655668800000,0.3208,0.333,0.3205,0.3264,71487953.0,2022-06-19 20:00:00
1655683200000,0.3262,0.3284,0.316,0.3182,76636754.0,2022-06-20 00:00:00
1655697600000,0.3181,0.3193,0.3135,0.318,57502392.0,2022-06-20 04:00:00
1655712000000,0.3181,0.3289,0.3168,0.3269,83774855.0,2022-06-20 08:00:00
1655726400000,0.3269,0.3283,0.3197,0.3256,55409069.0,2022-06-20 12:00:00
1655740800000,0.3257,0.3262,0.3158,0.3187,48694110.0,2022-06-20 16:00:00
1655755200000,0.3186,0.3254,0.3174,0.3227,34143906.0,2022-06-20 20:00:00
1655769600000,0.3226,0.3269,0.3187,0.324,51224209.0,2022-06-21 00:00:00
1655784000000,0.324,0.33,0.3218,0.3265,65759820.0,2022-06-21 04:00:00
1655798400000,0.3265,0.3322,0.3255,0.3266,80890778.0,2022-06-21 08:00:00
1655812800000,0.3265,0.3374,0.326,0.3326,82621988.0,2022-06-21 12:00:00
1655827200000,0.3326,0.3352,0.3275,0.328,53950097.0,2022-06-21 16:00:00
1655841600000,0.3279,0.3324,0.3266,0.3294,45244265.0,2022-06-21 20:00:00
1655856000000,0.3294,0.3297,0.3214,0.3216,63939498.0,2022-06-22 00:00:00
1655870400000,0.3216,0.3259,0.319,0.3197,56490583.0,2022-06-22 04:00:00
1655884800000,0.3197,0.3248,0.319,0.3233,53129633.0,2022-06-22 08:00:00
1655899200000,0.3233,0.3279,0.3195,0.3221,55206640.0,2022-06-22 12:00:00
1655913600000,0.3221,0.3245,0.3194,0.3236,46559188.0,2022-06-22 16:00:00
1655928000000,0.3237,0.3262,0.3199,0.3223,39769586.0,2022-06-22 20:00:00
1655942400000,0.3223,0.33,0.3213,0.324,57352349.0,2022-06-23 00:00:00
1655956800000,0.324,0.3297,0.3236,0.3261,49078724.0,2022-06-23 04:00:00
1655971200000,0.326,0.3296,0.3259,0.328,45501224.0,2022-06-23 08:00:00
1655985600000,0.328,0.3308,0.3241,0.3252,52522654.0,2022-06-23 12:00:00
1656000000000,0.3252,0.3332,0.324,0.3329,42442951.0,2022-06-23 16:00:00
1656014400000,0.3329,0.3371,0.3309,0.3358,46528713.0,2022-06-23 20:00:00
1656028800000,0.3357,0.3771,0.3348,0.3676,191794855.0,2022-06-24 00:00:00
1656043200000,0.3676,0.376,0.3634,0.3713,107996147.0,2022-06-24 04:00:00
1656057600000,0.3713,0.3871,0.3685,0.372,117320883.0,2022-06-24 08:00:00
1656072000000,0.3719,0.3757,0.3602,0.3613,80695533.0,2022-06-24 12:00:00
1656086400000,0.3614,0.3635,0.3523,0.3632,63001036.0,2022-06-24 16:00:00
1656100800000,0.3633,0.3714,0.3616,0.3672,49478465.0,2022-06-24 20:00:00
1656115200000,0.3672,0.3741,0.3625,0.3687,49696660.0,2022-06-25 00:00:00
1656129600000,0.3687,0.3727,0.3665,0.3717,34935201.0,2022-06-25 04:00:00
1656144000000,0.3717,0.3725,0.3671,0.3678,26656721.0,2022-06-25 08:00:00
1656158400000,0.3679,0.3689,0.3542,0.3545,48361465.0,2022-06-25 12:00:00
1656172800000,0.3544,0.362,0.3543,0.3608,29384836.0,2022-06-25 16:00:00
1656187200000,0.3608,0.3693,0.3598,0.3676,27641142.0,2022-06-25 20:00:00
1656201600000,0.3677,0.3697,0.3627,0.3659,28533151.0,2022-06-26 00:00:00
1656216000000,0.3659,0.371,0.3638,0.3678,23032207.0,2022-06-26 04:00:00
1656230400000,0.3678,0.3727,0.3639,0.3717,32617118.0,2022-06-26 08:00:00
1656244800000,0.3717,0.3751,0.3594,0.3659,52173253.0,2022-06-26 12:00:00
1656259200000,0.3659,0.3679,0.3599,0.3646,24556616.0,2022-06-26 16:00:00
1656273600000,0.3647,0.3687,0.3576,0.3592,33274467.0,2022-06-26 20:00:00
1656288000000,0.3591,0.3671,0.3586,0.3644,53111890.0,2022-06-27 00:00:00
1656302400000,0.3645,0.3655,0.3596,0.3622,44773924.0,2022-06-27 04:00:00
1656316800000,0.3622,0.3657,0.3619,0.3624,33305165.0,2022-06-27 08:00:00
1656331200000,0.3624,0.3639,0.348,0.3532,76055405.0,2022-06-27 12:00:00
1656345600000,0.3532,0.3573,0.3487,0.3524,34586128.0,2022-06-27 16:00:00
1656360000000,0.3525,0.3597,0.351,0.3537,32683991.0,2022-06-27 20:00:00
1656374400000,0.3537,0.3557,0.3406,0.3443,74087988.0,2022-06-28 00:00:00
1656388800000,0.3443,0.3509,0.3433,0.3498,39742845.0,2022-06-28 04:00:00
1656403200000,0.3498,0.3544,0.3463,0.3483,49836385.0,2022-06-28 08:00:00
1656417600000,0.3483,0.352,0.3409,0.3413,64608817.0,2022-06-28 12:00:00
1656432000000,0.3413,0.3441,0.3381,0.3428,46139610.0,2022-06-28 16:00:00
1656446400000,0.3428,0.344,0.3353,0.3375,41737561.0,2022-06-28 20:00:00
1656460800000,0.3375,0.3417,0.3339,0.336,49874037.0,2022-06-29 00:00:00
1656475200000,0.3359,0.3375,0.327,0.3317,66339828.0,2022-06-29 04:00:00
1656489600000,0.3317,0.3332,0.325,0.3273,66377547.0,2022-06-29 08:00:00
1656504000000,0.3274,0.3291,0.3201,0.3263,67594647.0,2022-06-29 12:00:00
1656518400000,0.3262,0.3329,0.3224,0.3329,43678863.0,2022-06-29 16:00:00
1656532800000,0.3329,0.3343,0.3271,0.3296,35962772.0,2022-06-29 20:00:00
1656547200000,0.3296,0.3307,0.322,0.3257,46536362.0,2022-06-30 00:00:00
1656561600000,0.3257,0.3272,0.315,0.3181,70761015.0,2022-06-30 04:00:00
1656576000000,0.3182,0.3182,0.3063,0.3101,98061530.0,2022-06-30 08:00:00
1656590400000,0.3102,0.3154,0.3056,0.3126,83158748.0,2022-06-30 12:00:00
1656604800000,0.3126,0.3327,0.3117,0.3263,72381526.0,2022-06-30 16:00:00
1656619200000,0.3262,0.3333,0.3152,0.3321,92249465.0,2022-06-30 20:00:00
1656633600000,0.332,0.3363,0.3217,0.3218,80015314.0,2022-07-01 00:00:00
1656648000000,0.3217,0.3223,0.31,0.3184,74112241.0,2022-07-01 04:00:00
1656662400000,0.3185,0.3216,0.3113,0.3136,76073934.0,2022-07-01 08:00:00
1656676800000,0.3137,0.317,0.3109,0.3116,68192839.0,2022-07-01 12:00:00
1656691200000,0.3116,0.3147,0.3109,0.3147,36201433.0,2022-07-01 16:00:00
1656705600000,0.3147,0.3196,0.3124,0.3139,38446982.0,2022-07-01 20:00:00
1656720000000,0.3142,0.3158,0.3089,0.311,45873465.0,2022-07-02 00:00:00
1656734400000,0.3109,0.3142,0.3109,0.312,21652646.0,2022-07-02 04:00:00
1656748800000,0.312,0.3131,0.3096,0.3118,39034131.0,2022-07-02 08:00:00
1656763200000,0.3117,0.3158,0.311,0.3132,27944318.0,2022-07-02 12:00:00
1656777600000,0.3131,0.3175,0.312,0.3156,24363496.0,2022-07-02 16:00:00
1656792000000,0.3156,0.3181,0.3142,0.3156,20614668.0,2022-07-02 20:00:00
1656806400000,0.3157,0.3161,0.3126,0.3156,19930478.0,2022-07-03 00:00:00
1656820800000,0.3156,0.3169,0.3085,0.3125,42194098.0,2022-07-03 04:00:00
1656835200000,0.3125,0.313,0.3106,0.3124,26201762.0,2022-07-03 08:00:00
1656849600000,0.3124,0.313,0.3095,0.3126,25759074.0,2022-07-03 12:00:00
1656864000000,0.3125,0.3248,0.3124,0.3234,36197441.0,2022-07-03 16:00:00
1656878400000,0.3236,0.3258,0.3186,0.3215,44418815.0,2022-07-03 20:00:00
1656892800000,0.3216,0.3247,0.3163,0.3175,47392112.0,2022-07-04 00:00:00
1656907200000,0.3175,0.3207,0.3146,0.3171,47049424.0,2022-07-04 04:00:00
1656921600000,0.317,0.324,0.3146,0.3229,55954708.0,2022-07-04 08:00:00
1656936000000,0.3231,0.3275,0.3196,0.3237,59613949.0,2022-07-04 12:00:00
1656950400000,0.3237,0.3261,0.3214,0.3242,30867130.0,2022-07-04 16:00:00
1656964800000,0.3243,0.33,0.3221,0.3287,36012921.0,2022-07-04 20:00:00
1656979200000,0.3287,0.331,0.325,0.3265,46660220.0,2022-07-05 00:00:00
1656993600000,0.3265,0.3294,0.3252,0.3263,46054418.0,2022-07-05 04:00:00
1657008000000,0.3262,0.3263,0.3166,0.3173,65618143.0,2022-07-05 08:00:00
1657022400000,0.3173,0.3181,0.3128,0.3163,75323144.0,2022-07-05 12:00:00
1657036800000,0.3163,0.3271,0.3158,0.3248,50815224.0,2022-07-05 16:00:00
1657051200000,0.3248,0.3279,0.3231,0.3252,48277974.0,2022-07-05 20:00:00
1657065600000,0.3252,0.3271,0.32,0.322,52869855.0,2022-07-06 00:00:00
1657080000000,0.322,0.3262,0.3211,0.3215,54819742.0,2022-07-06 04:00:00
1657094400000,0.3215,0.3269,0.321,0.3228,41789923.0,2022-07-06 08:00:00
1657108800000,0.3227,0.3246,0.3207,0.3232,58025035.0,2022-07-06 12:00:00
1657123200000,0.3232,0.3285,0.3225,0.3275,42548545.0,2022-07-06 16:00:00
1657137600000,0.3276,0.334,0.3266,0.3324,45306040.0,2022-07-06 20:00:00
1657152000000,0.3324,0.3353,0.3269,0.3295,40944837.0,2022-07-07 00:00:00
1657166400000,0.3294,0.3322,0.3285,0.3321,30604296.0,2022-07-07 04:00:00
1657180800000,0.3321,0.3328,0.3281,0.3292,46510484.0,2022-07-07 08:00:00
1657195200000,0.3292,0.336,0.3288,0.3341,49518365.0,2022-07-07 12:00:00
1657209600000,0.334,0.3422,0.334,0.3416,51478798.0,2022-07-07 16:00:00
1657224000000,0.3416,0.3456,0.3391,0.3422,42006983.0,2022-07-07 20:00:00
1657238400000,0.3423,0.359,0.3418,0.355,91566113.0,2022-07-08 00:00:00
1657252800000,0.3549,0.3564,0.3482,0.3543,73084492.0,2022-07-08 04:00:00
1657267200000,0.3543,0.3565,0.339,0.3408,82051527.0,2022-07-08 08:00:00
1657281600000,0.3408,0.3459,0.336,0.3423,63947577.0,2022-07-08 12:00:00
1657296000000,0.3422,0.3451,0.3359,0.3445,38621842.0,2022-07-08 16:00:00
1657310400000,0.3444,0.3475,0.3389,0.3402,33998390.0,2022-07-08 20:00:00
1657324800000,0.3403,0.3444,0.3392,0.343,32322819.0,2022-07-09 00:00:00
1657339200000,0.343,0.345,0.3411,0.3444,23355858.0,2022-07-09 04:00:00
1657353600000,0.3445,0.346,0.3395,0.3413,21794951.0,2022-07-09 08:00:00
1657368000000,0.3414,0.345,0.3407,0.3439,20006104.0,2022-07-09 12:00:00
1657382400000,0.3438,0.3477,0.3432,0.3466,21608709.0,2022-07-09 16:00:00
1657396800000,0.3465,0.3474,0.3438,0.3448,12710791.0,2022-07-09 20:00:00
1657411200000,0.3448,0.3449,0.3353,0.3372,41263733.0,2022-07-10 00:00:00
1657425600000,0.3371,0.3408,0.3358,0.3407,14859281.0,2022-07-10 04:00:00
1657440000000,0.3406,0.3411,0.3353,0.3376,20759268.0,2022-07-10 08:00:00
1657454400000,0.3376,0.3387,0.3197,0.3247,86954041.0,2022-07-10 12:00:00
1657468800000,0.3247,0.3284,0.3207,0.3282,32803589.0,2022-07-10 16:00:00
1657483200000,0.3282,0.3306,0.3222,0.3255,43597251.0,2022-07-10 20:00:00
1657497600000,0.3256,0.3291,0.323,0.3256,37269147.0,2022-07-11 00:00:00
1657512000000,0.3255,0.3292,0.3173,0.3266,63204329.0,2022-07-11 04:00:00
1657526400000,0.3266,0.3287,0.322,0.3255,37120447.0,2022-07-11 08:00:00
1657540800000,0.3255,0.3286,0.3212,0.3234,42000121.0,2022-07-11 12:00:00
1657555200000,0.3235,0.3264,0.3224,0.3235,22252389.0,2022-07-11 16:00:00
1657569600000,0.3236,0.3247,0.3108,0.3152,44692084.0,2022-07-11 20:00:00
1657584000000,0.3152,0.3174,0.3126,0.3137,43812132.0,2022-07-12 00:00:00
1657598400000,0.3137,0.3182,0.3078,0.311,53325856.0,2022-07-12 04:00:00
1657612800000,0.311,0.3137,0.3085,0.3118,44961853.0,2022-07-12 08:00:00
1657627200000,0.3119,0.3144,0.3101,0.3136,29744854.0,2022-07-12 12:00:00
1657641600000,0.3136,0.3155,0.308,0.3095,34106712.0,2022-07-12 16:00:00
1657656000000,0.3095,0.313,0.3091,0.3116,28116371.0,2022-07-12 20:00:00
1657670400000,0.3117,0.3144,0.3069,0.3118,31068024.0,2022-07-13 00:00:00
1657684800000,0.3118,0.3211,0.3116,0.3205,32827110.0,2022-07-13 04:00:00
1657699200000,0.3205,0.3215,0.3148,0.3173,38806654.0,2022-07-13 08:00:00
1657713600000,0.3173,0.322,0.302,0.3116,129728389.0,2022-07-13 12:00:00
1657728000000,0.3117,0.3189,0.3104,0.3177,57912142.0,2022-07-13 16:00:00
1657742400000,0.3177,0.326,0.3157,0.3237,64121545.0,2022-07-13 20:00:00
1657756800000,0.3236,0.3251,0.3192,0.3216,44189455.0,2022-07-14 00:00:00
1657771200000,0.3216,0.3234,0.3184,0.3186,38312894.0,2022-07-14 04:00:00
1657785600000,0.3185,0.3199,0.3131,0.3142,55475777.0,2022-07-14 08:00:00
1657800000000,0.3141,0.3213,0.3122,0.3208,70274315.0,2022-07-14 12:00:00
1657814400000,0.3209,0.3301,0.3188,0.3272,69593356.0,2022-07-14 16:00:00
1657828800000,0.3271,0.334,0.3259,0.3338,45613586.0,2022-07-14 20:00:00
1657843200000,0.3338,0.349,0.3318,0.3446,91774763.0,2022-07-15 00:00:00
1657857600000,0.3446,0.3467,0.3356,0.3388,88886775.0,2022-07-15 04:00:00
1657872000000,0.3388,0.3438,0.334,0.3351,59358673.0,2022-07-15 08:00:00
1657886400000,0.335,0.3379,0.3292,0.3296,63465948.0,2022-07-15 12:00:00
1657900800000,0.3296,0.3349,0.3273,0.3345,50988535.0,2022-07-15 16:00:00
1657915200000,0.3346,0.3384,0.3312,0.3342,38408949.0,2022-07-15 20:00:00
1657929600000,0.3341,0.3371,0.3313,0.3359,21605726.0,2022-07-16 00:00:00
1657944000000,0.336,0.3379,0.3321,0.3333,26946031.0,2022-07-16 04:00:00
1657958400000,0.3331,0.342,0.3328,0.3391,55258347.0,2022-07-16 08:00:00
1657972800000,0.3391,0.3444,0.3391,0.3435,29775959.0,2022-07-16 12:00:00
1657987200000,0.3436,0.3565,0.3436,0.3511,103943882.0,2022-07-16 16:00:00
1658001600000,0.3512,0.354,0.3479,0.3505,33957231.0,2022-07-16 20:00:00
1658016000000,0.3504,0.3544,0.3474,0.353,31545149.0,2022-07-17 00:00:00
1658030400000,0.3531,0.3614,0.3526,0.3553,38058314.0,2022-07-17 04:00:00
1658044800000,0.3552,0.3569,0.3485,0.3518,32229863.0,2022-07-17 08:00:00
1658059200000,0.3519,0.3534,0.3457,0.349,40547717.0,2022-07-17 12:00:00
1658073600000,0.3489,0.3546,0.3413,0.3487,39108788.0,2022-07-17 16:00:00
1658088000000,0.3487,0.3514,0.3419,0.3433,21765854.0,2022-07-17 20:00:00
1658102400000,0.3434,0.3597,0.3429,0.356,70531716.0,2022-07-18 00:00:00
1658116800000,0.3561,0.3675,0.3536,0.3644,89675760.0,2022-07-18 04:00:00
1658131200000,0.3644,0.3701,0.3614,0.3644,79083910.0,2022-07-18 08:00:00
1658145600000,0.3644,0.3687,0.3594,0.3671,71914047.0,2022-07-18 12:00:00
1658160000000,0.3671,0.3682,0.3525,0.3561,56651947.0,2022-07-18 16:00:00
1658174400000,0.3562,0.3673,0.3545,0.3653,36380309.0,2022-07-18 20:00:00
1658188800000,0.3652,0.3695,0.3547,0.3549,72172820.0,2022-07-19 00:00:00
1658203200000,0.3549,0.3601,0.3515,0.3535,57889442.0,2022-07-19 04:00:00
1658217600000,0.3536,0.3624,0.3527,0.3595,52606333.0,2022-07-19 08:00:00
1658232000000,0.3595,0.3663,0.3587,0.364,72839790.0,2022-07-19 12:00:00
1658246400000,0.3641,0.3734,0.3634,0.3696,69795903.0,2022-07-19 16:00:00
1658260800000,0.3697,0.3767,0.3685,0.3729,47331609.0,2022-07-19 20:00:00
1658275200000,0.3728,0.3802,0.3676,0.3767,45043538.0,2022-07-20 00:00:00
1658289600000,0.3767,0.3817,0.3731,0.3733,50305727.0,2022-07-20 04:00:00
1658304000000,0.3733,0.3777,0.3683,0.3735,66652084.0,2022-07-20 08:00:00
1658318400000,0.3735,0.3775,0.371,0.3768,56427673.0,2022-07-20 12:00:00
1658332800000,0.3768,0.3782,0.3638,0.3694,53771706.0,2022-07-20 16:00:00
1658347200000,0.3694,0.3707,0.3572,0.3635,57651437.0,2022-07-20 20:00:00
1658361600000,0.3635,0.3672,0.3521,0.3558,47582607.0,2022-07-21 00:00:00
1658376000000,0.3558,0.3595,0.3523,0.3556,40169731.0,2022-07-21 04:00:00
1658390400000,0.3556,0.3594,0.3504,0.3528,59449777.0,2022-07-21 08:00:00
1658404800000,0.3528,0.3565,0.3485,0.3529,49161436.0,2022-07-21 12:00:00
1658419200000,0.353,0.3655,0.3526,0.3655,42672673.0,2022-07-21 16:00:00
1658433600000,0.3655,0.3685,0.3627,0.3669,37762045.0,2022-07-21 20:00:00
1658448000000,0.3668,0.3695,0.3615,0.3634,29295982.0,2022-07-22 00:00:00
1658462400000,0.3634,0.3673,0.3596,0.3628,43651545.0,2022-07-22 04:00:00
1658476800000,0.3628,0.3698,0.3615,0.3694,43581196.0,2022-07-22 08:00:00
1658491200000,0.3694,0.3716,0.3595,0.3606,51713866.0,2022-07-22 12:00:00
1658505600000,0.3606,0.3629,0.3546,0.3556,35978422.0,2022-07-22 16:00:00
1658520000000,0.3556,0.3603,0.3541,0.3578,27083438.0,2022-07-22 20:00:00
1658534400000,0.3578,0.3606,0.3557,0.3585,20005382.0,2022-07-23 00:00:00
1658548800000,0.3585,0.3628,0.3584,0.3597,20066804.0,2022-07-23 04:00:00
1658563200000,0.3597,0.3623,0.351,0.3516,30529159.0,2022-07-23 08:00:00
1658577600000,0.3517,0.3555,0.3501,0.3548,24240692.0,2022-07-23 12:00:00
1658592000000,0.3548,0.3563,0.3498,0.3538,24657096.0,2022-07-23 16:00:00
1658606400000,0.3538,0.3605,0.3535,0.3592,20973203.0,2022-07-23 20:00:00
1658620800000,0.3592,0.3639,0.3558,0.3566,29150573.0,2022-07-24 00:00:00
1658635200000,0.3566,0.3638,0.356,0.3613,27098069.0,2022-07-24 04:00:00
1658649600000,0.3612,0.3664,0.3593,0.3633,26275472.0,2022-07-24 08:00:00
1658664000000,0.3633,0.3667,0.3587,0.3659,29273259.0,2022-07-24 12:00:00
1658678400000,0.3659,0.3662,0.3606,0.3613,16984547.0,2022-07-24 16:00:00
1658692800000,0.3612,0.3653,0.3575,0.3586,25928329.0,2022-07-24 20:00:00
1658707200000,0.3585,0.3602,0.3448,0.3462,53291069.0,2022-07-25 00:00:00
1658721600000,0.3462,0.3473,0.3422,0.3449,48316727.0,2022-07-25 04:00:00
1658736000000,0.345,0.3489,0.3439,0.3467,23739745.0,2022-07-25 08:00:00
1658750400000,0.3468,0.3473,0.3415,0.3452,33006000.0,2022-07-25 12:00:00
1658764800000,0.3452,0.3496,0.3385,0.3428,45915340.0,2022-07-25 16:00:00
1658779200000,0.3429,0.3476,0.335,0.3362,46508615.0,2022-07-25 20:00:00
1658793600000,0.3362,0.3374,0.33,0.3341,62801913.0,2022-07-26 00:00:00
1658808000000,0.3341,0.3364,0.3281,0.3289,48258441.0,2022-07-26 04:00:00
1658822400000,0.329,0.3334,0.3276,0.3312,33818929.0,2022-07-26 08:00:00
1658836800000,0.3313,0.3331,0.3252,0.3265,43197974.0,2022-07-26 12:00:00
1658851200000,0.3264,0.3308,0.3262,0.33,29777412.0,2022-07-26 16:00:00
1658865600000,0.3299,0.3385,0.3282,0.3372,30661895.0,2022-07-26 20:00:00
1658880000000,0.3373,0.3397,0.3304,0.331,40442711.0,2022-07-27 00:00:00
1658894400000,0.331,0.3374,0.3308,0.3365,35846058.0,2022-07-27 04:00:00
1658908800000,0.3364,0.3383,0.3337,0.3343,29427312.0,2022-07-27 08:00:00
1658923200000,0.3344,0.3403,0.3337,0.3381,33217190.0,2022-07-27 12:00:00
1658937600000,0.3381,0.3568,0.3344,0.3534,94537371.0,2022-07-27 16:00:00
1658952000000,0.3534,0.3597,0.3524,0.3594,37350048.0,2022-07-27 20:00:00
1658966400000,0.3594,0.3622,0.355,0.3588,45223747.0,2022-07-28 00:00:00
1658980800000,0.3588,0.3599,0.3519,0.3525,43570930.0,2022-07-28 04:00:00
1658995200000,0.3525,0.3575,0.3519,0.3573,38398022.0,2022-07-28 08:00:00
1659009600000,0.3573,0.3678,0.3489,0.3646,94405837.0,2022-07-28 12:00:00
1659024000000,0.3647,0.3747,0.3637,0.3728,67893693.0,2022-07-28 16:00:00
1659038400000,0.3727,0.3792,0.3694,0.3739,48888959.0,2022-07-28 20:00:00
1659052800000,0.3738,0.3768,0.3672,0.3757,48878177.0,2022-07-29 00:00:00
1659067200000,0.3757,0.3799,0.3691,0.3716,57694789.0,2022-07-29 04:00:00
1659081600000,0.3716,0.3768,0.3661,0.3676,44935814.0,2022-07-29 08:00:00
1659096000000,0.3676,0.3728,0.3627,0.3687,62827865.0,2022-07-29 12:00:00
1659110400000,0.3687,0.3687,0.3596,0.367,33375549.0,2022-07-29 16:00:00
1659124800000,0.367,0.374,0.3654,0.3679,28744065.0,2022-07-29 20:00:00
1659139200000,0.3679,0.3715,0.3647,0.3668,30891925.0,2022-07-30 00:00:00
1659153600000,0.3668,0.3702,0.3629,0.3696,21054337.0,2022-07-30 04:00:00
1659168000000,0.3697,0.3731,0.3665,0.3711,31002238.0,2022-07-30 08:00:00
1659182400000,0.3712,0.4056,0.3705,0.4015,182638206.0,2022-07-30 12:00:00
1659196800000,0.4016,0.4099,0.3913,0.393,71403020.0,2022-07-30 16:00:00
1659211200000,0.3929,0.396,0.3846,0.3879,51165145.0,2022-07-30 20:00:00
1659225600000,0.388,0.3937,0.3864,0.3886,34927663.0,2022-07-31 00:00:00
1659240000000,0.3886,0.3939,0.3864,0.392,31012832.0,2022-07-31 04:00:00
1659254400000,0.392,0.3975,0.3821,0.3907,47059177.0,2022-07-31 08:00:00
1659268800000,0.3906,0.3923,0.3866,0.3905,32645263.0,2022-07-31 12:00:00
1659283200000,0.3904,0.3989,0.3845,0.3934,53846935.0,2022-07-31 16:00:00
1659297600000,0.3933,0.3947,0.3782,0.3792,32322222.0,2022-07-31 20:00:00
1659312000000,0.3791,0.386,0.3782,0.3816,38989750.0,2022-08-01 00:00:00
1659326400000,0.3816,0.384,0.3769,0.3807,30819756.0,2022-08-01 04:00:00
1659340800000,0.3806,0.3816,0.373,0.3781,42097517.0,2022-08-01 08:00:00
1659355200000,0.378,0.3807,0.3712,0.3795,43240625.0,2022-08-01 12:00:00
1659369600000,0.3795,0.3798,0.371,0.3755,35509598.0,2022-08-01 16:00:00
1659384000000,0.3755,0.3806,0.3745,0.3791,25072439.0,2022-08-01 20:00:00
1659398400000,0.3791,0.3946,0.3667,0.3709,81141682.0,2022-08-02 00:00:00
1659412800000,0.3708,0.3732,0.3679,0.3705,35489160.0,2022-08-02 04:00:00
1659427200000,0.3705,0.3727,0.3672,0.3713,36111879.0,2022-08-02 08:00:00
1659441600000,0.3712,0.3739,0.367,0.3729,51539090.0,2022-08-02 12:00:00
1659456000000,0.3729,0.3792,0.3708,0.3724,35326611.0,2022-08-02 16:00:00
1659470400000,0.3725,0.376,0.3705,0.3714,21734902.0,2022-08-02 20:00:00
1659484800000,0.3714,0.372,0.3631,0.368,45681879.0,2022-08-03 00:00:00
1659499200000,0.3679,0.3718,0.3656,0.3693,43728042.0,2022-08-03 04:00:00
1659513600000,0.3694,0.3745,0.3692,0.3732,34456674.0,2022-08-03 08:00:00
1659528000000,0.3732,0.3763,0.3705,0.3723,37726650.0,2022-08-03 12:00:00
1659542400000,0.3722,0.3775,0.3716,0.3763,19734345.0,2022-08-03 16:00:00
1659556800000,0.3764,0.3769,0.3674,0.3695,30927012.0,2022-08-03 20:00:00
1659571200000,0.3695,0.3744,0.369,0.3713,35548065.0,2022-08-04 00:00:00
1659585600000,0.3714,0.375,0.369,0.3715,26241861.0,2022-08-04 04:00:00
1659600000000,0.3715,0.3718,0.3678,0.3696,29109095.0,2022-08-04 08:00:00
1659614400000,0.3695,0.372,0.3649,0.3686,42586185.0,2022-08-04 12:00:00
1659628800000,0.3685,0.3699,0.3643,0.3671,22646496.0,2022-08-04 16:00:00
1659643200000,0.3671,0.3717,0.367,0.371,14728592.0,2022-08-04 20:00:00
1659657600000,0.371,0.3761,0.3701,0.3757,23863099.0,2022-08-05 00:00:00
1659672000000,0.3756,0.3785,0.374,0.3743,29838764.0,2022-08-05 04:00:00
1659686400000,0.3743,0.3776,0.3719,0.3774,34994033.0,2022-08-05 08:00:00
1659700800000,0.3774,0.378,0.3697,0.3701,43744433.0,2022-08-05 12:00:00
1659715200000,0.3701,0.3709,0.3673,0.3699,24074571.0,2022-08-05 16:00:00
1659729600000,0.3698,0.377,0.3691,0.3764,21655172.0,2022-08-05 20:00:00
1659744000000,0.3764,0.378,0.3733,0.3743,17319345.0,2022-08-06 00:00:00
1659758400000,0.3743,0.3753,0.3734,0.3751,13940082.0,2022-08-06 04:00:00
1659772800000,0.3752,0.376,0.3739,0.3743,14005141.0,2022-08-06 08:00:00
1659787200000,0.3743,0.3756,0.3737,0.3748,13647265.0,2022-08-06 12:00:00
1659801600000,0.3748,0.3758,0.3715,0.3741,18156100.0,2022-08-06 16:00:00
1659816000000,0.3741,0.3749,0.3703,0.3715,11590546.0,2022-08-06 20:00:00
1659830400000,0.3715,0.3726,0.3682,0.3712,16803109.0,2022-08-07 00:00:00
1659844800000,0.3713,0.3723,0.3704,0.3718,10516478.0,2022-08-07 04:00:00
1659859200000,0.3718,0.3724,0.3708,0.3721,12275785.0,2022-08-07 08:00:00
1659873600000,0.3721,0.3755,0.3721,0.3728,22344926.0,2022-08-07 12:00:00
1659888000000,0.3728,0.3755,0.3722,0.3744,14499585.0,2022-08-07 16:00:00
1659902400000,0.3744,0.3772,0.3712,0.3722,17992479.0,2022-08-07 20:00:00
1659916800000,0.3723,0.3745,0.371,0.3733,24821649.0,2022-08-08 00:00:00
1659931200000,0.3733,0.38,0.3731,0.377,34452061.0,2022-08-08 04:00:00
1659945600000,0.377,0.3838,0.3769,0.3821,54882973.0,2022-08-08 08:00:00
1659960000000,0.382,0.3847,0.3775,0.3794,50195461.0,2022-08-08 12:00:00
1659974400000,0.3794,0.3815,0.3771,0.3805,27775415.0,2022-08-08 16:00:00
1659988800000,0.3805,0.3833,0.3719,0.3787,29348657.0,2022-08-08 20:00:00
1660003200000,0.3787,0.3801,0.3746,0.3771,22086558.0,2022-08-09 00:00:00
1660017600000,0.3771,0.3782,0.375,0.3776,22918164.0,2022-08-09 04:00:00
1660032000000,0.3777,0.3778,0.3679,0.3687,38273497.0,2022-08-09 08:00:00
1660046400000,0.3687,0.3708,0.3606,0.3635,48654910.0,2022-08-09 12:00:00
1660060800000,0.3635,0.3662,0.3625,0.3659,17798184.0,2022-08-09 16:00:00
1660075200000,0.3659,0.3696,0.3657,0.3672,18627500.0,2022-08-09 20:00:00
1660089600000,0.3672,0.3676,0.3583,0.3611,37439682.0,2022-08-10 00:00:00
1660104000000,0.3611,0.3639,0.3589,0.3629,26252300.0,2022-08-10 04:00:00
1660118400000,0.363,0.365,0.3621,0.3647,24435915.0,2022-08-10 08:00:00
1660132800000,0.3648,0.3795,0.3641,0.3771,73597251.0,2022-08-10 12:00:00
1660147200000,0.3771,0.3793,0.3733,0.3757,29555122.0,2022-08-10 16:00:00
1660161600000,0.3757,0.3815,0.3757,0.3814,27337039.0,2022-08-10 20:00:00
1660176000000,0.3814,0.386,0.3792,0.3812,41500683.0,2022-08-11 00:00:00
1660190400000,0.3812,0.3843,0.3784,0.3802,28239623.0,2022-08-11 04:00:00
1660204800000,0.3801,0.3815,0.3786,0.3804,29574905.0,2022-08-11 08:00:00
1660219200000,0.3805,0.385,0.3775,0.3786,54408941.0,2022-08-11 12:00:00
1660233600000,0.3787,0.3813,0.377,0.3807,33191316.0,2022-08-11 16:00:00
1660248000000,0.3808,0.3821,0.3784,0.3802,25388208.0,2022-08-11 20:00:00
1660262400000,0.3801,0.3806,0.3745,0.378,32365242.0,2022-08-12 00:00:00
1660276800000,0.378,0.3786,0.3751,0.3756,25155725.0,2022-08-12 04:00:00
1660291200000,0.3756,0.3788,0.3699,0.3713,40634442.0,2022-08-12 08:00:00
1660305600000,0.3714,0.3738,0.3711,0.3735,27820850.0,2022-08-12 12:00:00
1660320000000,0.3735,0.3772,0.372,0.3771,20127982.0,2022-08-12 16:00:00
1660334400000,0.3771,0.3804,0.3753,0.3796,23273741.0,2022-08-12 20:00:00
1660348800000,0.3797,0.3835,0.3781,0.3819,26761246.0,2022-08-13 00:00:00
1660363200000,0.3819,0.3876,0.3795,0.3808,30221417.0,2022-08-13 04:00:00
1660377600000,0.3808,0.382,0.3774,0.3797,23505921.0,2022-08-13 08:00:00
1660392000000,0.3796,0.3818,0.3767,0.3807,16657840.0,2022-08-13 12:00:00
1660406400000,0.3806,0.3816,0.3773,0.3775,15103076.0,2022-08-13 16:00:00
1660420800000,0.3775,0.3794,0.3763,0.378,10479452.0,2022-08-13 20:00:00
1660435200000,0.3779,0.3889,0.3767,0.384,30955211.0,2022-08-14 00:00:00
1660449600000,0.384,0.3884,0.3823,0.3866,23844748.0,2022-08-14 04:00:00
1660464000000,0.3866,0.3922,0.3849,0.385,39817378.0,2022-08-14 08:00:00
1660478400000,0.385,0.3862,0.3796,0.3827,28566285.0,2022-08-14 12:00:00
1660492800000,0.3828,0.3831,0.3738,0.3787,38260703.0,2022-08-14 16:00:00
1660507200000,0.3788,0.3805,0.3739,0.3757,23299974.0,2022-08-14 20:00:00
1660521600000,0.3756,0.3852,0.3741,0.3817,38303342.0,2022-08-15 00:00:00
1660536000000,0.3816,0.3832,0.3686,0.3698,58896212.0,2022-08-15 04:00:00
1660550400000,0.3698,0.3718,0.3658,0.3681,53343646.0,2022-08-15 08:00:00
1660564800000,0.3682,0.3727,0.3662,0.3725,32053338.0,2022-08-15 12:00:00
1660579200000,0.3726,0.3745,0.3702,0.3723,20420035.0,2022-08-15 16:00:00
1660593600000,0.3723,0.377,0.3706,0.3751,28336321.0,2022-08-15 20:00:00
1660608000000,0.375,0.3773,0.3666,0.3717,40676932.0,2022-08-16 00:00:00
1660622400000,0.3718,0.3735,0.3687,0.3729,34773660.0,2022-08-16 04:00:00
1660636800000,0.3729,0.3779,0.3721,0.3766,36176172.0,2022-08-16 08:00:00
1660651200000,0.3766,0.3777,0.3712,0.3733,36825441.0,2022-08-16 12:00:00
1660665600000,0.3732,0.3764,0.3708,0.3749,26773369.0,2022-08-16 16:00:00
1660680000000,0.3749,0.3784,0.3738,0.377,21679401.0,2022-08-16 20:00:00
1660694400000,0.377,0.3923,0.3768,0.387,81524031.0,2022-08-17 00:00:00
1660708800000,0.3869,0.392,0.377,0.3774,66756249.0,2022-08-17 04:00:00
1660723200000,0.3774,0.3791,0.3754,0.3774,36308327.0,2022-08-17 08:00:00
1660737600000,0.3774,0.3778,0.368,0.3731,62500880.0,2022-08-17 12:00:00
1660752000000,0.3731,0.3781,0.3723,0.3776,38450199.0,2022-08-17 16:00:00
1660766400000,0.3777,0.3831,0.3744,0.3795,47985931.0,2022-08-17 20:00:00
1660780800000,0.3796,0.3815,0.3727,0.374,34102756.0,2022-08-18 00:00:00
1660795200000,0.374,0.3764,0.3721,0.3749,33463138.0,2022-08-18 04:00:00
1660809600000,0.375,0.3789,0.3736,0.3789,34377075.0,2022-08-18 08:00:00
1660824000000,0.3789,0.38,0.3747,0.3765,30113490.0,2022-08-18 12:00:00
1660838400000,0.3765,0.379,0.3731,0.3777,30382574.0,2022-08-18 16:00:00
1660852800000,0.3777,0.3797,0.3691,0.3704,44009396.0,2022-08-18 20:00:00
1660867200000,0.3703,0.3707,0.3596,0.3608,77022803.0,2022-08-19 00:00:00
1660881600000,0.3608,0.364,0.3309,0.3452,117999528.0,2022-08-19 04:00:00
1660896000000,0.3452,0.3452,0.3336,0.3387,93413758.0,2022-08-19 08:00:00
1660910400000,0.3386,0.3396,0.3344,0.336,63120591.0,2022-08-19 12:00:00
1660924800000,0.336,0.342,0.3353,0.3413,34676610.0,2022-08-19 16:00:00
1660939200000,0.3413,0.3424,0.3314,0.3344,51597718.0,2022-08-19 20:00:00
1660953600000,0.3345,0.341,0.3344,0.34,39281121.0,2022-08-20 00:00:00
1660968000000,0.3401,0.3426,0.3385,0.3417,36442858.0,2022-08-20 04:00:00
1660982400000,0.3417,0.3428,0.339,0.3415,24173024.0,2022-08-20 08:00:00
1660996800000,0.3416,0.3422,0.3394,0.3412,25612562.0,2022-08-20 12:00:00
1661011200000,0.3411,0.3423,0.3329,0.3358,40100786.0,2022-08-20 16:00:00
1661025600000,0.3359,0.3393,0.3321,0.3368,40607968.0,2022-08-20 20:00:00
1661040000000,0.3368,0.34,0.3355,0.3368,26152962.0,2022-08-21 00:00:00
1661054400000,0.3369,0.3442,0.3364,0.3437,43143467.0,2022-08-21 04:00:00
1661068800000,0.3437,0.3475,0.3414,0.345,40835501.0,2022-08-21 08:00:00
1661083200000,0.3451,0.3456,0.342,0.3429,25416505.0,2022-08-21 12:00:00
1661097600000,0.3429,0.3464,0.3421,0.3439,20300007.0,2022-08-21 16:00:00
1661112000000,0.3441,0.3485,0.3423,0.3449,29747255.0,2022-08-21 20:00:00
1661126400000,0.3448,0.3452,0.3364,0.337,34700203.0,2022-08-22 00:00:00
1661140800000,0.337,0.3417,0.3354,0.3356,49722809.0,2022-08-22 04:00:00
1661155200000,0.3355,0.3366,0.3313,0.3356,60330075.0,2022-08-22 08:00:00
1661169600000,0.3357,0.3387,0.3331,0.3374,54309600.0,2022-08-22 12:00:00
1661184000000,0.3373,0.3385,0.3329,0.335,27183937.0,2022-08-22 16:00:00
1661198400000,0.335,0.3453,0.335,0.344,32878427.0,2022-08-22 20:00:00
1661212800000,0.344,0.3448,0.3385,0.3389,32210734.0,2022-08-23 00:00:00
1661227200000,0.3388,0.3403,0.3326,0.3377,43733591.0,2022-08-23 04:00:00
1661241600000,0.3376,0.3412,0.3375,0.3409,38956521.0,2022-08-23 08:00:00
1661256000000,0.341,0.345,0.3392,0.3426,49020075.0,2022-08-23 12:00:00
1661270400000,0.3427,0.3469,0.3402,0.345,31798445.0,2022-08-23 16:00:00
1661284800000,0.345,0.348,0.3442,0.3472,29125477.0,2022-08-23 20:00:00
1661299200000,0.3473,0.3477,0.3389,0.3396,40873650.0,2022-08-24 00:00:00
1661313600000,0.3396,0.3447,0.3391,0.3406,29813214.0,2022-08-24 04:00:00
1661328000000,0.3406,0.3439,0.3406,0.3437,25857036.0,2022-08-24 08:00:00
1661342400000,0.3436,0.3468,0.3422,0.3456,32651612.0,2022-08-24 12:00:00
1661356800000,0.3456,0.3515,0.3447,0.3496,31491113.0,2022-08-24 16:00:00
1661371200000,0.3496,0.3525,0.3451,0.3456,30074111.0,2022-08-24 20:00:00
1661385600000,0.3456,0.3503,0.3435,0.3454,37427692.0,2022-08-25 00:00:00
1661400000000,0.3455,0.3509,0.3452,0.347,46613780.0,2022-08-25 04:00:00
1661414400000,0.347,0.3492,0.3453,0.3487,29686387.0,2022-08-25 08:00:00
1661428800000,0.3486,0.35,0.3438,0.3454,37441950.0,2022-08-25 12:00:00
1661443200000,0.3454,0.3492,0.3437,0.3489,27193076.0,2022-08-25 16:00:00
1661457600000,0.349,0.3522,0.3473,0.3491,22468185.0,2022-08-25 20:00:00
1661472000000,0.3491,0.3491,0.3457,0.3475,22871072.0,2022-08-26 00:00:00
1661486400000,0.3474,0.3507,0.3459,0.3493,34629610.0,2022-08-26 04:00:00
1661500800000,0.3493,0.3712,0.3491,0.3534,143909040.0,2022-08-26 08:00:00
1661515200000,0.3535,0.36,0.3391,0.3403,122790968.0,2022-08-26 12:00:00
1661529600000,0.3402,0.3409,0.3325,0.3403,61795003.0,2022-08-26 16:00:00
1661544000000,0.3403,0.3433,0.3331,0.3393,53216065.0,2022-08-26 20:00:00
1661558400000,0.3393,0.3447,0.3325,0.3366,38214248.0,2022-08-27 00:00:00
1661572800000,0.3366,0.3367,0.3283,0.3363,40318287.0,2022-08-27 04:00:00
1661587200000,0.3363,0.3379,0.3336,0.3371,22419342.0,2022-08-27 08:00:00
1661601600000,0.337,0.3373,0.3308,0.3341,29999281.0,2022-08-27 12:00:00
1661616000000,0.3341,0.3367,0.3322,0.335,25289272.0,2022-08-27 16:00:00
1661630400000,0.335,0.3369,0.3324,0.3346,19631024.0,2022-08-27 20:00:00
1661644800000,0.3346,0.3362,0.3323,0.3343,26975759.0,2022-08-28 00:00:00
1661659200000,0.3343,0.3349,0.3318,0.3344,19121357.0,2022-08-28 04:00:00
1661673600000,0.3343,0.3357,0.333,0.3353,18510171.0,2022-08-28 08:00:00
1661688000000,0.3353,0.3361,0.3328,0.3341,20956090.0,2022-08-28 12:00:00
1661702400000,0.3341,0.3373,0.3339,0.3345,15222079.0,2022-08-28 16:00:00
1661716800000,0.3345,0.336,0.3213,0.3224,48199134.0,2022-08-28 20:00:00
1661731200000,0.3223,0.3254,0.3186,0.3233,46983145.0,2022-08-29 00:00:00
1661745600000,0.3233,0.3241,0.3192,0.3224,41385893.0,2022-08-29 04:00:00
1661760000000,0.3223,0.3244,0.3187,0.323,53326268.0,2022-08-29 08:00:00
1661774400000,0.3231,0.3313,0.3228,0.3282,62427693.0,2022-08-29 12:00:00
1661788800000,0.3282,0.3306,0.3265,0.3294,34224045.0,2022-08-29 16:00:00
1661803200000,0.3293,0.3342,0.3293,0.3337,30509213.0,2022-08-29 20:00:00
1661817600000,0.3337,0.3341,0.3283,0.3301,31874605.0,2022-08-30 00:00:00
1661832000000,0.3301,0.3359,0.3295,0.3322,38593133.0,2022-08-30 04:00:00
1661846400000,0.3322,0.3332,0.3301,0.3308,29044372.0,2022-08-30 08:00:00
1661860800000,0.3307,0.3315,0.3216,0.3239,56248165.0,2022-08-30 12:00:00
1661875200000,0.324,0.3285,0.32,0.3262,37906068.0,2022-08-30 16:00:00
1661889600000,0.3261,0.3308,0.3252,0.3267,20212765.0,2022-08-30 20:00:00
1661904000000,0.3268,0.3328,0.3267,0.3322,37259610.0,2022-08-31 00:00:00
1661918400000,0.3321,0.3338,0.3306,0.3307,28912216.0,2022-08-31 04:00:00
1661932800000,0.3306,0.3339,0.3289,0.3304,33210939.0,2022-08-31 08:00:00
1661947200000,0.3303,0.3324,0.323,0.3267,48037285.0,2022-08-31 12:00:00
1661961600000,0.3268,0.3306,0.3243,0.3295,28803800.0,2022-08-31 16:00:00
1661976000000,0.3295,0.3314,0.326,0.3277,18819992.0,2022-08-31 20:00:00
1661990400000,0.3276,0.3292,0.3224,0.3237,33822220.0,2022-09-01 00:00:00
1662004800000,0.3238,0.3272,0.3237,0.3259,24440234.0,2022-09-01 04:00:00
1662019200000,0.3258,0.3275,0.3238,0.3269,30820700.0,2022-09-01 08:00:00
1662033600000,0.3268,0.3273,0.3215,0.3231,44925004.0,2022-09-01 12:00:00
1662048000000,0.3232,0.3303,0.3223,0.33,27606923.0,2022-09-01 16:00:00
1662062400000,0.3299,0.3334,0.3296,0.3331,21949906.0,2022-09-01 20:00:00
1662076800000,0.3332,0.3336,0.328,0.3311,24568929.0,2022-09-02 00:00:00
1662091200000,0.3312,0.3355,0.3308,0.3316,30145665.0,2022-09-02 04:00:00
1662105600000,0.3316,0.3322,0.3277,0.3292,26366018.0,2022-09-02 08:00:00
1662120000000,0.3291,0.3336,0.3273,0.3305,40856230.0,2022-09-02 12:00:00
1662134400000,0.3306,0.3316,0.3253,0.3272,33331722.0,2022-09-02 16:00:00
1662148800000,0.3272,0.3317,0.3266,0.3314,24332872.0,2022-09-02 20:00:00
1662163200000,0.3315,0.335,0.3276,0.3283,33228194.0,2022-09-03 00:00:00
1662177600000,0.3283,0.3315,0.3265,0.3282,18240560.0,2022-09-03 04:00:00
1662192000000,0.3282,0.3291,0.3274,0.329,16605811.0,2022-09-03 08:00:00
1662206400000,0.329,0.3306,0.3284,0.3293,12453796.0,2022-09-03 12:00:00
1662220800000,0.3293,0.3314,0.3278,0.3288,14042501.0,2022-09-03 16:00:00
1662235200000,0.3287,0.3304,0.3284,0.3297,8747042.0,2022-09-03 20:00:00
1662249600000,0.3296,0.3313,0.3291,0.3303,10652471.0,2022-09-04 00:00:00
1662264000000,0.3304,0.3328,0.3286,0.3288,19387943.0,2022-09-04 04:00:00
1662278400000,0.3288,0.3312,0.3275,0.3311,24859889.0,2022-09-04 08:00:00
1662292800000,0.3311,0.3327,0.3289,0.3299,14718012.0,2022-09-04 12:00:00
1662307200000,0.3298,0.332,0.3295,0.3307,12538432.0,2022-09-04 16:00:00
1662321600000,0.3308,0.3324,0.3295,0.3317,13756646.0,2022-09-04 20:00:00
1662336000000,0.3318,0.3334,0.3303,0.3306,26524308.0,2022-09-05 00:00:00
1662350400000,0.3306,0.3312,0.325,0.3257,32335297.0,2022-09-05 04:00:00
1662364800000,0.3257,0.3268,0.3225,0.3246,31037191.0,2022-09-05 08:00:00
1662379200000,0.3245,0.329,0.3242,0.3284,36597416.0,2022-09-05 12:00:00
1662393600000,0.3283,0.3306,0.3274,0.3299,27469796.0,2022-09-05 16:00:00
1662408000000,0.33,0.3338,0.33,0.3329,24356868.0,2022-09-05 20:00:00
1662422400000,0.3329,0.3431,0.3307,0.3341,89559854.0,2022-09-06 00:00:00
1662436800000,0.3342,0.338,0.3323,0.3337,41036641.0,2022-09-06 04:00:00
1662451200000,0.3337,0.3367,0.3321,0.3361,32634658.0,2022-09-06 08:00:00
1662465600000,0.336,0.3369,0.3307,0.3343,43349460.0,2022-09-06 12:00:00
1662480000000,0.3343,0.3349,0.3219,0.3235,87865583.0,2022-09-06 16:00:00
1662494400000,0.3234,0.3253,0.3154,0.3212,42707699.0,2022-09-06 20:00:00
1662508800000,0.3212,0.3233,0.312,0.3183,57347077.0,2022-09-07 00:00:00
1662523200000,0.3183,0.3206,0.3154,0.3203,40471834.0,2022-09-07 04:00:00
1662537600000,0.3203,0.3234,0.3195,0.3231,34551374.0,2022-09-07 08:00:00
1662552000000,0.323,0.3267,0.3216,0.3248,36599045.0,2022-09-07 12:00:00
1662566400000,0.3247,0.3344,0.3244,0.3336,39595298.0,2022-09-07 16:00:00
1662580800000,0.3336,0.3386,0.3335,0.3369,59144961.0,2022-09-07 20:00:00
1662595200000,0.3369,0.3377,0.3308,0.3322,33353823.0,2022-09-08 00:00:00
1662609600000,0.3322,0.3361,0.3284,0.3313,36411027.0,2022-09-08 04:00:00
1662624000000,0.3312,0.3338,0.3287,0.3325,39550643.0,2022-09-08 08:00:00
1662638400000,0.3325,0.3356,0.3282,0.3333,51116847.0,2022-09-08 12:00:00
1662652800000,0.3333,0.3434,0.33,0.343,41789602.0,2022-09-08 16:00:00
1662667200000,0.3431,0.3433,0.3382,0.3396,32368017.0,2022-09-08 20:00:00
1662681600000,0.3396,0.3464,0.3394,0.3449,42186381.0,2022-09-09 00:00:00
1662696000000,0.3449,0.352,0.3438,0.3492,62947707.0,2022-09-09 04:00:00
1662710400000,0.3491,0.3558,0.3488,0.3508,57735614.0,2022-09-09 08:00:00
1662724800000,0.3508,0.3539,0.3466,0.3472,70987948.0,2022-09-09 12:00:00
1662739200000,0.3472,0.3526,0.3447,0.3525,44951259.0,2022-09-09 16:00:00
1662753600000,0.3524,0.3597,0.3484,0.3568,56040118.0,2022-09-09 20:00:00
1662768000000,0.3568,0.3585,0.352,0.3548,47339980.0,2022-09-10 00:00:00
1662782400000,0.3547,0.3622,0.3514,0.353,50645063.0,2022-09-10 04:00:00
1662796800000,0.3532,0.3558,0.3521,0.3546,20787407.0,2022-09-10 08:00:00
1662811200000,0.3546,0.358,0.3533,0.3558,25765752.0,2022-09-10 12:00:00
1662825600000,0.3557,0.3577,0.3526,0.3571,19435773.0,2022-09-10 16:00:00
1662840000000,0.3572,0.3601,0.3545,0.3573,22036283.0,2022-09-10 20:00:00
1662854400000,0.3574,0.359,0.3548,0.3561,17115311.0,2022-09-11 00:00:00
1662868800000,0.3562,0.3569,0.3516,0.356,20137988.0,2022-09-11 04:00:00
1662883200000,0.356,0.3563,0.3542,0.3548,19358624.0,2022-09-11 08:00:00
1662897600000,0.3549,0.3563,0.3538,0.3553,21615548.0,2022-09-11 12:00:00
1662912000000,0.3553,0.3578,0.3544,0.3553,17068841.0,2022-09-11 16:00:00
1662926400000,0.3552,0.3604,0.3485,0.3552,50862778.0,2022-09-11 20:00:00
1662940800000,0.3551,0.358,0.3478,0.3497,57437914.0,2022-09-12 00:00:00
1662955200000,0.3497,0.3534,0.3496,0.3529,33548000.0,2022-09-12 04:00:00
1662969600000,0.3529,0.3574,0.3523,0.3547,45615613.0,2022-09-12 08:00:00
1662984000000,0.3548,0.3576,0.3514,0.3528,33987052.0,2022-09-12 12:00:00
1662998400000,0.3528,0.3573,0.3487,0.3567,37358583.0,2022-09-12 16:00:00
1663012800000,0.3568,0.3602,0.3556,0.3598,35196602.0,2022-09-12 20:00:00
1663027200000,0.3598,0.3603,0.3511,0.3531,45909371.0,2022-09-13 00:00:00
1663041600000,0.3531,0.3576,0.3526,0.357,35320003.0,2022-09-13 04:00:00
1663056000000,0.357,0.3576,0.3533,0.3568,38138767.0,2022-09-13 08:00:00
1663070400000,0.3569,0.3576,0.3382,0.3393,127105924.0,2022-09-13 12:00:00
1663084800000,0.3393,0.3413,0.3337,0.3372,65637511.0,2022-09-13 16:00:00
1663099200000,0.3372,0.3394,0.3308,0.3326,52166802.0,2022-09-13 20:00:00
1663113600000,0.3326,0.3358,0.3312,0.3356,60175940.0,2022-09-14 00:00:00
1663128000000,0.3356,0.3381,0.3336,0.3359,50042642.0,2022-09-14 04:00:00
1663142400000,0.3359,0.3383,0.3339,0.3352,48868729.0,2022-09-14 08:00:00
1663156800000,0.3351,0.3385,0.3339,0.3366,54762925.0,2022-09-14 12:00:00
1663171200000,0.3366,0.3426,0.333,0.3405,56943098.0,2022-09-14 16:00:00
1663185600000,0.3405,0.3442,0.3393,0.3415,37811627.0,2022-09-14 20:00:00
1663200000000,0.3415,0.3424,0.3324,0.3357,73072956.0,2022-09-15 00:00:00
1663214400000,0.3357,0.3429,0.3337,0.3409,96872950.0,2022-09-15 04:00:00
1663228800000,0.3409,0.341,0.3346,0.3352,45022989.0,2022-09-15 08:00:00
1663243200000,0.3353,0.336,0.325,0.3257,100714534.0,2022-09-15 12:00:00
1663257600000,0.3257,0.3301,0.3253,0.3297,42166818.0,2022-09-15 16:00:00
1663272000000,0.3297,0.3305,0.3241,0.3261,48385878.0,2022-09-15 20:00:00
1663286400000,0.3261,0.328,0.3216,0.3271,51345647.0,2022-09-16 00:00:00
1663300800000,0.327,0.3294,0.3238,0.3263,43171996.0,2022-09-16 04:00:00
1663315200000,0.3262,0.3312,0.3226,0.3302,42907048.0,2022-09-16 08:00:00
1663329600000,0.3303,0.3348,0.3271,0.3347,53831256.0,2022-09-16 12:00:00
1663344000000,0.3346,0.3421,0.3302,0.3413,74137648.0,2022-09-16 16:00:00
1663358400000,0.3412,0.3581,0.3412,0.3552,104610145.0,2022-09-16 20:00:00
1663372800000,0.3552,0.3553,0.3488,0.3502,56974742.0,2022-09-17 00:00:00
1663387200000,0.3502,0.3514,0.3464,0.3478,27221884.0,2022-09-17 04:00:00
1663401600000,0.3479,0.3565,0.3474,0.3528,43244858.0,2022-09-17 08:00:00
1663416000000,0.3528,0.3794,0.3513,0.3709,190072874.0,2022-09-17 12:00:00
1663430400000,0.3709,0.381,0.3707,0.3726,85721768.0,2022-09-17 16:00:00
1663444800000,0.3726,0.3784,0.3709,0.3762,39771754.0,2022-09-17 20:00:00
1663459200000,0.3762,0.3767,0.3649,0.3684,53958268.0,2022-09-18 00:00:00
1663473600000,0.3683,0.391,0.3665,0.387,113972368.0,2022-09-18 04:00:00
1663488000000,0.3869,0.3945,0.3756,0.3779,123382545.0,2022-09-18 08:00:00
1663502400000,0.3778,0.3857,0.3744,0.3813,66043985.0,2022-09-18 12:00:00
1663516800000,0.3813,0.3977,0.3759,0.3966,128132937.0,2022-09-18 16:00:00
1663531200000,0.3966,0.3981,0.3556,0.3576,195368315.0,2022-09-18 20:00:00
1663545600000,0.3578,0.3655,0.3401,0.3449,160207819.0,2022-09-19 00:00:00
1663560000000,0.3449,0.3584,0.3426,0.3498,148534184.0,2022-09-19 04:00:00
1663574400000,0.3499,0.3539,0.3431,0.3506,84633291.0,2022-09-19 08:00:00
1663588800000,0.3506,0.36,0.3487,0.3552,71029637.0,2022-09-19 12:00:00
1663603200000,0.3552,0.3919,0.354,0.39,161486937.0,2022-09-19 16:00:00
1663617600000,0.39,0.3932,0.3768,0.3848,111281109.0,2022-09-19 20:00:00
1663632000000,0.3847,0.3904,0.3704,0.3729,127643713.0,2022-09-20 00:00:00
1663646400000,0.373,0.3822,0.3727,0.3778,103931066.0,2022-09-20 04:00:00
1663660800000,0.3778,0.3833,0.3751,0.3816,84202729.0,2022-09-20 08:00:00
1663675200000,0.3817,0.4223,0.3742,0.4201,399385155.0,2022-09-20 12:00:00
1663689600000,0.42,0.4242,0.4015,0.4102,247062459.0,2022-09-20 16:00:00
1663704000000,0.4103,0.4205,0.4043,0.414,151567307.0,2022-09-20 20:00:00
1663718400000,0.4139,0.4154,0.4034,0.4046,110585703.0,2022-09-21 00:00:00
1663732800000,0.4046,0.4132,0.39,0.4024,153228451.0,2022-09-21 04:00:00
1663747200000,0.4025,0.4082,0.3955,0.4055,107815202.0,2022-09-21 08:00:00
1663761600000,0.4056,0.4075,0.3913,0.3941,112717390.0,2022-09-21 12:00:00
1663776000000,0.3941,0.434,0.38,0.4073,282447614.0,2022-09-21 16:00:00
1663790400000,0.4073,0.4121,0.3847,0.3936,158941457.0,2022-09-21 20:00:00
1663804800000,0.3936,0.405,0.3933,0.4023,109971584.0,2022-09-22 00:00:00
1663819200000,0.4024,0.4263,0.4022,0.4234,185354327.0,2022-09-22 04:00:00
1663833600000,0.4234,0.4365,0.4217,0.4325,159403519.0,2022-09-22 08:00:00
1663848000000,0.4325,0.4504,0.4287,0.4339,279495318.0,2022-09-22 12:00:00
1663862400000,0.4339,0.5,0.429,0.4836,347106933.0,2022-09-22 16:00:00
1663876800000,0.4835,0.4946,0.4757,0.4862,241503247.0,2022-09-22 20:00:00
1663891200000,0.4861,0.5477,0.4769,0.5386,291552229.0,2022-09-23 00:00:00
1663905600000,0.5387,0.559,0.5159,0.5176,368132821.0,2022-09-23 04:00:00
1663920000000,0.5175,0.5214,0.4787,0.488,367548762.0,2022-09-23 08:00:00
1663934400000,0.488,0.4993,0.473,0.4893,265843215.0,2022-09-23 12:00:00
1663948800000,0.4892,0.4926,0.4564,0.4716,222632243.0,2022-09-23 16:00:00
1663963200000,0.4716,0.5288,0.4696,0.5069,304916475.0,2022-09-23 20:00:00
1663977600000,0.5069,0.5144,0.4961,0.5016,143690784.0,2022-09-24 00:00:00
1663992000000,0.5017,0.5195,0.4881,0.4922,142086669.0,2022-09-24 04:00:00
1664006400000,0.4921,0.4986,0.4844,0.4942,75408283.0,2022-09-24 08:00:00
1664020800000,0.4941,0.4999,0.4717,0.4785,108908949.0,2022-09-24 12:00:00
1664035200000,0.4785,0.5066,0.4763,0.498,125586672.0,2022-09-24 16:00:00
1664049600000,0.4979,0.5085,0.4817,0.4878,115477364.0,2022-09-24 20:00:00
1664064000000,0.4879,0.4909,0.4757,0.4858,70099817.0,2022-09-25 00:00:00
1664078400000,0.4858,0.493,0.4818,0.4914,63598807.0,2022-09-25 04:00:00
1664092800000,0.4914,0.504,0.4832,0.5003,98343187.0,2022-09-25 08:00:00
1664107200000,0.5002,0.5215,0.4852,0.5043,262997969.0,2022-09-25 12:00:00
1664121600000,0.5044,0.5087,0.4901,0.5022,122260138.0,2022-09-25 16:00:00
1664136000000,0.5022,0.5062,0.486,0.4917,120862645.0,2022-09-25 20:00:00
1664150400000,0.4916,0.502,0.477,0.4823,114568108.0,2022-09-26 00:00:00
1664164800000,0.4822,0.4866,0.4623,0.4736,136311576.0,2022-09-26 04:00:00
1664179200000,0.4736,0.4814,0.4576,0.4635,141916666.0,2022-09-26 08:00:00
1664193600000,0.4636,0.4779,0.46,0.4737,108094832.0,2022-09-26 12:00:00
1664208000000,0.4737,0.4791,0.4646,0.4731,71554256.0,2022-09-26 16:00:00
1664222400000,0.473,0.4733,0.4643,0.4683,54074792.0,2022-09-26 20:00:00
1664236800000,0.4682,0.4819,0.4647,0.4762,99686808.0,2022-09-27 00:00:00
1664251200000,0.4763,0.4882,0.4732,0.4797,97960235.0,2022-09-27 04:00:00
1664265600000,0.4797,0.4813,0.4662,0.4693,84676226.0,2022-09-27 08:00:00
1664280000000,0.4693,0.483,0.4669,0.468,101744594.0,2022-09-27 12:00:00
1664294400000,0.468,0.4702,0.435,0.4449,191432804.0,2022-09-27 16:00:00
1664308800000,0.4448,0.451,0.4424,0.4457,52893344.0,2022-09-27 20:00:00
1664323200000,0.4458,0.4504,0.4179,0.426,131219649.0,2022-09-28 00:00:00
1664337600000,0.426,0.4325,0.4168,0.4239,87558379.0,2022-09-28 04:00:00
1664352000000,0.424,0.4318,0.4178,0.4278,104038091.0,2022-09-28 08:00:00
1664366400000,0.4278,0.4388,0.4267,0.4366,103881674.0,2022-09-28 12:00:00
1664380800000,0.4367,0.4411,0.4277,0.4368,81623258.0,2022-09-28 16:00:00
1664395200000,0.4368,0.4558,0.4354,0.4489,87599232.0,2022-09-28 20:00:00
1664409600000,0.4491,0.4518,0.4369,0.4419,64449893.0,2022-09-29 00:00:00
1664424000000,0.4419,0.4446,0.4339,0.4392,59759097.0,2022-09-29 04:00:00
1664438400000,0.4393,0.4431,0.437,0.4403,54648732.0,2022-09-29 08:00:00
1664452800000,0.4404,0.4407,0.4266,0.4343,92459150.0,2022-09-29 12:00:00
1664467200000,0.4342,0.443,0.4313,0.4412,50822932.0,2022-09-29 16:00:00
1664481600000,0.4411,0.5109,0.4407,0.4877,466526897.0,2022-09-29 20:00:00
1664496000000,0.4876,0.4876,0.4721,0.4806,98120888.0,2022-09-30 00:00:00
1664510400000,0.4807,0.4959,0.4787,0.4892,101638814.0,2022-09-30 04:00:00
1664524800000,0.4891,0.4969,0.4772,0.4791,116906981.0,2022-09-30 08:00:00
1664539200000,0.4791,0.4854,0.4667,0.4769,137439155.0,2022-09-30 12:00:00
1664553600000,0.477,0.4992,0.4718,0.4856,134816461.0,2022-09-30 16:00:00
1664568000000,0.4856,0.4903,0.4737,0.4799,94106004.0,2022-09-30 20:00:00
1664582400000,0.4799,0.4817,0.4667,0.4762,60020829.0,2022-10-01 00:00:00
1664596800000,0.4763,0.478,0.4712,0.4758,37342086.0,2022-10-01 04:00:00
1664611200000,0.4758,0.4768,0.4683,0.4737,41515699.0,2022-10-01 08:00:00
1664625600000,0.4737,0.4842,0.4714,0.4821,76732296.0,2022-10-01 12:00:00
1664640000000,0.4822,0.4865,0.47,0.4756,91548212.0,2022-10-01 16:00:00
1664654400000,0.4756,0.4776,0.4717,0.4754,25586079.0,2022-10-01 20:00:00
1664668800000,0.4753,0.4775,0.473,0.4741,20328893.0,2022-10-02 00:00:00
1664683200000,0.4742,0.4785,0.4734,0.4759,37896416.0,2022-10-02 04:00:00
1664697600000,0.4759,0.4774,0.45,0.4608,115286130.0,2022-10-02 08:00:00
1664712000000,0.4609,0.4643,0.4526,0.4586,55963964.0,2022-10-02 12:00:00
1664726400000,0.4585,0.4633,0.4578,0.4618,28531737.0,2022-10-02 16:00:00
1664740800000,0.4619,0.4624,0.443,0.4485,73318308.0,2022-10-02 20:00:00
1664755200000,0.4485,0.4548,0.4451,0.4473,44675258.0,2022-10-03 00:00:00
1664769600000,0.4474,0.4478,0.4372,0.4415,70537778.0,2022-10-03 04:00:00
1664784000000,0.4416,0.4469,0.4387,0.4463,57673602.0,2022-10-03 08:00:00
1664798400000,0.4463,0.456,0.4439,0.4532,71773745.0,2022-10-03 12:00:00
1664812800000,0.4533,0.4594,0.4492,0.4553,61895706.0,2022-10-03 16:00:00
1664827200000,0.4553,0.4694,0.4551,0.4621,87069346.0,2022-10-03 20:00:00
1664841600000,0.4622,0.4627,0.4515,0.4548,58444168.0,2022-10-04 00:00:00
1664856000000,0.4548,0.4643,0.4537,0.4624,60838615.0,2022-10-04 04:00:00
1664870400000,0.4624,0.4755,0.4589,0.4717,115098016.0,2022-10-04 08:00:00
1664884800000,0.4717,0.4846,0.4679,0.4764,114276102.0,2022-10-04 12:00:00
1664899200000,0.4765,0.4858,0.4722,0.4825,112175023.0,2022-10-04 16:00:00
1664913600000,0.4827,0.4855,0.4772,0.4795,67462880.0,2022-10-04 20:00:00
1664928000000,0.4795,0.4804,0.4716,0.4752,55843371.0,2022-10-05 00:00:00
1664942400000,0.4753,0.496,0.4746,0.483,126227038.0,2022-10-05 04:00:00
1664956800000,0.483,0.485,0.4736,0.4783,86446591.0,2022-10-05 08:00:00
1664971200000,0.4782,0.4924,0.4746,0.4878,122131462.0,2022-10-05 12:00:00
1664985600000,0.4878,0.502,0.4862,0.4977,128598354.0,2022-10-05 16:00:00
1665000000000,0.4977,0.499,0.4878,0.4887,63428800.0,2022-10-05 20:00:00
1665014400000,0.4888,0.4985,0.4883,0.4977,62573427.0,2022-10-06 00:00:00
1665028800000,0.4977,0.5063,0.4927,0.4951,85135854.0,2022-10-06 04:00:00
1665043200000,0.4951,0.4992,0.491,0.4983,57439435.0,2022-10-06 08:00:00
1665057600000,0.4983,0.503,0.49,0.4946,83951517.0,2022-10-06 12:00:00
1665072000000,0.4945,0.4998,0.4914,0.497,48046189.0,2022-10-06 16:00:00
1665086400000,0.497,0.5041,0.4889,0.4934,75477082.0,2022-10-06 20:00:00
1665100800000,0.4934,0.4949,0.482,0.4894,56002069.0,2022-10-07 00:00:00
1665115200000,0.4894,0.4916,0.4849,0.4897,31688399.0,2022-10-07 04:00:00
1665129600000,0.4896,0.4932,0.4879,0.4904,31690559.0,2022-10-07 08:00:00
1665144000000,0.4904,0.4985,0.48,0.4932,123603651.0,2022-10-07 12:00:00
1665158400000,0.4932,0.5339,0.4921,0.5184,198888644.0,2022-10-07 16:00:00
1665172800000,0.5184,0.5221,0.5104,0.5177,81627478.0,2022-10-07 20:00:00
1665187200000,0.5177,0.5271,0.515,0.5256,72748036.0,2022-10-08 00:00:00
1665201600000,0.5256,0.5292,0.5173,0.5197,82084055.0,2022-10-08 04:00:00
1665216000000,0.5196,0.5217,0.5126,0.5194,41161634.0,2022-10-08 08:00:00
1665230400000,0.5193,0.5214,0.5141,0.52,41951227.0,2022-10-08 12:00:00
1665244800000,0.52,0.5265,0.5175,0.5185,63232837.0,2022-10-08 16:00:00
1665259200000,0.5185,0.5204,0.5111,0.517,39605957.0,2022-10-08 20:00:00
1665273600000,0.5171,0.5171,0.506,0.5102,46538617.0,2022-10-09 00:00:00
1665288000000,0.5102,0.5181,0.5082,0.5165,26857407.0,2022-10-09 04:00:00
1665302400000,0.5165,0.52,0.5144,0.5188,36291909.0,2022-10-09 08:00:00
1665316800000,0.5186,0.5345,0.5156,0.5275,88664014.0,2022-10-09 12:00:00
1665331200000,0.5275,0.549,0.5264,0.5399,111152630.0,2022-10-09 16:00:00
1665345600000,0.5398,0.54,0.5315,0.5325,56874611.0,2022-10-09 20:00:00
1665360000000,0.5325,0.538,0.5284,0.5313,54752226.0,2022-10-10 00:00:00
1665374400000,0.5313,0.5353,0.5219,0.5224,63763711.0,2022-10-10 04:00:00
1665388800000,0.5224,0.5232,0.5116,0.5181,113026116.0,2022-10-10 08:00:00
1665403200000,0.5182,0.5242,0.5142,0.5229,70720949.0,2022-10-10 12:00:00
1665417600000,0.523,0.5293,0.5166,0.5212,90276276.0,2022-10-10 16:00:00
1665432000000,0.5212,0.5241,0.4927,0.4939,127198457.0,2022-10-10 20:00:00
1665446400000,0.4939,0.4989,0.4852,0.4931,95189370.0,2022-10-11 00:00:00
1665460800000,0.493,0.4956,0.4824,0.4894,71290374.0,2022-10-11 04:00:00
1665475200000,0.4894,0.4923,0.4768,0.4876,77214480.0,2022-10-11 08:00:00
1665489600000,0.4876,0.4995,0.4825,0.4974,87375594.0,2022-10-11 12:00:00
1665504000000,0.4975,0.5025,0.4838,0.4871,57708104.0,2022-10-11 16:00:00
1665518400000,0.4871,0.4991,0.4812,0.4861,56501821.0,2022-10-11 20:00:00
1665532800000,0.486,0.4906,0.482,0.486,45055618.0,2022-10-12 00:00:00
1665547200000,0.486,0.4929,0.4855,0.4895,43807458.0,2022-10-12 04:00:00
1665561600000,0.4895,0.4919,0.4856,0.4908,33695717.0,2022-10-12 08:00:00
1665576000000,0.4908,0.496,0.4831,0.4954,66626095.0,2022-10-12 12:00:00
1665590400000,0.4953,0.4959,0.4854,0.4886,36378215.0,2022-10-12 16:00:00
1665604800000,0.4887,0.491,0.4862,0.4881,19658881.0,2022-10-12 20:00:00
1665619200000,0.4881,0.4898,0.4652,0.4731,87216024.0,2022-10-13 00:00:00
1665633600000,0.4731,0.4746,0.4511,0.4554,93411459.0,2022-10-13 04:00:00
1665648000000,0.4554,0.4584,0.4401,0.4571,117949591.0,2022-10-13 08:00:00
1665662400000,0.4571,0.4772,0.4458,0.476,179512731.0,2022-10-13 12:00:00
1665676800000,0.476,0.4893,0.4734,0.4875,86074103.0,2022-10-13 16:00:00
1665691200000,0.4875,0.4894,0.4788,0.4791,37587701.0,2022-10-13 20:00:00
1665705600000,0.4791,0.507,0.4782,0.5019,111382638.0,2022-10-14 00:00:00
1665720000000,0.5019,0.5041,0.494,0.4992,53129306.0,2022-10-14 04:00:00
1665734400000,0.4991,0.505,0.4972,0.4986,72723768.0,2022-10-14 08:00:00
1665748800000,0.4986,0.5125,0.4902,0.491,123905802.0,2022-10-14 12:00:00
1665763200000,0.491,0.497,0.4861,0.4876,48446841.0,2022-10-14 16:00:00
1665777600000,0.4877,0.49,0.4809,0.4883,47670854.0,2022-10-14 20:00:00
1665792000000,0.4882,0.49,0.4839,0.4881,23343152.0,2022-10-15 00:00:00
1665806400000,0.4881,0.4889,0.485,0.4861,19699859.0,2022-10-15 04:00:00
1665820800000,0.4861,0.4869,0.4774,0.4855,35197014.0,2022-10-15 08:00:00
1665835200000,0.4856,0.4896,0.4822,0.4872,26680734.0,2022-10-15 12:00:00
1665849600000,0.4872,0.4884,0.4819,0.4842,20658605.0,2022-10-15 16:00:00
1665864000000,0.4842,0.4843,0.4783,0.4818,29583759.0,2022-10-15 20:00:00
1665878400000,0.4818,0.4876,0.4815,0.484,16382615.0,2022-10-16 00:00:00
1665892800000,0.484,0.4865,0.4816,0.4838,15612381.0,2022-10-16 04:00:00
1665907200000,0.4837,0.4862,0.4796,0.4831,43624051.0,2022-10-16 08:00:00
1665921600000,0.4832,0.4842,0.4791,0.4814,23611068.0,2022-10-16 12:00:00
1665936000000,0.4814,0.4821,0.468,0.4819,79869786.0,2022-10-16 16:00:00
1665950400000,0.4819,0.4829,0.4707,0.4766,41794200.0,2022-10-16 20:00:00
1665964800000,0.4765,0.4768,0.4627,0.4685,42208346.0,2022-10-17 00:00:00
1665979200000,0.4685,0.4725,0.4666,0.4697,44439486.0,2022-10-17 04:00:00
1665993600000,0.4697,0.4763,0.4653,0.4756,48840854.0,2022-10-17 08:00:00
1666008000000,0.4755,0.4825,0.4727,0.4778,59117967.0,2022-10-17 12:00:00
1666022400000,0.4778,0.4787,0.4712,0.473,35192447.0,2022-10-17 16:00:00
1666036800000,0.473,0.482,0.4729,0.4804,36712452.0,2022-10-17 20:00:00
1666051200000,0.4804,0.4843,0.4714,0.4769,50339741.0,2022-10-18 00:00:00
1666065600000,0.4769,0.4784,0.473,0.477,35202119.0,2022-10-18 04:00:00
1666080000000,0.477,0.4775,0.4663,0.4702,62459323.0,2022-10-18 08:00:00
1666094400000,0.4702,0.4731,0.4628,0.4677,52984273.0,2022-10-18 12:00:00
1666108800000,0.4677,0.4712,0.4571,0.465,60253805.0,2022-10-18 16:00:00
1666123200000,0.465,0.4702,0.4636,0.4658,28450460.0,2022-10-18 20:00:00
1666137600000,0.4657,0.4667,0.4581,0.4624,52250189.0,2022-10-19 00:00:00
1666152000000,0.4624,0.463,0.454,0.4577,55799539.0,2022-10-19 04:00:00
1666166400000,0.4577,0.459,0.452,0.4542,53143975.0,2022-10-19 08:00:00
1666180800000,0.4543,0.4585,0.4513,0.4581,50267993.0,2022-10-19 12:00:00
1666195200000,0.4582,0.4619,0.4555,0.4613,52566994.0,2022-10-19 16:00:00
1666209600000,0.4612,0.4643,0.4471,0.4504,66298817.0,2022-10-19 20:00:00
1666224000000,0.4504,0.4634,0.4497,0.4559,54062584.0,2022-10-20 00:00:00
1666238400000,0.456,0.463,0.4559,0.4622,35692703.0,2022-10-20 04:00:00
1666252800000,0.4622,0.4639,0.4582,0.4628,42589729.0,2022-10-20 08:00:00
1666267200000,0.4628,0.4646,0.4593,0.4608,34358664.0,2022-10-20 12:00:00
1666281600000,0.4609,0.4609,0.4224,0.4384,134030390.0,2022-10-20 16:00:00
1666296000000,0.4383,0.4547,0.431,0.4465,96009975.0,2022-10-20 20:00:00
1666310400000,0.4465,0.4509,0.4406,0.4469,70584427.0,2022-10-21 00:00:00
1666324800000,0.4469,0.4487,0.4426,0.444,42001250.0,2022-10-21 04:00:00
1666339200000,0.4439,0.4445,0.4377,0.4409,50763834.0,2022-10-21 08:00:00
1666353600000,0.4409,0.4504,0.4336,0.4478,91241827.0,2022-10-21 12:00:00
1666368000000,0.4478,0.4544,0.4453,0.4529,51951651.0,2022-10-21 16:00:00
1666382400000,0.4529,0.4617,0.4507,0.4614,55457562.0,2022-10-21 20:00:00
1666396800000,0.4613,0.4629,0.4562,0.4594,31691183.0,2022-10-22 00:00:00
1666411200000,0.4594,0.46,0.4561,0.459,17309422.0,2022-10-22 04:00:00
1666425600000,0.459,0.4675,0.4577,0.4667,26377405.0,2022-10-22 08:00:00
1666440000000,0.4666,0.4708,0.4634,0.4659,53840390.0,2022-10-22 12:00:00
1666454400000,0.4659,0.4669,0.4605,0.4636,23237920.0,2022-10-22 16:00:00
1666468800000,0.4635,0.4664,0.4631,0.4653,16466183.0,2022-10-22 20:00:00
1666483200000,0.4653,0.4659,0.4581,0.4605,27582464.0,2022-10-23 00:00:00
1666497600000,0.4605,0.462,0.4581,0.4589,17496497.0,2022-10-23 04:00:00
1666512000000,0.4588,0.4616,0.4518,0.4528,34295721.0,2022-10-23 08:00:00
1666526400000,0.4528,0.4586,0.4527,0.4572,19748747.0,2022-10-23 12:00:00
1666540800000,0.4572,0.468,0.4538,0.4654,46878354.0,2022-10-23 16:00:00
1666555200000,0.4654,0.4726,0.4595,0.4688,55617254.0,2022-10-23 20:00:00
1666569600000,0.4688,0.473,0.4557,0.4564,56307041.0,2022-10-24 00:00:00
1666584000000,0.4563,0.459,0.4534,0.4572,41601204.0,2022-10-24 04:00:00
1666598400000,0.4571,0.4591,0.452,0.458,55405806.0,2022-10-24 08:00:00
1666612800000,0.458,0.4593,0.4478,0.4558,61336055.0,2022-10-24 12:00:00
1666627200000,0.4557,0.4581,0.4539,0.4564,23147596.0,2022-10-24 16:00:00
1666641600000,0.4565,0.4598,0.4522,0.4529,31392291.0,2022-10-24 20:00:00
1666656000000,0.453,0.4569,0.4434,0.448,50865691.0,2022-10-25 00:00:00
1666670400000,0.4481,0.4515,0.4459,0.4495,32142460.0,2022-10-25 04:00:00
1666684800000,0.4495,0.4497,0.4444,0.4477,29671352.0,2022-10-25 08:00:00
1666699200000,0.4478,0.4587,0.4454,0.4567,59893170.0,2022-10-25 12:00:00
1666713600000,0.4566,0.4728,0.4555,0.4659,122722583.0,2022-10-25 16:00:00
1666728000000,0.4658,0.4662,0.4556,0.4605,55066143.0,2022-10-25 20:00:00
1666742400000,0.4606,0.4628,0.4562,0.4614,44073824.0,2022-10-26 00:00:00
1666756800000,0.4614,0.4659,0.4589,0.4622,37524200.0,2022-10-26 04:00:00
1666771200000,0.4623,0.4685,0.4608,0.4646,55367089.0,2022-10-26 08:00:00
1666785600000,0.4646,0.4715,0.4614,0.4683,73745209.0,2022-10-26 12:00:00
1666800000000,0.4683,0.4699,0.4619,0.4643,48565044.0,2022-10-26 16:00:00
1666814400000,0.4644,0.4711,0.4629,0.4689,49524711.0,2022-10-26 20:00:00
1666828800000,0.4689,0.4824,0.4671,0.4735,98271284.0,2022-10-27 00:00:00
1666843200000,0.4737,0.4785,0.47,0.4728,53789033.0,2022-10-27 04:00:00
1666857600000,0.4728,0.4763,0.4685,0.4712,60868472.0,2022-10-27 08:00:00
1666872000000,0.4713,0.4759,0.4642,0.4672,77307807.0,2022-10-27 12:00:00
1666886400000,0.4671,0.4734,0.4642,0.4714,34219633.0,2022-10-27 16:00:00
1666900800000,0.4716,0.4722,0.4584,0.4615,61690971.0,2022-10-27 20:00:00
1666915200000,0.4615,0.4669,0.4595,0.4631,39361461.0,2022-10-28 00:00:00
1666929600000,0.4632,0.465,0.4564,0.4579,36761750.0,2022-10-28 04:00:00
1666944000000,0.4579,0.462,0.4567,0.46,32341234.0,2022-10-28 08:00:00
1666958400000,0.46,0.4673,0.457,0.4646,63149462.0,2022-10-28 12:00:00
1666972800000,0.4646,0.4707,0.464,0.4704,43951215.0,2022-10-28 16:00:00
1666987200000,0.4703,0.4755,0.4692,0.4744,42946500.0,2022-10-28 20:00:00
1667001600000,0.4743,0.4748,0.4696,0.4733,25124959.0,2022-10-29 00:00:00
1667016000000,0.4732,0.4738,0.4696,0.4727,20644502.0,2022-10-29 04:00:00
1667030400000,0.4728,0.4837,0.47,0.4709,82576056.0,2022-10-29 08:00:00
1667044800000,0.471,0.4745,0.4676,0.471,47096346.0,2022-10-29 12:00:00
1667059200000,0.4709,0.479,0.4657,0.4716,71932306.0,2022-10-29 16:00:00
1667073600000,0.4716,0.4766,0.4662,0.4701,37001332.0,2022-10-29 20:00:00
1667088000000,0.4702,0.4735,0.4665,0.4679,31459821.0,2022-10-30 00:00:00
1667102400000,0.4678,0.471,0.4657,0.4704,24373841.0,2022-10-30 04:00:00
1667116800000,0.4704,0.4714,0.4606,0.4651,45327390.0,2022-10-30 08:00:00
1667131200000,0.4652,0.4652,0.4579,0.4602,29767387.0,2022-10-30 12:00:00
1667145600000,0.4602,0.4637,0.4582,0.4619,23197468.0,2022-10-30 16:00:00
1667160000000,0.4618,0.464,0.4537,0.4582,28705495.0,2022-10-30 20:00:00
1667174400000,0.4582,0.4605,0.4483,0.4557,54000100.0,2022-10-31 00:00:00
1667188800000,0.4557,0.4611,0.4541,0.4603,31459166.0,2022-10-31 04:00:00
1667203200000,0.4604,0.4632,0.4543,0.4576,46078558.0,2022-10-31 08:00:00
1667217600000,0.4576,0.4611,0.4476,0.4517,56527702.0,2022-10-31 12:00:00
1667232000000,0.4516,0.4551,0.4503,0.4532,32413668.0,2022-10-31 16:00:00
1667246400000,0.4532,0.4674,0.4522,0.4641,71152940.0,2022-10-31 20:00:00
1667260800000,0.464,0.4643,0.4571,0.4596,53090067.0,2022-11-01 00:00:00
1667275200000,0.4597,0.4626,0.4574,0.4603,47217889.0,2022-11-01 04:00:00
1667289600000,0.4603,0.4652,0.4583,0.4613,47649783.0,2022-11-01 08:00:00
1667304000000,0.4614,0.4625,0.4543,0.4592,53103995.0,2022-11-01 12:00:00
1667318400000,0.4591,0.4641,0.4564,0.4618,31474951.0,2022-11-01 16:00:00
1667332800000,0.4617,0.467,0.4608,0.4636,40016201.0,2022-11-01 20:00:00
1667347200000,0.4635,0.4659,0.4579,0.4615,40106232.0,2022-11-02 00:00:00
1667361600000,0.4615,0.462,0.4557,0.4587,28157945.0,2022-11-02 04:00:00
1667376000000,0.4588,0.4608,0.4512,0.4544,49560215.0,2022-11-02 08:00:00
1667390400000,0.4543,0.4578,0.4522,0.4571,31603898.0,2022-11-02 12:00:00
1667404800000,0.4571,0.4655,0.4501,0.4517,105324287.0,2022-11-02 16:00:00
1667419200000,0.4517,0.4542,0.4451,0.4497,50575019.0,2022-11-02 20:00:00
1667433600000,0.4498,0.459,0.4487,0.4558,52857038.0,2022-11-03 00:00:00
1667448000000,0.4558,0.4593,0.4555,0.4575,32604893.0,2022-11-03 04:00:00
1667462400000,0.4576,0.4598,0.4537,0.455,33228614.0,2022-11-03 08:00:00
1667476800000,0.4551,0.4578,0.4519,0.4558,47469164.0,2022-11-03 12:00:00
1667491200000,0.4558,0.4583,0.4546,0.4572,23505843.0,2022-11-03 16:00:00
1667505600000,0.4573,0.4597,0.4536,0.4548,31740037.0,2022-11-03 20:00:00
1667520000000,0.4548,0.4581,0.4532,0.4574,32890429.0,2022-11-04 00:00:00
1667534400000,0.4575,0.4662,0.4564,0.4645,42460008.0,2022-11-04 04:00:00
1667548800000,0.4645,0.5078,0.4629,0.4889,245837968.0,2022-11-04 08:00:00
1667563200000,0.4888,0.5038,0.485,0.4895,127563557.0,2022-11-04 12:00:00
1667577600000,0.4894,0.495,0.4861,0.4941,60990172.0,2022-11-04 16:00:00
1667592000000,0.494,0.5066,0.4932,0.5064,52237295.0,2022-11-04 20:00:00
1667606400000,0.5063,0.51,0.4946,0.4989,52270704.0,2022-11-05 00:00:00
1667620800000,0.4988,0.5024,0.4953,0.4982,26491817.0,2022-11-05 04:00:00
1667635200000,0.4983,0.4988,0.4915,0.4971,26345352.0,2022-11-05 08:00:00
1667649600000,0.4972,0.5033,0.492,0.4989,27294482.0,2022-11-05 12:00:00
1667664000000,0.4988,0.5094,0.4966,0.498,40446629.0,2022-11-05 16:00:00
1667678400000,0.498,0.5021,0.489,0.493,26511716.0,2022-11-05 20:00:00
1667692800000,0.493,0.4947,0.487,0.4904,24333659.0,2022-11-06 00:00:00
1667707200000,0.4904,0.4922,0.4872,0.4888,15262590.0,2022-11-06 04:00:00
1667721600000,0.4889,0.4928,0.4883,0.4905,20572081.0,2022-11-06 08:00:00
1667736000000,0.4905,0.4927,0.4861,0.4897,26889719.0,2022-11-06 12:00:00
1667750400000,0.4896,0.4897,0.4813,0.4845,31040840.0,2022-11-06 16:00:00
1667764800000,0.4845,0.4859,0.468,0.4709,45026918.0,2022-11-06 20:00:00
1667779200000,0.4708,0.476,0.4683,0.474,51535445.0,2022-11-07 00:00:00
1667793600000,0.474,0.4745,0.461,0.463,54907614.0,2022-11-07 04:00:00
1667808000000,0.463,0.4725,0.4623,0.4701,46023204.0,2022-11-07 08:00:00
1667822400000,0.4701,0.4774,0.4697,0.4773,52465372.0,2022-11-07 12:00:00
1667836800000,0.4773,0.48,0.4672,0.4739,67732648.0,2022-11-07 16:00:00
1667851200000,0.4741,0.4764,0.4585,0.4648,52669635.0,2022-11-07 20:00:00
1667865600000,0.4647,0.4669,0.4389,0.4399,88695864.0,2022-11-08 00:00:00
1667880000000,0.4401,0.4447,0.423,0.4418,161989220.0,2022-11-08 04:00:00
1667894400000,0.4417,0.4418,0.4354,0.4374,86314109.0,2022-11-08 08:00:00
1667908800000,0.4374,0.441,0.4288,0.438,106025398.0,2022-11-08 12:00:00
1667923200000,0.4381,0.4568,0.3355,0.3951,388433842.0,2022-11-08 16:00:00
1667937600000,0.3951,0.4114,0.3815,0.4059,146624216.0,2022-11-08 20:00:00
1667952000000,0.4059,0.411,0.38,0.3892,137594326.0,2022-11-09 00:00:00
1667966400000,0.3892,0.3943,0.3794,0.3863,126479227.0,2022-11-09 04:00:00
1667980800000,0.3863,0.3871,0.3551,0.3753,200341270.0,2022-11-09 08:00:00
1667995200000,0.3754,0.3862,0.3597,0.3615,145503515.0,2022-11-09 12:00:00
1668009600000,0.3615,0.3673,0.3408,0.3558,137551721.0,2022-11-09 16:00:00
1668024000000,0.3558,0.3622,0.316,0.3331,160604138.0,2022-11-09 20:00:00
1668038400000,0.3332,0.3564,0.3301,0.3507,152427640.0,2022-11-10 00:00:00
1668052800000,0.3508,0.378,0.3486,0.3701,144522455.0,2022-11-10 04:00:00
1668067200000,0.37,0.37,0.3556,0.3603,132529159.0,2022-11-10 08:00:00
1668081600000,0.3604,0.3966,0.3591,0.3886,208531170.0,2022-11-10 12:00:00
1668096000000,0.3885,0.3959,0.3734,0.3873,103573515.0,2022-11-10 16:00:00
1668110400000,0.3872,0.403,0.3824,0.3942,73486913.0,2022-11-10 20:00:00
1668124800000,0.3942,0.3991,0.3753,0.379,109979057.0,2022-11-11 00:00:00
1668139200000,0.3789,0.3914,0.3766,0.3908,84448049.0,2022-11-11 04:00:00
1668153600000,0.3908,0.3963,0.387,0.3892,52144167.0,2022-11-11 08:00:00
1668168000000,0.3892,0.3969,0.3661,0.3755,123385192.0,2022-11-11 12:00:00
1668182400000,0.3754,0.3797,0.3675,0.3749,59571504.0,2022-11-11 16:00:00
1668196800000,0.3749,0.3868,0.3674,0.3843,48417861.0,2022-11-11 20:00:00
1668211200000,0.3843,0.3846,0.3728,0.3752,37330412.0,2022-11-12 00:00:00
1668225600000,0.3752,0.3763,0.3625,0.3693,62091063.0,2022-11-12 04:00:00
1668240000000,0.3693,0.3719,0.3649,0.3716,38225065.0,2022-11-12 08:00:00
1668254400000,0.3716,0.3731,0.3656,0.3697,43246323.0,2022-11-12 12:00:00
1668268800000,0.3697,0.3708,0.3592,0.3652,53776263.0,2022-11-12 16:00:00
1668283200000,0.3652,0.3672,0.3604,0.3636,20152310.0,2022-11-12 20:00:00
1668297600000,0.3635,0.3694,0.3615,0.3671,22555853.0,2022-11-13 00:00:00
1668312000000,0.3671,0.368,0.355,0.3592,40720079.0,2022-11-13 04:00:00
1668326400000,0.3592,0.3598,0.3474,0.3512,62681506.0,2022-11-13 08:00:00
1668340800000,0.3512,0.3563,0.3485,0.3488,70153526.0,2022-11-13 12:00:00
1668355200000,0.3488,0.3506,0.3408,0.3434,64628255.0,2022-11-13 16:00:00
1668369600000,0.3435,0.3435,0.3325,0.3408,73771230.0,2022-11-13 20:00:00
1668384000000,0.3409,0.3483,0.3255,0.331,120275268.0,2022-11-14 00:00:00
1668398400000,0.3309,0.3463,0.321,0.346,125172564.0,2022-11-14 04:00:00
1668412800000,0.3459,0.353,0.3417,0.35,88371819.0,2022-11-14 08:00:00
1668427200000,0.35,0.3583,0.3405,0.346,107935459.0,2022-11-14 12:00:00
1668441600000,0.346,0.3556,0.3386,0.3521,79800101.0,2022-11-14 16:00:00
1668456000000,0.3521,0.3796,0.3514,0.3776,171991826.0,2022-11-14 20:00:00
1668470400000,0.3775,0.3879,0.3677,0.3686,117679692.0,2022-11-15 00:00:00
1668484800000,0.3686,0.3832,0.3668,0.3798,78844031.0,2022-11-15 04:00:00
1668499200000,0.3797,0.3892,0.3782,0.3795,80121989.0,2022-11-15 08:00:00
1668513600000,0.3796,0.395,0.3779,0.391,102908112.0,2022-11-15 12:00:00
1668528000000,0.3909,0.3977,0.3764,0.3848,102986086.0,2022-11-15 16:00:00
1668542400000,0.3849,0.391,0.3804,0.3888,58765315.0,2022-11-15 20:00:00
1668556800000,0.3887,0.3896,0.379,0.3839,58191695.0,2022-11-16 00:00:00
1668571200000,0.3838,0.3915,0.3818,0.3875,50882265.0,2022-11-16 04:00:00
1668585600000,0.3874,0.388,0.375,0.3764,63491767.0,2022-11-16 08:00:00
1668600000000,0.3764,0.3772,0.3637,0.3656,84970469.0,2022-11-16 12:00:00
1668614400000,0.3656,0.3743,0.3614,0.3734,58353386.0,2022-11-16 16:00:00
1668628800000,0.3734,0.3776,0.3691,0.3752,47386828.0,2022-11-16 20:00:00
1668643200000,0.3751,0.38,0.3728,0.3762,50948172.0,2022-11-17 00:00:00
1668657600000,0.3761,0.3873,0.3705,0.3795,88312838.0,2022-11-17 04:00:00
1668672000000,0.3795,0.3811,0.3691,0.3744,70967303.0,2022-11-17 08:00:00
1668686400000,0.3744,0.3804,0.3714,0.375,97626601.0,2022-11-17 12:00:00
1668700800000,0.3749,0.3834,0.3726,0.3809,62100209.0,2022-11-17 16:00:00
1668715200000,0.3809,0.3853,0.3803,0.3819,43817290.0,2022-11-17 20:00:00
1668729600000,0.3819,0.3878,0.3789,0.3801,62426265.0,2022-11-18 00:00:00
1668744000000,0.38,0.3814,0.3775,0.3813,41300904.0,2022-11-18 04:00:00
1668758400000,0.3813,0.3849,0.3793,0.3812,46635997.0,2022-11-18 08:00:00
1668772800000,0.3812,0.384,0.3758,0.3776,61558331.0,2022-11-18 12:00:00
1668787200000,0.3776,0.3831,0.3733,0.3827,49094411.0,2022-11-18 16:00:00
1668801600000,0.3827,0.3838,0.3811,0.3829,31575201.0,2022-11-18 20:00:00
1668816000000,0.3829,0.3832,0.3779,0.3788,26274937.0,2022-11-19 00:00:00
1668830400000,0.3788,0.3801,0.3752,0.3779,32010706.0,2022-11-19 04:00:00
1668844800000,0.3779,0.381,0.3775,0.3804,23450477.0,2022-11-19 08:00:00
1668859200000,0.3804,0.3829,0.3781,0.3814,22369389.0,2022-11-19 12:00:00
1668873600000,0.3813,0.3833,0.3804,0.3816,13571785.0,2022-11-19 16:00:00
1668888000000,0.3817,0.3886,0.3813,0.3841,27636079.0,2022-11-19 20:00:00
1668902400000,0.3842,0.3969,0.3837,0.3908,53994934.0,2022-11-20 00:00:00
1668916800000,0.3908,0.3943,0.3876,0.3887,30571478.0,2022-11-20 04:00:00
1668931200000,0.3887,0.3889,0.3736,0.3752,58386271.0,2022-11-20 08:00:00
1668945600000,0.3751,0.3762,0.3707,0.3753,52232093.0,2022-11-20 12:00:00
1668960000000,0.3753,0.3791,0.3696,0.3775,33965186.0,2022-11-20 16:00:00
1668974400000,0.3776,0.378,0.3585,0.3608,79223880.0,2022-11-20 20:00:00
1668988800000,0.3608,0.3621,0.3457,0.3536,147917118.0,2022-11-21 00:00:00
1669003200000,0.3536,0.3595,0.3484,0.3516,79561426.0,2022-11-21 04:00:00
1669017600000,0.3517,0.3544,0.3485,0.3498,71431469.0,2022-11-21 08:00:00
1669032000000,0.3498,0.3581,0.3472,0.3563,79213591.0,2022-11-21 12:00:00
1669046400000,0.3563,0.3593,0.3494,0.3535,109355311.0,2022-11-21 16:00:00
1669060800000,0.3534,0.369,0.3524,0.3645,104227559.0,2022-11-21 20:00:00
1669075200000,0.3645,0.3674,0.3554,0.359,84249152.0,2022-11-22 00:00:00
1669089600000,0.3589,0.3604,0.3513,0.3569,70162991.0,2022-11-22 04:00:00
1669104000000,0.3568,0.363,0.3541,0.3606,68415942.0,2022-11-22 08:00:00
1669118400000,0.3605,0.3748,0.3595,0.3726,113105884.0,2022-11-22 12:00:00
1669132800000,0.3726,0.3751,0.3699,0.3732,67878827.0,2022-11-22 16:00:00
1669147200000,0.3731,0.3784,0.373,0.3757,60892451.0,2022-11-22 20:00:00
1669161600000,0.3758,0.3782,0.3682,0.3779,79651384.0,2022-11-23 00:00:00
1669176000000,0.3779,0.381,0.374,0.3808,53689145.0,2022-11-23 04:00:00
1669190400000,0.3808,0.3823,0.3746,0.3768,68069942.0,2022-11-23 08:00:00
1669204800000,0.3767,0.3772,0.3709,0.3759,51261747.0,2022-11-23 12:00:00
1669219200000,0.3758,0.3822,0.3719,0.3784,60623138.0,2022-11-23 16:00:00
1669233600000,0.3783,0.3824,0.3777,0.3815,40763446.0,2022-11-23 20:00:00
1669248000000,0.3816,0.3843,0.3781,0.3825,57921664.0,2022-11-24 00:00:00
1669262400000,0.3825,0.3845,0.3797,0.3806,48352755.0,2022-11-24 04:00:00
1669276800000,0.3805,0.3816,0.3742,0.3787,51490421.0,2022-11-24 08:00:00
1669291200000,0.3786,0.3939,0.3779,0.3894,87037244.0,2022-11-24 12:00:00
1669305600000,0.3894,0.4043,0.3867,0.4033,132409070.0,2022-11-24 16:00:00
1669320000000,0.4032,0.405,0.3978,0.4018,76876737.0,2022-11-24 20:00:00
1669334400000,0.4018,0.4019,0.3888,0.3933,64408962.0,2022-11-25 00:00:00
1669348800000,0.3933,0.4184,0.3926,0.4157,120150311.0,2022-11-25 04:00:00
1669363200000,0.4157,0.4194,0.4044,0.4057,99412579.0,2022-11-25 08:00:00
1669377600000,0.4058,0.4097,0.401,0.4036,55206207.0,2022-11-25 12:00:00
1669392000000,0.4036,0.4069,0.3987,0.4048,50182011.0,2022-11-25 16:00:00
1669406400000,0.4048,0.4108,0.404,0.4078,39143187.0,2022-11-25 20:00:00
1669420800000,0.4077,0.4146,0.4033,0.4087,42953141.0,2022-11-26 00:00:00
1669435200000,0.4086,0.4094,0.4046,0.4072,22737037.0,2022-11-26 04:00:00
1669449600000,0.4071,0.4091,0.405,0.4066,21790796.0,2022-11-26 08:00:00
1669464000000,0.4067,0.4093,0.3989,0.4022,36303586.0,2022-11-26 12:00:00
1669478400000,0.4021,0.4035,0.3951,0.3979,31874645.0,2022-11-26 16:00:00
1669492800000,0.3978,0.4006,0.3927,0.396,28922186.0,2022-11-26 20:00:00
1669507200000,0.396,0.4009,0.3952,0.3999,20388415.0,2022-11-27 00:00:00
1669521600000,0.4,0.4032,0.3995,0.4007,21214232.0,2022-11-27 04:00:00
1669536000000,0.4006,0.4089,0.398,0.4068,50330954.0,2022-11-27 08:00:00
1669550400000,0.4067,0.4096,0.4024,0.4037,40678673.0,2022-11-27 12:00:00
1669564800000,0.4037,0.4045,0.3985,0.4025,31346445.0,2022-11-27 16:00:00
1669579200000,0.4025,0.4044,0.3942,0.3962,35473463.0,2022-11-27 20:00:00
1669593600000,0.3961,0.3991,0.373,0.3809,126682716.0,2022-11-28 00:00:00
1669608000000,0.3808,0.3843,0.3792,0.3828,54262590.0,2022-11-28 04:00:00
1669622400000,0.3827,0.3847,0.3777,0.3778,53688985.0,2022-11-28 08:00:00
1669636800000,0.3778,0.3827,0.3772,0.3795,65564172.0,2022-11-28 12:00:00
1669651200000,0.3796,0.3882,0.3733,0.3845,86907043.0,2022-11-28 16:00:00
1669665600000,0.3845,0.391,0.3832,0.3888,47824791.0,2022-11-28 20:00:00
1669680000000,0.3888,0.3896,0.3829,0.3841,75616712.0,2022-11-29 00:00:00
1669694400000,0.3841,0.3949,0.3839,0.3927,64832918.0,2022-11-29 04:00:00
1669708800000,0.3927,0.3938,0.3901,0.3927,49896371.0,2022-11-29 08:00:00
1669723200000,0.3927,0.3946,0.3895,0.3914,48782619.0,2022-11-29 12:00:00
1669737600000,0.3914,0.3977,0.3863,0.3957,55095139.0,2022-11-29 16:00:00
1669752000000,0.3957,0.4039,0.3944,0.3981,61414318.0,2022-11-29 20:00:00
1669766400000,0.3981,0.4089,0.3964,0.4007,82704349.0,2022-11-30 00:00:00
1669780800000,0.4006,0.4042,0.4002,0.4039,39274722.0,2022-11-30 04:00:00
1669795200000,0.4038,0.4043,0.3987,0.4005,47942291.0,2022-11-30 08:00:00
1669809600000,0.4005,0.4029,0.3982,0.4016,39375035.0,2022-11-30 12:00:00
1669824000000,0.4016,0.4117,0.3926,0.4075,76529401.0,2022-11-30 16:00:00
1669838400000,0.4075,0.4115,0.4061,0.4078,43931426.0,2022-11-30 20:00:00
1669852800000,0.4078,0.4093,0.3996,0.4026,49787525.0,2022-12-01 00:00:00
1669867200000,0.4026,0.4029,0.3983,0.3992,40345669.0,2022-12-01 04:00:00
1669881600000,0.3992,0.4015,0.3976,0.4005,35066379.0,2022-12-01 08:00:00
1669896000000,0.4005,0.4029,0.3944,0.3976,65048624.0,2022-12-01 12:00:00
1669910400000,0.3976,0.3977,0.3944,0.3974,30815413.0,2022-12-01 16:00:00
1669924800000,0.3973,0.3983,0.3947,0.3969,30139893.0,2022-12-01 20:00:00
1669939200000,0.3968,0.3975,0.3842,0.3871,66492225.0,2022-12-02 00:00:00
1669953600000,0.3871,0.3913,0.3838,0.3908,44827688.0,2022-12-02 04:00:00
1669968000000,0.3907,0.3917,0.3886,0.3905,35074517.0,2022-12-02 08:00:00
1669982400000,0.3904,0.3913,0.3854,0.3889,48840059.0,2022-12-02 12:00:00
1669996800000,0.3889,0.3912,0.3872,0.3907,27775815.0,2022-12-02 16:00:00
1670011200000,0.3907,0.3968,0.39,0.3961,34866774.0,2022-12-02 20:00:00
1670025600000,0.3961,0.3968,0.3911,0.3919,24561955.0,2022-12-03 00:00:00
1670040000000,0.392,0.3934,0.3879,0.389,29630974.0,2022-12-03 04:00:00
1670054400000,0.389,0.3951,0.3873,0.3943,23411999.0,2022-12-03 08:00:00
1670068800000,0.3944,0.3973,0.3924,0.3949,35168584.0,2022-12-03 12:00:00
1670083200000,0.3949,0.3964,0.3917,0.3934,15389118.0,2022-12-03 16:00:00
1670097600000,0.3933,0.3942,0.3853,0.3873,24756608.0,2022-12-03 20:00:00
1670112000000,0.3873,0.3921,0.387,0.39,17017397.0,2022-12-04 00:00:00
1670126400000,0.3899,0.3915,0.3895,0.39,13916944.0,2022-12-04 04:00:00
1670140800000,0.39,0.3909,0.3879,0.3895,27946177.0,2022-12-04 08:00:00
1670155200000,0.3894,0.3899,0.386,0.389,21469286.0,2022-12-04 12:00:00
1670169600000,0.3891,0.3927,0.3884,0.3912,27447657.0,2022-12-04 16:00:00
1670184000000,0.3911,0.3932,0.387,0.3895,26637038.0,2022-12-04 20:00:00
1670198400000,0.3895,0.394,0.3887,0.3926,55995502.0,2022-12-05 00:00:00
1670212800000,0.3926,0.3954,0.3907,0.3933,54489409.0,2022-12-05 04:00:00
1670227200000,0.3933,0.394,0.3899,0.3929,57068368.0,2022-12-05 08:00:00
1670241600000,0.3929,0.3942,0.3886,0.3913,45030599.0,2022-12-05 12:00:00
1670256000000,0.3914,0.3933,0.38,0.3846,75628115.0,2022-12-05 16:00:00
1670270400000,0.3846,0.3906,0.3839,0.3893,49993078.0,2022-12-05 20:00:00
1670284800000,0.3893,0.3908,0.3826,0.3829,55397074.0,2022-12-06 00:00:00
1670299200000,0.3828,0.3852,0.3808,0.3821,56061188.0,2022-12-06 04:00:00
1670313600000,0.3821,0.3852,0.3808,0.3847,52782504.0,2022-12-06 08:00:00
1670328000000,0.3846,0.3904,0.3846,0.3884,61952952.0,2022-12-06 12:00:00
1670342400000,0.3883,0.3898,0.3859,0.3897,41715501.0,2022-12-06 16:00:00
1670356800000,0.3896,0.3925,0.3883,0.3914,34282420.0,2022-12-06 20:00:00
1670371200000,0.3914,0.3925,0.3847,0.3856,49343577.0,2022-12-07 00:00:00
1670385600000,0.3855,0.3887,0.3733,0.3775,80760622.0,2022-12-07 04:00:00
1670400000000,0.3775,0.382,0.3765,0.3782,68096197.0,2022-12-07 08:00:00
1670414400000,0.3782,0.384,0.3781,0.383,46059110.0,2022-12-07 12:00:00
1670428800000,0.3829,0.384,0.3814,0.382,30620772.0,2022-12-07 16:00:00
1670443200000,0.3821,0.3839,0.3793,0.3835,32853047.0,2022-12-07 20:00:00
1670457600000,0.3834,0.3912,0.3831,0.3862,49099974.0,2022-12-08 00:00:00
1670472000000,0.3862,0.3894,0.3843,0.3876,43358989.0,2022-12-08 04:00:00
1670486400000,0.3875,0.3878,0.3826,0.3859,46066254.0,2022-12-08 08:00:00
1670500800000,0.3859,0.3897,0.3845,0.3888,38626036.0,2022-12-08 12:00:00
1670515200000,0.3888,0.3933,0.3875,0.3925,60550252.0,2022-12-08 16:00:00
1670529600000,0.3924,0.3962,0.3904,0.3941,38553602.0,2022-12-08 20:00:00
1670544000000,0.3942,0.3952,0.3896,0.3912,39489800.0,2022-12-09 00:00:00
1670558400000,0.3912,0.3946,0.39,0.3918,54387563.0,2022-12-09 04:00:00
1670572800000,0.3917,0.393,0.3895,0.3901,62005702.0,2022-12-09 08:00:00
1670587200000,0.3901,0.3917,0.3843,0.387,54040750.0,2022-12-09 12:00:00
1670601600000,0.387,0.3882,0.3856,0.387,26499889.0,2022-12-09 16:00:00
1670616000000,0.3869,0.3899,0.3859,0.3889,23111401.0,2022-12-09 20:00:00
1670630400000,0.3889,0.3892,0.3872,0.388,20625717.0,2022-12-10 00:00:00
1670644800000,0.3879,0.3886,0.3869,0.388,11803962.0,2022-12-10 04:00:00
1670659200000,0.3879,0.3881,0.386,0.3879,28804336.0,2022-12-10 08:00:00
1670673600000,0.3878,0.3892,0.387,0.3892,12833704.0,2022-12-10 12:00:00
1670688000000,0.3892,0.3893,0.3866,0.3873,11523220.0,2022-12-10 16:00:00
1670702400000,0.3873,0.3879,0.3854,0.3865,13842271.0,2022-12-10 20:00:00
1670716800000,0.3865,0.3886,0.3863,0.3873,11146674.0,2022-12-11 00:00:00
1670731200000,0.3873,0.3878,0.3861,0.3869,10843533.0,2022-12-11 04:00:00
1670745600000,0.3868,0.3872,0.3854,0.3862,12137833.0,2022-12-11 08:00:00
1670760000000,0.3862,0.3872,0.3846,0.386,12325835.0,2022-12-11 12:00:00
1670774400000,0.386,0.3876,0.3855,0.3866,9885405.0,2022-12-11 16:00:00
1670788800000,0.3866,0.3866,0.3778,0.3809,40034848.0,2022-12-11 20:00:00
1670803200000,0.3808,0.3829,0.3707,0.374,69418291.0,2022-12-12 00:00:00
1670817600000,0.374,0.3781,0.3736,0.3754,58145807.0,2022-12-12 04:00:00
1670832000000,0.3753,0.3778,0.3722,0.3737,63186638.0,2022-12-12 08:00:00
1670846400000,0.3737,0.3759,0.3727,0.3756,53568172.0,2022-12-12 12:00:00
1670860800000,0.3755,0.3812,0.3754,0.3798,48620019.0,2022-12-12 16:00:00
1670875200000,0.3797,0.3898,0.3796,0.3874,55089529.0,2022-12-12 20:00:00
1670889600000,0.3875,0.3879,0.3795,0.3799,59213273.0,2022-12-13 00:00:00
1670904000000,0.3798,0.3851,0.3786,0.3829,79008875.0,2022-12-13 04:00:00
1670918400000,0.3829,0.3869,0.3802,0.386,71428299.0,2022-12-13 08:00:00
1670932800000,0.386,0.397,0.3857,0.3904,123290295.0,2022-12-13 12:00:00
1670947200000,0.3904,0.3946,0.3884,0.3922,58314623.0,2022-12-13 16:00:00
1670961600000,0.3922,0.3965,0.391,0.3952,48862705.0,2022-12-13 20:00:00
1670976000000,0.3953,0.3956,0.3898,0.3908,55666137.0,2022-12-14 00:00:00
1670990400000,0.3908,0.3918,0.3888,0.3899,45409313.0,2022-12-14 04:00:00
1671004800000,0.3898,0.3918,0.388,0.39,40184536.0,2022-12-14 08:00:00
1671019200000,0.39,0.3941,0.3895,0.3931,48002484.0,2022-12-14 12:00:00
1671033600000,0.3931,0.395,0.3768,0.382,97399753.0,2022-12-14 16:00:00
1671048000000,0.3819,0.3869,0.3802,0.3853,42944963.0,2022-12-14 20:00:00
1671062400000,0.3852,0.3867,0.3769,0.3814,52605933.0,2022-12-15 00:00:00
1671076800000,0.3813,0.3822,0.3802,0.3806,25810323.0,2022-12-15 04:00:00
1671091200000,0.3806,0.3815,0.3779,0.3804,32242240.0,2022-12-15 08:00:00
1671105600000,0.3804,0.3833,0.379,0.3816,42358280.0,2022-12-15 12:00:00
1671120000000,0.3817,0.3825,0.3735,0.3779,44448902.0,2022-12-15 16:00:00
1671134400000,0.3778,0.3792,0.3762,0.378,29074488.0,2022-12-15 20:00:00
1671148800000,0.3779,0.379,0.3762,0.3775,32781396.0,2022-12-16 00:00:00
1671163200000,0.3775,0.3799,0.3762,0.3796,27829307.0,2022-12-16 04:00:00
1671177600000,0.3797,0.3797,0.3569,0.3651,105270400.0,2022-12-16 08:00:00
1671192000000,0.3651,0.3654,0.3609,0.3623,48045364.0,2022-12-16 12:00:00
1671206400000,0.3622,0.3632,0.3566,0.3629,64423385.0,2022-12-16 16:00:00
1671220800000,0.3629,0.3657,0.344,0.3511,98078720.0,2022-12-16 20:00:00
1671235200000,0.351,0.3565,0.3495,0.3531,57702370.0,2022-12-17 00:00:00
1671249600000,0.3531,0.3598,0.3516,0.3559,46715828.0,2022-12-17 04:00:00
1671264000000,0.3559,0.3568,0.3517,0.3526,30409429.0,2022-12-17 08:00:00
1671278400000,0.3526,0.3538,0.3511,0.3526,22544552.0,2022-12-17 12:00:00
1671292800000,0.3525,0.3526,0.3467,0.3501,21868352.0,2022-12-17 16:00:00
1671307200000,0.3501,0.3554,0.3488,0.3545,29251891.0,2022-12-17 20:00:00
1671321600000,0.3545,0.3553,0.3514,0.3536,15594524.0,2022-12-18 00:00:00
1671336000000,0.3536,0.3556,0.3526,0.3532,18250072.0,2022-12-18 04:00:00
1671350400000,0.3532,0.3537,0.3487,0.3523,23360625.0,2022-12-18 08:00:00
1671364800000,0.3523,0.3527,0.3494,0.3496,20105272.0,2022-12-18 12:00:00
1671379200000,0.3497,0.3516,0.3473,0.3503,20999281.0,2022-12-18 16:00:00
1671393600000,0.3503,0.3526,0.349,0.3499,17112019.0,2022-12-18 20:00:00
1671408000000,0.3499,0.353,0.3376,0.3415,76315203.0,2022-12-19 00:00:00
1671422400000,0.3415,0.3443,0.3385,0.344,50900860.0,2022-12-19 04:00:00
1671436800000,0.344,0.346,0.3403,0.3423,59437674.0,2022-12-19 08:00:00
1671451200000,0.3424,0.3436,0.3383,0.3412,52657917.0,2022-12-19 12:00:00
1671465600000,0.3413,0.3419,0.332,0.3375,76265124.0,2022-12-19 16:00:00
1671480000000,0.3375,0.3415,0.3347,0.3389,50123084.0,2022-12-19 20:00:00
1671494400000,0.3389,0.3432,0.3359,0.3391,77879423.0,2022-12-20 00:00:00
1671508800000,0.339,0.3455,0.3384,0.3421,53505836.0,2022-12-20 04:00:00
1671523200000,0.3421,0.3471,0.3406,0.3437,50072550.0,2022-12-20 08:00:00
1671537600000,0.3437,0.3493,0.3425,0.3469,50708975.0,2022-12-20 12:00:00
1671552000000,0.3469,0.3496,0.345,0.3494,31285333.0,2022-12-20 16:00:00
1671566400000,0.3493,0.3532,0.3481,0.3482,48972665.0,2022-12-20 20:00:00
1671580800000,0.3482,0.3505,0.3371,0.3388,80137401.0,2022-12-21 00:00:00
1671595200000,0.3388,0.3432,0.3385,0.3407,60056384.0,2022-12-21 04:00:00
1671609600000,0.3406,0.3448,0.339,0.3437,40287552.0,2022-12-21 08:00:00
1671624000000,0.3437,0.3444,0.3411,0.3437,43671079.0,2022-12-21 12:00:00
1671638400000,0.3437,0.3441,0.3412,0.3433,29577776.0,2022-12-21 16:00:00
1671652800000,0.3433,0.3473,0.3423,0.3449,33695759.0,2022-12-21 20:00:00
1671667200000,0.3448,0.3472,0.3417,0.3432,43957698.0,2022-12-22 00:00:00
1671681600000,0.3432,0.3455,0.3418,0.3446,40681292.0,2022-12-22 04:00:00
1671696000000,0.3446,0.3481,0.3433,0.3464,43595366.0,2022-12-22 08:00:00
1671710400000,0.3464,0.347,0.3414,0.3429,48911725.0,2022-12-22 12:00:00
1671724800000,0.3429,0.3446,0.3417,0.3446,36248321.0,2022-12-22 16:00:00
1671739200000,0.3445,0.3503,0.3444,0.3492,41760911.0,2022-12-22 20:00:00
1671753600000,0.3492,0.3503,0.3471,0.3497,41492486.0,2022-12-23 00:00:00
1671768000000,0.3497,0.3519,0.3484,0.3492,36468238.0,2022-12-23 04:00:00
1671782400000,0.3491,0.3521,0.3475,0.3511,39583371.0,2022-12-23 08:00:00
1671796800000,0.351,0.3545,0.349,0.3501,46915004.0,2022-12-23 12:00:00
1671811200000,0.35,0.353,0.3497,0.3527,26557649.0,2022-12-23 16:00:00
1671825600000,0.3527,0.355,0.3506,0.3543,30865794.0,2022-12-23 20:00:00
1671840000000,0.3542,0.3544,0.3521,0.3528,13180871.0,2022-12-24 00:00:00
1671854400000,0.3528,0.3538,0.3513,0.3516,13520606.0,2022-12-24 04:00:00
1671868800000,0.3516,0.3522,0.3509,0.3522,10053994.0,2022-12-24 08:00:00
1671883200000,0.3522,0.3527,0.3513,0.3514,10573062.0,2022-12-24 12:00:00
1671897600000,0.3515,0.3527,0.3513,0.3522,7752759.0,2022-12-24 16:00:00
1671912000000,0.3523,0.3528,0.3512,0.3517,7776620.0,2022-12-24 20:00:00
1671926400000,0.3518,0.3519,0.3481,0.3495,17665076.0,2022-12-25 00:00:00
1671940800000,0.3494,0.3497,0.3483,0.3486,13499797.0,2022-12-25 04:00:00
1671955200000,0.3487,0.3492,0.347,0.3472,11781758.0,2022-12-25 08:00:00
1671969600000,0.3471,0.348,0.3439,0.3462,24687479.0,2022-12-25 12:00:00
1671984000000,0.3461,0.347,0.3442,0.3454,14142779.0,2022-12-25 16:00:00
1671998400000,0.3454,0.347,0.3442,0.3457,18567706.0,2022-12-25 20:00:00
1672012800000,0.3457,0.3499,0.3455,0.3497,34586253.0,2022-12-26 00:00:00
1672027200000,0.3497,0.3516,0.349,0.3512,34713167.0,2022-12-26 04:00:00
1672041600000,0.3512,0.3518,0.3496,0.3509,36794433.0,2022-12-26 08:00:00
1672056000000,0.3509,0.3568,0.3509,0.3564,52288140.0,2022-12-26 12:00:00
1672070400000,0.3563,0.37,0.356,0.3664,112386788.0,2022-12-26 16:00:00
1672084800000,0.3663,0.3697,0.3646,0.3658,67066100.0,2022-12-26 20:00:00
1672099200000,0.3657,0.3676,0.3586,0.3591,64253821.0,2022-12-27 00:00:00
1672113600000,0.359,0.3705,0.3588,0.368,67717077.0,2022-12-27 04:00:00
1672128000000,0.368,0.3731,0.3664,0.3685,79767953.0,2022-12-27 08:00:00
1672142400000,0.3684,0.3713,0.3639,0.3693,70864214.0,2022-12-27 12:00:00
1672156800000,0.3692,0.3705,0.3656,0.3697,51443474.0,2022-12-27 16:00:00
1672171200000,0.3697,0.3722,0.3672,0.3675,51148231.0,2022-12-27 20:00:00
1672185600000,0.3675,0.3687,0.3584,0.3597,90532283.0,2022-12-28 00:00:00
1672200000000,0.3596,0.3637,0.3546,0.3587,69500382.0,2022-12-28 04:00:00
1672214400000,0.3586,0.3595,0.3561,0.3585,41042262.0,2022-12-28 08:00:00
1672228800000,0.3585,0.362,0.3569,0.3572,50742406.0,2022-12-28 12:00:00
1672243200000,0.3571,0.3598,0.3553,0.3584,41081331.0,2022-12-28 16:00:00
1672257600000,0.3583,0.3599,0.3555,0.3558,44197083.0,2022-12-28 20:00:00
1672272000000,0.3559,0.3577,0.3423,0.3459,97585716.0,2022-12-29 00:00:00
1672286400000,0.3459,0.3485,0.3433,0.3467,48538206.0,2022-12-29 04:00:00
1672300800000,0.3467,0.3476,0.3429,0.3435,49832553.0,2022-12-29 08:00:00
1672315200000,0.3434,0.3472,0.3428,0.3457,40655002.0,2022-12-29 12:00:00
1672329600000,0.3457,0.3468,0.3431,0.3442,32021104.0,2022-12-29 16:00:00
1672344000000,0.3442,0.3446,0.3361,0.3421,79187444.0,2022-12-29 20:00:00
1672358400000,0.3421,0.3449,0.3337,0.3383,73004328.0,2022-12-30 00:00:00
1672372800000,0.3383,0.34,0.3337,0.3369,50034344.0,2022-12-30 04:00:00
1672387200000,0.3368,0.3392,0.3363,0.3382,35887068.0,2022-12-30 08:00:00
1672401600000,0.3382,0.3406,0.3363,0.3398,44409050.0,2022-12-30 12:00:00
1672416000000,0.3397,0.3442,0.3387,0.344,32061558.0,2022-12-30 16:00:00
1672430400000,0.3439,0.3461,0.3424,0.3451,34641270.0,2022-12-30 20:00:00
1672444800000,0.345,0.3452,0.34,0.3404,25249795.0,2022-12-31 00:00:00
1672459200000,0.3404,0.3427,0.3401,0.3426,12509074.0,2022-12-31 04:00:00
1672473600000,0.3426,0.3444,0.3417,0.3437,23703425.0,2022-12-31 08:00:00
1672488000000,0.3437,0.3453,0.3428,0.3439,20075825.0,2022-12-31 12:00:00
1672502400000,0.344,0.344,0.3407,0.3427,14323893.0,2022-12-31 16:00:00
1672516800000,0.3427,0.3437,0.3384,0.3389,42294686.0,2022-12-31 20:00:00
1672531200000,0.3389,0.339,0.3369,0.3381,27130528.0,2023-01-01 00:00:00
1672545600000,0.3381,0.3384,0.3354,0.3368,17896917.0,2023-01-01 04:00:00
1672560000000,0.3367,0.3386,0.3364,0.3385,13008648.0,2023-01-01 08:00:00
1672574400000,0.3384,0.3388,0.3363,0.3369,16099476.0,2023-01-01 12:00:00
1672588800000,0.3368,0.34,0.3368,0.339,14217506.0,2023-01-01 16:00:00
1672603200000,0.339,0.3394,0.3377,0.3387,13673746.0,2023-01-01 20:00:00
1672617600000,0.3386,0.3395,0.3,0.3287,244189371.0,2023-01-02 00:00:00
1672632000000,0.3286,0.3394,0.3264,0.3378,89630194.0,2023-01-02 04:00:00
1672646400000,0.3378,0.3479,0.3377,0.3445,100294349.0,2023-01-02 08:00:00
1672660800000,0.3445,0.3531,0.3422,0.3512,83203461.0,2023-01-02 12:00:00
1672675200000,0.3512,0.3555,0.3496,0.3517,74186381.0,2023-01-02 16:00:00
1672689600000,0.3517,0.3549,0.3474,0.3482,56016731.0,2023-01-02 20:00:00
1672704000000,0.3482,0.3482,0.3417,0.343,70429901.0,2023-01-03 00:00:00
1672718400000,0.3429,0.352,0.3421,0.3491,58824672.0,2023-01-03 04:00:00
1672732800000,0.349,0.3496,0.3437,0.3441,61962623.0,2023-01-03 08:00:00
1672747200000,0.3441,0.3473,0.3395,0.3434,72498654.0,2023-01-03 12:00:00
1672761600000,0.3434,0.3456,0.3412,0.3456,43918051.0,2023-01-03 16:00:00
1672776000000,0.3455,0.3468,0.3432,0.3436,38776433.0,2023-01-03 20:00:00
1672790400000,0.3436,0.3525,0.3421,0.3486,70788622.0,2023-01-04 00:00:00
1672804800000,0.3486,0.3505,0.347,0.3498,64742901.0,2023-01-04 04:00:00
1672819200000,0.3498,0.351,0.3475,0.3491,45882791.0,2023-01-04 08:00:00
1672833600000,0.349,0.3493,0.3434,0.3476,61098456.0,2023-01-04 12:00:00
1672848000000,0.3475,0.3605,0.339,0.3468,86677058.0,2023-01-04 16:00:00
1672862400000,0.3468,0.3481,0.344,0.3472,43482968.0,2023-01-04 20:00:00
1672876800000,0.3471,0.3487,0.344,0.3457,31314710.0,2023-01-05 00:00:00
1672891200000,0.3456,0.3482,0.3434,0.345,32096503.0,2023-01-05 04:00:00
1672905600000,0.345,0.3455,0.337,0.3418,68953231.0,2023-01-05 08:00:00
1672920000000,0.3418,0.3424,0.3383,0.3397,53662911.0,2023-01-05 12:00:00
1672934400000,0.3397,0.3416,0.3377,0.3412,36135204.0,2023-01-05 16:00:00
1672948800000,0.3411,0.342,0.3333,0.338,43367109.0,2023-01-05 20:00:00
1672963200000,0.338,0.3407,0.3357,0.3394,39421569.0,2023-01-06 00:00:00
1672977600000,0.3393,0.3394,0.3311,0.3351,65672626.0,2023-01-06 04:00:00
1672992000000,0.335,0.3369,0.334,0.3346,34800711.0,2023-01-06 08:00:00
1673006400000,0.3345,0.3381,0.3331,0.3379,60596130.0,2023-01-06 12:00:00
1673020800000,0.3379,0.3426,0.336,0.342,42656751.0,2023-01-06 16:00:00
1673035200000,0.342,0.3462,0.3405,0.3443,35157142.0,2023-01-06 20:00:00
1673049600000,0.3442,0.3455,0.3424,0.3425,22035019.0,2023-01-07 00:00:00
1673064000000,0.3425,0.3436,0.3413,0.3426,15796344.0,2023-01-07 04:00:00
1673078400000,0.3427,0.3433,0.3419,0.3427,10731828.0,2023-01-07 08:00:00
1673092800000,0.3426,0.3456,0.342,0.3448,25061855.0,2023-01-07 12:00:00
1673107200000,0.3448,0.3457,0.3426,0.3448,20534870.0,2023-01-07 16:00:00
1673121600000,0.3448,0.3451,0.3429,0.3442,9691508.0,2023-01-07 20:00:00
1673136000000,0.3442,0.345,0.3354,0.3413,51281440.0,2023-01-08 00:00:00
1673150400000,0.3413,0.3415,0.3395,0.34,12816269.0,2023-01-08 04:00:00
1673164800000,0.34,0.342,0.3381,0.3387,32794221.0,2023-01-08 08:00:00
1673179200000,0.3387,0.3434,0.3387,0.343,23039963.0,2023-01-08 12:00:00
1673193600000,0.3431,0.3438,0.3388,0.3403,22078134.0,2023-01-08 16:00:00
1673208000000,0.3402,0.3469,0.34,0.3452,43506297.0,2023-01-08 20:00:00
1673222400000,0.3452,0.3534,0.3437,0.3516,110694883.0,2023-01-09 00:00:00
1673236800000,0.3515,0.3545,0.3468,0.3489,69970180.0,2023-01-09 04:00:00
1673251200000,0.3489,0.3525,0.3479,0.3504,86057070.0,2023-01-09 08:00:00
1673265600000,0.3503,0.357,0.3444,0.3553,104036962.0,2023-01-09 12:00:00
1673280000000,0.3552,0.3576,0.3511,0.3555,77157197.0,2023-01-09 16:00:00
1673294400000,0.3554,0.3567,0.3464,0.349,79830323.0,2023-01-09 20:00:00
1673308800000,0.3489,0.3524,0.3432,0.3489,61497496.0,2023-01-10 00:00:00
1673323200000,0.3488,0.3496,0.3464,0.3472,63330882.0,2023-01-10 04:00:00
1673337600000,0.3472,0.3507,0.3469,0.3491,57033047.0,2023-01-10 08:00:00
1673352000000,0.349,0.3507,0.3465,0.3502,62944295.0,2023-01-10 12:00:00
1673366400000,0.3502,0.3537,0.3479,0.3534,46748545.0,2023-01-10 16:00:00
1673380800000,0.3534,0.3541,0.3504,0.3507,47023595.0,2023-01-10 20:00:00
1673395200000,0.3506,0.3517,0.3477,0.3494,54041878.0,2023-01-11 00:00:00
1673409600000,0.3494,0.368,0.3491,0.3622,158949143.0,2023-01-11 04:00:00
1673424000000,0.3622,0.3662,0.3596,0.3619,82237594.0,2023-01-11 08:00:00
1673438400000,0.3618,0.375,0.3609,0.3695,142274583.0,2023-01-11 12:00:00
1673452800000,0.3695,0.3785,0.3673,0.3719,111576017.0,2023-01-11 16:00:00
1673467200000,0.3719,0.3752,0.3684,0.3728,76958246.0,2023-01-11 20:00:00
1673481600000,0.3728,0.382,0.3705,0.3766,106177645.0,2023-01-12 00:00:00
1673496000000,0.3766,0.3788,0.3711,0.3734,56724572.0,2023-01-12 04:00:00
1673510400000,0.3735,0.3746,0.3682,0.369,62943208.0,2023-01-12 08:00:00
1673524800000,0.3689,0.3747,0.3607,0.3673,131974470.0,2023-01-12 12:00:00
1673539200000,0.3673,0.3784,0.3663,0.3751,93737022.0,2023-01-12 16:00:00
1673553600000,0.3751,0.3776,0.3739,0.3748,54197314.0,2023-01-12 20:00:00
1673568000000,0.3748,0.3789,0.3703,0.3788,59169052.0,2023-01-13 00:00:00
1673582400000,0.3787,0.38,0.375,0.3765,63724213.0,2023-01-13 04:00:00
1673596800000,0.3766,0.3781,0.3735,0.3746,57541333.0,2023-01-13 08:00:00
1673611200000,0.3746,0.375,0.368,0.374,70661976.0,2023-01-13 12:00:00
1673625600000,0.374,0.377,0.37,0.3765,58950229.0,2023-01-13 16:00:00
1673640000000,0.3764,0.3868,0.3756,0.3858,95074111.0,2023-01-13 20:00:00
1673654400000,0.3857,0.4063,0.385,0.4012,193490736.0,2023-01-14 00:00:00
1673668800000,0.4011,0.4079,0.3982,0.404,81806885.0,2023-01-14 04:00:00
1673683200000,0.404,0.4089,0.3766,0.3925,161138798.0,2023-01-14 08:00:00
1673697600000,0.3925,0.3974,0.3866,0.3939,84939235.0,2023-01-14 12:00:00
1673712000000,0.394,0.3956,0.3898,0.3923,37610991.0,2023-01-14 16:00:00
1673726400000,0.3922,0.3969,0.391,0.3953,23794425.0,2023-01-14 20:00:00
1673740800000,0.3953,0.3969,0.3842,0.3904,79199475.0,2023-01-15 00:00:00
1673755200000,0.3904,0.3906,0.3853,0.388,28131612.0,2023-01-15 04:00:00
1673769600000,0.388,0.388,0.38,0.384,47031555.0,2023-01-15 08:00:00
1673784000000,0.384,0.3892,0.3795,0.3885,59689582.0,2023-01-15 12:00:00
1673798400000,0.3885,0.39,0.3829,0.3856,46126501.0,2023-01-15 16:00:00
1673812800000,0.3855,0.3872,0.3824,0.3845,33835535.0,2023-01-15 20:00:00
1673827200000,0.3846,0.4055,0.3841,0.4054,120205665.0,2023-01-16 00:00:00
1673841600000,0.4053,0.4064,0.3923,0.393,100241824.0,2023-01-16 04:00:00
1673856000000,0.393,0.3931,0.3777,0.3847,110078936.0,2023-01-16 08:00:00
1673870400000,0.3847,0.387,0.378,0.3858,74523410.0,2023-01-16 12:00:00
1673884800000,0.3857,0.3929,0.3848,0.3927,68940281.0,2023-01-16 16:00:00
1673899200000,0.3926,0.3942,0.3843,0.3855,68050983.0,2023-01-16 20:00:00
1673913600000,0.3855,0.3888,0.379,0.3835,76321658.0,2023-01-17 00:00:00
1673928000000,0.3835,0.39,0.383,0.3899,43998482.0,2023-01-17 04:00:00
1673942400000,0.3898,0.3917,0.3849,0.3881,58553695.0,2023-01-17 08:00:00
1673956800000,0.388,0.3923,0.384,0.3871,80820395.0,2023-01-17 12:00:00
1673971200000,0.3871,0.3954,0.3849,0.3929,52184866.0,2023-01-17 16:00:00
1673985600000,0.3928,0.3987,0.3865,0.3868,66333247.0,2023-01-17 20:00:00
1674000000000,0.3868,0.3926,0.3852,0.3874,85006484.0,2023-01-18 00:00:00
1674014400000,0.3873,0.3894,0.3861,0.3891,63873953.0,2023-01-18 04:00:00
1674028800000,0.389,0.3918,0.3844,0.389,55795766.0,2023-01-18 08:00:00
1674043200000,0.389,0.3964,0.373,0.3819,120383314.0,2023-01-18 12:00:00
1674057600000,0.3819,0.3915,0.3655,0.3898,204948475.0,2023-01-18 16:00:00
1674072000000,0.3898,0.3903,0.3768,0.3782,85056772.0,2023-01-18 20:00:00
1674086400000,0.3782,0.3814,0.3762,0.3787,64439896.0,2023-01-19 00:00:00
1674100800000,0.3787,0.385,0.3786,0.3841,43410146.0,2023-01-19 04:00:00
1674115200000,0.3841,0.3896,0.3824,0.3847,65138639.0,2023-01-19 08:00:00
1674129600000,0.3847,0.3938,0.382,0.3909,120268930.0,2023-01-19 12:00:00
1674144000000,0.3908,0.3965,0.3888,0.3937,77755398.0,2023-01-19 16:00:00
1674158400000,0.3937,0.3959,0.3911,0.3928,45099661.0,2023-01-19 20:00:00
1674172800000,0.3929,0.3936,0.3892,0.3904,42659895.0,2023-01-20 00:00:00
1674187200000,0.3904,0.392,0.3859,0.3883,40509025.0,2023-01-20 04:00:00
1674201600000,0.3883,0.3935,0.3877,0.3912,42900245.0,2023-01-20 08:00:00
1674216000000,0.3912,0.3943,0.3896,0.3928,53742471.0,2023-01-20 12:00:00
1674230400000,0.3928,0.403,0.3927,0.4024,69772935.0,2023-01-20 16:00:00
1674244800000,0.4024,0.4141,0.4019,0.4129,116731956.0,2023-01-20 20:00:00
1674259200000,0.4129,0.4143,0.4056,0.4103,67238015.0,2023-01-21 00:00:00
1674273600000,0.4103,0.4115,0.4078,0.4103,32647859.0,2023-01-21 04:00:00
1674288000000,0.4103,0.4166,0.3967,0.4086,118082339.0,2023-01-21 08:00:00
1674302400000,0.4086,0.4133,0.4059,0.4084,55231316.0,2023-01-21 12:00:00
1674316800000,0.4083,0.4146,0.4079,0.4136,40828342.0,2023-01-21 16:00:00
1674331200000,0.4136,0.4142,0.4016,0.4034,32574712.0,2023-01-21 20:00:00
1674345600000,0.4034,0.4064,0.3994,0.4046,38758796.0,2023-01-22 00:00:00
1674360000000,0.4046,0.4083,0.404,0.4046,21900222.0,2023-01-22 04:00:00
1674374400000,0.4046,0.4059,0.4029,0.4042,23691150.0,2023-01-22 08:00:00
1674388800000,0.4042,0.4099,0.4015,0.4056,46600828.0,2023-01-22 12:00:00
1674403200000,0.4056,0.4122,0.403,0.405,51920921.0,2023-01-22 16:00:00
1674417600000,0.405,0.405,0.3962,0.4004,67195626.0,2023-01-22 20:00:00
1674432000000,0.4004,0.4124,0.3995,0.4051,84967023.0,2023-01-23 00:00:00
1674446400000,0.4051,0.4143,0.4038,0.4136,66050112.0,2023-01-23 04:00:00
1674460800000,0.4135,0.4328,0.4131,0.4233,206578458.0,2023-01-23 08:00:00
1674475200000,0.4233,0.4298,0.4126,0.4216,159803506.0,2023-01-23 12:00:00
1674489600000,0.4216,0.4307,0.4188,0.4268,106086904.0,2023-01-23 16:00:00
1674504000000,0.4268,0.433,0.4225,0.4234,100408770.0,2023-01-23 20:00:00
1674518400000,0.4233,0.4255,0.4195,0.4246,71588535.0,2023-01-24 00:00:00
1674532800000,0.4246,0.425,0.4184,0.424,54760427.0,2023-01-24 04:00:00
1674547200000,0.4239,0.4312,0.42,0.4218,69396681.0,2023-01-24 08:00:00
1674561600000,0.4218,0.4243,0.4165,0.4211,68642326.0,2023-01-24 12:00:00
1674576000000,0.4211,0.4242,0.4152,0.4242,46033289.0,2023-01-24 16:00:00
1674590400000,0.4242,0.4247,0.4025,0.4078,100876640.0,2023-01-24 20:00:00
1674604800000,0.4079,0.4079,0.3965,0.4045,82963784.0,2023-01-25 00:00:00
1674619200000,0.4045,0.4097,0.404,0.4095,47585748.0,2023-01-25 04:00:00
1674633600000,0.4095,0.4105,0.4036,0.4055,48648282.0,2023-01-25 08:00:00
1674648000000,0.4054,0.4095,0.4019,0.4059,62929467.0,2023-01-25 12:00:00
1674662400000,0.4058,0.4117,0.4043,0.4116,44843586.0,2023-01-25 16:00:00
1674676800000,0.4116,0.4245,0.4115,0.417,88094592.0,2023-01-25 20:00:00
1674691200000,0.417,0.4178,0.4101,0.4114,67445928.0,2023-01-26 00:00:00
1674705600000,0.4114,0.4153,0.408,0.4089,49524377.0,2023-01-26 04:00:00
1674720000000,0.4089,0.4128,0.4086,0.4111,41147267.0,2023-01-26 08:00:00
1674734400000,0.411,0.4148,0.4064,0.4093,63853308.0,2023-01-26 12:00:00
1674748800000,0.4093,0.4128,0.4053,0.4125,40569188.0,2023-01-26 16:00:00
1674763200000,0.4124,0.4135,0.4083,0.4092,27529591.0,2023-01-26 20:00:00
1674777600000,0.4091,0.4105,0.3988,0.4058,68399206.0,2023-01-27 00:00:00
1674792000000,0.4058,0.4076,0.4033,0.4075,43284297.0,2023-01-27 04:00:00
1674806400000,0.4075,0.4095,0.4058,0.4067,38190054.0,2023-01-27 08:00:00
1674820800000,0.4066,0.409,0.4041,0.4062,50710116.0,2023-01-27 12:00:00
1674835200000,0.4061,0.4129,0.406,0.4126,37255166.0,2023-01-27 16:00:00
1674849600000,0.4125,0.4135,0.4087,0.4128,36442899.0,2023-01-27 20:00:00
1674864000000,0.4127,0.4168,0.4088,0.4105,45624832.0,2023-01-28 00:00:00
1674878400000,0.4106,0.4144,0.4085,0.4111,28356135.0,2023-01-28 04:00:00
1674892800000,0.4111,0.4116,0.4088,0.4108,20154359.0,2023-01-28 08:00:00
1674907200000,0.4109,0.4111,0.4057,0.409,28960242.0,2023-01-28 12:00:00
1674921600000,0.409,0.4103,0.4074,0.4096,13014775.0,2023-01-28 16:00:00
1674936000000,0.4096,0.4097,0.4055,0.4078,12838935.0,2023-01-28 20:00:00
1674950400000,0.4078,0.414,0.4066,0.4101,35359505.0,2023-01-29 00:00:00
1674964800000,0.4102,0.4108,0.4089,0.4101,14268888.0,2023-01-29 04:00:00
1674979200000,0.4101,0.4143,0.4099,0.4122,27853875.0,2023-01-29 08:00:00
1674993600000,0.4121,0.4136,0.4104,0.412,23901415.0,2023-01-29 12:00:00
1675008000000,0.4121,0.4173,0.4103,0.4159,35395412.0,2023-01-29 16:00:00
1675022400000,0.4159,0.416,0.4119,0.4134,30105572.0,2023-01-29 20:00:00
1675036800000,0.4135,0.4222,0.4077,0.4137,78736172.0,2023-01-30 00:00:00
1675051200000,0.4138,0.4153,0.4091,0.4108,52020712.0,2023-01-30 04:00:00
1675065600000,0.4107,0.4119,0.3953,0.3976,112020211.0,2023-01-30 08:00:00
1675080000000,0.3976,0.4033,0.3967,0.4,61254178.0,2023-01-30 12:00:00
1675094400000,0.3999,0.4019,0.386,0.3953,76234168.0,2023-01-30 16:00:00
1675108800000,0.3953,0.3962,0.3887,0.3934,53530485.0,2023-01-30 20:00:00
1675123200000,0.3933,0.3941,0.388,0.3915,71711914.0,2023-01-31 00:00:00
1675137600000,0.3914,0.3961,0.3884,0.3957,48911731.0,2023-01-31 04:00:00
1675152000000,0.3957,0.4024,0.3945,0.3999,64492121.0,2023-01-31 08:00:00
1675166400000,0.3998,0.4033,0.3992,0.4022,58535492.0,2023-01-31 12:00:00
1675180800000,0.4022,0.4113,0.4018,0.4099,49651043.0,2023-01-31 16:00:00
1675195200000,0.4098,0.4113,0.4018,0.4057,53278662.0,2023-01-31 20:00:00
1675209600000,0.4058,0.4065,0.4007,0.403,53132700.0,2023-02-01 00:00:00
1675224000000,0.4029,0.4067,0.3987,0.4002,50159699.0,2023-02-01 04:00:00
1675238400000,0.4002,0.4055,0.3983,0.4031,53924378.0,2023-02-01 08:00:00
1675252800000,0.403,0.4049,0.3964,0.3978,59967309.0,2023-02-01 12:00:00
1675267200000,0.3977,0.4099,0.3962,0.4078,90988376.0,2023-02-01 16:00:00
1675281600000,0.4078,0.4157,0.4078,0.4131,70931445.0,2023-02-01 20:00:00
1675296000000,0.4132,0.4174,0.4102,0.4127,73176288.0,2023-02-02 00:00:00
1675310400000,0.4127,0.4153,0.41,0.4129,42685074.0,2023-02-02 04:00:00
1675324800000,0.4128,0.4154,0.4119,0.4146,35819038.0,2023-02-02 08:00:00
1675339200000,0.4145,0.4157,0.4106,0.4142,57441318.0,2023-02-02 12:00:00
1675353600000,0.4142,0.4192,0.4118,0.4133,61850506.0,2023-02-02 16:00:00
1675368000000,0.4132,0.415,0.408,0.4098,51560146.0,2023-02-02 20:00:00
1675382400000,0.4097,0.4114,0.4059,0.4112,46390907.0,2023-02-03 00:00:00
1675396800000,0.4112,0.4129,0.4089,0.4105,45623150.0,2023-02-03 04:00:00
1675411200000,0.4104,0.4137,0.4094,0.4108,39818249.0,2023-02-03 08:00:00
1675425600000,0.4108,0.4129,0.4054,0.4102,78400745.0,2023-02-03 12:00:00
1675440000000,0.4101,0.4111,0.4066,0.409,40765240.0,2023-02-03 16:00:00
1675454400000,0.4089,0.4126,0.4073,0.4117,23691389.0,2023-02-03 20:00:00
1675468800000,0.4116,0.4122,0.4083,0.4085,45086299.0,2023-02-04 00:00:00
1675483200000,0.4085,0.4098,0.4075,0.4096,19471801.0,2023-02-04 04:00:00
1675497600000,0.4095,0.4111,0.4083,0.4109,14273921.0,2023-02-04 08:00:00
1675512000000,0.4109,0.4133,0.4104,0.4132,27723726.0,2023-02-04 12:00:00
1675526400000,0.4132,0.4204,0.4109,0.4165,45255631.0,2023-02-04 16:00:00
1675540800000,0.4165,0.4168,0.4083,0.4106,26322733.0,2023-02-04 20:00:00
1675555200000,0.4106,0.412,0.4071,0.4086,28882425.0,2023-02-05 00:00:00
1675569600000,0.4086,0.4107,0.4082,0.41,16952908.0,2023-02-05 04:00:00
1675584000000,0.41,0.4117,0.4091,0.4092,19662113.0,2023-02-05 08:00:00
1675598400000,0.4093,0.4101,0.3985,0.4002,88706402.0,2023-02-05 12:00:00
1675612800000,0.4002,0.4012,0.3942,0.3978,56473283.0,2023-02-05 16:00:00
1675627200000,0.3978,0.3997,0.3958,0.3984,26434231.0,2023-02-05 20:00:00
1675641600000,0.3985,0.4033,0.3962,0.3982,47879545.0,2023-02-06 00:00:00
1675656000000,0.3981,0.4013,0.3939,0.3981,49489293.0,2023-02-06 04:00:00
1675670400000,0.3981,0.4,0.3949,0.3976,53980384.0,2023-02-06 08:00:00
1675684800000,0.3976,0.4004,0.3963,0.4004,60064207.0,2023-02-06 12:00:00
1675699200000,0.4004,0.4037,0.3985,0.4027,45289479.0,2023-02-06 16:00:00
1675713600000,0.4027,0.4034,0.3909,0.392,59292145.0,2023-02-06 20:00:00
1675728000000,0.3921,0.3953,0.3901,0.3931,63593810.0,2023-02-07 00:00:00
1675742400000,0.393,0.3971,0.3924,0.3956,48986760.0,2023-02-07 04:00:00
1675756800000,0.3955,0.3984,0.3931,0.3963,59410342.0,2023-02-07 08:00:00
1675771200000,0.3963,0.3978,0.3935,0.3945,59812494.0,2023-02-07 12:00:00
1675785600000,0.3945,0.4014,0.3914,0.4001,71808078.0,2023-02-07 16:00:00
1675800000000,0.4,0.4048,0.3992,0.4036,52549204.0,2023-02-07 20:00:00
1675814400000,0.4037,0.406,0.4002,0.4012,57750606.0,2023-02-08 00:00:00
1675828800000,0.4012,0.4024,0.4,0.4018,33817111.0,2023-02-08 04:00:00
1675843200000,0.4018,0.4022,0.3989,0.402,39623792.0,2023-02-08 08:00:00
1675857600000,0.402,0.4022,0.3971,0.3972,52422395.0,2023-02-08 12:00:00
1675872000000,0.3973,0.3991,0.3936,0.397,48877556.0,2023-02-08 16:00:00
1675886400000,0.3971,0.3994,0.3947,0.3975,30697379.0,2023-02-08 20:00:00
1675900800000,0.3975,0.3994,0.3853,0.3909,79701702.0,2023-02-09 00:00:00
1675915200000,0.3908,0.3944,0.3894,0.3939,48645832.0,2023-02-09 04:00:00
1675929600000,0.3939,0.3949,0.3921,0.3938,58615117.0,2023-02-09 08:00:00
1675944000000,0.3938,0.4092,0.3929,0.4018,107993671.0,2023-02-09 12:00:00
1675958400000,0.4017,0.4044,0.38,0.3879,122321416.0,2023-02-09 16:00:00
1675972800000,0.3878,0.39,0.3726,0.3819,109403601.0,2023-02-09 20:00:00
1675987200000,0.3818,0.3877,0.3806,0.3876,51912443.0,2023-02-10 00:00:00
1676001600000,0.3876,0.3878,0.3802,0.3866,54548986.0,2023-02-10 04:00:00
1676016000000,0.3865,0.3871,0.3827,0.3831,42647712.0,2023-02-10 08:00:00
1676030400000,0.3831,0.3849,0.3771,0.3799,61922002.0,2023-02-10 12:00:00
1676044800000,0.3798,0.3844,0.3777,0.3844,38371284.0,2023-02-10 16:00:00
1676059200000,0.3843,0.3846,0.3796,0.3817,30529322.0,2023-02-10 20:00:00
1676073600000,0.3818,0.3841,0.3801,0.3823,31717087.0,2023-02-11 00:00:00
1676088000000,0.3824,0.3833,0.3807,0.3816,20558019.0,2023-02-11 04:00:00
1676102400000,0.3817,0.3834,0.3814,0.3825,22583683.0,2023-02-11 08:00:00
1676116800000,0.3825,0.3835,0.3816,0.3823,19235304.0,2023-02-11 12:00:00
1676131200000,0.3823,0.3824,0.3798,0.3812,13372079.0,2023-02-11 16:00:00
1676145600000,0.3813,0.3841,0.3809,0.3833,15713428.0,2023-02-11 20:00:00
1676160000000,0.3834,0.3836,0.3812,0.3813,14805551.0,2023-02-12 00:00:00
1676174400000,0.3813,0.3822,0.3801,0.3811,15082263.0,2023-02-12 04:00:00
1676188800000,0.381,0.3837,0.381,0.3825,17227297.0,2023-02-12 08:00:00
1676203200000,0.3824,0.3834,0.3808,0.3825,24653148.0,2023-02-12 12:00:00
1676217600000,0.3826,0.385,0.3818,0.3836,16900493.0,2023-02-12 16:00:00
1676232000000,0.3836,0.384,0.3716,0.3747,47307570.0,2023-02-12 20:00:00
1676246400000,0.3747,0.3783,0.3662,0.372,76216013.0,2023-02-13 00:00:00
1676260800000,0.372,0.3772,0.3713,0.3758,56006523.0,2023-02-13 04:00:00
1676275200000,0.3757,0.3758,0.3612,0.3652,103099499.0,2023-02-13 08:00:00
1676289600000,0.3652,0.3708,0.3644,0.3666,59177251.0,2023-02-13 12:00:00
1676304000000,0.3665,0.3714,0.3632,0.3713,47600408.0,2023-02-13 16:00:00
1676318400000,0.3713,0.373,0.3693,0.3703,40668475.0,2023-02-13 20:00:00
1676332800000,0.3703,0.3707,0.3644,0.3678,55062550.0,2023-02-14 00:00:00
1676347200000,0.3677,0.3709,0.3662,0.3703,33250663.0,2023-02-14 04:00:00
1676361600000,0.3703,0.3709,0.3664,0.3694,60971220.0,2023-02-14 08:00:00
1676376000000,0.3694,0.3778,0.365,0.3756,110842777.0,2023-02-14 12:00:00
1676390400000,0.3756,0.3801,0.3731,0.3795,58035835.0,2023-02-14 16:00:00
1676404800000,0.3795,0.3839,0.3771,0.3819,54111029.0,2023-02-14 20:00:00
1676419200000,0.3819,0.382,0.3765,0.3803,51681862.0,2023-02-15 00:00:00
1676433600000,0.3804,0.3832,0.3795,0.3825,46120021.0,2023-02-15 04:00:00
1676448000000,0.3825,0.3867,0.3807,0.3859,52392373.0,2023-02-15 08:00:00
1676462400000,0.386,0.3892,0.3857,0.387,74659726.0,2023-02-15 12:00:00
1676476800000,0.387,0.3947,0.3849,0.394,59162148.0,2023-02-15 16:00:00
1676491200000,0.3941,0.4024,0.3934,0.4011,86950752.0,2023-02-15 20:00:00
1676505600000,0.401,0.4048,0.3964,0.401,79465527.0,2023-02-16 00:00:00
1676520000000,0.401,0.403,0.398,0.4,55874361.0,2023-02-16 04:00:00
1676534400000,0.3999,0.4019,0.3964,0.3976,64485012.0,2023-02-16 08:00:00
1676548800000,0.3976,0.402,0.3943,0.4019,73860363.0,2023-02-16 12:00:00
1676563200000,0.4019,0.4033,0.3958,0.3997,83648328.0,2023-02-16 16:00:00
1676577600000,0.3996,0.3997,0.384,0.3841,93302804.0,2023-02-16 20:00:00
1676592000000,0.3841,0.3908,0.3809,0.3902,62642795.0,2023-02-17 00:00:00
1676606400000,0.3902,0.3907,0.3863,0.3874,48028800.0,2023-02-17 04:00:00
1676620800000,0.3874,0.3899,0.3859,0.3877,41851428.0,2023-02-17 08:00:00
1676635200000,0.3877,0.3916,0.3853,0.3887,76983958.0,2023-02-17 12:00:00
1676649600000,0.3887,0.3958,0.3858,0.3953,65110400.0,2023-02-17 16:00:00
1676664000000,0.3953,0.4,0.3899,0.395,63435018.0,2023-02-17 20:00:00
1676678400000,0.3949,0.396,0.3934,0.395,23506845.0,2023-02-18 00:00:00
1676692800000,0.3949,0.3968,0.3931,0.3945,22977766.0,2023-02-18 04:00:00
1676707200000,0.3945,0.3948,0.3911,0.3928,34423089.0,2023-02-18 08:00:00
1676721600000,0.3927,0.3954,0.3922,0.3948,23849935.0,2023-02-18 12:00:00
1676736000000,0.3948,0.3976,0.3925,0.3936,26043815.0,2023-02-18 16:00:00
1676750400000,0.3935,0.395,0.3917,0.3943,14823971.0,2023-02-18 20:00:00
1676764800000,0.3942,0.3956,0.3887,0.3911,30614673.0,2023-02-19 00:00:00
1676779200000,0.3911,0.3941,0.3909,0.3912,22290406.0,2023-02-19 04:00:00
1676793600000,0.3912,0.3935,0.3909,0.3933,25362686.0,2023-02-19 08:00:00
1676808000000,0.3932,0.3973,0.3924,0.3961,46412531.0,2023-02-19 12:00:00
1676822400000,0.3962,0.3981,0.3873,0.3881,57458043.0,2023-02-19 16:00:00
1676836800000,0.3882,0.3894,0.3845,0.3863,55854613.0,2023-02-19 20:00:00
1676851200000,0.3862,0.3899,0.3774,0.3879,93593194.0,2023-02-20 00:00:00
1676865600000,0.3879,0.3925,0.3875,0.3908,71842776.0,2023-02-20 04:00:00
1676880000000,0.3907,0.395,0.3892,0.393,85336485.0,2023-02-20 08:00:00
1676894400000,0.393,0.409,0.3916,0.4027,136417279.0,2023-02-20 12:00:00
1676908800000,0.4026,0.4084,0.3982,0.4033,101777827.0,2023-02-20 16:00:00
1676923200000,0.4033,0.4038,0.3967,0.3984,68050806.0,2023-02-20 20:00:00
1676937600000,0.3985,0.3989,0.3938,0.3942,78497710.0,2023-02-21 00:00:00
1676952000000,0.3942,0.4007,0.394,0.3997,62394114.0,2023-02-21 04:00:00
1676966400000,0.3997,0.4025,0.3893,0.3901,110482317.0,2023-02-21 08:00:00
1676980800000,0.3901,0.3929,0.3877,0.3892,87356058.0,2023-02-21 12:00:00
1676995200000,0.3892,0.3945,0.3872,0.3941,54095438.0,2023-02-21 16:00:00
1677009600000,0.394,0.395,0.3883,0.3919,55458451.0,2023-02-21 20:00:00
1677024000000,0.392,0.3927,0.3828,0.3902,64481590.0,2023-02-22 00:00:00
1677038400000,0.3902,0.3922,0.3853,0.3904,53180459.0,2023-02-22 04:00:00
1677052800000,0.3905,0.3909,0.3858,0.3906,69486922.0,2023-02-22 08:00:00
1677067200000,0.3906,0.3977,0.3859,0.3883,96285848.0,2023-02-22 12:00:00
1677081600000,0.3882,0.3943,0.3867,0.3929,63952681.0,2023-02-22 16:00:00
1677096000000,0.3928,0.3964,0.3909,0.3953,41890044.0,2023-02-22 20:00:00
1677110400000,0.3953,0.397,0.3902,0.3952,66869523.0,2023-02-23 00:00:00
1677124800000,0.3951,0.3979,0.3936,0.3964,49901793.0,2023-02-23 04:00:00
1677139200000,0.3964,0.3975,0.388,0.3896,67844112.0,2023-02-23 08:00:00
1677153600000,0.3895,0.3931,0.388,0.3894,69956927.0,2023-02-23 12:00:00
1677168000000,0.3893,0.3912,0.3853,0.3912,60317358.0,2023-02-23 16:00:00
1677182400000,0.3912,0.3915,0.3866,0.3882,33462241.0,2023-02-23 20:00:00
1677196800000,0.3883,0.3904,0.3875,0.3894,38089337.0,2023-02-24 00:00:00
1677211200000,0.3893,0.3908,0.3861,0.3884,46706843.0,2023-02-24 04:00:00
1677225600000,0.3884,0.3901,0.3868,0.3889,36436555.0,2023-02-24 08:00:00
1677240000000,0.3888,0.3902,0.3786,0.3816,97118442.0,2023-02-24 12:00:00
1677254400000,0.3815,0.3816,0.3724,0.3777,93841995.0,2023-02-24 16:00:00
1677268800000,0.3776,0.3794,0.3723,0.3783,44459061.0,2023-02-24 20:00:00
1677283200000,0.3783,0.3791,0.376,0.3777,29178488.0,2023-02-25 00:00:00
1677297600000,0.3778,0.3786,0.376,0.3779,26228949.0,2023-02-25 04:00:00
1677312000000,0.3779,0.3795,0.3761,0.3777,23176512.0,2023-02-25 08:00:00
1677326400000,0.3777,0.3785,0.3753,0.3775,30133902.0,2023-02-25 12:00:00
1677340800000,0.3774,0.3787,0.3733,0.3758,26512808.0,2023-02-25 16:00:00
1677355200000,0.3758,0.3781,0.3692,0.3778,44493304.0,2023-02-25 20:00:00
1677369600000,0.3779,0.3787,0.3765,0.3783,19318090.0,2023-02-26 00:00:00
1677384000000,0.3783,0.3785,0.3772,0.3778,12592340.0,2023-02-26 04:00:00
1677398400000,0.3777,0.3785,0.376,0.3767,20853424.0,2023-02-26 08:00:00
1677412800000,0.3768,0.378,0.3753,0.3761,22886994.0,2023-02-26 12:00:00
1677427200000,0.376,0.3803,0.3745,0.3792,23930361.0,2023-02-26 16:00:00
1677441600000,0.3793,0.3807,0.3754,0.3779,31261818.0,2023-02-26 20:00:00
1677456000000,0.3779,0.3783,0.3756,0.3764,58564949.0,2023-02-27 00:00:00
1677470400000,0.3764,0.3776,0.374,0.3743,67123885.0,2023-02-27 04:00:00
1677484800000,0.3743,0.3751,0.3708,0.3737,81429348.0,2023-02-27 08:00:00
1677499200000,0.3737,0.3795,0.3727,0.3773,76631236.0,2023-02-27 12:00:00
1677513600000,0.3773,0.3783,0.3734,0.3773,72457586.0,2023-02-27 16:00:00
1677528000000,0.3772,0.3801,0.3753,0.3785,65205881.0,2023-02-27 20:00:00
1677542400000,0.3785,0.3792,0.3719,0.3757,72582534.0,2023-02-28 00:00:00
1677556800000,0.3757,0.3789,0.3729,0.3743,65892860.0,2023-02-28 04:00:00
1677571200000,0.3742,0.3772,0.3722,0.377,51382338.0,2023-02-28 08:00:00
1677585600000,0.377,0.38,0.3769,0.3797,69181247.0,2023-02-28 12:00:00
1677600000000,0.3796,0.3827,0.3774,0.3801,50949372.0,2023-02-28 16:00:00
1677614400000,0.3802,0.3819,0.3741,0.3762,61412905.0,2023-02-28 20:00:00
1677628800000,0.3762,0.3766,0.3726,0.3766,68561118.0,2023-03-01 00:00:00
1677643200000,0.3766,0.3829,0.3756,0.3822,44193096.0,2023-03-01 04:00:00
1677657600000,0.3823,0.3848,0.3792,0.3801,62894185.0,2023-03-01 08:00:00
1677672000000,0.3801,0.3821,0.3784,0.3816,66969371.0,2023-03-01 12:00:00
1677686400000,0.3815,0.3842,0.3783,0.3805,38964864.0,2023-03-01 16:00:00
1677700800000,0.3805,0.3842,0.3804,0.3835,35994851.0,2023-03-01 20:00:00
1677715200000,0.3836,0.3846,0.3774,0.3777,66480720.0,2023-03-02 00:00:00
1677729600000,0.3777,0.38,0.3775,0.3789,47862066.0,2023-03-02 04:00:00
1677744000000,0.3788,0.3796,0.3767,0.3783,41155945.0,2023-03-02 08:00:00
1677758400000,0.3783,0.3789,0.3742,0.3758,54413004.0,2023-03-02 12:00:00
1677772800000,0.3758,0.381,0.3737,0.3809,40640953.0,2023-03-02 16:00:00
1677787200000,0.381,0.3812,0.3769,0.3772,31320373.0,2023-03-02 20:00:00
1677801600000,0.3772,0.3781,0.3539,0.3645,199295937.0,2023-03-03 00:00:00
1677816000000,0.3644,0.3693,0.3635,0.3651,57272953.0,2023-03-03 04:00:00
1677830400000,0.3651,0.3683,0.3644,0.3675,57367784.0,2023-03-03 08:00:00
1677844800000,0.3674,0.3699,0.3652,0.3674,71809578.0,2023-03-03 12:00:00
1677859200000,0.3674,0.3713,0.3663,0.3708,44082952.0,2023-03-03 16:00:00
1677873600000,0.3708,0.3806,0.3698,0.3774,60686184.0,2023-03-03 20:00:00
1677888000000,0.3773,0.38,0.3747,0.3756,30784609.0,2023-03-04 00:00:00
1677902400000,0.3756,0.3767,0.3735,0.3759,26041368.0,2023-03-04 04:00:00
1677916800000,0.3759,0.3764,0.3748,0.3753,19522871.0,2023-03-04 08:00:00
1677931200000,0.3753,0.3761,0.3745,0.375,19954263.0,2023-03-04 12:00:00
1677945600000,0.3751,0.3792,0.3714,0.3729,35338398.0,2023-03-04 16:00:00
1677960000000,0.3729,0.3745,0.368,0.3735,32633741.0,2023-03-04 20:00:00
1677974400000,0.3735,0.3774,0.371,0.3742,34517015.0,2023-03-05 00:00:00
1677988800000,0.3743,0.3751,0.3724,0.3728,15510677.0,2023-03-05 04:00:00
1678003200000,0.3728,0.3729,0.3712,0.3715,20725210.0,2023-03-05 08:00:00
1678017600000,0.3715,0.3726,0.37,0.3708,26679614.0,2023-03-05 12:00:00
1678032000000,0.3709,0.3712,0.3672,0.3681,23282161.0,2023-03-05 16:00:00
1678046400000,0.3681,0.3703,0.3653,0.3668,42922967.0,2023-03-05 20:00:00
1678060800000,0.3668,0.3697,0.3605,0.3659,86547472.0,2023-03-06 00:00:00
1678075200000,0.3659,0.3681,0.3627,0.3628,66613755.0,2023-03-06 04:00:00
1678089600000,0.3628,0.3657,0.3589,0.3612,82651096.0,2023-03-06 08:00:00
1678104000000,0.3612,0.3677,0.3606,0.3674,66921641.0,2023-03-06 12:00:00
1678118400000,0.3674,0.3743,0.3667,0.3717,61194628.0,2023-03-06 16:00:00
1678132800000,0.3717,0.3734,0.3695,0.3695,64444786.0,2023-03-06 20:00:00
1678147200000,0.3696,0.371,0.3669,0.3682,87865502.0,2023-03-07 00:00:00
1678161600000,0.3682,0.3728,0.3679,0.3697,66662844.0,2023-03-07 04:00:00
1678176000000,0.3696,0.372,0.3678,0.3708,70061735.0,2023-03-07 08:00:00
1678190400000,0.3709,0.3827,0.3707,0.3787,157433692.0,2023-03-07 12:00:00
1678204800000,0.3787,0.3823,0.3757,0.3803,80636659.0,2023-03-07 16:00:00
1678219200000,0.3803,0.3844,0.3779,0.3801,99983842.0,2023-03-07 20:00:00
1678233600000,0.3802,0.3859,0.3765,0.3787,81184818.0,2023-03-08 00:00:00
1678248000000,0.3787,0.3808,0.3723,0.3763,76135338.0,2023-03-08 04:00:00
1678262400000,0.3764,0.39,0.3759,0.387,111076154.0,2023-03-08 08:00:00
1678276800000,0.3871,0.4018,0.3861,0.3969,225852880.0,2023-03-08 12:00:00
1678291200000,0.397,0.3989,0.3902,0.3958,84555169.0,2023-03-08 16:00:00
1678305600000,0.3958,0.3987,0.3839,0.3889,103602364.0,2023-03-08 20:00:00
1678320000000,0.3889,0.3944,0.3858,0.3887,100868763.0,2023-03-09 00:00:00
1678334400000,0.3886,0.3912,0.3856,0.3905,86212528.0,2023-03-09 04:00:00
1678348800000,0.3906,0.3963,0.3892,0.3931,90091081.0,2023-03-09 08:00:00
1678363200000,0.3931,0.3976,0.3915,0.3931,88980523.0,2023-03-09 12:00:00
1678377600000,0.393,0.3939,0.3763,0.3788,131905081.0,2023-03-09 16:00:00
1678392000000,0.3788,0.3788,0.3639,0.3706,156956143.0,2023-03-09 20:00:00
1678406400000,0.3706,0.3748,0.3649,0.374,106039952.0,2023-03-10 00:00:00
1678420800000,0.374,0.3752,0.3671,0.3704,91673692.0,2023-03-10 04:00:00
1678435200000,0.3703,0.3717,0.3571,0.3615,124981606.0,2023-03-10 08:00:00
1678449600000,0.3616,0.3725,0.3605,0.3689,121725494.0,2023-03-10 12:00:00
1678464000000,0.3689,0.3723,0.364,0.3683,60581545.0,2023-03-10 16:00:00
1678478400000,0.3682,0.3723,0.3667,0.37,36096496.0,2023-03-10 20:00:00
1678492800000,0.3699,0.3741,0.3681,0.3688,74369160.0,2023-03-11 00:00:00
1678507200000,0.3688,0.3698,0.3607,0.3626,80074572.0,2023-03-11 04:00:00
1678521600000,0.3626,0.3658,0.3593,0.3618,61652048.0,2023-03-11 08:00:00
1678536000000,0.3617,0.3628,0.359,0.3617,50945820.0,2023-03-11 12:00:00
1678550400000,0.3617,0.3638,0.3582,0.362,47029942.0,2023-03-11 16:00:00
1678564800000,0.362,0.3646,0.3612,0.3638,28909870.0,2023-03-11 20:00:00
1678579200000,0.3637,0.3656,0.362,0.3631,30589762.0,2023-03-12 00:00:00
1678593600000,0.3631,0.3636,0.3573,0.3596,28999330.0,2023-03-12 04:00:00
1678608000000,0.3596,0.3613,0.3575,0.3605,40605374.0,2023-03-12 08:00:00
1678622400000,0.3605,0.3607,0.3502,0.3524,77790035.0,2023-03-12 12:00:00
1678636800000,0.3525,0.3623,0.3473,0.3564,106897902.0,2023-03-12 16:00:00
1678651200000,0.3564,0.3715,0.3562,0.3714,104877668.0,2023-03-12 20:00:00
1678665600000,0.3713,0.376,0.3658,0.3663,104270299.0,2023-03-13 00:00:00
1678680000000,0.3664,0.3691,0.3658,0.3675,60016437.0,2023-03-13 04:00:00
1678694400000,0.3675,0.3679,0.3553,0.3601,79514849.0,2023-03-13 08:00:00
1678708800000,0.36,0.38,0.3567,0.3731,187083624.0,2023-03-13 12:00:00
1678723200000,0.3731,0.3757,0.3684,0.3717,76937857.0,2023-03-13 16:00:00
1678737600000,0.3717,0.3747,0.3696,0.3724,48579534.0,2023-03-13 20:00:00
1678752000000,0.3724,0.3724,0.3688,0.3709,53776126.0,2023-03-14 00:00:00
1678766400000,0.3709,0.3731,0.3671,0.3679,58745911.0,2023-03-14 04:00:00
1678780800000,0.368,0.3694,0.3647,0.3677,58586606.0,2023-03-14 08:00:00
1678795200000,0.3677,0.387,0.3656,0.3843,193341065.0,2023-03-14 12:00:00
1678809600000,0.3844,0.3853,0.3701,0.3772,102155642.0,2023-03-14 16:00:00
1678824000000,0.3772,0.3791,0.3666,0.3724,78198472.0,2023-03-14 20:00:00
1678838400000,0.3724,0.3748,0.3689,0.374,47316081.0,2023-03-15 00:00:00
1678852800000,0.374,0.3757,0.3709,0.3739,35532408.0,2023-03-15 04:00:00
1678867200000,0.3738,0.3739,0.3639,0.3684,71928424.0,2023-03-15 08:00:00
1678881600000,0.3684,0.373,0.3586,0.3607,109225803.0,2023-03-15 12:00:00
1678896000000,0.3607,0.3631,0.356,0.3611,81260651.0,2023-03-15 16:00:00
1678910400000,0.361,0.3626,0.358,0.3589,39830042.0,2023-03-15 20:00:00
1678924800000,0.3589,0.363,0.3562,0.3621,47252593.0,2023-03-16 00:00:00
1678939200000,0.362,0.3658,0.3614,0.3635,42681555.0,2023-03-16 04:00:00
1678953600000,0.3635,0.3652,0.3602,0.3625,47910298.0,2023-03-16 08:00:00
1678968000000,0.3625,0.3644,0.3578,0.3629,60150729.0,2023-03-16 12:00:00
1678982400000,0.3629,0.367,0.362,0.3658,32013357.0,2023-03-16 16:00:00
1678996800000,0.3659,0.3659,0.3617,0.3647,29074783.0,2023-03-16 20:00:00
1679011200000,0.3648,0.3693,0.362,0.3688,53902220.0,2023-03-17 00:00:00
1679025600000,0.3689,0.37,0.3665,0.3688,44252624.0,2023-03-17 04:00:00
1679040000000,0.3689,0.3774,0.367,0.3771,72116098.0,2023-03-17 08:00:00
1679054400000,0.3771,0.3825,0.3677,0.3699,126552977.0,2023-03-17 12:00:00
1679068800000,0.3699,0.375,0.3684,0.3749,45591923.0,2023-03-17 16:00:00
1679083200000,0.375,0.3809,0.3723,0.3798,63457918.0,2023-03-17 20:00:00
1679097600000,0.3797,0.3898,0.3761,0.3837,102002769.0,2023-03-18 00:00:00
1679112000000,0.3837,0.3854,0.3801,0.3813,43558706.0,2023-03-18 04:00:00
1679126400000,0.3814,0.3841,0.3764,0.3828,48303454.0,2023-03-18 08:00:00
1679140800000,0.3829,0.3835,0.3731,0.3769,65550871.0,2023-03-18 12:00:00
1679155200000,0.3769,0.3809,0.3691,0.379,64030348.0,2023-03-18 16:00:00
1679169600000,0.379,0.3801,0.3721,0.3739,36889179.0,2023-03-18 20:00:00
1679184000000,0.3739,0.3775,0.3736,0.377,35786417.0,2023-03-19 00:00:00
1679198400000,0.377,0.3881,0.3752,0.3793,72834575.0,2023-03-19 04:00:00
1679212800000,0.3793,0.3965,0.3777,0.3933,101219274.0,2023-03-19 08:00:00
1679227200000,0.3934,0.4,0.389,0.3918,134542948.0,2023-03-19 12:00:00
1679241600000,0.3918,0.3966,0.3902,0.3944,64818446.0,2023-03-19 16:00:00
1679256000000,0.3944,0.397,0.385,0.3857,67089944.0,2023-03-19 20:00:00
1679270400000,0.3858,0.3913,0.3801,0.3806,88681302.0,2023-03-20 00:00:00
1679284800000,0.3806,0.384,0.3768,0.3835,72335684.0,2023-03-20 04:00:00
1679299200000,0.3835,0.3848,0.3787,0.3822,76029271.0,2023-03-20 08:00:00
1679313600000,0.3822,0.383,0.3778,0.379,64773861.0,2023-03-20 12:00:00
1679328000000,0.3791,0.3802,0.3707,0.3748,91457947.0,2023-03-20 16:00:00
1679342400000,0.3748,0.3784,0.3721,0.3734,49851351.0,2023-03-20 20:00:00
1679356800000,0.3734,0.384,0.3728,0.3817,98252966.0,2023-03-21 00:00:00
1679371200000,0.3817,0.3866,0.3778,0.3866,102363521.0,2023-03-21 04:00:00
1679385600000,0.3865,0.3935,0.383,0.3911,122074110.0,2023-03-21 08:00:00
1679400000000,0.391,0.4315,0.3895,0.4289,465790117.0,2023-03-21 12:00:00
1679414400000,0.4289,0.479,0.4266,0.4744,465253834.0,2023-03-21 16:00:00
1679428800000,0.4744,0.4929,0.455,0.4696,444646137.0,2023-03-21 20:00:00
1679443200000,0.4696,0.475,0.4516,0.4585,256662943.0,2023-03-22 00:00:00
1679457600000,0.4585,0.4712,0.4534,0.4556,180413330.0,2023-03-22 04:00:00
1679472000000,0.4555,0.4589,0.4414,0.4429,206717514.0,2023-03-22 08:00:00
1679486400000,0.4429,0.4531,0.4336,0.4351,239428014.0,2023-03-22 12:00:00
1679500800000,0.4351,0.45,0.4069,0.4116,369596118.0,2023-03-22 16:00:00
1679515200000,0.4116,0.4257,0.411,0.4213,156823168.0,2023-03-22 20:00:00
1679529600000,0.4213,0.426,0.4116,0.4188,121148576.0,2023-03-23 00:00:00
1679544000000,0.4188,0.4544,0.4177,0.4468,157872527.0,2023-03-23 04:00:00
1679558400000,0.4469,0.4549,0.4377,0.4482,145882900.0,2023-03-23 08:00:00
1679572800000,0.4482,0.4537,0.4339,0.4485,185806509.0,2023-03-23 12:00:00
1679587200000,0.4484,0.4557,0.4351,0.4438,150385476.0,2023-03-23 16:00:00
1679601600000,0.4436,0.4465,0.4377,0.4438,76533915.0,2023-03-23 20:00:00
1679616000000,0.4437,0.444,0.4313,0.4323,93469772.0,2023-03-24 00:00:00
1679630400000,0.4322,0.4378,0.428,0.4332,72966473.0,2023-03-24 04:00:00
1679644800000,0.4332,0.4344,0.4243,0.4292,88697544.0,2023-03-24 08:00:00
1679659200000,0.4291,0.4293,0.4213,0.4267,58078504.0,2023-03-24 12:00:00
1679673600000,0.4266,0.4303,0.4141,0.4261,117025465.0,2023-03-24 16:00:00
1679688000000,0.426,0.4271,0.4167,0.4259,77739809.0,2023-03-24 20:00:00
1679702400000,0.426,0.4315,0.4223,0.4302,58057473.0,2023-03-25 00:00:00
1679716800000,0.4303,0.4527,0.4287,0.445,174994209.0,2023-03-25 04:00:00
1679731200000,0.445,0.4485,0.4386,0.447,76178196.0,2023-03-25 08:00:00
1679745600000,0.4469,0.4633,0.4408,0.4583,133928500.0,2023-03-25 12:00:00
1679760000000,0.4584,0.465,0.4481,0.4497,108867068.0,2023-03-25 16:00:00
1679774400000,0.4497,0.4556,0.4401,0.4429,83287512.0,2023-03-25 20:00:00
1679788800000,0.4429,0.4517,0.4403,0.4485,65299749.0,2023-03-26 00:00:00
1679803200000,0.4484,0.4596,0.4464,0.4565,66354181.0,2023-03-26 04:00:00
1679817600000,0.4565,0.4632,0.4544,0.4577,68328602.0,2023-03-26 08:00:00
1679832000000,0.4577,0.4594,0.4448,0.4466,73176134.0,2023-03-26 12:00:00
1679846400000,0.4466,0.4493,0.4436,0.4477,42586536.0,2023-03-26 16:00:00
1679860800000,0.4478,0.4517,0.4418,0.4479,48734590.0,2023-03-26 20:00:00
1679875200000,0.4479,0.4571,0.4425,0.4539,98560673.0,2023-03-27 00:00:00
1679889600000,0.4539,0.46,0.4485,0.46,112768224.0,2023-03-27 04:00:00
1679904000000,0.46,0.4797,0.4599,0.4776,191871044.0,2023-03-27 08:00:00
1679918400000,0.4776,0.4888,0.4541,0.4577,317343764.0,2023-03-27 12:00:00
1679932800000,0.4577,0.4744,0.4554,0.4679,147459617.0,2023-03-27 16:00:00
1679947200000,0.4678,0.4815,0.4657,0.479,135253209.0,2023-03-27 20:00:00
1679961600000,0.4789,0.4839,0.4666,0.4733,162869238.0,2023-03-28 00:00:00
1679976000000,0.4733,0.494,0.472,0.4834,158018338.0,2023-03-28 04:00:00
1679990400000,0.4834,0.4999,0.4783,0.497,177469934.0,2023-03-28 08:00:00
1680004800000,0.4971,0.5057,0.4925,0.4979,195322117.0,2023-03-28 12:00:00
1680019200000,0.4978,0.532,0.4943,0.5201,257597791.0,2023-03-28 16:00:00
1680033600000,0.5201,0.534,0.512,0.5144,175069048.0,2023-03-28 20:00:00
1680048000000,0.5145,0.539,0.5145,0.5355,148065799.0,2023-03-29 00:00:00
1680062400000,0.5356,0.562,0.5319,0.5579,204709168.0,2023-03-29 04:00:00
1680076800000,0.5578,0.585,0.5538,0.5704,311503898.0,2023-03-29 08:00:00
1680091200000,0.5704,0.5704,0.5357,0.5443,317950465.0,2023-03-29 12:00:00
1680105600000,0.5443,0.555,0.5362,0.5525,157699169.0,2023-03-29 16:00:00
1680120000000,0.5525,0.5569,0.53,0.5425,151887059.0,2023-03-29 20:00:00
1680134400000,0.5425,0.5526,0.5214,0.5336,212385902.0,2023-03-30 00:00:00
1680148800000,0.5336,0.5424,0.5255,0.5376,167901048.0,2023-03-30 04:00:00
1680163200000,0.5376,0.558,0.5275,0.5494,153385548.0,2023-03-30 08:00:00
1680177600000,0.5493,0.55,0.5296,0.5328,131010767.0,2023-03-30 12:00:00
1680192000000,0.5327,0.5398,0.5262,0.5389,93622151.0,2023-03-30 16:00:00
1680206400000,0.539,0.5424,0.5241,0.5319,69385870.0,2023-03-30 20:00:00
1680220800000,0.5319,0.5369,0.5279,0.5327,87084390.0,2023-03-31 00:00:00
1680235200000,0.5328,0.5489,0.5318,0.5339,115329383.0,2023-03-31 04:00:00
1680249600000,0.5338,0.5367,0.5257,0.5305,90696903.0,2023-03-31 08:00:00
1680264000000,0.5305,0.5364,0.5266,0.5304,85210568.0,2023-03-31 12:00:00
1680278400000,0.5303,0.5365,0.529,0.5356,59545421.0,2023-03-31 16:00:00
1680292800000,0.5355,0.564,0.5328,0.5374,95008970.0,2023-03-31 20:00:00
1680307200000,0.5375,0.5375,0.5313,0.532,66542607.0,2023-04-01 00:00:00
1680321600000,0.5319,0.5342,0.5043,0.509,131633752.0,2023-04-01 04:00:00
1680336000000,0.5091,0.524,0.4972,0.5153,161476488.0,2023-04-01 08:00:00
1680350400000,0.5153,0.5183,0.5078,0.5117,63669260.0,2023-04-01 12:00:00
1680364800000,0.5116,0.5139,0.5034,0.5082,59074983.0,2023-04-01 16:00:00
1680379200000,0.5082,0.5119,0.5074,0.5095,33690742.0,2023-04-01 20:00:00
1680393600000,0.5095,0.52,0.5015,0.5127,74798454.0,2023-04-02 00:00:00
1680408000000,0.5126,0.5201,0.5112,0.5139,44818326.0,2023-04-02 04:00:00
1680422400000,0.514,0.518,0.5123,0.5148,36375611.0,2023-04-02 08:00:00
1680436800000,0.5147,0.5275,0.5071,0.5219,126431402.0,2023-04-02 12:00:00
1680451200000,0.5219,0.529,0.5164,0.5192,69941137.0,2023-04-02 16:00:00
1680465600000,0.5193,0.5218,0.5155,0.518,38982814.0,2023-04-02 20:00:00
1680480000000,0.5179,0.525,0.5031,0.5122,107421916.0,2023-04-03 00:00:00
1680494400000,0.5122,0.5142,0.5056,0.5138,63203112.0,2023-04-03 04:00:00
1680508800000,0.5137,0.5188,0.5125,0.5151,64888508.0,2023-04-03 08:00:00
1680523200000,0.5151,0.5166,0.5059,0.5086,76643142.0,2023-04-03 12:00:00
1680537600000,0.5085,0.515,0.5037,0.5096,84411043.0,2023-04-03 16:00:00
1680552000000,0.5096,0.5102,0.481,0.4959,125502302.0,2023-04-03 20:00:00
1680566400000,0.4958,0.4981,0.4871,0.4952,73590790.0,2023-04-04 00:00:00
1680580800000,0.4952,0.5023,0.4941,0.4963,56207056.0,2023-04-04 04:00:00
1680595200000,0.4963,0.5015,0.4936,0.4986,65611323.0,2023-04-04 08:00:00
1680609600000,0.4986,0.505,0.4955,0.4981,71953773.0,2023-04-04 12:00:00
1680624000000,0.498,0.5064,0.4961,0.5051,49578064.0,2023-04-04 16:00:00
1680638400000,0.5051,0.5078,0.5006,0.5026,43286441.0,2023-04-04 20:00:00
1680652800000,0.5026,0.5073,0.4986,0.5062,66309668.0,2023-04-05 00:00:00
1680667200000,0.5061,0.5271,0.504,0.5223,87551989.0,2023-04-05 04:00:00
1680681600000,0.5223,0.5254,0.5134,0.5151,75185285.0,2023-04-05 08:00:00
1680696000000,0.5151,0.5163,0.5006,0.503,82279909.0,2023-04-05 12:00:00
1680710400000,0.5031,0.5094,0.4986,0.5078,63297956.0,2023-04-05 16:00:00
1680724800000,0.5077,0.5091,0.5035,0.5055,37364224.0,2023-04-05 20:00:00
1680739200000,0.5056,0.5057,0.4943,0.5028,63859810.0,2023-04-06 00:00:00
1680753600000,0.5027,0.5053,0.4971,0.4979,42312829.0,2023-04-06 04:00:00
1680768000000,0.4979,0.5006,0.4913,0.4993,55510029.0,2023-04-06 08:00:00
1680782400000,0.4992,0.5075,0.4957,0.5062,64458060.0,2023-04-06 12:00:00
1680796800000,0.5061,0.5097,0.5038,0.5071,49818817.0,2023-04-06 16:00:00
1680811200000,0.507,0.5088,0.5007,0.5028,39940500.0,2023-04-06 20:00:00
1680825600000,0.5028,0.5041,0.4971,0.502,44825839.0,2023-04-07 00:00:00
1680840000000,0.502,0.5156,0.5,0.5074,73687766.0,2023-04-07 04:00:00
1680854400000,0.5073,0.5133,0.5026,0.5041,72534254.0,2023-04-07 08:00:00
1680868800000,0.5041,0.5087,0.5031,0.5081,43316401.0,2023-04-07 12:00:00
1680883200000,0.508,0.5139,0.5053,0.5124,46342082.0,2023-04-07 16:00:00
1680897600000,0.5124,0.5145,0.5095,0.5126,37479444.0,2023-04-07 20:00:00
1680912000000,0.5127,0.513,0.5069,0.5117,27504375.0,2023-04-08 00:00:00
1680926400000,0.5116,0.513,0.5098,0.5105,22828852.0,2023-04-08 04:00:00
1680940800000,0.5106,0.5117,0.5089,0.5102,18604020.0,2023-04-08 08:00:00
1680955200000,0.5103,0.5106,0.508,0.509,23899571.0,2023-04-08 12:00:00
1680969600000,0.5089,0.51,0.5022,0.5059,26855362.0,2023-04-08 16:00:00
1680984000000,0.5059,0.507,0.5023,0.5048,16922514.0,2023-04-08 20:00:00
1680998400000,0.5049,0.5093,0.5045,0.5063,15609503.0,2023-04-09 00:00:00
1681012800000,0.5062,0.508,0.5014,0.503,21825195.0,2023-04-09 04:00:00
1681027200000,0.503,0.504,0.5018,0.5032,15966839.0,2023-04-09 08:00:00
1681041600000,0.5032,0.5054,0.4983,0.5019,27451729.0,2023-04-09 12:00:00
1681056000000,0.5019,0.5072,0.5,0.5056,17016534.0,2023-04-09 16:00:00
1681070400000,0.5056,0.5084,0.5038,0.5054,18252579.0,2023-04-09 20:00:00
1681084800000,0.5053,0.5073,0.5,0.5044,42579453.0,2023-04-10 00:00:00
1681099200000,0.5044,0.5061,0.5026,0.5061,31444283.0,2023-04-10 04:00:00
1681113600000,0.506,0.5068,0.5029,0.5048,37175622.0,2023-04-10 08:00:00
1681128000000,0.5048,0.5058,0.5014,0.5045,40279504.0,2023-04-10 12:00:00
1681142400000,0.5045,0.5134,0.5033,0.5129,59702623.0,2023-04-10 16:00:00
1681156800000,0.5128,0.5199,0.5106,0.5176,53716711.0,2023-04-10 20:00:00
1681171200000,0.5176,0.518,0.5121,0.5157,60136740.0,2023-04-11 00:00:00
1681185600000,0.5156,0.5283,0.5145,0.523,73966886.0,2023-04-11 04:00:00
1681200000000,0.523,0.5235,0.5181,0.5201,61198962.0,2023-04-11 08:00:00
1681214400000,0.52,0.5241,0.5169,0.5191,69055160.0,2023-04-11 12:00:00
1681228800000,0.519,0.5194,0.511,0.5164,58395707.0,2023-04-11 16:00:00
1681243200000,0.5164,0.5183,0.5145,0.5167,36068072.0,2023-04-11 20:00:00
1681257600000,0.5166,0.5179,0.5023,0.5079,66750575.0,2023-04-12 00:00:00
1681272000000,0.508,0.51,0.5058,0.5063,53587800.0,2023-04-12 04:00:00
1681286400000,0.5062,0.5063,0.5004,0.5026,64044041.0,2023-04-12 08:00:00
1681300800000,0.5026,0.5091,0.4984,0.5024,86173751.0,2023-04-12 12:00:00
1681315200000,0.5023,0.5048,0.4998,0.5027,36911193.0,2023-04-12 16:00:00
1681329600000,0.5027,0.5066,0.502,0.5049,31632983.0,2023-04-12 20:00:00
1681344000000,0.5049,0.5068,0.5014,0.5052,45917243.0,2023-04-13 00:00:00
1681358400000,0.5051,0.5077,0.5041,0.5074,36914543.0,2023-04-13 04:00:00
1681372800000,0.5074,0.5137,0.5066,0.5086,61886095.0,2023-04-13 08:00:00
1681387200000,0.5086,0.5115,0.5073,0.5096,56631469.0,2023-04-13 12:00:00
1681401600000,0.5095,0.5136,0.5077,0.5124,37705385.0,2023-04-13 16:00:00
1681416000000,0.5123,0.5156,0.5108,0.5125,34287643.0,2023-04-13 20:00:00
1681430400000,0.5124,0.5237,0.5111,0.521,74851559.0,2023-04-14 00:00:00
1681444800000,0.5209,0.5465,0.5209,0.5276,124286194.0,2023-04-14 04:00:00
1681459200000,0.5277,0.5349,0.5248,0.532,67235655.0,2023-04-14 08:00:00
1681473600000,0.532,0.5334,0.5138,0.5147,101205159.0,2023-04-14 12:00:00
1681488000000,0.5147,0.5233,0.5116,0.5233,56703574.0,2023-04-14 16:00:00
1681502400000,0.5233,0.5278,0.5216,0.5227,38053302.0,2023-04-14 20:00:00
1681516800000,0.5227,0.5239,0.516,0.5192,33992803.0,2023-04-15 00:00:00
1681531200000,0.5192,0.5226,0.5175,0.5217,21020085.0,2023-04-15 04:00:00
1681545600000,0.5217,0.5261,0.52,0.5231,27165422.0,2023-04-15 08:00:00
1681560000000,0.5231,0.5254,0.5203,0.5211,28043355.0,2023-04-15 12:00:00
1681574400000,0.5211,0.5223,0.5165,0.5197,24052957.0,2023-04-15 16:00:00
1681588800000,0.5198,0.5215,0.5169,0.5192,18234303.0,2023-04-15 20:00:00
1681603200000,0.5192,0.5242,0.5152,0.516,41686055.0,2023-04-16 00:00:00
1681617600000,0.516,0.5203,0.5153,0.5198,20841325.0,2023-04-16 04:00:00
1681632000000,0.5198,0.5216,0.517,0.5172,22938587.0,2023-04-16 08:00:00
1681646400000,0.5171,0.5208,0.5169,0.5197,21675399.0,2023-04-16 12:00:00
1681660800000,0.5197,0.5244,0.5183,0.5208,25737054.0,2023-04-16 16:00:00
1681675200000,0.5208,0.523,0.5179,0.5209,24362339.0,2023-04-16 20:00:00
1681689600000,0.5208,0.521,0.5085,0.5131,75076141.0,2023-04-17 00:00:00
1681704000000,0.513,0.5161,0.5107,0.5128,43929516.0,2023-04-17 04:00:00
1681718400000,0.5128,0.5151,0.5107,0.5127,44408546.0,2023-04-17 08:00:00
1681732800000,0.5126,0.514,0.5066,0.508,57790755.0,2023-04-17 12:00:00
1681747200000,0.508,0.5119,0.5071,0.5102,45460129.0,2023-04-17 16:00:00
1681761600000,0.5103,0.513,0.5094,0.5109,33084667.0,2023-04-17 20:00:00
1681776000000,0.511,0.5132,0.5092,0.5126,48372535.0,2023-04-18 00:00:00
1681790400000,0.5126,0.5185,0.5122,0.5157,51117440.0,2023-04-18 04:00:00
1681804800000,0.5156,0.5208,0.5129,0.5202,54663566.0,2023-04-18 08:00:00
1681819200000,0.5202,0.5264,0.5172,0.5204,77467646.0,2023-04-18 12:00:00
1681833600000,0.5204,0.5223,0.5158,0.5214,52736694.0,2023-04-18 16:00:00
1681848000000,0.5214,0.5391,0.52,0.5324,73754589.0,2023-04-18 20:00:00
1681862400000,0.5325,0.5375,0.5237,0.5262,60163766.0,2023-04-19 00:00:00
1681876800000,0.5262,0.5332,0.5201,0.5215,70797932.0,2023-04-19 04:00:00
1681891200000,0.5215,0.522,0.471,0.4978,239246194.0,2023-04-19 08:00:00
1681905600000,0.4977,0.5022,0.4946,0.4967,95384238.0,2023-04-19 12:00:00
1681920000000,0.4968,0.4994,0.4911,0.4949,69824809.0,2023-04-19 16:00:00
1681934400000,0.4949,0.4971,0.4846,0.4911,84736340.0,2023-04-19 20:00:00
1681948800000,0.4911,0.4958,0.4865,0.4943,53420423.0,2023-04-20 00:00:00
1681963200000,0.4944,0.4993,0.4921,0.4926,46224096.0,2023-04-20 04:00:00
1681977600000,0.4925,0.496,0.4875,0.4882,68451087.0,2023-04-20 08:00:00
1681992000000,0.4882,0.4939,0.4805,0.4811,84868366.0,2023-04-20 12:00:00
1682006400000,0.481,0.481,0.465,0.4709,155376330.0,2023-04-20 16:00:00
1682020800000,0.4708,0.4756,0.4682,0.4752,46657211.0,2023-04-20 20:00:00
1682035200000,0.4752,0.4775,0.4693,0.4766,56747975.0,2023-04-21 00:00:00
1682049600000,0.4765,0.4792,0.4661,0.4716,72025825.0,2023-04-21 04:00:00
1682064000000,0.4716,0.4736,0.4644,0.4672,46376976.0,2023-04-21 08:00:00
1682078400000,0.4672,0.4702,0.4589,0.4607,77700983.0,2023-04-21 12:00:00
1682092800000,0.4607,0.4633,0.4411,0.4448,113278216.0,2023-04-21 16:00:00
1682107200000,0.4447,0.4495,0.4403,0.4491,59079850.0,2023-04-21 20:00:00
1682121600000,0.4491,0.4522,0.4455,0.4517,33748331.0,2023-04-22 00:00:00
1682136000000,0.4516,0.4556,0.4494,0.4506,25068131.0,2023-04-22 04:00:00
1682150400000,0.4506,0.4554,0.4501,0.4538,27655079.0,2023-04-22 08:00:00
1682164800000,0.4539,0.4761,0.4533,0.4676,89984383.0,2023-04-22 12:00:00
1682179200000,0.4677,0.4751,0.4671,0.4693,34551108.0,2023-04-22 16:00:00
1682193600000,0.4693,0.4736,0.4679,0.4719,31014923.0,2023-04-22 20:00:00
1682208000000,0.472,0.472,0.4612,0.4672,44026826.0,2023-04-23 00:00:00
1682222400000,0.4673,0.4719,0.4663,0.4716,23835992.0,2023-04-23 04:00:00
1682236800000,0.4717,0.4719,0.4649,0.4691,26373776.0,2023-04-23 08:00:00
1682251200000,0.4691,0.4701,0.4569,0.4608,42862093.0,2023-04-23 12:00:00
1682265600000,0.4609,0.4641,0.4526,0.4605,52283132.0,2023-04-23 16:00:00
1682280000000,0.4606,0.4655,0.4587,0.4647,32809478.0,2023-04-23 20:00:00
1682294400000,0.4648,0.4857,0.4627,0.4716,100779541.0,2023-04-24 00:00:00
1682308800000,0.4716,0.4737,0.46,0.4608,68530250.0,2023-04-24 04:00:00
1682323200000,0.4607,0.4669,0.456,0.4654,63621072.0,2023-04-24 08:00:00
1682337600000,0.4653,0.4669,0.4573,0.4578,63750364.0,2023-04-24 12:00:00
1682352000000,0.4578,0.4606,0.4469,0.4605,72520373.0,2023-04-24 16:00:00
1682366400000,0.4605,0.4636,0.4587,0.4611,39225160.0,2023-04-24 20:00:00
1682380800000,0.461,0.4629,0.4566,0.4595,58661521.0,2023-04-25 00:00:00
1682395200000,0.4594,0.4619,0.4533,0.4549,63788779.0,2023-04-25 04:00:00
1682409600000,0.4548,0.4576,0.4506,0.4567,63417655.0,2023-04-25 08:00:00
1682424000000,0.4567,0.4587,0.4508,0.4541,72386883.0,2023-04-25 12:00:00
1682438400000,0.4541,0.4643,0.4532,0.4637,63834606.0,2023-04-25 16:00:00
1682452800000,0.4638,0.4723,0.4637,0.4695,54966854.0,2023-04-25 20:00:00
1682467200000,0.4696,0.4714,0.4657,0.4667,46833594.0,2023-04-26 00:00:00
1682481600000,0.4667,0.4718,0.466,0.4674,54180538.0,2023-04-26 04:00:00
1682496000000,0.4675,0.4749,0.4673,0.473,84970473.0,2023-04-26 08:00:00
1682510400000,0.473,0.4831,0.4728,0.4778,106022515.0,2023-04-26 12:00:00
1682524800000,0.4778,0.4788,0.4413,0.4484,133206954.0,2023-04-26 16:00:00
1682539200000,0.4483,0.4623,0.4329,0.4618,125941317.0,2023-04-26 20:00:00
1682553600000,0.4618,0.4699,0.4585,0.4623,82856004.0,2023-04-27 00:00:00
1682568000000,0.4623,0.4659,0.457,0.4606,47306531.0,2023-04-27 04:00:00
1682582400000,0.4606,0.462,0.4561,0.4595,55579861.0,2023-04-27 08:00:00
1682596800000,0.4594,0.4641,0.4557,0.46,70713607.0,2023-04-27 12:00:00
1682611200000,0.4601,0.4693,0.458,0.4668,50069577.0,2023-04-27 16:00:00
1682625600000,0.4669,0.4684,0.4622,0.4667,39231405.0,2023-04-27 20:00:00
1682640000000,0.4666,0.4683,0.4637,0.4679,41308041.0,2023-04-28 00:00:00
1682654400000,0.4678,0.483,0.4678,0.4762,96005170.0,2023-04-28 04:00:00
1682668800000,0.4762,0.4763,0.4687,0.4707,63803860.0,2023-04-28 08:00:00
1682683200000,0.4706,0.4743,0.4649,0.4697,83570189.0,2023-04-28 12:00:00
1682697600000,0.4697,0.478,0.4682,0.4751,51819082.0,2023-04-28 16:00:00
1682712000000,0.4751,0.4819,0.4751,0.4796,48411170.0,2023-04-28 20:00:00
1682726400000,0.4795,0.4869,0.4774,0.4807,57825119.0,2023-04-29 00:00:00
1682740800000,0.4807,0.4818,0.4776,0.4782,20071002.0,2023-04-29 04:00:00
1682755200000,0.4782,0.4825,0.4759,0.4806,30881033.0,2023-04-29 08:00:00
1682769600000,0.4807,0.4819,0.4774,0.4782,25573001.0,2023-04-29 12:00:00
1682784000000,0.4782,0.4796,0.4709,0.4784,27603614.0,2023-04-29 16:00:00
1682798400000,0.4783,0.4792,0.4763,0.478,13579738.0,2023-04-29 20:00:00
1682812800000,0.4779,0.478,0.4735,0.4743,19338961.0,2023-04-30 00:00:00
1682827200000,0.4744,0.4778,0.4739,0.4757,13944243.0,2023-04-30 04:00:00
1682841600000,0.4757,0.4774,0.4743,0.4751,17466766.0,2023-04-30 08:00:00
1682856000000,0.475,0.4819,0.4743,0.4789,28043035.0,2023-04-30 12:00:00
1682870400000,0.479,0.4814,0.4734,0.4756,27508781.0,2023-04-30 16:00:00
1682884800000,0.4756,0.4756,0.4687,0.4705,36897425.0,2023-04-30 20:00:00
1682899200000,0.4705,0.4724,0.4591,0.4648,88154042.0,2023-05-01 00:00:00
1682913600000,0.4647,0.4655,0.4619,0.4631,44297239.0,2023-05-01 04:00:00
1682928000000,0.4631,0.4656,0.4624,0.4651,35147121.0,2023-05-01 08:00:00
1682942400000,0.4651,0.4675,0.4579,0.4603,70041191.0,2023-05-01 12:00:00
1682956800000,0.4602,0.4615,0.4544,0.4597,58303988.0,2023-05-01 16:00:00
1682971200000,0.4596,0.4652,0.4593,0.4649,42287837.0,2023-05-01 20:00:00
1682985600000,0.4648,0.4651,0.4588,0.4638,55767538.0,2023-05-02 00:00:00
1683000000000,0.4638,0.4656,0.4617,0.4635,48631946.0,2023-05-02 04:00:00
1683014400000,0.4635,0.4648,0.4598,0.4608,59766261.0,2023-05-02 08:00:00
1683028800000,0.4607,0.4646,0.4583,0.4624,80046787.0,2023-05-02 12:00:00
1683043200000,0.4624,0.4649,0.4574,0.4633,50775058.0,2023-05-02 16:00:00
1683057600000,0.4633,0.4662,0.4633,0.4645,35746765.0,2023-05-02 20:00:00
1683072000000,0.4644,0.465,0.4597,0.4621,39094051.0,2023-05-03 00:00:00
1683086400000,0.462,0.4622,0.4552,0.4582,55203120.0,2023-05-03 04:00:00
1683100800000,0.4582,0.4606,0.4546,0.4552,48841757.0,2023-05-03 08:00:00
1683115200000,0.4551,0.4554,0.4497,0.453,67844463.0,2023-05-03 12:00:00
1683129600000,0.4529,0.458,0.4505,0.455,78789035.0,2023-05-03 16:00:00
1683144000000,0.4549,0.4655,0.4546,0.4632,51460212.0,2023-05-03 20:00:00
1683158400000,0.4633,0.4644,0.4599,0.4642,53146471.0,2023-05-04 00:00:00
1683172800000,0.4642,0.465,0.4609,0.4615,29311429.0,2023-05-04 04:00:00
1683187200000,0.4616,0.4622,0.4584,0.46,45854366.0,2023-05-04 08:00:00
1683201600000,0.4601,0.461,0.4559,0.4559,41822005.0,2023-05-04 12:00:00
1683216000000,0.4559,0.4594,0.4547,0.4591,29362356.0,2023-05-04 16:00:00
1683230400000,0.4591,0.4615,0.4583,0.4608,18715915.0,2023-05-04 20:00:00
1683244800000,0.4608,0.465,0.4606,0.4637,36351376.0,2023-05-05 00:00:00
1683259200000,0.4636,0.4648,0.4603,0.4607,40387708.0,2023-05-05 04:00:00
1683273600000,0.4606,0.4622,0.4582,0.4609,47568086.0,2023-05-05 08:00:00
1683288000000,0.4609,0.4638,0.4545,0.463,67545505.0,2023-05-05 12:00:00
1683302400000,0.463,0.4706,0.4627,0.4671,71572063.0,2023-05-05 16:00:00
1683316800000,0.4671,0.4683,0.4657,0.4671,29430882.0,2023-05-05 20:00:00
1683331200000,0.4671,0.4695,0.462,0.4631,27894472.0,2023-05-06 00:00:00
1683345600000,0.463,0.4648,0.4616,0.4622,18775530.0,2023-05-06 04:00:00
1683360000000,0.4622,0.4622,0.4591,0.4616,27812104.0,2023-05-06 08:00:00
1683374400000,0.4617,0.4618,0.4512,0.4543,64480532.0,2023-05-06 12:00:00
1683388800000,0.4543,0.4594,0.4537,0.4575,19693373.0,2023-05-06 16:00:00
1683403200000,0.4576,0.4589,0.4553,0.4582,9993965.0,2023-05-06 20:00:00
1683417600000,0.4582,0.4601,0.4544,0.4555,18548608.0,2023-05-07 00:00:00
1683432000000,0.4555,0.4582,0.4555,0.4576,12980992.0,2023-05-07 04:00:00
1683446400000,0.4577,0.4583,0.4562,0.4573,12556584.0,2023-05-07 08:00:00
1683460800000,0.4574,0.4598,0.4573,0.4582,19766270.0,2023-05-07 12:00:00
1683475200000,0.4583,0.4592,0.4547,0.4555,16554249.0,2023-05-07 16:00:00
1683489600000,0.4555,0.4572,0.4457,0.449,38994512.0,2023-05-07 20:00:00
1683504000000,0.4491,0.4512,0.424,0.4382,118207607.0,2023-05-08 00:00:00
1683518400000,0.4381,0.4411,0.4327,0.4355,60320165.0,2023-05-08 04:00:00
1683532800000,0.4354,0.4374,0.4313,0.4366,74953057.0,2023-05-08 08:00:00
1683547200000,0.4366,0.4375,0.4328,0.4334,47711412.0,2023-05-08 12:00:00
1683561600000,0.4334,0.434,0.41,0.4202,133003387.0,2023-05-08 16:00:00
1683576000000,0.4202,0.4295,0.4196,0.4283,48860305.0,2023-05-08 20:00:00
1683590400000,0.4283,0.4288,0.4225,0.4237,59427732.0,2023-05-09 00:00:00
1683604800000,0.4237,0.4274,0.4205,0.426,57321804.0,2023-05-09 04:00:00
1683619200000,0.4259,0.426,0.4202,0.4244,72431620.0,2023-05-09 08:00:00
1683633600000,0.4244,0.4271,0.4211,0.4218,53525144.0,2023-05-09 12:00:00
1683648000000,0.4217,0.4258,0.4212,0.4253,47407642.0,2023-05-09 16:00:00
1683662400000,0.4253,0.4308,0.4244,0.4289,41383940.0,2023-05-09 20:00:00
1683676800000,0.4289,0.434,0.4275,0.4285,41103880.0,2023-05-10 00:00:00
1683691200000,0.4286,0.4317,0.4256,0.4258,46768427.0,2023-05-10 04:00:00
1683705600000,0.4257,0.427,0.4231,0.4259,46688512.0,2023-05-10 08:00:00
1683720000000,0.4259,0.4335,0.4235,0.4296,59526242.0,2023-05-10 12:00:00
1683734400000,0.4296,0.431,0.4119,0.4298,104714820.0,2023-05-10 16:00:00
1683748800000,0.4299,0.434,0.4272,0.4303,36128359.0,2023-05-10 20:00:00
1683763200000,0.4303,0.4305,0.4258,0.4283,39140570.0,2023-05-11 00:00:00
1683777600000,0.4283,0.4292,0.4237,0.4254,43435753.0,2023-05-11 04:00:00
1683792000000,0.4253,0.4256,0.4213,0.425,45351023.0,2023-05-11 08:00:00
1683806400000,0.425,0.4275,0.4166,0.4196,77099091.0,2023-05-11 12:00:00
1683820800000,0.4196,0.4205,0.4114,0.416,56118141.0,2023-05-11 16:00:00
1683835200000,0.416,0.4223,0.4155,0.4207,27625233.0,2023-05-11 20:00:00
1683849600000,0.4207,0.4229,0.4164,0.4173,41771988.0,2023-05-12 00:00:00
1683864000000,0.4173,0.4446,0.4165,0.4239,159534001.0,2023-05-12 04:00:00
1683878400000,0.4238,0.4327,0.4238,0.4279,64130987.0,2023-05-12 08:00:00
1683892800000,0.4279,0.4305,0.424,0.4243,46825344.0,2023-05-12 12:00:00
1683907200000,0.4242,0.4254,0.4157,0.4247,59730037.0,2023-05-12 16:00:00
1683921600000,0.4247,0.4318,0.4232,0.4305,36765293.0,2023-05-12 20:00:00
1683936000000,0.4305,0.4306,0.4256,0.4264,19071017.0,2023-05-13 00:00:00
1683950400000,0.4264,0.4276,0.4247,0.4268,19689372.0,2023-05-13 04:00:00
1683964800000,0.4268,0.428,0.4254,0.4264,18243793.0,2023-05-13 08:00:00
1683979200000,0.4264,0.4272,0.4227,0.4255,20980884.0,2023-05-13 12:00:00
1683993600000,0.4254,0.4277,0.4239,0.4254,11086987.0,2023-05-13 16:00:00
1684008000000,0.4254,0.4256,0.4236,0.424,13053230.0,2023-05-13 20:00:00
1684022400000,0.424,0.4274,0.421,0.4262,19827274.0,2023-05-14 00:00:00
1684036800000,0.4263,0.4274,0.425,0.4256,14715009.0,2023-05-14 04:00:00
1684051200000,0.4255,0.4267,0.4251,0.4263,10618719.0,2023-05-14 08:00:00
1684065600000,0.4262,0.4317,0.4254,0.4292,24084688.0,2023-05-14 12:00:00
1684080000000,0.4292,0.4296,0.4229,0.4246,20371207.0,2023-05-14 16:00:00
1684094400000,0.4246,0.4267,0.4238,0.4253,7900897.0,2023-05-14 20:00:00
1684108800000,0.4253,0.4291,0.4214,0.428,57498937.0,2023-05-15 00:00:00
1684123200000,0.4279,0.4304,0.4248,0.4254,56371713.0,2023-05-15 04:00:00
1684137600000,0.4253,0.4293,0.4244,0.4255,38882644.0,2023-05-15 08:00:00
1684152000000,0.4254,0.4273,0.4235,0.426,39440595.0,2023-05-15 12:00:00
1684166400000,0.4261,0.4285,0.4244,0.4284,38173761.0,2023-05-15 16:00:00
1684180800000,0.4284,0.4291,0.4256,0.4273,33175381.0,2023-05-15 20:00:00
1684195200000,0.4273,0.4282,0.4201,0.4243,64138968.0,2023-05-16 00:00:00
1684209600000,0.4243,0.4268,0.4222,0.4262,41724481.0,2023-05-16 04:00:00
1684224000000,0.4261,0.4262,0.4204,0.422,65970946.0,2023-05-16 08:00:00
1684238400000,0.422,0.4229,0.4174,0.4222,50686041.0,2023-05-16 12:00:00
1684252800000,0.4223,0.4253,0.4209,0.4228,34659633.0,2023-05-16 16:00:00
1684267200000,0.4227,0.443,0.4222,0.4425,100674839.0,2023-05-16 20:00:00
1684281600000,0.4426,0.4616,0.4399,0.459,137256751.0,2023-05-17 00:00:00
1684296000000,0.4591,0.4603,0.4455,0.4491,104944791.0,2023-05-17 04:00:00
1684310400000,0.4492,0.4493,0.4414,0.4451,94980443.0,2023-05-17 08:00:00
1684324800000,0.4452,0.4499,0.4375,0.4408,83244969.0,2023-05-17 12:00:00
1684339200000,0.4409,0.4504,0.4382,0.4479,55386531.0,2023-05-17 16:00:00
1684353600000,0.4478,0.4496,0.4446,0.4484,35517715.0,2023-05-17 20:00:00
1684368000000,0.4485,0.4487,0.443,0.4478,32744808.0,2023-05-18 00:00:00
1684382400000,0.4478,0.4505,0.444,0.4481,44043786.0,2023-05-18 04:00:00
1684396800000,0.4482,0.473,0.4446,0.4653,141284453.0,2023-05-18 08:00:00
1684411200000,0.4652,0.4696,0.4587,0.4606,82185354.0,2023-05-18 12:00:00
1684425600000,0.4605,0.4633,0.4485,0.4573,74595162.0,2023-05-18 16:00:00
1684440000000,0.4573,0.4656,0.456,0.4596,45438536.0,2023-05-18 20:00:00
1684454400000,0.4597,0.4683,0.4573,0.4665,52948880.0,2023-05-19 00:00:00
1684468800000,0.4665,0.4681,0.4592,0.4598,58366139.0,2023-05-19 04:00:00
1684483200000,0.4597,0.4661,0.4591,0.463,50843298.0,2023-05-19 08:00:00
1684497600000,0.463,0.4755,0.461,0.4655,94535366.0,2023-05-19 12:00:00
1684512000000,0.4655,0.4698,0.463,0.4657,40327801.0,2023-05-19 16:00:00
1684526400000,0.4656,0.4689,0.4644,0.4675,30902802.0,2023-05-19 20:00:00
1684540800000,0.4674,0.4685,0.4631,0.4643,24075946.0,2023-05-20 00:00:00
1684555200000,0.4643,0.4653,0.4618,0.4644,21490443.0,2023-05-20 04:00:00
1684569600000,0.4644,0.4694,0.4635,0.467,21705602.0,2023-05-20 08:00:00
1684584000000,0.4671,0.4683,0.4654,0.4664,24834730.0,2023-05-20 12:00:00
1684598400000,0.4663,0.4693,0.4653,0.4678,22494214.0,2023-05-20 16:00:00
1684612800000,0.4677,0.4719,0.4667,0.4685,18484492.0,2023-05-20 20:00:00
1684627200000,0.4685,0.4705,0.4676,0.4676,14222232.0,2023-05-21 00:00:00
1684641600000,0.4676,0.4706,0.4676,0.4691,14279534.0,2023-05-21 04:00:00
1684656000000,0.4691,0.4697,0.4643,0.4656,25650458.0,2023-05-21 08:00:00
1684670400000,0.4656,0.4664,0.4557,0.4596,37526206.0,2023-05-21 12:00:00
1684684800000,0.4596,0.4596,0.455,0.4587,36085553.0,2023-05-21 16:00:00
1684699200000,0.4587,0.4632,0.4561,0.4575,24341866.0,2023-05-21 20:00:00
1684713600000,0.4574,0.46,0.4496,0.4556,60139404.0,2023-05-22 00:00:00
1684728000000,0.4556,0.4674,0.4556,0.4611,54326001.0,2023-05-22 04:00:00
1684742400000,0.461,0.463,0.4579,0.4618,46123278.0,2023-05-22 08:00:00
1684756800000,0.4618,0.4638,0.4562,0.4568,55629077.0,2023-05-22 12:00:00
1684771200000,0.4567,0.461,0.4526,0.4606,44237075.0,2023-05-22 16:00:00
1684785600000,0.4606,0.4624,0.4596,0.4618,29534743.0,2023-05-22 20:00:00
1684800000000,0.4618,0.4669,0.4602,0.465,54745182.0,2023-05-23 00:00:00
1684814400000,0.465,0.4672,0.461,0.4623,51340892.0,2023-05-23 04:00:00
1684828800000,0.4622,0.4622,0.4593,0.4609,50020239.0,2023-05-23 08:00:00
1684843200000,0.4608,0.462,0.4583,0.4607,46390170.0,2023-05-23 12:00:00
1684857600000,0.4606,0.4633,0.459,0.4633,33752538.0,2023-05-23 16:00:00
1684872000000,0.4633,0.4658,0.4624,0.4651,34241985.0,2023-05-23 20:00:00
1684886400000,0.4651,0.4651,0.4548,0.4579,55344017.0,2023-05-24 00:00:00
1684900800000,0.4579,0.4609,0.4564,0.4569,51777233.0,2023-05-24 04:00:00
1684915200000,0.4568,0.4575,0.4531,0.4565,68549095.0,2023-05-24 08:00:00
1684929600000,0.4566,0.4573,0.446,0.4508,88474083.0,2023-05-24 12:00:00
1684944000000,0.4507,0.4539,0.4457,0.4527,44731130.0,2023-05-24 16:00:00
1684958400000,0.4528,0.4547,0.452,0.453,25252468.0,2023-05-24 20:00:00
1684972800000,0.453,0.454,0.4431,0.453,46896245.0,2023-05-25 00:00:00
1684987200000,0.453,0.4543,0.4489,0.4496,31825610.0,2023-05-25 04:00:00
1685001600000,0.4497,0.452,0.4471,0.452,29508321.0,2023-05-25 08:00:00
1685016000000,0.4519,0.4551,0.4475,0.4478,32923902.0,2023-05-25 12:00:00
1685030400000,0.4478,0.454,0.4462,0.4516,31136426.0,2023-05-25 16:00:00
1685044800000,0.4516,0.4547,0.4515,0.4538,17883933.0,2023-05-25 20:00:00
1685059200000,0.4538,0.4677,0.4524,0.4647,71735302.0,2023-05-26 00:00:00
1685073600000,0.4647,0.4662,0.4601,0.461,46922161.0,2023-05-26 04:00:00
1685088000000,0.4609,0.4673,0.4605,0.4659,43304645.0,2023-05-26 08:00:00
1685102400000,0.4659,0.4685,0.463,0.4631,49468409.0,2023-05-26 12:00:00
1685116800000,0.463,0.4669,0.4604,0.466,37035685.0,2023-05-26 16:00:00
1685131200000,0.466,0.4699,0.4656,0.4684,36178952.0,2023-05-26 20:00:00
1685145600000,0.4684,0.475,0.4656,0.4738,25280314.0,2023-05-27 00:00:00
1685160000000,0.4738,0.4792,0.4652,0.4739,73376813.0,2023-05-27 04:00:00
1685174400000,0.4738,0.4743,0.4701,0.472,22802303.0,2023-05-27 08:00:00
1685188800000,0.472,0.4735,0.466,0.4709,25131453.0,2023-05-27 12:00:00
1685203200000,0.4709,0.4719,0.4684,0.4707,15693575.0,2023-05-27 16:00:00
1685217600000,0.4707,0.4726,0.4694,0.4714,16514475.0,2023-05-27 20:00:00
1685232000000,0.4714,0.4741,0.4699,0.4733,26743185.0,2023-05-28 00:00:00
1685246400000,0.4733,0.4741,0.4708,0.4731,15103003.0,2023-05-28 04:00:00
1685260800000,0.473,0.4745,0.4713,0.4726,16341634.0,2023-05-28 08:00:00
1685275200000,0.4726,0.4733,0.4714,0.4724,18416119.0,2023-05-28 12:00:00
1685289600000,0.4723,0.4805,0.4717,0.4769,44450910.0,2023-05-28 16:00:00
1685304000000,0.4769,0.4863,0.4767,0.482,45479355.0,2023-05-28 20:00:00
1685318400000,0.482,0.4857,0.4802,0.481,45602600.0,2023-05-29 00:00:00
1685332800000,0.481,0.4834,0.4773,0.4805,43346628.0,2023-05-29 04:00:00
1685347200000,0.4805,0.4807,0.4774,0.4805,42818993.0,2023-05-29 08:00:00
1685361600000,0.4804,0.4829,0.4783,0.479,41462438.0,2023-05-29 12:00:00
1685376000000,0.479,0.4945,0.4761,0.4848,89914101.0,2023-05-29 16:00:00
1685390400000,0.4848,0.4954,0.484,0.4946,65390996.0,2023-05-29 20:00:00
1685404800000,0.4946,0.4991,0.4893,0.4972,72858442.0,2023-05-30 00:00:00
1685419200000,0.4971,0.505,0.4959,0.5014,103904508.0,2023-05-30 04:00:00
1685433600000,0.5013,0.506,0.4984,0.5025,76166700.0,2023-05-30 08:00:00
1685448000000,0.5026,0.5091,0.4937,0.5047,89160711.0,2023-05-30 12:00:00
1685462400000,0.5047,0.5258,0.5025,0.5202,218686110.0,2023-05-30 16:00:00
1685476800000,0.5202,0.5293,0.5086,0.5205,102114760.0,2023-05-30 20:00:00
1685491200000,0.5205,0.528,0.5162,0.5274,72464709.0,2023-05-31 00:00:00
1685505600000,0.5275,0.5276,0.5078,0.509,107769783.0,2023-05-31 04:00:00
1685520000000,0.509,0.5136,0.501,0.5113,91891090.0,2023-05-31 08:00:00
1685534400000,0.5113,0.5142,0.5014,0.5049,73036944.0,2023-05-31 12:00:00
1685548800000,0.505,0.5164,0.5009,0.5141,47852744.0,2023-05-31 16:00:00
1685563200000,0.5141,0.52,0.5116,0.5166,47901774.0,2023-05-31 20:00:00
1685577600000,0.5167,0.5167,0.5024,0.5083,110991138.0,2023-06-01 00:00:00
1685592000000,0.5082,0.509,0.5023,0.5047,57294114.0,2023-06-01 04:00:00
1685606400000,0.5046,0.5078,0.5028,0.5053,41049979.0,2023-06-01 08:00:00
1685620800000,0.5052,0.5083,0.5014,0.5053,43492515.0,2023-06-01 12:00:00
1685635200000,0.5053,0.5096,0.5031,0.5075,44930752.0,2023-06-01 16:00:00
1685649600000,0.5075,0.51,0.5052,0.5065,23023920.0,2023-06-01 20:00:00
1685664000000,0.5065,0.517,0.5033,0.516,58352370.0,2023-06-02 00:00:00
1685678400000,0.516,0.5197,0.514,0.5155,54994661.0,2023-06-02 04:00:00
1685692800000,0.5154,0.516,0.5132,0.5147,40928728.0,2023-06-02 08:00:00
1685707200000,0.5147,0.5195,0.512,0.5188,58691987.0,2023-06-02 12:00:00
1685721600000,0.5188,0.5271,0.5165,0.5265,48324432.0,2023-06-02 16:00:00
1685736000000,0.5265,0.5266,0.5219,0.5244,31756783.0,2023-06-02 20:00:00
1685750400000,0.5245,0.525,0.5192,0.5234,21039818.0,2023-06-03 00:00:00
1685764800000,0.5234,0.534,0.522,0.5245,46435197.0,2023-06-03 04:00:00
1685779200000,0.5245,0.5253,0.5214,0.5228,22566171.0,2023-06-03 08:00:00
1685793600000,0.5228,0.523,0.5175,0.5215,35284807.0,2023-06-03 12:00:00
1685808000000,0.5215,0.5232,0.5144,0.5201,32364710.0,2023-06-03 16:00:00
1685822400000,0.5201,0.522,0.5183,0.5188,14448426.0,2023-06-03 20:00:00
1685836800000,0.5188,0.5234,0.5151,0.5216,22435832.0,2023-06-04 00:00:00
1685851200000,0.5217,0.526,0.5196,0.5254,22767052.0,2023-06-04 04:00:00
1685865600000,0.5254,0.5269,0.5224,0.5245,26579363.0,2023-06-04 08:00:00
1685880000000,0.5246,0.5381,0.5236,0.5358,54222199.0,2023-06-04 12:00:00
1685894400000,0.5359,0.5397,0.5317,0.5383,46600786.0,2023-06-04 16:00:00
1685908800000,0.5382,0.547,0.5336,0.5359,77629936.0,2023-06-04 20:00:00
1685923200000,0.5359,0.5431,0.5277,0.5306,75945229.0,2023-06-05 00:00:00
1685937600000,0.5306,0.5405,0.5298,0.5344,67426215.0,2023-06-05 04:00:00
1685952000000,0.5343,0.5374,0.5303,0.5346,50076342.0,2023-06-05 08:00:00
1685966400000,0.5345,0.5388,0.503,0.5043,156274519.0,2023-06-05 12:00:00
1685980800000,0.5044,0.515,0.4867,0.5045,190870242.0,2023-06-05 16:00:00
1685995200000,0.5044,0.5126,0.4957,0.509,76401267.0,2023-06-05 20:00:00
1686009600000,0.5089,0.5118,0.5024,0.5063,69319859.0,2023-06-06 00:00:00
1686024000000,0.5063,0.5142,0.5037,0.5055,67386346.0,2023-06-06 04:00:00
1686038400000,0.5056,0.5118,0.5055,0.5088,45475030.0,2023-06-06 08:00:00
1686052800000,0.5087,0.5138,0.4952,0.5113,121975331.0,2023-06-06 12:00:00
1686067200000,0.5112,0.5296,0.507,0.5283,82913770.0,2023-06-06 16:00:00
1686081600000,0.5283,0.5328,0.5224,0.53,71343122.0,2023-06-06 20:00:00
1686096000000,0.53,0.5318,0.5238,0.5274,57507085.0,2023-06-07 00:00:00
1686110400000,0.5274,0.5384,0.5255,0.5261,80899279.0,2023-06-07 04:00:00
1686124800000,0.5262,0.533,0.5178,0.533,73984906.0,2023-06-07 08:00:00
1686139200000,0.533,0.5338,0.5129,0.5176,104885407.0,2023-06-07 12:00:00
1686153600000,0.5175,0.5191,0.507,0.5182,83666958.0,2023-06-07 16:00:00
1686168000000,0.5183,0.5269,0.5136,0.5183,66530540.0,2023-06-07 20:00:00
1686182400000,0.5183,0.522,0.5156,0.5178,49045200.0,2023-06-08 00:00:00
1686196800000,0.5177,0.524,0.5171,0.5199,49905426.0,2023-06-08 04:00:00
1686211200000,0.5199,0.5226,0.5159,0.5187,42065343.0,2023-06-08 08:00:00
1686225600000,0.5187,0.5257,0.517,0.5244,56888184.0,2023-06-08 12:00:00
1686240000000,0.5244,0.5249,0.5186,0.5235,31066140.0,2023-06-08 16:00:00
1686254400000,0.5235,0.5278,0.523,0.5236,34011958.0,2023-06-08 20:00:00
1686268800000,0.5237,0.5263,0.5214,0.5243,38697948.0,2023-06-09 00:00:00
1686283200000,0.5242,0.5265,0.5205,0.524,39001887.0,2023-06-09 04:00:00
1686297600000,0.5241,0.5297,0.5239,0.529,47574861.0,2023-06-09 08:00:00
1686312000000,0.529,0.5418,0.5283,0.5313,108540691.0,2023-06-09 12:00:00
1686326400000,0.5313,0.5352,0.5275,0.5316,49599617.0,2023-06-09 16:00:00
1686340800000,0.5315,0.54,0.5311,0.538,68653619.0,2023-06-09 20:00:00
1686355200000,0.538,0.5388,0.5202,0.5221,72331196.0,2023-06-10 00:00:00
1686369600000,0.5221,0.5248,0.472,0.4898,277167073.0,2023-06-10 04:00:00
1686384000000,0.4898,0.4956,0.4855,0.4953,74365895.0,2023-06-10 08:00:00
1686398400000,0.4954,0.4954,0.4864,0.4899,57980248.0,2023-06-10 12:00:00
1686412800000,0.4899,0.5073,0.483,0.5052,91443377.0,2023-06-10 16:00:00
1686427200000,0.5052,0.5119,0.5011,0.5067,36014530.0,2023-06-10 20:00:00
1686441600000,0.5067,0.5093,0.5032,0.5057,29424372.0,2023-06-11 00:00:00
1686456000000,0.5058,0.5077,0.5027,0.5055,24616274.0,2023-06-11 04:00:00
1686470400000,0.5056,0.51,0.5036,0.5085,26806018.0,2023-06-11 08:00:00
1686484800000,0.5085,0.5101,0.5055,0.5086,30787813.0,2023-06-11 12:00:00
1686499200000,0.5086,0.5293,0.5085,0.5249,64692561.0,2023-06-11 16:00:00
1686513600000,0.525,0.5285,0.5138,0.5208,44875442.0,2023-06-11 20:00:00
1686528000000,0.5209,0.5231,0.5086,0.5142,77561765.0,2023-06-12 00:00:00
1686542400000,0.5142,0.5182,0.5113,0.5126,51116081.0,2023-06-12 04:00:00
1686556800000,0.5125,0.5231,0.5113,0.5189,60979790.0,2023-06-12 08:00:00
1686571200000,0.5188,0.5207,0.5124,0.5146,51415958.0,2023-06-12 12:00:00
1686585600000,0.5146,0.5234,0.5123,0.5222,67416406.0,2023-06-12 16:00:00
1686600000000,0.5222,0.528,0.5211,0.5251,48057544.0,2023-06-12 20:00:00
1686614400000,0.5251,0.5283,0.5197,0.526,62493661.0,2023-06-13 00:00:00
1686628800000,0.5259,0.5316,0.5246,0.5298,60723732.0,2023-06-13 04:00:00
1686643200000,0.5299,0.5658,0.5265,0.5617,217757141.0,2023-06-13 08:00:00
1686657600000,0.5617,0.5631,0.5054,0.508,306509354.0,2023-06-13 12:00:00
1686672000000,0.508,0.5199,0.5066,0.5175,75238516.0,2023-06-13 16:00:00
1686686400000,0.5175,0.5246,0.5151,0.5192,48908780.0,2023-06-13 20:00:00
1686700800000,0.5193,0.5205,0.5104,0.514,61608360.0,2023-06-14 00:00:00
1686715200000,0.514,0.5162,0.4972,0.5008,91941496.0,2023-06-14 04:00:00
1686729600000,0.5008,0.5085,0.4995,0.5084,59934157.0,2023-06-14 08:00:00
1686744000000,0.5085,0.5096,0.5008,0.5025,59541076.0,2023-06-14 12:00:00
1686758400000,0.5026,0.5072,0.4931,0.5012,89629517.0,2023-06-14 16:00:00
1686772800000,0.5012,0.5021,0.461,0.4801,181741791.0,2023-06-14 20:00:00
1686787200000,0.4802,0.4843,0.4763,0.4821,57072159.0,2023-06-15 00:00:00
1686801600000,0.482,0.4858,0.4663,0.4702,81336204.0,2023-06-15 04:00:00
1686816000000,0.4703,0.478,0.4697,0.4764,49756397.0,2023-06-15 08:00:00
1686830400000,0.4765,0.4824,0.473,0.474,57070622.0,2023-06-15 12:00:00
1686844800000,0.474,0.4836,0.4688,0.481,54872700.0,2023-06-15 16:00:00
1686859200000,0.4809,0.4845,0.4748,0.4801,37634654.0,2023-06-15 20:00:00
1686873600000,0.4801,0.4821,0.475,0.4802,33970960.0,2023-06-16 00:00:00
1686888000000,0.4802,0.4833,0.4769,0.4771,45774775.0,2023-06-16 04:00:00
1686902400000,0.4771,0.4794,0.4562,0.463,98317774.0,2023-06-16 08:00:00
1686916800000,0.4629,0.4687,0.4558,0.4658,93206267.0,2023-06-16 12:00:00
1686931200000,0.4658,0.4773,0.4619,0.4731,74838528.0,2023-06-16 16:00:00
1686945600000,0.473,0.4764,0.4693,0.4759,30553358.0,2023-06-16 20:00:00
1686960000000,0.4758,0.4762,0.4694,0.4718,35714002.0,2023-06-17 00:00:00
1686974400000,0.4718,0.4869,0.4705,0.4801,62545856.0,2023-06-17 04:00:00
1686988800000,0.4801,0.4834,0.4772,0.4787,30432719.0,2023-06-17 08:00:00
1687003200000,0.4787,0.4822,0.4751,0.4786,29726251.0,2023-06-17 12:00:00
1687017600000,0.4786,0.4821,0.4776,0.4802,17668083.0,2023-06-17 16:00:00
1687032000000,0.4803,0.482,0.4784,0.4794,13492760.0,2023-06-17 20:00:00
1687046400000,0.4794,0.4832,0.4741,0.481,26196573.0,2023-06-18 00:00:00
1687060800000,0.4811,0.483,0.4785,0.4826,21413877.0,2023-06-18 04:00:00
1687075200000,0.4826,0.4899,0.4806,0.4876,37754496.0,2023-06-18 08:00:00
1687089600000,0.4876,0.4956,0.4836,0.493,43581300.0,2023-06-18 12:00:00
1687104000000,0.493,0.4977,0.4898,0.4952,36461681.0,2023-06-18 16:00:00
1687118400000,0.4952,0.4979,0.4832,0.4868,59612617.0,2023-06-18 20:00:00
1687132800000,0.4868,0.4926,0.4811,0.491,56601114.0,2023-06-19 00:00:00
1687147200000,0.4909,0.4947,0.4894,0.4899,48526558.0,2023-06-19 04:00:00
1687161600000,0.4899,0.4901,0.4855,0.4895,54300641.0,2023-06-19 08:00:00
1687176000000,0.4895,0.4917,0.4856,0.4887,42006474.0,2023-06-19 12:00:00
1687190400000,0.4888,0.4991,0.487,0.4948,84299098.0,2023-06-19 16:00:00
1687204800000,0.4948,0.4961,0.4918,0.4936,36453723.0,2023-06-19 20:00:00
1687219200000,0.4935,0.4967,0.4895,0.4904,49289987.0,2023-06-20 00:00:00
1687233600000,0.4904,0.4913,0.4841,0.4876,58458532.0,2023-06-20 04:00:00
1687248000000,0.4875,0.4877,0.4782,0.4835,63462730.0,2023-06-20 08:00:00
1687262400000,0.4835,0.4849,0.4716,0.4785,75776857.0,2023-06-20 12:00:00
1687276800000,0.4785,0.4902,0.4773,0.4891,84496362.0,2023-06-20 16:00:00
1687291200000,0.4891,0.4937,0.4882,0.4929,46841438.0,2023-06-20 20:00:00
1687305600000,0.4928,0.501,0.4892,0.4977,70692389.0,2023-06-21 00:00:00
1687320000000,0.4977,0.5034,0.4936,0.4974,78115741.0,2023-06-21 04:00:00
1687334400000,0.4975,0.498,0.4907,0.4948,58888844.0,2023-06-21 08:00:00
1687348800000,0.4947,0.4982,0.4905,0.4952,70088929.0,2023-06-21 12:00:00
1687363200000,0.4953,0.5021,0.4908,0.4982,88893219.0,2023-06-21 16:00:00
1687377600000,0.4983,0.5031,0.4935,0.4999,42070706.0,2023-06-21 20:00:00
1687392000000,0.4999,0.5272,0.4981,0.5165,112528889.0,2023-06-22 00:00:00
1687406400000,0.5164,0.5168,0.5078,0.5123,71045539.0,2023-06-22 04:00:00
1687420800000,0.5122,0.5129,0.4821,0.4935,112193091.0,2023-06-22 08:00:00
1687435200000,0.4936,0.5015,0.4872,0.4938,85593180.0,2023-06-22 12:00:00
1687449600000,0.4939,0.4993,0.4919,0.4991,29550862.0,2023-06-22 16:00:00
1687464000000,0.4991,0.4992,0.4928,0.4938,31818036.0,2023-06-22 20:00:00
1687478400000,0.4937,0.5013,0.4923,0.5003,33414662.0,2023-06-23 00:00:00
1687492800000,0.5003,0.5016,0.4917,0.4922,61796103.0,2023-06-23 04:00:00
1687507200000,0.4922,0.4954,0.4904,0.4924,47692672.0,2023-06-23 08:00:00
1687521600000,0.4924,0.4988,0.484,0.4982,85010335.0,2023-06-23 12:00:00
1687536000000,0.4981,0.5023,0.4932,0.5009,83021892.0,2023-06-23 16:00:00
1687550400000,0.5009,0.5017,0.4912,0.4961,34456266.0,2023-06-23 20:00:00
1687564800000,0.496,0.4961,0.4883,0.492,35643789.0,2023-06-24 00:00:00
1687579200000,0.4921,0.4947,0.4887,0.49,24197190.0,2023-06-24 04:00:00
1687593600000,0.49,0.4931,0.4895,0.4924,24467637.0,2023-06-24 08:00:00
1687608000000,0.4923,0.4944,0.478,0.484,58746800.0,2023-06-24 12:00:00
1687622400000,0.4841,0.4889,0.4805,0.4874,30515639.0,2023-06-24 16:00:00
1687636800000,0.4874,0.4882,0.4832,0.4865,19526461.0,2023-06-24 20:00:00
1687651200000,0.4865,0.4899,0.4829,0.4893,39689676.0,2023-06-25 00:00:00
1687665600000,0.4893,0.4919,0.4877,0.4901,32374749.0,2023-06-25 04:00:00
1687680000000,0.4902,0.4945,0.4899,0.4922,27552575.0,2023-06-25 08:00:00
1687694400000,0.4921,0.4977,0.4876,0.4891,45002428.0,2023-06-25 12:00:00
1687708800000,0.489,0.4927,0.4856,0.4889,28277087.0,2023-06-25 16:00:00
1687723200000,0.489,0.4922,0.4883,0.4903,18686655.0,2023-06-25 20:00:00
1687737600000,0.4903,0.4919,0.4826,0.4842,60749677.0,2023-06-26 00:00:00
1687752000000,0.4843,0.4867,0.4807,0.4846,47251482.0,2023-06-26 04:00:00
1687766400000,0.4845,0.4849,0.4782,0.4829,45769413.0,2023-06-26 08:00:00
1687780800000,0.4829,0.4876,0.4798,0.4849,46127862.0,2023-06-26 12:00:00
1687795200000,0.4848,0.485,0.4701,0.4791,72627116.0,2023-06-26 16:00:00
1687809600000,0.4791,0.4803,0.4726,0.479,32812477.0,2023-06-26 20:00:00
1687824000000,0.479,0.4831,0.4762,0.4824,39772358.0,2023-06-27 00:00:00
1687838400000,0.4824,0.4833,0.4774,0.4793,67169730.0,2023-06-27 04:00:00
1687852800000,0.4793,0.4824,0.4776,0.4811,46788647.0,2023-06-27 08:00:00
1687867200000,0.481,0.4851,0.4759,0.4793,61326023.0,2023-06-27 12:00:00
1687881600000,0.4793,0.4833,0.4777,0.4821,46530449.0,2023-06-27 16:00:00
1687896000000,0.482,0.4848,0.4812,0.4838,29996737.0,2023-06-27 20:00:00
1687910400000,0.4839,0.4844,0.4789,0.4824,39947540.0,2023-06-28 00:00:00
1687924800000,0.4823,0.4835,0.4705,0.4734,58449930.0,2023-06-28 04:00:00
1687939200000,0.4733,0.4776,0.4726,0.4753,32061594.0,2023-06-28 08:00:00
1687953600000,0.4753,0.4756,0.471,0.4749,52364767.0,2023-06-28 12:00:00
1687968000000,0.4749,0.4754,0.4493,0.4596,107126014.0,2023-06-28 16:00:00
1687982400000,0.4597,0.467,0.457,0.4647,35887920.0,2023-06-28 20:00:00
1687996800000,0.4648,0.4693,0.4612,0.4673,34508685.0,2023-06-29 00:00:00
1688011200000,0.4674,0.469,0.464,0.4666,37551716.0,2023-06-29 04:00:00
1688025600000,0.4666,0.4731,0.4665,0.4698,44362795.0,2023-06-29 08:00:00
1688040000000,0.4699,0.4729,0.4676,0.4698,43750220.0,2023-06-29 12:00:00
1688054400000,0.4698,0.4758,0.4695,0.4756,27434385.0,2023-06-29 16:00:00
1688068800000,0.4757,0.4773,0.4716,0.4747,23606757.0,2023-06-29 20:00:00
1688083200000,0.4747,0.4799,0.4683,0.4795,54073876.0,2023-06-30 00:00:00
1688097600000,0.4794,0.4827,0.4723,0.4757,51543006.0,2023-06-30 04:00:00
1688112000000,0.4756,0.4819,0.4743,0.4799,55046923.0,2023-06-30 08:00:00
1688126400000,0.4799,0.4824,0.4498,0.4649,139969105.0,2023-06-30 12:00:00
1688140800000,0.4648,0.4778,0.4621,0.4772,57392726.0,2023-06-30 16:00:00
1688155200000,0.4772,0.4779,0.4728,0.4729,35586603.0,2023-06-30 20:00:00
1688169600000,0.473,0.4732,0.464,0.4692,113808527.0,2023-07-01 00:00:00
1688184000000,0.4693,0.4716,0.4653,0.4707,38056215.0,2023-07-01 04:00:00
1688198400000,0.4707,0.4716,0.4683,0.4706,21613433.0,2023-07-01 08:00:00
1688212800000,0.4706,0.476,0.47,0.4719,34490054.0,2023-07-01 12:00:00
1688227200000,0.4719,0.4753,0.4706,0.4737,11621410.0,2023-07-01 16:00:00
1688241600000,0.4737,0.4748,0.4718,0.4732,12959770.0,2023-07-01 20:00:00
1688256000000,0.4732,0.4961,0.4697,0.4938,113766879.0,2023-07-02 00:00:00
1688270400000,0.4937,0.4937,0.4797,0.4835,55908989.0,2023-07-02 04:00:00
1688284800000,0.4836,0.4837,0.4782,0.4794,29021838.0,2023-07-02 08:00:00
1688299200000,0.4794,0.493,0.4758,0.4839,78275158.0,2023-07-02 12:00:00
1688313600000,0.4839,0.4876,0.4804,0.4842,35720379.0,2023-07-02 16:00:00
1688328000000,0.4841,0.4866,0.4809,0.4845,24461846.0,2023-07-02 20:00:00
1688342400000,0.4844,0.4869,0.4793,0.4826,54255301.0,2023-07-03 00:00:00
1688356800000,0.4826,0.4844,0.4784,0.4807,65638285.0,2023-07-03 04:00:00
1688371200000,0.4807,0.487,0.4796,0.4853,58289450.0,2023-07-03 08:00:00
1688385600000,0.4853,0.4869,0.4802,0.4849,67401496.0,2023-07-03 12:00:00
1688400000000,0.4849,0.4914,0.479,0.4901,67950454.0,2023-07-03 16:00:00
1688414400000,0.49,0.4909,0.487,0.489,43485363.0,2023-07-03 20:00:00
1688428800000,0.489,0.4934,0.4862,0.4929,53891425.0,2023-07-04 00:00:00
1688443200000,0.4929,0.4935,0.4869,0.4876,50277183.0,2023-07-04 04:00:00
1688457600000,0.4875,0.4903,0.4846,0.4884,51498140.0,2023-07-04 08:00:00
1688472000000,0.4883,0.4899,0.4816,0.4841,57442573.0,2023-07-04 12:00:00
1688486400000,0.4841,0.4891,0.4821,0.4867,51444447.0,2023-07-04 16:00:00
1688500800000,0.4867,0.4896,0.4861,0.4872,34885723.0,2023-07-04 20:00:00
1688515200000,0.4872,0.4919,0.4866,0.4915,35098794.0,2023-07-05 00:00:00
1688529600000,0.4916,0.4918,0.4868,0.4886,37597709.0,2023-07-05 04:00:00
1688544000000,0.4886,0.489,0.47,0.478,102741361.0,2023-07-05 08:00:00
1688558400000,0.478,0.4786,0.4696,0.4721,66323281.0,2023-07-05 12:00:00
1688572800000,0.4721,0.4781,0.4713,0.4766,27268673.0,2023-07-05 16:00:00
1688587200000,0.4767,0.4789,0.4757,0.4777,23590192.0,2023-07-05 20:00:00
1688601600000,0.4777,0.479,0.4736,0.478,31491872.0,2023-07-06 00:00:00
1688616000000,0.4781,0.4825,0.4772,0.4789,42145953.0,2023-07-06 04:00:00
1688630400000,0.4789,0.4842,0.4734,0.4752,64472460.0,2023-07-06 08:00:00
1688644800000,0.4751,0.4759,0.4612,0.4696,91599116.0,2023-07-06 12:00:00
1688659200000,0.4697,0.4701,0.4652,0.4679,37295188.0,2023-07-06 16:00:00
1688673600000,0.4678,0.4705,0.4617,0.4622,37120522.0,2023-07-06 20:00:00
1688688000000,0.4622,0.4695,0.4575,0.4688,52313424.0,2023-07-07 00:00:00
1688702400000,0.4687,0.4708,0.4618,0.4631,49908053.0,2023-07-07 04:00:00
1688716800000,0.463,0.4674,0.4628,0.4662,40970506.0,2023-07-07 08:00:00
1688731200000,0.4661,0.4699,0.4646,0.4673,40123939.0,2023-07-07 12:00:00
1688745600000,0.4672,0.4682,0.464,0.4669,24558220.0,2023-07-07 16:00:00
1688760000000,0.4669,0.4688,0.4662,0.4687,22814805.0,2023-07-07 20:00:00
1688774400000,0.4686,0.4686,0.4662,0.4673,17724761.0,2023-07-08 00:00:00
1688788800000,0.4673,0.4677,0.4649,0.4671,15473285.0,2023-07-08 04:00:00
1688803200000,0.467,0.4686,0.4657,0.4675,13703444.0,2023-07-08 08:00:00
1688817600000,0.4675,0.4698,0.4659,0.4692,17891039.0,2023-07-08 12:00:00
1688832000000,0.4692,0.4748,0.4671,0.4704,36601423.0,2023-07-08 16:00:00
1688846400000,0.4703,0.4717,0.4682,0.4704,14637929.0,2023-07-08 20:00:00
1688860800000,0.4705,0.4717,0.4695,0.4705,12226609.0,2023-07-09 00:00:00
1688875200000,0.4705,0.4708,0.4682,0.4695,10804371.0,2023-07-09 04:00:00
1688889600000,0.4694,0.4704,0.468,0.4692,12049098.0,2023-07-09 08:00:00
1688904000000,0.4691,0.4717,0.4664,0.4696,18630140.0,2023-07-09 12:00:00
1688918400000,0.4696,0.4713,0.4682,0.4697,13442791.0,2023-07-09 16:00:00
1688932800000,0.4697,0.4703,0.4672,0.468,12994946.0,2023-07-09 20:00:00
1688947200000,0.4681,0.4692,0.4622,0.4659,67252871.0,2023-07-10 00:00:00
1688961600000,0.4658,0.469,0.4654,0.4684,43821297.0,2023-07-10 04:00:00
1688976000000,0.4684,0.4739,0.4656,0.4715,66727760.0,2023-07-10 08:00:00
1688990400000,0.4715,0.4731,0.4705,0.4726,48758404.0,2023-07-10 12:00:00
1689004800000,0.4726,0.4796,0.4706,0.4791,62865321.0,2023-07-10 16:00:00
1689019200000,0.4791,0.48,0.4737,0.478,45120084.0,2023-07-10 20:00:00
1689033600000,0.478,0.4784,0.4744,0.4762,43304426.0,2023-07-11 00:00:00
1689048000000,0.4761,0.4779,0.4746,0.4763,39262627.0,2023-07-11 04:00:00
1689062400000,0.4762,0.4775,0.472,0.4738,51574975.0,2023-07-11 08:00:00
1689076800000,0.4737,0.4755,0.4718,0.4743,35542850.0,2023-07-11 12:00:00
1689091200000,0.4743,0.4744,0.4709,0.4739,26325385.0,2023-07-11 16:00:00
1689105600000,0.4739,0.4768,0.4735,0.4753,29671513.0,2023-07-11 20:00:00
1689120000000,0.4753,0.476,0.473,0.4754,28327081.0,2023-07-12 00:00:00
1689134400000,0.4754,0.4772,0.4738,0.4754,26787553.0,2023-07-12 04:00:00
1689148800000,0.4753,0.4755,0.4722,0.4738,38236277.0,2023-07-12 08:00:00
1689163200000,0.4738,0.4762,0.4693,0.471,49093807.0,2023-07-12 12:00:00
1689177600000,0.471,0.4723,0.4648,0.4683,55299575.0,2023-07-12 16:00:00
1689192000000,0.4684,0.4716,0.4678,0.471,22926462.0,2023-07-12 20:00:00
1689206400000,0.471,0.4728,0.4695,0.4721,30519177.0,2023-07-13 00:00:00
1689220800000,0.472,0.4732,0.4701,0.4714,36711321.0,2023-07-13 04:00:00
1689235200000,0.4715,0.4742,0.4706,0.4734,37318370.0,2023-07-13 08:00:00
1689249600000,0.4735,0.6472,0.4718,0.5905,466305313.0,2023-07-13 12:00:00
1689264000000,0.5906,0.938,0.583,0.8214,1515046072.0,2023-07-13 16:00:00
1689278400000,0.8213,0.8318,0.7702,0.8153,414070912.0,2023-07-13 20:00:00
1689292800000,0.8151,0.8253,0.7231,0.7833,418459830.0,2023-07-14 00:00:00
1689307200000,0.7832,0.8197,0.7639,0.7698,231888153.0,2023-07-14 04:00:00
1689321600000,0.7698,0.8073,0.767,0.7984,170172578.0,2023-07-14 08:00:00
1689336000000,0.7983,0.7998,0.7652,0.7777,143617411.0,2023-07-14 12:00:00
1689350400000,0.7776,0.7827,0.6686,0.6996,407466463.0,2023-07-14 16:00:00
1689364800000,0.6996,0.7258,0.6852,0.7179,153571083.0,2023-07-14 20:00:00
1689379200000,0.7178,0.7362,0.6919,0.7208,234047839.0,2023-07-15 00:00:00
1689393600000,0.7208,0.7334,0.7134,0.7251,104072610.0,2023-07-15 04:00:00
1689408000000,0.7251,0.7292,0.7108,0.7181,89381446.0,2023-07-15 08:00:00
1689422400000,0.7179,0.7338,0.7174,0.7233,102059473.0,2023-07-15 12:00:00
1689436800000,0.7233,0.7315,0.7011,0.7233,113795563.0,2023-07-15 16:00:00
1689451200000,0.7233,0.7236,0.7074,0.7145,59998788.0,2023-07-15 20:00:00
1689465600000,0.7144,0.7271,0.702,0.7118,109821919.0,2023-07-16 00:00:00
1689480000000,0.7118,0.7194,0.7069,0.715,51335713.0,2023-07-16 04:00:00
1689494400000,0.715,0.7621,0.7136,0.7496,235822778.0,2023-07-16 08:00:00
1689508800000,0.7496,0.7794,0.7416,0.7712,217704461.0,2023-07-16 12:00:00
1689523200000,0.7712,0.79,0.735,0.7421,232858669.0,2023-07-16 16:00:00
1689537600000,0.7421,0.7617,0.7377,0.7468,99100729.0,2023-07-16 20:00:00
1689552000000,0.7468,0.7599,0.7407,0.7571,66350817.0,2023-07-17 00:00:00
1689566400000,0.757,0.7571,0.7444,0.7495,70663756.0,2023-07-17 04:00:00
1689580800000,0.7494,0.7504,0.72,0.7358,144684942.0,2023-07-17 08:00:00
1689595200000,0.7357,0.7448,0.7272,0.739,72581237.0,2023-07-17 12:00:00
1689609600000,0.739,0.7662,0.7122,0.7343,200210105.0,2023-07-17 16:00:00
1689624000000,0.7342,0.7467,0.7309,0.7374,54381286.0,2023-07-17 20:00:00
1689638400000,0.7373,0.7485,0.7344,0.7383,50947088.0,2023-07-18 00:00:00
1689652800000,0.7383,0.7535,0.7304,0.7414,91719123.0,2023-07-18 04:00:00
1689667200000,0.7414,0.764,0.7366,0.7487,132448311.0,2023-07-18 08:00:00
1689681600000,0.7486,0.77,0.7433,0.758,133431354.0,2023-07-18 12:00:00
1689696000000,0.7581,0.772,0.7433,0.7621,103534422.0,2023-07-18 16:00:00
1689710400000,0.7622,0.785,0.7538,0.7779,85950311.0,2023-07-18 20:00:00
1689724800000,0.778,0.818,0.7715,0.7978,185336934.0,2023-07-19 00:00:00
1689739200000,0.7977,0.8044,0.7795,0.7892,135874125.0,2023-07-19 04:00:00
1689753600000,0.7892,0.7981,0.7685,0.7949,122445989.0,2023-07-19 08:00:00
1689768000000,0.7949,0.8126,0.791,0.8002,134790287.0,2023-07-19 12:00:00
1689782400000,0.8002,0.8547,0.7936,0.8346,227815271.0,2023-07-19 16:00:00
1689796800000,0.8347,0.8373,0.8115,0.8199,107233347.0,2023-07-19 20:00:00
1689811200000,0.8198,0.8489,0.8162,0.8325,106130356.0,2023-07-20 00:00:00
1689825600000,0.8324,0.8431,0.8135,0.8177,134861189.0,2023-07-20 04:00:00
1689840000000,0.8176,0.8248,0.8012,0.8082,114481666.0,2023-07-20 08:00:00
1689854400000,0.8082,0.8171,0.7791,0.7874,138391229.0,2023-07-20 12:00:00
1689868800000,0.7873,0.7967,0.7856,0.793,58130806.0,2023-07-20 16:00:00
1689883200000,0.793,0.8037,0.771,0.7942,91512275.0,2023-07-20 20:00:00
1689897600000,0.7942,0.7987,0.7845,0.7934,54454621.0,2023-07-21 00:00:00
1689912000000,0.7934,0.795,0.7741,0.7794,65851825.0,2023-07-21 04:00:00
1689926400000,0.7793,0.7819,0.7601,0.7741,93377997.0,2023-07-21 08:00:00
1689940800000,0.774,0.7802,0.7717,0.7756,65771770.0,2023-07-21 12:00:00
1689955200000,0.7755,0.7943,0.7705,0.784,86018826.0,2023-07-21 16:00:00
1689969600000,0.784,0.7841,0.7653,0.7713,45758935.0,2023-07-21 20:00:00
1689984000000,0.7713,0.7781,0.7658,0.7748,35229498.0,2023-07-22 00:00:00
1689998400000,0.7747,0.7759,0.7697,0.7741,25797573.0,2023-07-22 04:00:00
1690012800000,0.7742,0.7799,0.7641,0.7726,47420317.0,2023-07-22 08:00:00
1690027200000,0.7726,0.7726,0.7607,0.7674,49476564.0,2023-07-22 12:00:00
1690041600000,0.7674,0.771,0.7408,0.7474,90906064.0,2023-07-22 16:00:00
1690056000000,0.7474,0.7543,0.7215,0.7331,76154733.0,2023-07-22 20:00:00
1690070400000,0.733,0.7377,0.7149,0.7351,71026619.0,2023-07-23 00:00:00
1690084800000,0.735,0.7456,0.735,0.7382,56359650.0,2023-07-23 04:00:00
1690099200000,0.7382,0.7478,0.7356,0.7411,46073452.0,2023-07-23 08:00:00
1690113600000,0.7411,0.7431,0.736,0.7403,29798829.0,2023-07-23 12:00:00
1690128000000,0.7403,0.7525,0.7309,0.7374,62011613.0,2023-07-23 16:00:00
1690142400000,0.7374,0.7419,0.7323,0.7384,28541268.0,2023-07-23 20:00:00
1690156800000,0.7384,0.743,0.7223,0.7281,62194307.0,2023-07-24 00:00:00
1690171200000,0.728,0.7331,0.7184,0.724,62229581.0,2023-07-24 04:00:00
1690185600000,0.7239,0.724,0.6808,0.6931,163264297.0,2023-07-24 08:00:00
1690200000000,0.693,0.7,0.6817,0.6943,110287903.0,2023-07-24 12:00:00
1690214400000,0.6943,0.7089,0.6937,0.7037,75985751.0,2023-07-24 16:00:00
1690228800000,0.7037,0.7081,0.6979,0.7021,39650066.0,2023-07-24 20:00:00
1690243200000,0.702,0.7029,0.6894,0.6969,52955708.0,2023-07-25 00:00:00
1690257600000,0.6969,0.6978,0.6743,0.6802,71223679.0,2023-07-25 04:00:00
1690272000000,0.6802,0.6941,0.6779,0.6856,56675063.0,2023-07-25 08:00:00
1690286400000,0.6855,0.708,0.6852,0.7004,104302400.0,2023-07-25 12:00:00
1690300800000,0.7004,0.707,0.6953,0.7006,55101045.0,2023-07-25 16:00:00
1690315200000,0.7006,0.7163,0.6975,0.7089,53265328.0,2023-07-25 20:00:00
1690329600000,0.709,0.715,0.7012,0.7112,39655797.0,2023-07-26 00:00:00
1690344000000,0.7111,0.7111,0.6968,0.7005,52233829.0,2023-07-26 04:00:00
1690358400000,0.7005,0.704,0.6927,0.6978,39460310.0,2023-07-26 08:00:00
1690372800000,0.6977,0.7061,0.6965,0.7039,44148956.0,2023-07-26 12:00:00
1690387200000,0.7039,0.7192,0.695,0.7141,101155866.0,2023-07-26 16:00:00
1690401600000,0.7142,0.7313,0.7115,0.7161,92760537.0,2023-07-26 20:00:00
1690416000000,0.7161,0.7222,0.7081,0.7177,35750292.0,2023-07-27 00:00:00
1690430400000,0.7178,0.7216,0.71,0.7116,44875283.0,2023-07-27 04:00:00
1690444800000,0.7116,0.7192,0.7098,0.7163,33062575.0,2023-07-27 08:00:00
1690459200000,0.7162,0.7328,0.7061,0.7215,91006302.0,2023-07-27 12:00:00
1690473600000,0.7215,0.7287,0.71,0.7134,69985229.0,2023-07-27 16:00:00
1690488000000,0.7135,0.7163,0.7071,0.7139,37771179.0,2023-07-27 20:00:00
1690502400000,0.7138,0.7189,0.7113,0.7143,28503991.0,2023-07-28 00:00:00
1690516800000,0.7144,0.7151,0.705,0.706,52051309.0,2023-07-28 04:00:00
1690531200000,0.7059,0.7132,0.7021,0.7095,35906575.0,2023-07-28 08:00:00
1690545600000,0.7095,0.7176,0.7094,0.7126,42845482.0,2023-07-28 12:00:00
1690560000000,0.7125,0.7153,0.7084,0.7121,26923950.0,2023-07-28 16:00:00
1690574400000,0.712,0.7138,0.7099,0.712,14759537.0,2023-07-28 20:00:00
1690588800000,0.7119,0.713,0.7097,0.7109,13881948.0,2023-07-29 00:00:00
1690603200000,0.7109,0.7155,0.7107,0.7115,14374392.0,2023-07-29 04:00:00
1690617600000,0.7115,0.7126,0.7041,0.7084,27394459.0,2023-07-29 08:00:00
1690632000000,0.7084,0.7107,0.7071,0.7083,13727068.0,2023-07-29 12:00:00
1690646400000,0.7084,0.7147,0.7074,0.7144,20786271.0,2023-07-29 16:00:00
1690660800000,0.7145,0.7158,0.7111,0.7121,15439770.0,2023-07-29 20:00:00
1690675200000,0.7122,0.7123,0.7087,0.7102,14002662.0,2023-07-30 00:00:00
1690689600000,0.7102,0.712,0.7089,0.7102,11189281.0,2023-07-30 04:00:00
1690704000000,0.7102,0.7358,0.71,0.7196,82343762.0,2023-07-30 08:00:00
1690718400000,0.7197,0.7231,0.7119,0.7149,42581899.0,2023-07-30 12:00:00
1690732800000,0.7149,0.7176,0.6987,0.7034,44626431.0,2023-07-30 16:00:00
1690747200000,0.7034,0.7069,0.6825,0.7046,72828403.0,2023-07-30 20:00:00
1690761600000,0.7047,0.7118,0.7024,0.7063,40183851.0,2023-07-31 00:00:00
1690776000000,0.7063,0.708,0.7014,0.7049,34186769.0,2023-07-31 04:00:00
1690790400000,0.7048,0.7062,0.7014,0.7045,41263999.0,2023-07-31 08:00:00
1690804800000,0.7044,0.7072,0.694,0.6966,54966801.0,2023-07-31 12:00:00
1690819200000,0.6965,0.7205,0.6929,0.7152,98695990.0,2023-07-31 16:00:00
1690833600000,0.7151,0.7205,0.685,0.6976,109093547.0,2023-07-31 20:00:00
1690848000000,0.6976,0.6976,0.6732,0.6876,112949686.0,2023-08-01 00:00:00
1690862400000,0.6876,0.6928,0.686,0.6902,49231961.0,2023-08-01 04:00:00
1690876800000,0.6901,0.6923,0.6871,0.6876,38916135.0,2023-08-01 08:00:00
1690891200000,0.6876,0.6985,0.6813,0.694,72825610.0,2023-08-01 12:00:00
1690905600000,0.694,0.7035,0.691,0.6998,50793583.0,2023-08-01 16:00:00
1690920000000,0.6998,0.7082,0.6975,0.7069,41947343.0,2023-08-01 20:00:00
1690934400000,0.7069,0.7081,0.6994,0.7004,41426483.0,2023-08-02 00:00:00
1690948800000,0.7004,0.7016,0.6933,0.6948,38838227.0,2023-08-02 04:00:00
1690963200000,0.6948,0.6977,0.6922,0.6962,27425272.0,2023-08-02 08:00:00
1690977600000,0.6962,0.6963,0.6822,0.6873,69477467.0,2023-08-02 12:00:00
1690992000000,0.6873,0.6886,0.6762,0.6868,57924745.0,2023-08-02 16:00:00
1691006400000,0.6867,0.6892,0.6834,0.685,22233763.0,2023-08-02 20:00:00
1691020800000,0.6849,0.6875,0.6804,0.6827,33911503.0,2023-08-03 00:00:00
1691035200000,0.6827,0.6829,0.6654,0.6702,73425997.0,2023-08-03 04:00:00
1691049600000,0.6702,0.6707,0.6543,0.6657,100748054.0,2023-08-03 08:00:00
1691064000000,0.6657,0.6737,0.6594,0.671,63349177.0,2023-08-03 12:00:00
1691078400000,0.6709,0.6765,0.6683,0.6743,34731317.0,2023-08-03 16:00:00
1691092800000,0.6743,0.6776,0.6608,0.663,47380977.0,2023-08-03 20:00:00
1691107200000,0.6629,0.6675,0.661,0.6648,34752130.0,2023-08-04 00:00:00
1691121600000,0.6647,0.6675,0.6564,0.6591,49703122.0,2023-08-04 04:00:00
1691136000000,0.6591,0.6628,0.6557,0.6581,35704303.0,2023-08-04 08:00:00
1691150400000,0.6581,0.6664,0.6562,0.6635,52242832.0,2023-08-04 12:00:00
1691164800000,0.6635,0.6677,0.6494,0.6541,54553574.0,2023-08-04 16:00:00
1691179200000,0.6541,0.6556,0.625,0.6356,123929687.0,2023-08-04 20:00:00
1691193600000,0.6356,0.6358,0.6106,0.6237,101257746.0,2023-08-05 00:00:00
1691208000000,0.6236,0.6253,0.6184,0.6236,36451821.0,2023-08-05 04:00:00
1691222400000,0.6236,0.6326,0.6228,0.6274,35091068.0,2023-08-05 08:00:00
1691236800000,0.6273,0.6295,0.6207,0.6244,57534395.0,2023-08-05 12:00:00
1691251200000,0.6243,0.6325,0.6191,0.6274,41081901.0,2023-08-05 16:00:00
1691265600000,0.6274,0.6302,0.625,0.6288,19495442.0,2023-08-05 20:00:00
1691280000000,0.6288,0.637,0.627,0.6359,46432445.0,2023-08-06 00:00:00
1691294400000,0.6359,0.6388,0.6318,0.6331,30878889.0,2023-08-06 04:00:00
1691308800000,0.633,0.6378,0.6297,0.6332,27068444.0,2023-08-06 08:00:00
1691323200000,0.6333,0.6333,0.6238,0.6266,43957789.0,2023-08-06 12:00:00
1691337600000,0.6266,0.6302,0.6253,0.6275,20209718.0,2023-08-06 16:00:00
1691352000000,0.6276,0.632,0.6214,0.624,32975686.0,2023-08-06 20:00:00
1691366400000,0.624,0.6299,0.6209,0.6261,50143013.0,2023-08-07 00:00:00
1691380800000,0.6261,0.6289,0.6066,0.6121,90417305.0,2023-08-07 04:00:00
1691395200000,0.612,0.6214,0.6106,0.6198,57346486.0,2023-08-07 08:00:00
1691409600000,0.6199,0.621,0.6088,0.6163,99585187.0,2023-08-07 12:00:00
1691424000000,0.6162,0.6207,0.5967,0.617,114166764.0,2023-08-07 16:00:00
1691438400000,0.6169,0.6244,0.615,0.6236,34967037.0,2023-08-07 20:00:00
1691452800000,0.6235,0.6253,0.6174,0.6205,49661796.0,2023-08-08 00:00:00
1691467200000,0.6204,0.627,0.6182,0.6222,50708217.0,2023-08-08 04:00:00
1691481600000,0.6222,0.6238,0.6141,0.623,56019995.0,2023-08-08 08:00:00
1691496000000,0.623,0.6315,0.6206,0.629,74590476.0,2023-08-08 12:00:00
1691510400000,0.629,0.6437,0.6282,0.637,86306974.0,2023-08-08 16:00:00
1691524800000,0.637,0.6482,0.6356,0.6418,60549930.0,2023-08-08 20:00:00
1691539200000,0.6418,0.6482,0.6356,0.6398,42426394.0,2023-08-09 00:00:00
1691553600000,0.6398,0.6462,0.6381,0.6449,43534183.0,2023-08-09 04:00:00
1691568000000,0.6448,0.6491,0.6396,0.6449,55676111.0,2023-08-09 08:00:00
1691582400000,0.6449,0.6662,0.6445,0.6545,133576691.0,2023-08-09 12:00:00
1691596800000,0.6545,0.6654,0.6481,0.6602,66378062.0,2023-08-09 16:00:00
1691611200000,0.6602,0.6603,0.6314,0.6433,98676955.0,2023-08-09 20:00:00
1691625600000,0.6434,0.6445,0.6368,0.6377,42368972.0,2023-08-10 00:00:00
1691640000000,0.6376,0.6387,0.6241,0.6261,82821432.0,2023-08-10 04:00:00
1691654400000,0.6261,0.6325,0.6257,0.6285,41696840.0,2023-08-10 08:00:00
1691668800000,0.6285,0.6376,0.6284,0.6315,62106064.0,2023-08-10 12:00:00
1691683200000,0.6315,0.636,0.6244,0.6341,42751784.0,2023-08-10 16:00:00
1691697600000,0.6341,0.6354,0.6319,0.6331,22912920.0,2023-08-10 20:00:00
1691712000000,0.6331,0.6364,0.632,0.6353,33372216.0,2023-08-11 00:00:00
1691726400000,0.6352,0.6413,0.6318,0.6319,53772601.0,2023-08-11 04:00:00
1691740800000,0.6319,0.6331,0.6283,0.6331,47923929.0,2023-08-11 08:00:00
1691755200000,0.633,0.6345,0.6257,0.6288,45141171.0,2023-08-11 12:00:00
1691769600000,0.6288,0.6314,0.6269,0.6309,27085686.0,2023-08-11 16:00:00
1691784000000,0.6309,0.6334,0.6305,0.6318,18603226.0,2023-08-11 20:00:00
1691798400000,0.6317,0.6335,0.6283,0.6297,17847841.0,2023-08-12 00:00:00
1691812800000,0.6297,0.6309,0.6283,0.6304,9770474.0,2023-08-12 04:00:00
1691827200000,0.6303,0.6315,0.6291,0.6301,10285610.0,2023-08-12 08:00:00
1691841600000,0.6301,0.6311,0.6288,0.6308,14089619.0,2023-08-12 12:00:00
1691856000000,0.6309,0.6312,0.6224,0.6259,22177907.0,2023-08-12 16:00:00
1691870400000,0.6259,0.6289,0.6249,0.6276,13117923.0,2023-08-12 20:00:00
1691884800000,0.6276,0.6301,0.626,0.6294,12465467.0,2023-08-13 00:00:00
1691899200000,0.6293,0.6294,0.6264,0.6292,8856350.0,2023-08-13 04:00:00
1691913600000,0.6292,0.6296,0.6267,0.6276,12552197.0,2023-08-13 08:00:00
1691928000000,0.6276,0.6299,0.6266,0.6281,14816570.0,2023-08-13 12:00:00
1691942400000,0.6281,0.6385,0.6276,0.6358,43044783.0,2023-08-13 16:00:00
1691956800000,0.6358,0.6369,0.6235,0.6256,45573411.0,2023-08-13 20:00:00
1691971200000,0.6256,0.6309,0.6241,0.6301,43315022.0,2023-08-14 00:00:00
1691985600000,0.6301,0.6344,0.6261,0.6262,68186201.0,2023-08-14 04:00:00
1692000000000,0.6262,0.63,0.6258,0.6283,35221146.0,2023-08-14 08:00:00
1692014400000,0.6283,0.6329,0.6265,0.6319,40693941.0,2023-08-14 12:00:00
1692028800000,0.6319,0.6325,0.6248,0.6286,38815237.0,2023-08-14 16:00:00
1692043200000,0.6286,0.6369,0.6281,0.6343,33943689.0,2023-08-14 20:00:00
1692057600000,0.6342,0.6348,0.629,0.6313,28358193.0,2023-08-15 00:00:00
1692072000000,0.6314,0.6318,0.6256,0.6272,45048839.0,2023-08-15 04:00:00
1692086400000,0.6272,0.6288,0.6258,0.626,35856989.0,2023-08-15 08:00:00
1692100800000,0.6259,0.6287,0.6214,0.6252,43411109.0,2023-08-15 12:00:00
1692115200000,0.6251,0.6268,0.58,0.6025,175576003.0,2023-08-15 16:00:00
1692129600000,0.6025,0.6107,0.6012,0.6104,60105069.0,2023-08-15 20:00:00
1692144000000,0.6104,0.6104,0.6059,0.6079,59031682.0,2023-08-16 00:00:00
1692158400000,0.608,0.617,0.5987,0.6025,135635934.0,2023-08-16 04:00:00
1692172800000,0.6025,0.6034,0.5948,0.6001,62372469.0,2023-08-16 08:00:00
1692187200000,0.6001,0.6001,0.5874,0.5945,96894366.0,2023-08-16 12:00:00
1692201600000,0.5944,0.6029,0.5917,0.5962,61000550.0,2023-08-16 16:00:00
1692216000000,0.5962,0.5975,0.572,0.5889,166683878.0,2023-08-16 20:00:00
1692230400000,0.589,0.5948,0.5792,0.5909,65363978.0,2023-08-17 00:00:00
1692244800000,0.5909,0.5939,0.5868,0.5899,44019195.0,2023-08-17 04:00:00
1692259200000,0.5899,0.5919,0.5833,0.5847,63101906.0,2023-08-17 08:00:00
1692273600000,0.5848,0.5886,0.5731,0.5762,100806736.0,2023-08-17 12:00:00
1692288000000,0.5762,0.5799,0.568,0.5762,93987584.0,2023-08-17 16:00:00
1692302400000,0.5763,0.577,0.4226,0.5064,480323129.0,2023-08-17 20:00:00
1692316800000,0.5064,0.5166,0.4829,0.4937,142650999.0,2023-08-18 00:00:00
1692331200000,0.4937,0.523,0.4867,0.506,170333228.0,2023-08-18 04:00:00
1692345600000,0.5059,0.5107,0.5015,0.5086,98270011.0,2023-08-18 08:00:00
1692360000000,0.5087,0.5124,0.4982,0.5026,124452964.0,2023-08-18 12:00:00
1692374400000,0.5027,0.5087,0.4883,0.5002,140749873.0,2023-08-18 16:00:00
1692388800000,0.5002,0.511,0.5,0.5062,48382823.0,2023-08-18 20:00:00
1692403200000,0.5062,0.51,0.5028,0.5056,37184228.0,2023-08-19 00:00:00
1692417600000,0.5057,0.5073,0.5006,0.5054,29398107.0,2023-08-19 04:00:00
1692432000000,0.5054,0.5076,0.503,0.5035,35866135.0,2023-08-19 08:00:00
1692446400000,0.5035,0.5249,0.503,0.5218,91592813.0,2023-08-19 12:00:00
1692460800000,0.5217,0.5243,0.516,0.5198,62592425.0,2023-08-19 16:00:00
1692475200000,0.5197,0.5214,0.5124,0.5199,42296571.0,2023-08-19 20:00:00
1692489600000,0.52,0.5219,0.516,0.5185,43077907.0,2023-08-20 00:00:00
1692504000000,0.5184,0.5288,0.5179,0.5283,47316250.0,2023-08-20 04:00:00
1692518400000,0.5283,0.5582,0.5251,0.5454,179211429.0,2023-08-20 08:00:00
1692532800000,0.5454,0.5502,0.533,0.5389,101517901.0,2023-08-20 12:00:00
1692547200000,0.5389,0.5439,0.531,0.5419,52797976.0,2023-08-20 16:00:00
1692561600000,0.5419,0.5456,0.5369,0.5384,28988548.0,2023-08-20 20:00:00
1692576000000,0.5385,0.5398,0.5307,0.5323,53264505.0,2023-08-21 00:00:00
1692590400000,0.5323,0.5341,0.5173,0.521,118273928.0,2023-08-21 04:00:00
1692604800000,0.521,0.5264,0.5173,0.5258,92510435.0,2023-08-21 08:00:00
1692619200000,0.5258,0.5305,0.503,0.5108,163436634.0,2023-08-21 12:00:00
1692633600000,0.5107,0.526,0.5086,0.5219,66080795.0,2023-08-21 16:00:00
1692648000000,0.5219,0.527,0.5199,0.5245,35149948.0,2023-08-21 20:00:00
1692662400000,0.5245,0.5256,0.518,0.5214,46441267.0,2023-08-22 00:00:00
1692676800000,0.5214,0.5227,0.5158,0.5187,53744980.0,2023-08-22 04:00:00
1692691200000,0.5187,0.5198,0.5147,0.5172,64122032.0,2023-08-22 08:00:00
1692705600000,0.5172,0.5209,0.5091,0.5116,81378119.0,2023-08-22 12:00:00
1692720000000,0.5115,0.5173,0.5038,0.5116,91787452.0,2023-08-22 16:00:00
1692734400000,0.5116,0.5255,0.5032,0.521,84726219.0,2023-08-22 20:00:00
1692748800000,0.5211,0.5239,0.5177,0.5191,32070079.0,2023-08-23 00:00:00
1692763200000,0.5191,0.5228,0.517,0.5176,51789713.0,2023-08-23 04:00:00
1692777600000,0.5176,0.522,0.5169,0.5193,36357011.0,2023-08-23 08:00:00
1692792000000,0.5192,0.5239,0.5157,0.5233,52337571.0,2023-08-23 12:00:00
1692806400000,0.5232,0.5368,0.5225,0.5328,79549062.0,2023-08-23 16:00:00
1692820800000,0.5327,0.5334,0.5233,0.5301,34752521.0,2023-08-23 20:00:00
1692835200000,0.5302,0.5309,0.526,0.5287,32046735.0,2023-08-24 00:00:00
1692849600000,0.5286,0.5319,0.5267,0.5281,36417481.0,2023-08-24 04:00:00
1692864000000,0.5281,0.5288,0.5227,0.5245,49712784.0,2023-08-24 08:00:00
1692878400000,0.5244,0.5248,0.5132,0.5151,66600302.0,2023-08-24 12:00:00
1692892800000,0.5151,0.5186,0.5111,0.5165,41822292.0,2023-08-24 16:00:00
1692907200000,0.5165,0.5198,0.5118,0.5187,25554739.0,2023-08-24 20:00:00
1692921600000,0.5187,0.5211,0.5132,0.5171,39022471.0,2023-08-25 00:00:00
1692936000000,0.5171,0.5186,0.5083,0.5098,51350061.0,2023-08-25 04:00:00
1692950400000,0.5098,0.5149,0.5078,0.5142,55206216.0,2023-08-25 08:00:00
1692964800000,0.5141,0.5258,0.5117,0.5163,95022476.0,2023-08-25 12:00:00
1692979200000,0.5163,0.5319,0.5141,0.5253,56490120.0,2023-08-25 16:00:00
1692993600000,0.5252,0.5274,0.5225,0.5258,29032904.0,2023-08-25 20:00:00
1693008000000,0.5258,0.5267,0.5226,0.5238,15015688.0,2023-08-26 00:00:00
1693022400000,0.5238,0.5239,0.5178,0.5213,28712195.0,2023-08-26 04:00:00
1693036800000,0.5214,0.5242,0.5201,0.5231,16307271.0,2023-08-26 08:00:00
1693051200000,0.5231,0.5283,0.5211,0.5254,23294475.0,2023-08-26 12:00:00
1693065600000,0.5254,0.5269,0.5234,0.5262,14533073.0,2023-08-26 16:00:00
1693080000000,0.5263,0.5275,0.5217,0.5231,12573392.0,2023-08-26 20:00:00
1693094400000,0.5231,0.5252,0.522,0.525,12929754.0,2023-08-27 00:00:00
1693108800000,0.5249,0.5303,0.5247,0.5273,23028520.0,2023-08-27 04:00:00
1693123200000,0.5273,0.5296,0.5255,0.5269,22325571.0,2023-08-27 08:00:00
1693137600000,0.5269,0.5302,0.5263,0.5272,22924599.0,2023-08-27 12:00:00
1693152000000,0.5272,0.5281,0.5235,0.525,26309761.0,2023-08-27 16:00:00
1693166400000,0.5249,0.5258,0.5163,0.5236,24873042.0,2023-08-27 20:00:00
1693180800000,0.5235,0.5237,0.5174,0.52,47536187.0,2023-08-28 00:00:00
1693195200000,0.5199,0.5212,0.5147,0.5167,54419030.0,2023-08-28 04:00:00
1693209600000,0.5167,0.5167,0.5102,0.5166,59030501.0,2023-08-28 08:00:00
1693224000000,0.5166,0.522,0.5166,0.5201,49085600.0,2023-08-28 12:00:00
1693238400000,0.5201,0.5244,0.5184,0.5217,33344446.0,2023-08-28 16:00:00
1693252800000,0.5216,0.525,0.5202,0.5232,22796196.0,2023-08-28 20:00:00
1693267200000,0.5232,0.5234,0.5197,0.521,29741697.0,2023-08-29 00:00:00
1693281600000,0.5209,0.5214,0.5156,0.5167,46318924.0,2023-08-29 04:00:00
1693296000000,0.5166,0.5187,0.5131,0.516,52384081.0,2023-08-29 08:00:00
1693310400000,0.516,0.5496,0.5144,0.5348,206023128.0,2023-08-29 12:00:00
1693324800000,0.5348,0.5444,0.5334,0.5385,78390665.0,2023-08-29 16:00:00
1693339200000,0.5384,0.5434,0.5382,0.5398,46063190.0,2023-08-29 20:00:00
1693353600000,0.5398,0.5404,0.5301,0.5339,52353088.0,2023-08-30 00:00:00
1693368000000,0.5338,0.5358,0.5292,0.5322,52278051.0,2023-08-30 04:00:00
1693382400000,0.5322,0.5335,0.5277,0.5296,45418763.0,2023-08-30 08:00:00
1693396800000,0.5295,0.5313,0.5216,0.524,69171586.0,2023-08-30 12:00:00
1693411200000,0.524,0.5281,0.5232,0.5273,37473602.0,2023-08-30 16:00:00
1693425600000,0.5273,0.5296,0.527,0.5284,22831026.0,2023-08-30 20:00:00
1693440000000,0.5284,0.5285,0.5242,0.5264,23145373.0,2023-08-31 00:00:00
1693454400000,0.5263,0.5287,0.5241,0.5261,43153666.0,2023-08-31 04:00:00
1693468800000,0.5261,0.5288,0.5229,0.5262,44572507.0,2023-08-31 08:00:00
1693483200000,0.5263,0.5265,0.5131,0.5177,77773433.0,2023-08-31 12:00:00
1693497600000,0.5176,0.5201,0.495,0.5101,123445858.0,2023-08-31 16:00:00
1693512000000,0.51,0.5127,0.5028,0.511,47259844.0,2023-08-31 20:00:00
1693526400000,0.511,0.512,0.5073,0.5105,36059751.0,2023-09-01 00:00:00
1693540800000,0.5104,0.5109,0.5025,0.5046,86968062.0,2023-09-01 04:00:00
1693555200000,0.5045,0.5078,0.5022,0.5071,50845395.0,2023-09-01 08:00:00
1693569600000,0.507,0.5083,0.499,0.5016,70857494.0,2023-09-01 12:00:00
1693584000000,0.5016,0.5022,0.4864,0.4922,104153036.0,2023-09-01 16:00:00
1693598400000,0.4922,0.4989,0.4916,0.498,41986150.0,2023-09-01 20:00:00
1693612800000,0.4981,0.4986,0.4944,0.4981,23053206.0,2023-09-02 00:00:00
1693627200000,0.4982,0.4989,0.4951,0.4962,32327218.0,2023-09-02 04:00:00
1693641600000,0.4962,0.4982,0.4951,0.4972,31708737.0,2023-09-02 08:00:00
1693656000000,0.4972,0.5029,0.496,0.5006,46162111.0,2023-09-02 12:00:00
1693670400000,0.5006,0.5013,0.4943,0.4971,27679904.0,2023-09-02 16:00:00
1693684800000,0.4971,0.4998,0.4955,0.4988,12703737.0,2023-09-02 20:00:00
1693699200000,0.4989,0.5024,0.4971,0.5022,16034764.0,2023-09-03 00:00:00
1693713600000,0.5023,0.5055,0.5008,0.5039,20272825.0,2023-09-03 04:00:00
1693728000000,0.5039,0.5042,0.5015,0.5027,17029829.0,2023-09-03 08:00:00
1693742400000,0.5027,0.5048,0.4996,0.5018,25485472.0,2023-09-03 12:00:00
1693756800000,0.5018,0.5107,0.5017,0.5061,54424388.0,2023-09-03 16:00:00
1693771200000,0.506,0.5076,0.5036,0.5047,15355936.0,2023-09-03 20:00:00
1693785600000,0.5047,0.513,0.5043,0.5098,41103994.0,2023-09-04 00:00:00
1693800000000,0.5098,0.5128,0.5008,0.5039,62067882.0,2023-09-04 04:00:00
1693814400000,0.504,0.5066,0.5004,0.5011,59787171.0,2023-09-04 08:00:00
1693828800000,0.501,0.5043,0.4966,0.5035,58351593.0,2023-09-04 12:00:00
1693843200000,0.5034,0.5095,0.5023,0.5091,34358019.0,2023-09-04 16:00:00
1693857600000,0.5091,0.5108,0.5037,0.5087,37602882.0,2023-09-04 20:00:00
1693872000000,0.5087,0.5088,0.5019,0.5057,45042742.0,2023-09-05 00:00:00
1693886400000,0.5056,0.5081,0.502,0.5048,46306648.0,2023-09-05 04:00:00
1693900800000,0.5048,0.5059,0.5016,0.5039,50059046.0,2023-09-05 08:00:00
1693915200000,0.5038,0.5053,0.499,0.5025,69091384.0,2023-09-05 12:00:00
1693929600000,0.5025,0.5042,0.5005,0.5026,27826676.0,2023-09-05 16:00:00
1693944000000,0.5027,0.5066,0.5021,0.5056,22006545.0,2023-09-05 20:00:00
1693958400000,0.5056,0.5058,0.5032,0.5044,34042919.0,2023-09-06 00:00:00
1693972800000,0.5044,0.5052,0.5003,0.502,43064053.0,2023-09-06 04:00:00
1693987200000,0.502,0.5023,0.5,0.5014,40768670.0,2023-09-06 08:00:00
1694001600000,0.5015,0.5026,0.4937,0.4976,51493741.0,2023-09-06 12:00:00
1694016000000,0.4977,0.5048,0.4909,0.5011,70322956.0,2023-09-06 16:00:00
1694030400000,0.501,0.5038,0.5008,0.5033,15441893.0,2023-09-06 20:00:00
1694044800000,0.5033,0.5037,0.4998,0.503,27117971.0,2023-09-07 00:00:00
1694059200000,0.503,0.5045,0.4982,0.5,48311814.0,2023-09-07 04:00:00
1694073600000,0.5,0.5004,0.4965,0.4981,40755863.0,2023-09-07 08:00:00
1694088000000,0.4982,0.5,0.4973,0.4994,35466500.0,2023-09-07 12:00:00
1694102400000,0.4994,0.502,0.4991,0.5013,19440397.0,2023-09-07 16:00:00
1694116800000,0.5012,0.5069,0.5006,0.505,38877178.0,2023-09-07 20:00:00
1694131200000,0.5051,0.5076,0.5028,0.505,30211162.0,2023-09-08 00:00:00
1694145600000,0.505,0.5069,0.5021,0.5037,53087038.0,2023-09-08 04:00:00
1694160000000,0.5037,0.5051,0.4941,0.4983,59136783.0,2023-09-08 08:00:00
1694174400000,0.4982,0.5026,0.4978,0.5016,34936334.0,2023-09-08 12:00:00
1694188800000,0.5016,0.5058,0.5001,0.5051,26236830.0,2023-09-08 16:00:00
1694203200000,0.505,0.5065,0.5032,0.505,20020025.0,2023-09-08 20:00:00
1694217600000,0.5049,0.5049,0.5016,0.5026,14163695.0,2023-09-09 00:00:00
1694232000000,0.5026,0.5044,0.5015,0.5041,15944536.0,2023-09-09 04:00:00
1694246400000,0.504,0.5048,0.5032,0.5037,14882803.0,2023-09-09 08:00:00
1694260800000,0.5038,0.5044,0.502,0.5041,12173076.0,2023-09-09 12:00:00
1694275200000,0.5042,0.5046,0.5027,0.5038,5522940.0,2023-09-09 16:00:00
1694289600000,0.5038,0.5041,0.5032,0.5038,6445763.0,2023-09-09 20:00:00
1694304000000,0.5038,0.5039,0.4997,0.5018,20361938.0,2023-09-10 00:00:00
1694318400000,0.5018,0.5019,0.4954,0.5,30944063.0,2023-09-10 04:00:00
1694332800000,0.5,0.5007,0.4986,0.4994,15037974.0,2023-09-10 08:00:00
1694347200000,0.4995,0.5,0.4923,0.4964,28949189.0,2023-09-10 12:00:00
1694361600000,0.4964,0.4994,0.4934,0.4982,29181715.0,2023-09-10 16:00:00
1694376000000,0.4982,0.501,0.4968,0.4969,20375009.0,2023-09-10 20:00:00
1694390400000,0.4969,0.4982,0.4917,0.4969,46087292.0,2023-09-11 00:00:00
1694404800000,0.4969,0.4969,0.4759,0.4856,95714888.0,2023-09-11 04:00:00
1694419200000,0.4856,0.4856,0.459,0.4695,146566194.0,2023-09-11 08:00:00
1694433600000,0.4694,0.4771,0.4688,0.4722,96446566.0,2023-09-11 12:00:00
1694448000000,0.4721,0.4744,0.4644,0.4693,61262426.0,2023-09-11 16:00:00
1694462400000,0.4693,0.4757,0.4672,0.4744,38360079.0,2023-09-11 20:00:00
1694476800000,0.4744,0.4844,0.47,0.4792,64969887.0,2023-09-12 00:00:00
1694491200000,0.4792,0.4812,0.4713,0.475,58655369.0,2023-09-12 04:00:00
1694505600000,0.475,0.4843,0.4702,0.4791,85449638.0,2023-09-12 08:00:00
1694520000000,0.4791,0.483,0.4765,0.4828,60127653.0,2023-09-12 12:00:00
1694534400000,0.4827,0.4867,0.4774,0.482,51139852.0,2023-09-12 16:00:00
1694548800000,0.482,0.4847,0.4799,0.4804,36060989.0,2023-09-12 20:00:00
1694563200000,0.4804,0.4815,0.4773,0.4788,22978093.0,2023-09-13 00:00:00
1694577600000,0.4788,0.4897,0.4723,0.4749,87405058.0,2023-09-13 04:00:00
1694592000000,0.4749,0.4824,0.4743,0.4815,42813904.0,2023-09-13 08:00:00
1694606400000,0.4815,0.4845,0.4783,0.4831,51167687.0,2023-09-13 12:00:00
1694620800000,0.4832,0.4847,0.4795,0.4818,41226478.0,2023-09-13 16:00:00
1694635200000,0.4818,0.4855,0.4818,0.4832,28995573.0,2023-09-13 20:00:00
1694649600000,0.4833,0.4865,0.4811,0.4849,38662795.0,2023-09-14 00:00:00
1694664000000,0.485,0.4853,0.4799,0.4813,40942256.0,2023-09-14 04:00:00
1694678400000,0.4813,0.4838,0.4803,0.4834,28754273.0,2023-09-14 08:00:00
1694692800000,0.4834,0.4902,0.4816,0.4879,68583990.0,2023-09-14 12:00:00
1694707200000,0.4879,0.4941,0.4856,0.4932,35081248.0,2023-09-14 16:00:00
1694721600000,0.4931,0.4937,0.4885,0.4892,20515190.0,2023-09-14 20:00:00
1694736000000,0.4892,0.5002,0.489,0.498,44296714.0,2023-09-15 00:00:00
1694750400000,0.4979,0.5086,0.4934,0.4937,79767404.0,2023-09-15 04:00:00
1694764800000,0.4937,0.4989,0.4929,0.4938,46325519.0,2023-09-15 08:00:00
1694779200000,0.4938,0.4946,0.4874,0.4936,64846505.0,2023-09-15 12:00:00
1694793600000,0.4936,0.5002,0.493,0.4981,30007877.0,2023-09-15 16:00:00
1694808000000,0.4981,0.5037,0.4979,0.5005,40364289.0,2023-09-15 20:00:00
1694822400000,0.5004,0.5035,0.498,0.5005,32721128.0,2023-09-16 00:00:00
1694836800000,0.5006,0.5013,0.4984,0.4991,19245269.0,2023-09-16 04:00:00
1694851200000,0.4991,0.5023,0.4988,0.5007,24870790.0,2023-09-16 08:00:00
1694865600000,0.5008,0.5021,0.4968,0.4993,24444712.0,2023-09-16 12:00:00
1694880000000,0.4993,0.5024,0.4985,0.5002,21401861.0,2023-09-16 16:00:00
1694894400000,0.5002,0.5009,0.4986,0.4998,10197648.0,2023-09-16 20:00:00
1694908800000,0.4997,0.4998,0.4922,0.4974,31108658.0,2023-09-17 00:00:00
1694923200000,0.4974,0.4975,0.4932,0.4947,25893724.0,2023-09-17 04:00:00
1694937600000,0.4946,0.4986,0.4944,0.4974,18499493.0,2023-09-17 08:00:00
1694952000000,0.4975,0.5004,0.4966,0.4998,15328398.0,2023-09-17 12:00:00
1694966400000,0.4999,0.5002,0.4951,0.497,17570641.0,2023-09-17 16:00:00
1694980800000,0.4971,0.4974,0.4894,0.4925,34445701.0,2023-09-17 20:00:00
1694995200000,0.4925,0.498,0.4864,0.4977,49095372.0,2023-09-18 00:00:00
1695009600000,0.4976,0.4989,0.4907,0.4912,52158911.0,2023-09-18 04:00:00
1695024000000,0.4911,0.5019,0.4908,0.5017,52284027.0,2023-09-18 08:00:00
1695038400000,0.5016,0.5077,0.4994,0.5041,66205650.0,2023-09-18 12:00:00
1695052800000,0.5041,0.5052,0.498,0.5039,47333649.0,2023-09-18 16:00:00
1695067200000,0.5039,0.5072,0.502,0.503,31297133.0,2023-09-18 20:00:00
1695081600000,0.503,0.5155,0.5005,0.5089,56463340.0,2023-09-19 00:00:00
1695096000000,0.5088,0.5111,0.5033,0.5038,57503587.0,2023-09-19 04:00:00
1695110400000,0.5038,0.5106,0.5036,0.5095,53738486.0,2023-09-19 08:00:00
1695124800000,0.5095,0.512,0.5064,0.5118,52504839.0,2023-09-19 12:00:00
1695139200000,0.5118,0.5166,0.5081,0.5156,47106105.0,2023-09-19 16:00:00
1695153600000,0.5156,0.5156,0.5111,0.514,27941926.0,2023-09-19 20:00:00
1695168000000,0.5139,0.5254,0.5114,0.5238,42976394.0,2023-09-20 00:00:00
1695182400000,0.5237,0.5238,0.513,0.5141,59715357.0,2023-09-20 04:00:00
1695196800000,0.5141,0.5168,0.5065,0.5157,61481682.0,2023-09-20 08:00:00
1695211200000,0.5158,0.5195,0.51,0.5178,38596024.0,2023-09-20 12:00:00
1695225600000,0.5178,0.5223,0.5112,0.5162,56992584.0,2023-09-20 16:00:00
1695240000000,0.5162,0.525,0.5136,0.5212,28735896.0,2023-09-20 20:00:00
1695254400000,0.5213,0.5214,0.5129,0.5185,48475142.0,2023-09-21 00:00:00
1695268800000,0.5185,0.5186,0.5084,0.5094,54200626.0,2023-09-21 04:00:00
1695283200000,0.5094,0.5118,0.5007,0.5052,75996493.0,2023-09-21 08:00:00
1695297600000,0.5052,0.5068,0.5001,0.5051,41977915.0,2023-09-21 12:00:00
1695312000000,0.5051,0.5113,0.5038,0.5109,35261085.0,2023-09-21 16:00:00
1695326400000,0.511,0.5113,0.5054,0.5071,21412317.0,2023-09-21 20:00:00
1695340800000,0.5072,0.5131,0.5036,0.5127,31361405.0,2023-09-22 00:00:00
1695355200000,0.5127,0.5142,0.5072,0.5117,45180505.0,2023-09-22 04:00:00
1695369600000,0.5116,0.514,0.5071,0.5098,50493800.0,2023-09-22 08:00:00
1695384000000,0.5097,0.5123,0.5089,0.5107,38397391.0,2023-09-22 12:00:00
1695398400000,0.5107,0.517,0.5084,0.515,43192699.0,2023-09-22 16:00:00
1695412800000,0.5149,0.5157,0.5109,0.5122,25267577.0,2023-09-22 20:00:00
1695427200000,0.5122,0.5132,0.5104,0.5115,16962501.0,2023-09-23 00:00:00
1695441600000,0.5114,0.5138,0.5105,0.512,13849202.0,2023-09-23 04:00:00
1695456000000,0.5121,0.5133,0.5113,0.5127,12867426.0,2023-09-23 08:00:00
1695470400000,0.5127,0.5127,0.5082,0.5099,30537523.0,2023-09-23 12:00:00
1695484800000,0.5099,0.5111,0.5084,0.5102,13909125.0,2023-09-23 16:00:00
1695499200000,0.5101,0.5102,0.5055,0.5076,13590557.0,2023-09-23 20:00:00
1695513600000,0.5076,0.5096,0.506,0.5078,15187815.0,2023-09-24 00:00:00
1695528000000,0.5079,0.5091,0.5074,0.5081,12022994.0,2023-09-24 04:00:00
1695542400000,0.5081,0.5118,0.5081,0.511,12645766.0,2023-09-24 08:00:00
1695556800000,0.5111,0.5115,0.5083,0.5094,26644388.0,2023-09-24 12:00:00
1695571200000,0.5094,0.5108,0.5053,0.5066,18719133.0,2023-09-24 16:00:00
1695585600000,0.5066,0.5078,0.4984,0.5021,27669227.0,2023-09-24 20:00:00
1695600000000,0.502,0.504,0.4956,0.5021,46374268.0,2023-09-25 00:00:00
1695614400000,0.5021,0.5035,0.4912,0.4962,87171329.0,2023-09-25 04:00:00
1695628800000,0.4961,0.4969,0.4931,0.4957,43796165.0,2023-09-25 08:00:00
1695643200000,0.4957,0.5,0.4942,0.4992,44700336.0,2023-09-25 12:00:00
1695657600000,0.4992,0.5071,0.4992,0.5061,49780477.0,2023-09-25 16:00:00
1695672000000,0.5062,0.5072,0.5018,0.5056,31851818.0,2023-09-25 20:00:00
1695686400000,0.5056,0.5075,0.5019,0.5057,38489353.0,2023-09-26 00:00:00
1695700800000,0.5057,0.5065,0.4987,0.5019,48822014.0,2023-09-26 04:00:00
1695715200000,0.5018,0.5027,0.498,0.5012,59209426.0,2023-09-26 08:00:00
1695729600000,0.5011,0.5029,0.4995,0.5004,49613369.0,2023-09-26 12:00:00
1695744000000,0.5003,0.5058,0.5,0.5051,36254232.0,2023-09-26 16:00:00
1695758400000,0.5051,0.5063,0.496,0.5019,38665867.0,2023-09-26 20:00:00
1695772800000,0.5019,0.504,0.4995,0.5031,18120021.0,2023-09-27 00:00:00
1695787200000,0.503,0.5035,0.4968,0.4998,53552405.0,2023-09-27 04:00:00
1695801600000,0.4998,0.5071,0.497,0.5064,55610249.0,2023-09-27 08:00:00
1695816000000,0.5064,0.507,0.4997,0.5016,54326398.0,2023-09-27 12:00:00
1695830400000,0.5015,0.5051,0.5003,0.5043,27482113.0,2023-09-27 16:00:00
1695844800000,0.5043,0.5052,0.4988,0.4993,28423396.0,2023-09-27 20:00:00
1695859200000,0.4993,0.5014,0.4978,0.4979,29991123.0,2023-09-28 00:00:00
1695873600000,0.498,0.499,0.4952,0.4974,51437919.0,2023-09-28 04:00:00
1695888000000,0.4973,0.5033,0.4961,0.5017,44776470.0,2023-09-28 08:00:00
1695902400000,0.5017,0.5053,0.4982,0.505,61667058.0,2023-09-28 12:00:00
1695916800000,0.505,0.5102,0.5043,0.5077,44815556.0,2023-09-28 16:00:00
1695931200000,0.5077,0.5098,0.5058,0.5098,15218834.0,2023-09-28 20:00:00
1695945600000,0.5097,0.5129,0.5092,0.5094,37553626.0,2023-09-29 00:00:00
1695960000000,0.5094,0.5102,0.5061,0.5081,50484508.0,2023-09-29 04:00:00
1695974400000,0.508,0.5122,0.5065,0.5119,44181040.0,2023-09-29 08:00:00
1695988800000,0.5119,0.5494,0.5117,0.5321,326826129.0,2023-09-29 12:00:00
1696003200000,0.5321,0.5361,0.5267,0.5328,73525033.0,2023-09-29 16:00:00
1696017600000,0.5327,0.5372,0.517,0.5215,72426441.0,2023-09-29 20:00:00
1696032000000,0.5215,0.5218,0.5134,0.5171,32541108.0,2023-09-30 00:00:00
1696046400000,0.5172,0.5183,0.515,0.5152,16523725.0,2023-09-30 04:00:00
1696060800000,0.5153,0.5199,0.5147,0.5174,26803074.0,2023-09-30 08:00:00
1696075200000,0.5173,0.5181,0.5149,0.5167,31769093.0,2023-09-30 12:00:00
1696089600000,0.5166,0.5192,0.5154,0.518,19740846.0,2023-09-30 16:00:00
1696104000000,0.5181,0.5185,0.514,0.5149,17488205.0,2023-09-30 20:00:00
1696118400000,0.5148,0.5169,0.5137,0.5168,18432129.0,2023-10-01 00:00:00
1696132800000,0.5168,0.5182,0.5155,0.5178,13382736.0,2023-10-01 04:00:00
1696147200000,0.5179,0.5229,0.5168,0.5211,30203591.0,2023-10-01 08:00:00
1696161600000,0.521,0.5218,0.5169,0.5191,33745586.0,2023-10-01 12:00:00
1696176000000,0.519,0.5191,0.5148,0.5163,19767709.0,2023-10-01 16:00:00
1696190400000,0.5163,0.526,0.5151,0.5241,52141753.0,2023-10-01 20:00:00
1696204800000,0.524,0.5266,0.5213,0.5258,40486669.0,2023-10-02 00:00:00
1696219200000,0.5257,0.5258,0.5196,0.5224,60038184.0,2023-10-02 04:00:00
1696233600000,0.5224,0.525,0.5209,0.521,44328461.0,2023-10-02 08:00:00
1696248000000,0.521,0.5244,0.5157,0.5175,58599329.0,2023-10-02 12:00:00
1696262400000,0.5175,0.5235,0.5075,0.5165,76943354.0,2023-10-02 16:00:00
1696276800000,0.5164,0.5167,0.5092,0.5123,38622960.0,2023-10-02 20:00:00
1696291200000,0.5122,0.5149,0.5098,0.5138,33206272.0,2023-10-03 00:00:00
1696305600000,0.5137,0.514,0.5066,0.5101,53024419.0,2023-10-03 04:00:00
1696320000000,0.51,0.5115,0.5071,0.5098,44105669.0,2023-10-03 08:00:00
1696334400000,0.5097,0.5132,0.5055,0.5078,51286979.0,2023-10-03 12:00:00
1696348800000,0.5077,0.5144,0.5069,0.5144,35331220.0,2023-10-03 16:00:00
1696363200000,0.5143,0.5479,0.509,0.539,181213255.0,2023-10-03 20:00:00
1696377600000,0.5391,0.5426,0.5194,0.5357,141362359.0,2023-10-04 00:00:00
1696392000000,0.5356,0.5361,0.5246,0.5322,63318127.0,2023-10-04 04:00:00
1696406400000,0.5321,0.5367,0.5277,0.533,68190445.0,2023-10-04 08:00:00
1696420800000,0.533,0.5354,0.527,0.5288,56884819.0,2023-10-04 12:00:00
1696435200000,0.5287,0.5395,0.5254,0.5299,68664694.0,2023-10-04 16:00:00
1696449600000,0.5299,0.5343,0.5287,0.5326,23592047.0,2023-10-04 20:00:00
1696464000000,0.5326,0.5326,0.5268,0.5295,27351866.0,2023-10-05 00:00:00
1696478400000,0.5294,0.53,0.5206,0.5232,46725153.0,2023-10-05 04:00:00
1696492800000,0.5232,0.5252,0.5212,0.5226,37582451.0,2023-10-05 08:00:00
1696507200000,0.5226,0.5273,0.5155,0.5189,62566429.0,2023-10-05 12:00:00
1696521600000,0.5189,0.5256,0.5174,0.5222,42173488.0,2023-10-05 16:00:00
1696536000000,0.5222,0.5249,0.5218,0.5227,17914322.0,2023-10-05 20:00:00
1696550400000,0.5227,0.5271,0.5224,0.5256,24642824.0,2023-10-06 00:00:00
1696564800000,0.5256,0.5259,0.5186,0.5199,44442644.0,2023-10-06 04:00:00
1696579200000,0.52,0.5229,0.5191,0.5206,43148029.0,2023-10-06 08:00:00
1696593600000,0.5206,0.5255,0.5169,0.5245,50757740.0,2023-10-06 12:00:00
1696608000000,0.5245,0.5266,0.5228,0.5257,32948880.0,2023-10-06 16:00:00
1696622400000,0.5257,0.5298,0.5252,0.5255,23844145.0,2023-10-06 20:00:00
1696636800000,0.5255,0.5258,0.5234,0.5236,10214976.0,2023-10-07 00:00:00
1696651200000,0.5235,0.5243,0.5207,0.5225,13544670.0,2023-10-07 04:00:00
1696665600000,0.5225,0.5237,0.5215,0.5221,10068433.0,2023-10-07 08:00:00
1696680000000,0.5222,0.5236,0.5214,0.5226,8478490.0,2023-10-07 12:00:00
1696694400000,0.5225,0.5232,0.5197,0.5207,12379279.0,2023-10-07 16:00:00
1696708800000,0.5206,0.5223,0.5205,0.5216,8451264.0,2023-10-07 20:00:00
1696723200000,0.5216,0.5234,0.5211,0.5228,10581535.0,2023-10-08 00:00:00
1696737600000,0.5228,0.5229,0.52,0.5217,10980817.0,2023-10-08 04:00:00
1696752000000,0.5217,0.522,0.519,0.519,14616467.0,2023-10-08 08:00:00
1696766400000,0.5191,0.5215,0.5153,0.5175,25023333.0,2023-10-08 12:00:00
1696780800000,0.5176,0.5187,0.5169,0.5181,13610090.0,2023-10-08 16:00:00
1696795200000,0.5181,0.5192,0.5162,0.5174,8052478.0,2023-10-08 20:00:00
1696809600000,0.5174,0.5201,0.5135,0.5189,33363080.0,2023-10-09 00:00:00
1696824000000,0.5189,0.5196,0.5111,0.5145,47569518.0,2023-10-09 04:00:00
1696838400000,0.5145,0.5148,0.4875,0.4981,116875391.0,2023-10-09 08:00:00
1696852800000,0.498,0.5028,0.4973,0.4986,43902530.0,2023-10-09 12:00:00
1696867200000,0.4985,0.502,0.4914,0.5013,53548493.0,2023-10-09 16:00:00
1696881600000,0.5012,0.5064,0.5008,0.5027,27345646.0,2023-10-09 20:00:00
1696896000000,0.5027,0.5027,0.498,0.5003,32771456.0,2023-10-10 00:00:00
1696910400000,0.5003,0.5016,0.4955,0.5001,33148658.0,2023-10-10 04:00:00
1696924800000,0.5001,0.5015,0.4957,0.4969,54142405.0,2023-10-10 08:00:00
1696939200000,0.4968,0.4978,0.4917,0.4943,51131920.0,2023-10-10 12:00:00
1696953600000,0.4943,0.4998,0.493,0.4997,33998747.0,2023-10-10 16:00:00
1696968000000,0.4996,0.5,0.4955,0.4965,22808557.0,2023-10-10 20:00:00
1696982400000,0.4964,0.4977,0.4867,0.4897,38340273.0,2023-10-11 00:00:00
1696996800000,0.4897,0.4911,0.4813,0.4825,60483401.0,2023-10-11 04:00:00
1697011200000,0.4825,0.489,0.4815,0.4871,38025272.0,2023-10-11 08:00:00
1697025600000,0.4871,0.4887,0.4821,0.4832,43522544.0,2023-10-11 12:00:00
1697040000000,0.4832,0.4879,0.4788,0.4852,47607142.0,2023-10-11 16:00:00
1697054400000,0.4852,0.4892,0.4849,0.4888,13526016.0,2023-10-11 20:00:00
1697068800000,0.4889,0.4889,0.4837,0.4859,20206865.0,2023-10-12 00:00:00
1697083200000,0.4859,0.487,0.4814,0.482,39965194.0,2023-10-12 04:00:00
1697097600000,0.4821,0.4823,0.4741,0.4801,82764798.0,2023-10-12 08:00:00
1697112000000,0.4802,0.4809,0.4768,0.4779,45457451.0,2023-10-12 12:00:00
1697126400000,0.4778,0.4837,0.4729,0.4813,54160774.0,2023-10-12 16:00:00
1697140800000,0.4813,0.4847,0.4809,0.483,16990013.0,2023-10-12 20:00:00
1697155200000,0.4831,0.4854,0.4823,0.4829,29760770.0,2023-10-13 00:00:00
1697169600000,0.4829,0.4833,0.4789,0.4826,46365740.0,2023-10-13 04:00:00
1697184000000,0.4825,0.4834,0.4789,0.4797,45900400.0,2023-10-13 08:00:00
1697198400000,0.4796,0.4848,0.4786,0.4811,56685072.0,2023-10-13 12:00:00
1697212800000,0.4811,0.4838,0.4796,0.4837,29875245.0,2023-10-13 16:00:00
1697227200000,0.4837,0.4907,0.483,0.4851,48563671.0,2023-10-13 20:00:00
1697241600000,0.4852,0.4866,0.4843,0.4854,15155502.0,2023-10-14 00:00:00
1697256000000,0.4854,0.4864,0.4835,0.4838,13273083.0,2023-10-14 04:00:00
1697270400000,0.4838,0.4862,0.4837,0.4855,14598467.0,2023-10-14 08:00:00
1697284800000,0.4855,0.4876,0.4843,0.4875,22832800.0,2023-10-14 12:00:00
1697299200000,0.4874,0.4883,0.4856,0.4861,18814804.0,2023-10-14 16:00:00
1697313600000,0.4861,0.4872,0.4857,0.4865,9152008.0,2023-10-14 20:00:00
1697328000000,0.4866,0.488,0.485,0.4858,12351839.0,2023-10-15 00:00:00
1697342400000,0.4857,0.4865,0.4853,0.4864,7289525.0,2023-10-15 04:00:00
1697356800000,0.4865,0.4883,0.4861,0.4867,14232239.0,2023-10-15 08:00:00
1697371200000,0.4867,0.488,0.4853,0.487,31514598.0,2023-10-15 12:00:00
1697385600000,0.487,0.49,0.4867,0.4879,18413304.0,2023-10-15 16:00:00
1697400000000,0.4879,0.4902,0.4867,0.4874,17847130.0,2023-10-15 20:00:00
1697414400000,0.4874,0.4886,0.486,0.4878,34768936.0,2023-10-16 00:00:00
1697428800000,0.4878,0.4978,0.485,0.4933,86458399.0,2023-10-16 04:00:00
1697443200000,0.4932,0.4951,0.4899,0.4942,42203668.0,2023-10-16 08:00:00
1697457600000,0.4942,0.5109,0.4914,0.4921,161811519.0,2023-10-16 12:00:00
1697472000000,0.4921,0.498,0.4902,0.4964,42874279.0,2023-10-16 16:00:00
1697486400000,0.4964,0.4993,0.4942,0.4978,37588359.0,2023-10-16 20:00:00
1697500800000,0.4977,0.498,0.4925,0.4928,41712775.0,2023-10-17 00:00:00
1697515200000,0.4928,0.4928,0.4886,0.4915,48423466.0,2023-10-17 04:00:00
1697529600000,0.4914,0.493,0.4872,0.4925,59664982.0,2023-10-17 08:00:00
1697544000000,0.4925,0.4925,0.4845,0.4902,63128392.0,2023-10-17 12:00:00
1697558400000,0.4901,0.4932,0.4895,0.4931,28776977.0,2023-10-17 16:00:00
1697572800000,0.493,0.4939,0.4904,0.4912,26880354.0,2023-10-17 20:00:00
1697587200000,0.4911,0.4913,0.4885,0.4904,29325448.0,2023-10-18 00:00:00
1697601600000,0.4904,0.4924,0.4878,0.4891,39051523.0,2023-10-18 04:00:00
1697616000000,0.489,0.4909,0.4864,0.4904,38603463.0,2023-10-18 08:00:00
1697630400000,0.4904,0.4909,0.4869,0.4873,35930720.0,2023-10-18 12:00:00
1697644800000,0.4874,0.4924,0.4872,0.4892,40029658.0,2023-10-18 16:00:00
1697659200000,0.4892,0.4901,0.4855,0.4878,19790449.0,2023-10-18 20:00:00
1697673600000,0.4878,0.4881,0.4802,0.4834,37078223.0,2023-10-19 00:00:00
1697688000000,0.4834,0.4839,0.4769,0.4799,57582747.0,2023-10-19 04:00:00
1697702400000,0.4799,0.4832,0.478,0.4822,47624691.0,2023-10-19 08:00:00
1697716800000,0.4822,0.4871,0.4818,0.4869,39686858.0,2023-10-19 12:00:00
1697731200000,0.4869,0.4892,0.485,0.4889,25062548.0,2023-10-19 16:00:00
1697745600000,0.4888,0.5245,0.4881,0.5197,238420605.0,2023-10-19 20:00:00
1697760000000,0.5197,0.5309,0.5122,0.5205,97166769.0,2023-10-20 00:00:00
1697774400000,0.5205,0.5211,0.5084,0.5096,76524624.0,2023-10-20 04:00:00
1697788800000,0.5096,0.5211,0.5094,0.5158,78960262.0,2023-10-20 08:00:00
1697803200000,0.5157,0.53,0.5141,0.524,75890450.0,2023-10-20 12:00:00
1697817600000,0.5239,0.5244,0.5161,0.5217,50930121.0,2023-10-20 16:00:00
1697832000000,0.5216,0.5238,0.5144,0.5149,32536731.0,2023-10-20 20:00:00
1697846400000,0.515,0.5154,0.5109,0.5139,22647337.0,2023-10-21 00:00:00
1697860800000,0.5139,0.5175,0.5123,0.5174,16967751.0,2023-10-21 04:00:00
1697875200000,0.5175,0.5188,0.5156,0.5178,18120710.0,2023-10-21 08:00:00
1697889600000,0.5177,0.5325,0.5148,0.5235,65534203.0,2023-10-21 12:00:00
1697904000000,0.5235,0.5274,0.5213,0.5215,35686182.0,2023-10-21 16:00:00
1697918400000,0.5216,0.5242,0.5187,0.5208,20154461.0,2023-10-21 20:00:00
1697932800000,0.5208,0.524,0.5163,0.5201,31364666.0,2023-10-22 00:00:00
1697947200000,0.52,0.5242,0.5118,0.5164,49869792.0,2023-10-22 04:00:00
1697961600000,0.5164,0.5187,0.5148,0.5162,22837816.0,2023-10-22 08:00:00
1697976000000,0.5162,0.5193,0.516,0.5184,18444653.0,2023-10-22 12:00:00
1697990400000,0.5184,0.523,0.5179,0.5204,24264427.0,2023-10-22 16:00:00
1698004800000,0.5203,0.5237,0.5172,0.5226,18524748.0,2023-10-22 20:00:00
1698019200000,0.5226,0.5276,0.5199,0.5241,59777860.0,2023-10-23 00:00:00
1698033600000,0.524,0.5302,0.5208,0.5238,79100370.0,2023-10-23 04:00:00
1698048000000,0.5237,0.5357,0.5225,0.5314,108712165.0,2023-10-23 08:00:00
1698062400000,0.5313,0.538,0.5251,0.5323,80431611.0,2023-10-23 12:00:00
1698076800000,0.5322,0.5359,0.5291,0.5357,60255068.0,2023-10-23 16:00:00
1698091200000,0.5356,0.5536,0.5337,0.5475,134206760.0,2023-10-23 20:00:00
1698105600000,0.5475,0.5572,0.5429,0.5449,112589956.0,2023-10-24 00:00:00
1698120000000,0.5449,0.5492,0.5356,0.5404,118070114.0,2023-10-24 04:00:00
1698134400000,0.5404,0.5536,0.5391,0.5521,97598483.0,2023-10-24 08:00:00
1698148800000,0.5521,0.5866,0.5346,0.5539,327900467.0,2023-10-24 12:00:00
1698163200000,0.5539,0.5648,0.5461,0.5601,94590199.0,2023-10-24 16:00:00
1698177600000,0.56,0.5633,0.5527,0.5588,48052018.0,2023-10-24 20:00:00
1698192000000,0.5587,0.561,0.5507,0.5534,51197333.0,2023-10-25 00:00:00
1698206400000,0.5534,0.5573,0.5404,0.5439,83620728.0,2023-10-25 04:00:00
1698220800000,0.544,0.5545,0.5406,0.5518,51440501.0,2023-10-25 08:00:00
1698235200000,0.5518,0.5609,0.5504,0.5585,74260899.0,2023-10-25 12:00:00
1698249600000,0.5586,0.5639,0.5501,0.5563,79029909.0,2023-10-25 16:00:00
1698264000000,0.5564,0.5575,0.5512,0.5552,29557259.0,2023-10-25 20:00:00
1698278400000,0.5552,0.5585,0.5523,0.557,41736073.0,2023-10-26 00:00:00
1698292800000,0.557,0.5586,0.5488,0.5577,82117346.0,2023-10-26 04:00:00
1698307200000,0.5577,0.5695,0.5515,0.5561,122538013.0,2023-10-26 08:00:00
1698321600000,0.556,0.561,0.5426,0.5475,91092203.0,2023-10-26 12:00:00
1698336000000,0.5474,0.5543,0.5447,0.551,40996387.0,2023-10-26 16:00:00
1698350400000,0.551,0.5548,0.5496,0.5533,18942987.0,2023-10-26 20:00:00
1698364800000,0.5534,0.5588,0.5486,0.5525,47254340.0,2023-10-27 00:00:00
1698379200000,0.5525,0.5527,0.5451,0.5453,53867012.0,2023-10-27 04:00:00
1698393600000,0.5453,0.5519,0.545,0.549,43102972.0,2023-10-27 08:00:00
1698408000000,0.549,0.5554,0.5478,0.5547,58083152.0,2023-10-27 12:00:00
1698422400000,0.5547,0.5548,0.5325,0.5452,82300513.0,2023-10-27 16:00:00
1698436800000,0.5451,0.5469,0.5422,0.543,27935849.0,2023-10-27 20:00:00
1698451200000,0.543,0.5454,0.5405,0.5454,25629464.0,2023-10-28 00:00:00
1698465600000,0.5454,0.5468,0.5437,0.5449,14475781.0,2023-10-28 04:00:00
1698480000000,0.5449,0.5506,0.5448,0.547,20670540.0,2023-10-28 08:00:00
1698494400000,0.547,0.5477,0.5433,0.5474,25958837.0,2023-10-28 12:00:00
1698508800000,0.5474,0.5476,0.5444,0.5445,13131074.0,2023-10-28 16:00:00
1698523200000,0.5446,0.5477,0.544,0.5446,11046597.0,2023-10-28 20:00:00
1698537600000,0.5446,0.5456,0.5405,0.5425,15176734.0,2023-10-29 00:00:00
1698552000000,0.5425,0.5481,0.5421,0.547,17347138.0,2023-10-29 04:00:00
1698566400000,0.547,0.556,0.547,0.5552,31118817.0,2023-10-29 08:00:00
1698580800000,0.5553,0.5573,0.5517,0.5565,36982366.0,2023-10-29 12:00:00
1698595200000,0.5565,0.5614,0.5553,0.5585,37571814.0,2023-10-29 16:00:00
1698609600000,0.5585,0.5599,0.5548,0.5561,21872742.0,2023-10-29 20:00:00
1698624000000,0.556,0.5575,0.5511,0.5549,33781938.0,2023-10-30 00:00:00
1698638400000,0.5548,0.5549,0.5494,0.5528,53920526.0,2023-10-30 04:00:00
1698652800000,0.5527,0.5671,0.5514,0.5626,78251474.0,2023-10-30 08:00:00
1698667200000,0.5626,0.5843,0.5617,0.5779,143616123.0,2023-10-30 12:00:00
1698681600000,0.5778,0.5837,0.5689,0.5823,83656659.0,2023-10-30 16:00:00
1698696000000,0.5822,0.5822,0.5754,0.578,43530522.0,2023-10-30 20:00:00
1698710400000,0.578,0.5804,0.5731,0.5741,54475725.0,2023-10-31 00:00:00
1698724800000,0.5741,0.5763,0.5667,0.5682,65282155.0,2023-10-31 04:00:00
1698739200000,0.5682,0.6213,0.5627,0.6041,201934938.0,2023-10-31 08:00:00
1698753600000,0.604,0.614,0.5821,0.5951,188561010.0,2023-10-31 12:00:00
1698768000000,0.595,0.6047,0.5919,0.5991,74565818.0,2023-10-31 16:00:00
1698782400000,0.5991,0.6034,0.5937,0.5996,36973482.0,2023-10-31 20:00:00
1698796800000,0.5995,0.5999,0.5919,0.5924,31631965.0,2023-11-01 00:00:00
1698811200000,0.5924,0.6093,0.5802,0.5986,99499538.0,2023-11-01 04:00:00
1698825600000,0.5988,0.6048,0.5963,0.6031,76485384.0,2023-11-01 08:00:00
1698840000000,0.6031,0.6118,0.5931,0.597,105676909.0,2023-11-01 12:00:00
1698854400000,0.597,0.6136,0.5945,0.6088,97892139.0,2023-11-01 16:00:00
1698868800000,0.6087,0.6164,0.6072,0.6085,57126146.0,2023-11-01 20:00:00
1698883200000,0.6084,0.6133,0.6042,0.6115,52266127.0,2023-11-02 00:00:00
1698897600000,0.6114,0.612,0.6026,0.6051,54013363.0,2023-11-02 04:00:00
1698912000000,0.605,0.6245,0.6011,0.6167,96793290.0,2023-11-02 08:00:00
1698926400000,0.6167,0.6262,0.6012,0.6039,106446383.0,2023-11-02 12:00:00
1698940800000,0.6039,0.6134,0.5865,0.6098,99229383.0,2023-11-02 16:00:00
1698955200000,0.6098,0.6117,0.6023,0.6054,29505530.0,2023-11-02 20:00:00
1698969600000,0.6053,0.6058,0.5914,0.601,46807313.0,2023-11-03 00:00:00
1698984000000,0.601,0.6015,0.5922,0.5962,51846364.0,2023-11-03 04:00:00
1698998400000,0.5961,0.6076,0.5946,0.6024,74342183.0,2023-11-03 08:00:00
1699012800000,0.6023,0.613,0.6005,0.6115,77348489.0,2023-11-03 12:00:00
1699027200000,0.6115,0.612,0.6036,0.6103,49028474.0,2023-11-03 16:00:00
1699041600000,0.6103,0.615,0.6098,0.6121,29724053.0,2023-11-03 20:00:00
1699056000000,0.612,0.6123,0.6089,0.6113,24074201.0,2023-11-04 00:00:00
1699070400000,0.6113,0.6169,0.61,0.6141,27386213.0,2023-11-04 04:00:00
1699084800000,0.6142,0.6181,0.6127,0.6142,25584861.0,2023-11-04 08:00:00
1699099200000,0.6142,0.615,0.6083,0.6101,35034345.0,2023-11-04 12:00:00
1699113600000,0.6101,0.6142,0.6097,0.6122,16583796.0,2023-11-04 16:00:00
1699128000000,0.6122,0.6174,0.6117,0.6149,14234154.0,2023-11-04 20:00:00
1699142400000,0.6149,0.6297,0.6137,0.6249,69799976.0,2023-11-05 00:00:00
1699156800000,0.6248,0.6257,0.6192,0.6222,28786798.0,2023-11-05 04:00:00
1699171200000,0.6221,0.6546,0.62,0.6455,114573972.0,2023-11-05 08:00:00
1699185600000,0.6454,0.6496,0.6286,0.6442,92446607.0,2023-11-05 12:00:00
1699200000000,0.6441,0.6595,0.6425,0.6542,59892760.0,2023-11-05 16:00:00
1699214400000,0.6541,0.663,0.6436,0.6607,52517139.0,2023-11-05 20:00:00
1699228800000,0.6606,0.6884,0.6584,0.6813,134264232.0,2023-11-06 00:00:00
1699243200000,0.6813,0.6839,0.6674,0.6813,81949031.0,2023-11-06 04:00:00
1699257600000,0.6812,0.7027,0.6765,0.7025,117949352.0,2023-11-06 08:00:00
1699272000000,0.7024,0.7324,0.6998,0.717,203890858.0,2023-11-06 12:00:00
1699286400000,0.717,0.719,0.7034,0.7157,96435428.0,2023-11-06 16:00:00
1699300800000,0.7156,0.7247,0.7082,0.7148,69140461.0,2023-11-06 20:00:00
1699315200000,0.7147,0.7155,0.65,0.6902,170114022.0,2023-11-07 00:00:00
1699329600000,0.6902,0.6957,0.6786,0.6942,73563330.0,2023-11-07 04:00:00
1699344000000,0.6943,0.7011,0.667,0.6829,102353906.0,2023-11-07 08:00:00
1699358400000,0.6829,0.6891,0.6648,0.6718,99220177.0,2023-11-07 12:00:00
1699372800000,0.6718,0.691,0.655,0.6889,115704180.0,2023-11-07 16:00:00
1699387200000,0.6889,0.6964,0.6769,0.685,57321143.0,2023-11-07 20:00:00
1699401600000,0.6851,0.6918,0.6786,0.6848,41356043.0,2023-11-08 00:00:00
1699416000000,0.6849,0.6871,0.6725,0.674,53300969.0,2023-11-08 04:00:00
1699430400000,0.6741,0.699,0.6725,0.6925,80413198.0,2023-11-08 08:00:00
1699444800000,0.6925,0.6959,0.6792,0.6842,66579204.0,2023-11-08 12:00:00
1699459200000,0.6842,0.6932,0.6816,0.6897,54372041.0,2023-11-08 16:00:00
1699473600000,0.6897,0.694,0.6821,0.6869,48374640.0,2023-11-08 20:00:00
1699488000000,0.6869,0.6946,0.6799,0.6912,62286604.0,2023-11-09 00:00:00
1699502400000,0.6913,0.7069,0.6904,0.695,98180901.0,2023-11-09 04:00:00
1699516800000,0.695,0.7049,0.689,0.6947,86139494.0,2023-11-09 08:00:00
1699531200000,0.6948,0.703,0.663,0.6863,219709804.0,2023-11-09 12:00:00
1699545600000,0.6864,0.6893,0.63,0.6578,244785239.0,2023-11-09 16:00:00
1699560000000,0.6578,0.6683,0.6442,0.6665,66676097.0,2023-11-09 20:00:00
1699574400000,0.6667,0.6711,0.6577,0.6659,68050003.0,2023-11-10 00:00:00
1699588800000,0.6659,0.6671,0.6522,0.6533,81035032.0,2023-11-10 04:00:00
1699603200000,0.6532,0.6619,0.645,0.6608,79527400.0,2023-11-10 08:00:00
1699617600000,0.6608,0.6608,0.6359,0.647,106507136.0,2023-11-10 12:00:00
1699632000000,0.6469,0.6632,0.6463,0.659,81741787.0,2023-11-10 16:00:00
1699646400000,0.659,0.665,0.6558,0.6595,47995990.0,2023-11-10 20:00:00
1699660800000,0.6594,0.665,0.6471,0.6491,62704230.0,2023-11-11 00:00:00
1699675200000,0.649,0.6614,0.6401,0.6603,56291737.0,2023-11-11 04:00:00
1699689600000,0.6604,0.69,0.6596,0.6673,100640273.0,2023-11-11 08:00:00
1699704000000,0.6674,0.6797,0.6652,0.6729,66869859.0,2023-11-11 12:00:00
1699718400000,0.6728,0.6806,0.6665,0.674,49555722.0,2023-11-11 16:00:00
1699732800000,0.6741,0.6742,0.6553,0.6626,44170367.0,2023-11-11 20:00:00
1699747200000,0.6626,0.6638,0.6458,0.6605,43949662.0,2023-11-12 00:00:00
1699761600000,0.6605,0.6691,0.657,0.6676,39141038.0,2023-11-12 04:00:00
1699776000000,0.6677,0.6709,0.6637,0.6649,44725801.0,2023-11-12 08:00:00
1699790400000,0.665,0.6669,0.6575,0.6643,38750870.0,2023-11-12 12:00:00
1699804800000,0.6643,0.6653,0.6582,0.6609,25955888.0,2023-11-12 16:00:00
1699819200000,0.6609,0.6668,0.6566,0.6613,23507958.0,2023-11-12 20:00:00
1699833600000,0.6612,0.6675,0.6524,0.6539,44002073.0,2023-11-13 00:00:00
1699848000000,0.6538,0.6597,0.6482,0.6562,56772888.0,2023-11-13 04:00:00
1699862400000,0.6562,0.6597,0.6459,0.6509,47872751.0,2023-11-13 08:00:00
1699876800000,0.6509,0.6537,0.6397,0.6501,66535592.0,2023-11-13 12:00:00
1699891200000,0.6501,0.6542,0.6426,0.652,41718939.0,2023-11-13 16:00:00
1699905600000,0.6519,0.75,0.6414,0.6702,492982198.0,2023-11-13 20:00:00
1699920000000,0.6701,0.6724,0.6559,0.6599,80801957.0,2023-11-14 00:00:00
1699934400000,0.6598,0.67,0.6588,0.6641,51429621.0,2023-11-14 04:00:00
1699948800000,0.664,0.6699,0.6473,0.6506,101368120.0,2023-11-14 08:00:00
1699963200000,0.6506,0.6643,0.647,0.654,99451110.0,2023-11-14 12:00:00
1699977600000,0.6539,0.6565,0.5967,0.6227,209327061.0,2023-11-14 16:00:00
1699992000000,0.6226,0.6334,0.6209,0.6296,55039900.0,2023-11-14 20:00:00
1700006400000,0.6296,0.631,0.6251,0.626,40503577.0,2023-11-15 00:00:00
1700020800000,0.6261,0.6348,0.6261,0.6291,52551681.0,2023-11-15 04:00:00
1700035200000,0.6291,0.6407,0.629,0.6403,56703855.0,2023-11-15 08:00:00
1700049600000,0.6402,0.6406,0.6351,0.6399,61675828.0,2023-11-15 12:00:00
1700064000000,0.6398,0.6467,0.6321,0.646,81944799.0,2023-11-15 16:00:00
1700078400000,0.646,0.6504,0.64,0.6481,45904060.0,2023-11-15 20:00:00
1700092800000,0.6482,0.6493,0.6429,0.6461,40921946.0,2023-11-16 00:00:00
1700107200000,0.6461,0.653,0.6455,0.6512,66222201.0,2023-11-16 04:00:00
1700121600000,0.6512,0.652,0.6384,0.6412,66228200.0,2023-11-16 08:00:00
1700136000000,0.6412,0.6415,0.6123,0.622,121086727.0,2023-11-16 12:00:00
1700150400000,0.6221,0.6273,0.6033,0.6164,89008526.0,2023-11-16 16:00:00
1700164800000,0.6164,0.6195,0.606,0.6119,57123931.0,2023-11-16 20:00:00
1700179200000,0.6118,0.6237,0.6108,0.6218,47147770.0,2023-11-17 00:00:00
1700193600000,0.6218,0.6244,0.6149,0.6153,47336709.0,2023-11-17 04:00:00
1700208000000,0.6152,0.6192,0.6077,0.6127,63616143.0,2023-11-17 08:00:00
1700222400000,0.6127,0.6142,0.5859,0.59,111637607.0,2023-11-17 12:00:00
1700236800000,0.59,0.6095,0.5876,0.6069,66768372.0,2023-11-17 16:00:00
1700251200000,0.6068,0.616,0.6062,0.6133,32018739.0,2023-11-17 20:00:00
1700265600000,0.6132,0.6134,0.6021,0.6026,27186628.0,2023-11-18 00:00:00
1700280000000,0.6026,0.606,0.589,0.6006,43099085.0,2023-11-18 04:00:00
1700294400000,0.6006,0.6083,0.5984,0.6031,29057659.0,2023-11-18 08:00:00
1700308800000,0.6032,0.6089,0.5973,0.6072,38688518.0,2023-11-18 12:00:00
1700323200000,0.6073,0.6144,0.6055,0.6131,32984655.0,2023-11-18 16:00:00
1700337600000,0.6132,0.6137,0.6067,0.6106,21023748.0,2023-11-18 20:00:00
1700352000000,0.6106,0.6106,0.6012,0.6074,28396816.0,2023-11-19 00:00:00
1700366400000,0.6074,0.6108,0.6066,0.61,20120011.0,2023-11-19 04:00:00
1700380800000,0.61,0.6136,0.6074,0.6089,32563850.0,2023-11-19 08:00:00
1700395200000,0.609,0.6258,0.6085,0.6209,91968498.0,2023-11-19 12:00:00
1700409600000,0.6208,0.6262,0.6178,0.6245,34696268.0,2023-11-19 16:00:00
1700424000000,0.6245,0.6286,0.6211,0.6258,32299418.0,2023-11-19 20:00:00
1700438400000,0.6258,0.6268,0.6211,0.6228,39517345.0,2023-11-20 00:00:00
1700452800000,0.6228,0.6246,0.6154,0.6224,52385339.0,2023-11-20 04:00:00
1700467200000,0.6224,0.6282,0.6189,0.6234,52749797.0,2023-11-20 08:00:00
1700481600000,0.6233,0.624,0.611,0.619,55752668.0,2023-11-20 12:00:00
1700496000000,0.619,0.623,0.6125,0.6188,53930773.0,2023-11-20 16:00:00
1700510400000,0.6187,0.6198,0.6061,0.6122,43895823.0,2023-11-20 20:00:00
1700524800000,0.6121,0.6178,0.6058,0.6137,49223086.0,2023-11-21 00:00:00
1700539200000,0.6136,0.6166,0.6056,0.6099,63635870.0,2023-11-21 04:00:00
1700553600000,0.6098,0.6175,0.6075,0.6112,69172611.0,2023-11-21 08:00:00
1700568000000,0.6111,0.6157,0.5923,0.6042,97643604.0,2023-11-21 12:00:00
1700582400000,0.6042,0.6062,0.5801,0.595,112072362.0,2023-11-21 16:00:00
1700596800000,0.5951,0.6021,0.5725,0.5788,77103377.0,2023-11-21 20:00:00
1700611200000,0.5787,0.5933,0.5774,0.5932,48588890.0,2023-11-22 00:00:00
1700625600000,0.5932,0.5973,0.5881,0.5933,56997724.0,2023-11-22 04:00:00
1700640000000,0.5932,0.5981,0.5907,0.5942,69754399.0,2023-11-22 08:00:00
1700654400000,0.5941,0.5986,0.5916,0.5934,50259136.0,2023-11-22 12:00:00
1700668800000,0.5934,0.6132,0.5921,0.6091,67774408.0,2023-11-22 16:00:00
1700683200000,0.6091,0.6162,0.608,0.6109,52841659.0,2023-11-22 20:00:00
1700697600000,0.6109,0.6147,0.6084,0.6111,38614964.0,2023-11-23 00:00:00
1700712000000,0.611,0.6115,0.6059,0.6113,43634348.0,2023-11-23 04:00:00
1700726400000,0.6113,0.6231,0.6107,0.6135,75866136.0,2023-11-23 08:00:00
1700740800000,0.6134,0.6226,0.6093,0.6161,61095969.0,2023-11-23 12:00:00
1700755200000,0.6161,0.6238,0.6132,0.6214,53326451.0,2023-11-23 16:00:00
1700769600000,0.6214,0.623,0.6178,0.6209,33155324.0,2023-11-23 20:00:00
1700784000000,0.6208,0.6252,0.6204,0.6206,38120590.0,2023-11-24 00:00:00
1700798400000,0.6205,0.6248,0.6172,0.6239,61632689.0,2023-11-24 04:00:00
1700812800000,0.6238,0.6258,0.6192,0.6203,68456838.0,2023-11-24 08:00:00
1700827200000,0.6203,0.6249,0.6155,0.6221,57136455.0,2023-11-24 12:00:00
1700841600000,0.6221,0.6249,0.6156,0.6191,49107709.0,2023-11-24 16:00:00
1700856000000,0.619,0.6226,0.6175,0.6212,28694958.0,2023-11-24 20:00:00
1700870400000,0.6212,0.6231,0.6186,0.6216,25903739.0,2023-11-25 00:00:00
1700884800000,0.6215,0.6222,0.6193,0.6221,21049528.0,2023-11-25 04:00:00
1700899200000,0.6222,0.6228,0.6157,0.6176,26655484.0,2023-11-25 08:00:00
1700913600000,0.6176,0.6196,0.6164,0.6193,18317614.0,2023-11-25 12:00:00
1700928000000,0.6192,0.6215,0.6192,0.6205,14096237.0,2023-11-25 16:00:00
1700942400000,0.6205,0.6238,0.619,0.6228,15898665.0,2023-11-25 20:00:00
1700956800000,0.6228,0.623,0.6184,0.6199,22621418.0,2023-11-26 00:00:00
1700971200000,0.6198,0.6219,0.619,0.6217,14327038.0,2023-11-26 04:00:00
1700985600000,0.6217,0.6362,0.6198,0.6298,62672882.0,2023-11-26 08:00:00
1701000000000,0.6298,0.6375,0.6181,0.6221,70712706.0,2023-11-26 12:00:00
1701014400000,0.6221,0.6232,0.6064,0.618,70201896.0,2023-11-26 16:00:00
1701028800000,0.6181,0.6201,0.6154,0.6157,25771472.0,2023-11-26 20:00:00
1701043200000,0.6157,0.6168,0.6054,0.61,56422435.0,2023-11-27 00:00:00
1701057600000,0.6099,0.6118,0.6006,0.6074,66450097.0,2023-11-27 04:00:00
1701072000000,0.6074,0.609,0.5983,0.6039,58811997.0,2023-11-27 08:00:00
1701086400000,0.6038,0.6053,0.5971,0.5979,53750604.0,2023-11-27 12:00:00
1701100800000,0.5979,0.6051,0.5937,0.5987,44380119.0,2023-11-27 16:00:00
1701115200000,0.5987,0.6042,0.5953,0.6039,29596154.0,2023-11-27 20:00:00
1701129600000,0.6039,0.6051,0.6013,0.6047,29816461.0,2023-11-28 00:00:00
1701144000000,0.6046,0.6054,0.5957,0.6028,52595186.0,2023-11-28 04:00:00
1701158400000,0.6027,0.6072,0.5972,0.6047,68875425.0,2023-11-28 08:00:00
1701172800000,0.6046,0.6119,0.6035,0.6086,56213537.0,2023-11-28 12:00:00
1701187200000,0.6086,0.6139,0.6066,0.6109,53045601.0,2023-11-28 16:00:00
1701201600000,0.6108,0.6131,0.6094,0.6107,25581728.0,2023-11-28 20:00:00
1701216000000,0.6106,0.6128,0.6086,0.6121,23472079.0,2023-11-29 00:00:00
1701230400000,0.6122,0.6157,0.609,0.6134,43024590.0,2023-11-29 04:00:00
1701244800000,0.6135,0.617,0.6089,0.611,63483563.0,2023-11-29 08:00:00
1701259200000,0.611,0.6125,0.604,0.6079,54561471.0,2023-11-29 12:00:00
1701273600000,0.6078,0.6099,0.6041,0.6093,32297328.0,2023-11-29 16:00:00
1701288000000,0.6094,0.6098,0.606,0.6091,18502430.0,2023-11-29 20:00:00
1701302400000,0.609,0.6092,0.6049,0.6084,31168805.0,2023-11-30 00:00:00
1701316800000,0.6084,0.6099,0.6033,0.6038,56248135.0,2023-11-30 04:00:00
1701331200000,0.6037,0.6058,0.5982,0.6056,60582380.0,2023-11-30 08:00:00
1701345600000,0.6055,0.6065,0.6003,0.6019,43364333.0,2023-11-30 12:00:00
1701360000000,0.602,0.6047,0.5996,0.6033,23031153.0,2023-11-30 16:00:00
1701374400000,0.6034,0.6078,0.6032,0.6063,18319624.0,2023-11-30 20:00:00
1701388800000,0.6063,0.6135,0.6031,0.6104,37208629.0,2023-12-01 00:00:00
1701403200000,0.6104,0.6125,0.6087,0.6103,38868209.0,2023-12-01 04:00:00
1701417600000,0.6102,0.6143,0.6085,0.6111,51809314.0,2023-12-01 08:00:00
1701432000000,0.6111,0.6119,0.6054,0.6076,55551136.0,2023-12-01 12:00:00
1701446400000,0.6076,0.6121,0.6071,0.6121,43317414.0,2023-12-01 16:00:00
1701460800000,0.612,0.6133,0.6107,0.6125,21691409.0,2023-12-01 20:00:00
1701475200000,0.6126,0.6135,0.611,0.6127,14129789.0,2023-12-02 00:00:00
1701489600000,0.6127,0.6162,0.6127,0.6137,18666500.0,2023-12-02 04:00:00
1701504000000,0.6137,0.6155,0.6129,0.6133,16250742.0,2023-12-02 08:00:00
1701518400000,0.6134,0.6164,0.6116,0.6138,23681707.0,2023-12-02 12:00:00
1701532800000,0.6138,0.6228,0.612,0.6189,43914798.0,2023-12-02 16:00:00
1701547200000,0.619,0.6229,0.6177,0.6208,27486716.0,2023-12-02 20:00:00
1701561600000,0.6207,0.6225,0.6168,0.6182,26073978.0,2023-12-03 00:00:00
1701576000000,0.6182,0.6204,0.6179,0.6204,16683520.0,2023-12-03 04:00:00
1701590400000,0.6203,0.6342,0.6188,0.6283,73731493.0,2023-12-03 08:00:00
1701604800000,0.6282,0.6283,0.6179,0.6213,67458850.0,2023-12-03 12:00:00
1701619200000,0.6214,0.6217,0.6172,0.6215,22829966.0,2023-12-03 16:00:00
1701633600000,0.6214,0.6276,0.6204,0.6229,33882317.0,2023-12-03 20:00:00
1701648000000,0.6229,0.6312,0.6219,0.6277,54532546.0,2023-12-04 00:00:00
1701662400000,0.6277,0.6352,0.6276,0.6331,75486913.0,2023-12-04 04:00:00
1701676800000,0.6331,0.6439,0.582,0.6199,184401545.0,2023-12-04 08:00:00
1701691200000,0.6199,0.6239,0.6112,0.6159,95664525.0,2023-12-04 12:00:00
1701705600000,0.6158,0.6225,0.615,0.6213,43487801.0,2023-12-04 16:00:00
1701720000000,0.6213,0.6269,0.6196,0.6245,38625469.0,2023-12-04 20:00:00
1701734400000,0.6246,0.6307,0.6159,0.6184,55297671.0,2023-12-05 00:00:00
1701748800000,0.6183,0.6212,0.6076,0.6127,58069189.0,2023-12-05 04:00:00
1701763200000,0.6127,0.6141,0.6086,0.6108,56894165.0,2023-12-05 08:00:00
1701777600000,0.6107,0.6155,0.6081,0.6143,68682854.0,2023-12-05 12:00:00
1701792000000,0.6143,0.6274,0.6129,0.6222,82491661.0,2023-12-05 16:00:00
1701806400000,0.6222,0.6235,0.6172,0.621,47937203.0,2023-12-05 20:00:00
1701820800000,0.621,0.6267,0.6183,0.6221,66221577.0,2023-12-06 00:00:00
1701835200000,0.6222,0.6288,0.6104,0.6275,87331894.0,2023-12-06 04:00:00
1701849600000,0.6275,0.6415,0.6109,0.6204,160063295.0,2023-12-06 08:00:00
1701864000000,0.6204,0.6286,0.6202,0.6273,61597175.0,2023-12-06 12:00:00
1701878400000,0.6273,0.6315,0.625,0.6309,40326834.0,2023-12-06 16:00:00
1701892800000,0.6308,0.6437,0.6283,0.64,83319981.0,2023-12-06 20:00:00
1701907200000,0.64,0.6425,0.63,0.6329,56349938.0,2023-12-07 00:00:00
1701921600000,0.633,0.6544,0.6327,0.6481,125995038.0,2023-12-07 04:00:00
1701936000000,0.6481,0.6482,0.6204,0.6316,112961135.0,2023-12-07 08:00:00
1701950400000,0.6316,0.6383,0.6291,0.6369,59426880.0,2023-12-07 12:00:00
1701964800000,0.6368,0.646,0.6351,0.6418,64108567.0,2023-12-07 16:00:00
1701979200000,0.6419,0.6466,0.6397,0.6432,35842296.0,2023-12-07 20:00:00
1701993600000,0.6431,0.6504,0.6403,0.6466,52990600.0,2023-12-08 00:00:00
1702008000000,0.6465,0.651,0.6373,0.6412,67317671.0,2023-12-08 04:00:00
1702022400000,0.6411,0.6499,0.6392,0.6485,56675863.0,2023-12-08 08:00:00
1702036800000,0.6485,0.6599,0.6469,0.6591,128689038.0,2023-12-08 12:00:00
1702051200000,0.659,0.6723,0.6589,0.6707,130744872.0,2023-12-08 16:00:00
1702065600000,0.6707,0.6756,0.6665,0.6721,60726441.0,2023-12-08 20:00:00
1702080000000,0.672,0.6792,0.6668,0.6757,58687665.0,2023-12-09 00:00:00
1702094400000,0.6757,0.7,0.6757,0.6918,142534606.0,2023-12-09 04:00:00
1702108800000,0.6918,0.6955,0.6691,0.6868,113733758.0,2023-12-09 08:00:00
1702123200000,0.6867,0.6923,0.6705,0.6804,99638628.0,2023-12-09 12:00:00
1702137600000,0.6805,0.6813,0.6633,0.6706,55062685.0,2023-12-09 16:00:00
1702152000000,0.6707,0.6745,0.651,0.6584,53284811.0,2023-12-09 20:00:00
1702166400000,0.6584,0.6696,0.6584,0.6654,45742693.0,2023-12-10 00:00:00
1702180800000,0.6655,0.6715,0.6604,0.6657,33815805.0,2023-12-10 04:00:00
1702195200000,0.6657,0.6666,0.6468,0.656,62784137.0,2023-12-10 08:00:00
1702209600000,0.6559,0.6624,0.6555,0.6611,40264647.0,2023-12-10 12:00:00
1702224000000,0.6611,0.6655,0.654,0.6626,33239890.0,2023-12-10 16:00:00
1702238400000,0.6626,0.6697,0.6583,0.6617,35154777.0,2023-12-10 20:00:00
1702252800000,0.6617,0.6628,0.6,0.6275,188609917.0,2023-12-11 00:00:00
1702267200000,0.6274,0.63,0.6176,0.6217,91960196.0,2023-12-11 04:00:00
1702281600000,0.6217,0.6272,0.6156,0.6266,78224724.0,2023-12-11 08:00:00
1702296000000,0.6266,0.6272,0.614,0.6199,83659600.0,2023-12-11 12:00:00
1702310400000,0.6199,0.622,0.6017,0.6123,116882310.0,2023-12-11 16:00:00
1702324800000,0.6123,0.6209,0.6101,0.6187,42518490.0,2023-12-11 20:00:00
1702339200000,0.6187,0.6262,0.6181,0.6237,61952436.0,2023-12-12 00:00:00
1702353600000,0.6236,0.6263,0.6157,0.6251,63071484.0,2023-12-12 04:00:00
1702368000000,0.6251,0.6255,0.619,0.6196,80326713.0,2023-12-12 08:00:00
1702382400000,0.6196,0.6246,0.6132,0.6171,70795971.0,2023-12-12 12:00:00
1702396800000,0.617,0.62,0.6067,0.617,60070533.0,2023-12-12 16:00:00
1702411200000,0.617,0.6212,0.6124,0.6192,36689975.0,2023-12-12 20:00:00
1702425600000,0.6191,0.6193,0.603,0.6046,62262338.0,2023-12-13 00:00:00
1702440000000,0.6047,0.6078,0.5925,0.6049,88894739.0,2023-12-13 04:00:00
1702454400000,0.605,0.609,0.5999,0.6011,61977106.0,2023-12-13 08:00:00
1702468800000,0.6011,0.6165,0.6009,0.6148,64389982.0,2023-12-13 12:00:00
1702483200000,0.6148,0.6265,0.6111,0.6254,51681864.0,2023-12-13 16:00:00
1702497600000,0.6254,0.6348,0.6228,0.6275,54360510.0,2023-12-13 20:00:00
1702512000000,0.6276,0.6287,0.6206,0.6231,48678012.0,2023-12-14 00:00:00
1702526400000,0.6231,0.628,0.6224,0.6259,49490735.0,2023-12-14 04:00:00
1702540800000,0.6258,0.6342,0.6229,0.634,63692662.0,2023-12-14 08:00:00
1702555200000,0.634,0.6343,0.6053,0.623,94616079.0,2023-12-14 12:00:00
1702569600000,0.623,0.6341,0.6229,0.6321,46929231.0,2023-12-14 16:00:00
1702584000000,0.6321,0.6379,0.6288,0.6316,37292131.0,2023-12-14 20:00:00
1702598400000,0.6316,0.6441,0.6303,0.6351,67298445.0,2023-12-15 00:00:00
1702612800000,0.635,0.6358,0.6282,0.6307,67783322.0,2023-12-15 04:00:00
1702627200000,0.6307,0.6353,0.6291,0.6295,61164623.0,2023-12-15 08:00:00
1702641600000,0.6295,0.63,0.6156,0.6194,78306892.0,2023-12-15 12:00:00
1702656000000,0.6194,0.6255,0.6176,0.6233,44629547.0,2023-12-15 16:00:00
1702670400000,0.6232,0.6248,0.6116,0.6156,37431147.0,2023-12-15 20:00:00
1702684800000,0.6156,0.6219,0.61,0.6215,38348337.0,2023-12-16 00:00:00
1702699200000,0.6216,0.622,0.6189,0.6199,23241261.0,2023-12-16 04:00:00
1702713600000,0.6199,0.6237,0.6198,0.6237,19688136.0,2023-12-16 08:00:00
1702728000000,0.6237,0.6249,0.621,0.6247,23957847.0,2023-12-16 12:00:00
1702742400000,0.6247,0.6258,0.6174,0.6192,36219128.0,2023-12-16 16:00:00
1702756800000,0.6192,0.6213,0.6175,0.6203,19300429.0,2023-12-16 20:00:00
1702771200000,0.6202,0.6225,0.6159,0.6187,25558306.0,2023-12-17 00:00:00
1702785600000,0.6187,0.6206,0.6129,0.6135,27408095.0,2023-12-17 04:00:00
1702800000000,0.6135,0.6237,0.6126,0.6201,40526748.0,2023-12-17 08:00:00
1702814400000,0.62,0.6203,0.6123,0.6184,32032059.0,2023-12-17 12:00:00
1702828800000,0.6185,0.622,0.6163,0.6189,21615492.0,2023-12-17 16:00:00
1702843200000,0.619,0.6197,0.6084,0.6103,29336117.0,2023-12-17 20:00:00
1702857600000,0.6103,0.6137,0.601,0.606,60405442.0,2023-12-18 00:00:00
1702872000000,0.6059,0.6094,0.6002,0.6012,74545624.0,2023-12-18 04:00:00
1702886400000,0.6012,0.6021,0.5778,0.5894,188573752.0,2023-12-18 08:00:00
1702900800000,0.5894,0.6006,0.5865,0.5965,67821034.0,2023-12-18 12:00:00
1702915200000,0.5965,0.6069,0.5947,0.6051,37704378.0,2023-12-18 16:00:00
1702929600000,0.6051,0.6145,0.6034,0.6125,48054866.0,2023-12-18 20:00:00
1702944000000,0.6125,0.6167,0.6091,0.6125,53067098.0,2023-12-19 00:00:00
1702958400000,0.6124,0.6145,0.6089,0.6112,53285950.0,2023-12-19 04:00:00
1702972800000,0.6112,0.6125,0.6068,0.6082,58050954.0,2023-12-19 08:00:00
1702987200000,0.6082,0.6113,0.6018,0.6056,65351988.0,2023-12-19 12:00:00
1703001600000,0.6056,0.6075,0.5972,0.6051,49917972.0,2023-12-19 16:00:00
1703016000000,0.6051,0.6077,0.603,0.6047,29782522.0,2023-12-19 20:00:00
1703030400000,0.6047,0.6092,0.601,0.6086,41030043.0,2023-12-20 00:00:00
1703044800000,0.6086,0.6119,0.6062,0.6099,54318713.0,2023-12-20 04:00:00
1703059200000,0.6099,0.6145,0.6082,0.611,57892540.0,2023-12-20 08:00:00
1703073600000,0.6111,0.6252,0.6103,0.622,100590841.0,2023-12-20 12:00:00
1703088000000,0.6219,0.6264,0.6168,0.6209,58432790.0,2023-12-20 16:00:00
1703102400000,0.6208,0.6215,0.6067,0.6171,67868396.0,2023-12-20 20:00:00
1703116800000,0.6171,0.6171,0.6107,0.6146,41335083.0,2023-12-21 00:00:00
1703131200000,0.6145,0.6177,0.6116,0.6165,48060564.0,2023-12-21 04:00:00
1703145600000,0.6164,0.6211,0.6133,0.6184,55312432.0,2023-12-21 08:00:00
1703160000000,0.6183,0.6209,0.6103,0.6155,63788241.0,2023-12-21 12:00:00
1703174400000,0.6155,0.6196,0.6131,0.6188,46717923.0,2023-12-21 16:00:00
1703188800000,0.6188,0.6249,0.6186,0.6241,39049061.0,2023-12-21 20:00:00
1703203200000,0.624,0.6268,0.618,0.6203,64665602.0,2023-12-22 00:00:00
1703217600000,0.6202,0.6235,0.6164,0.619,63991664.0,2023-12-22 04:00:00
1703232000000,0.619,0.6317,0.6172,0.6217,120457852.0,2023-12-22 08:00:00
1703246400000,0.6216,0.6221,0.6154,0.6199,60801401.0,2023-12-22 12:00:00
1703260800000,0.6199,0.6215,0.6155,0.6181,45619928.0,2023-12-22 16:00:00
1703275200000,0.618,0.625,0.6178,0.6244,31079975.0,2023-12-22 20:00:00
1703289600000,0.6243,0.6249,0.6127,0.6141,44592817.0,2023-12-23 00:00:00
1703304000000,0.6141,0.617,0.6106,0.6152,30135262.0,2023-12-23 04:00:00
1703318400000,0.6152,0.6173,0.6136,0.6153,24400583.0,2023-12-23 08:00:00
1703332800000,0.6153,0.6191,0.615,0.6181,26747114.0,2023-12-23 12:00:00
1703347200000,0.6181,0.6206,0.6174,0.6185,21010664.0,2023-12-23 16:00:00
1703361600000,0.6185,0.62,0.6167,0.6195,24062451.0,2023-12-23 20:00:00
1703376000000,0.6195,0.6227,0.6165,0.6201,39765216.0,2023-12-24 00:00:00
1703390400000,0.62,0.6229,0.6106,0.6166,62405521.0,2023-12-24 04:00:00
1703404800000,0.6165,0.6213,0.6133,0.6186,42020257.0,2023-12-24 08:00:00
1703419200000,0.6187,0.6239,0.617,0.6214,47540913.0,2023-12-24 12:00:00
1703433600000,0.6215,0.6236,0.6197,0.6236,31386348.0,2023-12-24 16:00:00
1703448000000,0.6236,0.6295,0.6035,0.6121,81885142.0,2023-12-24 20:00:00
1703462400000,0.6122,0.6175,0.6082,0.6164,46571225.0,2023-12-25 00:00:00
1703476800000,0.6164,0.6173,0.615,0.6164,30623912.0,2023-12-25 04:00:00
1703491200000,0.6164,0.6488,0.616,0.6421,214341559.0,2023-12-25 08:00:00
1703505600000,0.642,0.6469,0.6321,0.6333,88843862.0,2023-12-25 12:00:00
1703520000000,0.6333,0.6389,0.6309,0.6377,63159912.0,2023-12-25 16:00:00
1703534400000,0.6377,0.6477,0.635,0.6462,57988774.0,2023-12-25 20:00:00
1703548800000,0.6461,0.6469,0.6327,0.6384,48437317.0,2023-12-26 00:00:00
1703563200000,0.6384,0.6385,0.6186,0.6216,94816366.0,2023-12-26 04:00:00
1703577600000,0.6215,0.6258,0.6154,0.6243,68508448.0,2023-12-26 08:00:00
1703592000000,0.6242,0.6315,0.6185,0.62,79221309.0,2023-12-26 12:00:00
1703606400000,0.62,0.6281,0.6,0.6164,102746736.0,2023-12-26 16:00:00
1703620800000,0.6163,0.6224,0.6157,0.6219,33474814.0,2023-12-26 20:00:00
1703635200000,0.6219,0.622,0.6127,0.6163,35617716.0,2023-12-27 00:00:00
1703649600000,0.6163,0.6241,0.616,0.6192,57366402.0,2023-12-27 04:00:00
1703664000000,0.6193,0.6315,0.618,0.6272,86908024.0,2023-12-27 08:00:00
1703678400000,0.6273,0.6344,0.6255,0.6334,71587905.0,2023-12-27 12:00:00
1703692800000,0.6334,0.6403,0.6309,0.6391,68733191.0,2023-12-27 16:00:00
1703707200000,0.6391,0.6421,0.6304,0.634,43745942.0,2023-12-27 20:00:00
1703721600000,0.6341,0.6491,0.6327,0.6414,96630941.0,2023-12-28 00:00:00
1703736000000,0.6415,0.6584,0.6316,0.6365,118300140.0,2023-12-28 04:00:00
1703750400000,0.6365,0.65,0.633,0.6432,78498717.0,2023-12-28 08:00:00
1703764800000,0.6431,0.6447,0.6249,0.6295,102359169.0,2023-12-28 12:00:00
1703779200000,0.6295,0.6336,0.6269,0.632,41367236.0,2023-12-28 16:00:00
1703793600000,0.6319,0.6365,0.6256,0.6346,31036800.0,2023-12-28 20:00:00
1703808000000,0.6346,0.6356,0.6207,0.6314,61184202.0,2023-12-29 00:00:00
1703822400000,0.6314,0.6331,0.623,0.6241,45871157.0,2023-12-29 04:00:00
1703836800000,0.6241,0.6325,0.6236,0.6314,58237065.0,2023-12-29 08:00:00
1703851200000,0.6313,0.6363,0.6208,0.6244,79160761.0,2023-12-29 12:00:00
1703865600000,0.6243,0.6263,0.6156,0.6235,62312019.0,2023-12-29 16:00:00
1703880000000,0.6235,0.6237,0.6121,0.623,40295538.0,2023-12-29 20:00:00
1703894400000,0.6229,0.6246,0.6186,0.6204,26754897.0,2023-12-30 00:00:00
1703908800000,0.6204,0.6257,0.6202,0.6221,22976647.0,2023-12-30 04:00:00
1703923200000,0.6221,0.6228,0.6158,0.6204,42802353.0,2023-12-30 08:00:00
1703937600000,0.6205,0.6297,0.62,0.6281,35633332.0,2023-12-30 12:00:00
1703952000000,0.6281,0.6296,0.6243,0.6248,22343763.0,2023-12-30 16:00:00
1703966400000,0.6247,0.6256,0.6204,0.6207,17630915.0,2023-12-30 20:00:00
1703980800000,0.6207,0.6234,0.6181,0.6203,22247824.0,2023-12-31 00:00:00
1703995200000,0.6203,0.6246,0.62,0.6236,16171892.0,2023-12-31 04:00:00
1704009600000,0.6236,0.6285,0.6221,0.6233,29762686.0,2023-12-31 08:00:00
1704024000000,0.6234,0.6254,0.6204,0.6222,23127849.0,2023-12-31 12:00:00
1704038400000,0.6222,0.624,0.62,0.6206,16940932.0,2023-12-31 16:00:00
1704052800000,0.6207,0.6208,0.6055,0.6156,52727585.0,2023-12-31 20:00:00
1704067200000,0.6155,0.619,0.6112,0.613,38083239.0,2024-01-01 00:00:00
1704081600000,0.6129,0.6153,0.6083,0.615,27260377.0,2024-01-01 04:00:00
1704096000000,0.615,0.6207,0.6143,0.6205,19852600.0,2024-01-01 08:00:00
1704110400000,0.6205,0.6219,0.6183,0.6213,23101938.0,2024-01-01 12:00:00
1704124800000,0.6213,0.626,0.6198,0.6258,24741528.0,2024-01-01 16:00:00
1704139200000,0.6258,0.6309,0.6255,0.6294,32829718.0,2024-01-01 20:00:00
1704153600000,0.6295,0.6354,0.6287,0.6339,63279200.0,2024-01-02 00:00:00
1704168000000,0.6339,0.6343,0.6277,0.6307,61276328.0,2024-01-02 04:00:00
1704182400000,0.6307,0.6405,0.6291,0.632,92875825.0,2024-01-02 08:00:00
1704196800000,0.632,0.634,0.6218,0.6256,72855118.0,2024-01-02 12:00:00
1704211200000,0.6255,0.6292,0.6213,0.6276,46888042.0,2024-01-02 16:00:00
1704225600000,0.6276,0.629,0.6237,0.6246,33894981.0,2024-01-02 20:00:00
1704240000000,0.6245,0.6279,0.6226,0.6261,41022882.0,2024-01-03 00:00:00
1704254400000,0.6261,0.6394,0.626,0.6319,102980341.0,2024-01-03 04:00:00
1704268800000,0.6318,0.6363,0.6115,0.6185,95514635.0,2024-01-03 08:00:00
1704283200000,0.6186,0.6187,0.5,0.5765,599782465.0,2024-01-03 12:00:00
1704297600000,0.5766,0.5798,0.5662,0.5738,139355316.0,2024-01-03 16:00:00
1704312000000,0.5738,0.59,0.5734,0.5823,84857681.0,2024-01-03 20:00:00
1704326400000,0.5823,0.5834,0.5692,0.5814,72391294.0,2024-01-04 00:00:00
1704340800000,0.5813,0.5845,0.5741,0.5741,67094629.0,2024-01-04 04:00:00
1704355200000,0.5742,0.5788,0.5703,0.5765,60720858.0,2024-01-04 08:00:00
1704369600000,0.5766,0.5882,0.5751,0.5857,76026983.0,2024-01-04 12:00:00
1704384000000,0.5856,0.5893,0.5798,0.5866,63599043.0,2024-01-04 16:00:00
1704398400000,0.5866,0.5938,0.5851,0.5868,44805556.0,2024-01-04 20:00:00
1704412800000,0.5868,0.5885,0.553,0.5761,84068415.0,2024-01-05 00:00:00
1704427200000,0.5761,0.5783,0.5721,0.5735,59273806.0,2024-01-05 04:00:00
1704441600000,0.5734,0.5791,0.5659,0.5693,63212402.0,2024-01-05 08:00:00
1704456000000,0.5692,0.5728,0.5592,0.5634,81440272.0,2024-01-05 12:00:00
1704470400000,0.5634,0.5701,0.5532,0.5676,61557896.0,2024-01-05 16:00:00
1704484800000,0.5675,0.5763,0.5675,0.5757,33676554.0,2024-01-05 20:00:00
1704499200000,0.5758,0.5758,0.5707,0.5716,24937910.0,2024-01-06 00:00:00
1704513600000,0.5715,0.5735,0.5568,0.5643,51248164.0,2024-01-06 04:00:00
1704528000000,0.5642,0.5675,0.5612,0.5661,21234610.0,2024-01-06 08:00:00
1704542400000,0.566,0.5736,0.5647,0.571,28324914.0,2024-01-06 12:00:00
1704556800000,0.571,0.5723,0.5668,0.5692,21919494.0,2024-01-06 16:00:00
1704571200000,0.5693,0.5701,0.5639,0.5679,19083959.0,2024-01-06 20:00:00
1704585600000,0.568,0.571,0.5648,0.5664,24319911.0,2024-01-07 00:00:00
1704600000000,0.5664,0.5699,0.5654,0.5691,25417019.0,2024-01-07 04:00:00
1704614400000,0.5691,0.573,0.5641,0.5666,52735215.0,2024-01-07 08:00:00
1704628800000,0.5667,0.5706,0.5636,0.5673,32537395.0,2024-01-07 12:00:00
1704643200000,0.5673,0.5684,0.5607,0.5672,26792171.0,2024-01-07 16:00:00
1704657600000,0.5673,0.5677,0.5454,0.5515,64915848.0,2024-01-07 20:00:00
1704672000000,0.5515,0.5821,0.5442,0.5598,213864687.0,2024-01-08 00:00:00
1704686400000,0.5597,0.5662,0.5537,0.5565,75813021.0,2024-01-08 04:00:00
1704700800000,0.5565,0.563,0.5505,0.5623,54381203.0,2024-01-08 08:00:00
1704715200000,0.5623,0.5698,0.5613,0.5656,67708892.0,2024-01-08 12:00:00
1704729600000,0.5656,0.5816,0.5642,0.5807,65539610.0,2024-01-08 16:00:00
1704744000000,0.5807,0.5811,0.5743,0.5776,43280552.0,2024-01-08 20:00:00
1704758400000,0.5776,0.5783,0.5665,0.5727,55741274.0,2024-01-09 00:00:00
1704772800000,0.5726,0.5751,0.5677,0.5715,54331035.0,2024-01-09 04:00:00
1704787200000,0.5715,0.573,0.5621,0.5686,53088577.0,2024-01-09 08:00:00
1704801600000,0.5686,0.5695,0.5531,0.5596,75482612.0,2024-01-09 12:00:00
1704816000000,0.5595,0.5771,0.5555,0.5728,103635751.0,2024-01-09 16:00:00
1704830400000,0.5727,0.5793,0.5609,0.5669,112289121.0,2024-01-09 20:00:00
1704844800000,0.567,0.5725,0.5655,0.5693,43774469.0,2024-01-10 00:00:00
1704859200000,0.5693,0.5719,0.5626,0.5631,52313272.0,2024-01-10 04:00:00
1704873600000,0.5631,0.5679,0.5583,0.5636,61424769.0,2024-01-10 08:00:00
1704888000000,0.5636,0.58,0.5489,0.5707,117071783.0,2024-01-10 12:00:00
1704902400000,0.5706,0.58,0.5629,0.579,71092051.0,2024-01-10 16:00:00
1704916800000,0.5789,0.615,0.5608,0.6008,220035653.0,2024-01-10 20:00:00
1704931200000,0.6008,0.6028,0.5931,0.6028,87341648.0,2024-01-11 00:00:00
1704945600000,0.6028,0.606,0.5856,0.5972,78819504.0,2024-01-11 04:00:00
1704960000000,0.5972,0.615,0.595,0.6117,72412567.0,2024-01-11 08:00:00
1704974400000,0.6117,0.624,0.5946,0.601,174588491.0,2024-01-11 12:00:00
1704988800000,0.6009,0.6066,0.5919,0.605,65969919.0,2024-01-11 16:00:00
1705003200000,0.6049,0.6071,0.5982,0.6019,34386125.0,2024-01-11 20:00:00
1705017600000,0.6019,0.6035,0.5904,0.5979,55767776.0,2024-01-12 00:00:00
1705032000000,0.5978,0.6007,0.5931,0.5946,67137781.0,2024-01-12 04:00:00
1705046400000,0.5946,0.6025,0.5884,0.6005,59336143.0,2024-01-12 08:00:00
1705060800000,0.6004,0.6012,0.5836,0.5873,84895446.0,2024-01-12 12:00:00
1705075200000,0.5873,0.5914,0.5658,0.58,110163310.0,2024-01-12 16:00:00
1705089600000,0.58,0.5836,0.5515,0.5699,84716053.0,2024-01-12 20:00:00
1705104000000,0.5699,0.5726,0.563,0.5719,39349250.0,2024-01-13 00:00:00
1705118400000,0.5718,0.5765,0.5713,0.5748,23980086.0,2024-01-13 04:00:00
1705132800000,0.5748,0.5772,0.5701,0.5743,24565824.0,2024-01-13 08:00:00
1705147200000,0.5744,0.5768,0.5714,0.5742,24347037.0,2024-01-13 12:00:00
1705161600000,0.5743,0.576,0.571,0.5744,19074301.0,2024-01-13 16:00:00
1705176000000,0.5744,0.5775,0.574,0.5747,13406521.0,2024-01-13 20:00:00
1705190400000,0.5746,0.5757,0.5717,0.5738,15732292.0,2024-01-14 00:00:00
1705204800000,0.5739,0.5765,0.5719,0.5755,16784278.0,2024-01-14 04:00:00
1705219200000,0.5755,0.5798,0.5749,0.5766,21792203.0,2024-01-14 08:00:00
1705233600000,0.5767,0.5784,0.5743,0.5774,19306344.0,2024-01-14 12:00:00
1705248000000,0.5775,0.5872,0.5739,0.5768,43978372.0,2024-01-14 16:00:00
1705262400000,0.5767,0.5932,0.572,0.5763,70877912.0,2024-01-14 20:00:00
1705276800000,0.5763,0.5895,0.5763,0.5861,40891460.0,2024-01-15 00:00:00
1705291200000,0.5861,0.5874,0.576,0.5774,56527667.0,2024-01-15 04:00:00
1705305600000,0.5774,0.5817,0.5765,0.579,47074973.0,2024-01-15 08:00:00
1705320000000,0.579,0.58,0.5687,0.57,51972261.0,2024-01-15 12:00:00
1705334400000,0.5699,0.5819,0.5696,0.581,40876288.0,2024-01-15 16:00:00
1705348800000,0.581,0.5814,0.5739,0.5757,29775903.0,2024-01-15 20:00:00
1705363200000,0.5757,0.579,0.5717,0.578,39667282.0,2024-01-16 00:00:00
1705377600000,0.578,0.5784,0.5716,0.5766,40708519.0,2024-01-16 04:00:00
1705392000000,0.5766,0.5773,0.5728,0.5745,47079498.0,2024-01-16 08:00:00
1705406400000,0.5745,0.5781,0.5659,0.5757,57785753.0,2024-01-16 12:00:00
1705420800000,0.5757,0.5786,0.5731,0.5783,34915047.0,2024-01-16 16:00:00
1705435200000,0.5782,0.5797,0.5752,0.5757,29880551.0,2024-01-16 20:00:00
1705449600000,0.5758,0.5763,0.5731,0.575,28047817.0,2024-01-17 00:00:00
1705464000000,0.5749,0.5759,0.5691,0.572,39997529.0,2024-01-17 04:00:00
1705478400000,0.5719,0.5731,0.5691,0.5702,39031601.0,2024-01-17 08:00:00
1705492800000,0.5702,0.5719,0.5667,0.569,52456536.0,2024-01-17 12:00:00
1705507200000,0.569,0.5716,0.5611,0.5713,42888085.0,2024-01-17 16:00:00
1705521600000,0.5712,0.5729,0.5672,0.5685,27014143.0,2024-01-17 20:00:00
1705536000000,0.5685,0.5685,0.5629,0.5664,29520304.0,2024-01-18 00:00:00
1705550400000,0.5665,0.5687,0.5648,0.5686,35198042.0,2024-01-18 04:00:00
1705564800000,0.5686,0.569,0.5618,0.5631,38038513.0,2024-01-18 08:00:00
1705579200000,0.5632,0.564,0.5588,0.5623,44165862.0,2024-01-18 12:00:00
1705593600000,0.5622,0.5628,0.543,0.5468,95403320.0,2024-01-18 16:00:00
1705608000000,0.5467,0.5528,0.546,0.552,44534696.0,2024-01-18 20:00:00
1705622400000,0.552,0.5537,0.5446,0.55,66027892.0,2024-01-19 00:00:00
1705636800000,0.55,0.5524,0.5468,0.5472,47296602.0,2024-01-19 04:00:00
1705651200000,0.5471,0.5514,0.546,0.5504,45641560.0,2024-01-19 08:00:00
1705665600000,0.5504,0.551,0.5374,0.5389,68161487.0,2024-01-19 12:00:00
1705680000000,0.5389,0.5468,0.5216,0.5461,146766389.0,2024-01-19 16:00:00
1705694400000,0.546,0.5495,0.5437,0.5443,38573439.0,2024-01-19 20:00:00
1705708800000,0.5443,0.5443,0.539,0.5433,28819865.0,2024-01-20 00:00:00
1705723200000,0.5433,0.5526,0.5432,0.5492,27682298.0,2024-01-20 04:00:00
1705737600000,0.5492,0.5524,0.544,0.5492,38447298.0,2024-01-20 08:00:00
1705752000000,0.5492,0.5508,0.5471,0.5479,33583324.0,2024-01-20 12:00:00
1705766400000,0.5479,0.5491,0.545,0.5467,31346131.0,2024-01-20 16:00:00
1705780800000,0.5467,0.5551,0.5459,0.5534,30148950.0,2024-01-20 20:00:00
1705795200000,0.5534,0.5552,0.5488,0.554,27213867.0,2024-01-21 00:00:00
1705809600000,0.554,0.5544,0.5507,0.5522,16900214.0,2024-01-21 04:00:00
1705824000000,0.5523,0.5546,0.5513,0.5524,18424651.0,2024-01-21 08:00:00
1705838400000,0.5523,0.555,0.5502,0.5516,21026190.0,2024-01-21 12:00:00
1705852800000,0.5515,0.5528,0.549,0.551,14067865.0,2024-01-21 16:00:00
1705867200000,0.551,0.5515,0.5451,0.5464,17385887.0,2024-01-21 20:00:00
1705881600000,0.5464,0.5497,0.5398,0.5419,47200888.0,2024-01-22 00:00:00
1705896000000,0.5419,0.5422,0.5345,0.5372,42287687.0,2024-01-22 04:00:00
1705910400000,0.5371,0.5379,0.5258,0.5313,84138991.0,2024-01-22 08:00:00
1705924800000,0.5313,0.5346,0.5228,0.5287,61216804.0,2024-01-22 12:00:00
1705939200000,0.5287,0.5356,0.5169,0.5256,64879109.0,2024-01-22 16:00:00
1705953600000,0.5256,0.5325,0.5254,0.5275,40898719.0,2024-01-22 20:00:00
1705968000000,0.5275,0.531,0.5225,0.5301,40420905.0,2024-01-23 00:00:00
1705982400000,0.53,0.5318,0.5206,0.5225,54663156.0,2024-01-23 04:00:00
1705996800000,0.5224,0.5238,0.5011,0.5051,161629277.0,2024-01-23 08:00:00
1706011200000,0.5051,0.5129,0.4962,0.5105,111723429.0,2024-01-23 12:00:00
1706025600000,0.5105,0.5139,0.5066,0.5081,51481713.0,2024-01-23 16:00:00
1706040000000,0.5081,0.5194,0.5065,0.5183,48604091.0,2024-01-23 20:00:00
1706054400000,0.5183,0.519,0.5128,0.5145,38996604.0,2024-01-24 00:00:00
1706068800000,0.5146,0.5177,0.511,0.5156,54965349.0,2024-01-24 04:00:00
1706083200000,0.5157,0.5194,0.5111,0.5168,65515701.0,2024-01-24 08:00:00
1706097600000,0.5168,0.5182,0.5124,0.5162,48486527.0,2024-01-24 12:00:00
1706112000000,0.5162,0.5177,0.512,0.5147,28983644.0,2024-01-24 16:00:00
1706126400000,0.5147,0.5193,0.513,0.5181,19367682.0,2024-01-24 20:00:00
1706140800000,0.5182,0.5182,0.514,0.515,33744861.0,2024-01-25 00:00:00
1706155200000,0.515,0.5158,0.5091,0.5138,54941643.0,2024-01-25 04:00:00
1706169600000,0.5138,0.5146,0.5101,0.5121,42082479.0,2024-01-25 08:00:00
1706184000000,0.5122,0.5129,0.5055,0.5071,48323655.0,2024-01-25 12:00:00
1706198400000,0.5071,0.5149,0.5037,0.5138,39524880.0,2024-01-25 16:00:00
1706212800000,0.5138,0.5156,0.5103,0.5138,32805520.0,2024-01-25 20:00:00
1706227200000,0.5139,0.514,0.5084,0.5134,36299883.0,2024-01-26 00:00:00
1706241600000,0.5134,0.5153,0.5099,0.5115,56798305.0,2024-01-26 04:00:00
1706256000000,0.5114,0.523,0.5108,0.5211,63484022.0,2024-01-26 08:00:00
1706270400000,0.5211,0.5218,0.5168,0.5213,65170714.0,2024-01-26 12:00:00
1706284800000,0.5213,0.5368,0.5212,0.5325,82835834.0,2024-01-26 16:00:00
1706299200000,0.5324,0.5346,0.5294,0.5323,40910262.0,2024-01-26 20:00:00
1706313600000,0.5322,0.5348,0.5298,0.5326,25696160.0,2024-01-27 00:00:00
1706328000000,0.5326,0.5349,0.5278,0.5285,20333333.0,2024-01-27 04:00:00
1706342400000,0.5286,0.5301,0.5262,0.5298,18408785.0,2024-01-27 08:00:00
1706356800000,0.5299,0.5319,0.5291,0.5299,17015321.0,2024-01-27 12:00:00
1706371200000,0.5299,0.5312,0.5284,0.53,15495585.0,2024-01-27 16:00:00
1706385600000,0.5301,0.5325,0.5296,0.5303,12488411.0,2024-01-27 20:00:00
1706400000000,0.5304,0.5332,0.529,0.533,16517041.0,2024-01-28 00:00:00
1706414400000,0.5331,0.5355,0.53,0.5304,24704522.0,2024-01-28 04:00:00
1706428800000,0.5304,0.5333,0.5297,0.5302,20175275.0,2024-01-28 08:00:00
1706443200000,0.5303,0.5313,0.5281,0.5296,20651720.0,2024-01-28 12:00:00
1706457600000,0.5296,0.5305,0.5217,0.5239,28300158.0,2024-01-28 16:00:00
1706472000000,0.5239,0.5272,0.5211,0.5241,22996009.0,2024-01-28 20:00:00
1706486400000,0.5242,0.5293,0.5213,0.5286,34005100.0,2024-01-29 00:00:00
1706500800000,0.5285,0.5295,0.524,0.525,58642289.0,2024-01-29 04:00:00
1706515200000,0.525,0.5289,0.5211,0.526,58205523.0,2024-01-29 08:00:00
1706529600000,0.526,0.5277,0.5193,0.5277,51824482.0,2024-01-29 12:00:00
1706544000000,0.5277,0.5384,0.5255,0.5356,76036677.0,2024-01-29 16:00:00
1706558400000,0.5355,0.54,0.5347,0.5352,37096073.0,2024-01-29 20:00:00
1706572800000,0.5351,0.5393,0.5333,0.5377,32596670.0,2024-01-30 00:00:00
1706587200000,0.5376,0.5381,0.5308,0.5344,56501141.0,2024-01-30 04:00:00
1706601600000,0.5343,0.535,0.5307,0.5338,57633285.0,2024-01-30 08:00:00
1706616000000,0.5338,0.5356,0.5229,0.5258,90803847.0,2024-01-30 12:00:00
1706630400000,0.5258,0.5291,0.5138,0.5142,131428708.0,2024-01-30 16:00:00
1706644800000,0.5141,0.5162,0.5071,0.5107,182179476.0,2024-01-30 20:00:00
1706659200000,0.5106,0.5109,0.5022,0.5107,66888201.0,2024-01-31 00:00:00
1706673600000,0.5107,0.5144,0.5098,0.511,49270354.0,2024-01-31 04:00:00
1706688000000,0.511,0.5123,0.5014,0.507,83414099.0,2024-01-31 08:00:00
1706702400000,0.5071,0.51,0.4853,0.5086,178423431.0,2024-01-31 12:00:00
1706716800000,0.5086,0.514,0.5069,0.5109,58277293.0,2024-01-31 16:00:00
1706731200000,0.5109,0.5113,0.499,0.5033,49148396.0,2024-01-31 20:00:00
1706745600000,0.5033,0.5042,0.4915,0.4978,70012427.0,2024-02-01 00:00:00
1706760000000,0.4977,0.4988,0.4916,0.4929,72046569.0,2024-02-01 04:00:00
1706774400000,0.4929,0.4976,0.49,0.4927,61478712.0,2024-02-01 08:00:00
1706788800000,0.4928,0.5026,0.4926,0.4994,57909483.0,2024-02-01 12:00:00
1706803200000,0.4995,0.5107,0.4975,0.5096,50624848.0,2024-02-01 16:00:00
1706817600000,0.5096,0.5099,0.5039,0.5058,27639128.0,2024-02-01 20:00:00
1706832000000,0.5057,0.5077,0.504,0.5061,39971575.0,2024-02-02 00:00:00
1706846400000,0.506,0.5076,0.5028,0.5069,57187797.0,2024-02-02 04:00:00
1706860800000,0.5069,0.5074,0.5029,0.5044,66297999.0,2024-02-02 08:00:00
1706875200000,0.5044,0.5051,0.4987,0.5027,88431795.0,2024-02-02 12:00:00
1706889600000,0.5026,0.5064,0.5009,0.5044,55556072.0,2024-02-02 16:00:00
1706904000000,0.5044,0.5142,0.5039,0.5105,54784087.0,2024-02-02 20:00:00
1706918400000,0.5106,0.5109,0.506,0.5077,19234059.0,2024-02-03 00:00:00
1706932800000,0.5077,0.509,0.5065,0.5077,15811606.0,2024-02-03 04:00:00
1706947200000,0.5078,0.527,0.5072,0.5217,112706107.0,2024-02-03 08:00:00
1706961600000,0.5218,0.5265,0.5163,0.5201,59164066.0,2024-02-03 12:00:00
1706976000000,0.5201,0.5218,0.5171,0.5211,35150569.0,2024-02-03 16:00:00
1706990400000,0.521,0.5222,0.5178,0.5186,26437536.0,2024-02-03 20:00:00
1707004800000,0.5187,0.5192,0.5153,0.5176,21349594.0,2024-02-04 00:00:00
1707019200000,0.5176,0.5179,0.5089,0.51,30323111.0,2024-02-04 04:00:00
1707033600000,0.51,0.5142,0.5094,0.5128,22396128.0,2024-02-04 08:00:00
1707048000000,0.5129,0.514,0.51,0.5108,22914590.0,2024-02-04 12:00:00
1707062400000,0.5109,0.5129,0.5039,0.5068,32659169.0,2024-02-04 16:00:00
1707076800000,0.5067,0.5098,0.5003,0.5032,26818433.0,2024-02-04 20:00:00
1707091200000,0.5031,0.5065,0.4969,0.5061,51537835.0,2024-02-05 00:00:00
1707105600000,0.506,0.5066,0.5032,0.5044,42266554.0,2024-02-05 04:00:00
1707120000000,0.5043,0.5076,0.5023,0.5056,63749268.0,2024-02-05 08:00:00
1707134400000,0.5056,0.5091,0.5008,0.5026,47703094.0,2024-02-05 12:00:00
1707148800000,0.5026,0.5143,0.5024,0.5101,69839308.0,2024-02-05 16:00:00
1707163200000,0.5101,0.5102,0.5044,0.5069,41648162.0,2024-02-05 20:00:00
1707177600000,0.5069,0.5086,0.5044,0.507,31410443.0,2024-02-06 00:00:00
1707192000000,0.507,0.5078,0.5011,0.5042,39377748.0,2024-02-06 04:00:00
1707206400000,0.5042,0.5055,0.5001,0.5013,76944869.0,2024-02-06 08:00:00
1707220800000,0.5013,0.5055,0.4981,0.5043,65227482.0,2024-02-06 12:00:00
1707235200000,0.5043,0.51,0.5027,0.5098,49544431.0,2024-02-06 16:00:00
1707249600000,0.5097,0.5112,0.5047,0.505,33856388.0,2024-02-06 20:00:00
1707264000000,0.505,0.5064,0.5028,0.5036,36343856.0,2024-02-07 00:00:00
1707278400000,0.5036,0.5054,0.4998,0.5012,95920562.0,2024-02-07 04:00:00
1707292800000,0.5012,0.5039,0.4993,0.5021,65187503.0,2024-02-07 08:00:00
1707307200000,0.502,0.5048,0.5014,0.5036,43845460.0,2024-02-07 12:00:00
1707321600000,0.5036,0.5105,0.5029,0.5092,49734841.0,2024-02-07 16:00:00
1707336000000,0.5092,0.5155,0.5091,0.5138,46033622.0,2024-02-07 20:00:00
1707350400000,0.5138,0.5184,0.511,0.5139,64378814.0,2024-02-08 00:00:00
1707364800000,0.5139,0.5156,0.5101,0.5123,62247306.0,2024-02-08 04:00:00
1707379200000,0.5123,0.5173,0.5118,0.5134,59773438.0,2024-02-08 08:00:00
1707393600000,0.5133,0.52,0.5118,0.517,63529008.0,2024-02-08 12:00:00
1707408000000,0.5171,0.5186,0.5115,0.5151,44756201.0,2024-02-08 16:00:00
1707422400000,0.5152,0.5174,0.5132,0.5147,24874172.0,2024-02-08 20:00:00
1707436800000,0.5146,0.5205,0.514,0.5189,46532071.0,2024-02-09 00:00:00
1707451200000,0.5189,0.5196,0.5152,0.5177,53093382.0,2024-02-09 04:00:00
1707465600000,0.5177,0.5262,0.5165,0.5248,72792268.0,2024-02-09 08:00:00
1707480000000,0.5247,0.5265,0.5175,0.5216,106978105.0,2024-02-09 12:00:00
1707494400000,0.5215,0.5267,0.5195,0.526,54895036.0,2024-02-09 16:00:00
1707508800000,0.5259,0.5282,0.5236,0.5262,47373131.0,2024-02-09 20:00:00
1707523200000,0.5262,0.5282,0.5232,0.5272,24636040.0,2024-02-10 00:00:00
1707537600000,0.5273,0.5275,0.5233,0.5236,16335644.0,2024-02-10 04:00:00
1707552000000,0.5236,0.5255,0.5186,0.521,30485218.0,2024-02-10 08:00:00
1707566400000,0.521,0.5229,0.5194,0.5221,25546714.0,2024-02-10 12:00:00
1707580800000,0.5222,0.5236,0.5211,0.5228,16900134.0,2024-02-10 16:00:00
1707595200000,0.5228,0.5258,0.5225,0.5239,22148101.0,2024-02-10 20:00:00
1707609600000,0.5239,0.5271,0.5216,0.5268,31695622.0,2024-02-11 00:00:00
1707624000000,0.5268,0.5286,0.526,0.5282,34349534.0,2024-02-11 04:00:00
1707638400000,0.5283,0.536,0.5273,0.5333,69648990.0,2024-02-11 08:00:00
1707652800000,0.5334,0.5337,0.5261,0.5291,34668101.0,2024-02-11 12:00:00
1707667200000,0.5291,0.5298,0.5246,0.5289,25249552.0,2024-02-11 16:00:00
1707681600000,0.5289,0.5293,0.5235,0.5261,23380819.0,2024-02-11 20:00:00
1707696000000,0.5262,0.5287,0.5184,0.5232,51299169.0,2024-02-12 00:00:00
1707710400000,0.5231,0.5232,0.5147,0.5195,63535099.0,2024-02-12 04:00:00
1707724800000,0.5195,0.5204,0.5143,0.5182,56240595.0,2024-02-12 08:00:00
1707739200000,0.5182,0.5287,0.5171,0.5278,72866207.0,2024-02-12 12:00:00
1707753600000,0.5278,0.538,0.5245,0.5311,93027929.0,2024-02-12 16:00:00
1707768000000,0.5311,0.5352,0.5294,0.5315,46977429.0,2024-02-12 20:00:00
1707782400000,0.5315,0.5338,0.5275,0.5285,44550997.0,2024-02-13 00:00:00
1707796800000,0.5284,0.5311,0.5273,0.5307,48357347.0,2024-02-13 04:00:00
1707811200000,0.5307,0.531,0.5263,0.5286,85537893.0,2024-02-13 08:00:00
1707825600000,0.5286,0.5286,0.514,0.5199,127362542.0,2024-02-13 12:00:00
1707840000000,0.5199,0.5269,0.5187,0.525,49183922.0,2024-02-13 16:00:00
1707854400000,0.525,0.5293,0.5203,0.5247,43810681.0,2024-02-13 20:00:00
1707868800000,0.5246,0.5255,0.5203,0.5248,39864102.0,2024-02-14 00:00:00
1707883200000,0.5249,0.5251,0.5217,0.5247,41709796.0,2024-02-14 04:00:00
1707897600000,0.5247,0.5329,0.5241,0.5316,99644828.0,2024-02-14 08:00:00
1707912000000,0.5316,0.5382,0.5285,0.5326,116094318.0,2024-02-14 12:00:00
1707926400000,0.5326,0.5397,0.5294,0.5385,59297769.0,2024-02-14 16:00:00
1707940800000,0.5384,0.5418,0.5374,0.5378,45460307.0,2024-02-14 20:00:00
1707955200000,0.5378,0.559,0.537,0.5527,112664601.0,2024-02-15 00:00:00
1707969600000,0.5527,0.5573,0.5416,0.5495,110917289.0,2024-02-15 04:00:00
1707984000000,0.5494,0.5548,0.546,0.55,84239881.0,2024-02-15 08:00:00
1707998400000,0.55,0.5549,0.5435,0.5466,104511811.0,2024-02-15 12:00:00
1708012800000,0.5466,0.5548,0.5419,0.5537,67083659.0,2024-02-15 16:00:00
1708027200000,0.5538,0.5769,0.5505,0.5622,161166857.0,2024-02-15 20:00:00
1708041600000,0.5622,0.5791,0.5578,0.5789,101341863.0,2024-02-16 00:00:00
1708056000000,0.5788,0.5789,0.5626,0.5659,109984720.0,2024-02-16 04:00:00
1708070400000,0.5658,0.5743,0.5596,0.5712,75807206.0,2024-02-16 08:00:00
1708084800000,0.5711,0.5735,0.5523,0.5602,121181192.0,2024-02-16 12:00:00
1708099200000,0.5602,0.566,0.5589,0.5611,69666105.0,2024-02-16 16:00:00
1708113600000,0.5611,0.5688,0.5602,0.5643,44130481.0,2024-02-16 20:00:00
1708128000000,0.5643,0.5655,0.5577,0.5598,36287394.0,2024-02-17 00:00:00
1708142400000,0.5599,0.5617,0.5577,0.561,29963450.0,2024-02-17 04:00:00
1708156800000,0.561,0.5612,0.5505,0.5536,50611553.0,2024-02-17 08:00:00
1708171200000,0.5537,0.5547,0.5392,0.5463,85889806.0,2024-02-17 12:00:00
1708185600000,0.5463,0.5509,0.5444,0.5491,29241915.0,2024-02-17 16:00:00
1708200000000,0.5492,0.5532,0.5487,0.5496,22039460.0,2024-02-17 20:00:00
1708214400000,0.5496,0.553,0.5471,0.5503,36044973.0,2024-02-18 00:00:00
1708228800000,0.5502,0.5591,0.5502,0.555,38328508.0,2024-02-18 04:00:00
1708243200000,0.5549,0.5589,0.5529,0.5587,35869194.0,2024-02-18 08:00:00
1708257600000,0.5587,0.56,0.5534,0.5594,29197265.0,2024-02-18 12:00:00
1708272000000,0.5595,0.5625,0.5572,0.5582,30183719.0,2024-02-18 16:00:00
1708286400000,0.5583,0.5618,0.5547,0.5571,30020825.0,2024-02-18 20:00:00
1708300800000,0.557,0.5627,0.5568,0.5595,48857533.0,2024-02-19 00:00:00
1708315200000,0.5594,0.5643,0.556,0.5636,70701592.0,2024-02-19 04:00:00
1708329600000,0.5635,0.564,0.5561,0.5591,63652206.0,2024-02-19 08:00:00
1708344000000,0.5591,0.5611,0.5553,0.5583,58432123.0,2024-02-19 12:00:00
1708358400000,0.5583,0.5639,0.5538,0.5623,67398615.0,2024-02-19 16:00:00
1708372800000,0.5622,0.5679,0.5605,0.5626,52617876.0,2024-02-19 20:00:00
1708387200000,0.5626,0.5732,0.5553,0.5675,100229542.0,2024-02-20 00:00:00
1708401600000,0.5675,0.5741,0.5644,0.5674,91925087.0,2024-02-20 04:00:00
1708416000000,0.5673,0.5718,0.5576,0.5708,98898032.0,2024-02-20 08:00:00
1708430400000,0.5707,0.5751,0.543,0.5547,139516079.0,2024-02-20 12:00:00
1708444800000,0.5547,0.5608,0.5438,0.5606,97963466.0,2024-02-20 16:00:00
1708459200000,0.5605,0.5668,0.5591,0.5622,48962323.0,2024-02-20 20:00:00
1708473600000,0.5622,0.5629,0.556,0.5591,50065797.0,2024-02-21 00:00:00
1708488000000,0.5591,0.5595,0.5451,0.547,67359133.0,2024-02-21 04:00:00
1708502400000,0.547,0.5508,0.5326,0.5389,128724685.0,2024-02-21 08:00:00
1708516800000,0.5389,0.5448,0.534,0.5399,104716900.0,2024-02-21 12:00:00
1708531200000,0.54,0.5437,0.5352,0.5424,55061178.0,2024-02-21 16:00:00
1708545600000,0.5424,0.5494,0.5408,0.5491,37609601.0,2024-02-21 20:00:00
1708560000000,0.549,0.5491,0.5386,0.543,52273995.0,2024-02-22 00:00:00
1708574400000,0.5429,0.5478,0.5402,0.546,61718086.0,2024-02-22 04:00:00
1708588800000,0.5459,0.5505,0.5446,0.5453,66292627.0,2024-02-22 08:00:00
1708603200000,0.5453,0.5464,0.5366,0.5442,67576802.0,2024-02-22 12:00:00
1708617600000,0.5442,0.5505,0.5402,0.5479,56719208.0,2024-02-22 16:00:00
1708632000000,0.5479,0.5517,0.5403,0.541,59243723.0,2024-02-22 20:00:00
1708646400000,0.541,0.5437,0.5363,0.538,51756545.0,2024-02-23 00:00:00
1708660800000,0.5379,0.5411,0.5357,0.5371,58763219.0,2024-02-23 04:00:00
1708675200000,0.5371,0.5386,0.5289,0.5366,85119397.0,2024-02-23 08:00:00
1708689600000,0.5365,0.5377,0.5311,0.5318,96088967.0,2024-02-23 12:00:00
1708704000000,0.5318,0.5389,0.5251,0.5389,97706570.0,2024-02-23 16:00:00
1708718400000,0.5389,0.5411,0.5305,0.5342,45639750.0,2024-02-23 20:00:00
1708732800000,0.5342,0.5371,0.5313,0.5365,28307297.0,2024-02-24 00:00:00
1708747200000,0.5365,0.5428,0.5358,0.5426,38249369.0,2024-02-24 04:00:00
1708761600000,0.5425,0.5467,0.5401,0.5459,36055893.0,2024-02-24 08:00:00
1708776000000,0.546,0.5462,0.5427,0.5431,37133847.0,2024-02-24 12:00:00
1708790400000,0.5431,0.5481,0.5428,0.5461,36698907.0,2024-02-24 16:00:00
1708804800000,0.546,0.5469,0.5435,0.545,25227172.0,2024-02-24 20:00:00
1708819200000,0.5449,0.5483,0.5424,0.5453,31808179.0,2024-02-25 00:00:00
1708833600000,0.5453,0.547,0.5439,0.5465,41500504.0,2024-02-25 04:00:00
1708848000000,0.5465,0.5489,0.544,0.5444,37869446.0,2024-02-25 08:00:00
1708862400000,0.5443,0.5463,0.542,0.5436,32644553.0,2024-02-25 12:00:00
1708876800000,0.5436,0.546,0.542,0.5455,26149833.0,2024-02-25 16:00:00
1708891200000,0.5455,0.547,0.5421,0.5425,30365510.0,2024-02-25 20:00:00
1708905600000,0.5424,0.543,0.5373,0.5408,48618324.0,2024-02-26 00:00:00
1708920000000,0.5408,0.5408,0.5361,0.5371,53628760.0,2024-02-26 04:00:00
1708934400000,0.537,0.5393,0.5302,0.5303,83570947.0,2024-02-26 08:00:00
1708948800000,0.5303,0.5425,0.5288,0.5414,86925693.0,2024-02-26 12:00:00
1708963200000,0.5414,0.5527,0.5408,0.5502,109179805.0,2024-02-26 16:00:00
1708977600000,0.5501,0.5528,0.548,0.5506,60127859.0,2024-02-26 20:00:00
1708992000000,0.5506,0.5605,0.5476,0.5528,111281651.0,2024-02-27 00:00:00
1709006400000,0.5528,0.5569,0.5499,0.5522,105472151.0,2024-02-27 04:00:00
1709020800000,0.5521,0.5648,0.5518,0.5596,113458096.0,2024-02-27 08:00:00
1709035200000,0.5595,0.57,0.5542,0.5611,152973275.0,2024-02-27 12:00:00
1709049600000,0.561,0.5976,0.5573,0.5937,249718300.0,2024-02-27 16:00:00
1709064000000,0.5937,0.5937,0.5772,0.5861,119816572.0,2024-02-27 20:00:00
1709078400000,0.5862,0.5904,0.577,0.5781,113353333.0,2024-02-28 00:00:00
1709092800000,0.578,0.5839,0.5754,0.5833,95354927.0,2024-02-28 04:00:00
1709107200000,0.5832,0.5922,0.5755,0.5801,174021333.0,2024-02-28 08:00:00
1709121600000,0.5801,0.5903,0.5794,0.5873,142142921.0,2024-02-28 12:00:00
1709136000000,0.5872,0.6059,0.53,0.5651,425457904.0,2024-02-28 16:00:00
1709150400000,0.5651,0.5771,0.5597,0.575,87803295.0,2024-02-28 20:00:00
1709164800000,0.5749,0.5875,0.5669,0.5868,143873609.0,2024-02-29 00:00:00
1709179200000,0.5869,0.6081,0.5814,0.5937,261135603.0,2024-02-29 04:00:00
1709193600000,0.5937,0.6015,0.5884,0.5964,200825102.0,2024-02-29 08:00:00
1709208000000,0.5964,0.6091,0.5902,0.606,211560042.0,2024-02-29 12:00:00
1709222400000,0.6061,0.626,0.5918,0.6096,343066334.0,2024-02-29 16:00:00
1709236800000,0.6095,0.6116,0.577,0.5867,162662427.0,2024-02-29 20:00:00
1709251200000,0.5868,0.5954,0.5862,0.5915,98071657.0,2024-03-01 00:00:00
1709265600000,0.5914,0.5965,0.5829,0.5849,91765234.0,2024-03-01 04:00:00
1709280000000,0.5849,0.5952,0.583,0.5889,77408824.0,2024-03-01 08:00:00
1709294400000,0.5889,0.5986,0.5852,0.5878,120397161.0,2024-03-01 12:00:00
1709308800000,0.5878,0.5969,0.5864,0.5956,87928199.0,2024-03-01 16:00:00
1709323200000,0.5956,0.6034,0.5931,0.6013,70211941.0,2024-03-01 20:00:00
1709337600000,0.6013,0.6392,0.5993,0.6309,303104687.0,2024-03-02 00:00:00
1709352000000,0.6309,0.6343,0.6196,0.6306,123032822.0,2024-03-02 04:00:00
1709366400000,0.6306,0.6431,0.6198,0.6428,166432724.0,2024-03-02 08:00:00
1709380800000,0.6428,0.6501,0.6272,0.6294,152020795.0,2024-03-02 12:00:00
1709395200000,0.6295,0.6392,0.6253,0.6335,90315444.0,2024-03-02 16:00:00
1709409600000,0.6336,0.6451,0.6275,0.6442,56244220.0,2024-03-02 20:00:00
1709424000000,0.6442,0.6446,0.6282,0.6358,109888227.0,2024-03-03 00:00:00
1709438400000,0.6357,0.6398,0.59,0.6105,172676572.0,2024-03-03 04:00:00
1709452800000,0.6105,0.6244,0.6063,0.6239,129598745.0,2024-03-03 08:00:00
1709467200000,0.6239,0.6301,0.6177,0.6231,93510633.0,2024-03-03 12:00:00
1709481600000,0.623,0.6297,0.6201,0.6267,61726197.0,2024-03-03 16:00:00
1709496000000,0.6267,0.633,0.6242,0.6271,59155676.0,2024-03-03 20:00:00
1709510400000,0.6271,0.639,0.615,0.6346,141454426.0,2024-03-04 00:00:00
1709524800000,0.6345,0.644,0.6231,0.637,137080958.0,2024-03-04 04:00:00
1709539200000,0.637,0.666,0.6329,0.6599,277352091.0,2024-03-04 08:00:00
1709553600000,0.6598,0.6647,0.6438,0.662,172853701.0,2024-03-04 12:00:00
1709568000000,0.6619,0.6626,0.6346,0.6553,237947049.0,2024-03-04 16:00:00
1709582400000,0.6554,0.6555,0.6453,0.6477,86875528.0,2024-03-04 20:00:00
1709596800000,0.6476,0.6685,0.6432,0.653,248327845.0,2024-03-05 00:00:00
1709611200000,0.653,0.6564,0.6215,0.6402,248899939.0,2024-03-05 04:00:00
1709625600000,0.6402,0.6531,0.6315,0.6497,136037219.0,2024-03-05 08:00:00
1709640000000,0.6496,0.6544,0.6324,0.6386,223428664.0,2024-03-05 12:00:00
1709654400000,0.6386,0.6419,0.5386,0.5674,411844740.0,2024-03-05 16:00:00
1709668800000,0.5674,0.5951,0.5594,0.5912,286399266.0,2024-03-05 20:00:00
1709683200000,0.5913,0.5988,0.5754,0.5836,166035782.0,2024-03-06 00:00:00
1709697600000,0.5837,0.6176,0.5831,0.6149,167596932.0,2024-03-06 04:00:00
1709712000000,0.615,0.624,0.6076,0.6142,155264153.0,2024-03-06 08:00:00
1709726400000,0.6142,0.6153,0.5887,0.5989,191058775.0,2024-03-06 12:00:00
1709740800000,0.599,0.6142,0.5978,0.6117,85796977.0,2024-03-06 16:00:00
1709755200000,0.6118,0.6164,0.6083,0.6121,66847110.0,2024-03-06 20:00:00
1709769600000,0.6121,0.628,0.6064,0.6275,162565143.0,2024-03-07 00:00:00
1709784000000,0.6276,0.6305,0.6132,0.6252,193422901.0,2024-03-07 04:00:00
1709798400000,0.6252,0.6282,0.6175,0.6219,124620664.0,2024-03-07 08:00:00
1709812800000,0.6219,0.6286,0.6143,0.6252,126467757.0,2024-03-07 12:00:00
1709827200000,0.6252,0.6382,0.6199,0.6325,100960170.0,2024-03-07 16:00:00
1709841600000,0.6325,0.6394,0.6269,0.627,81352447.0,2024-03-07 20:00:00
1709856000000,0.6271,0.6338,0.6256,0.6284,89453962.0,2024-03-08 00:00:00
1709870400000,0.6285,0.6297,0.6191,0.6212,103700582.0,2024-03-08 04:00:00
1709884800000,0.6212,0.6307,0.618,0.6284,100716116.0,2024-03-08 08:00:00
1709899200000,0.6283,0.6311,0.6,0.6141,170701613.0,2024-03-08 12:00:00
1709913600000,0.6141,0.6247,0.6022,0.62,129706851.0,2024-03-08 16:00:00
1709928000000,0.62,0.6235,0.6169,0.62,54019875.0,2024-03-08 20:00:00
1709942400000,0.62,0.6292,0.6181,0.6256,56281072.0,2024-03-09 00:00:00
1709956800000,0.6257,0.6323,0.6247,0.629,64576503.0,2024-03-09 04:00:00
1709971200000,0.6289,0.6299,0.6158,0.6229,102454749.0,2024-03-09 08:00:00
1709985600000,0.6229,0.6254,0.6177,0.6215,67751311.0,2024-03-09 12:00:00
1710000000000,0.6215,0.6235,0.6164,0.6195,67391186.0,2024-03-09 16:00:00
1710014400000,0.6196,0.6232,0.6184,0.6197,40650792.0,2024-03-09 20:00:00
1710028800000,0.6198,0.6245,0.6192,0.6223,69057459.0,2024-03-10 00:00:00
1710043200000,0.6222,0.6272,0.6214,0.6262,47553113.0,2024-03-10 04:00:00
1710057600000,0.6262,0.6278,0.6167,0.619,78782154.0,2024-03-10 08:00:00
1710072000000,0.6189,0.6207,0.6017,0.6102,117793015.0,2024-03-10 12:00:00
1710086400000,0.6103,0.6147,0.6089,0.612,47832370.0,2024-03-10 16:00:00
1710100800000,0.6119,0.6141,0.5965,0.608,70195820.0,2024-03-10 20:00:00
1710115200000,0.608,0.6096,0.583,0.6085,156672807.0,2024-03-11 00:00:00
1710129600000,0.6085,0.6242,0.6032,0.6197,138849429.0,2024-03-11 04:00:00
1710144000000,0.6197,0.6301,0.6194,0.6228,153940849.0,2024-03-11 08:00:00
1710158400000,0.6227,0.6954,0.6159,0.6933,335797086.0,2024-03-11 12:00:00
1710172800000,0.6933,0.744,0.6784,0.7305,966720151.0,2024-03-11 16:00:00
1710187200000,0.7305,0.7424,0.7105,0.723,283940321.0,2024-03-11 20:00:00
1710201600000,0.723,0.7332,0.6872,0.6892,233526669.0,2024-03-12 00:00:00
1710216000000,0.6893,0.71,0.6852,0.703,196756235.0,2024-03-12 04:00:00
1710230400000,0.7029,0.7052,0.6777,0.7011,215708718.0,2024-03-12 08:00:00
1710244800000,0.7011,0.7135,0.687,0.7026,202020467.0,2024-03-12 12:00:00
1710259200000,0.7025,0.7034,0.6585,0.691,251702477.0,2024-03-12 16:00:00
1710273600000,0.6909,0.6912,0.6828,0.688,65108706.0,2024-03-12 20:00:00
1710288000000,0.688,0.6999,0.6818,0.6987,105548192.0,2024-03-13 00:00:00
1710302400000,0.6987,0.7026,0.6938,0.6959,106372983.0,2024-03-13 04:00:00
1710316800000,0.6959,0.6989,0.6868,0.6886,108760807.0,2024-03-13 08:00:00
1710331200000,0.6887,0.6907,0.6684,0.677,150590789.0,2024-03-13 12:00:00
1710345600000,0.6771,0.689,0.6736,0.6846,83696135.0,2024-03-13 16:00:00
1710360000000,0.6846,0.6934,0.6801,0.6891,74749106.0,2024-03-13 20:00:00
1710374400000,0.6891,0.6896,0.6804,0.6849,93625732.0,2024-03-14 00:00:00
1710388800000,0.685,0.6854,0.6725,0.6805,103949891.0,2024-03-14 04:00:00
1710403200000,0.6805,0.7077,0.6773,0.6855,195445257.0,2024-03-14 08:00:00
1710417600000,0.6854,0.6901,0.66,0.6691,215192100.0,2024-03-14 12:00:00
1710432000000,0.669,0.6777,0.6378,0.6515,181530118.0,2024-03-14 16:00:00
1710446400000,0.6515,0.6732,0.6506,0.669,77170132.0,2024-03-14 20:00:00
1710460800000,0.669,0.6759,0.6113,0.6369,225944298.0,2024-03-15 00:00:00
1710475200000,0.6368,0.6405,0.6233,0.6356,177063436.0,2024-03-15 04:00:00
1710489600000,0.6356,0.637,0.596,0.6221,284198754.0,2024-03-15 08:00:00
1710504000000,0.6221,0.6319,0.6185,0.6273,116787231.0,2024-03-15 12:00:00
1710518400000,0.6272,0.6446,0.6183,0.631,148828516.0,2024-03-15 16:00:00
1710532800000,0.631,0.6373,0.6193,0.6342,93747392.0,2024-03-15 20:00:00
1710547200000,0.6341,0.6479,0.6332,0.6412,104815879.0,2024-03-16 00:00:00
1710561600000,0.6412,0.6426,0.6306,0.6403,67415739.0,2024-03-16 04:00:00
1710576000000,0.6403,0.6427,0.6241,0.6306,76589031.0,2024-03-16 08:00:00
1710590400000,0.6305,0.6311,0.6129,0.6248,111596529.0,2024-03-16 12:00:00
1710604800000,0.6247,0.6256,0.5973,0.6072,160482723.0,2024-03-16 16:00:00
1710619200000,0.6071,0.6147,0.5915,0.6031,117044204.0,2024-03-16 20:00:00
1710633600000,0.603,0.6163,0.5998,0.6152,117871130.0,2024-03-17 00:00:00
1710648000000,0.6152,0.6154,0.5869,0.6003,130521512.0,2024-03-17 04:00:00
1710662400000,0.6003,0.62,0.5971,0.6146,90234780.0,2024-03-17 08:00:00
1710676800000,0.6145,0.622,0.606,0.6205,70861318.0,2024-03-17 12:00:00
1710691200000,0.6205,0.6243,0.6177,0.622,54167281.0,2024-03-17 16:00:00
1710705600000,0.622,0.6249,0.6165,0.6191,56761333.0,2024-03-17 20:00:00
1710720000000,0.6191,0.6248,0.6022,0.6207,114978710.0,2024-03-18 00:00:00
1710734400000,0.6207,0.6284,0.6164,0.6213,75070343.0,2024-03-18 04:00:00
1710748800000,0.6213,0.6214,0.6067,0.6117,122684938.0,2024-03-18 08:00:00
1710763200000,0.6117,0.6135,0.5975,0.6065,137474457.0,2024-03-18 12:00:00
1710777600000,0.6065,0.6105,0.5946,0.6036,90931619.0,2024-03-18 16:00:00
1710792000000,0.6036,0.6686,0.6034,0.6453,327006875.0,2024-03-18 20:00:00
1710806400000,0.6453,0.6489,0.605,0.6152,239269394.0,2024-03-19 00:00:00
1710820800000,0.6151,0.6163,0.5778,0.5995,230421214.0,2024-03-19 04:00:00
1710835200000,0.5996,0.6001,0.5712,0.5905,206710281.0,2024-03-19 08:00:00
1710849600000,0.5905,0.6076,0.5887,0.6064,131530186.0,2024-03-19 12:00:00
1710864000000,0.6064,0.6109,0.6015,0.6071,90624084.0,2024-03-19 16:00:00
1710878400000,0.6071,0.6077,0.5751,0.5845,137703207.0,2024-03-19 20:00:00
1710892800000,0.5845,0.5948,0.5795,0.5834,111743760.0,2024-03-20 00:00:00
1710907200000,0.5834,0.5963,0.5685,0.595,160129999.0,2024-03-20 04:00:00
1710921600000,0.595,0.5997,0.5906,0.5963,98168834.0,2024-03-20 08:00:00
1710936000000,0.5962,0.6006,0.5848,0.5864,120365605.0,2024-03-20 12:00:00
1710950400000,0.5865,0.6086,0.5681,0.6063,185487652.0,2024-03-20 16:00:00
1710964800000,0.6064,0.6187,0.6044,0.6107,126909578.0,2024-03-20 20:00:00
1710979200000,0.6108,0.6138,0.6047,0.6072,88969229.0,2024-03-21 00:00:00
1710993600000,0.6073,0.6092,0.5972,0.6046,113739807.0,2024-03-21 04:00:00
1711008000000,0.6045,0.6245,0.6043,0.6179,140066079.0,2024-03-21 08:00:00
1711022400000,0.618,0.6546,0.6136,0.6362,197897589.0,2024-03-21 12:00:00
1711036800000,0.6362,0.6466,0.6278,0.636,161571122.0,2024-03-21 16:00:00
1711051200000,0.6359,0.6428,0.6287,0.6404,97074017.0,2024-03-21 20:00:00
1711065600000,0.6403,0.6454,0.6193,0.6363,103673771.0,2024-03-22 00:00:00
1711080000000,0.6363,0.6386,0.6293,0.6351,88034726.0,2024-03-22 04:00:00
1711094400000,0.635,0.6382,0.614,0.616,120450325.0,2024-03-22 08:00:00
1711108800000,0.616,0.6222,0.5985,0.6107,159960031.0,2024-03-22 12:00:00
1711123200000,0.6107,0.6144,0.6038,0.6124,62165456.0,2024-03-22 16:00:00
1711137600000,0.6124,0.6149,0.6042,0.6115,45744795.0,2024-03-22 20:00:00
1711152000000,0.6115,0.617,0.6032,0.6087,45083445.0,2024-03-23 00:00:00
1711166400000,0.6086,0.6184,0.6084,0.6158,38626698.0,2024-03-23 04:00:00
1711180800000,0.6159,0.6214,0.6149,0.6192,33732717.0,2024-03-23 08:00:00
1711195200000,0.6191,0.6329,0.6187,0.6278,85106472.0,2024-03-23 12:00:00
1711209600000,0.6278,0.6315,0.6241,0.6244,45574026.0,2024-03-23 16:00:00
1711224000000,0.6243,0.6254,0.6158,0.6167,30571793.0,2024-03-23 20:00:00
1711238400000,0.6168,0.6218,0.6139,0.6154,34761617.0,2024-03-24 00:00:00
1711252800000,0.6154,0.6337,0.6133,0.6266,69678845.0,2024-03-24 04:00:00
1711267200000,0.6266,0.6338,0.6255,0.6307,44669094.0,2024-03-24 08:00:00
1711281600000,0.6306,0.6342,0.627,0.6316,51531462.0,2024-03-24 12:00:00
1711296000000,0.6316,0.6324,0.6237,0.6299,51987320.0,2024-03-24 16:00:00
1711310400000,0.6299,0.6358,0.6282,0.6325,52038786.0,2024-03-24 20:00:00
1711324800000,0.6326,0.634,0.6284,0.6312,54291719.0,2024-03-25 00:00:00
1711339200000,0.6312,0.6372,0.6279,0.6291,71905232.0,2024-03-25 04:00:00
1711353600000,0.629,0.6343,0.6263,0.6269,68912324.0,2024-03-25 08:00:00
1711368000000,0.6269,0.6459,0.6268,0.6421,117746486.0,2024-03-25 12:00:00
1711382400000,0.6421,0.6629,0.6356,0.6554,194014249.0,2024-03-25 16:00:00
1711396800000,0.6553,0.6584,0.6382,0.6406,91390351.0,2024-03-25 20:00:00
1711411200000,0.6405,0.6475,0.6393,0.6437,54771375.0,2024-03-26 00:00:00
1711425600000,0.6436,0.653,0.6432,0.6469,81683354.0,2024-03-26 04:00:00
1711440000000,0.6468,0.6502,0.643,0.6444,78254547.0,2024-03-26 08:00:00
1711454400000,0.6443,0.6452,0.6262,0.6343,149547878.0,2024-03-26 12:00:00
1711468800000,0.6342,0.6358,0.625,0.6298,77830407.0,2024-03-26 16:00:00
1711483200000,0.6298,0.6342,0.6294,0.6317,41832515.0,2024-03-26 20:00:00
1711497600000,0.6317,0.6349,0.6287,0.6317,60779290.0,2024-03-27 00:00:00
1711512000000,0.6317,0.6325,0.6184,0.6203,99641179.0,2024-03-27 04:00:00
1711526400000,0.6203,0.6233,0.6117,0.6222,137397994.0,2024-03-27 08:00:00
1711540800000,0.6221,0.6298,0.6055,0.6109,162941480.0,2024-03-27 12:00:00
1711555200000,0.6109,0.6179,0.6068,0.6143,74173501.0,2024-03-27 16:00:00
1711569600000,0.6143,0.616,0.609,0.6118,41172142.0,2024-03-27 20:00:00
1711584000000,0.6119,0.6163,0.6033,0.6095,81833024.0,2024-03-28 00:00:00
1711598400000,0.6094,0.6246,0.609,0.6222,93979414.0,2024-03-28 04:00:00
1711612800000,0.6222,0.6245,0.6186,0.6213,93318118.0,2024-03-28 08:00:00
1711627200000,0.6214,0.6247,0.6171,0.6223,62941242.0,2024-03-28 12:00:00
1711641600000,0.6224,0.6378,0.6194,0.6271,129457369.0,2024-03-28 16:00:00
1711656000000,0.6271,0.6299,0.6233,0.6244,39188163.0,2024-03-28 20:00:00
1711670400000,0.6243,0.6254,0.6194,0.621,63671351.0,2024-03-29 00:00:00
1711684800000,0.621,0.6233,0.6087,0.6105,81650154.0,2024-03-29 04:00:00
1711699200000,0.6104,0.632,0.6101,0.6294,103229632.0,2024-03-29 08:00:00
1711713600000,0.6294,0.6455,0.6204,0.6248,159016269.0,2024-03-29 12:00:00
1711728000000,0.6248,0.6362,0.6235,0.6262,82940688.0,2024-03-29 16:00:00
1711742400000,0.6262,0.632,0.621,0.6301,46293978.0,2024-03-29 20:00:00
1711756800000,0.63,0.6318,0.6237,0.6255,48204740.0,2024-03-30 00:00:00
1711771200000,0.6254,0.6279,0.6222,0.6225,35708595.0,2024-03-30 04:00:00
1711785600000,0.6226,0.6277,0.6208,0.6272,32899019.0,2024-03-30 08:00:00
1711800000000,0.6272,0.6372,0.6253,0.6286,66348509.0,2024-03-30 12:00:00
1711814400000,0.6287,0.633,0.6229,0.6267,48467021.0,2024-03-30 16:00:00
1711828800000,0.6268,0.6275,0.6178,0.6212,43400343.0,2024-03-30 20:00:00
1711843200000,0.6211,0.6258,0.6204,0.6223,37230533.0,2024-03-31 00:00:00
1711857600000,0.6222,0.6283,0.621,0.6274,35466820.0,2024-03-31 04:00:00
1711872000000,0.6273,0.6289,0.6244,0.6264,26603996.0,2024-03-31 08:00:00
1711886400000,0.6263,0.6287,0.6254,0.6266,23509535.0,2024-03-31 12:00:00
1711900800000,0.6266,0.6301,0.6248,0.6287,24090922.0,2024-03-31 16:00:00
1711915200000,0.6287,0.6297,0.625,0.6292,35071163.0,2024-03-31 20:00:00
1711929600000,0.6292,0.6336,0.6269,0.6273,57580018.0,2024-04-01 00:00:00
1711944000000,0.6272,0.629,0.601,0.6154,158414858.0,2024-04-01 04:00:00
1711958400000,0.6154,0.6186,0.6071,0.6096,74669175.0,2024-04-01 08:00:00
1711972800000,0.6095,0.6146,0.5947,0.5997,117537366.0,2024-04-01 12:00:00
1711987200000,0.5996,0.6123,0.5984,0.6115,97896148.0,2024-04-01 16:00:00
1712001600000,0.6114,0.6144,0.6103,0.611,40189958.0,2024-04-01 20:00:00
1712016000000,0.611,0.6185,0.5835,0.5953,145974862.0,2024-04-02 00:00:00
1712030400000,0.5952,0.603,0.5933,0.5997,101570056.0,2024-04-02 04:00:00
1712044800000,0.5996,0.6019,0.5802,0.5886,175588712.0,2024-04-02 08:00:00
1712059200000,0.5886,0.5938,0.579,0.5817,114416360.0,2024-04-02 12:00:00
1712073600000,0.5817,0.5934,0.5797,0.5908,64210873.0,2024-04-02 16:00:00
1712088000000,0.5907,0.5943,0.5842,0.5854,46525578.0,2024-04-02 20:00:00
1712102400000,0.5854,0.588,0.5671,0.5851,124485424.0,2024-04-03 00:00:00
1712116800000,0.5851,0.5911,0.5832,0.5883,74106706.0,2024-04-03 04:00:00
1712131200000,0.5884,0.593,0.58,0.5829,81501513.0,2024-04-03 08:00:00
1712145600000,0.5829,0.5855,0.5758,0.5799,89283847.0,2024-04-03 12:00:00
1712160000000,0.58,0.5844,0.5724,0.5753,58517261.0,2024-04-03 16:00:00
1712174400000,0.5754,0.5767,0.5663,0.5742,66009182.0,2024-04-03 20:00:00
1712188800000,0.5741,0.5784,0.5653,0.5686,77877038.0,2024-04-04 00:00:00
1712203200000,0.5687,0.5767,0.5623,0.5734,95574198.0,2024-04-04 04:00:00
1712217600000,0.5734,0.5792,0.5728,0.575,65316832.0,2024-04-04 08:00:00
1712232000000,0.5751,0.6176,0.5748,0.594,334895131.0,2024-04-04 12:00:00
1712246400000,0.594,0.6048,0.5938,0.596,73323673.0,2024-04-04 16:00:00
1712260800000,0.5959,0.5963,0.585,0.5935,54642514.0,2024-04-04 20:00:00
1712275200000,0.5934,0.5939,0.5788,0.5879,70645021.0,2024-04-05 00:00:00
1712289600000,0.5878,0.588,0.5765,0.5818,84932351.0,2024-04-05 04:00:00
1712304000000,0.5817,0.5878,0.5718,0.5723,98056795.0,2024-04-05 08:00:00
1712318400000,0.5723,0.5832,0.5687,0.5831,85461326.0,2024-04-05 12:00:00
1712332800000,0.583,0.5912,0.5804,0.5886,45530765.0,2024-04-05 16:00:00
1712347200000,0.5885,0.5913,0.5861,0.5871,36844642.0,2024-04-05 20:00:00
1712361600000,0.587,0.5909,0.5852,0.5892,31229270.0,2024-04-06 00:00:00
1712376000000,0.5892,0.5922,0.5886,0.59,22187673.0,2024-04-06 04:00:00
1712390400000,0.5899,0.592,0.5874,0.588,25893800.0,2024-04-06 08:00:00
1712404800000,0.588,0.5969,0.5867,0.5942,31409618.0,2024-04-06 12:00:00
1712419200000,0.5941,0.5947,0.5887,0.5906,24852187.0,2024-04-06 16:00:00
1712433600000,0.5906,0.5988,0.589,0.593,29832342.0,2024-04-06 20:00:00
1712448000000,0.593,0.598,0.5923,0.595,28167681.0,2024-04-07 00:00:00
1712462400000,0.595,0.5967,0.5941,0.5956,21558591.0,2024-04-07 04:00:00
1712476800000,0.5956,0.5988,0.5949,0.5973,21972620.0,2024-04-07 08:00:00
1712491200000,0.5972,0.6028,0.5949,0.5965,54486387.0,2024-04-07 12:00:00
1712505600000,0.5964,0.6009,0.5894,0.591,57649920.0,2024-04-07 16:00:00
1712520000000,0.591,0.5952,0.5898,0.5944,26930918.0,2024-04-07 20:00:00
1712534400000,0.5945,0.5945,0.5881,0.5922,45821344.0,2024-04-08 00:00:00
1712548800000,0.5921,0.605,0.5895,0.6018,95310751.0,2024-04-08 04:00:00
1712563200000,0.6017,0.6119,0.6009,0.6075,112192918.0,2024-04-08 08:00:00
1712577600000,0.6075,0.619,0.602,0.6154,109592080.0,2024-04-08 12:00:00
1712592000000,0.6154,0.6265,0.6146,0.6246,99398236.0,2024-04-08 16:00:00
1712606400000,0.6247,0.6257,0.6146,0.6147,50497162.0,2024-04-08 20:00:00
1712620800000,0.6146,0.6169,0.6118,0.6134,49735016.0,2024-04-09 00:00:00
1712635200000,0.6134,0.6208,0.6071,0.6083,105744597.0,2024-04-09 04:00:00
1712649600000,0.6082,0.626,0.6012,0.6242,106893636.0,2024-04-09 08:00:00
1712664000000,0.6242,0.6431,0.611,0.622,269031304.0,2024-04-09 12:00:00
1712678400000,0.622,0.625,0.6109,0.6243,63989400.0,2024-04-09 16:00:00
1712692800000,0.6242,0.6275,0.6104,0.6141,53191794.0,2024-04-09 20:00:00
1712707200000,0.614,0.6153,0.6009,0.6068,86887541.0,2024-04-10 00:00:00
1712721600000,0.6069,0.6164,0.6058,0.6147,85959354.0,2024-04-10 04:00:00
1712736000000,0.6147,0.6162,0.6051,0.6123,73697395.0,2024-04-10 08:00:00
1712750400000,0.6124,0.6137,0.5928,0.6073,116089893.0,2024-04-10 12:00:00
1712764800000,0.6073,0.62,0.604,0.6187,54807591.0,2024-04-10 16:00:00
1712779200000,0.6188,0.6204,0.6127,0.6172,32253962.0,2024-04-10 20:00:00
1712793600000,0.6171,0.6211,0.6148,0.62,44815598.0,2024-04-11 00:00:00
1712808000000,0.62,0.6213,0.6143,0.6189,53368003.0,2024-04-11 04:00:00
1712822400000,0.6189,0.6214,0.6075,0.6091,66985296.0,2024-04-11 08:00:00
1712836800000,0.6091,0.6155,0.6054,0.6081,68419407.0,2024-04-11 12:00:00
1712851200000,0.6082,0.6125,0.6029,0.6123,52207455.0,2024-04-11 16:00:00
1712865600000,0.6123,0.6141,0.6067,0.6086,30519053.0,2024-04-11 20:00:00
1712880000000,0.6085,0.612,0.6065,0.6119,41784740.0,2024-04-12 00:00:00
1712894400000,0.6119,0.6159,0.6091,0.6102,76886106.0,2024-04-12 04:00:00
1712908800000,0.6102,0.6124,0.6065,0.6082,54460680.0,2024-04-12 08:00:00
1712923200000,0.6081,0.6083,0.5915,0.5934,98039896.0,2024-04-12 12:00:00
1712937600000,0.5933,0.597,0.5068,0.5364,474027863.0,2024-04-12 16:00:00
1712952000000,0.5363,0.5489,0.5339,0.5468,158025045.0,2024-04-12 20:00:00
1712966400000,0.5468,0.5476,0.5285,0.543,106492205.0,2024-04-13 00:00:00
1712980800000,0.543,0.5491,0.5413,0.5424,63409058.0,2024-04-13 04:00:00
1712995200000,0.5425,0.546,0.5386,0.5423,55851130.0,2024-04-13 08:00:00
1713009600000,0.5423,0.5481,0.5406,0.5429,60081941.0,2024-04-13 12:00:00
1713024000000,0.543,0.5435,0.4724,0.4918,295745077.0,2024-04-13 16:00:00
1713038400000,0.4918,0.4971,0.4188,0.4788,617845773.0,2024-04-13 20:00:00
1713052800000,0.4788,0.4835,0.4637,0.4698,215036990.0,2024-04-14 00:00:00
1713067200000,0.4698,0.4991,0.4677,0.4955,144699843.0,2024-04-14 04:00:00
1713081600000,0.4956,0.4999,0.48,0.4826,100630981.0,2024-04-14 08:00:00
1713096000000,0.4825,0.4932,0.4793,0.4868,115918032.0,2024-04-14 12:00:00
1713110400000,0.4867,0.4958,0.4732,0.49,140760636.0,2024-04-14 16:00:00
1713124800000,0.49,0.5073,0.4844,0.5033,103694696.0,2024-04-14 20:00:00
1713139200000,0.5034,0.5046,0.4938,0.4985,78889470.0,2024-04-15 00:00:00
1713153600000,0.4985,0.5185,0.4944,0.5137,125653844.0,2024-04-15 04:00:00
1713168000000,0.5136,0.5189,0.5109,0.5114,98069086.0,2024-04-15 08:00:00
1713182400000,0.5114,0.5144,0.4883,0.497,136324397.0,2024-04-15 12:00:00
1713196800000,0.497,0.5003,0.4811,0.4976,173326495.0,2024-04-15 16:00:00
1713211200000,0.4976,0.5002,0.4891,0.4977,68527416.0,2024-04-15 20:00:00
1713225600000,0.4977,0.4982,0.4859,0.4891,79229808.0,2024-04-16 00:00:00
1713240000000,0.4891,0.5021,0.4754,0.4986,91090549.0,2024-04-16 04:00:00
1713254400000,0.4986,0.4995,0.4782,0.4912,137935281.0,2024-04-16 08:00:00
1713268800000,0.4912,0.4925,0.481,0.4881,96239492.0,2024-04-16 12:00:00
1713283200000,0.4881,0.4975,0.487,0.4916,95215388.0,2024-04-16 16:00:00
1713297600000,0.4915,0.4987,0.4906,0.4965,35393420.0,2024-04-16 20:00:00
1713312000000,0.4965,0.4979,0.4922,0.4977,50332920.0,2024-04-17 00:00:00
1713326400000,0.4977,0.5081,0.4954,0.5043,72939511.0,2024-04-17 04:00:00
1713340800000,0.5043,0.5055,0.4872,0.4875,90422761.0,2024-04-17 08:00:00
1713355200000,0.4875,0.4935,0.4733,0.478,141171139.0,2024-04-17 12:00:00
1713369600000,0.478,0.5022,0.4715,0.4991,102803204.0,2024-04-17 16:00:00
1713384000000,0.499,0.4993,0.4904,0.4951,38409055.0,2024-04-17 20:00:00
1713398400000,0.4951,0.4994,0.4873,0.4973,67635439.0,2024-04-18 00:00:00
1713412800000,0.4973,0.4982,0.4877,0.49,85429369.0,2024-04-18 04:00:00
1713427200000,0.4901,0.4987,0.4856,0.4954,77414498.0,2024-04-18 08:00:00
1713441600000,0.4953,0.5057,0.4879,0.5005,95083712.0,2024-04-18 12:00:00
1713456000000,0.5004,0.5035,0.494,0.5028,54538502.0,2024-04-18 16:00:00
1713470400000,0.5028,0.5039,0.5006,0.5025,28754069.0,2024-04-18 20:00:00
1713484800000,0.5026,0.5026,0.4665,0.4848,195161799.0,2024-04-19 00:00:00
1713499200000,0.4847,0.5039,0.4828,0.4952,142268262.0,2024-04-19 04:00:00
1713513600000,0.4952,0.5031,0.4944,0.5016,94692194.0,2024-04-19 08:00:00
1713528000000,0.5015,0.5037,0.4931,0.5033,91942188.0,2024-04-19 12:00:00
1713542400000,0.5032,0.5075,0.4973,0.5067,63610441.0,2024-04-19 16:00:00
1713556800000,0.5066,0.5108,0.4963,0.503,61568165.0,2024-04-19 20:00:00
1713571200000,0.503,0.515,0.4981,0.5118,63472466.0,2024-04-20 00:00:00
1713585600000,0.5118,0.5162,0.5101,0.5141,46850324.0,2024-04-20 04:00:00
1713600000000,0.5141,0.5259,0.5123,0.5199,84737020.0,2024-04-20 08:00:00
1713614400000,0.5199,0.5219,0.5152,0.5212,42799178.0,2024-04-20 12:00:00
1713628800000,0.5212,0.53,0.5196,0.5271,58333872.0,2024-04-20 16:00:00
1713643200000,0.5271,0.5298,0.5255,0.5288,26959409.0,2024-04-20 20:00:00
1713657600000,0.5288,0.53,0.5216,0.5267,38886071.0,2024-04-21 00:00:00
1713672000000,0.5267,0.5355,0.5254,0.5338,30940678.0,2024-04-21 04:00:00
1713686400000,0.5338,0.5367,0.5277,0.5303,37180405.0,2024-04-21 08:00:00
1713700800000,0.5303,0.531,0.5232,0.5276,34559582.0,2024-04-21 12:00:00
1713715200000,0.5275,0.528,0.5183,0.523,40000160.0,2024-04-21 16:00:00
1713729600000,0.523,0.5295,0.5214,0.5246,27814470.0,2024-04-21 20:00:00
1713744000000,0.5246,0.5363,0.5221,0.5333,53749433.0,2024-04-22 00:00:00
1713758400000,0.5332,0.54,0.5318,0.5321,96077862.0,2024-04-22 04:00:00
1713772800000,0.5321,0.5357,0.5304,0.533,53237613.0,2024-04-22 08:00:00
1713787200000,0.533,0.5436,0.531,0.5388,69834532.0,2024-04-22 12:00:00
1713801600000,0.5388,0.5536,0.5384,0.5515,91679604.0,2024-04-22 16:00:00
1713816000000,0.5515,0.5715,0.5514,0.556,116634174.0,2024-04-22 20:00:00
1713830400000,0.556,0.5576,0.547,0.5489,46823453.0,2024-04-23 00:00:00
1713844800000,0.5489,0.5517,0.5451,0.5492,74627151.0,2024-04-23 04:00:00
1713859200000,0.5492,0.551,0.5415,0.5438,89357186.0,2024-04-23 08:00:00
1713873600000,0.5437,0.5496,0.542,0.5469,74847393.0,2024-04-23 12:00:00
1713888000000,0.5469,0.5551,0.5461,0.5544,53497704.0,2024-04-23 16:00:00
1713902400000,0.5543,0.5548,0.5433,0.5445,56384082.0,2024-04-23 20:00:00
1713916800000,0.5445,0.548,0.5407,0.5466,59028837.0,2024-04-24 00:00:00
1713931200000,0.5465,0.5516,0.5453,0.5494,74222997.0,2024-04-24 04:00:00
1713945600000,0.5494,0.5519,0.5424,0.5444,64498630.0,2024-04-24 08:00:00
1713960000000,0.5443,0.546,0.5245,0.5263,118935562.0,2024-04-24 12:00:00
1713974400000,0.5263,0.538,0.5254,0.5373,63987327.0,2024-04-24 16:00:00
1713988800000,0.5373,0.5379,0.5212,0.5275,57077029.0,2024-04-24 20:00:00
1714003200000,0.5276,0.5307,0.5194,0.5258,57790479.0,2024-04-25 00:00:00
1714017600000,0.5258,0.5295,0.5187,0.5225,68992061.0,2024-04-25 04:00:00
1714032000000,0.5225,0.527,0.5157,0.519,87292230.0,2024-04-25 08:00:00
1714046400000,0.519,0.5257,0.5137,0.5244,83694461.0,2024-04-25 12:00:00
1714060800000,0.5245,0.5317,0.5234,0.5304,31954119.0,2024-04-25 16:00:00
1714075200000,0.5305,0.5327,0.5243,0.5254,28377111.0,2024-04-25 20:00:00
1714089600000,0.5254,0.5299,0.5171,0.5278,67025667.0,2024-04-26 00:00:00
1714104000000,0.5279,0.5361,0.525,0.5258,80371460.0,2024-04-26 04:00:00
1714118400000,0.5258,0.5272,0.5208,0.5228,66154663.0,2024-04-26 08:00:00
1714132800000,0.5227,0.5263,0.5143,0.5205,74379838.0,2024-04-26 12:00:00
1714147200000,0.5206,0.5282,0.5193,0.5266,34494309.0,2024-04-26 16:00:00
1714161600000,0.5266,0.53,0.5226,0.5261,31659873.0,2024-04-26 20:00:00
1714176000000,0.5261,0.5265,0.508,0.5188,76513212.0,2024-04-27 00:00:00
1714190400000,0.5188,0.5204,0.5144,0.5146,20991034.0,2024-04-27 04:00:00
1714204800000,0.5146,0.5157,0.5107,0.5134,29781721.0,2024-04-27 08:00:00
1714219200000,0.5133,0.5194,0.5125,0.516,26392218.0,2024-04-27 12:00:00
1714233600000,0.5159,0.523,0.5149,0.5202,26584123.0,2024-04-27 16:00:00
1714248000000,0.5202,0.5205,0.5171,0.5179,15307388.0,2024-04-27 20:00:00
1714262400000,0.5178,0.5246,0.5175,0.5226,22776389.0,2024-04-28 00:00:00
1714276800000,0.5225,0.5253,0.5213,0.5234,16448490.0,2024-04-28 04:00:00
1714291200000,0.5234,0.5239,0.5165,0.5173,24345895.0,2024-04-28 08:00:00
1714305600000,0.5172,0.5209,0.5171,0.5201,18612880.0,2024-04-28 12:00:00
1714320000000,0.5201,0.5219,0.5186,0.5195,15250217.0,2024-04-28 16:00:00
1714334400000,0.5194,0.5198,0.5085,0.5103,38459168.0,2024-04-28 20:00:00
1714348800000,0.5104,0.5143,0.503,0.5038,57300856.0,2024-04-29 00:00:00
1714363200000,0.5037,0.5082,0.4986,0.5025,100950742.0,2024-04-29 04:00:00
1714377600000,0.5024,0.5092,0.4999,0.5058,69992404.0,2024-04-29 08:00:00
1714392000000,0.5057,0.5138,0.5027,0.5123,52439787.0,2024-04-29 12:00:00
1714406400000,0.5122,0.5175,0.5112,0.5163,36282054.0,2024-04-29 16:00:00
1714420800000,0.5163,0.5174,0.51,0.5151,30862612.0,2024-04-29 20:00:00
1714435200000,0.515,0.5198,0.5078,0.5148,46501869.0,2024-04-30 00:00:00
1714449600000,0.5148,0.5175,0.51,0.5102,54157863.0,2024-04-30 04:00:00
1714464000000,0.5102,0.5108,0.4953,0.4972,106813506.0,2024-04-30 08:00:00
1714478400000,0.4971,0.5008,0.4878,0.4961,82914027.0,2024-04-30 12:00:00
1714492800000,0.496,0.499,0.4875,0.496,64277388.0,2024-04-30 16:00:00
1714507200000,0.4961,0.5023,0.4961,0.5006,40926627.0,2024-04-30 20:00:00
1714521600000,0.5006,0.504,0.4959,0.5035,48785413.0,2024-05-01 00:00:00
1714536000000,0.5034,0.5046,0.4851,0.4908,125578868.0,2024-05-01 04:00:00
1714550400000,0.4908,0.4955,0.4782,0.4942,107255675.0,2024-05-01 08:00:00
1714564800000,0.4941,0.4995,0.4924,0.4989,55381276.0,2024-05-01 12:00:00
1714579200000,0.499,0.5214,0.4979,0.5106,98527207.0,2024-05-01 16:00:00
1714593600000,0.5106,0.5192,0.5075,0.5175,42992738.0,2024-05-01 20:00:00
1714608000000,0.5175,0.52,0.5077,0.5108,80825693.0,2024-05-02 00:00:00
1714622400000,0.5108,0.5148,0.5067,0.5136,62926694.0,2024-05-02 04:00:00
1714636800000,0.5136,0.5185,0.511,0.5175,68133045.0,2024-05-02 08:00:00
1714651200000,0.5175,0.5225,0.5128,0.5199,62098304.0,2024-05-02 12:00:00
1714665600000,0.5199,0.524,0.5182,0.5231,41587994.0,2024-05-02 16:00:00
1714680000000,0.5231,0.5245,0.5177,0.518,29030926.0,2024-05-02 20:00:00
1714694400000,0.518,0.523,0.5157,0.5222,48641004.0,2024-05-03 00:00:00
1714708800000,0.5222,0.5226,0.5172,0.5184,70023741.0,2024-05-03 04:00:00
1714723200000,0.5184,0.5267,0.5145,0.5164,86275135.0,2024-05-03 08:00:00
1714737600000,0.5163,0.5277,0.5154,0.5267,80829412.0,2024-05-03 12:00:00
1714752000000,0.5267,0.5312,0.5251,0.5307,34605771.0,2024-05-03 16:00:00
1714766400000,0.5306,0.5367,0.5295,0.5317,43251785.0,2024-05-03 20:00:00
1714780800000,0.5317,0.5329,0.5272,0.5296,27487420.0,2024-05-04 00:00:00
1714795200000,0.5295,0.5312,0.5276,0.5279,19663353.0,2024-05-04 04:00:00
1714809600000,0.5279,0.5374,0.5278,0.5344,34985836.0,2024-05-04 08:00:00
1714824000000,0.5344,0.541,0.5338,0.5359,41175298.0,2024-05-04 12:00:00
1714838400000,0.536,0.536,0.5316,0.5336,15708369.0,2024-05-04 16:00:00
1714852800000,0.5337,0.5352,0.5287,0.5302,19673945.0,2024-05-04 20:00:00
1714867200000,0.5302,0.5308,0.524,0.5279,27759845.0,2024-05-05 00:00:00
1714881600000,0.5279,0.5301,0.5262,0.5286,12938140.0,2024-05-05 04:00:00
1714896000000,0.5286,0.5321,0.528,0.5294,16258249.0,2024-05-05 08:00:00
1714910400000,0.5295,0.5325,0.5263,0.5318,27217123.0,2024-05-05 12:00:00
1714924800000,0.5318,0.5334,0.5285,0.53,15269261.0,2024-05-05 16:00:00
1714939200000,0.53,0.5306,0.5277,0.5296,12902102.0,2024-05-05 20:00:00
1714953600000,0.5295,0.5334,0.5284,0.5317,36757232.0,2024-05-06 00:00:00
1714968000000,0.5317,0.54,0.5307,0.5399,33059952.0,2024-05-06 04:00:00
1714982400000,0.5399,0.5477,0.5311,0.535,127426149.0,2024-05-06 08:00:00
1714996800000,0.535,0.5596,0.5247,0.5594,111147843.0,2024-05-06 12:00:00
1715011200000,0.5594,0.5703,0.5426,0.5467,224753326.0,2024-05-06 16:00:00
1715025600000,0.5467,0.548,0.5388,0.5402,34130305.0,2024-05-06 20:00:00
1715040000000,0.5401,0.5443,0.533,0.5388,46174190.0,2024-05-07 00:00:00
1715054400000,0.5387,0.5404,0.5313,0.5379,58596850.0,2024-05-07 04:00:00
1715068800000,0.5379,0.5437,0.5344,0.5346,89302313.0,2024-05-07 08:00:00
1715083200000,0.5346,0.542,0.5343,0.5402,61485841.0,2024-05-07 12:00:00
1715097600000,0.5402,0.5426,0.5349,0.5359,42060287.0,2024-05-07 16:00:00
1715112000000,0.5359,0.5374,0.5217,0.5245,48572724.0,2024-05-07 20:00:00
1715126400000,0.5244,0.5265,0.5189,0.5253,64091119.0,2024-05-08 00:00:00
1715140800000,0.5254,0.5271,0.5175,0.5208,85299491.0,2024-05-08 04:00:00
1715155200000,0.5209,0.5237,0.5186,0.5197,56764637.0,2024-05-08 08:00:00
1715169600000,0.5197,0.53,0.5177,0.5274,71121787.0,2024-05-08 12:00:00
1715184000000,0.5275,0.5293,0.5228,0.5253,23802135.0,2024-05-08 16:00:00
1715198400000,0.5254,0.5266,0.5153,0.5171,45753489.0,2024-05-08 20:00:00
1715212800000,0.517,0.5224,0.517,0.5221,37044111.0,2024-05-09 00:00:00
1715227200000,0.5221,0.5238,0.5146,0.5159,59302893.0,2024-05-09 04:00:00
1715241600000,0.5158,0.5198,0.5093,0.5138,72437045.0,2024-05-09 08:00:00
1715256000000,0.5137,0.5179,0.5087,0.5171,66991501.0,2024-05-09 12:00:00
1715270400000,0.5171,0.5198,0.5136,0.5194,32891892.0,2024-05-09 16:00:00
1715284800000,0.5193,0.5219,0.5165,0.5209,31145355.0,2024-05-09 20:00:00
1715299200000,0.5209,0.5209,0.5164,0.5175,32870809.0,2024-05-10 00:00:00
1715313600000,0.5175,0.5188,0.5146,0.5176,49289476.0,2024-05-10 04:00:00
1715328000000,0.5176,0.5179,0.5126,0.5162,48929101.0,2024-05-10 08:00:00
1715342400000,0.5162,0.5172,0.497,0.5014,145056839.0,2024-05-10 12:00:00
1715356800000,0.5013,0.5063,0.4973,0.5052,45929668.0,2024-05-10 16:00:00
1715371200000,0.5052,0.5066,0.4997,0.5022,34005469.0,2024-05-10 20:00:00
1715385600000,0.5022,0.5058,0.5017,0.5032,22566199.0,2024-05-11 00:00:00
1715400000000,0.5032,0.5062,0.5026,0.5056,15867330.0,2024-05-11 04:00:00
1715414400000,0.5056,0.506,0.5005,0.5022,21183306.0,2024-05-11 08:00:00
1715428800000,0.5023,0.5079,0.5018,0.5067,20269214.0,2024-05-11 12:00:00
1715443200000,0.5067,0.5074,0.5056,0.5066,9401560.0,2024-05-11 16:00:00
1715457600000,0.5066,0.5073,0.5044,0.5059,10266837.0,2024-05-11 20:00:00
1715472000000,0.5059,0.508,0.505,0.5075,9460831.0,2024-05-12 00:00:00
1715486400000,0.5075,0.5088,0.5031,0.5042,12645063.0,2024-05-12 04:00:00
1715500800000,0.5043,0.5069,0.5031,0.5046,18993437.0,2024-05-12 08:00:00
1715515200000,0.5046,0.5055,0.5033,0.5047,14964027.0,2024-05-12 12:00:00
1715529600000,0.5047,0.5063,0.5005,0.5012,18762337.0,2024-05-12 16:00:00
1715544000000,0.5013,0.5014,0.4957,0.4993,22169455.0,2024-05-12 20:00:00
1715558400000,0.4993,0.503,0.4866,0.4934,76686552.0,2024-05-13 00:00:00
1715572800000,0.4933,0.5048,0.4904,0.5036,67907040.0,2024-05-13 04:00:00
1715587200000,0.5036,0.511,0.5005,0.5066,74778951.0,2024-05-13 08:00:00
1715601600000,0.5065,0.51,0.5043,0.5095,36778875.0,2024-05-13 12:00:00
1715616000000,0.5095,0.5121,0.5044,0.5079,31787201.0,2024-05-13 16:00:00
1715630400000,0.5079,0.5081,0.5026,0.5053,19909234.0,2024-05-13 20:00:00
1715644800000,0.5052,0.5096,0.5033,0.507,33028281.0,2024-05-14 00:00:00
1715659200000,0.5069,0.508,0.4972,0.5057,72361408.0,2024-05-14 04:00:00
1715673600000,0.5056,0.5095,0.5032,0.5067,56043975.0,2024-05-14 08:00:00
1715688000000,0.5066,0.5132,0.4977,0.5082,79255208.0,2024-05-14 12:00:00
1715702400000,0.5082,0.5086,0.5021,0.5054,37466642.0,2024-05-14 16:00:00
1715716800000,0.5054,0.5061,0.4988,0.5002,28591297.0,2024-05-14 20:00:00
1715731200000,0.5002,0.5022,0.4967,0.5016,37773114.0,2024-05-15 00:00:00
1715745600000,0.5017,0.5027,0.498,0.4998,52820872.0,2024-05-15 04:00:00
1715760000000,0.4998,0.5036,0.4981,0.5008,55481995.0,2024-05-15 08:00:00
1715774400000,0.5007,0.5121,0.4987,0.5108,99612667.0,2024-05-15 12:00:00
1715788800000,0.5107,0.5189,0.5099,0.5186,49123002.0,2024-05-15 16:00:00
1715803200000,0.5187,0.5196,0.5164,0.5188,29145259.0,2024-05-15 20:00:00
1715817600000,0.5188,0.5193,0.5153,0.5175,58372386.0,2024-05-16 00:00:00
1715832000000,0.5174,0.5208,0.5165,0.5207,52608866.0,2024-05-16 04:00:00
1715846400000,0.5207,0.5228,0.5161,0.5188,64849417.0,2024-05-16 08:00:00
1715860800000,0.5189,0.5196,0.5123,0.5185,78764915.0,2024-05-16 12:00:00
1715875200000,0.5185,0.5215,0.5159,0.5181,49870394.0,2024-05-16 16:00:00
1715889600000,0.5181,0.5183,0.513,0.5157,23095141.0,2024-05-16 20:00:00
1715904000000,0.5158,0.5178,0.5135,0.5168,37196779.0,2024-05-17 00:00:00
1715918400000,0.5167,0.523,0.5148,0.5218,64604175.0,2024-05-17 04:00:00
1715932800000,0.5218,0.5227,0.518,0.5204,66365486.0,2024-05-17 08:00:00
1715947200000,0.5204,0.5269,0.5197,0.5254,64989274.0,2024-05-17 12:00:00
1715961600000,0.5254,0.5292,0.5215,0.524,37419452.0,2024-05-17 16:00:00
1715976000000,0.5239,0.5247,0.5216,0.5234,15921594.0,2024-05-17 20:00:00
1715990400000,0.5235,0.5244,0.5216,0.5241,13953760.0,2024-05-18 00:00:00
1716004800000,0.5241,0.5243,0.5218,0.5227,16043994.0,2024-05-18 04:00:00
1716019200000,0.5228,0.5256,0.5226,0.5238,16851810.0,2024-05-18 08:00:00
1716033600000,0.5238,0.5246,0.5186,0.522,25913917.0,2024-05-18 12:00:00
1716048000000,0.5221,0.5227,0.5203,0.5205,9143793.0,2024-05-18 16:00:00
1716062400000,0.5205,0.522,0.5201,0.5213,8269552.0,2024-05-18 20:00:00
1716076800000,0.5213,0.5236,0.5202,0.5223,12096069.0,2024-05-19 00:00:00
1716091200000,0.5223,0.5227,0.5193,0.5206,14672530.0,2024-05-19 04:00:00
1716105600000,0.5206,0.521,0.5157,0.5177,19919751.0,2024-05-19 08:00:00
1716120000000,0.5177,0.5177,0.5112,0.5126,28453476.0,2024-05-19 12:00:00
1716134400000,0.5126,0.513,0.5072,0.5077,21024997.0,2024-05-19 16:00:00
1716148800000,0.5077,0.5106,0.5063,0.5096,16807755.0,2024-05-19 20:00:00
1716163200000,0.5096,0.5138,0.5064,0.5131,35690443.0,2024-05-20 00:00:00
1716177600000,0.513,0.5182,0.5064,0.5141,67880485.0,2024-05-20 04:00:00
1716192000000,0.514,0.5148,0.5102,0.5124,45553357.0,2024-05-20 08:00:00
1716206400000,0.5123,0.5178,0.5104,0.5167,49046445.0,2024-05-20 12:00:00
1716220800000,0.5167,0.5348,0.5159,0.5339,93292352.0,2024-05-20 16:00:00
1716235200000,0.5339,0.538,0.5287,0.5377,113417372.0,2024-05-20 20:00:00
1716249600000,0.5377,0.5431,0.5334,0.5354,91651272.0,2024-05-21 00:00:00
1716264000000,0.5353,0.5408,0.533,0.5408,81382864.0,2024-05-21 04:00:00
1716278400000,0.5408,0.5467,0.5383,0.5427,97234265.0,2024-05-21 08:00:00
1716292800000,0.5427,0.5571,0.5408,0.5425,116114597.0,2024-05-21 12:00:00
1716307200000,0.5424,0.5468,0.5337,0.5372,65271696.0,2024-05-21 16:00:00
1716321600000,0.5371,0.5412,0.5319,0.537,39741587.0,2024-05-21 20:00:00
1716336000000,0.537,0.5375,0.5328,0.5364,31618928.0,2024-05-22 00:00:00
1716350400000,0.5365,0.5365,0.5286,0.5346,68477055.0,2024-05-22 04:00:00
1716364800000,0.5346,0.5383,0.5308,0.5328,60528067.0,2024-05-22 08:00:00
1716379200000,0.5327,0.5368,0.5263,0.5357,71525241.0,2024-05-22 12:00:00
1716393600000,0.5357,0.5379,0.5266,0.5288,39061918.0,2024-05-22 16:00:00
1716408000000,0.5289,0.5303,0.5224,0.5268,31972378.0,2024-05-22 20:00:00
1716422400000,0.5268,0.5298,0.5254,0.5296,35694847.0,2024-05-23 00:00:00
1716436800000,0.5296,0.53,0.5248,0.529,53267776.0,2024-05-23 04:00:00
1716451200000,0.5291,0.5308,0.5224,0.529,55269660.0,2024-05-23 08:00:00
1716465600000,0.529,0.5488,0.5113,0.5292,248708494.0,2024-05-23 12:00:00
1716480000000,0.5291,0.5305,0.5163,0.5206,71837434.0,2024-05-23 16:00:00
1716494400000,0.5205,0.5302,0.5027,0.5289,120356385.0,2024-05-23 20:00:00
1716508800000,0.5288,0.5351,0.526,0.5306,44406058.0,2024-05-24 00:00:00
1716523200000,0.5306,0.5318,0.5168,0.523,69857420.0,2024-05-24 04:00:00
1716537600000,0.5229,0.5318,0.5178,0.5279,69402924.0,2024-05-24 08:00:00
1716552000000,0.5279,0.5375,0.5268,0.5327,80423215.0,2024-05-24 12:00:00
1716566400000,0.5327,0.5341,0.53,0.5331,36287837.0,2024-05-24 16:00:00
1716580800000,0.5331,0.5364,0.5313,0.536,22615066.0,2024-05-24 20:00:00
1716595200000,0.5359,0.536,0.5333,0.5346,17704145.0,2024-05-25 00:00:00
1716609600000,0.5347,0.5377,0.5341,0.5349,20684448.0,2024-05-25 04:00:00
1716624000000,0.5349,0.5418,0.5341,0.5376,24283704.0,2024-05-25 08:00:00
1716638400000,0.5376,0.5425,0.5318,0.5397,37630974.0,2024-05-25 12:00:00
1716652800000,0.5397,0.5406,0.5375,0.5393,14059203.0,2024-05-25 16:00:00
1716667200000,0.5394,0.5426,0.5386,0.5416,18013730.0,2024-05-25 20:00:00
1716681600000,0.5416,0.542,0.5385,0.54,14498628.0,2024-05-26 00:00:00
1716696000000,0.54,0.54,0.5377,0.5396,11576966.0,2024-05-26 04:00:00
1716710400000,0.5395,0.54,0.5341,0.5363,20928971.0,2024-05-26 08:00:00
1716724800000,0.5363,0.5364,0.5294,0.5312,25693477.0,2024-05-26 12:00:00
1716739200000,0.5311,0.532,0.5294,0.5309,16114265.0,2024-05-26 16:00:00
1716753600000,0.531,0.531,0.5255,0.5283,19986959.0,2024-05-26 20:00:00
1716768000000,0.5283,0.5337,0.5275,0.5317,23423167.0,2024-05-27 00:00:00
1716782400000,0.5316,0.5323,0.5236,0.528,56867508.0,2024-05-27 04:00:00
1716796800000,0.528,0.5324,0.5267,0.528,50008832.0,2024-05-27 08:00:00
1716811200000,0.528,0.5409,0.5278,0.5392,56022396.0,2024-05-27 12:00:00
1716825600000,0.5392,0.5408,0.5286,0.5317,38872212.0,2024-05-27 16:00:00
1716840000000,0.5316,0.5366,0.531,0.534,19788602.0,2024-05-27 20:00:00
1716854400000,0.5339,0.5355,0.5254,0.5275,59415816.0,2024-05-28 00:00:00
1716868800000,0.5274,0.5282,0.5211,0.5264,59835519.0,2024-05-28 04:00:00
1716883200000,0.5263,0.5332,0.5256,0.5305,56406063.0,2024-05-28 08:00:00
1716897600000,0.5304,0.5336,0.5258,0.5301,56745209.0,2024-05-28 12:00:00
1716912000000,0.53,0.5304,0.5224,0.5271,33452023.0,2024-05-28 16:00:00
1716926400000,0.527,0.53,0.5257,0.5287,16615170.0,2024-05-28 20:00:00
1716940800000,0.5286,0.5294,0.5249,0.5288,36245562.0,2024-05-29 00:00:00
1716955200000,0.5288,0.532,0.5251,0.526,56400620.0,2024-05-29 04:00:00
1716969600000,0.5259,0.5334,0.5215,0.5291,102559802.0,2024-05-29 08:00:00
1716984000000,0.5292,0.5322,0.5274,0.528,60491258.0,2024-05-29 12:00:00
1716998400000,0.528,0.5291,0.5231,0.5232,31815400.0,2024-05-29 16:00:00
1717012800000,0.5233,0.5249,0.52,0.5238,29278437.0,2024-05-29 20:00:00
1717027200000,0.5238,0.5278,0.5228,0.5276,38069305.0,2024-05-30 00:00:00
1717041600000,0.5275,0.5283,0.5138,0.5157,87373536.0,2024-05-30 04:00:00
1717056000000,0.5157,0.5223,0.5127,0.5204,102490209.0,2024-05-30 08:00:00
1717070400000,0.5203,0.5247,0.5195,0.5245,71454323.0,2024-05-30 12:00:00
1717084800000,0.5245,0.5262,0.5213,0.522,34948452.0,2024-05-30 16:00:00
1717099200000,0.522,0.522,0.5167,0.5186,27426977.0,2024-05-30 20:00:00
1717113600000,0.5185,0.5221,0.5176,0.5217,32543196.0,2024-05-31 00:00:00
1717128000000,0.5217,0.5219,0.5159,0.5164,47713555.0,2024-05-31 04:00:00
1717142400000,0.5163,0.5234,0.5161,0.5214,80177864.0,2024-05-31 08:00:00
1717156800000,0.5214,0.5259,0.5171,0.5176,85454909.0,2024-05-31 12:00:00
1717171200000,0.5176,0.5194,0.5119,0.5181,41015102.0,2024-05-31 16:00:00
1717185600000,0.5181,0.5199,0.517,0.5176,17494118.0,2024-05-31 20:00:00
1717200000000,0.5176,0.5201,0.5174,0.5192,15768906.0,2024-06-01 00:00:00
1717214400000,0.5192,0.5199,0.5182,0.5188,13801014.0,2024-06-01 04:00:00
1717228800000,0.5189,0.5213,0.5183,0.5201,17998338.0,2024-06-01 08:00:00
1717243200000,0.5201,0.5219,0.5197,0.5201,15672456.0,2024-06-01 12:00:00
1717257600000,0.5201,0.5208,0.5183,0.5197,12809195.0,2024-06-01 16:00:00
1717272000000,0.5197,0.5206,0.518,0.5187,12244645.0,2024-06-01 20:00:00
1717286400000,0.5187,0.5197,0.518,0.519,13131411.0,2024-06-02 00:00:00
1717300800000,0.519,0.5194,0.5163,0.5165,13456375.0,2024-06-02 04:00:00
1717315200000,0.5165,0.5178,0.5128,0.5174,32075167.0,2024-06-02 08:00:00
1717329600000,0.5174,0.5209,0.5165,0.5176,19586413.0,2024-06-02 12:00:00
1717344000000,0.5176,0.5179,0.508,0.5125,39175380.0,2024-06-02 16:00:00
1717358400000,0.5125,0.515,0.5102,0.5135,13477350.0,2024-06-02 20:00:00
1717372800000,0.5135,0.5192,0.5118,0.5166,27939778.0,2024-06-03 00:00:00
1717387200000,0.5166,0.5222,0.5151,0.5211,75434732.0,2024-06-03 04:00:00
1717401600000,0.5211,0.5232,0.5188,0.5189,43942906.0,2024-06-03 08:00:00
1717416000000,0.5188,0.523,0.5165,0.5218,46876168.0,2024-06-03 12:00:00
1717430400000,0.5217,0.5221,0.5171,0.5217,26119939.0,2024-06-03 16:00:00
1717444800000,0.5217,0.5226,0.5196,0.5199,17345583.0,2024-06-03 20:00:00
1717459200000,0.5199,0.5222,0.5182,0.5215,27223763.0,2024-06-04 00:00:00
1717473600000,0.5215,0.5218,0.5183,0.5204,36412979.0,2024-06-04 04:00:00
1717488000000,0.5204,0.5257,0.5182,0.5227,77392270.0,2024-06-04 08:00:00
1717502400000,0.5226,0.5297,0.5222,0.5295,53823925.0,2024-06-04 12:00:00
1717516800000,0.5295,0.5303,0.5246,0.5272,41200724.0,2024-06-04 16:00:00
1717531200000,0.5272,0.5272,0.5243,0.5257,16477972.0,2024-06-04 20:00:00
1717545600000,0.5257,0.5278,0.5244,0.5257,42646321.0,2024-06-05 00:00:00
1717560000000,0.5256,0.5275,0.524,0.527,50200007.0,2024-06-05 04:00:00
1717574400000,0.527,0.5326,0.5253,0.5288,77186082.0,2024-06-05 08:00:00
1717588800000,0.5287,0.5302,0.5258,0.5292,36905154.0,2024-06-05 12:00:00
1717603200000,0.5291,0.5304,0.5255,0.5275,25983101.0,2024-06-05 16:00:00
1717617600000,0.5274,0.5277,0.524,0.5258,15124608.0,2024-06-05 20:00:00
1717632000000,0.5259,0.5273,0.5241,0.5255,35390540.0,2024-06-06 00:00:00
1717646400000,0.5256,0.526,0.5221,0.5248,78450012.0,2024-06-06 04:00:00
1717660800000,0.5248,0.5275,0.5216,0.5262,53521749.0,2024-06-06 08:00:00
1717675200000,0.5262,0.5281,0.525,0.5264,57267657.0,2024-06-06 12:00:00
1717689600000,0.5264,0.5279,0.5193,0.52,42686212.0,2024-06-06 16:00:00
1717704000000,0.5201,0.5223,0.5164,0.5215,22341329.0,2024-06-06 20:00:00
1717718400000,0.5214,0.5227,0.5198,0.5227,40012787.0,2024-06-07 00:00:00
1717732800000,0.5227,0.5279,0.5222,0.5254,59673373.0,2024-06-07 04:00:00
1717747200000,0.5254,0.528,0.5224,0.5273,55033265.0,2024-06-07 08:00:00
1717761600000,0.5273,0.528,0.5217,0.5239,70407742.0,2024-06-07 12:00:00
1717776000000,0.5239,0.524,0.4508,0.4933,268866962.0,2024-06-07 16:00:00
1717790400000,0.4932,0.5031,0.4917,0.4991,55549259.0,2024-06-07 20:00:00
1717804800000,0.4991,0.5005,0.4969,0.5002,23095378.0,2024-06-08 00:00:00
1717819200000,0.5001,0.5008,0.4984,0.5003,14345911.0,2024-06-08 04:00:00
1717833600000,0.5002,0.5003,0.4915,0.4935,23340621.0,2024-06-08 08:00:00
1717848000000,0.4934,0.4957,0.4905,0.4932,41907351.0,2024-06-08 12:00:00
1717862400000,0.4933,0.4953,0.4897,0.493,29292851.0,2024-06-08 16:00:00
1717876800000,0.4931,0.4945,0.4913,0.4926,20139300.0,2024-06-08 20:00:00
1717891200000,0.4927,0.4944,0.4909,0.4931,16920649.0,2024-06-09 00:00:00
1717905600000,0.493,0.4945,0.4923,0.4939,14431792.0,2024-06-09 04:00:00
1717920000000,0.4939,0.4951,0.4931,0.4945,13022355.0,2024-06-09 08:00:00
1717934400000,0.4944,0.4971,0.4935,0.4951,24382509.0,2024-06-09 12:00:00
1717948800000,0.4952,0.4982,0.4949,0.4975,10937435.0,2024-06-09 16:00:00
1717963200000,0.4975,0.4992,0.497,0.4986,11241342.0,2024-06-09 20:00:00
1717977600000,0.4987,0.5013,0.4967,0.5009,30666677.0,2024-06-10 00:00:00
1717992000000,0.501,0.501,0.4933,0.4937,55166715.0,2024-06-10 04:00:00
1718006400000,0.4938,0.5,0.4935,0.497,53151875.0,2024-06-10 08:00:00
1718020800000,0.4969,0.506,0.4961,0.5045,45741365.0,2024-06-10 12:00:00
1718035200000,0.5046,0.505,0.4963,0.4967,41628134.0,2024-06-10 16:00:00
1718049600000,0.4968,0.4981,0.4946,0.4969,23404580.0,2024-06-10 20:00:00
1718064000000,0.4969,0.497,0.4815,0.488,87064351.0,2024-06-11 00:00:00
1718078400000,0.4881,0.4887,0.4795,0.486,90060110.0,2024-06-11 04:00:00
1718092800000,0.4859,0.4879,0.4834,0.4842,64943847.0,2024-06-11 08:00:00
1718107200000,0.4842,0.4848,0.4707,0.4765,119129488.0,2024-06-11 12:00:00
1718121600000,0.4764,0.482,0.4715,0.4798,51049823.0,2024-06-11 16:00:00
1718136000000,0.4798,0.4812,0.4789,0.4802,17163000.0,2024-06-11 20:00:00
1718150400000,0.4803,0.4818,0.4742,0.4817,46807785.0,2024-06-12 00:00:00
1718164800000,0.4816,0.4832,0.4779,0.4811,41251320.0,2024-06-12 04:00:00
1718179200000,0.4811,0.4851,0.4801,0.4816,62565125.0,2024-06-12 08:00:00
1718193600000,0.4817,0.4982,0.4817,0.4964,96441275.0,2024-06-12 12:00:00
1718208000000,0.4964,0.4976,0.4817,0.4844,73379552.0,2024-06-12 16:00:00
1718222400000,0.4843,0.4923,0.4826,0.4916,20661290.0,2024-06-12 20:00:00
1718236800000,0.4917,0.4917,0.4827,0.486,49880664.0,2024-06-13 00:00:00
1718251200000,0.4861,0.4893,0.4832,0.4884,43859124.0,2024-06-13 04:00:00
1718265600000,0.4885,0.4886,0.4838,0.4845,58007192.0,2024-06-13 08:00:00
1718280000000,0.4845,0.489,0.4796,0.4805,80851028.0,2024-06-13 12:00:00
1718294400000,0.4805,0.4848,0.479,0.4819,30460735.0,2024-06-13 16:00:00
1718308800000,0.4819,0.483,0.4756,0.4769,27139473.0,2024-06-13 20:00:00
1718323200000,0.4768,0.4814,0.4747,0.4787,56995832.0,2024-06-14 00:00:00
1718337600000,0.4787,0.4814,0.4774,0.4782,45091967.0,2024-06-14 04:00:00
1718352000000,0.4782,0.48,0.4764,0.4784,64100406.0,2024-06-14 08:00:00
1718366400000,0.4784,0.4808,0.4727,0.4743,74675086.0,2024-06-14 12:00:00
1718380800000,0.4743,0.4749,0.4601,0.4691,116258210.0,2024-06-14 16:00:00
1718395200000,0.4691,0.4789,0.4687,0.4746,32197236.0,2024-06-14 20:00:00
1718409600000,0.4746,0.4771,0.474,0.4769,16083623.0,2024-06-15 00:00:00
1718424000000,0.477,0.4799,0.4768,0.4785,18093379.0,2024-06-15 04:00:00
1718438400000,0.4785,0.4807,0.4784,0.4802,15542844.0,2024-06-15 08:00:00
1718452800000,0.4802,0.4853,0.4792,0.4848,23977720.0,2024-06-15 12:00:00
1718467200000,0.4848,0.5053,0.4838,0.4942,60777278.0,2024-06-15 16:00:00
1718481600000,0.4942,0.4974,0.489,0.4908,41969718.0,2024-06-15 20:00:00
1718496000000,0.4908,0.4917,0.4878,0.4912,32858259.0,2024-06-16 00:00:00
1718510400000,0.4911,0.4914,0.4881,0.4885,16964588.0,2024-06-16 04:00:00
1718524800000,0.4885,0.4997,0.4885,0.4963,41846998.0,2024-06-16 08:00:00
1718539200000,0.4963,0.4966,0.4891,0.491,34325255.0,2024-06-16 12:00:00
1718553600000,0.491,0.4912,0.4878,0.4899,14513465.0,2024-06-16 16:00:00
1718568000000,0.4899,0.4914,0.488,0.4891,21054250.0,2024-06-16 20:00:00
1718582400000,0.4891,0.4912,0.4842,0.4892,45680842.0,2024-06-17 00:00:00
1718596800000,0.4893,0.5013,0.4838,0.4995,111211184.0,2024-06-17 04:00:00
1718611200000,0.4995,0.5043,0.4911,0.4989,127020230.0,2024-06-17 08:00:00
1718625600000,0.4988,0.5213,0.4975,0.5094,175670898.0,2024-06-17 12:00:00
1718640000000,0.5094,0.5194,0.4945,0.518,81140863.0,2024-06-17 16:00:00
1718654400000,0.518,0.5188,0.5034,0.5047,44221049.0,2024-06-17 20:00:00
1718668800000,0.5048,0.5081,0.469,0.49,182885533.0,2024-06-18 00:00:00
1718683200000,0.49,0.5048,0.4872,0.5007,95613465.0,2024-06-18 04:00:00
1718697600000,0.5007,0.5096,0.4928,0.4959,115820312.0,2024-06-18 08:00:00
1718712000000,0.4959,0.497,0.4821,0.485,100239888.0,2024-06-18 12:00:00
1718726400000,0.485,0.485,0.4763,0.4824,56817326.0,2024-06-18 16:00:00
1718740800000,0.4824,0.4917,0.481,0.491,31350492.0,2024-06-18 20:00:00
1718755200000,0.4909,0.4976,0.4892,0.4956,50438612.0,2024-06-19 00:00:00
1718769600000,0.4956,0.4968,0.4904,0.4917,58332876.0,2024-06-19 04:00:00
1718784000000,0.4916,0.4941,0.4868,0.4924,64952425.0,2024-06-19 08:00:00
1718798400000,0.4924,0.4959,0.4902,0.4925,31733684.0,2024-06-19 12:00:00
1718812800000,0.4924,0.4996,0.4916,0.496,26262751.0,2024-06-19 16:00:00
1718827200000,0.496,0.498,0.4914,0.4933,28891994.0,2024-06-19 20:00:00
1718841600000,0.4933,0.4981,0.4916,0.4934,48316684.0,2024-06-20 00:00:00
1718856000000,0.4935,0.5023,0.4923,0.4997,77698804.0,2024-06-20 04:00:00
1718870400000,0.4997,0.5022,0.4942,0.501,72470222.0,2024-06-20 08:00:00
1718884800000,0.501,0.5017,0.4916,0.4922,73990582.0,2024-06-20 12:00:00
1718899200000,0.4922,0.4937,0.4883,0.4913,37290435.0,2024-06-20 16:00:00
1718913600000,0.4913,0.4924,0.4887,0.4888,15207493.0,2024-06-20 20:00:00
1718928000000,0.4888,0.491,0.4866,0.4884,31604913.0,2024-06-21 00:00:00
1718942400000,0.4885,0.4934,0.4875,0.4906,55845607.0,2024-06-21 04:00:00
1718956800000,0.4905,0.4959,0.4844,0.494,98864684.0,2024-06-21 08:00:00
1718971200000,0.494,0.4945,0.4828,0.4857,92045788.0,2024-06-21 12:00:00
1718985600000,0.4858,0.4864,0.4797,0.4861,33218403.0,2024-06-21 16:00:00
1719000000000,0.4861,0.4928,0.4841,0.4889,24519014.0,2024-06-21 20:00:00
1719014400000,0.489,0.4897,0.4871,0.4874,15452967.0,2024-06-22 00:00:00
1719028800000,0.4873,0.4887,0.4863,0.4867,16233188.0,2024-06-22 04:00:00
1719043200000,0.4866,0.4867,0.4841,0.4857,15289808.0,2024-06-22 08:00:00
1719057600000,0.4857,0.4879,0.485,0.486,15303793.0,2024-06-22 12:00:00
1719072000000,0.4859,0.4879,0.4856,0.4879,9292576.0,2024-06-22 16:00:00
1719086400000,0.4878,0.488,0.4865,0.4866,7595945.0,2024-06-22 20:00:00
1719100800000,0.4867,0.489,0.4861,0.4887,10106517.0,2024-06-23 00:00:00
1719115200000,0.4887,0.4892,0.4873,0.4877,8913322.0,2024-06-23 04:00:00
1719129600000,0.4877,0.4887,0.4844,0.4861,13915782.0,2024-06-23 08:00:00
1719144000000,0.4861,0.4862,0.4811,0.4827,18029524.0,2024-06-23 12:00:00
1719158400000,0.4827,0.483,0.4801,0.4822,16039710.0,2024-06-23 16:00:00
1719172800000,0.4823,0.4826,0.4742,0.4797,28094925.0,2024-06-23 20:00:00
1719187200000,0.4798,0.4805,0.4722,0.4759,54252177.0,2024-06-24 00:00:00
1719201600000,0.4759,0.4775,0.4679,0.4738,86325358.0,2024-06-24 04:00:00
1719216000000,0.4739,0.4786,0.4635,0.4757,90068713.0,2024-06-24 08:00:00
1719230400000,0.4757,0.4825,0.4723,0.4732,59365113.0,2024-06-24 12:00:00
1719244800000,0.4731,0.4752,0.4658,0.467,53056373.0,2024-06-24 16:00:00
1719259200000,0.467,0.475,0.462,0.474,42055279.0,2024-06-24 20:00:00
1719273600000,0.4741,0.4794,0.4731,0.4778,26705747.0,2024-06-25 00:00:00
1719288000000,0.4779,0.4793,0.4733,0.4762,51011715.0,2024-06-25 04:00:00
1719302400000,0.4763,0.4776,0.4731,0.4765,70631483.0,2024-06-25 08:00:00
1719316800000,0.4765,0.4802,0.4739,0.4772,45769855.0,2024-06-25 12:00:00
1719331200000,0.4772,0.4794,0.4754,0.4777,19448575.0,2024-06-25 16:00:00
1719345600000,0.4777,0.4785,0.4743,0.4757,12478290.0,2024-06-25 20:00:00
1719360000000,0.4758,0.4783,0.4742,0.4751,40491904.0,2024-06-26 00:00:00
1719374400000,0.4751,0.4757,0.4722,0.4735,30644384.0,2024-06-26 04:00:00
1719388800000,0.4735,0.478,0.4708,0.475,82389145.0,2024-06-26 08:00:00
1719403200000,0.4749,0.4761,0.4686,0.4697,48310064.0,2024-06-26 12:00:00
1719417600000,0.4696,0.4723,0.4652,0.4719,28823539.0,2024-06-26 16:00:00
1719432000000,0.4718,0.4726,0.4697,0.4698,12750448.0,2024-06-26 20:00:00
1719446400000,0.4697,0.4706,0.4675,0.4693,31082129.0,2024-06-27 00:00:00
1719460800000,0.4693,0.4701,0.4657,0.4671,43919867.0,2024-06-27 04:00:00
1719475200000,0.4672,0.4719,0.4662,0.4704,64277135.0,2024-06-27 08:00:00
1719489600000,0.4705,0.4771,0.4705,0.4722,69994088.0,2024-06-27 12:00:00
1719504000000,0.4721,0.475,0.4715,0.4737,20181474.0,2024-06-27 16:00:00
1719518400000,0.4737,0.476,0.4733,0.4753,14094727.0,2024-06-27 20:00:00
1719532800000,0.4753,0.4781,0.474,0.4763,32782984.0,2024-06-28 00:00:00
1719547200000,0.4764,0.4795,0.4747,0.4778,50969586.0,2024-06-28 04:00:00
1719561600000,0.4777,0.481,0.4755,0.4801,59716600.0,2024-06-28 08:00:00
1719576000000,0.48,0.4811,0.4746,0.4761,61265160.0,2024-06-28 12:00:00
1719590400000,0.4761,0.4763,0.4703,0.4738,41460424.0,2024-06-28 16:00:00
1719604800000,0.4739,0.4752,0.4692,0.4716,17991464.0,2024-06-28 20:00:00
1719619200000,0.4716,0.475,0.4716,0.4746,11803015.0,2024-06-29 00:00:00
1719633600000,0.4746,0.4767,0.4739,0.4759,8357677.0,2024-06-29 04:00:00
1719648000000,0.4758,0.4768,0.4753,0.4766,9269071.0,2024-06-29 08:00:00
1719662400000,0.4766,0.4767,0.4743,0.4752,12078365.0,2024-06-29 12:00:00
1719676800000,0.4753,0.4753,0.4735,0.4744,8286483.0,2024-06-29 16:00:00
1719691200000,0.4744,0.4747,0.472,0.4727,8164879.0,2024-06-29 20:00:00
1719705600000,0.4727,0.4739,0.4701,0.4715,13885306.0,2024-06-30 00:00:00
1719720000000,0.4715,0.4754,0.4706,0.4747,13668872.0,2024-06-30 04:00:00
1719734400000,0.4747,0.4754,0.4717,0.4726,14214240.0,2024-06-30 08:00:00
1719748800000,0.4727,0.474,0.472,0.4736,10329455.0,2024-06-30 12:00:00
1719763200000,0.4736,0.475,0.4722,0.4742,10786590.0,2024-06-30 16:00:00
1719777600000,0.4742,0.4784,0.4738,0.4761,19977637.0,2024-06-30 20:00:00
1719792000000,0.4761,0.4798,0.4755,0.4787,34166786.0,2024-07-01 00:00:00
1719806400000,0.4786,0.4823,0.4768,0.48,35681416.0,2024-07-01 04:00:00
1719820800000,0.4801,0.4849,0.4781,0.4793,61642002.0,2024-07-01 08:00:00
1719835200000,0.4794,0.4827,0.4781,0.4799,43132352.0,2024-07-01 12:00:00
1719849600000,0.48,0.4803,0.4765,0.4771,21720428.0,2024-07-01 16:00:00
1719864000000,0.477,0.479,0.4754,0.477,15501490.0,2024-07-01 20:00:00
1719878400000,0.4771,0.4792,0.476,0.4784,22902205.0,2024-07-02 00:00:00
1719892800000,0.4784,0.481,0.4781,0.4786,43938067.0,2024-07-02 04:00:00
1719907200000,0.4786,0.4889,0.4781,0.4864,75648392.0,2024-07-02 08:00:00
1719921600000,0.4863,0.4889,0.4816,0.4819,55190733.0,2024-07-02 12:00:00
1719936000000,0.4818,0.4839,0.4809,0.4829,16482962.0,2024-07-02 16:00:00
1719950400000,0.483,0.486,0.4829,0.4853,12031646.0,2024-07-02 20:00:00
1719964800000,0.4853,0.487,0.4771,0.4806,52894432.0,2024-07-03 00:00:00
1719979200000,0.4806,0.485,0.4791,0.4827,50205944.0,2024-07-03 04:00:00
1719993600000,0.4826,0.4875,0.481,0.4823,78761271.0,2024-07-03 08:00:00
1720008000000,0.4823,0.4824,0.4712,0.4715,67431580.0,2024-07-03 12:00:00
1720022400000,0.4715,0.4718,0.4611,0.4627,50820437.0,2024-07-03 16:00:00
1720036800000,0.4628,0.4676,0.4623,0.4672,17496649.0,2024-07-03 20:00:00
1720051200000,0.4672,0.4697,0.445,0.4597,98134673.0,2024-07-04 00:00:00
1720065600000,0.4596,0.4605,0.4541,0.4545,51311565.0,2024-07-04 04:00:00
1720080000000,0.4544,0.4555,0.4481,0.4529,105361085.0,2024-07-04 08:00:00
1720094400000,0.4528,0.453,0.438,0.4444,99747320.0,2024-07-04 12:00:00
1720108800000,0.4445,0.4446,0.4368,0.4409,41424085.0,2024-07-04 16:00:00
1720123200000,0.441,0.4472,0.4313,0.4329,40441666.0,2024-07-04 20:00:00
1720137600000,0.433,0.4335,0.3823,0.3986,297305637.0,2024-07-05 00:00:00
1720152000000,0.3986,0.4085,0.3887,0.4049,154652760.0,2024-07-05 04:00:00
1720166400000,0.4049,0.4184,0.3969,0.417,120966201.0,2024-07-05 08:00:00
1720180800000,0.417,0.4251,0.4118,0.4245,84547608.0,2024-07-05 12:00:00
1720195200000,0.4244,0.4277,0.422,0.4254,48734099.0,2024-07-05 16:00:00
1720209600000,0.4254,0.427,0.4229,0.4251,21849627.0,2024-07-05 20:00:00
1720224000000,0.4252,0.432,0.4235,0.4277,37087425.0,2024-07-06 00:00:00
1720238400000,0.4276,0.4346,0.4263,0.4329,25508817.0,2024-07-06 04:00:00
1720252800000,0.4329,0.4362,0.4304,0.4357,22901136.0,2024-07-06 08:00:00
1720267200000,0.4357,0.4397,0.4335,0.4383,26189143.0,2024-07-06 12:00:00
1720281600000,0.4384,0.4493,0.4374,0.4482,41883396.0,2024-07-06 16:00:00
1720296000000,0.4482,0.4497,0.4468,0.4488,15375946.0,2024-07-06 20:00:00
1720310400000,0.4489,0.4495,0.4435,0.4446,22694459.0,2024-07-07 00:00:00
1720324800000,0.4446,0.4447,0.4346,0.4371,35107384.0,2024-07-07 04:00:00
1720339200000,0.4372,0.4386,0.433,0.4349,26299152.0,2024-07-07 08:00:00
1720353600000,0.435,0.4359,0.4217,0.4272,40901569.0,2024-07-07 12:00:00
1720368000000,0.4272,0.4334,0.427,0.4295,26182153.0,2024-07-07 16:00:00
1720382400000,0.4295,0.4314,0.4182,0.4195,24600512.0,2024-07-07 20:00:00
1720396800000,0.4196,0.4208,0.4032,0.4146,113721529.0,2024-07-08 00:00:00
1720411200000,0.4146,0.425,0.4135,0.4227,90618334.0,2024-07-08 04:00:00
1720425600000,0.4228,0.4415,0.4218,0.4398,107054693.0,2024-07-08 08:00:00
1720440000000,0.4398,0.4438,0.4209,0.424,150898992.0,2024-07-08 12:00:00
1720454400000,0.4241,0.4317,0.4208,0.4301,39543793.0,2024-07-08 16:00:00
1720468800000,0.4302,0.4326,0.4271,0.4316,26906282.0,2024-07-08 20:00:00
1720483200000,0.4316,0.4341,0.427,0.433,47097302.0,2024-07-09 00:00:00
1720497600000,0.4331,0.437,0.4323,0.4345,64488559.0,2024-07-09 04:00:00
1720512000000,0.4345,0.4398,0.4315,0.4342,77133381.0,2024-07-09 08:00:00
1720526400000,0.4343,0.436,0.4277,0.4316,57388636.0,2024-07-09 12:00:00
1720540800000,0.4316,0.4364,0.431,0.4359,26087531.0,2024-07-09 16:00:00
1720555200000,0.4359,0.4376,0.4347,0.4356,17316961.0,2024-07-09 20:00:00
1720569600000,0.4357,0.436,0.4317,0.4357,46874347.0,2024-07-10 00:00:00
1720584000000,0.4356,0.4413,0.4356,0.4399,85821641.0,2024-07-10 04:00:00
1720598400000,0.4399,0.4426,0.4366,0.4403,56711170.0,2024-07-10 08:00:00
1720612800000,0.4403,0.441,0.431,0.4331,65926700.0,2024-07-10 12:00:00
1720627200000,0.4332,0.4366,0.4316,0.4364,23133840.0,2024-07-10 16:00:00
1720641600000,0.4364,0.4394,0.4358,0.4388,16171994.0,2024-07-10 20:00:00
1720656000000,0.4388,0.4434,0.4363,0.4404,47815955.0,2024-07-11 00:00:00
1720670400000,0.4405,0.4464,0.4396,0.4446,53163610.0,2024-07-11 04:00:00
1720684800000,0.4446,0.4531,0.4442,0.4499,78896187.0,2024-07-11 08:00:00
1720699200000,0.45,0.4573,0.4386,0.4405,99559880.0,2024-07-11 12:00:00
1720713600000,0.4405,0.4503,0.4387,0.4473,40482253.0,2024-07-11 16:00:00
1720728000000,0.4473,0.4494,0.4448,0.4491,27629784.0,2024-07-11 20:00:00
1720742400000,0.4491,0.4531,0.4445,0.4519,57729590.0,2024-07-12 00:00:00
1720756800000,0.4519,0.4641,0.4483,0.4627,82923546.0,2024-07-12 04:00:00
1720771200000,0.4627,0.478,0.46,0.4714,173193527.0,2024-07-12 08:00:00
1720785600000,0.4714,0.4723,0.4589,0.4614,79837649.0,2024-07-12 12:00:00
1720800000000,0.4614,0.4703,0.461,0.4698,41010076.0,2024-07-12 16:00:00
1720814400000,0.4697,0.4776,0.4665,0.4745,38290461.0,2024-07-12 20:00:00
1720828800000,0.4745,0.495,0.4737,0.4925,72064794.0,2024-07-13 00:00:00
1720843200000,0.4925,0.5164,0.4908,0.5154,153106717.0,2024-07-13 04:00:00
1720857600000,0.5154,0.5184,0.5085,0.5098,97927436.0,2024-07-13 08:00:00
1720872000000,0.5098,0.5407,0.5097,0.5364,142142117.0,2024-07-13 12:00:00
1720886400000,0.5364,0.5661,0.5306,0.5609,129804476.0,2024-07-13 16:00:00
1720900800000,0.5608,0.5618,0.5223,0.5257,149281814.0,2024-07-13 20:00:00
1720915200000,0.5257,0.5332,0.5136,0.5198,76071043.0,2024-07-14 00:00:00
1720929600000,0.5197,0.5297,0.5163,0.5264,58848730.0,2024-07-14 04:00:00
1720944000000,0.5263,0.54,0.525,0.5282,91766604.0,2024-07-14 08:00:00
1720958400000,0.5281,0.5325,0.5215,0.5272,46837376.0,2024-07-14 12:00:00
1720972800000,0.5271,0.5347,0.5264,0.5317,25479404.0,2024-07-14 16:00:00
1720987200000,0.5317,0.5348,0.5194,0.5205,51961248.0,2024-07-14 20:00:00
1721001600000,0.5205,0.5312,0.5203,0.5269,65179466.0,2024-07-15 00:00:00
1721016000000,0.5269,0.5344,0.5263,0.5306,89732180.0,2024-07-15 04:00:00
1721030400000,0.5306,0.5404,0.5267,0.5365,97933261.0,2024-07-15 08:00:00
1721044800000,0.5365,0.5367,0.5234,0.5238,72412278.0,2024-07-15 12:00:00
1721059200000,0.5238,0.536,0.5225,0.5353,60995479.0,2024-07-15 16:00:00
1721073600000,0.5352,0.5382,0.5292,0.5372,51123901.0,2024-07-15 20:00:00
1721088000000,0.5372,0.5706,0.5351,0.5655,158874169.0,2024-07-16 00:00:00
1721102400000,0.5655,0.5659,0.5356,0.5404,146031201.0,2024-07-16 04:00:00
1721116800000,0.5403,0.5475,0.5309,0.5465,78088230.0,2024-07-16 08:00:00
1721131200000,0.5465,0.5884,0.5429,0.5846,254562697.0,2024-07-16 12:00:00
1721145600000,0.5846,0.5945,0.5756,0.5835,134385977.0,2024-07-16 16:00:00
1721160000000,0.5834,0.585,0.5736,0.5793,52690312.0,2024-07-16 20:00:00
1721174400000,0.5792,0.5885,0.5783,0.5858,79583779.0,2024-07-17 00:00:00
1721188800000,0.5857,0.6188,0.5855,0.6092,185674740.0,2024-07-17 04:00:00
1721203200000,0.6092,0.6238,0.603,0.6139,139027360.0,2024-07-17 08:00:00
1721217600000,0.6138,0.6346,0.6012,0.6023,184183949.0,2024-07-17 12:00:00
1721232000000,0.6024,0.6269,0.596,0.6138,98862418.0,2024-07-17 16:00:00
1721246400000,0.6138,0.6378,0.6138,0.626,119473166.0,2024-07-17 20:00:00
1721260800000,0.626,0.6369,0.6,0.6074,145804532.0,2024-07-18 00:00:00
1721275200000,0.6074,0.6129,0.5779,0.58,153109562.0,2024-07-18 04:00:00
1721289600000,0.5801,0.587,0.5669,0.579,152161360.0,2024-07-18 08:00:00
1721304000000,0.579,0.5878,0.5621,0.5629,118157540.0,2024-07-18 12:00:00
1721318400000,0.5629,0.572,0.5575,0.5694,58625496.0,2024-07-18 16:00:00
1721332800000,0.5694,0.5729,0.5642,0.5697,32765375.0,2024-07-18 20:00:00
1721347200000,0.5697,0.5705,0.5405,0.556,118263322.0,2024-07-19 00:00:00
1721361600000,0.556,0.5614,0.5474,0.5494,75736436.0,2024-07-19 04:00:00
1721376000000,0.5494,0.5542,0.54,0.5533,98554506.0,2024-07-19 08:00:00
1721390400000,0.5533,0.5693,0.5481,0.5628,100449201.0,2024-07-19 12:00:00
1721404800000,0.5627,0.5867,0.5618,0.5801,101290389.0,2024-07-19 16:00:00
1721419200000,0.5801,0.5817,0.5688,0.5733,44861195.0,2024-07-19 20:00:00
1721433600000,0.5733,0.5827,0.5707,0.5817,56089895.0,2024-07-20 00:00:00
1721448000000,0.5816,0.6047,0.58,0.5952,80580635.0,2024-07-20 04:00:00
1721462400000,0.5951,0.5969,0.5857,0.5913,52366396.0,2024-07-20 08:00:00
1721476800000,0.5913,0.5968,0.5863,0.5915,43302780.0,2024-07-20 12:00:00
1721491200000,0.5915,0.5987,0.587,0.5916,42298616.0,2024-07-20 16:00:00
1721505600000,0.5915,0.5978,0.5894,0.5937,25459672.0,2024-07-20 20:00:00
1721520000000,0.5938,0.5973,0.589,0.5937,30442519.0,2024-07-21 00:00:00
1721534400000,0.5937,0.608,0.5885,0.5892,58448008.0,2024-07-21 04:00:00
1721548800000,0.5893,0.5935,0.5806,0.5822,38980553.0,2024-07-21 08:00:00
1721563200000,0.5823,0.5897,0.5743,0.588,51817905.0,2024-07-21 12:00:00
1721577600000,0.5881,0.593,0.5721,0.5912,63757419.0,2024-07-21 16:00:00
1721592000000,0.5912,0.6029,0.5898,0.5984,48542473.0,2024-07-21 20:00:00
1721606400000,0.5985,0.6002,0.5907,0.5946,40180832.0,2024-07-22 00:00:00
1721620800000,0.5945,0.6051,0.5855,0.598,82892621.0,2024-07-22 04:00:00
1721635200000,0.598,0.6149,0.5913,0.6111,98635440.0,2024-07-22 08:00:00
1721649600000,0.6112,0.6192,0.6048,0.6104,92779762.0,2024-07-22 12:00:00
1721664000000,0.6103,0.6229,0.6074,0.6185,53314955.0,2024-07-22 16:00:00
1721678400000,0.6186,0.6211,0.5985,0.608,45119458.0,2024-07-22 20:00:00
1721692800000,0.608,0.6147,0.6029,0.6143,36320623.0,2024-07-23 00:00:00
1721707200000,0.6142,0.617,0.5945,0.6,91904076.0,2024-07-23 04:00:00
1721721600000,0.6,0.6079,0.5925,0.5964,70773663.0,2024-07-23 08:00:00
1721736000000,0.5964,0.6032,0.5874,0.6003,63698632.0,2024-07-23 12:00:00
1721750400000,0.6004,0.6008,0.5797,0.5948,58439248.0,2024-07-23 16:00:00
1721764800000,0.5948,0.6056,0.5924,0.5975,32619924.0,2024-07-23 20:00:00
1721779200000,0.5976,0.6053,0.5915,0.6045,45586899.0,2024-07-24 00:00:00
1721793600000,0.6045,0.6057,0.5969,0.6031,55571582.0,2024-07-24 04:00:00
1721808000000,0.6031,0.6327,0.6016,0.6284,123620050.0,2024-07-24 08:00:00
1721822400000,0.6285,0.6325,0.6188,0.6239,92016406.0,2024-07-24 12:00:00
1721836800000,0.6239,0.6262,0.6157,0.6232,49698181.0,2024-07-24 16:00:00
1721851200000,0.6232,0.6282,0.606,0.6179,54124525.0,2024-07-24 20:00:00
1721865600000,0.6179,0.6221,0.5942,0.6059,93335619.0,2024-07-25 00:00:00
1721880000000,0.6058,0.6152,0.598,0.6092,80397964.0,2024-07-25 04:00:00
1721894400000,0.6091,0.6127,0.5995,0.6108,62964540.0,2024-07-25 08:00:00
1721908800000,0.6108,0.629,0.601,0.6176,109023023.0,2024-07-25 12:00:00
1721923200000,0.6176,0.6265,0.5975,0.6009,68643629.0,2024-07-25 16:00:00
1721937600000,0.601,0.6029,0.5844,0.5996,70822231.0,2024-07-25 20:00:00
1721952000000,0.5996,0.6082,0.597,0.605,44507959.0,2024-07-26 00:00:00
1721966400000,0.605,0.6093,0.598,0.5983,40845710.0,2024-07-26 04:00:00
1721980800000,0.5983,0.6043,0.5964,0.6017,50107973.0,2024-07-26 08:00:00
1721995200000,0.6017,0.6024,0.586,0.5923,69432378.0,2024-07-26 12:00:00
1722009600000,0.5922,0.6024,0.5897,0.5992,37279200.0,2024-07-26 16:00:00
1722024000000,0.5992,0.6055,0.5971,0.6034,26556097.0,2024-07-26 20:00:00
1722038400000,0.6033,0.6034,0.5946,0.5964,23507486.0,2024-07-27 00:00:00
1722052800000,0.5964,0.6041,0.5964,0.6008,15842142.0,2024-07-27 04:00:00
1722067200000,0.6008,0.6034,0.5974,0.6005,19008679.0,2024-07-27 08:00:00
1722081600000,0.6004,0.6091,0.5954,0.5986,35611678.0,2024-07-27 12:00:00
1722096000000,0.5987,0.6006,0.5894,0.5969,29594985.0,2024-07-27 16:00:00
1722110400000,0.5969,0.6016,0.5833,0.5956,49410811.0,2024-07-27 20:00:00
1722124800000,0.5956,0.603,0.591,0.5997,16543432.0,2024-07-28 00:00:00
1722139200000,0.5996,0.6048,0.5957,0.6044,28146807.0,2024-07-28 04:00:00
1722153600000,0.6043,0.6161,0.6025,0.6029,74780861.0,2024-07-28 08:00:00
1722168000000,0.6029,0.6049,0.5966,0.6039,30704912.0,2024-07-28 12:00:00
1722182400000,0.6039,0.6056,0.5994,0.6026,12566201.0,2024-07-28 16:00:00
1722196800000,0.6026,0.603,0.5978,0.6012,19431121.0,2024-07-28 20:00:00
1722211200000,0.6012,0.609,0.6002,0.6066,33242947.0,2024-07-29 00:00:00
1722225600000,0.6065,0.6118,0.6033,0.6103,49518145.0,2024-07-29 04:00:00
1722240000000,0.6103,0.6124,0.6054,0.6082,45487668.0,2024-07-29 08:00:00
1722254400000,0.6081,0.6109,0.5941,0.5991,52148030.0,2024-07-29 12:00:00
1722268800000,0.5991,0.6067,0.5921,0.6057,32761925.0,2024-07-29 16:00:00
1722283200000,0.6057,0.6096,0.5996,0.6019,22086461.0,2024-07-29 20:00:00
1722297600000,0.6019,0.6047,0.5953,0.6004,23730997.0,2024-07-30 00:00:00
1722312000000,0.6004,0.6023,0.5969,0.5999,32180302.0,2024-07-30 04:00:00
1722326400000,0.5999,0.6379,0.5976,0.6294,169899997.0,2024-07-30 08:00:00
1722340800000,0.6295,0.636,0.6115,0.6182,85913448.0,2024-07-30 12:00:00
1722355200000,0.6182,0.6363,0.6178,0.629,84847475.0,2024-07-30 16:00:00
1722369600000,0.629,0.6314,0.6191,0.6277,34837171.0,2024-07-30 20:00:00
1722384000000,0.6278,0.6586,0.6256,0.6494,124232048.0,2024-07-31 00:00:00
1722398400000,0.6493,0.6543,0.6379,0.6465,84495189.0,2024-07-31 04:00:00
1722412800000,0.6465,0.6552,0.6432,0.6495,66750866.0,2024-07-31 08:00:00
1722427200000,0.6495,0.6572,0.6441,0.6518,67436351.0,2024-07-31 12:00:00
1722441600000,0.6518,0.6543,0.6307,0.6336,81874123.0,2024-07-31 16:00:00
1722456000000,0.6336,0.6351,0.6217,0.623,48395529.0,2024-07-31 20:00:00
1722470400000,0.623,0.6303,0.6075,0.6115,78331006.0,2024-08-01 00:00:00
1722484800000,0.6115,0.6138,0.5965,0.6088,77238904.0,2024-08-01 04:00:00
1722499200000,0.6088,0.6112,0.6015,0.6101,57127867.0,2024-08-01 08:00:00
1722513600000,0.6101,0.614,0.5825,0.5856,87612191.0,2024-08-01 12:00:00
1722528000000,0.5857,0.5896,0.568,0.5824,79549469.0,2024-08-01 16:00:00
1722542400000,0.5823,0.6,0.5784,0.5964,43406710.0,2024-08-01 20:00:00
1722556800000,0.5965,0.597,0.5797,0.5876,48987394.0,2024-08-02 00:00:00
1722571200000,0.5875,0.5886,0.5573,0.5729,107234912.0,2024-08-02 04:00:00
1722585600000,0.5729,0.5789,0.5667,0.5741,47252443.0,2024-08-02 08:00:00
1722600000000,0.5741,0.581,0.5464,0.5618,122372641.0,2024-08-02 12:00:00
1722614400000,0.5617,0.5664,0.5546,0.5627,40384238.0,2024-08-02 16:00:00
1722628800000,0.5627,0.5729,0.5584,0.5607,44736270.0,2024-08-02 20:00:00
1722643200000,0.5606,0.5652,0.5432,0.5638,56988970.0,2024-08-03 00:00:00
1722657600000,0.5639,0.5777,0.562,0.5758,38688909.0,2024-08-03 04:00:00
1722672000000,0.5758,0.5758,0.5646,0.5705,33486906.0,2024-08-03 08:00:00
1722686400000,0.5705,0.5736,0.5555,0.5566,35042322.0,2024-08-03 12:00:00
1722700800000,0.5565,0.5668,0.5418,0.5428,77808074.0,2024-08-03 16:00:00
1722715200000,0.5428,0.5586,0.5406,0.5558,23467914.0,2024-08-03 20:00:00
1722729600000,0.5558,0.559,0.5504,0.5572,16743018.0,2024-08-04 00:00:00
1722744000000,0.5572,0.559,0.5461,0.5478,13966027.0,2024-08-04 04:00:00
1722758400000,0.5478,0.5513,0.5422,0.5439,22415587.0,2024-08-04 08:00:00
1722772800000,0.544,0.5497,0.5253,0.5286,67444501.0,2024-08-04 12:00:00
1722787200000,0.5287,0.5374,0.5136,0.536,86424066.0,2024-08-04 16:00:00
1722801600000,0.5359,0.5402,0.5224,0.5228,33114888.0,2024-08-04 20:00:00
1722816000000,0.5229,0.5257,0.452,0.4735,316179392.0,2024-08-05 00:00:00
1722830400000,0.4735,0.4809,0.435,0.4694,318354634.0,2024-08-05 04:00:00
1722844800000,0.4695,0.4718,0.4381,0.4519,202009873.0,2024-08-05 08:00:00
1722859200000,0.4519,0.493,0.4319,0.4888,277495201.0,2024-08-05 12:00:00
1722873600000,0.4887,0.4986,0.4727,0.4797,83249329.0,2024-08-05 16:00:00
1722888000000,0.4796,0.4999,0.4792,0.4889,53166103.0,2024-08-05 20:00:00
1722902400000,0.4889,0.5162,0.4877,0.5114,79799703.0,2024-08-06 00:00:00
1722916800000,0.5114,0.5188,0.5056,0.5167,75640459.0,2024-08-06 04:00:00
1722931200000,0.5167,0.5168,0.4972,0.5035,86644163.0,2024-08-06 08:00:00
1722945600000,0.5036,0.5179,0.4943,0.5111,91675968.0,2024-08-06 12:00:00
1722960000000,0.5112,0.5177,0.5084,0.5118,42644012.0,2024-08-06 16:00:00
1722974400000,0.5119,0.515,0.5034,0.5062,33933526.0,2024-08-06 20:00:00
1722988800000,0.5062,0.517,0.5,0.5153,64584281.0,2024-08-07 00:00:00
1723003200000,0.5152,0.519,0.5095,0.513,61876315.0,2024-08-07 04:00:00
1723017600000,0.5131,0.5195,0.5123,0.514,56708031.0,2024-08-07 08:00:00
1723032000000,0.5141,0.5174,0.4922,0.4997,73438733.0,2024-08-07 12:00:00
1723046400000,0.4996,0.5389,0.4972,0.5335,100184514.0,2024-08-07 16:00:00
1723060800000,0.5334,0.6434,0.5137,0.6002,644010452.0,2024-08-07 20:00:00
1723075200000,0.6003,0.6239,0.5785,0.6113,174806490.0,2024-08-08 00:00:00
1723089600000,0.6113,0.6173,0.5946,0.606,119351176.0,2024-08-08 04:00:00
1723104000000,0.6061,0.6231,0.6051,0.6152,111014826.0,2024-08-08 08:00:00
1723118400000,0.6153,0.6197,0.6005,0.6128,109706940.0,2024-08-08 12:00:00
1723132800000,0.6128,0.6424,0.6072,0.6216,114528859.0,2024-08-08 16:00:00
1723147200000,0.6216,0.6259,0.6039,0.6166,101073936.0,2024-08-08 20:00:00
1723161600000,0.6166,0.6245,0.6088,0.6148,59955221.0,2024-08-09 00:00:00
1723176000000,0.6148,0.617,0.5976,0.603,92777288.0,2024-08-09 04:00:00
1723190400000,0.6031,0.605,0.5826,0.5867,106404068.0,2024-08-09 08:00:00
1723204800000,0.5867,0.5888,0.5656,0.5731,117437176.0,2024-08-09 12:00:00
1723219200000,0.5731,0.5844,0.5718,0.5812,47780228.0,2024-08-09 16:00:00
1723233600000,0.5811,0.5827,0.5735,0.5805,32578464.0,2024-08-09 20:00:00
1723248000000,0.5805,0.5944,0.5779,0.5893,36565558.0,2024-08-10 00:00:00
1723262400000,0.5892,0.5922,0.5836,0.5866,30791667.0,2024-08-10 04:00:00
1723276800000,0.5865,0.5908,0.5845,0.5895,20128402.0,2024-08-10 08:00:00
1723291200000,0.5895,0.6022,0.5891,0.5974,59382425.0,2024-08-10 12:00:00
1723305600000,0.5974,0.6011,0.5879,0.5911,38493270.0,2024-08-10 16:00:00
1723320000000,0.5911,0.5954,0.5813,0.5841,28384307.0,2024-08-10 20:00:00
1723334400000,0.5841,0.5935,0.5828,0.5889,24950302.0,2024-08-11 00:00:00
1723348800000,0.589,0.5933,0.5861,0.5914,19979983.0,2024-08-11 04:00:00
1723363200000,0.5914,0.5927,0.5734,0.5758,44653051.0,2024-08-11 08:00:00
1723377600000,0.5758,0.5765,0.5628,0.5667,49733123.0,2024-08-11 12:00:00
1723392000000,0.5667,0.5711,0.5589,0.5593,36042321.0,2024-08-11 16:00:00
1723406400000,0.5593,0.5596,0.5452,0.5528,75739032.0,2024-08-11 20:00:00
1723420800000,0.5528,0.5663,0.5501,0.5644,54836268.0,2024-08-12 00:00:00
1723435200000,0.5643,0.5709,0.557,0.5679,69867204.0,2024-08-12 04:00:00
1723449600000,0.5679,0.5795,0.5669,0.5761,70333143.0,2024-08-12 08:00:00
1723464000000,0.576,0.5774,0.5551,0.5714,80954563.0,2024-08-12 12:00:00
1723478400000,0.5715,0.5789,0.561,0.5693,51231723.0,2024-08-12 16:00:00
1723492800000,0.5692,0.5723,0.5599,0.5684,28030263.0,2024-08-12 20:00:00
1723507200000,0.5683,0.5725,0.5633,0.5652,31393902.0,2024-08-13 00:00:00
1723521600000,0.5652,0.5736,0.5626,0.5731,33922490.0,2024-08-13 04:00:00
1723536000000,0.5731,0.5792,0.5653,0.5753,55661987.0,2024-08-13 08:00:00
1723550400000,0.5753,0.5787,0.5666,0.574,56524810.0,2024-08-13 12:00:00
1723564800000,0.574,0.5834,0.573,0.5775,46616238.0,2024-08-13 16:00:00
1723579200000,0.5774,0.5801,0.5728,0.577,28260822.0,2024-08-13 20:00:00
1723593600000,0.577,0.5811,0.5711,0.5797,43207246.0,2024-08-14 00:00:00
1723608000000,0.5797,0.5812,0.5742,0.5765,48429063.0,2024-08-14 04:00:00
1723622400000,0.5766,0.5828,0.5748,0.5792,39532602.0,2024-08-14 08:00:00
1723636800000,0.5792,0.5825,0.5641,0.5739,70557013.0,2024-08-14 12:00:00
1723651200000,0.5739,0.5756,0.5662,0.5673,34209913.0,2024-08-14 16:00:00
1723665600000,0.5673,0.57,0.5652,0.5687,17596321.0,2024-08-14 20:00:00
1723680000000,0.5687,0.5742,0.5672,0.5723,33834792.0,2024-08-15 00:00:00
1723694400000,0.5723,0.5724,0.5624,0.5661,39371302.0,2024-08-15 04:00:00
1723708800000,0.566,0.5701,0.5626,0.5696,47482788.0,2024-08-15 08:00:00
1723723200000,0.5697,0.5732,0.566,0.5714,43234632.0,2024-08-15 12:00:00
1723737600000,0.5714,0.5727,0.5521,0.5565,62576646.0,2024-08-15 16:00:00
1723752000000,0.5566,0.5622,0.5504,0.5607,40598410.0,2024-08-15 20:00:00
1723766400000,0.5608,0.5688,0.558,0.5624,40061288.0,2024-08-16 00:00:00
1723780800000,0.5623,0.5693,0.5589,0.5676,33637085.0,2024-08-16 04:00:00
1723795200000,0.5675,0.5723,0.5646,0.5662,33474343.0,2024-08-16 08:00:00
1723809600000,0.5661,0.568,0.5535,0.558,72768291.0,2024-08-16 12:00:00
1723824000000,0.5579,0.5687,0.5565,0.5667,39181603.0,2024-08-16 16:00:00
1723838400000,0.5667,0.5678,0.5627,0.5638,15505800.0,2024-08-16 20:00:00
1723852800000,0.5637,0.5652,0.5611,0.5629,10873045.0,2024-08-17 00:00:00
1723867200000,0.563,0.5661,0.5623,0.5647,9080091.0,2024-08-17 04:00:00
1723881600000,0.5648,0.5653,0.5625,0.5649,11448854.0,2024-08-17 08:00:00
1723896000000,0.5649,0.5692,0.5644,0.5668,16751370.0,2024-08-17 12:00:00
1723910400000,0.5668,0.571,0.5667,0.5672,12312347.0,2024-08-17 16:00:00
1723924800000,0.5673,0.5677,0.5645,0.5665,7591812.0,2024-08-17 20:00:00
1723939200000,0.5664,0.5696,0.5651,0.566,10119190.0,2024-08-18 00:00:00
1723953600000,0.5659,0.5667,0.5642,0.5651,9711127.0,2024-08-18 04:00:00
1723968000000,0.5652,0.5705,0.5647,0.5679,21989497.0,2024-08-18 08:00:00
1723982400000,0.568,0.5845,0.5675,0.5735,44537177.0,2024-08-18 12:00:00
1723996800000,0.5734,0.5755,0.5685,0.5726,14719047.0,2024-08-18 16:00:00
1724011200000,0.5726,0.5741,0.5625,0.5631,18828324.0,2024-08-18 20:00:00
1724025600000,0.5631,0.568,0.5608,0.5666,34340995.0,2024-08-19 00:00:00
1724040000000,0.5665,0.5765,0.5652,0.5737,53226777.0,2024-08-19 04:00:00
1724054400000,0.5737,0.5899,0.5735,0.5853,102762113.0,2024-08-19 08:00:00
1724068800000,0.5852,0.5868,0.5748,0.5794,59080537.0,2024-08-19 12:00:00
1724083200000,0.5793,0.6091,0.5786,0.6024,98557912.0,2024-08-19 16:00:00
1724097600000,0.6024,0.6032,0.5941,0.5985,39101168.0,2024-08-19 20:00:00
1724112000000,0.5984,0.6097,0.5968,0.6083,41964604.0,2024-08-20 00:00:00
1724126400000,0.6083,0.6137,0.6049,0.6069,59690445.0,2024-08-20 04:00:00
1724140800000,0.6068,0.615,0.6065,0.6088,42972550.0,2024-08-20 08:00:00
1724155200000,0.6088,0.6094,0.5875,0.5897,75216466.0,2024-08-20 12:00:00
1724169600000,0.5897,0.6031,0.5891,0.6006,32033713.0,2024-08-20 16:00:00
1724184000000,0.6005,0.6005,0.592,0.5937,25004805.0,2024-08-20 20:00:00
1724198400000,0.5937,0.6022,0.5923,0.5959,38819538.0,2024-08-21 00:00:00
1724212800000,0.5958,0.5993,0.5926,0.5982,44031262.0,2024-08-21 04:00:00
1724227200000,0.5982,0.5999,0.5935,0.5964,31672299.0,2024-08-21 08:00:00
1724241600000,0.5964,0.5979,0.584,0.5923,81300061.0,2024-08-21 12:00:00
1724256000000,0.5924,0.6056,0.5901,0.6026,52898159.0,2024-08-21 16:00:00
1724270400000,0.6027,0.6044,0.5988,0.5999,25554254.0,2024-08-21 20:00:00
1724284800000,0.6,0.6013,0.5923,0.5982,32670465.0,2024-08-22 00:00:00
1724299200000,0.5982,0.6042,0.5949,0.6016,43156556.0,2024-08-22 04:00:00
1724313600000,0.6015,0.6049,0.5983,0.6027,32171085.0,2024-08-22 08:00:00
1724328000000,0.6027,0.6027,0.5944,0.5955,59796545.0,2024-08-22 12:00:00
1724342400000,0.5954,0.6002,0.595,0.5988,20438888.0,2024-08-22 16:00:00
1724356800000,0.5988,0.5997,0.593,0.5976,19325880.0,2024-08-22 20:00:00
1724371200000,0.5977,0.6061,0.5965,0.5988,35555434.0,2024-08-23 00:00:00
1724385600000,0.5988,0.6021,0.5955,0.5994,48758945.0,2024-08-23 04:00:00
1724400000000,0.5993,0.6008,0.5971,0.5972,35026576.0,2024-08-23 08:00:00
1724414400000,0.5971,0.6042,0.5909,0.5992,75322475.0,2024-08-23 12:00:00
1724428800000,0.5992,0.6096,0.5982,0.6074,62359714.0,2024-08-23 16:00:00
1724443200000,0.6074,0.616,0.605,0.6109,40055865.0,2024-08-23 20:00:00
1724457600000,0.6109,0.6109,0.6043,0.6081,21003733.0,2024-08-24 00:00:00
1724472000000,0.608,0.6126,0.6062,0.6086,18321813.0,2024-08-24 04:00:00
1724486400000,0.6086,0.6146,0.6075,0.6102,27422132.0,2024-08-24 08:00:00
1724500800000,0.6102,0.631,0.61,0.6198,99873970.0,2024-08-24 12:00:00
1724515200000,0.6198,0.6261,0.6175,0.6198,32726620.0,2024-08-24 16:00:00
1724529600000,0.6197,0.6245,0.6049,0.6127,43087049.0,2024-08-24 20:00:00
1724544000000,0.6126,0.614,0.6043,0.6077,34230742.0,2024-08-25 00:00:00
1724558400000,0.6077,0.6096,0.595,0.599,41022118.0,2024-08-25 04:00:00
1724572800000,0.5991,0.6029,0.5965,0.6012,34316297.0,2024-08-25 08:00:00
1724587200000,0.6012,0.6061,0.6001,0.6026,19648588.0,2024-08-25 12:00:00
1724601600000,0.6027,0.6046,0.5994,0.6003,14193036.0,2024-08-25 16:00:00
1724616000000,0.6002,0.6047,0.599,0.6,20252268.0,2024-08-25 20:00:00
1724630400000,0.6,0.6021,0.5915,0.5969,33190283.0,2024-08-26 00:00:00
1724644800000,0.5968,0.5982,0.5919,0.5951,29324395.0,2024-08-26 04:00:00
1724659200000,0.5951,0.6008,0.5929,0.5958,40184094.0,2024-08-26 08:00:00
1724673600000,0.5958,0.5963,0.586,0.5926,63890124.0,2024-08-26 12:00:00
1724688000000,0.5925,0.5937,0.5782,0.5817,45879205.0,2024-08-26 16:00:00
1724702400000,0.5817,0.5899,0.5793,0.5874,24406539.0,2024-08-26 20:00:00
1724716800000,0.5873,0.5957,0.5867,0.593,20142983.0,2024-08-27 00:00:00
1724731200000,0.593,0.5944,0.5861,0.5913,38591784.0,2024-08-27 04:00:00
1724745600000,0.5912,0.5926,0.5838,0.5874,48424256.0,2024-08-27 08:00:00
1724760000000,0.5873,0.5993,0.5852,0.594,65599952.0,2024-08-27 12:00:00
1724774400000,0.5939,0.6003,0.5919,0.5932,34857122.0,2024-08-27 16:00:00
1724788800000,0.5932,0.5933,0.5528,0.5666,124028416.0,2024-08-27 20:00:00
1724803200000,0.5667,0.5699,0.5601,0.568,58448173.0,2024-08-28 00:00:00
1724817600000,0.568,0.5751,0.5671,0.5695,44829229.0,2024-08-28 04:00:00
1724832000000,0.5695,0.5837,0.565,0.5807,82462952.0,2024-08-28 08:00:00
1724846400000,0.5807,0.5845,0.5637,0.5688,56250063.0,2024-08-28 12:00:00
1724860800000,0.5689,0.5771,0.5558,0.5724,48665774.0,2024-08-28 16:00:00
1724875200000,0.5723,0.5779,0.5656,0.5693,22338456.0,2024-08-28 20:00:00
1724889600000,0.5692,0.5735,0.5679,0.571,30099165.0,2024-08-29 00:00:00
1724904000000,0.5711,0.577,0.5703,0.5744,34082425.0,2024-08-29 04:00:00
1724918400000,0.5744,0.5763,0.5712,0.5745,36976788.0,2024-08-29 08:00:00
1724932800000,0.5745,0.5756,0.5704,0.572,48105786.0,2024-08-29 12:00:00
1724947200000,0.572,0.577,0.5582,0.5626,38821558.0,2024-08-29 16:00:00
1724961600000,0.5627,0.5653,0.5573,0.5619,20954928.0,2024-08-29 20:00:00
1724976000000,0.5618,0.5652,0.5603,0.5619,30546493.0,2024-08-30 00:00:00
1724990400000,0.5618,0.5661,0.5574,0.5644,42308087.0,2024-08-30 04:00:00
1725004800000,0.5644,0.5655,0.5614,0.5638,38914387.0,2024-08-30 08:00:00
1725019200000,0.5637,0.5678,0.5462,0.5485,83315330.0,2024-08-30 12:00:00
1725033600000,0.5485,0.5629,0.5463,0.5618,47431744.0,2024-08-30 16:00:00
1725048000000,0.5617,0.5677,0.5603,0.5667,16324547.0,2024-08-30 20:00:00
1725062400000,0.5667,0.5682,0.5647,0.5648,11349169.0,2024-08-31 00:00:00
1725076800000,0.5648,0.5687,0.5645,0.5665,8198539.0,2024-08-31 04:00:00
1725091200000,0.5665,0.5721,0.5625,0.5692,17674381.0,2024-08-31 08:00:00
1725105600000,0.5693,0.57,0.5644,0.5664,12896839.0,2024-08-31 12:00:00
1725120000000,0.5664,0.5681,0.5624,0.5678,11118572.0,2024-08-31 16:00:00
1725134400000,0.5678,0.5686,0.5655,0.5662,5917702.0,2024-08-31 20:00:00
1725148800000,0.5662,0.5667,0.559,0.5608,11925034.0,2024-09-01 00:00:00
1725163200000,0.5607,0.5607,0.553,0.5591,16206420.0,2024-09-01 04:00:00
1725177600000,0.559,0.5603,0.5555,0.558,11771573.0,2024-09-01 08:00:00
1725192000000,0.5581,0.5589,0.5515,0.5565,22094783.0,2024-09-01 12:00:00
1725206400000,0.5566,0.5608,0.5522,0.5595,17013960.0,2024-09-01 16:00:00
1725220800000,0.5595,0.5619,0.5434,0.5472,42179668.0,2024-09-01 20:00:00
1725235200000,0.5471,0.5508,0.5463,0.5501,30593301.0,2024-09-02 00:00:00
1725249600000,0.5501,0.5511,0.5443,0.5463,34732817.0,2024-09-02 04:00:00
1725264000000,0.5463,0.5576,0.5455,0.555,37952652.0,2024-09-02 08:00:00
1725278400000,0.5549,0.5603,0.5509,0.5583,29025950.0,2024-09-02 12:00:00
1725292800000,0.5582,0.568,0.5555,0.5679,22420724.0,2024-09-02 16:00:00
1725307200000,0.5678,0.5688,0.5644,0.5677,20024589.0,2024-09-02 20:00:00
1725321600000,0.5677,0.5724,0.5656,0.5667,24133935.0,2024-09-03 00:00:00
1725336000000,0.5666,0.5695,0.5649,0.5692,31112117.0,2024-09-03 04:00:00
1725350400000,0.5691,0.5724,0.5658,0.5701,30808267.0,2024-09-03 08:00:00
1725364800000,0.57,0.5723,0.5571,0.5593,50553028.0,2024-09-03 12:00:00
1725379200000,0.5592,0.5659,0.5586,0.5659,25331286.0,2024-09-03 16:00:00
1725393600000,0.5659,0.5677,0.5565,0.5572,17842850.0,2024-09-03 20:00:00
1725408000000,0.5572,0.5604,0.5326,0.553,95792961.0,2024-09-04 00:00:00
1725422400000,0.553,0.5556,0.5497,0.5545,33550540.0,2024-09-04 04:00:00
1725436800000,0.5546,0.557,0.549,0.5505,43266166.0,2024-09-04 08:00:00
1725451200000,0.5505,0.563,0.5472,0.5621,58081896.0,2024-09-04 12:00:00
1725465600000,0.5621,0.5648,0.5564,0.5577,23611939.0,2024-09-04 16:00:00
1725480000000,0.5578,0.5612,0.5558,0.5579,18273565.0,2024-09-04 20:00:00
1725494400000,0.5579,0.5598,0.5517,0.5528,29278558.0,2024-09-05 00:00:00
1725508800000,0.5529,0.5547,0.5499,0.5535,35982005.0,2024-09-05 04:00:00
1725523200000,0.5535,0.5547,0.5485,0.5502,39347770.0,2024-09-05 08:00:00
1725537600000,0.5503,0.5555,0.5454,0.546,50437590.0,2024-09-05 12:00:00
1725552000000,0.5461,0.5479,0.5399,0.5429,39158951.0,2024-09-05 16:00:00
1725566400000,0.5428,0.5453,0.5411,0.5444,19611336.0,2024-09-05 20:00:00
1725580800000,0.5445,0.5473,0.5405,0.5458,31247850.0,2024-09-06 00:00:00
1725595200000,0.5458,0.5466,0.5323,0.5351,55652067.0,2024-09-06 04:00:00
1725609600000,0.5351,0.5397,0.5341,0.5385,58931251.0,2024-09-06 08:00:00
1725624000000,0.5385,0.5453,0.5223,0.5264,101938413.0,2024-09-06 12:00:00
1725638400000,0.5263,0.527,0.5131,0.5156,66525108.0,2024-09-06 16:00:00
1725652800000,0.5155,0.522,0.5026,0.5211,67740723.0,2024-09-06 20:00:00
1725667200000,0.5211,0.5241,0.5197,0.5222,13971409.0,2024-09-07 00:00:00
1725681600000,0.5222,0.5307,0.5219,0.5297,15081228.0,2024-09-07 04:00:00
1725696000000,0.5296,0.5299,0.5263,0.5273,12994161.0,2024-09-07 08:00:00
1725710400000,0.5274,0.5329,0.5274,0.5315,13504271.0,2024-09-07 12:00:00
1725724800000,0.5315,0.532,0.5259,0.5303,11483486.0,2024-09-07 16:00:00
1725739200000,0.5302,0.5306,0.5228,0.5248,15890087.0,2024-09-07 20:00:00
1725753600000,0.5249,0.5282,0.5239,0.5282,9454855.0,2024-09-08 00:00:00
1725768000000,0.5281,0.5303,0.5276,0.5294,8973026.0,2024-09-08 04:00:00
1725782400000,0.5293,0.5316,0.5282,0.5288,9011956.0,2024-09-08 08:00:00
1725796800000,0.5288,0.5292,0.5219,0.5224,14599447.0,2024-09-08 12:00:00
1725811200000,0.5224,0.527,0.5208,0.5255,9368639.0,2024-09-08 16:00:00
1725825600000,0.5254,0.5314,0.524,0.5295,16501536.0,2024-09-08 20:00:00
1725840000000,0.5295,0.5311,0.5272,0.5305,21409835.0,2024-09-09 00:00:00
1725854400000,0.5305,0.5317,0.5269,0.531,27745221.0,2024-09-09 04:00:00
1725868800000,0.5309,0.5342,0.5298,0.5312,31315566.0,2024-09-09 08:00:00
1725883200000,0.5311,0.5335,0.5278,0.5294,30210801.0,2024-09-09 12:00:00
1725897600000,0.5293,0.5393,0.5292,0.5388,35722837.0,2024-09-09 16:00:00
1725912000000,0.5388,0.5431,0.5365,0.5395,21954692.0,2024-09-09 20:00:00
1725926400000,0.5395,0.5396,0.5338,0.5339,13785133.0,2024-09-10 00:00:00
1725940800000,0.5339,0.5404,0.5337,0.5391,33029455.0,2024-09-10 04:00:00
1725955200000,0.539,0.5417,0.5363,0.5386,23586758.0,2024-09-10 08:00:00
1725969600000,0.5385,0.5405,0.5355,0.5361,30393240.0,2024-09-10 12:00:00
1725984000000,0.5361,0.5416,0.5354,0.5405,20701487.0,2024-09-10 16:00:00
1725998400000,0.5405,0.5428,0.5392,0.5408,14197177.0,2024-09-10 20:00:00
1726012800000,0.5407,0.5413,0.5319,0.5334,31339466.0,2024-09-11 00:00:00
1726027200000,0.5334,0.5353,0.5305,0.5336,46746608.0,2024-09-11 04:00:00
1726041600000,0.5336,0.5344,0.5314,0.534,19744471.0,2024-09-11 08:00:00
1726056000000,0.5339,0.5352,0.5231,0.5321,55478681.0,2024-09-11 12:00:00
1726070400000,0.532,0.5383,0.5317,0.5365,22320250.0,2024-09-11 16:00:00
1726084800000,0.5365,0.5375,0.5345,0.5348,11925123.0,2024-09-11 20:00:00
1726099200000,0.5347,0.5398,0.5334,0.5374,31156105.0,2024-09-12 00:00:00
1726113600000,0.5374,0.5392,0.5351,0.5383,43725901.0,2024-09-12 04:00:00
1726128000000,0.5382,0.5421,0.5368,0.5373,27506813.0,2024-09-12 08:00:00
1726142400000,0.5372,0.5884,0.5356,0.5577,220281977.0,2024-09-12 12:00:00
1726156800000,0.5577,0.5637,0.5546,0.5632,40147299.0,2024-09-12 16:00:00
1726171200000,0.5632,0.5668,0.5608,0.5626,18009258.0,2024-09-12 20:00:00
1726185600000,0.5625,0.5637,0.5556,0.5611,33703572.0,2024-09-13 00:00:00
1726200000000,0.5611,0.5736,0.5597,0.5634,65395008.0,2024-09-13 04:00:00
1726214400000,0.5634,0.5688,0.5619,0.5628,42726702.0,2024-09-13 08:00:00
1726228800000,0.5627,0.5726,0.5623,0.5711,60387363.0,2024-09-13 12:00:00
1726243200000,0.571,0.5722,0.5663,0.5674,41502725.0,2024-09-13 16:00:00
1726257600000,0.5674,0.5745,0.5671,0.5728,26436189.0,2024-09-13 20:00:00
1726272000000,0.5727,0.5803,0.5704,0.5773,26360988.0,2024-09-14 00:00:00
1726286400000,0.5773,0.5804,0.5741,0.5791,21263659.0,2024-09-14 04:00:00
1726300800000,0.5791,0.5925,0.5782,0.5871,68096811.0,2024-09-14 08:00:00
1726315200000,0.587,0.5904,0.5829,0.587,40561939.0,2024-09-14 12:00:00
1726329600000,0.587,0.5945,0.5866,0.5911,33752226.0,2024-09-14 16:00:00
1726344000000,0.5911,0.5992,0.5899,0.5956,41464922.0,2024-09-14 20:00:00
1726358400000,0.5956,0.5958,0.5873,0.5879,21551821.0,2024-09-15 00:00:00
1726372800000,0.5879,0.5898,0.5854,0.5887,17599622.0,2024-09-15 04:00:00
1726387200000,0.5887,0.5906,0.5809,0.5835,21552665.0,2024-09-15 08:00:00
1726401600000,0.5834,0.5897,0.5825,0.5885,17431999.0,2024-09-15 12:00:00
1726416000000,0.5885,0.589,0.5818,0.5838,15948348.0,2024-09-15 16:00:00
1726430400000,0.5837,0.5841,0.5686,0.5706,32352641.0,2024-09-15 20:00:00
1726444800000,0.5706,0.5715,0.5598,0.5685,40907144.0,2024-09-16 00:00:00
1726459200000,0.5684,0.5752,0.5672,0.5721,46073625.0,2024-09-16 04:00:00
1726473600000,0.5721,0.5746,0.5688,0.5708,27140670.0,2024-09-16 08:00:00
1726488000000,0.5708,0.5741,0.5646,0.5686,40634874.0,2024-09-16 12:00:00
1726502400000,0.5686,0.5916,0.5685,0.5871,58657516.0,2024-09-16 16:00:00
1726516800000,0.5871,0.589,0.5784,0.5866,34417098.0,2024-09-16 20:00:00
1726531200000,0.5865,0.5887,0.5789,0.5868,31085991.0,2024-09-17 00:00:00
1726545600000,0.5867,0.5906,0.5834,0.5851,31479019.0,2024-09-17 04:00:00
1726560000000,0.5851,0.5886,0.5838,0.5845,22999356.0,2024-09-17 08:00:00
1726574400000,0.5845,0.5934,0.5803,0.5907,45330766.0,2024-09-17 12:00:00
1726588800000,0.5907,0.5908,0.5843,0.5892,24132063.0,2024-09-17 16:00:00
1726603200000,0.5891,0.5895,0.5833,0.5839,18017270.0,2024-09-17 20:00:00
1726617600000,0.5838,0.5838,0.5757,0.5805,29517853.0,2024-09-18 00:00:00
1726632000000,0.5805,0.5819,0.5753,0.5777,23048240.0,2024-09-18 04:00:00
1726646400000,0.5778,0.5783,0.5696,0.5729,34929385.0,2024-09-18 08:00:00
1726660800000,0.573,0.5731,0.562,0.5644,38654626.0,2024-09-18 12:00:00
1726675200000,0.5644,0.5816,0.5636,0.5749,57599328.0,2024-09-18 16:00:00
1726689600000,0.5748,0.5858,0.5713,0.5852,21069208.0,2024-09-18 20:00:00
1726704000000,0.5852,0.5899,0.581,0.5853,42712686.0,2024-09-19 00:00:00
1726718400000,0.5854,0.5885,0.5823,0.585,24854851.0,2024-09-19 04:00:00
1726732800000,0.585,0.5873,0.5813,0.5857,45432135.0,2024-09-19 08:00:00
1726747200000,0.5857,0.593,0.5834,0.5861,49893092.0,2024-09-19 12:00:00
1726761600000,0.5861,0.5945,0.5856,0.5897,37709742.0,2024-09-19 16:00:00
1726776000000,0.5896,0.5934,0.585,0.5868,21734421.0,2024-09-19 20:00:00
1726790400000,0.5868,0.5885,0.577,0.5885,37794494.0,2024-09-20 00:00:00
1726804800000,0.5884,0.593,0.5856,0.5909,49940120.0,2024-09-20 04:00:00
1726819200000,0.5909,0.5912,0.5837,0.5849,37986448.0,2024-09-20 08:00:00
1726833600000,0.5849,0.5878,0.5773,0.5799,43957326.0,2024-09-20 12:00:00
1726848000000,0.5799,0.5841,0.5763,0.5829,29116321.0,2024-09-20 16:00:00
1726862400000,0.5829,0.5882,0.5827,0.5851,18614048.0,2024-09-20 20:00:00
1726876800000,0.5851,0.5851,0.5802,0.5812,11790651.0,2024-09-21 00:00:00
1726891200000,0.5812,0.5836,0.58,0.5832,9071303.0,2024-09-21 04:00:00
1726905600000,0.5832,0.5855,0.5825,0.5844,10106824.0,2024-09-21 08:00:00
1726920000000,0.5845,0.5878,0.5831,0.5867,18792490.0,2024-09-21 12:00:00
1726934400000,0.5868,0.6128,0.5864,0.6001,74529818.0,2024-09-21 16:00:00
1726948800000,0.6001,0.6038,0.5947,0.5976,20673715.0,2024-09-21 20:00:00
1726963200000,0.5977,0.6053,0.5952,0.5987,34109933.0,2024-09-22 00:00:00
1726977600000,0.5987,0.6001,0.5931,0.5959,12668765.0,2024-09-22 04:00:00
1726992000000,0.596,0.597,0.5905,0.5928,15613189.0,2024-09-22 08:00:00
1727006400000,0.5929,0.5937,0.5842,0.5891,20271791.0,2024-09-22 12:00:00
1727020800000,0.589,0.5929,0.5854,0.5899,11503624.0,2024-09-22 16:00:00
1727035200000,0.59,0.5921,0.5778,0.5871,26205894.0,2024-09-22 20:00:00
1727049600000,0.5871,0.596,0.5787,0.5937,34216428.0,2024-09-23 00:00:00
1727064000000,0.5938,0.5955,0.5878,0.589,32504896.0,2024-09-23 04:00:00
1727078400000,0.589,0.5898,0.5837,0.5867,28231210.0,2024-09-23 08:00:00
1727092800000,0.5866,0.5903,0.584,0.588,35641051.0,2024-09-23 12:00:00
1727107200000,0.588,0.5893,0.5842,0.5877,16060124.0,2024-09-23 16:00:00
1727121600000,0.5876,0.5877,0.583,0.5847,14384997.0,2024-09-23 20:00:00
1727136000000,0.5848,0.587,0.5814,0.5854,20636265.0,2024-09-24 00:00:00
1727150400000,0.5855,0.5878,0.5834,0.5869,26380563.0,2024-09-24 04:00:00
1727164800000,0.587,0.5909,0.5864,0.588,34221814.0,2024-09-24 08:00:00
1727179200000,0.588,0.591,0.5814,0.5831,45268142.0,2024-09-24 12:00:00
1727193600000,0.5832,0.5918,0.5822,0.5912,23358447.0,2024-09-24 16:00:00
1727208000000,0.5912,0.5927,0.5884,0.5911,19368172.0,2024-09-24 20:00:00
1727222400000,0.5912,0.5957,0.5897,0.5934,38715425.0,2024-09-25 00:00:00
1727236800000,0.5934,0.594,0.5851,0.5875,38518670.0,2024-09-25 04:00:00
1727251200000,0.5876,0.5908,0.5862,0.5905,32365967.0,2024-09-25 08:00:00
1727265600000,0.5905,0.5922,0.5849,0.5852,34098982.0,2024-09-25 12:00:00
1727280000000,0.5852,0.5879,0.5829,0.5849,24107764.0,2024-09-25 16:00:00
1727294400000,0.5848,0.5875,0.5824,0.5831,12125193.0,2024-09-25 20:00:00
1727308800000,0.5831,0.5846,0.5739,0.5821,50952231.0,2024-09-26 00:00:00
1727323200000,0.5821,0.5893,0.5818,0.5883,39302361.0,2024-09-26 04:00:00
1727337600000,0.5882,0.5912,0.5857,0.5897,36598789.0,2024-09-26 08:00:00
1727352000000,0.5898,0.5941,0.5878,0.5928,48197707.0,2024-09-26 12:00:00
1727366400000,0.5928,0.5964,0.5908,0.5926,30805001.0,2024-09-26 16:00:00
1727380800000,0.5925,0.5938,0.587,0.5905,20625212.0,2024-09-26 20:00:00
1727395200000,0.5905,0.5911,0.5824,0.5864,44205333.0,2024-09-27 00:00:00
1727409600000,0.5865,0.5927,0.5863,0.5893,30736542.0,2024-09-27 04:00:00
1727424000000,0.5893,0.5922,0.5856,0.5871,37806826.0,2024-09-27 08:00:00
1727438400000,0.5871,0.5972,0.587,0.5881,58731707.0,2024-09-27 12:00:00
1727452800000,0.5881,0.5916,0.5858,0.5869,31339830.0,2024-09-27 16:00:00
1727467200000,0.5869,0.5897,0.584,0.5888,19999259.0,2024-09-27 20:00:00
1727481600000,0.5889,0.593,0.588,0.5907,15050687.0,2024-09-28 00:00:00
1727496000000,0.5907,0.6121,0.5856,0.608,74820551.0,2024-09-28 04:00:00
1727510400000,0.608,0.6235,0.5961,0.6169,174434489.0,2024-09-28 08:00:00
1727524800000,0.617,0.6246,0.6113,0.6176,83230714.0,2024-09-28 12:00:00
1727539200000,0.6176,0.6259,0.6156,0.6226,57613824.0,2024-09-28 16:00:00
1727553600000,0.6227,0.624,0.6122,0.6138,37370100.0,2024-09-28 20:00:00
1727568000000,0.6139,0.6166,0.6076,0.6132,30065662.0,2024-09-29 00:00:00
1727582400000,0.6131,0.6327,0.6106,0.6285,73948987.0,2024-09-29 04:00:00
1727596800000,0.6285,0.6306,0.621,0.6243,41731086.0,2024-09-29 08:00:00
1727611200000,0.6242,0.6649,0.6211,0.6595,168584048.0,2024-09-29 12:00:00
1727625600000,0.6595,0.6615,0.6486,0.6524,74274189.0,2024-09-29 16:00:00
1727640000000,0.6525,0.6525,0.6367,0.6412,53745624.0,2024-09-29 20:00:00
1727654400000,0.6412,0.6516,0.635,0.6449,86862578.0,2024-09-30 00:00:00
1727668800000,0.645,0.654,0.6352,0.6453,70838311.0,2024-09-30 04:00:00
1727683200000,0.6452,0.6548,0.6252,0.6299,95406394.0,2024-09-30 08:00:00
1727697600000,0.6298,0.6369,0.6172,0.6175,72399176.0,2024-09-30 12:00:00
1727712000000,0.6176,0.6241,0.6168,0.6227,37714271.0,2024-09-30 16:00:00
1727726400000,0.6227,0.625,0.6088,0.6114,33433646.0,2024-09-30 20:00:00
1727740800000,0.6114,0.6252,0.6102,0.6231,35870527.0,2024-10-01 00:00:00
1727755200000,0.623,0.6293,0.618,0.6285,45192660.0,2024-10-01 04:00:00
1727769600000,0.6286,0.6342,0.6257,0.6287,39029974.0,2024-10-01 08:00:00
1727784000000,0.6287,0.6303,0.5935,0.612,154974717.0,2024-10-01 12:00:00
1727798400000,0.6119,0.6274,0.5778,0.6105,217554048.0,2024-10-01 16:00:00
1727812800000,0.6106,0.6196,0.5883,0.5967,86888221.0,2024-10-01 20:00:00
1727827200000,0.5968,0.6069,0.5941,0.6026,52033682.0,2024-10-02 00:00:00
1727841600000,0.6027,0.6052,0.5952,0.6005,49492495.0,2024-10-02 04:00:00
1727856000000,0.6004,0.6033,0.5791,0.5858,94064326.0,2024-10-02 08:00:00
1727870400000,0.5857,0.5928,0.5762,0.5846,112784112.0,2024-10-02 12:00:00
1727884800000,0.5845,0.59,0.5583,0.5753,89801966.0,2024-10-02 16:00:00
1727899200000,0.5752,0.5782,0.5267,0.5383,235898089.0,2024-10-02 20:00:00
1727913600000,0.5383,0.5445,0.5232,0.5377,119969690.0,2024-10-03 00:00:00
1727928000000,0.5377,0.542,0.5186,0.5188,102007449.0,2024-10-03 04:00:00
1727942400000,0.5188,0.5257,0.5068,0.5173,130525650.0,2024-10-03 08:00:00
1727956800000,0.5172,0.528,0.5117,0.5226,113088261.0,2024-10-03 12:00:00
1727971200000,0.5226,0.53,0.5117,0.5272,70971205.0,2024-10-03 16:00:00
1727985600000,0.5272,0.5274,0.5211,0.5217,26317318.0,2024-10-03 20:00:00
1728000000000,0.5218,0.5289,0.51,0.5247,59755787.0,2024-10-04 00:00:00
1728014400000,0.5247,0.53,0.5199,0.5241,48006476.0,2024-10-04 04:00:00
1728028800000,0.524,0.5278,0.5218,0.5251,49536916.0,2024-10-04 08:00:00
1728043200000,0.525,0.528,0.5155,0.5219,95607919.0,2024-10-04 12:00:00
1728057600000,0.522,0.539,0.5213,0.536,62565442.0,2024-10-04 16:00:00
1728072000000,0.5359,0.5362,0.5317,0.534,26368073.0,2024-10-04 20:00:00
1728086400000,0.534,0.5352,0.5266,0.5277,22101115.0,2024-10-05 00:00:00
1728100800000,0.5277,0.5347,0.5267,0.533,19749057.0,2024-10-05 04:00:00
1728115200000,0.5329,0.5352,0.5309,0.5314,12026056.0,2024-10-05 08:00:00
1728129600000,0.5314,0.5329,0.5285,0.5304,19695209.0,2024-10-05 12:00:00
1728144000000,0.5304,0.5352,0.526,0.5338,21347897.0,2024-10-05 16:00:00
1728158400000,0.5338,0.5345,0.5268,0.5294,12089831.0,2024-10-05 20:00:00
1728172800000,0.5294,0.533,0.5279,0.5291,9023534.0,2024-10-06 00:00:00
1728187200000,0.5292,0.5325,0.5285,0.5311,9237091.0,2024-10-06 04:00:00
1728201600000,0.5311,0.532,0.5284,0.5307,12686582.0,2024-10-06 08:00:00
1728216000000,0.5308,0.5369,0.5301,0.5369,27582994.0,2024-10-06 12:00:00
1728230400000,0.5368,0.5372,0.5317,0.532,18620904.0,2024-10-06 16:00:00
1728244800000,0.532,0.5344,0.5295,0.5336,13163716.0,2024-10-06 20:00:00
1728259200000,0.5336,0.5445,0.5323,0.5407,42770423.0,2024-10-07 00:00:00
1728273600000,0.5407,0.5434,0.5396,0.5403,34086033.0,2024-10-07 04:00:00
1728288000000,0.5403,0.5422,0.5307,0.5374,39082185.0,2024-10-07 08:00:00
1728302400000,0.5374,0.545,0.5357,0.5412,64384213.0,2024-10-07 12:00:00
1728316800000,0.5411,0.5459,0.5346,0.5403,38701516.0,2024-10-07 16:00:00
1728331200000,0.5403,0.5404,0.5286,0.5286,27459525.0,2024-10-07 20:00:00
1728345600000,0.5287,0.5337,0.5286,0.5324,20005245.0,2024-10-08 00:00:00
1728360000000,0.5324,0.5345,0.5247,0.5272,41902945.0,2024-10-08 04:00:00
1728374400000,0.5273,0.5317,0.5261,0.5312,26274503.0,2024-10-08 08:00:00
1728388800000,0.5312,0.5323,0.5209,0.5247,35590564.0,2024-10-08 12:00:00
1728403200000,0.5247,0.5308,0.5231,0.5301,19103370.0,2024-10-08 16:00:00
1728417600000,0.53,0.5358,0.5289,0.531,21324463.0,2024-10-08 20:00:00
1728432000000,0.531,0.5346,0.5292,0.5333,29880523.0,2024-10-09 00:00:00
1728446400000,0.5332,0.5344,0.529,0.5309,27028176.0,2024-10-09 04:00:00
1728460800000,0.5309,0.5345,0.529,0.5326,23354032.0,2024-10-09 08:00:00
1728475200000,0.5326,0.5327,0.5261,0.5317,39725522.0,2024-10-09 12:00:00
1728489600000,0.5317,0.5338,0.5283,0.5301,23436514.0,2024-10-09 16:00:00
1728504000000,0.5301,0.5305,0.521,0.5245,26262312.0,2024-10-09 20:00:00
1728518400000,0.5245,0.5291,0.5228,0.5274,24614142.0,2024-10-10 00:00:00
1728532800000,0.5274,0.5286,0.5252,0.5258,26702597.0,2024-10-10 04:00:00
1728547200000,0.5258,0.53,0.5231,0.5299,28496167.0,2024-10-10 08:00:00
1728561600000,0.5299,0.545,0.5272,0.5356,115649944.0,2024-10-10 12:00:00
1728576000000,0.5355,0.5399,0.5243,0.5263,53105599.0,2024-10-10 16:00:00
1728590400000,0.5262,0.531,0.5249,0.5305,18439652.0,2024-10-10 20:00:00
1728604800000,0.5305,0.5365,0.5296,0.5352,33436424.0,2024-10-11 00:00:00
1728619200000,0.5352,0.5412,0.533,0.5383,29792931.0,2024-10-11 04:00:00
1728633600000,0.5384,0.5409,0.5346,0.5356,38697606.0,2024-10-11 08:00:00
1728648000000,0.5356,0.5386,0.5338,0.5382,53186405.0,2024-10-11 12:00:00
1728662400000,0.5383,0.5419,0.5363,0.5414,27153548.0,2024-10-11 16:00:00
1728676800000,0.5415,0.5417,0.5378,0.5388,14462159.0,2024-10-11 20:00:00
1728691200000,0.5387,0.5394,0.5353,0.5361,12184073.0,2024-10-12 00:00:00
1728705600000,0.5361,0.5388,0.5359,0.5381,10114633.0,2024-10-12 04:00:00
1728720000000,0.5382,0.5418,0.5378,0.5394,16291949.0,2024-10-12 08:00:00
1728734400000,0.5393,0.5432,0.5387,0.5416,22570746.0,2024-10-12 12:00:00
1728748800000,0.5417,0.5423,0.537,0.5383,13942490.0,2024-10-12 16:00:00
1728763200000,0.5383,0.5402,0.5373,0.5393,8783288.0,2024-10-12 20:00:00
1728777600000,0.5393,0.5395,0.5355,0.5361,11651791.0,2024-10-13 00:00:00
1728792000000,0.5361,0.538,0.536,0.5366,7211084.0,2024-10-13 04:00:00
1728806400000,0.5365,0.5373,0.531,0.5312,21369548.0,2024-10-13 08:00:00
1728820800000,0.5312,0.5333,0.5255,0.528,27446264.0,2024-10-13 12:00:00
1728835200000,0.5281,0.5308,0.5252,0.5273,11976032.0,2024-10-13 16:00:00
1728849600000,0.5274,0.5321,0.5265,0.5321,14404740.0,2024-10-13 20:00:00
1728864000000,0.5321,0.54,0.5282,0.5384,29842049.0,2024-10-14 00:00:00
1728878400000,0.5385,0.5398,0.5359,0.539,35847046.0,2024-10-14 04:00:00
1728892800000,0.5389,0.542,0.5369,0.5388,40784955.0,2024-10-14 08:00:00
1728907200000,0.5389,0.5524,0.5378,0.5491,63034935.0,2024-10-14 12:00:00
1728921600000,0.5492,0.5508,0.5447,0.5472,27865778.0,2024-10-14 16:00:00
1728936000000,0.5471,0.5496,0.544,0.5483,22023174.0,2024-10-14 20:00:00
1728950400000,0.5484,0.5556,0.5464,0.5476,36947237.0,2024-10-15 00:00:00
1728964800000,0.5475,0.5502,0.5422,0.5457,35956286.0,2024-10-15 04:00:00
1728979200000,0.5458,0.547,0.5343,0.5362,66174593.0,2024-10-15 08:00:00
1728993600000,0.5362,0.5491,0.5315,0.539,93801696.0,2024-10-15 12:00:00
1729008000000,0.5391,0.546,0.5385,0.544,28970264.0,2024-10-15 16:00:00
1729022400000,0.544,0.5442,0.5367,0.5417,21718561.0,2024-10-15 20:00:00
1729036800000,0.5417,0.545,0.5394,0.5428,30756379.0,2024-10-16 00:00:00
1729051200000,0.5427,0.5443,0.5375,0.539,34888383.0,2024-10-16 04:00:00
1729065600000,0.539,0.5458,0.5385,0.5441,34379816.0,2024-10-16 08:00:00
1729080000000,0.5442,0.5525,0.5427,0.5477,68345088.0,2024-10-16 12:00:00
1729094400000,0.5477,0.5538,0.5462,0.5527,30347993.0,2024-10-16 16:00:00
1729108800000,0.5526,0.5538,0.5476,0.5482,23567843.0,2024-10-16 20:00:00
1729123200000,0.5481,0.5501,0.5456,0.5495,30989328.0,2024-10-17 00:00:00
1729137600000,0.5494,0.5666,0.5492,0.5546,105703104.0,2024-10-17 04:00:00
1729152000000,0.5546,0.5591,0.5508,0.5525,58350041.0,2024-10-17 08:00:00
1729166400000,0.5525,0.5576,0.5474,0.5537,55448728.0,2024-10-17 12:00:00
1729180800000,0.5537,0.5538,0.5419,0.5443,45169833.0,2024-10-17 16:00:00
1729195200000,0.5443,0.5482,0.5431,0.5441,16442579.0,2024-10-17 20:00:00
1729209600000,0.5441,0.5469,0.5397,0.5434,43939030.0,2024-10-18 00:00:00
1729224000000,0.5435,0.553,0.5422,0.5499,37588206.0,2024-10-18 04:00:00
1729238400000,0.5498,0.5532,0.5462,0.5463,41027204.0,2024-10-18 08:00:00
1729252800000,0.5464,0.5476,0.5428,0.5458,55710757.0,2024-10-18 12:00:00
1729267200000,0.5458,0.5489,0.5434,0.5465,30864945.0,2024-10-18 16:00:00
1729281600000,0.5465,0.5473,0.5446,0.5465,10637367.0,2024-10-18 20:00:00
1729296000000,0.5465,0.55,0.5453,0.5476,22991103.0,2024-10-19 00:00:00
1729310400000,0.5476,0.5488,0.5456,0.5462,14207591.0,2024-10-19 04:00:00
1729324800000,0.5463,0.5477,0.543,0.5433,14285689.0,2024-10-19 08:00:00
1729339200000,0.5434,0.5456,0.5432,0.5444,11199911.0,2024-10-19 12:00:00
1729353600000,0.5444,0.5444,0.5406,0.5414,18841893.0,2024-10-19 16:00:00
1729368000000,0.5414,0.5449,0.541,0.544,8618292.0,2024-10-19 20:00:00
1729382400000,0.544,0.5447,0.5415,0.543,7493630.0,2024-10-20 00:00:00
1729396800000,0.543,0.5437,0.5395,0.5404,14134909.0,2024-10-20 04:00:00
1729411200000,0.5404,0.5422,0.5366,0.5411,23603614.0,2024-10-20 08:00:00
1729425600000,0.5412,0.545,0.5371,0.5446,31363624.0,2024-10-20 12:00:00
1729440000000,0.5447,0.5457,0.5416,0.5425,14027852.0,2024-10-20 16:00:00
1729454400000,0.5426,0.549,0.5423,0.5482,26838321.0,2024-10-20 20:00:00
1729468800000,0.5482,0.5506,0.5453,0.5478,28999926.0,2024-10-21 00:00:00
1729483200000,0.5479,0.5547,0.5463,0.5485,67370680.0,2024-10-21 04:00:00
1729497600000,0.5486,0.5608,0.5485,0.5537,89082552.0,2024-10-21 08:00:00
1729512000000,0.5538,0.5551,0.5422,0.5464,57644216.0,2024-10-21 12:00:00
1729526400000,0.5463,0.5482,0.5409,0.5477,27351007.0,2024-10-21 16:00:00
1729540800000,0.5478,0.5482,0.544,0.5449,12880145.0,2024-10-21 20:00:00
1729555200000,0.5449,0.5465,0.5394,0.5433,27669576.0,2024-10-22 00:00:00
1729569600000,0.5434,0.5498,0.5431,0.5473,32033734.0,2024-10-22 04:00:00
1729584000000,0.5473,0.5474,0.5308,0.5343,90634199.0,2024-10-22 08:00:00
1729598400000,0.5342,0.5357,0.5291,0.5335,50170786.0,2024-10-22 12:00:00
1729612800000,0.5335,0.5362,0.5304,0.5342,21310760.0,2024-10-22 16:00:00
1729627200000,0.5342,0.5367,0.5322,0.5339,28387534.0,2024-10-22 20:00:00
1729641600000,0.5338,0.5341,0.5302,0.5314,25260709.0,2024-10-23 00:00:00
1729656000000,0.5315,0.5321,0.5258,0.5268,38728082.0,2024-10-23 04:00:00
1729670400000,0.5268,0.5286,0.5227,0.5268,40431848.0,2024-10-23 08:00:00
1729684800000,0.5268,0.529,0.5221,0.5239,31174179.0,2024-10-23 12:00:00
1729699200000,0.524,0.5243,0.5117,0.5219,61571207.0,2024-10-23 16:00:00
1729713600000,0.522,0.5268,0.5211,0.5258,13980603.0,2024-10-23 20:00:00
1729728000000,0.5259,0.5305,0.5255,0.5285,32679685.0,2024-10-24 00:00:00
1729742400000,0.5285,0.5335,0.5278,0.529,40341538.0,2024-10-24 04:00:00
1729756800000,0.5289,0.5301,0.5241,0.5279,51656082.0,2024-10-24 08:00:00
1729771200000,0.5279,0.5315,0.5277,0.5293,42396678.0,2024-10-24 12:00:00
1729785600000,0.5292,0.5329,0.5279,0.5328,16346955.0,2024-10-24 16:00:00
1729800000000,0.5327,0.5338,0.5309,0.532,12419255.0,2024-10-24 20:00:00
1729814400000,0.532,0.5322,0.528,0.5289,19700883.0,2024-10-25 00:00:00
1729828800000,0.529,0.5292,0.5202,0.5239,48265311.0,2024-10-25 04:00:00
1729843200000,0.5239,0.5279,0.5216,0.5265,30450525.0,2024-10-25 08:00:00
1729857600000,0.5265,0.5278,0.5208,0.5225,40991872.0,2024-10-25 12:00:00
1729872000000,0.5224,0.5238,0.5096,0.5152,67670693.0,2024-10-25 16:00:00
1729886400000,0.5152,0.5185,0.486,0.5022,143825743.0,2024-10-25 20:00:00
1729900800000,0.5022,0.5123,0.4989,0.5121,47219841.0,2024-10-26 00:00:00
1729915200000,0.5122,0.5154,0.5117,0.5141,19391471.0,2024-10-26 04:00:00
1729929600000,0.5141,0.5153,0.5131,0.5144,12910369.0,2024-10-26 08:00:00
1729944000000,0.5143,0.5149,0.5057,0.5092,24346879.0,2024-10-26 12:00:00
1729958400000,0.5093,0.5134,0.5091,0.5129,10317875.0,2024-10-26 16:00:00
1729972800000,0.5129,0.5151,0.5118,0.5134,7641574.0,2024-10-26 20:00:00
1729987200000,0.5135,0.5168,0.512,0.5162,8437857.0,2024-10-27 00:00:00
1730001600000,0.5162,0.5165,0.5144,0.5149,5956497.0,2024-10-27 04:00:00
1730016000000,0.5149,0.5155,0.5108,0.5121,14845946.0,2024-10-27 08:00:00
1730030400000,0.5122,0.5173,0.5121,0.5173,12959971.0,2024-10-27 12:00:00
1730044800000,0.5173,0.5179,0.5135,0.5152,11010443.0,2024-10-27 16:00:00
1730059200000,0.5152,0.518,0.5134,0.5168,12524284.0,2024-10-27 20:00:00
1730073600000,0.5168,0.5175,0.5127,0.5133,17567212.0,2024-10-28 00:00:00
1730088000000,0.5133,0.5189,0.5115,0.5163,22265191.0,2024-10-28 04:00:00
1730102400000,0.5163,0.5214,0.5161,0.5197,39963635.0,2024-10-28 08:00:00
1730116800000,0.5198,0.5217,0.5137,0.5139,34073087.0,2024-10-28 12:00:00
1730131200000,0.5138,0.5191,0.5113,0.5176,25183186.0,2024-10-28 16:00:00
1730145600000,0.5176,0.5214,0.5163,0.5195,20452379.0,2024-10-28 20:00:00
1730160000000,0.5195,0.5265,0.5185,0.5234,41118680.0,2024-10-29 00:00:00
1730174400000,0.5235,0.5284,0.5229,0.5259,36209457.0,2024-10-29 04:00:00
1730188800000,0.5258,0.5268,0.5231,0.5258,27799656.0,2024-10-29 08:00:00
1730203200000,0.5258,0.5293,0.5236,0.5259,45949930.0,2024-10-29 12:00:00
1730217600000,0.5258,0.5305,0.5251,0.5262,47789431.0,2024-10-29 16:00:00
1730232000000,0.5262,0.5289,0.5214,0.5284,21996676.0,2024-10-29 20:00:00
1730246400000,0.5285,0.5285,0.5227,0.5256,34420375.0,2024-10-30 00:00:00
1730260800000,0.5257,0.5266,0.523,0.5238,30356393.0,2024-10-30 04:00:00
1730275200000,0.5237,0.5256,0.5205,0.5208,27926194.0,2024-10-30 08:00:00
1730289600000,0.5208,0.526,0.5194,0.5233,45411203.0,2024-10-30 12:00:00
1730304000000,0.5233,0.5242,0.5214,0.5223,23468834.0,2024-10-30 16:00:00
1730318400000,0.5222,0.5255,0.5207,0.5229,15972670.0,2024-10-30 20:00:00
1730332800000,0.5229,0.5238,0.5191,0.5216,19158770.0,2024-10-31 00:00:00
1730347200000,0.5217,0.5221,0.5163,0.5178,29595610.0,2024-10-31 04:00:00
1730361600000,0.5177,0.5209,0.5152,0.5186,33746891.0,2024-10-31 08:00:00
1730376000000,0.5186,0.5195,0.5076,0.5108,51352651.0,2024-10-31 12:00:00
1730390400000,0.5109,0.5123,0.5031,0.5062,46165990.0,2024-10-31 16:00:00
1730404800000,0.5062,0.5114,0.5059,0.5095,15043913.0,2024-10-31 20:00:00
1730419200000,0.5096,0.5193,0.5025,0.5193,44469293.0,2024-11-01 00:00:00
1730433600000,0.5193,0.5216,0.5093,0.512,40638296.0,2024-11-01 04:00:00
1730448000000,0.512,0.5244,0.5111,0.5189,64943752.0,2024-11-01 08:00:00
1730462400000,0.519,0.5237,0.5116,0.5162,64637544.0,2024-11-01 12:00:00
1730476800000,0.5162,0.5223,0.5124,0.5163,43777877.0,2024-11-01 16:00:00
1730491200000,0.5162,0.5171,0.5077,0.5131,18677585.0,2024-11-01 20:00:00
1730505600000,0.513,0.516,0.5124,0.5142,9270587.0,2024-11-02 00:00:00
1730520000000,0.5143,0.5153,0.5113,0.5129,10500714.0,2024-11-02 04:00:00
1730534400000,0.513,0.513,0.5104,0.5113,10098051.0,2024-11-02 08:00:00
1730548800000,0.5113,0.5129,0.5063,0.5104,21202506.0,2024-11-02 12:00:00
1730563200000,0.5105,0.5116,0.5077,0.51,11392815.0,2024-11-02 16:00:00
1730577600000,0.5099,0.5104,0.5078,0.5103,6214647.0,2024-11-02 20:00:00
1730592000000,0.5103,0.5111,0.4977,0.5021,42100652.0,2024-11-03 00:00:00
1730606400000,0.502,0.5072,0.5018,0.5058,10103583.0,2024-11-03 04:00:00
1730620800000,0.5059,0.5059,0.5014,0.5027,19497722.0,2024-11-03 08:00:00
1730635200000,0.5027,0.5037,0.4917,0.4971,65091840.0,2024-11-03 12:00:00
1730649600000,0.497,0.5009,0.4931,0.5007,25954648.0,2024-11-03 16:00:00
1730664000000,0.5006,0.5047,0.4998,0.503,13264038.0,2024-11-03 20:00:00
1730678400000,0.503,0.5082,0.5005,0.5072,24000153.0,2024-11-04 00:00:00
1730692800000,0.5073,0.5087,0.5039,0.5056,34385160.0,2024-11-04 04:00:00
1730707200000,0.5055,0.5147,0.5046,0.5119,40232979.0,2024-11-04 08:00:00
1730721600000,0.5119,0.5127,0.5084,0.5103,29047716.0,2024-11-04 12:00:00
1730736000000,0.5104,0.5138,0.5062,0.5065,35438036.0,2024-11-04 16:00:00
1730750400000,0.5064,0.5078,0.4957,0.5035,48155430.0,2024-11-04 20:00:00
1730764800000,0.5035,0.506,0.5019,0.5055,17815001.0,2024-11-05 00:00:00
1730779200000,0.5055,0.5153,0.5045,0.5148,26769890.0,2024-11-05 04:00:00
1730793600000,0.5148,0.5191,0.5088,0.5092,45336515.0,2024-11-05 08:00:00
1730808000000,0.5091,0.5145,0.5058,0.5099,44957247.0,2024-11-05 12:00:00
1730822400000,0.5099,0.5148,0.5067,0.508,35250266.0,2024-11-05 16:00:00
1730836800000,0.508,0.5155,0.5066,0.514,20582897.0,2024-11-05 20:00:00
1730851200000,0.514,0.5377,0.514,0.534,96672508.0,2024-11-06 00:00:00
1730865600000,0.534,0.5428,0.5301,0.5363,132189577.0,2024-11-06 04:00:00
1730880000000,0.5363,0.5375,0.5264,0.5344,78185232.0,2024-11-06 08:00:00
1730894400000,0.5343,0.5359,0.5272,0.5307,48009829.0,2024-11-06 12:00:00
1730908800000,0.5307,0.5363,0.5302,0.5363,38875520.0,2024-11-06 16:00:00
1730923200000,0.5362,0.5469,0.5355,0.5418,58361403.0,2024-11-06 20:00:00
1730937600000,0.5418,0.5785,0.5377,0.5596,114116382.0,2024-11-07 00:00:00
1730952000000,0.5596,0.5627,0.55,0.5556,60928488.0,2024-11-07 04:00:00
1730966400000,0.5555,0.557,0.5466,0.5472,45351647.0,2024-11-07 08:00:00
1730980800000,0.5471,0.5501,0.5404,0.5499,58883902.0,2024-11-07 12:00:00
1730995200000,0.5498,0.5556,0.5485,0.5548,43430940.0,2024-11-07 16:00:00
1731009600000,0.5548,0.5581,0.5503,0.5556,25816859.0,2024-11-07 20:00:00
1731024000000,0.5556,0.56,0.5476,0.5496,34172411.0,2024-11-08 00:00:00
1731038400000,0.5496,0.5528,0.5465,0.5505,36676687.0,2024-11-08 04:00:00
1731052800000,0.5506,0.5524,0.546,0.5504,45712808.0,2024-11-08 08:00:00
1731067200000,0.5504,0.5579,0.5491,0.5523,61262396.0,2024-11-08 12:00:00
1731081600000,0.5522,0.555,0.5413,0.551,54718428.0,2024-11-08 16:00:00
1731096000000,0.551,0.5545,0.5463,0.5537,28612473.0,2024-11-08 20:00:00
1731110400000,0.5537,0.554,0.5454,0.5464,34506995.0,2024-11-09 00:00:00
1731124800000,0.5464,0.5557,0.5462,0.553,42686839.0,2024-11-09 04:00:00
1731139200000,0.5531,0.5568,0.5509,0.5531,43374381.0,2024-11-09 08:00:00
1731153600000,0.553,0.5533,0.5446,0.5482,33583620.0,2024-11-09 12:00:00
1731168000000,0.5482,0.5521,0.5436,0.55,33307719.0,2024-11-09 16:00:00
1731182400000,0.5499,0.562,0.5491,0.5593,43519416.0,2024-11-09 20:00:00
1731196800000,0.5592,0.5748,0.5555,0.5713,96563126.0,2024-11-10 00:00:00
1731211200000,0.5713,0.5924,0.5704,0.5853,126152471.0,2024-11-10 04:00:00
1731225600000,0.5853,0.5879,0.5812,0.5864,59356920.0,2024-11-10 08:00:00
1731240000000,0.5864,0.6187,0.582,0.6046,217979822.0,2024-11-10 12:00:00
1731254400000,0.6047,0.6163,0.5915,0.5957,103106848.0,2024-11-10 16:00:00
1731268800000,0.5957,0.5983,0.5624,0.5884,109662808.0,2024-11-10 20:00:00
1731283200000,0.5885,0.5989,0.5847,0.5943,67162047.0,2024-11-11 00:00:00
1731297600000,0.5943,0.5961,0.5703,0.5773,85821862.0,2024-11-11 04:00:00
1731312000000,0.5773,0.5878,0.5764,0.5874,61034718.0,2024-11-11 08:00:00
1731326400000,0.5874,0.5958,0.5758,0.5904,91095064.0,2024-11-11 12:00:00
1731340800000,0.5905,0.5987,0.5877,0.5987,99972358.0,2024-11-11 16:00:00
1731355200000,0.5986,0.633,0.5983,0.6207,255998356.0,2024-11-11 20:00:00
1731369600000,0.6208,0.6216,0.5968,0.6059,156767964.0,2024-11-12 00:00:00
1731384000000,0.6059,0.6176,0.597,0.6158,143348693.0,2024-11-12 04:00:00
1731398400000,0.6159,0.6989,0.6062,0.6472,593612230.0,2024-11-12 08:00:00
1731412800000,0.6472,0.7032,0.6252,0.6787,350496272.0,2024-11-12 12:00:00
1731427200000,0.6787,0.7051,0.6628,0.6924,244433291.0,2024-11-12 16:00:00
1731441600000,0.6924,0.7398,0.6918,0.704,288195562.0,2024-11-12 20:00:00
1731456000000,0.7042,0.7407,0.6661,0.667,258322172.0,2024-11-13 00:00:00
1731470400000,0.6671,0.6769,0.64,0.6609,193107715.0,2024-11-13 04:00:00
1731484800000,0.661,0.6774,0.652,0.6765,158521903.0,2024-11-13 08:00:00
1731499200000,0.6766,0.7202,0.664,0.7125,285601081.0,2024-11-13 12:00:00
1731513600000,0.7126,0.748,0.6788,0.6812,217705194.0,2024-11-13 16:00:00
1731528000000,0.681,0.6936,0.6687,0.6898,95287656.0,2024-11-13 20:00:00
1731542400000,0.6897,0.7048,0.6822,0.6969,135534954.0,2024-11-14 00:00:00
1731556800000,0.6968,0.708,0.6829,0.6985,94475630.0,2024-11-14 04:00:00
1731571200000,0.6985,0.722,0.6979,0.718,137991277.0,2024-11-14 08:00:00
1731585600000,0.7179,0.7548,0.7,0.7136,304045402.0,2024-11-14 12:00:00
1731600000000,0.7135,0.8,0.7056,0.7902,294772620.0,2024-11-14 16:00:00
1731614400000,0.7901,0.8473,0.7553,0.7736,382533909.0,2024-11-14 20:00:00
1731628800000,0.7736,0.8312,0.7704,0.8208,209624657.0,2024-11-15 00:00:00
1731643200000,0.8209,0.8398,0.7831,0.7858,185215276.0,2024-11-15 04:00:00
1731657600000,0.7859,0.8342,0.7731,0.8271,152208393.0,2024-11-15 08:00:00
1731672000000,0.827,0.916,0.816,0.8659,487502523.0,2024-11-15 12:00:00
1731686400000,0.866,0.8983,0.8592,0.8979,165837601.0,2024-11-15 16:00:00
1731700800000,0.8979,0.9279,0.8672,0.8922,213042441.0,2024-11-15 20:00:00
1731715200000,0.8921,0.919,0.8778,0.908,119145143.0,2024-11-16 00:00:00
1731729600000,0.9081,0.9842,0.9051,0.972,279762388.0,2024-11-16 04:00:00
1731744000000,0.9719,1.089,0.9607,1.0493,502529850.0,2024-11-16 08:00:00
1731758400000,1.0493,1.2698,1.018,1.1096,844264072.0,2024-11-16 12:00:00
1731772800000,1.1094,1.2133,1.0839,1.1862,380454942.0,2024-11-16 16:00:00
1731787200000,1.1863,1.2025,1.1034,1.1209,246874385.0,2024-11-16 20:00:00
1731801600000,1.1208,1.1603,1.0367,1.0607,275774172.0,2024-11-17 00:00:00
1731816000000,1.0607,1.0899,1.0026,1.0681,321978154.0,2024-11-17 04:00:00
1731830400000,1.0682,1.1018,1.035,1.0366,199592342.0,2024-11-17 08:00:00
1731844800000,1.0365,1.1476,1.0364,1.0839,238485654.0,2024-11-17 12:00:00
1731859200000,1.0839,1.0901,1.0323,1.0352,120239362.0,2024-11-17 16:00:00
1731873600000,1.0353,1.0717,1.0315,1.0543,89744674.0,2024-11-17 20:00:00
1731888000000,1.0545,1.14,1.0543,1.118,162762732.0,2024-11-18 00:00:00
1731902400000,1.118,1.1865,1.1138,1.1701,207372827.0,2024-11-18 04:00:00
1731916800000,1.1702,1.1746,1.1104,1.1193,147975034.0,2024-11-18 08:00:00
1731931200000,1.1193,1.1758,1.1045,1.1665,162860551.0,2024-11-18 12:00:00
1731945600000,1.1665,1.1669,1.0747,1.0895,160262981.0,2024-11-18 16:00:00
1731960000000,1.0895,1.14,1.0806,1.1137,100110364.0,2024-11-18 20:00:00
1731974400000,1.1138,1.148,1.1113,1.1377,71747653.0,2024-11-19 00:00:00
1731988800000,1.1377,1.1409,1.0978,1.1023,90886095.0,2024-11-19 04:00:00
1732003200000,1.1023,1.1074,1.0816,1.1004,82437261.0,2024-11-19 08:00:00
1732017600000,1.1003,1.123,1.0688,1.0963,125821208.0,2024-11-19 12:00:00
1732032000000,1.0964,1.1168,1.084,1.1056,91802863.0,2024-11-19 16:00:00
1732046400000,1.1055,1.1172,1.071,1.1003,99983814.0,2024-11-19 20:00:00
1732060800000,1.1004,1.1149,1.0556,1.0784,93216776.0,2024-11-20 00:00:00
1732075200000,1.0785,1.0934,1.0677,1.0814,58053248.0,2024-11-20 04:00:00
1732089600000,1.0814,1.14,1.0759,1.1202,132014122.0,2024-11-20 08:00:00
1732104000000,1.1201,1.151,1.1104,1.1208,140854127.0,2024-11-20 12:00:00
1732118400000,1.1208,1.1306,1.065,1.0832,116123657.0,2024-11-20 16:00:00
1732132800000,1.0832,1.12,1.0755,1.1041,69542728.0,2024-11-20 20:00:00
1732147200000,1.1042,1.1307,1.0774,1.0957,102598615.0,2024-11-21 00:00:00
1732161600000,1.0956,1.1318,1.0851,1.1097,95747170.0,2024-11-21 04:00:00
1732176000000,1.1097,1.1358,1.1067,1.1109,95636974.0,2024-11-21 08:00:00
1732190400000,1.1108,1.1577,1.0953,1.1034,187375627.0,2024-11-21 12:00:00
1732204800000,1.1035,1.2388,1.0989,1.1717,396422081.0,2024-11-21 16:00:00
1732219200000,1.1717,1.2643,1.1652,1.247,173008510.0,2024-11-21 20:00:00
1732233600000,1.2471,1.4095,1.247,1.3841,421670994.0,2024-11-22 00:00:00
1732248000000,1.384,1.4332,1.3608,1.3635,244730298.35,2024-11-22 04:00:00
1732262400000,1.3635,1.4753,1.3634,1.4658,206847279.45,2024-11-22 08:00:00
1732276800000,1.4659,1.5,1.35,1.4416,420744858.18,2024-11-22 12:00:00
1732291200000,1.4417,1.4915,1.402,1.4363,184825179.0,2024-11-22 16:00:00
1732305600000,1.4363,1.4913,1.428,1.4726,118953865.0,2024-11-22 20:00:00
1732320000000,1.4726,1.63,1.4692,1.5654,400034300.71,2024-11-23 00:00:00
1732334400000,1.5654,1.5661,1.4899,1.5441,192626469.0,2024-11-23 04:00:00
1732348800000,1.5444,1.5777,1.5077,1.5443,119948599.0,2024-11-23 08:00:00
1732363200000,1.5444,1.5954,1.5227,1.5557,149012308.0,2024-11-23 12:00:00
1732377600000,1.5557,1.5764,1.4033,1.4752,277886460.0,2024-11-23 16:00:00
1732392000000,1.4751,1.4966,1.4206,1.4685,104425509.0,2024-11-23 20:00:00
1732406400000,1.4686,1.513,1.4403,1.4724,115297604.0,2024-11-24 00:00:00
1732420800000,1.4725,1.4828,1.4362,1.4649,71788729.0,2024-11-24 04:00:00
1732435200000,1.4649,1.4685,1.3784,1.3833,142122749.0,2024-11-24 08:00:00
1732449600000,1.3833,1.4033,1.2775,1.3077,327295128.0,2024-11-24 12:00:00
1732464000000,1.3078,1.4062,1.2984,1.3791,167776363.0,2024-11-24 16:00:00
1732478400000,1.3791,1.4607,1.3728,1.4331,136347497.0,2024-11-24 20:00:00
1732492800000,1.4334,1.4342,1.355,1.4027,98618862.0,2024-11-25 00:00:00
1732507200000,1.4027,1.5064,1.4015,1.4793,144893660.0,2024-11-25 04:00:00
1732521600000,1.4792,1.5393,1.4652,1.479,138374272.0,2024-11-25 08:00:00
1732536000000,1.479,1.4868,1.3732,1.423,185652693.0,2024-11-25 12:00:00
1732550400000,1.423,1.5243,1.4113,1.475,222756827.0,2024-11-25 16:00:00
1732564800000,1.4751,1.4807,1.382,1.4142,122089040.0,2024-11-25 20:00:00
1732579200000,1.4142,1.4588,1.399,1.4468,85349670.0,2024-11-26 00:00:00
1732593600000,1.4468,1.4574,1.4042,1.425,75110403.0,2024-11-26 04:00:00
1732608000000,1.425,1.4264,1.2833,1.3326,258808802.0,2024-11-26 08:00:00
1732622400000,1.3325,1.385,1.313,1.3455,161656639.0,2024-11-26 12:00:00
1732636800000,1.3455,1.3957,1.3327,1.3793,110475554.0,2024-11-26 16:00:00
1732651200000,1.3792,1.4282,1.3741,1.3984,86016140.0,2024-11-26 20:00:00
1732665600000,1.3984,1.4199,1.3562,1.3656,81873006.0,2024-11-27 00:00:00
1732680000000,1.3655,1.4176,1.3524,1.4107,61841245.0,2024-11-27 04:00:00
1732694400000,1.4109,1.4667,1.4051,1.4322,147160606.0,2024-11-27 08:00:00
1732708800000,1.4321,1.5067,1.4104,1.4955,118807349.0,2024-11-27 12:00:00
1732723200000,1.4955,1.5061,1.4637,1.4843,91265085.0,2024-11-27 16:00:00
1732737600000,1.4843,1.5217,1.4647,1.4696,93940345.0,2024-11-27 20:00:00
1732752000000,1.4696,1.4844,1.44,1.4644,77845474.0,2024-11-28 00:00:00
1732766400000,1.4645,1.4923,1.4572,1.464,57346334.0,2024-11-28 04:00:00
1732780800000,1.464,1.4729,1.4363,1.4649,65738881.0,2024-11-28 08:00:00
1732795200000,1.4649,1.4776,1.4292,1.4343,71745996.0,2024-11-28 12:00:00
1732809600000,1.4343,1.4829,1.434,1.4778,56250848.0,2024-11-28 16:00:00
1732824000000,1.4778,1.5465,1.465,1.5421,111614245.0,2024-11-28 20:00:00
1732838400000,1.542,1.58,1.5233,1.5519,130614647.0,2024-11-29 00:00:00
1732852800000,1.552,1.6462,1.5393,1.5892,180296960.59,2024-11-29 04:00:00
1732867200000,1.5893,1.6833,1.5891,1.6529,173093889.09,2024-11-29 08:00:00
1732881600000,1.6529,1.7745,1.643,1.7099,254784677.8,2024-11-29 12:00:00
1732896000000,1.7098,1.7362,1.6739,1.7257,161072076.0,2024-11-29 16:00:00
1732910400000,1.7257,1.8149,1.7175,1.8006,156011912.29,2024-11-29 20:00:00
1732924800000,1.8005,1.8672,1.7635,1.8187,245065491.62,2024-11-30 00:00:00
1732939200000,1.8188,1.95,1.8045,1.9135,274578941.74,2024-11-30 04:00:00
1732953600000,1.9136,1.933,1.847,1.8965,197787750.0,2024-11-30 08:00:00
1732968000000,1.8964,1.9,1.8185,1.8776,146165895.0,2024-11-30 12:00:00
1732982400000,1.8776,1.9099,1.8569,1.8996,111227732.0,2024-11-30 16:00:00
1732996800000,1.8996,1.9575,1.8792,1.9513,143730724.61,2024-11-30 20:00:00
1733011200000,1.9514,1.9568,1.8475,1.8912,153770991.0,2024-12-01 00:00:00
1733025600000,1.8912,1.9019,1.8549,1.8723,66733788.0,2024-12-01 04:00:00
1733040000000,1.8723,1.95,1.8688,1.9122,125656209.0,2024-12-01 08:00:00
1733054400000,1.9122,1.9214,1.8917,1.9015,79301539.0,2024-12-01 12:00:00
1733068800000,1.9013,2.146,1.881,2.1247,299596134.61,2024-12-01 16:00:00
1733083200000,2.1247,2.35,2.061,2.2937,446452324.82,2024-12-01 20:00:00
1733097600000,2.2937,2.4977,2.281,2.3954,561663449.59,2024-12-02 00:00:00
1733112000000,2.3953,2.485,2.3189,2.4399,261539706.0,2024-12-02 04:00:00
1733126400000,2.4398,2.4554,2.2011,2.3146,385105881.0,2024-12-02 08:00:00
1733140800000,2.3142,2.7518,2.298,2.7001,575343238.05,2024-12-02 12:00:00
1733155200000,2.7001,2.8723,2.5806,2.7471,539677671.85,2024-12-02 16:00:00
1733169600000,2.7472,2.7998,2.6349,2.7245,220386752.0,2024-12-02 20:00:00
1733184000000,2.7244,2.7749,2.6449,2.7724,194875914.0,2024-12-03 00:00:00
1733198400000,2.7724,2.7838,2.5102,2.6294,266244219.0,2024-12-03 04:00:00
1733212800000,2.6294,2.8696,2.5641,2.8499,223410877.0,2024-12-03 08:00:00
1733227200000,2.8498,2.9092,2.25,2.5247,803876991.21,2024-12-03 12:00:00
1733241600000,2.5249,2.6075,2.4825,2.5697,273340553.0,2024-12-03 16:00:00
1733256000000,2.5695,2.6889,2.5089,2.5102,193856683.0,2024-12-03 20:00:00
1733270400000,2.5103,2.5805,2.5,2.5445,169792871.0,2024-12-04 00:00:00
1733284800000,2.5445,2.6584,2.5389,2.6218,119432898.0,2024-12-04 04:00:00
1733299200000,2.6218,2.68,2.6033,2.6096,107906789.0,2024-12-04 08:00:00
1733313600000,2.6097,2.6272,2.48,2.513,185388509.0,2024-12-04 12:00:00
1733328000000,2.513,2.5218,2.32,2.3952,288781341.0,2024-12-04 16:00:00
1733342400000,2.3951,2.4423,2.28,2.3574,256575740.0,2024-12-04 20:00:00
1733356800000,2.3574,2.3943,2.1743,2.2552,352768715.0,2024-12-05 00:00:00
1733371200000,2.2551,2.3878,2.2451,2.3752,164747511.0,2024-12-05 04:00:00
1733385600000,2.3752,2.4942,2.3601,2.4094,163363294.0,2024-12-05 08:00:00
1733400000000,2.4095,2.4166,2.3069,2.375,139856675.0,2024-12-05 12:00:00
1733414400000,2.375,2.44,2.3266,2.3373,118135965.0,2024-12-05 16:00:00
1733428800000,2.3373,2.3501,2.21,2.2446,156345933.0,2024-12-05 20:00:00
1733443200000,2.2445,2.3393,2.2252,2.3093,102383505.0,2024-12-06 00:00:00
1733457600000,2.3093,2.4,2.3051,2.3196,93171799.0,2024-12-06 04:00:00
1733472000000,2.3196,2.3369,2.2422,2.2739,105266333.0,2024-12-06 08:00:00
1733486400000,2.274,2.3752,2.2577,2.3292,128526799.0,2024-12-06 12:00:00
1733500800000,2.3292,2.415,2.329,2.3644,123285654.0,2024-12-06 16:00:00
1733515200000,2.3645,2.4637,2.3582,2.4257,118561696.0,2024-12-06 20:00:00
1733529600000,2.4257,2.5,2.3974,2.415,100483684.0,2024-12-07 00:00:00
1733544000000,2.4151,2.4452,2.384,2.4073,52644406.0,2024-12-07 04:00:00
1733558400000,2.4072,2.4496,2.3937,2.4299,57072900.0,2024-12-07 08:00:00
1733572800000,2.4298,2.5482,2.4207,2.5405,113375341.0,2024-12-07 12:00:00
1733587200000,2.5405,2.57,2.47,2.5148,119440369.0,2024-12-07 16:00:00
1733601600000,2.5148,2.6196,2.5004,2.6099,98309845.0,2024-12-07 20:00:00
1733616000000,2.6099,2.6171,2.5634,2.5923,85337569.0,2024-12-08 00:00:00
1733630400000,2.5923,2.594,2.5273,2.5534,68691348.0,2024-12-08 04:00:00
1733644800000,2.5534,2.556,2.4843,2.539,71033363.0,2024-12-08 08:00:00
1733659200000,2.539,2.568,2.5101,2.5409,57811548.0,2024-12-08 12:00:00
1733673600000,2.5409,2.6469,2.5369,2.5805,109592454.0,2024-12-08 16:00:00
1733688000000,2.5805,2.6216,2.555,2.6013,63807300.0,2024-12-08 20:00:00
1733702400000,2.6013,2.6076,2.432,2.4701,142467876.0,2024-12-09 00:00:00
1733716800000,2.4701,2.4937,2.4052,2.4421,83039455.0,2024-12-09 04:00:00
1733731200000,2.442,2.4425,2.3427,2.3724,141817980.0,2024-12-09 08:00:00
1733745600000,2.3724,2.4656,2.3673,2.3879,112554435.0,2024-12-09 12:00:00
1733760000000,2.3879,2.4418,2.3774,2.4087,63378399.0,2024-12-09 16:00:00
1733774400000,2.4087,2.4146,2.0012,2.2124,448535471.0,2024-12-09 20:00:00
1733788800000,2.2124,2.2792,2.0403,2.1505,213531471.0,2024-12-10 00:00:00
1733803200000,2.1503,2.2243,2.0853,2.2082,145666733.0,2024-12-10 04:00:00
1733817600000,2.2082,2.2568,2.1764,2.2196,90972980.0,2024-12-10 08:00:00
1733832000000,2.2196,2.2262,2.0335,2.0404,198411268.0,2024-12-10 12:00:00
1733846400000,2.0408,2.15,1.9,2.124,376274249.0,2024-12-10 16:00:00
1733860800000,2.1241,2.42,2.1127,2.3709,351827283.0,2024-12-10 20:00:00
1733875200000,2.3708,2.3863,2.2303,2.3005,154073375.0,2024-12-11 00:00:00
1733889600000,2.3006,2.3557,2.2865,2.2882,88360331.0,2024-12-11 04:00:00
1733904000000,2.2882,2.3982,2.2851,2.3607,116797710.0,2024-12-11 08:00:00
1733918400000,2.3607,2.4703,2.327,2.448,171708619.0,2024-12-11 12:00:00
1733932800000,2.448,2.4635,2.38,2.4339,99054319.0,2024-12-11 16:00:00
1733947200000,2.4338,2.445,2.3917,2.3941,66144447.0,2024-12-11 20:00:00
1733961600000,2.3942,2.4299,2.3502,2.4041,76905724.0,2024-12-12 00:00:00
1733976000000,2.4041,2.484,2.402,2.4242,109583696.0,2024-12-12 04:00:00
1733990400000,2.4243,2.4547,2.3803,2.4103,69036715.0,2024-12-12 08:00:00
1734004800000,2.4103,2.4528,2.3959,2.4163,96565783.0,2024-12-12 12:00:00
1734019200000,2.4164,2.4457,2.3388,2.3464,99574687.0,2024-12-12 16:00:00
1734033600000,2.3465,2.3961,2.308,2.3384,76685329.0,2024-12-12 20:00:00
1734048000000,2.3385,2.3687,2.309,2.351,58897883.0,2024-12-13 00:00:00
1734062400000,2.351,2.3539,2.284,2.3157,66617415.0,2024-12-13 04:00:00
1734076800000,2.3156,2.355,2.3006,2.3347,48730045.0,2024-12-13 08:00:00
1734091200000,2.3347,2.4788,2.3347,2.399,168601602.0,2024-12-13 12:00:00
1734105600000,2.399,2.4455,2.384,2.4198,78883790.0,2024-12-13 16:00:00
1734120000000,2.4199,2.4435,2.4104,2.4217,46353232.0,2024-12-13 20:00:00
1734134400000,2.4218,2.478,2.3976,2.4627,61921486.0,2024-12-14 00:00:00
1734148800000,2.4627,2.5319,2.4471,2.4879,83984692.0,2024-12-14 04:00:00
1734163200000,2.488,2.5045,2.4257,2.4308,48057247.0,2024-12-14 08:00:00
1734177600000,2.4308,2.4374,2.3648,2.4053,73167453.0,2024-12-14 12:00:00
1734192000000,2.4053,2.412,2.3677,2.3955,43444545.0,2024-12-14 16:00:00
1734206400000,2.3955,2.41,2.3548,2.4005,36871697.0,2024-12-14 20:00:00
1734220800000,2.4006,2.4381,2.3844,2.4156,32987565.0,2024-12-15 00:00:00
1734235200000,2.4157,2.449,2.3863,2.3997,44510190.0,2024-12-15 04:00:00
1734249600000,2.3997,2.4353,2.3882,2.4274,37038600.0,2024-12-15 08:00:00
1734264000000,2.4274,2.4312,2.3901,2.415,48740346.0,2024-12-15 12:00:00
1734278400000,2.4151,2.4399,2.4053,2.4069,28260974.0,2024-12-15 16:00:00
1734292800000,2.4069,2.473,2.3677,2.4469,84433302.0,2024-12-15 20:00:00
1734307200000,2.447,2.4714,2.3903,2.4049,71732338.0,2024-12-16 00:00:00
1734321600000,2.405,2.4185,2.398,2.4047,34568806.0,2024-12-16 04:00:00
1734336000000,2.4047,2.408,2.3333,2.3504,62978635.0,2024-12-16 08:00:00
1734350400000,2.3505,2.3996,2.3447,2.3742,65315837.0,2024-12-16 12:00:00
1734364800000,2.3743,2.5872,2.3743,2.475,302483270.0,2024-12-16 16:00:00
1734379200000,2.4749,2.5289,2.4601,2.4841,66815035.0,2024-12-16 20:00:00
1734393600000,2.4842,2.4908,2.4401,2.4842,62191133.0,2024-12-17 00:00:00
1734408000000,2.4842,2.5527,2.4601,2.5352,72169406.0,2024-12-17 04:00:00
1734422400000,2.5352,2.7281,2.5307,2.6889,235148904.0,2024-12-17 08:00:00
1734436800000,2.6888,2.7155,2.5503,2.5964,193735062.0,2024-12-17 12:00:00
1734451200000,2.5963,2.658,2.5767,2.6007,96080800.0,2024-12-17 16:00:00
1734465600000,2.6007,2.6295,2.5228,2.5673,86363089.0,2024-12-17 20:00:00
1734480000000,2.5672,2.5921,2.5215,2.5239,88658652.0,2024-12-18 00:00:00
1734494400000,2.5239,2.5379,2.4683,2.5092,102658676.0,2024-12-18 04:00:00
1734508800000,2.5091,2.5917,2.4919,2.5816,86653847.0,2024-12-18 08:00:00
1734523200000,2.5815,2.5841,2.4487,2.4714,117019387.0,2024-12-18 12:00:00
1734537600000,2.4713,2.5157,2.4021,2.4024,111706581.0,2024-12-18 16:00:00
1734552000000,2.4024,2.4195,2.2478,2.3103,253163748.0,2024-12-18 20:00:00
1734566400000,2.3102,2.3679,2.1736,2.3532,182365798.0,2024-12-19 00:00:00
1734580800000,2.3531,2.3864,2.3354,2.3805,74779846.0,2024-12-19 04:00:00
1734595200000,2.3804,2.4317,2.3474,2.4103,71875006.0,2024-12-19 08:00:00
1734609600000,2.4103,2.418,2.2707,2.3278,134166343.0,2024-12-19 12:00:00
1734624000000,2.3277,2.3469,2.19,2.2298,217148443.0,2024-12-19 16:00:00
1734638400000,2.2299,2.2915,2.1595,2.239,130875259.0,2024-12-19 20:00:00
1734652800000,2.2391,2.355,2.2237,2.3298,114540837.0,2024-12-20 00:00:00
1734667200000,2.3298,2.342,2.2504,2.2894,84397547.0,2024-12-20 04:00:00
1734681600000,2.2893,2.2931,1.9601,1.9678,381959273.0,2024-12-20 08:00:00
1734696000000,1.9679,2.2481,1.9618,2.2146,320291332.0,2024-12-20 12:00:00
1734710400000,2.2147,2.3122,2.2016,2.2785,120352703.0,2024-12-20 16:00:00
1734724800000,2.2785,2.2982,2.2068,2.2793,88805324.0,2024-12-20 20:00:00
1734739200000,2.2793,2.3165,2.2514,2.2996,65851623.0,2024-12-21 00:00:00
1734753600000,2.2996,2.3858,2.2909,2.3539,75220822.0,2024-12-21 04:00:00
1734768000000,2.3539,2.3664,2.2843,2.3073,76050800.0,2024-12-21 08:00:00
1734782400000,2.3074,2.3078,2.1915,2.258,112208328.0,2024-12-21 12:00:00
1734796800000,2.2581,2.2666,2.2005,2.2424,73715536.0,2024-12-21 16:00:00
1734811200000,2.2423,2.2645,2.2055,2.238,48552755.0,2024-12-21 20:00:00
1734825600000,2.2379,2.2578,2.2045,2.2399,41596554.0,2024-12-22 00:00:00
1734840000000,2.2398,2.247,2.1761,2.2288,46871085.0,2024-12-22 04:00:00
1734854400000,2.2287,2.2938,2.2275,2.2597,46797629.0,2024-12-22 08:00:00
1734868800000,2.2598,2.2763,2.1975,2.2197,67159003.0,2024-12-22 12:00:00
1734883200000,2.2198,2.2622,2.1837,2.19,45198505.0,2024-12-22 16:00:00
1734897600000,2.19,2.2275,2.1604,2.2031,62695723.0,2024-12-22 20:00:00
1734912000000,2.2032,2.2205,2.1308,2.2177,82713363.0,2024-12-23 00:00:00
1734926400000,2.2178,2.2356,2.156,2.1792,51820467.0,2024-12-23 04:00:00
1734940800000,2.1791,2.2251,2.1732,2.2013,45085429.0,2024-12-23 08:00:00
1734955200000,2.2012,2.2244,2.1334,2.1432,76458645.0,2024-12-23 12:00:00
1734969600000,2.1432,2.2046,2.1383,2.183,57734208.0,2024-12-23 16:00:00
1734984000000,2.183,2.2789,2.182,2.2617,75008790.0,2024-12-23 20:00:00
1734998400000,2.2616,2.2642,2.2138,2.2489,34863514.0,2024-12-24 00:00:00
1735012800000,2.249,2.2665,2.2286,2.247,26330150.0,2024-12-24 04:00:00
1735027200000,2.247,2.26,2.2232,2.2451,27164433.0,2024-12-24 08:00:00
1735041600000,2.2451,2.3377,2.2294,2.3221,74981495.0,2024-12-24 12:00:00
1735056000000,2.322,2.3507,2.3052,2.306,46614099.0,2024-12-24 16:00:00
1735070400000,2.306,2.3391,2.2784,2.3238,39067375.0,2024-12-24 20:00:00
1735084800000,2.3238,2.3239,2.2825,2.2979,29385048.0,2024-12-25 00:00:00
1735099200000,2.2979,2.3145,2.2789,2.2849,20666378.0,2024-12-25 04:00:00
1735113600000,2.2848,2.3325,2.2666,2.2714,33235922.0,2024-12-25 08:00:00
1735128000000,2.2714,2.2998,2.2621,2.2795,31477972.0,2024-12-25 12:00:00
1735142400000,2.2795,2.3083,2.2615,2.3067,22858863.0,2024-12-25 16:00:00
1735156800000,2.3068,2.3173,2.2887,2.2973,24390815.0,2024-12-25 20:00:00
1735171200000,2.2973,2.3164,2.2652,2.2713,31118231.0,2024-12-26 00:00:00
1735185600000,2.2713,2.2713,2.2333,2.2414,33170550.0,2024-12-26 04:00:00
1735200000000,2.2415,2.2466,2.1601,2.1905,67263743.0,2024-12-26 08:00:00
1735214400000,2.1904,2.1915,2.1523,2.166,51861826.0,2024-12-26 12:00:00
1735228800000,2.1659,2.1867,2.1277,2.1671,49957659.0,2024-12-26 16:00:00
1735243200000,2.1671,2.179,2.13,2.1559,33025911.0,2024-12-26 20:00:00
1735257600000,2.1559,2.1905,2.1325,2.1754,42217794.0,2024-12-27 00:00:00
1735272000000,2.1754,2.1886,2.1278,2.1435,35170737.0,2024-12-27 04:00:00
1735286400000,2.1436,2.2379,2.1436,2.2146,62899832.0,2024-12-27 08:00:00
1735300800000,2.2145,2.2159,2.1325,2.1448,48454100.0,2024-12-27 12:00:00
1735315200000,2.1447,2.1811,2.1149,2.1791,41173128.0,2024-12-27 16:00:00
1735329600000,2.1791,2.1815,2.1334,2.1466,24320984.0,2024-12-27 20:00:00
1735344000000,2.1467,2.1582,2.1343,2.1553,18356721.0,2024-12-28 00:00:00
1735358400000,2.1553,2.1714,2.1452,2.1579,13768612.0,2024-12-28 04:00:00
1735372800000,2.1579,2.1761,2.157,2.1698,15277270.0,2024-12-28 08:00:00
1735387200000,2.1697,2.1951,2.1592,2.173,22146711.0,2024-12-28 12:00:00
1735401600000,2.1729,2.204,2.1716,2.1898,19083334.0,2024-12-28 16:00:00
1735416000000,2.1897,2.2076,2.18,2.1843,17511822.0,2024-12-28 20:00:00
1735430400000,2.1843,2.1892,2.1695,2.1876,12001662.0,2024-12-29 00:00:00
1735444800000,2.1875,2.1976,2.1763,2.1967,8770280.0,2024-12-29 04:00:00
1735459200000,2.1966,2.1975,2.1755,2.1774,11684924.0,2024-12-29 08:00:00
1735473600000,2.1775,2.1866,2.1506,2.1648,23254029.0,2024-12-29 12:00:00
1735488000000,2.1648,2.1666,2.1361,2.1432,21161702.0,2024-12-29 16:00:00
1735502400000,2.1431,2.1431,2.0711,2.0942,52714795.0,2024-12-29 20:00:00
1735516800000,2.0941,2.1526,2.0843,2.1013,38634413.0,2024-12-30 00:00:00
1735531200000,2.1012,2.1134,2.0468,2.0681,46911784.0,2024-12-30 04:00:00
1735545600000,2.0682,2.086,2.049,2.0762,40544452.0,2024-12-30 08:00:00
1735560000000,2.0763,2.096,1.9954,2.0244,87885120.0,2024-12-30 12:00:00
1735574400000,2.0244,2.1081,1.9989,2.1041,63252119.0,2024-12-30 16:00:00
1735588800000,2.1041,2.1404,2.0411,2.0587,49076905.0,2024-12-30 20:00:00
1735603200000,2.0587,2.0667,2.016,2.0208,27635545.0,2024-12-31 00:00:00
1735617600000,2.0208,2.0376,2.0126,2.0335,25906497.0,2024-12-31 04:00:00
1735632000000,2.0335,2.1014,2.033,2.0753,43636135.0,2024-12-31 08:00:00
1735646400000,2.0754,2.1491,2.0754,2.1285,55658845.0,2024-12-31 12:00:00
1735660800000,2.1285,2.1295,2.0616,2.0918,35103732.0,2024-12-31 16:00:00
1735675200000,2.0918,2.1052,2.0736,2.0836,14926843.0,2024-12-31 20:00:00
1735689600000,2.0836,2.1125,2.0811,2.1069,18041112.0,2025-01-01 00:00:00
1735704000000,2.1069,2.1494,2.0999,2.1246,25323648.0,2025-01-01 04:00:00
1735718400000,2.1246,2.1439,2.0901,2.1357,29810583.0,2025-01-01 08:00:00
1735732800000,2.1358,2.234,2.1312,2.2283,65395861.0,2025-01-01 12:00:00
1735747200000,2.2283,2.342,2.2114,2.3172,134066419.0,2025-01-01 16:00:00
1735761600000,2.3172,2.3545,2.2867,2.3328,68132651.0,2025-01-01 20:00:00
1735776000000,2.3329,2.4522,2.3297,2.4249,125293495.0,2025-01-02 00:00:00
1735790400000,2.4249,2.4282,2.3434,2.3672,64659788.0,2025-01-02 04:00:00
1735804800000,2.3673,2.4168,2.3672,2.4035,45721800.0,2025-01-02 08:00:00
1735819200000,2.4035,2.4224,2.3641,2.4042,51508820.0,2025-01-02 12:00:00
1735833600000,2.4043,2.438,2.3756,2.3878,46305250.0,2025-01-02 16:00:00
1735848000000,2.3879,2.4147,2.3662,2.4024,27707228.0,2025-01-02 20:00:00
1735862400000,2.4024,2.4743,2.3966,2.468,47789238.0,2025-01-03 00:00:00
1735876800000,2.4681,2.4681,2.4044,2.4152,39953719.0,2025-01-03 04:00:00
1735891200000,2.4153,2.4369,2.3975,2.4087,39192376.0,2025-01-03 08:00:00
1735905600000,2.4087,2.4496,2.4011,2.4468,38721283.0,2025-01-03 12:00:00
1735920000000,2.4469,2.4798,2.4377,2.4728,42220883.0,2025-01-03 16:00:00
1735934400000,2.4727,2.4727,2.442,2.4547,25795229.0,2025-01-03 20:00:00
1735948800000,2.4546,2.509,2.428,2.4657,63623938.0,2025-01-04 00:00:00
1735963200000,2.4657,2.4662,2.442,2.4462,18280755.0,2025-01-04 04:00:00
1735977600000,2.4462,2.4535,2.4288,2.4407,21825153.0,2025-01-04 08:00:00
1735992000000,2.4408,2.4629,2.3999,2.4115,38199468.0,2025-01-04 12:00:00
1736006400000,2.4114,2.4345,2.4106,2.4234,19910528.0,2025-01-04 16:00:00
1736020800000,2.4234,2.4424,2.4166,2.4201,17954084.0,2025-01-04 20:00:00
1736035200000,2.4201,2.4285,2.3712,2.3903,29723937.0,2025-01-05 00:00:00
1736049600000,2.3902,2.4157,2.3876,2.4006,16068131.0,2025-01-05 04:00:00
1736064000000,2.4005,2.4035,2.3273,2.3527,43722740.0,2025-01-05 08:00:00
1736078400000,2.3527,2.3819,2.344,2.3683,27040655.0,2025-01-05 12:00:00
1736092800000,2.3684,2.4117,2.3597,2.3837,21072521.0,2025-01-05 16:00:00
1736107200000,2.3836,2.4149,2.3824,2.3994,17909876.0,2025-01-05 20:00:00
1736121600000,2.3993,2.4423,2.3734,2.4121,36469941.0,2025-01-06 00:00:00
1736136000000,2.4121,2.4249,2.3906,2.3927,26926536.0,2025-01-06 04:00:00
1736150400000,2.3926,2.4044,2.3742,2.3959,22778223.0,2025-01-06 08:00:00
1736164800000,2.3958,2.4509,2.3674,2.4363,50812982.0,2025-01-06 12:00:00
1736179200000,2.4364,2.4584,2.4,2.4249,41007513.0,2025-01-06 16:00:00
1736193600000,2.4249,2.4299,2.4073,2.42,16298082.0,2025-01-06 20:00:00
1736208000000,2.42,2.4236,2.3933,2.4048,22540594.0,2025-01-07 00:00:00
1736222400000,2.4047,2.4479,2.4034,2.4275,26913461.0,2025-01-07 04:00:00
1736236800000,2.4276,2.4683,2.4064,2.422,44156612.0,2025-01-07 08:00:00
1736251200000,2.422,2.4431,2.2788,2.3139,132565622.0,2025-01-07 12:00:00
1736265600000,2.3139,2.3462,2.2629,2.2827,74285632.0,2025-01-07 16:00:00
1736280000000,2.2826,2.3077,2.2572,2.2712,42015417.0,2025-01-07 20:00:00
1736294400000,2.2712,2.367,2.2676,2.3198,56545760.0,2025-01-08 00:00:00
1736308800000,2.3198,2.3335,2.2577,2.2863,52078266.0,2025-01-08 04:00:00
1736323200000,2.2863,2.3398,2.2859,2.3262,43291089.0,2025-01-08 08:00:00
1736337600000,2.3263,2.377,2.2779,2.3091,77645232.0,2025-01-08 12:00:00
1736352000000,2.309,2.3379,2.2001,2.3157,114367344.0,2025-01-08 16:00:00
1736366400000,2.3156,2.3986,2.297,2.3731,57108338.0,2025-01-08 20:00:00
1736380800000,2.373,2.3956,2.3359,2.3485,49440002.0,2025-01-09 00:00:00
1736395200000,2.3484,2.366,2.2969,2.3127,40886848.0,2025-01-09 04:00:00
1736409600000,2.3127,2.3323,2.2874,2.304,32108270.0,2025-01-09 08:00:00
1736424000000,2.3039,2.3385,2.2351,2.3205,83104616.0,2025-01-09 12:00:00
1736438400000,2.3205,2.3296,2.2668,2.2793,50053395.0,2025-01-09 16:00:00
1736452800000,2.2793,2.2997,2.2519,2.2722,38991955.0,2025-01-09 20:00:00
1736467200000,2.2722,2.2945,2.2578,2.2883,26971940.0,2025-01-10 00:00:00
1736481600000,2.2882,2.3265,2.2802,2.3102,29622710.0,2025-01-10 04:00:00
1736496000000,2.3102,2.3227,2.3001,2.3095,28222783.0,2025-01-10 08:00:00
1736510400000,2.3095,2.319,2.2465,2.2889,85685813.0,2025-01-10 12:00:00
1736524800000,2.2889,2.3632,2.2682,2.3583,54416230.0,2025-01-10 16:00:00
1736539200000,2.3584,2.3699,2.3319,2.3414,23098802.0,2025-01-10 20:00:00
1736553600000,2.3414,2.3643,2.3249,2.3314,24124522.0,2025-01-11 00:00:00
1736568000000,2.3314,2.3462,2.3268,2.344,12213497.0,2025-01-11 04:00:00
1736582400000,2.3439,2.437,2.3323,2.4195,47025698.0,2025-01-11 08:00:00
1736596800000,2.4194,2.4303,2.3779,2.4075,53561679.0,2025-01-11 12:00:00
1736611200000,2.4075,2.5321,2.3973,2.5301,112241306.0,2025-01-11 16:00:00
1736625600000,2.5301,2.6036,2.5081,2.5764,100005794.0,2025-01-11 20:00:00
1736640000000,2.5764,2.5835,2.5057,2.5418,47701177.0,2025-01-12 00:00:00
1736654400000,2.5418,2.5561,2.5113,2.5421,23745436.0,2025-01-12 04:00:00
1736668800000,2.5421,2.5505,2.47,2.4946,45471106.0,2025-01-12 08:00:00
1736683200000,2.4946,2.5331,2.4869,2.523,39942092.0,2025-01-12 12:00:00
1736697600000,2.523,2.555,2.5157,2.5487,32383829.0,2025-01-12 16:00:00
1736712000000,2.5488,2.5492,2.4847,2.5046,33668693.0,2025-01-12 20:00:00
1736726400000,2.5045,2.5634,2.4947,2.505,61504918.0,2025-01-13 00:00:00
1736740800000,2.5051,2.5413,2.4444,2.4623,64347621.0,2025-01-13 04:00:00
1736755200000,2.4622,2.4642,2.3351,2.3389,92703529.0,2025-01-13 08:00:00
1736769600000,2.3388,2.4973,2.3297,2.4664,164293771.0,2025-01-13 12:00:00
1736784000000,2.4664,2.4957,2.4245,2.4634,67061215.0,2025-01-13 16:00:00
1736798400000,2.4633,2.5562,2.4502,2.5232,65445692.0,2025-01-13 20:00:00
1736812800000,2.5232,2.5543,2.5153,2.5334,42905468.0,2025-01-14 00:00:00
1736827200000,2.5334,2.5533,2.5126,2.5158,38351371.0,2025-01-14 04:00:00
1736841600000,2.5158,2.6028,2.5158,2.5753,80306409.0,2025-01-14 08:00:00
1736856000000,2.5753,2.5918,2.5467,2.5794,59254658.0,2025-01-14 12:00:00
1736870400000,2.5794,2.7,2.552,2.6637,130244673.0,2025-01-14 16:00:00
1736884800000,2.6637,2.6793,2.6377,2.6673,46164763.0,2025-01-14 20:00:00
1736899200000,2.6673,2.8776,2.6492,2.8315,172998461.0,2025-01-15 00:00:00
1736913600000,2.8316,2.8928,2.7826,2.8595,96960580.0,2025-01-15 04:00:00
1736928000000,2.8596,2.8765,2.7107,2.7612,156774382.0,2025-01-15 08:00:00
1736942400000,2.7612,3.0286,2.7262,2.9704,293461116.65,2025-01-15 12:00:00
1736956800000,2.9703,3.0061,2.8716,2.9459,136055168.0,2025-01-15 16:00:00
1736971200000,2.946,3.2,2.9346,3.1429,206380414.58,2025-01-15 20:00:00
1736985600000,3.143,3.1516,2.9228,3.0398,210833674.0,2025-01-16 00:00:00
1737000000000,3.0398,3.15,3.0392,3.091,78812988.0,2025-01-16 04:00:00
1737014400000,3.0908,3.21,3.0281,3.1967,195570601.66,2025-01-16 08:00:00
1737028800000,3.1968,3.3884,3.1614,3.3076,357266337.7,2025-01-16 12:00:00
1737043200000,3.3076,3.4,3.3043,3.3495,141270353.84,2025-01-16 16:00:00
1737057600000,3.3494,3.3503,3.1649,3.2451,126617267.0,2025-01-16 20:00:00
1737072000000,3.245,3.3499,3.2437,3.3078,79999871.0,2025-01-17 00:00:00
1737086400000,3.3077,3.3544,3.2841,3.3025,70217145.0,2025-01-17 04:00:00
1737100800000,3.3026,3.328,3.2275,3.2989,106127627.0,2025-01-17 08:00:00
1737115200000,3.2989,3.2989,3.1762,3.1995,121617961.0,2025-01-17 12:00:00
1737129600000,3.1996,3.261,3.1758,3.2346,77592459.0,2025-01-17 16:00:00
1737144000000,3.2346,3.318,3.227,3.2922,74378431.0,2025-01-17 20:00:00
1737158400000,3.2923,3.2996,3.1985,3.2398,80702283.0,2025-01-18 00:00:00
1737172800000,3.2398,3.2475,3.0701,3.1166,108616570.0,2025-01-18 04:00:00
1737187200000,3.1165,3.1843,3.058,3.1729,82617914.0,2025-01-18 08:00:00
1737201600000,3.1729,3.2499,3.154,3.177,76725344.0,2025-01-18 12:00:00
1737216000000,3.1771,3.2186,3.1324,3.212,55843147.0,2025-01-18 16:00:00
1737230400000,3.212,3.29,3.1713,3.2697,53583686.0,2025-01-18 20:00:00
1737244800000,3.2697,3.2929,3.2238,3.251,52546376.0,2025-01-19 00:00:00
1737259200000,3.2509,3.2531,3.1718,3.1817,54335867.0,2025-01-19 04:00:00
1737273600000,3.1818,3.1818,3.0351,3.054,168169454.0,2025-01-19 08:00:00
1737288000000,3.0541,3.1596,3.0535,3.1479,85798742.0,2025-01-19 12:00:00
1737302400000,3.1478,3.2268,3.1217,3.2242,66214439.0,2025-01-19 16:00:00
1737316800000,3.2242,3.2379,2.8277,2.9587,236263927.0,2025-01-19 20:00:00
1737331200000,2.9586,3.1334,2.909,3.1133,166794650.0,2025-01-20 00:00:00
1737345600000,3.1133,3.256,3.0745,3.201,109723945.0,2025-01-20 04:00:00
1737360000000,3.2011,3.3448,3.1984,3.3263,120719748.0,2025-01-20 08:00:00
1737374400000,3.3262,3.3695,3.2076,3.2719,155628331.0,2025-01-20 12:00:00
1737388800000,3.2719,3.3216,3.0,3.1519,208538361.0,2025-01-20 16:00:00
1737403200000,3.1519,3.1792,3.0269,3.1053,77356223.0,2025-01-20 20:00:00
1737417600000,3.1053,3.193,3.0636,3.1035,82401948.0,2025-01-21 00:00:00
1737432000000,3.1035,3.1035,3.0124,3.0695,68969832.0,2025-01-21 04:00:00
1737446400000,3.0695,3.123,3.0448,3.1112,53948796.0,2025-01-21 08:00:00
1737460800000,3.1112,3.1539,3.0784,3.1217,57844780.0,2025-01-21 12:00:00
1737475200000,3.1216,3.246,3.1181,3.2008,76676274.0,2025-01-21 16:00:00
1737489600000,3.2008,3.2029,3.1399,3.1738,36581872.0,2025-01-21 20:00:00
1737504000000,3.1739,3.2076,3.1643,3.1768,28954513.0,2025-01-22 00:00:00
1737518400000,3.1768,3.1899,3.1489,3.171,31804289.0,2025-01-22 04:00:00
1737532800000,3.171,3.2348,3.1414,3.2348,35553416.0,2025-01-22 08:00:00
1737547200000,3.2348,3.2606,3.1528,3.1627,58800824.0,2025-01-22 12:00:00
1737561600000,3.1628,3.2661,3.1237,3.2242,62300171.0,2025-01-22 16:00:00
1737576000000,3.2242,3.2854,3.1514,3.1803,74348061.0,2025-01-22 20:00:00
1737590400000,3.1802,3.1826,3.1157,3.1521,40468604.0,2025-01-23 00:00:00
1737604800000,3.1521,3.1554,3.1,3.1299,39614427.0,2025-01-23 04:00:00
1737619200000,3.1298,3.132,3.0623,3.0852,37446266.0,2025-01-23 08:00:00
1737633600000,3.0852,3.1644,3.0374,3.1352,83927247.0,2025-01-23 12:00:00
1737648000000,3.1351,3.1868,3.06,3.0801,44587120.0,2025-01-23 16:00:00
1737662400000,3.0801,3.175,3.058,3.1194,59271182.0,2025-01-23 20:00:00
1737676800000,3.1194,3.1333,3.055,3.1217,40636228.0,2025-01-24 00:00:00
1737691200000,3.1218,3.176,3.1125,3.1659,45058850.0,2025-01-24 04:00:00
1737705600000,3.1658,3.201,3.1618,3.1975,37056434.0,2025-01-24 08:00:00
1737720000000,3.1975,3.2031,3.13,3.1651,40749513.0,2025-01-24 12:00:00
1737734400000,3.1651,3.1704,3.133,3.142,32565484.0,2025-01-24 16:00:00
1737748800000,3.1419,3.1437,3.0828,3.1009,36560455.0,2025-01-24 20:00:00
1737763200000,3.1008,3.134,3.0965,3.1335,19649378.0,2025-01-25 00:00:00
1737777600000,3.1336,3.136,3.0937,3.1086,11896093.0,2025-01-25 04:00:00
1737792000000,3.1087,3.1167,3.0784,3.1145,16079034.0,2025-01-25 08:00:00
1737806400000,3.1145,3.1434,3.1031,3.1413,20023047.0,2025-01-25 12:00:00
1737820800000,3.1413,3.1446,3.1113,3.1253,15529992.0,2025-01-25 16:00:00
1737835200000,3.1253,3.1431,3.1038,3.108,16312313.0,2025-01-25 20:00:00
1737849600000,3.1079,3.1434,3.105,3.135,14747979.0,2025-01-26 00:00:00
1737864000000,3.135,3.1443,3.1218,3.142,20529233.0,2025-01-26 04:00:00
1737878400000,3.142,3.1442,3.1103,3.1303,15369595.0,2025-01-26 08:00:00
1737892800000,3.1303,3.1304,3.1121,3.1153,14113142.0,2025-01-26 12:00:00
1737907200000,3.1152,3.1375,3.107,3.131,12905797.0,2025-01-26 16:00:00
1737921600000,3.131,3.1321,3.0115,3.0223,51272067.0,2025-01-26 20:00:00
1737936000000,3.0222,3.0394,2.9423,3.0047,76104557.0,2025-01-27 00:00:00
1737950400000,3.0047,3.0047,2.6559,2.8103,208017105.0,2025-01-27 04:00:00
1737964800000,2.8104,2.8329,2.6989,2.7886,117753501.0,2025-01-27 08:00:00
1737979200000,2.7886,3.0005,2.77,2.9566,136353941.0,2025-01-27 12:00:00
1737993600000,2.9566,3.0261,2.8772,2.9159,66027411.0,2025-01-27 16:00:00
1738008000000,2.9159,3.0587,2.9153,3.0552,55799659.0,2025-01-27 20:00:00
1738022400000,3.0552,3.095,3.0062,3.0879,51082511.0,2025-01-28 00:00:00
1738036800000,3.088,3.1509,3.0849,3.1052,51505327.0,2025-01-28 04:00:00
1738051200000,3.1053,3.1446,3.0717,3.137,47883647.0,2025-01-28 08:00:00
1738065600000,3.1371,3.214,3.1151,3.1857,101929058.0,2025-01-28 12:00:00
1738080000000,3.1858,3.198,3.122,3.1374,44712547.0,2025-01-28 16:00:00
1738094400000,3.1374,3.1405,3.0124,3.0572,72357696.0,2025-01-28 20:00:00
1738108800000,3.0572,3.0962,3.0551,3.0843,24052497.0,2025-01-29 00:00:00
1738123200000,3.0843,3.1237,3.0732,3.1061,23211488.0,2025-01-29 04:00:00
1738137600000,3.1061,3.1296,3.0712,3.0867,29991437.0,2025-01-29 08:00:00
1738152000000,3.0867,3.1005,3.0255,3.0649,35250497.0,2025-01-29 12:00:00
1738166400000,3.0649,3.1278,2.9673,3.0726,95796065.0,2025-01-29 16:00:00
1738180800000,3.0725,3.1363,3.0365,3.0683,46454671.0,2025-01-29 20:00:00
1738195200000,3.0683,3.124,3.0466,3.1216,30147030.0,2025-01-30 00:00:00
1738209600000,3.1216,3.1356,3.0972,3.1085,23367421.0,2025-01-30 04:00:00
1738224000000,3.1086,3.1158,3.0964,3.102,24051951.0,2025-01-30 08:00:00
1738238400000,3.102,3.1544,3.0828,3.1203,42633116.0,2025-01-30 12:00:00
1738252800000,3.1204,3.145,3.0991,3.1299,29752818.0,2025-01-30 16:00:00
1738267200000,3.1299,3.154,3.1143,3.1276,23190978.0,2025-01-30 20:00:00
1738281600000,3.1276,3.1333,3.0792,3.0929,24596155.0,2025-01-31 00:00:00
1738296000000,3.0929,3.0985,3.07,3.0794,23648522.0,2025-01-31 04:00:00
1738310400000,3.0794,3.1022,3.0588,3.0983,20994107.0,2025-01-31 08:00:00
1738324800000,3.0982,3.1148,3.0705,3.0989,27454301.0,2025-01-31 12:00:00
1738339200000,3.0989,3.1039,3.0143,3.0329,42399351.0,2025-01-31 16:00:00
1738353600000,3.0328,3.0472,3.003,3.0361,23142886.0,2025-01-31 20:00:00
1738368000000,3.0361,3.0727,3.0263,3.0403,13924249.0,2025-02-01 00:00:00
1738382400000,3.0404,3.0578,3.0276,3.0309,12092222.0,2025-02-01 04:00:00
1738396800000,3.0309,3.0394,2.9466,2.9947,41869615.0,2025-02-01 08:00:00
1738411200000,2.9947,3.0083,2.9506,2.9734,22915458.0,2025-02-01 12:00:00
1738425600000,2.9734,3.0017,2.9075,2.9388,27858137.0,2025-02-01 16:00:00
1738440000000,2.9388,2.945,2.8281,2.8778,54941723.0,2025-02-01 20:00:00
1738454400000,2.8779,2.9559,2.8273,2.8338,50675981.0,2025-02-02 00:00:00
1738468800000,2.8337,2.9272,2.8221,2.8818,45899417.0,2025-02-02 04:00:00
1738483200000,2.8817,2.9154,2.7823,2.7871,39805822.0,2025-02-02 08:00:00
1738497600000,2.7871,2.8501,2.7325,2.8106,75431537.0,2025-02-02 12:00:00
1738512000000,2.8107,2.811,2.5001,2.6687,296122575.0,2025-02-02 16:00:00
1738526400000,2.6687,2.7207,2.4603,2.58,176153680.0,2025-02-02 20:00:00
1738540800000,2.5801,2.5813,1.7711,2.2589,845056387.0,2025-02-03 00:00:00
1738555200000,2.2589,2.4531,2.119,2.4298,257110273.0,2025-02-03 04:00:00
1738569600000,2.4298,2.4405,2.3082,2.372,133402299.0,2025-02-03 08:00:00
1738584000000,2.372,2.5959,2.2067,2.552,337093521.0,2025-02-03 12:00:00
1738598400000,2.5521,2.7814,2.5375,2.7464,200829343.0,2025-02-03 16:00:00
1738612800000,2.7463,2.7466,2.6443,2.7001,93267149.0,2025-02-03 20:00:00
1738627200000,2.7,2.7874,2.6887,2.7208,83108295.0,2025-02-04 00:00:00
1738641600000,2.7209,2.7303,2.472,2.486,144596184.0,2025-02-04 04:00:00
1738656000000,2.4859,2.6334,2.4748,2.5903,83897370.0,2025-02-04 08:00:00
1738670400000,2.5903,2.6863,2.5848,2.6204,84777506.0,2025-02-04 12:00:00
1738684800000,2.6205,2.7105,2.5864,2.5881,74202532.0,2025-02-04 16:00:00
1738699200000,2.5882,2.62,2.4209,2.5274,150971078.0,2025-02-04 20:00:00
1738713600000,2.5275,2.5646,2.4702,2.5061,47465766.0,2025-02-05 00:00:00
1738728000000,2.5061,2.5409,2.4856,2.511,33391275.0,2025-02-05 04:00:00
1738742400000,2.511,2.556,2.4961,2.5496,36708008.0,2025-02-05 08:00:00
1738756800000,2.5496,2.5692,2.4761,2.5024,54080893.0,2025-02-05 12:00:00
1738771200000,2.5023,2.509,2.3384,2.4374,109980213.0,2025-02-05 16:00:00
1738785600000,2.4375,2.4631,2.3597,2.381,57188938.0,2025-02-05 20:00:00
1738800000000,2.381,2.4354,2.3758,2.4247,32895442.0,2025-02-06 00:00:00
1738814400000,2.4247,2.4678,2.4131,2.4402,40912226.0,2025-02-06 04:00:00
1738828800000,2.4403,2.4699,2.4195,2.449,34501421.0,2025-02-06 08:00:00
1738843200000,2.4489,2.453,2.2855,2.3158,93604165.0,2025-02-06 12:00:00
1738857600000,2.3158,2.371,2.2772,2.2953,79199438.0,2025-02-06 16:00:00
1738872000000,2.2953,2.365,2.2904,2.325,41784245.0,2025-02-06 20:00:00
1738886400000,2.3251,2.374,2.3109,2.3536,35066166.0,2025-02-07 00:00:00
1738900800000,2.3535,2.373,2.2655,2.2889,46109900.0,2025-02-07 04:00:00
1738915200000,2.289,2.4333,2.277,2.4185,59410317.0,2025-02-07 08:00:00
1738929600000,2.4185,2.542,2.3732,2.4789,164449183.0,2025-02-07 12:00:00
1738944000000,2.4789,2.509,2.4111,2.4279,76813003.0,2025-02-07 16:00:00
1738958400000,2.4279,2.4318,2.3466,2.3968,65639376.0,2025-02-07 20:00:00
1738972800000,2.3969,2.4277,2.3757,2.383,29099456.0,2025-02-08 00:00:00
1738987200000,2.383,2.4043,2.3506,2.3944,25109434.0,2025-02-08 04:00:00
1739001600000,2.3944,2.418,2.371,2.4105,25896352.0,2025-02-08 08:00:00
1739016000000,2.4105,2.435,2.3826,2.3913,31756076.0,2025-02-08 12:00:00
1739030400000,2.3913,2.4372,2.3778,2.425,25109589.0,2025-02-08 16:00:00
1739044800000,2.4249,2.4368,2.4031,2.419,17746297.0,2025-02-08 20:00:00
1739059200000,2.419,2.505,2.4074,2.5038,31985602.0,2025-02-09 00:00:00
1739073600000,2.5038,2.5079,2.4498,2.4672,23636801.0,2025-02-09 04:00:00
1739088000000,2.4672,2.4967,2.4381,2.4386,23952495.0,2025-02-09 08:00:00
1739102400000,2.4387,2.4488,2.3795,2.4285,40904262.0,2025-02-09 12:00:00
1739116800000,2.4284,2.4347,2.385,2.3987,17005027.0,2025-02-09 16:00:00
1739131200000,2.3987,2.4227,2.3113,2.3928,66721416.0,2025-02-09 20:00:00
1739145600000,2.3928,2.437,2.3235,2.3827,63468261.0,2025-02-10 00:00:00
1739160000000,2.3828,2.4196,2.3721,2.4049,32719998.0,2025-02-10 04:00:00
1739174400000,2.4049,2.4534,2.4015,2.4285,33737602.0,2025-02-10 08:00:00
1739188800000,2.4286,2.4733,2.4051,2.4218,41466407.0,2025-02-10 12:00:00
1739203200000,2.4218,2.4458,2.4093,2.4244,20625159.0,2025-02-10 16:00:00
1739217600000,2.4245,2.4423,2.4085,2.4237,15240506.0,2025-02-10 20:00:00
1739232000000,2.4238,2.47,2.42,2.4413,26989758.0,2025-02-11 00:00:00
1739246400000,2.4413,2.529,2.441,2.4999,53543899.0,2025-02-11 04:00:00
1739260800000,2.4999,2.5126,2.4736,2.4964,40634576.0,2025-02-11 08:00:00
1739275200000,2.4964,2.4991,2.4339,2.4697,40728574.0,2025-02-11 12:00:00
1739289600000,2.4697,2.4815,2.3708,2.3875,52993364.0,2025-02-11 16:00:00
1739304000000,2.3876,2.4464,2.3834,2.4131,33292005.0,2025-02-11 20:00:00
1739318400000,2.413,2.4271,2.3814,2.3884,25103459.0,2025-02-12 00:00:00
1739332800000,2.3884,2.419,2.3804,2.4062,21690561.0,2025-02-12 04:00:00
1739347200000,2.4062,2.4333,2.4004,2.4213,17923876.0,2025-02-12 08:00:00
1739361600000,2.4213,2.4523,2.3323,2.4008,98303376.0,2025-02-12 12:00:00
1739376000000,2.4008,2.4664,2.3791,2.4482,37000081.0,2025-02-12 16:00:00
1739390400000,2.4482,2.4962,2.44,2.4734,27936283.0,2025-02-12 20:00:00
1739404800000,2.4734,2.483,2.4515,2.4827,18509775.0,2025-02-13 00:00:00
1739419200000,2.4828,2.4862,2.4283,2.4407,29516346.0,2025-02-13 04:00:00
1739433600000,2.4407,2.4581,2.4195,2.444,18903880.0,2025-02-13 08:00:00
1739448000000,2.4441,2.4709,2.4154,2.4478,36676480.0,2025-02-13 12:00:00
1739462400000,2.4477,2.4733,2.421,2.4546,25873223.0,2025-02-13 16:00:00
1739476800000,2.4546,2.6061,2.454,2.5599,82998999.0,2025-02-13 20:00:00
1739491200000,2.56,2.5938,2.53,2.5938,40162911.0,2025-02-14 00:00:00
1739505600000,2.5938,2.598,2.5382,2.5881,36273042.0,2025-02-14 04:00:00
1739520000000,2.588,2.7895,2.5871,2.7324,135828208.0,2025-02-14 08:00:00
1739534400000,2.7324,2.7513,2.6797,2.7251,76949639.0,2025-02-14 12:00:00
1739548800000,2.7251,2.8356,2.6999,2.7879,69937127.0,2025-02-14 16:00:00
1739563200000,2.788,2.8109,2.6917,2.7384,48390195.0,2025-02-14 20:00:00
1739577600000,2.7384,2.8335,2.7235,2.8135,42566656.0,2025-02-15 00:00:00
1739592000000,2.8135,2.8149,2.746,2.7638,29526596.0,2025-02-15 04:00:00
1739606400000,2.7638,2.818,2.7637,2.7972,29688684.0,2025-02-15 08:00:00
1739620800000,2.7973,2.8248,2.7577,2.78,32820645.0,2025-02-15 12:00:00
1739635200000,2.7799,2.7859,2.7385,2.7446,29385034.0,2025-02-15 16:00:00
1739649600000,2.7447,2.7656,2.713,2.7619,20194292.0,2025-02-15 20:00:00
1739664000000,2.7619,2.7988,2.7552,2.7832,21474355.0,2025-02-16 00:00:00
1739678400000,2.7832,2.8054,2.7495,2.7603,21320872.0,2025-02-16 04:00:00
1739692800000,2.7603,2.7773,2.74,2.7642,18233959.0,2025-02-16 08:00:00
1739707200000,2.7642,2.7673,2.6969,2.7231,26196841.0,2025-02-16 12:00:00
1739721600000,2.723,2.7411,2.6879,2.7261,21211565.0,2025-02-16 16:00:00
1739736000000,2.7261,2.7683,2.7177,2.7283,23950405.0,2025-02-16 20:00:00
1739750400000,2.7283,2.7648,2.7,2.7126,22812571.0,2025-02-17 00:00:00
1739764800000,2.7126,2.7174,2.6357,2.655,57576194.0,2025-02-17 04:00:00
1739779200000,2.6549,2.7001,2.642,2.6727,27244581.0,2025-02-17 08:00:00
1739793600000,2.6727,2.7323,2.6395,2.6465,41061139.0,2025-02-17 12:00:00
1739808000000,2.6464,2.6639,2.6075,2.6487,43095467.0,2025-02-17 16:00:00
1739822400000,2.6487,2.686,2.6435,2.6599,21023404.0,2025-02-17 20:00:00
1739836800000,2.6599,2.6699,2.6262,2.6599,18726187.0,2025-02-18 00:00:00
1739851200000,2.66,2.6669,2.5414,2.5636,54342659.0,2025-02-18 04:00:00
1739865600000,2.5636,2.6097,2.5463,2.5735,28661750.0,2025-02-18 08:00:00
1739880000000,2.5736,2.631,2.5264,2.5407,41041883.0,2025-02-18 12:00:00
1739894400000,2.5408,2.557,2.4693,2.5117,57299893.0,2025-02-18 16:00:00
1739908800000,2.5118,2.5683,2.4954,2.5628,27097647.0,2025-02-18 20:00:00
1739923200000,2.5629,2.5779,2.5192,2.5541,30026379.0,2025-02-19 00:00:00
1739937600000,2.554,2.5656,2.5121,2.5571,26225807.0,2025-02-19 04:00:00
1739952000000,2.5571,2.6322,2.5428,2.6152,30615544.0,2025-02-19 08:00:00
1739966400000,2.6152,2.6252,2.5732,2.6075,31594167.0,2025-02-19 12:00:00
1739980800000,2.6077,2.692,2.607,2.6607,51056648.0,2025-02-19 16:00:00
1739995200000,2.6607,2.747,2.6559,2.7378,38704146.0,2025-02-19 20:00:00
1740009600000,2.7378,2.749,2.6813,2.7046,31665481.0,2025-02-20 00:00:00
1740024000000,2.7045,2.7331,2.6701,2.6861,34418158.0,2025-02-20 04:00:00
1740038400000,2.6861,2.7125,2.6762,2.6813,17520227.0,2025-02-20 08:00:00
1740052800000,2.6813,2.7473,2.6707,2.6728,36771786.0,2025-02-20 12:00:00
1740067200000,2.6728,2.7283,2.6671,2.7076,20389678.0,2025-02-20 16:00:00
1740081600000,2.7078,2.714,2.6699,2.6877,20448345.0,2025-02-20 20:00:00
1740096000000,2.6878,2.6931,2.6396,2.6437,23272115.0,2025-02-21 00:00:00
1740110400000,2.6436,2.675,2.6413,2.6596,18894634.0,2025-02-21 04:00:00
1740124800000,2.6597,2.695,2.6466,2.6507,27808271.0,2025-02-21 08:00:00
1740139200000,2.6508,2.716,2.5644,2.6144,75059546.0,2025-02-21 12:00:00
1740153600000,2.6144,2.6473,2.5076,2.5257,66458243.0,2025-02-21 16:00:00
1740168000000,2.5257,2.5763,2.5158,2.5721,46261398.0,2025-02-21 20:00:00
1740182400000,2.5722,2.5987,2.5505,2.5724,24630294.0,2025-02-22 00:00:00
1740196800000,2.5724,2.5954,2.5672,2.5815,11332354.0,2025-02-22 04:00:00
1740211200000,2.5815,2.5967,2.5641,2.5886,18352357.0,2025-02-22 08:00:00
1740225600000,2.5887,2.5997,2.5784,2.5902,11877382.0,2025-02-22 12:00:00
1740240000000,2.5903,2.6099,2.5814,2.5874,11714917.0,2025-02-22 16:00:00
1740254400000,2.5874,2.5893,2.5678,2.574,14609348.0,2025-02-22 20:00:00
1740268800000,2.574,2.575,2.5408,2.5527,18065143.0,2025-02-23 00:00:00
1740283200000,2.5527,2.6016,2.544,2.59,13599800.0,2025-02-23 04:00:00
1740297600000,2.59,2.5915,2.5659,2.5693,12558826.0,2025-02-23 08:00:00
1740312000000,2.5693,2.5743,2.5201,2.522,19475088.0,2025-02-23 12:00:00
1740326400000,2.522,2.5659,2.5205,2.5523,13884904.0,2025-02-23 16:00:00
1740340800000,2.5524,2.5836,2.5415,2.5763,13814248.0,2025-02-23 20:00:00
1740355200000,2.5763,2.609,2.47,2.4902,42428738.0,2025-02-24 00:00:00
1740369600000,2.4901,2.505,2.4424,2.4939,44008592.0,2025-02-24 04:00:00
1740384000000,2.4939,2.4945,2.433,2.4881,41076545.0,2025-02-24 08:00:00
1740398400000,2.4882,2.4984,2.402,2.4309,54598226.0,2025-02-24 12:00:00
1740412800000,2.431,2.4764,2.3811,2.4014,42820093.0,2025-02-24 16:00:00
1740427200000,2.4015,2.4494,2.2336,2.2783,126102587.0,2025-02-24 20:00:00
1740441600000,2.2784,2.3367,2.211,2.2835,90757822.0,2025-02-25 00:00:00
1740456000000,2.2836,2.31,2.0906,2.1511,179729410.0,2025-02-25 04:00:00
1740470400000,2.1511,2.2138,2.0637,2.1893,180087119.0,2025-02-25 08:00:00
1740484800000,2.1893,2.2794,2.1562,2.2064,164199418.0,2025-02-25 12:00:00
1740499200000,2.2065,2.265,2.1722,2.2629,67989718.0,2025-02-25 16:00:00
1740513600000,2.2629,2.3663,2.245,2.3222,79658090.0,2025-02-25 20:00:00
1740528000000,2.3222,2.3314,2.2634,2.3115,47237215.0,2025-02-26 00:00:00
1740542400000,2.3116,2.3288,2.2679,2.2872,29084056.0,2025-02-26 04:00:00
1740556800000,2.2872,2.3226,2.2644,2.2802,41515185.0,2025-02-26 08:00:00
1740571200000,2.2803,2.304,2.1948,2.2749,92815492.0,2025-02-26 12:00:00
1740585600000,2.275,2.2828,2.1507,2.18,93128941.0,2025-02-26 16:00:00
1740600000000,2.1801,2.2472,2.1542,2.1982,60344676.0,2025-02-26 20:00:00
1740614400000,2.1983,2.2187,2.16,2.2025,45405157.0,2025-02-27 00:00:00
1740628800000,2.2026,2.2395,2.1717,2.2229,33214497.0,2025-02-27 04:00:00
1740643200000,2.2229,2.2577,2.2018,2.2394,33504804.0,2025-02-27 08:00:00
1740657600000,2.2395,2.2467,2.1668,2.1995,49728472.0,2025-02-27 12:00:00
1740672000000,2.1994,2.2375,2.1735,2.1904,29041400.0,2025-02-27 16:00:00
1740686400000,2.1904,2.2085,2.1453,2.1985,38847596.0,2025-02-27 20:00:00
1740700800000,2.1985,2.2017,2.018,2.0209,137532263.0,2025-02-28 00:00:00
1740715200000,2.0209,2.0504,1.9828,2.0003,92012826.0,2025-02-28 04:00:00
1740729600000,2.0003,2.0603,1.951,2.0316,73704182.0,2025-02-28 08:00:00
1740744000000,2.0315,2.157,2.013,2.1469,91467361.0,2025-02-28 12:00:00
1740758400000,2.1469,2.1646,2.1152,2.1479,45726501.0,2025-02-28 16:00:00
1740772800000,2.1479,2.159,2.1217,2.1453,22723206.0,2025-02-28 20:00:00
1740787200000,2.1454,2.2176,2.1216,2.1847,35881354.0,2025-03-01 00:00:00
1740801600000,2.1846,2.2199,2.1631,2.1671,26462042.0,2025-03-01 04:00:00
1740816000000,2.1671,2.1938,2.1415,2.1606,23095885.0,2025-03-01 08:00:00
1740830400000,2.1607,2.1719,2.1214,2.1511,21492260.0,2025-03-01 12:00:00
1740844800000,2.1512,2.1774,2.1358,2.169,15223198.0,2025-03-01 16:00:00
1740859200000,2.169,2.2094,2.1601,2.1916,23433452.0,2025-03-01 20:00:00
1740873600000,2.1917,2.2677,2.1735,2.2539,32112281.0,2025-03-02 00:00:00
1740888000000,2.2539,2.2986,2.2394,2.2737,25324497.0,2025-03-02 04:00:00
1740902400000,2.2738,2.285,2.2528,2.2748,22432409.0,2025-03-02 08:00:00
1740916800000,2.2748,2.725,2.2202,2.5984,219364589.0,2025-03-02 12:00:00
1740931200000,2.5985,2.999,2.5949,2.8715,413028626.0,2025-03-02 16:00:00
1740945600000,2.8715,2.9626,2.8348,2.9396,94693217.0,2025-03-02 20:00:00
1740960000000,2.9395,2.9676,2.7625,2.7936,108755976.0,2025-03-03 00:00:00
1740974400000,2.7935,2.8236,2.6313,2.6896,97306549.0,2025-03-03 04:00:00
1740988800000,2.6896,2.696,2.5259,2.6337,124300459.0,2025-03-03 08:00:00
1741003200000,2.6337,2.7159,2.555,2.5981,138044260.0,2025-03-03 12:00:00
1741017600000,2.5982,2.637,2.3415,2.349,188690727.0,2025-03-03 16:00:00
1741032000000,2.349,2.4232,2.2976,2.3873,113692165.0,2025-03-03 20:00:00
1741046400000,2.3873,2.4225,2.2123,2.2983,115029108.0,2025-03-04 00:00:00
1741060800000,2.2984,2.377,2.2879,2.3207,61403464.0,2025-03-04 04:00:00
1741075200000,2.3207,2.4137,2.3018,2.3597,61669732.0,2025-03-04 08:00:00
1741089600000,2.3596,2.5262,2.2887,2.4035,160817719.0,2025-03-04 12:00:00
1741104000000,2.4035,2.52,2.312,2.4943,118366384.0,2025-03-04 16:00:00
1741118400000,2.4943,2.5388,2.4273,2.4543,52628686.0,2025-03-04 20:00:00
1741132800000,2.4542,2.5409,2.4335,2.4391,43394714.0,2025-03-05 00:00:00
1741147200000,2.4391,2.4596,2.408,2.4473,41651073.0,2025-03-05 04:00:00
1741161600000,2.4472,2.5399,2.445,2.4791,49500775.0,2025-03-05 08:00:00
1741176000000,2.4792,2.5079,2.4188,2.4481,66408360.0,2025-03-05 12:00:00
1741190400000,2.4481,2.5173,2.4259,2.4966,34694771.0,2025-03-05 16:00:00
1741204800000,2.4966,2.515,2.4883,2.4998,19256274.0,2025-03-05 20:00:00
1741219200000,2.4998,2.5484,2.4707,2.5133,33864332.0,2025-03-06 00:00:00
1741233600000,2.5133,2.5549,2.5007,2.5123,31642558.0,2025-03-06 04:00:00
1741248000000,2.5123,2.6461,2.5103,2.611,67648054.0,2025-03-06 08:00:00
1741262400000,2.6111,2.64,2.5464,2.6222,70505395.0,2025-03-06 12:00:00
1741276800000,2.6222,2.6392,2.5265,2.5842,58255129.0,2025-03-06 16:00:00
1741291200000,2.5843,2.6262,2.575,2.6001,31579530.0,2025-03-06 20:00:00
1741305600000,2.6,2.6217,2.3737,2.4704,147617446.0,2025-03-07 00:00:00
1741320000000,2.4704,2.5186,2.467,2.5062,31513118.0,2025-03-07 04:00:00
1741334400000,2.5062,2.5699,2.4929,2.5302,34689383.0,2025-03-07 08:00:00
1741348800000,2.5303,2.557,2.4832,2.5035,67357689.0,2025-03-07 12:00:00
1741363200000,2.5035,2.5234,2.3839,2.4829,95264890.0,2025-03-07 16:00:00
1741377600000,2.483,2.5347,2.3435,2.3855,77791568.0,2025-03-07 20:00:00
1741392000000,2.3855,2.4106,2.3274,2.3435,32163695.0,2025-03-08 00:00:00
1741406400000,2.3435,2.3758,2.3317,2.362,15947816.0,2025-03-08 04:00:00
1741420800000,2.3619,2.3688,2.3013,2.3164,20887083.0,2025-03-08 08:00:00
1741435200000,2.3164,2.366,2.3063,2.3513,17907145.0,2025-03-08 12:00:00
1741449600000,2.3513,2.36,2.3106,2.356,18637473.0,2025-03-08 16:00:00
1741464000000,2.356,2.3635,2.3136,2.3261,13497732.0,2025-03-08 20:00:00
1741478400000,2.3262,2.351,2.3055,2.3227,14039309.0,2025-03-09 00:00:00
1741492800000,2.3228,2.3439,2.311,2.3393,12568752.0,2025-03-09 04:00:00
1741507200000,2.3392,2.3416,2.2399,2.2547,40993718.0,2025-03-09 08:00:00
1741521600000,2.2547,2.2563,2.1637,2.1853,60266939.0,2025-03-09 12:00:00
1741536000000,2.1852,2.1975,2.083,2.1639,95237133.0,2025-03-09 16:00:00
1741550400000,2.164,2.2062,2.1179,2.1387,53605201.0,2025-03-09 20:00:00
1741564800000,2.1388,2.2013,2.0872,2.1702,55214002.0,2025-03-10 00:00:00
1741579200000,2.1702,2.2037,2.1584,2.1843,33026268.0,2025-03-10 04:00:00
1741593600000,2.1844,2.2613,2.1291,2.2138,66724993.0,2025-03-10 08:00:00
1741608000000,2.2139,2.226,2.0669,2.1187,84406972.0,2025-03-10 12:00:00
1741622400000,2.1188,2.1287,1.9925,2.0766,106822008.0,2025-03-10 16:00:00
1741636800000,2.0767,2.0923,2.0126,2.0216,45029388.0,2025-03-10 20:00:00
1741651200000,2.0216,2.0646,1.9,2.0462,107021901.0,2025-03-11 00:00:00
1741665600000,2.0461,2.1314,2.0418,2.0952,45566347.0,2025-03-11 04:00:00
1741680000000,2.0952,2.1646,2.09,2.156,37539279.0,2025-03-11 08:00:00
1741694400000,2.1559,2.1607,2.0559,2.1358,102571708.0,2025-03-11 12:00:00
1741708800000,2.1358,2.2138,2.08,2.2086,63050999.0,2025-03-11 16:00:00
1741723200000,2.2087,2.2106,2.1633,2.1711,26670010.0,2025-03-11 20:00:00
1741737600000,2.171,2.2464,2.16,2.1682,40223354.0,2025-03-12 00:00:00
1741752000000,2.1681,2.1943,2.1432,2.1887,34272076.0,2025-03-12 04:00:00
1741766400000,2.1886,2.2372,2.1677,2.2143,37231357.0,2025-03-12 08:00:00
1741780800000,2.2143,2.2769,2.1333,2.2038,91492673.0,2025-03-12 12:00:00
1741795200000,2.2037,2.2544,2.1885,2.2379,52753419.0,2025-03-12 16:00:00
1741809600000,2.2379,2.2433,2.212,2.2396,21587531.0,2025-03-12 20:00:00
1741824000000,2.2395,2.2588,2.2262,2.2408,22275079.0,2025-03-13 00:00:00
1741838400000,2.2407,2.2539,2.2176,2.234,23928306.0,2025-03-13 04:00:00
1741852800000,2.234,2.2889,2.2137,2.2841,36670055.0,2025-03-13 08:00:00
1741867200000,2.2841,2.347,2.2742,2.2879,89220134.0,2025-03-13 12:00:00
1741881600000,2.288,2.3086,2.2151,2.2387,50814152.0,2025-03-13 16:00:00
1741896000000,2.2387,2.2761,2.2185,2.2527,20988867.0,2025-03-13 20:00:00
1741910400000,2.2526,2.3008,2.2371,2.2911,39528420.0,2025-03-14 00:00:00
1741924800000,2.2911,2.32,2.2799,2.2946,30029324.0,2025-03-14 04:00:00
1741939200000,2.2945,2.3322,2.2902,2.3165,21420016.0,2025-03-14 08:00:00
1741953600000,2.3166,2.3893,2.2965,2.3583,64940752.0,2025-03-14 12:00:00
1741968000000,2.3582,2.3723,2.3359,2.3551,24293156.0,2025-03-14 16:00:00
1741982400000,2.355,2.3727,2.3313,2.3564,17074801.0,2025-03-14 20:00:00
1741996800000,2.3564,2.4305,2.3525,2.4247,26913987.0,2025-03-15 00:00:00
1742011200000,2.4247,2.4751,2.3734,2.393,47620658.0,2025-03-15 04:00:00
1742025600000,2.3929,2.426,2.386,2.4252,21530997.0,2025-03-15 08:00:00
1742040000000,2.4253,2.4539,2.4132,2.4262,22825788.0,2025-03-15 12:00:00
1742054400000,2.4261,2.4281,2.3935,2.4015,17382460.0,2025-03-15 16:00:00
1742068800000,2.4015,2.4187,2.3826,2.3911,13783046.0,2025-03-15 20:00:00
1742083200000,2.3911,2.4109,2.3627,2.3824,20928635.0,2025-03-16 00:00:00
1742097600000,2.3825,2.396,2.368,2.3809,10527211.0,2025-03-16 04:00:00
1742112000000,2.3808,2.3851,2.2875,2.2981,36125063.0,2025-03-16 08:00:00
1742126400000,2.2981,2.3221,2.2677,2.2961,34468223.0,2025-03-16 12:00:00
1742140800000,2.296,2.352,2.284,2.2948,33698492.0,2025-03-16 16:00:00
1742155200000,2.2948,2.3208,2.2828,2.2938,16227133.0,2025-03-16 20:00:00
1742169600000,2.2938,2.3582,2.2915,2.3551,20071733.0,2025-03-17 00:00:00
1742184000000,2.3551,2.37,2.307,2.3363,22759302.0,2025-03-17 04:00:00
1742198400000,2.3364,2.3557,2.3201,2.3387,16732059.0,2025-03-17 08:00:00
1742212800000,2.3387,2.3679,2.3069,2.3446,34348402.0,2025-03-17 12:00:00
1742227200000,2.3446,2.3788,2.3302,2.3601,25650678.0,2025-03-17 16:00:00
1742241600000,2.3602,2.3628,2.3346,2.3382,14361322.0,2025-03-17 20:00:00
1742256000000,2.3381,2.3399,2.2742,2.286,35436679.0,2025-03-18 00:00:00
1742270400000,2.2861,2.3015,2.2432,2.2894,33677648.0,2025-03-18 04:00:00
1742284800000,2.2894,2.3052,2.26,2.2619,21338104.0,2025-03-18 08:00:00
1742299200000,2.2619,2.268,2.225,2.2371,36448660.0,2025-03-18 12:00:00
1742313600000,2.2371,2.2663,2.2225,2.2628,22378012.0,2025-03-18 16:00:00
1742328000000,2.2628,2.2949,2.2502,2.2851,15440196.0,2025-03-18 20:00:00
1742342400000,2.2851,2.3081,2.2653,2.2954,17502255.0,2025-03-19 00:00:00
1742356800000,2.2954,2.3048,2.2828,2.2932,16530472.0,2025-03-19 04:00:00
1742371200000,2.2933,2.3488,2.2932,2.3363,27897293.0,2025-03-19 08:00:00
1742385600000,2.3362,2.59,2.3172,2.5548,251590531.0,2025-03-19 12:00:00
1742400000000,2.5548,2.5668,2.4525,2.4877,107228556.0,2025-03-19 16:00:00
1742414400000,2.4878,2.5672,2.4762,2.5469,41432708.0,2025-03-19 20:00:00
1742428800000,2.5469,2.5638,2.4784,2.4845,42117423.0,2025-03-20 00:00:00
1742443200000,2.4845,2.4873,2.4312,2.4644,33024475.0,2025-03-20 04:00:00
1742457600000,2.4643,2.5182,2.464,2.4909,41589529.0,2025-03-20 08:00:00
1742472000000,2.4909,2.5186,2.4374,2.4388,44400318.0,2025-03-20 12:00:00
1742486400000,2.4387,2.458,2.389,2.4363,46979396.0,2025-03-20 16:00:00
1742500800000,2.4362,2.455,2.4131,2.4361,17461951.0,2025-03-20 20:00:00
1742515200000,2.436,2.4669,2.4125,2.4237,24927356.0,2025-03-21 00:00:00
1742529600000,2.4236,2.4352,2.3834,2.4083,28483331.0,2025-03-21 04:00:00
1742544000000,2.4083,2.4205,2.3713,2.3883,26673079.0,2025-03-21 08:00:00
1742558400000,2.3882,2.399,2.3564,2.3726,29379486.0,2025-03-21 12:00:00
1742572800000,2.3725,2.4242,2.3614,2.402,21763517.0,2025-03-21 16:00:00
1742587200000,2.402,2.4156,2.3746,2.3809,11806297.0,2025-03-21 20:00:00
1742601600000,2.3809,2.407,2.3735,2.3891,11971124.0,2025-03-22 00:00:00
1742616000000,2.3891,2.4133,2.3846,2.4014,8994472.0,2025-03-22 04:00:00
1742630400000,2.4015,2.417,2.3849,2.3939,13079106.0,2025-03-22 08:00:00
1742644800000,2.3938,2.397,2.3668,2.378,11302109.0,2025-03-22 12:00:00
1742659200000,2.3779,2.3932,2.3733,2.3811,11037158.0,2025-03-22 16:00:00
1742673600000,2.3811,2.3839,2.3594,2.3711,12699596.0,2025-03-22 20:00:00
1742688000000,2.3712,2.3925,2.365,2.3884,11044658.0,2025-03-23 00:00:00
1742702400000,2.3884,2.4015,2.377,2.3954,9949040.0,2025-03-23 04:00:00
1742716800000,2.3954,2.4282,2.3849,2.4052,18044016.0,2025-03-23 08:00:00
1742731200000,2.4051,2.4236,2.3938,2.4133,15189474.0,2025-03-23 12:00:00
1742745600000,2.4133,2.4174,2.3859,2.4003,11479466.0,2025-03-23 16:00:00
1742760000000,2.4004,2.4409,2.3881,2.4393,16464992.0,2025-03-23 20:00:00
1742774400000,2.4392,2.4578,2.4134,2.4434,23632258.0,2025-03-24 00:00:00
1742788800000,2.4434,2.4694,2.4383,2.4433,28365120.0,2025-03-24 04:00:00
1742803200000,2.4432,2.4772,2.443,2.4594,22774360.0,2025-03-24 08:00:00
1742817600000,2.4595,2.5044,2.4422,2.4738,30719114.0,2025-03-24 12:00:00
1742832000000,2.4738,2.4766,2.4459,2.4653,20553304.0,2025-03-24 16:00:00
1742846400000,2.4653,2.477,2.4273,2.4501,14547234.0,2025-03-24 20:00:00
1742860800000,2.4501,2.4665,2.4087,2.4142,20749009.0,2025-03-25 00:00:00
1742875200000,2.4142,2.4353,2.4071,2.4227,13943359.0,2025-03-25 04:00:00
1742889600000,2.4226,2.45,2.4203,2.4446,13916309.0,2025-03-25 08:00:00
1742904000000,2.4447,2.4578,2.4267,2.4377,20850861.0,2025-03-25 12:00:00
1742918400000,2.4378,2.4783,2.4243,2.4592,26401207.0,2025-03-25 16:00:00
1742932800000,2.4592,2.47,2.4335,2.4492,11445596.0,2025-03-25 20:00:00
1742947200000,2.4491,2.4794,2.4355,2.4383,19457098.0,2025-03-26 00:00:00
1742961600000,2.4383,2.4707,2.4354,2.465,13822169.0,2025-03-26 04:00:00
1742976000000,2.4651,2.4729,2.4509,2.4567,20056253.0,2025-03-26 08:00:00
1742990400000,2.4567,2.4592,2.3952,2.4054,36609876.0,2025-03-26 12:00:00
1743004800000,2.4053,2.4135,2.3584,2.3717,25431340.0,2025-03-26 16:00:00
1743019200000,2.3716,2.3887,2.328,2.3494,25436346.0,2025-03-26 20:00:00
1743033600000,2.3494,2.39,2.3451,2.378,20809744.0,2025-03-27 00:00:00
1743048000000,2.3781,2.3807,2.3519,2.3645,16939663.0,2025-03-27 04:00:00
1743062400000,2.3645,2.3799,2.3392,2.3432,15539060.0,2025-03-27 08:00:00
1743076800000,2.3431,2.367,2.3021,2.3402,37253784.0,2025-03-27 12:00:00
1743091200000,2.3401,2.3564,2.3193,2.3396,19326078.0,2025-03-27 16:00:00
1743105600000,2.3395,2.36,2.3292,2.341,12038473.0,2025-03-27 20:00:00
1743120000000,2.3411,2.3433,2.3018,2.3104,20521855.0,2025-03-28 00:00:00
1743134400000,2.3104,2.314,2.2171,2.2208,48531372.0,2025-03-28 04:00:00
1743148800000,2.2209,2.243,2.1945,2.2271,40133299.0,2025-03-28 08:00:00
1743163200000,2.227,2.2462,2.1746,2.1785,49920895.0,2025-03-28 12:00:00
1743177600000,2.1785,2.1932,2.1535,2.1802,30080668.0,2025-03-28 16:00:00
1743192000000,2.1802,2.2119,2.1587,2.2073,22201592.0,2025-03-28 20:00:00
1743206400000,2.2072,2.2267,2.129,2.1763,25838007.0,2025-03-29 00:00:00
1743220800000,2.1763,2.1862,2.1112,2.1223,25307335.0,2025-03-29 04:00:00
1743235200000,2.1223,2.1434,2.0607,2.0871,54039681.0,2025-03-29 08:00:00
1743249600000,2.088,2.1409,2.0817,2.1073,37275386.0,2025-03-29 12:00:00
1743264000000,2.1073,2.1363,2.0717,2.1328,30777030.0,2025-03-29 16:00:00
1743278400000,2.1327,2.1426,2.102,2.1351,15107264.0,2025-03-29 20:00:00
1743292800000,2.1352,2.2142,2.1159,2.1824,34688591.0,2025-03-30 00:00:00
1743307200000,2.1823,2.1947,2.1586,2.1758,19127361.0,2025-03-30 04:00:00
1743321600000,2.1758,2.1989,2.1538,2.1626,19900443.0,2025-03-30 08:00:00
1743336000000,2.1626,2.1692,2.123,2.1376,30030139.0,2025-03-30 12:00:00
1743350400000,2.1377,2.1711,2.115,2.1434,18703877.0,2025-03-30 16:00:00
1743364800000,2.1434,2.1638,2.1077,2.1369,20986155.0,2025-03-30 20:00:00
1743379200000,2.1371,2.141,2.079,2.0811,37602857.0,2025-03-31 00:00:00
1743393600000,2.0811,2.1149,2.0538,2.0654,35864412.0,2025-03-31 04:00:00
1743408000000,2.0654,2.0943,2.0238,2.0826,50141005.0,2025-03-31 08:00:00
1743422400000,2.0827,2.1415,2.0594,2.1187,53759418.0,2025-03-31 12:00:00
1743436800000,2.1187,2.1319,2.0805,2.0909,25308712.0,2025-03-31 16:00:00
1743451200000,2.0909,2.1052,2.0751,2.0899,22683507.0,2025-03-31 20:00:00
1743465600000,2.0899,2.116,2.065,2.098,24400690.0,2025-04-01 00:00:00
1743480000000,2.098,2.12,2.0892,2.095,26615303.0,2025-04-01 04:00:00
1743494400000,2.0951,2.1999,2.0944,2.134,64074505.0,2025-04-01 08:00:00
1743508800000,2.134,2.1828,2.0942,2.1591,52375145.0,2025-04-01 12:00:00
1743523200000,2.1591,2.1695,2.121,2.1388,21236558.0,2025-04-01 16:00:00
1743537600000,2.1387,2.1538,2.1213,2.1387,17447758.0,2025-04-01 20:00:00
1743552000000,2.1387,2.1397,2.085,2.0992,22982970.0,2025-04-02 00:00:00
1743566400000,2.0991,2.113,2.0672,2.109,29645549.0,2025-04-02 04:00:00
1743580800000,2.109,2.1366,2.0988,2.1141,23304054.0,2025-04-02 08:00:00
1743595200000,2.114,2.1955,2.0983,2.1727,68008480.0,2025-04-02 12:00:00
1743609600000,2.1727,2.1803,2.131,2.1599,34327127.0,2025-04-02 16:00:00
1743624000000,2.1599,2.233,1.9841,2.0237,134634602.0,2025-04-02 20:00:00
1743638400000,2.0237,2.0721,2.0073,2.0633,66530889.0,2025-04-03 00:00:00
1743652800000,2.0634,2.082,2.031,2.0523,38608396.0,2025-04-03 04:00:00
1743667200000,2.0522,2.0578,2.0137,2.0339,41436502.0,2025-04-03 08:00:00
1743681600000,2.034,2.0424,1.96,2.0056,83526012.0,2025-04-03 12:00:00
1743696000000,2.0056,2.075,1.9917,2.0538,33471971.0,2025-04-03 16:00:00
1743710400000,2.0539,2.0688,2.0357,2.0648,19475379.0,2025-04-03 20:00:00
1743724800000,2.0648,2.0784,2.0361,2.0501,24986806.0,2025-04-04 00:00:00
1743739200000,2.0501,2.095,2.0427,2.0905,26971090.0,2025-04-04 04:00:00
1743753600000,2.0905,2.1029,2.016,2.0479,50345380.0,2025-04-04 08:00:00
1743768000000,2.0479,2.1626,2.0381,2.1226,90536381.0,2025-04-04 12:00:00
1743782400000,2.1227,2.147,2.0986,2.1285,35215584.0,2025-04-04 16:00:00
1743796800000,2.1284,2.1548,2.1128,2.1302,21483618.0,2025-04-04 20:00:00
1743811200000,2.1303,2.1441,2.1139,2.1175,10024929.0,2025-04-05 00:00:00
1743825600000,2.1175,2.14,2.1156,2.1366,8251952.0,2025-04-05 04:00:00
1743840000000,2.1365,2.1705,2.1277,2.1605,17608370.0,2025-04-05 08:00:00
1743854400000,2.1604,2.1764,2.1173,2.1226,25186548.0,2025-04-05 12:00:00
1743868800000,2.1226,2.1387,2.1163,2.1194,9829803.0,2025-04-05 16:00:00
1743883200000,2.1194,2.1483,2.1173,2.1442,8137807.0,2025-04-05 20:00:00
1743897600000,2.1443,2.1592,2.1231,2.1306,9475307.0,2025-04-06 00:00:00
1743912000000,2.1306,2.138,2.0864,2.094,17984998.0,2025-04-06 04:00:00
1743926400000,2.094,2.1026,2.0777,2.0851,14169384.0,2025-04-06 08:00:00
1743940800000,2.0851,2.0949,2.0457,2.0746,23878772.0,2025-04-06 12:00:00
1743955200000,2.0745,2.0755,1.9758,1.9953,62900636.0,2025-04-06 16:00:00
1743969600000,1.9953,2.0042,1.8625,1.9218,118897223.0,2025-04-06 20:00:00
1743984000000,1.9218,1.9542,1.8,1.8235,95667596.0,2025-04-07 00:00:00
1743998400000,1.8235,1.8381,1.6134,1.6783,234563149.0,2025-04-07 04:00:00
1744012800000,1.6782,1.8153,1.6737,1.7653,148538390.0,2025-04-07 08:00:00
1744027200000,1.7654,2.0109,1.747,1.8745,266852624.0,2025-04-07 12:00:00
1744041600000,1.8744,1.9249,1.8378,1.889,76052527.0,2025-04-07 16:00:00
1744056000000,1.8893,1.9503,1.8886,1.8987,40607948.0,2025-04-07 20:00:00
1744070400000,1.8986,1.9356,1.8594,1.9043,38518030.0,2025-04-08 00:00:00
1744084800000,1.9043,1.9195,1.8478,1.868,33557205.0,2025-04-08 04:00:00
1744099200000,1.8679,1.9704,1.8512,1.9596,46431173.0,2025-04-08 08:00:00
1744113600000,1.9596,1.975,1.8908,1.905,80751115.0,2025-04-08 12:00:00
1744128000000,1.9049,1.9097,1.8054,1.8256,85698607.0,2025-04-08 16:00:00
1744142400000,1.8255,1.8436,1.777,1.7963,46102214.0,2025-04-08 20:00:00
1744156800000,1.7965,1.8138,1.7218,1.7476,77916813.0,2025-04-09 00:00:00
1744171200000,1.7475,1.8386,1.7435,1.8317,61908227.0,2025-04-09 04:00:00
1744185600000,1.8318,1.8454,1.7637,1.7818,52401608.0,2025-04-09 08:00:00
1744200000000,1.7818,1.8652,1.765,1.8287,77687707.0,2025-04-09 12:00:00
1744214400000,1.8289,2.0858,1.8237,2.0389,192974740.0,2025-04-09 16:00:00
1744228800000,2.039,2.0897,2.0321,2.0529,54825819.0,2025-04-09 20:00:00
1744243200000,2.0529,2.0572,1.9708,2.0027,38695298.0,2025-04-10 00:00:00
1744257600000,2.0027,2.0176,1.9744,1.9903,39017236.0,2025-04-10 04:00:00
1744272000000,1.9903,2.0149,1.9802,2.0,20776588.0,2025-04-10 08:00:00
1744286400000,1.9999,2.0449,1.9223,1.9338,70386019.0,2025-04-10 12:00:00
1744300800000,1.9338,1.9738,1.9235,1.9626,36562404.0,2025-04-10 16:00:00
1744315200000,1.9625,1.9976,1.9583,1.9658,19254003.0,2025-04-10 20:00:00
1744329600000,1.9657,2.0069,1.9475,2.0008,24110974.0,2025-04-11 00:00:00
1744344000000,2.0007,2.0137,1.9912,2.005,23010815.0,2025-04-11 04:00:00
1744358400000,2.0051,2.034,1.996,2.0095,30685253.0,2025-04-11 08:00:00
1744372800000,2.0096,2.0266,1.9844,2.0015,40585060.0,2025-04-11 12:00:00
1744387200000,2.0015,2.0647,1.993,2.0448,36188996.0,2025-04-11 16:00:00
1744401600000,2.0447,2.0529,2.0125,2.0225,20550413.0,2025-04-11 20:00:00
1744416000000,2.0225,2.0266,2.0033,2.0132,12016723.0,2025-04-12 00:00:00
1744430400000,2.0133,2.0598,2.0095,2.0547,18452888.0,2025-04-12 04:00:00
1744444800000,2.0548,2.0747,2.0508,2.0619,18522535.0,2025-04-12 08:00:00
1744459200000,2.0618,2.1862,2.0599,2.1528,67004056.0,2025-04-12 12:00:00
1744473600000,2.1528,2.1635,2.1166,2.1378,29451856.0,2025-04-12 16:00:00
1744488000000,2.1379,2.1665,2.1354,2.1598,16408719.0,2025-04-12 20:00:00
1744502400000,2.1597,2.174,2.135,2.1563,19170478.0,2025-04-13 00:00:00
1744516800000,2.1563,2.1597,2.1268,2.1463,13326940.0,2025-04-13 04:00:00
1744531200000,2.1464,2.2475,2.1351,2.201,53058653.0,2025-04-13 08:00:00
1744545600000,2.2011,2.2062,2.1312,2.1476,39782553.0,2025-04-13 12:00:00
1744560000000,2.1476,2.1853,2.097,2.1201,37341127.0,2025-04-13 16:00:00
1744574400000,2.1202,2.1451,2.0801,2.1196,31418936.0,2025-04-13 20:00:00
1744588800000,2.1196,2.1804,2.1124,2.14,25972445.0,2025-04-14 00:00:00
1744603200000,2.1401,2.1594,2.1038,2.1281,23574334.0,2025-04-14 04:00:00
1744617600000,2.1282,2.1568,2.1168,2.1562,20713628.0,2025-04-14 08:00:00
1744632000000,2.1562,2.1785,2.1102,2.116,37878830.0,2025-04-14 12:00:00
1744646400000,2.1159,2.165,2.1057,2.1522,20839988.0,2025-04-14 16:00:00
1744660800000,2.1523,2.1574,2.1226,2.1275,9593788.0,2025-04-14 20:00:00
1744675200000,2.1276,2.1561,2.1166,2.1531,16364169.0,2025-04-15 00:00:00
1744689600000,2.1531,2.16,2.1323,2.1517,15711387.0,2025-04-15 04:00:00
1744704000000,2.1517,2.1853,2.1456,2.1515,23911814.0,2025-04-15 08:00:00
1744718400000,2.1515,2.185,2.1269,2.1348,34907843.0,2025-04-15 12:00:00
1744732800000,2.1349,2.143,2.1042,2.118,23427165.0,2025-04-15 16:00:00
1744747200000,2.118,2.1271,2.0837,2.0842,16960436.0,2025-04-15 20:00:00
1744761600000,2.0843,2.098,2.0663,2.0829,22456487.0,2025-04-16 00:00:00
1744776000000,2.0828,2.0908,2.0433,2.0505,23793209.0,2025-04-16 04:00:00
1744790400000,2.0506,2.0901,2.0355,2.0892,23916176.0,2025-04-16 08:00:00
1744804800000,2.0892,2.1207,2.0644,2.0938,27589974.0,2025-04-16 12:00:00
1744819200000,2.0939,2.13,2.0469,2.1066,40153463.0,2025-04-16 16:00:00
1744833600000,2.1065,2.1172,2.0781,2.0834,14795371.0,2025-04-16 20:00:00
1744848000000,2.0834,2.0899,2.0625,2.0697,11193969.0,2025-04-17 00:00:00
1744862400000,2.0697,2.1104,2.067,2.0913,18879592.3,2025-04-17 04:00:00
1744876800000,2.0912,2.1075,2.0863,2.1025,10302201.0,2025-04-17 08:00:00
1744891200000,2.1026,2.1146,2.0573,2.0675,26098128.5,2025-04-17 12:00:00
1744905600000,2.0675,2.1046,2.0524,2.0659,26647067.2,2025-04-17 16:00:00
1744920000000,2.0658,2.081,2.0603,2.0673,10159425.3,2025-04-17 20:00:00
1744934400000,2.0673,2.0692,2.0434,2.0559,11802567.8,2025-04-18 00:00:00
1744948800000,2.056,2.0717,2.0469,2.0692,9994732.9,2025-04-18 04:00:00
1744963200000,2.0692,2.0812,2.068,2.0802,11256344.4,2025-04-18 08:00:00
1744977600000,2.0802,2.0859,2.0564,2.0583,15659890.7,2025-04-18 12:00:00
1744992000000,2.0584,2.0896,2.0551,2.0804,14627309.6,2025-04-18 16:00:00
1745006400000,2.0805,2.086,2.0552,2.0619,9390028.1,2025-04-18 20:00:00
1745020800000,2.0619,2.0866,2.0586,2.0846,9061135.1,2025-04-19 00:00:00
1745035200000,2.0846,2.0948,2.0773,2.0891,7823297.0,2025-04-19 04:00:00
1745049600000,2.0891,2.0975,2.0801,2.0814,9014984.3,2025-04-19 08:00:00
1745064000000,2.0814,2.093,2.0759,2.0773,7206662.6,2025-04-19 12:00:00
1745078400000,2.0773,2.0948,2.0654,2.0839,11517593.1,2025-04-19 16:00:00
1745092800000,2.0838,2.092,2.0802,2.0877,5539461.5,2025-04-19 20:00:00
1745107200000,2.0877,2.0945,2.0791,2.0833,7269383.2,2025-04-20 00:00:00
1745121600000,2.0833,2.0865,2.063,2.0695,11126149.4,2025-04-20 04:00:00
1745136000000,2.0695,2.0713,2.0388,2.0432,19826956.0,2025-04-20 08:00:00
1745150400000,2.0432,2.0614,2.0411,2.0488,11883652.5,2025-04-20 12:00:00
1745164800000,2.0488,2.0868,2.0447,2.0813,12163914.3,2025-04-20 16:00:00
1745179200000,2.0813,2.0915,2.0602,2.0787,15078495.9,2025-04-20 20:00:00
1745193600000,2.0786,2.125,2.0768,2.1093,34773479.7,2025-04-21 00:00:00
1745208000000,2.1094,2.1402,2.1073,2.1263,18852638.8,2025-04-21 04:00:00
1745222400000,2.1264,2.1409,2.108,2.118,15859873.2,2025-04-21 08:00:00
1745236800000,2.118,2.1388,2.105,2.1148,21182621.0,2025-04-21 12:00:00
1745251200000,2.1148,2.1172,2.0594,2.0878,30252877.7,2025-04-21 16:00:00
1745265600000,2.0878,2.0879,2.0702,2.0855,11581199.3,2025-04-21 20:00:00
1745280000000,2.0855,2.104,2.0638,2.083,16607439.0,2025-04-22 00:00:00
1745294400000,2.0829,2.0969,2.0679,2.0923,18659195.1,2025-04-22 04:00:00
1745308800000,2.0923,2.108,2.0912,2.0993,17632604.5,2025-04-22 08:00:00
1745323200000,2.0993,2.1928,2.0943,2.1551,70767970.2,2025-04-22 12:00:00
1745337600000,2.1552,2.17,2.1401,2.1541,30268824.6,2025-04-22 16:00:00
1745352000000,2.1541,2.2504,2.1475,2.2139,61856612.9,2025-04-22 20:00:00
1745366400000,2.2138,2.2368,2.1938,2.235,35605610.9,2025-04-23 00:00:00
1745380800000,2.2349,2.2641,2.2209,2.2569,39143714.2,2025-04-23 04:00:00
1745395200000,2.257,2.301,2.25,2.2599,39251421.0,2025-04-23 08:00:00
1745409600000,2.2599,2.2977,2.1902,2.228,69704887.1,2025-04-23 12:00:00
1745424000000,2.2281,2.2512,2.2001,2.2182,24776885.4,2025-04-23 16:00:00
1745438400000,2.2181,2.2303,2.2091,2.2184,11933052.8,2025-04-23 20:00:00
1745452800000,2.2183,2.224,2.1721,2.1752,19642599.9,2025-04-24 00:00:00
1745467200000,2.1751,2.1936,2.1434,2.1493,25196042.7,2025-04-24 04:00:00
1745481600000,2.1493,2.1587,2.1166,2.1555,33273765.7,2025-04-24 08:00:00
1745496000000,2.1556,2.2354,2.1514,2.2126,69266883.6,2025-04-24 12:00:00
1745510400000,2.2126,2.2281,2.1828,2.2056,23540131.9,2025-04-24 16:00:00
1745524800000,2.2056,2.2132,2.1864,2.2049,14021997.6,2025-04-24 20:00:00
1745539200000,2.2049,2.2174,2.1634,2.1812,24634761.6,2025-04-25 00:00:00
1745553600000,2.1812,2.2042,2.1765,2.1947,16376572.4,2025-04-25 04:00:00
1745568000000,2.1948,2.2099,2.1843,2.2044,22319327.9,2025-04-25 08:00:00
1745582400000,2.2043,2.2193,2.1721,2.2005,38935630.4,2025-04-25 12:00:00
1745596800000,2.2004,2.2097,2.183,2.1948,21040435.7,2025-04-25 16:00:00
1745611200000,2.1948,2.2003,2.1763,2.1812,10707798.9,2025-04-25 20:00:00
1745625600000,2.1812,2.2038,2.1796,2.191,14561462.8,2025-04-26 00:00:00
1745640000000,2.191,2.2483,2.18,2.2197,26402058.4,2025-04-26 04:00:00
1745654400000,2.2198,2.2361,2.1859,2.1938,21798935.0,2025-04-26 08:00:00
1745668800000,2.1938,2.2024,2.1827,2.1997,12845085.5,2025-04-26 12:00:00
1745683200000,2.1997,2.2069,2.1924,2.1991,6877724.0,2025-04-26 16:00:00
1745697600000,2.199,2.2024,2.186,2.1912,7182206.7,2025-04-26 20:00:00
1745712000000,2.1912,2.205,2.1581,2.1758,21864166.8,2025-04-27 00:00:00
1745726400000,2.1757,2.179,2.16,2.1723,10085783.4,2025-04-27 04:00:00
1745740800000,2.1723,2.1837,2.1693,2.1804,6565676.5,2025-04-27 08:00:00
1745755200000,2.1803,2.2721,2.1735,2.2277,78124038.7,2025-04-27 12:00:00
1745769600000,2.2278,2.2849,2.2155,2.2841,28305358.5,2025-04-27 16:00:00
1745784000000,2.284,2.2948,2.2455,2.252,31956230.7,2025-04-27 20:00:00
1745798400000,2.2521,2.2648,2.2184,2.2589,27639957.2,2025-04-28 00:00:00
1745812800000,2.2589,2.3428,2.2566,2.3355,45958170.2,2025-04-28 04:00:00
1745827200000,2.3355,2.363,2.3059,2.3189,43940930.6,2025-04-28 08:00:00
1745841600000,2.3189,2.3289,2.25,2.274,38143063.4,2025-04-28 12:00:00
1745856000000,2.2739,2.2971,2.2608,2.2923,21777529.0,2025-04-28 16:00:00
1745870400000,2.2922,2.3061,2.2844,2.2949,11323322.2,2025-04-28 20:00:00
1745884800000,2.295,2.3147,2.2764,2.2877,15779137.5,2025-04-29 00:00:00
1745899200000,2.2877,2.2914,2.2647,2.2862,17671653.6,2025-04-29 04:00:00
1745913600000,2.2861,2.3052,2.275,2.2915,16355549.9,2025-04-29 08:00:00
1745928000000,2.2915,2.2935,2.2636,2.2927,20178887.7,2025-04-29 12:00:00
1745942400000,2.2926,2.3044,2.2825,2.2923,13691985.0,2025-04-29 16:00:00
1745956800000,2.2924,2.2957,2.2217,2.238,25344619.0,2025-04-29 20:00:00
1745971200000,2.2379,2.2513,2.2245,2.2488,16412903.0,2025-04-30 00:00:00
1745985600000,2.2487,2.2588,2.2075,2.2202,20156610.3,2025-04-30 04:00:00
1746000000000,2.2202,2.2385,2.2109,2.2385,16820765.0,2025-04-30 08:00:00
1746014400000,2.2386,2.2389,2.1235,2.1581,71353978.0,2025-04-30 12:00:00
1746028800000,2.158,2.2144,2.15,2.1946,31889959.9,2025-04-30 16:00:00
1746043200000,2.1945,2.2124,2.1889,2.1908,12526962.6,2025-04-30 20:00:00
1746057600000,2.1907,2.2204,2.1868,2.204,10848118.6,2025-05-01 00:00:00
1746072000000,2.2039,2.2153,2.1932,2.2001,13373687.6,2025-05-01 04:00:00
1746086400000,2.2001,2.2467,2.1979,2.2376,20838657.4,2025-05-01 08:00:00
1746100800000,2.2376,2.2567,2.2157,2.2364,28585459.6,2025-05-01 12:00:00
1746115200000,2.2364,2.2531,2.2165,2.2183,14059401.4,2025-05-01 16:00:00
1746129600000,2.2183,2.2285,2.2093,2.2123,8889285.9,2025-05-01 20:00:00
1746144000000,2.2122,2.2336,2.2076,2.2244,12059825.4,2025-05-02 00:00:00
1746158400000,2.2245,2.2329,2.192,2.1945,17001150.9,2025-05-02 04:00:00
1746172800000,2.1946,2.22,2.1938,2.2151,11184817.2,2025-05-02 08:00:00
1746187200000,2.2151,2.2411,2.206,2.2163,22077655.6,2025-05-02 12:00:00
1746201600000,2.2164,2.236,2.2001,2.2093,14181613.1,2025-05-02 16:00:00
1746216000000,2.2092,2.2166,2.1951,2.2093,8305413.0,2025-05-02 20:00:00
1746230400000,2.2093,2.22,2.197,2.2123,7712482.6,2025-05-03 00:00:00
1746244800000,2.2123,2.2187,2.2,2.2034,4279236.6,2025-05-03 04:00:00
1746259200000,2.2035,2.2074,2.1829,2.1881,10018512.6,2025-05-03 08:00:00
1746273600000,2.1881,2.2156,2.1879,2.2095,9345665.9,2025-05-03 12:00:00
1746288000000,2.2096,2.2112,2.176,2.1936,10431210.4,2025-05-03 16:00:00
1746302400000,2.1936,2.1993,2.1833,2.1872,6754259.9,2025-05-03 20:00:00
1746316800000,2.1872,2.2188,2.1844,2.1984,8116230.4,2025-05-04 00:00:00
1746331200000,2.1985,2.2125,2.1917,2.2112,6394646.7,2025-05-04 04:00:00
1746345600000,2.2111,2.2116,2.1781,2.1891,11494702.6,2025-05-04 08:00:00
1746360000000,2.1892,2.2054,2.172,2.1969,9246722.1,2025-05-04 12:00:00
1746374400000,2.197,2.1995,2.1642,2.1758,11973485.6,2025-05-04 16:00:00
1746388800000,2.1758,2.1858,2.151,2.156,11533083.2,2025-05-04 20:00:00
1746403200000,2.1561,2.1704,2.1318,2.1473,22034675.8,2025-05-05 00:00:00
1746417600000,2.1472,2.1858,2.1464,2.1769,13818972.8,2025-05-05 04:00:00
1746432000000,2.177,2.2,2.1385,2.1427,28360882.0,2025-05-05 08:00:00
1746446400000,2.1427,2.154,2.1067,2.1151,36421827.0,2025-05-05 12:00:00
1746460800000,2.115,2.162,2.114,2.1414,15114209.9,2025-05-05 16:00:00
1746475200000,2.1414,2.1505,2.1153,2.1306,13599828.8,2025-05-05 20:00:00
1746489600000,2.1306,2.1406,2.0939,2.1185,20920527.0,2025-05-06 00:00:00
1746504000000,2.1186,2.1247,2.0929,2.099,16572978.0,2025-05-06 04:00:00
1746518400000,2.0989,2.1087,2.0803,2.0903,18497686.8,2025-05-06 08:00:00
1746532800000,2.0903,2.1229,2.0777,2.1109,21949892.5,2025-05-06 12:00:00
1746547200000,2.111,2.1468,2.1035,2.1367,14410133.2,2025-05-06 16:00:00
1746561600000,2.1366,2.1595,2.1112,2.155,17669996.5,2025-05-06 20:00:00
1746576000000,2.155,2.1716,2.1377,2.148,15911996.8,2025-05-07 00:00:00
1746590400000,2.1479,2.1545,2.1284,2.1412,15822177.2,2025-05-07 04:00:00
1746604800000,2.1411,2.1514,2.1359,2.1428,10878604.7,2025-05-07 08:00:00
1746619200000,2.1429,2.145,2.1216,2.1268,16293400.8,2025-05-07 12:00:00
1746633600000,2.1268,2.1346,2.1039,2.1124,23581752.9,2025-05-07 16:00:00
1746648000000,2.1125,2.1368,2.107,2.1265,9271586.2,2025-05-07 20:00:00
1746662400000,2.1264,2.1857,2.1176,2.1857,29780803.0,2025-05-08 00:00:00
1746676800000,2.1856,2.2068,2.1684,2.1889,30967295.7,2025-05-08 04:00:00
1746691200000,2.189,2.2188,2.1882,2.2082,22791117.7,2025-05-08 08:00:00
1746705600000,2.2082,2.275,2.2025,2.2437,47929107.9,2025-05-08 12:00:00
1746720000000,2.2437,2.275,2.2272,2.274,33375083.2,2025-05-08 16:00:00
1746734400000,2.274,2.3297,2.2583,2.3272,55610911.3,2025-05-08 20:00:00
1746748800000,2.3272,2.333,2.2917,2.2945,41270379.4,2025-05-09 00:00:00
1746763200000,2.2945,2.3567,2.2845,2.3384,38393611.3,2025-05-09 04:00:00
1746777600000,2.3384,2.4291,2.3344,2.395,101557382.7,2025-05-09 08:00:00
1746792000000,2.3949,2.4064,2.3311,2.3495,51891503.8,2025-05-09 12:00:00
1746806400000,2.3496,2.3679,2.3224,2.358,26526851.7,2025-05-09 16:00:00
1746820800000,2.358,2.3629,2.3315,2.3439,10845694.6,2025-05-09 20:00:00
1746835200000,2.3438,2.3799,2.3359,2.3672,20599860.5,2025-05-10 00:00:00
1746849600000,2.3672,2.3964,2.35,2.3897,23062769.4,2025-05-10 04:00:00
1746864000000,2.3898,2.44,2.368,2.3799,44097023.1,2025-05-10 08:00:00
1746878400000,2.3798,2.4208,2.3798,2.3973,23275506.6,2025-05-10 12:00:00
1746892800000,2.3974,2.4496,2.3946,2.4196,34869712.5,2025-05-10 16:00:00
1746907200000,2.4197,2.477,2.4042,2.4711,27679674.0,2025-05-10 20:00:00
1746921600000,2.4711,2.4844,2.3829,2.4022,48995579.6,2025-05-11 00:00:00
1746936000000,2.4023,2.418,2.3416,2.3549,31159102.7,2025-05-11 04:00:00
1746950400000,2.3549,2.3873,2.3487,2.3863,21469199.2,2025-05-11 08:00:00
1746964800000,2.3864,2.3892,2.3315,2.3473,25837998.7,2025-05-11 12:00:00
1746979200000,2.3473,2.3841,2.3283,2.3715,22806531.9,2025-05-11 16:00:00
1746993600000,2.3716,2.3802,2.356,2.367,12314067.4,2025-05-11 20:00:00
1747008000000,2.3671,2.4082,2.3515,2.3961,36882797.6,2025-05-12 00:00:00
1747022400000,2.3961,2.455,2.3745,2.4136,63422304.9,2025-05-12 04:00:00
1747036800000,2.4136,2.4849,2.3911,2.449,64628743.7,2025-05-12 08:00:00
1747051200000,2.4489,2.6549,2.4479,2.5929,216330145.7,2025-05-12 12:00:00
1747065600000,2.5929,2.6144,2.43,2.5329,94954834.1,2025-05-12 16:00:00
1747080000000,2.5329,2.5563,2.5022,2.5439,31731996.4,2025-05-12 20:00:00
1747094400000,2.544,2.5459,2.4267,2.43,49349413.3,2025-05-13 00:00:00
1747108800000,2.4299,2.5156,2.4215,2.4987,36567671.7,2025-05-13 04:00:00
1747123200000,2.4988,2.5676,2.4864,2.5344,40495269.2,2025-05-13 08:00:00
1747137600000,2.5345,2.563,2.5047,2.5433,39905791.2,2025-05-13 12:00:00
1747152000000,2.5433,2.6053,2.535,2.5811,38433652.5,2025-05-13 16:00:00
1747166400000,2.581,2.602,2.5586,2.5829,26099241.0,2025-05-13 20:00:00
1747180800000,2.5828,2.5971,2.5406,2.5571,30947416.4,2025-05-14 00:00:00
1747195200000,2.557,2.6358,2.5472,2.6191,34588751.7,2025-05-14 04:00:00
1747209600000,2.6192,2.6516,2.5618,2.6142,69589168.7,2025-05-14 08:00:00
1747224000000,2.6143,2.6262,2.5462,2.5616,41275922.7,2025-05-14 12:00:00
1747238400000,2.5615,2.5709,2.5194,2.5669,24606301.6,2025-05-14 16:00:00
1747252800000,2.5669,2.5721,2.5365,2.5503,12592166.3,2025-05-14 20:00:00
1747267200000,2.5504,2.5719,2.5117,2.5225,23584255.7,2025-05-15 00:00:00
1747281600000,2.5224,2.5344,2.4483,2.4606,30045976.4,2025-05-15 04:00:00
1747296000000,2.4605,2.5015,2.4479,2.4778,28936912.2,2025-05-15 08:00:00
1747310400000,2.4777,2.4894,2.4041,2.4664,47307710.7,2025-05-15 12:00:00
1747324800000,2.4663,2.5056,2.4201,2.4487,33856227.9,2025-05-15 16:00:00
1747339200000,2.4488,2.4595,2.3525,2.3856,45588995.4,2025-05-15 20:00:00
1747353600000,2.3856,2.4178,2.3471,2.4126,41973844.8,2025-05-16 00:00:00
1747368000000,2.4126,2.4294,2.4004,2.4072,19868098.5,2025-05-16 04:00:00
1747382400000,2.4073,2.4399,2.3718,2.4254,23707906.7,2025-05-16 08:00:00
1747396800000,2.4254,2.4392,2.4049,2.4229,21504870.8,2025-05-16 12:00:00
1747411200000,2.4228,2.4309,2.394,2.4181,13532383.3,2025-05-16 16:00:00
1747425600000,2.4181,2.4229,2.3616,2.3798,16356117.1,2025-05-16 20:00:00
1747440000000,2.3797,2.3829,2.3126,2.3705,30582822.6,2025-05-17 00:00:00
1747454400000,2.3704,2.3892,2.363,2.3806,10983177.6,2025-05-17 04:00:00
1747468800000,2.3805,2.3826,2.3409,2.3532,13019800.7,2025-05-17 08:00:00
1747483200000,2.3532,2.3562,2.3164,2.333,17073685.0,2025-05-17 12:00:00
1747497600000,2.333,2.3499,2.2984,2.3347,22492215.7,2025-05-17 16:00:00
1747512000000,2.3346,2.3629,2.3263,2.3531,11582864.2,2025-05-17 20:00:00
1747526400000,2.3531,2.3689,2.3492,2.3586,8873723.0,2025-05-18 00:00:00
1747540800000,2.3586,2.3984,2.3586,2.3968,9468046.4,2025-05-18 04:00:00
1747555200000,2.3968,2.4062,2.3839,2.3878,11118832.4,2025-05-18 08:00:00
1747569600000,2.3878,2.4449,2.38,2.4378,20264941.6,2025-05-18 12:00:00
1747584000000,2.4379,2.4497,2.3653,2.3694,31840201.9,2025-05-18 16:00:00
1747598400000,2.3694,2.437,2.332,2.428,28468799.2,2025-05-18 20:00:00
1747612800000,2.428,2.441,2.3486,2.3489,32508457.1,2025-05-19 00:00:00
1747627200000,2.3489,2.3628,2.2827,2.3055,45801910.5,2025-05-19 04:00:00
1747641600000,2.3056,2.3265,2.2868,2.3243,23193088.0,2025-05-19 08:00:00
1747656000000,2.3243,2.3586,2.2906,2.3494,24957104.7,2025-05-19 12:00:00
1747670400000,2.3493,2.401,2.3366,2.3986,23348106.2,2025-05-19 16:00:00
1747684800000,2.3986,2.3988,2.366,2.3803,13072279.9,2025-05-19 20:00:00
1747699200000,2.3803,2.409,2.3741,2.3824,31508805.2,2025-05-20 00:00:00
1747713600000,2.3823,2.3927,2.3458,2.3464,21003730.6,2025-05-20 04:00:00
1747728000000,2.3463,2.3591,2.3346,2.3465,16634378.5,2025-05-20 08:00:00
1747742400000,2.3465,2.3469,2.3203,2.3425,20933081.7,2025-05-20 12:00:00
1747756800000,2.3425,2.371,2.3141,2.3557,26500244.7,2025-05-20 16:00:00
1747771200000,2.3557,2.3648,2.3377,2.3565,19713436.1,2025-05-20 20:00:00
1747785600000,2.3565,2.3674,2.3311,2.3585,17985082.8,2025-05-21 00:00:00
1747800000000,2.3585,2.3944,2.3414,2.349,29894392.7,2025-05-21 04:00:00
1747814400000,2.3491,2.3607,2.3308,2.3524,17185576.3,2025-05-21 08:00:00
1747828800000,2.3523,2.4068,2.3454,2.3993,36738068.0,2025-05-21 12:00:00
1747843200000,2.3994,2.4288,2.3349,2.3899,50209078.4,2025-05-21 16:00:00
1747857600000,2.3898,2.4164,2.3699,2.3952,23058468.5,2025-05-21 20:00:00
1747872000000,2.3953,2.4233,2.3881,2.4173,32918868.8,2025-05-22 00:00:00
1747886400000,2.4173,2.4205,2.3881,2.4055,25907761.3,2025-05-22 04:00:00
1747900800000,2.4055,2.4555,2.4039,2.4319,37729049.6,2025-05-22 08:00:00
1747915200000,2.4319,2.442,2.4089,2.4328,23290176.2,2025-05-22 12:00:00
1747929600000,2.4329,2.4389,2.4153,2.4229,13235274.4,2025-05-22 16:00:00
1747944000000,2.423,2.433,2.4053,2.4311,11959064.2,2025-05-22 20:00:00
1747958400000,2.4311,2.4799,2.4212,2.4734,36693898.8,2025-05-23 00:00:00
1747972800000,2.4735,2.478,2.41,2.4269,29059384.0,2025-05-23 04:00:00
1747987200000,2.4268,2.4541,2.352,2.3636,33634569.0,2025-05-23 08:00:00
1748001600000,2.3637,2.3829,2.3,2.3617,54528871.0,2025-05-23 12:00:00
1748016000000,2.3617,2.375,2.339,2.3403,18429187.6,2025-05-23 16:00:00
1748030400000,2.3403,2.3454,2.2838,2.2966,24989545.0,2025-05-23 20:00:00
1748044800000,2.2965,2.3364,2.2859,2.3341,15132321.8,2025-05-24 00:00:00
1748059200000,2.3342,2.3481,2.3284,2.336,8096606.8,2025-05-24 04:00:00
1748073600000,2.336,2.36,2.3314,2.3517,8685430.8,2025-05-24 08:00:00
1748088000000,2.3518,2.3568,2.343,2.3523,7461778.6,2025-05-24 12:00:00
1748102400000,2.3524,2.3548,2.3403,2.3487,4004564.1,2025-05-24 16:00:00
1748116800000,2.3487,2.3508,2.3217,2.3303,7400386.1,2025-05-24 20:00:00
1748131200000,2.3304,2.3365,2.2927,2.3228,15037452.3,2025-05-25 00:00:00
1748145600000,2.3228,2.3257,2.3013,2.308,7517219.9,2025-05-25 04:00:00
1748160000000,2.3081,2.3081,2.2781,2.2926,17341697.9,2025-05-25 08:00:00
1748174400000,2.2925,2.3109,2.266,2.2877,17411185.7,2025-05-25 12:00:00
1748188800000,2.2878,2.3124,2.2718,2.3055,9316381.5,2025-05-25 16:00:00
1748203200000,2.3056,2.345,2.2994,2.3417,14854336.1,2025-05-25 20:00:00
1748217600000,2.3416,2.354,2.3308,2.3425,11804454.2,2025-05-26 00:00:00
1748232000000,2.3426,2.3593,2.3359,2.3488,13520349.2,2025-05-26 04:00:00
1748246400000,2.3489,2.3556,2.3292,2.3349,11995391.7,2025-05-26 08:00:00
1748260800000,2.3349,2.3452,2.3123,2.3328,16077294.2,2025-05-26 12:00:00
1748275200000,2.3329,2.3365,2.2958,2.3119,13907866.2,2025-05-26 16:00:00
1748289600000,2.3119,2.3248,2.3001,2.3103,7863414.5,2025-05-26 20:00:00
1748304000000,2.3103,2.317,2.2671,2.2958,19164297.9,2025-05-27 00:00:00
1748318400000,2.2958,2.3104,2.2841,2.3012,16804243.0,2025-05-27 04:00:00
1748332800000,2.3013,2.3233,2.3013,2.3197,12250003.8,2025-05-27 08:00:00
1748347200000,2.3196,2.3543,2.307,2.3378,23175904.6,2025-05-27 12:00:00
1748361600000,2.3378,2.3493,2.3319,2.3355,11917222.1,2025-05-27 16:00:00
1748376000000,2.3356,2.3372,2.3055,2.3168,10734846.1,2025-05-27 20:00:00
1748390400000,2.3167,2.3232,2.3028,2.3126,8238644.2,2025-05-28 00:00:00
1748404800000,2.3125,2.3163,2.2842,2.2957,15016828.7,2025-05-28 04:00:00
1748419200000,2.2957,2.3103,2.2881,2.308,12012180.3,2025-05-28 08:00:00
1748433600000,2.308,2.3151,2.2522,2.2528,28386884.4,2025-05-28 12:00:00
1748448000000,2.2528,2.2682,2.2265,2.2275,24062736.1,2025-05-28 16:00:00
1748462400000,2.2275,2.281,2.2266,2.2742,12073926.7,2025-05-28 20:00:00
1748476800000,2.2742,2.3125,2.2674,2.2911,17739678.3,2025-05-29 00:00:00
1748491200000,2.2911,2.2948,2.2715,2.2796,17375232.7,2025-05-29 04:00:00
1748505600000,2.2796,2.304,2.277,2.3019,13822778.7,2025-05-29 08:00:00
1748520000000,2.3019,2.3095,2.266,2.2764,20775530.8,2025-05-29 12:00:00
1748534400000,2.2765,2.2914,2.2532,2.2643,16793641.0,2025-05-29 16:00:00
1748548800000,2.2643,2.2835,2.238,2.2442,12593653.2,2025-05-29 20:00:00
1748563200000,2.2441,2.2523,2.1316,2.2175,67912532.2,2025-05-30 00:00:00
1748577600000,2.2175,2.2253,2.174,2.1904,29063184.1,2025-05-30 04:00:00
1748592000000,2.1904,2.2145,2.1702,2.2066,20875114.1,2025-05-30 08:00:00
1748606400000,2.2067,2.2099,2.1624,2.1836,27732187.1,2025-05-30 12:00:00
1748620800000,2.1836,2.2058,2.135,2.186,27724734.1,2025-05-30 16:00:00
1748635200000,2.1861,2.1969,2.1297,2.1398,19250078.0,2025-05-30 20:00:00
1748649600000,2.1397,2.1487,2.0794,2.1103,41757803.8,2025-05-31 00:00:00
1748664000000,2.1103,2.143,2.0996,2.1289,13298977.9,2025-05-31 04:00:00
1748678400000,2.1289,2.1533,2.1278,2.1394,13948026.2,2025-05-31 08:00:00
1748692800000,2.1395,2.1815,2.1394,2.173,15227506.0,2025-05-31 12:00:00
1748707200000,2.173,2.2065,2.1705,2.1919,14939093.6,2025-05-31 16:00:00
1748721600000,2.1919,2.2003,2.1719,2.1738,10178480.5,2025-05-31 20:00:00
1748736000000,2.1739,2.1786,2.1495,2.1637,8979874.6,2025-06-01 00:00:00
1748750400000,2.1636,2.1768,2.1548,2.1594,5223203.8,2025-06-01 04:00:00
1748764800000,2.1593,2.1604,2.1231,2.1411,14132547.4,2025-06-01 08:00:00
1748779200000,2.1411,2.1561,2.1263,2.1522,10342329.0,2025-06-01 12:00:00
1748793600000,2.1522,2.1767,2.1454,2.1675,14629188.1,2025-06-01 16:00:00
1748808000000,2.1675,2.1879,2.1534,2.1792,9657704.8,2025-06-01 20:00:00
1748822400000,2.1792,2.1834,2.1509,2.1574,13479500.6,2025-06-02 00:00:00
1748836800000,2.1575,2.1794,2.1572,2.1633,17246122.1,2025-06-02 04:00:00
1748851200000,2.1633,2.1793,2.1357,2.143,22409211.0,2025-06-02 08:00:00
1748865600000,2.143,2.1636,2.1375,2.1594,16570147.4,2025-06-02 12:00:00
1748880000000,2.1594,2.1786,2.1494,2.1653,9852198.9,2025-06-02 16:00:00
1748894400000,2.1653,2.2045,2.1653,2.1965,16921398.8,2025-06-02 20:00:00
1748908800000,2.1965,2.2219,2.1845,2.1958,19802657.9,2025-06-03 00:00:00
1748923200000,2.1957,2.207,2.1876,2.19,10719150.6,2025-06-03 04:00:00
1748937600000,2.19,2.2202,2.1838,2.2149,13269549.8,2025-06-03 08:00:00
1748952000000,2.2148,2.2759,2.2058,2.2631,26974889.3,2025-06-03 12:00:00
1748966400000,2.2632,2.2819,2.24,2.2814,19883797.3,2025-06-03 16:00:00
1748980800000,2.2815,2.2821,2.2346,2.2446,19384186.2,2025-06-03 20:00:00
1748995200000,2.2445,2.2658,2.2297,2.2528,13895863.8,2025-06-04 00:00:00
1749009600000,2.2528,2.253,2.2276,2.234,12122598.0,2025-06-04 04:00:00
1749024000000,2.2339,2.2642,2.2332,2.253,12928440.6,2025-06-04 08:00:00
1749038400000,2.253,2.2614,2.2195,2.2492,18497607.2,2025-06-04 12:00:00
1749052800000,2.2492,2.2522,2.206,2.206,12408564.2,2025-06-04 16:00:00
1749067200000,2.206,2.2163,2.1951,2.2009,13071015.9,2025-06-04 20:00:00
1749081600000,2.2009,2.2147,2.1977,2.2054,9248890.9,2025-06-05 00:00:00
1749096000000,2.2053,2.214,2.1837,2.1863,14866552.1,2025-06-05 04:00:00
1749110400000,2.1864,2.2101,2.186,2.2051,9805940.6,2025-06-05 08:00:00
1749124800000,2.2051,2.2265,2.1777,2.1928,17858872.6,2025-06-05 12:00:00
1749139200000,2.1928,2.1932,2.1121,2.1301,33625721.7,2025-06-05 16:00:00
1749153600000,2.1301,2.1327,2.0591,2.0936,66821821.8,2025-06-05 20:00:00
1749168000000,2.0936,2.1297,2.0812,2.1295,22007362.1,2025-06-06 00:00:00
1749182400000,2.1295,2.1427,2.1205,2.1303,14288433.8,2025-06-06 04:00:00
1749196800000,2.1303,2.156,2.1303,2.1502,9648046.9,2025-06-06 08:00:00
1749211200000,2.1502,2.1903,2.1482,2.1845,23527397.7,2025-06-06 12:00:00
1749225600000,2.1846,2.1854,2.1622,2.1736,14116228.2,2025-06-06 16:00:00
1749240000000,2.1737,2.1825,2.159,2.1598,8952300.4,2025-06-06 20:00:00
1749254400000,2.1598,2.1796,2.1475,2.1795,7798454.5,2025-06-07 00:00:00
1749268800000,2.1795,2.1903,2.1699,2.1834,6806616.0,2025-06-07 04:00:00
1749283200000,2.1834,2.1912,2.173,2.1829,7521290.9,2025-06-07 08:00:00
1749297600000,2.1829,2.1907,2.1787,2.1829,6319793.0,2025-06-07 12:00:00
1749312000000,2.183,2.1866,2.1723,2.1759,6830557.7,2025-06-07 16:00:00
1749326400000,2.1758,2.1868,2.1754,2.1769,5249984.9,2025-06-07 20:00:00
1749340800000,2.1768,2.1771,2.1661,2.1754,3928894.7,2025-06-08 00:00:00
1749355200000,2.1753,2.2248,2.171,2.2072,21269808.4,2025-06-08 04:00:00
1749369600000,2.2072,2.2497,2.1972,2.2419,16412799.4,2025-06-08 08:00:00
1749384000000,2.2418,2.2937,2.2418,2.2774,41167933.1,2025-06-08 12:00:00
1749398400000,2.2774,2.2988,2.2722,2.2884,16572838.9,2025-06-08 16:00:00
1749412800000,2.2884,2.2952,2.2548,2.267,16457689.1,2025-06-08 20:00:00
1749427200000,2.2669,2.2682,2.2313,2.2425,16771807.4,2025-06-09 00:00:00
1749441600000,2.2425,2.2425,2.2223,2.231,15986907.5,2025-06-09 04:00:00
1749456000000,2.231,2.2704,2.2297,2.2689,23280415.5,2025-06-09 08:00:00
1749470400000,2.2689,2.2696,2.24,2.2632,18959024.6,2025-06-09 12:00:00
1749484800000,2.2633,2.3137,2.2618,2.2956,26264356.0,2025-06-09 16:00:00
1749499200000,2.2956,2.3293,2.2946,2.3211,27357720.2,2025-06-09 20:00:00
1749513600000,2.321,2.3276,2.2982,2.2985,20048830.7,2025-06-10 00:00:00
1749528000000,2.2985,2.3017,2.2731,2.2841,15414335.1,2025-06-10 04:00:00
1749542400000,2.2841,2.3158,2.2703,2.3046,21438752.7,2025-06-10 08:00:00
1749556800000,2.3045,2.3201,2.2601,2.2762,31348190.7,2025-06-10 12:00:00
1749571200000,2.2762,2.3128,2.2691,2.2957,14458744.2,2025-06-10 16:00:00
1749585600000,2.2957,2.313,2.285,2.3074,17178454.4,2025-06-10 20:00:00
1749600000000,2.3074,2.3128,2.2783,2.2979,16459819.6,2025-06-11 00:00:00
1749614400000,2.298,2.3015,2.283,2.2931,9819905.1,2025-06-11 04:00:00
1749628800000,2.293,2.3296,2.293,2.3146,31359845.7,2025-06-11 08:00:00
1749643200000,2.3147,2.3379,2.3046,2.3258,25675449.6,2025-06-11 12:00:00
1749657600000,2.3258,2.3308,2.2833,2.286,17359692.7,2025-06-11 16:00:00
1749672000000,2.2859,2.3001,2.2524,2.2704,18104772.8,2025-06-11 20:00:00
1749686400000,2.2704,2.2733,2.2376,2.244,16244892.8,2025-06-12 00:00:00
1749700800000,2.244,2.2576,2.2321,2.2397,14879768.0,2025-06-12 04:00:00
1749715200000,2.2397,2.2497,2.2237,2.2255,13231070.8,2025-06-12 08:00:00
1749729600000,2.2255,2.2525,2.2211,2.2284,15587901.7,2025-06-12 12:00:00
1749744000000,2.2285,2.2553,2.2026,2.2037,15012712.1,2025-06-12 16:00:00
1749758400000,2.2037,2.2131,2.1706,2.1899,23263851.9,2025-06-12 20:00:00
1749772800000,2.19,2.1918,2.0828,2.1251,70710520.3,2025-06-13 00:00:00
1749787200000,2.1252,2.1317,2.0924,2.1295,26380667.4,2025-06-13 04:00:00
1749801600000,2.1295,2.1599,2.1238,2.1544,22626146.5,2025-06-13 08:00:00
1749816000000,2.1545,2.1626,2.122,2.1473,24636551.9,2025-06-13 12:00:00
1749830400000,2.1473,2.1597,2.1163,2.122,18711000.8,2025-06-13 16:00:00
1749844800000,2.1221,2.1516,2.1207,2.1472,8859386.0,2025-06-13 20:00:00
1749859200000,2.1473,2.1605,2.1325,2.1589,8790410.6,2025-06-14 00:00:00
1749873600000,2.1589,2.1695,2.1488,2.1651,12507838.4,2025-06-14 04:00:00
1749888000000,2.1651,2.1801,2.1578,2.1769,12274102.6,2025-06-14 08:00:00
1749902400000,2.1768,2.178,2.1448,2.1491,9721543.0,2025-06-14 12:00:00
1749916800000,2.1491,2.1514,2.1146,2.1245,15886304.0,2025-06-14 16:00:00
1749931200000,2.1246,2.1464,2.1093,2.1394,8464412.1,2025-06-14 20:00:00
1749945600000,2.1393,2.1533,2.1375,2.153,5210916.7,2025-06-15 00:00:00
1749960000000,2.1531,2.1624,2.1479,2.1513,5366568.5,2025-06-15 04:00:00
1749974400000,2.1513,2.1676,2.1462,2.159,10196856.5,2025-06-15 08:00:00
1749988800000,2.1591,2.1759,2.1574,2.1645,8302586.7,2025-06-15 12:00:00
1750003200000,2.1646,2.1719,2.1585,2.1641,5581954.2,2025-06-15 16:00:00
1750017600000,2.1641,2.1707,2.1407,2.1655,11936736.9,2025-06-15 20:00:00
1750032000000,2.1655,2.1871,2.1512,2.1721,13715500.6,2025-06-16 00:00:00
1750046400000,2.1722,2.2054,2.1714,2.2031,19177865.6,2025-06-16 04:00:00
1750060800000,2.2031,2.2498,2.1936,2.2456,18169932.8,2025-06-16 08:00:00
1750075200000,2.2455,2.298,2.2447,2.2899,45891738.7,2025-06-16 12:00:00
1750089600000,2.29,2.336,2.2899,2.3357,39730932.9,2025-06-16 16:00:00
1750104000000,2.3357,2.337,2.2288,2.238,44089868.4,2025-06-16 20:00:00
1750118400000,2.2379,2.2572,2.2016,2.2493,32684717.1,2025-06-17 00:00:00
1750132800000,2.2492,2.2529,2.226,2.2356,18136616.0,2025-06-17 04:00:00
1750147200000,2.2356,2.2384,2.1881,2.1939,19407391.6,2025-06-17 08:00:00
1750161600000,2.1938,2.2249,2.1635,2.1795,27857946.1,2025-06-17 12:00:00
1750176000000,2.1794,2.2037,2.1417,2.1831,29478392.9,2025-06-17 16:00:00
1750190400000,2.183,2.1909,2.144,2.159,18432966.3,2025-06-17 20:00:00
1750204800000,2.1591,2.1774,2.1522,2.1674,10249612.3,2025-06-18 00:00:00
1750219200000,2.1674,2.1755,2.1471,2.1629,14811530.2,2025-06-18 04:00:00
1750233600000,2.1629,2.1689,2.1244,2.1419,17787477.3,2025-06-18 08:00:00
1750248000000,2.142,2.1622,2.1181,2.151,22608104.6,2025-06-18 12:00:00
1750262400000,2.151,2.1624,2.1273,2.1406,15655163.1,2025-06-18 16:00:00
1750276800000,2.1405,2.1808,2.1361,2.1705,14850280.5,2025-06-18 20:00:00
1750291200000,2.1704,2.1855,2.1558,2.1664,9959440.2,2025-06-19 00:00:00
1750305600000,2.1664,2.1758,2.1538,2.1564,10669078.7,2025-06-19 04:00:00
1750320000000,2.1564,2.1668,2.149,2.1519,10853173.6,2025-06-19 08:00:00
1750334400000,2.1519,2.1587,2.1441,2.1457,9298760.9,2025-06-19 12:00:00
1750348800000,2.1457,2.1779,2.1457,2.1718,8887055.1,2025-06-19 16:00:00
1750363200000,2.1718,2.1742,2.16,2.1648,6481849.6,2025-06-19 20:00:00
1750377600000,2.1647,2.1732,2.1549,2.155,6864761.6,2025-06-20 00:00:00
1750392000000,2.155,2.1684,2.1395,2.1667,15387677.2,2025-06-20 04:00:00
1750406400000,2.1668,2.1765,2.1614,2.1725,10708797.2,2025-06-20 08:00:00
1750420800000,2.1726,2.1797,2.1304,2.1338,19955344.5,2025-06-20 12:00:00
1750435200000,2.1339,2.1371,2.0852,2.1286,34463919.0,2025-06-20 16:00:00
1750449600000,2.1285,2.1482,2.1085,2.1194,10252070.4,2025-06-20 20:00:00
1750464000000,2.1195,2.1325,2.115,2.1299,5198136.6,2025-06-21 00:00:00
1750478400000,2.1298,2.1339,2.1184,2.1333,3960510.3,2025-06-21 04:00:00
1750492800000,2.1334,2.145,2.1328,2.1371,5614604.8,2025-06-21 08:00:00
1750507200000,2.1371,2.1405,2.1086,2.1168,9069255.9,2025-06-21 12:00:00
1750521600000,2.1167,2.1194,2.0696,2.0708,19909915.0,2025-06-21 16:00:00
1750536000000,2.0707,2.0939,2.0,2.0632,44918870.6,2025-06-21 20:00:00
1750550400000,2.0632,2.0886,2.0392,2.0594,19462186.3,2025-06-22 00:00:00
1750564800000,2.0594,2.0898,2.0564,2.0683,8933271.1,2025-06-22 04:00:00
1750579200000,2.0684,2.0781,2.0136,2.0252,20194592.0,2025-06-22 08:00:00
1750593600000,2.0251,2.0294,1.9246,1.9343,90061904.4,2025-06-22 12:00:00
1750608000000,1.9343,1.9837,1.9287,1.9644,27406091.5,2025-06-22 16:00:00
1750622400000,1.9644,2.0232,1.9083,2.0172,40453327.2,2025-06-22 20:00:00
1750636800000,2.0173,2.0331,2.0036,2.018,13644312.8,2025-06-23 00:00:00
1750651200000,2.0181,2.0356,2.0107,2.0231,19042917.9,2025-06-23 04:00:00
1750665600000,2.0232,2.0278,1.9864,2.0013,17468308.8,2025-06-23 08:00:00
1750680000000,2.0014,2.039,1.986,1.9992,26086472.8,2025-06-23 12:00:00
1750694400000,1.9991,2.0634,1.9615,2.058,44715167.4,2025-06-23 16:00:00
1750708800000,2.0579,2.1706,2.0575,2.1584,54119783.9,2025-06-23 20:00:00
1750723200000,2.1584,2.1664,2.1316,2.1506,19450199.5,2025-06-24 00:00:00
1750737600000,2.1506,2.2106,2.1466,2.1778,31512561.1,2025-06-24 04:00:00
1750752000000,2.1778,2.2064,2.1607,2.1838,23779241.7,2025-06-24 08:00:00
1750766400000,2.1837,2.1938,2.1655,2.1882,20274625.8,2025-06-24 12:00:00
1750780800000,2.1883,2.2095,2.1839,2.2073,19558045.5,2025-06-24 16:00:00
1750795200000,2.2072,2.2165,2.1778,2.1898,16672660.1,2025-06-24 20:00:00
1750809600000,2.1897,2.1985,2.177,2.1781,12809910.0,2025-06-25 00:00:00
1750824000000,2.1782,2.1881,2.1696,2.1856,14209209.5,2025-06-25 04:00:00
1750838400000,2.1855,2.1971,2.1738,2.1952,13582423.6,2025-06-25 08:00:00
1750852800000,2.1952,2.2296,2.1753,2.1815,33454480.8,2025-06-25 12:00:00
1750867200000,2.1814,2.2077,2.172,2.2057,11019006.7,2025-06-25 16:00:00
1750881600000,2.2057,2.2058,2.175,2.1859,6503471.4,2025-06-25 20:00:00
1750896000000,2.1858,2.2127,2.1803,2.1953,20521972.9,2025-06-26 00:00:00
1750910400000,2.1953,2.1984,2.1819,2.1898,9996266.9,2025-06-26 04:00:00
1750924800000,2.1898,2.1947,2.17,2.1707,12975370.1,2025-06-26 08:00:00
1750939200000,2.1706,2.1729,2.1066,2.1199,43379006.0,2025-06-26 12:00:00
1750953600000,2.1198,2.1351,2.0956,2.1252,19119662.0,2025-06-26 16:00:00
1750968000000,2.1251,2.1459,2.103,2.1054,14386588.2,2025-06-26 20:00:00
1750982400000,2.1053,2.1115,2.0782,2.1053,18996408.5,2025-06-27 00:00:00
1750996800000,2.1053,2.114,2.0821,2.0851,18379704.0,2025-06-27 04:00:00
1751011200000,2.0851,2.1061,2.0847,2.0909,16533399.8,2025-06-27 08:00:00
1751025600000,2.0909,2.1016,2.0671,2.0979,24674703.2,2025-06-27 12:00:00
1751040000000,2.0979,2.1225,2.0712,2.0939,18235291.5,2025-06-27 16:00:00
1751054400000,2.0939,2.1556,2.093,2.1419,23757493.3,2025-06-27 20:00:00
1751068800000,2.142,2.1914,2.1336,2.1847,20136145.9,2025-06-28 00:00:00
1751083200000,2.1848,2.201,2.1755,2.1906,16489740.1,2025-06-28 04:00:00
1751097600000,2.1905,2.1938,2.1803,2.1927,8841227.0,2025-06-28 08:00:00
1751112000000,2.1927,2.2066,2.1825,2.2038,9971373.5,2025-06-28 12:00:00
1751126400000,2.2038,2.2079,2.1846,2.1861,8540468.5,2025-06-28 16:00:00
1751140800000,2.186,2.1895,2.1772,2.1854,6063824.0,2025-06-28 20:00:00
1751155200000,2.1855,2.1897,2.1754,2.1839,4591768.7,2025-06-29 00:00:00
1751169600000,2.1839,2.1894,2.1808,2.1843,3193315.9,2025-06-29 04:00:00
1751184000000,2.1844,2.198,2.1838,2.1959,8300596.3,2025-06-29 08:00:00
1751198400000,2.1958,2.197,2.1802,2.1833,6838887.4,2025-06-29 12:00:00
1751212800000,2.1833,2.195,2.1805,2.1886,4635664.5,2025-06-29 16:00:00
1751227200000,2.1886,2.2198,2.1786,2.2061,18537664.7,2025-06-29 20:00:00
1751241600000,2.2062,2.2117,2.195,2.1962,10011718.9,2025-06-30 00:00:00
1751256000000,2.1962,2.1964,2.1713,2.1868,15041719.0,2025-06-30 04:00:00
1751270400000,2.1868,2.1891,2.1692,2.1781,9412359.3,2025-06-30 08:00:00
1751284800000,2.178,2.1998,2.165,2.1928,17717994.5,2025-06-30 12:00:00
1751299200000,2.1927,2.3271,2.1905,2.3197,55332563.7,2025-06-30 16:00:00
1751313600000,2.3198,2.3254,2.234,2.2362,44009550.8,2025-06-30 20:00:00
1751328000000,2.2362,2.2537,2.2239,2.2373,19486211.1,2025-07-01 00:00:00
1751342400000,2.2373,2.2373,2.2058,2.2242,20536599.3,2025-07-01 04:00:00
1751356800000,2.2241,2.2271,2.1924,2.202,14122903.7,2025-07-01 08:00:00
1751371200000,2.2021,2.2104,2.1754,2.1885,29948356.4,2025-07-01 12:00:00
1751385600000,2.1884,2.2046,2.1562,2.1574,22540561.8,2025-07-01 16:00:00
1751400000000,2.1573,2.1817,2.1475,2.172,16924057.8,2025-07-01 20:00:00
1751414400000,2.1719,2.1869,2.157,2.1859,12057376.6,2025-07-02 00:00:00
1751428800000,2.1859,2.1976,2.1816,2.192,14793776.5,2025-07-02 04:00:00
1751443200000,2.1921,2.2042,2.1734,2.1767,15973319.3,2025-07-02 08:00:00
1751457600000,2.1767,2.2154,2.1685,2.2122,20569301.5,2025-07-02 12:00:00
1751472000000,2.2121,2.2917,2.209,2.2649,63739759.9,2025-07-02 16:00:00
1751486400000,2.2649,2.2667,2.2304,2.2336,22207261.6,2025-07-02 20:00:00
1751500800000,2.2335,2.2476,2.2243,2.2423,11903284.7,2025-07-03 00:00:00
1751515200000,2.2423,2.2832,2.24,2.2788,23683642.6,2025-07-03 04:00:00
1751529600000,2.2788,2.3116,2.2754,2.296,37316877.7,2025-07-03 08:00:00
1751544000000,2.296,2.3135,2.239,2.2433,48720288.9,2025-07-03 12:00:00
1751558400000,2.2434,2.2828,2.2429,2.2718,18107892.2,2025-07-03 16:00:00
1751572800000,2.2718,2.28,2.2534,2.2569,8656608.9,2025-07-03 20:00:00
1751587200000,2.2569,2.2678,2.2399,2.2484,9439380.4,2025-07-04 00:00:00
1751601600000,2.2484,2.2515,2.2159,2.2209,16848591.7,2025-07-04 04:00:00
1751616000000,2.2209,2.2403,2.2077,2.2384,10116217.4,2025-07-04 08:00:00
1751630400000,2.2385,2.2433,2.2032,2.2146,18131551.8,2025-07-04 12:00:00
1751644800000,2.2146,2.2252,2.196,2.2104,12752329.8,2025-07-04 16:00:00
1751659200000,2.2103,2.2288,2.2079,2.2205,5001128.0,2025-07-04 20:00:00
1751673600000,2.2205,2.2275,2.2097,2.2256,3994534.3,2025-07-05 00:00:00
1751688000000,2.2257,2.2339,2.2176,2.2248,5586910.6,2025-07-05 04:00:00
1751702400000,2.2248,2.2266,2.2113,2.2217,4976670.5,2025-07-05 08:00:00
1751716800000,2.2217,2.2309,2.2147,2.2228,4979729.3,2025-07-05 12:00:00
1751731200000,2.2228,2.2249,2.2014,2.2146,7614073.6,2025-07-05 16:00:00
1751745600000,2.2147,2.2196,2.2074,2.2178,6906472.0,2025-07-05 20:00:00
1751760000000,2.2177,2.2224,2.2086,2.2165,3349853.0,2025-07-06 00:00:00
1751774400000,2.2164,2.235,2.2162,2.2276,6335299.5,2025-07-06 04:00:00
1751788800000,2.2276,2.2849,2.2266,2.2617,31788760.0,2025-07-06 08:00:00
1751803200000,2.2617,2.29,2.2608,2.277,23281262.8,2025-07-06 12:00:00
1751817600000,2.277,2.2827,2.2462,2.2647,14458428.1,2025-07-06 16:00:00
1751832000000,2.2646,2.289,2.2632,2.2709,12894524.1,2025-07-06 20:00:00
1751846400000,2.2709,2.279,2.2571,2.2703,7511697.1,2025-07-07 00:00:00
1751860800000,2.2704,2.275,2.2552,2.2724,11403752.7,2025-07-07 04:00:00
1751875200000,2.2723,2.2978,2.2681,2.2829,18956360.8,2025-07-07 08:00:00
1751889600000,2.2828,2.3497,2.2711,2.3389,68971045.9,2025-07-07 12:00:00
1751904000000,2.3388,2.3537,2.281,2.2993,49068870.6,2025-07-07 16:00:00
1751918400000,2.2993,2.2993,2.2591,2.2708,20405723.6,2025-07-07 20:00:00
1751932800000,2.2707,2.2733,2.2485,2.2629,19717792.4,2025-07-08 00:00:00
1751947200000,2.2628,2.2764,2.2568,2.2753,16972004.2,2025-07-08 04:00:00
1751961600000,2.2753,2.3009,2.2729,2.2934,18885230.9,2025-07-08 08:00:00
1751976000000,2.2935,2.3048,2.278,2.2862,19619186.0,2025-07-08 12:00:00
1751990400000,2.2863,2.3223,2.283,2.3214,19315069.1,2025-07-08 16:00:00
1752004800000,2.3214,2.3219,2.2966,2.3108,11946726.0,2025-07-08 20:00:00
1752019200000,2.3109,2.3188,2.2975,2.3033,12349411.6,2025-07-09 00:00:00
1752033600000,2.3034,2.3377,2.3018,2.3316,18121815.1,2025-07-09 04:00:00
1752048000000,2.3315,2.3884,2.3302,2.3815,37034529.9,2025-07-09 08:00:00
1752062400000,2.3814,2.4039,2.3516,2.3818,52673357.6,2025-07-09 12:00:00
1752076800000,2.3818,2.4288,2.375,2.421,34139798.3,2025-07-09 16:00:00
1752091200000,2.4211,2.4222,2.3836,2.4038,27199487.3,2025-07-09 20:00:00
1752105600000,2.4038,2.4371,2.3931,2.4203,20584557.5,2025-07-10 00:00:00
1752120000000,2.4202,2.4425,2.4109,2.437,22593576.0,2025-07-10 04:00:00
1752134400000,2.437,2.4618,2.4266,2.4525,32816704.2,2025-07-10 08:00:00
1752148800000,2.4526,2.4597,2.4188,2.4542,31692437.9,2025-07-10 12:00:00
1752163200000,2.4543,2.5122,2.4466,2.5003,46173247.1,2025-07-10 16:00:00
1752177600000,2.5003,2.5678,2.4921,2.5471,55665962.1,2025-07-10 20:00:00
1752192000000,2.5471,2.5929,2.5119,2.5764,38899978.5,2025-07-11 00:00:00
1752206400000,2.5763,2.5985,2.5536,2.5792,43533734.1,2025-07-11 04:00:00
1752220800000,2.5791,2.6607,2.579,2.6287,59652232.3,2025-07-11 08:00:00
1752235200000,2.6287,2.975,2.625,2.7724,254738504.5,2025-07-11 12:00:00
1752249600000,2.7724,2.858,2.6919,2.858,117127013.3,2025-07-11 16:00:00
1752264000000,2.858,2.858,2.6596,2.7322,101410371.3,2025-07-11 20:00:00
1752278400000,2.7323,2.8479,2.6882,2.8006,68762309.5,2025-07-12 00:00:00
1752292800000,2.8006,2.8063,2.7558,2.7675,41669185.0,2025-07-12 04:00:00
1752307200000,2.7675,2.8476,2.7658,2.8054,52758225.2,2025-07-12 08:00:00
1752321600000,2.8054,2.8087,2.6629,2.6812,92437257.3,2025-07-12 12:00:00
1752336000000,2.6813,2.7534,2.6701,2.737,54357529.5,2025-07-12 16:00:00
1752350400000,2.737,2.7484,2.6837,2.7395,31532645.5,2025-07-12 20:00:00
1752364800000,2.7395,2.7859,2.7232,2.7684,30176899.2,2025-07-13 00:00:00
1752379200000,2.7684,2.8144,2.7583,2.7992,28666043.3,2025-07-13 04:00:00
1752393600000,2.7991,2.8202,2.771,2.7889,32664307.5,2025-07-13 08:00:00
1752408000000,2.7888,2.8949,2.7825,2.8381,84577000.3,2025-07-13 12:00:00
1752422400000,2.8381,2.8817,2.8115,2.8456,42745617.7,2025-07-13 16:00:00
1752436800000,2.8456,2.8648,2.7637,2.8361,41812638.5,2025-07-13 20:00:00
1752451200000,2.8361,2.9472,2.8207,2.9267,60819625.6,2025-07-14 00:00:00
1752465600000,2.9267,2.9799,2.8755,2.9569,84095707.5,2025-07-14 04:00:00
1752480000000,2.957,3.0222,2.9276,2.9772,103849359.3,2025-07-14 08:00:00
1752494400000,2.9772,3.035,2.9093,2.9469,111003002.8,2025-07-14 12:00:00
1752508800000,2.9468,3.0022,2.9101,2.93,51496654.5,2025-07-14 16:00:00
1752523200000,2.93,2.9637,2.8762,2.9582,31273459.5,2025-07-14 20:00:00
1752537600000,2.9582,2.9582,2.8038,2.8497,72135384.2,2025-07-15 00:00:00
1752552000000,2.8496,2.8869,2.8215,2.8524,44762462.8,2025-07-15 04:00:00
1752566400000,2.8523,2.9287,2.8194,2.9049,51095939.6,2025-07-15 08:00:00
1752580800000,2.9049,2.9342,2.8407,2.8903,67733324.7,2025-07-15 12:00:00
1752595200000,2.8902,2.9462,2.8575,2.8631,43306104.2,2025-07-15 16:00:00
1752609600000,2.863,2.9286,2.854,2.919,24932065.2,2025-07-15 20:00:00
1752624000000,2.9189,2.9365,2.8774,2.9044,24416599.9,2025-07-16 00:00:00
1752638400000,2.9044,2.9391,2.8912,2.9293,25243801.3,2025-07-16 04:00:00
1752652800000,2.9293,2.9637,2.9203,2.9513,24764646.6,2025-07-16 08:00:00
1752667200000,2.9513,3.0071,2.946,2.9764,63438865.9,2025-07-16 12:00:00
1752681600000,2.9764,3.078,2.9677,3.0592,75011928.6,2025-07-16 16:00:00
1752696000000,3.0591,3.1,3.0189,3.038,59408775.9,2025-07-16 20:00:00
1752710400000,3.038,3.0794,2.9873,3.025,36735773.8,2025-07-17 00:00:00
1752724800000,3.0249,3.1728,3.0149,3.1553,86501239.1,2025-07-17 04:00:00
1752739200000,3.1553,3.2986,3.1395,3.2623,124259980.8,2025-07-17 08:00:00
1752753600000,3.2624,3.275,3.1675,3.2534,99642892.0,2025-07-17 12:00:00
1752768000000,3.2533,3.3993,3.2221,3.3057,127292100.7,2025-07-17 16:00:00
1752782400000,3.3057,3.5495,3.2842,3.4814,173906858.79,2025-07-17 20:00:00
1752796800000,3.4813,3.6607,3.4621,3.6054,159583073.41,2025-07-18 00:00:00
1752811200000,3.6054,3.6384,3.4381,3.4503,110584483.5,2025-07-18 04:00:00
1752825600000,3.4503,3.5101,3.4005,3.49,115090177.4,2025-07-18 08:00:00
1752840000000,3.4899,3.545,3.3439,3.3736,119481238.6,2025-07-18 12:00:00
1752854400000,3.3736,3.4789,3.3634,3.434,54396397.1,2025-07-18 16:00:00
1752868800000,3.4339,3.4517,3.3576,3.4135,49587520.7,2025-07-18 20:00:00
1752883200000,3.4136,3.4792,3.3971,3.4494,51028135.4,2025-07-19 00:00:00
1752897600000,3.4494,3.4855,3.4166,3.4651,43301104.6,2025-07-19 04:00:00
1752912000000,3.4651,3.4735,3.388,3.3925,32276525.5,2025-07-19 08:00:00
1752926400000,3.3926,3.4312,3.3547,3.4098,37770995.8,2025-07-19 12:00:00
1752940800000,3.4098,3.4594,3.4042,3.4317,21420324.9,2025-07-19 16:00:00
1752955200000,3.4317,3.4445,3.38,3.4244,19103948.3,2025-07-19 20:00:00
1752969600000,3.4243,3.4513,3.3856,3.4345,38089827.2,2025-07-20 00:00:00
1752984000000,3.4345,3.4584,3.4022,3.4419,33611520.1,2025-07-20 04:00:00
1752998400000,3.442,3.5352,3.4419,3.4987,67145174.8,2025-07-20 08:00:00
1753012800000,3.4988,3.5466,3.4777,3.5183,45203023.4,2025-07-20 12:00:00
1753027200000,3.5182,3.5579,3.483,3.5234,48211350.1,2025-07-20 16:00:00
1753041600000,3.5235,3.5258,3.4038,3.454,49613588.7,2025-07-20 20:00:00
1753056000000,3.4541,3.4897,3.4076,3.4785,37335400.2,2025-07-21 00:00:00
1753070400000,3.4784,3.5809,3.4716,3.5663,48087961.9,2025-07-21 04:00:00
1753084800000,3.5664,3.5797,3.5209,3.5329,31708302.3,2025-07-21 08:00:00
1753099200000,3.5329,3.6495,3.4996,3.604,68232950.4,2025-07-21 12:00:00
1753113600000,3.604,3.6239,3.527,3.5465,51708550.4,2025-07-21 16:00:00
1753128000000,3.5465,3.575,3.5117,3.5495,22657416.4,2025-07-21 20:00:00
1753142400000,3.5494,3.5744,3.4618,3.5007,59831609.0,2025-07-22 00:00:00
1753156800000,3.5006,3.5034,3.4218,3.4762,51012766.2,2025-07-22 04:00:00
1753171200000,3.4761,3.5225,3.4261,3.5198,33949588.5,2025-07-22 08:00:00
1753185600000,3.5198,3.5371,3.4401,3.5076,48935406.9,2025-07-22 12:00:00
1753200000000,3.5076,3.5787,3.4916,3.5177,38244329.6,2025-07-22 16:00:00
1753214400000,3.5177,3.5541,3.513,3.5504,16690912.5,2025-07-22 20:00:00
1753228800000,3.5504,3.5519,3.488,3.4915,28688656.9,2025-07-23 00:00:00
1753243200000,3.4915,3.5107,3.4607,3.4678,28073567.2,2025-07-23 04:00:00
1753257600000,3.4677,3.4755,3.4304,3.4504,30818570.5,2025-07-23 08:00:00
1753272000000,3.4504,3.4504,3.2204,3.3224,139599412.5,2025-07-23 12:00:00
1753286400000,3.3224,3.3224,3.1597,3.1838,87014381.1,2025-07-23 16:00:00
1753300800000,3.1838,3.2161,3.02,3.1838,130202073.1,2025-07-23 20:00:00
1753315200000,3.1839,3.2373,3.15,3.192,49215551.9,2025-07-24 00:00:00
1753329600000,3.192,3.1965,2.9555,3.075,114510469.6,2025-07-24 04:00:00
1753344000000,3.075,3.1788,3.055,3.1685,64732542.0,2025-07-24 08:00:00
1753358400000,3.1684,3.2651,3.1185,3.2261,67528520.1,2025-07-24 12:00:00
1753372800000,3.2261,3.2603,3.1686,3.2087,38914160.0,2025-07-24 16:00:00
1753387200000,3.2087,3.2426,3.126,3.1453,31555219.8,2025-07-24 20:00:00
1753401600000,3.1454,3.1618,3.0447,3.0689,43909091.3,2025-07-25 00:00:00
1753416000000,3.0689,3.1187,3.0353,3.0745,43736519.3,2025-07-25 04:00:00
1753430400000,3.0745,3.1534,3.0632,3.1346,35150990.3,2025-07-25 08:00:00
1753444800000,3.1346,3.1523,2.9981,3.0375,63829593.3,2025-07-25 12:00:00
1753459200000,3.0375,3.0976,3.0254,3.0707,23338666.8,2025-07-25 16:00:00
1753473600000,3.0708,3.1507,3.0708,3.1423,24315960.9,2025-07-25 20:00:00
1753488000000,3.1422,3.1635,3.1088,3.144,17461595.7,2025-07-26 00:00:00
1753502400000,3.144,3.1766,3.1389,3.1551,14467531.2,2025-07-26 04:00:00
1753516800000,3.1552,3.2111,3.1541,3.1855,23437924.6,2025-07-26 08:00:00
1753531200000,3.1856,3.199,3.1761,3.1921,13839535.9,2025-07-26 12:00:00
1753545600000,3.1921,3.2181,3.1584,3.1911,17914640.5,2025-07-26 16:00:00
1753560000000,3.1911,3.2098,3.1637,3.1662,9709995.6,2025-07-26 20:00:00
1753574400000,3.1662,3.2064,3.1564,3.1994,12746125.0,2025-07-27 00:00:00
1753588800000,3.1994,3.2387,3.1858,3.1897,18284043.8,2025-07-27 04:00:00
1753603200000,3.1897,3.2148,3.1674,3.1802,17508757.9,2025-07-27 08:00:00
1753617600000,3.1802,3.2077,3.163,3.1866,22756577.0,2025-07-27 12:00:00
1753632000000,3.1866,3.2288,3.1768,3.2088,33099413.6,2025-07-27 16:00:00
1753646400000,3.2089,3.2515,3.1893,3.2389,26054290.8,2025-07-27 20:00:00
1753660800000,3.239,3.2928,3.2224,3.2693,37208563.1,2025-07-28 00:00:00
1753675200000,3.2693,3.3308,3.25,3.2737,39286539.8,2025-07-28 04:00:00
1753689600000,3.2736,3.2777,3.2241,3.2448,29001008.5,2025-07-28 08:00:00
1753704000000,3.2449,3.2495,3.1405,3.1601,51854841.2,2025-07-28 12:00:00
1753718400000,3.1601,3.1856,3.1141,3.1607,37559774.6,2025-07-28 16:00:00
1753732800000,3.1607,3.164,3.1073,3.1235,26912885.1,2025-07-28 20:00:00
1753747200000,3.1235,3.1482,3.0788,3.1406,25134181.8,2025-07-29 00:00:00
1753761600000,3.1407,3.1823,3.1222,3.1753,20998166.5,2025-07-29 04:00:00
1753776000000,3.1754,3.1856,3.1133,3.1376,23064062.5,2025-07-29 08:00:00
1753790400000,3.1376,3.1749,3.0768,3.0987,41058072.9,2025-07-29 12:00:00
1753804800000,3.0987,3.1624,3.0533,3.12,32006805.4,2025-07-29 16:00:00
1753819200000,3.1201,3.1374,3.094,3.128,15169680.8,2025-07-29 20:00:00
1753833600000,3.1281,3.15,3.0932,3.1382,12526008.7,2025-07-30 00:00:00
1753848000000,3.1381,3.147,3.1042,3.1202,15228815.0,2025-07-30 04:00:00
1753862400000,3.1201,3.1408,3.0436,3.0518,29496842.1,2025-07-30 08:00:00
1753876800000,3.0517,3.1537,3.0403,3.1435,39543631.8,2025-07-30 12:00:00
1753891200000,3.1436,3.1621,3.001,3.0978,59817575.0,2025-07-30 16:00:00
1753905600000,3.0979,3.1168,3.0625,3.0966,17030462.8,2025-07-30 20:00:00
1753920000000,3.0967,3.1466,3.0872,3.1398,15613995.3,2025-07-31 00:00:00
1753934400000,3.1399,3.155,3.1306,3.1549,14879724.0,2025-07-31 04:00:00
1753948800000,3.1549,3.1784,3.148,3.1515,17459067.3,2025-07-31 08:00:00
1753963200000,3.1516,3.1525,3.0763,3.1011,28345752.4,2025-07-31 12:00:00
1753977600000,3.1011,3.1366,3.0525,3.0579,23190089.4,2025-07-31 16:00:00
1753992000000,3.0578,3.0675,3.0108,3.0224,36023671.9,2025-07-31 20:00:00
1754006400000,3.0223,3.026,2.9292,2.9983,62338625.5,2025-08-01 00:00:00
1754020800000,2.9982,2.9982,2.9351,2.9558,29021187.4,2025-08-01 04:00:00
1754035200000,2.9558,2.9721,2.892,2.9707,41245682.3,2025-08-01 08:00:00
1754049600000,2.9706,3.059,2.93,3.0436,56678389.3,2025-08-01 12:00:00
1754064000000,3.0435,3.0526,2.9742,3.0141,32586247.9,2025-08-01 16:00:00
1754078400000,3.0142,3.029,2.8959,2.9613,39114564.0,2025-08-01 20:00:00
1754092800000,2.9614,2.986,2.9478,2.9834,11019401.2,2025-08-02 00:00:00
1754107200000,2.9834,3.0206,2.9456,2.9924,20841420.0,2025-08-02 04:00:00
1754121600000,2.9924,3.0023,2.93,2.9404,15502063.2,2025-08-02 08:00:00
1754136000000,2.9404,2.9466,2.822,2.83,37407218.6,2025-08-02 12:00:00
1754150400000,2.83,2.8658,2.7418,2.7794,66018516.3,2025-08-02 16:00:00
1754164800000,2.7793,2.8179,2.7387,2.7695,29945037.4,2025-08-02 20:00:00
1754179200000,2.7695,2.8411,2.728,2.8358,34304020.8,2025-08-03 00:00:00
1754193600000,2.8357,2.8698,2.8142,2.8652,17526872.5,2025-08-03 04:00:00
1754208000000,2.8652,2.894,2.8496,2.8694,22192216.6,2025-08-03 08:00:00
1754222400000,2.8694,2.9032,2.8585,2.8951,21925962.7,2025-08-03 12:00:00
1754236800000,2.8951,2.93,2.8856,2.9163,25740936.5,2025-08-03 16:00:00
1754251200000,2.9163,2.9625,2.9015,2.948,27727368.7,2025-08-03 20:00:00
1754265600000,2.9481,3.0312,2.9312,2.9983,36404553.3,2025-08-04 00:00:00
1754280000000,2.9984,3.019,2.9661,3.0119,22639401.5,2025-08-04 04:00:00
1754294400000,3.0119,3.0241,2.9767,2.9925,21781364.5,2025-08-04 08:00:00
1754308800000,2.9925,3.0813,2.9796,3.0313,44372304.7,2025-08-04 12:00:00
1754323200000,3.0312,3.0899,3.0312,3.0492,25268322.9,2025-08-04 16:00:00
1754337600000,3.0492,3.0867,3.0405,3.0716,14185677.5,2025-08-04 20:00:00
1754352000000,3.0715,3.1072,3.034,3.038,21370030.0,2025-08-05 00:00:00
1754366400000,3.038,3.0548,2.9958,3.0042,20553316.5,2025-08-05 04:00:00
1754380800000,3.0041,3.08,2.9992,3.0627,20065089.4,2025-08-05 08:00:00
1754395200000,3.0628,3.0654,2.9568,2.9713,45296268.8,2025-08-05 12:00:00
1754409600000,2.9713,2.9935,2.9453,2.9464,17767437.9,2025-08-05 16:00:00
1754424000000,2.9464,2.9759,2.9164,2.9623,19201155.1,2025-08-05 20:00:00
1754438400000,2.9622,2.9647,2.9088,2.9142,13986754.2,2025-08-06 00:00:00
1754452800000,2.9143,2.9683,2.9014,2.9557,24080838.9,2025-08-06 04:00:00
1754467200000,2.9558,2.9599,2.9185,2.9464,21437902.3,2025-08-06 08:00:00
1754481600000,2.9465,3.0083,2.9233,3.0042,28142023.0,2025-08-06 12:00:00
1754496000000,3.0042,3.0187,2.9699,3.0116,17833612.7,2025-08-06 16:00:00
1754510400000,3.0116,3.0116,2.9753,2.9908,8918444.5,2025-08-06 20:00:00
1754524800000,2.9908,3.011,2.9676,2.9683,10935240.7,2025-08-07 00:00:00
1754539200000,2.9682,3.0139,2.9641,2.9999,17060673.0,2025-08-07 04:00:00
1754553600000,2.9998,3.0882,2.9881,3.0793,30775085.4,2025-08-07 08:00:00
1754568000000,3.0792,3.086,3.041,3.0625,29208172.7,2025-08-07 12:00:00
1754582400000,3.0625,3.1024,3.0087,3.1018,22465370.4,2025-08-07 16:00:00
1754596800000,3.1018,3.3338,3.0994,3.3197,101751090.9,2025-08-07 20:00:00
1754611200000,3.3196,3.3762,3.2704,3.3762,76765382.5,2025-08-08 00:00:00
1754625600000,3.3762,3.3825,3.3064,3.3558,38946745.6,2025-08-08 04:00:00
1754640000000,3.3558,3.3606,3.3019,3.3364,28617428.0,2025-08-08 08:00:00
1754654400000,3.3364,3.3726,3.2051,3.2216,68894548.1,2025-08-08 12:00:00
1754668800000,3.2216,3.3404,3.22,3.3389,41269041.1,2025-08-08 16:00:00
1754683200000,3.3389,3.3389,3.2791,3.2859,19433010.7,2025-08-08 20:00:00
1754697600000,3.2858,3.3141,3.2801,3.2911,10888543.9,2025-08-09 00:00:00
1754712000000,3.2911,3.3348,3.288,3.3202,30312453.5,2025-08-09 04:00:00
1754726400000,3.3201,3.3475,3.3044,3.309,19688889.3,2025-08-09 08:00:00
1754740800000,3.309,3.3272,3.2461,3.273,28274087.4,2025-08-09 12:00:00
1754755200000,3.2731,3.298,3.259,3.265,14823446.0,2025-08-09 16:00:00
1754769600000,3.2649,3.2758,3.2083,3.2259,26658370.6,2025-08-09 20:00:00
1754784000000,3.2259,3.2679,3.2189,3.259,18920278.4,2025-08-10 00:00:00
1754798400000,3.259,3.2795,3.1618,3.1875,28906460.9,2025-08-10 04:00:00
1754812800000,3.1874,3.22,3.1521,3.1914,23377277.5,2025-08-10 08:00:00
1754827200000,3.1914,3.2044,3.1568,3.185,16843031.4,2025-08-10 12:00:00
1754841600000,3.185,3.2146,3.182,3.207,8736922.6,2025-08-10 16:00:00
1754856000000,3.207,3.2085,3.1581,3.187,26360750.3,2025-08-10 20:00:00
1754870400000,3.1869,3.2748,3.172,3.2653,32406637.6,2025-08-11 00:00:00
1754884800000,3.2654,3.2887,3.2339,3.2451,27293749.6,2025-08-11 04:00:00
1754899200000,3.2451,3.3342,3.2036,3.215,53777340.8,2025-08-11 08:00:00
1754913600000,3.215,3.2362,3.1774,3.209,43158749.4,2025-08-11 12:00:00
1754928000000,3.209,3.229,3.1474,3.1491,38561004.8,2025-08-11 16:00:00
1754942400000,3.1491,3.1707,3.1176,3.1295,28392294.6,2025-08-11 20:00:00
1754956800000,3.1295,3.1765,3.1274,3.1484,14423625.4,2025-08-12 00:00:00
1754971200000,3.1483,3.1661,3.1152,3.1557,15866294.7,2025-08-12 04:00:00
1754985600000,3.1558,3.1641,3.1041,3.1501,17861591.6,2025-08-12 08:00:00
1755000000000,3.1501,3.2194,3.1422,3.2127,40369061.3,2025-08-12 12:00:00
1755014400000,3.2128,3.2905,3.2052,3.2888,28781940.4,2025-08-12 16:00:00
1755028800000,3.2888,3.3067,3.2573,3.2676,37229665.5,2025-08-12 20:00:00
1755043200000,3.2675,3.2675,3.2054,3.2419,30838688.0,2025-08-13 00:00:00
1755057600000,3.2418,3.2578,3.2026,3.2394,25795596.3,2025-08-13 04:00:00
1755072000000,3.2394,3.2994,3.2389,3.2846,35661830.7,2025-08-13 08:00:00
1755086400000,3.2845,3.335,3.2266,3.2561,62997075.0,2025-08-13 12:00:00
1755100800000,3.2562,3.285,3.2441,3.2778,16899260.7,2025-08-13 16:00:00
1755115200000,3.2778,3.2943,3.2523,3.2744,21108573.0,2025-08-13 20:00:00
1755129600000,3.2744,3.3512,3.2699,3.3262,49421027.1,2025-08-14 00:00:00
1755144000000,3.3262,3.3343,3.2348,3.2554,44337562.8,2025-08-14 04:00:00
1755158400000,3.2554,3.2554,3.1994,3.2181,32816254.1,2025-08-14 08:00:00
1755172800000,3.2181,3.2353,2.9915,3.0962,123244332.2,2025-08-14 12:00:00
1755187200000,3.0962,3.0988,3.0426,3.0682,32088564.2,2025-08-14 16:00:00
1755201600000,3.0681,3.0908,3.0295,3.0792,19764507.2,2025-08-14 20:00:00
1755216000000,3.0792,3.1228,3.0716,3.1174,21857909.9,2025-08-15 00:00:00
1755230400000,3.1174,3.1427,3.1057,3.1174,18343998.4,2025-08-15 04:00:00
1755244800000,3.1173,3.1278,3.0968,3.1111,15863266.0,2025-08-15 08:00:00
1755259200000,3.1111,3.1407,3.0111,3.0269,39995193.9,2025-08-15 12:00:00
1755273600000,3.0269,3.0963,3.0024,3.0657,25214958.6,2025-08-15 16:00:00
1755288000000,3.0657,3.0988,3.0545,3.0779,13652152.7,2025-08-15 20:00:00
1755302400000,3.0778,3.1146,3.0715,3.1086,8391194.5,2025-08-16 00:00:00
1755316800000,3.1087,3.1259,3.0885,3.1232,8590107.4,2025-08-16 04:00:00
1755331200000,3.1233,3.156,3.1029,3.1044,22252177.9,2025-08-16 08:00:00
1755345600000,3.1045,3.1271,3.0981,3.1036,12480082.5,2025-08-16 12:00:00
1755360000000,3.1036,3.113,3.0924,3.1002,7526041.0,2025-08-16 16:00:00
1755374400000,3.1001,3.109,3.0905,3.1055,5285166.9,2025-08-16 20:00:00
1755388800000,3.1056,3.1238,3.0829,3.1198,8361989.1,2025-08-17 00:00:00
1755403200000,3.1199,3.1387,3.1117,3.1176,8319797.9,2025-08-17 04:00:00
1755417600000,3.1177,3.141,3.1115,3.128,9743818.7,2025-08-17 08:00:00
1755432000000,3.1281,3.1459,3.1142,3.1438,11138653.7,2025-08-17 12:00:00
1755446400000,3.1437,3.1472,3.0773,3.0888,19765643.2,2025-08-17 16:00:00
1755460800000,3.0887,3.1134,3.0855,3.0877,9362194.9,2025-08-17 20:00:00
1755475200000,3.0877,3.0916,2.9669,2.9901,44781106.9,2025-08-18 00:00:00
1755489600000,2.99,3.0052,2.9555,2.9639,31397265.2,2025-08-18 04:00:00
1755504000000,2.9638,2.978,2.9404,2.9644,28282346.7,2025-08-18 08:00:00
1755518400000,2.9643,3.024,2.96,3.0158,22743921.5,2025-08-18 12:00:00
1755532800000,3.0158,3.0969,3.0005,3.0822,23828593.7,2025-08-18 16:00:00
1755547200000,3.0822,3.096,3.0515,3.0616,12427680.2,2025-08-18 20:00:00
1755561600000,3.0616,3.0808,2.984,2.9902,24237041.2,2025-08-19 00:00:00
1755576000000,2.9902,3.0279,2.9731,3.0036,23082491.2,2025-08-19 04:00:00
1755590400000,3.0036,3.0246,2.9909,3.0156,14328561.9,2025-08-19 08:00:00
1755604800000,3.0156,3.038,2.9271,2.9296,30356678.6,2025-08-19 12:00:00
1755619200000,2.9296,2.9355,2.8709,2.8768,31153962.2,2025-08-19 16:00:00
1755633600000,2.8767,2.9064,2.8488,2.8608,26026453.6,2025-08-19 20:00:00
1755648000000,2.8608,2.9,2.8492,2.8872,21653549.3,2025-08-20 00:00:00
1755662400000,2.8872,2.9013,2.8646,2.8674,17953407.5,2025-08-20 04:00:00
1755676800000,2.8674,2.9142,2.8597,2.8892,23733724.3,2025-08-20 08:00:00
1755691200000,2.8893,2.9345,2.8184,2.904,45078998.8,2025-08-20 12:00:00
1755705600000,2.904,2.989,2.904,2.989,28313259.8,2025-08-20 16:00:00
1755720000000,2.989,2.9896,2.9491,2.9512,15918522.8,2025-08-20 20:00:00
1755734400000,2.9512,2.9588,2.9129,2.9299,18241396.9,2025-08-21 00:00:00
1755748800000,2.9298,2.9408,2.8922,2.9081,15394117.6,2025-08-21 04:00:00
1755763200000,2.9082,2.9161,2.8858,2.9021,11692724.7,2025-08-21 08:00:00
1755777600000,2.902,2.9236,2.8725,2.8875,19703535.5,2025-08-21 12:00:00
1755792000000,2.8874,2.9193,2.8517,2.8682,15407160.9,2025-08-21 16:00:00
1755806400000,2.8683,2.8885,2.8424,2.8519,10933720.0,2025-08-21 20:00:00
1755820800000,2.8518,2.885,2.8226,2.8331,19324655.0,2025-08-22 00:00:00
1755835200000,2.833,2.8747,2.8309,2.8601,14085735.3,2025-08-22 04:00:00
1755849600000,2.8601,2.8764,2.8041,2.8056,18243387.3,2025-08-22 08:00:00
1755864000000,2.8056,3.0436,2.7826,3.0169,123971189.6,2025-08-22 12:00:00
1755878400000,3.0169,3.1,3.0162,3.073,49874349.6,2025-08-22 16:00:00
1755892800000,3.073,3.1056,3.0641,3.0744,29542847.8,2025-08-22 20:00:00
1755907200000,3.0745,3.0749,2.9697,2.9939,35661681.3,2025-08-23 00:00:00
1755921600000,2.994,3.0756,2.9932,3.0619,21759696.9,2025-08-23 04:00:00
1755936000000,3.0619,3.0718,3.029,3.0434,14666152.1,2025-08-23 08:00:00
1755950400000,3.0435,3.0474,3.0072,3.0187,14541398.3,2025-08-23 12:00:00
1755964800000,3.0187,3.0312,3.0097,3.0297,7008640.4,2025-08-23 16:00:00
1755979200000,3.0297,3.058,3.025,3.0485,9613278.4,2025-08-23 20:00:00
1755993600000,3.0486,3.0886,3.0443,3.0526,17469958.6,2025-08-24 00:00:00
1756008000000,3.0526,3.0568,3.0296,3.0357,8050221.0,2025-08-24 04:00:00
1756022400000,3.0357,3.0478,2.9971,3.0087,14649278.6,2025-08-24 08:00:00
1756036800000,3.0087,3.041,3.0059,3.0144,13126823.6,2025-08-24 12:00:00
1756051200000,3.0144,3.128,2.9911,3.0343,67645803.5,2025-08-24 16:00:00
1756065600000,3.0344,3.0474,2.987,3.0258,36411248.7,2025-08-24 20:00:00
1756080000000,3.0259,3.0535,2.9736,3.0219,26524879.3,2025-08-25 00:00:00
1756094400000,3.0219,3.0261,2.9301,2.9384,29408443.9,2025-08-25 04:00:00
1756108800000,2.9385,2.9579,2.9193,2.9429,22877290.0,2025-08-25 08:00:00
1756123200000,2.9429,2.9744,2.9276,2.9538,18882104.0,2025-08-25 12:00:00
1756137600000,2.9538,2.9685,2.8724,2.8768,26457659.6,2025-08-25 16:00:00
1756152000000,2.8769,2.8944,2.8223,2.8584,51993881.6,2025-08-25 20:00:00
1756166400000,2.8584,2.898,2.8459,2.885,23454695.3,2025-08-26 00:00:00
1756180800000,2.885,2.935,2.885,2.9172,22397842.8,2025-08-26 04:00:00
1756195200000,2.9171,2.9278,2.8904,2.9011,16301347.4,2025-08-26 08:00:00
1756209600000,2.9012,2.9429,2.8876,2.9331,30045507.4,2025-08-26 12:00:00
1756224000000,2.933,3.0817,2.9261,3.0607,34879763.5,2025-08-26 16:00:00
1756238400000,3.0606,3.0624,3.0032,3.0123,33443431.4,2025-08-26 20:00:00
1756252800000,3.0123,3.014,2.9811,3.0043,19166729.0,2025-08-27 00:00:00
1756267200000,3.0043,3.0279,2.9846,2.9934,16087697.6,2025-08-27 04:00:00
1756281600000,2.9934,3.0235,2.9934,2.9984,11028211.7,2025-08-27 08:00:00
1756296000000,2.9983,3.0321,2.9882,3.0169,21694640.4,2025-08-27 12:00:00
1756310400000,3.017,3.0454,2.9875,3.0053,21291102.0,2025-08-27 16:00:00
1756324800000,3.0053,3.0286,2.9621,2.9688,35002426.2,2025-08-27 20:00:00
1756339200000,2.9688,2.9894,2.953,2.9819,13187763.0,2025-08-28 00:00:00
1756353600000,2.982,3.0133,2.9771,3.0035,23172949.0,2025-08-28 04:00:00
1756368000000,3.0035,3.0161,2.9919,3.0075,16586440.6,2025-08-28 08:00:00
1756382400000,3.0076,3.0263,2.9706,2.9817,30306775.0,2025-08-28 12:00:00
1756396800000,2.9816,2.9983,2.9432,2.9436,16058214.5,2025-08-28 16:00:00
1756411200000,2.9436,2.9797,2.9435,2.9665,11283796.2,2025-08-28 20:00:00
1756425600000,2.9665,2.9768,2.9375,2.9381,14224650.2,2025-08-29 00:00:00
1756440000000,2.9381,2.9404,2.8601,2.8699,36122786.6,2025-08-29 04:00:00
1756454400000,2.8698,2.8869,2.8436,2.8763,28725508.8,2025-08-29 08:00:00
1756468800000,2.8762,2.9227,2.8165,2.8345,46579501.3,2025-08-29 12:00:00
1756483200000,2.8344,2.846,2.8014,2.8138,20788693.7,2025-08-29 16:00:00
1756497600000,2.8138,2.8265,2.7734,2.8195,22990326.3,2025-08-29 20:00:00
1756512000000,2.8195,2.8248,2.7604,2.8127,17246045.6,2025-08-30 00:00:00
1756526400000,2.8128,2.8349,2.8098,2.832,8958064.8,2025-08-30 04:00:00
1756540800000,2.832,2.8324,2.7958,2.8102,13712581.0,2025-08-30 08:00:00
1756555200000,2.8102,2.8108,2.7746,2.8068,14633375.9,2025-08-30 12:00:00
1756569600000,2.8069,2.8184,2.7989,2.8104,7285546.6,2025-08-30 16:00:00
1756584000000,2.8104,2.8183,2.7992,2.8181,6377855.7,2025-08-30 20:00:00
1756598400000,2.818,2.8693,2.818,2.852,11873007.8,2025-08-31 00:00:00
1756612800000,2.852,2.8565,2.8227,2.8289,7046988.3,2025-08-31 04:00:00
1756627200000,2.8289,2.8447,2.812,2.8238,10237089.2,2025-08-31 08:00:00
1756641600000,2.8238,2.8251,2.8014,2.8222,8754899.8,2025-08-31 12:00:00
1756656000000,2.8222,2.8223,2.7983,2.8002,6972905.8,2025-08-31 16:00:00
1756670400000,2.8001,2.8173,2.7707,2.7757,11555140.4,2025-08-31 20:00:00
1756684800000,2.7757,2.7793,2.7256,2.742,39398612.7,2025-09-01 00:00:00
1756699200000,2.7421,2.7946,2.7014,2.7943,35701492.6,2025-09-01 04:00:00
1756713600000,2.7943,2.839,2.7672,2.7697,38468382.2,2025-09-01 08:00:00
1756728000000,2.7697,2.7804,2.7518,2.7625,17701887.7,2025-09-01 12:00:00
1756742400000,2.7625,2.7746,2.7203,2.7735,17355683.0,2025-09-01 16:00:00
1756756800000,2.7735,2.7758,2.6975,2.7589,31179341.4,2025-09-01 20:00:00
1756771200000,2.7589,2.8014,2.7484,2.798,16698724.7,2025-09-02 00:00:00
1756785600000,2.798,2.8159,2.7856,2.794,21832642.0,2025-09-02 04:00:00
1756800000000,2.7939,2.8329,2.7935,2.7987,16164221.2,2025-09-02 08:00:00
1756814400000,2.7986,2.8455,2.762,2.7905,45280872.1,2025-09-02 12:00:00
1756828800000,2.7904,2.8287,2.7818,2.8282,15883479.5,2025-09-02 16:00:00
1756843200000,2.8282,2.8641,2.817,2.862,18829101.0,2025-09-02 20:00:00
1756857600000,2.862,2.8654,2.8257,2.8412,16301729.9,2025-09-03 00:00:00
1756872000000,2.8412,2.8444,2.811,2.8211,14057868.4,2025-09-03 04:00:00
1756886400000,2.821,2.8639,2.8202,2.857,20471885.8,2025-09-03 08:00:00
1756900800000,2.857,2.8867,2.8422,2.8723,22151242.5,2025-09-03 12:00:00
1756915200000,2.8722,2.8743,2.8433,2.8651,14201807.6,2025-09-03 16:00:00
1756929600000,2.8651,2.8675,2.8392,2.8443,9589758.9,2025-09-03 20:00:00
1756944000000,2.8442,2.857,2.8331,2.8444,10860952.2,2025-09-04 00:00:00
1756958400000,2.8445,2.8629,2.814,2.8247,17421031.0,2025-09-04 04:00:00
1756972800000,2.8247,2.8557,2.824,2.8413,14620128.1,2025-09-04 08:00:00
1756987200000,2.8414,2.8482,2.804,2.8104,25820500.8,2025-09-04 12:00:00
1757001600000,2.8105,2.8234,2.7842,2.785,14876688.8,2025-09-04 16:00:00
1757016000000,2.785,2.8256,2.785,2.7946,10940329.6,2025-09-04 20:00:00
1757030400000,2.7947,2.8139,2.778,2.8071,12910173.5,2025-09-05 00:00:00
1757044800000,2.8071,2.8496,2.8034,2.8443,15601663.8,2025-09-05 04:00:00
1757059200000,2.8443,2.8543,2.8284,2.8439,14078037.8,2025-09-05 08:00:00
1757073600000,2.8439,2.8849,2.8,2.8148,50416393.0,2025-09-05 12:00:00
1757088000000,2.8148,2.865,2.8037,2.8648,14564444.0,2025-09-05 16:00:00
1757102400000,2.8648,2.8653,2.8141,2.8147,13378783.6,2025-09-05 20:00:00
1757116800000,2.8146,2.8289,2.8123,2.827,5932783.8,2025-09-06 00:00:00
1757131200000,2.827,2.827,2.8135,2.8204,2748386.8,2025-09-06 04:00:00
1757145600000,2.8204,2.8206,2.8011,2.8064,5343020.1,2025-09-06 08:00:00
1757160000000,2.8064,2.8179,2.8005,2.8021,6536535.5,2025-09-06 12:00:00
1757174400000,2.8021,2.808,2.7927,2.7944,7178550.8,2025-09-06 16:00:00
1757188800000,2.7943,2.8127,2.7943,2.8098,3650269.6,2025-09-06 20:00:00
1757203200000,2.8098,2.8256,2.8092,2.8223,3267308.3,2025-09-07 00:00:00
1757217600000,2.8223,2.8345,2.8175,2.8308,5574391.4,2025-09-07 04:00:00
1757232000000,2.8308,2.8374,2.8257,2.8315,4570453.3,2025-09-07 08:00:00
1757246400000,2.8316,2.9285,2.8289,2.9001,39821986.9,2025-09-07 12:00:00
1757260800000,2.9002,2.9008,2.8507,2.8627,16467969.8,2025-09-07 16:00:00
1757275200000,2.8627,2.8921,2.8553,2.877,13074729.4,2025-09-07 20:00:00
1757289600000,2.877,2.9,2.8627,2.889,15445861.1,2025-09-08 00:00:00
1757304000000,2.889,2.9111,2.8739,2.9106,18457278.5,2025-09-08 04:00:00
1757318400000,2.9106,2.955,2.9033,2.9362,25671294.4,2025-09-08 08:00:00
1757332800000,2.9363,2.9964,2.934,2.9856,32753768.6,2025-09-08 12:00:00
1757347200000,2.9856,2.9908,2.9614,2.9798,17193124.8,2025-09-08 16:00:00
1757361600000,2.9799,2.9848,2.9546,2.9697,11884850.8,2025-09-08 20:00:00
1757376000000,2.9698,2.9782,2.9337,2.9501,17697403.6,2025-09-09 00:00:00
1757390400000,2.95,3.0277,2.9444,3.02,28609188.5,2025-09-09 04:00:00
1757404800000,3.02,3.0365,2.9991,3.0043,19480883.5,2025-09-09 08:00:00
1757419200000,3.0043,3.03,2.9367,2.9471,31848494.9,2025-09-09 12:00:00
1757433600000,2.9471,2.9729,2.9436,2.9651,9250626.6,2025-09-09 16:00:00
1757448000000,2.9652,2.9685,2.9404,2.9474,10026833.1,2025-09-09 20:00:00
1757462400000,2.9474,2.9641,2.9357,2.9625,10496269.0,2025-09-10 00:00:00
1757476800000,2.9624,2.9812,2.9457,2.981,12712878.2,2025-09-10 04:00:00
1757491200000,2.9811,2.9871,2.9603,2.971,8662963.3,2025-09-10 08:00:00
1757505600000,2.9711,3.024,2.9704,3.0025,30976394.8,2025-09-10 12:00:00
1757520000000,3.0026,3.014,2.9672,2.9785,15013957.4,2025-09-10 16:00:00
1757534400000,2.9785,2.9888,2.9718,2.9834,7466215.3,2025-09-10 20:00:00
1757548800000,2.9834,3.0118,2.9772,3.0091,8857058.2,2025-09-11 00:00:00
1757563200000,3.0092,3.0139,2.9914,3.0034,12796073.5,2025-09-11 04:00:00
1757577600000,3.0033,3.035,2.9984,3.0077,19209056.7,2025-09-11 08:00:00
1757592000000,3.0077,3.034,2.9507,2.9949,40349505.9,2025-09-11 12:00:00
1757606400000,2.995,3.0344,2.99,3.0257,16890625.7,2025-09-11 16:00:00
1757620800000,3.0258,3.049,3.0109,3.0398,17022123.9,2025-09-11 20:00:00
1757635200000,3.0398,3.0719,3.032,3.0371,21420574.2,2025-09-12 00:00:00
1757649600000,3.0372,3.0731,3.0282,3.0667,20133052.6,2025-09-12 04:00:00
1757664000000,3.0668,3.0704,3.0372,3.0389,12029650.9,2025-09-12 08:00:00
1757678400000,3.0389,3.0647,3.018,3.0277,21529963.8,2025-09-12 12:00:00
1757692800000,3.0277,3.0934,3.0225,3.09,23977202.4,2025-09-12 16:00:00
1757707200000,3.0899,3.1376,3.0826,3.1054,31322564.2,2025-09-12 20:00:00
1757721600000,3.1054,3.1257,3.0901,3.1144,11902693.4,2025-09-13 00:00:00
1757736000000,3.1143,3.1219,3.0992,3.117,10865214.0,2025-09-13 04:00:00
1757750400000,3.117,3.1858,3.1104,3.1728,33921266.0,2025-09-13 08:00:00
1757764800000,3.1729,3.1812,3.1179,3.1333,26850633.2,2025-09-13 12:00:00
1757779200000,3.1333,3.1421,3.089,3.111,19936554.7,2025-09-13 16:00:00
1757793600000,3.1109,3.1282,3.1089,3.1193,9315155.6,2025-09-13 20:00:00
1757808000000,3.1193,3.1267,3.085,3.095,13778274.4,2025-09-14 00:00:00
1757822400000,3.095,3.1085,3.0753,3.0841,13320011.2,2025-09-14 04:00:00
1757836800000,3.0842,3.095,3.0542,3.059,12750239.1,2025-09-14 08:00:00
1757851200000,3.0589,3.0663,3.0099,3.0314,23219491.5,2025-09-14 12:00:00
1757865600000,3.0314,3.0595,3.0281,3.038,12629601.1,2025-09-14 16:00:00
1757880000000,3.038,3.0575,3.025,3.0279,10747025.5,2025-09-14 20:00:00
1757894400000,3.028,3.0523,3.012,3.0481,12107574.7,2025-09-15 00:00:00
1757908800000,3.0481,3.0669,3.0125,3.0232,17163274.6,2025-09-15 04:00:00
1757923200000,3.0231,3.0241,2.9532,2.9994,34792487.4,2025-09-15 08:00:00
1757937600000,2.9993,3.043,2.9843,3.0275,33370959.1,2025-09-15 12:00:00
1757952000000,3.0275,3.0356,2.9838,2.9883,14770929.1,2025-09-15 16:00:00
1757966400000,2.9883,3.0041,2.9708,2.9969,9330851.1,2025-09-15 20:00:00
1757980800000,2.9969,2.999,2.9767,2.9791,9408072.8,2025-09-16 00:00:00
1757995200000,2.9791,3.0138,2.9642,3.0079,15393858.3,2025-09-16 04:00:00
1758009600000,3.0078,3.0496,3.0035,3.0289,17108584.8,2025-09-16 08:00:00
1758024000000,3.0289,3.0478,3.0004,3.0393,17783816.7,2025-09-16 12:00:00
1758038400000,3.0394,3.0586,3.0307,3.0519,10889132.9,2025-09-16 16:00:00
1758052800000,3.0518,3.0579,3.0353,3.0376,6370297.5,2025-09-16 20:00:00
1758067200000,3.0376,3.0476,3.0156,3.0162,17991876.9,2025-09-17 00:00:00
1758081600000,3.0163,3.0389,3.0054,3.0342,14377393.5,2025-09-17 04:00:00
1758096000000,3.0342,3.0343,3.0029,3.0088,13266191.3,2025-09-17 08:00:00
1758110400000,3.0088,3.0377,3.0086,3.0227,12315390.1,2025-09-17 12:00:00
1758124800000,3.0227,3.0685,2.9814,3.0321,44737036.5,2025-09-17 16:00:00
1758139200000,3.0322,3.1079,3.0059,3.0841,29820770.1,2025-09-17 20:00:00
1758153600000,3.0841,3.112,3.0707,3.1051,20874925.1,2025-09-18 00:00:00
1758168000000,3.105,3.1074,3.0558,3.0924,22656636.8,2025-09-18 04:00:00
1758182400000,3.0925,3.1375,3.0901,3.1368,23559446.1,2025-09-18 08:00:00
1758196800000,3.1369,3.1397,3.1023,3.1134,23579422.0,2025-09-18 12:00:00
1758211200000,3.1134,3.123,3.0884,3.1074,16096559.4,2025-09-18 16:00:00
1758225600000,3.1074,3.1079,3.0601,3.0735,14331951.3,2025-09-18 20:00:00
1758240000000,3.0735,3.0941,3.0453,3.047,14794231.7,2025-09-19 00:00:00
1758254400000,3.0469,3.0536,3.0232,3.0382,19081616.2,2025-09-19 04:00:00
1758268800000,3.0381,3.0475,3.0223,3.0304,13246302.3,2025-09-19 08:00:00
1758283200000,3.0305,3.0462,2.9887,3.0103,25573778.8,2025-09-19 12:00:00
1758297600000,3.0103,3.017,2.9836,2.9862,12012602.3,2025-09-19 16:00:00
1758312000000,2.9862,3.0007,2.9784,2.9901,8006107.3,2025-09-19 20:00:00
1758326400000,2.99,3.0013,2.98,2.9914,5032113.5,2025-09-20 00:00:00
1758340800000,2.9915,3.0091,2.9873,3.0089,4863732.9,2025-09-20 04:00:00
1758355200000,3.0088,3.0091,2.9745,2.9891,9208887.6,2025-09-20 08:00:00
1758369600000,2.9892,2.9961,2.9652,2.9893,19878854.2,2025-09-20 12:00:00
1758384000000,2.9893,2.9928,2.971,2.9744,12685064.1,2025-09-20 16:00:00
1758398400000,2.9745,2.9855,2.97,2.975,11055077.7,2025-09-20 20:00:00
1758412800000,2.975,2.9987,2.9725,2.9976,9072888.8,2025-09-21 00:00:00
1758427200000,2.9977,3.0135,2.9931,2.997,9174271.1,2025-09-21 04:00:00
1758441600000,2.997,3.0005,2.9618,2.9751,7336152.7,2025-09-21 08:00:00
1758456000000,2.9751,2.9884,2.9696,2.9798,4664708.0,2025-09-21 12:00:00
1758470400000,2.9799,2.9856,2.9523,2.9818,8942408.9,2025-09-21 16:00:00
1758484800000,2.9817,2.9927,2.9644,2.9701,6478311.6,2025-09-21 20:00:00
1758499200000,2.9701,2.9755,2.8769,2.9038,43360321.0,2025-09-22 00:00:00
1758513600000,2.9038,2.9066,2.6975,2.806,76235792.0,2025-09-22 04:00:00
1758528000000,2.806,2.8239,2.7895,2.8162,32925635.4,2025-09-22 08:00:00
1758542400000,2.8163,2.8746,2.8041,2.8602,41513502.8,2025-09-22 12:00:00
1758556800000,2.8602,2.8703,2.8157,2.8345,25418671.2,2025-09-22 16:00:00
1758571200000,2.8344,2.8571,2.8146,2.8526,9293270.5,2025-09-22 20:00:00
1758585600000,2.8525,2.8725,2.7991,2.8596,18355738.2,2025-09-23 00:00:00
1758600000000,2.8597,2.8843,2.8356,2.8646,20845624.7,2025-09-23 04:00:00
1758614400000,2.8646,2.8738,2.8494,2.8584,14845259.4,2025-09-23 08:00:00
1758628800000,2.8583,2.8839,2.8529,2.8766,15544768.2,2025-09-23 12:00:00
1758643200000,2.8766,2.8964,2.8379,2.8532,20306620.8,2025-09-23 16:00:00
1758657600000,2.8531,2.8599,2.8175,2.8247,10494291.0,2025-09-23 20:00:00
1758672000000,2.8247,2.8431,2.8055,2.814,18124173.7,2025-09-24 00:00:00
1758686400000,2.8139,2.8774,2.7883,2.8736,23391695.1,2025-09-24 04:00:00
1758700800000,2.8737,2.8842,2.8671,2.8804,10921390.9,2025-09-24 08:00:00
1758715200000,2.8804,2.9511,2.8718,2.9404,21991539.0,2025-09-24 12:00:00
1758729600000,2.9403,2.9955,2.9289,2.9773,26746042.6,2025-09-24 16:00:00
1758744000000,2.9772,2.9796,2.9234,2.9257,24242391.3,2025-09-24 20:00:00
1758758400000,2.9257,2.9446,2.87,2.873,23877735.5,2025-09-25 00:00:00
1758772800000,2.873,2.8785,2.8324,2.8424,30225848.2,2025-09-25 04:00:00
1758787200000,2.8424,2.8549,2.8074,2.8154,22261137.2,2025-09-25 08:00:00
1758801600000,2.8154,2.8607,2.7852,2.8312,39790295.8,2025-09-25 12:00:00
1758816000000,2.8312,2.8377,2.7244,2.7606,55912823.9,2025-09-25 16:00:00
1758830400000,2.7607,2.7721,2.7321,2.7435,24353336.3,2025-09-25 20:00:00
1758844800000,2.7435,2.7787,2.7387,2.7611,17665121.1,2025-09-26 00:00:00
1758859200000,2.7611,2.7754,2.7379,2.7551,26363691.3,2025-09-26 04:00:00
1758873600000,2.7551,2.7687,2.6984,2.7277,34322597.8,2025-09-26 08:00:00
1758888000000,2.7277,2.7766,2.7004,2.7353,40396597.1,2025-09-26 12:00:00
1758902400000,2.7353,2.809,2.7319,2.7918,29678525.9,2025-09-26 16:00:00
1758916800000,2.7918,2.7974,2.7698,2.7835,14374771.5,2025-09-26 20:00:00
1758931200000,2.7836,2.79,2.7675,2.7836,6957976.8,2025-09-27 00:00:00
1758945600000,2.7835,2.8016,2.7757,2.781,6751700.9,2025-09-27 04:00:00
1758960000000,2.7809,2.7939,2.7619,2.777,6578799.7,2025-09-27 08:00:00
1758974400000,2.777,2.789,2.7727,2.7842,6394921.4,2025-09-27 12:00:00
1758988800000,2.7842,2.7949,2.7628,2.79,7955912.5,2025-09-27 16:00:00
1759003200000,2.7899,2.8287,2.7874,2.8047,10064494.9,2025-09-27 20:00:00
1759017600000,2.8047,2.8146,2.7771,2.7826,17164923.6,2025-09-28 00:00:00
1759032000000,2.7827,2.7947,2.7747,2.7874,4889263.3,2025-09-28 04:00:00
1759046400000,2.7874,2.7945,2.7701,2.7764,7756833.9,2025-09-28 08:00:00
1759060800000,2.7764,2.8138,2.7661,2.8107,8942258.8,2025-09-28 12:00:00
1759075200000,2.8106,2.8346,2.8048,2.8277,12413042.7,2025-09-28 16:00:00
1759089600000,2.8276,2.8675,2.8266,2.8674,14687187.7,2025-09-28 20:00:00
1759104000000,2.8675,2.8848,2.8482,2.8634,20843414.3,2025-09-29 00:00:00
1759118400000,2.8635,2.9054,2.8454,2.8869,18034398.1,2025-09-29 04:00:00
1759132800000,2.8868,2.8926,2.8528,2.8551,11177195.4,2025-09-29 08:00:00
1759147200000,2.8551,2.9289,2.8455,2.894,27662922.4,2025-09-29 12:00:00
1759161600000,2.8939,2.9033,2.8657,2.8977,21794299.3,2025-09-29 16:00:00
1759176000000,2.8977,2.915,2.8787,2.8801,16961145.8,2025-09-29 20:00:00
1759190400000,2.8801,2.8926,2.8681,2.876,11979630.5,2025-09-30 00:00:00
1759204800000,2.8759,2.9077,2.872,2.874,12241824.8,2025-09-30 04:00:00
1759219200000,2.874,2.8753,2.8341,2.8468,15210322.1,2025-09-30 08:00:00
1759233600000,2.8468,2.8629,2.8132,2.8279,18830041.1,2025-09-30 12:00:00
1759248000000,2.8279,2.8708,2.8174,2.8637,25364851.9,2025-09-30 16:00:00
1759262400000,2.8638,2.8792,2.8339,2.8468,16765749.3,2025-09-30 20:00:00
1759276800000,2.8468,2.8597,2.8141,2.819,10899970.7,2025-10-01 00:00:00
1759291200000,2.8191,2.8574,2.8163,2.854,17429908.3,2025-10-01 04:00:00
1759305600000,2.8539,2.952,2.8517,2.9439,46922593.2,2025-10-01 08:00:00
1759320000000,2.9439,2.9582,2.9269,2.9419,30507079.9,2025-10-01 12:00:00
1759334400000,2.9419,2.9616,2.9195,2.9549,18341504.6,2025-10-01 16:00:00
1759348800000,2.9549,2.9555,2.9261,2.9485,12161352.1,2025-10-01 20:00:00
1759363200000,2.9485,2.9877,2.9403,2.9723,18779884.4,2025-10-02 00:00:00
1759377600000,2.9723,2.9856,2.9538,2.9692,20300602.2,2025-10-02 04:00:00
1759392000000,2.9691,2.9962,2.9666,2.9715,15361526.0,2025-10-02 08:00:00
1759406400000,2.9716,2.9939,2.9461,2.9917,24194773.9,2025-10-02 12:00:00
1759420800000,2.9917,3.0998,2.9871,3.0902,46205046.6,2025-10-02 16:00:00
1759435200000,3.0903,3.0912,3.026,3.0389,22232718.5,2025-10-02 20:00:00
1759449600000,3.0388,3.0393,3.0041,3.0202,19768299.4,2025-10-03 00:00:00
1759464000000,3.0202,3.035,3.0131,3.0339,15202426.6,2025-10-03 04:00:00
1759478400000,3.0339,3.0582,3.0224,3.0379,17540193.1,2025-10-03 08:00:00
1759492800000,3.038,3.0731,3.0079,3.0692,22173152.8,2025-10-03 12:00:00
1759507200000,3.0693,3.0948,3.0124,3.0347,40619698.1,2025-10-03 16:00:00
1759521600000,3.0347,3.0556,3.0211,3.0401,10435736.7,2025-10-03 20:00:00
1759536000000,3.0402,3.0522,3.0082,3.0233,11338249.3,2025-10-04 00:00:00
1759550400000,3.0234,3.0315,3.0145,3.018,5890673.1,2025-10-04 04:00:00
1759564800000,3.0179,3.022,2.9828,2.9904,14383423.1,2025-10-04 08:00:00
1759579200000,2.9904,3.0065,2.9409,2.9497,20301961.7,2025-10-04 12:00:00
1759593600000,2.9497,2.9568,2.939,2.9501,10239703.0,2025-10-04 16:00:00
1759608000000,2.9502,2.9731,2.9457,2.9685,7275970.6,2025-10-04 20:00:00
1759622400000,2.9685,3.0263,2.9555,3.0075,13848077.6,2025-10-05 00:00:00
1759636800000,3.0075,3.0675,3.0049,3.0633,22409369.0,2025-10-05 04:00:00
1759651200000,3.0633,3.0716,3.0011,3.022,23050771.3,2025-10-05 08:00:00
1759665600000,3.022,3.0221,2.9856,3.0128,11444808.2,2025-10-05 12:00:00
1759680000000,3.0127,3.015,2.9483,2.9529,17890841.5,2025-10-05 16:00:00
1759694400000,2.9528,2.9851,2.9468,2.9697,17254843.8,2025-10-05 20:00:00
1759708800000,2.9697,2.9924,2.9551,2.978,14162232.2,2025-10-06 00:00:00
1759723200000,2.978,2.9999,2.9623,2.9737,11844919.4,2025-10-06 04:00:00
1759737600000,2.9736,3.0088,2.9736,2.9951,12093633.1,2025-10-06 08:00:00
1759752000000,2.9951,3.039,2.9844,3.0312,35439435.7,2025-10-06 12:00:00
1759766400000,3.0311,3.0506,3.0212,3.0247,21378200.4,2025-10-06 16:00:00
1759780800000,3.0247,3.0336,2.9867,2.9883,22268082.2,2025-10-06 20:00:00
1759795200000,2.9883,3.0009,2.9766,2.986,11679361.4,2025-10-07 00:00:00
1759809600000,2.986,3.0012,2.9618,2.9716,19304227.8,2025-10-07 04:00:00
1759824000000,2.9716,2.9804,2.9546,2.9705,17030945.0,2025-10-07 08:00:00
1759838400000,2.9705,2.9917,2.85,2.8847,57604005.5,2025-10-07 12:00:00
1759852800000,2.8847,2.904,2.8489,2.8568,30107645.2,2025-10-07 16:00:00
1759867200000,2.8569,2.8816,2.8497,2.852,15978791.7,2025-10-07 20:00:00
1759881600000,2.8521,2.8792,2.8374,2.8464,17040623.1,2025-10-08 00:00:00
1759896000000,2.8465,2.8641,2.8303,2.858,14951258.1,2025-10-08 04:00:00
1759910400000,2.8579,2.881,2.8561,2.8762,14273164.2,2025-10-08 08:00:00
1759924800000,2.8761,2.8937,2.8517,2.866,15107329.4,2025-10-08 12:00:00
1759939200000,2.8661,2.9248,2.8627,2.9093,17097521.6,2025-10-08 16:00:00
1759953600000,2.9093,2.9119,2.8763,2.8797,7634010.6,2025-10-08 20:00:00
1759968000000,2.8797,2.8801,2.8244,2.8443,18174749.7,2025-10-09 00:00:00
1759982400000,2.8444,2.8487,2.8136,2.8172,14812281.9,2025-10-09 04:00:00
1759996800000,2.8172,2.8282,2.786,2.8263,25371851.3,2025-10-09 08:00:00
1760011200000,2.8262,2.8407,2.7897,2.8024,22208992.2,2025-10-09 12:00:00
1760025600000,2.8024,2.8096,2.7714,2.7889,20066527.5,2025-10-09 16:00:00
1760040000000,2.789,2.8169,2.7836,2.8021,9602510.3,2025-10-09 20:00:00
1760054400000,2.8021,2.8297,2.7905,2.8129,11713174.6,2025-10-10 00:00:00
1760068800000,2.813,2.8308,2.7991,2.8033,10839030.8,2025-10-10 04:00:00
1760083200000,2.8032,2.8308,2.7986,2.8186,7685482.6,2025-10-10 08:00:00
1760097600000,2.8187,2.8372,2.7131,2.7417,50664900.5,2025-10-10 12:00:00
1760112000000,2.7417,2.7647,2.6356,2.6768,58532229.6,2025-10-10 16:00:00
1760126400000,2.6768,2.698,1.2543,2.3704,453398406.6,2025-10-10 20:00:00
1760140800000,2.3704,2.459,2.3,2.3974,130571712.9,2025-10-11 00:00:00
1760155200000,2.3974,2.4516,2.3901,2.4115,66721071.6,2025-10-11 04:00:00
1760169600000,2.4115,2.5061,2.3993,2.4773,51146170.7,2025-10-11 08:00:00
1760184000000,2.4772,2.487,2.4152,2.4783,43633974.4,2025-10-11 12:00:00
1760198400000,2.4783,2.4928,2.383,2.4097,29948459.2,2025-10-11 16:00:00
1760212800000,2.4096,2.4118,2.3228,2.3819,55495199.2,2025-10-11 20:00:00
1760227200000,2.3819,2.3871,2.3121,2.3417,40743251.9,2025-10-12 00:00:00
1760241600000,2.3417,2.4006,2.3399,2.3897,23751403.7,2025-10-12 04:00:00
1760256000000,2.3897,2.411,2.369,2.3975,22948916.0,2025-10-12 08:00:00
1760270400000,2.3974,2.5145,2.3615,2.4885,71922020.5,2025-10-12 12:00:00
1760284800000,2.4884,2.552,2.4879,2.5473,50801190.4,2025-10-12 16:00:00
1760299200000,2.5472,2.5841,2.5081,2.5282,38098740.6,2025-10-12 20:00:00
1760313600000,2.5283,2.574,2.5125,2.5508,36720801.6,2025-10-13 00:00:00
1760328000000,2.5508,2.6372,2.5337,2.6213,32941045.0,2025-10-13 04:00:00
1760342400000,2.6214,2.6426,2.5352,2.5692,39619034.4,2025-10-13 08:00:00
1760356800000,2.5691,2.6163,2.5507,2.5873,50796200.0,2025-10-13 12:00:00
1760371200000,2.5873,2.6397,2.5705,2.6247,34530626.9,2025-10-13 16:00:00
1760385600000,2.6247,2.646,2.5975,2.6052,21236365.8,2025-10-13 20:00:00
1760400000000,2.6052,2.6208,2.55,2.5606,31275861.2,2025-10-14 00:00:00
1760414400000,2.5605,2.5655,2.4178,2.4524,58470679.9,2025-10-14 04:00:00
1760428800000,2.4524,2.4753,2.412,2.4517,30113606.9,2025-10-14 08:00:00
1760443200000,2.4518,2.4991,2.3888,2.4974,54666628.2,2025-10-14 12:00:00
1760457600000,2.4975,2.5362,2.4611,2.4837,48538814.2,2025-10-14 16:00:00
1760472000000,2.4837,2.5127,2.4751,2.5033,13351869.2,2025-10-14 20:00:00
1760486400000,2.5033,2.526,2.4795,2.4881,13550093.9,2025-10-15 00:00:00
1760500800000,2.4881,2.5094,2.4794,2.507,12490666.5,2025-10-15 04:00:00
1760515200000,2.5069,2.5475,2.4775,2.4928,29387800.4,2025-10-15 08:00:00
1760529600000,2.4928,2.5118,2.4237,2.4333,44745428.8,2025-10-15 12:00:00
1760544000000,2.4333,2.4491,2.4022,2.4053,22806660.6,2025-10-15 16:00:00
1760558400000,2.4054,2.4207,2.3754,2.4109,24612761.0,2025-10-15 20:00:00
1760572800000,2.411,2.4354,2.3996,2.4182,18020534.5,2025-10-16 00:00:00
1760587200000,2.4181,2.4333,2.3973,2.4104,18740740.6,2025-10-16 04:00:00
1760601600000,2.4104,2.4573,2.3533,2.4524,34193136.4,2025-10-16 08:00:00
1760616000000,2.4524,2.4665,2.3375,2.3554,47131860.5,2025-10-16 12:00:00
1760630400000,2.3553,2.3989,2.3078,2.3271,45677938.4,2025-10-16 16:00:00
1760644800000,2.3271,2.3361,2.2833,2.328,32683675.9,2025-10-16 20:00:00
1760659200000,2.328,2.4,2.3199,2.3584,29156625.1,2025-10-17 00:00:00
1760673600000,2.3584,2.36,2.2319,2.2391,62781370.4,2025-10-17 04:00:00
1760688000000,2.2391,2.2967,2.1901,2.2831,67367574.9,2025-10-17 08:00:00
1760702400000,2.2831,2.3049,2.2403,2.3008,38281445.6,2025-10-17 12:00:00
1760716800000,2.3009,2.3277,2.2775,2.297,21785561.2,2025-10-17 16:00:00
1760731200000,2.2971,2.3416,2.2914,2.2936,14265555.8,2025-10-17 20:00:00
1760745600000,2.2936,2.3436,2.2894,2.3389,11726765.7,2025-10-18 00:00:00
1760760000000,2.3389,2.3758,2.3155,2.3539,15057847.2,2025-10-18 04:00:00
1760774400000,2.354,2.3795,2.347,2.3789,11873591.8,2025-10-18 08:00:00
1760788800000,2.3788,2.3915,2.3403,2.3488,15289550.0,2025-10-18 12:00:00
1760803200000,2.3488,2.3715,2.3332,2.3669,8798898.5,2025-10-18 16:00:00
1760817600000,2.367,2.3746,2.3506,2.3596,7284612.0,2025-10-18 20:00:00
1760832000000,2.3596,2.3688,2.336,2.3687,7397081.7,2025-10-19 00:00:00
1760846400000,2.3686,2.3697,2.3418,2.3484,5953723.9,2025-10-19 04:00:00
1760860800000,2.3483,2.3984,2.3177,2.3751,29285236.9,2025-10-19 08:00:00
1760875200000,2.3751,2.415,2.3622,2.4008,19856398.9,2025-10-19 12:00:00
1760889600000,2.4008,2.4195,2.3882,2.3991,14425899.2,2025-10-19 16:00:00
1760904000000,2.3992,2.4096,2.3864,2.3908,9132663.4,2025-10-19 20:00:00
1760918400000,2.3907,2.4412,2.3547,2.4338,17804988.8,2025-10-20 00:00:00
1760932800000,2.4339,2.4773,2.4311,2.4704,21216109.0,2025-10-20 04:00:00
1760947200000,2.4703,2.48,2.4517,2.4575,21005019.5,2025-10-20 08:00:00
1760961600000,2.4575,2.4852,2.4468,2.4628,19498138.6,2025-10-20 12:00:00
1760976000000,2.4628,2.5529,2.4269,2.5236,34109800.4,2025-10-20 16:00:00
1760990400000,2.5237,2.535,2.4833,2.4948,18386636.0,2025-10-20 20:00:00
1761004800000,2.4948,2.4952,2.4486,2.4528,13543967.8,2025-10-21 00:00:00
1761019200000,2.4527,2.4541,2.4117,2.4267,25892159.0,2025-10-21 04:00:00
1761033600000,2.4266,2.4328,2.4011,2.4322,17156154.9,2025-10-21 08:00:00
1761048000000,2.4321,2.5323,2.4077,2.5223,37939002.3,2025-10-21 12:00:00
1761062400000,2.5223,2.5244,2.4726,2.4931,27390243.3,2025-10-21 16:00:00
1761076800000,2.4931,2.4974,2.4156,2.4222,20239884.9,2025-10-21 20:00:00
1761091200000,2.4221,2.4344,2.4042,2.4201,15630244.8,2025-10-22 00:00:00
1761105600000,2.4201,2.4375,2.3913,2.4098,23735147.3,2025-10-22 04:00:00
1761120000000,2.4099,2.4099,2.3639,2.3962,23290460.1,2025-10-22 08:00:00
1761134400000,2.3961,2.4168,2.3671,2.4004,26209130.0,2025-10-22 12:00:00
1761148800000,2.4004,2.4064,2.355,2.3764,18386013.3,2025-10-22 16:00:00
1761163200000,2.3763,2.381,2.3255,2.3647,24443107.8,2025-10-22 20:00:00
1761177600000,2.3647,2.3869,2.3617,2.3793,9923653.4,2025-10-23 00:00:00
1761192000000,2.3793,2.4193,2.3771,2.4075,16898457.9,2025-10-23 04:00:00
1761206400000,2.4076,2.4173,2.3899,2.3909,12345827.6,2025-10-23 08:00:00
1761220800000,2.391,2.4194,2.3747,2.4083,18935970.1,2025-10-23 12:00:00
1761235200000,2.4083,2.4259,2.392,2.4066,16089132.5,2025-10-23 16:00:00
1761249600000,2.4066,2.4067,2.378,2.3947,10144159.6,2025-10-23 20:00:00
1761264000000,2.3948,2.41,2.3863,2.4067,8850679.3,2025-10-24 00:00:00
1761278400000,2.4067,2.4495,2.4038,2.4406,17428094.7,2025-10-24 04:00:00
1761292800000,2.4406,2.4641,2.4339,2.4559,12797331.9,2025-10-24 08:00:00
1761307200000,2.456,2.5146,2.4559,2.4793,40180425.6,2025-10-24 12:00:00
1761321600000,2.4793,2.5135,2.46,2.5006,19722825.6,2025-10-24 16:00:00
1761336000000,2.5006,2.516,2.4968,2.5103,13072567.9,2025-10-24 20:00:00
1761350400000,2.5103,2.5609,2.5021,2.5401,18178339.0,2025-10-25 00:00:00
1761364800000,2.54,2.5712,2.5369,2.543,13446343.9,2025-10-25 04:00:00
1761379200000,2.5429,2.5707,2.5283,2.5643,12530187.0,2025-10-25 08:00:00
1761393600000,2.5643,2.6203,2.56,2.5978,20711903.0,2025-10-25 12:00:00
1761408000000,2.5977,2.6542,2.5879,2.6046,20278317.2,2025-10-25 16:00:00
1761422400000,2.6047,2.6181,2.5891,2.5959,10684470.3,2025-10-25 20:00:00
1761436800000,2.5958,2.6286,2.592,2.6015,11063242.3,2025-10-26 00:00:00
1761451200000,2.6016,2.6271,2.5995,2.6241,6761461.3,2025-10-26 04:00:00
1761465600000,2.6241,2.6624,2.6178,2.6469,18951622.1,2025-10-26 08:00:00
1761480000000,2.6469,2.6568,2.6291,2.641,14274165.1,2025-10-26 12:00:00
1761494400000,2.641,2.6417,2.6082,2.6143,12731831.8,2025-10-26 16:00:00
1761508800000,2.6144,2.662,2.5975,2.6461,19898794.1,2025-10-26 20:00:00
1761523200000,2.646,2.6699,2.6222,2.6354,19596968.1,2025-10-27 00:00:00
1761537600000,2.6353,2.6749,2.626,2.6301,16910066.7,2025-10-27 04:00:00
1761552000000,2.6301,2.6389,2.6051,2.6257,16283111.9,2025-10-27 08:00:00
1761566400000,2.6257,2.665,2.6013,2.6612,20674795.9,2025-10-27 12:00:00
1761580800000,2.6612,2.6975,2.6545,2.6693,24681645.3,2025-10-27 16:00:00
1761595200000,2.6692,2.6692,2.6236,2.634,15813744.1,2025-10-27 20:00:00
1761609600000,2.634,2.652,2.6084,2.6312,12941581.2,2025-10-28 00:00:00
1761624000000,2.6312,2.6624,2.6123,2.6382,14852478.0,2025-10-28 04:00:00
1761638400000,2.6383,2.6684,2.6354,2.6414,12078143.4,2025-10-28 08:00:00
1761652800000,2.6414,2.6887,2.6035,2.636,30542372.9,2025-10-28 12:00:00
1761667200000,2.6359,2.6798,2.6126,2.6424,21502605.0,2025-10-28 16:00:00
1761681600000,2.6425,2.6435,2.5675,2.6034,31795106.7,2025-10-28 20:00:00
1761696000000,2.6034,2.6278,2.5993,2.6086,12659145.9,2025-10-29 00:00:00
1761710400000,2.6086,2.6359,2.6068,2.6345,7683623.7,2025-10-29 04:00:00
1761724800000,2.6344,2.6605,2.6212,2.6499,14114102.4,2025-10-29 08:00:00
1761739200000,2.6499,2.664,2.6143,2.6266,16904321.9,2025-10-29 12:00:00
1761753600000,2.6267,2.6604,2.5471,2.587,52292612.4,2025-10-29 16:00:00
1761768000000,2.5871,2.6179,2.537,2.5502,24129284.1,2025-10-29 20:00:00
1761782400000,2.5502,2.5894,2.5285,2.5793,15157125.1,2025-10-30 00:00:00
1761796800000,2.5794,2.5944,2.4871,2.5834,30584436.1,2025-10-30 04:00:00
1761811200000,2.5835,2.5897,2.5418,2.5442,11209517.9,2025-10-30 08:00:00
1761825600000,2.5442,2.5513,2.4449,2.4539,40415476.8,2025-10-30 12:00:00
1761840000000,2.4539,2.471,2.378,2.3853,28504107.3,2025-10-30 16:00:00
1761854400000,2.3853,2.4417,2.3769,2.4393,25762489.7,2025-10-30 20:00:00
1761868800000,2.4393,2.4821,2.4311,2.4706,20893857.2,2025-10-31 00:00:00
1761883200000,2.4706,2.4932,2.4682,2.4754,13868010.3,2025-10-31 04:00:00
1761897600000,2.4755,2.5161,2.4665,2.5145,14116537.5,2025-10-31 08:00:00
1761912000000,2.5144,2.5505,2.4926,2.5238,34685298.6,2025-10-31 12:00:00
1761926400000,2.5237,2.5546,2.4841,2.5438,22675164.0,2025-10-31 16:00:00
1761940800000,2.5437,2.5437,2.5025,2.5097,9370463.1,2025-10-31 20:00:00
1761955200000,2.5096,2.5196,2.4893,2.5164,7828144.9,2025-11-01 00:00:00
1761969600000,2.5164,2.5233,2.4981,2.5061,4377732.7,2025-11-01 04:00:00
1761984000000,2.5061,2.515,2.5001,2.5006,7119686.1,2025-11-01 08:00:00
1761998400000,2.5006,2.5066,2.476,2.5016,11785798.3,2025-11-01 12:00:00
1762012800000,2.5016,2.5144,2.4955,2.506,6576465.3,2025-11-01 16:00:00
1762027200000,2.5061,2.5129,2.4902,2.5053,3864085.5,2025-11-01 20:00:00
1762041600000,2.5053,2.5129,2.4946,2.5067,6073604.6,2025-11-02 00:00:00
1762056000000,2.5067,2.5366,2.5058,2.5351,7105444.3,2025-11-02 04:00:00
1762070400000,2.5351,2.5549,2.5097,2.5416,12418535.9,2025-11-02 08:00:00
1762084800000,2.5416,2.5517,2.5,2.5004,10494191.9,2025-11-02 12:00:00
1762099200000,2.5003,2.5053,2.478,2.4888,8114643.5,2025-11-02 16:00:00
1762113600000,2.4887,2.5318,2.4844,2.5267,7349537.4,2025-11-02 20:00:00
1762128000000,2.5267,2.5322,2.4259,2.4294,20145286.2,2025-11-03 00:00:00
1762142400000,2.4295,2.4534,2.3877,2.4139,20400099.8,2025-11-03 04:00:00
1762156800000,2.4138,2.4285,2.3817,2.4019,21986421.1,2025-11-03 08:00:00
1762171200000,2.402,2.4301,2.2925,2.3279,46657911.5,2025-11-03 12:00:00
1762185600000,2.328,2.3951,2.3193,2.3241,30380012.5,2025-11-03 16:00:00
1762200000000,2.3242,2.3298,2.2631,2.3096,34955739.0,2025-11-03 20:00:00
1762214400000,2.3095,2.3635,2.2998,2.3565,25715517.6,2025-11-04 00:00:00
1762228800000,2.3565,2.3655,2.2322,2.2434,55376631.4,2025-11-04 04:00:00
1762243200000,2.2434,2.2845,2.2296,2.281,38224071.9,2025-11-04 08:00:00
1762257600000,2.281,2.3273,2.2422,2.2829,40861718.7,2025-11-04 12:00:00
1762272000000,2.2829,2.2962,2.1549,2.1696,78940494.9,2025-11-04 16:00:00
1762286400000,2.1695,2.2293,2.0665,2.2053,107440473.0,2025-11-04 20:00:00
1762300800000,2.2053,2.2532,2.1015,2.2372,54596020.2,2025-11-05 00:00:00
1762315200000,2.2371,2.2606,2.2257,2.2463,26976113.5,2025-11-05 04:00:00
1762329600000,2.2462,2.2462,2.2047,2.2367,20758624.5,2025-11-05 08:00:00
1762344000000,2.2367,2.2879,2.2306,2.2764,40305793.8,2025-11-05 12:00:00
1762358400000,2.2764,2.3264,2.2539,2.3225,32661110.1,2025-11-05 16:00:00
1762372800000,2.3224,2.3766,2.3176,2.3432,32535344.8,2025-11-05 20:00:00
1762387200000,2.3432,2.416,2.3093,2.3588,32806369.9,2025-11-06 00:00:00
1762401600000,2.3588,2.3647,2.3117,2.3262,17770098.0,2025-11-06 04:00:00
1762416000000,2.3261,2.3336,2.2877,2.3005,22585584.0,2025-11-06 08:00:00
1762430400000,2.3006,2.3104,2.2279,2.2343,34428251.0,2025-11-06 12:00:00
1762444800000,2.2343,2.2509,2.203,2.2116,37167374.5,2025-11-06 16:00:00
1762459200000,2.2116,2.2252,2.1796,2.213,27966635.3,2025-11-06 20:00:00
1762473600000,2.213,2.2371,2.192,2.2291,21760263.4,2025-11-07 00:00:00
1762488000000,2.2292,2.2397,2.2116,2.2335,13482578.9,2025-11-07 04:00:00
1762502400000,2.2335,2.2345,2.1635,2.1879,23320798.7,2025-11-07 08:00:00
1762516800000,2.1879,2.2208,2.1536,2.2129,34421568.4,2025-11-07 12:00:00
1762531200000,2.2129,2.3556,2.2012,2.3529,55140337.5,2025-11-07 16:00:00
1762545600000,2.3529,2.3729,2.3113,2.3154,29878390.4,2025-11-07 20:00:00
1762560000000,2.3155,2.3381,2.2991,2.3186,23073657.9,2025-11-08 00:00:00
1762574400000,2.3187,2.336,2.2945,2.3224,15610272.7,2025-11-08 04:00:00
1762588800000,2.3224,2.3337,2.2906,2.2957,9451532.6,2025-11-08 08:00:00
1762603200000,2.2958,2.3026,2.2424,2.2559,16039407.8,2025-11-08 12:00:00
1762617600000,2.256,2.2792,2.251,2.2732,11357221.9,2025-11-08 16:00:00
1762632000000,2.2732,2.2896,2.2718,2.2863,8124163.2,2025-11-08 20:00:00
1762646400000,2.2864,2.2871,2.2392,2.2539,10338774.8,2025-11-09 00:00:00
1762660800000,2.2539,2.2989,2.2525,2.2958,9414451.5,2025-11-09 04:00:00
1762675200000,2.2957,2.2961,2.2523,2.2751,10455838.5,2025-11-09 08:00:00
1762689600000,2.2751,2.3337,2.2671,2.3145,23740411.0,2025-11-09 12:00:00
1762704000000,2.3146,2.3497,2.3008,2.349,12664365.6,2025-11-09 16:00:00
1762718400000,2.3491,2.395,2.3236,2.3662,19398556.6,2025-11-09 20:00:00
1762732800000,2.3662,2.4779,2.3462,2.4613,41448518.3,2025-11-10 00:00:00
1762747200000,2.4614,2.4928,2.4396,2.4806,24015953.5,2025-11-10 04:00:00
1762761600000,2.4806,2.5731,2.4696,2.541,38713541.2,2025-11-10 08:00:00
1762776000000,2.541,2.57,2.4985,2.5296,39610027.6,2025-11-10 12:00:00
1762790400000,2.5297,2.5639,2.5135,2.5491,26907980.2,2025-11-10 16:00:00
1762804800000,2.549,2.5808,2.5115,2.526,26782374.5,2025-11-10 20:00:00
1762819200000,2.526,2.57,2.5138,2.5301,23453322.7,2025-11-11 00:00:00
1762833600000,2.53,2.5325,2.445,2.4477,32158693.1,2025-11-11 04:00:00
1762848000000,2.4478,2.4703,2.44,2.4605,13909687.5,2025-11-11 08:00:00
1762862400000,2.4605,2.4706,2.4261,2.4368,22271898.3,2025-11-11 12:00:00
1762876800000,2.4367,2.4421,2.4101,2.4161,15780818.0,2025-11-11 16:00:00
1762891200000,2.4161,2.4227,2.3787,2.3915,18964472.1,2025-11-11 20:00:00
1762905600000,2.3915,2.4146,2.3813,2.3989,16413513.2,2025-11-12 00:00:00
1762920000000,2.399,2.4087,2.3645,2.3734,16702919.1,2025-11-12 04:00:00
1762934400000,2.3734,2.4389,2.3723,2.4383,23621332.9,2025-11-12 08:00:00
1762948800000,2.4383,2.4491,2.3635,2.3684,30291807.9,2025-11-12 12:00:00
1762963200000,2.3684,2.3738,2.3166,2.338,32668192.1,2025-11-12 16:00:00
1762977600000,2.3379,2.3947,2.3335,2.3879,21462030.4,2025-11-12 20:00:00
1762992000000,2.3878,2.5124,2.3827,2.4838,33582412.8,2025-11-13 00:00:00
1763006400000,2.4837,2.5202,2.4513,2.4874,40230031.3,2025-11-13 04:00:00
1763020800000,2.4873,2.5264,2.4726,2.4951,28290808.3,2025-11-13 08:00:00
1763035200000,2.4952,2.5183,2.4204,2.4348,51970139.6,2025-11-13 12:00:00
1763049600000,2.4347,2.4439,2.3113,2.3151,62315867.5,2025-11-13 16:00:00
1763064000000,2.315,2.3463,2.2757,2.3225,51875145.0,2025-11-13 20:00:00
1763078400000,2.3225,2.338,2.2896,2.3151,26322833.5,2025-11-14 00:00:00
1763092800000,2.3151,2.3272,2.2454,2.3074,41078022.0,2025-11-14 04:00:00
1763107200000,2.3074,2.3098,2.256,2.2684,26279699.7,2025-11-14 08:00:00
1763121600000,2.2683,2.3271,2.2263,2.3127,74722517.1,2025-11-14 12:00:00
1763136000000,2.3128,2.3416,2.2761,2.3121,29252621.3,2025-11-14 16:00:00
1763150400000,2.3121,2.3163,2.2256,2.2443,22722125.0,2025-11-14 20:00:00
1763164800000,2.2443,2.3034,2.2428,2.2946,13427027.0,2025-11-15 00:00:00
1763179200000,2.2946,2.2963,2.2731,2.2857,15050241.4,2025-11-15 04:00:00
1763193600000,2.2856,2.2869,2.2423,2.2582,14187684.0,2025-11-15 08:00:00
1763208000000,2.2582,2.2791,2.2454,2.2549,13980851.7,2025-11-15 12:00:00
1763222400000,2.2549,2.2713,2.2289,2.2566,13197542.4,2025-11-15 16:00:00
1763236800000,2.2566,2.2616,2.2111,2.2372,14629907.7,2025-11-15 20:00:00
1763251200000,2.2372,2.2565,2.1893,2.25,21987991.0,2025-11-16 00:00:00
1763265600000,2.25,2.2699,2.2388,2.2672,10891741.3,2025-11-16 04:00:00
1763280000000,2.2672,2.28,2.2304,2.2354,12592648.8,2025-11-16 08:00:00
1763294400000,2.2355,2.2465,2.1832,2.187,25304347.7,2025-11-16 12:00:00
1763308800000,2.1869,2.2322,2.1558,2.2164,32734498.3,2025-11-16 16:00:00
1763323200000,2.2164,2.2305,2.1648,2.2149,22743279.1,2025-11-16 20:00:00
1763337600000,2.2148,2.264,2.1983,2.2574,21295752.0,2025-11-17 00:00:00
1763352000000,2.2574,2.2695,2.2399,2.2642,15246380.7,2025-11-17 04:00:00
1763366400000,2.2643,2.2847,2.259,2.2718,15811191.0,2025-11-17 08:00:00
1763380800000,2.2719,2.3077,2.1944,2.2094,64035974.9,2025-11-17 12:00:00
1763395200000,2.2094,2.2221,2.1205,2.127,65544956.3,2025-11-17 16:00:00
1763409600000,2.1269,2.1731,2.1146,2.1637,31991585.4,2025-11-17 20:00:00
1763424000000,2.1637,2.1766,2.1064,2.1645,41928821.6,2025-11-18 00:00:00
1763438400000,2.1645,2.1783,2.1252,2.1614,28645713.3,2025-11-18 04:00:00
1763452800000,2.1613,2.2031,2.1613,2.1836,29879583.7,2025-11-18 08:00:00
1763467200000,2.1836,2.2294,2.1505,2.2136,46409991.9,2025-11-18 12:00:00
1763481600000,2.2137,2.2399,2.2014,2.2282,24093432.1,2025-11-18 16:00:00
1763496000000,2.2282,2.2413,2.2029,2.2172,17069178.1,2025-11-18 20:00:00
1763510400000,2.2171,2.2196,2.1811,2.1846,17163340.1,2025-11-19 00:00:00
1763524800000,2.1846,2.1881,2.127,2.1683,30012406.0,2025-11-19 04:00:00
1763539200000,2.1682,2.1705,2.1298,2.1315,22422679.2,2025-11-19 08:00:00
1763553600000,2.1314,2.1494,2.0795,2.0859,42236310.1,2025-11-19 12:00:00
1763568000000,2.0858,2.1019,2.0293,2.0369,66460575.0,2025-11-19 16:00:00
1763582400000,2.0369,2.1164,2.0244,2.1098,59365305.3,2025-11-19 20:00:00
1763596800000,2.1097,2.1397,2.0963,2.1339,24644462.2,2025-11-20 00:00:00
1763611200000,2.134,2.1498,2.1187,2.1399,22454910.6,2025-11-20 04:00:00
1763625600000,2.14,2.1414,2.1078,2.1158,22035466.5,2025-11-20 08:00:00
1763640000000,2.1158,2.1439,2.0823,2.0855,48586567.8,2025-11-20 12:00:00
1763654400000,2.0854,2.0875,1.9743,2.0074,128317436.0,2025-11-20 16:00:00
1763668800000,2.0073,2.053,1.9869,1.9999,49193424.8,2025-11-20 20:00:00
1763683200000,1.9998,2.0308,1.9581,1.9798,35528482.6,2025-11-21 00:00:00
1763697600000,1.9797,1.996,1.8467,1.9191,63445946.3,2025-11-21 04:00:00
1763712000000,1.9192,1.9693,1.8741,1.8758,69104709.0,2025-11-21 08:00:00
1763726400000,1.8758,1.9657,1.8209,1.9111,99217877.1,2025-11-21 12:00:00
1763740800000,1.9111,1.9984,1.8859,1.9484,48937788.8,2025-11-21 16:00:00
1763755200000,1.9484,1.9657,1.9,1.9509,32817387.8,2025-11-21 20:00:00
1763769600000,1.9509,1.9637,1.9313,1.9488,15707944.9,2025-11-22 00:00:00
1763784000000,1.9489,1.9577,1.9136,1.9531,15205173.3,2025-11-22 04:00:00
1763798400000,1.9532,1.9532,1.8947,1.9172,22166624.2,2025-11-22 08:00:00
1763812800000,1.9173,1.9393,1.889,1.9291,16662563.3,2025-11-22 12:00:00
1763827200000,1.9291,1.9517,1.9217,1.9278,12831220.4,2025-11-22 16:00:00
1763841600000,1.9277,1.9671,1.9203,1.9509,9934129.5,2025-11-22 20:00:00
1763856000000,1.9508,2.0505,1.9497,2.0307,31741802.3,2025-11-23 00:00:00
1763870400000,2.0307,2.076,2.0165,2.0262,31161678.2,2025-11-23 04:00:00
1763884800000,2.0263,2.0523,2.0225,2.0312,12230434.2,2025-11-23 08:00:00
1763899200000,2.0312,2.0663,2.0297,2.0625,24427883.7,2025-11-23 12:00:00
1763913600000,2.0624,2.0803,2.0404,2.0749,18884861.3,2025-11-23 16:00:00
1763928000000,2.0749,2.0846,2.0425,2.0491,17577940.3,2025-11-23 20:00:00
1763942400000,2.0491,2.1077,2.0238,2.0865,26455218.5,2025-11-24 00:00:00
1763956800000,2.0865,2.1032,2.0455,2.0635,18879987.6,2025-11-24 04:00:00
1763971200000,2.0635,2.0786,2.0387,2.0587,18073109.9,2025-11-24 08:00:00
1763985600000,2.0587,2.1027,2.0484,2.0908,36193264.5,2025-11-24 12:00:00
1764000000000,2.0907,2.2389,2.0872,2.235,63987198.9,2025-11-24 16:00:00
1764014400000,2.235,2.2868,2.2213,2.2276,45918740.7,2025-11-24 20:00:00
1764028800000,2.2276,2.2652,2.2257,2.2435,23416653.8,2025-11-25 00:00:00
1764043200000,2.2434,2.2587,2.216,2.2164,15949917.0,2025-11-25 04:00:00
1764057600000,2.2165,2.2209,2.1855,2.196,31245894.7,2025-11-25 08:00:00
1764072000000,2.1961,2.2357,2.1589,2.1884,37702561.3,2025-11-25 12:00:00
1764086400000,2.1883,2.2099,2.1482,2.1722,23551036.1,2025-11-25 16:00:00
1764100800000,2.1723,2.2175,2.1655,2.2024,23050868.4,2025-11-25 20:00:00
1764115200000,2.2023,2.2139,2.1735,2.1768,11891686.9,2025-11-26 00:00:00
1764129600000,2.1768,2.2066,2.1711,2.2054,9531005.7,2025-11-26 04:00:00
1764144000000,2.2055,2.207,2.1691,2.1714,13529380.0,2025-11-26 08:00:00
1764158400000,2.1714,2.1805,2.1447,2.172,28662785.0,2025-11-26 12:00:00
1764172800000,2.1721,2.2547,2.1712,2.2324,34054634.8,2025-11-26 16:00:00
1764187200000,2.2323,2.2358,2.212,2.2233,12567709.9,2025-11-26 20:00:00
1764201600000,2.2232,2.2347,2.207,2.2102,15307125.8,2025-11-27 00:00:00
1764216000000,2.2101,2.2213,2.1952,2.2047,13992417.0,2025-11-27 04:00:00
1764230400000,2.2047,2.2095,2.1845,2.1896,13472443.0,2025-11-27 08:00:00
1764244800000,2.1895,2.2034,2.1727,2.2028,16137538.2,2025-11-27 12:00:00
1764259200000,2.2028,2.231,2.1984,2.2239,13643864.8,2025-11-27 16:00:00
1764273600000,2.2238,2.2337,2.196,2.1999,10137831.8,2025-11-27 20:00:00
1764288000000,2.2,2.2044,2.1664,2.1856,14627631.4,2025-11-28 00:00:00
1764302400000,2.1856,2.2222,2.1812,2.1968,13467892.5,2025-11-28 04:00:00
1764316800000,2.1969,2.2496,2.185,2.1972,29199848.8,2025-11-28 08:00:00
1764331200000,2.1971,2.2752,2.1893,2.2453,37505399.7,2025-11-28 12:00:00
1764345600000,2.2454,2.2517,2.1565,2.1882,33741259.6,2025-11-28 16:00:00
1764360000000,2.1881,2.192,2.172,2.1795,12350836.9,2025-11-28 20:00:00
1764374400000,2.1795,2.1881,2.1726,2.1859,5447982.5,2025-11-29 00:00:00
1764388800000,2.1859,2.1898,2.1666,2.1797,7569292.0,2025-11-29 04:00:00
1764403200000,2.1796,2.2147,2.1741,2.2112,8062639.5,2025-11-29 08:00:00
1764417600000,2.2113,2.2231,2.1922,2.2186,17259956.0,2025-11-29 12:00:00
1764432000000,2.2187,2.2217,2.1898,2.194,13152282.8,2025-11-29 16:00:00
1764446400000,2.194,2.2149,2.1872,2.2009,5534631.3,2025-11-29 20:00:00
1764460800000,2.201,2.2126,2.1882,2.2064,6292855.2,2025-11-30 00:00:00
1764475200000,2.2065,2.2093,2.1914,2.1994,3618005.1,2025-11-30 04:00:00
1764489600000,2.1993,2.2099,2.1824,2.1881,8756219.6,2025-11-30 08:00:00
1764504000000,2.1881,2.2079,2.1846,2.1966,10469984.0,2025-11-30 12:00:00
1764518400000,2.1966,2.215,2.1955,2.1995,5713403.6,2025-11-30 16:00:00
1764532800000,2.1995,2.2035,2.1524,2.155,17632421.4,2025-11-30 20:00:00
1764547200000,2.1549,2.1609,2.0417,2.0499,51193429.9,2025-12-01 00:00:00
1764561600000,2.0499,2.0589,2.0168,2.0568,26829949.0,2025-12-01 04:00:00
1764576000000,2.0567,2.0606,2.0316,2.034,13604221.3,2025-12-01 08:00:00
1764590400000,2.034,2.0492,1.9835,2.0073,33421318.7,2025-12-01 12:00:00
1764604800000,2.0073,2.0127,1.9866,1.9949,16625531.6,2025-12-01 16:00:00
1764619200000,1.9948,2.0447,1.9939,2.0297,32245102.6,2025-12-01 20:00:00
1764633600000,2.0297,2.0437,2.0021,2.0207,16258173.1,2025-12-02 00:00:00
1764648000000,2.0207,2.0279,2.0094,2.0171,10156596.6,2025-12-02 04:00:00
1764662400000,2.0172,2.0418,1.995,2.0369,13119330.7,2025-12-02 08:00:00
1764676800000,2.0368,2.1653,2.0266,2.1554,40802957.4,2025-12-02 12:00:00
1764691200000,2.1554,2.1831,2.1344,2.1743,29351299.1,2025-12-02 16:00:00
1764705600000,2.1742,2.1777,2.1473,2.1532,22775952.0,2025-12-02 20:00:00
1764720000000,2.1531,2.1912,2.1414,2.1762,17602983.3,2025-12-03 00:00:00
1764734400000,2.1763,2.219,2.1731,2.1914,25355763.5,2025-12-03 04:00:00
1764748800000,2.1914,2.1955,2.1668,2.1764,12051963.9,2025-12-03 08:00:00
1764763200000,2.1764,2.1993,2.1425,2.1689,23490686.8,2025-12-03 12:00:00
1764777600000,2.1689,2.193,2.1582,2.1863,13975813.0,2025-12-03 16:00:00
1764792000000,2.1863,2.2143,2.1823,2.1976,19030663.9,2025-12-03 20:00:00
1764806400000,2.1976,2.2146,2.1869,2.195,10970746.8,2025-12-04 00:00:00
1764820800000,2.195,2.2,2.1657,2.1725,14198020.0,2025-12-04 04:00:00
1764835200000,2.1725,2.1789,2.1426,2.151,13456419.8,2025-12-04 08:00:00
1764849600000,2.1511,2.1576,2.1143,2.1529,26108951.6,2025-12-04 12:00:00
1764864000000,2.153,2.1581,2.0691,2.0975,26013435.5,2025-12-04 16:00:00
1764878400000,2.0975,2.1108,2.0864,2.096,10344943.9,2025-12-04 20:00:00
1764892800000,2.096,2.113,2.0876,2.0909,9335302.1,2025-12-05 00:00:00
1764907200000,2.0909,2.0986,2.0764,2.0933,8856339.5,2025-12-05 04:00:00
1764921600000,2.0933,2.0936,2.0541,2.069,17333073.5,2025-12-05 08:00:00
1764936000000,2.069,2.0999,2.0567,2.076,19690753.1,2025-12-05 12:00:00
1764950400000,2.076,2.0777,2.0125,2.0374,31743317.9,2025-12-05 16:00:00
1764964800000,2.0373,2.0379,2.0197,2.0344,8379296.8,2025-12-05 20:00:00
1764979200000,2.0344,2.0424,2.0178,2.0388,7363938.9,2025-12-06 00:00:00
1764993600000,2.0389,2.0504,2.0281,2.0303,6383351.6,2025-12-06 04:00:00
1765008000000,2.0304,2.0332,2.0154,2.0321,8042146.1,2025-12-06 08:00:00
1765022400000,2.0321,2.0474,2.0221,2.0299,10967908.3,2025-12-06 12:00:00
1765036800000,2.0298,2.0392,2.0204,2.0255,6058813.1,2025-12-06 16:00:00
1765051200000,2.0255,2.0372,2.0229,2.0309,4752866.8,2025-12-06 20:00:00
1765065600000,2.031,2.0723,2.0295,2.0685,6384909.3,2025-12-07 00:00:00
1765080000000,2.0685,2.0738,2.0283,2.0309,6326818.1,2025-12-07 04:00:00
1765094400000,2.0309,2.0362,2.0244,2.0338,5229749.9,2025-12-07 08:00:00
1765108800000,2.0338,2.0557,1.9894,2.0527,24973021.2,2025-12-07 12:00:00
1765123200000,2.0527,2.1109,2.0381,2.0871,23471728.7,2025-12-07 16:00:00
1765137600000,2.0872,2.0937,2.0123,2.0442,17400632.6,2025-12-07 20:00:00
1765152000000,2.0442,2.0912,2.0319,2.0719,12410926.2,2025-12-08 00:00:00
1765166400000,2.072,2.0946,2.0697,2.0866,7678432.2,2025-12-08 04:00:00
1765180800000,2.0865,2.1239,2.0811,2.0904,16102388.1,2025-12-08 08:00:00
1765195200000,2.0904,2.1119,2.0674,2.0756,31677547.4,2025-12-08 12:00:00
1765209600000,2.0756,2.0875,2.0628,2.0779,10972595.8,2025-12-08 16:00:00
1765224000000,2.0779,2.0941,2.0695,2.0724,9207901.2,2025-12-08 20:00:00
1765238400000,2.0723,2.0827,2.0568,2.0698,7425728.7,2025-12-09 00:00:00
1765252800000,2.0698,2.0707,2.0419,2.0615,9424145.0,2025-12-09 04:00:00
1765267200000,2.0615,2.0706,2.0459,2.0689,6651242.8,2025-12-09 08:00:00
1765281600000,2.069,2.12,2.049,2.1156,23080176.5,2025-12-09 12:00:00
1765296000000,2.1155,2.178,2.1154,2.1328,48235267.1,2025-12-09 16:00:00
1765310400000,2.1328,2.1344,2.0854,2.1062,19043094.9,2025-12-09 20:00:00
1765324800000,2.1061,2.1099,2.0817,2.0835,9756696.9,2025-12-10 00:00:00
1765339200000,2.0834,2.0966,2.0763,2.0843,12968872.9,2025-12-10 04:00:00
1765353600000,2.0844,2.0983,2.0637,2.0717,19699323.1,2025-12-10 08:00:00
1765368000000,2.0717,2.0735,2.0559,2.0618,18462408.8,2025-12-10 12:00:00
1765382400000,2.0619,2.0878,2.0376,2.0681,33901127.6,2025-12-10 16:00:00
1765396800000,2.0682,2.1108,2.0346,2.0418,30344271.1,2025-12-10 20:00:00
1765411200000,2.0418,2.0468,1.9927,1.9995,26076870.9,2025-12-11 00:00:00
1765425600000,1.9995,2.0195,1.9952,2.0069,15484741.4,2025-12-11 04:00:00
1765440000000,2.0069,2.0189,2.0003,2.0083,11224240.1,2025-12-11 08:00:00
1765454400000,2.0083,2.0149,1.9767,1.9968,28651020.6,2025-12-11 12:00:00
1765468800000,1.9967,2.0259,1.9838,2.0114,24495860.0,2025-12-11 16:00:00
1765483200000,2.0113,2.057,2.0078,2.034,19124272.0,2025-12-11 20:00:00
1765497600000,2.034,2.0434,2.0157,2.0315,8042859.2,2025-12-12 00:00:00
1765512000000,2.0314,2.0433,2.0235,2.0373,5800053.1,2025-12-12 04:00:00
1765526400000,2.0373,2.0463,2.0251,2.0422,5889433.6,2025-12-12 08:00:00
1765540800000,2.0422,2.0478,1.9692,1.9785,28158985.2,2025-12-12 12:00:00
1765555200000,1.9785,2.0256,1.9734,2.0036,23548157.5,2025-12-12 16:00:00
1765569600000,2.0036,2.019,1.9971,2.0074,6547636.1,2025-12-12 20:00:00
1765584000000,2.0075,2.025,2.0068,2.0226,5102809.7,2025-12-13 00:00:00
1765598400000,2.0227,2.0482,2.0227,2.0285,9922854.3,2025-12-13 04:00:00
1765612800000,2.0285,2.043,2.0285,2.0333,5892539.5,2025-12-13 08:00:00
1765627200000,2.0333,2.0434,2.028,2.0299,10790850.2,2025-12-13 12:00:00
1765641600000,2.03,2.0336,2.0152,2.0195,8228908.8,2025-12-13 16:00:00
1765656000000,2.0196,2.025,2.0082,2.0227,4255304.6,2025-12-13 20:00:00
1765670400000,2.0226,2.0306,2.017,2.0244,3175100.6,2025-12-14 00:00:00
1765684800000,2.0245,2.0253,2.0103,2.0192,3588955.1,2025-12-14 04:00:00
1765699200000,2.0193,2.0232,1.99,2.0012,7552374.1,2025-12-14 08:00:00
1765713600000,2.0011,2.008,1.9875,1.9913,10432768.2,2025-12-14 12:00:00
1765728000000,1.9913,2.0046,1.9823,1.9886,6336735.3,2025-12-14 16:00:00
1765742400000,1.9886,1.9974,1.9527,1.9784,14062654.6,2025-12-14 20:00:00
1765756800000,1.9784,2.0143,1.9747,1.9951,10330849.4,2025-12-15 00:00:00
1765771200000,1.9952,2.0055,1.9928,1.9952,5504209.1,2025-12-15 04:00:00
1765785600000,1.9952,2.0024,1.9838,1.9875,9909917.9,2025-12-15 08:00:00
1765800000000,1.9876,1.9877,1.9127,1.9256,39408635.3,2025-12-15 12:00:00
1765814400000,1.9256,1.9309,1.8695,1.8961,32976180.4,2025-12-15 16:00:00
1765828800000,1.8962,1.8998,1.8795,1.8981,17616566.5,2025-12-15 20:00:00
1765843200000,1.8981,1.8986,1.8552,1.8726,22653582.1,2025-12-16 00:00:00
1765857600000,1.8726,1.8978,1.852,1.8754,13428163.5,2025-12-16 04:00:00
1765872000000,1.8754,1.9253,1.8743,1.9208,13644569.0,2025-12-16 08:00:00
1765886400000,1.9207,1.9491,1.899,1.9411,31788102.4,2025-12-16 12:00:00
1765900800000,1.9411,1.943,1.9141,1.927,13273828.5,2025-12-16 16:00:00
1765915200000,1.9269,1.9335,1.9187,1.9297,6495149.3,2025-12-16 20:00:00
1765929600000,1.9297,1.9401,1.9126,1.9253,9626347.3,2025-12-17 00:00:00
1765944000000,1.9253,1.932,1.9061,1.9233,10836144.7,2025-12-17 04:00:00
1765958400000,1.9234,1.9236,1.8965,1.9133,10080998.1,2025-12-17 08:00:00
1765972800000,1.9134,1.9874,1.9049,1.9114,38554277.3,2025-12-17 12:00:00
1765987200000,1.9113,1.9229,1.8474,1.865,31062782.7,2025-12-17 16:00:00
1766001600000,1.8651,1.8843,1.8553,1.8627,11554342.7,2025-12-17 20:00:00
1766016000000,1.8627,1.8725,1.852,1.8559,9051775.3,2025-12-18 00:00:00
1766030400000,1.856,1.8621,1.8268,1.8415,13268301.4,2025-12-18 04:00:00
1766044800000,1.8415,1.881,1.838,1.8785,11998120.7,2025-12-18 08:00:00
1766059200000,1.8786,1.9341,1.872,1.9197,34208485.1,2025-12-18 12:00:00
1766073600000,1.9198,1.9208,1.8008,1.8062,36061167.4,2025-12-18 16:00:00
1766088000000,1.8062,1.8249,1.8,1.8076,22393189.1,2025-12-18 20:00:00
1766102400000,1.8076,1.8538,1.7711,1.8403,40545875.1,2025-12-19 00:00:00
1766116800000,1.8402,1.8765,1.8257,1.8676,21297727.9,2025-12-19 04:00:00
1766131200000,1.8675,1.8722,1.8593,1.8705,11180747.8,2025-12-19 08:00:00
1766145600000,1.8705,1.905,1.8635,1.8755,34042420.2,2025-12-19 12:00:00
1766160000000,1.8754,1.9185,1.8736,1.9079,28491381.2,2025-12-19 16:00:00
1766174400000,1.9079,1.9213,1.9007,1.9092,9043358.1,2025-12-19 20:00:00
1766188800000,1.9092,1.9102,1.8936,1.9043,6671320.0,2025-12-20 00:00:00
1766203200000,1.9044,1.9189,1.8993,1.9141,5197517.5,2025-12-20 04:00:00
1766217600000,1.9141,1.9588,1.9141,1.9437,17911051.9,2025-12-20 08:00:00
1766232000000,1.9437,1.948,1.9164,1.9214,13315107.0,2025-12-20 12:00:00
1766246400000,1.9214,1.9316,1.9194,1.925,6826142.3,2025-12-20 16:00:00
1766260800000,1.925,1.9378,1.9238,1.9335,3313884.8,2025-12-20 20:00:00
1766275200000,1.9335,1.942,1.9172,1.9296,8188885.0,2025-12-21 00:00:00
1766289600000,1.9297,1.9305,1.9192,1.9254,3156722.8,2025-12-21 04:00:00
1766304000000,1.9255,1.9498,1.9223,1.9336,8511691.5,2025-12-21 08:00:00
1766318400000,1.9336,1.9386,1.8948,1.9049,18100027.8,2025-12-21 12:00:00
1766332800000,1.9048,1.9195,1.8993,1.9181,9895809.4,2025-12-21 16:00:00
1766347200000,1.9181,1.9271,1.9056,1.9223,5176136.4,2025-12-21 20:00:00
1766361600000,1.9224,1.9493,1.9031,1.9201,15875487.4,2025-12-22 00:00:00
1766376000000,1.9202,1.9292,1.9136,1.9273,9889892.4,2025-12-22 04:00:00
1766390400000,1.9272,1.938,1.9145,1.9346,15301290.4,2025-12-22 08:00:00
1766404800000,1.9347,1.9473,1.918,1.9341,16550151.5,2025-12-22 12:00:00
1766419200000,1.9342,1.9427,1.9022,1.9023,14930254.4,2025-12-22 16:00:00
1766433600000,1.9022,1.9092,1.8917,1.9043,16184538.1,2025-12-22 20:00:00
1766448000000,1.9044,1.91,1.8843,1.8923,17218867.2,2025-12-23 00:00:00
1766462400000,1.8924,1.8976,1.8736,1.8812,15410500.8,2025-12-23 04:00:00
1766476800000,1.8813,1.9062,1.8757,1.9054,6119564.8,2025-12-23 08:00:00
1766491200000,1.9053,1.9054,1.863,1.8815,19576291.0,2025-12-23 12:00:00
1766505600000,1.8816,1.894,1.8672,1.8827,14071151.7,2025-12-23 16:00:00
1766520000000,1.8827,1.895,1.8718,1.8734,5419318.3,2025-12-23 20:00:00
1766534400000,1.8734,1.8783,1.8447,1.8616,10700282.0,2025-12-24 00:00:00
1766548800000,1.8616,1.8676,1.8372,1.8548,11524316.3,2025-12-24 04:00:00
1766563200000,1.8548,1.8756,1.8521,1.8689,7395466.0,2025-12-24 08:00:00
1766577600000,1.869,1.878,1.852,1.8634,11439448.9,2025-12-24 12:00:00
1766592000000,1.8634,1.8716,1.8492,1.8619,12912091.1,2025-12-24 16:00:00
1766606400000,1.8618,1.87,1.8596,1.8628,5924375.5,2025-12-24 20:00:00
1766620800000,1.8627,1.8743,1.8564,1.8701,5598782.6,2025-12-25 00:00:00
1766635200000,1.8701,1.877,1.8663,1.8745,4908788.1,2025-12-25 04:00:00
1766649600000,1.8745,1.8812,1.8534,1.8591,8385291.3,2025-12-25 08:00:00
1766664000000,1.8591,1.8892,1.8554,1.8829,9235791.3,2025-12-25 12:00:00
1766678400000,1.883,1.8839,1.8651,1.8734,6469207.4,2025-12-25 16:00:00
1766692800000,1.8734,1.8737,1.8291,1.8326,11546947.7,2025-12-25 20:00:00
1766707200000,1.8325,1.8807,1.8246,1.8646,17215171.8,2025-12-26 00:00:00
1766721600000,1.8646,1.8833,1.8546,1.8643,12720969.7,2025-12-26 04:00:00
1766736000000,1.8643,1.8807,1.8627,1.8713,9982220.0,2025-12-26 08:00:00
1766750400000,1.8713,1.8795,1.8267,1.8382,21884785.0,2025-12-26 12:00:00
1766764800000,1.8382,1.8506,1.8336,1.8458,9494663.3,2025-12-26 16:00:00
1766779200000,1.8459,1.8603,1.8425,1.8437,5527721.0,2025-12-26 20:00:00
1766793600000,1.8437,1.8535,1.8417,1.8515,7275354.0,2025-12-27 00:00:00
1766808000000,1.8514,1.8532,1.8464,1.8477,3123589.2,2025-12-27 04:00:00
1766822400000,1.8478,1.856,1.845,1.8512,4292162.7,2025-12-27 08:00:00
1766836800000,1.8513,1.8533,1.8434,1.8495,3467041.2,2025-12-27 12:00:00
1766851200000,1.8496,1.8573,1.8435,1.8559,6551834.7,2025-12-27 16:00:00
1766865600000,1.8558,1.8788,1.8532,1.8735,6534489.5,2025-12-27 20:00:00
1766880000000,1.8734,1.8782,1.8687,1.8745,3522500.5,2025-12-28 00:00:00
1766894400000,1.8745,1.8796,1.8721,1.8736,4075771.4,2025-12-28 04:00:00
1766908800000,1.8737,1.8769,1.8627,1.8722,4048008.5,2025-12-28 08:00:00
1766923200000,1.8721,1.8766,1.8653,1.8701,4145369.4,2025-12-28 12:00:00
1766937600000,1.8701,1.8729,1.8539,1.8573,6611652.5,2025-12-28 16:00:00
1766952000000,1.8573,1.871,1.8541,1.8654,4193936.0,2025-12-28 20:00:00
1766966400000,1.8655,1.9175,1.8629,1.915,16095113.1,2025-12-29 00:00:00
1766980800000,1.9151,1.918,1.8921,1.901,14487571.6,2025-12-29 04:00:00
1766995200000,1.901,1.9053,1.866,1.8717,12008585.7,2025-12-29 08:00:00
1767009600000,1.8718,1.879,1.8555,1.8655,13306514.1,2025-12-29 12:00:00
1767024000000,1.8654,1.8689,1.85,1.8534,7682073.2,2025-12-29 16:00:00
1767038400000,1.8534,1.8576,1.845,1.8508,6685850.8,2025-12-29 20:00:00
1767052800000,1.8508,1.8634,1.8439,1.8611,6019914.3,2025-12-30 00:00:00
1767067200000,1.8612,1.8676,1.8552,1.8604,5856474.6,2025-12-30 04:00:00
1767081600000,1.8604,1.872,1.8598,1.8623,8174150.7,2025-12-30 08:00:00
1767096000000,1.8624,1.8795,1.8542,1.8776,9778713.5,2025-12-30 12:00:00
1767110400000,1.8777,1.8864,1.8699,1.8765,10946957.7,2025-12-30 16:00:00
1767124800000,1.8764,1.8787,1.8661,1.8776,7561524.8,2025-12-30 20:00:00
1767139200000,1.8776,1.8839,1.8697,1.872,6646237.7,2025-12-31 00:00:00
1767153600000,1.8721,1.8757,1.8672,1.8727,4109791.7,2025-12-31 04:00:00
1767168000000,1.8727,1.883,1.8655,1.879,6781543.9,2025-12-31 08:00:00
1767182400000,1.8789,1.883,1.8534,1.8594,10560541.1,2025-12-31 12:00:00
1767196800000,1.8594,1.86,1.8264,1.8287,17603771.3,2025-12-31 16:00:00
1767211200000,1.8287,1.8481,1.8123,1.8423,12633008.1,2025-12-31 20:00:00
1767225600000,1.8424,1.8499,1.8342,1.8345,7715925.9,2026-01-01 00:00:00
1767240000000,1.8345,1.8558,1.8261,1.8423,7945822.8,2026-01-01 04:00:00
1767254400000,1.8423,1.8564,1.8419,1.8554,4493545.0,2026-01-01 08:00:00
1767268800000,1.8554,1.8678,1.8514,1.8628,7597847.3,2026-01-01 12:00:00
1767283200000,1.8628,1.8754,1.8563,1.8742,7088536.5,2026-01-01 16:00:00
1767297600000,1.8742,1.8811,1.8674,1.8799,6240911.6,2026-01-01 20:00:00
1767312000000,1.8799,1.8925,1.8689,1.8886,9812206.0,2026-01-02 00:00:00
1767326400000,1.8887,1.8905,1.8708,1.8718,8444911.0,2026-01-02 04:00:00
1767340800000,1.8719,1.9091,1.8715,1.8911,15041776.4,2026-01-02 08:00:00
1767355200000,1.8912,1.9253,1.8874,1.9184,22767115.1,2026-01-02 12:00:00
1767369600000,1.9185,1.998,1.9158,1.9916,43992081.0,2026-01-02 16:00:00
1767384000000,1.9915,2.0315,1.9774,2.0069,27289817.7,2026-01-02 20:00:00
1767398400000,2.0068,2.0427,2.0068,2.0402,16088258.9,2026-01-03 00:00:00
1767412800000,2.0402,2.0561,1.9844,1.9941,26384582.1,2026-01-03 04:00:00
1767427200000,1.9941,2.0217,1.9924,1.9994,11392569.2,2026-01-03 08:00:00
1767441600000,1.9995,2.0188,1.9941,2.0064,8661094.6,2026-01-03 12:00:00
1767456000000,2.0065,2.0112,1.9964,2.0073,6148794.7,2026-01-03 16:00:00
1767470400000,2.0073,2.0188,1.999,2.0182,5711222.6,2026-01-03 20:00:00
1767484800000,2.0182,2.062,2.0163,2.0581,25539058.7,2026-01-04 00:00:00
1767499200000,2.0581,2.0812,2.0525,2.0721,24926522.4,2026-01-04 04:00:00
1767513600000,2.0721,2.0974,2.0601,2.0952,16344811.3,2026-01-04 08:00:00
1767528000000,2.0951,2.1204,2.0814,2.0905,24350553.7,2026-01-04 12:00:00
1767542400000,2.0906,2.1035,2.0722,2.0847,15361420.7,2026-01-04 16:00:00
1767556800000,2.0848,2.1032,2.0795,2.0909,7234719.5,2026-01-04 20:00:00
1767571200000,2.0908,2.1665,2.0877,2.1429,30453380.0,2026-01-05 00:00:00
1767585600000,2.1429,2.1463,2.11,2.134,12434457.0,2026-01-05 04:00:00
1767600000000,2.134,2.153,2.1254,2.1336,16239744.7,2026-01-05 08:00:00
1767614400000,2.1337,2.1695,2.1121,2.1652,25040715.4,2026-01-05 12:00:00
1767628800000,2.1653,2.282,2.1645,2.2782,59046249.0,2026-01-05 16:00:00
1767643200000,2.2782,2.3695,2.2761,2.3478,67103479.2,2026-01-05 20:00:00
1767657600000,2.3479,2.4172,2.3164,2.3861,54309672.6,2026-01-06 00:00:00
1767672000000,2.386,2.4084,2.3215,2.3303,36556542.9,2026-01-06 04:00:00
1767686400000,2.3304,2.3777,2.3254,2.3776,23147344.2,2026-01-06 08:00:00
1767700800000,2.3776,2.3996,2.3349,2.3491,38583351.4,2026-01-06 12:00:00
1767715200000,2.349,2.3551,2.2046,2.2278,86154868.0,2026-01-06 16:00:00
1767729600000,2.2277,2.3122,2.2276,2.3042,31620329.0,2026-01-06 20:00:00
1767744000000,2.3042,2.3205,2.2565,2.2665,20447854.3,2026-01-07 00:00:00
1767758400000,2.2665,2.2867,2.2451,2.2803,11278890.0,2026-01-07 04:00:00
1767772800000,2.2803,2.2913,2.2327,2.2503,15429736.3,2026-01-07 08:00:00
1767787200000,2.2504,2.2557,2.1834,2.1955,29700162.6,2026-01-07 12:00:00
1767801600000,2.1954,2.2233,2.171,2.1938,19983354.0,2026-01-07 16:00:00
1767816000000,2.1938,2.199,2.1517,2.1657,18763280.5,2026-01-07 20:00:00
1767830400000,2.1658,2.1925,2.1456,2.1502,20330509.6,2026-01-08 00:00:00
1767844800000,2.1502,2.1724,2.0976,2.1197,23533547.5,2026-01-08 04:00:00
1767859200000,2.1196,2.1344,2.081,2.0922,21717230.1,2026-01-08 08:00:00
1767873600000,2.0923,2.1284,2.0649,2.1271,45993241.6,2026-01-08 12:00:00
1767888000000,2.127,2.1689,2.112,2.1357,32591999.8,2026-01-08 16:00:00
1767902400000,2.1356,2.1481,2.1132,2.1232,12369551.9,2026-01-08 20:00:00
1767916800000,2.1232,2.1429,2.1085,2.1355,14582549.7,2026-01-09 00:00:00
1767931200000,2.1356,2.1474,2.1196,2.1202,14120083.3,2026-01-09 04:00:00
1767945600000,2.1203,2.1236,2.0727,2.1028,21841620.4,2026-01-09 08:00:00
1767960000000,2.1029,2.1622,2.0794,2.1176,38799101.7,2026-01-09 12:00:00
1767974400000,2.1177,2.1453,2.0759,2.083,20234836.0,2026-01-09 16:00:00
1767988800000,2.0829,2.1013,2.0762,2.0958,8198900.9,2026-01-09 20:00:00
1768003200000,2.0958,2.1016,2.0873,2.0911,4668770.3,2026-01-10 00:00:00
1768017600000,2.0911,2.1008,2.0806,2.1006,4953464.9,2026-01-10 04:00:00
1768032000000,2.1006,2.1053,2.0904,2.1028,5353947.3,2026-01-10 08:00:00
1768046400000,2.1028,2.1106,2.0874,2.093,7070186.1,2026-01-10 12:00:00
1768060800000,2.093,2.101,2.0878,2.0946,4887013.2,2026-01-10 16:00:00
1768075200000,2.0946,2.0958,2.0825,2.0907,4656599.5,2026-01-10 20:00:00
1768089600000,2.0907,2.0966,2.0864,2.0953,5126977.3,2026-01-11 00:00:00
1768104000000,2.0953,2.099,2.0863,2.0926,3632174.0,2026-01-11 04:00:00
1768118400000,2.0927,2.0984,2.0881,2.0961,4256699.6,2026-01-11 08:00:00
1768132800000,2.0961,2.11,2.0839,2.0893,10707866.3,2026-01-11 12:00:00
1768147200000,2.0893,2.1035,2.0853,2.0869,7328114.3,2026-01-11 16:00:00
1768161600000,2.0869,2.0869,2.045,2.0745,19493746.7,2026-01-11 20:00:00
1768176000000,2.0745,2.1069,2.0364,2.0827,30298680.8,2026-01-12 00:00:00
1768190400000,2.0827,2.0956,2.052,2.0536,19133175.0,2026-01-12 04:00:00
1768204800000,2.0536,2.0605,2.035,2.0485,15800677.2,2026-01-12 08:00:00
1768219200000,2.0486,2.0945,2.0406,2.0941,16174882.0,2026-01-12 12:00:00
1768233600000,2.094,2.1086,2.0535,2.0701,18027237.8,2026-01-12 16:00:00
1768248000000,2.0701,2.0759,2.04,2.054,10705385.5,2026-01-12 20:00:00
1768262400000,2.0541,2.0644,2.0474,2.0501,6330524.0,2026-01-13 00:00:00
1768276800000,2.0501,2.0808,2.0497,2.0533,11135065.7,2026-01-13 04:00:00
1768291200000,2.0533,2.0745,2.0532,2.0606,10627007.6,2026-01-13 08:00:00
1768305600000,2.0605,2.1016,2.056,2.0987,20949839.4,2026-01-13 12:00:00
1768320000000,2.0986,2.1397,2.0844,2.1397,25681577.8,2026-01-13 16:00:00
1768334400000,2.1397,2.185,2.1193,2.1655,38649991.8,2026-01-13 20:00:00
1768348800000,2.1656,2.1924,2.1567,2.1838,21047557.7,2026-01-14 00:00:00
1768363200000,2.1839,2.1861,2.1333,2.1484,26052365.4,2026-01-14 04:00:00
1768377600000,2.1484,2.1537,2.1116,2.1156,15279289.5,2026-01-14 08:00:00
1768392000000,2.1156,2.1741,2.1116,2.1563,31229752.1,2026-01-14 12:00:00
1768406400000,2.1563,2.1765,2.1246,2.1462,27028898.1,2026-01-14 16:00:00
1768420800000,2.1461,2.1613,2.1314,2.1394,14363740.7,2026-01-14 20:00:00
1768435200000,2.1393,2.1434,2.0819,2.0884,19548513.8,2026-01-15 00:00:00
1768449600000,2.0884,2.1065,2.0861,2.1012,12774401.3,2026-01-15 04:00:00
1768464000000,2.1012,2.1229,2.0959,2.112,11625944.5,2026-01-15 08:00:00
1768478400000,2.112,2.1325,2.0683,2.0956,20440121.2,2026-01-15 12:00:00
1768492800000,2.0956,2.1007,2.0532,2.0658,16268717.2,2026-01-15 16:00:00
1768507200000,2.0658,2.0804,2.058,2.0789,8981985.7,2026-01-15 20:00:00
1768521600000,2.0789,2.0866,2.0645,2.0646,6018918.5,2026-01-16 00:00:00
1768536000000,2.0647,2.0779,2.0577,2.0737,8395631.7,2026-01-16 04:00:00
1768550400000,2.0737,2.0817,2.0586,2.0652,6437848.2,2026-01-16 08:00:00
1768564800000,2.0652,2.0682,2.0263,2.0325,22287253.6,2026-01-16 12:00:00
1768579200000,2.0325,2.0568,2.0299,2.055,9334658.4,2026-01-16 16:00:00
1768593600000,2.055,2.0798,2.0476,2.0678,8420309.1,2026-01-16 20:00:00
1768608000000,2.0678,2.07,2.0536,2.0557,4328427.5,2026-01-17 00:00:00
1768622400000,2.0557,2.0664,2.055,2.0581,4086233.1,2026-01-17 04:00:00
1768636800000,2.0581,2.0673,2.0562,2.0619,3437033.5,2026-01-17 08:00:00
1768651200000,2.0618,2.083,2.0582,2.0817,8886019.0,2026-01-17 12:00:00
1768665600000,2.0816,2.0834,2.0679,2.0735,5995978.7,2026-01-17 16:00:00
1768680000000,2.0735,2.0754,2.0591,2.0631,4404763.1,2026-01-17 20:00:00
1768694400000,2.0632,2.0679,2.0482,2.0585,6254276.7,2026-01-18 00:00:00
1768708800000,2.0585,2.06,2.047,2.0524,3817877.0,2026-01-18 04:00:00
1768723200000,2.0523,2.0618,2.0504,2.0548,3444434.2,2026-01-18 08:00:00
1768737600000,2.0549,2.0605,2.045,2.0507,5715027.7,2026-01-18 12:00:00
1768752000000,2.0507,2.0661,2.0463,2.0538,5919200.8,2026-01-18 16:00:00
1768766400000,2.0538,2.0644,1.9861,1.9914,21355881.3,2026-01-18 20:00:00
1768780800000,1.9914,1.9914,1.847,1.9674,69032133.0,2026-01-19 00:00:00
1768795200000,1.9674,1.9746,1.9517,1.9632,28946560.4,2026-01-19 04:00:00
1768809600000,1.9632,1.984,1.9591,1.9729,17738044.9,2026-01-19 08:00:00
1768824000000,1.9729,1.9853,1.9647,1.9816,13081247.1,2026-01-19 12:00:00
1768838400000,1.9815,2.0299,1.9805,2.0137,15609694.7,2026-01-19 16:00:00
1768852800000,2.0137,2.0173,1.9794,1.986,14942220.6,2026-01-19 20:00:00
1768867200000,1.9861,1.9909,1.9554,1.9625,18195497.0,2026-01-20 00:00:00
1768881600000,1.9624,1.9738,1.9419,1.9493,14495221.8,2026-01-20 04:00:00
1768896000000,1.9493,1.9539,1.9191,1.9291,33635465.1,2026-01-20 08:00:00
1768910400000,1.9291,1.9396,1.9091,1.9174,25305325.6,2026-01-20 12:00:00
1768924800000,1.9174,1.9276,1.8941,1.9024,16524123.1,2026-01-20 16:00:00
1768939200000,1.9023,1.9117,1.87,1.89,19220489.4,2026-01-20 20:00:00
1768953600000,1.89,1.9179,1.8889,1.9029,15527767.5,2026-01-21 00:00:00
1768968000000,1.903,1.9268,1.9009,1.91,13859331.5,2026-01-21 04:00:00
1768982400000,1.9101,1.9156,1.8873,1.8897,20066093.3,2026-01-21 08:00:00
1768996800000,1.8897,1.9609,1.8798,1.9579,40818527.9,2026-01-21 12:00:00
1769011200000,1.958,1.9844,1.8712,1.9734,38302164.6,2026-01-21 16:00:00
1769025600000,1.9734,1.9907,1.9393,1.9476,19268250.7,2026-01-21 20:00:00
1769040000000,1.9475,1.9679,1.942,1.9475,8517066.2,2026-01-22 00:00:00
1769054400000,1.9475,1.9598,1.9463,1.9477,7859459.5,2026-01-22 04:00:00
1769068800000,1.9477,1.9647,1.9425,1.9439,10209297.5,2026-01-22 08:00:00
1769083200000,1.944,1.9497,1.9016,1.9146,17334743.9,2026-01-22 12:00:00
1769097600000,1.9145,1.9358,1.905,1.9327,11294951.1,2026-01-22 16:00:00
1769112000000,1.9326,1.9338,1.9161,1.9236,6411926.7,2026-01-22 20:00:00
1769126400000,1.9237,1.9265,1.9091,1.916,7600396.3,2026-01-23 00:00:00
1769140800000,1.9159,1.9257,1.9033,1.915,11336199.1,2026-01-23 04:00:00
1769155200000,1.915,1.9157,1.9017,1.9142,8601200.5,2026-01-23 08:00:00
1769169600000,1.9142,1.9229,1.8873,1.9215,13178189.8,2026-01-23 12:00:00
1769184000000,1.9216,1.9656,1.9204,1.9232,23380154.7,2026-01-23 16:00:00
1769198400000,1.9233,1.932,1.9077,1.9196,11980566.5,2026-01-23 20:00:00
1769212800000,1.9197,1.9272,1.9161,1.9234,4065109.0,2026-01-24 00:00:00
1769227200000,1.9235,1.9276,1.917,1.919,5195698.2,2026-01-24 04:00:00
1769241600000,1.919,1.9214,1.9147,1.917,3827632.3,2026-01-24 08:00:00
1769256000000,1.9171,1.9242,1.9124,1.9128,7305077.3,2026-01-24 12:00:00
1769270400000,1.9128,1.921,1.91,1.9168,3361314.4,2026-01-24 16:00:00
1769284800000,1.9167,1.9233,1.9141,1.9143,3405168.7,2026-01-24 20:00:00
1769299200000,1.9143,1.9168,1.8983,1.9006,5835830.3,2026-01-25 00:00:00
1769313600000,1.9007,1.9039,1.894,1.8948,3850349.0,2026-01-25 04:00:00
1769328000000,1.8948,1.9125,1.8869,1.9022,8873461.9,2026-01-25 08:00:00
1769342400000,1.9022,1.9032,1.8842,1.8878,7169584.0,2026-01-25 12:00:00
1769356800000,1.8879,1.8879,1.8111,1.8182,45207595.3,2026-01-25 16:00:00
1769371200000,1.8182,1.841,1.813,1.8356,20596289.8,2026-01-25 20:00:00
1769385600000,1.8356,1.8887,1.8331,1.8695,18571200.9,2026-01-26 00:00:00
1769400000000,1.8696,1.8948,1.8696,1.8818,11949769.7,2026-01-26 04:00:00
1769414400000,1.8817,1.8971,1.8765,1.8915,13210908.2,2026-01-26 08:00:00
1769428800000,1.8916,1.9288,1.8915,1.9222,17703222.8,2026-01-26 12:00:00
