timestamp,open,high,low,close,volume,datetime,EMA_50,EMA_200,RSI,ATR,Dist_EMA200,Dist_EMA50,Vol_Rel,target
1760457600000,0.004063,0.004193,0.003998,0.004055,5850172680.0,2025-10-14 16:00:00,0.00479912398067737,0.006177845,43.25208134867325,0.00033820178168162876,-0.34362225015357306,-0.1550541273101974,1.554287822178775,2
1760472000000,0.004056,0.004158,0.004026,0.004097,1489135166.0,2025-10-14 20:00:00,0.004771589706925316,0.0061571400746268665,44.342746541709694,0.00032347308299008384,-0.3345936668091337,-0.14137630189499326,0.4039219154871202,2
1760486400000,0.004097,0.00418,0.004026,0.004056,1531834196.0,2025-10-15 00:00:00,0.004743527365477264,0.006136233208212669,43.46454161427506,0.00031136786277650644,-0.3390081728687409,-0.14494010733046325,0.4240453255645022,2
1760500800000,0.004056,0.00412,0.003998,0.004057,2005868401.0,2025-10-15 04:00:00,0.004716604723693842,0.006115544320568761,43.493936323019916,0.0002978415868638989,-0.33660851964479127,-0.1398473610434898,0.5683381555513839,2
1760515200000,0.004056,0.004162,0.003929,0.003983,3127286448.0,2025-10-15 08:00:00,0.004687835910999966,0.0060943249740954405,41.76347738183533,0.00029321004494504895,-0.3464411535436403,-0.15035421981090982,0.8782316333346881,2
1760529600000,0.003982,0.004026,0.003853,0.003901,4660449035.0,2025-10-15 12:00:00,0.004656979600764674,0.006072500844999964,39.87047645562422,0.0002846236131632597,-0.35759580779440414,-0.16233259871710456,1.2633340229726586,2
1760544000000,0.003902,0.003972,0.003836,0.003856,1916858456.0,2025-10-15 16:00:00,0.004625568636028804,0.006050446110223845,38.830297095113856,0.0002740076407944554,-0.36269162145180367,-0.16637276334731962,0.5227751505805929,2
1760558400000,0.003857,0.003884,0.003755,0.00383,2545535737.0,2025-10-15 20:00:00,0.004594369865988459,0.00602835211907734,38.21002865055604,0.00026364995216628,-0.36466883082698975,-0.16637099064378613,0.7238141996506335,2
1760572800000,0.00383,0.003868,0.003798,0.003823,1305027043.0,2025-10-16 00:00:00,0.004564120067322245,0.006006408316897466,38.03387609956168,0.0002498178127258314,-0.36351313492208237,-0.16237961674769383,0.3994349462663696,2
1760587200000,0.003824,0.003904,0.003777,0.003837,1609458951.0,2025-10-16 04:00:00,0.004535605554878235,0.005984822164490526,38.64311768079902,0.00024104511181684344,-0.3588781931122535,-0.15402696429958626,0.511434246088943,2
1760601600000,0.003838,0.003883,0.003601,0.003835,3588623386.0,2025-10-16 08:00:00,0.0045081308272359516,0.005963430899172213,38.584754682847716,0.0002439704609727832,-0.3569138194370059,-0.14931483868418813,1.1160982737646166,2
1760616000000,0.003836,0.003868,0.00351,0.003561,5790148113.0,2025-10-16 12:00:00,0.004470988441854149,0.0059395261141058225,31.553693355541437,0.00025211542804615583,-0.40045721971943926,-0.20353182605785733,1.692471979854388,1
1760630400000,0.00356,0.003711,0.003422,0.00348,4886104016.0,2025-10-16 16:00:00,0.0044321261500167315,0.0059150532174480535,29.823544236786347,0.00025475004032857326,-0.41167055103835815,-0.21482379286815587,1.4002664488808332,1
1760644800000,0.00348,0.00351,0.003389,0.003467,2900033583.0,2025-10-16 20:00:00,0.0043942780657023495,0.005890694478965983,29.543556425185095,0.00024519646601938946,-0.4114446076978387,-0.21101943296211048,0.8507743563282779,1
1760659200000,0.003467,0.003478,0.00337,0.003459,3680253313.0,2025-10-17 00:00:00,0.004357600494498336,0.0058664985140011484,29.360880938845153,0.00023539671844657596,-0.4103808273803097,-0.20621452003983826,1.1019004728827724,1
1760673600000,0.00346,0.003494,0.003238,0.003298,6533587093.0,2025-10-17 04:00:00,0.0043160475339297745,0.005840941314856858,25.89119499918391,0.00023686838141467767,-0.43536498276205965,-0.2358749587270738,1.8261694112932685,1
1760688000000,0.003298,0.003454,0.00321,0.003407,6184085273.0,2025-10-17 08:00:00,0.004280398611030568,0.0058167229933159936,31.769909096545415,0.0002373777827422007,-0.41427501293855845,-0.20404609252508016,1.6479911550099815,1
1760702400000,0.003407,0.003581,0.003392,0.003575,3484965491.0,2025-10-17 12:00:00,0.004252735920401918,0.005794417291889963,39.70838148866479,0.0002339222268320435,-0.38302683084221856,-0.15936468501384557,0.9528803227057352,1
1760716800000,0.003575,0.003644,0.003494,0.00357,2196204639.0,2025-10-17 16:00:00,0.004225961962739099,0.005772283786498023,39.560854303427064,0.0002279277820583261,-0.38152728936324926,-0.1552219278173367,0.6114605849746156,1
1760731200000,0.003571,0.003613,0.003504,0.003525,954990830.0,2025-10-17 20:00:00,0.0041984732583179585,0.0057499227537965505,38.18580272753595,0.0002194329404827314,-0.38694828592740343,-0.16040908608472912,0.28833993502130745,1
1760745600000,0.003525,0.003608,0.003497,0.003592,1135511860.0,2025-10-18 00:00:00,0.004174689993285882,0.00572845088559957,41.44893798539514,0.00021168773044825059,-0.37295438649396007,-0.13957682947069536,0.36911633430522944,1
1760760000000,0.003591,0.003657,0.003537,0.003545,1371647289.0,2025-10-18 04:00:00,0.004149996268058985,0.005706725006140868,39.859349221288966,0.00020513860684480412,-0.3788030794921235,-0.14578236436389638,0.44672899962274687,1
1760774400000,0.003545,0.003623,0.003516,0.003576,946120680.0,2025-10-18 08:00:00,0.004127486610488044,0.005685523762298671,41.454184221166756,0.00019812870635588952,-0.37103420027670153,-0.1336131797706389,0.311107449134699,1
1760788800000,0.003576,0.003746,0.003491,0.00365,2841229212.0,2025-10-18 12:00:00,0.004108761645370866,0.005665269794514605,45.190617674932646,0.00020219094161618312,-0.35572353437887266,-0.11165448010052603,0.9216074675504192,1
1760803200000,0.00365,0.003966,0.003602,0.003861,5366754031.0,2025-10-18 16:00:00,0.004099045502415146,0.005647316861235853,54.17173248928661,0.00021374873150074145,-0.3163124905381947,-0.05807339837405814,1.679798626638712,0
1760817600000,0.003861,0.004035,0.003848,0.003967,2230526448.0,2025-10-18 20:00:00,0.004093867247418473,0.005630597290477288,57.90361716320544,0.0002118381078221171,-0.2954566282498726,-0.03098958509181592,0.7257560318545422,0
1760832000000,0.003967,0.004095,0.00385,0.004045,2073842475.0,2025-10-19 00:00:00,0.004091950884774612,0.005614820203009853,60.45546441633763,0.00021420681440625155,-0.279585124055859,-0.011473960977710458,0.6730561530399143,2
1760846400000,0.004045,0.004065,0.003811,0.003873,2369919047.0,2025-10-19 04:00:00,0.004083364575567764,0.005597488658701298,52.84773893123583,0.00021704918480580502,-0.3080825641371474,-0.05151746107277586,0.7713446217305849,0
1760860800000,0.003873,0.004004,0.003792,0.003868,4314661644.0,2025-10-19 08:00:00,0.004074918905937656,0.005580279816326161,52.64036012791155,0.00021668852874824753,-0.3068447950076918,-0.0507786561435983,1.3387374637969507,0
1760875200000,0.003868,0.003946,0.003818,0.003909,2162366597.0,2025-10-19 12:00:00,0.004068412282175395,0.005563650166412468,54.22653222044392,0.0002103536338376584,-0.2974037038492327,-0.03918292226031628,0.665225106862824,2
1760889600000,0.00391,0.003984,0.00383,0.003948,2679905634.0,2025-10-19 16:00:00,0.004063690231894007,0.005547574045353637,55.7448786848818,0.00020632837427782562,-0.288337574636495,-0.028469254616409465,0.8361267338820488,2
1760904000000,0.003948,0.00395,0.003817,0.003921,1967350690.0,2025-10-19 20:00:00,0.004058094536525615,0.0055313892289819595,54.39952638344959,0.00020109063325798095,-0.29113648711326506,-0.03378298245436878,0.6527368071825775,2
1760918400000,0.00392,0.00408,0.003847,0.004035,3239780706.0,2025-10-20 00:00:00,0.004057188868426571,0.005516499783917462,58.90879118342323,0.00020336987373955376,-0.2685579338254585,-0.005469025265066253,1.1050909928164276,2
1760932800000,0.004035,0.004159,0.003997,0.004078,3202487626.0,2025-10-20 04:00:00,0.004058004991233372,0.0055021863532317165,60.49561945616933,0.00020041488275815712,-0.2588400795249726,0.004927300190567517,1.08676437842097,2
1760947200000,0.004077,0.004207,0.00402,0.004084,2383411629.0,2025-10-20 08:00:00,0.004059024403341867,0.005488075046234386,60.723538620292025,0.00019945667684686017,-0.25584107986966853,0.006153103351034245,0.8270085192610851,2
1760961600000,0.004085,0.004093,0.003951,0.003952,1660109557.0,2025-10-20 12:00:00,0.004054827367916696,0.005472790717416134,53.421279538660436,0.00019535262850065593,-0.27788212558110476,-0.025359246790702967,0.6292361006365929,2
1760976000000,0.003952,0.003963,0.003763,0.003828,2937394743.0,2025-10-20 16:00:00,0.004045932177018002,0.005456424640625924,47.62716193307114,0.00019568458360775197,-0.2984416990755182,-0.05386451563768581,1.1863664519018404,2
1760990400000,0.003828,0.003895,0.003815,0.003876,1252962842.0,2025-10-20 20:00:00,0.00403926817007612,0.005440699022311238,49.892734405093684,0.00018742139906434115,-0.28759154217035615,-0.04042023534997017,0.5299376660865903,2
1761004800000,0.003875,0.003892,0.003789,0.00381,1043394847.0,2025-10-21 00:00:00,0.004030277261445684,0.005424473161392719,46.88920361484372,0.00018139129913117394,-0.29762764297246647,-0.05465560981446458,0.45232865799632954,2
1761019200000,0.00381,0.003981,0.003711,0.003975,2609306201.0,2025-10-21 04:00:00,0.004028109525702716,0.005410050542871398,54.29663520224425,0.00018772049205037584,-0.2652564022275734,-0.013184727317823015,1.0920184427817359,2
1761033600000,0.003975,0.003996,0.003825,0.0039,2035194673.0,2025-10-21 08:00:00,0.004023085622733982,0.005395025164335364,50.82656995912158,0.00018652617118963474,-0.27711180556088155,-0.030594830504834265,0.8360086058882954,2
1761048000000,0.003901,0.004113,0.003788,0.004111,4275249324.0,2025-10-21 12:00:00,0.004026533245371865,0.0053822487945409826,58.8034251531772,0.0001964171589618037,-0.23619287087404126,0.020977538115504717,1.6573313403291225,2
1761062400000,0.004112,0.00416,0.00399,0.004033,2893063756.0,2025-10-21 16:00:00,0.004026786843592576,0.0053688234334012715,55.2362670651822,0.0001945302190359606,-0.24881120602526444,0.0015429563691235406,1.080733121055451,2
1761076800000,0.004033,0.004044,0.003593,0.003697,2937238161.0,2025-10-21 20:00:00,0.0040138540261967885,0.005352188374362453,43.10564136031446,0.00021284948910482054,-0.309254506491397,-0.07894009700622177,1.0952708147767185,1
1761091200000,0.003698,0.003725,0.003551,0.003688,2591046588.0,2025-10-22 00:00:00,0.004001075436934169,0.00533562928606034,42.834286046946076,0.00021007452559733338,-0.30879755652531427,-0.07824782158420485,1.0189094268612655,1
1761105600000,0.003687,0.00374,0.00362,0.003709,1872342979.0,2025-10-22 04:00:00,0.0039896214982308685,0.005319443920029889,43.72448113821866,0.00020364063091180955,-0.3027466675540853,-0.07033787499774237,0.7415068522040724,1
1761120000000,0.003708,0.003786,0.003648,0.003749,1903785505.0,2025-10-22 08:00:00,0.0039801853610453445,0.005303817612367901,45.46644349258579,0.00019895201441810887,-0.2931506559996035,-0.05808406897527668,0.7565065410097107,1
1761134400000,0.003748,0.003828,0.003689,0.003775,2604011597.0,2025-10-22 12:00:00,0.003972138876298469,0.005288605496821952,46.62301199523303,0.00019466972767395822,-0.2862012486526955,-0.049630408814451396,1.0299646926596566,1
1761148800000,0.003774,0.003788,0.003527,0.003573,5139935979.0,2025-10-22 16:00:00,0.0039564863713455875,0.005271534795361037,39.59667517520876,0.00019940760426867549,-0.322208780041773,-0.09692599325576984,2.000351044809754,1
1761163200000,0.003573,0.003598,0.003413,0.003462,3376567657.0,2025-10-22 20:00:00,0.003937094748939878,0.005253529474014161,36.3544545549899,0.00019837848967805584,-0.34101445187958074,-0.12067140346769784,1.2837552091335442,1
1761177600000,0.003462,0.003575,0.003447,0.003548,1573484141.0,2025-10-23 00:00:00,0.003921836131334394,0.005236559031486657,40.424609093115144,0.00019335145470105185,-0.32245583814363604,-0.09532171126364655,0.6110841193475841,1
1761192000000,0.003549,0.003731,0.003514,0.003675,2849741488.0,2025-10-23 04:00:00,0.00391215628304677,0.005221021130675845,45.924262153732656,0.00019504063650811954,-0.2961147047638395,-0.060620349977959946,1.0880923030548595,1
1761206400000,0.003675,0.0038,0.003665,0.003689,2136397547.0,2025-10-23 08:00:00,0.0039034050562606224,0.005205777139325837,46.51046271753063,0.00019075201961468244,-0.29136420917209377,-0.05492769855302126,0.8332750599175341,1
1761220800000,0.003689,0.00384,0.003659,0.003807,3638990868.0,2025-10-23 12:00:00,0.003899624465819029,0.005191858958835033,51.302187701660316,0.0001900554467850623,-0.26673662936825465,-0.02375215014443074,1.4073623770869748,1
1761235200000,0.003808,0.003937,0.003768,0.003801,1821906820.0,2025-10-23 16:00:00,0.003895756839708479,0.005178019566209809,51.051756946779214,0.00018855148630041502,-0.26593556640763244,-0.02432308883928437,0.7123484352903985,1
1761249600000,0.003801,0.003862,0.003744,0.003809,1252828808.0,2025-10-23 20:00:00,0.003892354610700304,0.005164397480973891,51.39246219220668,0.00018351209442181394,-0.2624502637466033,-0.021414958049083572,0.4937757991976778,1
1761264000000,0.003809,0.003851,0.003751,0.003769,1054299863.0,2025-10-24 00:00:00,0.0038875171749865665,0.0051505129289244,49.535871339287326,0.00017754694482025578,-0.2682282227010944,-0.030486598425632897,0.431544048537551,1
1761278400000,0.003768,0.004028,0.003755,0.004016,2116892400.0,2025-10-24 04:00:00,0.0038925557171439564,0.005139224243064456,59.310872252933294,0.00018436502019023753,-0.2185591034639679,0.03171291352680152,0.851428249537055,1
1761292800000,0.004017,0.004189,0.00398,0.004096,3372026951.0,2025-10-24 08:00:00,0.003900533924314782,0.005128843902337447,61.88598609280451,0.00018612466160522056,-0.20137947693567618,0.050112645980782175,1.2955802762148256,1
1761307200000,0.004097,0.004224,0.003958,0.003982,3443617221.0,2025-10-24 12:00:00,0.0039037286723808693,0.005117432520224637,56.40757026083541,0.0001918300429191334,-0.22187542595574763,0.020050401600117777,1.302214756048626,1
1761321600000,0.003982,0.004302,0.003963,0.004241,2000970221.0,2025-10-24 16:00:00,0.003916954998954169,0.005108711798630362,64.16840469973863,0.00020234218271062386,-0.16984943227038057,0.08272880365803323,0.7571631884900584,1
1761336000000,0.00424,0.004267,0.004138,0.004162,1240831062.0,2025-10-24 20:00:00,0.003926564606838319,0.005099291780733543,60.62314683481983,0.00019710345537415073,-0.18380822691395618,0.059959638191527026,0.4981258810877251,1
1761350400000,0.004161,0.004208,0.004086,0.004099,820440936.0,2025-10-25 00:00:00,0.003933326779119169,0.005089338628686443,57.87695783193075,0.00019173892284742567,-0.19459083015312126,0.04212038057970149,0.34365920592172494,1
1761364800000,0.004098,0.004144,0.004089,0.004097,505080949.0,2025-10-25 04:00:00,0.003939745336800771,0.0050794646124806084,57.78746264017732,0.00018197185692975243,-0.1934189304255851,0.039914930980520166,0.22291900010649804,1
1761379200000,0.004097,0.004113,0.004008,0.004056,1033304133.0,2025-10-25 08:00:00,0.0039443043432007404,0.005069280884993239,55.87986022724108,0.0001764738671490558,-0.19988651407991387,0.028318214590058743,0.4722871029951332,1
1761393600000,0.004055,0.004121,0.004005,0.004025,701545683.0,2025-10-25 12:00:00,0.003947468878761496,0.005058890030416192,54.41716885056194,0.00017215430520983754,-0.2043709240959987,0.019640717538178337,0.329467342974042,1
1761408000000,0.004026,0.004127,0.004016,0.004115,487749748.0,2025-10-25 16:00:00,0.003954038726653202,0.005049498089815036,57.86543958415213,0.000167786140551992,-0.18506752021551257,0.040708066985231425,0.236940662909075,1
1761422400000,0.004116,0.004252,0.004082,0.004142,1129637643.0,2025-10-25 20:00:00,0.003961409756980528,0.005040468258075583,58.87065195342853,0.00016794427336970687,-0.17825095052153192,0.04558736765396417,0.5691407322566084,1
1761436800000,0.004141,0.004273,0.004079,0.004249,2204613856.0,2025-10-26 00:00:00,0.003972687805726389,0.00503259295202508,62.67137358795974,0.00016980539670044209,-0.15570362226688086,0.06955295955431577,1.1994331896625996,1
1761451200000,0.004248,0.00454,0.004228,0.004411,3522700916.0,2025-10-26 04:00:00,0.0039898765192273155,0.005026407947527319,67.55925809371459,0.00017996215407898192,-0.12243493841960469,0.10554799847646408,1.9089576879374044,1
1761465600000,0.00441,0.004808,0.004375,0.004764,3167420940.0,2025-10-26 08:00:00,0.004020234302787029,0.005023796923173814,75.18440201576145,0.00019803628593048316,-0.05171326133335932,0.18500555967530427,1.6453708216289704,1
1761480000000,0.004764,0.004802,0.004556,0.004697,3711521351.0,2025-10-26 12:00:00,0.0040467741340502825,0.005020545212495468,71.73780784174787,0.0002014622655068772,-0.06444423838474896,0.16067757784616649,1.8858025512936971,1
1761494400000,0.004696,0.004762,0.004566,0.004611,1678651846.0,2025-10-26 16:00:00,0.004068900638597331,0.00501647013575422,67.46281686403653,0.00020107210368495738,-0.08082777825473056,0.13322993347646517,0.8629484415914652,1
1761508800000,0.00461,0.004811,0.004594,0.004793,1882338787.0,2025-10-26 20:00:00,0.00409729669198567,0.0050142465523138795,71.35342449112034,0.0002022098105646033,-0.04412358865995181,0.16979568733090003,1.0134163482822727,1
1761523200000,0.004793,0.004882,0.004737,0.004786,2572302429.0,2025-10-27 00:00:00,0.004124304664848978,0.005011975442340608,71.00176852993987,0.00019812339552427452,-0.04508710087276012,0.16043803475300544,1.3574593788693086,1
1761537600000,0.004786,0.004965,0.004658,0.004696,2842761860.0,2025-10-27 04:00:00,0.004146724089756861,0.005008831408088462,66.46618599814681,0.00020590029584396919,-0.06245596679163327,0.1324602019217886,1.4397846608547231,1
1761552000000,0.004696,0.004696,0.004526,0.004611,2621414149.0,2025-10-27 08:00:00,0.004164930988197768,0.005004872886614945,62.41121594491542,0.00020333598899797137,-0.07869788015362407,0.10710117720227881,1.276999924628548,1
1761566400000,0.00461,0.00484,0.004543,0.004681,2762025338.0,2025-10-27 12:00:00,0.004185168988660601,0.005001650270827732,64.34062544236636,0.00021002627549811625,-0.06410889475778289,0.11847335500258559,1.3246820225136096,1
1761580800000,0.004681,0.005086,0.004666,0.004779,3628692256.0,2025-10-27 16:00:00,0.004208456479301362,0.004999434845247356,66.90204113431818,0.00022502439867682226,-0.04409195280480737,0.1355707308617228,1.7296939824014128,1
1761595200000,0.004778,0.004871,0.004697,0.004782,2793142242.0,2025-10-27 20:00:00,0.004230948382073858,0.004997271314448875,66.98023275487215,0.000221379798771335,-0.04307777202859688,0.13024304911421217,1.352377246625314,1
1761609600000,0.004781,0.005055,0.004734,0.004855,2573044660.0,2025-10-28 00:00:00,0.00425542099454155,0.004995855679479235,68.9052405500635,0.0002284955274305253,-0.028194505309232107,0.14089769407716252,1.228792996541633,1
1761624000000,0.004854,0.004981,0.004668,0.004901,2221601844.0,2025-10-28 04:00:00,0.004280737818285019,0.0049949118418724766,70.0885952746001,0.00023453156118548776,-0.018801501376903423,0.14489609222633368,1.0366786193034876,1
1761638400000,0.004901,0.005184,0.004896,0.005071,3143855286.0,2025-10-28 08:00:00,0.004311728492077764,0.0049956689379732485,74.02310607348498,0.00023835073538652437,0.01507927425977779,0.17609446172626547,1.3915973009403977,2
1761652800000,0.00507,0.005199,0.004773,0.004811,4958116390.0,2025-10-28 12:00:00,0.004331307766898244,0.004993831436102869,60.841634057021906,0.0002517542542874869,-0.036611455240777684,0.11074997643154678,1.997772706685299,1
1761667200000,0.00481,0.004849,0.004591,0.004604,3566956662.0,2025-10-28 16:00:00,0.004342001579961058,0.004989952516340652,52.782824147491205,0.00025220037898123784,-0.07734592966100774,0.06034047091279298,1.3674334839398106,1
1761681600000,0.004604,0.004696,0.004452,0.004623,3822157473.0,2025-10-28 20:00:00,0.004353021125844939,0.004986301247521342,53.393047311425775,0.0002516146376254351,-0.07285986736199233,0.06202103466765451,1.3825678027687323,1
1761696000000,0.004623,0.004768,0.00455,0.004746,3040158322.0,2025-10-29 00:00:00,0.004368432062086314,0.004983910190332076,57.24525095165463,0.00024921359208076113,-0.04773564956960506,0.08643099687656909,1.0511738039761578,1
1761710400000,0.004746,0.004969,0.004733,0.004908,3560206034.0,2025-10-29 04:00:00,0.004389591589063321,0.0049831548650551396,61.73160333392314,0.0002482697640749925,-0.015081783948191206,0.11809946333692987,1.1813467762390344,1
1761724800000,0.004908,0.005043,0.004795,0.005017,1676922551.0,2025-10-29 08:00:00,0.004414195840472602,0.004983491632567029,64.43568402864378,0.000248250495212493,0.006723873521527441,0.13656035692853602,0.5613506491403947,2
1761739200000,0.005016,0.005101,0.004823,0.00487,3117905469.0,2025-10-29 12:00:00,0.004432070513395245,0.004982362362591237,58.43841752980197,0.00025037545984017207,-0.022552025407642028,0.09880923267831163,1.0508401195123074,1
1761753600000,0.004869,0.005338,0.004698,0.005192,6146038923.0,2025-10-29 16:00:00,0.004461871669732687,0.004984448309232121,65.9207945242927,0.0002782057841373026,0.0416398521745034,0.1636372321553244,1.9724188957378728,2
1761768000000,0.005193,0.005485,0.00512,0.005225,3679790368.0,2025-10-29 20:00:00,0.00449179827091964,0.00498684185839399,66.58474403430338,0.0002844053709846382,0.04775730780496581,0.16323122385686428,1.1815391315085237,2
1761782400000,0.005226,0.005412,0.005129,0.005292,2325743037.0,2025-10-30 00:00:00,0.004523178730883576,0.0049898782578129556,67.95001534976625,0.00028430498734287833,0.06054691649320179,0.16997366561419058,0.7390916354799094,2
1761796800000,0.005293,0.0053,0.004917,0.005126,5196383332.0,2025-10-30 04:00:00,0.004546818780652847,0.004991232703008847,61.27051921552782,0.0002913546311041013,0.027000804212136166,0.1273816369835598,1.5687379986815655,2
1761811200000,0.005127,0.005132,0.004845,0.004858,2480939136.0,2025-10-30 08:00:00,0.004559021965725284,0.004989907004471447,52.32730029535637,0.0002910435860252369,-0.02643476208138643,0.06557942394716061,0.7500059134474363,2
1761825600000,0.004859,0.004874,0.004287,0.004297,7125554246.0,2025-10-30 12:00:00,0.0045487465945203715,0.00498301240741203,39.37211123233551,0.0003121833298805771,-0.13767021859941875,-0.05534416773702835,2.0231370598766305,0
1761840000000,0.004296,0.004479,0.004118,0.004189,5698859140.0,2025-10-30 16:00:00,0.004534638884931337,0.0049751117864427555,37.449855560538204,0.00031567023488910734,-0.15800886898359154,-0.0762219205767188,1.5503283423190202,1
1761854400000,0.004189,0.004468,0.004175,0.004414,3653430096.0,2025-10-30 20:00:00,0.004529907948267364,0.004969528584587604,43.62506828037321,0.00031405093239702826,-0.11178697840887943,-0.02558726349211945,0.9819795107795927,0
1761868800000,0.004415,0.004514,0.004319,0.004437,2595160535.0,2025-10-31 00:00:00,0.004526264499315702,0.0049642297927011605,44.2311694809096,0.00030554729436866907,-0.10620575894297626,-0.019721450067533026,0.7073598305972475,0
1761883200000,0.004438,0.004545,0.004266,0.004326,2466653425.0,2025-10-31 04:00:00,0.004518410989538616,0.004957879247500154,41.8904265315272,0.0003036510590566213,-0.12744950329695065,-0.042583773362826184,0.6753377378451181,2
1761897600000,0.004325,0.004518,0.00427,0.004435,3196944908.0,2025-10-31 08:00:00,0.004515139970341023,0.004952676468918063,44.97015074267579,0.0002996759834097198,-0.10452458830430168,-0.017749166330932306,0.8678697870247898,2
1761912000000,0.004435,0.004524,0.004288,0.004406,3607002751.0,2025-10-31 12:00:00,0.004510859971504121,0.0049472369020631575,44.29748487486373,0.0002951276988804541,-0.1094018565873496,-0.023246115411814875,0.9611141676096354,2
1761926400000,0.004405,0.004706,0.00416,0.004697,4516727857.0,2025-10-31 16:00:00,0.004518159580464744,0.004944746982639644,52.048474423888294,0.0003130471489604217,-0.05010306563904104,0.03958258143614754,1.1818998591009824,2
1761940800000,0.004696,0.004773,0.004565,0.004614,2815022323.0,2025-10-31 20:00:00,0.004521918028289656,0.004941455967887011,49.915019940338816,0.00030554378117753447,-0.06626710224983197,0.020363476545631372,0.7578616283021756,2
1761955200000,0.004614,0.004757,0.004487,0.004614,2820273187.0,2025-11-01 00:00:00,0.004525529086003788,0.004938197699549827,49.91501994033882,0.00030300493966485347,-0.0656510166815276,0.019549297400347814,0.7669843227045736,2
1761969600000,0.004614,0.004623,0.004508,0.004583,1807621944.0,2025-11-01 04:00:00,0.0045277828473369724,0.00493466339408167,49.04422436042925,0.0002895760154030783,-0.07126390718026135,0.012195185706731481,0.5054352657477771,2
1761984000000,0.004582,0.004624,0.004427,0.004533,1342271837.0,2025-11-01 08:00:00,0.004527987441559052,0.00493066674339429,47.60177328302558,0.0002829634428742869,-0.08065171792984226,0.0011070168602812318,0.38444290077463383,2
1761998400000,0.004532,0.004683,0.004447,0.004517,2279716810.0,2025-11-01 12:00:00,0.004527556561497913,0.004926550656395342,47.12414355048703,0.0002796089112404092,-0.08313131944836259,-0.002331624432411274,0.6651353274049856,2
1762012800000,0.004517,0.00465,0.004492,0.004597,1712478938.0,2025-11-01 16:00:00,0.004530279833596034,0.004923271545386433,49.834509739103495,0.00027092256043752277,-0.06627128777655573,0.014727603780494352,0.49937769671521265,2
1762027200000,0.004597,0.004687,0.00448,0.004659,1227070674.0,2025-11-01 20:00:00,0.004535327683258934,0.004920641977770647,51.8926200421827,0.000266356663263414,-0.05317232567470541,0.027268661798699165,0.3679720807764813,2
1762041600000,0.004659,0.004739,0.004603,0.004717,1357285406.0,2025-11-02 00:00:00,0.004542452087837015,0.004918615689434622,53.802064970382034,0.000257045473030313,-0.04099033186668766,0.03842592256071529,0.4385064023483319,2
1762056000000,0.004716,0.004826,0.004616,0.004688,2198345896.0,2025-11-02 04:00:00,0.004548159849098309,0.00491632100595766,52.67625520108754,0.0002536850820995764,-0.04644143571605221,0.030746533882140215,0.7276461722157391,2
1762070400000,0.004689,0.004697,0.00444,0.004555,2138435529.0,2025-11-02 08:00:00,0.004548428090310141,0.004912725772067535,47.74217097678634,0.00025392186194960663,-0.07281614905140221,0.0014448749236818804,0.710017003424429,2
1762084800000,0.004555,0.004566,0.004282,0.004307,3057306065.0,2025-11-02 12:00:00,0.0045389603220626846,0.004906698649957411,40.18381188823333,0.00025607030038177756,-0.12222039557343024,-0.051104285035316735,1.0524814588009648,2
1762099200000,0.004307,0.004323,0.00421,0.004261,1933992309.0,2025-11-02 16:00:00,0.004528059917275912,0.00490027378776878,38.95199570618621,0.00024585099321165055,-0.1304567490421505,-0.05897888326455186,0.6721067377741723,2
1762113600000,0.004261,0.004384,0.004234,0.004357,932266758.0,2025-11-02 20:00:00,0.004521351685225877,0.004894868078437748,42.88685267991777,0.00023900449369653267,-0.10988408059598097,-0.03635012196970171,0.3630543775614131,2
1762128000000,0.004356,0.004374,0.00413,0.004169,2645630549.0,2025-11-03 00:00:00,0.004507533972079764,0.0048876455104930935,37.75469755318519,0.0002393613155753518,-0.1470330671384129,-0.07510403120124805,1.0954166889535233,2
1762142400000,0.004169,0.004253,0.004045,0.004184,1939148970.0,2025-11-03 04:00:00,0.004494846365331538,0.004880644062627491,38.38821341719163,0.0002371212216056838,-0.14273609255014036,-0.0691561713274731,0.8324429048006332,2
1762156800000,0.004185,0.00427,0.004049,0.004104,2238412817.0,2025-11-03 08:00:00,0.004479519056887165,0.004872916261009307,36.26809984108028,0.00023596970577670644,-0.15779385891807718,-0.08383021751181349,0.968326411894932,2
1762171200000,0.004103,0.004193,0.003589,0.00381,7146407463.0,2025-11-03 12:00:00,0.004453263407597472,0.004862339979805235,29.762680512543124,0.0002622575839355131,-0.216426655514818,-0.144447644058071,2.8073367815449073,0
1762185600000,0.003811,0.003953,0.003776,0.003854,4200000527.0,2025-11-03 16:00:00,0.004429762881809336,0.004852306746175331,31.736153907926983,0.0002561677565115479,-0.20573858958158683,-0.1299760048497598,1.6180166276039587,0
1762200000000,0.003855,0.003958,0.003762,0.003874,1938316601.0,2025-11-03 20:00:00,0.004407968258993283,0.004842572350691,32.662308686881616,0.0002518700596178659,-0.2000119524394493,-0.12113704718809255,0.7715194625015821,0
1762214400000,0.003874,0.003933,0.00381,0.003917,1544165805.0,2025-11-04 00:00:00,0.00438871460177786,0.004833362675559747,34.713194041900465,0.00024266505535944688,-0.1895911267311683,-0.10748354463212742,0.653280974228873,2
1762228800000,0.003917,0.004009,0.003668,0.00378,3636654754.0,2025-11-04 04:00:00,0.004364843440923826,0.0048228814549074114,31.428851352039057,0.0002496889799766293,-0.21623617844603077,-0.13398955743531624,1.5122545167500994,1
1762243200000,0.003779,0.003959,0.003716,0.003884,2959196193.0,2025-11-04 08:00:00,0.004345986835397402,0.004813539350878482,36.351928001877184,0.0002492111956925843,-0.19310932831760044,-0.10630194082379392,1.2269982429294763,0
1762257600000,0.003884,0.003978,0.00371,0.003839,3972745866.0,2025-11-04 12:00:00,0.00432610499871515,0.004803842441914517,35.17514882603748,0.000250553253143114,-0.20084806143849923,-0.11259666579054836,1.5764911539880067,0
1762272000000,0.003839,0.003892,0.003583,0.003628,5338473230.0,2025-11-04 16:00:00,0.00429872833209887,0.004792142517119348,30.23312153047248,0.0002547280207757487,-0.24292735722291023,-0.1560294766920952,1.9628164604439644,1
1762286400000,0.003629,0.003816,0.003412,0.003752,7112481085.0,2025-11-04 20:00:00,0.004277288005349895,0.004781792840332092,35.93013104878492,0.0002653903050060524,-0.21535705847528383,-0.12280865929366487,2.4016962124814105,1
1762300800000,0.003753,0.003959,0.003558,0.003921,3564936204.0,2025-11-05 00:00:00,0.004263315926708723,0.0047732277374432155,42.78722879009023,0.00027507671179133434,-0.17854328021225155,-0.08029335207465861,1.1672763340904113,0
1762315200000,0.00392,0.003965,0.003859,0.003915,1673422019.0,2025-11-05 04:00:00,0.004249656478602499,0.004764688157966168,42.612856935995275,0.00026299980380623905,-0.17833027677699312,-0.07874906602157893,0.543957952203354,0
1762329600000,0.003916,0.003972,0.003809,0.003949,1512960177.0,2025-11-05 08:00:00,0.0042378660284612246,0.004756571857886903,44.00543782018113,0.000255856960677222,-0.16978022870565126,-0.06816308644993008,0.49055747860976145,0
1762344000000,0.003949,0.004258,0.003898,0.004235,4881212801.0,2025-11-05 12:00:00,0.004237753635188236,0.004751382088156685,54.09624366079298,0.0002632957492002776,-0.108680396266977,-0.0006497865202381765,1.5167014366156748,2
1762358400000,0.004236,0.004327,0.004154,0.004168,2348391198.0,2025-11-05 16:00:00,0.004235018198514188,0.004745577291259604,51.74373503802058,0.00025684605282882923,-0.12170854161903233,-0.01582477226135667,0.7273249453248507,2
1762372800000,0.004167,0.00423,0.004105,0.004153,1618321488.0,2025-11-05 20:00:00,0.004231801798572455,0.004739680999804285,51.20683530206879,0.00024742847762677,-0.12378069322144489,-0.018621334912007983,0.5126369581083551,2
1762387200000,0.004153,0.004169,0.004026,0.004057,1751881453.0,2025-11-06 00:00:00,0.004224946826079418,0.004732888154035088,47.789169765690026,0.0002399693006534293,-0.1428067032302148,-0.039751228356941455,0.5565501487264115,0
1762401600000,0.004058,0.004119,0.003894,0.003894,1859720545.0,2025-11-06 04:00:00,0.004211968519174342,0.004724541008223794,42.59131941705223,0.0002389000648924701,-0.17579295147996574,-0.0754916656491708,0.5822317957673075,0
1762416000000,0.003893,0.003945,0.003883,0.003929,1280124027.0,2025-11-06 08:00:00,0.004200871714500839,0.0047166251772961946,43.999794062070485,0.00022626434597157935,-0.1669891389902007,-0.06471792832006137,0.40952847235062306,0
1762430400000,0.003929,0.003957,0.003739,0.003749,3859186993.0,2025-11-06 12:00:00,0.004183151255108649,0.0047069970660793175,38.73625081113223,0.00022567403554503795,-0.20352616596748355,-0.10378569375860941,1.197816881440032,1
1762444800000,0.00375,0.003815,0.003651,0.003704,3306201500.0,2025-11-06 16:00:00,0.004164361009810271,0.004697016995770071,37.527594102860206,0.00022126874729182092,-0.21141439272294282,-0.11054781483300005,1.009453201470292,1
1762459200000,0.003705,0.003737,0.003658,0.003702,1502621827.0,2025-11-06 20:00:00,0.004146229205503986,0.004687116329145493,37.471632497818874,0.00021110669391383372,-0.21017535302459395,-0.10714053263487841,0.5020368748331459,1
1762473600000,0.003702,0.003826,0.003662,0.003774,1771862166.0,2025-11-07 00:00:00,0.004131631981758731,0.00467803059452713,40.889024138031424,0.00020774193006284562,-0.1932502526992371,-0.08655949594196337,0.6170201778151833,1
1762488000000,0.003773,0.003894,0.003733,0.003881,1178380972.0,2025-11-07 04:00:00,0.004121803276591722,0.004670099941845269,45.64352481635012,0.00020440322077264236,-0.16896853422230546,-0.058421826669719165,0.4158531269772929,1
1762502400000,0.00388,0.00395,0.003631,0.003726,2560053943.0,2025-11-07 08:00:00,0.004106281579470478,0.004660705912573177,40.55477203366545,0.00021258870500316792,-0.20055028789772436,-0.09260971808940513,0.887538891734728,1
1762516800000,0.003725,0.004063,0.003609,0.003964,4423630410.0,2025-11-07 12:00:00,0.004100701909687323,0.004653773515433146,49.80806043404773,0.0002298323689315131,-0.14821811013055844,-0.033336222114654195,1.512978052482034,1
1762531200000,0.003964,0.004248,0.003922,0.004237,4192930538.0,2025-11-07 16:00:00,0.00410604693283684,0.0046496265152795825,57.90279694691579,0.00023670148543640502,-0.08874401286288494,0.031892735106338756,1.4044424550603027,2
1762545600000,0.004237,0.004335,0.004159,0.004183,1784284536.0,2025-11-07 20:00:00,0.004109064700176572,0.0046449834653763036,55.97964039484402,0.00023236566504809038,-0.09945858124575194,0.017993218705037898,0.620393297756159,2
1762560000000,0.004182,0.004212,0.004018,0.004037,1859188742.0,2025-11-08 00:00:00,0.004106238633502981,0.004638933878656141,51.04337752003662,0.00022962526040179823,-0.12975694295313314,-0.01686181434709129,0.688055910704314,1
1762574400000,0.004038,0.004097,0.003846,0.003897,2347868870.0,2025-11-08 04:00:00,0.00409803319689502,0.004631551452002846,46.78328750953449,0.00023115202751595548,-0.1585972777405291,-0.049056019616273094,0.9529233817814725,1
1762588800000,0.003897,0.003904,0.003781,0.003811,2135882779.0,2025-11-08 08:00:00,0.004086776993095216,0.004623386760938141,44.335433943955636,0.00022342688269338723,-0.17571248155179162,-0.06748031359703566,0.8927759198240804,1
1762603200000,0.00381,0.003852,0.003659,0.003689,2489977279.0,2025-11-08 12:00:00,0.004071177895326777,0.004614089380232289,41.05377210277478,0.00022125353392957384,-0.20049229739579016,-0.09387403477639016,1.0233200605381518,1
1762617600000,0.00369,0.003794,0.003669,0.003755,2319274648.0,2025-11-08 16:00:00,0.004058778762176707,0.004605541227195152,43.49064028946919,0.00021437828150603285,-0.18467780120451663,-0.07484486836473728,0.9376300466963413,1
1762632000000,0.003755,0.003811,0.003714,0.003778,1221558941.0,2025-11-08 20:00:00,0.004047767830326641,0.004597306986128534,44.35397411455081,0.00020599411854131623,-0.17821454790829297,-0.06664607300485197,0.5332997746284903,1
1762646400000,0.003779,0.003782,0.00368,0.003746,1568167530.0,2025-11-09 00:00:00,0.004035933797764812,0.0045888362698486476,43.36138760678775,0.0001985659672169365,-0.18367102687593742,-0.07183809554194952,0.6964817034584,1
1762660800000,0.003747,0.003845,0.003744,0.003813,1263453323.0,2025-11-09 04:00:00,0.004027191295891682,0.004581116505969557,46.08207418082975,0.0001915969695585839,-0.16767015310975833,-0.05318627305094452,0.565604003960778,1
1762675200000,0.003813,0.003837,0.00371,0.003781,1074281305.0,2025-11-09 08:00:00,0.004017536735268478,0.004573155147701203,44.97096190809653,0.00018698290030439934,-0.17321851590786216,-0.05887606034613431,0.4883246570793479,1
1762689600000,0.00378,0.004005,0.003763,0.003944,2419748397.0,2025-11-09 12:00:00,0.004014652941728538,0.00456689489747532,51.39919607115175,0.00019091269313979939,-0.1363935258986736,-0.017598767005278904,1.0860952192409046,1
1762704000000,0.003945,0.004193,0.003943,0.004157,2289507530.0,2025-11-09 16:00:00,0.00402023517930781,0.004562816341281536,58.260731133789136,0.0001951332150583851,-0.08893988075083385,0.034019109478002574,1.0048737725533272,1
1762718400000,0.004158,0.004228,0.004086,0.00412,2544124901.0,2025-11-09 20:00:00,0.004024147525217308,0.004558410208532466,56.76160120063405,0.0001913379854113576,-0.09617612028681541,0.023819324262352098,1.1498090041912676,1
1762732800000,0.004121,0.004482,0.004086,0.004402,3949430680.0,2025-11-10 00:00:00,0.004038965269326433,0.004556853888049556,64.3012113825734,0.00020595670073911775,-0.033982631845112285,0.0898831028408692,1.7593596344646896,1
1762747200000,0.004402,0.004513,0.004353,0.004431,2808639194.0,2025-11-10 04:00:00,0.004054339180333239,0.004555601610556526,64.97754266793542,0.00020267407925775215,-0.027351296537386202,0.09290313486692589,1.2158019990714615,1
1762761600000,0.00443,0.004563,0.004358,0.004458,2015829639.0,2025-11-10 08:00:00,0.004070169016398602,0.004554630450252482,65.63041864646691,0.00020284021645362702,-0.021215870597607944,0.09528621097522907,0.8680275348970248,2
1762776000000,0.004458,0.004649,0.004403,0.004426,4290047663.0,2025-11-10 12:00:00,0.0040841231726182654,0.004553350545274845,64.1051446820899,0.00020592305813551086,-0.027968535259601322,0.08370874553290299,1.731328131708494,1
1762790400000,0.004426,0.004467,0.004314,0.004344,2451524027.0,2025-11-10 16:00:00,0.004094314420750883,0.00455126745527211,60.24158496158549,0.00020214283969726007,-0.04554060101038787,0.060983489197521244,0.9915293045488908,1
1762804800000,0.004343,0.004589,0.004342,0.004506,3182467619.0,2025-11-10 20:00:00,0.004110458953270456,0.004550817032831592,64.76028006700449,0.0002053469225760272,-0.009848128920205465,0.09622795196989736,1.3203016921904938,2
1762819200000,0.004507,0.004832,0.004386,0.004816,3952538234.0,2025-11-11 00:00:00,0.004138127229612791,0.00455345566932083,71.44767306574622,0.00022253642810631102,0.057658259955856675,0.1638114859147621,1.647996604818438,2
1762833600000,0.004815,0.004864,0.004243,0.004298,4573611954.0,2025-11-11 04:00:00,0.004144396750020132,0.004550913821864901,53.259963460559234,0.0002509981118130031,-0.05557429381540358,0.03706287289679054,1.802155701781015,2
1762848000000,0.004298,0.004446,0.00428,0.004396,1714885932.0,2025-11-11 08:00:00,0.00415426354413699,0.0045493723908015685,55.56458775269945,0.0002449268181120743,-0.03371286797969634,0.05818996635497,0.6776488316289484,2
1762862400000,0.004396,0.00457,0.004331,0.004569,3569406751.0,2025-11-11 12:00:00,0.004170527718876716,0.004549567690395583,59.37289256161109,0.0002445034739612119,0.0042712430997433465,0.095544810629051,1.3772358205154411,2
1762876800000,0.004569,0.004597,0.004346,0.004384,2349100900.0,2025-11-11 16:00:00,0.004178899180881551,0.004547920250690154,54.03927010573507,0.00024496751153541105,-0.03604290349314699,0.049080107042731386,0.9026744606992748,2
1762891200000,0.004385,0.004433,0.004086,0.004101,3575973910.0,2025-11-11 20:00:00,0.004175844311043058,0.004543473283021596,47.07292984201325,0.00025225554642573886,-0.09738657090271992,-0.01792315648481725,1.3460317847438854,2
1762905600000,0.004102,0.004194,0.004013,0.004162,3327827453.0,2025-11-12 00:00:00,0.004175301396884507,0.00453967752896168,48.61071569419007,0.0002471658645381861,-0.08319479226271446,-0.0031857333447670253,1.2292932346954257,2
1762920000000,0.004162,0.004328,0.00413,0.004204,2518047680.0,2025-11-12 04:00:00,0.004176426832300801,0.0045363374540466385,49.694487195028366,0.0002436540170711728,-0.07326118425122378,0.006602095237475858,0.9084093089875842,2
1762934400000,0.004204,0.004515,0.004204,0.004484,2406984694.0,2025-11-12 08:00:00,0.00418848852515175,0.004535816683359607,56.3096972046372,0.0002484644444232319,-0.011423892757770688,0.07055324923864838,0.8553996220555251,2
1762948800000,0.004484,0.004564,0.004193,0.004244,3157225690.0,2025-11-12 12:00:00,0.004190665445734034,0.004532913034768965,50.214408253086845,0.0002572169841072868,-0.06373672571101732,0.012726989294804923,1.085494356175254,2
1762963200000,0.004243,0.004308,0.003911,0.003919,4814398733.0,2025-11-12 16:00:00,0.004180011898842504,0.004526804447358328,43.36834703059471,0.0002672014852424806,-0.1342678824381336,-0.06244286024993888,1.5552563279403466,0
1762977600000,0.003919,0.004039,0.003877,0.003921,2787809919.0,2025-11-12 20:00:00,0.004169854569476132,0.0045207765424094895,43.41946937520629,0.0002596870934394463,-0.13267113222318655,-0.059679436136161446,0.8952593234231028,0
1762992000000,0.00392,0.004052,0.00382,0.003899,3729908718.0,2025-11-13 00:00:00,0.004159232821653538,0.0045145897111417334,42.96006636386608,0.0002577094439080573,-0.13635562709552437,-0.06256750530980865,1.170722330435392,0
1763006400000,0.003899,0.004022,0.003854,0.003891,2759340745.0,2025-11-13 04:00:00,0.004148713887471047,0.0045083848383940545,42.782798299483396,0.00025130162648605325,-0.13694146806996518,-0.06211898300563293,0.8631706386716503,2
1763020800000,0.003891,0.003947,0.003866,0.003905,1934157167.0,2025-11-13 08:00:00,0.004139156480119242,0.004502381009156303,43.22431856930891,0.0002391372245941923,-0.132681132036901,-0.05657106254472799,0.6247305253162395,2
1763035200000,0.003905,0.003982,0.00379,0.003829,2524900120.0,2025-11-13 12:00:00,0.0041269934808988796,0.0044956807006074845,41.35854258458542,0.00023577027998032145,-0.14829360557510202,-0.07220594902271936,0.8192941235941726,2
1763049600000,0.003828,0.003835,0.003506,0.00353,5342913601.0,2025-11-13 16:00:00,0.004103581971844022,0.00448607193741736,34.96418359194819,0.0002424295456960128,-0.2131200637785074,-0.13977592644171602,1.6449079382515175,0
1763064000000,0.00353,0.003697,0.003514,0.003628,3472147689.0,2025-11-13 20:00:00,0.004084931698438375,0.004477533908189327,38.329668460729195,0.00023818457814629758,-0.18973254599714928,-0.11185785520307591,1.0825905070816864,0
1763078400000,0.003628,0.003767,0.003581,0.003707,2044008584.0,2025-11-14 00:00:00,0.004070110847519223,0.004469866904127742,40.98104997381703,0.0002344571082787049,-0.17066881866734446,-0.08921399468531513,0.6413817856802185,0
1763092800000,0.003706,0.003742,0.003529,0.003646,3211884976.0,2025-11-14 04:00:00,0.004053479049577293,0.004461669223489655,39.56652293232679,0.00023292445768736885,-0.18281705402887014,-0.10052575690992809,1.0073803931172884,2
1763107200000,0.003646,0.003659,0.003577,0.003641,1587343268.0,2025-11-14 08:00:00,0.004037303400574262,0.004453503360569361,39.44633532539685,0.00022214413928112824,-0.1824413938390934,-0.09816042076944034,0.5170341061841055,2
1763121600000,0.003641,0.003641,0.003439,0.003584,3945193985.0,2025-11-14 12:00:00,0.004019526796630173,0.004444851585837328,38.028170313903516,0.0002207052721896191,-0.1936738649677905,-0.10835275361152044,1.2983279054929755,2
1763136000000,0.003585,0.00367,0.003511,0.003645,2040492496.0,2025-11-14 16:00:00,0.004004839471272127,0.004436892863590191,40.493768022837514,0.00021629775274750347,-0.17847914924621755,-0.08985115979138733,0.6679291824085235,2
1763150400000,0.003645,0.003645,0.003437,0.003476,1728257758.0,2025-11-14 20:00:00,0.003984100668477142,0.004427331740569394,36.19699891550237,0.0002157050561226818,-0.21487699506498786,-0.12753208584745804,0.5833001947492684,2
1763164800000,0.003476,0.003695,0.003468,0.003636,1340441131.0,2025-11-15 00:00:00,0.003970449661870195,0.004419457792902037,42.42573836788066,0.0002165118378282045,-0.17727464083044897,-0.08423470648225262,0.46024315836096863,2
1763179200000,0.003637,0.003671,0.003608,0.003615,798482440.0,2025-11-15 04:00:00,0.003956510459443913,0.004411453237748783,41.848280017057235,0.0002055467065547613,-0.1805421467314981,-0.08631607648824778,0.28788786995097604,2
1763193600000,0.003616,0.003618,0.003481,0.003503,1455126515.0,2025-11-15 08:00:00,0.003938725735544152,0.004402413902049791,38.81395196477116,0.00020065051322942123,-0.20430016851232868,-0.11062606660119602,0.5429671171771913,2
1763208000000,0.003503,0.003616,0.003494,0.00358,940372482.0,2025-11-15 12:00:00,0.00392465805964046,0.0043942306791438235,41.931293983823366,0.0001950326194273197,-0.185295388111593,-0.0878186212411164,0.36153300369232794,2
1763222400000,0.00358,0.003628,0.003535,0.003574,876533559.0,2025-11-15 16:00:00,0.003910906763183971,0.00438606917984886,41.75278392351501,0.00018774457518251118,-0.1851473714960518,-0.08614543469956998,0.3472042969929778,2
1763236800000,0.003575,0.003612,0.003507,0.003591,674381459.0,2025-11-15 20:00:00,0.003898361399921855,0.004378158043730961,42.499708641191766,0.00018183424838376039,-0.1797920577257562,-0.07884374186754885,0.280944892378546,2
1763251200000,0.003591,0.003604,0.003466,0.003594,1117381563.0,2025-11-16 00:00:00,0.003886425658748449,0.004370355476131648,42.639497199142404,0.00017870323064206323,-0.17764126519493723,-0.07524282835314006,0.5043350823408395,2
1763265600000,0.003594,0.003661,0.003556,0.003632,812481448.0,2025-11-16 04:00:00,0.0038764481819347843,0.004363008655473622,44.48066290377925,0.00017343871416763013,-0.16754691846795533,-0.0630598347925748,0.3838275942581144,2
1763280000000,0.003633,0.003691,0.003534,0.00355,1218737536.0,2025-11-16 08:00:00,0.0038636462924471456,0.004354919017110701,41.393053657934566,0.00017226452029851368,-0.18482984734001548,-0.0811788317839232,0.6120529488224172,2
1763294400000,0.003549,0.003582,0.003352,0.003365,2554016748.0,2025-11-16 12:00:00,0.0038440915358805908,0.0043450690766419385,35.41946118137501,0.00017638848313433417,-0.22555891732781824,-0.12463062635443779,1.2892805675525265,2
1763308800000,0.003365,0.003449,0.003275,0.003372,3414299297.0,2025-11-16 16:00:00,0.003825578142316646,0.004335386797272367,35.7970110874867,0.00017621787719616743,-0.22221472784815585,-0.11856460002721934,1.661483902384552,2
1763323200000,0.003372,0.003447,0.003286,0.003422,2030810490.0,2025-11-16 20:00:00,0.003809751548500307,0.004326298371428861,38.56000861481034,0.00017513088596786977,-0.20902357946481512,-0.10177869700005597,1.0002685061584016,2
1763337600000,0.003421,0.003474,0.003369,0.003442,1347693790.0,2025-11-17 00:00:00,0.0037953299191473538,0.004317499382658425,39.67827097114262,0.00017012153697016478,-0.20277927222756223,-0.09309596969813141,0.7362417806448878,2
1763352000000,0.003443,0.003446,0.003327,0.003393,865397863.0,2025-11-17 04:00:00,0.0037795522752592224,0.004308300383826002,37.860138490400104,0.000166469998615153,-0.2124504566260457,-0.10227462067123025,0.5090076030627538,2
1763366400000,0.003393,0.003484,0.003361,0.003426,1318147266.0,2025-11-17 08:00:00,0.0037656874801510177,0.004299521275529227,39.85883639105702,0.00016336499871407066,-0.20316710153311324,-0.09020596688958245,0.7922158899474494,2
1763380800000,0.003425,0.003432,0.003083,0.003099,7349063364.0,2025-11-17 12:00:00,0.0037395428730862723,0.004287575790200578,29.67369608869189,0.00017662464166306563,-0.2772139428805233,-0.1712890839402591,3.928441125789215,0
1763395200000,0.003099,0.003131,0.002856,0.002934,8153577080.0,2025-11-17 16:00:00,0.003707952956494654,0.004274107374377687,26.055715164713124,0.00018365145297284666,-0.31354087695862054,-0.208727825184254,3.7077819028778793,1
1763409600000,0.002934,0.00299,0.002863,0.00289,3115025508.0,2025-11-17 20:00:00,0.0036758763699654517,0.004260335161697311,25.174251115985868,0.00017960492061764333,-0.3216496143348899,-0.21379292741905725,1.443788434094824,1
1763424000000,0.002891,0.00304,0.002764,0.003009,6313503953.0,2025-11-18 00:00:00,0.003649724355457003,0.00424788406556102,31.885736367345444,0.0001864902834306688,-0.29164733463539094,-0.17555417698846304,2.662592666830702,1
1763438400000,0.00301,0.003101,0.002944,0.003072,3066156116.0,2025-11-18 04:00:00,0.0036270684983802574,0.004236183726600214,35.199519374031155,0.00018438383461419247,-0.2748189884423497,-0.15303501950077167,1.2576101909018051,2
1763452800000,0.003071,0.003127,0.00305,0.003092,1996707669.0,2025-11-18 08:00:00,0.003606085420012404,0.0042247988138977245,36.25968648080378,0.00017671356071317871,-0.2681308303181955,-0.1425605220440495,0.8080909244298609,2
1763467200000,0.003091,0.003187,0.003061,0.003136,2314859215.0,2025-11-18 12:00:00,0.0035876506976589766,0.004213964994853966,38.638178537340345,0.00017309116351938027,-0.25580777158100787,-0.12589037666172154,0.9089593636058727,2
1763481600000,0.003136,0.003208,0.003113,0.003132,1587778223.0,2025-11-18 16:00:00,0.0035697820428488205,0.004203199174009649,38.4975373716032,0.000167513223267996,-0.25485329856205147,-0.1226355104020452,0.6218421158255256,2
1763496000000,0.003132,0.003183,0.003121,0.003121,1466712854.0,2025-11-18 20:00:00,0.003552182747050828,0.004192431023024479,38.0869651540452,0.00015997656446313914,-0.25556318449612403,-0.12138529398827073,0.5685675655423519,2
1763510400000,0.003121,0.003125,0.003037,0.003059,1531440422.0,2025-11-19 00:00:00,0.003532842247166482,0.00418115310239737,35.7713037062219,0.00015483538128720063,-0.2683836431997563,-0.13412493794381208,0.5862178014519939,1
1763524800000,0.003058,0.003077,0.002969,0.003051,1946428489.0,2025-11-19 04:00:00,0.0035139464727677967,0.004169907797895904,35.47162029428943,0.00015148999690954345,-0.2683291459011383,-0.13174545382393152,0.7273619313310428,1
1763539200000,0.003051,0.0031,0.003048,0.00307,770352087.0,2025-11-19 08:00:00,0.0034965368071690596,0.004158963441697935,36.82531069134193,0.0001443835685588618,-0.26183530030101826,-0.12198836468545618,0.2897520707077327,1
1763553600000,0.003071,0.003083,0.00294,0.002948,1973995903.0,2025-11-19 12:00:00,0.003475025559829097,0.004146914054218354,32.16004719084177,0.0001442847422332288,-0.2891099353744227,-0.1516609160869067,0.7266059303880436,1
1763568000000,0.002948,0.002998,0.002879,0.002902,2378972077.0,2025-11-19 16:00:00,0.0034525539692475634,0.004134526849698768,30.586629373742394,0.00014247868921656959,-0.29810590050674535,-0.15946281336988022,0.8573654264655763,1
1763582400000,0.002902,0.003227,0.002892,0.003201,3239862408.0,2025-11-19 20:00:00,0.0034426891077084434,0.004125238025323657,48.294373294133,0.00015623021141538603,-0.2240447750287436,-0.07020358218442763,1.1533703067342493,2
1763596800000,0.0032,0.003264,0.003145,0.003186,1747297657.0,2025-11-20 00:00:00,0.003432622868190465,0.004115892373330387,47.63780993770729,0.00015357091060000134,-0.22592728113003635,-0.07184677072330822,0.6410480355552135,2
1763611200000,0.003187,0.003402,0.003162,0.003268,2881374610.0,2025-11-20 04:00:00,0.0034261670694378976,0.004107455633297249,51.518123349661124,0.00015974441698571554,-0.20437363376299655,-0.04616443571849714,1.0408773116068955,2
1763625600000,0.003269,0.003284,0.003159,0.003188,1882097745.0,2025-11-20 08:00:00,0.0034168271843619015,0.004098306821025635,47.79671069439178,0.0001572626729153073,-0.22211778199608379,-0.06697066372253051,0.6733952826716484,2
1763640000000,0.003188,0.003225,0.003021,0.003025,2611597494.0,2025-11-20 12:00:00,0.0034014614124261407,0.004087627151164684,41.257400258591865,0.00016060105342135682,-0.25996185852271547,-0.11067637311740788,0.9060975810222116,2
1763654400000,0.003025,0.003034,0.002831,0.002905,4486086441.0,2025-11-20 16:00:00,0.0033819923374290373,0.004075859716824737,37.2201104347702,0.0001636295496055456,-0.2872669321742224,-0.14103885811629097,1.4753735569980457,2
1763668800000,0.002905,0.003028,0.002872,0.002952,1857404219.0,2025-11-20 20:00:00,0.003365129892823977,0.004064677033075238,39.70864902244364,0.00016308458177657806,-0.2737430364137474,-0.1227678889022864,0.6714978004980253,2
1763683200000,0.002952,0.00302,0.002909,0.002914,1919741545.0,2025-11-21 00:00:00,0.003347438524477939,0.004053227510358071,38.383871264346716,0.0001593642545068225,-0.2810667566641058,-0.1294836398961314,0.7821729221013484,2
1763697600000,0.002914,0.002959,0.0025,0.002736,5287624340.0,2025-11-21 04:00:00,0.0033234605431258627,0.004040120768961474,32.85452052594164,0.00018076680775633514,-0.3227925211989893,-0.17676170229881225,2.063060871595331,0
1763712000000,0.002736,0.002766,0.002654,0.00266,3905580089.0,2025-11-21 08:00:00,0.003297442482611123,0.004026388223996683,30.813511913192862,0.0001758548929165969,-0.33935829035392306,-0.19331420820003384,1.598941506772994,0
1763726400000,0.002661,0.002782,0.002593,0.002746,4809476505.0,2025-11-21 12:00:00,0.0032758172872146087,0.004013648042663383,35.68260098667012,0.00017679382913684,-0.3158343803913098,-0.1617359091676039,1.9011520637593509,0
1763740800000,0.002747,0.002914,0.002717,0.002806,3870077380.0,2025-11-21 16:00:00,0.0032573930798728595,0.004001631644228922,38.91269301140548,0.00017823712705563718,-0.2987860329306521,-0.1385749489866535,1.475193010815051,0
1763755200000,0.002805,0.00281,0.00267,0.002741,1926550978.0,2025-11-21 20:00:00,0.0032371423708582375,0.003989088045778883,36.75893862512351,0.00017550590369452024,-0.31287553231610604,-0.1532655391757451,0.7398365120769822,0
1763769600000,0.002741,0.002782,0.002702,0.002707,1145359084.0,2025-11-22 00:00:00,0.003216352473961836,0.003976330950796009,35.64750316908863,0.00016868405343062597,-0.3192216559695328,-0.15836338774600348,0.4436106615166766,0
1763784000000,0.002707,0.002738,0.002651,0.002695,1306423993.0,2025-11-22 04:00:00,0.0031959072789045093,0.0039635813890965465,35.24248471057327,0.00016284947818558123,-0.3200593767511118,-0.15673398355793663,0.5075684771858217,0
1763798400000,0.002696,0.002718,0.002645,0.002681,1172317442.0,2025-11-22 08:00:00,0.0031757148365945285,0.003950819385224939,34.74647753743195,0.00015643165831518257,-0.3214065897250938,-0.15578062327694234,0.4586655237776089,0
1763812800000,0.00268,0.002688,0.002603,0.002628,1474505779.0,2025-11-22 12:00:00,0.003154235823394743,0.003937657003282403,32.860945115522554,0.00015132939700695527,-0.3325980404567188,-0.16683464802843503,0.5822712412649045,0
1763827200000,0.002627,0.002698,0.002624,0.002654,1183772822.0,2025-11-22 16:00:00,0.0031346187322812235,0.003924884296782081,34.73208024769732,0.00014580586864931558,-0.323801722721877,-0.15332605759407697,0.463678055014689,0
1763841600000,0.002654,0.002711,0.002614,0.00266,822737553.0,2025-11-22 20:00:00,0.003116006232976078,0.003912298383381264,35.181026822409976,0.00014231973517436446,-0.32009275895233374,-0.14634317099569763,0.32969598998893074,0
1763856000000,0.002659,0.002766,0.002629,0.00271,1978177433.0,2025-11-23 00:00:00,0.0031000844199181926,0.0039003352153874206,38.94968083016596,0.0001419397540904813,-0.3051879260765499,-0.12583025720586224,0.7991333987068174,0
1763870400000,0.00271,0.002761,0.00265,0.002682,2216572919.0,2025-11-23 04:00:00,0.0030836889524704205,0.0038882124769258545,37.630228552526525,0.00013972977165544693,-0.3102228811012728,-0.1302624741540866,0.9143376954943248,0
1763884800000,0.002683,0.002704,0.002586,0.002637,1507059121.0,2025-11-23 08:00:00,0.003066171738648051,0.0038757626015335574,35.54611629832717,0.00013817764510862926,-0.3196177704597813,-0.13996989576235647,0.6247584490782624,1
1763899200000,0.002637,0.002686,0.002471,0.002558,4280197934.0,2025-11-23 12:00:00,0.003046243435171657,0.003862650535846656,32.176908287372356,0.00014366495617229862,-0.33776043774581055,-0.16027722194964514,1.7243787945237168,1
1763913600000,0.002559,0.002592,0.002479,0.002557,2641123336.0,2025-11-23 16:00:00,0.0030270574181061024,0.0038496589882262918,32.135386428696904,0.0001414746021599916,-0.3357853233701298,-0.1552852665742287,1.0480151930398258,1
1763928000000,0.002557,0.002604,0.002517,0.002526,1709918015.0,2025-11-23 20:00:00,0.0030074081075921375,0.0038364882520250353,30.808161199779875,0.00013758355914856362,-0.3415853681640528,-0.16007408717720517,0.6908660991396013,1
1763942400000,0.002526,0.002691,0.002506,0.00264,2502769554.0,2025-11-24 00:00:00,0.002992999946510093,0.003824582896283493,40.53458900453485,0.00014097044778080907,-0.3097286497397146,-0.11794184858629855,1.0534120463436671,1
1763956800000,0.00264,0.002691,0.002588,0.002621,2738439890.0,2025-11-24 04:00:00,0.002978411713313619,0.0038126069470667424,39.53703587595369,0.00013825827293932272,-0.3125438744698071,-0.12000077481429927,1.1316235392842648,1
1763971200000,0.002621,0.002638,0.00254,0.002563,1688613358.0,2025-11-24 08:00:00,0.0029621210578895554,0.003800173047095929,36.57775376318816,0.00013538268201508538,-0.32555702905197165,-0.13474164292728805,0.7011451523198156,1
1763985600000,0.002562,0.002721,0.002535,0.0027,2331293692.0,2025-11-24 12:00:00,0.002951841800717416,0.0037892260516024373,46.72175767604972,0.00013899820472829358,-0.28745343686788255,-0.08531683529117595,1.0312956581275814,1
1764000000000,0.002701,0.002827,0.002692,0.002788,2490526655.0,2025-11-24 16:00:00,0.002945416632061831,0.0037792636033277863,52.029268824322656,0.00013871261867627263,-0.2622901462747771,-0.05344460622252858,1.137332896705716,0
1764014400000,0.002789,0.002851,0.002788,0.002814,1671424914.0,2025-11-24 20:00:00,0.0029402630386476418,0.0037696589903593505,53.50307580885512,0.00013330457448511028,-0.2535133795400019,-0.042942769741347926,0.8221902667111262,0
1764028800000,0.002813,0.002814,0.002729,0.002755,1245156682.0,2025-11-25 00:00:00,0.002932997821445774,0.003759562881002541,49.76657266497399,0.00012985424773617385,-0.26720204257752966,-0.060688016930756775,0.6547780130693597,1
1764043200000,0.002754,0.002779,0.00271,0.002717,1020318085.0,2025-11-25 04:00:00,0.002924527318643979,0.0037491891209925654,47.46726503743344,0.00012550751575501854,-0.2753099637500555,-0.0709609779744522,0.5496410173652804,1
1764057600000,0.002717,0.002761,0.002694,0.002737,1175957333.0,2025-11-25 08:00:00,0.0029171733061481367,0.003739117587450351,48.80784836325558,0.00012132840748680291,-0.26800911284891693,-0.061762976429411864,0.6329615590858392,1
1764072000000,0.002737,0.002788,0.002678,0.002739,1993917521.0,2025-11-25 12:00:00,0.002910186117671739,0.003729166168669751,48.94814910826027,0.00012051923552345987,-0.265519454989306,-0.058823082356222085,1.0537339444245473,1
1764086400000,0.002739,0.002827,0.002695,0.002747,1690060951.0,2025-11-25 16:00:00,0.002903786662076769,0.0037193933709715444,49.54383254920421,0.00012133929012892704,-0.2614387008808227,-0.053993863986080984,0.8810995282048575,1
1764100800000,0.002748,0.002854,0.002676,0.002784,2074824224.0,2025-11-25 20:00:00,0.002899089145916896,0.003710085974245459,52.315117435794875,0.00012538648369114655,-0.2496130765362661,-0.0396983811549874,1.065026601190647,1
1764115200000,0.002785,0.002849,0.00278,0.002791,1297969476.0,2025-11-26 00:00:00,0.0028948503558809393,0.003700940840173365,52.842827852997225,0.00012135887771320752,-0.24586743735431885,-0.03587417072180102,0.6643127814497689,1
1764129600000,0.002791,0.002926,0.002789,0.002904,2112046084.0,2025-11-26 04:00:00,0.002895209165454236,0.0036930110805696503,60.451517366675496,0.00012247610073369273,-0.21364980048961693,0.0030363383242414947,1.0464385238032539,1
1764144000000,0.002903,0.002903,0.002768,0.002808,1542278564.0,2025-11-26 08:00:00,0.0028917891981815208,0.0036842050001659726,52.67564001003168,0.00012344209353842896,-0.23782742820404934,-0.02897486380895633,0.7724820816544278,1
1764158400000,0.002807,0.002831,0.002705,0.002723,2856347825.0,2025-11-26 12:00:00,0.002885170013939108,0.0036746407713085997,46.92072061353573,0.0001236248011428269,-0.2589751843878074,-0.056208130943970924,1.408099926802672,1
1764172800000,0.002723,0.002981,0.002721,0.002926,2558459403.0,2025-11-26 16:00:00,0.0028867711898630643,0.0036671916094050314,58.563868683715015,0.00013336588677548215,-0.20211423027478043,0.01358916504179078,1.2293889371503928,0
1764187200000,0.002926,0.003008,0.002871,0.002929,2011975340.0,2025-11-26 20:00:00,0.00288842722163314,0.003659846419261698,58.708020793341575,0.00013362546629151916,-0.1996931935218013,0.014046668049306066,1.0225161085793935,0
1764201600000,0.002928,0.002996,0.002886,0.002887,2025711970.0,2025-11-27 00:00:00,0.002888371252157331,0.003652156405139691,55.78218439847206,0.00013193793298498207,-0.20950811527756158,-0.00047474927480560525,1.0458523782010358,0
1764216000000,0.002886,0.002975,0.002886,0.002967,1365066444.0,2025-11-27 04:00:00,0.002891454732464887,0.0036453389284716348,59.88331000592868,0.00012887093777176907,-0.18608391202626498,0.02612707945481578,0.7110988084097812,0
1764230400000,0.002967,0.00298,0.002894,0.002897,1447199476.0,2025-11-27 08:00:00,0.002891672193936852,0.00363789276997938,55.07030814504604,0.00012580872793092844,-0.20365987037698738,0.001842465433778793,0.7751970911350051,1
1764244800000,0.002898,0.002989,0.002883,0.002983,1302823095.0,2025-11-27 12:00:00,0.0028952536765275635,0.003631376424009436,59.38888128906576,0.00012439381879300495,-0.1785483927588971,0.030306955201823766,0.7257668898799302,0
1764259200000,0.002982,0.003046,0.002964,0.002998,1148088795.0,2025-11-27 16:00:00,0.002899282944114718,0.003625074171034218,60.10908984458652,0.00012136568887921889,-0.17298243882698724,0.034048783022598283,0.6493449265761512,2
1764273600000,0.002998,0.003,0.002904,0.002919,666827073.0,2025-11-27 20:00:00,0.002900056161992572,0.0036180485573920865,54.61557446503021,0.0001195538539592747,-0.193211491306232,0.006532231429067313,0.39577853848089856,1
1764288000000,0.00292,0.002938,0.002862,0.002913,1220678238.0,2025-11-28 00:00:00,0.0029005637634830594,0.0036110331488608217,54.21034482398168,0.0001164428643907551,-0.19330566075834324,0.004287523919835041,0.7528746341707752,1
1764302400000,0.002913,0.002935,0.00289,0.002898,528640259.0,2025-11-28 04:00:00,0.002900463223738626,0.0036039382916582263,53.14864537781149,0.00011133980264855831,-0.19587968342638118,-0.0008492518431076582,0.33795831617483485,1
1764316800000,0.002897,0.003149,0.002897,0.00302,2030842210.0,2025-11-28 08:00:00,0.0029051509404547583,0.0035981279603979456,60.008843248775605,0.00012138695960223272,-0.16067465269745598,0.03953290617225687,1.2665046214004185,2
1764331200000,0.003019,0.003097,0.002996,0.003053,1329625300.0,2025-11-28 12:00:00,0.0029109489427898657,0.0035927038015880156,61.64482065137928,0.00011993074820207325,-0.1502221812300419,0.04879888311403776,0.8212800614254752,2
1764345600000,0.003053,0.003053,0.00288,0.002941,1897147327.0,2025-11-28 16:00:00,0.0029121274156216357,0.0035862191866468415,53.62652997271436,0.00012372140904478232,-0.17991627200291938,0.009914602027192243,1.1462942444479003,2
1764360000000,0.002941,0.002956,0.002895,0.002922,955868047.0,2025-11-28 20:00:00,0.0029125145757933363,0.0035796100405110524,52.381769945752396,0.00011924130839872643,-0.18370996646807006,0.0032567817120984005,0.596253342841178,1
1764374400000,0.002922,0.002942,0.002898,0.002905,649735522.0,2025-11-29 00:00:00,0.002912219886546539,0.003572897502794525,51.23583552635591,0.00011386692922738884,-0.18693441451150838,-0.0024791694404301097,0.41888484463423736,1
1764388800000,0.002906,0.00294,0.002868,0.002903,765999176.0,2025-11-29 04:00:00,0.0029118583223682435,0.00356623185600055,51.09421796575789,0.00011087643428257536,-0.1859755290123928,-0.0030421543178099034,0.5155929582400542,1
1764403200000,0.002903,0.002927,0.002864,0.002922,621650938.0,2025-11-29 08:00:00,0.0029122560352165478,0.003559821588776664,52.43915254426502,0.00010745668897667714,-0.17917234694782888,0.0033458475716499985,0.4281783246621584,1
1764417600000,0.002921,0.002933,0.002862,0.002917,757090738.0,2025-11-29 12:00:00,0.002912442073051193,0.0035534253540624684,52.03361966000535,0.00010485263976405734,-0.17910193423223947,0.0015649845849231912,0.54699025615068,1
1764432000000,0.002916,0.00292,0.002828,0.002857,1013750036.0,2025-11-29 16:00:00,0.002910267874108009,0.003546495748549409,47.30590064815588,0.00010393459406662468,-0.1944160651627531,-0.018303426492770943,0.7466801849241832,1
1764446400000,0.002858,0.002919,0.002846,0.002888,531977098.0,2025-11-29 20:00:00,0.002909394624142989,0.00353994355204643,49.84164813149774,0.00010172498020472292,-0.18416778190418986,-0.007353634314661344,0.4285100046160509,1
1764460800000,0.002888,0.002908,0.002839,0.002889,507441496.0,2025-11-30 00:00:00,0.002908594834960911,0.0035334665017773114,49.9253595779353,9.938748161867128e-05,-0.18238930564451333,-0.006736873326385612,0.445551329194306,1
1764475200000,0.00289,0.002906,0.002849,0.002887,547736780.0,2025-11-30 04:00:00,0.002907747978687934,0.0035270339992720646,49.746538325374885,9.635980436019479e-05,-0.18146521961630074,-0.00713541161063636,0.5139714266628123,1
1764489600000,0.002888,0.003007,0.002879,0.002983,1141174675.0,2025-11-30 08:00:00,0.002910699038347231,0.003521620725647467,57.59738495070052,9.861981833446661e-05,-0.15294682977208998,0.0248397243068536,1.11719067351546,2
1764504000000,0.002984,0.003145,0.002964,0.003047,1804175225.0,2025-11-30 12:00:00,0.0029160441740983195,0.003516898131362418,61.873690274043135,0.00010450411702486183,-0.1336115274912394,0.04490872499974167,1.7290918739824155,2
1764518400000,0.003046,0.003161,0.003046,0.003099,1171486773.0,2025-11-30 16:00:00,0.0029232189123689738,0.003512739941000603,64.9652859734893,0.00010525382295165743,-0.11778268472750904,0.060132714278512106,1.1377657402009795,2
1764532800000,0.003099,0.003126,0.002945,0.002946,894622568.0,2025-11-30 20:00:00,0.0029241122883545043,0.0035071007376075622,51.685297116451146,0.00011066426416939617,-0.15998991177833355,0.007485250047566561,0.8864425526243745,2
1764547200000,0.002946,0.002956,0.00269,0.002712,5186083418.0,2025-12-01 00:00:00,0.0029157941593994257,0.003499189287482114,38.6667361558586,0.00012175967387158214,-0.22496333373509667,-0.06989319144579183,4.282028768852275,1
1764561600000,0.002713,0.002747,0.002659,0.002703,1700642208.0,2025-12-01 04:00:00,0.00290744929040337,0.0034912670060146304,38.267493153903665,0.00011934826859504056,-0.22578250378920658,-0.07031912511017702,1.3467036953573643,1
1764576000000,0.002702,0.002716,0.002665,0.002683,1122470213.0,2025-12-01 08:00:00,0.0028986473574463753,0.003483224548243341,37.34470709542758,0.00011446624940968054,-0.2297367100972316,-0.07439585808615035,0.8923309277687115,1
1764590400000,0.002683,0.002684,0.002567,0.002619,3510482670.0,2025-12-01 12:00:00,0.0028876807944092624,0.003474625299007089,34.479435344707106,0.00011464723159470339,-0.24624966014366875,-0.09304380003823348,2.495012344245208,1
1764604800000,0.00262,0.002762,0.002589,0.002722,2235257291.0,2025-12-01 16:00:00,0.002881183508353997,0.003467136490061745,42.16958831250806,0.000118815286480796,-0.21491409184426863,-0.05524934732287765,1.5772116615759422,1
1764619200000,0.002722,0.00282,0.002721,0.002789,1835747301.0,2025-12-01 20:00:00,0.0028775684688107034,0.003460388863294962,46.56318486236566,0.00011739990887502486,-0.1940212183712988,-0.030778926642641757,1.2725913156667312,1
1764633600000,0.002788,0.002854,0.002779,0.002838,1557277945.0,2025-12-02 00:00:00,0.0028760167641514603,0.003454195939282077,49.58015726766393,0.00011437134395538026,-0.17839055748822055,-0.0132185474804341,1.0924176377157997,1
1764648000000,0.002837,0.002924,0.002813,0.00286,1217871316.0,2025-12-02 04:00:00,0.002875388655753364,0.0034482835418762855,50.91997833332033,0.0001141305336728531,-0.17060184718922144,-0.005351852426131209,0.8465472079144761,1
1764662400000,0.00286,0.00292,0.002814,0.002888,1152153054.0,2025-12-02 08:00:00,0.00287588321827284,0.0034427085812606013,52.64475717866709,0.00011354978126764928,-0.16112562773392983,0.004213238441036868,0.7871217597156867,1
1764676800000,0.002887,0.00308,0.002887,0.003051,2697220950.0,2025-12-02 12:00:00,0.002882750543046454,0.003438810983437113,61.19422833498786,0.00011922479689138862,-0.11277473094769914,0.058364209612026284,1.728638033294477,1
1764691200000,0.00305,0.003355,0.003007,0.003256,4194500715.0,2025-12-02 16:00:00,0.0028973877766524754,0.003436991968676545,68.81879291395474,0.000135565882827718,-0.0526599917387174,0.12377087604126324,2.412076897261753,2
1764705600000,0.003256,0.003326,0.003198,0.003263,1854062734.0,2025-12-02 20:00:00,0.002911725510901398,0.0034352607053066294,69.04246610960061,0.00013502546262573814,-0.05014487111284721,0.12064134747023457,1.0335911388430685,2
1764720000000,0.003264,0.003331,0.003253,0.003312,971254873.0,2025-12-03 00:00:00,0.0029274225496895784,0.003434034230626962,70.6306406009455,0.0001309522152953283,-0.03553669603482137,0.13137066610052645,0.542091114322673,2
1764734400000,0.003311,0.003399,0.003271,0.003293,1488879842.0,2025-12-03 04:00:00,0.002941758920289987,0.0034326309049490817,69.14927687339782,0.00013074134277423342,-0.04067751786181422,0.11939832230555075,0.809381846072261,2
1764748800000,0.003292,0.003303,0.003138,0.003146,1433917330.0,2025-12-03 08:00:00,0.0029497683743962624,0.0034297788561436183,58.8629765945026,0.00013318838971893102,-0.08273969490344758,0.0665244184279048,0.7603556222414593,2
1764763200000,0.003146,0.003219,0.003091,0.00317,2120173192.0,2025-12-03 12:00:00,0.0029584049087336643,0.0034271939919033835,59.911480760854786,0.0001328177904532931,-0.07504506383676982,0.07152337080082402,1.0792581521692146,2
1764777600000,0.00317,0.003212,0.003135,0.00319,1022068281.0,2025-12-03 16:00:00,0.0029674870691754817,0.0034248338526804644,60.80795670495081,0.00012883080542091502,-0.06856795476273113,0.07498362272100607,0.5218581584393295,2
1764792000000,0.00319,0.003241,0.003164,0.003167,1168101464.0,2025-12-03 20:00:00,0.002975311105678404,0.0034222683417085196,59.169264749291635,0.0001251286050337068,-0.07459039333574886,0.06442650449418766,0.6062662344783052,2
1764806400000,0.003168,0.003288,0.003143,0.003204,1145387912.0,2025-12-04 00:00:00,0.002984279297612584,0.003420096517412913,60.99049927501519,0.00012654799038844204,-0.06318433304811423,0.07362605187898856,0.5948803877415155,2
1764820800000,0.003205,0.003309,0.003183,0.003284,835036658.0,2025-12-04 04:00:00,0.002996033050647385,0.0034187423232097994,64.6608511804678,0.00012650884821783901,-0.03941283386438207,0.09611607898998004,0.4343653027316018,2
1764835200000,0.003284,0.003296,0.003174,0.003196,800357523.0,2025-12-04 08:00:00,0.003003874891798468,0.003416525981685324,58.176557166136405,0.0001261867876308505,-0.06454684754849763,0.06395909121451579,0.46992967790737944,2
1764849600000,0.003197,0.003249,0.003138,0.003234,3961771512.0,2025-12-04 12:00:00,0.003012899405845587,0.0034147098027630823,60.04006680196116,0.00012510201708578974,-0.05292098397845034,0.07338465855362991,2.181352439106101,2
1764864000000,0.003233,0.003266,0.003058,0.003116,4653865782.0,2025-12-04 16:00:00,0.0030169425664006624,0.003411737565919669,52.254056609520646,0.0001310233015796619,-0.0866823898982834,0.03283371539867168,2.3353759555494804,2
1764878400000,0.003116,0.003157,0.003093,0.00312,551844532.0,2025-12-04 20:00:00,0.00302098403438495,0.0034088347045672348,52.47902515978225,0.00012623592289540036,-0.0847312145057217,0.032776063854706425,0.2991290717496875,2
1764892800000,0.00312,0.003152,0.003092,0.003118,482647537.0,2025-12-05 00:00:00,0.0030247885820561286,0.0034059408269098497,52.34621682896975,0.0001215047855457289,-0.08454076026068053,0.03081584560878968,0.27466743006303906,2
1764907200000,0.003117,0.003153,0.003097,0.003117,577996692.0,2025-12-05 04:00:00,0.0030284047160931433,0.0034030657938062692,52.27498269565873,0.00011682587229246255,-0.0840611998530624,0.029254770155407398,0.34113795813651204,2
1764921600000,0.003117,0.003117,0.00297,0.002985,2347257728.0,2025-12-05 08:00:00,0.003026702570364001,0.0033989059351614307,43.801688069632995,0.00011898116712871522,-0.12177622536699372,-0.013778218835353144,1.3538082292053775,0
1764936000000,0.002984,0.003032,0.002852,0.002939,3063483084.0,2025-12-05 12:00:00,0.003023263253879138,0.0033943297567021135,41.28996634152524,0.00012333965519094987,-0.13414423150934685,-0.027871623078479887,1.677610560537333,0
1764950400000,0.002938,0.002949,0.002832,0.002875,1368016111.0,2025-12-05 16:00:00,0.003017449008628976,0.0033891622964364212,38.0230746779852,0.0001228868226773106,-0.15170778247387087,-0.04720842281729231,0.7447448980232838,1
1764964800000,0.002874,0.00289,0.002826,0.002839,682112414.0,2025-12-05 20:00:00,0.003010451008290585,0.003383688044730586,36.28402162526661,0.00011868062105750273,-0.16097466360080928,-0.056951934384057525,0.39289093788585205,1
1764979200000,0.002839,0.002905,0.002811,0.002892,415520022.0,2025-12-06 00:00:00,0.003005805870710562,0.003378795626375058,40.59195438609507,0.00011691771955339539,-0.14407371152463486,-0.037862016246464625,0.2685647032853663,1
1764993600000,0.002892,0.002983,0.002882,0.00292,700682962.0,2025-12-06 04:00:00,0.003002440934604266,0.003374230495764361,42.79254878848638,0.00011578073958529572,-0.1346175065202429,-0.02745797049797152,0.4704089501339129,1
1765008000000,0.002921,0.002924,0.002869,0.002905,508208916.0,2025-12-06 08:00:00,0.00299861972148253,0.003369561535607502,41.89718910154338,0.00011143925818634602,-0.13787002572836102,-0.031220938357680136,0.3465770152062247,1
1765022400000,0.002905,0.003138,0.002864,0.002999,2138176084.0,2025-12-06 12:00:00,0.0029986346343655683,0.003365874356148721,49.08644703109692,0.00012305073974446418,-0.10899823265194708,0.00012184399868004868,1.4265622173960615,0
1765036800000,0.002998,0.00306,0.002977,0.002999,1095917980.0,2025-12-06 16:00:00,0.0029986489624296638,0.0033622238650427632,49.08644703109692,0.00012018997261985958,-0.1080308389989206,0.00011706524329267705,0.7395200882303129,0
1765051200000,0.002999,0.003019,0.002955,0.002984,499573527.0,2025-12-06 20:00:00,0.002998074493314775,0.0033584604435000494,47.987571590647626,0.00011617640314701246,-0.1114976489375596,-0.0046945108756166485,0.3566086448376187,1
1765065600000,0.002984,0.003025,0.002966,0.002987,480365177.0,2025-12-07 00:00:00,0.002997640199459294,0.0033547643196841287,48.23715727235572,0.00011209237435079728,-0.10962448763576806,-0.0035495252102680894,0.34965753329735216,1
1765080000000,0.002987,0.003048,0.002971,0.002986,536461045.0,2025-12-07 04:00:00,0.0029971837210491254,0.0033510950229708536,48.15420845220905,0.00010958577618288317,-0.10894797684584462,-0.003731409913440592,0.39967768741630577,1
1765094400000,0.002986,0.003027,0.002935,0.003003,778573212.0,2025-12-07 08:00:00,0.002997411810419748,0.003347631390901492,49.73660007030814,0.00010832964931267725,-0.1029478310659183,0.0018643382803878055,0.5880935710960339,1
1765108800000,0.003004,0.003038,0.002838,0.003003,2585352204.0,2025-12-07 12:00:00,0.0029976309551091695,0.0033442022228328205,49.73660007030814,0.00011487753150462889,-0.10202798757301029,0.0017910960259065523,1.831752407430917,1
1765123200000,0.003003,0.00311,0.002938,0.003073,1421296028.0,2025-12-07 16:00:00,0.0030005866039284177,0.0033415036932523947,56.13070302126204,0.00011895770782572682,-0.08035415127464698,0.02413307983738171,0.9853305074259643,2
1765137600000,0.003073,0.003077,0.002867,0.002912,1301027183.0,2025-12-07 20:00:00,0.0029971126194606366,0.0033372300246628187,42.68189073974553,0.00012546072869531775,-0.12742005241481139,-0.028398205295319674,0.9935912579774862,1
1765152000000,0.002914,0.003037,0.002889,0.003003,854980287.0,2025-12-08 00:00:00,0.0029973434971288467,0.0033339043527756264,49.97731640359648,0.0001270706766456522,-0.09925430299166606,0.0018871720497072321,0.7637335043730876,2
1765166400000,0.003004,0.00311,0.003001,0.00309,791166414.0,2025-12-08 04:00:00,0.0030009770854767352,0.0033314774437927844,55.77304881965034,0.0001257799140281056,-0.0724835895985746,0.02966464321040374,0.6992557301302567,2
1765180800000,0.003089,0.003163,0.003062,0.003097,1050535557.0,2025-12-08 08:00:00,0.0030047426899678436,0.003329144334899324,56.21264461132098,0.0001240099201689552,-0.06973093129840052,0.030703896989310465,0.9057628352550593,2
1765195200000,0.003098,0.003132,0.003009,0.003042,1428324111.0,2025-12-08 12:00:00,0.0030062037609494973,0.0033262871773381366,51.85171587554317,0.00012393778301402982,-0.08546681695885248,0.011907456013293207,1.1879422184508714,2
1765209600000,0.003041,0.003117,0.003017,0.003045,1646457518.0,2025-12-08 16:00:00,0.0030077251820887327,0.003323488299951688,52.07013688460993,0.00012222794137017054,-0.0837939763337624,0.012393026508286751,1.4104697242902617,2
1765224000000,0.003045,0.003112,0.003038,0.003053,863305169.0,2025-12-08 20:00:00,0.0030095006651440766,0.003320796874081522,52.68652163781703,0.00011878308841515838,-0.08064235309652598,0.01445400406776156,0.8165166454950936,2
1765238400000,0.003054,0.003078,0.002985,0.003015,856604735.0,2025-12-09 00:00:00,0.003009716325334505,0.003317754119115537,49.434495003378366,0.00011694143924264709,-0.09125272948082322,0.0017555390921792932,0.8302589358238807,2
1765252800000,0.003016,0.003027,0.002969,0.002992,939030438.0,2025-12-09 04:00:00,0.00300902156747825,0.0033145127845969746,47.52251686304489,0.0001127313364396009,-0.09730322540789065,-0.005656844624252787,0.8989568058300667,1
1765267200000,0.002991,0.002995,0.002924,0.002973,778737366.0,2025-12-09 08:00:00,0.0030076089569889067,0.0033111146474368055,45.94173951479081,0.00010975052669391512,-0.10211505291686179,-0.011507133235683599,0.7327645976485718,1
1765281600000,0.002972,0.00314,0.002953,0.003116,1591350019.0,2025-12-09 12:00:00,0.003011859586126597,0.0033091732081588277,57.42141507792175,0.00011526834621577834,-0.05837506712630085,0.034576782514397615,1.4371805713308792,2
1765296000000,0.003116,0.003237,0.003116,0.003145,1670762266.0,2025-12-09 16:00:00,0.0030170807788275147,0.003307539643898541,59.3086098236882,0.00011567775005750846,-0.04914216045705752,0.042398341492930286,1.4336386903977338,2
1765310400000,0.003145,0.003145,0.003007,0.003068,916004613.0,2025-12-09 20:00:00,0.003019077611030357,0.003305156164854774,52.637499049658025,0.00011727219648197213,-0.07175339167830046,0.016204415809286356,0.8294954970101329,2
1765324800000,0.003068,0.003078,0.003001,0.00304,571049711.0,2025-12-10 00:00:00,0.003019898096872304,0.003302517795055224,50.416711999055586,0.00011439561101897411,-0.07949019849288473,0.006656483921929545,0.5297072130182825,2
1765339200000,0.00304,0.003072,0.003023,0.003048,408992438.0,2025-12-10 04:00:00,0.0030210001322890766,0.00329998527968154,51.05213374501044,0.00010972449594619025,-0.07635951627816281,0.008937393753261741,0.3809830323381558,2
1765353600000,0.003048,0.003092,0.002987,0.003011,674996682.0,2025-12-10 08:00:00,0.0030206079702385247,0.0032971098042618237,47.98900721475352,0.00010938703195003382,-0.08677594051978497,-0.0031808067558552647,0.6231215915366419,2
1765368000000,0.00301,0.003018,0.00294,0.002959,1032825530.0,2025-12-10 12:00:00,0.0030181919714056416,0.0032937455276025023,43.99388848028429,0.00010714510109645997,-0.10163065871277607,-0.01961173178062452,0.9320953180948125,2
1765382400000,0.002959,0.003062,0.002954,0.003025,2126846713.0,2025-12-10 16:00:00,0.003018458952919146,0.0032910714427507363,49.71584268076263,0.00010720616530385569,-0.08084644997203376,0.0021670154151104946,1.809339711108701,2
1765396800000,0.003026,0.003101,0.002865,0.002871,1569202567.0,2025-12-10 20:00:00,0.0030126762488831014,0.0032868916273999828,39.55980009096044,0.00011640572492500886,-0.12653037414834517,-0.04702670887242715,1.395250087131356,0
1765411200000,0.002871,0.002896,0.00273,0.002742,1076924653.0,2025-12-11 00:00:00,0.0030020614940249406,0.003281469820162172,33.40403173489492,0.00011994817314465112,-0.16439883641395522,-0.08662763722280367,0.9724309227386567,0
1765425600000,0.002741,0.002786,0.00273,0.002772,726650192.0,2025-12-11 04:00:00,0.002993039474651414,0.0032764004687177726,35.902010908236775,0.00011538044649146176,-0.15394957775572862,-0.07385117253662593,0.6736117857672141,0
1765440000000,0.002773,0.002776,0.002747,0.00276,561231530.0,2025-12-11 08:00:00,0.0029839006717239077,0.0032712621555962026,35.331133158134676,0.00010921041459921449,-0.15628895859709013,-0.07503623490072552,0.5274485004371708,0
1765454400000,0.002761,0.002824,0.002744,0.002769,1117304263.0,2025-12-11 12:00:00,0.0029754731944014014,0.003266264522207186,36.15115111152976,0.00010712395641355634,-0.15224257521897158,-0.06939171718632774,1.034199312050049,0
1765468800000,0.002768,0.002845,0.002748,0.002791,671731480.0,2025-12-11 16:00:00,0.0029682389514836993,0.0032615355219862193,38.21361223126726,0.00010640081666973089,-0.1442680966723524,-0.059711820503906825,0.6328631756747152,0
1765483200000,0.00279,0.002924,0.002789,0.002859,1102316142.0,2025-12-11 20:00:00,0.002963955071033358,0.003257530193409242,44.2121230679713,0.00010844361547903584,-0.12234121243620806,-0.03541047975358352,1.0547306994969428,2
1765497600000,0.002859,0.002881,0.002817,0.002847,539406270.0,2025-12-12 00:00:00,0.002959368597659501,0.0032534453158628816,43.41116623258751,0.00010526907151624755,-0.12492766172560786,-0.037970463614559725,0.5449849325913131,2
1765512000000,0.002847,0.002885,0.002836,0.002867,312786035.0,2025-12-12 04:00:00,0.0029557462997120694,0.0032496000888393704,45.193278256285026,0.00010124985212222988,-0.11773759182041994,-0.03002500577289543,0.32506109540536665,2
1765526400000,0.002866,0.002903,0.002843,0.002897,353697852.0,2025-12-12 08:00:00,0.0029534425232527724,0.003246091630243954,47.84644250698289,9.830343411349919e-05,-0.10754213682431345,-0.0191107572970845,0.3774418354064058,2
1765540800000,0.002896,0.00292,0.002735,0.002758,1272412598.0,2025-12-12 12:00:00,0.002945778110576193,0.003241234997107198,38.5376427773148,0.00010449604596253495,-0.14908977520558836,-0.06374482514552457,1.3340994263674608,2
1765555200000,0.002758,0.002776,0.002705,0.002731,911731128.0,2025-12-12 16:00:00,0.002937355439573205,0.003236158031961853,37.03055715012298,0.00010210347125092531,-0.15609807276797658,-0.07025211753167619,0.949313367607282,2
1765569600000,0.00273,0.002782,0.002724,0.002763,420353775.0,2025-12-12 20:00:00,0.002930517971354648,0.00323144999184283,40.02419830569209,9.895322330443068e-05,-0.1449658800307421,-0.057163263625103086,0.46609580075395407,2
1765584000000,0.002763,0.002786,0.002763,0.002775,226885187.0,2025-12-13 00:00:00,0.0029244192273799557,0.0032269082008792196,41.15400144690979,9.352799306839992e-05,-0.14004371142510044,-0.05109364142494139,0.2734652083690875,2
1765598400000,0.002775,0.002782,0.002741,0.00276,241772636.0,2025-12-13 04:00:00,0.002917971414541526,0.0032222623481341526,40.13621234091808,8.977599356351423e-05,-0.14345894225584246,-0.05413740989863224,0.3037513075610287,2
1765612800000,0.00276,0.0028,0.002751,0.002787,340758473.0,2025-12-13 08:00:00,0.0029128352806379373,0.003217931379496002,42.87482409860627,8.68634225946918e-05,-0.1339156522236019,-0.04320027344985269,0.43439639125623036,2
1765627200000,0.002786,0.002817,0.002763,0.00277,349743259.0,2025-12-13 12:00:00,0.002907233897083508,0.0032134743508443007,41.58487804152721,8.451603526649955e-05,-0.13800463374720368,-0.04720428487751851,0.4475402754446848,2
1765641600000,0.00277,0.00281,0.002765,0.002796,230624781.0,2025-12-13 16:00:00,0.0029028717834723903,0.003209320377204059,44.342907032522994,8.169346131889243e-05,-0.12878750907509628,-0.036815881459480546,0.3037493139249713,2
1765656000000,0.002797,0.002805,0.002771,0.002794,216899903.0,2025-12-13 20:00:00,0.0028986023017675906,0.003205187836137352,44.170146826547224,7.828678551040012e-05,-0.12828821808861107,-0.03608715197107354,0.3018939174381928,2
1765670400000,0.002794,0.002841,0.002788,0.002804,301042468.0,2025-12-14 00:00:00,0.0028948924075806264,0.0032011959173698164,45.31730718931673,7.648058654537156e-05,-0.1240773534711248,-0.031397508018817404,0.4799985066211944,2
1765684800000,0.002804,0.002816,0.002747,0.00277,368033699.0,2025-12-14 04:00:00,0.002889994666106876,0.0031969054107293207,42.146412213900305,7.594625893498788e-05,-0.13353707910673823,-0.041520722343934835,0.6489574315609006,2
1765699200000,0.00277,0.00278,0.002683,0.002719,630783169.0,2025-12-14 08:00:00,0.0028832889929262142,0.003192150133010621,37.86637596525795,7.745009758248875e-05,-0.14822302000074716,-0.0569797177214204,1.1578076841943223,2
1765713600000,0.002718,0.002776,0.002686,0.002695,580603511.0,2025-12-14 12:00:00,0.0028759051108506765,0.0031872033655179783,36.012966069313364,7.834651918373954e-05,-0.15443111376044447,-0.06290371339726361,1.0801807057607429,2
1765728000000,0.002694,0.002717,0.002657,0.00267,466879035.0,2025-12-14 16:00:00,0.0028678304006212385,0.003182057063373521,34.13850803265106,7.703605352775813e-05,-0.16092013850645834,-0.06898260112536075,0.8762937356577364,2
1765742400000,0.002669,0.00268,0.002602,0.002645,574154453.0,2025-12-14 20:00:00,0.0028590919535380526,0.0031767132119966705,32.32649967891715,7.710490684720398e-05,-0.16737841174604198,-0.07488110106886177,1.1355211377339045,2
1765756800000,0.002645,0.002744,0.002642,0.002689,522566438.0,2025-12-15 00:00:00,0.002852421680850286,0.003171860344215609,38.51236938003392,7.888312778668942e-05,-0.15223253605606613,-0.05729225869632678,1.048966764347589,2
1765771200000,0.00269,0.002715,0.002681,0.002686,471800200.0,2025-12-15 04:00:00,0.0028458953404247845,0.003167025912929882,38.25560753227736,7.567719008764018e-05,-0.15188568902010488,-0.056184546969643,1.0110435925500034,2
1765785600000,0.002686,0.002703,0.00267,0.002686,375868789.0,2025-12-15 08:00:00,0.00283962493491793,0.0031622395854380425,38.25560753227736,7.262881936709446e-05,-0.15060199348306888,-0.05410043172563217,0.8198331320025637,2
1765800000000,0.002686,0.002752,0.002529,0.002551,1972832142.0,2025-12-15 12:00:00,0.002828306310019188,0.003156157599513286,28.380662891206242,8.336961798373059e-05,-0.19173871406377424,-0.09804677415484983,3.6434598744223416,2
1765814400000,0.002552,0.002556,0.002453,0.002502,2646609590.0,2025-12-15 16:00:00,0.002815509984136083,0.0031496485686723576,25.779535354905963,8.477178812774985e-05,-0.20562566094329535,-0.11135104684499318,4.033741722130245,2
1765828800000,0.002502,0.002522,0.00246,0.00252,794436381.0,2025-12-15 20:00:00,0.0028039213573072173,0.0031433834087850705,28.376440694334406,8.314523183291058e-05,-0.19831605875466857,-0.10125867352424062,1.2565842576087025,2
1765843200000,0.00252,0.002521,0.00242,0.002453,653371792.0,2025-12-16 00:00:00,0.0027901597354520326,0.003136513922130493,24.886040423548597,8.442057241627411e-05,-0.21792153298213734,-0.12083886494670872,1.0550149423745294,2
1765857600000,0.002453,0.002464,0.002397,0.002414,768693386.0,2025-12-16 04:00:00,0.002775408373277443,0.0031293247288754636,23.10452782241386,8.317624581511169e-05,-0.22858756787842813,-0.130218088536881,1.2072745371381344,2
1765872000000,0.002414,0.002467,0.002402,0.002462,1131844573.0,2025-12-16 08:00:00,0.0027631178488351903,0.0031226846818219766,29.768404407448536,8.187794254260371e-05,-0.2115758551185162,-0.10897756277826812,1.659679049549076,2
1765886400000,0.002463,0.002497,0.002363,0.002427,2363800391.0,2025-12-16 12:00:00,0.0027499367567240065,0.003115762446181957,27.871693976781334,8.560094664670346e-05,-0.22105743235526956,-0.11743424860021888,2.999490431922543,2
1765900800000,0.002427,0.002428,0.002281,0.002333,2423591964.0,2025-12-16 16:00:00,0.0027335862956760063,0.0031079737651254205,23.534617228596584,8.998659331479607e-05,-0.24935016306167143,-0.14654239974412175,2.716394896624334,2
1765915200000,0.002332,0.002369,0.002308,0.002343,1207795351.0,2025-12-16 20:00:00,0.002718269186041653,0.0031003620858704416,24.87392767507293,8.791612236373921e-05,-0.24428181770188578,-0.13805446052534648,1.2916055687542702,2
1765929600000,0.002343,0.002355,0.002284,0.002314,840359975.0,2025-12-17 00:00:00,0.0027024154924713923,0.0030925375875035716,23.58385587266227,8.67078279091864e-05,-0.25174717055970863,-0.14372900597760468,0.8702997119473672,2
1765944000000,0.002314,0.00232,0.002283,0.002289,605141510.0,2025-12-17 04:00:00,0.002686203120217612,0.0030845421886229393,22.500458976817512,8.315726877281596e-05,-0.25791256529323103,-0.14786786495335266,0.6143503509239985,2
1765958400000,0.002289,0.002309,0.002242,0.002309,1064561026.0,2025-12-17 08:00:00,0.0026714108409933925,0.0030768253509251987,25.450919030385908,8.200317814618623e-05,-0.2495511650325926,-0.13566271253830292,1.0404370684693018,2
1765972800000,0.002308,0.002353,0.002234,0.002247,2215698574.0,2025-12-17 12:00:00,0.002654767278601495,0.0030685683822592766,22.580938363982366,8.464580827860152e-05,-0.26773670321610543,-0.15359812586521812,1.986158953392969,2
1765987200000,0.002247,0.002277,0.002063,0.002081,2792772607.0,2025-12-17 16:00:00,0.0026322666010092795,0.0030587418311920204,17.040357616728492,9.388539340155855e-05,-0.3196549055632411,-0.20942658346153448,2.282293998110916,2
1766001600000,0.002081,0.002124,0.002071,0.002091,847652798.0,2025-12-17 20:00:00,0.0026110404597932293,0.0030491125592398615,18.340222145541574,9.096500815859009e-05,-0.3142266940380572,-0.19916982053752313,0.6852368892494606,2
1766016000000,0.002091,0.002093,0.002009,0.002015,1063184123.0,2025-12-18 00:00:00,0.0025876663241150635,0.003038822882033495,16.255578072043246,9.046750757583366e-05,-0.3369142993119696,-0.22130609297584206,0.8392431608841675,2
1766030400000,0.002015,0.002051,0.002008,0.002027,788880266.0,2025-12-18 04:00:00,0.0025656794094438846,0.0030287549926600273,17.84347289716519,8.707697132041698e-05,-0.3307481110514747,-0.20995585319860524,0.6174834691090455,2
1766044800000,0.002027,0.002046,0.002002,0.002037,995916593.0,2025-12-18 08:00:00,0.0025449468835833404,0.003018886783777838,19.218095153682814,8.400004479753007e-05,-0.32524796526125554,-0.19959036742964945,0.7653592977453156,2
1766059200000,0.002038,0.002101,0.001964,0.002037,2904665539.0,2025-12-18 12:00:00,0.0025250273979526214,0.0030091167660288047,19.218095153682814,8.778575588342078e-05,-0.3230571764457408,-0.19327608023118106,2.0413932600571894,2
1766073600000,0.002038,0.00204,0.00183,0.001838,3594285583.0,2025-12-18 16:00:00,0.0024980851470525187,0.0029974638628842394,13.864300544220512,9.651534474889074e-05,-0.3868149595533647,-0.2642364483978261,2.269399481129791,1
1766088000000,0.001838,0.001924,0.001835,0.00186,1871304764.0,2025-12-18 20:00:00,0.0024730622001092827,0.0029861458144973315,16.629448220786,9.597853440968425e-05,-0.3771235178905353,-0.24789598906254434,1.1853241101820766,0
1766102400000,0.00186,0.001938,0.001809,0.001899,1984500873.0,2025-12-19 00:00:00,0.0024505499569677427,0.002975328443208801,21.44384597920857,9.833721052327823e-05,-0.3617511356319417,-0.22507190902168692,1.2839489299559266,0
1766116800000,0.001899,0.00199,0.00189,0.001979,1687398416.0,2025-12-19 04:00:00,0.002432057801792537,0.002965414727355977,30.331294474588987,9.845598120018693e-05,-0.33263972093221655,-0.18628578706419432,1.0610760118762177,0
1766131200000,0.001979,0.002018,0.00196,0.001989,1705109969.0,2025-12-19 08:00:00,0.002414682986035967,0.0029556991579295496,31.376411695219414,9.556626825731644e-05,-0.3270627713703843,-0.1762893880884894,1.0378925373993757,0
1766145600000,0.00199,0.002019,0.001958,0.001965,2121686386.0,2025-12-19 12:00:00,0.0023970483591325958,0.0029458414548655743,30.205279172414848,9.309724909607954e-05,-0.3329579917634543,-0.1802418201061818,1.240384100364014,0
1766160000000,0.001965,0.002011,0.001946,0.001985,1575858463.0,2025-12-19 16:00:00,0.0023808895999509255,0.0029362808433743746,32.4674195356142,9.109030273207388e-05,-0.3239747470072252,-0.1662780164015525,0.9094770889582657,0
1766174400000,0.001985,0.002019,0.001957,0.001991,1090436012.0,2025-12-19 20:00:00,0.002365599811717556,0.002926875063838311,33.16724904361624,8.901242396549717e-05,-0.3197523103739871,-0.1583529935460959,0.6533312479797264,2
1766188800000,0.001991,0.002008,0.001974,0.00198,557035427.0,2025-12-20 00:00:00,0.0023504782504737303,0.0029174534214120593,32.50225385696877,8.508296511081879e-05,-0.3213259257309164,-0.1576182423296458,0.3535134287166805,2
1766203200000,0.001979,0.001992,0.001967,0.001977,552391014.0,2025-12-20 04:00:00,0.0023358320445728,0.0029080956759253724,32.31197705882333,8.079132474576029e-05,-0.320173673663296,-0.15362065325138843,0.35801152309538997,2
1766217600000,0.001976,0.002034,0.00197,0.001979,1205343567.0,2025-12-20 08:00:00,0.002321838631060141,0.0028988509428315877,32.5952832524168,7.95919444067774e-05,-0.3173157092144519,-0.14765825086802112,0.7720666026785392,2
1766232000000,0.001979,0.001986,0.001942,0.001983,827916277.0,2025-12-20 12:00:00,0.0023085508416068024,0.002889737998126796,33.19749835854851,7.704966266343616e-05,-0.3137786189317396,-0.14101956766098853,0.5265537911014921,2
1766246400000,0.001982,0.002005,0.001972,0.001992,675060483.0,2025-12-20 16:00:00,0.002296137083112418,0.0028808052817275247,34.61303060604688,7.390325818747643e-05,-0.30852667737214695,-0.13245597806388804,0.4347221938004672,2
1766260800000,0.001991,0.001998,0.00196,0.001967,339508395.0,2025-12-20 20:00:00,0.0022832297465197743,0.0028717126918595894,32.54975632147956,7.133873974551384e-05,-0.3150428991117976,-0.13850106280447216,0.23269214253195972,2
1766275200000,0.001967,0.002003,0.00194,0.001951,692129488.0,2025-12-21 00:00:00,0.002270201129009195,0.0028625513715425785,31.265228248923332,7.074311547797713e-05,-0.3184401791368933,-0.14060477943137445,0.5111689286755235,2
1766289600000,0.001951,0.001973,0.001946,0.001967,237988066.0,2025-12-21 04:00:00,0.0022583108886558936,0.002853640412621757,34.067313310547874,6.761860722955019e-05,-0.3107050239056447,-0.12899503346471336,0.179813127515987,2
1766304000000,0.001966,0.001993,0.001948,0.001959,545707805.0,2025-12-21 08:00:00,0.0022465732067478194,0.002844738517968804,33.3355557677424,6.600299242743946e-05,-0.31136025767360787,-0.12800526859488182,0.4205334339791822,2
1766318400000,0.001959,0.001967,0.001881,0.00194,1200076991.0,2025-12-21 12:00:00,0.0022345507280518264,0.0028357361446556817,31.599522131947474,6.743135011119378e-05,-0.31587429117614285,-0.1318165322246355,0.9103796236332992,2
1766332800000,0.001939,0.001957,0.001922,0.001939,494893331.0,2025-12-21 16:00:00,0.002222960503422343,0.0028268133969476653,31.50652233794778,6.511482510325136e-05,-0.3140686250837455,-0.12773978799226235,0.3826993394456863,2
1766347200000,0.001938,0.00199,0.001923,0.001974,728525285.0,2025-12-21 20:00:00,0.002213197346425388,0.0028183276915054,38.34589399210643,6.524948045301912e-05,-0.2995846416476876,-0.10807773053393721,0.6151226147200637,2
1766361600000,0.001975,0.002027,0.001955,0.001989,2145012156.0,2025-12-22 00:00:00,0.0022044052936243926,0.0028100756746745007,41.06214087581886,6.573166042066062e-05,-0.2921898801780875,-0.09771583031822255,1.929151385314086,2
1766376000000,0.001989,0.002033,0.001989,0.002014,1290809803.0,2025-12-22 04:00:00,0.0021969384193646123,0.002802154523682715,45.381141701396764,6.417939896204202e-05,-0.2812673309132458,-0.08326970740377908,1.1920272109106773,2
1766390400000,0.002015,0.002029,0.001987,0.001993,1478542959.0,2025-12-22 08:00:00,0.0021889408342914904,0.0027941032348898524,42.55981955397701,6.259515617903901e-05,-0.28671211030663046,-0.08951399289643748,1.3980548251522444,2
1766404800000,0.001992,0.002038,0.001951,0.001977,1924694337.0,2025-12-22 12:00:00,0.0021806294290251573,0.0027859728544431875,40.49417683401301,6.433835930910765e-05,-0.2903735595101019,-0.09338103316169089,1.7997278732196689,2
1766419200000,0.001978,0.001985,0.001909,0.001914,794183687.0,2025-12-22 16:00:00,0.002170173372984955,0.0027772965076328076,33.58262830638306,6.517133364417136e-05,-0.31084059813571263,-0.11804281453909954,0.7756533315465737,2
1766433600000,0.001914,0.001933,0.001902,0.001913,731058600.0,2025-12-22 20:00:00,0.0021600881426718198,0.00276869654238273,33.48493240435703,6.273052409815912e-05,-0.3090611518033395,-0.11438799083735338,0.7660208588344547,2
1766448000000,0.001912,0.001929,0.001828,0.001848,1622577428.0,2025-12-23 00:00:00,0.0021478493919788073,0.0027595353827570314,27.819760515390335,6.546405809114776e-05,-0.3303220493032139,-0.13960447743617485,1.6960245238013156,2
1766462400000,0.001847,0.001854,0.001784,0.001812,1174962333.0,2025-12-23 04:00:00,0.0021346788275874817,0.00275010716999328,25.269768845861005,6.578805394178007e-05,-0.34111658637491293,-0.15116036352511109,1.2227461882929092,2
1766476800000,0.001811,0.001812,0.00175,0.001783,2698249737.0,2025-12-23 08:00:00,0.0021208875010154237,0.0027404842130779243,23.408380766613508,6.551747866022435e-05,-0.34938504973270523,-0.15931420259379728,2.526494622746104,0
1766491200000,0.001782,0.00179,0.001701,0.001741,3537099370.0,2025-12-23 12:00:00,0.0021059899519559953,0.0027305390965298854,20.996187617102667,6.719480161306546e-05,-0.36239697054235354,-0.17331039572007506,2.9058905320588986,0
1766505600000,0.001741,0.00176,0.001705,0.001711,1325368588.0,2025-12-23 16:00:00,0.002090500149918505,0.0027203944289027225,19.454101814741232,6.632374435498936e-05,-0.3710470872085501,-0.1815355765142132,1.0835094894579267,1
1766520000000,0.001711,0.001743,0.001706,0.001732,1356164671.0,2025-12-23 20:00:00,0.0020764413205099364,0.00271055965846588,23.6797247883688,6.422919118677583e-05,-0.36101756897677884,-0.16588059441301609,1.0852523849053128,1
1766534400000,0.001733,0.001738,0.001678,0.001714,1630092527.0,2025-12-24 00:00:00,0.0020622279353918996,0.0027006436419637317,22.585960416453396,6.392710610200613e-05,-0.36533648002751995,-0.16886006120643662,1.2564473515865824,1
1766548800000,0.001713,0.001731,0.001681,0.001688,1473869224.0,2025-12-24 04:00:00,0.0020475523300824135,0.002690567585824789,21.071922314084453,6.293231280900568e-05,-0.3726230818756606,-0.17560104559962164,1.0884490631845611,1
1766563200000,0.001689,0.001727,0.001683,0.001722,767134504.0,2025-12-24 08:00:00,0.002034785572039966,0.0026809300974086217,27.8802823289589,6.158000475121956e-05,-0.3576856025957262,-0.1537191811943035,0.5649623904812323,1
1766577600000,0.001722,0.001774,0.001696,0.001771,1026398711.0,2025-12-24 12:00:00,0.0020244410398031045,0.0026718760665886358,36.39558511250204,6.275286155470388e-05,-0.3371698552391485,-0.12519062537269743,0.7345737768953725,0
1766592000000,0.00177,0.001792,0.001744,0.001763,904310333.0,2025-12-24 16:00:00,0.0020141884500069042,0.0026628325236375053,35.65538391313613,6.169908572936788e-05,-0.337923063373249,-0.12470950769578844,0.6389977019725648,0
1766606400000,0.001763,0.001767,0.001741,0.001743,463894495.0,2025-12-24 20:00:00,0.002003553608830163,0.0026536799612132517,33.80441471466191,5.914915103441303e-05,-0.3431762588269659,-0.13004573857262308,0.33654755687488136,1
1766620800000,0.001743,0.001776,0.001726,0.001771,687580627.0,2025-12-25 00:00:00,0.0019944338594642744,0.0026448970760270503,38.609365214120345,5.849564024624067e-05,-0.33040872703437957,-0.11202871351386454,0.4953656450220341,1
1766635200000,0.00177,0.001782,0.001756,0.001766,491055225.0,2025-12-25 04:00:00,0.001985475668897048,0.002636151831489468,38.0778339872422,5.617452308579491e-05,-0.3300841101393687,-0.11054059857553881,0.3568318618798137,1
1766649600000,0.001765,0.00177,0.001729,0.001736,317889827.0,2025-12-25 08:00:00,0.001975692309332458,0.002627195096847782,34.96730522964495,5.50906285796667e-05,-0.3392192296328031,-0.12132066729228938,0.24742419564088824,1
1766664000000,0.001735,0.001779,0.001735,0.001774,581993576.0,2025-12-25 12:00:00,0.001967782807005695,0.0026187055933965604,41.48746076004832,5.429844082397623e-05,-0.32256607826653216,-0.09847774170797198,0.4658348447692792,1
1766678400000,0.001775,0.001872,0.001769,0.001797,2351122593.0,2025-12-25 16:00:00,0.0019610854420250793,0.0026105294183378885,45.07677248890221,5.777712362226364e-05,-0.31163388262288144,-0.08367072566488458,1.8183680067975023,1
1766692800000,0.001796,0.001811,0.001727,0.001733,1058731099.0,2025-12-25 20:00:00,0.001952140914886841,0.0026017977823345265,38.077301513440716,5.9650186220673376e-05,-0.3339221011845804,-0.11225670914209791,0.8471971137683192,1
1766707200000,0.001732,0.001831,0.001723,0.001778,1681160059.0,2025-12-26 00:00:00,0.0019453118594010825,0.0025936007894754765,44.592104441208846,6.310374434776814e-05,-0.3144665874505774,-0.0860077311473308,1.2991605175383851,1
1766721600000,0.001778,0.001781,0.001733,0.00174,620400585.0,2025-12-26 04:00:00,0.0019372604139343734,0.0025851072492816905,40.69822383411031,6.202490546578471e-05,-0.3269138058069025,-0.10182441788182629,0.48148952159696073,1
1766736000000,0.001739,0.001785,0.001736,0.001776,537444356.0,2025-12-26 08:00:00,0.0019309364761330254,0.0025770564308808777,45.54923460614455,6.109455507537151e-05,-0.31084163361027534,-0.08023903326084954,0.4354434228475542,1
1766750400000,0.001777,0.001798,0.001751,0.001783,851631225.0,2025-12-26 12:00:00,0.0019251350456964363,0.0025691553718671374,46.4662412824118,6.00878011414164e-05,-0.3059975976835522,-0.07383120784911873,0.6991589452379868,1
1766764800000,0.001783,0.001791,0.001757,0.001784,563359039.0,2025-12-26 16:00:00,0.0019196003380220663,0.0025613428806047778,46.604584897198926,5.8224386774172365e-05,-0.3034903630010026,-0.07063988025850595,0.5069209760608683,1
1766779200000,0.001784,0.001825,0.00178,0.001806,620376357.0,2025-12-26 20:00:00,0.0019151454228055148,0.0025538270310465215,49.68518032663976,5.7279787718874346e-05,-0.2928260300933821,-0.05699067105077929,0.6425448741331817,1
1766793600000,0.001807,0.001854,0.0018,0.001831,904696805.0,2025-12-27 00:00:00,0.0019118456023033378,0.00254663472227989,53.00335729990094,5.704551716752618e-05,-0.281011923704242,-0.04228667953413043,0.9578931197990379,0
1766808000000,0.001831,0.001867,0.001823,0.001849,683834705.0,2025-12-27 04:00:00,0.0019093810688796775,0.0025396930832522293,55.28963519741625,5.6113694512702885e-05,-0.27195927248333307,-0.03162337254925541,0.7507664387381365,0
1766822400000,0.001849,0.001863,0.001829,0.00185,782656730.0,2025-12-27 08:00:00,0.0019070523995118472,0.0025328304655084263,55.419389084598066,5.453414490465269e-05,-0.26959185575468775,-0.029916534819101448,0.9011830211054106,0
1766836800000,0.00185,0.00186,0.001826,0.001857,630094827.0,2025-12-27 12:00:00,0.0019050895603153044,0.0025261057842595864,56.37381478682112,5.306742026860609e-05,-0.26487639133279783,-0.025242676941311517,0.7625605243075867,0
1766851200000,0.001858,0.00186,0.001831,0.001836,298490781.0,2025-12-27 16:00:00,0.0019023801657931357,0.002519239060038098,52.72683189449996,5.134831882084852e-05,-0.27120850532849616,-0.03489321797331748,0.3717861542517007,0
1766865600000,0.001837,0.00188,0.001834,0.001875,544635850.0,2025-12-27 20:00:00,0.001901306433801248,0.0025128287211322463,58.1425832776683,5.096629604793078e-05,-0.2538289680344188,-0.013835977901076161,0.6993557538070588,2
1766880000000,0.001876,0.001878,0.001852,0.001866,294587905.0,2025-12-28 00:00:00,0.0018999218677698266,0.0025063926144543135,56.53301737726598,4.9182989187364294e-05,-0.2555037110950546,-0.017854348826272997,0.39368576369258756,2
1766894400000,0.001866,0.001874,0.00185,0.001854,163441695.0,2025-12-28 04:00:00,0.0018981210102102255,0.002499901145653773,54.371737209770075,4.73842042454097e-05,-0.2583706746871614,-0.02324457185442508,0.22289757359118542,2
1766908800000,0.001855,0.001893,0.001851,0.001887,392637152.0,2025-12-28 08:00:00,0.0018976848921627657,0.0024938026267915464,59.01238806697538,4.699961822788044e-05,-0.2433242391649258,-0.005630488078865551,0.5464587109425204,2
1766923200000,0.001888,0.00191,0.001878,0.00188,673010361.0,2025-12-28 12:00:00,0.0018969913669799122,0.00248769513796775,57.672457778309735,4.5928216925888986e-05,-0.24428038978449296,-0.008957008068499108,0.9249605803485847,2
1766937600000,0.00188,0.001893,0.001844,0.001846,418909288.0,2025-12-28 16:00:00,0.0018949917055297197,0.002481310111719315,51.54990617531508,4.61476300026112e-05,-0.2560381746395676,-0.02585325592020188,0.57176433750963,1
1766952000000,0.001845,0.001889,0.001838,0.001882,619870503.0,2025-12-28 20:00:00,0.0018944822268814954,0.00247534682702559,56.78158524057413,4.649422785956755e-05,-0.239702501705009,-0.006588727360109581,0.8438726087706191,2
1766966400000,0.001882,0.001925,0.001865,0.001922,999295181.0,2025-12-29 00:00:00,0.0018955613552390838,0.0024698408884482213,61.7267824961243,4.7458925869598456e-05,-0.22181221916381208,0.013947659719820356,1.4982762816874327,2
1766980800000,0.001921,0.001923,0.001872,0.001895,639891590.0,2025-12-29 04:00:00,0.0018955393413081394,0.0024641210786129153,56.98679218713421,4.7711859736055715e-05,-0.23096311441533576,-0.00028453184610098054,0.9905116748050524,2
1766995200000,0.001896,0.00191,0.001853,0.001866,502129620.0,2025-12-29 08:00:00,0.0018943809357666438,0.002458169625094379,52.33800274103153,4.837529832633745e-05,-0.24089860156483028,-0.014981641353542349,0.8553151291320352,2
1767009600000,0.001866,0.001868,0.001755,0.001788,1681218953.0,2025-12-29 12:00:00,0.0018902091343640304,0.0024515012706158284,42.334699485485174,5.2991348445884784e-05,-0.2706510000907133,-0.05407292373413436,2.626450541186644,1
1767024000000,0.001787,0.001812,0.001774,0.001794,444607787.0,2025-12-29 16:00:00,0.0018864362271340685,0.002444958969415671,43.233492718966076,5.192053784260731e-05,-0.2662453552630562,-0.049000451647655444,0.6996531924401929,1
1767038400000,0.001794,0.001821,0.001771,0.001809,621127338.0,2025-12-29 20:00:00,0.0018833995123444974,0.0024386310194712364,45.51966874465246,5.178335656813535e-05,-0.2581903594450947,-0.03950277774675811,0.9954863143966771,1
1767052800000,0.001809,0.001817,0.001775,0.001793,380017890.0,2025-12-30 00:00:00,0.001879854433429027,0.0024322068302227665,43.50692144386944,5.1084545384697115e-05,-0.2628094051377289,-0.04620274415109712,0.6181398431211739,1
1767067200000,0.001793,0.001807,0.00178,0.001799,293763348.0,2025-12-30 04:00:00,0.0018766836713337712,0.0024259062647479135,44.49801494238662,4.936422071436162e-05,-0.2584214707129494,-0.041394121193882874,0.49087702065625316,1
1767081600000,0.001799,0.001828,0.001797,0.001812,467608427.0,2025-12-30 08:00:00,0.0018741470567716625,0.002419797744700671,46.680649470593714,4.8052490663335794e-05,-0.25117708537076744,-0.03316018161281044,0.810987379796453,1
1767096000000,0.001812,0.001818,0.001775,0.001805,518339608.0,2025-12-30 12:00:00,0.0018714354074864993,0.002413680354206137,45.63987572242423,4.769159847309752e-05,-0.25217935471258085,-0.035499706386194665,0.9120611271269188,1
1767110400000,0.001806,0.001821,0.001776,0.001797,500049136.0,2025-12-30 16:00:00,0.0018685163718987934,0.002407544231278713,44.420931778483244,4.749934143930483e-05,-0.253596267660028,-0.03827441545300361,0.9023122369799493,1
1767124800000,0.001797,0.001848,0.001791,0.001844,497879695.0,2025-12-30 20:00:00,0.0018675549455498212,0.0024019368259923578,52.45501854153793,4.8177959907925915e-05,-0.23228622000158008,-0.012612718895339646,0.9092437465987963,1
1767139200000,0.001843,0.001918,0.001824,0.001906,1143752345.0,2025-12-31 00:00:00,0.0018690625947439458,0.0023970021312063644,60.55518114183034,5.145096277164549e-05,-0.2048400895493792,0.019762529815709237,1.9390934789479446,1
1767153600000,0.001906,0.001928,0.001875,0.001915,976149841.0,2025-12-31 04:00:00,0.0018708640616167322,0.002392206090099834,61.57847222040665,5.156160828795654e-05,-0.1994836866584177,0.023591205416136532,1.5965437973030452,1
1767168000000,0.001914,0.001944,0.001885,0.001941,694848416.0,2025-12-31 08:00:00,0.0018736144905729388,0.0023877164772630197,64.44786762250764,5.209292198167394e-05,-0.18708941430729653,0.035965514659557926,1.1004406942526819,1
1767182400000,0.001941,0.001948,0.001896,0.001903,1189801814.0,2025-12-31 12:00:00,0.0018747668634916473,0.0023828934277380144,57.6690563202283,5.208628469726867e-05,-0.2013910576746011,0.01505954530035275,1.7426727275933966,1
1767196800000,0.001903,0.001971,0.001874,0.001935,1345794523.0,2025-12-31 16:00:00,0.0018771289472762887,0.002378436776715746,61.355315162252936,5.5294407218892344e-05,-0.18644043056215415,0.030829556385927666,1.8425362453244787,1
1767211200000,0.001935,0.00194,0.001899,0.001915,728018884.0,2025-12-31 20:00:00,0.0018786140865987872,0.002373825465504644,57.958220709964266,5.427337813182861e-05,-0.19328525713962028,0.019368487472107267,0.9929962499206988,1
1767225600000,0.001915,0.001972,0.001915,0.001927,1184166304.0,2026-01-01 00:00:00,0.0018805115733988348,0.0023693794409722596,59.41035447302742,5.446813683669798e-05,-0.18670687916103978,0.024721159528490418,1.5350542951395052,1
1767240000000,0.001927,0.001964,0.001907,0.001952,563053119.0,2026-01-01 04:00:00,0.0018833150411086844,0.0023652264117088543,62.3295912010993,5.464898420550527e-05,-0.17470902982615608,0.03647024390081948,0.7325929321340319,1
1767254400000,0.001951,0.001982,0.001935,0.001982,694402139.0,2026-01-01 08:00:00,0.0018871850394965792,0.002361413213582398,65.53307494880603,5.410262819082631e-05,-0.16067209728483173,0.05024147527616754,0.9217755584052953,1
1767268800000,0.001982,0.002057,0.001971,0.002012,2355452922.0,2026-01-01 12:00:00,0.0018920797438300469,0.0023579364651885436,68.42477552747268,5.6381011891481555e-05,-0.14671152946476113,0.06338012790475953,2.8070877871558912,1
1767283200000,0.002013,0.00209,0.002013,0.002089,1950871829.0,2026-01-01 16:00:00,0.001899802106817104,0.0023552604804602997,74.36872541321817,5.79252253278043e-05,-0.11304927105483593,0.0995882110584008,2.1401787369319933,1
1767297600000,0.002089,0.002141,0.00206,0.00211,959006403.0,2026-01-01 20:00:00,0.0019080451614517273,0.00235282007766965,75.71161581337687,5.957342351867542e-05,-0.1032038446008805,0.10584384616694091,1.0954619799644416,1
1767312000000,0.00211,0.002201,0.002083,0.002176,1482563124.0,2026-01-02 00:00:00,0.0019185531943359735,0.002351060673911743,79.36992563946083,6.374675041019858e-05,-0.0744602960928582,0.13418799459096098,1.5987380542354324,1
1767326400000,0.002176,0.002238,0.002128,0.002143,1894303111.0,2026-01-02 04:00:00,0.0019273550298522099,0.002348990418449935,73.41569742602158,6.705055395232724e-05,-0.0876931710031687,0.11188648007644228,1.911521824527352,1
1767340800000,0.002143,0.002209,0.002141,0.00216,996310893.0,2026-01-02 08:00:00,0.0019364783620148683,0.0023471099167738166,74.4778958302594,6.7118371527161e-05,-0.07971928175865133,0.11542687094761118,0.9750482173357399,1
1767355200000,0.00216,0.002212,0.002142,0.002163,1286275174.0,2026-01-02 12:00:00,0.0019453615635044814,0.0023452779773034307,74.67023535761724,6.732420213236379e-05,-0.0777212676140896,0.11187557139941262,1.2005192222930785,1
1767369600000,0.002163,0.00227,0.002162,0.00224,1382501126.0,2026-01-02 16:00:00,0.0019569160119945017,0.0023442304352407103,79.03699892286166,7.022961626576639e-05,-0.04446253818473606,0.14465822052167535,1.2374951336080575,1
1767384000000,0.002241,0.002343,0.002207,0.002273,1226741917.0,2026-01-02 20:00:00,0.0019693114625045213,0.0023435216746910516,80.58203997870186,7.492750081821163e-05,-0.0300921794121442,0.154210516354409,1.0643284448227903,1
1767398400000,0.002272,0.00233,0.002248,0.002302,1215427492.0,2026-01-03 00:00:00,0.0019823580718180698,0.002343108523699101,81.84816296349094,7.543267933119651e-05,-0.0175444386306967,0.16124328532068805,1.0227719719602892,1
1767412800000,0.002303,0.002354,0.002193,0.002196,2366123550.0,2026-01-03 04:00:00,0.0019907361866487337,0.002341644757294135,65.1313059628194,8.154463080753963e-05,-0.0621976313189509,0.10310950025820033,1.8459695012222959,1
1767427200000,0.002196,0.002249,0.002176,0.002213,1483433944.0,2026-01-03 08:00:00,0.0019994524146232933,0.0023403647099578748,66.31940643156432,8.093430003557253e-05,-0.05442088124810562,0.10680303457831493,1.1421904639651923,1
1767441600000,0.002213,0.002286,0.002178,0.002245,1403340154.0,2026-01-03 12:00:00,0.0020090817316968895,0.0023394158073712294,68.49549180665177,8.286756431874593e-05,-0.04035871138159196,0.11742591880712176,1.0630383571112096,1
1767456000000,0.002246,0.002345,0.002239,0.002289,1386588329.0,2026-01-03 16:00:00,0.0020200589186891685,0.00233891415754664,71.24639829497606,8.45198811531212e-05,-0.021340739413453554,0.1331352659185551,1.0235323565967536,1
1767470400000,0.002289,0.002384,0.002253,0.002328,1430798138.0,2026-01-03 20:00:00,0.0020321350395248873,0.0023388055589640866,73.4585945536989,8.783988964218397e-05,-0.0046201185569579575,0.14559315927365046,1.04685500550832,1
1767484800000,0.002328,0.002386,0.002291,0.002342,1344788525.0,2026-01-04 00:00:00,0.0020442866066023428,0.002338837344447031,74.2252049996948,8.83513260963137e-05,0.0013522340749679423,0.14563192481726644,0.9839615900581481,1
1767499200000,0.002342,0.00235,0.002259,0.002285,951968021.0,2026-01-04 04:00:00,0.002053726347519898,0.002338301649477409,65.88172410532098,8.854051708943414e-05,-0.022795027104104106,0.1126117180896037,0.6908803298509815,1
1767513600000,0.002285,0.002348,0.002258,0.002305,1414010498.0,2026-01-04 08:00:00,0.0020635802162446075,0.0023379702897811166,67.27185926399079,8.864476586876026e-05,-0.014102099554140672,0.11699074349275304,1.017714490188286,1
1767528000000,0.002305,0.002375,0.002283,0.002363,1620099423.0,2026-01-04 12:00:00,0.0020753221685487406,0.002338219341624091,70.9663476392733,8.888442544956311e-05,0.010598089723565856,0.13861839660896155,1.123313604448573,1
1767542400000,0.002362,0.002407,0.002287,0.002301,964051535.0,2026-01-04 16:00:00,0.002084172279586045,0.0023378489999163884,62.80477228114384,9.110696648888002e-05,-0.015761924708441906,0.10403541134182114,0.662244837393152,1
1767556800000,0.002301,0.002367,0.002298,0.002355,441692206.0,2026-01-04 20:00:00,0.0020947929745042393,0.0023380196566336383,66.42641807046891,8.952789745396002e-05,0.007262703424320427,0.12421610567857765,0.32476299006679404,1
1767571200000,0.002354,0.002417,0.002296,0.002316,1418191428.0,2026-01-05 00:00:00,0.0021034677598177984,0.002337800555572607,61.750020890703105,9.177590477867716e-05,-0.00932524184778779,0.1010389815533046,1.0635818171397011,1
1767585600000,0.002315,0.002328,0.002204,0.00225,1585084367.0,2026-01-05 04:00:00,0.002109214122177885,0.0023369269182037253,54.72825754328974,9.407762586591454e-05,-0.03719710596279224,0.06674802540993109,1.1614767743669512,1
1767600000000,0.002249,0.002276,0.002219,0.002259,927193312.0,2026-01-05 08:00:00,0.002115088078170909,0.002336151525982793,55.471836550168035,9.142922401834921e-05,-0.03302505215295752,0.0680406283380612,0.6935158211431043,1
1767614400000,0.002259,0.002387,0.002244,0.002349,1423713598.0,2026-01-05 12:00:00,0.0021242610947132265,0.0023362793714954023,62.164304692456504,9.511285087418141e-05,0.005444823363078995,0.1057962723349283,1.0839770942866618,1
1767628800000,0.002349,0.002466,0.00227,0.002401,2038936042.0,2026-01-05 16:00:00,0.002135113600802904,0.002336923357848682,65.40003765476527,0.00010231907581173988,0.027419231330849222,0.12453032901720543,1.4931266664777678,1
1767643200000,0.0024,0.002569,0.002391,0.002504,1612421079.0,2026-01-05 20:00:00,0.002149579734104751,0.0023385858119994414,70.7381872997084,0.00010772485611090134,0.07073257143347375,0.16487886458552647,1.1668523873511842,2
1767657600000,0.002505,0.002524,0.002405,0.002457,1631079020.0,2026-01-06 00:00:00,0.0021616354308065253,0.002339764062626313,65.75305839389576,0.00010853022353155127,0.05010588001000984,0.1366394004206674,1.169832594513441,1
1767672000000,0.002458,0.002504,0.002382,0.002417,1131479576.0,2026-01-06 04:00:00,0.002171649727637642,0.002340532579416101,61.763704022495006,0.00010949235042215476,0.03267094902091712,0.1129787503205014,0.8142946859749569,1
1767686400000,0.002417,0.002489,0.002415,0.002467,961545328.0,2026-01-06 08:00:00,0.0021832320912596953,0.002341790961710468,64.6507982931893,0.00010695718253485798,0.05346721391309752,0.1299760615815126,0.6983777884140127,1
1767700800000,0.002467,0.002569,0.002443,0.002468,2738334040.0,2026-01-06 12:00:00,0.0021943994602299038,0.0023430467730367324,64.70819324845085,0.00010831738378236815,0.05332937797111097,0.12468128284238263,1.9623481388415558,1
1767715200000,0.002468,0.002481,0.002331,0.00238,2007738544.0,2026-01-06 16:00:00,0.0022016779127699074,0.002343414466837362,56.07914580960581,0.00011129471351219899,0.015612062518336108,0.08099372128675611,1.4122567368970946,1
1767729600000,0.00238,0.002718,0.00238,0.002651,2529730685.0,2026-01-06 20:00:00,0.0022192983867789307,0.002346475019406145,69.54714108338204,0.0001274879482613276,0.12977976670338714,0.19452166314942318,1.711622661906514,2
1767744000000,0.00265,0.00266,0.002525,0.00255,2154834644.0,2026-01-07 00:00:00,0.002232267077493482,0.0023485001435911584,61.925656692623996,0.0001280245233855185,0.08579938006762164,0.14233642815862646,1.4210344693977908,2
1767758400000,0.002551,0.002558,0.002445,0.002523,1027536239.0,2026-01-07 04:00:00,0.002243668368572169,0.002350236460570351,60.03170864865876,0.00012695134314369573,0.0735090031697165,0.12449773564601821,0.6867541362681032,2
1767772800000,0.002523,0.00253,0.002425,0.002474,1527393511.0,2026-01-07 08:00:00,0.002252700981569339,0.002351467938574626,56.645749111223374,0.0001253833900620032,0.05210875275622454,0.09823719181606318,1.014642330335053,2
1767787200000,0.002474,0.002474,0.002298,0.002341,2126957084.0,2026-01-07 12:00:00,0.002256163688174463,0.002351363779981844,48.62839225200794,0.00012899886220043153,-0.004407561292759078,0.0376020198668214,1.3598590738086689,2
1767801600000,0.00234,0.002365,0.002317,0.002351,921131962.0,2026-01-07 16:00:00,0.002259882759226445,0.0023513601602805317,49.210456920835874,0.000123213229186115,-0.0001531710397308779,0.040319454804258956,0.5983485434209344,2
1767816000000,0.002352,0.002362,0.002309,0.002354,756488865.0,2026-01-07 20:00:00,0.0022635736314136437,0.002351386427342417,49.39569976591151,0.00011819799852996393,0.0011115028253935236,0.039948498838928245,0.5055808786141668,2
1767830400000,0.002355,0.002378,0.00224,0.00225,1508104187.0,2026-01-08 00:00:00,0.0022630413321425204,0.0023503776071698555,43.47583439058263,0.00011961242720639509,-0.04270701306192355,-0.005762745893011955,0.9899079042342072,1
1767844800000,0.00225,0.002304,0.002196,0.00225,1731785123.0,2026-01-08 04:00:00,0.002262529907352618,0.0023493788250089614,43.47583439058263,0.00011878296812022402,-0.04230004286711083,-0.005538007392476614,1.0905558226562502,1
1767859200000,0.00225,0.002255,0.002057,0.002101,2674673429.0,2026-01-08 08:00:00,0.0022561954011819274,0.002346907393914345,36.25603276695904,0.00012444132754020805,-0.10477933409387848,-0.06878632989883189,1.6202207510249473,1
1767873600000,0.002101,0.002166,0.00205,0.002164,2056180969.0,2026-01-08 12:00:00,0.002252579895253224,0.002345087419845545,40.7372702064983,0.0001238383755730503,-0.0772199016177708,-0.03932375292875743,1.2280378500082891,1
1767888000000,0.002165,0.002235,0.002153,0.002198,1378320451.0,2026-01-08 16:00:00,0.0022504395072040786,0.0023436238634291714,43.063603286809396,0.00012084992017497529,-0.06213619245884275,-0.02330189593464299,0.8122487126845663,1
1767902400000,0.002198,0.002209,0.002152,0.002184,499916994.0,2026-01-08 20:00:00,0.00224783403633333,0.0023420355662806228,42.326820130751386,0.0001162892115910485,-0.06747786778131565,-0.028398020183668094,0.3028461221157422,1
1767916800000,0.002185,0.002204,0.002131,0.002193,701503067.0,2026-01-09 00:00:00,0.0022456836819673173,0.0023405526253226067,43.00195177485427,0.00011319712504883073,-0.06304178924508007,-0.023459974523733468,0.4429078757202249,1
1767931200000,0.002193,0.002223,0.002171,0.002194,520626681.0,2026-01-09 04:00:00,0.0022436568709097754,0.00233909439024477,43.08167939826185,0.0001088259018310571,-0.062030156136446746,-0.022132114564220307,0.34044175004524196,1
1767945600000,0.002194,0.002244,0.002123,0.002226,1591718341.0,2026-01-09 08:00:00,0.002242964444599588,0.0023379690729289017,45.699197786892825,0.00010969548027169588,-0.04789159712392252,-0.007563403263227598,1.0421779320307019,1
1767960000000,0.002226,0.002294,0.002174,0.002196,1856084789.0,2026-01-09 12:00:00,0.002241122701674114,0.0023365564453375694,43.671551285520515,0.00011043151739514616,-0.0601553819159985,-0.02013397197770899,1.1871115336443434,1
1767974400000,0.002197,0.002526,0.002195,0.002387,6006105588.0,2026-01-09 16:00:00,0.002246843380039835,0.0023370583712546086,56.81045409229472,0.00012618640900977858,0.021369440044657906,0.06237934571019351,3.3077671854609756,1
1767988800000,0.002386,0.002425,0.002339,0.002351,1474460419.0,2026-01-09 20:00:00,0.0022509279533716067,0.002337197093928692,54.24228789501459,0.00012331595122336584,0.00590575185428875,0.044458129580956934,0.8413158847349536,1
1768003200000,0.00235,0.002352,0.002218,0.002235,1299320772.0,2026-01-10 00:00:00,0.002250303327749191,0.0023361802074219388,46.88717850992951,0.000124079097564554,-0.04331010386120635,-0.006800562199984731,0.7566756233428549,1
1768017600000,0.002235,0.002276,0.00222,0.002276,819851416.0,2026-01-10 04:00:00,0.0022513110403864778,0.0023355813993878897,49.49396215281333,0.00011921630488137156,-0.02551030737079214,0.010966480939605632,0.5024677800997852,1
1768032000000,0.002276,0.002379,0.002262,0.00235,1485660508.0,2026-01-10 08:00:00,0.0022551811956654393,0.002335724868050697,53.892512966909514,0.00011905799738984503,0.006111649597333238,0.04204487183415984,0.9295888223877,1
1768046400000,0.002349,0.002457,0.002347,0.002406,2352166571.0,2026-01-10 12:00:00,0.0022610956585805203,0.002336424123094969,56.94813264255514,0.00011841099757628465,0.029778787257540774,0.0640858960874077,1.4132027893338852,1
1768060800000,0.002407,0.002425,0.002334,0.002369,894593801.0,2026-01-10 16:00:00,0.0022653272013812846,0.002336748261173626,54.38367924495641,0.0001164530691779786,0.013801974034710734,0.045765043811552185,0.5478952482278115,1
1768075200000,0.002369,0.00239,0.002257,0.002287,1025571876.0,2026-01-10 20:00:00,0.002266177115052607,0.0023362532535997596,49.105959373098045,0.00011763499280812302,-0.0210821551661272,0.009188551419516707,0.6500369124148554,1
1768089600000,0.002288,0.002319,0.002282,0.002305,525468453.0,2026-01-11 00:00:00,0.0022676995811289754,0.002335942275952001,50.2473577114649,0.00011187535046468564,-0.013246164629385125,0.01644857157510023,0.3372862800074957,1
1768104000000,0.002305,0.002351,0.002287,0.002341,558607439.0,2026-01-11 04:00:00,0.002270574107359212,0.002335992601564419,52.539881249466596,0.00010845568257435094,0.0021435848864536297,0.031016777832764558,0.36084911670716546,1
1768118400000,0.00234,0.002472,0.002318,0.002455,1905926663.0,2026-01-11 08:00:00,0.0022778064953059094,0.002337176754782684,58.984954845642655,0.00011170884810475442,0.050412637801658916,0.07779128958462894,1.215570915860159,1
1768132800000,0.002454,0.002496,0.002417,0.002442,1241307642.0,2026-01-11 12:00:00,0.002284245456274305,0.0023382197721480307,58.017389229952954,0.00010937250181155769,0.044384291454618315,0.06906199300621528,0.804266549947085,1
1768147200000,0.002441,0.002521,0.002438,0.002455,1070631434.0,2026-01-11 16:00:00,0.002290941712890999,0.002339381764464966,58.74615553643512,0.0001074887516821607,0.04942255996488756,0.0716117246396337,0.7317048664324091,1
1768161600000,0.002454,0.002454,0.002356,0.002398,800435761.0,2026-01-11 20:00:00,0.002295140077091352,0.00233996503049019,54.29573788706953,0.00010688241227629208,0.024801639662816826,0.04481640311862922,0.5715708348558174,1
1768176000000,0.002399,0.002466,0.002342,0.00242,1611862463.0,2026-01-12 00:00:00,0.0023000365446563973,0.002340761398346009,55.69096877336958,0.00010810509711369978,0.0338516355020127,0.05215719533774793,1.141472061151935,1
1768190400000,0.00242,0.002506,0.002389,0.002407,934073293.0,2026-01-12 04:00:00,0.0023042311899639898,0.0023414204889097303,54.62970439958893,0.00010874044731986408,0.028008429669463732,0.04460004294864881,0.6514674591552279,1
1768204800000,0.002407,0.002431,0.00233,0.002394,1751344837.0,2026-01-12 08:00:00,0.002307751535455598,0.0023419436681245587,53.53112892720308,0.00010818755822558808,0.022227832626362087,0.03737337543461954,1.1783324468913072,1
1768219200000,0.002394,0.002488,0.002315,0.002485,1424858012.0,2026-01-12 12:00:00,0.0023147024556338103,0.0023433671142128716,59.64823861444709,0.00011281701835233182,0.0604399050102323,0.07357211029508273,0.9303661002000141,1
1768233600000,0.002484,0.002653,0.002463,0.00257,3161069666.0,2026-01-12 16:00:00,0.0023247141240403273,0.0023456221678027933,64.36671920749562,0.0001183300884700224,0.09565813082649506,0.1055122750032457,1.9634338082480531,1
1768248000000,0.002571,0.002577,0.002418,0.002438,1670536893.0,2026-01-12 20:00:00,0.002329156707411295,0.0023465413502127158,53.83814721873399,0.00012123508215073508,0.03897593783250123,0.04673077266221264,1.0436337460185656,1
1768262400000,0.002437,0.002535,0.002403,0.002408,1811935048.0,2026-01-13 00:00:00,0.0023322486012383034,0.002347152879066321,51.76570588823591,0.00012200400485425398,0.025923799628204677,0.032479984647209796,1.3026281069768741,1
1768276800000,0.002408,0.002617,0.002403,0.002523,2051635019.0,2026-01-13 04:00:00,0.0023397290482485658,0.0023489026016626758,58.37963180437332,0.0001285751473646644,0.07411861105440859,0.07832998948686992,1.4449732785815048,1
1768291200000,0.002524,0.002614,0.002459,0.002476,2352143482.0,2026-01-13 08:00:00,0.002345073007140779,0.0023501672523924,55.056867054720314,0.00013046263683861697,0.05354203939294352,0.055830668154273476,1.5973983146003852,1
1768305600000,0.002475,0.002691,0.002464,0.002606,3823798060.0,2026-01-13 12:00:00,0.0023553054382332976,0.002352712851871083,61.57190919197971,0.00013735816277871574,0.10765748481693405,0.10643823841155267,2.3564688589710188,1
1768320000000,0.002606,0.0027,0.002576,0.002684,2271764525.0,2026-01-13 16:00:00,0.002368195421047678,0.0023560092414047044,64.8631013893546,0.00013640400829452177,0.13921454671363703,0.1333524151535652,1.3668970601701804,1
1768334400000,0.002685,0.002757,0.002598,0.002665,2630904067.0,2026-01-13 20:00:00,0.0023798348163007106,0.0023590837763161005,63.43783362829912,0.00013801800770205593,0.12967586261883934,0.1198256205624216,1.5698235569327506,1
1768348800000,0.002665,0.002842,0.002652,0.002803,1875006977.0,2026-01-14 00:00:00,0.0023964295293869573,0.0023635008531686765,68.80024475210017,0.00014173100715190909,0.18595260765068047,0.16965676045439546,1.0869958036300529,1
1768363200000,0.002803,0.002873,0.002722,0.002838,2276315099.0,2026-01-14 04:00:00,0.002413746018430606,0.002368222237714262,70.00194173928368,0.00014239307806962988,0.198367262499466,0.17576579239485998,1.2734763565399791,0
1768377600000,0.002837,0.002877,0.002719,0.002811,2869955785.0,2026-01-14 08:00:00,0.0024293246059431312,0.002372627986592727,67.83146379235788,0.00014350785820751346,0.18476221973458562,0.15711173102315484,1.5067713207590383,1
1768392000000,0.002811,0.002898,0.002748,0.002878,2544895955.0,2026-01-14 12:00:00,0.0024469197194355577,0.0023776565638405607,70.29296639958184,0.0001439715826212625,0.2104355371455534,0.17617262926136437,1.269895465993383,0
1768406400000,0.002879,0.003028,0.002871,0.002961,4180061931.0,2026-01-14 16:00:00,0.0024670797304380846,0.002383460976140655,73.04466985534559,0.00014490218386260087,0.24231108863989348,0.20020442123052462,1.9738438102749145,2
1768420800000,0.002961,0.002966,0.002792,0.002818,1541967976.0,2026-01-14 20:00:00,0.0024808413096365912,0.00238778474752234,62.33203554575552,0.0001469805993009865,0.18017338159315596,0.1359049807231717,0.7229918557962622,0
1768435200000,0.002819,0.002881,0.002614,0.002646,3238628522.0,2026-01-15 00:00:00,0.002487318121023392,0.0023903540535171425,52.38118581253929,0.00015555341363663033,0.10694898778978061,0.06379637475214442,1.4450681794105944,1
1768449600000,0.002646,0.002765,0.00263,0.002756,2177845837.0,2026-01-15 04:00:00,0.0024978546652969845,0.00239399232164135,57.09825980377236,0.00015408531266258532,0.1512150540693687,0.10334681928835251,0.9427780914153479,1
1768464000000,0.002757,0.002865,0.002724,0.002855,2095664382.0,2026-01-15 08:00:00,0.0025118603646971027,0.0023985794627195455,60.85647179029499,0.00015315064747240065,0.19028785344595503,0.13660776694658158,0.8978006105337526,0
1768478400000,0.002855,0.002981,0.00276,0.002847,4144863188.0,2026-01-15 12:00:00,0.0025250030954932948,0.0024030413586128836,60.39605157048196,0.00015799702979580062,0.18474864770674793,0.12752337020157148,1.6614277853081312,0
1768492800000,0.002846,0.002941,0.002701,0.002736,3335882276.0,2026-01-15 16:00:00,0.0025332774839053225,0.002406354379920218,54.26182656758264,0.0001638543848103863,0.13698963994268853,0.08002381001790568,1.2959982894394477,1
1768507200000,0.002735,0.002756,0.002669,0.002718,1892045629.0,2026-01-15 20:00:00,0.002540521504144329,0.002409455331363798,53.31614675352976,0.00015836478589535875,0.12805577452293326,0.06985908033691184,0.7284534357201594,1
1768521600000,0.002719,0.002816,0.00271,0.002773,1897014433.0,2026-01-16 00:00:00,0.002549638307903375,0.002413072691250725,55.84820086751797,0.00015462444404569026,0.14915725914693437,0.08760524636151243,0.7485821607977193,1
1768536000000,0.002773,0.002955,0.002722,0.002905,2437327067.0,2026-01-16 04:00:00,0.0025635740605346154,0.0024179674903427577,61.27664300449331,0.0001602226980424267,0.2014222737081561,0.13318356770788306,0.947460990662718,2
1768550400000,0.002905,0.003048,0.002878,0.002923,2777861618.0,2026-01-16 08:00:00,0.002577669195415611,0.002422992689443825,61.9634134552849,0.00016092107675368193,0.20635939709374307,0.13397017941579165,1.059937339669513,2
1768564800000,0.002922,0.002967,0.002799,0.002823,2156887573.0,2026-01-16 12:00:00,0.0025872900112816656,0.0024269728616881656,56.01928309050365,0.00016142671412841897,0.163177406951458,0.0911030412866514,0.8213455092172759,2
1768579200000,0.002823,0.002978,0.002816,0.00293,1633444649.0,2026-01-16 16:00:00,0.002600729618682385,0.0024319781068454973,60.39701692164933,0.0001614676631192462,0.20478058242081937,0.12660692559207068,0.6306476100603665,2
1768593600000,0.00293,0.002969,0.002864,0.002953,1698124887.0,2026-01-16 20:00:00,0.0026145441434399386,0.002437162404289821,61.288987080890486,0.00015743425861072861,0.2116549946783263,0.12945119225057608,0.6836738389891501,2
1768608000000,0.002953,0.003024,0.002888,0.002971,1526820918.0,2026-01-17 00:00:00,0.0026285228044815095,0.002442474221162559,62.010127134377456,0.00015590324013853372,0.21638950137450205,0.13029264761735485,0.6240643889301469,2
1768622400000,0.00297,0.003003,0.002894,0.002946,976210203.0,2026-01-17 04:00:00,0.0026409728905802737,0.0024474844279171602,60.32913994607064,0.00015255300870006705,0.20368488003295798,0.11549800852090748,0.41297621190155515,2
1768636800000,0.002946,0.003099,0.00294,0.003019,1903367601.0,2026-01-17 08:00:00,0.0026557974831065375,0.0024531711500274376,63.44525229457072,0.0001530135080786337,0.2306520072870716,0.1367583632425984,0.8047183748315112,2
1768651200000,0.003018,0.00304,0.002863,0.002915,2404855886.0,2026-01-17 12:00:00,0.002665962287690595,0.002457766461967463,56.62157332293254,0.0001547268289301599,0.1860362020183633,0.09341381663922017,1.0139856480931,2
1768665600000,0.002914,0.002924,0.002846,0.00288,995159216.0,2026-01-17 16:00:00,0.0026743559234674343,0.0024619677907041053,54.497283816941824,0.00014924634114943418,0.16979597006683042,0.07689480473711152,0.4368668103163815,2
1768680000000,0.00288,0.002907,0.002766,0.002802,1265284927.0,2026-01-17 20:00:00,0.0026793615735275353,0.0024653511957717263,49.99560181620487,0.00014865731678161747,0.13655206804030723,0.04577151052853383,0.571501533268656,2
1768694400000,0.002801,0.002824,0.002757,0.002807,889079129.0,2026-01-18 00:00:00,0.0026843670020166516,0.002468750686361062,50.279131638545834,0.00014282465129721625,0.1370123421160511,0.045684140019311606,0.4338205536327971,2
1768708800000,0.002806,0.002839,0.002682,0.002706,2093945418.0,2026-01-18 04:00:00,0.0026852153548787435,0.002471111376049012,44.758348960740555,0.00014383717620455793,0.09505383942934398,0.0077404015597829605,1.008150997756656,2
1768723200000,0.002707,0.002762,0.002702,0.002729,1339955131.0,2026-01-18 08:00:00,0.0026869323997854595,0.0024736774320087236,46.20688960484294,0.00013784880647566095,0.1032157890464904,0.015656367170941685,0.676034156044833,2
1768737600000,0.00273,0.002748,0.002702,0.002732,820410984.0,2026-01-18 12:00:00,0.002688699756656618,0.002476247805819582,46.404300936144324,0.00013128817744168517,0.10328214873299799,0.016104529052074417,0.4285897965156172,2
1768752000000,0.002732,0.002771,0.002706,0.002712,647197218.0,2026-01-18 16:00:00,0.002689613491689692,0.002478593598796502,45.213051616929256,0.00012655330762442193,0.09416888727415025,0.008323317970956551,0.35139636342343467,2
1768766400000,0.002712,0.002722,0.002584,0.002594,1884920244.0,2026-01-18 20:00:00,0.0026858639429959788,0.0024797419211965367,38.87254323306838,0.0001273709285083918,0.04607660088608369,-0.034202753730521465,1.0903120195028868,2
1768780800000,0.002594,0.002594,0.002247,0.002528,6843703155.0,2026-01-19 00:00:00,0.0026796732001333912,0.002480222101085129,35.84471005108682,0.00014305871932922097,0.019263556636305933,-0.0566013796480262,3.5940406370477174,0
1768795200000,0.002527,0.002558,0.002469,0.002492,1329742131.0,2026-01-19 04:00:00,0.002672313466794827,0.0024803392941091574,34.27641549089247,0.00013919738223427662,0.0047012543479582804,-0.06747466905935076,0.7087929746430062,0
1768809600000,0.002492,0.002547,0.002485,0.002525,681108018.0,2026-01-19 08:00:00,0.0026665364680969906,0.0024807836792423996,36.99758672921906,0.00013368328350325687,0.01782352936597173,-0.05307876707870419,0.37521024748024234,0
1768824000000,0.002525,0.002525,0.002437,0.002487,1223033748.0,2026-01-19 12:00:00,0.0026594958222892658,0.002480845533180286,35.19075560672501,0.00013042019182445282,0.0024807940427569847,-0.0648603471543652,0.6970618230656688,1
1768838400000,0.002487,0.002605,0.002477,0.002597,1185814769.0,2026-01-19 16:00:00,0.0026570450057289024,0.0024820012990192887,43.753850119015894,0.00013024732097984907,0.046333054308291696,-0.02259841500593267,0.7079688585363523,0
1768852800000,0.002598,0.002673,0.002551,0.002641,1610095996.0,2026-01-19 20:00:00,0.0026564157898179654,0.0024835833756459624,46.782789358665205,0.00012965822662414558,0.06338286280125174,-0.0058032292523836106,0.9772290585223883,2
1768867200000,0.002641,0.002646,0.002572,0.002595,1082969203.0,2026-01-20 00:00:00,0.002654007327472163,0.0024846919987738633,44.108491331993164,0.00012568263900813518,0.04439504022251898,-0.022233294859952422,0.6684623963541285,0
1768881600000,0.002595,0.002618,0.002536,0.002542,1625033553.0,2026-01-20 04:00:00,0.0026496148832575684,0.002485262227641785,41.18711324987204,0.0001225624505075541,0.022829692467523765,-0.04061529241006578,1.0053192232407249,0
1768896000000,0.002542,0.00264,0.002516,0.002562,1202464455.0,2026-01-20 08:00:00,0.002646179005482762,0.002486025787565747,42.72860821208862,0.00012266513261415739,0.030560508589351696,-0.03181153100691486,0.7514381126263604,0
1768910400000,0.002563,0.002622,0.002502,0.002598,2177473388.0,2026-01-20 12:00:00,0.002644289632718732,0.00248713995883375,45.49772596889795,0.00012247476599886044,0.044573302267329445,-0.01750550777266383,1.3115091784492658,0
1768924800000,0.002599,0.002624,0.002433,0.00246,2583702851.0,2026-01-20 16:00:00,0.00263706258829839,0.0024868699094921206,37.927349895803985,0.00012736942557037043,-0.010804710527704325,-0.06714387026082785,1.5249405108744332,1
1768939200000,0.00246,0.00257,0.00237,0.0024,2612584241.0,2026-01-20 20:00:00,0.002627766016208257,0.002486005532283244,35.186058332302935,0.00013255732374391538,-0.034595873245806194,-0.08667667319060354,1.5325916190336846,1
1768953600000,0.0024,0.002504,0.002377,0.002433,1940219228.0,2026-01-21 00:00:00,0.002620128133219698,0.0024854781140515696,37.84686396180511,0.00013216037204792142,-0.021113891027600053,-0.07141945878415845,1.1074709595959569,1
1768968000000,0.002433,0.002527,0.002428,0.002515,1029968636.0,2026-01-21 04:00:00,0.00261600546132873,0.0024857718641605095,43.99898933844677,0.00012979177404449848,0.011758173089372062,-0.03861056974912694,0.5918778049556855,0
1768982400000,0.002515,0.00253,0.002468,0.002483,1062688723.0,2026-01-21 08:00:00,0.0026107895608844657,0.0024857442834225942,42.24177359803969,0.00012494950446989144,-0.0011040087433352897,-0.048946710527360174,0.6076494716007069,1
1768996800000,0.002483,0.002611,0.002452,0.002595,1900480784.0,2026-01-21 12:00:00,0.002610170362418408,0.0024868314049805787,49.79877384761574,0.00012738168272204205,0.0434965534063883,-0.005812020026291335,1.0927463613623647,0
1769011200000,0.002595,0.002744,0.002409,0.002695,2936046434.0,2026-01-21 16:00:00,0.002613497014872588,0.002488902734284255,55.40864536132032,0.00014221156252761045,0.08280647647527031,0.031185413514384717,1.6141143786728716,2
1769025600000,0.002694,0.002768,0.002631,0.002647,1903168687.0,2026-01-21 20:00:00,0.0026148108574266045,0.0024904758414058046,52.382757250958676,0.00014183930806135257,0.06284909734592802,0.012310313949466634,1.0160416318752747,2
1769040000000,0.002648,0.002689,0.002587,0.002606,742302967.0,2026-01-22 00:00:00,0.0026144653336059535,0.00249162533552117,49.87719797033682,0.0001389936431998274,0.04590363681420282,-0.003237883286170027,0.3952885829869897,0
1769054400000,0.002605,0.002673,0.002604,0.002645,577907990.0,2026-01-22 04:00:00,0.0026156627715037593,0.002493151451585636,52.218418284731655,0.0001339940972569826,0.06090626717353617,0.011215982739003785,0.31884131099263124,2
1769068800000,0.002644,0.002692,0.002615,0.002626,1315781632.0,2026-01-22 08:00:00,0.0026160681530134158,0.0024944733276892617,50.969340080481615,0.00012992309031005527,0.05272723137616269,0.0037964786869729345,0.856556522022526,2
1769083200000,0.002627,0.002629,0.002459,0.00248,5755697250.0,2026-01-22 12:00:00,0.00261073214701289,0.0024943293144784233,42.547226226138655,0.0001327857267164799,-0.0057447564743148835,-0.05007489840061498,3.2750702202352,1
1769097600000,0.002481,0.002545,0.002464,0.002508,1141545182.0,2026-01-22 16:00:00,0.0026067034353653255,0.002494465341200031,44.443228933823065,0.00012908674623673133,0.005425875668193381,-0.037865233929648225,0.6411557933264893,1
1769112000000,0.002508,0.002525,0.002447,0.002468,854358532.0,2026-01-22 20:00:00,0.0026012640849588423,0.0024942020044716726,42.295832755888306,0.00012543769293410766,-0.010505165349356967,-0.051230509708494555,0.48487579440510015,1
1769126400000,0.002467,0.002517,0.002462,0.002514,634337834.0,2026-01-23 00:00:00,0.002597841963980064,0.002494398999452054,45.55387047048958,0.00012040642915309996,0.007858005295965774,-0.03227369683859162,0.36573033942590877,1
1769140800000,0.002514,0.002536,0.002476,0.002482,710174171.0,2026-01-23 04:00:00,0.002593299141863199,0.002494275626323178,43.70520258402888,0.00011609168421359283,-0.004921519576115863,-0.04291797273462037,0.4203593785745262,1
1769155200000,0.002482,0.002497,0.002444,0.002461,1036973831.0,2026-01-23 08:00:00,0.002588110940221505,0.0024939445255637432,42.48666137842986,0.00011158513534119335,-0.013209806884656434,-0.04911340477955945,0.614632122517019,1
1769169600000,0.002461,0.002472,0.002372,0.002433,1612040418.0,2026-01-23 12:00:00,0.0025820281582520344,0.0024933381123740544,40.8512180036122,0.00011075762567396524,-0.02419973130583685,-0.05771747987168457,0.9558519855335142,1
1769184000000,0.002434,0.002542,0.002392,0.002405,2777438888.0,2026-01-23 16:00:00,0.0025750858775362684,0.0024924591261812775,39.22517337304555,0.00011356065241153914,-0.03508949264707682,-0.06605056515590824,1.5734017337864334,1
1769198400000,0.002406,0.002417,0.002358,0.002397,861775718.0,2026-01-23 20:00:00,0.0025681021176328853,0.0024915092841297226,38.750579321629225,0.00010966346295357207,-0.037932543431293944,-0.066625901072266,0.5070880575020774,1
1769212800000,0.002397,0.002448,0.002364,0.002437,542851991.0,2026-01-24 00:00:00,0.00256296085811787,0.0024909669031931083,42.4968871642886,0.00010783035845688835,-0.021665042246819696,-0.04914661795122791,0.3398310758540167,1
