timestamp,open,high,low,close,volume,datetime
1640995200000,511.5,520.0,511.4,518.1,62579.19,2022-01-01 00:00:00
1641009600000,518.1,521.8,513.7,515.8,82204.416,2022-01-01 04:00:00
1641024000000,515.9,517.2,512.3,513.8,68753.804,2022-01-01 08:00:00
1641038400000,513.7,521.0,513.7,518.7,64535.324,2022-01-01 12:00:00
1641052800000,518.7,525.0,517.5,524.2,102028.982,2022-01-01 16:00:00
1641067200000,524.3,527.9,524.2,527.3,66069.825,2022-01-01 20:00:00
1641081600000,527.4,527.8,522.7,523.2,50153.639,2022-01-02 00:00:00
1641096000000,523.2,523.3,518.0,522.1,61053.915,2022-01-02 04:00:00
1641110400000,522.1,524.7,519.8,523.1,49517.663,2022-01-02 08:00:00
1641124800000,523.1,526.8,521.6,525.9,67920.634,2022-01-02 12:00:00
1641139200000,526.0,533.9,523.4,529.0,129381.839,2022-01-02 16:00:00
1641153600000,528.9,532.5,528.1,531.0,46447.851,2022-01-02 20:00:00
1641168000000,531.0,531.1,523.1,524.3,64257.708,2022-01-03 00:00:00
1641182400000,524.3,526.9,522.7,525.5,54282.391,2022-01-03 04:00:00
1641196800000,525.5,532.0,524.0,531.0,71925.435,2022-01-03 08:00:00
1641211200000,531.1,532.8,526.4,527.2,92601.108,2022-01-03 12:00:00
1641225600000,527.3,528.4,514.1,514.1,189011.647,2022-01-03 16:00:00
1641240000000,514.2,515.9,510.0,511.9,191762.732,2022-01-03 20:00:00
1641254400000,511.9,512.7,502.0,509.3,177731.215,2022-01-04 00:00:00
1641268800000,509.3,512.4,506.4,512.4,77557.379,2022-01-04 04:00:00
1641283200000,512.4,515.6,509.9,515.3,101521.838,2022-01-04 08:00:00
1641297600000,515.4,520.0,512.4,515.6,138245.529,2022-01-04 12:00:00
1641312000000,515.6,516.9,505.7,509.8,133336.483,2022-01-04 16:00:00
1641326400000,509.9,512.8,506.1,506.9,59044.194,2022-01-04 20:00:00
1641340800000,506.9,513.4,505.5,512.1,74733.901,2022-01-05 00:00:00
1641355200000,512.1,514.4,511.1,513.3,45987.105,2022-01-05 04:00:00
1641369600000,513.3,516.0,509.7,511.7,80465.364,2022-01-05 08:00:00
1641384000000,511.6,513.5,508.7,512.4,93827.49,2022-01-05 12:00:00
1641398400000,512.5,512.8,491.4,492.8,207938.87,2022-01-05 16:00:00
1641412800000,492.9,495.0,457.0,474.1,482199.274,2022-01-05 20:00:00
1641427200000,474.2,475.9,464.3,465.2,263150.73,2022-01-06 00:00:00
1641441600000,465.3,472.3,461.6,472.1,163506.381,2022-01-06 04:00:00
1641456000000,472.0,472.5,458.8,462.7,173906.445,2022-01-06 08:00:00
1641470400000,462.6,472.9,459.1,472.2,166954.677,2022-01-06 12:00:00
1641484800000,472.3,481.3,470.0,477.6,130069.927,2022-01-06 16:00:00
1641499200000,477.6,478.9,472.1,472.6,89081.74,2022-01-06 20:00:00
1641513600000,472.6,473.9,453.2,453.8,199109.735,2022-01-07 00:00:00
1641528000000,453.9,455.2,437.5,447.3,372966.544,2022-01-07 04:00:00
1641542400000,447.3,457.7,445.8,453.3,194615.804,2022-01-07 08:00:00
1641556800000,453.3,457.0,438.2,445.1,306293.961,2022-01-07 12:00:00
1641571200000,445.0,454.6,440.7,451.0,189910.841,2022-01-07 16:00:00
1641585600000,451.0,453.0,445.4,448.1,68363.145,2022-01-07 20:00:00
1641600000000,448.1,455.0,445.9,451.5,94003.36,2022-01-08 00:00:00
1641614400000,451.5,456.8,451.0,456.4,64698.764,2022-01-08 04:00:00
1641628800000,456.4,459.7,453.6,456.2,85156.473,2022-01-08 08:00:00
1641643200000,456.2,457.1,445.9,448.0,102787.154,2022-01-08 12:00:00
1641657600000,448.0,450.2,415.0,421.6,528472.99,2022-01-08 16:00:00
1641672000000,421.6,437.4,418.4,429.9,187669.848,2022-01-08 20:00:00
1641686400000,429.8,435.9,427.1,432.8,125331.627,2022-01-09 00:00:00
1641700800000,432.8,438.4,432.6,433.8,81425.059,2022-01-09 04:00:00
1641715200000,433.8,435.8,428.2,435.2,111924.352,2022-01-09 08:00:00
1641729600000,435.1,436.8,427.0,429.9,136097.863,2022-01-09 12:00:00
1641744000000,429.9,444.2,429.4,443.6,157840.963,2022-01-09 16:00:00
1641758400000,443.7,444.5,437.1,438.7,76157.483,2022-01-09 20:00:00
1641772800000,438.8,441.0,435.8,439.0,94361.847,2022-01-10 00:00:00
1641787200000,439.0,445.5,438.9,441.9,106543.791,2022-01-10 04:00:00
1641801600000,441.9,442.2,432.5,433.9,110352.62,2022-01-10 08:00:00
1641816000000,433.8,434.3,405.6,416.1,529526.282,2022-01-10 12:00:00
1641830400000,416.1,428.3,411.6,419.4,300020.881,2022-01-10 16:00:00
1641844800000,419.5,425.4,417.7,424.7,80699.317,2022-01-10 20:00:00
1641859200000,424.8,434.0,421.3,433.7,99907.292,2022-01-11 00:00:00
1641873600000,433.8,442.4,430.6,442.1,109240.755,2022-01-11 04:00:00
1641888000000,442.2,455.5,442.1,448.4,396013.815,2022-01-11 08:00:00
1641902400000,448.4,454.9,446.0,452.5,210847.371,2022-01-11 12:00:00
1641916800000,452.6,467.7,452.1,460.0,347263.757,2022-01-11 16:00:00
1641931200000,460.0,464.8,459.3,463.6,102819.829,2022-01-11 20:00:00
1641945600000,463.6,465.9,457.8,459.5,129035.698,2022-01-12 00:00:00
1641960000000,459.5,462.2,456.6,459.0,86101.032,2022-01-12 04:00:00
1641974400000,459.0,471.4,458.3,468.0,157246.136,2022-01-12 08:00:00
1641988800000,468.0,484.9,467.4,482.2,247883.536,2022-01-12 12:00:00
1642003200000,482.2,487.6,480.2,487.2,130463.654,2022-01-12 16:00:00
1642017600000,487.2,489.9,484.6,487.8,85394.872,2022-01-12 20:00:00
1642032000000,487.8,489.8,476.4,478.6,116838.444,2022-01-13 00:00:00
1642046400000,478.7,485.0,477.8,483.0,96240.008,2022-01-13 04:00:00
1642060800000,483.1,487.2,477.2,478.1,139701.814,2022-01-13 08:00:00
1642075200000,478.1,487.8,469.8,474.0,246988.247,2022-01-13 12:00:00
1642089600000,474.0,478.9,466.5,475.1,214717.885,2022-01-13 16:00:00
1642104000000,475.0,479.9,470.8,475.2,93566.539,2022-01-13 20:00:00
1642118400000,475.1,482.0,472.5,480.1,120678.87,2022-01-14 00:00:00
1642132800000,480.1,490.0,480.0,484.3,133144.777,2022-01-14 04:00:00
1642147200000,484.3,484.5,468.5,471.9,143810.87,2022-01-14 08:00:00
1642161600000,471.9,482.9,467.6,481.4,171583.918,2022-01-14 12:00:00
1642176000000,481.5,486.8,479.0,485.7,130161.78,2022-01-14 16:00:00
1642190400000,485.7,492.3,485.7,490.0,97641.966,2022-01-14 20:00:00
1642204800000,489.9,493.0,485.0,488.0,82042.908,2022-01-15 00:00:00
1642219200000,488.0,494.7,486.2,494.2,86158.76,2022-01-15 04:00:00
1642233600000,494.2,496.2,488.7,492.2,91175.414,2022-01-15 08:00:00
1642248000000,492.2,500.9,487.6,500.0,132716.882,2022-01-15 12:00:00
1642262400000,499.9,500.9,495.1,498.2,91217.06,2022-01-15 16:00:00
1642276800000,498.2,500.2,493.6,494.5,65315.179,2022-01-15 20:00:00
1642291200000,494.5,495.9,488.6,491.8,85812.406,2022-01-16 00:00:00
1642305600000,491.7,497.6,490.7,496.0,71898.786,2022-01-16 04:00:00
1642320000000,496.1,497.5,491.0,494.0,72813.809,2022-01-16 08:00:00
1642334400000,494.1,503.0,490.6,501.3,128275.195,2022-01-16 12:00:00
1642348800000,501.3,506.0,497.7,498.5,94525.461,2022-01-16 16:00:00
1642363200000,498.4,501.3,497.6,498.6,53716.675,2022-01-16 20:00:00
1642377600000,498.6,499.1,483.9,484.1,123393.105,2022-01-17 00:00:00
1642392000000,484.2,486.7,481.1,485.6,108622.646,2022-01-17 04:00:00
1642406400000,485.5,485.8,480.0,481.2,79817.841,2022-01-17 08:00:00
1642420800000,481.2,482.1,470.3,471.4,171005.742,2022-01-17 12:00:00
1642435200000,471.4,478.5,468.4,477.5,168978.81,2022-01-17 16:00:00
1642449600000,477.6,478.3,466.9,475.2,105987.891,2022-01-17 20:00:00
1642464000000,475.1,479.6,470.0,472.5,93401.545,2022-01-18 00:00:00
1642478400000,472.5,476.2,467.5,474.2,92041.617,2022-01-18 04:00:00
1642492800000,474.2,474.4,460.3,466.7,149090.455,2022-01-18 08:00:00
1642507200000,466.7,467.6,459.8,461.1,147444.121,2022-01-18 12:00:00
1642521600000,461.1,463.8,457.2,462.6,118923.505,2022-01-18 16:00:00
1642536000000,462.6,479.4,460.0,471.4,106600.334,2022-01-18 20:00:00
1642550400000,471.5,472.4,461.4,463.5,85626.949,2022-01-19 00:00:00
1642564800000,463.4,465.3,453.7,456.1,94108.688,2022-01-19 04:00:00
1642579200000,456.0,464.8,454.0,462.6,118237.132,2022-01-19 08:00:00
1642593600000,462.6,471.4,461.5,466.3,105906.989,2022-01-19 12:00:00
1642608000000,466.2,473.1,463.6,471.2,103071.964,2022-01-19 16:00:00
1642622400000,471.2,471.4,461.6,461.9,78798.578,2022-01-19 20:00:00
1642636800000,461.9,469.4,461.9,468.6,60435.39,2022-01-20 00:00:00
1642651200000,468.6,478.7,468.4,477.2,144174.936,2022-01-20 04:00:00
1642665600000,477.2,477.5,461.7,464.5,248651.875,2022-01-20 08:00:00
1642680000000,464.4,475.6,458.8,472.9,313447.028,2022-01-20 12:00:00
1642694400000,473.0,474.6,463.1,464.8,134676.139,2022-01-20 16:00:00
1642708800000,464.7,465.2,438.2,440.2,236469.526,2022-01-20 20:00:00
1642723200000,440.2,444.6,418.5,422.4,381301.417,2022-01-21 00:00:00
1642737600000,422.4,431.5,422.2,431.2,157559.96,2022-01-21 04:00:00
1642752000000,431.1,433.0,425.3,426.6,124701.633,2022-01-21 08:00:00
1642766400000,426.6,427.2,409.8,422.8,368775.914,2022-01-21 12:00:00
1642780800000,422.9,425.7,413.4,413.8,192023.83,2022-01-21 16:00:00
1642795200000,413.9,416.5,373.7,383.9,666816.84,2022-01-21 20:00:00
1642809600000,383.8,389.6,379.7,382.8,254413.017,2022-01-22 00:00:00
1642824000000,382.9,384.7,344.7,350.1,503221.589,2022-01-22 04:00:00
1642838400000,350.0,364.7,336.3,361.4,770238.244,2022-01-22 08:00:00
1642852800000,361.3,376.7,356.4,356.6,354530.708,2022-01-22 12:00:00
1642867200000,356.5,367.7,346.3,349.2,489126.811,2022-01-22 16:00:00
1642881600000,349.2,366.5,347.6,358.3,264079.017,2022-01-22 20:00:00
1642896000000,358.3,371.1,356.3,366.4,194176.896,2022-01-23 00:00:00
1642910400000,366.4,380.3,364.9,379.8,213794.98,2022-01-23 04:00:00
1642924800000,379.7,388.8,378.5,382.5,257020.739,2022-01-23 08:00:00
1642939200000,382.5,389.0,368.0,371.0,236571.99,2022-01-23 12:00:00
1642953600000,371.0,377.3,363.2,365.1,191994.544,2022-01-23 16:00:00
1642968000000,365.2,386.7,363.5,383.9,203484.774,2022-01-23 20:00:00
1642982400000,384.0,384.0,370.1,372.5,135743.807,2022-01-24 00:00:00
1642996800000,372.6,373.5,361.1,361.9,124358.027,2022-01-24 04:00:00
1643011200000,361.8,368.8,339.6,344.6,516709.873,2022-01-24 08:00:00
1643025600000,344.7,352.9,336.0,351.8,539486.577,2022-01-24 12:00:00
1643040000000,351.8,367.1,344.7,364.7,388948.389,2022-01-24 16:00:00
1643054400000,364.6,376.7,363.1,371.3,194967.747,2022-01-24 20:00:00
1643068800000,371.2,371.5,361.6,365.0,124993.977,2022-01-25 00:00:00
1643083200000,364.9,365.7,357.4,362.7,102233.386,2022-01-25 04:00:00
1643097600000,362.6,376.2,361.7,371.5,206632.612,2022-01-25 08:00:00
1643112000000,371.6,375.5,365.2,371.5,231280.131,2022-01-25 12:00:00
1643126400000,371.5,389.5,370.9,384.1,232215.748,2022-01-25 16:00:00
1643140800000,384.2,386.1,377.0,385.1,108755.301,2022-01-25 20:00:00
1643155200000,385.1,385.5,377.1,379.6,128999.062,2022-01-26 00:00:00
1643169600000,379.6,383.5,376.5,380.5,96747.151,2022-01-26 04:00:00
1643184000000,380.5,389.9,380.4,389.0,118568.265,2022-01-26 08:00:00
1643198400000,389.0,399.7,385.1,392.0,201703.251,2022-01-26 12:00:00
1643212800000,392.0,402.4,382.0,388.5,312599.502,2022-01-26 16:00:00
1643227200000,388.6,388.6,366.4,375.1,214902.941,2022-01-26 20:00:00
1643241600000,375.1,378.5,360.0,362.3,173994.166,2022-01-27 00:00:00
1643256000000,362.3,368.9,361.3,366.9,88178.993,2022-01-27 04:00:00
1643270400000,366.9,371.7,365.2,371.4,124320.461,2022-01-27 08:00:00
1643284800000,371.5,378.0,369.3,374.0,130381.116,2022-01-27 12:00:00
1643299200000,373.9,375.0,365.5,366.7,116768.482,2022-01-27 16:00:00
1643313600000,366.7,393.8,360.0,389.9,328417.67,2022-01-27 20:00:00
1643328000000,389.9,393.3,382.3,389.6,133395.634,2022-01-28 00:00:00
1643342400000,389.6,395.9,384.7,385.0,108016.387,2022-01-28 04:00:00
1643356800000,385.1,387.3,379.3,381.2,99576.825,2022-01-28 08:00:00
1643371200000,381.2,384.9,375.8,384.2,149405.274,2022-01-28 12:00:00
1643385600000,384.2,389.6,382.5,389.0,134642.989,2022-01-28 16:00:00
1643400000000,388.9,392.0,381.7,385.9,127283.506,2022-01-28 20:00:00
1643414400000,385.9,389.6,384.1,388.0,70147.933,2022-01-29 00:00:00
1643428800000,388.0,392.6,386.7,391.9,58592.782,2022-01-29 04:00:00
1643443200000,391.9,393.0,388.8,390.7,68732.182,2022-01-29 08:00:00
1643457600000,390.7,397.3,380.7,383.5,167528.53,2022-01-29 12:00:00
1643472000000,383.5,387.9,380.8,386.1,82678.305,2022-01-29 16:00:00
1643486400000,386.1,392.5,385.4,389.3,86894.05,2022-01-29 20:00:00
1643500800000,389.4,389.6,382.5,382.6,80508.405,2022-01-30 00:00:00
1643515200000,382.7,386.9,381.8,386.4,99258.679,2022-01-30 04:00:00
1643529600000,386.4,387.2,383.3,385.1,59880.507,2022-01-30 08:00:00
1643544000000,385.1,386.9,379.3,380.9,99900.721,2022-01-30 12:00:00
1643558400000,381.0,382.1,372.7,373.8,110915.929,2022-01-30 16:00:00
1643572800000,373.8,380.3,372.2,377.2,85971.882,2022-01-30 20:00:00
1643587200000,377.2,377.8,365.2,369.9,106776.683,2022-01-31 00:00:00
1643601600000,370.0,371.8,367.7,371.5,71593.474,2022-01-31 04:00:00
1643616000000,371.5,373.1,368.6,372.2,67965.753,2022-01-31 08:00:00
1643630400000,372.2,380.4,369.0,378.7,118282.787,2022-01-31 12:00:00
1643644800000,378.7,385.4,378.1,383.2,121034.871,2022-01-31 16:00:00
1643659200000,383.1,384.4,373.4,374.3,134460.166,2022-01-31 20:00:00
1643673600000,374.4,384.4,373.7,383.6,86672.941,2022-02-01 00:00:00
1643688000000,383.5,385.0,379.5,382.1,62791.722,2022-02-01 04:00:00
1643702400000,382.1,387.8,379.2,383.0,128457.365,2022-02-01 08:00:00
1643716800000,383.0,386.3,379.4,382.9,113060.736,2022-02-01 12:00:00
1643731200000,383.0,388.4,382.5,382.8,101785.205,2022-02-01 16:00:00
1643745600000,382.9,387.5,382.6,384.2,62579.308,2022-02-01 20:00:00
1643760000000,384.1,386.1,380.6,384.2,81606.537,2022-02-02 00:00:00
1643774400000,384.2,384.2,379.1,379.9,56449.398,2022-02-02 04:00:00
1643788800000,379.8,383.4,377.7,382.7,52514.474,2022-02-02 08:00:00
1643803200000,382.7,385.4,370.5,371.1,152124.191,2022-02-02 12:00:00
1643817600000,371.1,377.3,368.1,376.2,107855.27,2022-02-02 16:00:00
1643832000000,376.1,376.9,366.1,366.9,121790.17,2022-02-02 20:00:00
1643846400000,367.1,369.7,363.1,365.7,84415.088,2022-02-03 00:00:00
1643860800000,365.8,369.4,364.8,369.0,50269.068,2022-02-03 04:00:00
1643875200000,369.1,370.4,359.6,364.4,103451.638,2022-02-03 08:00:00
1643889600000,364.4,368.4,360.2,368.1,96815.536,2022-02-03 12:00:00
1643904000000,368.1,369.7,361.8,363.3,76412.585,2022-02-03 16:00:00
1643918400000,363.3,372.4,362.0,372.3,84351.312,2022-02-03 20:00:00
1643932800000,372.2,372.5,369.5,370.6,50859.001,2022-02-04 00:00:00
1643947200000,370.7,379.0,370.2,377.5,87178.094,2022-02-04 04:00:00
1643961600000,377.5,380.2,376.3,377.3,77375.127,2022-02-04 08:00:00
1643976000000,377.2,385.4,372.3,382.2,246569.42,2022-02-04 12:00:00
1643990400000,382.2,396.6,381.8,396.2,270070.131,2022-02-04 16:00:00
1644004800000,396.1,399.7,393.6,399.5,117774.055,2022-02-04 20:00:00
1644019200000,399.6,406.8,396.3,406.8,142445.559,2022-02-05 00:00:00
1644033600000,406.8,431.0,405.0,423.3,470092.019,2022-02-05 04:00:00
1644048000000,423.2,426.7,420.2,422.4,119004.987,2022-02-05 08:00:00
1644062400000,422.4,423.5,417.1,421.6,107388.381,2022-02-05 12:00:00
1644076800000,421.5,422.3,407.4,412.2,134950.511,2022-02-05 16:00:00
1644091200000,412.2,416.1,410.1,413.7,57165.413,2022-02-05 20:00:00
1644105600000,413.8,421.3,413.2,417.1,80674.453,2022-02-06 00:00:00
1644120000000,417.1,418.3,412.6,416.4,75680.578,2022-02-06 04:00:00
1644134400000,416.4,419.9,414.9,416.5,62192.862,2022-02-06 08:00:00
1644148800000,416.4,422.5,407.0,411.1,168175.019,2022-02-06 12:00:00
1644163200000,411.0,415.2,409.1,414.0,73723.87,2022-02-06 16:00:00
1644177600000,414.0,420.2,410.4,419.9,82184.394,2022-02-06 20:00:00
1644192000000,419.9,428.0,413.3,427.0,131083.147,2022-02-07 00:00:00
1644206400000,427.0,429.4,424.5,426.5,88922.842,2022-02-07 04:00:00
1644220800000,426.4,427.2,421.5,426.5,86337.122,2022-02-07 08:00:00
1644235200000,426.5,438.6,425.5,438.0,188620.337,2022-02-07 12:00:00
1644249600000,438.0,439.0,431.8,435.8,168270.889,2022-02-07 16:00:00
1644264000000,435.8,437.9,432.2,433.5,95013.33,2022-02-07 20:00:00
1644278400000,433.5,435.6,428.4,434.5,107137.151,2022-02-08 00:00:00
1644292800000,434.6,445.4,434.0,438.9,164989.995,2022-02-08 04:00:00
1644307200000,438.9,439.7,420.9,426.7,176110.753,2022-02-08 08:00:00
1644321600000,426.7,426.7,413.4,418.1,190299.795,2022-02-08 12:00:00
1644336000000,418.1,419.4,406.2,407.6,219373.155,2022-02-08 16:00:00
1644350400000,407.6,417.2,406.9,407.8,290644.472,2022-02-08 20:00:00
1644364800000,407.9,415.2,407.1,409.7,127443.76,2022-02-09 00:00:00
1644379200000,409.7,416.4,408.0,415.6,85872.664,2022-02-09 04:00:00
1644393600000,415.6,420.7,412.0,419.1,102827.901,2022-02-09 08:00:00
1644408000000,419.2,425.7,417.9,421.1,143354.138,2022-02-09 12:00:00
1644422400000,421.1,427.2,419.2,426.2,91739.147,2022-02-09 16:00:00
1644436800000,426.2,427.7,419.8,422.9,82642.821,2022-02-09 20:00:00
1644451200000,422.9,423.0,414.8,416.3,85250.168,2022-02-10 00:00:00
1644465600000,416.2,421.3,415.4,421.1,57166.761,2022-02-10 04:00:00
1644480000000,421.2,429.9,420.4,426.9,127939.727,2022-02-10 08:00:00
1644494400000,427.0,434.9,410.0,424.9,411797.146,2022-02-10 12:00:00
1644508800000,424.9,432.0,420.2,420.5,160233.108,2022-02-10 16:00:00
1644523200000,420.5,422.4,413.0,414.7,113853.429,2022-02-10 20:00:00
1644537600000,414.7,416.1,407.6,415.5,136598.486,2022-02-11 00:00:00
1644552000000,415.5,418.4,410.6,417.8,70958.065,2022-02-11 04:00:00
1644566400000,417.8,418.9,412.0,414.4,87966.275,2022-02-11 08:00:00
1644580800000,414.3,417.5,413.3,415.2,94921.507,2022-02-11 12:00:00
1644595200000,415.2,415.8,401.1,404.6,140170.15,2022-02-11 16:00:00
1644609600000,404.7,405.4,390.5,400.0,170228.717,2022-02-11 20:00:00
1644624000000,400.0,403.7,397.1,399.8,75894.994,2022-02-12 00:00:00
1644638400000,399.8,401.9,393.3,397.6,89466.027,2022-02-12 04:00:00
1644652800000,397.7,403.3,396.3,402.2,92355.139,2022-02-12 08:00:00
1644667200000,402.3,402.7,395.1,397.7,85023.614,2022-02-12 12:00:00
1644681600000,397.8,407.1,396.2,403.5,104254.685,2022-02-12 16:00:00
1644696000000,403.6,406.2,397.7,403.6,74085.778,2022-02-12 20:00:00
1644710400000,403.6,407.1,401.7,403.3,59699.166,2022-02-13 00:00:00
1644724800000,403.4,404.9,401.6,403.7,46456.4,2022-02-13 04:00:00
1644739200000,403.7,404.8,401.3,403.5,46533.663,2022-02-13 08:00:00
1644753600000,403.5,407.8,402.0,403.8,69068.815,2022-02-13 12:00:00
1644768000000,403.8,404.0,394.7,396.3,107029.974,2022-02-13 16:00:00
1644782400000,396.2,400.8,395.2,397.9,59869.034,2022-02-13 20:00:00
1644796800000,398.0,399.2,390.6,394.0,92932.759,2022-02-14 00:00:00
1644811200000,393.9,395.9,391.0,395.7,61964.644,2022-02-14 04:00:00
1644825600000,395.7,397.8,393.1,396.3,63335.421,2022-02-14 08:00:00
1644840000000,396.2,404.5,395.3,401.4,100283.963,2022-02-14 12:00:00
1644854400000,401.4,404.0,395.8,397.9,101775.592,2022-02-14 16:00:00
1644868800000,397.9,404.0,396.7,403.4,51917.939,2022-02-14 20:00:00
1644883200000,403.4,417.0,402.7,412.9,136751.762,2022-02-15 00:00:00
1644897600000,412.9,430.2,412.8,427.6,225189.544,2022-02-15 04:00:00
1644912000000,427.7,443.0,424.1,428.4,402705.263,2022-02-15 08:00:00
1644926400000,428.4,434.0,426.0,432.2,165408.479,2022-02-15 12:00:00
1644940800000,432.2,432.9,423.0,429.5,164434.692,2022-02-15 16:00:00
1644955200000,429.4,434.0,426.3,432.4,89654.25,2022-02-15 20:00:00
1644969600000,432.4,433.5,428.9,431.0,111647.482,2022-02-16 00:00:00
1644984000000,431.1,431.7,427.8,430.8,71956.222,2022-02-16 04:00:00
1644998400000,430.9,433.4,428.0,430.7,84551.466,2022-02-16 08:00:00
1645012800000,430.8,431.6,422.2,425.2,145240.534,2022-02-16 12:00:00
1645027200000,425.2,432.0,422.2,430.9,130142.087,2022-02-16 16:00:00
1645041600000,431.0,432.1,426.1,427.3,62714.702,2022-02-16 20:00:00
1645056000000,427.3,431.1,425.0,425.0,67845.866,2022-02-17 00:00:00
1645070400000,425.1,427.8,421.0,427.4,87140.928,2022-02-17 04:00:00
1645084800000,427.5,428.4,420.0,424.2,108332.44,2022-02-17 08:00:00
1645099200000,424.2,425.3,411.0,413.6,148372.131,2022-02-17 12:00:00
1645113600000,413.6,414.7,403.3,408.3,146779.399,2022-02-17 16:00:00
1645128000000,408.3,408.3,400.0,402.4,103403.953,2022-02-17 20:00:00
1645142400000,402.4,405.0,398.4,404.7,93672.426,2022-02-18 00:00:00
1645156800000,404.6,408.6,401.9,407.2,74217.658,2022-02-18 04:00:00
1645171200000,407.2,411.0,402.5,403.1,92972.195,2022-02-18 08:00:00
1645185600000,403.1,406.5,393.9,395.2,181211.471,2022-02-18 12:00:00
1645200000000,395.2,400.1,392.2,399.3,117258.326,2022-02-18 16:00:00
1645214400000,399.4,400.2,395.2,399.2,52604.603,2022-02-18 20:00:00
1645228800000,399.2,404.7,397.8,401.8,58093.192,2022-02-19 00:00:00
1645243200000,401.7,406.4,401.7,405.0,58747.099,2022-02-19 04:00:00
1645257600000,405.0,405.6,395.0,396.7,84135.278,2022-02-19 08:00:00
1645272000000,396.6,401.2,393.0,399.6,87417.872,2022-02-19 12:00:00
1645286400000,399.7,403.9,395.9,396.5,83347.37,2022-02-19 16:00:00
1645300800000,396.5,400.8,395.8,399.8,38538.493,2022-02-19 20:00:00
1645315200000,399.8,400.0,388.3,389.5,104358.108,2022-02-20 00:00:00
1645329600000,389.6,389.8,377.3,381.6,170398.92,2022-02-20 04:00:00
1645344000000,381.5,382.1,375.5,381.8,112176.247,2022-02-20 08:00:00
1645358400000,381.9,384.7,375.0,380.1,92385.625,2022-02-20 12:00:00
1645372800000,380.1,384.5,379.2,381.7,64347.639,2022-02-20 16:00:00
1645387200000,381.8,386.1,377.5,380.6,80481.986,2022-02-20 20:00:00
1645401600000,380.7,392.5,378.6,388.0,95617.676,2022-02-21 00:00:00
1645416000000,388.1,393.7,387.9,392.6,92923.296,2022-02-21 04:00:00
1645430400000,392.6,393.5,367.2,370.1,254700.636,2022-02-21 08:00:00
1645444800000,370.2,383.9,365.0,379.1,336694.994,2022-02-21 12:00:00
1645459200000,379.1,381.9,367.3,371.5,195127.499,2022-02-21 16:00:00
1645473600000,371.4,372.5,355.0,356.6,244588.38,2022-02-21 20:00:00
1645488000000,356.7,361.4,348.7,352.4,216535.131,2022-02-22 00:00:00
1645502400000,352.5,359.2,351.8,356.0,170077.06,2022-02-22 04:00:00
1645516800000,355.9,367.0,355.8,364.6,145444.128,2022-02-22 08:00:00
1645531200000,364.7,370.9,361.6,366.9,162706.879,2022-02-22 12:00:00
1645545600000,366.9,373.6,362.1,371.5,138230.784,2022-02-22 16:00:00
1645560000000,371.4,375.4,366.1,374.3,107462.84,2022-02-22 20:00:00
1645574400000,374.3,380.4,370.9,372.7,117767.87,2022-02-23 00:00:00
1645588800000,372.7,378.2,371.7,377.9,70387.958,2022-02-23 04:00:00
1645603200000,377.9,383.0,375.4,379.7,137700.294,2022-02-23 08:00:00
1645617600000,379.7,384.2,376.1,378.9,120951.02,2022-02-23 12:00:00
1645632000000,378.9,383.2,370.0,370.9,155258.649,2022-02-23 16:00:00
1645646400000,371.0,371.8,365.3,365.6,96626.87,2022-02-23 20:00:00
1645660800000,365.6,368.5,339.3,341.9,358183.428,2022-02-24 00:00:00
1645675200000,341.9,344.2,323.5,336.1,544443.609,2022-02-24 04:00:00
1645689600000,336.1,342.9,330.0,335.7,315308.352,2022-02-24 08:00:00
1645704000000,335.7,345.9,331.9,345.1,259803.05,2022-02-24 12:00:00
1645718400000,345.2,358.8,342.4,358.6,224607.16,2022-02-24 16:00:00
1645732800000,358.5,371.3,353.0,361.2,246690.336,2022-02-24 20:00:00
1645747200000,361.2,367.2,359.7,366.2,131140.13,2022-02-25 00:00:00
1645761600000,366.2,366.2,358.7,363.7,105176.933,2022-02-25 04:00:00
1645776000000,363.7,364.6,356.8,361.7,117484.858,2022-02-25 08:00:00
1645790400000,361.8,372.0,361.7,369.7,201413.132,2022-02-25 12:00:00
1645804800000,369.7,371.0,363.1,364.9,115608.403,2022-02-25 16:00:00
1645819200000,364.9,377.2,363.5,375.0,112418.704,2022-02-25 20:00:00
1645833600000,375.0,386.1,373.7,379.5,169377.982,2022-02-26 00:00:00
1645848000000,379.6,381.2,372.9,376.4,61334.572,2022-02-26 04:00:00
1645862400000,376.4,378.7,371.0,373.6,105764.752,2022-02-26 08:00:00
1645876800000,373.5,377.3,370.6,375.2,82228.785,2022-02-26 12:00:00
1645891200000,375.1,376.2,370.5,374.8,68138.123,2022-02-26 16:00:00
1645905600000,374.8,378.3,371.2,373.7,61843.727,2022-02-26 20:00:00
1645920000000,373.7,374.7,363.1,366.2,133209.126,2022-02-27 00:00:00
1645934400000,366.1,372.9,364.4,371.7,54367.472,2022-02-27 04:00:00
1645948800000,371.7,379.6,369.8,378.8,95623.993,2022-02-27 08:00:00
1645963200000,378.8,381.2,368.6,375.6,152498.612,2022-02-27 12:00:00
1645977600000,375.6,376.2,360.0,360.9,100908.546,2022-02-27 16:00:00
1645992000000,360.9,366.4,358.1,360.1,140757.2,2022-02-27 20:00:00
1646006400000,360.1,365.1,355.8,363.5,119391.66,2022-02-28 00:00:00
1646020800000,363.6,366.7,358.2,366.5,87817.706,2022-02-28 04:00:00
1646035200000,366.5,369.4,365.1,367.3,76926.848,2022-02-28 08:00:00
1646049600000,367.3,383.2,363.2,382.8,204725.727,2022-02-28 12:00:00
1646064000000,382.8,385.8,379.9,384.4,130405.247,2022-02-28 16:00:00
1646078400000,384.3,397.2,383.9,395.6,153797.292,2022-02-28 20:00:00
1646092800000,395.7,400.0,390.4,393.5,156518.724,2022-03-01 00:00:00
1646107200000,393.4,417.3,392.5,413.2,271831.742,2022-03-01 04:00:00
1646121600000,413.2,424.9,401.7,406.1,456622.547,2022-03-01 08:00:00
1646136000000,406.1,415.0,400.5,404.6,290465.363,2022-03-01 12:00:00
1646150400000,404.7,409.6,400.2,406.8,136288.775,2022-03-01 16:00:00
1646164800000,406.9,409.4,403.5,408.7,91968.681,2022-03-01 20:00:00
1646179200000,408.7,414.6,403.8,413.5,178090.124,2022-03-02 00:00:00
1646193600000,413.5,415.7,408.0,410.0,139840.02,2022-03-02 04:00:00
1646208000000,410.1,415.0,407.9,413.0,122192.62,2022-03-02 08:00:00
1646222400000,412.9,414.9,403.8,408.8,232700.048,2022-03-02 12:00:00
1646236800000,408.8,411.9,405.0,407.2,73273.392,2022-03-02 16:00:00
1646251200000,407.3,410.9,406.9,409.3,42403.239,2022-03-02 20:00:00
1646265600000,409.3,411.2,402.7,404.9,84817.031,2022-03-03 00:00:00
1646280000000,404.8,408.8,403.5,407.0,72956.641,2022-03-03 04:00:00
1646294400000,407.0,408.9,405.0,407.5,75737.456,2022-03-03 08:00:00
1646308800000,407.6,413.2,400.5,402.1,165689.52,2022-03-03 12:00:00
1646323200000,402.1,405.1,397.4,401.1,122114.322,2022-03-03 16:00:00
1646337600000,401.1,404.1,397.5,402.6,55687.355,2022-03-03 20:00:00
1646352000000,402.6,403.5,388.9,394.1,147375.072,2022-03-04 00:00:00
1646366400000,394.0,395.5,392.1,394.3,69649.046,2022-03-04 04:00:00
1646380800000,394.2,398.2,390.8,396.8,114425.308,2022-03-04 08:00:00
1646395200000,396.9,398.3,387.1,387.3,165580.105,2022-03-04 12:00:00
1646409600000,387.2,390.6,380.1,380.8,108331.677,2022-03-04 16:00:00
1646424000000,380.9,381.9,372.0,374.2,150815.402,2022-03-04 20:00:00
1646438400000,374.1,374.7,367.2,373.9,108984.895,2022-03-05 00:00:00
1646452800000,373.8,379.1,369.4,378.2,86596.959,2022-03-05 04:00:00
1646467200000,378.2,380.9,376.0,380.4,71662.749,2022-03-05 08:00:00
1646481600000,380.4,382.8,377.8,380.2,54774.31,2022-03-05 12:00:00
1646496000000,380.1,384.4,377.5,383.4,82416.745,2022-03-05 16:00:00
1646510400000,383.3,387.3,382.9,384.7,49534.584,2022-03-05 20:00:00
1646524800000,384.8,387.3,382.1,382.4,41971.155,2022-03-06 00:00:00
1646539200000,382.5,385.8,379.0,382.6,68207.441,2022-03-06 04:00:00
1646553600000,382.6,382.6,371.6,375.8,113623.374,2022-03-06 08:00:00
1646568000000,375.8,381.5,374.3,381.0,84868.145,2022-03-06 12:00:00
1646582400000,381.0,384.9,376.7,377.3,92608.777,2022-03-06 16:00:00
1646596800000,377.4,382.2,373.0,375.0,87800.266,2022-03-06 20:00:00
1646611200000,375.0,375.4,365.4,367.9,140160.881,2022-03-07 00:00:00
1646625600000,368.0,374.0,367.5,370.4,61828.6,2022-03-07 04:00:00
1646640000000,370.4,378.2,369.0,375.5,110534.287,2022-03-07 08:00:00
1646654400000,375.5,384.8,375.5,382.0,133903.637,2022-03-07 12:00:00
1646668800000,382.0,384.5,362.8,365.6,181396.251,2022-03-07 16:00:00
1646683200000,365.7,385.9,363.8,380.6,321471.254,2022-03-07 20:00:00
1646697600000,380.6,385.5,379.0,382.7,102793.204,2022-03-08 00:00:00
1646712000000,382.7,384.8,375.3,381.4,95720.272,2022-03-08 04:00:00
1646726400000,381.4,388.7,380.4,386.0,113442.284,2022-03-08 08:00:00
1646740800000,386.0,388.0,378.0,383.2,147616.837,2022-03-08 12:00:00
1646755200000,383.2,387.8,378.5,384.2,127710.699,2022-03-08 16:00:00
1646769600000,384.2,384.7,379.3,381.4,60208.751,2022-03-08 20:00:00
1646784000000,381.4,401.4,381.0,398.8,197702.72,2022-03-09 00:00:00
1646798400000,398.8,402.7,393.7,396.0,188473.91,2022-03-09 04:00:00
1646812800000,396.1,398.3,392.1,395.3,237284.942,2022-03-09 08:00:00
1646827200000,395.3,397.9,392.4,397.2,202296.247,2022-03-09 12:00:00
1646841600000,397.2,397.6,390.8,394.1,130004.741,2022-03-09 16:00:00
1646856000000,394.1,394.8,390.5,393.2,57088.187,2022-03-09 20:00:00
1646870400000,393.2,394.5,386.0,386.4,108174.545,2022-03-10 00:00:00
1646884800000,386.4,387.2,373.4,377.7,152915.84,2022-03-10 04:00:00
1646899200000,377.8,378.5,375.0,376.0,74107.151,2022-03-10 08:00:00
1646913600000,376.0,377.7,365.0,365.4,288186.819,2022-03-10 12:00:00
1646928000000,365.3,370.8,363.0,370.4,114114.429,2022-03-10 16:00:00
1646942400000,370.4,373.1,368.4,372.0,53834.2,2022-03-10 20:00:00
1646956800000,372.1,372.9,364.7,368.9,100986.65,2022-03-11 00:00:00
1646971200000,368.9,374.5,365.9,373.0,71107.178,2022-03-11 04:00:00
1646985600000,373.0,379.2,370.2,377.5,98701.995,2022-03-11 08:00:00
1647000000000,377.5,380.0,370.7,372.9,110665.17,2022-03-11 12:00:00
1647014400000,372.9,373.0,369.7,370.7,64645.819,2022-03-11 16:00:00
1647028800000,370.8,374.8,368.5,371.9,64067.774,2022-03-11 20:00:00
1647043200000,371.9,377.4,371.5,373.7,69276.986,2022-03-12 00:00:00
1647057600000,373.7,376.2,371.1,375.4,59390.413,2022-03-12 04:00:00
1647072000000,375.4,378.7,373.9,376.2,83380.536,2022-03-12 08:00:00
1647086400000,376.1,379.0,374.4,377.1,73081.408,2022-03-12 12:00:00
1647100800000,377.0,379.2,375.8,376.4,69882.85,2022-03-12 16:00:00
1647115200000,376.4,376.9,371.9,372.4,47463.453,2022-03-12 20:00:00
1647129600000,372.4,377.1,371.5,376.2,60268.666,2022-03-13 00:00:00
1647144000000,376.2,377.2,374.4,374.8,41545.137,2022-03-13 04:00:00
1647158400000,374.8,374.9,370.2,370.9,74037.215,2022-03-13 08:00:00
1647172800000,370.9,372.8,368.2,371.0,88658.365,2022-03-13 12:00:00
1647187200000,371.0,373.6,370.5,371.1,46558.015,2022-03-13 16:00:00
1647201600000,371.1,371.3,360.1,361.4,113695.244,2022-03-13 20:00:00
1647216000000,361.4,365.3,359.5,365.1,86455.38,2022-03-14 00:00:00
1647230400000,365.1,371.8,364.8,369.6,91639.498,2022-03-14 04:00:00
1647244800000,369.6,371.5,368.2,368.5,64602.128,2022-03-14 08:00:00
1647259200000,368.5,370.3,366.6,368.2,88578.194,2022-03-14 12:00:00
1647273600000,368.3,369.0,363.7,365.8,64606.883,2022-03-14 16:00:00
1647288000000,365.8,373.9,364.6,373.4,71932.901,2022-03-14 20:00:00
1647302400000,373.4,374.7,366.5,367.2,67549.225,2022-03-15 00:00:00
1647316800000,367.3,368.0,361.7,364.2,60517.104,2022-03-15 04:00:00
1647331200000,364.3,366.3,362.1,365.3,69960.794,2022-03-15 08:00:00
1647345600000,365.3,370.4,363.5,368.6,81086.062,2022-03-15 12:00:00
1647360000000,368.6,374.2,367.6,373.4,94656.013,2022-03-15 16:00:00
1647374400000,373.3,374.7,369.5,371.7,67121.625,2022-03-15 20:00:00
1647388800000,371.7,383.3,369.5,370.6,170335.882,2022-03-16 00:00:00
1647403200000,370.5,373.2,367.8,372.5,66708.894,2022-03-16 04:00:00
1647417600000,372.4,379.5,372.1,377.5,95377.824,2022-03-16 08:00:00
1647432000000,377.5,381.0,375.0,378.5,90627.61,2022-03-16 12:00:00
1647446400000,378.5,383.9,372.0,383.3,165342.564,2022-03-16 16:00:00
1647460800000,383.3,386.6,382.3,385.4,80485.841,2022-03-16 20:00:00
1647475200000,385.3,386.3,381.7,383.4,75959.29,2022-03-17 00:00:00
1647489600000,383.5,388.5,382.7,384.6,101515.255,2022-03-17 04:00:00
1647504000000,384.6,386.0,382.7,385.0,70012.891,2022-03-17 08:00:00
1647518400000,385.0,393.5,384.6,387.6,208985.983,2022-03-17 12:00:00
1647532800000,387.6,390.0,386.0,389.6,59441.674,2022-03-17 16:00:00
1647547200000,389.6,392.2,387.0,391.8,53542.315,2022-03-17 20:00:00
1647561600000,391.9,392.5,384.0,385.2,81995.902,2022-03-18 00:00:00
1647576000000,385.1,388.7,384.3,386.9,59744.141,2022-03-18 04:00:00
1647590400000,387.0,389.7,384.1,385.8,102111.643,2022-03-18 08:00:00
1647604800000,385.8,394.6,385.1,393.3,111223.712,2022-03-18 12:00:00
1647619200000,393.3,399.2,393.2,399.0,137782.591,2022-03-18 16:00:00
1647633600000,399.0,400.0,395.5,397.2,60905.597,2022-03-18 20:00:00
1647648000000,397.2,400.6,395.9,398.2,67958.803,2022-03-19 00:00:00
1647662400000,398.2,398.9,395.2,395.6,50481.837,2022-03-19 04:00:00
1647676800000,395.6,402.6,394.9,401.0,82566.888,2022-03-19 08:00:00
1647691200000,401.1,406.1,400.3,403.2,100728.563,2022-03-19 12:00:00
1647705600000,403.2,406.4,398.8,399.2,88480.353,2022-03-19 16:00:00
1647720000000,399.2,402.5,395.9,399.9,69780.169,2022-03-19 20:00:00
1647734400000,399.9,400.8,393.1,396.4,77270.587,2022-03-20 00:00:00
1647748800000,396.4,398.7,394.9,397.2,50197.984,2022-03-20 04:00:00
1647763200000,397.1,398.5,392.6,393.1,59427.842,2022-03-20 08:00:00
1647777600000,393.1,393.9,390.0,390.2,79860.547,2022-03-20 12:00:00
1647792000000,390.1,392.9,386.2,391.5,77289.785,2022-03-20 16:00:00
1647806400000,391.6,394.1,389.8,390.8,54937.684,2022-03-20 20:00:00
1647820800000,390.8,392.1,384.8,388.9,98714.619,2022-03-21 00:00:00
1647835200000,388.8,392.7,387.9,392.4,60895.435,2022-03-21 04:00:00
1647849600000,392.5,396.2,390.8,394.3,95006.47,2022-03-21 08:00:00
1647864000000,394.4,399.5,391.5,398.8,135640.271,2022-03-21 12:00:00
1647878400000,398.9,399.1,394.1,397.8,77162.2,2022-03-21 16:00:00
1647892800000,397.9,398.0,395.0,396.0,74060.785,2022-03-21 20:00:00
1647907200000,396.0,407.2,394.8,404.9,150356.131,2022-03-22 00:00:00
1647921600000,404.9,409.9,402.5,404.9,146067.946,2022-03-22 04:00:00
1647936000000,405.0,407.7,403.0,407.4,82818.931,2022-03-22 08:00:00
1647950400000,407.4,410.0,405.3,406.1,102410.309,2022-03-22 12:00:00
1647964800000,406.2,407.1,402.4,402.5,70803.312,2022-03-22 16:00:00
1647979200000,402.5,407.2,402.2,404.3,56577.978,2022-03-22 20:00:00
1647993600000,404.3,406.5,401.0,401.8,73726.366,2022-03-23 00:00:00
1648008000000,401.7,404.1,397.9,401.6,75186.123,2022-03-23 04:00:00
1648022400000,401.6,403.1,400.1,401.1,80228.532,2022-03-23 08:00:00
1648036800000,401.2,411.7,399.8,409.5,151477.365,2022-03-23 12:00:00
1648051200000,409.4,410.7,402.0,403.5,102286.61,2022-03-23 16:00:00
1648065600000,403.5,408.8,403.2,408.4,52986.794,2022-03-23 20:00:00
1648080000000,408.4,412.3,406.3,406.5,110291.252,2022-03-24 00:00:00
1648094400000,406.4,413.3,406.3,410.4,81128.001,2022-03-24 04:00:00
1648108800000,410.3,412.8,409.0,409.6,82439.221,2022-03-24 08:00:00
1648123200000,409.7,415.6,405.0,414.3,165236.296,2022-03-24 12:00:00
1648137600000,414.3,416.6,413.4,414.3,103161.867,2022-03-24 16:00:00
1648152000000,414.3,415.2,412.6,414.2,56109.478,2022-03-24 20:00:00
1648166400000,414.2,416.0,411.3,413.4,75680.506,2022-03-25 00:00:00
1648180800000,413.5,415.7,412.2,412.4,64800.196,2022-03-25 04:00:00
1648195200000,412.5,420.0,409.5,419.0,132463.485,2022-03-25 08:00:00
1648209600000,419.1,421.5,411.7,413.0,159160.472,2022-03-25 12:00:00
1648224000000,413.0,416.2,405.5,410.7,135172.199,2022-03-25 16:00:00
1648238400000,410.8,412.9,409.8,410.3,42415.018,2022-03-25 20:00:00
1648252800000,410.3,411.8,407.5,410.0,47721.374,2022-03-26 00:00:00
1648267200000,410.1,413.4,409.9,413.0,42698.865,2022-03-26 04:00:00
1648281600000,413.1,415.9,412.8,414.1,50364.906,2022-03-26 08:00:00
1648296000000,414.2,415.1,410.9,413.1,56818.472,2022-03-26 12:00:00
1648310400000,413.1,414.7,412.3,414.3,38432.406,2022-03-26 16:00:00
1648324800000,414.2,416.4,413.5,415.8,44121.664,2022-03-26 20:00:00
1648339200000,415.9,418.3,415.6,416.1,56699.233,2022-03-27 00:00:00
1648353600000,416.0,417.6,415.0,417.3,35940.707,2022-03-27 04:00:00
1648368000000,417.3,417.4,414.2,415.3,43076.582,2022-03-27 08:00:00
1648382400000,415.3,419.9,411.7,417.1,95308.663,2022-03-27 12:00:00
1648396800000,417.1,418.9,416.5,417.8,54446.5,2022-03-27 16:00:00
1648411200000,417.8,431.6,416.1,430.5,205526.415,2022-03-27 20:00:00
1648425600000,430.6,433.4,428.1,431.8,116108.317,2022-03-28 00:00:00
1648440000000,431.9,437.1,430.0,431.0,146524.775,2022-03-28 04:00:00
1648454400000,431.1,436.5,429.3,435.5,104064.209,2022-03-28 08:00:00
1648468800000,435.5,441.0,434.1,436.4,146871.464,2022-03-28 12:00:00
1648483200000,436.4,440.7,433.6,438.4,107106.509,2022-03-28 16:00:00
1648497600000,438.5,439.3,427.6,430.2,98426.909,2022-03-28 20:00:00
1648512000000,430.2,436.0,429.4,432.4,84569.143,2022-03-29 00:00:00
1648526400000,432.5,437.1,431.7,434.5,76869.116,2022-03-29 04:00:00
1648540800000,434.5,440.7,434.1,440.3,91461.165,2022-03-29 08:00:00
1648555200000,440.4,441.6,433.4,434.4,157831.276,2022-03-29 12:00:00
1648569600000,434.5,437.7,429.6,436.6,130232.534,2022-03-29 16:00:00
1648584000000,436.6,437.3,429.5,434.2,88810.66,2022-03-29 20:00:00
1648598400000,434.2,434.2,425.5,433.4,94736.126,2022-03-30 00:00:00
1648612800000,433.4,438.1,430.4,436.9,101877.91,2022-03-30 04:00:00
1648627200000,436.8,440.2,434.7,439.3,105168.188,2022-03-30 08:00:00
1648641600000,439.3,439.7,433.8,438.9,147414.429,2022-03-30 12:00:00
1648656000000,439.0,449.3,438.7,444.8,217527.64,2022-03-30 16:00:00
1648670400000,444.8,446.6,441.0,442.1,102258.134,2022-03-30 20:00:00
1648684800000,442.1,452.3,440.2,445.0,175688.187,2022-03-31 00:00:00
1648699200000,445.0,445.3,441.3,444.9,97653.373,2022-03-31 04:00:00
1648713600000,445.0,449.1,443.5,444.9,119279.262,2022-03-31 08:00:00
1648728000000,444.9,449.3,430.0,434.2,279894.883,2022-03-31 12:00:00
1648742400000,434.2,434.7,423.9,427.1,192069.867,2022-03-31 16:00:00
1648756800000,427.2,431.9,425.7,428.9,93339.123,2022-03-31 20:00:00
1648771200000,428.9,430.2,412.8,418.9,214554.346,2022-04-01 00:00:00
1648785600000,419.0,428.1,418.5,427.7,122492.69,2022-04-01 04:00:00
1648800000000,427.7,433.1,426.9,430.8,182788.408,2022-04-01 08:00:00
1648814400000,430.9,442.8,427.4,441.3,215074.446,2022-04-01 12:00:00
1648828800000,441.3,446.4,440.8,446.3,125651.725,2022-04-01 16:00:00
1648843200000,446.4,448.2,442.7,447.7,111261.04,2022-04-01 20:00:00
1648857600000,447.8,454.2,440.3,449.5,191092.554,2022-04-02 00:00:00
1648872000000,449.6,451.2,447.4,450.5,100456.109,2022-04-02 04:00:00
1648886400000,450.4,450.5,447.7,448.3,94652.68,2022-04-02 08:00:00
1648900800000,448.3,451.4,440.5,442.4,203398.303,2022-04-02 12:00:00
1648915200000,442.3,446.1,438.4,442.6,146291.961,2022-04-02 16:00:00
1648929600000,442.7,443.8,435.7,437.2,91973.278,2022-04-02 20:00:00
1648944000000,437.3,440.7,432.2,437.4,124178.771,2022-04-03 00:00:00
1648958400000,437.4,444.5,437.1,444.2,97569.383,2022-04-03 04:00:00
1648972800000,444.1,445.7,441.0,444.3,91066.335,2022-04-03 08:00:00
1648987200000,444.3,449.8,443.4,447.4,129576.323,2022-04-03 12:00:00
1649001600000,447.4,449.1,445.7,448.0,93589.672,2022-04-03 16:00:00
1649016000000,448.1,455.7,447.0,450.4,140250.408,2022-04-03 20:00:00
1649030400000,450.4,450.5,442.2,443.5,122545.663,2022-04-04 00:00:00
1649044800000,443.5,449.0,441.7,447.0,95119.446,2022-04-04 04:00:00
1649059200000,447.0,448.5,441.2,446.6,131996.636,2022-04-04 08:00:00
1649073600000,446.6,447.4,437.6,438.1,149877.962,2022-04-04 12:00:00
1649088000000,438.1,443.5,433.4,443.0,133560.05,2022-04-04 16:00:00
1649102400000,443.0,449.8,441.5,447.6,103537.514,2022-04-04 20:00:00
1649116800000,447.6,457.3,446.3,455.2,160204.119,2022-04-05 00:00:00
1649131200000,455.2,459.5,451.1,454.9,127033.667,2022-04-05 04:00:00
1649145600000,454.9,457.9,453.2,457.8,83206.919,2022-04-05 08:00:00
1649160000000,457.8,460.0,448.4,449.4,194819.725,2022-04-05 12:00:00
1649174400000,449.4,452.8,445.8,450.6,114852.103,2022-04-05 16:00:00
1649188800000,450.6,451.5,444.1,444.7,81052.192,2022-04-05 20:00:00
1649203200000,444.7,448.6,432.4,440.2,198218.617,2022-04-06 00:00:00
1649217600000,440.2,444.4,438.3,441.1,76146.205,2022-04-06 04:00:00
1649232000000,441.2,442.3,431.9,435.5,140972.974,2022-04-06 08:00:00
1649246400000,435.5,438.9,421.4,426.9,252510.557,2022-04-06 12:00:00
1649260800000,426.9,428.3,418.3,426.7,188473.753,2022-04-06 16:00:00
1649275200000,426.7,428.2,419.1,420.1,72608.7,2022-04-06 20:00:00
1649289600000,420.1,428.1,416.2,424.7,161332.418,2022-04-07 00:00:00
1649304000000,424.7,433.0,424.7,430.9,118236.358,2022-04-07 04:00:00
1649318400000,430.9,436.5,426.5,435.2,121310.058,2022-04-07 08:00:00
1649332800000,435.3,437.0,426.5,431.7,143395.836,2022-04-07 12:00:00
1649347200000,431.8,450.0,429.8,434.8,124965.761,2022-04-07 16:00:00
1649361600000,434.8,438.1,433.9,436.0,48420.605,2022-04-07 20:00:00
1649376000000,436.1,442.0,435.1,438.3,97570.313,2022-04-08 00:00:00
1649390400000,438.2,438.4,429.7,433.4,116377.917,2022-04-08 04:00:00
1649404800000,433.5,435.7,427.1,427.8,124799.655,2022-04-08 08:00:00
1649419200000,427.7,434.7,422.1,430.8,137277.083,2022-04-08 12:00:00
1649433600000,430.7,432.3,423.1,427.0,120739.281,2022-04-08 16:00:00
1649448000000,426.9,428.8,418.4,421.5,87835.825,2022-04-08 20:00:00
1649462400000,421.5,425.3,419.6,422.8,68494.063,2022-04-09 00:00:00
1649476800000,422.9,425.4,421.6,424.4,57387.231,2022-04-09 04:00:00
1649491200000,424.5,428.2,423.1,426.7,53342.901,2022-04-09 08:00:00
1649505600000,426.6,428.1,420.6,421.1,76493.482,2022-04-09 12:00:00
1649520000000,421.2,424.6,420.6,421.8,53626.835,2022-04-09 16:00:00
1649534400000,421.8,427.5,420.5,426.6,47082.147,2022-04-09 20:00:00
1649548800000,426.6,427.7,424.4,426.8,43683.723,2022-04-10 00:00:00
1649563200000,426.9,427.8,424.6,425.8,43423.293,2022-04-10 04:00:00
1649577600000,425.7,425.9,421.1,424.3,57118.697,2022-04-10 08:00:00
1649592000000,424.4,425.8,420.0,422.2,67381.694,2022-04-10 12:00:00
1649606400000,422.2,429.0,421.3,427.9,74340.004,2022-04-10 16:00:00
1649620800000,427.8,429.5,417.0,418.1,100703.472,2022-04-10 20:00:00
1649635200000,418.1,419.7,410.8,414.2,150612.898,2022-04-11 00:00:00
1649649600000,414.2,418.0,413.2,417.3,72138.024,2022-04-11 04:00:00
1649664000000,417.4,418.1,402.5,404.2,233740.558,2022-04-11 08:00:00
1649678400000,404.3,405.4,398.8,399.0,146178.27,2022-04-11 12:00:00
1649692800000,398.9,403.7,396.5,398.6,138103.971,2022-04-11 16:00:00
1649707200000,398.7,399.9,391.2,394.6,115580.503,2022-04-11 20:00:00
1649721600000,394.6,398.5,392.4,398.4,98964.213,2022-04-12 00:00:00
1649736000000,398.4,408.4,397.8,407.4,129118.108,2022-04-12 04:00:00
1649750400000,407.5,412.0,405.9,411.5,103937.396,2022-04-12 08:00:00
1649764800000,411.6,417.1,408.4,412.6,195856.117,2022-04-12 12:00:00
1649779200000,412.7,415.7,406.5,407.1,131870.222,2022-04-12 16:00:00
1649793600000,407.1,415.0,406.6,413.6,70044.862,2022-04-12 20:00:00
1649808000000,413.7,421.1,410.3,418.2,110983.253,2022-04-13 00:00:00
1649822400000,418.1,420.3,416.7,418.0,64003.21,2022-04-13 04:00:00
1649836800000,418.0,420.9,413.4,413.6,94442.834,2022-04-13 08:00:00
1649851200000,413.5,421.8,411.2,417.9,199336.486,2022-04-13 12:00:00
1649865600000,417.9,423.0,415.7,419.7,92940.722,2022-04-13 16:00:00
1649880000000,419.7,424.6,419.0,423.4,68370.772,2022-04-13 20:00:00
1649894400000,423.4,426.9,421.3,422.1,80410.872,2022-04-14 00:00:00
1649908800000,422.1,422.8,419.8,421.8,64933.833,2022-04-14 04:00:00
1649923200000,421.9,423.5,416.7,417.4,85046.672,2022-04-14 08:00:00
1649937600000,417.4,421.5,411.8,412.4,123922.564,2022-04-14 12:00:00
1649952000000,412.5,416.9,411.3,414.0,64672.715,2022-04-14 16:00:00
1649966400000,414.0,416.3,412.5,414.7,45233.552,2022-04-14 20:00:00
1649980800000,414.7,418.4,412.5,418.1,62781.698,2022-04-15 00:00:00
1649995200000,418.1,418.8,414.6,416.7,56418.811,2022-04-15 04:00:00
1650009600000,416.7,418.4,415.1,417.4,54286.406,2022-04-15 08:00:00
1650024000000,417.4,419.4,413.8,418.0,70059.934,2022-04-15 12:00:00
1650038400000,418.0,420.0,416.5,417.9,38571.675,2022-04-15 16:00:00
1650052800000,417.9,418.7,415.3,417.3,49612.249,2022-04-15 20:00:00
1650067200000,417.3,418.9,416.0,416.1,38646.251,2022-04-16 00:00:00
1650081600000,416.1,416.8,414.4,415.1,34745.842,2022-04-16 04:00:00
1650096000000,415.1,416.8,414.3,415.9,33930.33,2022-04-16 08:00:00
1650110400000,415.9,417.0,411.6,412.6,59579.556,2022-04-16 12:00:00
1650124800000,412.6,414.4,412.2,413.9,32197.994,2022-04-16 16:00:00
1650139200000,413.8,419.0,413.6,417.3,38189.047,2022-04-16 20:00:00
1650153600000,417.3,418.2,414.2,415.3,32834.159,2022-04-17 00:00:00
1650168000000,415.2,416.2,413.5,414.5,31952.601,2022-04-17 04:00:00
1650182400000,414.5,416.6,413.5,415.4,46742.275,2022-04-17 08:00:00
1650196800000,415.4,417.2,414.4,416.7,47180.314,2022-04-17 12:00:00
1650211200000,416.7,417.3,412.4,414.3,53908.491,2022-04-17 16:00:00
1650225600000,414.4,416.3,405.5,406.6,89772.886,2022-04-17 20:00:00
1650240000000,406.7,410.3,404.7,407.9,66911.427,2022-04-18 00:00:00
1650254400000,408.0,408.4,396.2,397.8,161691.141,2022-04-18 04:00:00
1650268800000,397.9,403.9,397.5,402.0,68633.573,2022-04-18 08:00:00
1650283200000,402.0,407.4,402.0,405.8,112323.205,2022-04-18 12:00:00
1650297600000,405.9,417.2,402.9,415.2,151666.764,2022-04-18 16:00:00
1650312000000,415.2,418.0,414.6,416.8,67521.662,2022-04-18 20:00:00
1650326400000,416.9,420.0,414.6,416.7,80074.404,2022-04-19 00:00:00
1650340800000,416.7,422.2,415.7,421.9,91959.104,2022-04-19 04:00:00
1650355200000,421.8,424.7,418.6,418.9,103057.786,2022-04-19 08:00:00
1650369600000,418.9,423.4,416.5,419.8,163917.633,2022-04-19 12:00:00
1650384000000,419.7,421.7,417.4,419.9,79945.863,2022-04-19 16:00:00
1650398400000,419.9,422.6,417.7,422.3,48632.141,2022-04-19 20:00:00
1650412800000,422.3,422.5,417.7,421.5,62875.638,2022-04-20 00:00:00
1650427200000,421.5,423.7,420.1,421.0,70017.318,2022-04-20 04:00:00
1650441600000,421.0,431.4,420.5,428.0,198095.334,2022-04-20 08:00:00
1650456000000,428.0,429.8,419.2,421.6,196869.765,2022-04-20 12:00:00
1650470400000,421.7,422.1,414.9,417.4,100939.868,2022-04-20 16:00:00
1650484800000,417.4,420.7,416.8,418.4,48457.167,2022-04-20 20:00:00
1650499200000,418.4,422.8,418.1,421.7,67015.333,2022-04-21 00:00:00
1650513600000,421.7,423.3,417.6,420.7,93066.698,2022-04-21 04:00:00
1650528000000,420.7,426.0,419.2,424.4,155625.834,2022-04-21 08:00:00
1650542400000,424.4,425.8,420.3,420.5,165375.742,2022-04-21 12:00:00
1650556800000,420.5,421.1,411.3,411.7,119976.375,2022-04-21 16:00:00
1650571200000,411.8,412.6,401.2,404.9,170658.172,2022-04-21 20:00:00
1650585600000,404.9,410.7,403.3,409.5,93831.954,2022-04-22 00:00:00
1650600000000,409.5,411.6,406.7,410.2,88846.896,2022-04-22 04:00:00
1650614400000,410.2,412.1,406.3,412.0,96906.627,2022-04-22 08:00:00
1650628800000,412.0,413.9,405.3,406.1,168732.111,2022-04-22 12:00:00
1650643200000,406.1,409.8,404.8,407.7,73326.196,2022-04-22 16:00:00
1650657600000,407.6,409.0,405.0,406.6,41877.265,2022-04-22 20:00:00
1650672000000,406.6,408.1,402.0,403.3,60374.34,2022-04-23 00:00:00
1650686400000,403.3,404.5,397.3,404.2,90495.882,2022-04-23 04:00:00
1650700800000,404.2,406.3,403.0,405.2,47066.52,2022-04-23 08:00:00
1650715200000,405.3,406.5,403.5,406.3,51996.475,2022-04-23 12:00:00
1650729600000,406.3,408.0,405.6,406.9,45782.24,2022-04-23 16:00:00
1650744000000,406.9,407.5,400.1,401.1,43631.993,2022-04-23 20:00:00
1650758400000,401.2,405.5,400.8,405.1,48287.169,2022-04-24 00:00:00
1650772800000,405.0,405.4,403.5,404.3,31968.634,2022-04-24 04:00:00
1650787200000,404.2,404.7,400.8,401.5,38012.645,2022-04-24 08:00:00
1650801600000,401.5,403.9,400.3,401.8,68686.669,2022-04-24 12:00:00
1650816000000,401.8,403.3,397.1,402.4,94258.986,2022-04-24 16:00:00
1650830400000,402.5,402.8,398.3,398.8,41675.702,2022-04-24 20:00:00
1650844800000,398.8,399.3,390.7,395.9,155476.468,2022-04-25 00:00:00
1650859200000,396.0,396.0,382.3,383.8,162599.54,2022-04-25 04:00:00
1650873600000,383.8,392.7,382.4,392.6,139677.964,2022-04-25 08:00:00
1650888000000,392.6,396.7,390.3,394.2,168817.452,2022-04-25 12:00:00
1650902400000,394.2,402.8,393.7,402.4,152338.076,2022-04-25 16:00:00
1650916800000,402.3,405.7,401.3,404.3,70889.178,2022-04-25 20:00:00
1650931200000,404.4,407.5,402.5,404.0,71353.955,2022-04-26 00:00:00
1650945600000,404.1,405.5,401.1,402.9,65016.822,2022-04-26 04:00:00
1650960000000,403.0,404.1,398.4,400.4,75058.05,2022-04-26 08:00:00
1650974400000,400.3,401.2,387.5,387.9,158597.262,2022-04-26 12:00:00
1650988800000,388.0,391.3,383.1,386.3,169031.472,2022-04-26 16:00:00
1651003200000,386.3,388.2,380.8,385.9,90751.251,2022-04-26 20:00:00
1651017600000,386.0,389.8,383.3,388.2,71563.033,2022-04-27 00:00:00
1651032000000,388.1,394.4,387.9,394.4,73318.843,2022-04-27 04:00:00
1651046400000,394.3,394.8,388.4,390.9,106981.668,2022-04-27 08:00:00
1651060800000,390.9,394.6,385.0,389.0,170087.13,2022-04-27 12:00:00
1651075200000,389.0,391.7,386.9,388.0,93296.475,2022-04-27 16:00:00
1651089600000,388.1,391.9,387.8,391.3,52124.346,2022-04-27 20:00:00
1651104000000,391.4,393.0,389.5,389.7,69150.69,2022-04-28 00:00:00
1651118400000,389.8,393.9,388.5,392.5,73500.026,2022-04-28 04:00:00
1651132800000,392.5,406.7,392.5,404.0,317131.545,2022-04-28 08:00:00
1651147200000,404.0,407.0,397.1,402.4,239922.06,2022-04-28 12:00:00
1651161600000,402.4,407.7,400.8,405.1,142288.164,2022-04-28 16:00:00
1651176000000,405.2,408.6,403.1,407.1,104343.849,2022-04-28 20:00:00
1651190400000,407.2,410.7,402.2,404.6,117644.012,2022-04-29 00:00:00
1651204800000,404.5,407.7,402.3,405.9,87193.803,2022-04-29 04:00:00
1651219200000,405.9,406.3,393.2,394.7,161397.994,2022-04-29 08:00:00
1651233600000,394.8,401.1,393.8,398.5,139691.526,2022-04-29 12:00:00
1651248000000,398.5,398.7,389.7,391.6,134220.877,2022-04-29 16:00:00
1651262400000,391.6,394.2,390.9,393.0,54740.314,2022-04-29 20:00:00
1651276800000,393.0,398.0,392.4,396.8,60737.53,2022-04-30 00:00:00
1651291200000,396.8,399.9,396.5,398.4,63194.751,2022-04-30 04:00:00
1651305600000,398.4,398.9,396.0,397.1,67505.313,2022-04-30 08:00:00
1651320000000,397.1,397.9,390.3,393.7,94972.345,2022-04-30 12:00:00
1651334400000,393.8,394.6,388.5,391.1,95665.984,2022-04-30 16:00:00
1651348800000,391.1,391.1,376.3,377.1,192829.899,2022-04-30 20:00:00
1651363200000,377.1,383.8,375.5,383.1,134133.023,2022-05-01 00:00:00
1651377600000,383.2,385.9,380.7,382.2,94517.205,2022-05-01 04:00:00
1651392000000,382.3,385.8,382.0,383.7,58539.065,2022-05-01 08:00:00
1651406400000,383.6,390.3,382.3,389.5,101852.044,2022-05-01 12:00:00
1651420800000,389.5,391.0,382.7,384.5,98771.801,2022-05-01 16:00:00
1651435200000,384.5,391.4,383.6,389.9,76331.535,2022-05-01 20:00:00
1651449600000,389.9,392.5,386.9,389.5,71862.122,2022-05-02 00:00:00
1651464000000,389.5,392.6,387.9,389.9,58381.212,2022-05-02 04:00:00
1651478400000,389.9,391.0,385.1,385.7,67488.996,2022-05-02 08:00:00
1651492800000,385.7,391.2,383.7,388.2,128622.673,2022-05-02 12:00:00
1651507200000,388.1,389.8,382.1,387.7,78586.802,2022-05-02 16:00:00
1651521600000,387.7,390.8,385.3,389.5,49976.307,2022-05-02 20:00:00
1651536000000,389.5,392.3,388.7,391.3,62757.013,2022-05-03 00:00:00
1651550400000,391.2,391.7,388.2,389.8,47595.682,2022-05-03 04:00:00
1651564800000,389.7,390.5,385.9,389.0,58600.51,2022-05-03 08:00:00
1651579200000,389.0,389.0,384.4,386.7,81815.356,2022-05-03 12:00:00
1651593600000,386.8,387.5,380.0,381.6,83882.601,2022-05-03 16:00:00
1651608000000,381.6,384.2,379.8,383.9,53666.258,2022-05-03 20:00:00
1651622400000,383.9,386.2,382.7,385.4,53562.065,2022-05-04 00:00:00
1651636800000,385.5,390.4,384.1,389.5,66907.643,2022-05-04 04:00:00
1651651200000,389.5,391.9,388.6,391.0,95401.801,2022-05-04 08:00:00
1651665600000,391.1,395.0,387.3,393.7,111242.574,2022-05-04 12:00:00
1651680000000,393.7,402.9,390.7,401.5,211568.081,2022-05-04 16:00:00
1651694400000,401.5,403.1,401.4,402.6,60384.518,2022-05-04 20:00:00
1651708800000,402.6,406.2,401.4,403.3,70593.331,2022-05-05 00:00:00
1651723200000,403.2,403.6,399.7,401.0,55612.212,2022-05-05 04:00:00
1651737600000,400.9,413.6,398.3,404.5,292458.868,2022-05-05 08:00:00
1651752000000,404.5,407.8,378.3,381.2,425859.426,2022-05-05 12:00:00
1651766400000,381.2,383.1,370.7,376.7,286178.991,2022-05-05 16:00:00
1651780800000,376.7,379.1,373.2,378.4,93411.684,2022-05-05 20:00:00
1651795200000,378.5,379.4,374.7,378.9,89010.049,2022-05-06 00:00:00
1651809600000,378.8,380.4,372.8,377.3,100540.116,2022-05-06 04:00:00
1651824000000,377.3,381.2,373.9,375.0,124962.791,2022-05-06 08:00:00
1651838400000,374.9,383.3,370.6,379.3,246913.223,2022-05-06 12:00:00
1651852800000,379.3,382.6,377.9,381.1,97313.146,2022-05-06 16:00:00
1651867200000,381.1,381.7,378.5,379.1,43702.094,2022-05-06 20:00:00
1651881600000,379.1,380.6,376.0,376.4,48634.553,2022-05-07 00:00:00
1651896000000,376.3,379.0,373.8,378.8,76647.075,2022-05-07 04:00:00
1651910400000,378.8,380.2,373.0,374.9,135709.023,2022-05-07 08:00:00
1651924800000,375.0,376.6,372.2,376.1,68007.114,2022-05-07 12:00:00
1651939200000,376.0,378.2,375.3,376.6,48763.22,2022-05-07 16:00:00
1651953600000,376.6,376.6,360.1,365.5,177091.546,2022-05-07 20:00:00
1651968000000,365.5,367.0,355.3,359.2,195407.885,2022-05-08 00:00:00
1651982400000,359.2,362.1,357.8,359.5,100407.361,2022-05-08 04:00:00
1651996800000,359.4,360.7,352.5,357.4,147962.872,2022-05-08 08:00:00
1652011200000,357.3,359.4,352.8,356.2,112733.168,2022-05-08 12:00:00
1652025600000,356.1,359.7,349.5,359.1,160684.155,2022-05-08 16:00:00
1652040000000,359.1,359.6,354.4,355.9,67988.646,2022-05-08 20:00:00
1652054400000,355.9,359.3,346.7,349.5,153791.788,2022-05-09 00:00:00
1652068800000,349.5,352.2,343.3,343.4,129661.03,2022-05-09 04:00:00
1652083200000,343.5,344.9,327.2,333.0,347943.472,2022-05-09 08:00:00
1652097600000,332.9,337.7,321.2,324.5,369822.289,2022-05-09 12:00:00
1652112000000,324.4,326.6,300.0,305.8,697076.2299,2022-05-09 16:00:00
1652126400000,305.7,316.8,295.4,296.1,439272.0613,2022-05-09 20:00:00
1652140800000,296.1,313.2,289.0,307.0,669540.4204,2022-05-10 00:00:00
1652155200000,307.0,332.8,306.5,321.7,415061.766,2022-05-10 04:00:00
1652169600000,321.7,327.5,318.9,325.7,286444.396,2022-05-10 08:00:00
1652184000000,325.6,331.2,314.4,321.0,351541.593,2022-05-10 12:00:00
1652198400000,321.0,328.1,317.0,324.2,191619.089,2022-05-10 16:00:00
1652212800000,324.2,324.3,308.4,319.1,246446.911,2022-05-10 20:00:00
1652227200000,319.1,323.0,314.4,318.3,215712.398,2022-05-11 00:00:00
1652241600000,318.4,319.7,295.8,299.9,505974.302,2022-05-11 04:00:00
1652256000000,300.0,316.4,298.9,305.4,503330.387,2022-05-11 08:00:00
1652270400000,305.4,309.0,272.0,288.2,1208213.8466,2022-05-11 12:00:00
1652284800000,288.2,290.5,270.3,271.3,508180.555,2022-05-11 16:00:00
1652299200000,271.2,274.2,260.8,271.5,446342.494,2022-05-11 20:00:00
1652313600000,271.4,281.2,254.4,255.1,604096.0962,2022-05-12 00:00:00
1652328000000,255.0,256.3,218.8,247.4,1453181.2141,2022-05-12 04:00:00
1652342400000,247.5,280.0,245.3,273.2,1074871.505,2022-05-12 08:00:00
1652356800000,273.2,285.0,263.8,272.6,621418.249,2022-05-12 12:00:00
1652371200000,272.6,282.9,266.0,269.6,371144.782,2022-05-12 16:00:00
1652385600000,269.6,272.0,262.1,269.0,374913.757,2022-05-12 20:00:00
1652400000000,269.0,309.8,265.4,307.4,576397.92,2022-05-13 00:00:00
1652414400000,307.4,310.1,295.9,296.1,326502.827,2022-05-13 04:00:00
1652428800000,296.0,310.1,295.4,309.1,254012.749,2022-05-13 08:00:00
1652443200000,309.2,313.5,300.4,302.0,319786.998,2022-05-13 12:00:00
1652457600000,301.9,304.2,289.4,296.3,308218.524,2022-05-13 16:00:00
1652472000000,296.4,300.1,289.8,290.6,127468.343,2022-05-13 20:00:00
1652486400000,290.7,299.5,288.6,293.6,196309.242,2022-05-14 00:00:00
1652500800000,293.6,293.7,284.6,287.0,157255.843,2022-05-14 04:00:00
1652515200000,287.0,290.1,276.3,281.5,198750.444,2022-05-14 08:00:00
1652529600000,281.4,282.4,272.1,277.9,216136.918,2022-05-14 12:00:00
1652544000000,278.0,290.9,275.8,286.9,189411.478,2022-05-14 16:00:00
1652558400000,286.9,298.6,286.4,296.9,135010.098,2022-05-14 20:00:00
1652572800000,296.9,299.2,285.7,289.7,165732.481,2022-05-15 00:00:00
1652587200000,289.7,295.7,288.2,294.7,99519.797,2022-05-15 04:00:00
1652601600000,294.8,303.4,290.6,302.4,144939.494,2022-05-15 08:00:00
1652616000000,302.4,305.8,296.1,297.7,130468.891,2022-05-15 12:00:00
1652630400000,297.7,304.1,296.8,303.9,100313.708,2022-05-15 16:00:00
1652644800000,303.9,312.6,302.2,312.4,133734.86,2022-05-15 20:00:00
1652659200000,312.4,312.5,300.0,301.3,147997.115,2022-05-16 00:00:00
1652673600000,301.3,303.2,290.3,294.0,188064.025,2022-05-16 04:00:00
1652688000000,294.0,301.6,291.3,298.1,164766.846,2022-05-16 08:00:00
1652702400000,298.0,303.0,292.6,295.8,220109.053,2022-05-16 12:00:00
1652716800000,295.8,301.0,292.1,297.7,117173.209,2022-05-16 16:00:00
1652731200000,297.7,302.1,294.7,297.2,129512.586,2022-05-16 20:00:00
1652745600000,297.3,307.8,295.8,306.3,145615.706,2022-05-17 00:00:00
1652760000000,306.4,307.7,303.8,304.5,81113.535,2022-05-17 04:00:00
1652774400000,304.4,308.7,304.2,306.4,76862.804,2022-05-17 08:00:00
1652788800000,306.5,310.7,299.8,303.5,166009.45,2022-05-17 12:00:00
1652803200000,303.5,304.0,296.5,301.2,155183.896,2022-05-17 16:00:00
1652817600000,301.2,308.1,300.7,306.2,77480.216,2022-05-17 20:00:00
1652832000000,306.2,308.6,299.2,300.6,128236.59,2022-05-18 00:00:00
1652846400000,300.5,301.6,298.1,300.3,91211.074,2022-05-18 04:00:00
1652860800000,300.2,304.1,298.5,301.6,77714.229,2022-05-18 08:00:00
1652875200000,301.7,302.0,290.0,291.3,163928.457,2022-05-18 12:00:00
1652889600000,291.4,297.8,288.8,296.6,141495.559,2022-05-18 16:00:00
1652904000000,296.6,296.7,286.8,287.7,128505.182,2022-05-18 20:00:00
1652918400000,287.8,296.8,286.8,295.2,116215.69,2022-05-19 00:00:00
1652932800000,295.3,301.9,294.4,298.8,99723.781,2022-05-19 04:00:00
1652947200000,298.8,302.5,293.5,301.4,134143.697,2022-05-19 08:00:00
1652961600000,301.5,308.9,299.1,306.8,179834.598,2022-05-19 12:00:00
1652976000000,306.8,307.8,303.6,303.6,87134.22,2022-05-19 16:00:00
1652990400000,303.7,307.8,303.0,307.1,68186.858,2022-05-19 20:00:00
1653004800000,307.1,312.0,305.1,308.0,117183.105,2022-05-20 00:00:00
1653019200000,308.0,310.0,305.7,307.2,106993.37,2022-05-20 04:00:00
1653033600000,307.3,316.1,306.5,315.5,148472.639,2022-05-20 08:00:00
1653048000000,315.5,316.0,297.3,299.3,321685.644,2022-05-20 12:00:00
1653062400000,299.2,302.6,294.1,302.2,156299.438,2022-05-20 16:00:00
1653076800000,302.2,305.2,301.3,302.2,67483.981,2022-05-20 20:00:00
1653091200000,302.3,304.0,299.3,303.0,71167.588,2022-05-21 00:00:00
1653105600000,303.1,307.0,301.7,306.2,70039.484,2022-05-21 04:00:00
1653120000000,306.2,307.5,304.9,307.0,67559.68,2022-05-21 08:00:00
1653134400000,307.0,311.9,306.0,311.7,102577.988,2022-05-21 12:00:00
1653148800000,311.6,314.2,310.5,312.6,112955.353,2022-05-21 16:00:00
1653163200000,312.7,313.8,311.4,312.4,46478.39,2022-05-21 20:00:00
1653177600000,312.5,319.2,311.5,316.5,117401.039,2022-05-22 00:00:00
1653192000000,316.6,316.7,312.6,314.9,96628.903,2022-05-22 04:00:00
1653206400000,314.9,323.7,314.7,317.6,179687.876,2022-05-22 08:00:00
1653220800000,317.7,320.7,314.4,316.9,106699.139,2022-05-22 12:00:00
1653235200000,316.9,319.1,314.7,317.3,74908.728,2022-05-22 16:00:00
1653249600000,317.3,320.4,316.1,319.4,65349.888,2022-05-22 20:00:00
1653264000000,319.3,321.5,317.2,320.6,81988.541,2022-05-23 00:00:00
1653278400000,320.6,330.4,320.4,328.4,143130.628,2022-05-23 04:00:00
1653292800000,328.4,333.0,325.9,332.6,140452.03,2022-05-23 08:00:00
1653307200000,332.7,335.6,325.9,333.6,257437.026,2022-05-23 12:00:00
1653321600000,333.6,337.0,323.0,323.6,213795.068,2022-05-23 16:00:00
1653336000000,323.5,328.4,315.3,317.2,179409.578,2022-05-23 20:00:00
1653350400000,317.1,327.1,315.4,326.8,170523.824,2022-05-24 00:00:00
1653364800000,326.8,329.9,323.5,328.2,132822.774,2022-05-24 04:00:00
1653379200000,328.2,328.5,317.7,323.2,172940.786,2022-05-24 08:00:00
1653393600000,323.3,324.7,312.1,321.5,306643.632,2022-05-24 12:00:00
1653408000000,321.5,325.8,319.1,322.8,171927.192,2022-05-24 16:00:00
1653422400000,322.8,330.4,321.1,328.3,132282.49,2022-05-24 20:00:00
1653436800000,328.3,337.9,327.4,335.9,174727.751,2022-05-25 00:00:00
1653451200000,335.9,336.0,328.9,330.1,164811.216,2022-05-25 04:00:00
1653465600000,330.1,333.5,324.3,325.2,191804.563,2022-05-25 08:00:00
1653480000000,325.2,331.5,324.0,327.4,256935.766,2022-05-25 12:00:00
1653494400000,327.4,329.8,324.4,326.1,179600.028,2022-05-25 16:00:00
1653508800000,326.0,329.5,325.3,325.7,89857.431,2022-05-25 20:00:00
1653523200000,325.7,331.8,325.4,327.9,130408.424,2022-05-26 00:00:00
1653537600000,327.9,328.6,316.0,321.4,236149.204,2022-05-26 04:00:00
1653552000000,321.3,321.5,306.9,310.7,368066.907,2022-05-26 08:00:00
1653566400000,310.8,315.9,296.7,313.0,448856.91,2022-05-26 12:00:00
1653580800000,312.9,317.7,308.6,308.9,201094.516,2022-05-26 16:00:00
1653595200000,308.8,313.7,302.5,303.0,154861.637,2022-05-26 20:00:00
1653609600000,303.0,307.6,297.2,302.1,289652.081,2022-05-27 00:00:00
1653624000000,302.2,303.5,290.6,298.5,321273.438,2022-05-27 04:00:00
1653638400000,298.5,302.8,295.8,301.2,204373.183,2022-05-27 08:00:00
1653652800000,301.3,309.8,299.8,302.1,271512.483,2022-05-27 12:00:00
1653667200000,302.2,303.7,295.8,301.4,262167.872,2022-05-27 16:00:00
1653681600000,301.4,304.8,299.6,301.6,111569.951,2022-05-27 20:00:00
1653696000000,301.5,305.0,296.9,301.0,143776.324,2022-05-28 00:00:00
1653710400000,300.9,304.3,299.7,302.2,102951.637,2022-05-28 04:00:00
1653724800000,302.1,303.5,299.5,302.1,90810.016,2022-05-28 08:00:00
1653739200000,302.1,308.0,301.4,307.4,113735.198,2022-05-28 12:00:00
1653753600000,307.3,309.4,304.8,308.9,94371.347,2022-05-28 16:00:00
1653768000000,308.8,310.5,307.1,307.5,56009.982,2022-05-28 20:00:00
1653782400000,307.6,308.2,299.4,300.8,107109.897,2022-05-29 00:00:00
1653796800000,300.8,301.5,298.6,301.0,64085.535,2022-05-29 04:00:00
1653811200000,301.1,303.4,299.8,302.8,81332.418,2022-05-29 08:00:00
1653825600000,302.9,307.2,301.8,303.2,104960.368,2022-05-29 12:00:00
1653840000000,303.3,305.0,301.7,302.4,62391.32,2022-05-29 16:00:00
1653854400000,302.4,308.1,301.8,305.8,99628.209,2022-05-29 20:00:00
1653868800000,305.9,318.6,303.9,317.3,230602.136,2022-05-30 00:00:00
1653883200000,317.2,321.6,316.2,319.7,169480.301,2022-05-30 04:00:00
1653897600000,319.7,320.4,315.0,317.3,113233.355,2022-05-30 08:00:00
1653912000000,317.4,319.4,311.8,313.8,201974.635,2022-05-30 12:00:00
1653926400000,313.8,315.8,312.0,313.4,87480.468,2022-05-30 16:00:00
1653940800000,313.4,324.0,312.0,321.8,204157.336,2022-05-30 20:00:00
1653955200000,321.8,324.8,317.7,320.8,121341.773,2022-05-31 00:00:00
1653969600000,320.8,321.0,316.0,318.3,109190.458,2022-05-31 04:00:00
1653984000000,318.2,321.8,317.8,320.6,95548.912,2022-05-31 08:00:00
1653998400000,320.7,322.7,313.5,321.2,187839.887,2022-05-31 12:00:00
1654012800000,321.2,324.4,318.3,318.8,121870.372,2022-05-31 16:00:00
1654027200000,318.8,322.8,318.6,320.9,65954.988,2022-05-31 20:00:00
1654041600000,321.0,324.5,318.5,319.2,100147.331,2022-06-01 00:00:00
1654056000000,319.2,321.0,316.5,317.2,92200.718,2022-06-01 04:00:00
1654070400000,317.3,321.1,314.3,316.5,108447.952,2022-06-01 08:00:00
1654084800000,316.6,320.1,305.2,305.6,202788.221,2022-06-01 12:00:00
1654099200000,305.5,305.6,300.4,303.4,188088.004,2022-06-01 16:00:00
1654113600000,303.4,303.8,297.6,300.4,126312.383,2022-06-01 20:00:00
1654128000000,300.5,304.2,298.2,300.5,90138.63,2022-06-02 00:00:00
1654142400000,300.5,304.6,299.1,303.4,70787.893,2022-06-02 04:00:00
1654156800000,303.4,305.4,302.3,305.0,68140.156,2022-06-02 08:00:00
1654171200000,305.0,305.5,299.4,303.5,127235.155,2022-06-02 12:00:00
1654185600000,303.5,305.9,302.8,305.3,66111.612,2022-06-02 16:00:00
1654200000000,305.2,309.2,304.7,308.3,55256.954,2022-06-02 20:00:00
1654214400000,308.4,310.3,306.4,308.4,62865.262,2022-06-03 00:00:00
1654228800000,308.3,308.5,304.3,305.2,48427.867,2022-06-03 04:00:00
1654243200000,305.3,305.9,295.6,296.2,121139.466,2022-06-03 08:00:00
1654257600000,296.2,299.0,293.3,295.5,150163.978,2022-06-03 12:00:00
1654272000000,295.5,297.9,294.2,296.3,52283.066,2022-06-03 16:00:00
1654286400000,296.3,299.7,296.0,298.6,34117.038,2022-06-03 20:00:00
1654300800000,298.6,299.5,294.8,295.6,50541.338,2022-06-04 00:00:00
1654315200000,295.5,299.1,295.3,298.3,36323.748,2022-06-04 04:00:00
1654329600000,298.3,302.0,298.0,299.0,52456.318,2022-06-04 08:00:00
1654344000000,298.9,301.4,297.1,301.4,64044.19,2022-06-04 12:00:00
1654358400000,301.4,302.2,299.7,300.1,44933.021,2022-06-04 16:00:00
1654372800000,300.1,302.9,299.4,301.3,45234.493,2022-06-04 20:00:00
1654387200000,301.4,301.7,295.9,297.5,52580.775,2022-06-05 00:00:00
1654401600000,297.6,298.8,296.4,297.6,31448.897,2022-06-05 04:00:00
1654416000000,297.5,298.4,295.7,297.5,31069.021,2022-06-05 08:00:00
1654430400000,297.6,299.1,295.0,299.1,38250.499,2022-06-05 12:00:00
1654444800000,299.1,302.5,296.4,301.2,72307.951,2022-06-05 16:00:00
1654459200000,301.1,302.4,298.3,299.1,44038.758,2022-06-05 20:00:00
1654473600000,299.1,307.8,299.0,307.3,115629.05,2022-06-06 00:00:00
1654488000000,307.4,311.9,305.6,310.2,96496.892,2022-06-06 04:00:00
1654502400000,310.2,312.3,307.0,307.5,88444.127,2022-06-06 08:00:00
1654516800000,307.6,309.0,302.3,303.5,125081.96,2022-06-06 12:00:00
1654531200000,303.5,303.6,298.7,302.1,92090.589,2022-06-06 16:00:00
1654545600000,302.1,302.2,288.0,295.1,240848.242,2022-06-06 20:00:00
1654560000000,295.1,295.4,282.4,284.5,233852.808,2022-06-07 00:00:00
1654574400000,284.5,285.5,276.5,284.7,136522.668,2022-06-07 04:00:00
1654588800000,284.7,285.2,273.5,276.7,143093.604,2022-06-07 08:00:00
1654603200000,276.7,284.6,275.7,282.7,122988.51,2022-06-07 12:00:00
1654617600000,282.7,295.9,281.5,292.9,128553.537,2022-06-07 16:00:00
1654632000000,292.9,295.7,283.9,290.3,204773.492,2022-06-07 20:00:00
1654646400000,290.3,293.6,283.9,285.2,130857.143,2022-06-08 00:00:00
1654660800000,285.2,290.7,284.5,290.3,86623.95,2022-06-08 04:00:00
1654675200000,290.4,293.0,289.4,290.7,79981.425,2022-06-08 08:00:00
1654689600000,290.7,294.6,288.2,292.6,104814.802,2022-06-08 12:00:00
1654704000000,292.7,293.5,286.2,288.6,63682.695,2022-06-08 16:00:00
1654718400000,288.6,290.9,288.2,288.5,43550.44,2022-06-08 20:00:00
1654732800000,288.5,289.1,286.3,288.7,47203.142,2022-06-09 00:00:00
1654747200000,288.7,290.4,287.1,290.3,34575.684,2022-06-09 04:00:00
1654761600000,290.2,293.4,290.2,290.8,70561.287,2022-06-09 08:00:00
1654776000000,290.8,291.2,288.3,290.7,75874.405,2022-06-09 12:00:00
1654790400000,290.8,292.6,288.2,288.4,59315.142,2022-06-09 16:00:00
1654804800000,288.5,290.3,286.8,289.9,47965.413,2022-06-09 20:00:00
1654819200000,289.9,292.1,284.4,291.1,105091.876,2022-06-10 00:00:00
1654833600000,291.0,293.1,289.8,290.0,50467.774,2022-06-10 04:00:00
1654848000000,290.0,290.7,285.7,289.4,77553.449,2022-06-10 08:00:00
1654862400000,289.4,298.9,286.0,290.6,412641.936,2022-06-10 12:00:00
1654876800000,290.5,290.8,283.2,284.9,128851.352,2022-06-10 16:00:00
1654891200000,284.9,288.4,284.6,286.4,42916.977,2022-06-10 20:00:00
1654905600000,286.4,289.2,286.3,288.6,39068.473,2022-06-11 00:00:00
1654920000000,288.6,290.6,287.3,289.4,44656.306,2022-06-11 04:00:00
1654934400000,289.4,289.7,277.7,278.8,125970.328,2022-06-11 08:00:00
1654948800000,278.8,280.4,265.2,268.5,185747.71,2022-06-11 12:00:00
1654963200000,268.5,274.6,265.7,271.7,133586.088,2022-06-11 16:00:00
1654977600000,271.7,273.8,268.4,269.9,55322.551,2022-06-11 20:00:00
1654992000000,269.9,272.0,254.9,257.6,197943.145,2022-06-12 00:00:00
1655006400000,257.6,259.6,251.1,258.5,151331.051,2022-06-12 04:00:00
1655020800000,258.5,259.8,255.8,258.4,83372.914,2022-06-12 08:00:00
1655035200000,258.3,267.6,252.7,264.2,179449.077,2022-06-12 12:00:00
1655049600000,264.2,268.4,262.0,262.2,102213.987,2022-06-12 16:00:00
1655064000000,262.1,263.6,254.5,254.8,113444.861,2022-06-12 20:00:00
1655078400000,254.8,257.8,234.7,240.2,444841.882,2022-06-13 00:00:00
1655092800000,240.2,246.8,230.5,232.7,330607.587,2022-06-13 04:00:00
1655107200000,232.7,233.9,217.8,221.2,658832.1831,2022-06-13 08:00:00
1655121600000,221.3,228.2,213.2,224.2,524380.7018,2022-06-13 12:00:00
1655136000000,224.2,233.3,222.4,225.1,250372.639,2022-06-13 16:00:00
1655150400000,225.2,232.0,218.1,223.0,168554.416,2022-06-13 20:00:00
1655164800000,222.9,226.2,204.1,221.7,659455.4304,2022-06-14 00:00:00
1655179200000,221.7,231.4,216.3,230.0,469765.035,2022-06-14 04:00:00
1655193600000,229.9,230.4,218.1,220.3,236271.502,2022-06-14 08:00:00
1655208000000,220.3,228.5,218.3,227.4,262660.353,2022-06-14 12:00:00
1655222400000,227.3,228.4,219.9,221.8,149095.867,2022-06-14 16:00:00
1655236800000,221.9,224.2,214.6,223.0,144776.897,2022-06-14 20:00:00
1655251200000,223.1,224.7,216.2,216.8,138882.106,2022-06-15 00:00:00
1655265600000,216.8,216.9,206.6,207.3,299220.403,2022-06-15 04:00:00
1655280000000,207.3,213.8,198.4,212.6,479839.8045,2022-06-15 08:00:00
1655294400000,212.6,218.3,210.5,212.7,286203.362,2022-06-15 12:00:00
1655308800000,212.7,225.8,202.5,221.4,698916.232,2022-06-15 16:00:00
1655323200000,221.3,234.7,218.9,233.6,202335.644,2022-06-15 20:00:00
1655337600000,233.6,237.2,229.5,230.1,167297.724,2022-06-16 00:00:00
1655352000000,230.1,232.1,221.7,222.6,124823.893,2022-06-16 04:00:00
1655366400000,222.5,224.0,213.5,215.9,182314.756,2022-06-16 08:00:00
1655380800000,215.9,220.9,211.6,215.6,256379.05,2022-06-16 12:00:00
1655395200000,215.5,219.0,212.2,214.3,144582.285,2022-06-16 16:00:00
1655409600000,214.3,216.7,207.7,210.2,100195.165,2022-06-16 20:00:00
1655424000000,210.3,217.8,207.7,212.4,144860.332,2022-06-17 00:00:00
1655438400000,212.4,222.1,211.7,219.6,117432.234,2022-06-17 04:00:00
1655452800000,219.7,221.7,217.1,217.8,115049.218,2022-06-17 08:00:00
1655467200000,217.7,219.7,212.8,215.9,177147.106,2022-06-17 12:00:00
1655481600000,215.9,217.0,213.7,214.9,89155.19,2022-06-17 16:00:00
1655496000000,214.9,217.4,214.6,215.8,47190.228,2022-06-17 20:00:00
1655510400000,215.8,219.0,210.4,212.6,88147.039,2022-06-18 00:00:00
1655524800000,212.5,213.5,199.2,201.3,267146.706,2022-06-18 04:00:00
1655539200000,201.3,206.0,196.4,202.9,267437.7124,2022-06-18 08:00:00
1655553600000,203.0,203.4,197.9,198.5,111042.598,2022-06-18 12:00:00
1655568000000,198.6,200.8,188.1,188.3,270367.8564,2022-06-18 16:00:00
1655582400000,188.3,201.1,183.4,197.0,400548.5841,2022-06-18 20:00:00
1655596800000,197.0,199.7,191.6,192.3,143353.765,2022-06-19 00:00:00
1655611200000,192.4,196.3,189.7,193.1,141162.215,2022-06-19 04:00:00
1655625600000,193.1,209.2,192.5,207.2,304251.218,2022-06-19 08:00:00
1655640000000,207.2,210.0,204.6,209.4,247559.43,2022-06-19 12:00:00
1655654400000,209.4,215.0,205.1,211.8,136339.197,2022-06-19 16:00:00
1655668800000,211.8,217.0,211.5,215.1,129500.346,2022-06-19 20:00:00
1655683200000,215.1,216.3,205.6,208.7,143550.843,2022-06-20 00:00:00
1655697600000,208.7,209.7,204.8,207.1,102409.042,2022-06-20 04:00:00
1655712000000,207.2,217.5,206.7,216.0,221979.081,2022-06-20 08:00:00
1655726400000,216.1,219.8,211.8,217.8,220193.958,2022-06-20 12:00:00
1655740800000,217.7,218.0,211.2,213.8,121049.103,2022-06-20 16:00:00
1655755200000,213.8,218.0,212.7,216.5,71218.817,2022-06-20 20:00:00
1655769600000,216.5,219.4,213.1,218.2,113222.704,2022-06-21 00:00:00
1655784000000,218.2,225.9,216.2,221.0,159412.874,2022-06-21 04:00:00
1655798400000,221.0,224.0,218.7,219.0,189528.684,2022-06-21 08:00:00
1655812800000,219.1,228.4,219.0,225.1,183979.442,2022-06-21 12:00:00
1655827200000,225.1,227.5,219.8,220.2,100220.319,2022-06-21 16:00:00
1655841600000,220.2,222.3,217.3,220.1,82639.542,2022-06-21 20:00:00
1655856000000,220.2,220.6,214.5,215.5,115416.519,2022-06-22 00:00:00
1655870400000,215.5,217.9,211.7,212.0,130205.438,2022-06-22 04:00:00
1655884800000,211.9,217.5,211.2,216.0,108856.73,2022-06-22 08:00:00
1655899200000,215.9,221.0,213.0,215.2,153664.961,2022-06-22 12:00:00
1655913600000,215.3,218.3,213.0,216.2,112004.499,2022-06-22 16:00:00
1655928000000,216.2,217.1,213.0,214.4,70318.318,2022-06-22 20:00:00
1655942400000,214.4,221.7,214.0,217.9,115464.297,2022-06-23 00:00:00
1655956800000,217.8,224.3,217.4,222.2,107451.487,2022-06-23 04:00:00
1655971200000,222.2,231.7,221.4,225.2,184716.048,2022-06-23 08:00:00
1655985600000,225.2,228.5,221.0,222.9,184817.367,2022-06-23 12:00:00
1656000000000,222.9,229.5,221.0,229.2,98649.012,2022-06-23 16:00:00
1656014400000,229.2,230.6,226.3,228.9,92698.741,2022-06-23 20:00:00
1656028800000,229.0,234.6,228.3,231.8,104815.386,2022-06-24 00:00:00
1656043200000,231.7,232.8,229.5,231.1,82648.773,2022-06-24 04:00:00
1656057600000,231.0,238.5,230.8,236.9,117954.2,2022-06-24 08:00:00
1656072000000,236.9,242.3,234.7,235.1,211392.347,2022-06-24 12:00:00
1656086400000,235.1,239.3,233.3,238.9,105718.73,2022-06-24 16:00:00
1656100800000,238.8,243.3,237.5,240.2,84745.951,2022-06-24 20:00:00
1656115200000,240.3,241.8,235.5,238.6,92092.98,2022-06-25 00:00:00
1656129600000,238.6,242.1,237.2,241.3,64925.083,2022-06-25 04:00:00
1656144000000,241.4,241.9,237.1,237.5,79458.375,2022-06-25 08:00:00
1656158400000,237.5,238.4,229.7,230.7,121304.595,2022-06-25 12:00:00
1656172800000,230.7,237.1,230.4,235.8,62548.551,2022-06-25 16:00:00
1656187200000,235.8,240.4,235.3,239.7,70618.726,2022-06-25 20:00:00
1656201600000,239.7,240.6,236.3,238.0,54162.649,2022-06-26 00:00:00
1656216000000,238.1,240.3,237.5,239.0,50099.369,2022-06-26 04:00:00
1656230400000,239.0,243.9,238.2,243.4,76428.153,2022-06-26 08:00:00
1656244800000,243.5,245.2,237.8,239.8,120979.352,2022-06-26 12:00:00
1656259200000,239.8,240.4,235.8,237.6,70713.643,2022-06-26 16:00:00
1656273600000,237.6,240.3,233.2,233.9,84379.381,2022-06-26 20:00:00
1656288000000,234.0,238.2,233.2,237.9,75153.664,2022-06-27 00:00:00
1656302400000,237.9,240.4,237.0,239.4,61195.484,2022-06-27 04:00:00
1656316800000,239.4,241.0,238.0,238.1,57912.679,2022-06-27 08:00:00
1656331200000,238.1,238.5,230.0,234.2,156355.554,2022-06-27 12:00:00
1656345600000,234.1,236.9,231.2,233.4,78645.111,2022-06-27 16:00:00
1656360000000,233.4,236.2,233.0,233.8,54354.306,2022-06-27 20:00:00
1656374400000,233.9,235.7,230.5,234.4,84801.27,2022-06-28 00:00:00
1656388800000,234.5,238.3,233.3,237.7,56392.018,2022-06-28 04:00:00
1656403200000,237.7,240.5,237.1,239.1,87890.518,2022-06-28 08:00:00
1656417600000,239.1,242.8,234.4,234.9,219208.811,2022-06-28 12:00:00
1656432000000,235.0,236.6,231.9,232.8,88189.455,2022-06-28 16:00:00
1656446400000,232.8,233.7,225.9,226.9,96144.707,2022-06-28 20:00:00
1656460800000,227.0,229.8,223.8,224.6,139316.4,2022-06-29 00:00:00
1656475200000,224.6,225.8,217.2,220.6,160921.52,2022-06-29 04:00:00
1656489600000,220.5,222.3,217.4,220.3,108731.923,2022-06-29 08:00:00
1656504000000,220.3,220.9,215.4,218.8,144696.587,2022-06-29 12:00:00
1656518400000,218.7,221.2,215.8,220.9,86239.402,2022-06-29 16:00:00
1656532800000,220.9,222.6,218.5,219.7,71874.859,2022-06-29 20:00:00
1656547200000,219.7,220.3,216.3,219.2,68773.551,2022-06-30 00:00:00
1656561600000,219.3,219.9,210.1,211.4,173480.666,2022-06-30 04:00:00
1656576000000,211.4,211.4,205.4,208.6,170064.344,2022-06-30 08:00:00
1656590400000,208.6,213.3,207.2,212.4,145224.941,2022-06-30 12:00:00
1656604800000,212.4,215.5,210.7,212.5,102887.299,2022-06-30 16:00:00
1656619200000,212.5,219.9,209.9,219.6,131096.097,2022-06-30 20:00:00
1656633600000,219.6,226.8,217.6,221.1,260337.316,2022-07-01 00:00:00
1656648000000,221.1,223.3,217.7,223.1,135709.849,2022-07-01 04:00:00
1656662400000,223.0,225.0,216.9,218.6,122930.437,2022-07-01 08:00:00
1656676800000,218.6,219.2,213.5,214.9,164954.965,2022-07-01 12:00:00
1656691200000,215.0,218.8,214.5,217.7,68675.119,2022-07-01 16:00:00
1656705600000,217.8,220.8,215.5,216.9,63654.199,2022-07-01 20:00:00
1656720000000,216.9,218.8,213.8,214.7,102266.578,2022-07-02 00:00:00
1656734400000,214.7,217.1,214.6,215.4,33465.889,2022-07-02 04:00:00
1656748800000,215.4,218.5,214.4,216.8,54909.74,2022-07-02 08:00:00
1656763200000,216.9,217.7,214.5,216.0,73859.618,2022-07-02 12:00:00
1656777600000,216.1,219.3,215.2,218.2,49288.68,2022-07-02 16:00:00
1656792000000,218.1,219.7,217.4,218.3,28921.594,2022-07-02 20:00:00
1656806400000,218.4,219.4,216.5,218.9,33607.42,2022-07-03 00:00:00
1656820800000,218.9,219.9,214.0,218.4,113876.456,2022-07-03 04:00:00
1656835200000,218.4,218.6,216.3,218.2,45050.597,2022-07-03 08:00:00
1656849600000,218.2,218.6,213.9,214.7,68825.448,2022-07-03 12:00:00
1656864000000,214.7,219.4,214.4,218.9,43276.693,2022-07-03 16:00:00
1656878400000,218.9,220.1,218.3,219.2,56466.451,2022-07-03 20:00:00
1656892800000,219.2,219.9,214.8,215.6,52791.635,2022-07-04 00:00:00
1656907200000,215.6,218.1,215.2,216.8,45923.021,2022-07-04 04:00:00
1656921600000,216.7,224.3,216.4,224.0,102829.858,2022-07-04 08:00:00
1656936000000,224.0,227.4,222.1,226.0,150042.72,2022-07-04 12:00:00
1656950400000,226.0,228.8,225.2,227.4,72206.728,2022-07-04 16:00:00
1656964800000,227.4,232.2,226.7,231.5,90868.984,2022-07-04 20:00:00
1656979200000,231.6,234.0,229.8,233.6,99028.51,2022-07-05 00:00:00
1656993600000,233.6,236.6,232.0,233.9,116762.428,2022-07-05 04:00:00
1657008000000,233.8,234.0,226.3,227.1,138923.513,2022-07-05 08:00:00
1657022400000,227.0,227.1,222.9,225.2,130239.901,2022-07-05 12:00:00
1657036800000,225.2,232.1,224.1,231.6,101828.373,2022-07-05 16:00:00
1657051200000,231.6,233.8,230.2,230.8,98144.896,2022-07-05 20:00:00
1657065600000,230.8,234.9,229.0,232.0,121883.514,2022-07-06 00:00:00
1657080000000,232.1,235.6,231.6,234.6,103770.616,2022-07-06 04:00:00
1657094400000,234.5,239.0,233.5,236.6,145043.013,2022-07-06 08:00:00
1657108800000,236.6,239.2,235.0,236.5,117278.083,2022-07-06 12:00:00
1657123200000,236.5,239.6,236.0,237.8,86636.968,2022-07-06 16:00:00
1657137600000,237.7,240.0,237.1,238.6,70339.519,2022-07-06 20:00:00
1657152000000,238.6,239.3,236.4,236.9,53281.175,2022-07-07 00:00:00
1657166400000,236.9,237.3,235.5,237.2,53738.001,2022-07-07 04:00:00
1657180800000,237.1,238.6,236.6,237.7,51839.275,2022-07-07 08:00:00
1657195200000,237.7,243.0,230.0,240.5,159227.268,2022-07-07 12:00:00
1657209600000,240.5,243.8,239.4,243.4,114094.229,2022-07-07 16:00:00
1657224000000,243.3,243.5,240.4,241.4,56013.277,2022-07-07 20:00:00
1657238400000,241.4,247.7,240.3,244.9,137420.673,2022-07-08 00:00:00
1657252800000,245.0,245.2,239.4,241.5,80288.921,2022-07-08 04:00:00
1657267200000,241.6,242.4,237.0,239.5,107245.078,2022-07-08 08:00:00
1657281600000,239.5,242.9,237.0,242.4,173121.409,2022-07-08 12:00:00
1657296000000,242.3,242.8,239.0,242.1,86928.515,2022-07-08 16:00:00
1657310400000,242.1,243.7,240.0,240.7,58931.438,2022-07-08 20:00:00
1657324800000,240.7,242.8,240.4,242.3,62038.118,2022-07-09 00:00:00
1657339200000,242.4,245.0,241.5,244.4,44963.238,2022-07-09 04:00:00
1657353600000,244.4,245.0,241.1,241.9,49047.85,2022-07-09 08:00:00
1657368000000,241.9,243.5,241.4,242.3,40832.58,2022-07-09 12:00:00
1657382400000,242.4,244.9,241.5,243.0,43737.701,2022-07-09 16:00:00
1657396800000,243.1,244.3,242.4,243.3,27158.678,2022-07-09 20:00:00
1657411200000,243.3,243.5,235.5,235.7,139450.356,2022-07-10 00:00:00
1657425600000,235.7,237.1,234.7,237.0,38418.689,2022-07-10 04:00:00
1657440000000,237.1,237.5,235.3,236.3,40287.997,2022-07-10 08:00:00
1657454400000,236.3,237.0,232.0,233.1,76091.882,2022-07-10 12:00:00
1657468800000,233.1,234.5,231.7,234.4,46253.588,2022-07-10 16:00:00
1657483200000,234.4,235.9,232.7,234.7,56209.725,2022-07-10 20:00:00
1657497600000,234.7,235.0,229.9,231.7,92441.467,2022-07-11 00:00:00
1657512000000,231.7,232.2,228.0,229.8,55585.724,2022-07-11 04:00:00
1657526400000,229.9,233.5,229.6,231.8,51999.085,2022-07-11 08:00:00
1657540800000,231.7,234.0,229.5,231.7,83679.0,2022-07-11 12:00:00
1657555200000,231.7,233.8,231.0,231.9,49937.146,2022-07-11 16:00:00
1657569600000,231.9,232.4,225.1,225.6,85692.645,2022-07-11 20:00:00
1657584000000,225.7,226.0,222.9,224.8,69968.507,2022-07-12 00:00:00
1657598400000,224.9,226.4,222.5,223.2,59994.584,2022-07-12 04:00:00
1657612800000,223.3,224.4,220.9,224.0,60722.016,2022-07-12 08:00:00
1657627200000,224.0,227.6,223.9,226.5,82945.582,2022-07-12 12:00:00
1657641600000,226.4,228.3,221.2,222.4,81259.603,2022-07-12 16:00:00
1657656000000,222.4,223.1,220.2,220.6,55329.774,2022-07-12 20:00:00
1657670400000,220.6,224.8,219.3,223.0,51348.951,2022-07-13 00:00:00
1657684800000,223.0,226.1,222.7,225.9,38909.571,2022-07-13 04:00:00
1657699200000,226.0,227.7,225.6,226.6,61072.999,2022-07-13 08:00:00
1657713600000,226.6,229.1,216.4,222.7,360289.355,2022-07-13 12:00:00
1657728000000,222.7,226.6,221.0,224.8,107035.449,2022-07-13 16:00:00
1657742400000,224.9,231.3,224.5,230.5,95933.285,2022-07-13 20:00:00
1657756800000,230.5,234.4,230.0,232.3,110425.694,2022-07-14 00:00:00
1657771200000,232.3,233.0,229.7,230.5,60977.907,2022-07-14 04:00:00
1657785600000,230.5,231.0,227.1,228.5,71961.326,2022-07-14 08:00:00
1657800000000,228.5,236.9,227.2,236.3,144034.587,2022-07-14 12:00:00
1657814400000,236.4,240.0,234.7,237.4,139445.981,2022-07-14 16:00:00
1657828800000,237.5,239.1,236.8,238.5,50679.379,2022-07-14 20:00:00
1657843200000,238.6,239.7,235.4,237.9,88430.236,2022-07-15 00:00:00
1657857600000,238.0,239.6,236.1,238.7,59725.918,2022-07-15 04:00:00
1657872000000,238.6,240.7,236.8,237.0,78574.267,2022-07-15 08:00:00
1657886400000,237.0,239.8,236.3,237.9,86848.583,2022-07-15 12:00:00
1657900800000,237.9,242.1,236.1,241.7,81036.886,2022-07-15 16:00:00
1657915200000,241.8,242.7,237.7,238.5,51897.932,2022-07-15 20:00:00
1657929600000,238.6,239.1,236.3,237.5,39553.978,2022-07-16 00:00:00
1657944000000,237.5,237.5,233.9,234.5,38673.76,2022-07-16 04:00:00
1657958400000,234.6,236.6,234.4,235.5,26457.058,2022-07-16 08:00:00
1657972800000,235.6,240.1,235.3,239.9,51187.811,2022-07-16 12:00:00
1657987200000,240.0,250.7,239.9,248.3,204705.031,2022-07-16 16:00:00
1658001600000,248.3,251.5,246.5,249.8,62822.356,2022-07-16 20:00:00
1658016000000,249.8,255.0,246.4,254.0,106340.118,2022-07-17 00:00:00
1658030400000,254.0,256.1,252.1,252.2,78945.296,2022-07-17 04:00:00
1658044800000,252.1,254.6,249.5,254.2,59480.045,2022-07-17 08:00:00
1658059200000,254.3,254.7,249.6,251.2,68489.059,2022-07-17 12:00:00
1658073600000,251.3,253.5,247.0,250.0,78110.656,2022-07-17 16:00:00
1658088000000,250.0,251.1,247.6,247.8,45083.373,2022-07-17 20:00:00
1658102400000,247.8,255.5,247.6,254.1,88619.203,2022-07-18 00:00:00
1658116800000,254.2,262.5,252.6,261.4,160118.918,2022-07-18 04:00:00
1658131200000,261.4,263.6,259.3,261.2,142814.721,2022-07-18 08:00:00
1658145600000,261.1,264.8,258.1,264.0,131092.855,2022-07-18 12:00:00
1658160000000,264.0,264.3,255.0,256.8,119156.089,2022-07-18 16:00:00
1658174400000,256.8,265.6,256.0,264.1,105265.243,2022-07-18 20:00:00
1658188800000,264.1,267.5,258.0,258.4,210719.191,2022-07-19 00:00:00
1658203200000,258.4,261.3,255.8,258.2,117014.867,2022-07-19 04:00:00
1658217600000,258.1,262.7,257.1,260.7,94053.699,2022-07-19 08:00:00
1658232000000,260.6,265.4,260.3,263.8,198323.637,2022-07-19 12:00:00
1658246400000,263.9,274.8,263.5,271.1,219322.751,2022-07-19 16:00:00
1658260800000,271.1,272.6,267.6,268.6,106952.795,2022-07-19 20:00:00
1658275200000,268.6,269.0,265.7,267.9,134776.345,2022-07-20 00:00:00
1658289600000,267.9,271.2,267.0,267.1,88671.46,2022-07-20 04:00:00
1658304000000,267.2,270.5,263.7,269.1,125819.342,2022-07-20 08:00:00
1658318400000,269.1,272.0,266.6,270.0,140337.049,2022-07-20 12:00:00
1658332800000,269.9,270.9,262.8,263.7,121071.584,2022-07-20 16:00:00
1658347200000,263.8,265.0,256.4,258.2,160821.028,2022-07-20 20:00:00
1658361600000,258.3,260.0,251.0,252.7,119523.11,2022-07-21 00:00:00
1658376000000,252.7,256.7,250.7,255.7,83454.294,2022-07-21 04:00:00
1658390400000,255.7,257.6,254.3,256.2,82223.908,2022-07-21 08:00:00
1658404800000,256.2,261.2,255.9,258.9,108629.209,2022-07-21 12:00:00
1658419200000,259.0,264.5,258.8,264.5,92524.19,2022-07-21 16:00:00
1658433600000,264.4,266.0,263.2,265.6,58785.561,2022-07-21 20:00:00
1658448000000,265.6,268.0,262.9,264.1,61230.347,2022-07-22 00:00:00
1658462400000,264.1,269.0,263.0,267.4,63593.17,2022-07-22 04:00:00
1658476800000,267.3,271.4,266.6,269.6,104270.255,2022-07-22 08:00:00
1658491200000,269.5,270.6,265.0,265.9,141641.644,2022-07-22 12:00:00
1658505600000,265.9,267.9,261.1,261.7,87367.043,2022-07-22 16:00:00
1658520000000,261.7,264.3,261.4,262.4,50439.858,2022-07-22 20:00:00
1658534400000,262.5,268.4,261.2,266.0,54030.018,2022-07-23 00:00:00
1658548800000,266.0,268.3,265.6,267.3,38864.488,2022-07-23 04:00:00
1658563200000,267.3,272.6,254.9,255.6,172707.677,2022-07-23 08:00:00
1658577600000,255.6,257.4,254.2,256.8,90187.887,2022-07-23 12:00:00
1658592000000,256.7,257.8,252.7,255.6,82460.167,2022-07-23 16:00:00
1658606400000,255.7,260.4,255.1,259.2,50076.01,2022-07-23 20:00:00
1658620800000,259.2,261.4,257.1,258.2,54233.791,2022-07-24 00:00:00
1658635200000,258.2,264.0,257.7,262.6,55835.746,2022-07-24 04:00:00
1658649600000,262.6,265.6,262.0,263.6,54129.085,2022-07-24 08:00:00
1658664000000,263.6,265.5,260.7,264.8,62075.868,2022-07-24 12:00:00
1658678400000,264.9,265.2,261.8,262.1,36617.488,2022-07-24 16:00:00
1658692800000,262.2,266.2,260.3,261.4,71010.633,2022-07-24 20:00:00
1658707200000,261.4,262.7,254.2,255.3,87819.395,2022-07-25 00:00:00
1658721600000,255.2,256.0,253.0,255.2,62918.305,2022-07-25 04:00:00
1658736000000,255.3,257.7,254.4,255.8,42926.215,2022-07-25 08:00:00
1658750400000,255.8,256.5,253.4,256.2,68390.148,2022-07-25 12:00:00
1658764800000,256.2,257.3,249.4,252.6,80722.874,2022-07-25 16:00:00
1658779200000,252.6,255.0,243.8,244.6,115991.596,2022-07-25 20:00:00
1658793600000,244.7,245.2,240.7,244.1,91084.724,2022-07-26 00:00:00
1658808000000,244.1,245.2,242.6,242.9,44368.786,2022-07-26 04:00:00
1658822400000,242.8,244.4,241.6,243.3,38793.954,2022-07-26 08:00:00
1658836800000,243.3,244.4,239.6,240.0,74543.397,2022-07-26 12:00:00
1658851200000,240.1,243.7,240.0,243.0,54088.424,2022-07-26 16:00:00
1658865600000,243.0,249.6,241.9,249.4,62654.362,2022-07-26 20:00:00
1658880000000,249.5,253.0,247.5,251.4,67288.04,2022-07-27 00:00:00
1658894400000,251.4,255.0,251.3,252.6,59357.571,2022-07-27 04:00:00
1658908800000,252.6,254.1,251.3,252.6,51774.421,2022-07-27 08:00:00
1658923200000,252.5,259.9,251.9,258.6,107359.243,2022-07-27 12:00:00
1658937600000,258.6,269.3,254.7,268.4,268792.934,2022-07-27 16:00:00
1658952000000,268.4,272.0,267.2,271.6,102201.486,2022-07-27 20:00:00
1658966400000,271.6,273.7,266.7,269.3,97731.285,2022-07-28 00:00:00
1658980800000,269.3,270.0,267.0,267.7,61114.676,2022-07-28 04:00:00
1658995200000,267.7,270.0,265.3,269.3,75731.976,2022-07-28 08:00:00
1659009600000,269.4,278.6,263.6,276.5,227376.382,2022-07-28 12:00:00
1659024000000,276.5,278.8,274.4,276.3,117764.277,2022-07-28 16:00:00
1659038400000,276.4,280.8,275.4,277.2,90113.804,2022-07-28 20:00:00
1659052800000,277.2,280.0,274.8,278.6,87799.105,2022-07-29 00:00:00
1659067200000,278.6,282.4,276.6,277.9,105357.51,2022-07-29 04:00:00
1659081600000,278.0,293.0,275.8,284.6,299815.346,2022-07-29 08:00:00
1659096000000,284.6,299.0,281.1,298.6,279387.552,2022-07-29 12:00:00
1659110400000,298.6,302.0,292.9,296.8,207395.89,2022-07-29 16:00:00
1659124800000,296.8,299.0,292.5,293.6,98043.818,2022-07-29 20:00:00
1659139200000,293.6,300.2,291.4,295.0,136055.334,2022-07-30 00:00:00
1659153600000,295.1,295.1,288.9,290.8,88149.489,2022-07-30 04:00:00
1659168000000,290.9,292.7,285.6,288.7,95019.703,2022-07-30 08:00:00
1659182400000,288.8,299.9,287.5,299.1,160653.677,2022-07-30 12:00:00
1659196800000,299.0,300.0,289.7,291.1,105305.122,2022-07-30 16:00:00
1659211200000,291.1,292.2,285.1,287.8,97927.778,2022-07-30 20:00:00
1659225600000,287.8,293.6,286.5,292.8,83576.641,2022-07-31 00:00:00
1659240000000,292.9,295.7,290.3,291.6,73494.15,2022-07-31 04:00:00
1659254400000,291.7,294.4,289.5,292.9,96216.621,2022-07-31 08:00:00
1659268800000,292.9,293.7,288.9,291.1,66773.483,2022-07-31 12:00:00
1659283200000,291.1,297.1,288.2,289.2,155156.142,2022-07-31 16:00:00
1659297600000,289.2,289.7,282.1,283.4,89510.236,2022-07-31 20:00:00
1659312000000,283.5,290.5,282.8,287.5,78436.855,2022-08-01 00:00:00
1659326400000,287.5,288.6,283.1,288.0,66580.795,2022-08-01 04:00:00
1659340800000,288.0,288.5,283.0,286.0,76156.539,2022-08-01 08:00:00
1659355200000,285.9,289.2,282.2,286.1,105886.65,2022-08-01 12:00:00
1659369600000,286.2,286.4,277.9,280.2,116699.18,2022-08-01 16:00:00
1659384000000,280.2,284.5,279.7,283.2,50087.785,2022-08-01 20:00:00
1659398400000,283.3,285.0,275.1,275.9,113722.959,2022-08-02 00:00:00
1659412800000,276.0,279.7,274.2,279.5,70137.72,2022-08-02 04:00:00
1659427200000,279.5,281.8,275.4,279.9,81998.654,2022-08-02 08:00:00
1659441600000,279.9,286.2,276.7,285.0,142573.674,2022-08-02 12:00:00
1659456000000,285.0,291.1,284.5,285.9,121024.105,2022-08-02 16:00:00
1659470400000,285.9,287.2,283.1,283.8,98356.969,2022-08-02 20:00:00
1659484800000,283.8,284.8,278.2,283.1,84676.516,2022-08-03 00:00:00
1659499200000,283.2,290.0,282.4,288.0,84774.477,2022-08-03 04:00:00
1659513600000,288.1,293.2,287.6,291.1,84635.129,2022-08-03 08:00:00
1659528000000,291.1,299.3,289.4,298.0,150961.178,2022-08-03 12:00:00
1659542400000,298.0,305.7,298.0,302.5,166457.215,2022-08-03 16:00:00
1659556800000,302.6,304.1,295.4,297.5,114420.105,2022-08-03 20:00:00
1659571200000,297.6,307.5,297.2,306.5,112907.421,2022-08-04 00:00:00
1659585600000,306.6,308.5,300.1,303.4,127543.547,2022-08-04 04:00:00
1659600000000,303.4,304.0,298.6,300.5,86519.406,2022-08-04 08:00:00
1659614400000,300.6,307.8,299.1,303.0,199676.355,2022-08-04 12:00:00
1659628800000,303.1,311.4,299.4,310.6,168536.147,2022-08-04 16:00:00
1659643200000,310.6,313.4,308.2,311.8,113421.276,2022-08-04 20:00:00
1659657600000,311.9,316.0,308.1,313.3,113721.181,2022-08-05 00:00:00
1659672000000,313.4,318.3,312.2,316.9,80528.248,2022-08-05 04:00:00
1659686400000,316.8,321.5,316.6,317.7,153465.722,2022-08-05 08:00:00
1659700800000,317.7,319.1,312.3,313.1,152171.372,2022-08-05 12:00:00
1659715200000,313.0,314.9,310.7,314.5,74159.115,2022-08-05 16:00:00
1659729600000,314.4,316.9,312.2,315.9,67761.935,2022-08-05 20:00:00
1659744000000,315.9,319.5,314.6,315.1,79670.335,2022-08-06 00:00:00
1659758400000,315.2,316.7,312.6,315.2,53102.426,2022-08-06 04:00:00
1659772800000,315.3,316.0,313.3,314.5,39355.962,2022-08-06 08:00:00
1659787200000,314.5,318.3,313.5,316.0,56437.904,2022-08-06 12:00:00
1659801600000,316.0,322.9,314.3,318.7,102733.698,2022-08-06 16:00:00
1659816000000,318.7,320.1,314.2,315.2,62988.211,2022-08-06 20:00:00
1659830400000,315.3,316.1,308.2,310.8,84473.25,2022-08-07 00:00:00
1659844800000,310.9,312.5,310.2,312.3,30720.491,2022-08-07 04:00:00
1659859200000,312.2,315.5,310.7,315.5,44739.254,2022-08-07 08:00:00
1659873600000,315.4,324.6,315.3,322.3,128452.131,2022-08-07 12:00:00
1659888000000,322.3,325.9,322.0,322.6,70777.578,2022-08-07 16:00:00
1659902400000,322.7,325.5,321.6,322.8,55927.479,2022-08-07 20:00:00
1659916800000,322.7,329.6,321.9,325.6,115701.137,2022-08-08 00:00:00
1659931200000,325.6,329.8,324.9,328.7,67647.327,2022-08-08 04:00:00
1659945600000,328.8,332.0,326.3,330.4,114868.995,2022-08-08 08:00:00
1659960000000,330.4,334.0,324.1,325.2,129071.919,2022-08-08 12:00:00
1659974400000,325.2,327.9,323.1,327.6,67265.9,2022-08-08 16:00:00
1659988800000,327.6,329.7,320.8,324.9,85651.329,2022-08-08 20:00:00
1660003200000,324.9,326.6,322.4,324.5,64089.131,2022-08-09 00:00:00
1660017600000,324.5,326.6,323.8,325.6,51242.439,2022-08-09 04:00:00
1660032000000,325.6,325.7,316.5,317.6,130247.095,2022-08-09 08:00:00
1660046400000,317.6,319.5,312.4,316.0,103736.491,2022-08-09 12:00:00
1660060800000,316.0,321.7,315.3,320.4,73832.308,2022-08-09 16:00:00
1660075200000,320.4,328.3,320.2,324.4,77441.931,2022-08-09 20:00:00
1660089600000,324.5,326.4,313.6,315.0,131683.751,2022-08-10 00:00:00
1660104000000,315.1,323.5,314.1,321.9,73659.537,2022-08-10 04:00:00
1660118400000,322.0,323.6,316.2,317.5,103988.784,2022-08-10 08:00:00
1660132800000,317.6,336.8,315.5,333.3,344691.323,2022-08-10 12:00:00
1660147200000,333.3,334.8,326.0,327.0,111100.262,2022-08-10 16:00:00
1660161600000,327.0,330.5,326.0,328.8,66098.453,2022-08-10 20:00:00
1660176000000,328.8,334.7,328.5,331.9,108099.837,2022-08-11 00:00:00
1660190400000,331.9,334.0,328.9,330.6,73463.133,2022-08-11 04:00:00
1660204800000,330.5,331.7,328.4,330.2,70041.582,2022-08-11 08:00:00
1660219200000,330.2,334.5,322.9,325.0,184551.932,2022-08-11 12:00:00
1660233600000,325.1,328.0,324.2,326.0,61516.556,2022-08-11 16:00:00
1660248000000,326.1,327.5,322.0,323.6,51905.288,2022-08-11 20:00:00
1660262400000,323.5,326.1,320.0,323.8,72909.086,2022-08-12 00:00:00
1660276800000,323.8,324.7,322.3,323.4,39615.052,2022-08-12 04:00:00
1660291200000,323.5,327.7,317.7,319.1,96081.544,2022-08-12 08:00:00
1660305600000,319.2,323.9,318.8,323.4,72990.876,2022-08-12 12:00:00
1660320000000,323.4,325.9,321.5,325.2,51096.761,2022-08-12 16:00:00
1660334400000,325.3,328.1,323.1,327.9,52155.524,2022-08-12 20:00:00
1660348800000,327.9,329.3,325.0,328.7,71921.242,2022-08-13 00:00:00
1660363200000,328.7,331.3,327.2,327.6,77152.32,2022-08-13 04:00:00
1660377600000,327.5,333.0,324.8,331.3,109442.425,2022-08-13 08:00:00
1660392000000,331.3,331.4,327.6,328.1,54291.727,2022-08-13 12:00:00
1660406400000,328.1,328.9,324.1,324.3,50354.856,2022-08-13 16:00:00
1660420800000,324.3,326.9,322.8,324.3,41903.682,2022-08-13 20:00:00
1660435200000,324.3,328.1,323.1,326.9,52854.345,2022-08-14 00:00:00
1660449600000,326.9,331.0,326.1,329.7,63587.392,2022-08-14 04:00:00
1660464000000,329.6,330.0,326.4,327.4,42250.031,2022-08-14 08:00:00
1660478400000,327.4,327.5,320.2,322.8,90833.011,2022-08-14 12:00:00
1660492800000,322.8,323.1,315.8,319.2,84658.575,2022-08-14 16:00:00
1660507200000,319.3,320.7,316.5,317.6,44170.564,2022-08-14 20:00:00
1660521600000,317.6,327.4,315.4,323.9,108254.21,2022-08-15 00:00:00
1660536000000,323.9,324.8,315.5,316.7,102319.908,2022-08-15 04:00:00
1660550400000,316.6,318.6,313.6,316.0,71010.006,2022-08-15 08:00:00
1660564800000,316.1,319.9,314.0,319.6,73653.899,2022-08-15 12:00:00
1660579200000,319.6,320.6,316.8,317.3,50095.568,2022-08-15 16:00:00
1660593600000,317.3,320.3,315.7,319.5,50582.687,2022-08-15 20:00:00
1660608000000,319.4,322.4,314.6,318.3,81294.786,2022-08-16 00:00:00
1660622400000,318.4,319.0,315.1,317.7,51835.278,2022-08-16 04:00:00
1660636800000,317.8,319.0,316.5,317.3,63164.374,2022-08-16 08:00:00
1660651200000,317.4,317.8,313.2,315.8,73491.944,2022-08-16 12:00:00
1660665600000,315.8,316.5,312.0,315.5,62845.418,2022-08-16 16:00:00
1660680000000,315.5,317.9,315.2,316.1,38344.119,2022-08-16 20:00:00
1660694400000,316.0,318.5,315.5,317.7,56498.156,2022-08-17 00:00:00
1660708800000,317.8,324.0,315.4,315.9,122399.259,2022-08-17 04:00:00
1660723200000,315.9,317.3,312.2,313.5,73812.684,2022-08-17 08:00:00
1660737600000,313.6,313.6,305.3,307.2,124735.666,2022-08-17 12:00:00
1660752000000,307.2,311.7,306.1,307.9,68497.455,2022-08-17 16:00:00
1660766400000,307.9,309.9,304.2,306.9,58293.512,2022-08-17 20:00:00
1660780800000,306.8,307.6,301.4,306.4,85138.793,2022-08-18 00:00:00
1660795200000,306.5,307.9,305.5,307.7,30789.367,2022-08-18 04:00:00
1660809600000,307.8,309.8,305.6,309.0,53547.089,2022-08-18 08:00:00
1660824000000,309.0,311.0,302.0,305.4,100499.382,2022-08-18 12:00:00
1660838400000,305.5,306.0,301.6,303.5,58172.38,2022-08-18 16:00:00
1660852800000,303.6,304.8,295.8,298.1,80904.875,2022-08-18 20:00:00
1660867200000,298.1,298.2,290.2,291.7,150426.654,2022-08-19 00:00:00
1660881600000,291.8,292.5,276.2,282.7,186778.056,2022-08-19 04:00:00
1660896000000,282.7,285.6,278.4,282.1,151608.385,2022-08-19 08:00:00
1660910400000,282.1,284.8,279.2,283.9,110561.292,2022-08-19 12:00:00
1660924800000,284.0,288.1,283.6,286.3,115231.91,2022-08-19 16:00:00
1660939200000,286.4,287.3,277.6,279.1,155690.214,2022-08-19 20:00:00
1660953600000,279.0,287.0,278.8,285.9,115310.326,2022-08-20 00:00:00
1660968000000,286.0,289.4,284.1,287.7,106605.215,2022-08-20 04:00:00
1660982400000,287.7,288.5,285.6,287.1,56508.999,2022-08-20 08:00:00
1660996800000,287.1,288.0,285.3,286.9,51556.669,2022-08-20 12:00:00
1661011200000,286.9,287.7,278.5,279.5,95827.585,2022-08-20 16:00:00
1661025600000,279.5,284.7,277.0,283.7,87212.312,2022-08-20 20:00:00
1661040000000,283.8,288.3,283.4,286.8,68985.031,2022-08-21 00:00:00
1661054400000,286.9,296.8,286.2,296.6,98160.315,2022-08-21 04:00:00
1661068800000,296.6,300.3,293.9,296.1,121590.571,2022-08-21 08:00:00
1661083200000,296.1,299.3,294.6,298.5,68281.937,2022-08-21 12:00:00
1661097600000,298.6,300.0,296.6,299.1,56965.811,2022-08-21 16:00:00
1661112000000,299.1,304.2,296.7,301.9,114172.544,2022-08-21 20:00:00
1661126400000,301.9,304.9,295.0,296.7,106675.269,2022-08-22 00:00:00
1661140800000,296.8,298.8,291.2,291.5,86649.2,2022-08-22 04:00:00
1661155200000,291.6,297.4,288.8,296.0,136797.569,2022-08-22 08:00:00
1661169600000,296.0,299.5,292.6,298.8,152899.92,2022-08-22 12:00:00
1661184000000,298.8,300.0,293.1,296.1,80042.816,2022-08-22 16:00:00
1661198400000,296.1,301.7,296.0,300.0,75831.211,2022-08-22 20:00:00
1661212800000,300.0,301.7,295.3,298.7,67159.99,2022-08-23 00:00:00
1661227200000,298.8,299.8,293.8,298.8,69379.091,2022-08-23 04:00:00
1661241600000,298.8,300.8,296.0,298.6,81547.649,2022-08-23 08:00:00
1661256000000,298.7,300.4,295.8,298.2,88532.027,2022-08-23 12:00:00
1661270400000,298.2,299.3,296.0,298.3,51217.312,2022-08-23 16:00:00
1661284800000,298.4,301.2,297.2,299.3,45538.883,2022-08-23 20:00:00
1661299200000,299.3,300.1,294.3,297.5,67425.545,2022-08-24 00:00:00
1661313600000,297.6,299.6,294.5,295.3,52757.843,2022-08-24 04:00:00
1661328000000,295.3,297.5,294.4,297.1,48228.615,2022-08-24 08:00:00
1661342400000,297.1,298.9,295.2,298.0,60967.587,2022-08-24 12:00:00
1661356800000,298.0,300.5,297.8,298.7,59489.368,2022-08-24 16:00:00
1661371200000,298.7,300.2,295.7,296.4,55257.307,2022-08-24 20:00:00
1661385600000,296.4,299.1,296.0,296.3,42957.025,2022-08-25 00:00:00
1661400000000,296.2,307.5,296.0,305.0,110526.329,2022-08-25 04:00:00
1661414400000,305.1,305.8,301.2,304.1,76285.991,2022-08-25 08:00:00
1661428800000,304.2,305.5,299.0,301.5,83327.547,2022-08-25 12:00:00
1661443200000,301.4,302.6,299.7,302.4,46046.119,2022-08-25 16:00:00
1661457600000,302.4,303.9,300.4,301.2,39474.049,2022-08-25 20:00:00
1661472000000,301.2,301.6,297.7,299.4,52873.947,2022-08-26 00:00:00
1661486400000,299.4,300.0,294.7,296.5,65084.644,2022-08-26 04:00:00
1661500800000,296.4,296.8,291.3,293.8,61025.107,2022-08-26 08:00:00
1661515200000,293.8,302.3,286.9,288.1,227799.721,2022-08-26 12:00:00
1661529600000,288.1,288.5,282.8,285.3,101727.43,2022-08-26 16:00:00
1661544000000,285.3,286.5,277.2,279.6,86259.506,2022-08-26 20:00:00
1661558400000,279.6,281.9,278.4,280.8,64517.376,2022-08-27 00:00:00
1661572800000,280.9,282.9,276.0,282.7,67744.7,2022-08-27 04:00:00
1661587200000,282.6,284.8,280.2,282.9,60784.689,2022-08-27 08:00:00
1661601600000,282.9,284.3,278.1,280.4,72707.31,2022-08-27 12:00:00
1661616000000,280.4,280.9,276.0,277.9,86086.898,2022-08-27 16:00:00
1661630400000,278.0,278.7,273.3,277.9,60891.743,2022-08-27 20:00:00
1661644800000,277.9,279.9,275.9,277.3,46361.383,2022-08-28 00:00:00
1661659200000,277.3,280.7,276.2,279.7,48651.449,2022-08-28 04:00:00
1661673600000,279.8,281.0,277.8,279.7,39656.405,2022-08-28 08:00:00
1661688000000,279.7,281.5,276.8,281.3,51959.871,2022-08-28 12:00:00
1661702400000,281.3,284.1,280.2,281.6,49085.782,2022-08-28 16:00:00
1661716800000,281.5,283.0,275.6,276.5,77104.136,2022-08-28 20:00:00
1661731200000,276.5,280.3,274.4,278.7,79108.724,2022-08-29 00:00:00
1661745600000,278.7,280.3,276.9,277.9,49563.804,2022-08-29 04:00:00
1661760000000,277.9,278.0,272.3,273.5,82423.92,2022-08-29 08:00:00
1661774400000,273.5,284.9,273.0,284.4,146931.969,2022-08-29 12:00:00
1661788800000,284.5,286.4,280.0,281.0,79260.677,2022-08-29 16:00:00
1661803200000,281.1,286.7,281.0,285.9,44401.738,2022-08-29 20:00:00
1661817600000,285.9,288.7,284.7,287.2,53558.741,2022-08-30 00:00:00
1661832000000,287.3,291.3,287.0,290.7,69029.957,2022-08-30 04:00:00
1661846400000,290.7,292.0,288.5,289.7,46466.093,2022-08-30 08:00:00
1661860800000,289.7,290.3,279.9,281.6,120524.893,2022-08-30 12:00:00
1661875200000,281.6,284.7,276.1,282.4,100570.105,2022-08-30 16:00:00
1661889600000,282.4,284.3,280.7,281.6,46615.976,2022-08-30 20:00:00
1661904000000,281.7,289.6,281.4,288.7,75774.252,2022-08-31 00:00:00
1661918400000,288.8,290.0,286.1,286.2,55788.028,2022-08-31 04:00:00
1661932800000,286.2,289.0,283.9,286.5,63556.363,2022-08-31 08:00:00
1661947200000,286.4,288.0,280.5,282.5,82596.2,2022-08-31 12:00:00
1661961600000,282.5,283.5,278.6,282.3,69589.376,2022-08-31 16:00:00
1661976000000,282.3,283.1,277.7,279.2,41605.326,2022-08-31 20:00:00
1661990400000,279.3,280.3,275.4,277.6,64118.4,2022-09-01 00:00:00
1662004800000,277.5,279.6,274.7,275.4,55082.617,2022-09-01 04:00:00
1662019200000,275.4,279.2,274.5,278.4,60897.467,2022-09-01 08:00:00
1662033600000,278.3,278.8,270.7,272.4,130640.271,2022-09-01 12:00:00
1662048000000,272.5,277.0,271.2,275.9,64833.749,2022-09-01 16:00:00
1662062400000,275.8,278.8,275.6,278.3,39620.708,2022-09-01 20:00:00
1662076800000,278.3,281.2,275.2,279.0,50928.824,2022-09-02 00:00:00
1662091200000,279.1,280.6,277.0,278.9,31795.688,2022-09-02 04:00:00
1662105600000,278.9,280.0,277.3,279.0,39947.127,2022-09-02 08:00:00
1662120000000,279.0,283.4,278.2,282.1,94444.519,2022-09-02 12:00:00
1662134400000,282.2,283.0,273.9,275.3,66723.785,2022-09-02 16:00:00
1662148800000,275.4,278.0,273.7,277.5,37570.005,2022-09-02 20:00:00
1662163200000,277.4,278.8,275.7,276.5,29787.601,2022-09-03 00:00:00
1662177600000,276.5,277.6,274.2,275.6,25186.666,2022-09-03 04:00:00
1662192000000,275.6,276.8,275.1,276.1,27277.535,2022-09-03 08:00:00
1662206400000,276.1,277.6,275.8,276.3,27932.276,2022-09-03 12:00:00
1662220800000,276.2,278.0,275.5,276.6,22803.759,2022-09-03 16:00:00
1662235200000,276.6,278.0,276.4,277.8,15517.046,2022-09-03 20:00:00
1662249600000,277.8,280.6,276.9,277.6,33764.39,2022-09-04 00:00:00
1662264000000,277.6,279.3,275.8,275.9,20174.247,2022-09-04 04:00:00
1662278400000,275.9,279.1,275.0,279.1,33173.838,2022-09-04 08:00:00
1662292800000,279.1,280.6,276.5,278.0,42496.38,2022-09-04 12:00:00
1662307200000,277.9,279.7,277.2,277.6,36522.204,2022-09-04 16:00:00
1662321600000,277.7,279.1,277.1,279.1,27309.749,2022-09-04 20:00:00
1662336000000,279.1,282.0,277.5,278.6,43238.829,2022-09-05 00:00:00
1662350400000,278.6,279.1,273.8,275.3,52376.112,2022-09-05 04:00:00
1662364800000,275.2,275.9,273.4,274.8,38574.819,2022-09-05 08:00:00
1662379200000,274.7,277.5,273.9,276.7,52871.084,2022-09-05 12:00:00
1662393600000,276.8,277.2,273.5,274.2,41490.305,2022-09-05 16:00:00
1662408000000,274.2,277.5,274.2,276.9,30407.0,2022-09-05 20:00:00
1662422400000,276.9,286.3,276.5,279.6,146417.716,2022-09-06 00:00:00
1662436800000,279.6,282.7,279.5,280.6,66688.599,2022-09-06 04:00:00
1662451200000,280.6,283.8,279.3,281.6,56742.157,2022-09-06 08:00:00
1662465600000,281.6,282.8,277.3,281.3,79550.103,2022-09-06 12:00:00
1662480000000,281.4,281.5,264.3,265.8,212444.198,2022-09-06 16:00:00
1662494400000,265.9,267.5,261.0,262.5,79079.758,2022-09-06 20:00:00
1662508800000,262.5,264.3,258.6,263.0,97353.677,2022-09-07 00:00:00
1662523200000,263.0,265.0,262.2,264.3,43060.159,2022-09-07 04:00:00
1662537600000,264.2,265.6,262.7,263.5,43807.555,2022-09-07 08:00:00
1662552000000,263.6,268.0,262.1,267.1,69923.491,2022-09-07 12:00:00
1662566400000,267.1,271.3,266.8,270.6,55123.473,2022-09-07 16:00:00
1662580800000,270.6,280.4,270.5,278.9,122558.863,2022-09-07 20:00:00
1662595200000,279.0,280.9,277.9,279.4,54267.591,2022-09-08 00:00:00
1662609600000,279.5,280.3,275.6,276.7,56598.671,2022-09-08 04:00:00
1662624000000,276.8,279.9,276.4,278.6,47518.076,2022-09-08 08:00:00
1662638400000,278.6,282.9,275.4,279.9,130026.919,2022-09-08 12:00:00
1662652800000,280.0,281.3,277.5,281.2,54550.933,2022-09-08 16:00:00
1662667200000,281.3,282.0,279.6,280.5,42597.559,2022-09-08 20:00:00
1662681600000,280.6,287.0,280.0,285.6,72372.954,2022-09-09 00:00:00
1662696000000,285.6,291.4,285.2,290.9,135831.299,2022-09-09 04:00:00
1662710400000,291.0,294.3,288.3,291.8,97595.204,2022-09-09 08:00:00
1662724800000,291.9,295.9,289.9,292.3,101596.999,2022-09-09 12:00:00
1662739200000,292.4,293.2,289.5,291.7,65006.756,2022-09-09 16:00:00
1662753600000,291.7,295.2,289.3,293.4,69466.197,2022-09-09 20:00:00
1662768000000,293.4,295.0,291.2,293.6,52774.911,2022-09-10 00:00:00
1662782400000,293.6,297.2,292.0,292.5,69345.408,2022-09-10 04:00:00
1662796800000,292.5,295.6,292.2,294.0,41404.416,2022-09-10 08:00:00
1662811200000,293.9,295.4,290.3,293.1,49577.848,2022-09-10 12:00:00
1662825600000,293.1,295.0,292.0,294.8,38785.551,2022-09-10 16:00:00
1662840000000,294.9,298.6,292.6,296.7,76444.408,2022-09-10 20:00:00
1662854400000,296.7,298.1,293.3,294.4,48807.141,2022-09-11 00:00:00
1662868800000,294.4,295.4,291.7,295.3,39769.295,2022-09-11 04:00:00
1662883200000,295.3,296.8,294.6,296.3,29885.511,2022-09-11 08:00:00
1662897600000,296.3,296.8,292.6,294.5,37268.282,2022-09-11 12:00:00
1662912000000,294.5,296.6,293.5,294.8,42854.768,2022-09-11 16:00:00
1662926400000,294.8,295.5,289.7,295.3,62508.948,2022-09-11 20:00:00
1662940800000,295.3,298.2,290.8,293.0,87180.65,2022-09-12 00:00:00
1662955200000,293.0,296.4,292.4,296.2,49800.737,2022-09-12 04:00:00
1662969600000,296.2,300.0,295.6,298.9,76317.855,2022-09-12 08:00:00
1662984000000,298.9,299.5,292.8,293.4,76770.102,2022-09-12 12:00:00
1662998400000,293.5,294.9,291.3,294.5,74112.592,2022-09-12 16:00:00
1663012800000,294.5,294.6,291.4,294.1,44504.232,2022-09-12 20:00:00
1663027200000,294.1,294.1,288.5,293.1,76674.671,2022-09-13 00:00:00
1663041600000,293.1,294.9,291.9,293.7,47201.962,2022-09-13 04:00:00
1663056000000,293.8,297.0,292.3,295.4,47972.11,2022-09-13 08:00:00
1663070400000,295.4,298.6,281.0,283.1,260894.348,2022-09-13 12:00:00
1663084800000,283.1,284.6,278.2,279.7,75666.863,2022-09-13 16:00:00
1663099200000,279.8,281.0,275.4,277.4,69912.376,2022-09-13 20:00:00
1663113600000,277.5,280.7,276.0,280.0,63487.325,2022-09-14 00:00:00
1663128000000,280.1,282.0,277.1,279.1,60745.15,2022-09-14 04:00:00
1663142400000,279.1,280.7,277.2,279.6,66868.6,2022-09-14 08:00:00
1663156800000,279.6,282.8,277.5,279.5,99115.867,2022-09-14 12:00:00
1663171200000,279.5,279.7,273.3,277.5,81725.0,2022-09-14 16:00:00
1663185600000,277.5,280.4,276.8,279.3,53033.043,2022-09-14 20:00:00
1663200000000,279.4,280.5,273.4,276.2,80554.165,2022-09-15 00:00:00
1663214400000,276.2,278.7,271.2,277.1,161442.57,2022-09-15 04:00:00
1663228800000,277.1,277.1,273.0,275.6,57381.577,2022-09-15 08:00:00
1663243200000,275.6,277.2,266.3,269.8,130502.689,2022-09-15 12:00:00
1663257600000,269.8,272.7,269.2,271.6,54163.44,2022-09-15 16:00:00
1663272000000,271.7,272.7,268.6,271.1,36590.82,2022-09-15 20:00:00
1663286400000,271.1,274.0,268.5,273.2,55579.798,2022-09-16 00:00:00
1663300800000,273.1,275.6,272.3,273.4,33499.408,2022-09-16 04:00:00
1663315200000,273.4,276.6,271.8,276.3,62279.616,2022-09-16 08:00:00
1663329600000,276.2,276.4,271.3,275.1,74383.94,2022-09-16 12:00:00
1663344000000,275.1,275.1,270.9,273.2,58202.351,2022-09-16 16:00:00
1663358400000,273.1,274.9,272.8,274.9,27792.705,2022-09-16 20:00:00
1663372800000,274.9,278.4,274.7,276.3,40254.823,2022-09-17 00:00:00
1663387200000,276.3,278.0,275.5,276.5,27519.135,2022-09-17 04:00:00
1663401600000,276.5,277.5,275.9,276.9,21409.56,2022-09-17 08:00:00
1663416000000,276.8,278.2,275.5,277.5,42886.235,2022-09-17 12:00:00
1663430400000,277.6,279.9,277.4,278.7,37862.618,2022-09-17 16:00:00
1663444800000,278.7,279.7,277.6,279.1,19775.58,2022-09-17 20:00:00
1663459200000,279.1,279.2,276.5,277.4,26057.653,2022-09-18 00:00:00
1663473600000,277.4,278.7,277.1,278.1,18167.274,2022-09-18 04:00:00
1663488000000,278.2,278.7,274.1,276.6,46104.585,2022-09-18 08:00:00
1663502400000,276.5,280.3,274.5,275.3,67542.879,2022-09-18 12:00:00
1663516800000,275.3,275.8,271.3,272.8,73995.105,2022-09-18 16:00:00
1663531200000,272.9,273.0,263.1,266.2,96016.412,2022-09-18 20:00:00
1663545600000,266.3,269.7,260.8,261.8,103253.046,2022-09-19 00:00:00
1663560000000,261.9,263.2,256.7,259.6,97852.091,2022-09-19 04:00:00
1663574400000,259.6,262.7,257.5,262.0,67928.094,2022-09-19 08:00:00
1663588800000,262.0,270.4,261.9,266.1,116165.39,2022-09-19 12:00:00
1663603200000,266.0,269.7,264.3,268.9,63398.908,2022-09-19 16:00:00
1663617600000,269.0,273.0,268.3,271.9,59431.661,2022-09-19 20:00:00
1663632000000,272.0,273.7,267.3,269.4,53835.044,2022-09-20 00:00:00
1663646400000,269.5,272.9,268.9,270.2,51554.055,2022-09-20 04:00:00
1663660800000,270.3,271.0,268.1,270.2,48712.446,2022-09-20 08:00:00
1663675200000,270.3,270.8,265.9,270.3,84957.867,2022-09-20 12:00:00
1663689600000,270.2,271.4,265.2,268.4,59703.225,2022-09-20 16:00:00
1663704000000,268.5,269.0,265.3,266.3,36692.817,2022-09-20 20:00:00
1663718400000,266.3,268.2,265.5,267.2,27850.363,2022-09-21 00:00:00
1663732800000,267.3,268.5,264.1,265.9,38396.448,2022-09-21 04:00:00
1663747200000,266.0,269.9,264.2,269.4,50155.593,2022-09-21 08:00:00
1663761600000,269.4,270.8,266.3,267.3,62195.304,2022-09-21 12:00:00
1663776000000,267.2,276.4,262.8,268.9,246766.246,2022-09-21 16:00:00
1663790400000,269.0,269.7,260.3,264.0,110411.867,2022-09-21 20:00:00
1663804800000,264.0,266.1,263.5,265.2,44227.647,2022-09-22 00:00:00
1663819200000,265.2,266.9,264.5,266.9,39070.687,2022-09-22 04:00:00
1663833600000,266.8,270.4,266.3,270.2,61288.751,2022-09-22 08:00:00
1663848000000,270.2,271.2,266.7,268.4,72716.414,2022-09-22 12:00:00
1663862400000,268.4,275.6,266.8,274.3,71342.46,2022-09-22 16:00:00
1663876800000,274.4,276.7,273.3,275.3,50744.862,2022-09-22 20:00:00
1663891200000,275.4,275.9,272.7,274.7,46771.583,2022-09-23 00:00:00
1663905600000,274.8,277.9,273.8,274.8,60756.941,2022-09-23 04:00:00
1663920000000,274.8,275.8,272.2,272.8,70649.915,2022-09-23 08:00:00
1663934400000,272.9,274.4,269.1,271.3,73415.262,2022-09-23 12:00:00
1663948800000,271.2,272.8,268.3,271.7,62800.336,2022-09-23 16:00:00
1663963200000,271.7,277.1,271.6,276.7,48996.768,2022-09-23 20:00:00
1663977600000,276.7,279.6,275.4,278.9,49801.457,2022-09-24 00:00:00
1663992000000,278.8,285.0,278.8,280.7,91662.1,2022-09-24 04:00:00
1664006400000,280.7,283.2,279.4,280.2,41810.897,2022-09-24 08:00:00
1664020800000,280.3,282.9,279.2,279.7,57333.447,2022-09-24 12:00:00
1664035200000,279.7,280.0,275.8,278.3,45009.287,2022-09-24 16:00:00
1664049600000,278.2,278.3,274.2,274.4,39371.244,2022-09-24 20:00:00
1664064000000,274.4,276.4,273.1,276.4,31726.49,2022-09-25 00:00:00
1664078400000,276.4,278.1,274.4,277.9,22622.624,2022-09-25 04:00:00
1664092800000,278.0,280.0,276.3,278.2,38174.895,2022-09-25 08:00:00
1664107200000,278.3,279.3,274.0,275.3,44673.767,2022-09-25 12:00:00
1664121600000,275.4,276.4,272.2,275.0,43440.248,2022-09-25 16:00:00
1664136000000,275.0,275.0,270.9,274.3,40257.574,2022-09-25 20:00:00
1664150400000,274.3,276.7,272.4,273.0,50961.636,2022-09-26 00:00:00
1664164800000,272.9,274.4,270.8,273.3,40919.311,2022-09-26 04:00:00
1664179200000,273.4,276.9,271.3,272.4,68867.741,2022-09-26 08:00:00
1664193600000,272.5,275.9,271.8,274.5,53120.533,2022-09-26 12:00:00
1664208000000,274.5,275.9,272.2,274.9,34405.445,2022-09-26 16:00:00
1664222400000,274.8,276.3,273.8,276.1,19644.999,2022-09-26 20:00:00
1664236800000,276.1,284.0,275.9,283.5,83625.606,2022-09-27 00:00:00
1664251200000,283.5,286.6,282.6,285.1,63253.336,2022-09-27 04:00:00
1664265600000,285.2,285.8,283.4,283.6,48139.315,2022-09-27 08:00:00
1664280000000,283.6,284.7,280.7,280.9,56367.085,2022-09-27 12:00:00
1664294400000,280.9,281.4,269.2,271.7,125308.302,2022-09-27 16:00:00
1664308800000,271.7,273.1,270.7,272.3,30056.191,2022-09-27 20:00:00
1664323200000,272.3,273.8,266.3,270.2,75609.449,2022-09-28 00:00:00
1664337600000,270.1,271.0,267.7,270.5,34228.887,2022-09-28 04:00:00
1664352000000,270.5,273.9,268.1,272.6,54118.72,2022-09-28 08:00:00
1664366400000,272.7,278.7,272.1,278.4,78336.123,2022-09-28 12:00:00
1664380800000,278.4,280.9,277.4,280.1,63068.346,2022-09-28 16:00:00
1664395200000,280.2,283.7,280.1,281.6,52619.872,2022-09-28 20:00:00
1664409600000,281.6,284.3,281.0,283.7,42961.412,2022-09-29 00:00:00
1664424000000,283.8,285.6,279.9,281.0,60851.93,2022-09-29 04:00:00
1664438400000,281.1,282.6,279.2,280.9,42037.935,2022-09-29 08:00:00
1664452800000,280.9,283.0,277.1,281.6,78232.57,2022-09-29 12:00:00
1664467200000,281.6,284.2,280.3,282.7,42918.376,2022-09-29 16:00:00
1664481600000,282.7,284.1,281.7,284.1,34165.121,2022-09-29 20:00:00
1664496000000,284.2,285.5,282.6,284.4,40892.152,2022-09-30 00:00:00
1664510400000,284.4,287.9,283.3,286.7,54053.445,2022-09-30 04:00:00
1664524800000,286.8,288.1,282.0,283.3,62360.719,2022-09-30 08:00:00
1664539200000,283.4,289.8,282.0,286.7,133007.221,2022-09-30 12:00:00
1664553600000,286.8,288.4,283.7,283.9,51990.441,2022-09-30 16:00:00
1664568000000,283.9,284.9,280.5,284.8,49677.609,2022-09-30 20:00:00
1664582400000,284.9,285.4,282.9,283.5,27756.299,2022-10-01 00:00:00
1664596800000,283.6,283.6,281.9,282.5,18183.653,2022-10-01 04:00:00
1664611200000,282.6,283.9,282.1,283.1,25039.338,2022-10-01 08:00:00
1664625600000,283.1,283.5,281.3,281.5,30836.702,2022-10-01 12:00:00
1664640000000,281.5,284.6,277.7,281.8,62350.036,2022-10-01 16:00:00
1664654400000,281.9,283.6,280.7,282.9,32588.469,2022-10-01 20:00:00
1664668800000,282.9,283.4,281.9,282.5,22610.162,2022-10-02 00:00:00
1664683200000,282.5,282.9,280.9,281.5,22898.988,2022-10-02 04:00:00
1664697600000,281.5,283.7,279.4,282.9,45785.668,2022-10-02 08:00:00
1664712000000,283.0,283.5,281.5,282.5,24717.176,2022-10-02 12:00:00
1664726400000,282.5,287.2,282.2,286.6,38760.159,2022-10-02 16:00:00
1664740800000,286.6,287.9,283.0,284.7,45918.098,2022-10-02 20:00:00
1664755200000,284.7,287.5,283.1,285.3,41240.753,2022-10-03 00:00:00
1664769600000,285.3,287.4,283.9,285.4,31944.397,2022-10-03 04:00:00
1664784000000,285.5,286.4,284.4,286.4,63143.61,2022-10-03 08:00:00
1664798400000,286.4,288.5,285.2,286.4,64533.474,2022-10-03 12:00:00
1664812800000,286.4,289.1,285.7,286.0,44602.078,2022-10-03 16:00:00
1664827200000,286.0,287.7,285.4,286.9,30510.571,2022-10-03 20:00:00
1664841600000,287.0,287.9,286.3,287.6,22948.427,2022-10-04 00:00:00
1664856000000,287.6,291.3,286.3,290.9,48700.083,2022-10-04 04:00:00
1664870400000,290.9,292.8,289.4,291.9,72802.743,2022-10-04 08:00:00
1664884800000,292.0,297.3,291.4,294.1,68623.495,2022-10-04 12:00:00
1664899200000,294.1,297.0,292.6,296.6,39864.673,2022-10-04 16:00:00
1664913600000,296.6,298.2,294.5,296.2,68901.744,2022-10-04 20:00:00
1664928000000,296.3,296.4,294.2,294.8,27170.515,2022-10-05 00:00:00
1664942400000,294.7,295.9,293.8,294.1,25201.579,2022-10-05 04:00:00
1664956800000,294.1,294.3,290.8,291.9,58960.502,2022-10-05 08:00:00
1664971200000,292.0,293.3,289.2,292.7,57654.719,2022-10-05 12:00:00
1664985600000,292.7,295.0,292.6,293.2,35293.408,2022-10-05 16:00:00
1665000000000,293.2,294.4,292.1,294.2,16737.962,2022-10-05 20:00:00
1665014400000,294.2,298.1,293.9,296.3,49197.786,2022-10-06 00:00:00
1665028800000,296.3,296.8,293.8,295.6,29948.704,2022-10-06 04:00:00
1665043200000,295.5,296.1,293.6,295.1,29759.765,2022-10-06 08:00:00
1665057600000,295.1,295.7,291.9,293.7,63344.488,2022-10-06 12:00:00
1665072000000,293.7,295.0,292.4,292.9,27151.196,2022-10-06 16:00:00
1665086400000,292.9,293.1,278.6,287.0,250634.894,2022-10-06 20:00:00
1665100800000,286.9,287.0,283.5,284.2,59003.271,2022-10-07 00:00:00
1665115200000,284.2,285.8,282.4,284.7,40678.335,2022-10-07 04:00:00
1665129600000,284.8,286.1,283.2,284.1,63144.639,2022-10-07 08:00:00
1665144000000,284.2,285.1,279.1,282.7,122031.335,2022-10-07 12:00:00
1665158400000,282.7,283.1,280.3,282.8,44443.383,2022-10-07 16:00:00
1665172800000,282.8,283.6,282.0,282.3,25184.998,2022-10-07 20:00:00
1665187200000,282.2,282.7,280.6,280.9,28008.991,2022-10-08 00:00:00
1665201600000,281.0,282.0,280.6,281.3,22049.893,2022-10-08 04:00:00
1665216000000,281.3,281.6,280.4,281.6,17515.671,2022-10-08 08:00:00
1665230400000,281.6,281.6,280.1,280.7,26138.25,2022-10-08 12:00:00
1665244800000,280.8,282.3,280.4,280.6,19712.627,2022-10-08 16:00:00
1665259200000,280.7,281.0,275.4,276.4,70227.687,2022-10-08 20:00:00
1665273600000,276.3,277.5,275.1,275.6,34546.065,2022-10-09 00:00:00
1665288000000,275.6,277.7,275.1,277.5,24703.768,2022-10-09 04:00:00
1665302400000,277.4,278.9,276.9,278.0,31849.006,2022-10-09 08:00:00
1665316800000,278.0,279.4,277.5,279.0,22665.397,2022-10-09 12:00:00
1665331200000,279.0,279.4,276.8,278.3,33329.155,2022-10-09 16:00:00
1665345600000,278.4,278.4,276.9,278.2,23914.856,2022-10-09 20:00:00
1665360000000,278.2,279.2,276.9,278.1,22197.491,2022-10-10 00:00:00
1665374400000,278.0,278.4,276.3,276.5,21611.455,2022-10-10 04:00:00
1665388800000,276.5,276.6,271.6,275.2,69374.626,2022-10-10 08:00:00
1665403200000,275.2,276.3,273.8,274.9,36084.173,2022-10-10 12:00:00
1665417600000,274.8,275.3,273.0,274.6,30405.429,2022-10-10 16:00:00
1665432000000,274.6,275.5,271.3,271.5,37251.695,2022-10-10 20:00:00
1665446400000,271.5,271.5,267.2,270.1,56808.205,2022-10-11 00:00:00
1665460800000,270.1,271.5,269.3,271.1,32355.307,2022-10-11 04:00:00
1665475200000,271.1,272.3,270.7,272.2,26035.247,2022-10-11 08:00:00
1665489600000,272.1,274.0,269.6,273.2,53234.884,2022-10-11 12:00:00
1665504000000,273.1,273.8,269.2,270.2,32136.655,2022-10-11 16:00:00
1665518400000,270.1,271.5,269.9,271.4,21567.385,2022-10-11 20:00:00
1665532800000,271.3,272.8,271.1,271.3,22032.988,2022-10-12 00:00:00
1665547200000,271.3,272.9,271.2,271.5,27547.815,2022-10-12 04:00:00
1665561600000,271.4,272.9,271.1,271.2,31441.814,2022-10-12 08:00:00
1665576000000,271.2,271.8,269.7,271.0,44323.231,2022-10-12 12:00:00
1665590400000,270.9,271.4,269.2,271.1,29998.756,2022-10-12 16:00:00
1665604800000,271.1,271.9,270.7,270.9,12472.3,2022-10-12 20:00:00
1665619200000,270.9,272.2,268.1,269.7,26077.964,2022-10-13 00:00:00
1665633600000,269.7,270.0,262.2,264.3,69297.08,2022-10-13 04:00:00
1665648000000,264.4,266.3,257.6,262.4,123481.555,2022-10-13 08:00:00
1665662400000,262.4,267.8,256.8,266.8,204023.796,2022-10-13 12:00:00
1665676800000,266.8,273.7,266.6,271.7,78491.609,2022-10-13 16:00:00
1665691200000,271.7,273.7,271.2,271.6,39425.208,2022-10-13 20:00:00
1665705600000,271.6,276.8,271.4,275.1,60179.6,2022-10-14 00:00:00
1665720000000,275.1,275.5,271.8,273.5,41410.023,2022-10-14 04:00:00
1665734400000,273.6,275.1,273.0,273.3,41405.552,2022-10-14 08:00:00
1665748800000,273.4,275.5,270.7,271.3,76940.306,2022-10-14 12:00:00
1665763200000,271.3,271.6,268.4,270.0,49890.308,2022-10-14 16:00:00
1665777600000,269.9,270.4,267.6,269.4,28561.129,2022-10-14 20:00:00
1665792000000,269.4,270.8,268.9,270.7,18582.958,2022-10-15 00:00:00
1665806400000,270.7,270.9,269.9,270.7,16801.56,2022-10-15 04:00:00
1665820800000,270.8,271.2,268.8,271.1,26905.411,2022-10-15 08:00:00
1665835200000,271.1,271.4,269.8,271.1,23052.488,2022-10-15 12:00:00
1665849600000,271.1,271.3,269.4,270.0,28720.782,2022-10-15 16:00:00
1665864000000,270.1,270.1,267.4,268.2,30021.517,2022-10-15 20:00:00
1665878400000,268.2,270.0,267.9,269.6,19589.517,2022-10-16 00:00:00
1665892800000,269.6,270.3,269.5,270.0,16205.15,2022-10-16 04:00:00
1665907200000,269.9,271.0,269.4,270.0,28820.395,2022-10-16 08:00:00
1665921600000,270.0,270.7,269.3,270.6,34230.613,2022-10-16 12:00:00
1665936000000,270.5,273.5,270.1,273.5,48075.735,2022-10-16 16:00:00
1665950400000,273.5,273.9,271.1,272.5,38675.664,2022-10-16 20:00:00
1665964800000,272.4,273.0,271.1,271.7,19505.196,2022-10-17 00:00:00
1665979200000,271.7,272.5,269.8,272.2,35017.907,2022-10-17 04:00:00
1665993600000,272.2,274.4,271.1,273.3,37873.712,2022-10-17 08:00:00
1666008000000,273.3,275.0,272.8,274.0,39403.379,2022-10-17 12:00:00
1666022400000,274.1,275.5,274.0,274.7,31743.42,2022-10-17 16:00:00
1666036800000,274.8,275.9,274.7,275.6,23643.966,2022-10-17 20:00:00
1666051200000,275.7,276.0,273.9,274.8,24292.128,2022-10-18 00:00:00
1666065600000,274.8,275.1,273.8,274.7,26379.83,2022-10-18 04:00:00
1666080000000,274.8,274.9,271.9,273.6,35886.106,2022-10-18 08:00:00
1666094400000,273.6,274.7,271.1,272.1,46529.882,2022-10-18 12:00:00
1666108800000,272.1,273.4,270.1,272.3,40086.791,2022-10-18 16:00:00
1666123200000,272.2,274.1,271.8,273.1,22516.38,2022-10-18 20:00:00
1666137600000,273.2,273.8,271.1,272.5,22920.047,2022-10-19 00:00:00
1666152000000,272.6,272.6,270.4,271.5,17688.613,2022-10-19 04:00:00
1666166400000,271.6,272.1,270.3,271.2,21249.822,2022-10-19 08:00:00
1666180800000,271.3,273.3,270.6,273.2,32550.026,2022-10-19 12:00:00
1666195200000,273.2,273.8,272.0,273.4,31613.286,2022-10-19 16:00:00
1666209600000,273.3,273.9,271.0,272.0,27636.166,2022-10-19 20:00:00
1666224000000,271.9,272.8,269.0,270.6,31751.382,2022-10-20 00:00:00
1666238400000,270.7,272.4,270.4,271.5,20554.653,2022-10-20 04:00:00
1666252800000,271.6,273.0,271.3,272.8,19946.535,2022-10-20 08:00:00
1666267200000,272.8,273.4,271.3,272.4,28758.927,2022-10-20 12:00:00
1666281600000,272.4,272.5,268.1,269.1,39362.547,2022-10-20 16:00:00
1666296000000,269.0,269.5,267.3,269.0,25761.452,2022-10-20 20:00:00
1666310400000,269.0,269.5,265.6,268.4,30220.814,2022-10-21 00:00:00
1666324800000,268.4,268.9,266.7,267.0,25611.703,2022-10-21 04:00:00
1666339200000,267.1,267.5,265.4,266.4,32144.93,2022-10-21 08:00:00
1666353600000,266.5,269.9,263.4,269.8,58438.483,2022-10-21 12:00:00
1666368000000,269.8,271.2,269.3,270.5,28779.018,2022-10-21 16:00:00
1666382400000,270.4,271.0,268.9,270.1,20237.264,2022-10-21 20:00:00
1666396800000,270.1,270.2,268.4,268.9,10701.865,2022-10-22 00:00:00
1666411200000,268.9,270.0,268.5,269.9,11348.982,2022-10-22 04:00:00
1666425600000,269.8,270.0,269.1,269.9,15694.266,2022-10-22 08:00:00
1666440000000,269.8,271.0,269.1,269.6,23219.918,2022-10-22 12:00:00
1666454400000,269.5,270.1,269.0,269.9,12701.391,2022-10-22 16:00:00
1666468800000,270.0,271.1,269.9,270.4,10378.461,2022-10-22 20:00:00
1666483200000,270.5,271.1,269.7,270.2,12523.531,2022-10-23 00:00:00
1666497600000,270.3,270.7,269.4,269.7,10978.013,2022-10-23 04:00:00
1666512000000,269.8,270.4,268.7,269.6,16451.181,2022-10-23 08:00:00
1666526400000,269.6,270.9,268.7,270.4,17806.446,2022-10-23 12:00:00
1666540800000,270.4,274.1,270.4,274.0,39776.05,2022-10-23 16:00:00
1666555200000,274.0,276.8,272.9,276.0,36855.622,2022-10-23 20:00:00
1666569600000,275.9,277.4,273.7,274.3,32025.886,2022-10-24 00:00:00
1666584000000,274.3,274.5,272.7,273.5,20576.42,2022-10-24 04:00:00
1666598400000,273.5,274.9,273.1,274.4,20944.255,2022-10-24 08:00:00
1666612800000,274.4,274.5,271.6,273.1,37857.204,2022-10-24 12:00:00
1666627200000,273.1,274.3,272.1,273.3,21918.804,2022-10-24 16:00:00
1666641600000,273.3,274.4,272.7,274.1,20859.525,2022-10-24 20:00:00
1666656000000,274.2,274.9,273.2,274.2,23651.871,2022-10-25 00:00:00
1666670400000,274.3,275.0,273.0,273.3,25452.395,2022-10-25 04:00:00
1666684800000,273.3,273.8,272.0,273.1,19036.3,2022-10-25 08:00:00
1666699200000,273.1,282.2,272.7,280.8,77452.219,2022-10-25 12:00:00
1666713600000,280.8,289.9,280.7,288.8,168246.697,2022-10-25 16:00:00
1666728000000,288.8,289.0,283.4,284.2,73683.643,2022-10-25 20:00:00
1666742400000,284.2,286.8,284.1,286.2,39426.142,2022-10-26 00:00:00
1666756800000,286.2,287.2,285.0,286.7,35275.392,2022-10-26 04:00:00
1666771200000,286.8,290.6,286.1,288.9,60675.965,2022-10-26 08:00:00
1666785600000,288.9,290.7,285.0,289.6,90280.314,2022-10-26 12:00:00
1666800000000,289.6,291.0,288.1,290.5,50904.411,2022-10-26 16:00:00
1666814400000,290.4,292.0,289.5,290.2,39846.712,2022-10-26 20:00:00
1666828800000,290.3,292.1,288.0,290.2,45480.105,2022-10-27 00:00:00
1666843200000,290.2,293.3,288.9,289.2,54945.58,2022-10-27 04:00:00
1666857600000,289.3,290.6,286.9,288.0,56749.959,2022-10-27 08:00:00
1666872000000,288.1,289.8,286.2,287.8,71162.495,2022-10-27 12:00:00
1666886400000,287.8,289.2,286.8,288.8,29971.43,2022-10-27 16:00:00
1666900800000,288.9,288.9,284.7,286.7,57425.239,2022-10-27 20:00:00
1666915200000,286.8,288.3,285.7,287.0,39346.357,2022-10-28 00:00:00
1666929600000,287.1,288.0,285.8,286.2,34477.862,2022-10-28 04:00:00
1666944000000,286.2,287.8,285.8,287.8,53584.085,2022-10-28 08:00:00
1666958400000,287.7,296.9,286.8,296.8,132893.61,2022-10-28 12:00:00
1666972800000,296.8,300.9,296.4,299.1,112201.483,2022-10-28 16:00:00
1666987200000,299.1,301.1,297.2,297.9,44144.846,2022-10-28 20:00:00
1667001600000,297.9,304.8,295.6,304.7,79446.651,2022-10-29 00:00:00
1667016000000,304.7,306.2,301.3,302.3,77535.639,2022-10-29 04:00:00
1667030400000,302.3,307.4,300.8,301.7,116527.943,2022-10-29 08:00:00
1667044800000,301.8,303.4,299.2,303.1,88363.472,2022-10-29 12:00:00
1667059200000,303.2,308.4,302.4,304.2,130718.328,2022-10-29 16:00:00
1667073600000,304.2,305.8,301.6,304.4,61054.092,2022-10-29 20:00:00
1667088000000,304.5,307.8,302.3,307.7,46657.584,2022-10-30 00:00:00
1667102400000,307.7,314.9,304.6,313.7,120118.113,2022-10-30 04:00:00
1667116800000,313.7,318.8,308.4,312.0,133065.171,2022-10-30 08:00:00
1667131200000,311.9,313.8,306.7,310.1,88730.259,2022-10-30 12:00:00
1667145600000,310.1,317.6,309.3,315.3,101452.084,2022-10-30 16:00:00
1667160000000,315.3,315.5,310.0,313.5,48601.192,2022-10-30 20:00:00
1667174400000,313.6,315.1,306.5,311.6,69130.494,2022-10-31 00:00:00
1667188800000,311.6,311.8,307.6,310.3,40933.854,2022-10-31 04:00:00
1667203200000,310.2,332.1,308.1,331.1,444583.772,2022-10-31 08:00:00
1667217600000,331.0,337.9,321.9,323.9,320400.978,2022-10-31 12:00:00
1667232000000,323.8,330.0,322.5,328.0,111005.273,2022-10-31 16:00:00
1667246400000,327.9,329.2,325.6,325.7,61747.106,2022-10-31 20:00:00
1667260800000,325.8,334.6,323.5,329.8,160829.404,2022-11-01 00:00:00
1667275200000,329.8,330.1,325.6,327.0,79140.764,2022-11-01 04:00:00
1667289600000,327.0,328.2,322.7,323.6,86918.79,2022-11-01 08:00:00
1667304000000,323.6,330.0,317.4,319.4,122582.211,2022-11-01 12:00:00
1667318400000,319.4,325.3,318.6,324.7,62394.271,2022-11-01 16:00:00
1667332800000,324.8,326.6,323.0,323.9,38180.266,2022-11-01 20:00:00
1667347200000,323.8,327.6,322.8,326.4,50434.975,2022-11-02 00:00:00
1667361600000,326.3,328.0,319.3,322.7,66813.978,2022-11-02 04:00:00
1667376000000,322.7,323.2,315.3,320.4,76277.291,2022-11-02 08:00:00
1667390400000,320.5,321.1,318.0,318.7,55644.347,2022-11-02 12:00:00
1667404800000,318.7,330.0,316.8,319.9,235351.823,2022-11-02 16:00:00
1667419200000,319.8,321.5,315.7,320.2,76807.15,2022-11-02 20:00:00
1667433600000,320.2,323.7,318.0,322.0,65244.274,2022-11-03 00:00:00
1667448000000,322.1,338.7,321.7,333.7,179508.478,2022-11-03 04:00:00
1667462400000,333.7,338.5,327.5,329.2,119923.376,2022-11-03 08:00:00
1667476800000,329.2,330.2,322.7,327.9,114514.489,2022-11-03 12:00:00
1667491200000,327.9,332.0,327.5,331.3,68870.887,2022-11-03 16:00:00
1667505600000,331.4,334.8,327.6,329.5,74293.356,2022-11-03 20:00:00
1667520000000,329.6,341.9,328.3,340.6,133941.381,2022-11-04 00:00:00
1667534400000,340.6,347.2,338.6,344.2,148900.437,2022-11-04 04:00:00
1667548800000,344.2,354.6,344.1,345.4,166163.006,2022-11-04 08:00:00
1667563200000,345.4,358.9,343.2,349.1,190125.263,2022-11-04 12:00:00
1667577600000,349.2,354.6,348.2,354.6,72348.259,2022-11-04 16:00:00
1667592000000,354.5,355.1,351.7,354.6,40231.236,2022-11-04 20:00:00
1667606400000,354.7,358.2,352.2,356.2,79024.355,2022-11-05 00:00:00
1667620800000,356.1,361.3,355.3,360.3,64583.699,2022-11-05 04:00:00
1667635200000,360.3,360.4,352.9,355.9,73112.596,2022-11-05 08:00:00
1667649600000,355.9,356.1,347.8,351.1,87298.897,2022-11-05 12:00:00
1667664000000,351.1,352.3,348.3,349.7,61172.656,2022-11-05 16:00:00
1667678400000,349.8,351.8,346.1,349.2,46567.861,2022-11-05 20:00:00
1667692800000,349.1,350.6,346.8,349.6,47466.147,2022-11-06 00:00:00
1667707200000,349.7,354.1,347.8,352.0,70269.414,2022-11-06 04:00:00
1667721600000,352.0,354.1,349.6,351.3,44533.091,2022-11-06 08:00:00
1667736000000,351.2,352.9,348.6,350.5,51350.078,2022-11-06 12:00:00
1667750400000,350.6,356.0,347.9,352.8,82323.739,2022-11-06 16:00:00
1667764800000,352.9,353.6,337.7,337.9,95032.41,2022-11-06 20:00:00
1667779200000,337.8,342.3,331.6,339.4,132145.791,2022-11-07 00:00:00
1667793600000,339.3,340.1,327.3,328.2,116072.311,2022-11-07 04:00:00
1667808000000,328.2,333.9,326.7,332.2,89636.726,2022-11-07 08:00:00
1667822400000,332.2,334.9,326.4,334.9,131590.908,2022-11-07 12:00:00
1667836800000,334.9,344.4,333.4,342.3,166848.755,2022-11-07 16:00:00
1667851200000,342.3,343.5,329.1,337.0,104171.021,2022-11-07 20:00:00
1667865600000,337.0,348.9,333.7,334.8,296139.255,2022-11-08 00:00:00
1667880000000,334.8,337.7,312.4,325.7,416135.09,2022-11-08 04:00:00
1667894400000,325.8,336.9,324.5,324.7,203752.859,2022-11-08 08:00:00
1667908800000,324.7,327.1,319.8,327.0,178431.044,2022-11-08 12:00:00
1667923200000,327.1,398.3,298.0,315.5,1651256.811,2022-11-08 16:00:00
1667937600000,315.5,335.0,310.0,327.4,358201.325,2022-11-08 20:00:00
1667952000000,327.4,333.1,316.4,321.7,329200.442,2022-11-09 00:00:00
1667966400000,321.7,322.8,310.9,315.3,206362.846,2022-11-09 04:00:00
1667980800000,315.3,316.2,284.0,304.3,467010.4,2022-11-09 08:00:00
1667995200000,304.4,308.6,287.4,290.3,303456.042,2022-11-09 12:00:00
1668009600000,290.2,294.4,274.0,281.6,309991.572,2022-11-09 16:00:00
1668024000000,281.7,282.9,260.2,267.3,285054.597,2022-11-09 20:00:00
1668038400000,267.1,287.2,263.2,283.5,319734.305,2022-11-10 00:00:00
1668052800000,283.5,289.3,279.5,282.2,209672.324,2022-11-10 04:00:00
1668067200000,282.2,284.5,271.6,275.8,203083.259,2022-11-10 08:00:00
1668081600000,275.8,312.0,275.4,307.6,409323.0,2022-11-10 12:00:00
1668096000000,307.6,313.0,296.4,301.1,171429.994,2022-11-10 16:00:00
1668110400000,301.0,308.5,299.0,304.0,97996.028,2022-11-10 20:00:00
1668124800000,304.1,306.0,288.7,292.5,131674.449,2022-11-11 00:00:00
1668139200000,292.6,299.6,289.8,297.7,80991.528,2022-11-11 04:00:00
1668153600000,297.8,300.7,293.6,295.8,78310.384,2022-11-11 08:00:00
1668168000000,295.7,297.6,279.0,286.1,206330.005,2022-11-11 12:00:00
1668182400000,286.1,289.5,280.4,288.1,88608.85,2022-11-11 16:00:00
1668196800000,288.0,290.7,282.0,290.4,109230.425,2022-11-11 20:00:00
1668211200000,290.4,291.0,283.3,284.0,69159.671,2022-11-12 00:00:00
1668225600000,284.1,294.5,271.6,286.0,264917.641,2022-11-12 04:00:00
1668240000000,286.0,288.7,281.6,282.5,84859.398,2022-11-12 08:00:00
1668254400000,282.6,285.7,280.2,284.0,58222.898,2022-11-12 12:00:00
1668268800000,284.1,286.5,280.6,282.7,42074.375,2022-11-12 16:00:00
1668283200000,282.8,283.3,280.9,282.8,26125.372,2022-11-12 20:00:00
1668297600000,282.9,286.1,280.9,285.3,41479.419,2022-11-13 00:00:00
1668312000000,285.3,286.5,278.4,281.8,61438.691,2022-11-13 04:00:00
1668326400000,281.8,282.5,276.1,280.8,71340.08,2022-11-13 08:00:00
1668340800000,280.7,282.5,275.6,280.2,113299.472,2022-11-13 12:00:00
1668355200000,280.3,280.4,276.2,278.8,67754.235,2022-11-13 16:00:00
1668369600000,278.9,279.1,273.2,276.4,86967.024,2022-11-13 20:00:00
1668384000000,276.4,277.9,268.0,271.0,144071.506,2022-11-14 00:00:00
1668398400000,270.9,282.1,268.0,281.1,147603.262,2022-11-14 04:00:00
1668412800000,281.2,288.8,280.2,284.5,138354.461,2022-11-14 08:00:00
1668427200000,284.5,292.0,277.3,279.2,222500.53,2022-11-14 12:00:00
1668441600000,279.2,279.4,272.1,272.7,107727.547,2022-11-14 16:00:00
1668456000000,272.7,280.0,271.9,279.0,58468.591,2022-11-14 20:00:00
1668470400000,279.0,282.4,277.2,279.9,81325.076,2022-11-15 00:00:00
1668484800000,280.0,280.5,275.9,279.1,51813.658,2022-11-15 04:00:00
1668499200000,279.0,281.0,273.8,275.8,90070.686,2022-11-15 08:00:00
1668513600000,275.8,282.3,275.2,280.5,108114.914,2022-11-15 12:00:00
1668528000000,280.4,281.4,273.2,275.9,76533.187,2022-11-15 16:00:00
1668542400000,276.0,277.6,274.2,277.0,37708.143,2022-11-15 20:00:00
1668556800000,277.0,279.9,276.0,279.7,48854.466,2022-11-16 00:00:00
1668571200000,279.7,280.2,277.5,277.6,49989.215,2022-11-16 04:00:00
1668585600000,277.7,277.7,271.4,272.5,89352.825,2022-11-16 08:00:00
1668600000000,272.5,274.3,268.8,270.2,111893.067,2022-11-16 12:00:00
1668614400000,270.2,273.8,269.0,270.6,62158.537,2022-11-16 16:00:00
1668628800000,270.7,272.8,269.6,271.8,40648.689,2022-11-16 20:00:00
1668643200000,271.9,273.5,269.7,270.1,49835.177,2022-11-17 00:00:00
1668657600000,270.1,271.2,265.9,269.8,70893.149,2022-11-17 04:00:00
1668672000000,269.8,270.0,262.9,267.3,95053.041,2022-11-17 08:00:00
1668686400000,267.3,269.4,264.5,266.1,75635.344,2022-11-17 12:00:00
1668700800000,266.1,269.7,265.8,267.9,42995.264,2022-11-17 16:00:00
1668715200000,267.8,269.0,266.8,267.9,33393.855,2022-11-17 20:00:00
1668729600000,268.0,273.7,267.7,271.7,70155.234,2022-11-18 00:00:00
1668744000000,271.7,273.2,270.6,271.8,36296.971,2022-11-18 04:00:00
1668758400000,271.8,273.8,270.1,273.5,42085.305,2022-11-18 08:00:00
1668772800000,273.5,274.4,270.9,272.0,55010.042,2022-11-18 12:00:00
1668787200000,271.9,273.5,270.5,273.2,41637.635,2022-11-18 16:00:00
1668801600000,273.3,274.8,272.7,274.1,32761.179,2022-11-18 20:00:00
1668816000000,274.1,274.6,271.9,272.7,29407.032,2022-11-19 00:00:00
1668830400000,272.7,273.4,268.9,269.9,60447.259,2022-11-19 04:00:00
1668844800000,269.9,271.6,269.2,271.5,23858.656,2022-11-19 08:00:00
1668859200000,271.5,272.0,269.9,271.8,27350.409,2022-11-19 12:00:00
1668873600000,271.9,272.0,270.6,271.3,20435.833,2022-11-19 16:00:00
1668888000000,271.4,274.0,271.2,272.6,32605.091,2022-11-19 20:00:00
1668902400000,272.6,273.7,271.8,273.1,30693.349,2022-11-20 00:00:00
1668916800000,273.0,273.8,272.6,273.4,16900.003,2022-11-20 04:00:00
1668931200000,273.5,273.6,266.3,267.4,73776.195,2022-11-20 08:00:00
1668945600000,267.5,271.0,266.0,270.7,57218.939,2022-11-20 12:00:00
1668960000000,270.7,271.1,268.3,269.6,39805.226,2022-11-20 16:00:00
1668974400000,269.7,269.8,261.8,264.2,88193.869,2022-11-20 20:00:00
1668988800000,264.2,265.3,255.5,259.4,155775.107,2022-11-21 00:00:00
1669003200000,259.3,262.4,256.7,258.2,88982.9,2022-11-21 04:00:00
1669017600000,258.2,259.3,255.6,258.3,60499.51,2022-11-21 08:00:00
1669032000000,258.3,262.8,257.6,260.3,76101.972,2022-11-21 12:00:00
1669046400000,260.2,260.5,250.0,252.1,122648.134,2022-11-21 16:00:00
1669060800000,252.1,256.1,251.1,253.9,77018.567,2022-11-21 20:00:00
1669075200000,254.0,257.4,253.4,256.7,50745.297,2022-11-22 00:00:00
1669089600000,256.6,257.3,252.2,254.2,41251.719,2022-11-22 04:00:00
1669104000000,254.3,255.4,252.0,254.5,38757.588,2022-11-22 08:00:00
1669118400000,254.6,266.0,253.8,264.5,136697.204,2022-11-22 12:00:00
1669132800000,264.5,265.5,261.7,263.5,47923.454,2022-11-22 16:00:00
1669147200000,263.6,267.8,263.2,266.7,41789.183,2022-11-22 20:00:00
1669161600000,266.8,275.4,264.8,274.2,110598.749,2022-11-23 00:00:00
1669176000000,274.1,275.5,272.1,275.4,49944.061,2022-11-23 04:00:00
1669190400000,275.4,299.2,275.3,297.1,626594.376,2022-11-23 08:00:00
1669204800000,297.2,301.6,292.3,295.1,220792.742,2022-11-23 12:00:00
1669219200000,295.1,301.8,291.7,296.2,137110.029,2022-11-23 16:00:00
1669233600000,296.3,299.3,293.8,298.8,79010.732,2022-11-23 20:00:00
1669248000000,298.9,304.1,294.5,299.7,170035.291,2022-11-24 00:00:00
1669262400000,299.8,300.5,295.8,296.2,94180.947,2022-11-24 04:00:00
1669276800000,296.2,299.8,293.9,297.6,82356.022,2022-11-24 08:00:00
1669291200000,297.5,299.8,295.5,298.3,75618.206,2022-11-24 12:00:00
1669305600000,298.4,302.2,296.8,299.4,76663.628,2022-11-24 16:00:00
1669320000000,299.4,301.8,298.0,300.2,51938.561,2022-11-24 20:00:00
1669334400000,300.3,301.9,296.3,298.8,89897.533,2022-11-25 00:00:00
1669348800000,298.8,299.5,294.1,296.0,72994.26,2022-11-25 04:00:00
1669363200000,296.1,300.2,294.5,299.0,85714.936,2022-11-25 08:00:00
1669377600000,299.1,306.6,298.7,300.1,135225.186,2022-11-25 12:00:00
1669392000000,300.2,301.8,298.8,301.4,50739.534,2022-11-25 16:00:00
1669406400000,301.4,302.9,299.8,300.8,31162.034,2022-11-25 20:00:00
1669420800000,300.8,311.3,299.9,309.7,145997.169,2022-11-26 00:00:00
1669435200000,309.6,313.8,308.7,312.4,101682.815,2022-11-26 04:00:00
1669449600000,312.5,317.4,312.2,314.3,113421.487,2022-11-26 08:00:00
1669464000000,314.3,317.8,310.1,312.9,96850.291,2022-11-26 12:00:00
1669478400000,312.9,315.2,311.3,313.0,63119.602,2022-11-26 16:00:00
1669492800000,313.0,313.9,308.0,311.4,48507.409,2022-11-26 20:00:00
1669507200000,311.4,316.7,311.1,315.2,54481.569,2022-11-27 00:00:00
1669521600000,315.3,316.5,312.1,313.7,39301.484,2022-11-27 04:00:00
1669536000000,313.8,315.0,310.2,313.1,50303.287,2022-11-27 08:00:00
1669550400000,313.0,315.3,310.9,313.6,50124.539,2022-11-27 12:00:00
1669564800000,313.6,314.1,310.1,311.9,34806.711,2022-11-27 16:00:00
1669579200000,311.9,314.8,306.3,307.6,81078.255,2022-11-27 20:00:00
1669593600000,307.7,309.6,286.6,297.2,260433.494,2022-11-28 00:00:00
1669608000000,297.3,297.8,292.6,295.6,59527.89,2022-11-28 04:00:00
1669622400000,295.7,296.9,293.5,295.1,46951.187,2022-11-28 08:00:00
1669636800000,295.2,297.8,290.4,292.0,88021.397,2022-11-28 12:00:00
1669651200000,292.1,299.8,288.7,293.3,115148.224,2022-11-28 16:00:00
1669665600000,293.3,294.5,291.8,293.5,33681.638,2022-11-28 20:00:00
1669680000000,293.5,298.0,289.0,296.5,86535.504,2022-11-29 00:00:00
1669694400000,296.6,304.2,296.5,302.3,82878.121,2022-11-29 04:00:00
1669708800000,302.4,305.3,301.6,303.0,48817.725,2022-11-29 08:00:00
1669723200000,303.1,303.9,298.2,300.1,71256.878,2022-11-29 12:00:00
1669737600000,300.1,300.2,293.8,295.5,97036.696,2022-11-29 16:00:00
1669752000000,295.6,297.6,294.9,295.4,35977.461,2022-11-29 20:00:00
1669766400000,295.4,305.5,295.0,295.8,140524.56,2022-11-30 00:00:00
1669780800000,295.7,301.1,295.7,301.0,48714.701,2022-11-30 04:00:00
1669795200000,300.9,303.9,298.7,300.5,49081.602,2022-11-30 08:00:00
1669809600000,300.6,300.9,297.2,298.0,63296.213,2022-11-30 12:00:00
1669824000000,298.0,301.0,292.5,298.4,98090.18,2022-11-30 16:00:00
1669838400000,298.5,302.5,298.3,300.6,67302.438,2022-11-30 20:00:00
1669852800000,300.6,302.0,295.7,297.5,70100.692,2022-12-01 00:00:00
1669867200000,297.6,300.6,294.8,297.8,134737.707,2022-12-01 04:00:00
1669881600000,297.9,302.0,296.9,299.7,105581.245,2022-12-01 08:00:00
1669896000000,299.8,302.0,290.3,291.8,369313.498,2022-12-01 12:00:00
1669910400000,291.8,292.9,290.0,291.1,70793.972,2022-12-01 16:00:00
1669924800000,291.2,293.3,290.6,292.3,48340.621,2022-12-01 20:00:00
1669939200000,292.3,293.9,286.6,288.2,106490.833,2022-12-02 00:00:00
1669953600000,288.2,290.5,285.4,289.7,59633.52,2022-12-02 04:00:00
1669968000000,289.7,292.1,288.9,291.3,43138.295,2022-12-02 08:00:00
1669982400000,291.3,292.3,286.4,290.1,79746.262,2022-12-02 12:00:00
1669996800000,290.2,290.8,288.7,290.6,37636.691,2022-12-02 16:00:00
1670011200000,290.6,293.9,290.4,293.4,37456.684,2022-12-02 20:00:00
1670025600000,293.4,294.4,290.9,292.0,53503.212,2022-12-03 00:00:00
1670040000000,292.0,292.7,290.0,290.5,47307.881,2022-12-03 04:00:00
1670054400000,290.5,291.0,289.0,290.2,32755.309,2022-12-03 08:00:00
1670068800000,290.1,292.6,290.0,291.7,41955.387,2022-12-03 12:00:00
1670083200000,291.6,292.7,290.7,291.6,30664.294,2022-12-03 16:00:00
1670097600000,291.7,292.5,290.0,290.4,28190.972,2022-12-03 20:00:00
1670112000000,290.4,292.5,289.9,291.8,22664.271,2022-12-04 00:00:00
1670126400000,291.9,292.5,290.7,291.1,22455.479,2022-12-04 04:00:00
1670140800000,291.1,291.7,289.0,289.5,61785.064,2022-12-04 08:00:00
1670155200000,289.5,290.8,287.4,290.0,70892.882,2022-12-04 12:00:00
1670169600000,290.0,291.6,289.1,291.1,38750.255,2022-12-04 16:00:00
1670184000000,291.1,292.8,291.0,291.8,27808.832,2022-12-04 20:00:00
1670198400000,291.8,296.7,291.4,294.7,55010.128,2022-12-05 00:00:00
1670212800000,294.6,297.2,294.6,295.9,44682.254,2022-12-05 04:00:00
1670227200000,295.8,297.1,294.4,295.7,40962.93,2022-12-05 08:00:00
1670241600000,295.8,295.9,289.4,290.3,70360.208,2022-12-05 12:00:00
1670256000000,290.3,290.5,286.1,286.7,58816.942,2022-12-05 16:00:00
1670270400000,286.8,288.8,286.1,288.4,25126.328,2022-12-05 20:00:00
1670284800000,288.5,290.6,288.3,289.4,37033.997,2022-12-06 00:00:00
1670299200000,289.5,290.1,288.2,289.5,29070.585,2022-12-06 04:00:00
1670313600000,289.5,290.1,287.0,288.6,33468.798,2022-12-06 08:00:00
1670328000000,288.6,289.4,287.3,288.7,49871.687,2022-12-06 12:00:00
1670342400000,288.7,289.2,286.5,288.6,60626.437,2022-12-06 16:00:00
1670356800000,288.6,290.8,288.2,290.2,37839.843,2022-12-06 20:00:00
1670371200000,290.2,290.9,288.2,288.8,39948.822,2022-12-07 00:00:00
1670385600000,288.8,289.4,281.2,282.7,88870.579,2022-12-07 04:00:00
1670400000000,282.7,284.6,281.1,283.6,83251.968,2022-12-07 08:00:00
1670414400000,283.7,285.2,282.5,283.5,61175.063,2022-12-07 12:00:00
1670428800000,283.4,284.0,282.3,283.6,58245.746,2022-12-07 16:00:00
1670443200000,283.6,285.0,282.8,284.2,29943.35,2022-12-07 20:00:00
1670457600000,284.2,284.9,282.4,284.1,33243.34,2022-12-08 00:00:00
1670472000000,284.2,285.8,282.9,285.6,24779.521,2022-12-08 04:00:00
1670486400000,285.6,286.4,282.8,285.1,51590.095,2022-12-08 08:00:00
1670500800000,285.1,288.3,284.5,287.5,43512.508,2022-12-08 12:00:00
1670515200000,287.5,292.0,287.3,290.1,52883.414,2022-12-08 16:00:00
1670529600000,290.1,292.0,288.4,290.4,75646.207,2022-12-08 20:00:00
1670544000000,290.4,291.4,288.8,289.6,34844.913,2022-12-09 00:00:00
1670558400000,289.6,290.7,289.2,290.4,20296.676,2022-12-09 04:00:00
1670572800000,290.5,291.9,289.6,290.8,56244.232,2022-12-09 08:00:00
1670587200000,290.9,292.0,287.3,289.9,59789.963,2022-12-09 12:00:00
1670601600000,290.0,290.1,286.0,288.0,35717.7,2022-12-09 16:00:00
1670616000000,288.0,288.1,284.4,286.0,101525.241,2022-12-09 20:00:00
1670630400000,286.1,287.4,285.7,287.0,25188.306,2022-12-10 00:00:00
1670644800000,286.9,287.6,286.5,287.3,14919.56,2022-12-10 04:00:00
1670659200000,287.4,288.0,285.7,287.6,22113.508,2022-12-10 08:00:00
1670673600000,287.7,289.4,287.0,289.3,23320.116,2022-12-10 12:00:00
1670688000000,289.3,289.9,287.6,288.2,41064.049,2022-12-10 16:00:00
1670702400000,288.1,288.7,287.6,288.2,22317.094,2022-12-10 20:00:00
1670716800000,288.2,291.3,287.6,290.6,34923.143,2022-12-11 00:00:00
1670731200000,290.7,291.2,289.8,290.5,21132.34,2022-12-11 04:00:00
1670745600000,290.4,290.6,289.7,290.3,14495.124,2022-12-11 08:00:00
1670760000000,290.4,290.4,288.9,289.7,23326.451,2022-12-11 12:00:00
1670774400000,289.6,291.4,289.0,290.0,29138.607,2022-12-11 16:00:00
1670788800000,289.9,290.0,283.3,284.4,83324.481,2022-12-11 20:00:00
1670803200000,284.5,285.8,281.3,282.7,51518.736,2022-12-12 00:00:00
1670817600000,282.8,282.8,280.2,281.1,41711.801,2022-12-12 04:00:00
1670832000000,281.1,284.0,280.3,283.7,26363.23,2022-12-12 08:00:00
1670846400000,283.8,283.8,271.7,276.1,254638.024,2022-12-12 12:00:00
1670860800000,276.1,277.4,273.1,274.4,65272.403,2022-12-12 16:00:00
1670875200000,274.3,277.6,273.0,276.1,68005.641,2022-12-12 20:00:00
1670889600000,276.1,277.3,265.5,267.1,139408.14,2022-12-13 00:00:00
1670904000000,267.2,269.9,255.6,264.0,346198.058,2022-12-13 04:00:00
1670918400000,264.0,271.4,262.5,268.6,259140.377,2022-12-13 08:00:00
1670932800000,268.7,282.0,264.0,273.3,370281.948,2022-12-13 12:00:00
1670947200000,273.3,275.5,266.4,269.2,125935.095,2022-12-13 16:00:00
1670961600000,269.2,273.7,268.0,272.2,68679.066,2022-12-13 20:00:00
1670976000000,272.2,278.4,271.2,275.5,82396.046,2022-12-14 00:00:00
1670990400000,275.5,276.4,273.4,274.4,72200.625,2022-12-14 04:00:00
1671004800000,274.4,276.8,271.0,273.1,80110.622,2022-12-14 08:00:00
1671019200000,273.2,274.3,268.9,272.0,112187.772,2022-12-14 12:00:00
1671033600000,272.0,274.0,265.5,267.9,177118.97,2022-12-14 16:00:00
1671048000000,267.9,269.0,265.5,267.7,56068.876,2022-12-14 20:00:00
1671062400000,267.7,268.1,261.7,265.6,77121.717,2022-12-15 00:00:00
1671076800000,265.6,266.1,264.2,264.9,35696.64,2022-12-15 04:00:00
1671091200000,264.9,267.3,263.7,265.4,47693.11,2022-12-15 08:00:00
1671105600000,265.4,265.9,262.2,263.3,58651.712,2022-12-15 12:00:00
1671120000000,263.4,263.9,258.8,261.5,66528.621,2022-12-15 16:00:00
1671134400000,261.4,261.8,256.5,258.8,65197.364,2022-12-15 20:00:00
1671148800000,258.9,262.8,257.6,262.6,53222.752,2022-12-16 00:00:00
1671163200000,262.6,264.7,260.5,263.8,31886.705,2022-12-16 04:00:00
1671177600000,263.8,263.9,246.4,251.4,207052.323,2022-12-16 08:00:00
1671192000000,251.4,251.9,246.0,247.3,110883.441,2022-12-16 12:00:00
1671206400000,247.2,247.4,240.6,244.2,178359.696,2022-12-16 16:00:00
1671220800000,244.2,246.6,224.7,231.2,295495.114,2022-12-16 20:00:00
1671235200000,231.2,234.5,220.0,229.2,264839.823,2022-12-17 00:00:00
1671249600000,229.2,239.5,227.5,236.2,137379.264,2022-12-17 04:00:00
1671264000000,236.2,241.7,234.2,237.1,147485.634,2022-12-17 08:00:00
1671278400000,237.1,240.0,236.2,236.5,93639.65,2022-12-17 12:00:00
1671292800000,236.4,237.8,234.9,235.6,58705.846,2022-12-17 16:00:00
1671307200000,235.7,245.0,235.0,242.1,86748.276,2022-12-17 20:00:00
1671321600000,242.1,249.0,239.5,246.5,80592.994,2022-12-18 00:00:00
1671336000000,246.5,254.6,245.1,247.2,168057.285,2022-12-18 04:00:00
1671350400000,247.3,248.8,243.9,246.8,76626.422,2022-12-18 08:00:00
1671364800000,246.8,247.9,244.8,245.0,38043.417,2022-12-18 12:00:00
1671379200000,245.0,251.5,244.6,249.6,91304.154,2022-12-18 16:00:00
1671393600000,249.6,253.9,248.1,251.0,71515.155,2022-12-18 20:00:00
1671408000000,251.1,253.3,245.7,247.2,77484.37,2022-12-19 00:00:00
1671422400000,247.2,248.5,245.3,246.0,55555.177,2022-12-19 04:00:00
1671436800000,246.1,249.0,245.7,247.8,40350.71,2022-12-19 08:00:00
1671451200000,247.9,252.1,246.4,246.8,86809.486,2022-12-19 12:00:00
1671465600000,246.9,247.5,240.7,242.2,81147.864,2022-12-19 16:00:00
1671480000000,242.2,244.9,236.8,240.4,67439.595,2022-12-19 20:00:00
1671494400000,240.3,248.7,239.1,247.8,91878.694,2022-12-20 00:00:00
1671508800000,247.8,251.1,247.2,248.1,46138.082,2022-12-20 04:00:00
1671523200000,248.1,249.7,246.9,249.5,44617.323,2022-12-20 08:00:00
1671537600000,249.5,253.5,247.7,251.1,72550.41,2022-12-20 12:00:00
1671552000000,251.2,251.6,248.2,250.6,39933.373,2022-12-20 16:00:00
1671566400000,250.7,252.6,249.5,251.4,25391.144,2022-12-20 20:00:00
1671580800000,251.4,251.5,248.2,248.7,37853.387,2022-12-21 00:00:00
1671595200000,248.8,249.4,247.0,248.0,32951.9,2022-12-21 04:00:00
1671609600000,248.0,249.9,247.3,249.5,30086.731,2022-12-21 08:00:00
1671624000000,249.4,249.9,247.6,249.1,39723.213,2022-12-21 12:00:00
1671638400000,249.2,249.2,245.3,246.3,25801.54,2022-12-21 16:00:00
1671652800000,246.3,247.7,245.2,246.2,28634.614,2022-12-21 20:00:00
1671667200000,246.2,248.3,245.8,248.0,40047.769,2022-12-22 00:00:00
1671681600000,248.0,248.3,244.7,246.3,25468.855,2022-12-22 04:00:00
1671696000000,246.3,247.3,245.1,245.8,32856.209,2022-12-22 08:00:00
1671710400000,245.8,246.1,240.1,240.9,73111.533,2022-12-22 12:00:00
1671724800000,240.9,243.1,240.4,243.1,31646.107,2022-12-22 16:00:00
1671739200000,243.1,246.5,242.5,245.8,42973.723,2022-12-22 20:00:00
1671753600000,245.9,248.7,244.9,247.0,36230.161,2022-12-23 00:00:00
1671768000000,247.1,247.5,245.7,246.6,31504.502,2022-12-23 04:00:00
1671782400000,246.7,246.8,245.2,245.9,20383.511,2022-12-23 08:00:00
1671796800000,245.9,247.3,243.7,245.4,59041.872,2022-12-23 12:00:00
1671811200000,245.3,246.5,245.0,246.3,12844.829,2022-12-23 16:00:00
1671825600000,246.3,246.4,245.6,246.2,15275.138,2022-12-23 20:00:00
1671840000000,246.2,246.3,244.9,245.9,14694.835,2022-12-24 00:00:00
1671854400000,245.9,245.9,244.7,245.4,20703.121,2022-12-24 04:00:00
1671868800000,245.4,245.4,243.4,244.0,16438.163,2022-12-24 08:00:00
1671883200000,243.9,244.8,243.8,244.4,20524.084,2022-12-24 12:00:00
1671897600000,244.4,245.2,244.1,244.5,14682.608,2022-12-24 16:00:00
1671912000000,244.5,244.9,244.1,244.5,9730.92,2022-12-24 20:00:00
1671926400000,244.6,245.8,244.3,245.3,11771.052,2022-12-25 00:00:00
1671940800000,245.3,245.3,244.4,245.1,9708.546,2022-12-25 04:00:00
1671955200000,245.1,245.2,244.4,244.7,13000.026,2022-12-25 08:00:00
1671969600000,244.8,245.4,241.5,243.2,44441.096,2022-12-25 12:00:00
1671984000000,243.2,243.6,241.5,242.7,23202.691,2022-12-25 16:00:00
1671998400000,242.7,243.8,241.4,243.2,22893.466,2022-12-25 20:00:00
1672012800000,243.2,244.9,242.3,244.5,28669.58,2022-12-26 00:00:00
1672027200000,244.5,244.8,243.1,243.3,13502.069,2022-12-26 04:00:00
1672041600000,243.2,243.9,242.5,243.3,18301.975,2022-12-26 08:00:00
1672056000000,243.2,243.5,242.0,242.4,20239.901,2022-12-26 12:00:00
1672070400000,242.4,243.2,242.0,242.7,15721.043,2022-12-26 16:00:00
1672084800000,242.7,244.5,242.2,244.3,20683.4,2022-12-26 20:00:00
1672099200000,244.3,246.1,242.9,243.3,24114.359,2022-12-27 00:00:00
1672113600000,243.4,244.0,242.9,243.3,24322.494,2022-12-27 04:00:00
1672128000000,243.4,244.0,242.2,243.9,24994.736,2022-12-27 08:00:00
1672142400000,243.8,248.9,242.1,245.1,71440.91,2022-12-27 12:00:00
1672156800000,245.2,246.3,243.7,246.2,33576.304,2022-12-27 16:00:00
1672171200000,246.2,247.0,245.0,246.7,18193.317,2022-12-27 20:00:00
1672185600000,246.7,247.4,244.4,244.8,40236.182,2022-12-28 00:00:00
1672200000000,244.8,245.2,241.5,243.4,38533.849,2022-12-28 04:00:00
1672214400000,243.4,244.1,242.8,243.7,23008.945,2022-12-28 08:00:00
1672228800000,243.7,245.4,242.1,242.3,47055.326,2022-12-28 12:00:00
1672243200000,242.4,245.0,242.0,243.3,26827.579,2022-12-28 16:00:00
1672257600000,243.3,244.6,242.0,244.5,32970.461,2022-12-28 20:00:00
1672272000000,244.6,245.9,243.3,245.1,34737.659,2022-12-29 00:00:00
1672286400000,245.2,245.8,244.3,244.7,18585.132,2022-12-29 04:00:00
1672300800000,244.7,246.9,244.2,245.9,25377.172,2022-12-29 08:00:00
1672315200000,246.0,246.4,245.3,246.1,32580.99,2022-12-29 12:00:00
1672329600000,246.1,246.9,245.4,246.0,25301.171,2022-12-29 16:00:00
1672344000000,246.0,246.9,244.6,246.3,25377.142,2022-12-29 20:00:00
1672358400000,246.3,246.7,244.9,245.5,17319.197,2022-12-30 00:00:00
1672372800000,245.5,245.8,242.7,243.5,27413.605,2022-12-30 04:00:00
1672387200000,243.4,244.6,243.2,243.3,20006.204,2022-12-30 08:00:00
1672401600000,243.3,245.9,243.0,245.4,32908.597,2022-12-30 12:00:00
1672416000000,245.4,245.6,244.3,244.6,16153.683,2022-12-30 16:00:00
1672430400000,244.7,246.3,244.6,245.8,14605.247,2022-12-30 20:00:00
1672444800000,245.8,246.0,245.2,245.4,11689.603,2022-12-31 00:00:00
1672459200000,245.4,245.9,244.8,245.6,21393.089,2022-12-31 04:00:00
1672473600000,245.6,246.4,245.2,245.5,21317.34,2022-12-31 08:00:00
1672488000000,245.6,248.0,245.0,247.1,47704.231,2022-12-31 12:00:00
1672502400000,247.0,247.3,246.2,246.9,14016.639,2022-12-31 16:00:00
1672516800000,247.0,247.5,245.9,246.3,18020.409,2022-12-31 20:00:00
1672531200000,246.3,246.7,245.1,245.3,14850.509,2023-01-01 00:00:00
1672545600000,245.3,245.3,243.5,244.0,30538.122,2023-01-01 04:00:00
1672560000000,244.1,244.6,243.4,244.4,14131.265,2023-01-01 08:00:00
1672574400000,244.4,244.8,244.0,244.6,14272.949,2023-01-01 12:00:00
1672588800000,244.6,245.7,244.4,245.3,15289.782,2023-01-01 16:00:00
1672603200000,245.3,245.9,243.5,244.4,20367.49,2023-01-01 20:00:00
1672617600000,244.5,244.6,240.7,243.9,44680.522,2023-01-02 00:00:00
1672632000000,243.9,247.0,243.0,246.4,39437.629,2023-01-02 04:00:00
1672646400000,246.4,247.9,246.2,246.8,33291.425,2023-01-02 08:00:00
1672660800000,246.8,247.6,246.0,247.0,22048.126,2023-01-02 12:00:00
1672675200000,247.0,247.2,246.1,246.6,14549.63,2023-01-02 16:00:00
1672689600000,246.7,247.8,245.2,245.2,19445.568,2023-01-02 20:00:00
1672704000000,245.3,246.2,244.5,245.8,15858.386,2023-01-03 00:00:00
1672718400000,245.9,247.0,245.2,246.3,15564.218,2023-01-03 04:00:00
1672732800000,246.2,246.6,245.3,245.6,25936.676,2023-01-03 08:00:00
1672747200000,245.6,246.4,244.4,245.5,29962.77,2023-01-03 12:00:00
1672761600000,245.5,246.0,244.5,245.4,17889.177,2023-01-03 16:00:00
1672776000000,245.3,246.3,245.2,246.1,9848.764,2023-01-03 20:00:00
1672790400000,246.2,258.9,245.6,257.1,132952.786,2023-01-04 00:00:00
1672804800000,257.2,257.4,253.8,255.3,38115.969,2023-01-04 04:00:00
1672819200000,255.2,256.3,254.0,254.8,34560.491,2023-01-04 08:00:00
1672833600000,254.9,257.4,254.1,257.0,37040.749,2023-01-04 12:00:00
1672848000000,257.1,261.0,256.0,257.8,96465.066,2023-01-04 16:00:00
1672862400000,257.8,259.5,255.0,258.9,30920.021,2023-01-04 20:00:00
1672876800000,258.9,259.1,256.9,257.9,21049.345,2023-01-05 00:00:00
1672891200000,257.9,259.2,256.5,257.5,21150.213,2023-01-05 04:00:00
1672905600000,257.6,257.8,255.6,257.1,26315.438,2023-01-05 08:00:00
1672920000000,257.1,258.4,255.2,256.8,38220.688,2023-01-05 12:00:00
1672934400000,256.9,258.3,256.0,257.8,19280.652,2023-01-05 16:00:00
1672948800000,257.7,258.1,255.8,256.7,19281.627,2023-01-05 20:00:00
1672963200000,256.7,258.8,256.1,257.7,31738.448,2023-01-06 00:00:00
1672977600000,257.8,258.1,255.3,256.4,23807.851,2023-01-06 04:00:00
1672992000000,256.4,257.4,255.4,256.4,30423.187,2023-01-06 08:00:00
1673006400000,256.4,259.7,254.2,259.1,56940.655,2023-01-06 12:00:00
1673020800000,259.0,260.4,258.0,260.0,32941.117,2023-01-06 16:00:00
1673035200000,260.1,260.7,258.6,259.9,23645.818,2023-01-06 20:00:00
1673049600000,259.9,263.9,259.4,262.1,38510.741,2023-01-07 00:00:00
1673064000000,262.2,262.3,260.5,261.1,16114.465,2023-01-07 04:00:00
1673078400000,261.1,261.4,260.7,260.9,12093.324,2023-01-07 08:00:00
1673092800000,260.8,261.2,259.8,261.0,19983.271,2023-01-07 12:00:00
1673107200000,261.0,261.9,260.6,261.7,14686.324,2023-01-07 16:00:00
1673121600000,261.7,261.8,260.8,261.3,13764.645,2023-01-07 20:00:00
1673136000000,261.3,261.9,260.1,261.0,18764.326,2023-01-08 00:00:00
1673150400000,261.0,261.3,260.5,260.9,12322.772,2023-01-08 04:00:00
1673164800000,261.0,261.6,260.6,261.0,14065.442,2023-01-08 08:00:00
1673179200000,261.0,267.7,260.8,267.0,61739.069,2023-01-08 12:00:00
1673193600000,267.0,268.8,263.8,267.4,45776.891,2023-01-08 16:00:00
1673208000000,267.5,276.5,267.1,274.9,84640.39,2023-01-08 20:00:00
1673222400000,274.9,281.0,273.6,278.7,122504.444,2023-01-09 00:00:00
1673236800000,278.7,279.8,277.5,277.7,43999.932,2023-01-09 04:00:00
1673251200000,277.7,280.3,276.6,278.3,51326.169,2023-01-09 08:00:00
1673265600000,278.3,282.7,276.7,280.3,67907.179,2023-01-09 12:00:00
1673280000000,280.4,283.5,276.6,276.8,78356.597,2023-01-09 16:00:00
1673294400000,276.7,277.1,271.3,272.6,73734.107,2023-01-09 20:00:00
1673308800000,272.6,276.3,270.2,273.8,54730.798,2023-01-10 00:00:00
1673323200000,273.8,275.2,273.0,274.4,26311.892,2023-01-10 04:00:00
1673337600000,274.5,276.9,274.1,275.0,42875.99,2023-01-10 08:00:00
1673352000000,275.0,276.6,273.5,275.9,52451.053,2023-01-10 12:00:00
1673366400000,275.9,276.4,274.3,276.2,37984.534,2023-01-10 16:00:00
1673380800000,276.3,278.8,276.0,277.1,45584.295,2023-01-10 20:00:00
1673395200000,277.2,278.0,274.1,275.0,38667.716,2023-01-11 00:00:00
1673409600000,274.9,278.0,274.2,277.8,35856.977,2023-01-11 04:00:00
1673424000000,277.7,278.7,277.0,277.8,26502.828,2023-01-11 08:00:00
1673438400000,277.9,279.1,276.3,276.8,45504.084,2023-01-11 12:00:00
1673452800000,276.8,279.9,275.6,279.8,45982.728,2023-01-11 16:00:00
1673467200000,279.8,287.7,278.8,284.8,73592.971,2023-01-11 20:00:00
1673481600000,284.9,288.2,284.0,286.9,80818.439,2023-01-12 00:00:00
1673496000000,286.9,287.3,284.3,285.1,34705.389,2023-01-12 04:00:00
1673510400000,285.1,285.1,281.9,283.3,40487.037,2023-01-12 08:00:00
1673524800000,283.4,286.4,278.5,281.6,110805.782,2023-01-12 12:00:00
1673539200000,281.6,288.0,280.9,286.1,82096.503,2023-01-12 16:00:00
1673553600000,286.2,288.6,285.6,287.7,42640.491,2023-01-12 20:00:00
1673568000000,287.8,290.3,285.7,289.0,43467.776,2023-01-13 00:00:00
1673582400000,289.1,291.7,287.5,287.9,47694.404,2023-01-13 04:00:00
1673596800000,288.0,288.4,285.8,287.2,40599.577,2023-01-13 08:00:00
1673611200000,287.2,289.2,284.9,288.8,46368.9,2023-01-13 12:00:00
1673625600000,288.7,289.1,286.1,288.7,37664.913,2023-01-13 16:00:00
1673640000000,288.7,296.0,288.1,293.7,97746.241,2023-01-13 20:00:00
1673654400000,293.7,310.0,293.1,307.5,247942.231,2023-01-14 00:00:00
1673668800000,307.5,314.3,305.2,310.8,137003.202,2023-01-14 04:00:00
1673683200000,310.9,314.4,299.2,303.8,175497.518,2023-01-14 08:00:00
1673697600000,303.8,308.0,301.4,304.2,89237.288,2023-01-14 12:00:00
1673712000000,304.2,305.2,302.2,303.5,33209.103,2023-01-14 16:00:00
1673726400000,303.6,306.3,302.9,305.1,23512.745,2023-01-14 20:00:00
1673740800000,305.2,306.1,295.2,298.7,75852.964,2023-01-15 00:00:00
1673755200000,298.8,299.2,294.3,297.4,36517.155,2023-01-15 04:00:00
1673769600000,297.4,298.0,291.8,297.9,58887.767,2023-01-15 08:00:00
1673784000000,297.8,303.6,296.3,302.7,50194.381,2023-01-15 12:00:00
1673798400000,302.7,303.7,298.3,301.1,47347.448,2023-01-15 16:00:00
1673812800000,301.0,303.0,300.2,302.2,19897.153,2023-01-15 20:00:00
1673827200000,302.2,308.1,300.1,304.3,82025.276,2023-01-16 00:00:00
1673841600000,304.3,306.5,302.3,303.0,38394.311,2023-01-16 04:00:00
1673856000000,303.0,303.3,296.0,298.2,73251.713,2023-01-16 08:00:00
1673870400000,298.1,301.0,293.1,298.0,67964.41,2023-01-16 12:00:00
1673884800000,297.9,302.5,296.8,300.9,56248.851,2023-01-16 16:00:00
1673899200000,301.0,302.1,298.4,299.0,33106.432,2023-01-16 20:00:00
1673913600000,299.0,301.4,294.9,300.1,51933.195,2023-01-17 00:00:00
1673928000000,300.1,301.3,298.0,301.0,35301.664,2023-01-17 04:00:00
1673942400000,301.1,303.0,299.7,302.8,47789.347,2023-01-17 08:00:00
1673956800000,302.7,305.8,300.1,302.5,81701.721,2023-01-17 12:00:00
1673971200000,302.5,303.6,301.0,302.9,35489.098,2023-01-17 16:00:00
1673985600000,303.0,303.4,299.1,299.4,27778.851,2023-01-17 20:00:00
1674000000000,299.4,305.3,298.5,303.0,55095.528,2023-01-18 00:00:00
1674014400000,303.0,303.9,301.1,301.5,24729.261,2023-01-18 04:00:00
1674028800000,301.5,301.7,299.1,301.1,27692.071,2023-01-18 08:00:00
1674043200000,301.1,305.1,288.7,294.5,117018.285,2023-01-18 12:00:00
1674057600000,294.5,296.9,281.1,293.0,335781.1,2023-01-18 16:00:00
1674072000000,293.0,293.4,286.3,286.7,60748.42,2023-01-18 20:00:00
1674086400000,286.7,290.8,286.2,289.9,43041.489,2023-01-19 00:00:00
1674100800000,289.9,291.6,289.4,290.4,24175.045,2023-01-19 04:00:00
1674115200000,290.4,292.0,288.8,289.3,30437.51,2023-01-19 08:00:00
1674129600000,289.4,291.2,286.1,290.0,59180.648,2023-01-19 12:00:00
1674144000000,290.1,294.2,289.5,294.0,33134.242,2023-01-19 16:00:00
1674158400000,294.0,295.5,292.9,294.6,25553.212,2023-01-19 20:00:00
1674172800000,294.6,296.5,293.3,294.7,29899.067,2023-01-20 00:00:00
1674187200000,294.8,295.7,286.6,288.1,79433.978,2023-01-20 04:00:00
1674201600000,288.1,289.0,287.1,287.1,31464.013,2023-01-20 08:00:00
1674216000000,287.1,290.2,286.8,289.6,52660.471,2023-01-20 12:00:00
1674230400000,289.5,294.8,289.0,294.5,70451.302,2023-01-20 16:00:00
1674244800000,294.5,305.4,294.4,305.1,159920.305,2023-01-20 20:00:00
1674259200000,305.1,306.3,300.1,302.2,121017.635,2023-01-21 00:00:00
1674273600000,302.2,305.8,301.9,304.8,47949.614,2023-01-21 04:00:00
1674288000000,304.8,309.9,299.7,303.3,160650.508,2023-01-21 08:00:00
1674302400000,303.3,305.8,301.3,301.9,76439.109,2023-01-21 12:00:00
1674316800000,301.9,305.0,301.7,304.2,54154.193,2023-01-21 16:00:00
1674331200000,304.3,304.7,298.4,299.0,47788.965,2023-01-21 20:00:00
1674345600000,299.1,301.9,298.5,300.4,42731.513,2023-01-22 00:00:00
1674360000000,300.4,302.6,300.0,302.3,27572.872,2023-01-22 04:00:00
1674374400000,302.2,303.5,301.3,302.6,34432.079,2023-01-22 08:00:00
1674388800000,302.7,307.4,300.7,303.4,85384.39,2023-01-22 12:00:00
1674403200000,303.4,311.4,302.0,303.8,124952.215,2023-01-22 16:00:00
1674417600000,303.8,304.0,298.6,303.0,73742.123,2023-01-22 20:00:00
1674432000000,303.1,307.8,302.9,303.8,58978.183,2023-01-23 00:00:00
1674446400000,303.9,306.3,302.8,303.6,30867.938,2023-01-23 04:00:00
1674460800000,303.5,306.6,303.0,306.4,40278.754,2023-01-23 08:00:00
1674475200000,306.5,306.9,300.8,303.6,92219.13,2023-01-23 12:00:00
1674489600000,303.7,306.4,302.6,304.6,54200.41,2023-01-23 16:00:00
1674504000000,304.7,306.7,304.3,305.1,25401.59,2023-01-23 20:00:00
1674518400000,305.2,323.5,303.1,322.0,219251.459,2023-01-24 00:00:00
1674532800000,321.9,322.7,317.6,318.1,84448.718,2023-01-24 04:00:00
1674547200000,318.0,318.3,312.3,314.2,84631.66,2023-01-24 08:00:00
1674561600000,314.2,316.4,311.1,316.0,74716.121,2023-01-24 12:00:00
1674576000000,316.1,316.4,308.2,310.8,58549.382,2023-01-24 16:00:00
1674590400000,310.9,311.0,299.2,300.3,108160.939,2023-01-24 20:00:00
1674604800000,300.3,302.3,293.4,300.2,124627.476,2023-01-25 00:00:00
1674619200000,300.3,303.8,299.9,303.2,38761.136,2023-01-25 04:00:00
1674633600000,303.3,304.3,298.9,300.5,37868.047,2023-01-25 08:00:00
1674648000000,300.5,304.2,297.1,300.2,75028.283,2023-01-25 12:00:00
1674662400000,300.2,302.5,299.2,302.3,34555.083,2023-01-25 16:00:00
1674676800000,302.4,314.0,302.3,306.9,136398.514,2023-01-25 20:00:00
1674691200000,306.9,309.5,305.5,305.7,81281.348,2023-01-26 00:00:00
1674705600000,305.8,309.1,304.8,305.9,50030.196,2023-01-26 04:00:00
1674720000000,306.0,306.7,302.6,304.3,37513.899,2023-01-26 08:00:00
1674734400000,304.3,309.3,303.3,303.7,88726.176,2023-01-26 12:00:00
1674748800000,303.8,305.9,301.6,305.6,48290.319,2023-01-26 16:00:00
1674763200000,305.6,307.1,303.5,304.7,36502.767,2023-01-26 20:00:00
1674777600000,304.8,305.6,298.8,302.6,59071.246,2023-01-27 00:00:00
1674792000000,302.7,306.1,302.2,305.9,35605.417,2023-01-27 04:00:00
1674806400000,305.8,306.2,304.2,305.0,35064.791,2023-01-27 08:00:00
1674820800000,304.9,305.8,301.7,303.8,55743.704,2023-01-27 12:00:00
1674835200000,303.9,309.0,303.8,308.9,37328.075,2023-01-27 16:00:00
1674849600000,309.0,310.5,305.3,308.0,48513.557,2023-01-27 20:00:00
1674864000000,308.0,310.4,306.6,308.3,37777.752,2023-01-28 00:00:00
1674878400000,308.3,313.6,307.2,308.4,55586.108,2023-01-28 04:00:00
1674892800000,308.4,309.2,306.3,307.5,32757.482,2023-01-28 08:00:00
1674907200000,307.4,307.6,303.6,306.2,55114.275,2023-01-28 12:00:00
1674921600000,306.2,307.5,305.3,306.6,23683.374,2023-01-28 16:00:00
1674936000000,306.6,306.8,304.2,306.1,24598.809,2023-01-28 20:00:00
1674950400000,306.2,311.3,304.8,307.9,87242.955,2023-01-29 00:00:00
1674964800000,307.9,308.9,307.4,308.6,18378.236,2023-01-29 04:00:00
1674979200000,308.6,318.0,308.6,316.8,131744.471,2023-01-29 08:00:00
1674993600000,316.9,320.2,313.7,318.4,89499.592,2023-01-29 12:00:00
1675008000000,318.3,320.5,316.0,319.2,61230.533,2023-01-29 16:00:00
1675022400000,319.2,319.3,315.8,317.2,42602.886,2023-01-29 20:00:00
1675036800000,317.1,320.8,314.1,315.7,68078.185,2023-01-30 00:00:00
1675051200000,315.6,316.4,312.2,312.6,38053.166,2023-01-30 04:00:00
1675065600000,312.5,313.5,304.4,306.8,130902.919,2023-01-30 08:00:00
1675080000000,306.8,311.3,305.3,308.8,68574.131,2023-01-30 12:00:00
1675094400000,308.9,310.4,302.0,305.2,69208.03,2023-01-30 16:00:00
1675108800000,305.2,307.2,302.4,307.2,38899.781,2023-01-30 20:00:00
1675123200000,307.2,311.9,305.3,311.9,53253.778,2023-01-31 00:00:00
1675137600000,311.8,314.4,309.8,311.8,65292.029,2023-01-31 04:00:00
1675152000000,311.9,312.8,308.2,309.8,33122.871,2023-01-31 08:00:00
1675166400000,309.8,313.7,309.6,312.6,53628.247,2023-01-31 12:00:00
1675180800000,312.7,314.0,311.4,313.8,30478.921,2023-01-31 16:00:00
1675195200000,313.9,313.9,308.4,312.0,42286.112,2023-01-31 20:00:00
1675209600000,312.1,314.7,311.5,312.6,34485.834,2023-02-01 00:00:00
1675224000000,312.6,312.9,306.3,307.7,49840.706,2023-02-01 04:00:00
1675238400000,307.8,308.5,305.6,308.1,40064.923,2023-02-01 08:00:00
1675252800000,308.2,310.7,306.4,307.1,57886.017,2023-02-01 12:00:00
1675267200000,307.0,315.0,306.5,314.5,106519.496,2023-02-01 16:00:00
1675281600000,314.5,319.4,313.2,317.0,102181.547,2023-02-01 20:00:00
1675296000000,317.1,327.8,316.3,327.6,134234.045,2023-02-02 00:00:00
1675310400000,327.6,334.4,326.1,328.7,163237.295,2023-02-02 04:00:00
1675324800000,328.7,330.7,327.9,330.0,52360.53,2023-02-02 08:00:00
1675339200000,330.0,332.1,324.9,328.3,92824.802,2023-02-02 12:00:00
1675353600000,328.2,332.6,327.2,328.1,70147.085,2023-02-02 16:00:00
1675368000000,328.2,330.9,321.7,323.5,74852.124,2023-02-02 20:00:00
1675382400000,323.5,327.3,318.3,321.3,98574.458,2023-02-03 00:00:00
1675396800000,321.3,324.4,320.7,322.6,38081.928,2023-02-03 04:00:00
1675411200000,322.7,329.4,321.0,329.2,58801.484,2023-02-03 08:00:00
1675425600000,329.2,335.5,326.1,331.5,271135.48,2023-02-03 12:00:00
1675440000000,331.6,334.0,329.8,329.9,69000.053,2023-02-03 16:00:00
1675454400000,329.9,332.5,328.3,332.2,43983.759,2023-02-03 20:00:00
1675468800000,332.3,334.1,328.9,329.3,41504.694,2023-02-04 00:00:00
1675483200000,329.2,329.7,327.0,328.5,39527.77,2023-02-04 04:00:00
1675497600000,328.5,330.3,327.6,329.2,29347.918,2023-02-04 08:00:00
1675512000000,329.3,332.6,328.4,331.1,42527.873,2023-02-04 12:00:00
1675526400000,331.2,333.2,330.0,330.3,35495.706,2023-02-04 16:00:00
1675540800000,330.3,332.0,329.3,330.4,23705.665,2023-02-04 20:00:00
1675555200000,330.4,334.4,328.6,329.5,54796.384,2023-02-05 00:00:00
1675569600000,329.5,333.3,328.7,332.0,38745.691,2023-02-05 04:00:00
1675584000000,332.0,337.8,331.9,332.5,78510.775,2023-02-05 08:00:00
1675598400000,332.5,333.3,324.1,326.7,132616.568,2023-02-05 12:00:00
1675612800000,326.6,328.2,324.0,326.9,60453.093,2023-02-05 16:00:00
1675627200000,326.9,328.5,324.7,327.8,31392.2,2023-02-05 20:00:00
1675641600000,327.8,330.1,324.3,325.3,53907.782,2023-02-06 00:00:00
1675656000000,325.4,327.0,320.7,326.9,56983.004,2023-02-06 04:00:00
1675670400000,326.8,328.0,324.7,327.6,37924.211,2023-02-06 08:00:00
1675684800000,327.6,330.1,325.9,330.0,45941.124,2023-02-06 12:00:00
1675699200000,330.0,331.5,327.7,328.9,57132.659,2023-02-06 16:00:00
1675713600000,329.0,329.5,323.9,324.3,39076.22,2023-02-06 20:00:00
1675728000000,324.4,327.6,323.2,326.6,34154.544,2023-02-07 00:00:00
1675742400000,326.7,329.1,326.3,329.1,36306.821,2023-02-07 04:00:00
1675756800000,329.0,331.8,327.8,330.0,46441.184,2023-02-07 08:00:00
1675771200000,329.9,330.6,327.3,327.8,40155.552,2023-02-07 12:00:00
1675785600000,327.8,332.8,326.0,330.6,69715.885,2023-02-07 16:00:00
1675800000000,330.6,333.7,329.8,333.0,39130.847,2023-02-07 20:00:00
1675814400000,333.1,335.8,331.3,331.7,43811.965,2023-02-08 00:00:00
1675828800000,331.8,332.2,330.6,331.8,30651.098,2023-02-08 04:00:00
1675843200000,331.8,331.9,329.1,331.6,36298.749,2023-02-08 08:00:00
1675857600000,331.7,332.6,326.8,327.3,70807.897,2023-02-08 12:00:00
1675872000000,327.4,329.2,323.6,326.6,73617.743,2023-02-08 16:00:00
1675886400000,326.7,328.6,325.1,328.2,31678.415,2023-02-08 20:00:00
1675900800000,328.2,329.3,316.6,319.6,146073.491,2023-02-09 00:00:00
1675915200000,319.7,322.6,317.2,322.2,74207.409,2023-02-09 04:00:00
1675929600000,322.2,323.9,320.0,320.7,48573.197,2023-02-09 08:00:00
1675944000000,320.6,322.6,318.1,318.8,79902.463,2023-02-09 12:00:00
1675958400000,318.8,319.4,308.1,311.5,101247.124,2023-02-09 16:00:00
1675972800000,311.5,311.5,302.0,306.2,114608.888,2023-02-09 20:00:00
1675987200000,306.2,307.9,305.0,306.7,56598.637,2023-02-10 00:00:00
1676001600000,306.7,308.0,302.5,307.8,54491.082,2023-02-10 04:00:00
1676016000000,307.8,309.2,305.5,306.5,51783.14,2023-02-10 08:00:00
1676030400000,306.4,308.4,304.0,306.0,54700.801,2023-02-10 12:00:00
1676044800000,306.1,308.7,304.9,308.5,44775.302,2023-02-10 16:00:00
1676059200000,308.6,308.8,304.3,305.8,33436.014,2023-02-10 20:00:00
1676073600000,305.9,308.7,305.1,308.1,34227.129,2023-02-11 00:00:00
1676088000000,308.1,308.6,306.7,308.2,25172.116,2023-02-11 04:00:00
1676102400000,308.2,308.9,307.1,308.5,20593.721,2023-02-11 08:00:00
1676116800000,308.5,310.2,308.2,309.1,30761.156,2023-02-11 12:00:00
1676131200000,309.1,309.4,307.0,308.5,22344.985,2023-02-11 16:00:00
1676145600000,308.6,311.4,308.0,310.4,21389.654,2023-02-11 20:00:00
1676160000000,310.5,310.7,307.6,307.6,17854.433,2023-02-12 00:00:00
1676174400000,307.7,307.7,306.0,307.0,24927.681,2023-02-12 04:00:00
1676188800000,307.0,309.5,306.9,308.7,22788.916,2023-02-12 08:00:00
1676203200000,308.7,313.1,307.7,312.9,46833.462,2023-02-12 12:00:00
1676217600000,312.8,321.0,312.8,319.1,111222.818,2023-02-12 16:00:00
1676232000000,319.1,320.3,311.6,312.6,67872.96,2023-02-12 20:00:00
1676246400000,312.6,313.5,306.6,311.9,81135.611,2023-02-13 00:00:00
1676260800000,312.0,315.7,305.0,307.3,104374.157,2023-02-13 04:00:00
1676275200000,307.4,307.4,288.4,292.6,472291.202,2023-02-13 08:00:00
1676289600000,292.5,294.8,286.2,286.8,177157.101,2023-02-13 12:00:00
1676304000000,286.9,289.6,282.8,288.9,173486.191,2023-02-13 16:00:00
1676318400000,288.9,294.8,288.1,294.3,57541.332,2023-02-13 20:00:00
1676332800000,294.3,294.4,289.8,290.8,86262.555,2023-02-14 00:00:00
1676347200000,290.9,293.9,290.5,293.7,35681.738,2023-02-14 04:00:00
1676361600000,293.8,294.7,290.7,292.7,45581.179,2023-02-14 08:00:00
1676376000000,292.8,301.7,291.0,297.5,240181.224,2023-02-14 12:00:00
1676390400000,297.5,298.7,295.2,298.1,58627.976,2023-02-14 16:00:00
1676404800000,298.2,298.4,295.6,296.2,28363.982,2023-02-14 20:00:00
1676419200000,296.2,297.3,294.0,296.7,44028.315,2023-02-15 00:00:00
1676433600000,296.8,298.3,296.1,297.0,45465.123,2023-02-15 04:00:00
1676448000000,297.0,301.7,296.4,301.6,60055.926,2023-02-15 08:00:00
1676462400000,301.7,305.6,301.6,303.2,106542.24,2023-02-15 12:00:00
1676476800000,303.2,307.8,301.0,307.4,69504.218,2023-02-15 16:00:00
1676491200000,307.3,317.7,306.8,317.4,140326.121,2023-02-15 20:00:00
1676505600000,317.5,327.8,316.3,321.5,215288.257,2023-02-16 00:00:00
1676520000000,321.5,325.5,318.4,319.8,98118.664,2023-02-16 04:00:00
1676534400000,319.8,323.5,318.2,319.3,95657.815,2023-02-16 08:00:00
1676548800000,319.4,324.7,314.8,324.6,105010.128,2023-02-16 12:00:00
1676563200000,324.7,326.5,318.2,319.4,133921.125,2023-02-16 16:00:00
1676577600000,319.5,319.7,303.9,304.4,210145.901,2023-02-16 20:00:00
1676592000000,304.4,310.0,302.8,309.6,104793.366,2023-02-17 00:00:00
1676606400000,309.7,310.5,306.0,308.3,63205.772,2023-02-17 04:00:00
1676620800000,308.3,311.0,307.7,309.7,42704.253,2023-02-17 08:00:00
1676635200000,309.7,313.4,307.9,310.2,81374.014,2023-02-17 12:00:00
1676649600000,310.1,315.5,307.1,314.8,80639.492,2023-02-17 16:00:00
1676664000000,314.9,317.5,309.5,313.0,136019.296,2023-02-17 20:00:00
1676678400000,313.0,315.9,312.9,315.1,47031.787,2023-02-18 00:00:00
1676692800000,315.1,319.2,314.6,316.6,69051.595,2023-02-18 04:00:00
1676707200000,316.7,317.0,313.2,314.8,42710.129,2023-02-18 08:00:00
1676721600000,314.8,317.5,314.3,316.5,33333.393,2023-02-18 12:00:00
1676736000000,316.5,317.2,314.6,315.0,64040.905,2023-02-18 16:00:00
1676750400000,315.1,317.0,313.9,316.5,26317.581,2023-02-18 20:00:00
1676764800000,316.6,318.9,314.4,315.1,67689.575,2023-02-19 00:00:00
1676779200000,315.2,316.5,314.0,314.3,40597.946,2023-02-19 04:00:00
1676793600000,314.4,315.8,313.9,315.7,36924.084,2023-02-19 08:00:00
1676808000000,315.7,318.4,315.4,316.8,70485.328,2023-02-19 12:00:00
1676822400000,316.7,318.4,310.9,312.7,80594.236,2023-02-19 16:00:00
1676836800000,312.7,313.8,310.3,311.5,39713.105,2023-02-19 20:00:00
1676851200000,311.5,316.8,308.0,316.4,79568.162,2023-02-20 00:00:00
1676865600000,316.5,317.2,315.2,316.9,49950.202,2023-02-20 04:00:00
1676880000000,316.9,319.8,315.2,318.1,165975.365,2023-02-20 08:00:00
1676894400000,318.1,318.6,316.1,317.1,82425.805,2023-02-20 12:00:00
1676908800000,317.2,317.4,312.8,314.7,95991.657,2023-02-20 16:00:00
1676923200000,314.8,315.8,313.1,315.4,40572.606,2023-02-20 20:00:00
1676937600000,315.5,317.3,314.2,315.5,76488.395,2023-02-21 00:00:00
1676952000000,315.5,316.7,314.4,316.2,28595.492,2023-02-21 04:00:00
1676966400000,316.3,317.4,311.3,311.7,92259.148,2023-02-21 08:00:00
1676980800000,311.7,314.6,311.0,312.9,78441.641,2023-02-21 12:00:00
1676995200000,313.0,314.1,311.0,313.2,41662.102,2023-02-21 16:00:00
1677009600000,313.2,314.3,309.3,311.5,67714.519,2023-02-21 20:00:00
1677024000000,311.5,311.9,305.1,308.9,85728.601,2023-02-22 00:00:00
1677038400000,308.9,309.0,305.4,307.5,46948.098,2023-02-22 04:00:00
1677052800000,307.5,308.3,304.0,307.9,49207.275,2023-02-22 08:00:00
1677067200000,308.0,309.4,303.2,304.6,97250.272,2023-02-22 12:00:00
1677081600000,304.6,308.7,303.6,307.8,51768.071,2023-02-22 16:00:00
1677096000000,307.8,312.9,306.7,312.4,37442.669,2023-02-22 20:00:00
1677110400000,312.5,315.3,310.5,313.1,50859.977,2023-02-23 00:00:00
1677124800000,313.1,314.4,312.0,312.9,28516.607,2023-02-23 04:00:00
1677139200000,312.8,313.4,306.0,307.0,52733.492,2023-02-23 08:00:00
1677153600000,307.0,311.3,305.8,309.2,46551.866,2023-02-23 12:00:00
1677168000000,309.1,309.6,306.4,309.2,61044.511,2023-02-23 16:00:00
1677182400000,309.2,310.1,306.4,308.3,60934.788,2023-02-23 20:00:00
1677196800000,308.3,311.0,307.5,309.5,37637.848,2023-02-24 00:00:00
1677211200000,309.5,311.2,308.7,310.8,28049.944,2023-02-24 04:00:00
1677225600000,310.8,312.1,308.1,310.3,38563.62,2023-02-24 08:00:00
1677240000000,310.3,311.4,303.4,303.7,84391.356,2023-02-24 12:00:00
1677254400000,303.8,304.3,298.6,302.4,102379.069,2023-02-24 16:00:00
1677268800000,302.4,304.1,299.4,302.3,37704.563,2023-02-24 20:00:00
1677283200000,302.3,303.0,300.1,300.5,24993.175,2023-02-25 00:00:00
1677297600000,300.5,301.9,299.8,301.7,20298.93,2023-02-25 04:00:00
1677312000000,301.8,302.4,299.8,300.6,20655.623,2023-02-25 08:00:00
1677326400000,300.5,302.0,298.6,301.5,26487.023,2023-02-25 12:00:00
1677340800000,301.5,302.7,299.0,300.5,31847.476,2023-02-25 16:00:00
1677355200000,300.4,302.5,295.5,302.4,54256.181,2023-02-25 20:00:00
1677369600000,302.5,303.7,300.7,303.3,23093.943,2023-02-26 00:00:00
1677384000000,303.3,303.6,302.0,303.0,14796.79,2023-02-26 04:00:00
1677398400000,303.1,303.8,302.4,303.4,18710.107,2023-02-26 08:00:00
1677412800000,303.4,304.4,302.5,304.4,26932.16,2023-02-26 12:00:00
1677427200000,304.4,308.8,303.9,308.6,34926.62,2023-02-26 16:00:00
1677441600000,308.7,309.8,307.0,308.7,32959.546,2023-02-26 20:00:00
1677456000000,308.7,309.4,307.5,308.1,25466.367,2023-02-27 00:00:00
1677470400000,308.1,308.3,305.1,305.2,28134.875,2023-02-27 04:00:00
1677484800000,305.3,305.5,303.6,305.1,32494.708,2023-02-27 08:00:00
1677499200000,305.1,308.1,303.7,304.9,54875.091,2023-02-27 12:00:00
1677513600000,305.0,305.1,300.5,303.1,64065.144,2023-02-27 16:00:00
1677528000000,303.1,305.1,301.5,304.6,29369.636,2023-02-27 20:00:00
1677542400000,304.7,305.7,303.5,305.1,22505.334,2023-02-28 00:00:00
1677556800000,305.1,305.3,301.6,301.7,27334.871,2023-02-28 04:00:00
1677571200000,301.8,302.6,301.0,302.3,32131.767,2023-02-28 08:00:00
1677585600000,302.3,304.7,302.2,304.5,36293.668,2023-02-28 12:00:00
1677600000000,304.5,305.0,301.5,302.0,28924.225,2023-02-28 16:00:00
1677614400000,302.1,303.0,300.0,301.4,39459.327,2023-02-28 20:00:00
1677628800000,301.5,304.2,300.5,304.2,29587.909,2023-03-01 00:00:00
1677643200000,304.2,306.4,303.4,303.5,37569.217,2023-03-01 04:00:00
1677657600000,303.6,305.4,302.8,303.4,37676.036,2023-03-01 08:00:00
1677672000000,303.4,304.5,302.1,303.4,39627.394,2023-03-01 12:00:00
1677686400000,303.3,303.4,300.6,300.9,31426.227,2023-03-01 16:00:00
1677700800000,300.9,303.0,300.6,302.7,24997.11,2023-03-01 20:00:00
1677715200000,302.6,303.8,298.0,299.9,39532.978,2023-03-02 00:00:00
1677729600000,299.9,300.5,298.3,299.1,25791.286,2023-03-02 04:00:00
1677744000000,299.2,299.2,296.7,299.0,33096.722,2023-03-02 08:00:00
1677758400000,298.9,299.7,295.8,297.8,46090.596,2023-03-02 12:00:00
1677772800000,297.9,300.7,296.4,300.5,32503.463,2023-03-02 16:00:00
1677787200000,300.6,300.8,299.4,299.8,23949.797,2023-03-02 20:00:00
1677801600000,299.8,300.0,286.6,290.2,110925.96,2023-03-03 00:00:00
1677816000000,290.2,291.9,289.3,291.0,43760.787,2023-03-03 04:00:00
1677830400000,291.0,291.9,289.3,289.7,37597.204,2023-03-03 08:00:00
1677844800000,289.7,290.3,287.4,289.0,35042.718,2023-03-03 12:00:00
1677859200000,289.0,290.2,288.3,289.6,20737.266,2023-03-03 16:00:00
1677873600000,289.6,290.5,287.4,290.4,18563.629,2023-03-03 20:00:00
1677888000000,290.5,291.5,289.8,290.1,13587.046,2023-03-04 00:00:00
1677902400000,290.1,290.6,289.0,290.2,12395.713,2023-03-04 04:00:00
1677916800000,290.2,291.2,289.3,291.2,18810.426,2023-03-04 08:00:00
1677931200000,291.1,291.3,290.1,290.1,16352.13,2023-03-04 12:00:00
1677945600000,290.2,290.8,288.5,288.6,23499.839,2023-03-04 16:00:00
1677960000000,288.6,289.6,285.8,289.6,43201.711,2023-03-04 20:00:00
1677974400000,289.6,292.8,288.0,290.5,36943.616,2023-03-05 00:00:00
1677988800000,290.5,291.5,290.0,290.5,13690.472,2023-03-05 04:00:00
1678003200000,290.4,291.4,289.8,291.2,16625.204,2023-03-05 08:00:00
1678017600000,291.1,291.9,290.8,291.0,20539.73,2023-03-05 12:00:00
1678032000000,290.9,291.3,289.3,289.5,18140.803,2023-03-05 16:00:00
1678046400000,289.4,290.8,287.4,288.7,22516.734,2023-03-05 20:00:00
1678060800000,288.8,289.7,285.0,286.9,44888.13,2023-03-06 00:00:00
1678075200000,286.9,287.3,285.0,285.1,25049.504,2023-03-06 04:00:00
1678089600000,285.2,285.5,283.7,284.2,38089.045,2023-03-06 08:00:00
1678104000000,284.2,288.1,283.3,287.9,33136.238,2023-03-06 12:00:00
1678118400000,288.0,289.1,286.9,287.5,28346.931,2023-03-06 16:00:00
1678132800000,287.6,288.6,286.6,287.8,35710.909,2023-03-06 20:00:00
1678147200000,287.9,289.6,286.9,288.4,28101.217,2023-03-07 00:00:00
1678161600000,288.5,288.7,286.8,287.1,21385.787,2023-03-07 04:00:00
1678176000000,287.1,287.7,285.3,285.5,27090.027,2023-03-07 08:00:00
1678190400000,285.5,288.5,283.4,287.3,53981.312,2023-03-07 12:00:00
1678204800000,287.4,290.5,285.8,287.3,37516.922,2023-03-07 16:00:00
1678219200000,287.3,289.4,285.5,289.3,32536.092,2023-03-07 20:00:00
1678233600000,289.3,290.7,288.7,289.6,26267.515,2023-03-08 00:00:00
1678248000000,289.6,289.9,285.1,285.8,38697.119,2023-03-08 04:00:00
1678262400000,285.8,288.1,285.4,287.9,22075.951,2023-03-08 08:00:00
1678276800000,287.8,293.4,285.1,292.7,79573.79,2023-03-08 12:00:00
1678291200000,292.7,294.3,289.0,289.6,46448.665,2023-03-08 16:00:00
1678305600000,289.6,292.0,286.1,287.1,47875.334,2023-03-08 20:00:00
1678320000000,287.1,291.4,286.1,289.6,39087.497,2023-03-09 00:00:00
1678334400000,289.6,290.5,288.7,289.1,21353.729,2023-03-09 04:00:00
1678348800000,289.1,289.5,287.2,289.5,32639.338,2023-03-09 08:00:00
1678363200000,289.4,291.1,288.1,289.3,36314.761,2023-03-09 12:00:00
1678377600000,289.4,289.9,278.8,280.1,73587.061,2023-03-09 16:00:00
1678392000000,280.1,280.1,271.2,277.1,116014.465,2023-03-09 20:00:00
1678406400000,277.1,277.1,271.7,273.9,67446.491,2023-03-10 00:00:00
1678420800000,273.9,274.4,270.7,273.3,54678.486,2023-03-10 04:00:00
1678435200000,273.2,273.6,265.0,267.4,101615.145,2023-03-10 08:00:00
1678449600000,267.4,275.2,266.7,274.5,98532.491,2023-03-10 12:00:00
1678464000000,274.6,277.3,273.6,277.0,45577.772,2023-03-10 16:00:00
1678478400000,276.9,278.1,274.7,277.4,36442.587,2023-03-10 20:00:00
1678492800000,277.5,281.8,277.0,278.9,90613.5,2023-03-11 00:00:00
1678507200000,279.0,279.9,271.9,272.1,83869.143,2023-03-11 04:00:00
1678521600000,272.2,277.0,271.2,274.9,69954.415,2023-03-11 08:00:00
1678536000000,274.9,276.2,271.8,272.2,40660.254,2023-03-11 12:00:00
1678550400000,272.3,273.7,270.5,272.5,51264.181,2023-03-11 16:00:00
1678564800000,272.5,276.1,272.1,276.0,33988.714,2023-03-11 20:00:00
1678579200000,276.0,278.1,274.1,276.6,33902.341,2023-03-12 00:00:00
1678593600000,276.6,278.2,275.2,275.8,29536.876,2023-03-12 04:00:00
1678608000000,275.8,276.6,274.9,276.3,26147.922,2023-03-12 08:00:00
1678622400000,276.3,276.4,273.4,273.8,35907.275,2023-03-12 12:00:00
1678636800000,273.7,282.5,273.2,277.8,93801.081,2023-03-12 16:00:00
1678651200000,277.8,288.8,277.5,288.1,96947.622,2023-03-12 20:00:00
1678665600000,288.1,292.0,286.1,286.7,86106.402,2023-03-13 00:00:00
1678680000000,286.7,309.0,286.1,304.8,359197.178,2023-03-13 04:00:00
1678694400000,304.8,306.5,293.4,296.9,141936.539,2023-03-13 08:00:00
1678708800000,296.8,314.1,294.2,308.8,263073.516,2023-03-13 12:00:00
1678723200000,308.8,310.4,305.9,306.8,97568.811,2023-03-13 16:00:00
1678737600000,306.8,309.8,305.4,307.9,43870.018,2023-03-13 20:00:00
1678752000000,307.9,308.4,305.2,306.2,55589.159,2023-03-14 00:00:00
1678766400000,306.2,308.2,303.6,304.1,55233.031,2023-03-14 04:00:00
1678780800000,304.2,307.5,302.0,306.1,57305.301,2023-03-14 08:00:00
1678795200000,306.2,319.5,303.6,317.5,299814.811,2023-03-14 12:00:00
1678809600000,317.6,318.1,306.2,311.0,146286.042,2023-03-14 16:00:00
1678824000000,311.1,312.1,304.4,308.4,89473.864,2023-03-14 20:00:00
1678838400000,308.5,311.4,306.1,309.8,47279.221,2023-03-15 00:00:00
1678852800000,309.8,312.7,308.8,312.5,38946.459,2023-03-15 04:00:00
1678867200000,312.4,312.5,303.8,308.0,69861.361,2023-03-15 08:00:00
1678881600000,308.0,311.5,304.3,305.1,124365.642,2023-03-15 12:00:00
1678896000000,305.2,306.7,300.0,305.6,101143.478,2023-03-15 16:00:00
1678910400000,305.7,307.9,304.8,306.3,31655.612,2023-03-15 20:00:00
1678924800000,306.3,313.5,302.8,309.8,93037.619,2023-03-16 00:00:00
1678939200000,309.8,321.9,308.2,321.3,170862.253,2023-03-16 04:00:00
1678953600000,321.2,321.7,314.2,315.7,161593.531,2023-03-16 08:00:00
1678968000000,315.8,328.4,307.8,326.8,520419.8,2023-03-16 12:00:00
1678982400000,326.8,330.8,325.0,329.6,196316.28,2023-03-16 16:00:00
1678996800000,329.7,332.8,326.7,329.4,109074.407,2023-03-16 20:00:00
1679011200000,329.4,333.3,325.0,331.4,158164.316,2023-03-17 00:00:00
1679025600000,331.5,333.4,329.3,329.7,95754.319,2023-03-17 04:00:00
1679040000000,329.7,336.7,329.7,334.6,152119.42,2023-03-17 08:00:00
1679054400000,334.6,335.3,328.6,331.2,137003.844,2023-03-17 12:00:00
1679068800000,331.2,335.6,330.2,335.3,71890.157,2023-03-17 16:00:00
1679083200000,335.3,340.0,333.2,338.9,111805.412,2023-03-17 20:00:00
1679097600000,339.0,345.1,338.0,343.6,136824.971,2023-03-18 00:00:00
1679112000000,343.6,346.3,342.3,344.3,64512.044,2023-03-18 04:00:00
1679126400000,344.3,344.3,340.3,343.4,61509.838,2023-03-18 08:00:00
1679140800000,343.4,344.3,330.0,332.5,212413.787,2023-03-18 12:00:00
1679155200000,332.5,337.8,328.0,336.2,125852.616,2023-03-18 16:00:00
1679169600000,336.3,338.4,330.0,331.0,61585.255,2023-03-18 20:00:00
1679184000000,331.1,336.3,330.3,333.7,53759.395,2023-03-19 00:00:00
1679198400000,333.8,335.8,331.9,335.8,43373.372,2023-03-19 04:00:00
1679212800000,335.8,337.7,333.2,337.1,48202.186,2023-03-19 08:00:00
1679227200000,337.2,341.7,337.1,339.4,80713.847,2023-03-19 12:00:00
1679241600000,339.4,341.0,335.1,339.7,107539.69,2023-03-19 16:00:00
1679256000000,339.7,340.8,335.1,336.7,68384.129,2023-03-19 20:00:00
1679270400000,336.7,337.5,332.3,333.3,76965.072,2023-03-20 00:00:00
1679284800000,333.3,335.8,331.6,334.7,79407.639,2023-03-20 04:00:00
1679299200000,334.7,338.9,334.2,337.2,91534.313,2023-03-20 08:00:00
1679313600000,337.3,339.0,335.0,337.5,79801.632,2023-03-20 12:00:00
1679328000000,337.5,339.1,334.3,336.0,91825.237,2023-03-20 16:00:00
1679342400000,336.0,337.0,331.3,332.5,91970.629,2023-03-20 20:00:00
1679356800000,332.5,336.1,331.6,334.9,58215.565,2023-03-21 00:00:00
1679371200000,334.9,335.8,327.1,328.7,78044.791,2023-03-21 04:00:00
1679385600000,328.7,335.0,327.6,334.9,80445.272,2023-03-21 08:00:00
1679400000000,334.8,338.1,334.2,337.7,106582.646,2023-03-21 12:00:00
1679414400000,337.8,339.9,335.0,337.9,87921.494,2023-03-21 16:00:00
1679428800000,337.9,338.7,334.3,334.4,66233.921,2023-03-21 20:00:00
1679443200000,334.5,336.2,331.4,335.2,94952.161,2023-03-22 00:00:00
1679457600000,335.3,339.5,335.1,336.8,162287.165,2023-03-22 04:00:00
1679472000000,336.8,338.1,323.5,324.1,424415.104,2023-03-22 08:00:00
1679486400000,324.2,330.8,321.8,327.8,236954.048,2023-03-22 12:00:00
1679500800000,327.8,330.7,316.4,316.9,280060.348,2023-03-22 16:00:00
1679515200000,316.9,323.1,316.0,321.1,87546.951,2023-03-22 20:00:00
1679529600000,321.2,322.3,318.9,320.5,52926.498,2023-03-23 00:00:00
1679544000000,320.6,324.3,320.4,324.0,45010.01,2023-03-23 04:00:00
1679558400000,324.0,326.2,323.1,325.3,48617.177,2023-03-23 08:00:00
1679572800000,325.3,331.5,321.1,330.6,118581.619,2023-03-23 12:00:00
1679587200000,330.7,332.1,325.5,329.9,81991.85,2023-03-23 16:00:00
1679601600000,329.8,330.0,327.7,329.4,35967.437,2023-03-23 20:00:00
1679616000000,329.4,330.0,327.0,327.2,32749.488,2023-03-24 00:00:00
1679630400000,327.2,327.6,324.8,324.9,51298.294,2023-03-24 04:00:00
1679644800000,324.8,325.1,321.6,323.8,57413.137,2023-03-24 08:00:00
1679659200000,323.7,324.4,319.5,321.0,64610.747,2023-03-24 12:00:00
1679673600000,321.0,322.4,316.9,322.1,58005.047,2023-03-24 16:00:00
1679688000000,322.2,323.0,318.4,322.1,42953.289,2023-03-24 20:00:00
1679702400000,322.1,324.7,321.5,323.8,41515.412,2023-03-25 00:00:00
1679716800000,323.9,324.5,322.2,323.6,36471.663,2023-03-25 04:00:00
1679731200000,323.5,324.4,322.2,323.9,29018.454,2023-03-25 08:00:00
1679745600000,324.0,324.9,322.7,324.1,33204.264,2023-03-25 12:00:00
1679760000000,324.1,324.4,319.0,319.7,149922.936,2023-03-25 16:00:00
1679774400000,319.7,322.9,319.2,322.4,26985.603,2023-03-25 20:00:00
1679788800000,322.4,324.0,321.7,323.4,15543.215,2023-03-26 00:00:00
1679803200000,323.3,324.3,323.0,324.0,17519.9,2023-03-26 04:00:00
1679817600000,324.0,327.4,323.7,327.2,38921.672,2023-03-26 08:00:00
1679832000000,327.3,328.5,325.3,326.7,44078.656,2023-03-26 12:00:00
1679846400000,326.8,328.4,325.6,328.1,29224.633,2023-03-26 16:00:00
1679860800000,328.0,329.5,326.2,328.6,59412.117,2023-03-26 20:00:00
1679875200000,328.6,329.1,327.0,327.9,21877.858,2023-03-27 00:00:00
1679889600000,328.0,328.5,325.6,326.1,29270.793,2023-03-27 04:00:00
1679904000000,326.1,328.8,325.8,328.6,30627.839,2023-03-27 08:00:00
1679918400000,328.5,329.8,312.0,314.2,253038.335,2023-03-27 12:00:00
1679932800000,314.2,315.7,306.1,306.3,170369.899,2023-03-27 16:00:00
1679947200000,306.4,311.9,305.9,310.6,72854.831,2023-03-27 20:00:00
1679961600000,310.6,312.6,307.5,307.6,57932.343,2023-03-28 00:00:00
1679976000000,307.7,311.9,306.8,309.0,55161.112,2023-03-28 04:00:00
1679990400000,309.0,311.8,307.4,311.4,55552.52,2023-03-28 08:00:00
1680004800000,311.4,312.6,308.7,311.5,74113.843,2023-03-28 12:00:00
1680019200000,311.5,315.8,309.9,314.6,58195.711,2023-03-28 16:00:00
1680033600000,314.6,314.8,311.7,313.2,28442.895,2023-03-28 20:00:00
1680048000000,313.3,315.4,312.7,313.5,33407.875,2023-03-29 00:00:00
1680062400000,313.5,316.9,312.4,316.5,67934.579,2023-03-29 04:00:00
1680076800000,316.5,319.9,316.3,317.7,78562.027,2023-03-29 08:00:00
1680091200000,317.7,318.0,314.1,316.5,67477.346,2023-03-29 12:00:00
1680105600000,316.6,316.6,315.0,316.2,30589.765,2023-03-29 16:00:00
1680120000000,316.2,316.8,312.8,313.7,49310.634,2023-03-29 20:00:00
1680134400000,313.8,318.3,309.1,313.1,147891.175,2023-03-30 00:00:00
1680148800000,313.1,320.8,312.2,315.5,108163.131,2023-03-30 04:00:00
1680163200000,315.5,317.8,313.9,317.3,84244.098,2023-03-30 08:00:00
1680177600000,317.3,317.9,315.0,315.8,57151.353,2023-03-30 12:00:00
1680192000000,315.9,316.4,313.2,316.1,61024.756,2023-03-30 16:00:00
1680206400000,316.1,317.5,315.3,316.4,37682.225,2023-03-30 20:00:00
1680220800000,316.4,318.2,315.6,316.6,32225.243,2023-03-31 00:00:00
1680235200000,316.6,316.9,311.8,313.9,45985.384,2023-03-31 04:00:00
1680249600000,313.9,317.3,313.7,316.0,47691.222,2023-03-31 08:00:00
1680264000000,315.9,319.8,315.0,316.5,78895.733,2023-03-31 12:00:00
1680278400000,316.5,317.9,316.3,316.6,26774.864,2023-03-31 16:00:00
1680292800000,316.7,317.8,315.3,316.9,34697.618,2023-03-31 20:00:00
1680307200000,317.0,319.0,315.0,315.1,46154.958,2023-04-01 00:00:00
1680321600000,315.0,316.4,313.9,314.2,39357.707,2023-04-01 04:00:00
1680336000000,314.3,315.2,314.2,314.4,23896.382,2023-04-01 08:00:00
1680350400000,314.4,314.9,313.5,313.7,29439.805,2023-04-01 12:00:00
1680364800000,313.7,315.0,313.0,314.4,25440.98,2023-04-01 16:00:00
1680379200000,314.5,315.7,314.3,314.9,21614.351,2023-04-01 20:00:00
1680393600000,314.9,315.8,314.0,315.7,16772.718,2023-04-02 00:00:00
1680408000000,315.7,316.2,315.2,315.3,17232.514,2023-04-02 04:00:00
1680422400000,315.3,315.5,314.4,314.8,16543.828,2023-04-02 08:00:00
1680436800000,314.9,315.0,312.0,313.2,43240.267,2023-04-02 12:00:00
1680451200000,313.3,314.1,310.7,311.7,32664.599,2023-04-02 16:00:00
1680465600000,311.6,314.0,311.3,313.7,23351.741,2023-04-02 20:00:00
1680480000000,313.8,314.1,309.2,309.7,40856.294,2023-04-03 00:00:00
1680494400000,309.7,311.1,308.7,310.9,30070.967,2023-04-03 04:00:00
1680508800000,311.0,313.9,310.9,312.0,44662.91,2023-04-03 08:00:00
1680523200000,312.1,312.9,309.0,310.5,53112.148,2023-04-03 12:00:00
1680537600000,310.5,312.4,308.3,311.8,72558.261,2023-04-03 16:00:00
1680552000000,311.7,311.8,299.5,308.8,209716.393,2023-04-03 20:00:00
1680566400000,308.8,310.5,308.2,309.7,52452.251,2023-04-04 00:00:00
1680580800000,309.7,311.1,309.1,309.8,37536.431,2023-04-04 04:00:00
1680595200000,309.8,311.9,309.5,311.1,81046.356,2023-04-04 08:00:00
1680609600000,311.1,312.7,310.4,311.2,76527.348,2023-04-04 12:00:00
1680624000000,311.2,311.5,310.5,311.4,27838.022,2023-04-04 16:00:00
1680638400000,311.4,311.8,310.5,310.8,30580.067,2023-04-04 20:00:00
1680652800000,310.8,314.9,310.2,314.6,72750.501,2023-04-05 00:00:00
1680667200000,314.6,315.9,313.8,314.7,41835.705,2023-04-05 04:00:00
1680681600000,314.6,315.7,313.9,315.7,39338.415,2023-04-05 08:00:00
1680696000000,315.7,316.8,310.7,312.2,105614.087,2023-04-05 12:00:00
1680710400000,312.2,314.0,311.2,313.8,36732.277,2023-04-05 16:00:00
1680724800000,313.8,314.8,313.5,313.9,24079.378,2023-04-05 20:00:00
1680739200000,314.0,315.2,311.3,314.0,51023.738,2023-04-06 00:00:00
1680753600000,314.0,314.6,311.7,312.1,37294.559,2023-04-06 04:00:00
1680768000000,312.2,312.8,310.6,312.1,49727.616,2023-04-06 08:00:00
1680782400000,312.1,313.3,311.4,313.0,51591.494,2023-04-06 12:00:00
1680796800000,313.0,313.5,312.3,312.7,22584.243,2023-04-06 16:00:00
1680811200000,312.7,313.0,312.0,312.3,20425.497,2023-04-06 20:00:00
1680825600000,312.3,312.8,311.0,311.8,31788.883,2023-04-07 00:00:00
1680840000000,311.9,312.0,309.7,310.3,39920.748,2023-04-07 04:00:00
1680854400000,310.2,310.8,309.7,310.5,31641.331,2023-04-07 08:00:00
1680868800000,310.5,311.3,309.8,311.0,37076.764,2023-04-07 12:00:00
1680883200000,311.1,311.8,310.4,310.7,17092.951,2023-04-07 16:00:00
1680897600000,310.8,311.5,310.1,310.3,22342.685,2023-04-07 20:00:00
1680912000000,310.4,311.9,310.1,311.7,26485.213,2023-04-08 00:00:00
1680926400000,311.7,312.4,311.4,312.0,19891.431,2023-04-08 04:00:00
1680940800000,312.0,312.4,311.6,311.7,27301.251,2023-04-08 08:00:00
1680955200000,311.8,312.3,311.4,312.2,27882.021,2023-04-08 12:00:00
1680969600000,312.3,312.7,310.1,310.7,39527.859,2023-04-08 16:00:00
1680984000000,310.8,311.1,310.1,310.5,24285.169,2023-04-08 20:00:00
1680998400000,310.6,312.0,310.4,311.2,18913.456,2023-04-09 00:00:00
1681012800000,311.3,311.4,309.6,309.9,31424.005,2023-04-09 04:00:00
1681027200000,309.9,310.4,309.5,310.4,22144.364,2023-04-09 08:00:00
1681041600000,310.3,311.1,309.9,310.4,34337.058,2023-04-09 12:00:00
1681056000000,310.5,312.4,310.1,311.9,30419.744,2023-04-09 16:00:00
1681070400000,312.0,313.7,311.8,312.8,26710.098,2023-04-09 20:00:00
1681084800000,312.8,312.9,311.9,312.9,28960.801,2023-04-10 00:00:00
1681099200000,312.8,313.2,312.4,312.9,27924.518,2023-04-10 04:00:00
1681113600000,312.8,313.3,312.5,312.7,21443.151,2023-04-10 08:00:00
1681128000000,312.7,312.7,311.5,312.2,42863.587,2023-04-10 12:00:00
1681142400000,312.2,315.2,311.9,313.9,72220.576,2023-04-10 16:00:00
1681156800000,313.9,318.7,313.0,318.5,78126.607,2023-04-10 20:00:00
1681171200000,318.6,327.9,317.8,327.4,175679.67,2023-04-11 00:00:00
1681185600000,327.4,333.0,325.7,331.5,180722.589,2023-04-11 04:00:00
1681200000000,331.5,331.8,329.1,329.4,81347.059,2023-04-11 08:00:00
1681214400000,329.5,331.1,328.2,329.0,84864.397,2023-04-11 12:00:00
1681228800000,329.1,329.2,324.0,325.0,79174.041,2023-04-11 16:00:00
1681243200000,325.0,325.5,321.9,322.3,59329.916,2023-04-11 20:00:00
1681257600000,322.3,323.3,316.7,317.3,96358.353,2023-04-12 00:00:00
1681272000000,317.3,319.7,317.1,319.1,51332.916,2023-04-12 04:00:00
1681286400000,319.1,319.2,317.8,318.1,35763.956,2023-04-12 08:00:00
1681300800000,318.2,321.8,317.7,319.4,99494.171,2023-04-12 12:00:00
1681315200000,319.4,320.5,318.0,318.8,38690.675,2023-04-12 16:00:00
1681329600000,318.8,320.5,318.7,319.9,32576.653,2023-04-12 20:00:00
1681344000000,319.9,320.3,318.6,319.7,34975.137,2023-04-13 00:00:00
1681358400000,319.8,320.1,317.7,319.3,44471.553,2023-04-13 04:00:00
1681372800000,319.3,324.8,319.2,323.7,99265.512,2023-04-13 08:00:00
1681387200000,323.7,324.8,321.6,323.5,100841.076,2023-04-13 12:00:00
1681401600000,323.6,324.7,323.0,324.5,37006.843,2023-04-13 16:00:00
1681416000000,324.5,325.1,323.5,324.7,31591.824,2023-04-13 20:00:00
1681430400000,324.6,332.4,324.0,331.4,178440.259,2023-04-14 00:00:00
1681444800000,331.4,335.5,331.3,333.9,145353.762,2023-04-14 04:00:00
1681459200000,333.9,334.3,332.0,333.3,97215.95,2023-04-14 08:00:00
1681473600000,333.2,334.4,325.1,325.8,135398.102,2023-04-14 12:00:00
1681488000000,325.9,329.1,323.2,329.0,80261.645,2023-04-14 16:00:00
1681502400000,329.1,330.2,328.2,328.9,43285.343,2023-04-14 20:00:00
1681516800000,328.8,329.7,326.9,328.8,55439.13,2023-04-15 00:00:00
1681531200000,328.8,330.9,328.1,330.6,48919.07,2023-04-15 04:00:00
1681545600000,330.6,334.6,330.5,333.5,79322.24,2023-04-15 08:00:00
1681560000000,333.4,336.0,331.0,334.2,129682.878,2023-04-15 12:00:00
1681574400000,334.1,334.2,331.3,332.5,68013.031,2023-04-15 16:00:00
1681588800000,332.5,334.7,331.8,333.0,36934.794,2023-04-15 20:00:00
1681603200000,333.1,333.9,330.1,332.1,48100.734,2023-04-16 00:00:00
1681617600000,332.2,334.2,331.9,333.7,30970.484,2023-04-16 04:00:00
1681632000000,333.8,336.0,332.7,334.5,62286.148,2023-04-16 08:00:00
1681646400000,334.5,347.8,334.4,345.8,292696.431,2023-04-16 12:00:00
1681660800000,345.9,350.0,345.1,347.6,121192.265,2023-04-16 16:00:00
1681675200000,347.6,349.9,345.9,347.7,77352.715,2023-04-16 20:00:00
1681689600000,347.7,350.0,342.2,348.7,154743.167,2023-04-17 00:00:00
1681704000000,348.7,348.9,343.4,344.7,97674.836,2023-04-17 04:00:00
1681718400000,344.7,345.8,339.1,342.0,105990.238,2023-04-17 08:00:00
1681732800000,342.0,343.0,337.5,338.9,116151.908,2023-04-17 12:00:00
1681747200000,338.8,342.7,338.2,341.8,46974.188,2023-04-17 16:00:00
1681761600000,341.9,342.5,339.4,340.0,34822.131,2023-04-17 20:00:00
1681776000000,340.0,340.8,337.0,339.9,68706.422,2023-04-18 00:00:00
1681790400000,339.9,345.9,339.5,344.4,87109.296,2023-04-18 04:00:00
1681804800000,344.5,346.5,342.8,346.0,70019.131,2023-04-18 08:00:00
1681819200000,346.1,346.7,341.8,342.6,79937.468,2023-04-18 12:00:00
1681833600000,342.6,343.0,340.2,341.4,55395.875,2023-04-18 16:00:00
1681848000000,341.4,343.5,340.7,343.1,30509.245,2023-04-18 20:00:00
1681862400000,343.1,343.7,341.0,341.4,38090.999,2023-04-19 00:00:00
1681876800000,341.5,341.5,335.0,336.8,76792.628,2023-04-19 04:00:00
1681891200000,336.9,336.9,325.0,326.9,222839.034,2023-04-19 08:00:00
1681905600000,326.9,330.1,325.4,326.7,71010.679,2023-04-19 12:00:00
1681920000000,326.7,328.3,324.6,325.2,54415.73,2023-04-19 16:00:00
1681934400000,325.2,326.0,320.1,322.4,74295.012,2023-04-19 20:00:00
1681948800000,322.5,325.9,321.0,324.1,60168.01,2023-04-20 00:00:00
1681963200000,324.1,326.5,324.1,324.7,38066.86,2023-04-20 04:00:00
1681977600000,324.7,326.6,323.2,323.4,48952.854,2023-04-20 08:00:00
1681992000000,323.4,326.8,322.6,323.0,65066.467,2023-04-20 12:00:00
1682006400000,323.0,323.2,315.3,317.0,117608.867,2023-04-20 16:00:00
1682020800000,316.9,319.4,315.9,318.1,37590.875,2023-04-20 20:00:00
1682035200000,318.0,319.8,317.3,319.6,43025.424,2023-04-21 00:00:00
1682049600000,319.7,334.6,315.3,329.7,230073.42,2023-04-21 04:00:00
1682064000000,329.7,332.6,325.3,326.8,269901.101,2023-04-21 08:00:00
1682078400000,326.9,328.9,325.1,327.6,102197.132,2023-04-21 12:00:00
1682092800000,327.6,327.8,317.6,318.1,183281.424,2023-04-21 16:00:00
1682107200000,318.1,322.7,316.9,321.2,82295.393,2023-04-21 20:00:00
1682121600000,321.3,322.8,319.9,322.7,53437.699,2023-04-22 00:00:00
1682136000000,322.7,324.1,321.9,322.3,44627.152,2023-04-22 04:00:00
1682150400000,322.3,326.1,322.2,325.9,53518.023,2023-04-22 08:00:00
1682164800000,325.9,330.3,325.9,327.9,104612.443,2023-04-22 12:00:00
1682179200000,327.9,331.4,327.9,329.7,66703.891,2023-04-22 16:00:00
1682193600000,329.7,333.1,329.6,332.2,58982.824,2023-04-22 20:00:00
1682208000000,332.2,332.5,329.0,330.4,64816.895,2023-04-23 00:00:00
1682222400000,330.5,331.5,329.2,330.7,53570.65,2023-04-23 04:00:00
1682236800000,330.8,331.8,329.8,331.1,57804.467,2023-04-23 08:00:00
1682251200000,331.0,332.1,327.6,328.6,95679.071,2023-04-23 12:00:00
1682265600000,328.7,330.8,327.4,328.4,70672.563,2023-04-23 16:00:00
1682280000000,328.4,330.9,327.4,330.7,42078.508,2023-04-23 20:00:00
1682294400000,330.6,333.8,329.4,332.0,76140.855,2023-04-24 00:00:00
1682308800000,331.9,332.7,328.2,329.4,66552.998,2023-04-24 04:00:00
1682323200000,329.4,331.4,327.8,331.3,60206.817,2023-04-24 08:00:00
1682337600000,331.2,334.0,329.6,329.7,114452.849,2023-04-24 12:00:00
1682352000000,329.8,332.2,327.7,332.0,85211.663,2023-04-24 16:00:00
1682366400000,332.0,332.6,330.9,331.2,40210.112,2023-04-24 20:00:00
1682380800000,331.2,332.4,330.1,330.7,55076.331,2023-04-25 00:00:00
1682395200000,330.7,332.1,328.6,329.2,66086.545,2023-04-25 04:00:00
1682409600000,329.2,331.3,328.7,330.8,68391.564,2023-04-25 08:00:00
1682424000000,330.8,332.7,328.7,332.4,74417.916,2023-04-25 12:00:00
1682438400000,332.4,333.7,331.5,332.9,69019.91,2023-04-25 16:00:00
1682452800000,333.0,340.0,332.9,338.4,103712.617,2023-04-25 20:00:00
1682467200000,338.4,339.8,337.3,338.3,65762.816,2023-04-26 00:00:00
1682481600000,338.3,339.7,336.0,336.4,59094.584,2023-04-26 04:00:00
1682496000000,336.5,339.7,336.4,338.1,84220.391,2023-04-26 08:00:00
1682510400000,338.2,345.0,338.1,342.2,158280.499,2023-04-26 12:00:00
1682524800000,342.2,342.8,328.0,328.2,138422.86,2023-04-26 16:00:00
1682539200000,328.2,331.7,321.5,330.6,173770.434,2023-04-26 20:00:00
1682553600000,330.6,336.6,329.9,332.0,123426.53,2023-04-27 00:00:00
1682568000000,332.0,334.6,329.5,330.9,66571.175,2023-04-27 04:00:00
1682582400000,330.9,331.7,330.0,330.2,50914.593,2023-04-27 08:00:00
1682596800000,330.3,333.7,328.2,331.8,101171.597,2023-04-27 12:00:00
1682611200000,331.8,336.2,331.0,335.0,78619.728,2023-04-27 16:00:00
1682625600000,335.0,335.8,330.5,330.9,62147.334,2023-04-27 20:00:00
1682640000000,330.9,330.9,325.8,327.0,129392.043,2023-04-28 00:00:00
1682654400000,327.0,328.0,324.1,325.6,172017.231,2023-04-28 04:00:00
1682668800000,325.7,326.7,318.7,322.1,387090.6,2023-04-28 08:00:00
1682683200000,322.2,324.6,320.2,321.2,224152.173,2023-04-28 12:00:00
1682697600000,321.3,323.8,321.2,323.4,44902.987,2023-04-28 16:00:00
1682712000000,323.3,324.9,323.3,324.1,33655.122,2023-04-28 20:00:00
1682726400000,324.1,325.0,321.7,324.0,50808.378,2023-04-29 00:00:00
1682740800000,324.1,324.8,322.0,323.4,46620.397,2023-04-29 04:00:00
1682755200000,323.3,323.7,321.9,322.6,37766.198,2023-04-29 08:00:00
1682769600000,322.6,324.0,322.1,322.8,32622.44,2023-04-29 12:00:00
1682784000000,322.8,323.4,320.6,322.9,39640.136,2023-04-29 16:00:00
1682798400000,322.9,322.9,321.4,321.9,19031.14,2023-04-29 20:00:00
1682812800000,321.9,321.9,320.4,320.7,22068.977,2023-04-30 00:00:00
1682827200000,320.7,322.5,320.4,321.6,20921.628,2023-04-30 04:00:00
1682841600000,321.5,322.6,321.5,321.7,19565.429,2023-04-30 08:00:00
1682856000000,321.7,325.5,321.3,324.2,56250.585,2023-04-30 12:00:00
1682870400000,324.2,338.0,324.1,336.0,388200.152,2023-04-30 16:00:00
1682884800000,335.9,338.3,332.7,337.5,204713.955,2023-04-30 20:00:00
1682899200000,337.5,339.6,332.8,334.5,221989.781,2023-05-01 00:00:00
1682913600000,334.4,336.3,331.4,333.9,115763.486,2023-05-01 04:00:00
1682928000000,333.9,335.9,333.5,335.0,88961.615,2023-05-01 08:00:00
1682942400000,335.0,336.0,330.0,330.5,120141.847,2023-05-01 12:00:00
1682956800000,330.5,331.5,326.1,326.9,114059.526,2023-05-01 16:00:00
1682971200000,326.9,329.4,326.3,328.5,58488.657,2023-05-01 20:00:00
1682985600000,328.4,328.5,325.2,325.8,60706.21,2023-05-02 00:00:00
1683000000000,325.7,325.8,322.9,323.6,66912.915,2023-05-02 04:00:00
1683014400000,323.6,325.2,323.4,324.8,47990.931,2023-05-02 08:00:00
1683028800000,324.8,325.9,322.0,324.8,106205.714,2023-05-02 12:00:00
1683043200000,324.8,326.3,324.0,325.3,54628.41,2023-05-02 16:00:00
1683057600000,325.3,325.6,321.4,321.5,101002.101,2023-05-02 20:00:00
1683072000000,321.4,324.9,321.3,324.3,138062.15,2023-05-03 00:00:00
1683086400000,324.2,324.3,322.2,323.0,100058.577,2023-05-03 04:00:00
1683100800000,323.1,323.9,321.7,322.0,68980.215,2023-05-03 08:00:00
1683115200000,322.0,323.2,320.4,322.9,132462.295,2023-05-03 12:00:00
1683129600000,322.9,325.6,322.0,323.2,91561.878,2023-05-03 16:00:00
1683144000000,323.3,327.6,322.8,325.9,77640.274,2023-05-03 20:00:00
1683158400000,325.9,327.5,325.0,326.2,40677.591,2023-05-04 00:00:00
1683172800000,326.2,327.0,325.4,325.4,25188.46,2023-05-04 04:00:00
1683187200000,325.5,327.5,325.3,325.9,36963.26,2023-05-04 08:00:00
1683201600000,326.0,326.7,324.0,324.7,49381.033,2023-05-04 12:00:00
1683216000000,324.8,325.5,323.4,324.1,27176.292,2023-05-04 16:00:00
1683230400000,324.1,324.5,323.2,323.8,15983.632,2023-05-04 20:00:00
1683244800000,323.9,326.8,323.8,325.2,30367.217,2023-05-05 00:00:00
1683259200000,325.2,326.1,324.2,324.4,25566.298,2023-05-05 04:00:00
1683273600000,324.4,325.7,324.2,325.5,30220.648,2023-05-05 08:00:00
1683288000000,325.4,327.3,322.8,327.0,69337.853,2023-05-05 12:00:00
1683302400000,327.0,329.1,326.6,327.8,69470.586,2023-05-05 16:00:00
1683316800000,327.9,328.1,324.2,326.5,59573.506,2023-05-05 20:00:00
1683331200000,326.6,328.5,325.0,325.6,45644.153,2023-05-06 00:00:00
1683345600000,325.6,326.2,324.7,325.1,39715.772,2023-05-06 04:00:00
1683360000000,325.1,325.2,323.4,325.1,42463.905,2023-05-06 08:00:00
1683374400000,325.1,325.2,319.5,320.4,90118.906,2023-05-06 12:00:00
1683388800000,320.3,323.8,319.9,323.1,38129.937,2023-05-06 16:00:00
1683403200000,323.1,323.5,321.7,321.9,19295.043,2023-05-06 20:00:00
1683417600000,322.0,323.7,321.2,322.6,34835.207,2023-05-07 00:00:00
1683432000000,322.7,324.0,322.6,324.0,27069.064,2023-05-07 04:00:00
1683446400000,324.0,324.3,322.9,323.4,26452.459,2023-05-07 08:00:00
1683460800000,323.4,325.4,323.3,324.4,39274.497,2023-05-07 12:00:00
1683475200000,324.5,324.8,322.9,323.6,28147.504,2023-05-07 16:00:00
1683489600000,323.7,324.1,320.4,321.0,47798.488,2023-05-07 20:00:00
1683504000000,321.0,322.1,316.2,318.5,91118.009,2023-05-08 00:00:00
1683518400000,318.6,318.9,315.5,316.6,52014.563,2023-05-08 04:00:00
1683532800000,316.7,317.9,314.1,317.6,58034.698,2023-05-08 08:00:00
1683547200000,317.7,318.1,315.8,317.8,48902.67,2023-05-08 12:00:00
1683561600000,317.9,318.3,311.1,311.7,95417.945,2023-05-08 16:00:00
1683576000000,311.8,313.9,311.1,313.8,33704.234,2023-05-08 20:00:00
1683590400000,313.8,315.4,313.2,314.2,29955.388,2023-05-09 00:00:00
1683604800000,314.2,315.5,312.6,315.4,38265.967,2023-05-09 04:00:00
1683619200000,315.5,315.8,313.2,314.5,59240.88,2023-05-09 08:00:00
1683633600000,314.6,315.2,312.0,312.3,51945.285,2023-05-09 12:00:00
1683648000000,312.3,314.4,311.4,312.8,52622.241,2023-05-09 16:00:00
1683662400000,312.8,313.3,311.2,312.1,28642.284,2023-05-09 20:00:00
1683676800000,312.2,314.0,312.0,312.6,31962.989,2023-05-10 00:00:00
1683691200000,312.6,313.8,311.1,311.8,31743.686,2023-05-10 04:00:00
1683705600000,311.8,311.9,310.3,311.8,42997.15,2023-05-10 08:00:00
1683720000000,311.8,316.7,311.1,314.9,90538.634,2023-05-10 12:00:00
1683734400000,315.0,315.8,308.0,314.6,112759.77,2023-05-10 16:00:00
1683748800000,314.6,316.7,313.2,314.3,50144.582,2023-05-10 20:00:00
1683763200000,314.3,314.5,312.0,312.1,34218.335,2023-05-11 00:00:00
1683777600000,312.2,312.5,310.7,311.1,40100.654,2023-05-11 04:00:00
1683792000000,311.1,312.4,309.5,312.0,35040.309,2023-05-11 08:00:00
1683806400000,312.0,313.6,308.0,309.6,72169.134,2023-05-11 12:00:00
1683820800000,309.6,310.1,304.4,306.2,80013.423,2023-05-11 16:00:00
1683835200000,306.2,308.3,305.8,307.5,30312.812,2023-05-11 20:00:00
1683849600000,307.5,309.1,304.0,304.4,40316.769,2023-05-12 00:00:00
1683864000000,304.4,306.5,301.2,304.0,83645.956,2023-05-12 04:00:00
1683878400000,304.0,306.0,303.1,305.3,43279.526,2023-05-12 08:00:00
1683892800000,305.3,307.0,304.7,305.3,47571.602,2023-05-12 12:00:00
1683907200000,305.2,306.4,301.5,306.4,61084.544,2023-05-12 16:00:00
1683921600000,306.3,308.7,305.2,308.5,51110.53,2023-05-12 20:00:00
1683936000000,308.6,310.4,307.5,309.9,33388.151,2023-05-13 00:00:00
1683950400000,309.9,310.5,309.4,310.1,22689.457,2023-05-13 04:00:00
1683964800000,310.2,310.8,309.7,310.7,23293.134,2023-05-13 08:00:00
1683979200000,310.7,311.2,308.8,309.8,30284.653,2023-05-13 12:00:00
1683993600000,309.8,310.8,309.0,309.9,21160.037,2023-05-13 16:00:00
1684008000000,309.9,311.8,309.8,310.7,20827.122,2023-05-13 20:00:00
1684022400000,310.8,311.5,309.5,311.3,23765.574,2023-05-14 00:00:00
1684036800000,311.3,313.3,311.2,313.0,28161.75,2023-05-14 04:00:00
1684051200000,313.0,313.0,311.6,312.0,21857.149,2023-05-14 08:00:00
1684065600000,312.0,314.8,311.6,313.9,62933.69,2023-05-14 12:00:00
1684080000000,313.9,314.3,310.9,311.2,42608.109,2023-05-14 16:00:00
1684094400000,311.3,312.1,310.8,312.1,13558.549,2023-05-14 20:00:00
1684108800000,312.1,314.5,310.5,314.0,42816.952,2023-05-15 00:00:00
1684123200000,314.0,315.9,313.5,315.6,30324.846,2023-05-15 04:00:00
1684137600000,315.6,316.0,314.9,314.9,22141.24,2023-05-15 08:00:00
1684152000000,315.0,316.0,313.6,315.0,52389.87,2023-05-15 12:00:00
1684166400000,315.1,316.3,313.2,313.9,37272.024,2023-05-15 16:00:00
1684180800000,313.9,314.3,313.2,313.4,17950.239,2023-05-15 20:00:00
1684195200000,313.4,314.0,310.8,312.7,34565.385,2023-05-16 00:00:00
1684209600000,312.7,313.2,311.6,313.0,21517.517,2023-05-16 04:00:00
1684224000000,313.0,313.4,310.5,310.6,36609.968,2023-05-16 08:00:00
1684238400000,310.6,311.0,309.3,310.8,43655.259,2023-05-16 12:00:00
1684252800000,310.9,311.7,310.0,310.2,27938.105,2023-05-16 16:00:00
1684267200000,310.3,312.0,309.8,311.4,18381.98,2023-05-16 20:00:00
1684281600000,311.4,313.0,310.9,312.2,29041.417,2023-05-17 00:00:00
1684296000000,312.3,312.6,309.1,309.7,35676.088,2023-05-17 04:00:00
1684310400000,309.6,310.1,307.7,308.0,33063.218,2023-05-17 08:00:00
1684324800000,308.1,309.4,307.0,308.9,36459.854,2023-05-17 12:00:00
1684339200000,309.0,314.1,308.6,313.7,55452.6,2023-05-17 16:00:00
1684353600000,313.7,314.4,312.9,314.3,31581.337,2023-05-17 20:00:00
1684368000000,314.3,314.8,313.3,314.4,18913.815,2023-05-18 00:00:00
1684382400000,314.3,314.5,312.0,313.1,33512.219,2023-05-18 04:00:00
1684396800000,313.1,314.9,312.5,314.2,39027.42,2023-05-18 08:00:00
1684411200000,314.1,314.3,311.1,311.4,39480.146,2023-05-18 12:00:00
1684425600000,311.4,311.5,306.1,308.0,75577.83,2023-05-18 16:00:00
1684440000000,308.0,310.6,307.5,309.3,30063.856,2023-05-18 20:00:00
1684454400000,309.3,309.4,307.5,309.2,28734.534,2023-05-19 00:00:00
1684468800000,309.3,310.4,308.6,309.8,24850.796,2023-05-19 04:00:00
1684483200000,309.9,310.4,308.8,309.0,33871.627,2023-05-19 08:00:00
1684497600000,309.1,311.5,308.4,309.6,57917.531,2023-05-19 12:00:00
1684512000000,309.7,309.9,308.0,308.3,27143.484,2023-05-19 16:00:00
1684526400000,308.3,309.1,307.8,308.9,19186.84,2023-05-19 20:00:00
1684540800000,308.9,309.1,307.8,308.6,14658.865,2023-05-20 00:00:00
1684555200000,308.6,308.6,307.8,308.2,10516.948,2023-05-20 04:00:00
1684569600000,308.2,309.4,308.1,309.2,15655.309,2023-05-20 08:00:00
1684584000000,309.2,310.0,308.9,310.0,21938.909,2023-05-20 12:00:00
1684598400000,310.0,312.0,309.7,311.1,28275.024,2023-05-20 16:00:00
1684612800000,311.1,311.4,309.8,310.6,13440.85,2023-05-20 20:00:00
1684627200000,310.7,311.6,310.1,310.4,19110.729,2023-05-21 00:00:00
1684641600000,310.5,311.4,310.2,311.3,17614.226,2023-05-21 04:00:00
1684656000000,311.3,311.6,309.1,309.3,29192.628,2023-05-21 08:00:00
1684670400000,309.3,310.3,308.6,309.2,25500.637,2023-05-21 12:00:00
1684684800000,309.3,309.6,308.4,308.6,18945.029,2023-05-21 16:00:00
1684699200000,308.7,308.8,305.7,306.4,32819.18,2023-05-21 20:00:00
1684713600000,306.4,307.1,304.4,305.6,35609.402,2023-05-22 00:00:00
1684728000000,305.7,307.7,305.6,307.4,22796.288,2023-05-22 04:00:00
1684742400000,307.5,309.1,307.3,308.6,29893.867,2023-05-22 08:00:00
1684756800000,308.6,311.1,308.0,309.5,60486.636,2023-05-22 12:00:00
1684771200000,309.6,311.1,309.5,310.1,49757.566,2023-05-22 16:00:00
1684785600000,310.1,310.5,309.0,309.0,23538.676,2023-05-22 20:00:00
1684800000000,309.1,315.3,309.0,314.8,66034.475,2023-05-23 00:00:00
1684814400000,314.8,315.4,312.5,313.5,43014.763,2023-05-23 04:00:00
1684828800000,313.5,314.1,312.9,313.9,28327.243,2023-05-23 08:00:00
1684843200000,313.9,314.7,312.5,314.4,37742.768,2023-05-23 12:00:00
1684857600000,314.5,314.6,312.1,312.7,28905.811,2023-05-23 16:00:00
1684872000000,312.8,313.7,312.6,313.5,21805.13,2023-05-23 20:00:00
1684886400000,313.5,313.6,308.0,308.9,53658.44,2023-05-24 00:00:00
1684900800000,309.0,309.2,307.5,307.8,49139.586,2023-05-24 04:00:00
1684915200000,307.8,309.1,307.7,308.8,32513.238,2023-05-24 08:00:00
1684929600000,308.8,309.1,303.6,306.1,88184.27,2023-05-24 12:00:00
1684944000000,306.2,306.2,304.9,305.4,32925.867,2023-05-24 16:00:00
1684958400000,305.5,306.7,305.2,306.0,36271.219,2023-05-24 20:00:00
1684972800000,305.9,306.4,302.2,304.3,86156.062,2023-05-25 00:00:00
1684987200000,304.4,306.3,303.9,304.5,41582.031,2023-05-25 04:00:00
1685001600000,304.6,305.8,304.3,305.6,28879.804,2023-05-25 08:00:00
1685016000000,305.6,306.9,303.4,304.0,64402.843,2023-05-25 12:00:00
1685030400000,304.0,305.9,303.3,305.0,42951.903,2023-05-25 16:00:00
1685044800000,305.1,305.6,304.1,304.5,23349.859,2023-05-25 20:00:00
1685059200000,304.6,304.7,302.2,303.2,55516.902,2023-05-26 00:00:00
1685073600000,303.3,307.2,301.4,305.7,144508.711,2023-05-26 04:00:00
1685088000000,305.7,307.2,305.1,306.4,63260.808,2023-05-26 08:00:00
1685102400000,306.4,308.5,305.4,307.5,71871.766,2023-05-26 12:00:00
1685116800000,307.6,307.6,305.5,307.0,47794.488,2023-05-26 16:00:00
1685131200000,307.1,307.6,306.6,306.8,15636.22,2023-05-26 20:00:00
1685145600000,306.9,307.5,306.2,307.0,22485.417,2023-05-27 00:00:00
1685160000000,307.1,307.5,306.1,306.2,31351.499,2023-05-27 04:00:00
1685174400000,306.3,306.3,305.0,305.2,24777.038,2023-05-27 08:00:00
1685188800000,305.2,305.5,304.0,304.8,24949.068,2023-05-27 12:00:00
1685203200000,304.9,305.2,304.1,305.1,20439.573,2023-05-27 16:00:00
1685217600000,305.2,307.7,305.1,307.4,20739.491,2023-05-27 20:00:00
1685232000000,307.4,309.6,306.7,308.8,45554.623,2023-05-28 00:00:00
1685246400000,308.9,309.3,307.6,307.9,26248.657,2023-05-28 04:00:00
1685260800000,308.0,308.7,307.0,307.7,36216.626,2023-05-28 08:00:00
1685275200000,307.7,308.2,307.2,308.1,32805.61,2023-05-28 12:00:00
1685289600000,308.1,310.2,307.8,309.2,43528.098,2023-05-28 16:00:00
1685304000000,309.3,314.6,308.9,314.1,72879.565,2023-05-28 20:00:00
1685318400000,314.2,316.3,314.1,314.7,87542.78,2023-05-29 00:00:00
1685332800000,314.8,315.9,313.4,314.4,68699.426,2023-05-29 04:00:00
1685347200000,314.5,317.3,313.2,315.1,79059.069,2023-05-29 08:00:00
1685361600000,315.2,316.9,313.0,313.1,113406.354,2023-05-29 12:00:00
1685376000000,313.2,313.7,311.1,311.7,66267.162,2023-05-29 16:00:00
1685390400000,311.7,312.3,310.4,311.6,46510.324,2023-05-29 20:00:00
1685404800000,311.7,313.2,310.9,312.5,53427.232,2023-05-30 00:00:00
1685419200000,312.6,313.1,311.3,312.0,54391.951,2023-05-30 04:00:00
1685433600000,311.9,314.2,311.6,313.8,72448.431,2023-05-30 08:00:00
1685448000000,313.9,313.9,311.0,311.8,54134.115,2023-05-30 12:00:00
1685462400000,311.8,313.1,310.8,312.8,30274.717,2023-05-30 16:00:00
1685476800000,312.9,313.2,311.4,311.5,26628.144,2023-05-30 20:00:00
1685491200000,311.4,311.9,310.1,310.7,40332.37,2023-05-31 00:00:00
1685505600000,310.7,310.7,305.6,306.9,157087.967,2023-05-31 04:00:00
1685520000000,306.9,307.7,306.4,306.7,68978.216,2023-05-31 08:00:00
1685534400000,306.7,307.5,305.0,305.3,95927.531,2023-05-31 12:00:00
1685548800000,305.4,306.6,305.1,305.8,40409.305,2023-05-31 16:00:00
1685563200000,305.8,307.1,305.1,306.8,34397.029,2023-05-31 20:00:00
1685577600000,306.8,307.7,303.1,304.8,79043.428,2023-06-01 00:00:00
1685592000000,304.8,304.8,303.4,303.9,33702.584,2023-06-01 04:00:00
1685606400000,303.9,305.2,303.6,304.7,43442.936,2023-06-01 08:00:00
1685620800000,304.6,305.2,304.1,304.9,32970.433,2023-06-01 12:00:00
1685635200000,304.9,306.6,303.5,304.8,44890.365,2023-06-01 16:00:00
1685649600000,304.8,305.8,304.1,304.9,21568.976,2023-06-01 20:00:00
1685664000000,304.9,307.0,303.1,306.6,47481.663,2023-06-02 00:00:00
1685678400000,306.7,308.4,306.4,307.1,70153.311,2023-06-02 04:00:00
1685692800000,307.1,307.9,306.8,307.3,39568.573,2023-06-02 08:00:00
1685707200000,307.3,307.4,304.7,306.3,79523.583,2023-06-02 12:00:00
1685721600000,306.3,308.4,305.9,308.0,36200.311,2023-06-02 16:00:00
1685736000000,308.0,308.2,306.7,307.2,27656.234,2023-06-02 20:00:00
1685750400000,307.3,307.4,305.7,306.3,19305.507,2023-06-03 00:00:00
1685764800000,306.3,306.7,303.0,306.0,29991.089,2023-06-03 04:00:00
1685779200000,306.0,306.5,305.5,306.2,15719.009,2023-06-03 08:00:00
1685793600000,306.3,308.0,306.2,308.0,38822.015,2023-06-03 12:00:00
1685808000000,308.0,308.2,305.6,306.1,38549.875,2023-06-03 16:00:00
1685822400000,306.1,306.6,305.4,306.6,16418.431,2023-06-03 20:00:00
1685836800000,306.6,306.7,305.6,305.9,18756.792,2023-06-04 00:00:00
1685851200000,306.0,306.8,305.6,306.8,20741.783,2023-06-04 04:00:00
1685865600000,306.8,307.6,306.6,306.8,22471.729,2023-06-04 08:00:00
1685880000000,306.8,307.6,306.5,306.6,43871.364,2023-06-04 12:00:00
1685894400000,306.6,306.6,305.7,306.0,37610.412,2023-06-04 16:00:00
1685908800000,306.1,307.5,304.5,305.0,44353.347,2023-06-04 20:00:00
1685923200000,305.1,305.1,300.5,301.1,90269.554,2023-06-05 00:00:00
1685937600000,301.2,301.4,298.7,301.0,75393.87,2023-06-05 04:00:00
1685952000000,301.0,301.2,300.1,300.7,54774.151,2023-06-05 08:00:00
1685966400000,300.8,300.8,276.7,276.8,445256.546,2023-06-05 12:00:00
1685980800000,276.8,282.7,272.0,276.6,354884.583,2023-06-05 16:00:00
1685995200000,276.6,277.2,272.1,276.9,75441.315,2023-06-05 20:00:00
1686009600000,277.0,279.4,273.6,276.2,92526.513,2023-06-06 00:00:00
1686024000000,276.2,278.1,275.9,277.4,82503.727,2023-06-06 04:00:00
1686038400000,277.5,279.9,276.7,278.0,83027.817,2023-06-06 08:00:00
1686052800000,278.0,280.7,273.2,279.0,210166.427,2023-06-06 12:00:00
1686067200000,279.0,285.8,278.6,285.3,137800.057,2023-06-06 16:00:00
1686081600000,285.3,285.6,280.5,281.2,102661.039,2023-06-06 20:00:00
1686096000000,281.2,281.8,277.6,278.9,76025.033,2023-06-07 00:00:00
1686110400000,278.9,279.2,276.7,276.9,43698.08,2023-06-07 04:00:00
1686124800000,276.9,277.6,268.4,274.5,173689.124,2023-06-07 08:00:00
1686139200000,274.5,274.7,253.4,258.9,580542.921,2023-06-07 12:00:00
1686153600000,259.0,263.8,255.3,260.9,230137.524,2023-06-07 16:00:00
1686168000000,260.9,261.1,257.3,259.3,84171.155,2023-06-07 20:00:00
1686182400000,259.3,262.8,257.1,258.7,101665.538,2023-06-08 00:00:00
1686196800000,258.8,262.3,258.4,260.7,84348.752,2023-06-08 04:00:00
1686211200000,260.8,266.9,260.3,264.9,128932.568,2023-06-08 08:00:00
1686225600000,265.0,267.5,263.5,265.2,154867.664,2023-06-08 12:00:00
1686240000000,265.3,265.5,261.4,264.3,69235.18,2023-06-08 16:00:00
1686254400000,264.3,265.1,261.6,262.0,40804.318,2023-06-08 20:00:00
1686268800000,261.9,262.9,257.6,260.2,91234.085,2023-06-09 00:00:00
1686283200000,260.2,261.2,255.7,258.3,94519.736,2023-06-09 04:00:00
1686297600000,258.3,261.4,257.5,260.7,90863.973,2023-06-09 08:00:00
1686312000000,260.7,264.4,260.6,261.1,120135.363,2023-06-09 12:00:00
1686326400000,261.2,262.7,259.1,259.2,76714.6,2023-06-09 16:00:00
1686340800000,259.1,262.3,259.0,260.5,36192.744,2023-06-09 20:00:00
1686355200000,260.6,260.7,248.9,249.9,231553.029,2023-06-10 00:00:00
1686369600000,249.9,250.0,228.4,234.9,809015.467,2023-06-10 04:00:00
1686384000000,234.9,239.7,234.7,239.0,161239.159,2023-06-10 08:00:00
1686398400000,239.0,239.0,234.8,235.4,117765.197,2023-06-10 12:00:00
1686412800000,235.4,241.8,233.2,238.7,233277.759,2023-06-10 16:00:00
1686427200000,238.8,240.2,236.6,238.7,50751.591,2023-06-10 20:00:00
1686441600000,238.8,239.3,236.2,236.5,54765.681,2023-06-11 00:00:00
1686456000000,236.6,237.4,234.5,236.8,51444.076,2023-06-11 04:00:00
1686470400000,236.7,237.6,234.9,236.7,55248.319,2023-06-11 08:00:00
1686484800000,236.6,236.8,233.4,235.0,94055.729,2023-06-11 12:00:00
1686499200000,235.0,238.4,234.7,237.1,70875.149,2023-06-11 16:00:00
1686513600000,237.2,238.5,233.8,235.4,76173.405,2023-06-11 20:00:00
1686528000000,235.4,235.8,222.7,226.3,425778.83,2023-06-12 00:00:00
1686542400000,226.2,229.5,222.5,224.0,254059.846,2023-06-12 04:00:00
1686556800000,224.1,239.3,220.4,233.6,469680.993,2023-06-12 08:00:00
1686571200000,233.6,233.8,229.4,231.1,147146.524,2023-06-12 12:00:00
1686585600000,231.1,234.6,227.2,228.4,190115.422,2023-06-12 16:00:00
1686600000000,228.4,233.2,228.2,231.3,92360.225,2023-06-12 20:00:00
1686614400000,231.3,235.7,228.7,233.6,124056.108,2023-06-13 00:00:00
1686628800000,233.6,236.0,231.8,235.3,94538.597,2023-06-13 04:00:00
1686643200000,235.4,247.0,234.6,243.4,268588.316,2023-06-13 08:00:00
1686657600000,243.4,247.0,234.4,234.9,459963.361,2023-06-13 12:00:00
1686672000000,234.9,239.6,234.2,238.0,98117.502,2023-06-13 16:00:00
1686686400000,238.0,244.3,236.9,244.2,185417.137,2023-06-13 20:00:00
1686700800000,244.1,252.0,243.5,250.8,239416.941,2023-06-14 00:00:00
1686715200000,250.8,252.8,245.5,246.8,144829.869,2023-06-14 04:00:00
1686729600000,246.9,250.0,246.3,248.5,84065.547,2023-06-14 08:00:00
1686744000000,248.5,249.7,244.7,246.2,101616.815,2023-06-14 12:00:00
1686758400000,246.2,248.1,243.4,244.3,165264.598,2023-06-14 16:00:00
1686772800000,244.2,244.5,232.9,237.9,235217.948,2023-06-14 20:00:00
1686787200000,237.9,240.8,237.1,237.6,85019.995,2023-06-15 00:00:00
1686801600000,237.6,237.6,234.6,236.6,98039.132,2023-06-15 04:00:00
1686816000000,236.6,237.9,230.6,234.1,134404.953,2023-06-15 08:00:00
1686830400000,234.2,235.1,231.6,232.7,89879.818,2023-06-15 12:00:00
1686844800000,232.8,237.8,231.3,236.7,120330.089,2023-06-15 16:00:00
1686859200000,236.7,238.9,234.6,236.4,74467.982,2023-06-15 20:00:00
1686873600000,236.5,238.6,234.9,238.0,45625.24,2023-06-16 00:00:00
1686888000000,238.1,239.8,237.5,239.5,63574.575,2023-06-16 04:00:00
1686902400000,239.4,240.8,232.2,234.0,140573.817,2023-06-16 08:00:00
1686916800000,234.1,239.1,233.5,238.5,129616.282,2023-06-16 12:00:00
1686931200000,238.6,243.8,237.1,239.6,143130.866,2023-06-16 16:00:00
1686945600000,239.6,240.7,238.5,239.3,40065.749,2023-06-16 20:00:00
1686960000000,239.4,240.6,237.2,239.6,46896.143,2023-06-17 00:00:00
1686974400000,239.6,249.8,239.4,246.5,187447.025,2023-06-17 04:00:00
1686988800000,246.6,247.6,244.8,245.0,74457.816,2023-06-17 08:00:00
1687003200000,245.0,246.4,242.7,243.1,90055.515,2023-06-17 12:00:00
1687017600000,243.2,246.5,242.3,244.9,66403.834,2023-06-17 16:00:00
1687032000000,244.9,246.2,244.3,244.5,26052.939,2023-06-17 20:00:00
1687046400000,244.5,245.7,242.3,244.5,67902.0,2023-06-18 00:00:00
1687060800000,244.5,247.5,244.1,245.8,52074.245,2023-06-18 04:00:00
1687075200000,245.8,248.7,245.5,246.6,83626.375,2023-06-18 08:00:00
1687089600000,246.6,247.6,245.6,247.1,55180.792,2023-06-18 12:00:00
1687104000000,247.1,247.8,245.6,246.5,29384.718,2023-06-18 16:00:00
1687118400000,246.5,246.7,242.7,244.1,71710.851,2023-06-18 20:00:00
1687132800000,244.1,244.6,241.2,243.2,47109.403,2023-06-19 00:00:00
1687147200000,243.2,244.3,242.5,243.4,42817.347,2023-06-19 04:00:00
1687161600000,243.5,243.6,241.8,243.0,56752.377,2023-06-19 08:00:00
1687176000000,243.1,243.9,240.5,241.4,72142.152,2023-06-19 12:00:00
1687190400000,241.4,245.0,238.3,241.6,152448.407,2023-06-19 16:00:00
1687204800000,241.6,243.4,241.4,243.1,53804.583,2023-06-19 20:00:00
1687219200000,243.0,245.0,242.0,242.1,57436.55,2023-06-20 00:00:00
1687233600000,242.1,243.3,240.6,241.4,74568.29,2023-06-20 04:00:00
1687248000000,241.4,241.8,239.9,241.7,54171.982,2023-06-20 08:00:00
1687262400000,241.7,242.0,238.7,240.4,138538.906,2023-06-20 12:00:00
1687276800000,240.4,244.7,239.8,243.7,179550.732,2023-06-20 16:00:00
1687291200000,243.7,248.1,243.0,247.7,134803.212,2023-06-20 20:00:00
1687305600000,247.8,254.7,246.9,251.5,193911.16,2023-06-21 00:00:00
1687320000000,251.5,252.5,248.8,249.3,146858.067,2023-06-21 04:00:00
1687334400000,249.4,249.4,245.2,247.6,144780.606,2023-06-21 08:00:00
1687348800000,247.6,253.9,245.0,249.4,197436.416,2023-06-21 12:00:00
1687363200000,249.4,253.6,248.0,248.9,235817.453,2023-06-21 16:00:00
1687377600000,248.9,251.0,247.2,248.8,87524.855,2023-06-21 20:00:00
1687392000000,248.9,257.0,248.6,254.5,278145.067,2023-06-22 00:00:00
1687406400000,254.5,254.7,250.1,252.3,123567.545,2023-06-22 04:00:00
1687420800000,252.3,253.7,246.2,246.9,198091.475,2023-06-22 08:00:00
1687435200000,246.9,248.6,241.4,243.7,241995.12,2023-06-22 12:00:00
1687449600000,243.7,245.4,242.8,245.0,95680.535,2023-06-22 16:00:00
1687464000000,245.0,245.2,239.4,240.8,95150.729,2023-06-22 20:00:00
1687478400000,240.8,242.6,239.7,241.8,62412.13,2023-06-23 00:00:00
1687492800000,241.8,244.2,241.7,243.5,54297.054,2023-06-23 04:00:00
1687507200000,243.5,244.4,242.4,243.8,65999.207,2023-06-23 08:00:00
1687521600000,243.8,248.5,241.0,247.7,176686.01,2023-06-23 12:00:00
1687536000000,247.7,249.8,244.4,245.8,216123.848,2023-06-23 16:00:00
1687550400000,245.9,247.2,243.3,244.3,62771.944,2023-06-23 20:00:00
1687564800000,244.4,246.5,242.9,246.2,90281.327,2023-06-24 00:00:00
1687579200000,246.1,248.7,245.3,245.5,99834.18,2023-06-24 04:00:00
1687593600000,245.5,246.6,244.5,244.7,57363.98,2023-06-24 08:00:00
1687608000000,244.8,246.1,230.8,232.9,308141.116,2023-06-24 12:00:00
1687622400000,232.8,237.4,230.4,236.8,169718.138,2023-06-24 16:00:00
1687636800000,236.7,237.1,233.8,236.4,66157.309,2023-06-24 20:00:00
1687651200000,236.4,239.2,235.0,239.1,77294.332,2023-06-25 00:00:00
1687665600000,239.1,244.0,237.3,240.9,132141.268,2023-06-25 04:00:00
1687680000000,240.9,242.1,238.8,240.2,98885.205,2023-06-25 08:00:00
1687694400000,240.2,240.4,237.2,239.4,90255.44,2023-06-25 12:00:00
1687708800000,239.4,240.1,236.6,238.1,71558.385,2023-06-25 16:00:00
1687723200000,238.1,239.4,236.7,238.8,43063.968,2023-06-25 20:00:00
1687737600000,238.9,239.4,233.6,236.5,110895.887,2023-06-26 00:00:00
1687752000000,236.5,238.7,234.8,237.8,77015.525,2023-06-26 04:00:00
1687766400000,237.8,238.8,235.7,237.9,78079.658,2023-06-26 08:00:00
1687780800000,237.9,241.3,237.2,238.6,112312.294,2023-06-26 12:00:00
1687795200000,238.5,238.9,233.9,236.4,107294.596,2023-06-26 16:00:00
1687809600000,236.4,236.5,233.6,236.1,40650.13,2023-06-26 20:00:00
1687824000000,236.1,238.3,234.5,237.7,68481.84,2023-06-27 00:00:00
1687838400000,237.6,239.0,236.5,238.5,49393.567,2023-06-27 04:00:00
1687852800000,238.6,240.0,237.7,239.3,67446.333,2023-06-27 08:00:00
1687867200000,239.3,240.8,237.3,237.9,80615.16,2023-06-27 12:00:00
1687881600000,238.0,239.6,237.7,238.7,48634.294,2023-06-27 16:00:00
1687896000000,238.8,239.2,236.8,237.5,45688.656,2023-06-27 20:00:00
1687910400000,237.5,237.6,234.1,235.6,71426.71,2023-06-28 00:00:00
1687924800000,235.6,236.4,230.6,232.6,110800.054,2023-06-28 04:00:00
1687939200000,232.7,234.4,231.7,233.4,80187.847,2023-06-28 08:00:00
1687953600000,233.4,236.5,231.3,235.1,116255.442,2023-06-28 12:00:00
1687968000000,235.0,235.4,224.6,228.4,180143.629,2023-06-28 16:00:00
1687982400000,228.3,232.5,227.4,230.6,84490.365,2023-06-28 20:00:00
1687996800000,230.6,233.8,230.4,233.1,52136.853,2023-06-29 00:00:00
1688011200000,233.1,234.2,232.1,233.4,58591.55,2023-06-29 04:00:00
1688025600000,233.4,235.6,232.9,235.3,69090.284,2023-06-29 08:00:00
1688040000000,235.3,236.7,232.5,233.4,84661.404,2023-06-29 12:00:00
1688054400000,233.4,234.5,232.7,233.8,42686.491,2023-06-29 16:00:00
1688068800000,233.9,234.0,232.3,233.1,44859.392,2023-06-29 20:00:00
1688083200000,233.2,238.1,231.7,236.7,108887.615,2023-06-30 00:00:00
1688097600000,236.7,240.6,236.3,238.7,147054.614,2023-06-30 04:00:00
1688112000000,238.6,240.9,237.9,240.7,106862.433,2023-06-30 08:00:00
1688126400000,240.7,241.7,230.7,235.6,260721.591,2023-06-30 12:00:00
1688140800000,235.6,241.7,234.8,240.5,161160.411,2023-06-30 16:00:00
1688155200000,240.5,241.3,240.0,240.3,58752.93,2023-06-30 20:00:00
1688169600000,240.4,245.9,240.2,241.4,165461.464,2023-07-01 00:00:00
1688184000000,241.4,242.3,240.0,242.1,85919.012,2023-07-01 04:00:00
1688198400000,242.1,244.4,241.9,243.5,105956.697,2023-07-01 08:00:00
1688212800000,243.5,248.7,242.8,247.4,219330.197,2023-07-01 12:00:00
1688227200000,247.3,248.2,245.6,246.4,92695.627,2023-07-01 16:00:00
1688241600000,246.4,249.0,246.3,247.9,53736.404,2023-07-01 20:00:00
1688256000000,247.8,248.5,243.0,243.2,119951.112,2023-07-02 00:00:00
1688270400000,243.3,245.8,242.9,245.7,82868.084,2023-07-02 04:00:00
1688284800000,245.7,246.2,244.6,245.7,56900.913,2023-07-02 08:00:00
1688299200000,245.8,246.4,243.0,246.0,154818.495,2023-07-02 12:00:00
1688313600000,246.0,246.1,243.1,244.6,88256.838,2023-07-02 16:00:00
1688328000000,244.7,247.7,244.4,246.5,95376.621,2023-07-02 20:00:00
1688342400000,246.5,248.8,245.6,248.0,89267.41,2023-07-03 00:00:00
1688356800000,248.0,250.2,246.2,249.5,132399.342,2023-07-03 04:00:00
1688371200000,249.5,254.7,246.0,248.6,285411.786,2023-07-03 08:00:00
1688385600000,248.5,249.9,247.3,249.4,142676.301,2023-07-03 12:00:00
1688400000000,249.5,249.5,246.2,248.0,124574.43,2023-07-03 16:00:00
1688414400000,248.0,248.3,245.3,246.5,99663.458,2023-07-03 20:00:00
1688428800000,246.5,246.9,244.5,245.8,88156.147,2023-07-04 00:00:00
1688443200000,245.8,246.2,244.8,244.9,85729.26,2023-07-04 04:00:00
1688457600000,244.9,245.9,244.1,245.7,71231.355,2023-07-04 08:00:00
1688472000000,245.8,245.9,243.0,243.8,82529.347,2023-07-04 12:00:00
1688486400000,243.9,244.7,240.4,241.3,118727.214,2023-07-04 16:00:00
1688500800000,241.3,243.2,241.0,242.5,42535.732,2023-07-04 20:00:00
1688515200000,242.5,243.8,241.8,243.7,59167.95,2023-07-05 00:00:00
1688529600000,243.8,243.9,243.0,243.2,51136.922,2023-07-05 04:00:00
1688544000000,243.2,243.2,235.8,238.0,188565.293,2023-07-05 08:00:00
1688558400000,238.0,238.9,236.8,237.8,118541.509,2023-07-05 12:00:00
1688572800000,237.8,240.4,237.5,238.6,54798.149,2023-07-05 16:00:00
1688587200000,238.6,239.6,238.0,238.9,47805.871,2023-07-05 20:00:00
1688601600000,239.0,240.2,237.7,240.1,45910.57,2023-07-06 00:00:00
1688616000000,240.1,242.0,239.4,241.5,97141.395,2023-07-06 04:00:00
1688630400000,241.5,244.5,239.8,240.5,136371.466,2023-07-06 08:00:00
1688644800000,240.6,240.8,234.6,238.5,177756.869,2023-07-06 12:00:00
1688659200000,238.5,239.7,236.9,237.8,88420.274,2023-07-06 16:00:00
1688673600000,237.8,238.2,231.5,232.2,127674.867,2023-07-06 20:00:00
1688688000000,232.3,234.5,231.1,234.2,90632.953,2023-07-07 00:00:00
1688702400000,234.3,235.3,232.5,233.1,95609.892,2023-07-07 04:00:00
1688716800000,233.1,234.3,232.5,233.3,57651.047,2023-07-07 08:00:00
1688731200000,233.3,236.2,232.6,235.7,100600.182,2023-07-07 12:00:00
1688745600000,235.7,236.1,233.8,235.3,65295.41,2023-07-07 16:00:00
1688760000000,235.2,236.0,234.6,235.6,21745.102,2023-07-07 20:00:00
1688774400000,235.7,237.5,235.0,235.3,44208.757,2023-07-08 00:00:00
1688788800000,235.3,236.3,234.8,235.9,36749.436,2023-07-08 04:00:00
1688803200000,235.9,237.6,235.8,236.3,59759.266,2023-07-08 08:00:00
1688817600000,236.3,237.1,235.8,236.7,46106.939,2023-07-08 12:00:00
1688832000000,236.6,237.0,234.2,235.0,41213.157,2023-07-08 16:00:00
1688846400000,235.0,236.4,234.5,236.3,31690.166,2023-07-08 20:00:00
1688860800000,236.3,237.0,235.6,236.2,33537.082,2023-07-09 00:00:00
1688875200000,236.2,236.3,234.3,234.6,42307.473,2023-07-09 04:00:00
1688889600000,234.6,235.1,234.4,234.9,31924.631,2023-07-09 08:00:00
1688904000000,234.9,235.5,232.9,234.3,65467.651,2023-07-09 12:00:00
1688918400000,234.3,235.1,234.0,234.8,36404.274,2023-07-09 16:00:00
1688932800000,234.8,234.9,233.5,234.1,25482.218,2023-07-09 20:00:00
1688947200000,234.1,234.7,231.4,233.6,82781.438,2023-07-10 00:00:00
1688961600000,233.6,234.1,232.2,232.5,45861.988,2023-07-10 04:00:00
1688976000000,232.5,244.3,231.3,242.0,525252.596,2023-07-10 08:00:00
1688990400000,242.1,247.0,241.2,245.6,250260.334,2023-07-10 12:00:00
1689004800000,245.6,247.0,243.8,246.0,156770.7,2023-07-10 16:00:00
1689019200000,246.0,246.5,243.0,246.2,132899.468,2023-07-10 20:00:00
1689033600000,246.2,248.0,244.6,246.7,161018.638,2023-07-11 00:00:00
1689048000000,246.7,247.9,245.8,247.1,90156.772,2023-07-11 04:00:00
1689062400000,247.2,248.8,245.1,245.7,134195.564,2023-07-11 08:00:00
1689076800000,245.8,248.0,245.3,247.5,107677.258,2023-07-11 12:00:00
1689091200000,247.4,248.7,246.9,247.5,112263.62,2023-07-11 16:00:00
1689105600000,247.5,249.5,247.1,248.6,54829.532,2023-07-11 20:00:00
1689120000000,248.6,250.5,248.2,249.6,78253.659,2023-07-12 00:00:00
1689134400000,249.6,250.1,248.9,249.6,72350.889,2023-07-12 04:00:00
1689148800000,249.6,249.7,247.4,248.1,106493.138,2023-07-12 08:00:00
1689163200000,248.1,249.0,243.6,244.3,208136.184,2023-07-12 12:00:00
1689177600000,244.3,244.5,242.6,243.5,99442.946,2023-07-12 16:00:00
1689192000000,243.5,244.4,243.2,243.9,34713.896,2023-07-12 20:00:00
1689206400000,243.9,244.5,242.7,243.4,50396.277,2023-07-13 00:00:00
1689220800000,243.4,245.2,242.7,244.3,70172.5,2023-07-13 04:00:00
1689235200000,244.3,246.8,244.2,246.0,94219.87,2023-07-13 08:00:00
1689249600000,246.0,253.5,245.1,251.0,208989.756,2023-07-13 12:00:00
1689264000000,251.0,257.8,250.3,254.0,481122.764,2023-07-13 16:00:00
1689278400000,254.0,256.6,251.0,256.1,132930.224,2023-07-13 20:00:00
1689292800000,256.2,260.5,255.5,260.3,226171.431,2023-07-14 00:00:00
1689307200000,260.3,261.7,255.3,255.6,166119.809,2023-07-14 04:00:00
1689321600000,255.5,258.0,253.4,255.2,147085.753,2023-07-14 08:00:00
1689336000000,255.3,257.1,252.6,256.6,151816.756,2023-07-14 12:00:00
1689350400000,256.5,257.5,243.4,244.9,319558.343,2023-07-14 16:00:00
1689364800000,244.8,248.3,243.9,248.1,60366.604,2023-07-14 20:00:00
1689379200000,248.1,249.4,246.9,248.5,72970.376,2023-07-15 00:00:00
1689393600000,248.4,250.4,247.9,250.1,79744.281,2023-07-15 04:00:00
1689408000000,250.1,252.5,249.5,250.9,72271.711,2023-07-15 08:00:00
1689422400000,250.8,251.4,249.1,250.4,65549.448,2023-07-15 12:00:00
1689436800000,250.4,252.1,249.5,252.0,53540.491,2023-07-15 16:00:00
1689451200000,252.1,252.1,250.0,251.1,39696.366,2023-07-15 20:00:00
1689465600000,251.1,252.1,248.0,248.3,68215.433,2023-07-16 00:00:00
1689480000000,248.3,249.3,247.7,248.6,48906.644,2023-07-16 04:00:00
1689494400000,248.6,250.5,248.5,250.2,54141.211,2023-07-16 08:00:00
1689508800000,250.2,250.5,247.8,248.7,73163.216,2023-07-16 12:00:00
1689523200000,248.7,249.1,244.1,244.4,97800.784,2023-07-16 16:00:00
1689537600000,244.4,245.2,242.0,242.3,90789.321,2023-07-16 20:00:00
1689552000000,242.3,244.1,240.7,243.8,148899.623,2023-07-17 00:00:00
1689566400000,243.9,243.9,241.5,242.7,186443.718,2023-07-17 04:00:00
1689580800000,242.7,244.1,239.8,243.0,171862.529,2023-07-17 08:00:00
1689595200000,243.0,244.9,242.3,243.7,122782.143,2023-07-17 12:00:00
1689609600000,243.8,244.4,240.3,242.6,104064.802,2023-07-17 16:00:00
1689624000000,242.6,244.8,242.1,244.1,58692.343,2023-07-17 20:00:00
1689638400000,244.1,246.7,243.9,244.5,84749.931,2023-07-18 00:00:00
1689652800000,244.5,245.3,240.4,241.1,240928.821,2023-07-18 04:00:00
1689667200000,241.0,242.5,239.3,239.5,222657.498,2023-07-18 08:00:00
1689681600000,239.6,241.3,238.4,240.1,202125.758,2023-07-18 12:00:00
1689696000000,240.1,241.2,237.5,240.1,123193.471,2023-07-18 16:00:00
1689710400000,240.2,240.7,239.2,240.2,58849.292,2023-07-18 20:00:00
1689724800000,240.3,243.6,239.6,243.5,95181.222,2023-07-19 00:00:00
1689739200000,243.5,244.1,242.0,242.5,89380.907,2023-07-19 04:00:00
1689753600000,242.5,242.6,240.6,242.1,76054.576,2023-07-19 08:00:00
1689768000000,242.2,243.0,239.9,241.0,85821.776,2023-07-19 12:00:00
1689782400000,241.0,242.8,240.0,241.7,56449.383,2023-07-19 16:00:00
1689796800000,241.8,242.2,240.2,240.8,41788.643,2023-07-19 20:00:00
1689811200000,240.9,242.9,240.6,241.4,45108.016,2023-07-20 00:00:00
1689825600000,241.4,244.0,241.1,243.9,79583.565,2023-07-20 04:00:00
1689840000000,243.8,245.0,243.5,244.0,97699.244,2023-07-20 08:00:00
1689854400000,244.0,244.6,240.8,241.7,116786.429,2023-07-20 12:00:00
1689868800000,241.6,242.3,240.3,241.6,74547.14,2023-07-20 16:00:00
1689883200000,241.6,243.3,240.6,242.8,35663.406,2023-07-20 20:00:00
1689897600000,242.8,244.8,242.0,243.9,51448.52,2023-07-21 00:00:00
1689912000000,244.0,244.3,242.8,243.5,66000.884,2023-07-21 04:00:00
1689926400000,243.4,244.7,243.3,244.5,46129.497,2023-07-21 08:00:00
1689940800000,244.6,245.4,243.9,244.0,55437.8,2023-07-21 12:00:00
1689955200000,244.1,244.9,242.6,243.6,53371.65,2023-07-21 16:00:00
1689969600000,243.6,244.1,243.2,243.7,22799.436,2023-07-21 20:00:00
1689984000000,243.8,244.9,243.5,244.5,29784.418,2023-07-22 00:00:00
1689998400000,244.4,244.8,243.0,243.7,27558.936,2023-07-22 04:00:00
1690012800000,243.7,244.1,242.0,242.7,32575.804,2023-07-22 08:00:00
1690027200000,242.7,242.9,242.0,242.8,17753.738,2023-07-22 12:00:00
1690041600000,242.8,242.9,241.5,242.5,29639.988,2023-07-22 16:00:00
1690056000000,242.5,242.5,240.1,241.1,47119.639,2023-07-22 20:00:00
1690070400000,241.1,242.2,240.4,241.8,22313.001,2023-07-23 00:00:00
1690084800000,241.8,242.8,241.7,242.6,22820.257,2023-07-23 04:00:00
1690099200000,242.6,243.0,242.0,242.1,21839.707,2023-07-23 08:00:00
1690113600000,242.1,242.7,242.0,242.2,23473.882,2023-07-23 12:00:00
1690128000000,242.1,244.0,241.8,242.6,53487.271,2023-07-23 16:00:00
1690142400000,242.6,243.3,241.6,242.5,27997.015,2023-07-23 20:00:00
1690156800000,242.4,243.1,240.6,240.8,43448.371,2023-07-24 00:00:00
1690171200000,240.8,242.1,239.2,241.9,74759.088,2023-07-24 04:00:00
1690185600000,241.9,242.0,235.0,238.6,143211.439,2023-07-24 08:00:00
1690200000000,238.6,238.9,235.4,236.9,112265.78,2023-07-24 12:00:00
1690214400000,237.0,238.5,236.0,237.9,58885.501,2023-07-24 16:00:00
1690228800000,237.9,239.1,237.6,238.9,30881.519,2023-07-24 20:00:00
1690243200000,238.9,239.8,238.0,238.5,42216.825,2023-07-25 00:00:00
1690257600000,238.4,238.5,236.8,237.1,63500.004,2023-07-25 04:00:00
1690272000000,237.1,238.8,237.0,238.0,51768.663,2023-07-25 08:00:00
1690286400000,238.0,238.3,236.2,237.4,64467.131,2023-07-25 12:00:00
1690300800000,237.4,238.4,236.7,237.3,62647.209,2023-07-25 16:00:00
1690315200000,237.2,238.1,236.9,237.7,22601.48,2023-07-25 20:00:00
1690329600000,237.8,238.7,236.3,238.4,48496.379,2023-07-26 00:00:00
1690344000000,238.3,238.6,237.4,237.6,50692.461,2023-07-26 04:00:00
1690358400000,237.7,238.1,236.5,236.8,42058.613,2023-07-26 08:00:00
1690372800000,236.8,238.6,236.6,238.1,56568.622,2023-07-26 12:00:00
1690387200000,238.2,239.4,236.7,238.9,76845.159,2023-07-26 16:00:00
1690401600000,238.9,240.4,238.4,239.0,44006.58,2023-07-26 20:00:00
1690416000000,239.0,240.4,238.4,239.9,25814.647,2023-07-27 00:00:00
1690430400000,239.8,244.5,239.8,242.1,87838.485,2023-07-27 04:00:00
1690444800000,242.1,242.9,241.3,242.0,68135.611,2023-07-27 08:00:00
1690459200000,242.0,242.0,240.3,240.7,66140.49,2023-07-27 12:00:00
1690473600000,240.7,241.3,239.4,240.1,44994.802,2023-07-27 16:00:00
1690488000000,240.2,240.8,240.0,240.6,17255.954,2023-07-27 20:00:00
1690502400000,240.7,241.2,240.0,240.8,24563.322,2023-07-28 00:00:00
1690516800000,240.8,241.2,239.7,240.8,41753.0,2023-07-28 04:00:00
1690531200000,240.9,242.0,240.5,241.0,54756.68,2023-07-28 08:00:00
1690545600000,241.1,242.7,241.0,241.6,64423.65,2023-07-28 12:00:00
1690560000000,241.7,242.9,241.0,242.7,27927.267,2023-07-28 16:00:00
1690574400000,242.6,242.9,241.7,241.9,19315.26,2023-07-28 20:00:00
1690588800000,241.9,242.5,241.6,241.9,11176.549,2023-07-29 00:00:00
1690603200000,241.9,242.3,241.4,241.5,16112.516,2023-07-29 04:00:00
1690617600000,241.4,241.8,241.1,241.3,16042.154,2023-07-29 08:00:00
1690632000000,241.4,242.1,241.2,241.9,21722.719,2023-07-29 12:00:00
1690646400000,241.9,242.3,241.6,242.1,15934.765,2023-07-29 16:00:00
1690660800000,242.1,242.9,242.0,242.4,21418.196,2023-07-29 20:00:00
1690675200000,242.5,242.9,242.0,242.4,13747.038,2023-07-30 00:00:00
1690689600000,242.4,242.8,241.6,242.6,40816.335,2023-07-30 04:00:00
1690704000000,242.7,242.9,241.9,242.3,52850.766,2023-07-30 08:00:00
1690718400000,242.2,243.7,242.1,243.0,53698.141,2023-07-30 12:00:00
1690732800000,243.0,243.8,241.2,241.7,47153.909,2023-07-30 16:00:00
1690747200000,241.7,242.7,240.3,242.5,46980.343,2023-07-30 20:00:00
1690761600000,242.6,244.5,242.2,243.6,58887.576,2023-07-31 00:00:00
1690776000000,243.7,243.9,242.6,243.3,54120.026,2023-07-31 04:00:00
1690790400000,243.3,244.1,243.2,243.4,45178.813,2023-07-31 08:00:00
1690804800000,243.4,244.1,241.7,242.2,65141.601,2023-07-31 12:00:00
1690819200000,242.2,242.8,240.8,241.4,69236.163,2023-07-31 16:00:00
1690833600000,241.4,241.8,240.5,241.0,40535.592,2023-07-31 20:00:00
1690848000000,241.0,243.8,237.3,239.4,99361.386,2023-08-01 00:00:00
1690862400000,239.4,246.4,238.7,245.4,315950.975,2023-08-01 04:00:00
1690876800000,245.5,246.6,244.2,244.7,147131.186,2023-08-01 08:00:00
1690891200000,244.7,245.7,242.5,245.2,114497.434,2023-08-01 12:00:00
1690905600000,245.2,247.0,244.4,246.9,81773.834,2023-08-01 16:00:00
1690920000000,246.9,247.8,245.4,247.7,54360.36,2023-08-01 20:00:00
1690934400000,247.8,248.8,244.9,245.7,97046.361,2023-08-02 00:00:00
1690948800000,245.8,246.2,244.3,244.6,70686.42,2023-08-02 04:00:00
1690963200000,244.7,246.0,244.4,246.0,59352.445,2023-08-02 08:00:00
1690977600000,246.0,246.2,242.2,243.2,93581.076,2023-08-02 12:00:00
1690992000000,243.3,243.9,235.7,241.4,260134.792,2023-08-02 16:00:00
1691006400000,241.4,242.2,240.4,240.7,49563.505,2023-08-02 20:00:00
1691020800000,240.7,241.3,239.8,240.4,37740.308,2023-08-03 00:00:00
1691035200000,240.4,241.2,239.2,239.3,53051.916,2023-08-03 04:00:00
1691049600000,239.2,240.9,238.3,240.7,58545.181,2023-08-03 08:00:00
1691064000000,240.7,242.8,240.0,241.4,77808.225,2023-08-03 12:00:00
1691078400000,241.4,241.9,240.4,241.1,49585.636,2023-08-03 16:00:00
1691092800000,241.2,241.7,240.0,241.1,27235.411,2023-08-03 20:00:00
1691107200000,241.1,241.9,240.7,241.6,31450.345,2023-08-04 00:00:00
1691121600000,241.6,243.4,241.1,242.1,47635.769,2023-08-04 04:00:00
1691136000000,242.1,242.7,241.4,241.9,61138.524,2023-08-04 08:00:00
1691150400000,241.8,243.3,241.7,243.1,55132.907,2023-08-04 12:00:00
1691164800000,243.1,243.4,240.8,241.6,47970.331,2023-08-04 16:00:00
1691179200000,241.6,242.0,240.2,241.7,31387.468,2023-08-04 20:00:00
1691193600000,241.7,242.2,240.1,241.0,37393.315,2023-08-05 00:00:00
1691208000000,241.0,241.7,240.5,241.3,26239.746,2023-08-05 04:00:00
1691222400000,241.2,242.2,241.1,241.6,23182.423,2023-08-05 08:00:00
1691236800000,241.6,242.2,241.2,242.2,37786.912,2023-08-05 12:00:00
1691251200000,242.2,242.9,241.6,242.6,34095.088,2023-08-05 16:00:00
1691265600000,242.6,243.3,242.6,243.2,17724.798,2023-08-05 20:00:00
1691280000000,243.3,245.2,243.1,244.7,45407.148,2023-08-06 00:00:00
1691294400000,244.8,245.2,244.1,245.1,53511.029,2023-08-06 04:00:00
1691308800000,245.1,245.5,244.0,244.3,51584.859,2023-08-06 08:00:00
1691323200000,244.3,244.6,243.0,243.1,54168.991,2023-08-06 12:00:00
1691337600000,243.2,244.5,243.0,243.2,49283.965,2023-08-06 16:00:00
1691352000000,243.2,244.0,242.8,243.2,24193.265,2023-08-06 20:00:00
1691366400000,243.1,244.9,242.9,243.7,43296.632,2023-08-07 00:00:00
1691380800000,243.6,244.5,242.5,242.8,47265.24,2023-08-07 04:00:00
1691395200000,242.7,243.2,241.6,242.7,61139.573,2023-08-07 08:00:00
1691409600000,242.6,242.7,240.7,241.1,68311.847,2023-08-07 12:00:00
1691424000000,241.1,242.1,239.7,241.8,65157.78,2023-08-07 16:00:00
1691438400000,241.7,242.2,241.3,242.1,16927.473,2023-08-07 20:00:00
1691452800000,242.0,242.6,241.5,242.4,34610.427,2023-08-08 00:00:00
1691467200000,242.5,243.8,242.2,242.8,56323.095,2023-08-08 04:00:00
1691481600000,242.9,244.0,242.6,243.9,44116.143,2023-08-08 08:00:00
1691496000000,243.9,245.3,243.0,244.8,67217.503,2023-08-08 12:00:00
1691510400000,244.9,248.0,244.6,246.3,109812.44,2023-08-08 16:00:00
1691524800000,246.4,247.1,245.0,245.2,65527.966,2023-08-08 20:00:00
1691539200000,245.2,245.5,243.9,244.3,53314.978,2023-08-09 00:00:00
1691553600000,244.2,245.2,244.0,245.0,40882.641,2023-08-09 04:00:00
1691568000000,244.9,245.5,243.5,244.1,57718.123,2023-08-09 08:00:00
1691582400000,244.1,245.5,243.5,243.9,88686.22,2023-08-09 12:00:00
1691596800000,244.0,244.0,242.8,243.0,33794.148,2023-08-09 16:00:00
1691611200000,243.1,244.3,242.8,243.8,19816.496,2023-08-09 20:00:00
1691625600000,243.9,244.1,243.1,243.3,29181.681,2023-08-10 00:00:00
1691640000000,243.3,243.6,241.7,242.1,57085.705,2023-08-10 04:00:00
1691654400000,242.1,242.4,241.7,241.9,40397.916,2023-08-10 08:00:00
1691668800000,242.0,243.6,241.8,242.2,63135.724,2023-08-10 12:00:00
1691683200000,242.2,242.6,240.5,241.0,56116.905,2023-08-10 16:00:00
1691697600000,241.0,241.6,240.8,241.5,15955.989,2023-08-10 20:00:00
1691712000000,241.5,242.3,239.7,240.6,60092.103,2023-08-11 00:00:00
1691726400000,240.6,241.1,240.3,240.7,36491.734,2023-08-11 04:00:00
1691740800000,240.7,241.0,240.2,240.9,30311.751,2023-08-11 08:00:00
1691755200000,241.0,241.2,238.5,238.8,77774.117,2023-08-11 12:00:00
1691769600000,238.8,239.8,238.0,239.3,51878.318,2023-08-11 16:00:00
1691784000000,239.2,240.6,238.9,239.7,30809.181,2023-08-11 20:00:00
1691798400000,239.8,240.7,239.3,240.4,24011.141,2023-08-12 00:00:00
1691812800000,240.4,240.8,239.8,240.7,16467.859,2023-08-12 04:00:00
1691827200000,240.6,241.4,240.1,240.9,23621.846,2023-08-12 08:00:00
1691841600000,240.9,241.2,240.5,240.6,17791.048,2023-08-12 12:00:00
1691856000000,240.6,241.0,240.5,240.5,14142.623,2023-08-12 16:00:00
1691870400000,240.6,240.9,239.9,240.3,17990.639,2023-08-12 20:00:00
1691884800000,240.3,240.6,239.8,240.3,17788.782,2023-08-13 00:00:00
1691899200000,240.4,240.6,240.0,240.3,18035.154,2023-08-13 04:00:00
1691913600000,240.3,241.0,240.1,240.8,25661.501,2023-08-13 08:00:00
1691928000000,240.8,240.9,240.2,240.4,20614.694,2023-08-13 12:00:00
1691942400000,240.3,241.6,240.2,241.6,20173.92,2023-08-13 16:00:00
1691956800000,241.6,241.8,239.8,240.2,30604.827,2023-08-13 20:00:00
1691971200000,240.2,241.1,239.7,240.8,37242.355,2023-08-14 00:00:00
1691985600000,240.9,241.5,240.4,240.5,34941.692,2023-08-14 04:00:00
1692000000000,240.6,241.1,240.3,240.5,33949.15,2023-08-14 08:00:00
1692014400000,240.5,241.4,240.2,241.0,35090.062,2023-08-14 12:00:00
1692028800000,240.9,241.3,240.0,240.2,33689.376,2023-08-14 16:00:00
1692043200000,240.2,240.8,240.0,240.4,26349.318,2023-08-14 20:00:00
1692057600000,240.5,240.8,239.7,239.9,26844.153,2023-08-15 00:00:00
1692072000000,239.9,240.0,239.0,239.5,42180.775,2023-08-15 04:00:00
1692086400000,239.6,240.0,238.5,238.7,41591.024,2023-08-15 08:00:00
1692100800000,238.7,239.8,238.4,239.1,75085.642,2023-08-15 12:00:00
1692115200000,239.1,239.5,234.0,236.4,129789.659,2023-08-15 16:00:00
1692129600000,236.4,238.9,235.7,236.7,82337.094,2023-08-15 20:00:00
1692144000000,236.8,237.4,236.3,236.5,32741.044,2023-08-16 00:00:00
1692158400000,236.6,236.8,234.5,234.8,60103.538,2023-08-16 04:00:00
1692172800000,234.8,235.1,233.5,234.9,59867.257,2023-08-16 08:00:00
1692187200000,234.8,235.0,232.6,233.3,93474.594,2023-08-16 12:00:00
1692201600000,233.3,235.3,232.9,234.2,66058.806,2023-08-16 16:00:00
1692216000000,234.1,234.5,230.7,232.0,114769.236,2023-08-16 20:00:00
1692230400000,232.1,232.4,228.1,231.2,132339.284,2023-08-17 00:00:00
1692244800000,231.2,231.9,230.6,231.1,54314.605,2023-08-17 04:00:00
1692259200000,231.2,231.4,230.2,230.9,63871.888,2023-08-17 08:00:00
1692273600000,230.9,231.7,224.5,225.2,191316.79,2023-08-17 12:00:00
1692288000000,225.2,226.8,223.5,226.3,138258.972,2023-08-17 16:00:00
1692302400000,226.4,226.6,212.5,218.1,443672.322,2023-08-17 20:00:00
1692316800000,218.1,220.3,213.5,215.4,205486.004,2023-08-18 00:00:00
1692331200000,215.3,219.5,214.3,219.3,145424.102,2023-08-18 04:00:00
1692345600000,219.3,219.8,217.5,219.5,80694.104,2023-08-18 08:00:00
1692360000000,219.6,219.7,216.3,217.0,104186.052,2023-08-18 12:00:00
1692374400000,217.0,217.9,215.1,216.2,96113.45,2023-08-18 16:00:00
1692388800000,216.2,217.3,215.8,216.1,42641.555,2023-08-18 20:00:00
1692403200000,216.0,217.1,215.1,215.5,49820.483,2023-08-19 00:00:00
1692417600000,215.6,216.0,213.6,215.9,54817.501,2023-08-19 04:00:00
1692432000000,215.8,216.5,215.2,215.2,34999.014,2023-08-19 08:00:00
1692446400000,215.2,217.4,214.6,217.3,66439.282,2023-08-19 12:00:00
1692460800000,217.4,219.2,216.6,216.8,73690.321,2023-08-19 16:00:00
1692475200000,216.8,217.3,215.7,216.8,43528.072,2023-08-19 20:00:00
1692489600000,216.9,217.6,216.4,216.5,21629.333,2023-08-20 00:00:00
1692504000000,216.6,216.8,215.4,215.9,31350.873,2023-08-20 04:00:00
1692518400000,216.0,217.0,215.7,216.7,38340.043,2023-08-20 08:00:00
1692532800000,216.7,217.1,215.5,216.2,35972.647,2023-08-20 12:00:00
1692547200000,216.3,217.2,215.5,216.9,29235.539,2023-08-20 16:00:00
1692561600000,217.0,218.0,216.3,216.5,33928.998,2023-08-20 20:00:00
1692576000000,216.6,216.8,215.9,216.0,34106.1,2023-08-21 00:00:00
1692590400000,216.1,216.9,214.0,214.7,53207.159,2023-08-21 04:00:00
1692604800000,214.7,215.3,207.9,210.7,224333.526,2023-08-21 08:00:00
1692619200000,210.6,213.0,206.2,208.5,282360.649,2023-08-21 12:00:00
1692633600000,208.5,211.2,207.5,210.7,127588.875,2023-08-21 16:00:00
1692648000000,210.7,212.1,210.1,210.4,60500.313,2023-08-21 20:00:00
1692662400000,210.4,210.8,209.6,210.0,41743.069,2023-08-22 00:00:00
1692676800000,210.1,210.1,208.3,209.8,92272.309,2023-08-22 04:00:00
1692691200000,209.9,210.9,208.8,209.1,72844.857,2023-08-22 08:00:00
1692705600000,209.1,209.9,204.3,205.6,216469.393,2023-08-22 12:00:00
1692720000000,205.5,210.4,203.4,208.4,278586.87,2023-08-22 16:00:00
1692734400000,208.3,213.0,204.7,210.9,174009.093,2023-08-22 20:00:00
1692748800000,210.9,215.6,210.8,212.5,157205.05,2023-08-23 00:00:00
1692763200000,212.6,216.6,212.3,216.4,103542.243,2023-08-23 04:00:00
1692777600000,216.4,216.7,214.2,214.8,54833.516,2023-08-23 08:00:00
1692792000000,214.7,215.7,212.5,215.4,106765.605,2023-08-23 12:00:00
1692806400000,215.4,218.8,215.1,217.8,166998.899,2023-08-23 16:00:00
1692820800000,217.8,218.2,214.8,216.6,56751.208,2023-08-23 20:00:00
1692835200000,216.7,217.3,215.6,217.3,25438.013,2023-08-24 00:00:00
1692849600000,217.2,221.2,216.6,219.3,81704.524,2023-08-24 04:00:00
1692864000000,219.4,220.7,218.6,219.6,74782.887,2023-08-24 08:00:00
1692878400000,219.6,220.1,216.5,216.7,96131.373,2023-08-24 12:00:00
1692892800000,216.7,218.8,216.5,217.0,47681.056,2023-08-24 16:00:00
1692907200000,217.0,219.3,215.6,219.0,43128.158,2023-08-24 20:00:00
1692921600000,219.0,219.6,215.8,217.1,57755.021,2023-08-25 00:00:00
1692936000000,217.2,217.2,213.7,215.3,78799.969,2023-08-25 04:00:00
1692950400000,215.3,216.7,215.2,216.3,48823.589,2023-08-25 08:00:00
1692964800000,216.3,218.7,215.2,216.8,102959.241,2023-08-25 12:00:00
1692979200000,216.9,218.4,216.4,217.4,65682.647,2023-08-25 16:00:00
1692993600000,217.4,218.7,217.0,218.4,26671.638,2023-08-25 20:00:00
1693008000000,218.5,219.3,217.4,217.8,37573.305,2023-08-26 00:00:00
1693022400000,217.7,217.9,216.9,217.2,26915.741,2023-08-26 04:00:00
1693036800000,217.2,217.4,216.5,217.4,27580.79,2023-08-26 08:00:00
1693051200000,217.4,217.5,216.7,217.3,15001.238,2023-08-26 12:00:00
1693065600000,217.3,217.3,216.2,216.6,18452.639,2023-08-26 16:00:00
1693080000000,216.6,216.7,216.1,216.5,21311.558,2023-08-26 20:00:00
1693094400000,216.4,216.8,216.1,216.2,18772.485,2023-08-27 00:00:00
1693108800000,216.2,217.1,215.9,216.7,23620.779,2023-08-27 04:00:00
1693123200000,216.6,217.6,216.5,216.9,33586.063,2023-08-27 08:00:00
1693137600000,216.9,219.2,216.7,218.6,54154.225,2023-08-27 12:00:00
1693152000000,218.6,219.8,218.2,218.7,39734.19,2023-08-27 16:00:00
1693166400000,218.8,218.9,217.6,218.4,16985.442,2023-08-27 20:00:00
1693180800000,218.4,218.5,217.2,218.0,44556.448,2023-08-28 00:00:00
1693195200000,217.9,218.1,215.7,216.2,50717.43,2023-08-28 04:00:00
1693209600000,216.2,216.8,215.1,216.7,58481.381,2023-08-28 08:00:00
1693224000000,216.8,219.0,216.5,218.4,78176.396,2023-08-28 12:00:00
1693238400000,218.4,219.5,217.2,217.8,54201.948,2023-08-28 16:00:00
1693252800000,217.8,219.2,217.4,218.8,24185.839,2023-08-28 20:00:00
1693267200000,218.8,219.5,217.8,218.3,29707.903,2023-08-29 00:00:00
1693281600000,218.2,218.5,217.4,217.6,26330.999,2023-08-29 04:00:00
1693296000000,217.5,217.9,217.0,217.5,28190.009,2023-08-29 08:00:00
1693310400000,217.4,234.8,217.1,228.2,379151.949,2023-08-29 12:00:00
1693324800000,228.3,230.7,227.1,227.2,150209.47,2023-08-29 16:00:00
1693339200000,227.2,227.9,225.9,226.9,52609.319,2023-08-29 20:00:00
1693353600000,226.9,227.3,224.3,225.3,72573.395,2023-08-30 00:00:00
1693368000000,225.3,225.7,224.4,225.2,28342.096,2023-08-30 04:00:00
1693382400000,225.2,225.5,224.1,224.3,36407.173,2023-08-30 08:00:00
1693396800000,224.3,225.0,222.0,223.1,101437.557,2023-08-30 12:00:00
1693411200000,223.1,223.2,221.7,222.7,39284.726,2023-08-30 16:00:00
1693425600000,222.8,224.0,222.7,223.8,27049.491,2023-08-30 20:00:00
1693440000000,223.8,223.8,222.5,222.8,22953.719,2023-08-31 00:00:00
1693454400000,222.8,224.0,222.6,223.5,26714.04,2023-08-31 04:00:00
1693468800000,223.5,226.0,222.9,224.6,71969.732,2023-08-31 08:00:00
1693483200000,224.6,224.8,220.6,221.5,94002.163,2023-08-31 12:00:00
1693497600000,221.5,221.5,215.8,217.1,166932.612,2023-08-31 16:00:00
1693512000000,217.2,217.3,214.4,216.7,69445.647,2023-08-31 20:00:00
1693526400000,216.7,218.4,216.3,216.8,45163.539,2023-09-01 00:00:00
1693540800000,216.8,216.8,213.5,214.2,97061.609,2023-09-01 04:00:00
1693555200000,214.3,215.2,213.9,214.9,49991.011,2023-09-01 08:00:00
1693569600000,214.8,215.7,212.0,213.3,94064.92,2023-09-01 12:00:00
1693584000000,213.4,214.4,211.2,213.2,124143.956,2023-09-01 16:00:00
1693598400000,213.2,215.0,212.9,213.7,51408.203,2023-09-01 20:00:00
1693612800000,213.7,215.5,213.4,214.8,43036.648,2023-09-02 00:00:00
1693627200000,214.8,215.6,214.0,214.2,29972.682,2023-09-02 04:00:00
1693641600000,214.3,215.1,213.6,214.7,39945.215,2023-09-02 08:00:00
1693656000000,214.7,215.9,214.2,214.7,39145.308,2023-09-02 12:00:00
1693670400000,214.7,215.0,213.0,213.7,36999.244,2023-09-02 16:00:00
1693684800000,213.7,214.5,213.5,214.4,18630.629,2023-09-02 20:00:00
1693699200000,214.4,214.5,213.4,214.0,29697.667,2023-09-03 00:00:00
1693713600000,214.1,214.7,213.5,214.6,26912.193,2023-09-03 04:00:00
1693728000000,214.6,214.8,214.0,214.6,24071.689,2023-09-03 08:00:00
1693742400000,214.7,215.2,213.7,213.8,32647.512,2023-09-03 12:00:00
1693756800000,213.8,214.9,213.2,214.3,34361.664,2023-09-03 16:00:00
1693771200000,214.3,214.9,213.9,214.4,20767.517,2023-09-03 20:00:00
1693785600000,214.4,216.5,214.0,215.4,48691.92,2023-09-04 00:00:00
1693800000000,215.5,215.6,214.1,214.6,32830.868,2023-09-04 04:00:00
1693814400000,214.6,215.1,213.5,213.7,45142.172,2023-09-04 08:00:00
1693828800000,213.6,216.5,213.1,215.0,107911.209,2023-09-04 12:00:00
1693843200000,215.1,216.0,214.9,215.8,33566.819,2023-09-04 16:00:00
1693857600000,215.7,215.9,213.7,215.2,37172.457,2023-09-04 20:00:00
1693872000000,215.3,215.4,213.5,214.3,39118.24,2023-09-05 00:00:00
1693886400000,214.4,215.1,214.2,214.8,27562.309,2023-09-05 04:00:00
1693900800000,214.8,215.8,214.5,215.0,46407.966,2023-09-05 08:00:00
1693915200000,215.1,216.1,214.2,215.2,71855.27,2023-09-05 12:00:00
1693929600000,215.2,215.6,214.4,214.5,34541.677,2023-09-05 16:00:00
1693944000000,214.5,214.8,214.1,214.6,23278.617,2023-09-05 20:00:00
1693958400000,214.6,215.6,214.4,215.0,30624.157,2023-09-06 00:00:00
1693972800000,215.0,215.1,214.1,214.4,25827.178,2023-09-06 04:00:00
1693987200000,214.4,215.1,214.3,215.0,21859.141,2023-09-06 08:00:00
1694001600000,214.9,215.2,213.1,213.6,57880.75,2023-09-06 12:00:00
1694016000000,213.6,218.8,211.8,214.9,146460.524,2023-09-06 16:00:00
1694030400000,214.9,215.3,214.3,215.2,18171.674,2023-09-06 20:00:00
1694044800000,215.2,215.8,214.7,215.8,25583.406,2023-09-07 00:00:00
1694059200000,215.7,216.2,215.2,215.4,23640.392,2023-09-07 04:00:00
1694073600000,215.4,215.7,213.6,213.9,44544.741,2023-09-07 08:00:00
1694088000000,213.8,215.0,213.6,214.6,47113.677,2023-09-07 12:00:00
1694102400000,214.7,215.8,214.4,214.9,35439.439,2023-09-07 16:00:00
1694116800000,214.9,217.9,214.8,217.1,71413.841,2023-09-07 20:00:00
1694131200000,217.1,218.8,216.7,217.3,44904.416,2023-09-08 00:00:00
1694145600000,217.4,218.1,216.6,217.0,39368.354,2023-09-08 04:00:00
1694160000000,217.0,217.2,213.4,214.4,73498.714,2023-09-08 08:00:00
1694174400000,214.4,215.0,214.0,214.2,32518.945,2023-09-08 12:00:00
1694188800000,214.2,214.5,213.4,214.5,30270.439,2023-09-08 16:00:00
1694203200000,214.5,214.7,213.9,214.7,14683.428,2023-09-08 20:00:00
1694217600000,214.7,215.0,214.3,214.9,10579.715,2023-09-09 00:00:00
1694232000000,214.9,215.2,214.6,215.2,10813.736,2023-09-09 04:00:00
1694246400000,215.2,215.4,214.9,215.2,14403.556,2023-09-09 08:00:00
1694260800000,215.2,215.3,214.6,215.1,24985.138,2023-09-09 12:00:00
1694275200000,215.2,215.4,214.5,214.8,14457.112,2023-09-09 16:00:00
1694289600000,214.9,214.9,214.1,214.1,19512.989,2023-09-09 20:00:00
1694304000000,214.2,214.3,213.7,213.9,18686.553,2023-09-10 00:00:00
1694318400000,213.9,214.0,211.5,213.2,76208.237,2023-09-10 04:00:00
1694332800000,213.2,213.3,212.2,212.7,26666.641,2023-09-10 08:00:00
1694347200000,212.7,213.5,211.8,212.9,50609.113,2023-09-10 12:00:00
1694361600000,212.9,213.0,211.1,212.5,73386.266,2023-09-10 16:00:00
1694376000000,212.5,213.8,212.2,212.4,35925.569,2023-09-10 20:00:00
1694390400000,212.4,212.7,211.1,211.9,37407.844,2023-09-11 00:00:00
1694404800000,211.9,212.7,211.2,211.3,44380.475,2023-09-11 04:00:00
1694419200000,211.3,211.4,206.5,207.1,173939.068,2023-09-11 08:00:00
1694433600000,207.1,208.5,204.4,206.5,186611.38,2023-09-11 12:00:00
1694448000000,206.5,207.3,203.9,204.8,79448.7,2023-09-11 16:00:00
1694462400000,204.9,206.8,204.0,206.1,58305.656,2023-09-11 20:00:00
1694476800000,206.2,210.9,204.9,209.2,129302.127,2023-09-12 00:00:00
1694491200000,209.2,210.3,207.8,209.7,75494.642,2023-09-12 04:00:00
1694505600000,209.7,214.3,209.0,212.5,120012.72,2023-09-12 08:00:00
1694520000000,212.5,213.3,211.1,212.8,65906.487,2023-09-12 12:00:00
1694534400000,212.8,214.3,210.5,212.2,91220.974,2023-09-12 16:00:00
1694548800000,212.2,213.1,210.3,210.7,41798.049,2023-09-12 20:00:00
1694563200000,210.8,211.9,209.4,209.8,51784.356,2023-09-13 00:00:00
1694577600000,209.9,212.0,209.3,210.3,63844.844,2023-09-13 04:00:00
1694592000000,210.3,212.3,210.0,212.2,51398.189,2023-09-13 08:00:00
1694606400000,212.2,213.1,210.9,212.4,71997.941,2023-09-13 12:00:00
1694620800000,212.5,213.3,211.1,212.0,44656.541,2023-09-13 16:00:00
1694635200000,212.1,213.0,212.0,212.5,17773.004,2023-09-13 20:00:00
1694649600000,212.5,215.0,211.0,211.9,97779.312,2023-09-14 00:00:00
1694664000000,211.9,212.5,211.1,212.0,30254.539,2023-09-14 04:00:00
1694678400000,212.1,212.9,211.5,212.6,38050.303,2023-09-14 08:00:00
1694692800000,212.6,214.3,211.6,213.1,100423.789,2023-09-14 12:00:00
1694707200000,213.1,213.4,211.7,212.8,55100.041,2023-09-14 16:00:00
1694721600000,212.9,213.1,211.8,212.2,32414.569,2023-09-14 20:00:00
1694736000000,212.2,213.1,211.6,212.7,51933.117,2023-09-15 00:00:00
1694750400000,212.8,213.3,211.8,211.9,36602.78,2023-09-15 04:00:00
1694764800000,211.9,213.4,211.7,212.0,58535.263,2023-09-15 08:00:00
1694779200000,212.0,212.6,210.9,212.2,66238.92,2023-09-15 12:00:00
1694793600000,212.1,212.5,211.7,212.1,27437.65,2023-09-15 16:00:00
1694808000000,212.1,215.0,211.9,214.1,72109.267,2023-09-15 20:00:00
1694822400000,214.1,215.8,214.0,214.4,61684.431,2023-09-16 00:00:00
1694836800000,214.4,216.0,214.2,215.0,70383.614,2023-09-16 04:00:00
1694851200000,215.0,215.0,213.4,214.3,61123.007,2023-09-16 08:00:00
1694865600000,214.2,214.5,213.3,214.1,35105.524,2023-09-16 12:00:00
1694880000000,214.0,214.9,213.9,214.4,28954.395,2023-09-16 16:00:00
1694894400000,214.3,215.2,214.2,214.9,31446.114,2023-09-16 20:00:00
1694908800000,214.9,215.1,213.3,214.9,73556.917,2023-09-17 00:00:00
1694923200000,214.8,215.0,214.3,214.5,24653.025,2023-09-17 04:00:00
1694937600000,214.5,215.2,214.3,214.6,32681.049,2023-09-17 08:00:00
1694952000000,214.7,216.8,214.5,216.2,79022.882,2023-09-17 12:00:00
1694966400000,216.3,216.5,215.1,216.5,49498.714,2023-09-17 16:00:00
1694980800000,216.5,216.5,215.0,216.5,73589.881,2023-09-17 20:00:00
1694995200000,216.4,218.8,214.9,217.7,128676.632,2023-09-18 00:00:00
1695009600000,217.7,218.0,216.6,216.9,73657.155,2023-09-18 04:00:00
1695024000000,216.9,220.0,216.4,219.7,132081.431,2023-09-18 08:00:00
1695038400000,219.7,221.3,218.4,219.5,98619.361,2023-09-18 12:00:00
1695052800000,219.5,219.8,215.4,216.5,133666.061,2023-09-18 16:00:00
1695067200000,216.6,216.8,215.1,216.0,33455.97,2023-09-18 20:00:00
1695081600000,216.0,216.9,215.3,216.5,38004.797,2023-09-19 00:00:00
1695096000000,216.4,217.1,216.0,216.9,32491.273,2023-09-19 04:00:00
1695110400000,217.0,219.9,216.9,218.2,81992.79,2023-09-19 08:00:00
1695124800000,218.2,218.7,216.4,218.3,107360.798,2023-09-19 12:00:00
1695139200000,218.3,218.6,216.3,217.0,57195.839,2023-09-19 16:00:00
1695153600000,217.0,217.4,216.1,217.2,30216.251,2023-09-19 20:00:00
1695168000000,217.2,217.8,216.2,216.3,31762.659,2023-09-20 00:00:00
1695182400000,216.4,216.7,215.6,216.3,38201.3,2023-09-20 04:00:00
1695196800000,216.3,217.1,214.7,215.9,69308.028,2023-09-20 08:00:00
1695211200000,215.9,216.7,215.1,215.8,57334.257,2023-09-20 12:00:00
1695225600000,215.8,216.8,213.3,214.3,96412.119,2023-09-20 16:00:00
1695240000000,214.4,215.5,213.5,214.4,75807.383,2023-09-20 20:00:00
1695254400000,214.3,215.1,213.7,214.9,61061.924,2023-09-21 00:00:00
1695268800000,214.9,215.1,213.0,213.2,46473.874,2023-09-21 04:00:00
1695283200000,213.3,213.6,209.3,210.5,151051.9,2023-09-21 08:00:00
1695297600000,210.6,212.1,209.1,210.7,104818.579,2023-09-21 12:00:00
1695312000000,210.6,211.3,210.5,210.6,31219.08,2023-09-21 16:00:00
1695326400000,210.7,211.0,209.9,210.8,17686.852,2023-09-21 20:00:00
1695340800000,210.8,213.0,209.6,211.8,48848.341,2023-09-22 00:00:00
1695355200000,211.9,212.0,210.4,211.5,40713.977,2023-09-22 04:00:00
1695369600000,211.5,211.8,210.7,211.1,41926.311,2023-09-22 08:00:00
1695384000000,211.2,211.3,210.2,210.7,42593.67,2023-09-22 12:00:00
1695398400000,210.6,211.2,209.7,210.6,43041.342,2023-09-22 16:00:00
1695412800000,210.6,211.3,210.1,211.1,20553.594,2023-09-22 20:00:00
1695427200000,211.1,211.7,210.1,210.2,24966.674,2023-09-23 00:00:00
1695441600000,210.2,210.9,209.9,210.8,19795.727,2023-09-23 04:00:00
1695456000000,210.9,211.1,210.5,210.7,17259.665,2023-09-23 08:00:00
1695470400000,210.8,211.0,210.2,210.6,17721.479,2023-09-23 12:00:00
1695484800000,210.5,210.8,210.2,210.8,29397.908,2023-09-23 16:00:00
1695499200000,210.7,210.8,210.1,210.5,8476.757,2023-09-23 20:00:00
1695513600000,210.4,210.6,209.9,210.0,16217.434,2023-09-24 00:00:00
1695528000000,210.1,210.6,209.8,210.3,20024.28,2023-09-24 04:00:00
1695542400000,210.4,210.9,210.3,210.7,19503.51,2023-09-24 08:00:00
1695556800000,210.8,210.9,210.4,210.7,18502.954,2023-09-24 12:00:00
1695571200000,210.7,211.2,209.2,209.4,50806.929,2023-09-24 16:00:00
1695585600000,209.4,209.8,206.5,208.3,60124.395,2023-09-24 20:00:00
1695600000000,208.3,209.4,206.5,208.8,52483.993,2023-09-25 00:00:00
1695614400000,208.7,210.0,208.3,209.4,43199.593,2023-09-25 04:00:00
1695628800000,209.4,209.7,207.7,208.2,33846.506,2023-09-25 08:00:00
1695643200000,208.2,209.6,207.6,209.0,67106.443,2023-09-25 12:00:00
1695657600000,209.0,210.5,209.0,210.0,59794.228,2023-09-25 16:00:00
1695672000000,210.0,210.6,209.6,209.9,15970.702,2023-09-25 20:00:00
1695686400000,210.0,212.2,209.7,211.5,48197.534,2023-09-26 00:00:00
1695700800000,211.6,212.5,211.1,212.4,39267.404,2023-09-26 04:00:00
1695715200000,212.4,213.7,211.8,212.6,80673.545,2023-09-26 08:00:00
1695729600000,212.6,212.8,210.8,210.9,49736.884,2023-09-26 12:00:00
1695744000000,211.0,212.3,210.8,212.1,31708.139,2023-09-26 16:00:00
1695758400000,212.1,212.6,210.7,212.6,31126.083,2023-09-26 20:00:00
1695772800000,212.6,213.3,212.1,213.1,31468.453,2023-09-27 00:00:00
1695787200000,213.2,213.5,212.6,213.2,45028.929,2023-09-27 04:00:00
1695801600000,213.1,216.0,212.3,215.4,99029.931,2023-09-27 08:00:00
1695816000000,215.4,215.8,211.7,212.4,118028.284,2023-09-27 12:00:00
1695830400000,212.4,212.9,210.5,211.6,77251.894,2023-09-27 16:00:00
1695844800000,211.6,212.2,211.0,212.0,38559.906,2023-09-27 20:00:00
1695859200000,212.1,213.1,211.8,212.1,43604.777,2023-09-28 00:00:00
1695873600000,212.1,213.3,211.5,213.1,52469.362,2023-09-28 04:00:00
1695888000000,213.1,214.2,212.6,213.6,53141.683,2023-09-28 08:00:00
1695902400000,213.7,215.7,213.4,215.6,99466.701,2023-09-28 12:00:00
1695916800000,215.6,217.0,214.2,215.3,110335.143,2023-09-28 16:00:00
1695931200000,215.3,215.7,214.3,215.0,35067.877,2023-09-28 20:00:00
1695945600000,215.0,215.7,214.5,214.8,38007.818,2023-09-29 00:00:00
1695960000000,214.9,217.6,214.3,216.9,82509.088,2023-09-29 04:00:00
1695974400000,217.0,217.0,215.7,215.9,70521.854,2023-09-29 08:00:00
1695988800000,216.0,216.6,214.4,215.9,130112.668,2023-09-29 12:00:00
1696003200000,215.9,216.1,214.7,215.6,27895.234,2023-09-29 16:00:00
1696017600000,215.6,216.0,214.8,215.2,22877.299,2023-09-29 20:00:00
1696032000000,215.2,215.7,214.1,214.6,45211.297,2023-09-30 00:00:00
1696046400000,214.6,215.2,214.4,214.5,22603.424,2023-09-30 04:00:00
1696060800000,214.5,215.2,214.3,214.7,27949.961,2023-09-30 08:00:00
1696075200000,214.7,216.5,214.4,215.8,34317.695,2023-09-30 12:00:00
1696089600000,215.9,216.2,215.4,215.7,29402.012,2023-09-30 16:00:00
1696104000000,215.8,215.9,214.5,214.6,19590.767,2023-09-30 20:00:00
1696118400000,214.6,215.4,214.4,215.3,31925.543,2023-10-01 00:00:00
1696132800000,215.3,215.3,214.7,214.9,32045.989,2023-10-01 04:00:00
1696147200000,215.0,216.5,214.6,216.1,59837.932,2023-10-01 08:00:00
1696161600000,216.2,216.3,214.9,215.7,63680.156,2023-10-01 12:00:00
1696176000000,215.7,215.8,213.1,214.1,53278.143,2023-10-01 16:00:00
1696190400000,214.1,219.4,213.5,218.2,174276.815,2023-10-01 20:00:00
1696204800000,218.2,220.1,217.1,219.2,110853.702,2023-10-02 00:00:00
1696219200000,219.2,220.0,218.0,219.9,69545.206,2023-10-02 04:00:00
1696233600000,219.9,221.6,218.6,218.8,79040.888,2023-10-02 08:00:00
1696248000000,218.8,219.5,215.7,216.2,133264.195,2023-10-02 12:00:00
1696262400000,216.2,217.0,213.1,215.1,118859.324,2023-10-02 16:00:00
1696276800000,215.1,215.2,213.1,214.6,54385.821,2023-10-02 20:00:00
1696291200000,214.6,215.5,214.3,215.4,32764.011,2023-10-03 00:00:00
1696305600000,215.4,215.8,214.6,215.3,40269.854,2023-10-03 04:00:00
1696320000000,215.3,215.8,213.5,213.9,58725.48,2023-10-03 08:00:00
1696334400000,213.9,214.9,212.7,213.5,72552.443,2023-10-03 12:00:00
1696348800000,213.6,214.1,212.8,212.9,39799.805,2023-10-03 16:00:00
1696363200000,213.0,213.8,212.4,213.5,50399.49,2023-10-03 20:00:00
1696377600000,213.5,213.5,210.9,212.0,96553.923,2023-10-04 00:00:00
1696392000000,212.0,212.3,210.8,212.2,38860.541,2023-10-04 04:00:00
1696406400000,212.3,212.9,212.1,212.5,35337.97,2023-10-04 08:00:00
1696420800000,212.5,213.4,211.5,211.8,73331.157,2023-10-04 12:00:00
1696435200000,211.9,213.6,211.7,212.8,61741.003,2023-10-04 16:00:00
1696449600000,212.9,213.8,212.5,213.4,23057.896,2023-10-04 20:00:00
1696464000000,213.4,213.9,212.7,212.7,35307.634,2023-10-05 00:00:00
1696478400000,212.8,213.1,211.9,212.4,27978.849,2023-10-05 04:00:00
1696492800000,212.3,212.9,212.2,212.4,20351.544,2023-10-05 08:00:00
1696507200000,212.4,213.3,210.5,211.2,88304.493,2023-10-05 12:00:00
1696521600000,211.2,211.6,210.2,211.0,55078.253,2023-10-05 16:00:00
1696536000000,211.1,211.3,210.4,210.6,32353.266,2023-10-05 20:00:00
1696550400000,210.7,211.8,210.5,211.5,22045.403,2023-10-06 00:00:00
1696564800000,211.6,212.6,211.1,212.5,23496.647,2023-10-06 04:00:00
1696579200000,212.5,212.6,211.7,212.1,28136.701,2023-10-06 08:00:00
1696593600000,212.1,212.8,210.1,212.6,97322.703,2023-10-06 12:00:00
1696608000000,212.7,214.1,211.9,213.5,47907.888,2023-10-06 16:00:00
1696622400000,213.5,214.6,213.1,213.4,39957.211,2023-10-06 20:00:00
1696636800000,213.4,213.8,213.2,213.2,25115.768,2023-10-07 00:00:00
1696651200000,213.3,213.7,213.2,213.4,19779.508,2023-10-07 04:00:00
1696665600000,213.4,213.8,212.4,212.6,25921.051,2023-10-07 08:00:00
1696680000000,212.5,213.1,212.3,212.6,24031.911,2023-10-07 12:00:00
1696694400000,212.6,212.6,211.5,211.6,18473.771,2023-10-07 16:00:00
1696708800000,211.6,212.3,211.5,212.3,12268.783,2023-10-07 20:00:00
1696723200000,212.2,212.7,211.9,212.6,19507.605,2023-10-08 00:00:00
1696737600000,212.6,212.7,211.3,211.6,29735.454,2023-10-08 04:00:00
1696752000000,211.7,211.7,208.8,210.1,74071.91,2023-10-08 08:00:00
1696766400000,210.1,212.8,209.8,211.6,63931.189,2023-10-08 12:00:00
1696780800000,211.6,211.9,211.0,211.6,18425.622,2023-10-08 16:00:00
1696795200000,211.7,212.1,210.9,211.4,19586.525,2023-10-08 20:00:00
1696809600000,211.3,212.2,210.5,211.9,36076.012,2023-10-09 00:00:00
1696824000000,211.9,212.2,210.7,211.0,35773.321,2023-10-09 04:00:00
1696838400000,211.0,211.3,206.1,207.1,142761.784,2023-10-09 08:00:00
1696852800000,207.1,208.2,206.2,206.8,81998.996,2023-10-09 12:00:00
1696867200000,206.8,207.5,202.0,206.0,232007.183,2023-10-09 16:00:00
1696881600000,206.0,206.6,204.8,205.8,43700.909,2023-10-09 20:00:00
1696896000000,205.9,207.7,205.5,206.6,70545.597,2023-10-10 00:00:00
1696910400000,206.6,209.4,206.3,208.6,80465.674,2023-10-10 04:00:00
1696924800000,208.6,213.1,206.9,207.1,248043.846,2023-10-10 08:00:00
1696939200000,207.0,208.7,206.3,207.3,87288.8,2023-10-10 12:00:00
1696953600000,207.3,209.2,206.7,208.7,60921.259,2023-10-10 16:00:00
1696968000000,208.8,208.9,207.1,208.6,30459.838,2023-10-10 20:00:00
1696982400000,208.6,208.8,204.3,205.4,117585.589,2023-10-11 00:00:00
1696996800000,205.4,206.7,205.2,206.1,52132.959,2023-10-11 04:00:00
1697011200000,206.2,208.4,205.4,207.7,62369.204,2023-10-11 08:00:00
1697025600000,207.6,207.9,204.8,205.3,82678.867,2023-10-11 12:00:00
1697040000000,205.3,206.4,204.4,206.1,56090.444,2023-10-11 16:00:00
1697054400000,206.1,206.7,205.6,206.6,26343.754,2023-10-11 20:00:00
1697068800000,206.6,206.8,204.9,205.8,40660.274,2023-10-12 00:00:00
1697083200000,205.9,206.3,205.2,205.4,30244.474,2023-10-12 04:00:00
1697097600000,205.3,207.3,202.8,205.9,103033.954,2023-10-12 08:00:00
1697112000000,205.9,206.5,205.0,205.6,73790.599,2023-10-12 12:00:00
1697126400000,205.6,206.1,203.9,205.4,78416.851,2023-10-12 16:00:00
1697140800000,205.4,205.8,204.8,205.1,29370.806,2023-10-12 20:00:00
1697155200000,205.1,206.7,204.8,205.1,57574.537,2023-10-13 00:00:00
1697169600000,205.2,206.3,204.3,206.3,49669.351,2023-10-13 04:00:00
1697184000000,206.3,206.3,205.0,205.6,36243.466,2023-10-13 08:00:00
1697198400000,205.6,206.7,205.1,205.6,47909.471,2023-10-13 12:00:00
1697212800000,205.6,206.4,205.2,205.5,41920.028,2023-10-13 16:00:00
1697227200000,205.6,208.3,205.5,206.1,97984.067,2023-10-13 20:00:00
1697241600000,206.1,206.9,205.9,206.6,29501.173,2023-10-14 00:00:00
1697256000000,206.6,207.1,206.0,206.3,21044.705,2023-10-14 04:00:00
1697270400000,206.3,206.5,205.7,205.9,27244.794,2023-10-14 08:00:00
1697284800000,205.8,206.8,205.7,206.8,29126.288,2023-10-14 12:00:00
1697299200000,206.8,206.9,206.3,206.4,18302.317,2023-10-14 16:00:00
1697313600000,206.3,207.0,206.1,206.5,17521.855,2023-10-14 20:00:00
1697328000000,206.5,208.3,206.3,207.1,58526.24,2023-10-15 00:00:00
1697342400000,207.1,207.5,206.9,207.4,32320.293,2023-10-15 04:00:00
1697356800000,207.3,207.8,207.0,207.1,29435.928,2023-10-15 08:00:00
1697371200000,207.0,213.0,206.3,209.3,164100.885,2023-10-15 12:00:00
1697385600000,209.3,210.2,208.8,209.6,43416.929,2023-10-15 16:00:00
1697400000000,209.6,210.5,209.1,209.7,37830.279,2023-10-15 20:00:00
1697414400000,209.8,211.3,209.6,210.6,41063.694,2023-10-16 00:00:00
1697428800000,210.6,214.4,210.4,212.8,144808.294,2023-10-16 04:00:00
1697443200000,212.8,213.4,212.2,212.8,53400.979,2023-10-16 08:00:00
1697457600000,212.8,219.0,211.4,212.7,416854.105,2023-10-16 12:00:00
1697472000000,212.8,215.2,212.7,214.4,76860.794,2023-10-16 16:00:00
1697486400000,214.5,215.4,213.4,214.6,40191.944,2023-10-16 20:00:00
1697500800000,214.7,215.0,213.5,213.5,34871.621,2023-10-17 00:00:00
1697515200000,213.5,213.8,212.6,213.6,47504.398,2023-10-17 04:00:00
1697529600000,213.5,213.9,212.0,212.4,62001.248,2023-10-17 08:00:00
1697544000000,212.5,214.9,209.0,212.1,152349.759,2023-10-17 12:00:00
1697558400000,212.0,212.5,210.6,211.6,50911.402,2023-10-17 16:00:00
1697572800000,211.6,211.7,210.9,211.4,25169.588,2023-10-17 20:00:00
1697587200000,211.4,212.5,211.0,212.4,30622.727,2023-10-18 00:00:00
1697601600000,212.4,213.9,212.3,212.5,65202.516,2023-10-18 04:00:00
1697616000000,212.6,213.4,212.2,212.7,38265.573,2023-10-18 08:00:00
1697630400000,212.7,213.0,211.2,211.7,51994.439,2023-10-18 12:00:00
1697644800000,211.7,212.2,210.2,210.7,34546.228,2023-10-18 16:00:00
1697659200000,210.7,210.9,209.9,210.2,40310.855,2023-10-18 20:00:00
1697673600000,210.3,210.8,208.2,209.2,55529.53,2023-10-19 00:00:00
1697688000000,209.2,210.2,208.8,210.1,24642.734,2023-10-19 04:00:00
1697702400000,210.1,211.1,209.5,210.5,51526.577,2023-10-19 08:00:00
1697716800000,210.5,211.5,210.2,210.3,54900.588,2023-10-19 12:00:00
1697731200000,210.3,210.7,210.1,210.5,50754.056,2023-10-19 16:00:00
1697745600000,210.6,211.2,210.0,211.2,37138.004,2023-10-19 20:00:00
1697760000000,211.2,213.4,210.5,212.7,59660.019,2023-10-20 00:00:00
1697774400000,212.8,213.9,212.2,212.4,47783.753,2023-10-20 04:00:00
1697788800000,212.4,216.6,212.3,214.0,135730.678,2023-10-20 08:00:00
1697803200000,214.1,214.2,212.7,212.8,53916.843,2023-10-20 12:00:00
1697817600000,212.9,213.2,212.0,212.9,31082.884,2023-10-20 16:00:00
1697832000000,212.9,213.0,212.0,212.1,16753.029,2023-10-20 20:00:00
1697846400000,212.1,212.5,211.4,212.2,25968.102,2023-10-21 00:00:00
1697860800000,212.1,213.0,211.9,212.8,25163.681,2023-10-21 04:00:00
1697875200000,212.8,213.5,212.4,213.3,38972.81,2023-10-21 08:00:00
1697889600000,213.3,214.4,212.3,214.3,50784.554,2023-10-21 12:00:00
1697904000000,214.4,215.8,213.5,215.2,68098.045,2023-10-21 16:00:00
1697918400000,215.2,215.5,213.9,214.2,54195.32,2023-10-21 20:00:00
1697932800000,214.2,215.2,213.8,214.2,39036.219,2023-10-22 00:00:00
1697947200000,214.2,216.7,213.6,214.3,71843.267,2023-10-22 04:00:00
1697961600000,214.3,214.8,213.6,213.9,28959.774,2023-10-22 08:00:00
1697976000000,213.9,215.0,213.8,214.2,31515.283,2023-10-22 12:00:00
1697990400000,214.2,215.7,213.9,215.2,34535.543,2023-10-22 16:00:00
1698004800000,215.2,218.4,214.8,217.8,85954.983,2023-10-22 20:00:00
1698019200000,217.8,222.8,216.9,222.2,167554.142,2023-10-23 00:00:00
1698033600000,222.2,222.8,218.7,219.5,111608.034,2023-10-23 04:00:00
1698048000000,219.5,220.9,218.2,220.1,62926.106,2023-10-23 08:00:00
1698062400000,220.1,220.6,218.1,219.3,66942.393,2023-10-23 12:00:00
1698076800000,219.2,222.3,219.0,222.2,105731.588,2023-10-23 16:00:00
1698091200000,222.2,231.0,221.6,228.5,326630.902,2023-10-23 20:00:00
1698105600000,228.6,238.1,227.9,230.6,309266.324,2023-10-24 00:00:00
1698120000000,230.6,232.1,226.7,227.6,156727.073,2023-10-24 04:00:00
1698134400000,227.6,232.1,226.5,231.7,131125.977,2023-10-24 08:00:00
1698148800000,231.8,233.3,221.2,223.9,242881.881,2023-10-24 12:00:00
1698163200000,224.0,226.5,222.7,225.7,109112.022,2023-10-24 16:00:00
1698177600000,225.7,227.2,223.5,225.2,62295.893,2023-10-24 20:00:00
1698192000000,225.2,229.1,225.0,227.1,107866.183,2023-10-25 00:00:00
1698206400000,227.2,228.1,224.0,224.9,85602.72,2023-10-25 04:00:00
1698220800000,224.9,226.3,223.7,224.5,86744.042,2023-10-25 08:00:00
1698235200000,224.5,227.7,224.2,227.3,126193.623,2023-10-25 12:00:00
1698249600000,227.2,227.7,222.6,223.2,139158.021,2023-10-25 16:00:00
1698264000000,223.2,223.8,221.5,222.1,79225.188,2023-10-25 20:00:00
1698278400000,222.1,226.0,221.6,225.9,114958.042,2023-10-26 00:00:00
1698292800000,225.9,228.0,222.8,226.5,151480.216,2023-10-26 04:00:00
1698307200000,226.5,228.1,223.2,224.8,177178.028,2023-10-26 08:00:00
1698321600000,224.8,226.2,219.2,221.1,182285.695,2023-10-26 12:00:00
1698336000000,221.1,222.7,219.9,222.5,66993.139,2023-10-26 16:00:00
1698350400000,222.5,223.8,222.2,223.2,33305.548,2023-10-26 20:00:00
1698364800000,223.2,223.3,219.9,223.1,59780.788,2023-10-27 00:00:00
1698379200000,223.1,226.6,222.4,223.2,107046.85,2023-10-27 04:00:00
1698393600000,223.1,228.0,223.1,227.6,108316.94,2023-10-27 08:00:00
1698408000000,227.6,231.6,224.0,226.1,475993.762,2023-10-27 12:00:00
1698422400000,226.1,226.6,220.6,224.3,174258.489,2023-10-27 16:00:00
1698436800000,224.3,224.9,223.5,224.1,45520.66,2023-10-27 20:00:00
1698451200000,224.2,227.3,224.1,227.1,71397.916,2023-10-28 00:00:00
1698465600000,227.1,228.0,226.1,227.3,71366.174,2023-10-28 04:00:00
1698480000000,227.2,228.4,226.3,226.7,70438.648,2023-10-28 08:00:00
1698494400000,226.8,227.0,224.8,226.8,79642.43,2023-10-28 12:00:00
1698508800000,226.8,226.8,225.2,225.4,28891.169,2023-10-28 16:00:00
1698523200000,225.3,226.4,225.1,225.7,25955.1,2023-10-28 20:00:00
1698537600000,225.7,226.1,223.6,224.4,49083.379,2023-10-29 00:00:00
1698552000000,224.4,225.9,224.3,225.8,32756.285,2023-10-29 04:00:00
1698566400000,225.8,226.3,225.3,226.0,38613.902,2023-10-29 08:00:00
1698580800000,226.1,227.3,226.0,226.5,58958.278,2023-10-29 12:00:00
1698595200000,226.5,227.5,225.7,226.8,55948.601,2023-10-29 16:00:00
1698609600000,226.8,228.1,226.5,227.1,33673.351,2023-10-29 20:00:00
1698624000000,227.1,227.8,225.5,225.6,68537.648,2023-10-30 00:00:00
1698638400000,225.7,226.2,224.6,226.0,49948.106,2023-10-30 04:00:00
1698652800000,226.0,228.6,225.8,228.2,92354.717,2023-10-30 08:00:00
1698667200000,228.2,229.2,227.4,228.4,74339.238,2023-10-30 12:00:00
1698681600000,228.5,228.8,225.5,228.2,74741.896,2023-10-30 16:00:00
1698696000000,228.2,229.0,227.6,228.0,37198.671,2023-10-30 20:00:00
1698710400000,228.0,229.3,226.3,226.4,61583.673,2023-10-31 00:00:00
1698724800000,226.5,227.7,225.6,225.9,62007.084,2023-10-31 04:00:00
1698739200000,225.9,228.4,225.0,228.1,78058.051,2023-10-31 08:00:00
1698753600000,228.1,228.5,223.9,224.4,153903.992,2023-10-31 12:00:00
1698768000000,224.5,226.2,223.9,225.8,67619.968,2023-10-31 16:00:00
1698782400000,225.8,226.5,225.2,226.2,42100.5,2023-10-31 20:00:00
1698796800000,226.3,227.0,225.0,225.4,50850.793,2023-11-01 00:00:00
1698811200000,225.4,225.6,224.0,224.5,61812.79,2023-11-01 04:00:00
1698825600000,224.6,225.1,223.5,224.5,70332.164,2023-11-01 08:00:00
1698840000000,224.5,226.7,222.3,223.2,138956.891,2023-11-01 12:00:00
1698854400000,223.3,227.8,223.0,226.6,125210.184,2023-11-01 16:00:00
1698868800000,226.6,229.5,226.5,227.9,131484.386,2023-11-01 20:00:00
1698883200000,228.0,232.5,227.5,230.6,145151.066,2023-11-02 00:00:00
1698897600000,230.6,230.9,227.6,229.9,131554.07,2023-11-02 04:00:00
1698912000000,229.9,232.0,228.2,231.9,89167.241,2023-11-02 08:00:00
1698926400000,231.8,233.7,228.2,229.6,255121.821,2023-11-02 12:00:00
1698940800000,229.6,232.6,227.8,232.4,146857.63,2023-11-02 16:00:00
1698955200000,232.5,233.0,230.4,231.9,61364.859,2023-11-02 20:00:00
1698969600000,231.9,232.4,227.3,229.9,105945.081,2023-11-03 00:00:00
1698984000000,230.0,231.3,227.9,229.7,77557.304,2023-11-03 04:00:00
1698998400000,229.7,230.2,225.6,227.7,142276.945,2023-11-03 08:00:00
1699012800000,227.6,229.6,226.4,229.4,82751.419,2023-11-03 12:00:00
1699027200000,229.5,229.8,227.6,229.3,55217.978,2023-11-03 16:00:00
1699041600000,229.4,230.8,229.0,230.2,37623.059,2023-11-03 20:00:00
1699056000000,230.3,231.4,229.3,231.2,40405.906,2023-11-04 00:00:00
1699070400000,231.3,232.2,229.8,231.8,55932.71,2023-11-04 04:00:00
1699084800000,231.9,236.7,231.4,234.5,129533.85,2023-11-04 08:00:00
1699099200000,234.5,236.7,233.8,234.8,71251.174,2023-11-04 12:00:00
1699113600000,234.9,237.4,234.4,236.2,49518.046,2023-11-04 16:00:00
1699128000000,236.2,238.7,235.7,237.1,44839.261,2023-11-04 20:00:00
1699142400000,237.2,243.3,236.1,242.8,111064.368,2023-11-05 00:00:00
1699156800000,242.8,245.0,241.0,244.5,116789.114,2023-11-05 04:00:00
1699171200000,244.4,245.0,241.2,243.8,103927.004,2023-11-05 08:00:00
1699185600000,243.8,244.4,239.0,240.8,131319.011,2023-11-05 12:00:00
1699200000000,240.8,244.1,240.3,243.5,82054.892,2023-11-05 16:00:00
1699214400000,243.5,245.5,240.7,244.0,68145.084,2023-11-05 20:00:00
1699228800000,244.0,246.0,242.5,243.7,80694.202,2023-11-06 00:00:00
1699243200000,243.7,244.4,241.5,244.3,76405.089,2023-11-06 04:00:00
1699257600000,244.3,245.3,242.9,245.3,57689.367,2023-11-06 08:00:00
1699272000000,245.2,254.3,244.9,251.7,416898.394,2023-11-06 12:00:00
1699286400000,251.8,253.8,249.5,253.4,111411.462,2023-11-06 16:00:00
1699300800000,253.4,256.1,252.5,255.1,101825.81,2023-11-06 20:00:00
1699315200000,255.1,255.6,250.0,251.5,135513.903,2023-11-07 00:00:00
1699329600000,251.5,252.8,250.6,251.0,73821.558,2023-11-07 04:00:00
1699344000000,251.1,252.4,246.3,247.6,186083.763,2023-11-07 08:00:00
1699358400000,247.7,248.4,243.1,244.5,172043.581,2023-11-07 12:00:00
1699372800000,244.5,248.1,242.1,247.9,193681.215,2023-11-07 16:00:00
1699387200000,247.8,251.0,245.5,246.2,103901.788,2023-11-07 20:00:00
1699401600000,246.2,247.1,245.2,245.7,75920.771,2023-11-08 00:00:00
1699416000000,245.7,247.9,244.1,245.9,79767.038,2023-11-08 04:00:00
1699430400000,245.9,247.0,244.0,246.6,88908.152,2023-11-08 08:00:00
1699444800000,246.6,247.0,244.3,245.9,73493.617,2023-11-08 12:00:00
1699459200000,245.9,248.3,245.6,247.0,82740.475,2023-11-08 16:00:00
1699473600000,247.1,247.9,245.1,246.7,99573.139,2023-11-08 20:00:00
1699488000000,246.7,250.3,245.7,249.9,115019.511,2023-11-09 00:00:00
1699502400000,250.0,252.0,248.2,248.5,143370.027,2023-11-09 04:00:00
1699516800000,248.4,251.4,248.2,249.5,132959.054,2023-11-09 08:00:00
1699531200000,249.5,255.9,247.2,251.8,386217.102,2023-11-09 12:00:00
1699545600000,251.7,253.1,240.0,244.9,373571.768,2023-11-09 16:00:00
1699560000000,244.9,251.9,242.8,251.6,169283.012,2023-11-09 20:00:00
1699574400000,251.7,258.0,251.0,255.4,231157.33,2023-11-10 00:00:00
1699588800000,255.5,256.9,251.3,251.5,152040.642,2023-11-10 04:00:00
1699603200000,251.5,253.6,249.5,253.0,126479.261,2023-11-10 08:00:00
1699617600000,253.0,253.2,248.1,249.8,157926.19,2023-11-10 12:00:00
1699632000000,249.9,251.6,249.6,250.6,85237.751,2023-11-10 16:00:00
1699646400000,250.7,252.4,249.9,251.0,62095.044,2023-11-10 20:00:00
1699660800000,251.1,252.6,247.0,248.2,154042.244,2023-11-11 00:00:00
1699675200000,248.2,249.3,246.0,248.8,103545.069,2023-11-11 04:00:00
1699689600000,248.7,249.8,248.1,248.8,73624.241,2023-11-11 08:00:00
1699704000000,248.8,254.5,247.9,253.0,173757.657,2023-11-11 12:00:00
1699718400000,253.0,255.2,252.2,253.9,122335.892,2023-11-11 16:00:00
1699732800000,253.8,253.9,249.4,251.5,111451.808,2023-11-11 20:00:00
1699747200000,251.6,252.0,244.5,248.6,198928.299,2023-11-12 00:00:00
1699761600000,248.6,251.0,247.2,250.6,91892.606,2023-11-12 04:00:00
1699776000000,250.5,250.7,248.3,249.1,103334.244,2023-11-12 08:00:00
1699790400000,249.1,249.5,247.2,248.4,99018.585,2023-11-12 12:00:00
1699804800000,248.5,249.0,247.3,247.9,72823.792,2023-11-12 16:00:00
1699819200000,247.8,249.0,246.6,247.4,71128.683,2023-11-12 20:00:00
1699833600000,247.5,250.2,245.2,245.5,163493.521,2023-11-13 00:00:00
1699848000000,245.4,246.7,243.8,245.7,158466.962,2023-11-13 04:00:00
1699862400000,245.7,247.3,243.8,244.9,134507.987,2023-11-13 08:00:00
1699876800000,245.0,247.2,243.0,247.1,193879.659,2023-11-13 12:00:00
1699891200000,247.1,247.5,243.7,246.1,125954.079,2023-11-13 16:00:00
1699905600000,246.1,246.1,240.3,241.1,177615.324,2023-11-13 20:00:00
1699920000000,241.1,242.5,238.0,242.4,165893.454,2023-11-14 00:00:00
1699934400000,242.4,244.6,241.4,244.3,80519.721,2023-11-14 04:00:00
1699948800000,244.4,249.4,243.8,244.5,204363.419,2023-11-14 08:00:00
1699963200000,244.6,247.0,242.5,244.2,216645.076,2023-11-14 12:00:00
1699977600000,244.2,245.7,233.7,240.0,233878.166,2023-11-14 16:00:00
1699992000000,240.0,243.0,239.2,242.3,91564.288,2023-11-14 20:00:00
1700006400000,242.3,245.4,242.1,243.9,120202.023,2023-11-15 00:00:00
1700020800000,243.8,246.7,243.8,245.4,78626.374,2023-11-15 04:00:00
1700035200000,245.3,247.1,244.6,247.0,118115.938,2023-11-15 08:00:00
1700049600000,247.1,254.5,247.0,252.4,309524.688,2023-11-15 12:00:00
1700064000000,252.3,254.5,250.9,253.0,175825.979,2023-11-15 16:00:00
1700078400000,253.0,253.9,250.6,253.7,109021.431,2023-11-15 20:00:00
1700092800000,253.7,254.6,252.0,253.2,122162.617,2023-11-16 00:00:00
1700107200000,253.2,255.5,251.7,254.8,138032.068,2023-11-16 04:00:00
1700121600000,254.8,256.0,250.6,251.7,188966.384,2023-11-16 08:00:00
1700136000000,251.7,251.9,244.8,246.5,273143.266,2023-11-16 12:00:00
1700150400000,246.5,247.9,240.2,243.2,207057.373,2023-11-16 16:00:00
1700164800000,243.3,243.5,240.0,242.7,160787.532,2023-11-16 20:00:00
1700179200000,242.7,245.9,242.4,244.6,93062.018,2023-11-17 00:00:00
1700193600000,244.5,245.8,243.4,244.5,111564.382,2023-11-17 04:00:00
1700208000000,244.5,245.9,242.5,244.3,137163.739,2023-11-17 08:00:00
1700222400000,244.3,245.1,238.3,238.9,200245.988,2023-11-17 12:00:00
1700236800000,239.0,244.4,238.5,243.3,155077.966,2023-11-17 16:00:00
1700251200000,243.3,245.5,242.6,244.9,60003.605,2023-11-17 20:00:00
1700265600000,244.9,244.9,241.3,241.5,75493.327,2023-11-18 00:00:00
1700280000000,241.5,243.0,238.5,241.9,103743.756,2023-11-18 04:00:00
1700294400000,241.9,243.8,241.3,242.9,95489.97,2023-11-18 08:00:00
1700308800000,242.9,244.5,241.1,244.4,89878.635,2023-11-18 12:00:00
1700323200000,244.4,245.2,243.5,245.1,86167.709,2023-11-18 16:00:00
1700337600000,245.1,245.2,243.4,244.8,34963.82,2023-11-18 20:00:00
1700352000000,244.8,244.8,241.8,244.2,73814.872,2023-11-19 00:00:00
1700366400000,244.1,244.8,243.6,244.2,43482.554,2023-11-19 04:00:00
1700380800000,244.3,245.0,242.3,243.2,50305.706,2023-11-19 08:00:00
1700395200000,243.2,243.8,242.1,243.6,65116.987,2023-11-19 12:00:00
1700409600000,243.6,246.0,243.4,245.7,49320.217,2023-11-19 16:00:00
1700424000000,245.8,246.9,244.2,246.4,97060.768,2023-11-19 20:00:00
1700438400000,246.5,247.8,245.3,246.7,73142.332,2023-11-20 00:00:00
1700452800000,246.7,247.5,245.5,247.3,54242.545,2023-11-20 04:00:00
1700467200000,247.3,249.1,246.9,247.5,80923.412,2023-11-20 08:00:00
1700481600000,247.5,248.3,244.2,248.2,128533.972,2023-11-20 12:00:00
1700496000000,248.1,268.4,238.6,257.5,946948.995,2023-11-20 16:00:00
1700510400000,257.4,258.9,250.7,253.1,240003.324,2023-11-20 20:00:00
1700524800000,253.1,267.8,252.4,262.7,432218.214,2023-11-21 00:00:00
1700539200000,262.7,264.4,256.9,257.4,221954.172,2023-11-21 04:00:00
1700553600000,257.4,261.2,257.1,258.7,139704.827,2023-11-21 08:00:00
1700568000000,258.7,271.9,248.0,264.5,712162.992,2023-11-21 12:00:00
1700582400000,264.4,266.9,235.8,240.1,1676416.686,2023-11-21 16:00:00
1700596800000,240.1,248.1,224.0,225.5,867935.887,2023-11-21 20:00:00
1700611200000,225.5,235.0,224.6,234.3,492124.48,2023-11-22 00:00:00
1700625600000,234.2,238.5,232.2,233.0,345084.541,2023-11-22 04:00:00
1700640000000,233.1,237.6,232.6,234.0,228119.88,2023-11-22 08:00:00
1700654400000,234.1,234.8,230.2,231.7,278032.191,2023-11-22 12:00:00
1700668800000,231.6,236.6,229.6,235.3,285895.761,2023-11-22 16:00:00
1700683200000,235.3,238.3,234.2,236.1,162106.392,2023-11-22 20:00:00
1700697600000,236.2,239.2,235.4,235.4,139392.856,2023-11-23 00:00:00
1700712000000,235.5,236.4,233.7,235.2,97648.212,2023-11-23 04:00:00
1700726400000,235.1,236.9,232.2,232.8,144543.964,2023-11-23 08:00:00
1700740800000,232.8,233.7,230.2,230.9,150327.458,2023-11-23 12:00:00
1700755200000,230.9,234.3,230.5,233.7,137616.929,2023-11-23 16:00:00
1700769600000,233.6,234.5,233.1,233.8,48584.958,2023-11-23 20:00:00
1700784000000,233.8,235.6,233.4,234.8,67348.908,2023-11-24 00:00:00
1700798400000,234.7,235.9,234.4,235.4,74019.094,2023-11-24 04:00:00
1700812800000,235.5,236.7,233.5,235.2,173790.585,2023-11-24 08:00:00
1700827200000,235.2,236.3,233.6,235.1,128757.697,2023-11-24 12:00:00
1700841600000,235.1,236.2,231.8,232.7,122596.537,2023-11-24 16:00:00
1700856000000,232.7,233.5,231.6,232.7,50391.494,2023-11-24 20:00:00
1700870400000,232.8,235.4,232.1,234.3,60267.52,2023-11-25 00:00:00
1700884800000,234.4,235.5,233.8,235.5,59593.744,2023-11-25 04:00:00
1700899200000,235.4,235.7,232.3,233.1,70964.629,2023-11-25 08:00:00
1700913600000,233.2,234.0,232.6,233.6,47651.074,2023-11-25 12:00:00
1700928000000,233.7,233.9,232.7,233.2,47243.422,2023-11-25 16:00:00
1700942400000,233.2,234.5,233.0,234.4,27617.875,2023-11-25 20:00:00
1700956800000,234.5,234.5,232.6,232.8,56667.878,2023-11-26 00:00:00
1700971200000,232.8,234.2,232.6,233.9,34140.72,2023-11-26 04:00:00
1700985600000,233.8,234.3,233.3,233.4,48264.315,2023-11-26 08:00:00
1701000000000,233.5,234.1,231.2,231.3,98151.569,2023-11-26 12:00:00
1701014400000,231.4,232.0,227.9,231.5,144192.439,2023-11-26 16:00:00
1701028800000,231.4,232.9,231.1,231.7,56207.801,2023-11-26 20:00:00
1701043200000,231.8,232.9,228.0,229.0,95027.804,2023-11-27 00:00:00
1701057600000,229.0,231.3,227.4,228.8,131175.857,2023-11-27 04:00:00
1701072000000,228.8,229.5,224.6,225.8,224519.935,2023-11-27 08:00:00
1701086400000,225.8,227.5,222.5,222.9,172814.535,2023-11-27 12:00:00
1701100800000,222.9,227.6,222.6,224.6,132038.615,2023-11-27 16:00:00
1701115200000,224.7,227.7,223.5,227.2,75570.288,2023-11-27 20:00:00
1701129600000,227.3,228.5,225.4,226.7,65371.543,2023-11-28 00:00:00
1701144000000,226.6,227.1,224.3,225.9,104928.654,2023-11-28 04:00:00
1701158400000,225.9,229.2,225.2,228.9,92558.209,2023-11-28 08:00:00
1701172800000,229.0,230.6,228.0,229.8,115230.15,2023-11-28 12:00:00
1701187200000,229.8,231.7,229.3,230.3,119952.225,2023-11-28 16:00:00
1701201600000,230.4,231.2,229.0,229.6,49382.081,2023-11-28 20:00:00
1701216000000,229.6,230.5,228.7,229.4,45471.405,2023-11-29 00:00:00
1701230400000,229.4,230.6,229.1,229.8,55296.927,2023-11-29 04:00:00
1701244800000,229.8,231.2,228.1,229.3,89323.021,2023-11-29 08:00:00
1701259200000,229.2,229.7,226.2,227.6,116703.861,2023-11-29 12:00:00
1701273600000,227.6,228.0,226.1,227.5,69886.518,2023-11-29 16:00:00
1701288000000,227.4,227.6,226.5,227.3,39847.269,2023-11-29 20:00:00
1701302400000,227.3,229.0,226.4,228.8,59758.552,2023-11-30 00:00:00
1701316800000,228.8,229.2,227.4,227.7,62811.595,2023-11-30 04:00:00
1701331200000,227.7,228.9,226.7,228.9,62620.373,2023-11-30 08:00:00
1701345600000,228.9,229.1,226.1,226.7,104185.224,2023-11-30 12:00:00
1701360000000,226.6,227.7,225.9,227.3,50662.749,2023-11-30 16:00:00
1701374400000,227.3,227.9,227.0,227.6,20835.926,2023-11-30 20:00:00
1701388800000,227.6,229.3,227.0,229.1,81847.24,2023-12-01 00:00:00
1701403200000,229.2,230.0,228.3,228.7,84842.521,2023-12-01 04:00:00
1701417600000,228.7,229.9,228.3,228.9,88525.041,2023-12-01 08:00:00
1701432000000,228.9,229.1,227.3,228.3,75815.212,2023-12-01 12:00:00
1701446400000,228.3,229.4,227.8,228.7,62631.866,2023-12-01 16:00:00
1701460800000,228.8,229.0,228.1,228.5,32217.395,2023-12-01 20:00:00
1701475200000,228.5,229.8,228.0,229.2,55941.59,2023-12-02 00:00:00
1701489600000,229.3,229.6,228.3,228.3,39867.378,2023-12-02 04:00:00
1701504000000,228.3,228.8,224.8,227.1,94715.709,2023-12-02 08:00:00
1701518400000,227.0,227.9,226.3,227.3,67060.783,2023-12-02 12:00:00
1701532800000,227.3,230.0,226.9,228.9,120653.433,2023-12-02 16:00:00
1701547200000,228.9,230.1,228.6,229.0,77958.04,2023-12-02 20:00:00
1701561600000,229.1,231.9,227.8,228.4,117875.71,2023-12-03 00:00:00
1701576000000,228.5,228.7,227.0,228.1,55875.566,2023-12-03 04:00:00
1701590400000,228.1,229.1,227.7,227.9,85654.671,2023-12-03 08:00:00
1701604800000,228.0,228.2,225.9,226.9,163515.406,2023-12-03 12:00:00
1701619200000,226.9,227.4,226.0,226.9,73042.12,2023-12-03 16:00:00
1701633600000,227.0,229.0,226.4,228.1,98726.141,2023-12-03 20:00:00
1701648000000,228.1,229.9,227.9,228.7,123594.412,2023-12-04 00:00:00
1701662400000,228.7,234.8,228.0,231.9,411069.926,2023-12-04 04:00:00
1701676800000,232.0,237.4,224.8,229.7,530061.796,2023-12-04 08:00:00
1701691200000,229.7,233.0,227.1,229.8,242537.465,2023-12-04 12:00:00
1701705600000,229.9,232.0,229.4,232.0,93274.736,2023-12-04 16:00:00
1701720000000,231.9,233.5,230.8,233.5,75287.636,2023-12-04 20:00:00
1701734400000,233.5,234.9,230.4,232.9,142981.306,2023-12-05 00:00:00
1701748800000,232.9,233.2,227.9,229.4,153091.054,2023-12-05 04:00:00
1701763200000,229.4,230.6,228.3,230.1,110037.649,2023-12-05 08:00:00
1701777600000,230.2,231.8,229.6,231.1,120288.461,2023-12-05 12:00:00
1701792000000,231.1,233.0,230.3,231.2,250315.858,2023-12-05 16:00:00
1701806400000,231.1,231.7,230.1,231.2,85082.052,2023-12-05 20:00:00
1701820800000,231.3,232.8,230.7,231.8,134453.093,2023-12-06 00:00:00
1701835200000,231.8,233.6,228.6,233.3,196505.753,2023-12-06 04:00:00
1701849600000,233.3,234.8,228.7,230.2,205850.744,2023-12-06 08:00:00
1701864000000,230.3,231.2,229.1,230.0,113409.751,2023-12-06 12:00:00
1701878400000,230.1,231.8,229.5,230.9,84401.463,2023-12-06 16:00:00
1701892800000,230.8,232.4,229.0,229.4,124173.328,2023-12-06 20:00:00
1701907200000,229.5,232.9,229.3,232.7,99690.391,2023-12-07 00:00:00
1701921600000,232.8,234.8,232.1,232.5,146369.319,2023-12-07 04:00:00
1701936000000,232.5,232.9,228.3,230.2,173020.741,2023-12-07 08:00:00
1701950400000,230.2,233.4,230.1,232.7,134758.818,2023-12-07 12:00:00
1701964800000,232.8,234.1,230.1,230.7,169278.659,2023-12-07 16:00:00
1701979200000,230.8,233.2,230.4,232.6,70453.319,2023-12-07 20:00:00
1701993600000,232.6,236.6,232.4,235.5,166397.041,2023-12-08 00:00:00
1702008000000,235.5,237.2,232.3,233.0,156687.244,2023-12-08 04:00:00
1702022400000,233.0,235.6,232.2,234.6,131619.922,2023-12-08 08:00:00
1702036800000,234.6,236.3,233.7,235.1,125100.175,2023-12-08 12:00:00
1702051200000,235.1,238.4,234.6,237.9,114160.971,2023-12-08 16:00:00
1702065600000,237.9,240.0,237.9,238.9,70673.167,2023-12-08 20:00:00
1702080000000,238.8,244.8,238.8,243.7,174725.266,2023-12-09 00:00:00
1702094400000,243.6,245.5,242.7,243.9,134872.657,2023-12-09 04:00:00
1702108800000,243.9,245.2,238.5,242.4,233139.84,2023-12-09 08:00:00
1702123200000,242.5,243.0,238.6,240.7,127573.016,2023-12-09 12:00:00
1702137600000,240.7,240.9,237.5,239.7,95093.475,2023-12-09 16:00:00
1702152000000,239.7,240.1,236.3,237.7,72693.969,2023-12-09 20:00:00
1702166400000,237.8,240.8,237.4,240.6,67719.239,2023-12-10 00:00:00
1702180800000,240.6,241.4,239.3,240.6,61309.852,2023-12-10 04:00:00
1702195200000,240.7,240.9,236.8,238.4,121226.611,2023-12-10 08:00:00
1702209600000,238.5,241.3,238.2,240.0,75090.763,2023-12-10 12:00:00
1702224000000,240.0,240.4,238.6,240.1,46231.549,2023-12-10 16:00:00
1702238400000,240.0,240.9,239.0,239.8,62013.52,2023-12-10 20:00:00
1702252800000,239.8,241.4,228.0,233.2,377010.922,2023-12-11 00:00:00
1702267200000,233.3,234.3,230.9,232.5,157447.199,2023-12-11 04:00:00
1702281600000,232.5,237.9,231.5,236.0,164827.967,2023-12-11 08:00:00
1702296000000,236.1,248.2,234.9,244.3,776933.003,2023-12-11 12:00:00
1702310400000,244.3,247.0,236.8,240.0,394247.491,2023-12-11 16:00:00
1702324800000,240.0,246.7,239.8,246.4,140251.19,2023-12-11 20:00:00
1702339200000,246.4,253.8,245.5,253.3,302475.874,2023-12-12 00:00:00
1702353600000,253.3,254.3,248.3,250.4,322092.499,2023-12-12 04:00:00
1702368000000,250.3,251.3,248.5,250.2,149057.94,2023-12-12 08:00:00
1702382400000,250.2,256.2,249.4,254.1,491921.092,2023-12-12 12:00:00
1702396800000,254.2,257.3,248.9,255.4,409108.764,2023-12-12 16:00:00
1702411200000,255.4,256.9,253.5,254.6,203014.46,2023-12-12 20:00:00
1702425600000,254.6,255.0,245.2,246.3,398884.205,2023-12-13 00:00:00
1702440000000,246.4,248.7,244.1,247.9,180169.948,2023-12-13 04:00:00
1702454400000,247.9,252.0,247.8,249.5,154799.366,2023-12-13 08:00:00
1702468800000,249.4,251.8,248.6,251.5,182035.637,2023-12-13 12:00:00
1702483200000,251.5,253.7,250.0,253.4,124499.391,2023-12-13 16:00:00
1702497600000,253.4,255.9,251.6,252.0,108793.792,2023-12-13 20:00:00
1702512000000,252.1,253.4,248.4,248.6,164433.637,2023-12-14 00:00:00
1702526400000,248.7,251.0,248.2,251.0,100625.525,2023-12-14 04:00:00
1702540800000,251.0,253.2,250.5,252.1,132740.034,2023-12-14 08:00:00
1702555200000,252.1,252.8,247.7,251.3,237038.289,2023-12-14 12:00:00
1702569600000,251.3,254.0,250.8,251.9,111980.411,2023-12-14 16:00:00
1702584000000,252.0,254.0,250.9,253.3,72128.891,2023-12-14 20:00:00
1702598400000,253.2,253.4,251.0,251.0,71855.52,2023-12-15 00:00:00
1702612800000,251.1,251.4,248.9,249.0,91086.928,2023-12-15 04:00:00
1702627200000,249.1,250.9,248.2,249.7,107315.948,2023-12-15 08:00:00
1702641600000,249.8,250.0,245.0,246.1,196003.513,2023-12-15 12:00:00
1702656000000,246.0,248.2,245.4,246.5,83913.438,2023-12-15 16:00:00
1702670400000,246.6,247.7,242.6,244.9,105479.545,2023-12-15 20:00:00
1702684800000,244.9,248.4,242.7,247.7,95712.93,2023-12-16 00:00:00
1702699200000,247.8,248.0,246.0,246.7,58405.371,2023-12-16 04:00:00
1702713600000,246.8,247.3,246.1,247.0,57088.862,2023-12-16 08:00:00
1702728000000,247.1,247.1,245.4,246.4,68701.898,2023-12-16 12:00:00
1702742400000,246.4,247.3,243.9,245.3,113613.335,2023-12-16 16:00:00
1702756800000,245.3,245.8,243.7,244.4,50557.934,2023-12-16 20:00:00
1702771200000,244.4,244.5,242.4,243.1,76568.039,2023-12-17 00:00:00
1702785600000,243.0,243.5,239.5,240.4,92943.791,2023-12-17 04:00:00
1702800000000,240.3,242.2,240.0,241.5,58956.907,2023-12-17 08:00:00
1702814400000,241.5,242.3,239.9,242.1,90879.844,2023-12-17 12:00:00
1702828800000,242.2,244.0,241.7,242.6,75613.714,2023-12-17 16:00:00
1702843200000,242.6,243.5,238.8,238.8,69995.151,2023-12-17 20:00:00
1702857600000,238.9,240.2,235.3,237.3,230844.956,2023-12-18 00:00:00
1702872000000,237.3,238.4,235.7,236.7,139677.977,2023-12-18 04:00:00
1702886400000,236.7,238.1,232.0,235.6,260035.341,2023-12-18 08:00:00
1702900800000,235.6,239.3,234.3,237.0,118607.454,2023-12-18 12:00:00
1702915200000,237.0,239.0,236.4,238.3,65269.721,2023-12-18 16:00:00
1702929600000,238.3,241.7,237.5,241.7,61753.795,2023-12-18 20:00:00
1702944000000,241.7,247.0,241.3,245.2,165391.698,2023-12-19 00:00:00
1702958400000,245.1,247.5,244.7,244.9,102043.351,2023-12-19 04:00:00
1702972800000,244.9,253.1,244.6,252.0,491670.995,2023-12-19 08:00:00
1702987200000,252.1,253.9,249.4,251.4,369140.17,2023-12-19 12:00:00
1703001600000,251.5,254.4,250.4,253.7,299274.604,2023-12-19 16:00:00
1703016000000,253.7,254.8,251.3,252.9,141646.576,2023-12-19 20:00:00
1703030400000,252.8,254.4,250.1,252.2,210313.224,2023-12-20 00:00:00
1703044800000,252.2,256.4,251.8,256.4,205059.021,2023-12-20 04:00:00
1703059200000,256.4,257.8,255.2,255.6,161620.731,2023-12-20 08:00:00
1703073600000,255.5,259.6,255.4,258.2,259224.658,2023-12-20 12:00:00
1703088000000,258.3,261.9,257.8,259.7,169947.739,2023-12-20 16:00:00
1703102400000,259.8,260.4,255.7,260.3,110785.629,2023-12-20 20:00:00
1703116800000,260.4,260.6,256.2,258.5,114517.206,2023-12-21 00:00:00
1703131200000,258.5,261.9,256.7,260.8,120804.326,2023-12-21 04:00:00
1703145600000,260.9,271.9,260.8,271.6,422469.82,2023-12-21 08:00:00
1703160000000,271.7,274.9,270.0,271.7,353396.772,2023-12-21 12:00:00
1703174400000,271.7,273.4,268.5,270.2,197170.342,2023-12-21 16:00:00
1703188800000,270.2,272.1,269.4,272.1,78409.187,2023-12-21 20:00:00
1703203200000,272.1,273.2,269.9,271.6,104151.013,2023-12-22 00:00:00
1703217600000,271.6,276.5,264.9,265.2,296236.605,2023-12-22 04:00:00
1703232000000,265.2,271.6,265.0,270.3,233679.102,2023-12-22 08:00:00
1703246400000,270.2,272.7,266.5,271.6,157369.055,2023-12-22 12:00:00
1703260800000,271.6,272.1,268.1,270.0,113458.13,2023-12-22 16:00:00
1703275200000,269.9,273.0,269.9,271.1,62926.016,2023-12-22 20:00:00
1703289600000,271.1,272.0,265.9,266.3,94030.721,2023-12-23 00:00:00
1703304000000,266.3,268.5,265.6,266.4,60993.047,2023-12-23 04:00:00
1703318400000,266.4,268.6,266.2,268.1,46994.938,2023-12-23 08:00:00
1703332800000,268.2,270.0,267.9,269.8,79632.058,2023-12-23 12:00:00
1703347200000,269.8,271.6,269.1,270.3,65730.174,2023-12-23 16:00:00
1703361600000,270.3,272.0,270.1,271.0,60832.474,2023-12-23 20:00:00
1703376000000,271.0,272.9,269.7,270.0,96168.518,2023-12-24 00:00:00
1703390400000,270.0,271.0,266.3,269.2,100792.758,2023-12-24 04:00:00
1703404800000,269.3,269.3,266.0,268.2,80871.332,2023-12-24 08:00:00
1703419200000,268.1,271.3,267.4,269.5,123612.699,2023-12-24 12:00:00
1703433600000,269.5,269.8,268.0,268.6,74479.448,2023-12-24 16:00:00
1703448000000,268.7,268.7,261.9,264.5,96720.38,2023-12-24 20:00:00
1703462400000,264.4,265.3,261.5,264.8,90626.184,2023-12-25 00:00:00
1703476800000,264.7,267.3,264.6,265.1,57449.144,2023-12-25 04:00:00
1703491200000,265.1,266.3,262.8,264.7,84210.567,2023-12-25 08:00:00
1703505600000,264.6,268.2,263.7,267.1,119850.916,2023-12-25 12:00:00
1703520000000,267.1,267.5,264.4,266.0,65575.312,2023-12-25 16:00:00
1703534400000,265.9,267.6,263.9,266.9,52031.3,2023-12-25 20:00:00
1703548800000,266.8,271.2,264.5,271.1,106825.052,2023-12-26 00:00:00
1703563200000,271.1,273.9,264.0,273.0,210805.004,2023-12-26 04:00:00
1703577600000,273.0,290.2,272.6,290.2,790882.927,2023-12-26 08:00:00
1703592000000,290.1,303.2,287.5,296.0,668384.688,2023-12-26 12:00:00
1703606400000,296.1,298.8,285.0,295.6,406099.25,2023-12-26 16:00:00
1703620800000,295.6,298.4,293.3,297.7,173248.424,2023-12-26 20:00:00
1703635200000,297.7,298.4,285.1,290.0,339574.115,2023-12-27 00:00:00
1703649600000,290.1,296.2,288.9,293.2,235169.735,2023-12-27 04:00:00
1703664000000,293.2,310.7,291.9,310.6,530729.54,2023-12-27 08:00:00
1703678400000,310.6,314.4,305.0,311.5,532383.856,2023-12-27 12:00:00
1703692800000,311.5,315.8,305.9,312.4,268745.194,2023-12-27 16:00:00
1703707200000,312.4,324.4,310.9,324.1,219852.17,2023-12-27 20:00:00
1703721600000,324.0,328.9,320.0,326.0,444984.171,2023-12-28 00:00:00
1703736000000,326.0,330.3,320.1,323.8,333760.804,2023-12-28 04:00:00
1703750400000,323.9,336.4,323.4,335.9,436981.99,2023-12-28 08:00:00
1703764800000,336.0,338.3,324.1,329.0,588559.763,2023-12-28 12:00:00
1703779200000,329.1,334.5,327.2,330.4,283417.149,2023-12-28 16:00:00
1703793600000,330.4,330.5,321.3,322.6,161432.342,2023-12-28 20:00:00
1703808000000,322.6,325.6,315.3,321.0,289744.862,2023-12-29 00:00:00
1703822400000,321.0,322.3,312.1,313.3,189833.033,2023-12-29 04:00:00
1703836800000,313.4,319.9,312.6,317.8,265751.33,2023-12-29 08:00:00
1703851200000,317.9,321.8,309.4,311.7,329513.757,2023-12-29 12:00:00
1703865600000,311.8,314.5,308.1,314.2,254765.879,2023-12-29 16:00:00
1703880000000,314.3,314.4,307.0,313.7,77413.879,2023-12-29 20:00:00
1703894400000,313.7,317.2,312.2,315.9,90825.909,2023-12-30 00:00:00
1703908800000,315.9,319.7,315.0,318.2,91855.484,2023-12-30 04:00:00
1703923200000,318.3,319.2,313.0,316.7,120685.238,2023-12-30 08:00:00
1703937600000,316.7,320.8,314.9,318.7,119426.544,2023-12-30 12:00:00
1703952000000,318.8,320.3,315.6,316.2,79118.18,2023-12-30 16:00:00
1703966400000,316.2,318.3,313.7,317.1,59942.058,2023-12-30 20:00:00
1703980800000,317.0,320.2,316.4,319.7,85476.064,2023-12-31 00:00:00
1703995200000,319.6,325.5,318.8,322.7,218014.387,2023-12-31 04:00:00
1704009600000,322.7,323.8,317.7,317.9,118758.491,2023-12-31 08:00:00
1704024000000,317.9,318.7,315.3,315.7,79360.107,2023-12-31 12:00:00
1704038400000,315.7,319.0,315.4,316.2,60738.75,2023-12-31 16:00:00
1704052800000,316.3,316.3,307.4,311.8,104749.758,2023-12-31 20:00:00
1704067200000,311.9,316.0,308.8,309.2,106152.151,2024-01-01 00:00:00
1704081600000,309.2,311.2,307.0,310.6,122605.091,2024-01-01 04:00:00
1704096000000,310.6,312.5,309.0,309.5,122678.543,2024-01-01 08:00:00
1704110400000,309.4,312.6,308.8,312.5,107519.164,2024-01-01 12:00:00
1704124800000,312.5,313.3,310.5,311.8,99459.79,2024-01-01 16:00:00
1704139200000,311.9,315.5,311.2,313.5,61040.419,2024-01-01 20:00:00
1704153600000,313.5,320.3,312.1,319.2,195039.031,2024-01-02 00:00:00
1704168000000,319.2,319.3,316.7,317.4,72773.27,2024-01-02 04:00:00
1704182400000,317.4,320.4,317.2,319.8,126336.383,2024-01-02 08:00:00
1704196800000,319.8,321.3,305.8,308.4,317944.526,2024-01-02 12:00:00
1704211200000,308.5,311.3,307.5,311.2,168898.556,2024-01-02 16:00:00
1704225600000,311.2,312.5,309.4,312.2,56772.971,2024-01-02 20:00:00
1704240000000,312.3,314.8,311.5,312.7,55030.271,2024-01-03 00:00:00
1704254400000,312.7,321.6,312.7,316.8,173199.933,2024-01-03 04:00:00
1704268800000,316.8,334.3,316.7,323.0,603119.394,2024-01-03 08:00:00
1704283200000,323.1,323.5,293.6,316.9,870400.629,2024-01-03 12:00:00
1704297600000,316.9,321.9,310.0,314.0,343088.719,2024-01-03 16:00:00
1704312000000,314.0,318.7,313.5,315.8,87319.176,2024-01-03 20:00:00
1704326400000,315.9,317.8,310.9,317.2,115670.989,2024-01-04 00:00:00
1704340800000,317.3,322.3,316.4,318.5,167405.767,2024-01-04 04:00:00
1704355200000,318.5,324.3,316.5,316.9,351464.077,2024-01-04 08:00:00
1704369600000,316.8,321.6,315.4,319.7,270361.572,2024-01-04 12:00:00
1704384000000,319.7,321.3,317.4,318.2,144608.738,2024-01-04 16:00:00
1704398400000,318.3,323.8,318.2,323.7,84263.814,2024-01-04 20:00:00
1704412800000,323.6,327.3,317.7,321.4,269282.399,2024-01-05 00:00:00
1704427200000,321.4,323.4,316.9,317.5,200000.8,2024-01-05 04:00:00
1704441600000,317.5,321.7,316.6,319.0,196395.437,2024-01-05 08:00:00
1704456000000,319.0,319.5,311.5,313.7,255023.944,2024-01-05 12:00:00
1704470400000,313.6,314.9,308.6,314.1,164355.326,2024-01-05 16:00:00
1704484800000,314.1,318.0,314.0,317.5,71998.37,2024-01-05 20:00:00
1704499200000,317.6,317.6,303.4,307.8,389138.419,2024-01-06 00:00:00
1704513600000,307.8,308.7,300.2,303.7,229404.49,2024-01-06 04:00:00
1704528000000,303.7,307.8,302.3,307.0,90976.554,2024-01-06 08:00:00
1704542400000,307.0,308.0,303.7,307.0,85594.213,2024-01-06 12:00:00
1704556800000,307.0,308.1,304.9,305.9,63550.141,2024-01-06 16:00:00
1704571200000,305.9,307.9,304.5,307.5,50694.366,2024-01-06 20:00:00
1704585600000,307.6,308.6,305.1,306.6,48529.426,2024-01-07 00:00:00
1704600000000,306.6,309.1,306.4,309.0,61677.533,2024-01-07 04:00:00
1704614400000,309.0,310.0,305.5,306.2,87383.408,2024-01-07 08:00:00
1704628800000,306.2,308.0,304.0,305.6,91841.884,2024-01-07 12:00:00
1704643200000,305.6,306.7,302.7,306.4,108701.085,2024-01-07 16:00:00
1704657600000,306.5,306.9,300.0,302.4,100233.753,2024-01-07 20:00:00
1704672000000,302.5,302.6,290.0,293.9,270844.313,2024-01-08 00:00:00
1704686400000,293.9,300.0,292.7,298.8,115149.164,2024-01-08 04:00:00
1704700800000,298.7,300.5,296.4,299.1,118588.763,2024-01-08 08:00:00
1704715200000,299.1,303.0,298.9,301.1,199789.721,2024-01-08 12:00:00
1704729600000,301.0,308.1,299.4,307.7,180958.168,2024-01-08 16:00:00
1704744000000,307.7,308.0,303.6,303.7,99260.713,2024-01-08 20:00:00
1704758400000,303.6,304.8,297.9,298.4,170118.888,2024-01-09 00:00:00
1704772800000,298.5,304.6,298.0,304.3,153805.088,2024-01-09 04:00:00
1704787200000,304.4,306.8,301.4,304.4,290277.471,2024-01-09 08:00:00
1704801600000,304.5,305.1,297.4,301.1,380745.467,2024-01-09 12:00:00
1704816000000,301.2,302.4,297.8,299.6,186063.621,2024-01-09 16:00:00
1704830400000,299.7,302.4,295.7,301.1,220479.62,2024-01-09 20:00:00
1704844800000,301.1,303.0,300.3,301.8,75175.773,2024-01-10 00:00:00
1704859200000,301.9,302.6,299.4,299.7,57602.093,2024-01-10 04:00:00
1704873600000,299.8,301.1,297.7,299.4,91067.594,2024-01-10 08:00:00
1704888000000,299.5,299.7,288.8,294.7,245659.609,2024-01-10 12:00:00
1704902400000,294.7,298.2,293.1,298.0,154301.502,2024-01-10 16:00:00
1704916800000,298.0,310.0,290.0,305.8,408758.906,2024-01-10 20:00:00
1704931200000,305.7,306.8,301.9,306.6,159070.096,2024-01-11 00:00:00
1704945600000,306.6,308.6,302.6,307.4,124028.73,2024-01-11 04:00:00
1704960000000,307.5,316.6,307.1,314.5,263996.608,2024-01-11 08:00:00
1704974400000,314.5,316.8,304.8,307.4,372929.699,2024-01-11 12:00:00
1704988800000,307.4,309.3,301.4,309.2,198854.374,2024-01-11 16:00:00
1705003200000,309.2,310.1,305.8,308.2,60722.036,2024-01-11 20:00:00
1705017600000,308.2,313.0,305.4,310.6,142994.695,2024-01-12 00:00:00
1705032000000,310.6,313.0,307.3,308.6,134084.951,2024-01-12 04:00:00
1705046400000,308.6,311.5,306.7,310.5,122935.747,2024-01-12 08:00:00
1705060800000,310.6,312.4,304.8,305.6,202887.042,2024-01-12 12:00:00
1705075200000,305.6,306.9,296.8,300.9,224512.291,2024-01-12 16:00:00
1705089600000,300.9,302.4,289.1,296.6,175926.048,2024-01-12 20:00:00
1705104000000,296.7,297.7,290.8,296.1,111797.608,2024-01-13 00:00:00
1705118400000,296.2,299.6,295.5,299.3,60426.399,2024-01-13 04:00:00
1705132800000,299.3,300.4,297.0,299.1,81702.957,2024-01-13 08:00:00
1705147200000,299.1,302.7,297.9,302.4,71376.163,2024-01-13 12:00:00
1705161600000,302.4,303.0,300.6,301.6,70168.733,2024-01-13 16:00:00
1705176000000,301.6,303.1,301.3,302.2,41312.379,2024-01-13 20:00:00
1705190400000,302.2,303.0,300.1,302.2,49239.779,2024-01-14 00:00:00
1705204800000,302.1,305.4,300.9,304.3,55765.993,2024-01-14 04:00:00
1705219200000,304.2,305.4,303.0,303.2,45762.72,2024-01-14 08:00:00
1705233600000,303.3,306.7,302.9,305.2,66300.155,2024-01-14 12:00:00
1705248000000,305.3,306.6,303.4,304.0,76578.427,2024-01-14 16:00:00
1705262400000,304.1,305.4,298.7,299.5,99407.873,2024-01-14 20:00:00
1705276800000,299.4,310.0,299.4,309.6,101616.112,2024-01-15 00:00:00
1705291200000,309.6,319.9,309.5,314.9,371503.108,2024-01-15 04:00:00
1705305600000,315.0,317.0,311.5,312.9,235424.325,2024-01-15 08:00:00
1705320000000,312.9,320.6,312.3,314.4,615665.696,2024-01-15 12:00:00
1705334400000,314.4,319.1,314.1,318.4,194046.276,2024-01-15 16:00:00
1705348800000,318.4,319.0,312.4,317.5,186285.373,2024-01-15 20:00:00
1705363200000,317.6,318.8,313.7,315.6,265029.771,2024-01-16 00:00:00
1705377600000,315.6,317.9,314.8,316.4,100700.916,2024-01-16 04:00:00
1705392000000,316.4,319.4,315.2,317.9,182446.962,2024-01-16 08:00:00
1705406400000,317.9,318.9,313.0,317.0,211979.06,2024-01-16 12:00:00
1705420800000,316.9,318.3,313.3,315.2,123297.806,2024-01-16 16:00:00
1705435200000,315.3,317.4,315.0,315.2,67694.93,2024-01-16 20:00:00
1705449600000,315.1,316.3,313.3,314.6,98438.619,2024-01-17 00:00:00
1705464000000,314.7,315.0,308.5,308.8,147826.695,2024-01-17 04:00:00
1705478400000,308.9,314.4,307.8,313.1,293398.013,2024-01-17 08:00:00
1705492800000,313.0,315.0,311.2,312.1,307059.403,2024-01-17 12:00:00
1705507200000,312.1,312.5,308.0,308.4,128414.656,2024-01-17 16:00:00
1705521600000,308.4,311.4,306.8,309.4,96206.11,2024-01-17 20:00:00
1705536000000,309.3,310.5,305.7,309.6,120615.914,2024-01-18 00:00:00
1705550400000,309.5,312.9,308.6,311.7,100772.941,2024-01-18 04:00:00
1705564800000,311.6,312.9,310.4,312.3,136468.466,2024-01-18 08:00:00
1705579200000,312.3,315.6,310.1,315.3,190353.539,2024-01-18 12:00:00
1705593600000,315.4,315.4,307.9,308.8,238958.195,2024-01-18 16:00:00
1705608000000,308.9,315.2,307.7,313.0,133952.834,2024-01-18 20:00:00
1705622400000,313.0,313.4,308.1,311.0,192263.447,2024-01-19 00:00:00
1705636800000,311.0,312.7,310.3,311.5,87558.518,2024-01-19 04:00:00
1705651200000,311.5,314.5,311.1,314.1,84471.34,2024-01-19 08:00:00
1705665600000,314.1,316.2,311.0,311.4,158468.417,2024-01-19 12:00:00
1705680000000,311.4,313.8,305.0,313.7,259853.192,2024-01-19 16:00:00
1705694400000,313.7,314.7,311.6,314.7,53109.486,2024-01-19 20:00:00
1705708800000,314.7,315.8,312.8,313.4,61716.606,2024-01-20 00:00:00
1705723200000,313.4,314.2,312.7,313.2,40412.502,2024-01-20 04:00:00
1705737600000,313.2,315.2,312.2,315.0,68558.873,2024-01-20 08:00:00
1705752000000,315.0,315.3,313.0,314.1,60487.894,2024-01-20 12:00:00
1705766400000,314.1,315.3,313.9,314.7,41269.306,2024-01-20 16:00:00
1705780800000,314.8,317.3,314.5,317.2,53645.006,2024-01-20 20:00:00
1705795200000,317.3,319.5,316.1,318.5,80863.956,2024-01-21 00:00:00
1705809600000,318.5,318.9,317.2,317.5,42709.019,2024-01-21 04:00:00
1705824000000,317.5,319.6,317.3,319.3,52026.34,2024-01-21 08:00:00
1705838400000,319.3,319.6,317.5,318.9,55619.899,2024-01-21 12:00:00
1705852800000,318.9,321.6,317.9,320.6,72143.264,2024-01-21 16:00:00
1705867200000,320.6,321.7,318.2,318.6,56401.835,2024-01-21 20:00:00
1705881600000,318.7,320.3,315.3,316.7,101169.488,2024-01-22 00:00:00
1705896000000,316.7,318.6,314.1,317.8,69465.865,2024-01-22 04:00:00
1705910400000,317.9,317.9,310.7,313.5,134707.581,2024-01-22 08:00:00
1705924800000,313.4,315.3,308.4,311.1,173311.675,2024-01-22 12:00:00
1705939200000,311.2,312.5,303.6,306.6,145187.554,2024-01-22 16:00:00
1705953600000,306.6,309.6,304.8,305.9,80595.484,2024-01-22 20:00:00
1705968000000,305.9,311.7,305.2,310.4,75635.639,2024-01-23 00:00:00
1705982400000,310.3,311.6,307.1,308.3,48165.756,2024-01-23 04:00:00
1705996800000,308.4,309.3,291.7,295.9,355910.328,2024-01-23 08:00:00
1706011200000,296.0,298.8,290.3,296.7,241165.065,2024-01-23 12:00:00
1706025600000,296.8,298.9,294.3,294.4,122390.509,2024-01-23 16:00:00
1706040000000,294.3,298.9,292.9,298.8,84928.081,2024-01-23 20:00:00
1706054400000,298.8,300.7,297.6,298.2,65340.564,2024-01-24 00:00:00
1706068800000,298.3,298.5,291.3,293.2,166507.448,2024-01-24 04:00:00
1706083200000,293.2,297.2,291.8,295.4,171762.673,2024-01-24 08:00:00
1706097600000,295.5,297.9,292.3,294.2,192504.575,2024-01-24 12:00:00
1706112000000,294.1,294.6,290.3,292.2,137488.58,2024-01-24 16:00:00
1706126400000,292.2,293.9,290.8,293.1,68708.975,2024-01-24 20:00:00
1706140800000,293.0,293.8,287.5,290.5,150848.744,2024-01-25 00:00:00
1706155200000,290.4,292.3,287.6,292.1,107121.902,2024-01-25 04:00:00
1706169600000,292.1,295.5,289.2,294.9,271150.328,2024-01-25 08:00:00
1706184000000,294.8,296.7,291.6,292.6,241935.157,2024-01-25 12:00:00
1706198400000,292.6,293.4,288.8,291.7,156528.496,2024-01-25 16:00:00
1706212800000,291.8,292.6,290.5,292.1,76572.092,2024-01-25 20:00:00
1706227200000,292.1,295.4,290.7,293.9,69698.91,2024-01-26 00:00:00
1706241600000,293.8,295.2,293.4,294.7,54449.626,2024-01-26 04:00:00
1706256000000,294.7,304.2,294.5,302.9,254451.158,2024-01-26 08:00:00
1706270400000,303.0,303.5,300.8,302.8,170316.706,2024-01-26 12:00:00
1706284800000,302.7,303.8,301.5,301.7,121985.199,2024-01-26 16:00:00
1706299200000,301.7,302.7,301.2,302.2,39040.805,2024-01-26 20:00:00
1706313600000,302.2,307.7,301.9,305.7,67618.816,2024-01-27 00:00:00
1706328000000,305.6,306.7,302.3,303.0,55587.792,2024-01-27 04:00:00
1706342400000,303.1,304.6,302.4,303.9,36910.627,2024-01-27 08:00:00
1706356800000,303.9,304.4,303.0,303.7,34104.274,2024-01-27 12:00:00
1706371200000,303.7,305.8,302.8,305.6,36074.205,2024-01-27 16:00:00
1706385600000,305.7,307.0,304.9,305.6,55061.953,2024-01-27 20:00:00
1706400000000,305.7,306.3,304.1,306.0,57725.348,2024-01-28 00:00:00
1706414400000,306.0,308.9,305.3,305.9,91163.305,2024-01-28 04:00:00
1706428800000,305.9,309.1,305.6,307.1,51758.335,2024-01-28 08:00:00
1706443200000,307.1,308.0,304.8,305.1,103903.924,2024-01-28 12:00:00
1706457600000,305.1,306.2,303.5,303.9,57533.819,2024-01-28 16:00:00
1706472000000,303.9,305.8,303.1,305.3,47318.326,2024-01-28 20:00:00
1706486400000,305.3,307.5,304.4,306.1,53622.382,2024-01-29 00:00:00
1706500800000,306.1,306.8,305.7,306.0,38469.816,2024-01-29 04:00:00
1706515200000,306.1,309.6,305.5,308.0,87502.128,2024-01-29 08:00:00
1706529600000,308.0,308.9,305.1,308.5,107615.987,2024-01-29 12:00:00
1706544000000,308.4,310.6,308.0,310.0,106146.989,2024-01-29 16:00:00
1706558400000,310.0,311.0,309.5,310.7,49442.203,2024-01-29 20:00:00
1706572800000,310.7,313.1,310.0,310.9,69677.621,2024-01-30 00:00:00
1706587200000,310.9,311.8,310.1,311.1,43844.826,2024-01-30 04:00:00
1706601600000,311.1,311.5,309.7,310.7,51574.408,2024-01-30 08:00:00
1706616000000,310.6,312.1,307.5,309.2,112080.936,2024-01-30 12:00:00
1706630400000,309.3,311.1,308.9,309.7,57358.823,2024-01-30 16:00:00
1706644800000,309.8,310.9,306.3,307.6,51838.853,2024-01-30 20:00:00
1706659200000,307.7,308.2,305.6,306.8,53042.759,2024-01-31 00:00:00
1706673600000,306.8,307.4,305.9,307.0,45648.206,2024-01-31 04:00:00
1706688000000,307.0,307.7,301.0,303.2,85113.774,2024-01-31 08:00:00
1706702400000,303.2,305.1,300.1,304.7,105390.34,2024-01-31 12:00:00
1706716800000,304.7,305.7,303.2,304.6,72088.149,2024-01-31 16:00:00
1706731200000,304.7,304.8,298.6,300.5,97724.47,2024-01-31 20:00:00
1706745600000,300.5,301.4,296.4,298.4,92192.521,2024-02-01 00:00:00
1706760000000,298.5,300.0,297.4,298.1,77518.503,2024-02-01 04:00:00
1706774400000,298.1,300.7,297.4,299.2,49734.377,2024-02-01 08:00:00
1706788800000,299.1,302.2,298.5,299.8,71006.507,2024-02-01 12:00:00
1706803200000,299.9,301.8,298.2,300.8,53929.745,2024-02-01 16:00:00
1706817600000,300.7,301.3,299.1,300.2,28888.136,2024-02-01 20:00:00
1706832000000,300.2,302.9,299.8,302.4,43217.343,2024-02-02 00:00:00
1706846400000,302.5,303.8,301.3,303.4,40967.652,2024-02-02 04:00:00
1706860800000,303.4,305.2,302.1,303.0,74409.567,2024-02-02 08:00:00
1706875200000,303.0,303.5,299.9,302.4,81752.884,2024-02-02 12:00:00
1706889600000,302.5,302.9,300.1,300.6,48707.045,2024-02-02 16:00:00
1706904000000,300.7,301.6,300.0,301.4,20447.158,2024-02-02 20:00:00
1706918400000,301.4,303.0,300.9,302.5,42666.22,2024-02-03 00:00:00
1706932800000,302.4,303.8,302.0,302.1,36332.559,2024-02-03 04:00:00
1706947200000,302.2,302.5,301.4,301.5,27211.97,2024-02-03 08:00:00
1706961600000,301.4,302.1,299.5,300.4,38668.729,2024-02-03 12:00:00
1706976000000,300.3,301.9,299.8,300.2,24994.595,2024-02-03 16:00:00
1706990400000,300.3,300.9,299.6,299.7,28856.889,2024-02-03 20:00:00
1707004800000,299.6,301.3,298.3,300.6,48813.113,2024-02-04 00:00:00
1707019200000,300.6,300.6,298.0,299.4,31958.393,2024-02-04 04:00:00
1707033600000,299.4,300.8,299.3,299.9,28319.409,2024-02-04 08:00:00
1707048000000,300.0,307.2,299.8,305.9,211178.453,2024-02-04 12:00:00
1707062400000,305.9,306.7,304.3,305.4,113081.672,2024-02-04 16:00:00
1707076800000,305.5,307.7,303.9,304.7,70054.283,2024-02-04 20:00:00
1707091200000,304.7,306.8,302.8,304.3,105305.979,2024-02-05 00:00:00
1707105600000,304.4,306.8,301.6,304.5,120099.513,2024-02-05 04:00:00
1707120000000,304.6,305.7,303.0,304.8,63517.523,2024-02-05 08:00:00
1707134400000,304.9,304.9,300.6,300.9,117656.316,2024-02-05 12:00:00
1707148800000,301.0,301.9,300.2,301.6,40893.642,2024-02-05 16:00:00
1707163200000,301.7,301.9,299.5,301.2,41199.298,2024-02-05 20:00:00
1707177600000,301.2,303.0,300.9,302.3,29728.945,2024-02-06 00:00:00
1707192000000,302.3,302.7,301.1,301.7,22215.819,2024-02-06 04:00:00
1707206400000,301.7,303.8,301.2,301.6,62653.424,2024-02-06 08:00:00
1707220800000,301.7,304.1,301.6,302.9,80423.772,2024-02-06 12:00:00
1707235200000,302.9,303.9,302.3,303.6,42522.379,2024-02-06 16:00:00
1707249600000,303.6,303.8,302.6,302.7,23217.982,2024-02-06 20:00:00
1707264000000,302.8,303.3,300.9,300.9,38748.778,2024-02-07 00:00:00
1707278400000,300.9,303.0,300.7,302.4,52505.584,2024-02-07 04:00:00
1707292800000,302.3,304.4,302.1,302.6,56270.901,2024-02-07 08:00:00
1707307200000,302.7,304.3,302.4,303.3,65160.403,2024-02-07 12:00:00
1707321600000,303.3,307.7,303.2,306.6,82340.324,2024-02-07 16:00:00
1707336000000,306.7,308.7,306.6,307.3,57395.799,2024-02-07 20:00:00
1707350400000,307.4,313.9,307.3,311.6,240816.901,2024-02-08 00:00:00
1707364800000,311.5,315.4,311.5,314.8,157924.017,2024-02-08 04:00:00
1707379200000,314.8,316.9,314.6,316.9,108962.446,2024-02-08 08:00:00
1707393600000,316.8,320.6,315.5,319.9,159660.638,2024-02-08 12:00:00
1707408000000,320.0,320.1,315.0,318.0,165347.751,2024-02-08 16:00:00
1707422400000,318.0,320.0,317.7,319.2,88784.749,2024-02-08 20:00:00
1707436800000,319.2,323.3,317.9,321.0,128001.981,2024-02-09 00:00:00
1707451200000,321.0,323.0,319.9,321.0,124061.572,2024-02-09 04:00:00
1707465600000,321.0,325.6,320.8,325.3,149889.317,2024-02-09 08:00:00
1707480000000,325.3,326.3,321.2,322.2,184747.924,2024-02-09 12:00:00
1707494400000,322.1,325.2,321.6,323.0,85781.232,2024-02-09 16:00:00
1707508800000,323.0,324.4,322.1,324.0,66696.055,2024-02-09 20:00:00
1707523200000,324.0,325.1,322.5,324.8,58053.964,2024-02-10 00:00:00
1707537600000,324.8,325.4,323.1,323.5,33091.578,2024-02-10 04:00:00
1707552000000,323.5,323.8,318.9,320.1,87396.66,2024-02-10 08:00:00
1707566400000,320.2,322.0,319.8,321.2,55681.929,2024-02-10 12:00:00
1707580800000,321.2,322.4,320.8,322.0,43013.195,2024-02-10 16:00:00
1707595200000,322.0,323.9,321.8,323.0,44239.738,2024-02-10 20:00:00
1707609600000,323.0,324.1,321.8,323.9,43802.454,2024-02-11 00:00:00
1707624000000,323.9,324.9,323.1,324.3,51888.699,2024-02-11 04:00:00
1707638400000,324.4,324.8,321.7,322.3,47819.059,2024-02-11 08:00:00
1707652800000,322.3,322.9,320.2,321.0,57285.572,2024-02-11 12:00:00
1707667200000,321.1,322.4,320.8,321.9,44457.197,2024-02-11 16:00:00
1707681600000,321.8,322.3,320.1,320.7,35055.124,2024-02-11 20:00:00
1707696000000,320.6,322.1,318.1,319.6,63501.741,2024-02-12 00:00:00
1707710400000,319.6,320.5,315.6,318.2,68801.517,2024-02-12 04:00:00
1707724800000,318.2,318.8,315.6,317.2,44623.829,2024-02-12 08:00:00
1707739200000,317.2,322.5,316.8,322.2,77442.239,2024-02-12 12:00:00
1707753600000,322.2,332.2,321.0,324.8,235340.998,2024-02-12 16:00:00
1707768000000,324.9,329.3,324.9,327.8,87023.838,2024-02-12 20:00:00
1707782400000,327.9,329.2,326.1,326.5,57824.928,2024-02-13 00:00:00
1707796800000,326.5,327.6,326.0,326.2,61754.136,2024-02-13 04:00:00
1707811200000,326.2,328.0,324.6,326.7,74272.29,2024-02-13 08:00:00
1707825600000,326.7,326.9,318.6,322.2,152002.94,2024-02-13 12:00:00
1707840000000,322.2,323.5,319.9,322.7,59989.583,2024-02-13 16:00:00
1707854400000,322.8,325.0,322.5,324.7,35701.953,2024-02-13 20:00:00
1707868800000,324.6,326.2,323.4,326.0,38170.326,2024-02-14 00:00:00
1707883200000,326.1,328.2,325.1,328.0,48770.101,2024-02-14 04:00:00
1707897600000,328.0,333.7,327.7,332.7,129303.016,2024-02-14 08:00:00
1707912000000,332.7,334.6,330.2,332.6,113894.803,2024-02-14 12:00:00
1707926400000,332.6,334.5,330.6,332.6,84474.152,2024-02-14 16:00:00
1707940800000,332.6,334.6,332.4,333.9,37854.582,2024-02-14 20:00:00
1707955200000,333.9,344.9,333.3,342.2,239399.172,2024-02-15 00:00:00
1707969600000,342.2,345.5,337.7,345.4,114435.56,2024-02-15 04:00:00
1707984000000,345.5,348.0,342.8,346.8,111391.761,2024-02-15 08:00:00
1707998400000,346.7,366.6,345.2,360.4,559512.798,2024-02-15 12:00:00
1708012800000,360.3,360.7,352.3,355.9,244878.428,2024-02-15 16:00:00
1708027200000,355.9,356.0,349.4,354.2,91972.684,2024-02-15 20:00:00
1708041600000,354.3,366.8,353.2,361.9,170591.571,2024-02-16 00:00:00
1708056000000,361.9,363.7,354.4,356.3,124047.952,2024-02-16 04:00:00
1708070400000,356.3,357.6,350.8,357.6,146859.246,2024-02-16 08:00:00
1708084800000,357.6,365.3,356.0,358.5,379635.303,2024-02-16 12:00:00
1708099200000,358.5,363.4,349.1,354.5,194336.743,2024-02-16 16:00:00
1708113600000,354.5,361.0,354.1,360.4,46385.171,2024-02-16 20:00:00
1708128000000,360.4,363.7,357.8,360.0,112732.273,2024-02-17 00:00:00
1708142400000,359.9,361.0,355.8,359.8,67316.702,2024-02-17 04:00:00
1708156800000,359.8,360.0,354.9,357.1,85530.216,2024-02-17 08:00:00
1708171200000,357.1,359.6,348.2,351.5,227316.885,2024-02-17 12:00:00
1708185600000,351.4,355.2,349.3,353.3,77682.184,2024-02-17 16:00:00
1708200000000,353.4,354.9,352.0,352.9,59688.26,2024-02-17 20:00:00
1708214400000,352.9,353.5,349.1,351.7,80310.254,2024-02-18 00:00:00
1708228800000,351.7,356.6,351.0,355.5,94773.776,2024-02-18 04:00:00
1708243200000,355.5,358.1,354.3,354.5,71880.25,2024-02-18 08:00:00
1708257600000,354.4,355.1,351.6,352.7,75695.565,2024-02-18 12:00:00
1708272000000,352.7,353.0,350.4,351.5,77942.535,2024-02-18 16:00:00
1708286400000,351.4,353.8,349.3,349.8,95065.254,2024-02-18 20:00:00
1708300800000,349.8,355.7,349.3,352.2,167857.15,2024-02-19 00:00:00
1708315200000,352.3,354.7,350.2,354.4,106128.448,2024-02-19 04:00:00
1708329600000,354.5,354.7,350.3,353.2,200902.994,2024-02-19 08:00:00
1708344000000,353.2,354.6,350.8,354.3,174024.751,2024-02-19 12:00:00
1708358400000,354.3,356.2,351.2,352.5,125855.424,2024-02-19 16:00:00
1708372800000,352.6,354.6,351.2,351.6,56148.767,2024-02-19 20:00:00
1708387200000,351.7,355.4,350.7,352.9,134575.428,2024-02-20 00:00:00
1708401600000,352.9,361.6,352.0,357.6,169199.34,2024-02-20 04:00:00
1708416000000,357.7,358.8,351.9,357.7,159623.377,2024-02-20 08:00:00
1708430400000,357.7,360.0,349.0,351.2,287332.496,2024-02-20 12:00:00
1708444800000,351.2,354.2,344.8,354.0,157622.289,2024-02-20 16:00:00
1708459200000,354.1,356.8,353.1,354.6,64297.628,2024-02-20 20:00:00
1708473600000,354.6,355.6,352.5,353.4,55048.544,2024-02-21 00:00:00
1708488000000,353.4,360.5,350.9,360.4,193364.084,2024-02-21 04:00:00
1708502400000,360.4,366.0,358.0,364.1,463678.135,2024-02-21 08:00:00
1708516800000,364.2,374.1,361.2,370.0,529192.105,2024-02-21 12:00:00
1708531200000,370.1,372.5,364.9,371.0,263821.072,2024-02-21 16:00:00
1708545600000,370.9,379.3,370.7,379.2,196311.373,2024-02-21 20:00:00
1708560000000,379.2,387.1,373.7,375.4,355039.917,2024-02-22 00:00:00
1708574400000,375.4,382.1,374.7,381.6,229923.243,2024-02-22 04:00:00
1708588800000,381.5,384.5,378.9,382.9,291521.639,2024-02-22 08:00:00
1708603200000,382.9,383.9,375.6,381.1,255874.437,2024-02-22 12:00:00
1708617600000,381.1,382.8,377.5,382.2,127401.183,2024-02-22 16:00:00
1708632000000,382.1,387.3,380.5,382.6,149887.062,2024-02-22 20:00:00
1708646400000,382.7,385.8,378.1,378.9,108292.061,2024-02-23 00:00:00
1708660800000,378.9,383.5,374.6,374.9,134380.955,2024-02-23 04:00:00
1708675200000,374.9,379.9,374.6,376.8,225573.523,2024-02-23 08:00:00
1708689600000,376.8,377.8,370.9,371.5,284616.189,2024-02-23 12:00:00
1708704000000,371.6,378.0,369.0,377.6,199006.788,2024-02-23 16:00:00
1708718400000,377.5,377.6,372.8,375.5,76021.779,2024-02-23 20:00:00
1708732800000,375.5,377.8,371.7,377.6,75749.635,2024-02-24 00:00:00
1708747200000,377.6,380.3,376.9,379.8,85405.652,2024-02-24 04:00:00
1708761600000,379.8,382.0,379.1,380.5,105333.121,2024-02-24 08:00:00
1708776000000,380.6,381.9,379.1,379.6,78016.331,2024-02-24 12:00:00
1708790400000,379.6,383.3,379.4,382.9,63108.388,2024-02-24 16:00:00
1708804800000,382.8,383.0,381.3,381.7,36974.354,2024-02-24 20:00:00
1708819200000,381.6,382.3,377.6,379.5,76201.368,2024-02-25 00:00:00
1708833600000,379.6,381.8,377.9,380.7,67950.243,2024-02-25 04:00:00
1708848000000,380.7,388.3,378.0,383.9,121688.147,2024-02-25 08:00:00
1708862400000,384.0,386.7,383.5,385.0,156190.118,2024-02-25 12:00:00
1708876800000,385.0,390.2,383.1,389.0,106257.993,2024-02-25 16:00:00
1708891200000,388.9,391.0,387.4,388.5,114714.802,2024-02-25 20:00:00
1708905600000,388.5,390.0,382.0,384.2,112683.871,2024-02-26 00:00:00
1708920000000,384.2,394.8,383.7,386.1,114069.733,2024-02-26 04:00:00
1708934400000,386.1,392.9,383.8,389.7,231675.838,2024-02-26 08:00:00
1708948800000,389.7,399.0,386.9,396.9,325467.737,2024-02-26 12:00:00
1708963200000,396.8,399.3,395.2,398.1,234699.367,2024-02-26 16:00:00
1708977600000,398.1,404.9,397.8,401.6,177665.658,2024-02-26 20:00:00
1708992000000,401.5,403.7,397.6,399.0,219733.626,2024-02-27 00:00:00
1709006400000,399.0,400.6,394.6,396.0,173803.159,2024-02-27 04:00:00
1709020800000,396.0,400.2,395.9,398.2,128225.168,2024-02-27 08:00:00
1709035200000,398.3,400.5,391.5,392.9,194190.71,2024-02-27 12:00:00
1709049600000,392.9,395.8,389.6,395.4,143662.826,2024-02-27 16:00:00
1709064000000,395.3,396.6,394.2,394.6,56257.584,2024-02-27 20:00:00
1709078400000,394.6,397.4,394.1,395.7,52415.407,2024-02-28 00:00:00
1709092800000,395.7,401.3,395.2,400.5,72315.529,2024-02-28 04:00:00
1709107200000,400.5,417.8,398.7,406.5,344412.098,2024-02-28 08:00:00
1709121600000,406.5,414.7,404.8,413.2,259708.677,2024-02-28 12:00:00
1709136000000,413.3,427.3,400.0,408.4,505860.318,2024-02-28 16:00:00
1709150400000,408.5,416.2,404.9,414.6,113296.966,2024-02-28 20:00:00
1709164800000,414.7,419.7,410.3,414.0,207076.62,2024-02-29 00:00:00
1709179200000,414.0,417.7,411.8,415.1,162473.613,2024-02-29 04:00:00
1709193600000,415.1,417.7,409.2,410.2,268768.884,2024-02-29 08:00:00
1709208000000,410.2,411.3,406.5,407.4,203587.831,2024-02-29 12:00:00
1709222400000,407.5,408.7,402.1,405.7,169879.236,2024-02-29 16:00:00
1709236800000,405.7,407.1,391.1,399.4,134238.178,2024-02-29 20:00:00
1709251200000,399.3,406.6,398.8,405.6,126353.182,2024-03-01 00:00:00
1709265600000,405.6,407.7,402.4,403.6,105874.502,2024-03-01 04:00:00
1709280000000,403.6,408.5,402.6,406.2,100227.98,2024-03-01 08:00:00
1709294400000,406.2,408.6,402.3,403.0,115882.001,2024-03-01 12:00:00
1709308800000,403.0,407.2,402.5,406.3,69021.612,2024-03-01 16:00:00
1709323200000,406.4,408.5,405.6,407.4,69221.334,2024-03-01 20:00:00
1709337600000,407.4,413.8,405.8,413.7,137517.934,2024-03-02 00:00:00
1709352000000,413.7,414.8,407.3,409.3,125351.298,2024-03-02 04:00:00
1709366400000,409.4,410.4,406.0,407.8,91186.937,2024-03-02 08:00:00
1709380800000,407.9,411.5,406.7,407.7,109949.491,2024-03-02 12:00:00
1709395200000,407.8,409.8,406.4,409.6,76285.485,2024-03-02 16:00:00
1709409600000,409.7,411.0,407.2,410.9,49727.398,2024-03-02 20:00:00
1709424000000,410.9,411.7,408.5,410.5,80637.95,2024-03-03 00:00:00
1709438400000,410.5,413.4,402.2,406.9,181039.668,2024-03-03 04:00:00
1709452800000,407.0,413.5,404.3,413.4,220086.154,2024-03-03 08:00:00
1709467200000,413.3,415.3,411.3,413.3,148450.12,2024-03-03 12:00:00
1709481600000,413.4,416.5,412.9,413.3,122978.904,2024-03-03 16:00:00
1709496000000,413.4,416.8,413.1,414.5,85081.55,2024-03-03 20:00:00
1709510400000,414.5,417.3,411.5,414.4,155701.187,2024-03-04 00:00:00
1709524800000,414.5,417.7,414.1,417.0,79095.908,2024-03-04 04:00:00
1709539200000,417.1,423.8,415.5,417.4,226067.346,2024-03-04 08:00:00
1709553600000,417.4,420.2,415.0,418.9,209282.508,2024-03-04 12:00:00
1709568000000,418.9,419.3,410.6,416.0,238019.164,2024-03-04 16:00:00
1709582400000,416.1,421.3,414.0,418.4,137247.888,2024-03-04 20:00:00
1709596800000,418.5,422.5,415.4,420.3,224020.438,2024-03-05 00:00:00
1709611200000,420.4,427.2,416.5,418.2,346564.662,2024-03-05 04:00:00
1709625600000,418.2,420.7,416.1,418.6,149551.787,2024-03-05 08:00:00
1709640000000,418.7,422.3,413.8,416.0,294755.322,2024-03-05 12:00:00
1709654400000,416.1,417.0,356.1,376.8,605625.165,2024-03-05 16:00:00
1709668800000,376.8,396.7,372.5,394.1,452786.416,2024-03-05 20:00:00
1709683200000,394.1,396.9,385.6,391.2,180357.991,2024-03-06 00:00:00
1709697600000,391.3,411.7,391.2,410.5,294309.8,2024-03-06 04:00:00
1709712000000,410.6,434.7,407.4,426.2,607534.886,2024-03-06 08:00:00
1709726400000,426.2,429.1,413.5,419.9,403315.164,2024-03-06 12:00:00
1709740800000,419.9,425.5,419.2,424.4,165502.68,2024-03-06 16:00:00
1709755200000,424.5,430.0,424.2,429.4,153720.591,2024-03-06 20:00:00
1709769600000,429.4,430.6,425.4,426.6,151785.532,2024-03-07 00:00:00
1709784000000,426.6,434.5,423.2,434.0,202066.161,2024-03-07 04:00:00
1709798400000,434.0,438.8,430.8,438.6,207878.23,2024-03-07 08:00:00
1709812800000,438.6,451.0,438.3,449.2,392316.41,2024-03-07 12:00:00
1709827200000,449.2,468.2,448.5,468.2,394030.739,2024-03-07 16:00:00
1709841600000,468.2,476.8,465.7,474.6,324057.338,2024-03-07 20:00:00
1709856000000,474.6,477.2,463.7,464.8,254675.629,2024-03-08 00:00:00
1709870400000,464.8,473.0,464.6,468.1,217960.427,2024-03-08 04:00:00
1709884800000,468.1,474.7,467.5,474.2,153250.812,2024-03-08 08:00:00
1709899200000,474.2,489.6,468.5,472.7,510592.286,2024-03-08 12:00:00
1709913600000,472.8,487.1,462.5,484.5,364603.775,2024-03-08 16:00:00
1709928000000,484.5,487.8,478.2,485.8,159228.432,2024-03-08 20:00:00
1709942400000,485.8,492.3,481.9,489.1,167057.7,2024-03-09 00:00:00
1709956800000,489.2,489.9,485.5,487.5,122160.254,2024-03-09 04:00:00
1709971200000,487.5,493.8,484.1,487.4,216825.039,2024-03-09 08:00:00
1709985600000,487.4,488.6,483.0,484.1,137137.395,2024-03-09 12:00:00
1710000000000,484.1,485.8,480.7,482.4,125200.65,2024-03-09 16:00:00
1710014400000,482.4,489.6,482.4,488.3,83648.203,2024-03-09 20:00:00
1710028800000,488.3,490.9,484.8,488.3,125576.927,2024-03-10 00:00:00
1710043200000,488.3,504.8,488.0,503.7,225880.933,2024-03-10 04:00:00
1710057600000,503.7,537.5,500.8,531.7,718139.702,2024-03-10 08:00:00
1710072000000,531.8,536.6,517.7,520.9,412938.147,2024-03-10 12:00:00
1710086400000,520.9,532.2,520.5,530.6,241798.726,2024-03-10 16:00:00
1710100800000,530.5,531.9,516.6,528.9,219802.649,2024-03-10 20:00:00
1710115200000,528.9,529.3,505.5,523.1,416685.907,2024-03-11 00:00:00
1710129600000,523.1,533.8,515.4,527.9,346165.748,2024-03-11 04:00:00
1710144000000,527.9,532.8,520.1,522.0,277192.6,2024-03-11 08:00:00
1710158400000,522.1,524.5,515.0,515.4,284905.504,2024-03-11 12:00:00
1710172800000,515.4,522.0,512.1,517.9,199995.021,2024-03-11 16:00:00
1710187200000,517.9,523.8,516.9,523.0,83201.617,2024-03-11 20:00:00
1710201600000,523.0,535.3,522.1,534.1,229837.651,2024-03-12 00:00:00
1710216000000,534.1,543.4,530.0,538.6,343470.116,2024-03-12 04:00:00
1710230400000,538.7,539.0,522.4,530.4,219316.969,2024-03-12 08:00:00
1710244800000,530.4,548.5,520.1,541.9,546529.793,2024-03-12 12:00:00
1710259200000,541.9,545.5,519.0,541.3,468978.553,2024-03-12 16:00:00
1710273600000,541.3,542.4,532.3,537.5,116634.605,2024-03-12 20:00:00
1710288000000,537.4,539.9,531.7,538.2,146685.775,2024-03-13 00:00:00
1710302400000,538.3,563.6,536.3,560.7,344505.567,2024-03-13 04:00:00
1710316800000,560.7,600.0,559.9,592.3,695950.92,2024-03-13 08:00:00
1710331200000,592.3,597.5,577.1,582.4,586139.021,2024-03-13 12:00:00
1710345600000,582.5,597.3,580.5,597.2,283588.189,2024-03-13 16:00:00
1710360000000,597.2,633.5,594.0,630.5,469133.092,2024-03-13 20:00:00
1710374400000,630.5,631.5,610.2,615.3,348707.861,2024-03-14 00:00:00
1710388800000,615.3,621.7,605.3,606.3,266519.321,2024-03-14 04:00:00
1710403200000,606.3,614.2,602.6,605.4,262078.663,2024-03-14 08:00:00
1710417600000,605.5,607.7,586.0,592.7,478488.223,2024-03-14 12:00:00
1710432000000,592.7,599.5,565.5,579.2,474238.779,2024-03-14 16:00:00
1710446400000,579.3,610.0,578.8,603.2,289507.453,2024-03-14 20:00:00
1710460800000,603.2,612.0,565.0,582.9,388379.398,2024-03-15 00:00:00
1710475200000,583.0,586.2,564.9,582.6,336040.061,2024-03-15 04:00:00
1710489600000,582.6,585.0,540.9,583.2,635794.321,2024-03-15 08:00:00
1710504000000,583.2,606.6,569.3,596.3,621779.92,2024-03-15 12:00:00
1710518400000,596.4,613.8,588.8,597.2,604305.1,2024-03-15 16:00:00
1710532800000,597.1,635.2,581.8,632.7,480013.988,2024-03-15 20:00:00
1710547200000,632.7,645.2,611.3,612.2,299665.633,2024-03-16 00:00:00
1710561600000,612.2,619.0,607.1,614.7,174032.929,2024-03-16 04:00:00
1710576000000,614.7,625.5,600.8,608.6,270575.087,2024-03-16 08:00:00
1710590400000,608.6,610.0,590.0,601.5,392060.461,2024-03-16 12:00:00
1710604800000,601.5,602.0,578.7,583.8,370043.088,2024-03-16 16:00:00
1710619200000,583.8,592.0,567.2,576.4,305460.844,2024-03-16 20:00:00
1710633600000,576.4,590.4,570.3,587.7,207647.167,2024-03-17 00:00:00
1710648000000,587.7,587.7,548.6,559.9,287610.608,2024-03-17 04:00:00
1710662400000,559.9,579.7,557.1,572.1,260892.537,2024-03-17 08:00:00
1710676800000,572.2,588.6,560.6,588.2,384185.478,2024-03-17 12:00:00
1710691200000,588.2,590.5,573.2,583.1,365809.755,2024-03-17 16:00:00
1710705600000,583.0,585.0,562.2,571.7,206774.796,2024-03-17 20:00:00
1710720000000,571.7,571.8,550.0,565.2,311615.479,2024-03-18 00:00:00
1710734400000,565.2,587.7,560.0,576.7,360307.993,2024-03-18 04:00:00
1710748800000,576.7,576.8,561.1,568.4,383164.469,2024-03-18 08:00:00
1710763200000,568.5,571.7,544.5,552.3,604291.634,2024-03-18 12:00:00
1710777600000,552.3,558.2,540.1,548.3,493848.485,2024-03-18 16:00:00
1710792000000,548.4,558.0,548.3,555.4,131073.754,2024-03-18 20:00:00
1710806400000,555.4,560.6,522.6,534.0,438120.027,2024-03-19 00:00:00
1710820800000,534.0,536.2,510.0,529.4,580737.962,2024-03-19 04:00:00
1710835200000,529.5,529.5,495.8,513.6,751380.726,2024-03-19 08:00:00
1710849600000,513.6,530.5,508.9,529.5,383675.448,2024-03-19 12:00:00
1710864000000,529.5,538.8,526.3,532.0,189568.7,2024-03-19 16:00:00
1710878400000,532.1,533.2,501.1,507.7,207878.649,2024-03-19 20:00:00
1710892800000,507.7,522.5,505.7,512.3,225249.749,2024-03-20 00:00:00
1710907200000,512.3,533.9,500.0,532.1,249070.61,2024-03-20 04:00:00
1710921600000,532.0,536.0,522.0,533.6,194361.851,2024-03-20 08:00:00
1710936000000,533.5,539.5,515.6,516.4,268551.072,2024-03-20 12:00:00
1710950400000,516.5,542.5,503.0,540.9,306839.56,2024-03-20 16:00:00
1710964800000,540.8,559.0,539.7,556.8,181223.737,2024-03-20 20:00:00
1710979200000,556.7,562.0,548.8,552.5,192835.834,2024-03-21 00:00:00
1710993600000,552.5,554.7,540.6,550.0,152237.476,2024-03-21 04:00:00
1711008000000,550.0,571.0,549.6,558.1,217027.404,2024-03-21 08:00:00
1711022400000,558.2,565.6,553.7,558.5,150460.882,2024-03-21 12:00:00
1711036800000,558.5,567.0,544.3,552.0,168687.263,2024-03-21 16:00:00
1711051200000,551.9,558.3,546.5,553.8,72672.513,2024-03-21 20:00:00
1711065600000,553.8,578.0,551.9,575.6,207245.927,2024-03-22 00:00:00
1711080000000,575.6,588.1,570.7,584.1,177074.187,2024-03-22 04:00:00
1711094400000,584.1,587.9,562.9,565.4,220560.412,2024-03-22 08:00:00
1711108800000,565.4,569.8,541.7,554.0,329178.142,2024-03-22 12:00:00
1711123200000,554.1,554.3,542.8,550.0,137700.679,2024-03-22 16:00:00
1711137600000,549.9,554.0,535.5,553.8,109539.163,2024-03-22 20:00:00
1711152000000,553.8,562.6,543.4,550.3,156102.074,2024-03-23 00:00:00
1711166400000,550.3,558.4,548.1,554.9,77975.554,2024-03-23 04:00:00
1711180800000,554.8,559.2,549.7,554.4,128388.81,2024-03-23 08:00:00
1711195200000,554.3,567.7,553.2,562.2,139468.567,2024-03-23 12:00:00
1711209600000,562.2,565.2,558.0,559.1,47482.747,2024-03-23 16:00:00
1711224000000,559.1,562.4,550.7,551.9,59335.577,2024-03-23 20:00:00
1711238400000,551.9,561.5,550.5,550.7,79925.359,2024-03-24 00:00:00
1711252800000,550.6,555.3,548.7,552.7,52941.348,2024-03-24 04:00:00
1711267200000,552.7,557.6,551.7,556.5,65379.407,2024-03-24 08:00:00
1711281600000,556.4,564.4,555.8,560.4,91083.231,2024-03-24 12:00:00
1711296000000,560.5,564.9,553.9,563.9,72495.418,2024-03-24 16:00:00
1711310400000,563.8,573.0,562.3,567.7,81105.587,2024-03-24 20:00:00
1711324800000,567.8,582.1,564.4,581.5,105382.846,2024-03-25 00:00:00
1711339200000,581.5,589.1,580.4,583.8,132758.286,2024-03-25 04:00:00
1711353600000,583.7,587.2,577.7,579.3,163352.906,2024-03-25 08:00:00
1711368000000,579.3,595.6,574.0,593.0,217275.159,2024-03-25 12:00:00
1711382400000,592.9,598.0,590.9,594.5,113354.413,2024-03-25 16:00:00
1711396800000,594.6,595.5,584.7,587.0,70571.902,2024-03-25 20:00:00
1711411200000,587.1,593.5,586.2,592.8,54377.308,2024-03-26 00:00:00
1711425600000,592.9,597.0,589.9,591.7,84797.101,2024-03-26 04:00:00
1711440000000,591.6,597.0,590.0,591.5,68819.468,2024-03-26 08:00:00
1711454400000,591.6,594.1,571.9,579.9,208934.301,2024-03-26 12:00:00
1711468800000,580.0,581.6,572.0,575.5,102728.298,2024-03-26 16:00:00
1711483200000,575.5,581.6,575.4,580.4,49667.603,2024-03-26 20:00:00
1711497600000,580.4,585.6,578.1,582.0,57783.134,2024-03-27 00:00:00
1711512000000,582.1,582.9,573.2,574.3,61640.154,2024-03-27 04:00:00
1711526400000,574.4,580.3,571.8,578.4,81699.085,2024-03-27 08:00:00
1711540800000,578.5,585.0,560.3,570.0,206222.177,2024-03-27 12:00:00
1711555200000,570.0,576.1,564.1,569.5,81927.757,2024-03-27 16:00:00
1711569600000,569.6,575.9,568.6,574.3,42396.095,2024-03-27 20:00:00
1711584000000,574.2,588.7,574.1,581.7,156916.62,2024-03-28 00:00:00
1711598400000,581.8,591.1,581.5,590.5,101079.349,2024-03-28 04:00:00
1711612800000,590.5,591.7,585.1,587.3,80778.484,2024-03-28 08:00:00
1711627200000,587.4,588.7,580.2,585.2,88887.196,2024-03-28 12:00:00
1711641600000,585.2,586.0,580.7,581.7,45111.781,2024-03-28 16:00:00
1711656000000,581.7,585.9,579.8,583.4,31128.194,2024-03-28 20:00:00
1711670400000,583.4,589.3,582.1,588.6,49468.537,2024-03-29 00:00:00
1711684800000,588.6,613.6,586.5,606.7,411798.397,2024-03-29 04:00:00
1711699200000,606.8,619.7,606.1,616.4,177070.159,2024-03-29 08:00:00
1711713600000,616.4,620.0,603.0,607.4,201362.759,2024-03-29 12:00:00
1711728000000,607.4,614.3,607.2,613.6,104835.001,2024-03-29 16:00:00
1711742400000,613.6,618.3,610.8,612.5,97866.316,2024-03-29 20:00:00
1711756800000,612.5,612.9,604.2,607.9,120699.169,2024-03-30 00:00:00
1711771200000,607.8,610.6,599.2,599.3,117289.299,2024-03-30 04:00:00
1711785600000,599.2,606.2,596.9,605.1,92348.318,2024-03-30 08:00:00
1711800000000,605.2,606.9,602.3,605.5,58082.126,2024-03-30 12:00:00
1711814400000,605.5,609.8,603.8,604.9,58554.423,2024-03-30 16:00:00
1711828800000,605.0,607.1,599.7,600.7,54046.813,2024-03-30 20:00:00
1711843200000,600.7,608.6,600.4,608.6,59540.793,2024-03-31 00:00:00
1711857600000,608.6,608.8,603.3,606.9,64166.328,2024-03-31 04:00:00
1711872000000,606.9,607.0,602.8,605.8,55061.738,2024-03-31 08:00:00
1711886400000,605.8,606.7,601.8,602.1,51446.156,2024-03-31 12:00:00
1711900800000,602.2,606.6,602.1,606.0,44393.054,2024-03-31 16:00:00
1711915200000,606.0,608.7,605.0,606.7,50528.898,2024-03-31 20:00:00
1711929600000,606.7,607.7,596.4,597.6,89887.028,2024-04-01 00:00:00
1711944000000,597.6,597.7,572.2,586.6,201762.417,2024-04-01 04:00:00
1711958400000,586.7,587.6,580.5,585.1,86300.974,2024-04-01 08:00:00
1711972800000,585.1,593.5,572.6,574.0,183344.194,2024-04-01 12:00:00
1711987200000,573.9,579.7,568.7,579.2,106312.726,2024-04-01 16:00:00
1712001600000,579.3,581.8,575.5,575.8,55506.751,2024-04-01 20:00:00
1712016000000,575.8,578.2,551.6,560.9,278687.859,2024-04-02 00:00:00
1712030400000,561.0,565.5,555.1,559.0,123691.742,2024-04-02 04:00:00
1712044800000,559.0,563.3,550.5,555.5,224391.506,2024-04-02 08:00:00
1712059200000,555.5,561.0,546.3,552.3,184588.822,2024-04-02 12:00:00
1712073600000,552.3,559.3,549.5,558.0,105725.462,2024-04-02 16:00:00
1712088000000,558.0,560.0,549.6,551.4,81175.423,2024-04-02 20:00:00
1712102400000,551.4,560.3,539.0,560.3,186438.299,2024-04-03 00:00:00
1712116800000,560.3,564.2,552.9,558.5,114522.818,2024-04-03 04:00:00
1712131200000,558.6,567.9,554.8,556.2,133119.428,2024-04-03 08:00:00
1712145600000,556.2,563.2,551.8,556.7,113411.106,2024-04-03 12:00:00
1712160000000,556.7,560.0,550.7,558.2,79544.37,2024-04-03 16:00:00
1712174400000,558.3,565.1,552.0,561.5,56889.212,2024-04-03 20:00:00
1712188800000,561.6,581.9,560.8,576.3,254783.114,2024-04-04 00:00:00
1712203200000,576.3,584.2,573.0,582.7,125125.648,2024-04-04 04:00:00
1712217600000,582.6,590.0,581.7,587.1,108678.451,2024-04-04 08:00:00
1712232000000,587.0,593.6,585.9,590.6,122489.469,2024-04-04 12:00:00
1712246400000,590.6,597.6,590.3,594.5,94157.847,2024-04-04 16:00:00
1712260800000,594.6,595.1,580.2,585.5,174406.151,2024-04-04 20:00:00
1712275200000,585.4,591.5,575.0,581.6,171141.545,2024-04-05 00:00:00
1712289600000,581.6,581.7,564.4,574.7,134197.478,2024-04-05 04:00:00
1712304000000,574.6,581.1,572.5,577.5,121560.27,2024-04-05 08:00:00
1712318400000,577.5,586.0,573.1,584.0,124269.469,2024-04-05 12:00:00
1712332800000,583.9,584.9,577.5,582.6,44966.075,2024-04-05 16:00:00
1712347200000,582.5,583.5,577.5,577.8,38071.782,2024-04-05 20:00:00
1712361600000,577.8,581.9,575.1,580.8,42817.865,2024-04-06 00:00:00
1712376000000,580.8,584.6,580.2,583.4,37362.761,2024-04-06 04:00:00
1712390400000,583.4,584.3,580.1,581.3,32142.639,2024-04-06 08:00:00
1712404800000,581.3,586.8,580.0,583.7,46164.705,2024-04-06 12:00:00
1712419200000,583.7,586.8,583.0,583.4,29406.489,2024-04-06 16:00:00
1712433600000,583.5,591.3,583.0,585.4,39081.537,2024-04-06 20:00:00
1712448000000,585.5,591.1,584.7,590.1,42418.239,2024-04-07 00:00:00
1712462400000,590.0,590.2,586.1,586.9,32317.456,2024-04-07 04:00:00
1712476800000,586.9,588.6,586.1,586.4,34409.561,2024-04-07 08:00:00
1712491200000,586.5,589.6,583.2,584.4,60518.455,2024-04-07 12:00:00
1712505600000,584.5,586.0,578.3,578.7,61356.387,2024-04-07 16:00:00
1712520000000,578.7,585.0,578.0,583.9,32829.118,2024-04-07 20:00:00
1712534400000,583.8,584.1,577.7,582.0,47412.883,2024-04-08 00:00:00
1712548800000,581.9,589.0,580.9,588.7,63185.738,2024-04-08 04:00:00
1712563200000,588.8,601.1,578.0,596.2,168976.048,2024-04-08 08:00:00
1712577600000,596.2,598.9,586.2,587.7,93501.885,2024-04-08 12:00:00
1712592000000,587.6,592.1,586.6,588.9,58137.43,2024-04-08 16:00:00
1712606400000,588.9,590.8,586.2,586.4,52354.328,2024-04-08 20:00:00
1712620800000,586.3,590.3,581.8,582.2,117558.191,2024-04-09 00:00:00
1712635200000,582.3,584.5,573.9,574.3,106724.737,2024-04-09 04:00:00
1712649600000,574.4,585.1,571.2,584.2,154476.629,2024-04-09 08:00:00
1712664000000,584.2,585.0,573.6,578.9,126657.754,2024-04-09 12:00:00
1712678400000,579.0,580.9,574.0,580.3,57859.195,2024-04-09 16:00:00
1712692800000,580.2,583.4,579.1,580.5,32999.286,2024-04-09 20:00:00
1712707200000,580.4,583.2,573.4,579.0,70148.62,2024-04-10 00:00:00
1712721600000,579.1,588.6,577.2,587.5,71631.071,2024-04-10 04:00:00
1712736000000,587.5,592.0,584.4,586.7,113345.746,2024-04-10 08:00:00
1712750400000,586.7,594.3,574.6,593.1,230881.283,2024-04-10 12:00:00
1712764800000,593.1,610.6,592.9,605.8,255570.077,2024-04-10 16:00:00
1712779200000,605.9,610.3,602.6,609.7,74473.903,2024-04-10 20:00:00
1712793600000,609.7,618.4,604.4,616.6,158518.83,2024-04-11 00:00:00
1712808000000,616.6,616.9,604.1,604.7,78331.867,2024-04-11 04:00:00
1712822400000,604.7,605.7,592.0,592.8,101637.317,2024-04-11 08:00:00
1712836800000,592.8,607.4,592.1,602.8,156257.417,2024-04-11 12:00:00
1712851200000,602.7,605.8,597.9,605.0,42933.581,2024-04-11 16:00:00
1712865600000,605.0,607.4,602.3,604.6,41999.182,2024-04-11 20:00:00
1712880000000,604.6,615.6,604.5,613.6,80799.596,2024-04-12 00:00:00
1712894400000,613.7,634.5,613.2,621.1,321613.16,2024-04-12 04:00:00
1712908800000,621.2,626.0,617.8,622.1,142346.14,2024-04-12 08:00:00
1712923200000,622.1,623.9,607.0,612.7,264829.11,2024-04-12 12:00:00
1712937600000,612.6,619.6,571.0,587.7,551019.258,2024-04-12 16:00:00
1712952000000,587.7,599.1,586.2,595.6,157115.394,2024-04-12 20:00:00
1712966400000,595.6,596.3,565.1,583.2,295906.608,2024-04-13 00:00:00
1712980800000,583.2,594.7,580.8,593.8,162495.285,2024-04-13 04:00:00
1712995200000,593.9,600.2,590.5,594.0,120034.539,2024-04-13 08:00:00
1713009600000,594.0,598.5,588.6,595.0,111823.383,2024-04-13 12:00:00
1713024000000,595.0,596.3,547.3,551.9,296755.536,2024-04-13 16:00:00
1713038400000,551.9,564.9,508.0,553.1,774613.122,2024-04-13 20:00:00
1713052800000,553.0,554.7,536.1,547.9,256802.008,2024-04-14 00:00:00
1713067200000,548.0,569.4,546.5,565.6,138626.231,2024-04-14 04:00:00
1713081600000,565.5,576.0,548.9,552.2,125159.453,2024-04-14 08:00:00
1713096000000,552.1,559.6,544.8,550.3,160723.135,2024-04-14 12:00:00
1713110400000,550.3,558.0,537.1,552.2,187177.556,2024-04-14 16:00:00
1713124800000,552.2,570.4,546.8,566.4,96999.62,2024-04-14 20:00:00
1713139200000,566.4,569.4,559.6,567.9,88804.822,2024-04-15 00:00:00
1713153600000,568.0,579.6,561.6,575.4,139295.711,2024-04-15 04:00:00
1713168000000,575.4,585.5,574.1,578.0,108251.17,2024-04-15 08:00:00
1713182400000,578.0,580.5,555.0,565.8,152830.907,2024-04-15 12:00:00
1713196800000,565.8,567.8,544.7,555.6,158544.099,2024-04-15 16:00:00
1713211200000,555.5,559.2,550.5,552.7,50716.594,2024-04-15 20:00:00
1713225600000,552.7,554.2,541.0,545.0,85409.189,2024-04-16 00:00:00
1713240000000,545.1,554.0,532.1,550.7,125473.402,2024-04-16 04:00:00
1713254400000,550.7,550.8,531.7,543.2,128202.217,2024-04-16 08:00:00
1713268800000,543.2,545.5,524.1,525.4,142939.216,2024-04-16 12:00:00
1713283200000,525.4,538.6,522.8,535.0,92286.702,2024-04-16 16:00:00
1713297600000,535.0,544.5,534.3,537.6,49358.087,2024-04-16 20:00:00
1713312000000,537.5,542.5,534.5,542.0,88143.889,2024-04-17 00:00:00
1713326400000,542.0,546.6,540.3,543.7,58045.605,2024-04-17 04:00:00
1713340800000,543.7,547.9,531.7,531.9,80948.222,2024-04-17 08:00:00
1713355200000,532.0,540.4,516.7,517.6,241010.019,2024-04-17 12:00:00
1713369600000,517.5,539.0,512.6,534.0,141119.275,2024-04-17 16:00:00
1713384000000,534.0,540.4,532.9,534.1,48642.348,2024-04-17 20:00:00
1713398400000,534.0,550.0,527.0,549.8,91760.841,2024-04-18 00:00:00
1713412800000,549.7,555.9,539.5,543.9,115048.655,2024-04-18 04:00:00
1713427200000,543.9,554.0,539.5,546.5,177203.64,2024-04-18 08:00:00
1713441600000,546.5,555.0,537.5,550.9,126514.735,2024-04-18 12:00:00
1713456000000,550.8,553.3,546.0,550.0,49209.124,2024-04-18 16:00:00
1713470400000,550.0,553.3,548.2,552.1,29960.301,2024-04-18 20:00:00
1713484800000,552.0,552.2,524.0,541.0,183363.912,2024-04-19 00:00:00
1713499200000,541.1,561.2,539.1,555.3,128447.16,2024-04-19 04:00:00
1713513600000,555.4,562.8,554.4,559.9,77081.641,2024-04-19 08:00:00
1713528000000,559.8,564.3,554.2,560.1,69879.414,2024-04-19 12:00:00
1713542400000,560.0,561.3,554.7,560.7,41664.26,2024-04-19 16:00:00
1713556800000,560.7,561.9,549.6,554.0,45067.796,2024-04-19 20:00:00
1713571200000,554.1,558.1,548.8,556.5,39497.262,2024-04-20 00:00:00
1713585600000,556.6,562.5,556.2,560.5,33756.153,2024-04-20 04:00:00
1713600000000,560.5,560.5,553.0,556.0,34605.767,2024-04-20 08:00:00
1713614400000,556.1,568.0,555.4,567.9,45248.855,2024-04-20 12:00:00
1713628800000,568.0,573.8,564.0,572.9,61073.327,2024-04-20 16:00:00
1713643200000,572.9,574.3,568.4,570.9,27951.495,2024-04-20 20:00:00
1713657600000,570.9,576.2,566.4,572.3,55790.363,2024-04-21 00:00:00
1713672000000,572.3,580.2,570.6,579.6,49129.372,2024-04-21 04:00:00
1713686400000,579.6,582.6,577.4,579.0,47197.923,2024-04-21 08:00:00
1713700800000,578.9,579.2,571.7,574.0,39065.567,2024-04-21 12:00:00
1713715200000,573.9,577.5,566.3,574.9,53358.173,2024-04-21 16:00:00
1713729600000,574.9,581.7,573.6,579.6,33214.326,2024-04-21 20:00:00
1713744000000,579.6,598.6,578.4,592.0,133456.099,2024-04-22 00:00:00
1713758400000,591.9,608.7,591.9,603.0,153291.099,2024-04-22 04:00:00
1713772800000,603.0,607.1,596.8,598.8,77335.261,2024-04-22 08:00:00
1713787200000,598.9,602.1,591.3,594.9,75913.964,2024-04-22 12:00:00
1713801600000,594.9,600.5,592.6,596.6,39672.993,2024-04-22 16:00:00
1713816000000,596.6,606.4,595.4,604.5,43222.741,2024-04-22 20:00:00
1713830400000,604.4,608.9,599.6,601.7,56534.731,2024-04-23 00:00:00
1713844800000,601.7,607.9,598.7,600.1,66087.096,2024-04-23 04:00:00
1713859200000,600.2,618.3,599.8,604.8,202205.502,2024-04-23 08:00:00
1713873600000,604.8,608.8,602.5,604.3,98383.269,2024-04-23 12:00:00
1713888000000,604.3,612.0,602.9,609.1,76410.428,2024-04-23 16:00:00
1713902400000,609.1,609.8,605.1,606.2,57262.318,2024-04-23 20:00:00
1713916800000,606.2,607.9,601.0,605.0,69841.209,2024-04-24 00:00:00
1713931200000,605.1,610.0,603.7,607.9,86975.407,2024-04-24 04:00:00
1713945600000,608.0,618.5,605.0,614.4,146800.037,2024-04-24 08:00:00
1713960000000,614.4,615.5,595.9,597.1,137254.546,2024-04-24 12:00:00
1713974400000,597.0,605.0,592.6,604.2,135431.02,2024-04-24 16:00:00
1713988800000,604.2,613.1,602.0,608.8,80651.458,2024-04-24 20:00:00
1714003200000,608.8,609.4,600.7,605.2,52018.879,2024-04-25 00:00:00
1714017600000,605.3,608.8,601.2,608.4,50105.683,2024-04-25 04:00:00
1714032000000,608.4,613.9,604.7,611.5,128710.072,2024-04-25 08:00:00
1714046400000,611.5,612.0,601.6,611.2,121556.079,2024-04-25 12:00:00
1714060800000,611.2,617.5,610.3,616.8,60626.349,2024-04-25 16:00:00
1714075200000,616.8,617.9,613.0,613.2,40728.455,2024-04-25 20:00:00
1714089600000,613.3,615.0,606.3,610.1,57906.983,2024-04-26 00:00:00
1714104000000,610.2,612.7,607.5,608.5,38917.263,2024-04-26 04:00:00
1714118400000,608.4,610.4,601.1,602.5,72205.417,2024-04-26 08:00:00
1714132800000,602.4,608.3,597.2,599.1,83562.552,2024-04-26 12:00:00
1714147200000,599.1,604.6,598.0,601.3,28259.435,2024-04-26 16:00:00
1714161600000,601.3,603.7,597.0,598.0,21268.234,2024-04-26 20:00:00
1714176000000,598.0,599.7,585.0,594.6,80321.333,2024-04-27 00:00:00
1714190400000,594.7,596.5,591.9,593.7,32655.236,2024-04-27 04:00:00
1714204800000,593.7,595.6,587.2,587.8,43279.615,2024-04-27 08:00:00
1714219200000,587.9,594.0,585.8,587.6,46749.833,2024-04-27 12:00:00
1714233600000,587.5,597.9,587.0,595.6,45927.448,2024-04-27 16:00:00
1714248000000,595.7,597.2,592.7,596.2,19850.447,2024-04-27 20:00:00
1714262400000,596.2,602.6,596.2,599.7,37765.751,2024-04-28 00:00:00
1714276800000,599.6,601.8,597.9,600.7,34144.906,2024-04-28 04:00:00
1714291200000,600.6,605.4,599.1,601.7,40273.893,2024-04-28 08:00:00
1714305600000,601.6,609.0,600.0,603.8,75797.181,2024-04-28 12:00:00
1714320000000,603.9,606.7,603.3,604.2,31013.461,2024-04-28 16:00:00
1714334400000,604.2,607.5,597.5,600.2,39064.239,2024-04-28 20:00:00
1714348800000,600.2,602.8,590.1,590.4,44769.152,2024-04-29 00:00:00
1714363200000,590.3,597.2,581.3,588.5,103732.727,2024-04-29 04:00:00
1714377600000,588.4,591.0,583.4,584.7,55589.248,2024-04-29 08:00:00
1714392000000,584.7,592.8,583.8,592.7,52061.733,2024-04-29 12:00:00
1714406400000,592.7,593.3,589.0,590.8,29702.07,2024-04-29 16:00:00
1714420800000,590.8,596.9,589.7,592.8,44619.075,2024-04-29 20:00:00
1714435200000,592.8,602.7,589.4,591.7,66509.192,2024-04-30 00:00:00
1714449600000,591.8,604.3,591.2,598.4,86819.16,2024-04-30 04:00:00
1714464000000,598.3,598.8,568.3,568.5,163506.627,2024-04-30 08:00:00
1714478400000,568.5,570.2,559.2,560.8,174598.402,2024-04-30 12:00:00
1714492800000,560.9,577.0,555.7,567.2,202112.625,2024-04-30 16:00:00
1714507200000,567.2,581.7,567.1,578.4,72967.44,2024-04-30 20:00:00
1714521600000,578.4,580.4,567.5,574.8,82299.194,2024-05-01 00:00:00
1714536000000,574.9,575.7,543.9,546.1,188053.521,2024-05-01 04:00:00
1714550400000,546.1,552.3,536.7,551.9,137275.125,2024-05-01 08:00:00
1714564800000,552.0,556.3,544.0,545.0,75152.968,2024-05-01 12:00:00
1714579200000,545.1,566.4,542.9,550.2,131808.262,2024-05-01 16:00:00
1714593600000,550.3,563.8,550.3,561.8,54438.248,2024-05-01 20:00:00
1714608000000,561.8,563.0,539.5,547.5,98610.164,2024-05-02 00:00:00
1714622400000,547.5,550.5,544.4,549.8,41675.103,2024-05-02 04:00:00
1714636800000,549.7,561.9,549.0,561.6,66947.846,2024-05-02 08:00:00
1714651200000,561.6,565.9,555.9,564.5,87311.951,2024-05-02 12:00:00
1714665600000,564.6,565.2,560.8,563.5,31458.789,2024-05-02 16:00:00
1714680000000,563.4,564.6,558.3,560.5,33790.462,2024-05-02 20:00:00
1714694400000,560.5,567.2,558.9,566.2,44466.593,2024-05-03 00:00:00
1714708800000,566.2,567.3,560.0,561.3,26352.514,2024-05-03 04:00:00
1714723200000,561.3,568.4,560.5,562.8,60901.336,2024-05-03 08:00:00
1714737600000,562.8,579.9,561.2,577.9,125199.161,2024-05-03 12:00:00
1714752000000,578.0,581.8,577.7,580.9,36079.298,2024-05-03 16:00:00
1714766400000,580.9,590.0,580.7,587.0,49907.531,2024-05-03 20:00:00
1714780800000,587.0,589.5,582.5,584.2,36346.355,2024-05-04 00:00:00
1714795200000,584.2,587.3,582.7,584.0,25322.209,2024-05-04 04:00:00
1714809600000,584.1,593.6,583.5,589.4,45308.498,2024-05-04 08:00:00
1714824000000,589.3,593.5,588.1,591.1,32670.804,2024-05-04 12:00:00
1714838400000,591.2,591.6,586.5,590.3,30751.751,2024-05-04 16:00:00
1714852800000,590.3,592.2,583.9,585.7,26729.634,2024-05-04 20:00:00
1714867200000,585.7,587.7,579.3,581.2,43091.211,2024-05-05 00:00:00
1714881600000,581.3,587.1,580.6,585.2,23340.353,2024-05-05 04:00:00
1714896000000,585.2,589.6,584.6,586.6,21563.858,2024-05-05 08:00:00
1714910400000,586.6,594.5,584.7,593.1,42539.537,2024-05-05 12:00:00
1714924800000,593.1,595.0,590.3,592.9,30246.466,2024-05-05 16:00:00
1714939200000,592.9,594.1,588.5,592.0,19676.811,2024-05-05 20:00:00
1714953600000,592.0,595.5,589.5,591.0,24950.741,2024-05-06 00:00:00
1714968000000,591.0,595.7,589.6,595.5,29837.651,2024-05-06 04:00:00
1714982400000,595.6,602.3,586.3,592.3,96841.813,2024-05-06 08:00:00
1714996800000,592.4,593.2,583.1,589.0,71675.035,2024-05-06 12:00:00
1715011200000,589.0,591.4,585.6,589.9,35001.915,2024-05-06 16:00:00
1715025600000,589.9,593.2,587.6,588.2,20361.85,2024-05-06 20:00:00
1715040000000,588.2,593.8,582.5,586.7,40423.037,2024-05-07 00:00:00
1715054400000,586.7,590.1,585.4,588.7,35689.87,2024-05-07 04:00:00
1715068800000,588.7,600.4,588.0,592.6,74122.503,2024-05-07 08:00:00
1715083200000,592.7,596.2,587.7,594.2,46935.696,2024-05-07 12:00:00
1715097600000,594.3,595.5,585.0,585.6,40747.687,2024-05-07 16:00:00
1715112000000,585.6,587.5,576.0,576.5,51569.916,2024-05-07 20:00:00
1715126400000,576.5,586.3,574.4,585.5,37577.351,2024-05-08 00:00:00
1715140800000,585.5,587.5,578.9,579.7,52814.394,2024-05-08 04:00:00
1715155200000,579.6,587.1,578.3,585.1,45510.896,2024-05-08 08:00:00
1715169600000,585.2,586.9,579.2,582.5,62005.892,2024-05-08 12:00:00
1715184000000,582.5,589.4,580.2,588.8,38889.192,2024-05-08 16:00:00
1715198400000,588.8,590.0,579.8,588.6,60218.892,2024-05-08 20:00:00
1715212800000,588.6,601.0,586.3,597.1,105558.488,2024-05-09 00:00:00
1715227200000,597.1,602.0,594.6,600.0,93869.211,2024-05-09 04:00:00
1715241600000,600.1,602.0,589.1,595.0,81586.294,2024-05-09 08:00:00
1715256000000,595.1,605.8,590.5,596.5,96554.413,2024-05-09 12:00:00
1715270400000,596.5,599.5,590.7,596.6,50279.871,2024-05-09 16:00:00
1715284800000,596.6,599.7,594.2,596.8,37009.324,2024-05-09 20:00:00
1715299200000,596.8,597.0,591.0,593.7,49571.831,2024-05-10 00:00:00
1715313600000,593.7,596.8,592.4,595.3,29100.745,2024-05-10 04:00:00
1715328000000,595.2,596.2,592.3,596.1,36534.943,2024-05-10 08:00:00
1715342400000,596.1,597.0,582.6,586.4,97682.122,2024-05-10 12:00:00
1715356800000,586.3,589.1,581.5,586.3,63822.834,2024-05-10 16:00:00
1715371200000,586.3,588.2,583.6,585.6,19503.041,2024-05-10 20:00:00
1715385600000,585.7,590.6,580.8,583.4,61128.57,2024-05-11 00:00:00
1715400000000,583.5,587.8,582.3,587.1,23870.189,2024-05-11 04:00:00
1715414400000,587.1,590.6,583.0,589.7,56382.139,2024-05-11 08:00:00
1715428800000,589.8,593.8,588.3,591.5,33570.352,2024-05-11 12:00:00
1715443200000,591.5,594.5,588.8,593.5,19877.271,2024-05-11 16:00:00
1715457600000,593.5,594.4,591.2,592.2,15869.784,2024-05-11 20:00:00
1715472000000,592.2,593.9,589.9,590.1,17125.677,2024-05-12 00:00:00
1715486400000,590.2,591.9,587.3,588.5,17265.203,2024-05-12 04:00:00
1715500800000,588.4,593.7,587.6,592.9,22697.425,2024-05-12 08:00:00
1715515200000,592.9,596.8,591.4,595.4,41285.644,2024-05-12 12:00:00
1715529600000,595.5,600.1,592.7,598.1,62350.584,2024-05-12 16:00:00
1715544000000,598.0,598.4,592.8,594.8,30466.029,2024-05-12 20:00:00
1715558400000,594.8,596.7,585.2,589.1,87743.078,2024-05-13 00:00:00
1715572800000,589.1,598.4,585.7,596.2,79512.95,2024-05-13 04:00:00
1715587200000,596.3,598.2,594.1,594.9,80098.39,2024-05-13 08:00:00
1715601600000,595.0,596.4,592.8,595.4,61274.651,2024-05-13 12:00:00
1715616000000,595.4,597.9,591.8,595.1,45963.407,2024-05-13 16:00:00
1715630400000,595.2,595.7,591.1,591.7,35217.81,2024-05-13 20:00:00
1715644800000,591.7,593.1,587.7,588.9,34934.597,2024-05-14 00:00:00
1715659200000,588.9,592.0,582.2,588.5,53037.233,2024-05-14 04:00:00
1715673600000,588.4,588.5,584.9,586.3,23945.454,2024-05-14 08:00:00
1715688000000,586.3,588.2,562.0,569.9,224698.314,2024-05-14 12:00:00
1715702400000,569.8,571.1,564.0,568.7,67711.478,2024-05-14 16:00:00
1715716800000,568.7,568.9,563.9,567.1,48981.24,2024-05-14 20:00:00
1715731200000,567.1,570.0,560.0,569.9,67313.317,2024-05-15 00:00:00
1715745600000,570.0,571.1,565.0,569.4,37309.29,2024-05-15 04:00:00
1715760000000,569.3,571.2,564.8,566.5,49290.563,2024-05-15 08:00:00
1715774400000,566.4,582.6,565.0,580.1,132685.126,2024-05-15 12:00:00
1715788800000,580.0,587.3,578.5,586.4,57357.446,2024-05-15 16:00:00
1715803200000,586.4,586.8,580.4,581.0,58857.251,2024-05-15 20:00:00
1715817600000,581.0,586.6,580.8,584.0,102469.213,2024-05-16 00:00:00
1715832000000,584.0,585.8,581.1,584.6,60834.363,2024-05-16 04:00:00
1715846400000,584.6,585.3,580.0,582.8,45443.132,2024-05-16 08:00:00
1715860800000,582.8,583.0,566.2,567.8,142400.44,2024-05-16 12:00:00
1715875200000,567.8,570.3,565.1,568.0,40647.115,2024-05-16 16:00:00
1715889600000,568.0,570.2,566.7,569.2,20142.793,2024-05-16 20:00:00
1715904000000,569.2,572.7,568.6,571.8,33521.558,2024-05-17 00:00:00
1715918400000,571.9,580.0,569.9,578.5,54133.472,2024-05-17 04:00:00
1715932800000,578.6,579.6,574.5,578.2,44251.922,2024-05-17 08:00:00
1715947200000,578.2,584.5,575.5,582.5,59837.233,2024-05-17 12:00:00
1715961600000,582.6,583.5,577.3,580.2,32617.795,2024-05-17 16:00:00
1715976000000,580.1,581.1,579.1,580.9,12557.636,2024-05-17 20:00:00
1715990400000,580.9,581.9,577.5,581.6,26558.167,2024-05-18 00:00:00
1716004800000,581.6,581.9,578.5,578.8,26897.454,2024-05-18 04:00:00
1716019200000,578.8,581.5,578.5,579.6,33268.367,2024-05-18 08:00:00
1716033600000,579.6,579.6,574.2,577.6,36204.147,2024-05-18 12:00:00
1716048000000,577.6,578.7,576.4,577.3,14356.64,2024-05-18 16:00:00
1716062400000,577.3,580.5,576.6,580.3,30789.936,2024-05-18 20:00:00
1716076800000,580.3,581.9,579.2,581.4,18791.854,2024-05-19 00:00:00
1716091200000,581.4,581.7,577.6,579.8,23965.859,2024-05-19 04:00:00
1716105600000,579.8,581.1,577.6,580.7,24113.824,2024-05-19 08:00:00
1716120000000,580.7,581.2,574.7,577.6,36374.386,2024-05-19 12:00:00
1716134400000,577.7,577.9,572.9,573.7,25734.825,2024-05-19 16:00:00
1716148800000,573.6,575.8,571.3,574.5,13176.737,2024-05-19 20:00:00
1716163200000,574.6,577.4,570.6,575.9,32535.231,2024-05-20 00:00:00
1716177600000,576.0,580.7,571.5,576.2,47356.434,2024-05-20 04:00:00
1716192000000,576.1,577.4,571.7,573.0,40022.616,2024-05-20 08:00:00
1716206400000,572.9,576.8,568.8,576.6,47314.038,2024-05-20 12:00:00
1716220800000,576.6,590.4,575.4,589.2,115821.471,2024-05-20 16:00:00
1716235200000,589.3,602.0,585.3,599.6,186203.016,2024-05-20 20:00:00
1716249600000,599.6,611.6,595.2,597.9,154484.584,2024-05-21 00:00:00
1716264000000,597.8,631.4,593.3,630.1,364138.323,2024-05-21 04:00:00
1716278400000,630.1,630.1,616.4,617.8,221158.179,2024-05-21 08:00:00
1716292800000,617.9,619.6,610.1,612.6,161117.623,2024-05-21 12:00:00
1716307200000,612.7,619.2,608.0,609.4,83491.037,2024-05-21 16:00:00
1716321600000,609.5,619.7,609.3,618.5,39169.867,2024-05-21 20:00:00
1716336000000,618.5,624.4,616.7,622.0,60120.446,2024-05-22 00:00:00
1716350400000,622.0,623.1,612.6,621.4,63241.965,2024-05-22 04:00:00
1716364800000,621.4,626.3,617.7,617.8,57952.081,2024-05-22 08:00:00
1716379200000,617.8,621.7,610.6,621.0,107704.492,2024-05-22 12:00:00
1716393600000,621.1,621.8,610.1,612.5,80740.403,2024-05-22 16:00:00
1716408000000,612.5,616.7,611.4,614.8,35089.1,2024-05-22 20:00:00
1716422400000,614.8,616.9,612.9,614.8,44382.832,2024-05-23 00:00:00
1716436800000,614.8,617.5,611.8,614.9,68638.61,2024-05-23 04:00:00
1716451200000,614.9,615.4,606.7,613.3,83591.609,2024-05-23 08:00:00
1716465600000,613.3,613.3,586.4,594.4,209894.219,2024-05-23 12:00:00
1716480000000,594.3,597.8,587.4,590.4,55814.324,2024-05-23 16:00:00
1716494400000,590.5,601.5,580.0,599.3,145350.353,2024-05-23 20:00:00
1716508800000,599.4,605.5,596.6,601.4,50826.324,2024-05-24 00:00:00
1716523200000,601.5,602.8,588.4,593.1,58381.281,2024-05-24 04:00:00
1716537600000,593.1,597.0,588.3,596.5,43025.592,2024-05-24 08:00:00
1716552000000,596.5,599.7,595.0,597.1,38654.216,2024-05-24 12:00:00
1716566400000,597.1,603.2,595.1,601.9,42591.535,2024-05-24 16:00:00
1716580800000,602.0,602.5,600.0,600.3,18486.228,2024-05-24 20:00:00
1716595200000,600.3,604.7,599.5,601.5,23225.603,2024-05-25 00:00:00
1716609600000,601.5,603.7,600.5,601.7,18875.439,2024-05-25 04:00:00
1716624000000,601.7,606.7,601.2,604.2,35699.765,2024-05-25 08:00:00
1716638400000,604.2,604.7,600.3,601.9,23856.468,2024-05-25 12:00:00
1716652800000,602.0,603.0,601.3,602.2,11390.235,2024-05-25 16:00:00
1716667200000,602.1,602.7,600.5,602.4,8491.448,2024-05-25 20:00:00
1716681600000,602.3,603.3,599.9,602.2,19866.532,2024-05-26 00:00:00
1716696000000,602.2,604.3,601.6,604.2,16466.899,2024-05-26 04:00:00
1716710400000,604.2,605.4,600.5,601.7,19875.319,2024-05-26 08:00:00
1716724800000,601.8,604.7,599.1,602.3,28472.486,2024-05-26 12:00:00
1716739200000,602.2,603.8,600.5,601.1,18684.566,2024-05-26 16:00:00
1716753600000,601.1,601.4,598.0,600.2,19617.858,2024-05-26 20:00:00
1716768000000,600.3,606.5,599.6,605.1,32804.666,2024-05-27 00:00:00
1716782400000,605.1,606.0,601.0,603.0,24571.549,2024-05-27 04:00:00
1716796800000,603.0,605.3,600.9,602.3,28736.226,2024-05-27 08:00:00
1716811200000,602.3,613.9,600.8,612.7,60668.224,2024-05-27 12:00:00
1716825600000,612.8,614.4,600.5,602.2,55896.234,2024-05-27 16:00:00
1716840000000,602.2,606.1,601.1,603.9,26625.478,2024-05-27 20:00:00
1716854400000,603.9,605.1,595.9,597.8,68404.721,2024-05-28 00:00:00
1716868800000,597.9,599.9,593.8,597.8,45261.841,2024-05-28 04:00:00
1716883200000,597.8,606.0,596.9,602.0,51501.645,2024-05-28 08:00:00
1716897600000,602.0,603.3,596.3,601.4,63095.679,2024-05-28 12:00:00
1716912000000,601.4,602.1,595.5,601.4,40729.204,2024-05-28 16:00:00
1716926400000,601.5,603.2,600.5,601.7,15869.895,2024-05-28 20:00:00
1716940800000,601.7,603.6,601.2,601.6,33324.626,2024-05-29 00:00:00
1716955200000,601.6,603.5,598.1,598.2,29595.451,2024-05-29 04:00:00
1716969600000,598.2,600.6,596.0,599.0,45488.064,2024-05-29 08:00:00
1716984000000,599.0,601.3,595.0,595.4,51859.096,2024-05-29 12:00:00
1716998400000,595.4,596.7,593.1,594.0,33715.669,2024-05-29 16:00:00
1717012800000,594.0,597.4,593.6,595.7,18723.348,2024-05-29 20:00:00
1717027200000,595.7,598.2,595.3,597.6,26434.262,2024-05-30 00:00:00
1717041600000,597.6,598.4,588.9,589.1,48319.941,2024-05-30 04:00:00
1717056000000,589.1,595.0,586.5,594.1,54315.4,2024-05-30 08:00:00
1717070400000,594.2,598.2,593.9,596.6,30961.781,2024-05-30 12:00:00
1717084800000,596.7,602.2,595.6,597.0,40698.506,2024-05-30 16:00:00
1717099200000,597.1,597.1,591.3,595.1,24722.454,2024-05-30 20:00:00
1717113600000,595.1,596.7,593.2,593.6,17925.8,2024-05-31 00:00:00
1717128000000,593.6,594.6,591.0,591.9,19857.571,2024-05-31 04:00:00
1717142400000,591.9,596.1,591.4,595.4,24878.648,2024-05-31 08:00:00
1717156800000,595.4,599.0,591.1,591.3,51683.714,2024-05-31 12:00:00
1717171200000,591.2,595.2,590.0,593.9,37414.762,2024-05-31 16:00:00
1717185600000,593.9,595.8,592.7,593.7,16847.559,2024-05-31 20:00:00
1717200000000,593.8,595.5,593.1,595.3,17531.662,2024-06-01 00:00:00
1717214400000,595.2,596.5,594.4,595.1,13667.018,2024-06-01 04:00:00
1717228800000,595.2,596.3,594.6,596.3,15980.03,2024-06-01 08:00:00
1717243200000,596.3,598.5,595.6,596.3,25003.996,2024-06-01 12:00:00
1717257600000,596.4,597.7,595.8,597.5,11569.752,2024-06-01 16:00:00
1717272000000,597.6,608.4,597.5,601.9,72712.436,2024-06-01 20:00:00
1717286400000,601.9,606.0,601.5,604.0,42936.008,2024-06-02 00:00:00
1717300800000,604.0,605.6,599.8,600.1,35229.41,2024-06-02 04:00:00
1717315200000,600.1,602.1,596.3,601.2,32520.922,2024-06-02 08:00:00
1717329600000,601.2,603.0,599.2,601.5,30635.11,2024-06-02 12:00:00
1717344000000,601.5,602.0,596.0,599.3,33195.052,2024-06-02 16:00:00
1717358400000,599.2,604.0,597.5,602.9,23783.494,2024-06-02 20:00:00
1717372800000,602.8,610.0,601.2,608.1,59340.388,2024-06-03 00:00:00
1717387200000,608.1,638.8,607.7,626.1,279879.293,2024-06-03 04:00:00
1717401600000,626.1,634.0,625.2,631.1,105890.976,2024-06-03 08:00:00
1717416000000,631.1,637.9,621.8,627.8,129454.378,2024-06-03 12:00:00
1717430400000,627.8,628.5,619.9,625.4,51989.077,2024-06-03 16:00:00
1717444800000,625.4,629.0,622.7,626.4,27607.355,2024-06-03 20:00:00
1717459200000,626.4,634.7,625.0,634.4,47051.514,2024-06-04 00:00:00
1717473600000,634.3,635.2,627.8,628.6,59946.097,2024-06-04 04:00:00
1717488000000,628.6,649.6,624.8,645.9,193944.887,2024-06-04 08:00:00
1717502400000,645.9,667.0,644.4,663.0,225248.153,2024-06-04 12:00:00
1717516800000,663.0,674.0,660.7,671.0,96881.2342,2024-06-04 16:00:00
1717531200000,671.0,688.2,667.7,685.7,113250.7951,2024-06-04 20:00:00
1717545600000,685.7,716.0,684.7,703.0,248204.7192,2024-06-05 00:00:00
1717560000000,703.1,712.2,696.0,705.6,115038.411,2024-06-05 04:00:00
1717574400000,705.6,713.7,692.5,699.7,96741.267,2024-06-05 08:00:00
1717588800000,699.8,707.5,695.5,704.6,73871.11,2024-06-05 12:00:00
1717603200000,704.7,706.4,686.8,691.6,106308.52,2024-06-05 16:00:00
1717617600000,691.6,699.4,689.8,698.8,33656.538,2024-06-05 20:00:00
1717632000000,698.8,702.0,695.9,696.6,50002.427,2024-06-06 00:00:00
1717646400000,696.6,706.5,692.0,704.6,106104.204,2024-06-06 04:00:00
1717660800000,704.7,710.0,701.5,705.0,71423.989,2024-06-06 08:00:00
1717675200000,705.1,721.8,702.2,703.5,170379.9002,2024-06-06 12:00:00
1717689600000,703.5,708.2,697.8,706.0,85558.284,2024-06-06 16:00:00
1717704000000,705.9,712.0,700.5,711.2,60574.155,2024-06-06 20:00:00
1717718400000,711.1,712.0,700.0,704.1,84714.859,2024-06-07 00:00:00
1717732800000,704.2,709.4,697.3,697.8,78199.686,2024-06-07 04:00:00
1717747200000,697.9,705.6,697.6,705.5,64581.273,2024-06-07 08:00:00
1717761600000,705.6,708.9,696.0,701.0,91494.145,2024-06-07 12:00:00
1717776000000,701.0,701.8,658.9,681.2,228637.578,2024-06-07 16:00:00
1717790400000,681.3,685.8,677.8,684.0,47126.449,2024-06-07 20:00:00
1717804800000,684.0,685.5,679.7,682.0,48702.598,2024-06-08 00:00:00
1717819200000,682.0,694.8,680.8,694.7,42174.351,2024-06-08 04:00:00
1717833600000,694.7,694.9,682.6,683.8,31634.807,2024-06-08 08:00:00
1717848000000,683.8,688.4,677.9,686.5,52643.504,2024-06-08 12:00:00
1717862400000,686.6,687.4,680.3,686.1,25086.417,2024-06-08 16:00:00
1717876800000,686.1,687.7,681.4,682.7,16607.796,2024-06-08 20:00:00
1717891200000,682.7,683.2,670.9,675.0,54352.095,2024-06-09 00:00:00
1717905600000,675.0,681.6,672.2,679.9,21906.714,2024-06-09 04:00:00
1717920000000,679.9,683.4,677.7,679.4,21548.073,2024-06-09 08:00:00
1717934400000,679.4,684.8,676.8,676.9,36298.452,2024-06-09 12:00:00
1717948800000,676.8,678.9,675.6,675.8,17629.1,2024-06-09 16:00:00
1717963200000,675.7,676.1,670.3,673.0,21831.346,2024-06-09 20:00:00
1717977600000,673.1,674.8,668.1,669.0,25058.678,2024-06-10 00:00:00
1717992000000,669.1,669.6,639.3,640.9,186664.823,2024-06-10 04:00:00
1718006400000,641.0,649.9,639.3,640.1,113671.088,2024-06-10 08:00:00
1718020800000,640.0,653.1,635.6,651.0,76429.359,2024-06-10 12:00:00
1718035200000,651.0,653.7,646.2,648.5,46123.049,2024-06-10 16:00:00
1718049600000,648.5,648.6,613.3,625.1,244175.619,2024-06-10 20:00:00
1718064000000,625.1,629.0,615.9,625.5,151467.493,2024-06-11 00:00:00
1718078400000,625.6,625.7,609.2,613.3,118074.297,2024-06-11 04:00:00
1718092800000,613.4,616.7,603.0,606.3,131963.948,2024-06-11 08:00:00
1718107200000,606.4,611.0,595.8,597.9,131158.68,2024-06-11 12:00:00
1718121600000,597.8,609.7,596.2,608.3,70285.533,2024-06-11 16:00:00
1718136000000,608.4,608.4,599.4,602.5,37705.969,2024-06-11 20:00:00
1718150400000,602.5,609.0,591.3,608.3,72301.668,2024-06-12 00:00:00
1718164800000,608.3,614.8,605.8,614.8,52059.275,2024-06-12 04:00:00
1718179200000,614.8,618.1,609.0,609.2,61777.436,2024-06-12 08:00:00
1718193600000,609.2,635.4,609.1,628.5,137568.733,2024-06-12 12:00:00
1718208000000,628.5,633.3,610.0,612.6,101208.896,2024-06-12 16:00:00
1718222400000,612.6,623.1,611.0,619.4,29232.653,2024-06-12 20:00:00
1718236800000,619.4,619.9,602.8,606.9,86447.931,2024-06-13 00:00:00
1718251200000,606.9,611.4,602.0,607.5,44417.368,2024-06-13 04:00:00
1718265600000,607.6,610.1,602.9,604.3,48203.793,2024-06-13 08:00:00
1718280000000,604.3,610.8,595.8,597.4,69860.886,2024-06-13 12:00:00
1718294400000,597.4,605.6,595.6,602.3,34090.232,2024-06-13 16:00:00
1718308800000,602.3,603.6,597.0,599.8,30445.262,2024-06-13 20:00:00
1718323200000,599.8,603.5,594.5,600.9,31125.976,2024-06-14 00:00:00
1718337600000,600.9,610.0,600.8,608.3,40037.788,2024-06-14 04:00:00
1718352000000,608.2,611.2,606.6,611.1,46944.35,2024-06-14 08:00:00
1718366400000,611.0,612.5,601.4,602.6,40575.353,2024-06-14 12:00:00
1718380800000,602.6,603.3,590.0,596.2,86256.967,2024-06-14 16:00:00
1718395200000,596.2,605.0,595.3,603.3,34861.651,2024-06-14 20:00:00
1718409600000,603.3,606.1,601.3,605.7,21436.352,2024-06-15 00:00:00
1718424000000,605.7,609.1,604.7,606.8,24345.659,2024-06-15 04:00:00
1718438400000,606.8,608.8,606.1,608.7,15255.676,2024-06-15 08:00:00
1718452800000,608.7,609.7,603.9,607.3,29497.064,2024-06-15 12:00:00
1718467200000,607.3,608.3,605.1,606.9,16949.814,2024-06-15 16:00:00
1718481600000,606.9,609.4,604.1,608.2,15165.632,2024-06-15 20:00:00
1718496000000,608.2,608.3,603.8,604.6,17938.227,2024-06-16 00:00:00
1718510400000,604.5,607.4,601.1,606.2,20251.746,2024-06-16 04:00:00
1718524800000,606.2,608.0,603.7,606.3,17561.435,2024-06-16 08:00:00
1718539200000,606.3,610.8,605.4,610.6,19109.911,2024-06-16 12:00:00
1718553600000,610.6,610.8,608.3,609.1,15100.538,2024-06-16 16:00:00
1718568000000,609.2,611.8,607.9,610.8,14865.297,2024-06-16 20:00:00
1718582400000,610.9,612.6,604.3,605.1,24286.173,2024-06-17 00:00:00
1718596800000,605.1,607.5,601.3,603.8,31490.232,2024-06-17 04:00:00
1718611200000,603.7,605.1,594.0,599.2,62012.765,2024-06-17 08:00:00
1718625600000,599.3,604.7,596.2,597.3,39063.884,2024-06-17 12:00:00
1718640000000,597.2,610.3,591.4,608.3,61212.716,2024-06-17 16:00:00
1718654400000,608.3,608.6,603.8,604.3,17443.258,2024-06-17 20:00:00
1718668800000,604.3,605.2,582.1,594.3,167384.065,2024-06-18 00:00:00
1718683200000,594.3,597.7,591.3,593.4,43371.58,2024-06-18 04:00:00
1718697600000,593.4,593.8,581.8,583.6,70360.303,2024-06-18 08:00:00
1718712000000,583.6,587.5,575.0,582.5,113125.085,2024-06-18 12:00:00
1718726400000,582.5,582.8,576.1,580.7,33306.376,2024-06-18 16:00:00
1718740800000,580.6,589.8,578.7,588.6,31595.164,2024-06-18 20:00:00
1718755200000,588.6,599.2,586.6,598.1,41921.503,2024-06-19 00:00:00
1718769600000,598.1,605.9,597.4,603.7,40238.496,2024-06-19 04:00:00
1718784000000,603.8,604.2,595.5,596.9,75054.883,2024-06-19 08:00:00
1718798400000,597.0,599.4,591.0,592.0,50758.071,2024-06-19 12:00:00
1718812800000,592.0,601.4,591.5,599.5,35049.433,2024-06-19 16:00:00
1718827200000,599.4,602.6,597.4,599.3,17506.676,2024-06-19 20:00:00
1718841600000,599.3,603.1,595.5,598.2,29927.544,2024-06-20 00:00:00
1718856000000,598.2,606.1,597.1,605.5,33046.82,2024-06-20 04:00:00
1718870400000,605.5,608.0,601.3,603.0,51698.207,2024-06-20 08:00:00
1718884800000,603.0,604.4,592.4,596.1,55085.51,2024-06-20 12:00:00
1718899200000,596.2,597.2,590.5,593.1,69068.027,2024-06-20 16:00:00
1718913600000,593.2,593.9,584.6,587.7,50672.664,2024-06-20 20:00:00
1718928000000,587.7,589.3,583.3,586.5,32758.487,2024-06-21 00:00:00
1718942400000,586.5,587.7,582.4,583.5,18914.012,2024-06-21 04:00:00
1718956800000,583.5,587.3,578.2,586.2,54177.131,2024-06-21 08:00:00
1718971200000,586.1,587.7,577.8,583.1,48494.793,2024-06-21 12:00:00
1718985600000,583.2,586.5,579.6,586.3,19792.044,2024-06-21 16:00:00
1719000000000,586.1,587.9,583.7,586.1,17046.147,2024-06-21 20:00:00
1719014400000,586.2,586.6,581.0,584.1,19176.574,2024-06-22 00:00:00
1719028800000,584.2,588.0,583.7,587.0,19592.486,2024-06-22 04:00:00
1719043200000,587.1,587.9,585.0,587.1,17193.722,2024-06-22 08:00:00
1719057600000,587.2,587.5,585.2,586.7,16770.31,2024-06-22 12:00:00
1719072000000,586.8,587.8,585.7,587.8,11798.991,2024-06-22 16:00:00
1719086400000,587.8,591.4,586.5,591.1,15907.501,2024-06-22 20:00:00
1719100800000,591.1,593.0,586.5,592.8,32875.879,2024-06-23 00:00:00
1719115200000,592.8,593.2,590.4,592.2,15446.02,2024-06-23 04:00:00
1719129600000,592.3,592.4,587.6,589.3,16068.187,2024-06-23 08:00:00
1719144000000,589.3,590.4,584.4,585.1,23348.189,2024-06-23 12:00:00
1719158400000,585.1,585.9,581.4,585.4,20124.725,2024-06-23 16:00:00
1719172800000,585.3,585.5,576.0,577.5,33162.834,2024-06-23 20:00:00
1719187200000,577.5,582.0,570.8,576.2,43396.677,2024-06-24 00:00:00
1719201600000,576.3,576.5,564.0,570.9,64379.458,2024-06-24 04:00:00
1719216000000,570.9,575.7,558.0,569.9,87296.754,2024-06-24 08:00:00
1719230400000,569.9,571.2,560.6,561.5,44914.297,2024-06-24 12:00:00
1719244800000,561.6,564.4,554.1,557.8,70370.589,2024-06-24 16:00:00
1719259200000,557.8,568.5,551.2,568.1,46557.473,2024-06-24 20:00:00
1719273600000,568.1,578.2,566.4,573.4,49666.322,2024-06-25 00:00:00
1719288000000,573.4,575.9,570.2,571.5,24470.852,2024-06-25 04:00:00
1719302400000,571.6,573.5,567.5,572.0,24621.166,2024-06-25 08:00:00
1719316800000,571.9,579.6,570.2,577.6,40870.588,2024-06-25 12:00:00
1719331200000,577.6,580.0,573.7,577.9,22126.153,2024-06-25 16:00:00
1719345600000,578.0,579.3,575.5,578.2,15545.618,2024-06-25 20:00:00
1719360000000,578.3,584.7,575.4,580.2,27312.193,2024-06-26 00:00:00
1719374400000,580.2,580.9,575.4,578.8,20276.625,2024-06-26 04:00:00
1719388800000,578.8,579.2,571.1,573.7,25865.216,2024-06-26 08:00:00
1719403200000,573.8,577.1,570.7,572.5,29789.768,2024-06-26 12:00:00
1719417600000,572.6,574.7,567.4,574.5,28829.249,2024-06-26 16:00:00
1719432000000,574.4,575.9,571.6,573.0,22697.293,2024-06-26 20:00:00
1719446400000,573.1,576.5,571.0,574.0,17199.873,2024-06-27 00:00:00
1719460800000,574.1,575.0,566.4,569.5,46711.683,2024-06-27 04:00:00
1719475200000,569.4,575.1,568.7,572.8,29199.024,2024-06-27 08:00:00
1719489600000,572.8,584.7,572.2,579.4,74849.737,2024-06-27 12:00:00
1719504000000,579.5,582.6,576.8,579.6,19048.475,2024-06-27 16:00:00
1719518400000,579.6,581.9,579.1,581.7,12573.439,2024-06-27 20:00:00
1719532800000,581.8,585.3,578.5,583.0,31926.679,2024-06-28 00:00:00
1719547200000,583.0,583.2,575.7,576.2,36140.802,2024-06-28 04:00:00
1719561600000,576.3,579.5,573.8,578.5,34085.73,2024-06-28 08:00:00
1719576000000,578.5,579.7,570.4,572.3,45019.226,2024-06-28 12:00:00
1719590400000,572.3,575.5,569.2,571.1,33556.629,2024-06-28 16:00:00
1719604800000,571.1,571.9,565.6,567.4,29579.499,2024-06-28 20:00:00
1719619200000,567.4,572.6,566.9,569.4,25070.552,2024-06-29 00:00:00
1719633600000,569.4,572.0,567.4,570.7,21960.892,2024-06-29 04:00:00
1719648000000,570.7,573.9,569.9,573.5,20977.798,2024-06-29 08:00:00
1719662400000,573.5,573.9,570.4,572.6,12588.926,2024-06-29 12:00:00
1719676800000,572.5,572.6,570.1,571.9,7594.328,2024-06-29 16:00:00
1719691200000,571.9,572.4,568.4,570.0,11758.673,2024-06-29 20:00:00
1719705600000,570.0,572.7,568.3,569.3,22262.262,2024-06-30 00:00:00
1719720000000,569.3,578.8,568.3,575.9,28095.431,2024-06-30 04:00:00
1719734400000,575.9,577.8,574.8,575.0,18344.277,2024-06-30 08:00:00
1719748800000,575.1,578.1,574.0,577.4,21695.329,2024-06-30 12:00:00
1719763200000,577.4,579.7,576.1,578.7,25127.125,2024-06-30 16:00:00
1719777600000,578.7,585.3,577.7,582.2,54369.724,2024-06-30 20:00:00
1719792000000,582.3,588.3,580.0,585.4,61466.621,2024-07-01 00:00:00
1719806400000,585.4,586.6,583.6,584.7,15542.72,2024-07-01 04:00:00
1719820800000,584.8,585.4,577.0,577.4,32108.262,2024-07-01 08:00:00
1719835200000,577.4,581.7,576.4,577.7,36208.173,2024-07-01 12:00:00
1719849600000,577.7,583.1,576.4,581.6,23482.193,2024-07-01 16:00:00
1719864000000,581.6,582.3,576.2,576.9,19673.982,2024-07-01 20:00:00
1719878400000,576.9,579.4,574.4,578.9,19079.384,2024-07-02 00:00:00
1719892800000,578.9,581.7,577.3,578.6,20798.499,2024-07-02 04:00:00
1719907200000,578.6,581.4,577.3,579.5,22033.204,2024-07-02 08:00:00
1719921600000,579.5,582.0,575.0,575.6,34563.079,2024-07-02 12:00:00
1719936000000,575.6,582.0,573.9,577.7,30640.087,2024-07-02 16:00:00
1719950400000,577.7,580.5,577.1,580.1,17447.681,2024-07-02 20:00:00
1719964800000,580.1,581.0,565.9,569.8,50877.973,2024-07-03 00:00:00
1719979200000,569.9,569.9,565.2,566.2,45375.045,2024-07-03 04:00:00
1719993600000,566.3,567.8,555.3,561.0,67354.293,2024-07-03 08:00:00
1720008000000,561.1,561.1,552.7,558.2,61410.67,2024-07-03 12:00:00
1720022400000,558.2,560.1,550.5,551.9,38431.981,2024-07-03 16:00:00
1720036800000,551.9,558.0,551.8,556.7,24868.846,2024-07-03 20:00:00
1720051200000,556.7,558.1,524.9,539.7,185280.67,2024-07-04 00:00:00
1720065600000,539.8,541.7,529.2,530.1,52087.891,2024-07-04 04:00:00
1720080000000,530.1,533.8,522.3,525.2,84184.595,2024-07-04 08:00:00
1720094400000,525.2,525.7,511.6,525.3,105337.636,2024-07-04 12:00:00
1720108800000,525.4,527.5,518.7,523.6,37973.1,2024-07-04 16:00:00
1720123200000,523.6,529.9,512.4,513.6,46495.602,2024-07-04 20:00:00
1720137600000,513.5,516.1,465.1,468.9,403164.509,2024-07-05 00:00:00
1720152000000,469.0,479.4,454.8,472.7,231089.303,2024-07-05 04:00:00
1720166400000,472.7,489.6,456.1,485.6,176521.036,2024-07-05 08:00:00
1720180800000,485.6,497.3,480.9,495.5,110176.325,2024-07-05 12:00:00
1720195200000,495.5,499.9,492.2,496.3,51155.687,2024-07-05 16:00:00
1720209600000,496.4,499.7,493.9,497.7,20601.304,2024-07-05 20:00:00
1720224000000,497.8,507.5,496.0,503.5,44855.585,2024-07-06 00:00:00
1720238400000,503.5,510.6,499.5,508.1,35607.328,2024-07-06 04:00:00
1720252800000,508.1,513.8,505.4,513.1,30132.897,2024-07-06 08:00:00
1720267200000,513.2,520.4,508.9,518.5,47116.966,2024-07-06 12:00:00
1720281600000,518.5,527.6,518.0,526.6,41281.156,2024-07-06 16:00:00
1720296000000,526.7,530.7,525.9,526.0,27603.209,2024-07-06 20:00:00
1720310400000,526.0,526.6,516.7,518.3,53971.176,2024-07-07 00:00:00
1720324800000,518.4,518.7,504.0,509.0,72010.544,2024-07-07 04:00:00
1720339200000,509.0,512.9,507.2,508.7,25175.023,2024-07-07 08:00:00
1720353600000,508.7,510.8,494.1,498.4,75883.037,2024-07-07 12:00:00
1720368000000,498.3,504.1,497.2,500.4,19369.256,2024-07-07 16:00:00
1720382400000,500.4,502.6,488.4,490.7,32618.423,2024-07-07 20:00:00
1720396800000,490.7,492.1,471.0,488.5,126593.998,2024-07-08 00:00:00
1720411200000,488.5,511.1,487.8,501.8,120441.519,2024-07-08 04:00:00
1720425600000,501.7,524.2,500.7,515.5,116810.244,2024-07-08 08:00:00
1720440000000,515.5,519.1,490.9,501.3,157156.708,2024-07-08 12:00:00
1720454400000,501.3,508.4,497.2,507.4,35454.602,2024-07-08 16:00:00
1720468800000,507.5,512.6,505.2,510.6,24513.025,2024-07-08 20:00:00
1720483200000,510.5,516.5,506.5,514.1,43413.517,2024-07-09 00:00:00
1720497600000,514.1,516.4,511.6,512.5,30420.363,2024-07-09 04:00:00
1720512000000,512.5,519.0,511.5,516.0,33587.413,2024-07-09 08:00:00
1720526400000,516.1,520.0,511.6,516.9,47839.18,2024-07-09 12:00:00
1720540800000,517.0,520.8,515.7,517.0,35320.885,2024-07-09 16:00:00
1720555200000,517.0,518.9,514.6,516.9,12777.243,2024-07-09 20:00:00
1720569600000,516.9,517.0,511.3,516.5,22740.144,2024-07-10 00:00:00
1720584000000,516.5,526.3,516.4,522.4,52585.962,2024-07-10 04:00:00
1720598400000,522.4,528.7,519.2,527.8,42831.753,2024-07-10 08:00:00
1720612800000,527.9,529.4,520.2,525.0,56514.355,2024-07-10 12:00:00
1720627200000,525.0,527.8,521.8,523.3,18404.98,2024-07-10 16:00:00
1720641600000,523.4,525.3,520.7,524.7,12383.014,2024-07-10 20:00:00
1720656000000,524.7,528.6,520.1,523.0,32817.25,2024-07-11 00:00:00
1720670400000,523.0,528.5,522.0,527.5,22875.634,2024-07-11 04:00:00
1720684800000,527.6,537.0,527.3,536.5,34162.05,2024-07-11 08:00:00
1720699200000,536.4,545.1,523.3,524.2,131741.38,2024-07-11 12:00:00
1720713600000,524.2,530.9,522.5,525.5,23445.234,2024-07-11 16:00:00
1720728000000,525.6,526.9,522.8,524.8,17747.029,2024-07-11 20:00:00
1720742400000,524.9,529.6,517.0,521.5,41205.27,2024-07-12 00:00:00
1720756800000,521.5,523.6,518.0,521.2,24720.096,2024-07-12 04:00:00
1720771200000,521.3,524.1,518.0,524.1,44926.841,2024-07-12 08:00:00
1720785600000,524.1,533.2,522.9,532.4,53233.742,2024-07-12 12:00:00
1720800000000,532.5,537.5,530.8,531.2,30215.866,2024-07-12 16:00:00
1720814400000,531.2,533.9,527.0,533.8,13568.963,2024-07-12 20:00:00
1720828800000,533.9,535.5,532.2,533.4,14087.367,2024-07-13 00:00:00
1720843200000,533.4,536.3,531.7,536.1,17674.679,2024-07-13 04:00:00
1720857600000,536.1,539.4,535.0,537.8,23035.395,2024-07-13 08:00:00
1720872000000,537.9,538.1,529.2,532.0,51236.432,2024-07-13 12:00:00
1720886400000,532.1,532.8,528.4,530.0,24149.852,2024-07-13 16:00:00
1720900800000,530.0,535.8,527.3,532.4,30944.706,2024-07-13 20:00:00
1720915200000,532.5,537.7,531.2,533.6,31142.344,2024-07-14 00:00:00
1720929600000,533.7,539.2,533.4,537.6,23908.752,2024-07-14 04:00:00
1720944000000,537.7,540.3,535.6,537.0,22959.175,2024-07-14 08:00:00
1720958400000,537.0,537.1,531.6,536.3,24421.154,2024-07-14 12:00:00
1720972800000,536.3,537.1,535.0,536.8,9816.783,2024-07-14 16:00:00
1720987200000,536.9,547.7,536.6,544.8,36318.065,2024-07-14 20:00:00
1721001600000,544.9,554.9,543.8,553.9,52120.241,2024-07-15 00:00:00
1721016000000,553.9,562.6,551.9,559.1,49935.078,2024-07-15 04:00:00
1721030400000,559.1,563.6,557.4,562.1,54063.647,2024-07-15 08:00:00
1721044800000,562.2,574.8,562.1,573.8,81777.502,2024-07-15 12:00:00
1721059200000,573.7,579.6,573.0,577.1,54090.118,2024-07-15 16:00:00
1721073600000,577.1,586.8,575.6,585.3,43386.186,2024-07-15 20:00:00
1721088000000,585.3,587.5,577.6,579.7,45106.405,2024-07-16 00:00:00
1721102400000,579.7,580.8,561.3,562.3,92228.204,2024-07-16 04:00:00
1721116800000,562.3,571.7,554.4,570.9,68525.413,2024-07-16 08:00:00
1721131200000,570.9,578.5,565.2,577.0,64232.09,2024-07-16 12:00:00
1721145600000,577.0,579.2,571.8,578.4,51064.851,2024-07-16 16:00:00
1721160000000,578.3,578.5,570.3,576.2,26668.067,2024-07-16 20:00:00
1721174400000,576.3,584.0,575.9,579.5,36769.761,2024-07-17 00:00:00
1721188800000,579.5,583.6,578.6,579.9,26848.991,2024-07-17 04:00:00
1721203200000,580.0,581.9,574.0,575.5,43123.83,2024-07-17 08:00:00
1721217600000,575.5,579.0,572.3,572.8,34640.557,2024-07-17 12:00:00
1721232000000,572.8,573.7,564.3,572.0,38794.172,2024-07-17 16:00:00
1721246400000,572.0,573.9,567.9,568.9,18093.894,2024-07-17 20:00:00
1721260800000,568.9,577.0,568.6,574.1,20209.234,2024-07-18 00:00:00
1721275200000,574.1,576.2,569.2,572.3,15848.412,2024-07-18 04:00:00
1721289600000,572.4,575.0,570.6,574.0,15486.555,2024-07-18 08:00:00
1721304000000,574.0,579.6,565.0,565.5,51615.893,2024-07-18 12:00:00
1721318400000,565.5,571.4,561.6,567.7,36429.603,2024-07-18 16:00:00
1721332800000,567.7,573.3,566.8,571.9,13532.087,2024-07-18 20:00:00
1721347200000,572.0,573.4,565.0,572.8,21078.444,2024-07-19 00:00:00
1721361600000,572.7,574.8,567.7,568.6,20397.639,2024-07-19 04:00:00
1721376000000,568.6,573.7,566.2,573.4,32746.141,2024-07-19 08:00:00
1721390400000,573.5,595.0,572.3,591.5,116696.469,2024-07-19 12:00:00
1721404800000,591.6,598.7,588.7,595.8,116076.997,2024-07-19 16:00:00
1721419200000,595.8,596.2,591.3,593.4,24881.839,2024-07-19 20:00:00
1721433600000,593.4,595.2,586.7,590.8,30680.6,2024-07-20 00:00:00
1721448000000,590.9,592.5,589.7,590.1,18338.845,2024-07-20 04:00:00
1721462400000,590.1,593.1,588.2,590.4,21778.331,2024-07-20 08:00:00
1721476800000,590.4,595.2,587.7,595.2,23496.132,2024-07-20 12:00:00
1721491200000,595.1,597.9,593.2,595.6,36294.609,2024-07-20 16:00:00
1721505600000,595.5,597.6,592.5,593.1,14090.887,2024-07-20 20:00:00
1721520000000,593.2,597.7,593.1,595.7,18966.06,2024-07-21 00:00:00
1721534400000,595.7,596.3,591.0,592.5,15356.183,2024-07-21 04:00:00
1721548800000,592.5,595.2,592.2,594.3,13428.984,2024-07-21 08:00:00
1721563200000,594.3,602.3,591.9,599.1,49004.487,2024-07-21 12:00:00
1721577600000,599.1,602.4,581.5,597.7,91366.96,2024-07-21 16:00:00
1721592000000,597.6,603.4,597.0,602.5,55809.089,2024-07-21 20:00:00
1721606400000,602.5,605.6,599.2,600.8,30883.774,2024-07-22 00:00:00
1721620800000,600.8,602.4,591.6,594.1,35768.977,2024-07-22 04:00:00
1721635200000,594.1,602.1,591.2,600.0,32197.537,2024-07-22 08:00:00
1721649600000,600.1,600.9,589.0,592.2,47658.242,2024-07-22 12:00:00
1721664000000,592.2,596.2,590.6,595.6,30466.778,2024-07-22 16:00:00
1721678400000,595.6,596.6,580.3,587.2,35477.382,2024-07-22 20:00:00
1721692800000,587.3,593.5,587.0,590.3,16362.926,2024-07-23 00:00:00
1721707200000,590.4,591.3,577.7,579.7,49774.323,2024-07-23 04:00:00
1721721600000,579.8,589.4,579.0,584.8,39929.264,2024-07-23 08:00:00
1721736000000,584.7,588.6,578.6,585.3,48356.745,2024-07-23 12:00:00
1721750400000,585.3,586.1,577.2,580.8,40970.038,2024-07-23 16:00:00
1721764800000,580.9,583.9,580.2,581.9,18962.015,2024-07-23 20:00:00
1721779200000,582.0,585.9,580.5,585.1,28131.948,2024-07-24 00:00:00
1721793600000,585.0,586.0,581.2,585.9,14555.818,2024-07-24 04:00:00
1721808000000,585.9,589.1,583.3,583.4,38150.99,2024-07-24 08:00:00
1721822400000,583.4,587.6,582.2,583.0,26283.718,2024-07-24 12:00:00
1721836800000,583.0,585.7,578.8,579.2,18777.979,2024-07-24 16:00:00
1721851200000,579.3,581.7,570.4,574.9,34634.755,2024-07-24 20:00:00
1721865600000,574.9,576.6,553.1,556.7,118572.306,2024-07-25 00:00:00
1721880000000,556.8,564.6,554.3,561.9,33400.665,2024-07-25 04:00:00
1721894400000,561.8,568.7,560.4,564.4,28370.649,2024-07-25 08:00:00
1721908800000,564.4,567.3,556.3,565.0,39876.648,2024-07-25 12:00:00
1721923200000,565.0,570.3,562.5,566.2,39573.15,2024-07-25 16:00:00
1721937600000,566.2,573.2,560.7,570.6,27204.104,2024-07-25 20:00:00
1721952000000,570.7,579.1,570.2,578.7,38514.024,2024-07-26 00:00:00
1721966400000,578.7,580.7,577.2,579.5,24190.906,2024-07-26 04:00:00
1721980800000,579.4,580.5,575.3,577.5,26565.285,2024-07-26 08:00:00
1721995200000,577.5,580.7,574.4,578.5,36459.863,2024-07-26 12:00:00
1722009600000,578.4,582.3,576.8,580.5,18975.667,2024-07-26 16:00:00
1722024000000,580.5,582.8,578.5,580.9,10787.175,2024-07-26 20:00:00
1722038400000,580.9,585.3,577.7,583.2,33385.059,2024-07-27 00:00:00
1722052800000,583.2,588.0,582.5,587.2,20437.754,2024-07-27 04:00:00
1722067200000,587.2,588.9,585.9,587.1,13300.966,2024-07-27 08:00:00
1722081600000,587.0,592.8,582.4,585.6,33318.857,2024-07-27 12:00:00
1722096000000,585.7,586.5,581.0,584.6,28124.344,2024-07-27 16:00:00
1722110400000,584.7,585.6,572.6,581.6,55901.875,2024-07-27 20:00:00
1722124800000,581.6,584.2,577.6,580.6,14412.045,2024-07-28 00:00:00
1722139200000,580.6,581.2,574.5,578.7,22329.342,2024-07-28 04:00:00
1722153600000,578.8,581.9,577.3,581.9,11357.162,2024-07-28 08:00:00
1722168000000,581.9,582.4,579.2,580.3,16248.019,2024-07-28 12:00:00
1722182400000,580.3,584.4,579.0,584.0,10558.046,2024-07-28 16:00:00
1722196800000,584.0,584.9,580.9,583.9,17702.028,2024-07-28 20:00:00
1722211200000,583.9,598.0,583.6,592.3,45900.574,2024-07-29 00:00:00
1722225600000,592.3,595.3,590.4,593.7,25719.504,2024-07-29 04:00:00
1722240000000,593.7,594.8,591.8,592.9,20815.018,2024-07-29 08:00:00
1722254400000,592.8,593.4,580.2,582.8,45620.764,2024-07-29 12:00:00
1722268800000,582.9,583.7,572.2,577.9,55018.597,2024-07-29 16:00:00
1722283200000,577.8,580.5,573.7,574.3,20749.632,2024-07-29 20:00:00
1722297600000,574.3,575.2,566.6,572.8,36048.391,2024-07-30 00:00:00
1722312000000,572.7,576.4,570.3,574.6,15148.443,2024-07-30 04:00:00
1722326400000,574.6,574.7,572.0,573.7,23839.066,2024-07-30 08:00:00
1722340800000,573.7,576.2,571.2,574.0,25131.763,2024-07-30 12:00:00
1722355200000,574.1,577.6,570.3,573.7,27665.859,2024-07-30 16:00:00
1722369600000,573.8,588.3,570.0,588.2,37190.891,2024-07-30 20:00:00
1722384000000,588.1,589.6,582.2,585.2,45429.635,2024-07-31 00:00:00
1722398400000,585.2,587.6,581.1,586.1,24180.866,2024-07-31 04:00:00
1722412800000,586.1,589.0,584.2,586.7,23704.771,2024-07-31 08:00:00
1722427200000,586.8,589.2,584.3,586.6,22682.378,2024-07-31 12:00:00
1722441600000,586.6,592.9,580.7,582.0,41267.79,2024-07-31 16:00:00
1722456000000,582.0,582.1,574.7,576.5,37436.283,2024-07-31 20:00:00
1722470400000,576.5,578.0,568.4,569.9,44499.058,2024-08-01 00:00:00
1722484800000,569.8,571.4,562.8,568.9,34707.665,2024-08-01 04:00:00
1722499200000,568.9,573.3,568.7,572.3,19071.259,2024-08-01 08:00:00
1722513600000,572.4,575.0,556.5,558.9,75498.062,2024-08-01 12:00:00
1722528000000,558.9,561.6,553.7,561.0,59899.247,2024-08-01 16:00:00
1722542400000,561.0,577.7,559.8,575.1,46743.574,2024-08-01 20:00:00
1722556800000,575.2,577.6,564.0,572.0,38185.206,2024-08-02 00:00:00
1722571200000,572.0,573.2,563.5,570.7,41215.781,2024-08-02 04:00:00
1722585600000,570.6,575.4,568.2,573.4,21781.16,2024-08-02 08:00:00
1722600000000,573.3,576.6,547.1,558.9,87972.685,2024-08-02 12:00:00
1722614400000,558.8,560.3,553.1,555.1,28722.51,2024-08-02 16:00:00
1722628800000,555.1,558.2,540.2,542.9,65727.659,2024-08-02 20:00:00
1722643200000,542.9,543.8,525.9,542.0,65693.639,2024-08-03 00:00:00
1722657600000,542.1,545.3,539.5,540.7,18869.22,2024-08-03 04:00:00
1722672000000,540.8,541.8,536.6,541.4,19903.465,2024-08-03 08:00:00
1722686400000,541.4,545.1,531.2,532.0,32451.64,2024-08-03 12:00:00
1722700800000,532.0,534.0,522.7,523.3,77000.682,2024-08-03 16:00:00
1722715200000,523.4,530.5,521.3,529.6,31858.879,2024-08-03 20:00:00
1722729600000,529.7,532.2,526.9,528.3,28914.59,2024-08-04 00:00:00
1722744000000,528.4,529.7,522.0,523.9,26431.567,2024-08-04 04:00:00
1722758400000,523.8,528.2,520.9,525.6,26767.62,2024-08-04 08:00:00
1722772800000,525.7,527.9,500.6,501.9,120884.4,2024-08-04 12:00:00
1722787200000,501.9,510.0,486.5,507.7,141817.508,2024-08-04 16:00:00
1722801600000,507.8,511.6,496.2,496.9,45422.6,2024-08-04 20:00:00
1722816000000,496.9,499.9,432.0,442.0,653557.673,2024-08-05 00:00:00
1722830400000,442.1,449.9,400.0,439.4,544000.499,2024-08-05 04:00:00
1722844800000,439.4,449.7,421.4,432.2,248696.106,2024-08-05 08:00:00
1722859200000,432.1,466.3,408.9,462.3,471918.121,2024-08-05 12:00:00
1722873600000,462.3,474.2,451.3,457.9,140161.091,2024-08-05 16:00:00
1722888000000,457.8,471.5,457.5,464.2,56346.26,2024-08-05 20:00:00
1722902400000,464.3,490.1,463.5,478.8,75017.686,2024-08-06 00:00:00
1722916800000,478.9,493.0,476.4,492.2,87465.156,2024-08-06 04:00:00
1722931200000,492.2,492.2,475.7,478.4,91747.135,2024-08-06 08:00:00
1722945600000,478.4,494.4,469.5,487.9,117151.045,2024-08-06 12:00:00
1722960000000,487.9,493.1,485.2,488.2,46612.296,2024-08-06 16:00:00
1722974400000,488.1,492.5,483.3,484.8,40821.689,2024-08-06 20:00:00
1722988800000,484.9,493.2,478.1,491.8,55336.704,2024-08-07 00:00:00
1723003200000,491.8,497.5,488.5,491.9,41977.051,2024-08-07 04:00:00
1723017600000,491.9,497.7,488.3,489.2,45951.951,2024-08-07 08:00:00
1723032000000,489.3,493.6,472.0,480.7,85502.081,2024-08-07 12:00:00
1723046400000,480.7,481.5,468.1,472.3,58260.865,2024-08-07 16:00:00
1723060800000,472.3,477.9,469.2,475.0,35153.835,2024-08-07 20:00:00
1723075200000,475.0,491.7,467.5,485.3,52721.784,2024-08-08 00:00:00
1723089600000,485.3,490.0,483.0,485.2,25112.609,2024-08-08 04:00:00
1723104000000,485.3,490.5,485.1,488.5,18504.415,2024-08-08 08:00:00
1723118400000,488.5,499.5,483.9,499.1,73280.114,2024-08-08 12:00:00
1723132800000,499.2,510.7,498.9,502.6,56516.962,2024-08-08 16:00:00
1723147200000,502.6,521.7,502.0,517.1,60608.724,2024-08-08 20:00:00
1723161600000,517.2,518.4,511.5,514.9,39055.608,2024-08-09 00:00:00
1723176000000,514.9,516.2,507.7,509.4,32995.905,2024-08-09 04:00:00
1723190400000,509.4,510.8,502.3,507.0,35463.535,2024-08-09 08:00:00
1723204800000,507.0,511.6,498.7,501.7,52106.988,2024-08-09 12:00:00
1723219200000,501.7,507.7,500.7,506.7,13243.478,2024-08-09 16:00:00
1723233600000,506.7,509.8,504.3,508.7,22259.592,2024-08-09 20:00:00
1723248000000,508.7,514.0,507.2,509.5,18627.847,2024-08-10 00:00:00
1723262400000,509.5,512.0,507.2,511.9,13431.586,2024-08-10 04:00:00
1723276800000,511.9,516.7,510.7,516.6,21544.643,2024-08-10 08:00:00
1723291200000,516.6,517.6,511.9,514.4,19122.955,2024-08-10 12:00:00
1723305600000,514.3,525.4,513.3,522.9,43126.119,2024-08-10 16:00:00
1723320000000,522.9,524.5,521.9,523.1,10359.088,2024-08-10 20:00:00
1723334400000,523.2,534.8,522.9,530.5,30251.241,2024-08-11 00:00:00
1723348800000,530.6,534.3,528.0,533.6,21567.025,2024-08-11 04:00:00
1723363200000,533.6,535.8,523.1,525.0,35214.462,2024-08-11 08:00:00
1723377600000,524.9,525.7,516.8,520.2,47868.505,2024-08-11 12:00:00
1723392000000,520.2,522.9,512.0,512.2,24766.4,2024-08-11 16:00:00
1723406400000,512.3,512.4,502.3,503.4,46371.081,2024-08-11 20:00:00
1723420800000,503.5,509.4,500.2,507.4,32896.455,2024-08-12 00:00:00
1723435200000,507.4,511.2,499.2,509.4,45175.597,2024-08-12 04:00:00
1723449600000,509.4,518.2,504.4,517.2,52156.845,2024-08-12 08:00:00
1723464000000,517.3,524.0,500.5,519.6,94469.537,2024-08-12 12:00:00
1723478400000,519.7,521.4,507.5,513.1,30112.492,2024-08-12 16:00:00
1723492800000,513.1,521.6,509.6,518.2,31140.421,2024-08-12 20:00:00
1723507200000,518.3,521.8,513.8,516.1,34667.15,2024-08-13 00:00:00
1723521600000,516.1,524.0,514.5,523.2,23575.04,2024-08-13 04:00:00
1723536000000,523.2,524.5,518.5,520.6,32371.027,2024-08-13 08:00:00
1723550400000,520.7,527.0,513.1,517.3,89554.692,2024-08-13 12:00:00
1723564800000,517.3,523.5,517.0,522.1,49833.747,2024-08-13 16:00:00
1723579200000,522.1,525.9,521.1,524.2,25027.841,2024-08-13 20:00:00
1723593600000,524.2,527.0,521.9,525.6,24064.753,2024-08-14 00:00:00
1723608000000,525.6,528.5,524.9,526.5,25128.513,2024-08-14 04:00:00
1723622400000,526.6,531.5,524.3,529.8,32145.245,2024-08-14 08:00:00
1723636800000,529.9,531.9,515.4,525.2,86589.643,2024-08-14 12:00:00
1723651200000,525.2,526.2,520.3,524.2,26427.817,2024-08-14 16:00:00
1723665600000,524.2,525.9,519.7,523.4,26494.04,2024-08-14 20:00:00
1723680000000,523.4,527.3,520.4,522.5,30153.885,2024-08-15 00:00:00
1723694400000,522.6,522.8,514.1,517.3,28583.585,2024-08-15 04:00:00
1723708800000,517.3,525.0,515.5,524.3,25973.252,2024-08-15 08:00:00
1723723200000,524.3,531.4,522.4,531.0,43370.566,2024-08-15 12:00:00
1723737600000,531.0,533.9,510.4,513.9,71851.489,2024-08-15 16:00:00
1723752000000,513.9,522.0,510.0,519.2,29695.529,2024-08-15 20:00:00
1723766400000,519.2,521.9,514.2,515.5,31804.011,2024-08-16 00:00:00
1723780800000,515.4,524.1,515.1,523.9,23998.86,2024-08-16 04:00:00
1723795200000,523.9,524.5,518.8,519.2,21729.004,2024-08-16 08:00:00
1723809600000,519.1,520.9,509.9,514.8,50965.33,2024-08-16 12:00:00
1723824000000,514.8,523.1,513.1,522.6,29523.291,2024-08-16 16:00:00
1723838400000,522.6,523.1,518.3,519.7,16015.645,2024-08-16 20:00:00
1723852800000,519.7,522.7,518.3,521.4,21129.665,2024-08-17 00:00:00
1723867200000,521.4,523.8,520.8,523.2,16892.796,2024-08-17 04:00:00
1723881600000,523.3,529.8,522.2,529.6,34690.602,2024-08-17 08:00:00
1723896000000,529.5,540.0,528.5,534.4,54677.666,2024-08-17 12:00:00
1723910400000,534.3,545.9,534.3,544.5,30915.925,2024-08-17 16:00:00
1723924800000,544.6,547.7,539.7,541.6,38058.932,2024-08-17 20:00:00
1723939200000,541.7,542.6,536.3,536.4,32870.951,2024-08-18 00:00:00
1723953600000,536.5,540.4,534.3,540.3,23695.788,2024-08-18 04:00:00
1723968000000,540.3,540.4,536.6,538.6,33122.858,2024-08-18 08:00:00
1723982400000,538.7,539.1,535.5,538.9,27396.566,2024-08-18 12:00:00
1723996800000,539.0,539.8,535.4,538.1,16102.956,2024-08-18 16:00:00
1724011200000,538.2,538.4,530.8,531.2,15700.899,2024-08-18 20:00:00
1724025600000,531.3,537.3,529.1,537.2,30304.15,2024-08-19 00:00:00
1724040000000,537.2,537.6,532.6,533.7,25190.048,2024-08-19 04:00:00
1724054400000,533.8,537.8,530.6,537.0,35150.552,2024-08-19 08:00:00
1724068800000,537.0,544.4,534.9,543.5,44065.553,2024-08-19 12:00:00
1724083200000,543.5,555.8,543.2,553.1,55497.979,2024-08-19 16:00:00
1724097600000,553.1,560.7,551.9,558.4,43067.07,2024-08-19 20:00:00
1724112000000,558.5,572.2,558.4,569.4,59887.718,2024-08-20 00:00:00
1724126400000,569.4,573.7,566.5,569.0,39374.846,2024-08-20 04:00:00
1724140800000,569.1,569.7,565.5,568.0,34952.601,2024-08-20 08:00:00
1724155200000,567.9,573.3,559.8,561.5,119018.097,2024-08-20 12:00:00
1724169600000,561.5,574.2,558.2,573.1,127163.722,2024-08-20 16:00:00
1724184000000,573.1,574.9,568.1,569.4,41656.709,2024-08-20 20:00:00
1724198400000,569.4,572.7,560.7,564.2,72192.067,2024-08-21 00:00:00
1724212800000,564.2,564.2,558.7,560.7,44493.489,2024-08-21 04:00:00
1724227200000,560.7,561.6,553.3,555.9,46592.961,2024-08-21 08:00:00
1724241600000,555.9,558.3,546.1,554.6,64215.338,2024-08-21 12:00:00
1724256000000,554.5,572.4,553.8,571.9,58358.759,2024-08-21 16:00:00
1724270400000,571.8,575.1,567.6,570.1,59749.156,2024-08-21 20:00:00
1724284800000,570.2,570.8,559.7,570.0,34039.168,2024-08-22 00:00:00
1724299200000,570.0,577.9,567.7,576.7,37906.505,2024-08-22 04:00:00
1724313600000,576.6,584.3,574.3,583.3,61659.706,2024-08-22 08:00:00
1724328000000,583.3,590.0,577.4,579.8,126867.772,2024-08-22 12:00:00
1724342400000,579.8,585.5,572.4,584.5,61017.33,2024-08-22 16:00:00
1724356800000,584.5,587.0,581.2,582.9,43529.803,2024-08-22 20:00:00
1724371200000,583.0,587.5,579.7,582.2,64323.963,2024-08-23 00:00:00
1724385600000,582.2,585.1,577.4,579.7,46058.058,2024-08-23 04:00:00
1724400000000,579.7,580.6,575.7,578.0,42278.48,2024-08-23 08:00:00
1724414400000,578.0,586.0,574.3,580.8,71551.077,2024-08-23 12:00:00
1724428800000,580.9,587.7,579.1,587.4,70934.233,2024-08-23 16:00:00
1724443200000,587.5,600.6,586.4,591.7,92626.852,2024-08-23 20:00:00
1724457600000,591.7,592.4,578.2,578.8,52013.314,2024-08-24 00:00:00
1724472000000,578.8,581.2,574.6,579.0,80132.507,2024-08-24 04:00:00
1724486400000,579.0,583.4,577.7,578.5,35058.634,2024-08-24 08:00:00
1724500800000,578.5,582.5,577.8,578.7,31462.535,2024-08-24 12:00:00
1724515200000,578.8,589.7,578.3,589.2,60038.224,2024-08-24 16:00:00
1724529600000,589.3,592.2,575.5,580.5,66463.683,2024-08-24 20:00:00
1724544000000,580.5,583.9,575.8,579.3,46848.124,2024-08-25 00:00:00
1724558400000,579.4,579.9,569.0,571.3,46165.965,2024-08-25 04:00:00
1724572800000,571.3,575.8,569.1,574.0,27560.247,2024-08-25 08:00:00
1724587200000,574.0,578.7,572.6,575.1,25786.694,2024-08-25 12:00:00
1724601600000,575.2,577.2,573.4,575.7,23287.688,2024-08-25 16:00:00
1724616000000,575.7,578.9,572.0,573.9,26335.841,2024-08-25 20:00:00
1724630400000,573.9,575.6,567.7,570.0,34041.605,2024-08-26 00:00:00
1724644800000,570.0,572.9,561.3,562.0,62742.835,2024-08-26 04:00:00
1724659200000,561.9,567.2,559.9,563.9,30945.558,2024-08-26 08:00:00
1724673600000,563.8,564.2,555.8,558.5,57317.945,2024-08-26 12:00:00
1724688000000,558.4,561.7,551.9,552.9,40295.745,2024-08-26 16:00:00
1724702400000,552.9,554.9,546.7,548.2,55641.888,2024-08-26 20:00:00
1724716800000,548.3,555.7,547.9,552.8,32377.507,2024-08-27 00:00:00
1724731200000,552.7,558.3,552.0,555.7,36332.497,2024-08-27 04:00:00
1724745600000,555.8,556.3,546.9,551.0,46268.514,2024-08-27 08:00:00
1724760000000,550.9,556.0,548.1,552.2,42640.179,2024-08-27 12:00:00
1724774400000,552.2,554.1,544.2,550.2,34400.503,2024-08-27 16:00:00
1724788800000,550.3,551.4,520.5,533.3,106054.774,2024-08-27 20:00:00
1724803200000,533.3,537.9,526.8,537.7,45427.331,2024-08-28 00:00:00
1724817600000,537.8,542.8,532.0,532.7,41049.886,2024-08-28 04:00:00
1724832000000,532.7,546.8,530.4,543.6,54332.73,2024-08-28 08:00:00
1724846400000,543.5,546.3,530.3,533.4,47046.181,2024-08-28 12:00:00
1724860800000,533.4,539.1,522.4,534.1,53940.651,2024-08-28 16:00:00
1724875200000,534.2,540.5,531.9,537.0,27997.998,2024-08-28 20:00:00
1724889600000,537.0,542.0,536.4,540.4,24812.051,2024-08-29 00:00:00
1724904000000,540.4,544.9,538.5,541.2,23462.223,2024-08-29 04:00:00
1724918400000,541.2,545.3,539.9,543.7,24611.278,2024-08-29 08:00:00
1724932800000,543.7,545.5,537.8,541.7,43283.029,2024-08-29 12:00:00
1724947200000,541.7,543.2,530.9,535.9,32021.867,2024-08-29 16:00:00
1724961600000,535.8,537.5,532.2,536.4,17996.665,2024-08-29 20:00:00
1724976000000,536.4,537.6,529.2,530.1,22855.169,2024-08-30 00:00:00
1724990400000,530.0,535.5,528.3,533.2,23149.396,2024-08-30 04:00:00
1725004800000,533.2,540.8,533.1,538.4,28746.899,2024-08-30 08:00:00
1725019200000,538.4,543.4,522.2,523.9,77675.621,2024-08-30 12:00:00
1725033600000,523.8,537.1,522.0,531.6,35832.741,2024-08-30 16:00:00
1725048000000,531.6,536.4,531.0,535.2,9566.069,2024-08-30 20:00:00
1725062400000,535.2,538.0,534.8,537.3,15279.649,2024-08-31 00:00:00
1725076800000,537.4,541.5,535.1,535.6,24767.867,2024-08-31 04:00:00
1725091200000,535.7,537.7,534.2,536.6,13144.509,2024-08-31 08:00:00
1725105600000,536.6,537.8,535.0,535.8,17108.452,2024-08-31 12:00:00
1725120000000,535.8,535.9,531.1,533.5,13539.582,2024-08-31 16:00:00
1725134400000,533.6,534.6,531.6,532.9,12114.013,2024-08-31 20:00:00
1725148800000,532.9,533.2,524.7,526.8,27867.97,2024-09-01 00:00:00
1725163200000,526.8,527.0,513.4,522.3,63164.734,2024-09-01 04:00:00
1725177600000,522.3,522.6,516.1,519.0,17177.512,2024-09-01 08:00:00
1725192000000,519.1,522.0,510.3,520.9,42419.228,2024-09-01 12:00:00
1725206400000,520.9,524.0,516.1,520.2,23621.356,2024-09-01 16:00:00
1725220800000,520.3,523.3,507.7,512.4,29448.067,2024-09-01 20:00:00
1725235200000,512.3,516.5,511.4,515.2,18951.789,2024-09-02 00:00:00
1725249600000,515.1,515.9,501.5,503.1,80401.34,2024-09-02 04:00:00
1725264000000,503.1,525.4,502.9,519.1,99239.315,2024-09-02 08:00:00
1725278400000,519.1,523.6,515.9,522.2,28313.08,2024-09-02 12:00:00
1725292800000,522.3,523.9,519.8,522.2,13011.087,2024-09-02 16:00:00
1725307200000,522.3,530.2,521.9,526.3,23067.815,2024-09-02 20:00:00
1725321600000,526.4,538.3,525.2,534.1,52774.763,2024-09-03 00:00:00
1725336000000,534.1,538.4,531.6,535.0,46945.48,2024-09-03 04:00:00
1725350400000,535.0,536.2,531.6,535.9,22313.805,2024-09-03 08:00:00
1725364800000,535.9,537.9,521.2,522.0,52347.766,2024-09-03 12:00:00
1725379200000,522.0,525.7,519.6,524.4,25841.588,2024-09-03 16:00:00
1725393600000,524.4,526.1,517.9,518.7,24258.248,2024-09-03 20:00:00
1725408000000,518.8,523.7,501.3,512.6,129095.058,2024-09-04 00:00:00
1725422400000,512.7,513.7,508.3,510.2,34634.842,2024-09-04 04:00:00
1725436800000,510.2,512.3,496.9,499.0,77841.611,2024-09-04 08:00:00
1725451200000,498.9,513.4,495.8,508.9,125237.795,2024-09-04 12:00:00
1725465600000,509.0,512.6,505.3,509.5,46010.38,2024-09-04 16:00:00
1725480000000,509.6,513.5,507.0,507.6,23072.62,2024-09-04 20:00:00
1725494400000,507.6,512.9,503.4,504.0,39281.877,2024-09-05 00:00:00
1725508800000,504.1,508.0,501.0,506.7,30267.673,2024-09-05 04:00:00
1725523200000,506.7,507.7,502.6,504.5,15940.201,2024-09-05 08:00:00
1725537600000,504.5,510.3,499.7,501.3,47496.706,2024-09-05 12:00:00
1725552000000,501.4,503.6,496.7,499.5,32040.449,2024-09-05 16:00:00
1725566400000,499.4,502.8,498.1,502.4,12210.414,2024-09-05 20:00:00
1725580800000,502.4,508.1,500.6,505.4,26920.659,2024-09-06 00:00:00
1725595200000,505.4,508.4,496.9,501.4,37195.682,2024-09-06 04:00:00
1725609600000,501.4,506.8,500.7,504.1,31446.474,2024-09-06 08:00:00
1725624000000,504.2,509.9,488.7,492.5,103093.55,2024-09-06 12:00:00
1725638400000,492.5,493.5,478.2,482.3,94839.309,2024-09-06 16:00:00
1725652800000,482.2,487.5,471.3,487.2,64209.053,2024-09-06 20:00:00
1725667200000,487.3,489.9,482.9,486.4,32943.152,2024-09-07 00:00:00
1725681600000,486.5,496.0,486.2,495.4,32365.579,2024-09-07 04:00:00
1725696000000,495.4,496.7,491.6,492.7,24361.505,2024-09-07 08:00:00
1725710400000,492.7,499.5,492.7,497.9,21226.758,2024-09-07 12:00:00
1725724800000,497.9,498.1,492.2,495.8,12998.424,2024-09-07 16:00:00
1725739200000,495.9,495.9,490.4,493.5,16471.894,2024-09-07 20:00:00
1725753600000,493.6,496.7,490.7,496.6,12688.74,2024-09-08 00:00:00
1725768000000,496.5,504.6,496.2,502.9,23659.69,2024-09-08 04:00:00
1725782400000,502.8,505.9,501.0,501.4,26521.925,2024-09-08 08:00:00
1725796800000,501.4,501.9,491.1,491.7,33126.328,2024-09-08 12:00:00
1725811200000,491.7,498.6,491.0,495.4,11652.048,2024-09-08 16:00:00
1725825600000,495.4,506.9,494.8,503.1,28028.442,2024-09-08 20:00:00
1725840000000,503.2,510.0,502.8,505.1,37281.546,2024-09-09 00:00:00
1725854400000,505.2,507.1,501.7,507.0,16479.313,2024-09-09 04:00:00
1725868800000,507.0,510.3,505.1,505.3,24555.897,2024-09-09 08:00:00
1725883200000,505.3,508.0,502.1,506.1,24043.802,2024-09-09 12:00:00
1725897600000,506.2,520.6,505.7,520.1,69148.827,2024-09-09 16:00:00
1725912000000,520.2,525.7,517.2,518.7,36019.155,2024-09-09 20:00:00
1725926400000,518.7,518.7,513.3,514.4,27298.24,2024-09-10 00:00:00
1725940800000,514.5,520.4,514.4,520.2,17369.368,2024-09-10 04:00:00
1725955200000,520.1,522.3,518.0,521.1,24146.518,2024-09-10 08:00:00
1725969600000,521.2,522.8,514.0,514.2,38563.785,2024-09-10 12:00:00
1725984000000,514.2,524.3,513.8,521.9,27553.255,2024-09-10 16:00:00
1725998400000,521.9,522.5,509.2,517.0,26486.646,2024-09-10 20:00:00
1726012800000,517.0,517.3,510.5,514.7,17380.844,2024-09-11 00:00:00
1726027200000,514.7,514.9,506.5,514.1,25029.378,2024-09-11 04:00:00
1726041600000,514.0,516.0,509.7,515.0,17131.365,2024-09-11 08:00:00
1726056000000,515.1,520.0,508.7,518.0,56254.017,2024-09-11 12:00:00
1726070400000,517.9,535.4,517.7,533.1,70211.107,2024-09-11 16:00:00
1726084800000,533.2,534.6,527.9,530.1,18072.891,2024-09-11 20:00:00
1726099200000,530.2,546.8,530.0,542.9,57252.18,2024-09-12 00:00:00
1726113600000,543.0,545.8,541.0,541.9,33744.439,2024-09-12 04:00:00
1726128000000,542.0,545.6,541.5,544.9,32691.165,2024-09-12 08:00:00
1726142400000,544.9,548.7,534.1,535.4,88110.716,2024-09-12 12:00:00
1726156800000,535.5,543.8,534.9,541.6,30776.681,2024-09-12 16:00:00
1726171200000,541.6,545.8,538.3,544.5,31302.619,2024-09-12 20:00:00
1726185600000,544.6,547.0,542.1,542.7,27778.333,2024-09-13 00:00:00
1726200000000,542.8,544.2,538.7,542.7,27270.938,2024-09-13 04:00:00
1726214400000,542.7,549.5,540.3,546.0,40482.74,2024-09-13 08:00:00
1726228800000,545.9,554.3,542.2,553.6,108735.1,2024-09-13 12:00:00
1726243200000,553.7,555.9,550.0,554.5,41907.773,2024-09-13 16:00:00
1726257600000,554.6,559.7,553.7,556.4,30568.389,2024-09-13 20:00:00
1726272000000,556.4,559.2,555.2,556.2,17954.288,2024-09-14 00:00:00
1726286400000,556.2,556.4,551.4,554.0,46966.256,2024-09-14 04:00:00
1726300800000,554.0,554.4,549.6,551.3,19467.914,2024-09-14 08:00:00
1726315200000,551.3,553.5,550.5,551.0,15249.098,2024-09-14 12:00:00
1726329600000,551.0,553.1,547.5,551.1,25538.797,2024-09-14 16:00:00
1726344000000,551.0,553.8,550.9,553.3,13256.611,2024-09-14 20:00:00
1726358400000,553.4,555.9,552.5,552.9,15647.041,2024-09-15 00:00:00
1726372800000,552.8,555.0,552.1,555.0,17793.536,2024-09-15 04:00:00
1726387200000,555.0,555.0,552.9,554.6,24402.418,2024-09-15 08:00:00
1726401600000,554.6,561.9,554.3,561.2,39279.107,2024-09-15 12:00:00
1726416000000,561.2,561.6,553.7,556.8,42514.534,2024-09-15 16:00:00
1726430400000,556.8,560.8,546.0,553.4,65618.154,2024-09-15 20:00:00
1726444800000,553.4,555.2,540.5,545.3,80063.025,2024-09-16 00:00:00
1726459200000,545.2,551.3,544.4,550.4,30587.363,2024-09-16 04:00:00
1726473600000,550.5,552.6,544.1,547.5,26652.514,2024-09-16 08:00:00
1726488000000,547.4,549.1,535.1,535.4,60408.087,2024-09-16 12:00:00
1726502400000,535.4,537.1,528.6,532.8,45636.818,2024-09-16 16:00:00
1726516800000,532.8,535.3,527.0,533.7,24605.883,2024-09-16 20:00:00
1726531200000,533.7,535.8,529.0,535.0,22431.993,2024-09-17 00:00:00
1726545600000,535.0,540.1,534.9,538.5,19792.355,2024-09-17 04:00:00
1726560000000,538.6,544.6,537.9,543.0,40561.979,2024-09-17 08:00:00
1726574400000,543.0,552.7,539.6,550.1,63416.29,2024-09-17 12:00:00
1726588800000,550.1,551.1,541.8,545.2,31858.45,2024-09-17 16:00:00
1726603200000,545.2,547.8,543.5,546.2,17227.293,2024-09-17 20:00:00
1726617600000,546.2,549.8,542.1,547.4,24285.307,2024-09-18 00:00:00
1726632000000,547.5,547.8,544.0,545.5,15307.299,2024-09-18 04:00:00
1726646400000,545.6,545.6,536.8,540.0,29504.996,2024-09-18 08:00:00
1726660800000,540.0,543.7,536.9,538.2,23681.36,2024-09-18 12:00:00
1726675200000,538.2,555.0,536.9,545.1,70440.937,2024-09-18 16:00:00
1726689600000,545.0,559.7,541.2,559.5,37963.086,2024-09-18 20:00:00
1726704000000,559.5,562.6,554.9,560.1,58569.548,2024-09-19 00:00:00
1726718400000,560.1,562.1,556.3,557.1,38481.899,2024-09-19 04:00:00
1726732800000,557.1,558.7,553.0,558.6,31605.576,2024-09-19 08:00:00
1726747200000,558.6,568.4,558.4,565.3,100400.922,2024-09-19 12:00:00
1726761600000,565.2,572.2,565.0,566.0,45883.744,2024-09-19 16:00:00
1726776000000,566.0,567.7,561.7,567.0,33486.053,2024-09-19 20:00:00
1726790400000,566.9,571.7,555.0,571.6,54155.788,2024-09-20 00:00:00
1726804800000,571.6,577.1,570.1,573.6,62028.793,2024-09-20 04:00:00
1726819200000,573.5,573.9,566.5,569.9,49495.101,2024-09-20 08:00:00
1726833600000,570.0,573.7,564.4,569.8,56575.098,2024-09-20 12:00:00
1726848000000,569.9,570.8,564.2,566.7,19965.589,2024-09-20 16:00:00
1726862400000,566.7,570.0,566.0,569.0,14857.34,2024-09-20 20:00:00
1726876800000,569.1,573.1,566.4,567.8,23844.74,2024-09-21 00:00:00
1726891200000,567.8,583.6,567.6,582.6,53987.36,2024-09-21 04:00:00
1726905600000,582.6,587.6,580.1,580.3,61960.517,2024-09-21 08:00:00
1726920000000,580.2,585.7,579.6,583.7,27635.226,2024-09-21 12:00:00
1726934400000,583.7,585.8,582.5,585.1,14496.649,2024-09-21 16:00:00
1726948800000,585.1,590.0,583.4,588.6,26827.738,2024-09-21 20:00:00
1726963200000,588.7,589.7,580.9,584.1,29791.601,2024-09-22 00:00:00
1726977600000,584.1,585.4,581.5,584.6,21242.546,2024-09-22 04:00:00
1726992000000,584.6,585.9,580.0,581.4,27888.457,2024-09-22 08:00:00
1727006400000,581.5,583.1,577.1,580.6,36886.018,2024-09-22 12:00:00
1727020800000,580.6,587.6,578.1,585.9,24645.651,2024-09-22 16:00:00
1727035200000,585.8,594.6,576.4,588.7,62524.518,2024-09-22 20:00:00
1727049600000,588.7,599.5,583.4,596.8,81885.85,2024-09-23 00:00:00
1727064000000,596.8,597.5,589.4,591.2,33793.15,2024-09-23 04:00:00
1727078400000,591.2,593.1,587.9,592.4,31504.58,2024-09-23 08:00:00
1727092800000,592.4,601.6,591.4,600.6,57692.698,2024-09-23 12:00:00
1727107200000,600.7,616.0,600.5,612.0,122183.259,2024-09-23 16:00:00
1727121600000,612.0,614.9,601.0,604.5,48950.67,2024-09-23 20:00:00
1727136000000,604.5,609.5,600.2,606.5,47880.99,2024-09-24 00:00:00
1727150400000,606.5,606.5,600.4,602.2,35642.906,2024-09-24 04:00:00
1727164800000,602.2,606.2,600.8,603.8,35574.186,2024-09-24 08:00:00
1727179200000,603.8,609.0,598.5,606.3,62422.58,2024-09-24 12:00:00
1727193600000,606.3,610.1,604.4,609.4,35337.55,2024-09-24 16:00:00
1727208000000,609.5,613.4,605.1,605.9,44763.919,2024-09-24 20:00:00
1727222400000,605.8,608.3,602.6,607.1,34306.534,2024-09-25 00:00:00
1727236800000,607.1,607.1,592.8,596.1,54392.15,2024-09-25 04:00:00
1727251200000,596.2,598.4,593.0,596.7,29937.744,2024-09-25 08:00:00
1727265600000,596.7,599.7,592.1,593.2,37024.665,2024-09-25 12:00:00
1727280000000,593.3,595.5,585.8,587.0,39986.225,2024-09-25 16:00:00
1727294400000,587.1,589.8,584.2,587.4,25146.63,2024-09-25 20:00:00
1727308800000,587.5,589.6,580.8,587.9,48828.295,2024-09-26 00:00:00
1727323200000,588.0,596.4,587.1,595.8,46097.277,2024-09-26 04:00:00
1727337600000,595.9,599.0,593.3,595.3,39114.132,2024-09-26 08:00:00
1727352000000,595.4,602.7,592.1,601.4,86258.701,2024-09-26 12:00:00
1727366400000,601.3,609.0,592.8,593.0,78806.41,2024-09-26 16:00:00
1727380800000,593.0,598.5,591.2,596.3,35232.659,2024-09-26 20:00:00
1727395200000,596.3,605.5,596.0,604.5,55003.437,2024-09-27 00:00:00
1727409600000,604.6,606.6,599.8,604.0,53007.628,2024-09-27 04:00:00
1727424000000,603.9,608.8,602.2,608.5,51928.568,2024-09-27 08:00:00
1727438400000,608.4,614.7,606.0,608.9,108670.464,2024-09-27 12:00:00
1727452800000,609.0,612.9,605.0,605.5,55909.885,2024-09-27 16:00:00
1727467200000,605.5,611.4,604.1,606.8,32381.658,2024-09-27 20:00:00
1727481600000,606.9,618.6,605.0,612.2,100049.689,2024-09-28 00:00:00
1727496000000,612.2,612.6,600.0,602.4,48388.653,2024-09-28 04:00:00
1727510400000,602.4,602.9,594.5,602.2,45490.219,2024-09-28 08:00:00
1727524800000,602.2,603.2,597.2,601.0,34681.098,2024-09-28 12:00:00
1727539200000,600.9,601.9,599.1,600.2,19488.995,2024-09-28 16:00:00
1727553600000,600.2,601.9,595.8,601.1,14494.727,2024-09-28 20:00:00
1727568000000,601.1,602.8,598.5,600.4,18395.915,2024-09-29 00:00:00
1727582400000,600.4,600.4,593.1,593.4,27082.77,2024-09-29 04:00:00
1727596800000,593.5,598.3,592.4,597.3,33202.615,2024-09-29 08:00:00
1727611200000,597.4,598.4,593.6,596.9,31927.473,2024-09-29 12:00:00
1727625600000,597.0,599.7,595.9,599.6,22615.934,2024-09-29 16:00:00
1727640000000,599.6,601.0,594.8,595.6,26878.377,2024-09-29 20:00:00
1727654400000,595.6,595.8,572.2,578.0,115822.958,2024-09-30 00:00:00
1727668800000,578.0,583.4,575.1,582.2,37794.947,2024-09-30 04:00:00
1727683200000,582.3,582.3,570.5,574.8,53154.506,2024-09-30 08:00:00
1727697600000,574.7,578.5,571.1,571.2,41308.531,2024-09-30 12:00:00
1727712000000,571.2,574.2,568.0,572.6,43142.511,2024-09-30 16:00:00
1727726400000,572.7,575.4,563.5,567.4,32863.284,2024-09-30 20:00:00
1727740800000,567.4,577.0,565.2,576.9,33884.628,2024-10-01 00:00:00
1727755200000,576.9,583.1,576.2,581.1,42530.712,2024-10-01 04:00:00
1727769600000,581.2,581.5,577.3,577.4,22307.891,2024-10-01 08:00:00
1727784000000,577.4,579.0,547.9,561.5,148471.166,2024-10-01 12:00:00
1727798400000,561.5,562.6,538.7,548.8,142434.852,2024-10-01 16:00:00
1727812800000,548.8,550.0,536.8,547.3,86743.696,2024-10-01 20:00:00
1727827200000,547.2,555.6,545.5,554.5,40521.363,2024-10-02 00:00:00
1727841600000,554.6,558.3,551.6,556.3,30626.664,2024-10-02 04:00:00
1727856000000,556.3,557.9,544.5,546.8,37361.014,2024-10-02 08:00:00
1727870400000,546.9,549.7,537.1,549.4,73581.485,2024-10-02 12:00:00
1727884800000,549.5,553.2,535.4,539.3,67927.161,2024-10-02 16:00:00
1727899200000,539.3,545.8,538.0,542.5,32175.976,2024-10-02 20:00:00
1727913600000,542.5,549.9,541.0,549.9,29525.739,2024-10-03 00:00:00
1727928000000,549.9,550.8,543.8,545.3,22530.692,2024-10-03 04:00:00
1727942400000,545.2,545.7,536.0,538.4,60781.211,2024-10-03 08:00:00
1727956800000,538.3,545.8,534.3,541.4,59897.692,2024-10-03 12:00:00
1727971200000,541.4,546.0,537.2,545.8,31491.215,2024-10-03 16:00:00
1727985600000,545.8,546.6,541.3,544.8,16475.793,2024-10-03 20:00:00
1728000000000,544.8,549.6,541.8,546.8,22552.514,2024-10-04 00:00:00
1728014400000,546.7,550.7,546.5,550.6,22631.641,2024-10-04 04:00:00
1728028800000,550.6,554.5,550.5,553.4,29363.606,2024-10-04 08:00:00
1728043200000,553.3,556.9,545.3,553.7,64006.628,2024-10-04 12:00:00
1728057600000,553.7,557.7,552.2,557.3,33881.68,2024-10-04 16:00:00
1728072000000,557.3,557.8,554.7,555.3,13733.559,2024-10-04 20:00:00
1728086400000,555.3,558.0,551.6,553.6,18509.845,2024-10-05 00:00:00
1728100800000,553.6,565.0,553.5,561.9,32953.35,2024-10-05 04:00:00
1728115200000,561.9,565.2,561.0,561.4,19918.638,2024-10-05 08:00:00
1728129600000,561.4,564.8,560.3,564.2,19119.616,2024-10-05 12:00:00
1728144000000,564.1,564.8,559.3,560.6,20621.314,2024-10-05 16:00:00
1728158400000,560.6,564.0,557.9,563.0,13783.619,2024-10-05 20:00:00
1728172800000,563.0,566.2,561.4,561.9,16777.58,2024-10-06 00:00:00
1728187200000,562.0,563.9,561.3,562.5,14637.679,2024-10-06 04:00:00
1728201600000,562.6,563.9,561.1,562.6,11518.972,2024-10-06 08:00:00
1728216000000,562.6,569.1,561.8,567.3,24714.153,2024-10-06 12:00:00
1728230400000,567.3,568.4,565.2,565.8,16417.416,2024-10-06 16:00:00
1728244800000,565.8,571.9,563.6,570.3,22721.54,2024-10-06 20:00:00
1728259200000,570.4,577.5,567.7,573.4,42134.788,2024-10-07 00:00:00
1728273600000,573.4,577.5,572.4,576.1,21309.188,2024-10-07 04:00:00
1728288000000,576.0,577.7,566.9,571.9,34993.04,2024-10-07 08:00:00
1728302400000,571.9,581.8,570.5,575.7,48066.146,2024-10-07 12:00:00
1728316800000,575.7,577.7,566.9,572.5,33184.172,2024-10-07 16:00:00
1728331200000,572.6,574.2,563.5,564.3,33359.342,2024-10-07 20:00:00
1728345600000,564.4,571.4,563.3,569.8,26533.547,2024-10-08 00:00:00
1728360000000,569.8,570.9,559.5,563.4,27793.674,2024-10-08 04:00:00
1728374400000,563.5,577.2,562.1,577.1,71207.157,2024-10-08 08:00:00
1728388800000,577.0,580.4,572.7,578.1,69624.284,2024-10-08 12:00:00
1728403200000,578.0,586.8,576.3,585.5,59338.713,2024-10-08 16:00:00
1728417600000,585.6,586.3,579.1,580.8,31778.802,2024-10-08 20:00:00
1728432000000,580.8,583.1,573.1,576.5,73281.929,2024-10-09 00:00:00
1728446400000,576.4,585.8,575.6,582.4,60300.992,2024-10-09 04:00:00
1728460800000,582.3,586.0,581.4,583.3,43676.941,2024-10-09 08:00:00
1728475200000,583.3,585.0,576.4,581.0,69931.598,2024-10-09 12:00:00
1728489600000,581.1,581.9,571.1,571.8,36343.676,2024-10-09 16:00:00
1728504000000,571.9,573.3,566.2,570.7,40860.918,2024-10-09 20:00:00
1728518400000,570.8,572.8,567.4,569.4,22415.43,2024-10-10 00:00:00
1728532800000,569.4,572.9,569.0,570.2,15430.939,2024-10-10 04:00:00
1728547200000,570.2,571.2,564.8,570.6,29991.02,2024-10-10 08:00:00
1728561600000,570.6,570.8,563.0,565.6,37221.862,2024-10-10 12:00:00
1728576000000,565.6,567.4,551.5,559.6,55067.301,2024-10-10 16:00:00
1728590400000,559.7,563.9,558.0,563.9,18071.757,2024-10-10 20:00:00
1728604800000,563.8,565.5,560.8,564.0,33128.96,2024-10-11 00:00:00
1728619200000,564.0,565.0,560.1,560.5,23025.731,2024-10-11 04:00:00
1728633600000,560.5,568.6,560.2,567.8,39709.009,2024-10-11 08:00:00
1728648000000,567.8,573.4,566.2,571.9,43459.498,2024-10-11 12:00:00
1728662400000,571.9,577.5,571.2,574.2,33129.402,2024-10-11 16:00:00
1728676800000,574.3,574.8,572.2,573.6,12642.758,2024-10-11 20:00:00
1728691200000,573.7,577.4,573.6,576.6,25844.964,2024-10-12 00:00:00
1728705600000,576.7,578.8,574.0,575.3,26423.127,2024-10-12 04:00:00
1728720000000,575.3,579.2,574.9,576.4,25084.251,2024-10-12 08:00:00
1728734400000,576.4,578.7,574.9,575.9,27334.517,2024-10-12 12:00:00
1728748800000,576.0,578.3,575.6,577.5,20002.08,2024-10-12 16:00:00
1728763200000,577.5,578.0,576.1,576.6,11085.02,2024-10-12 20:00:00
1728777600000,576.6,578.5,572.8,573.1,23008.187,2024-10-13 00:00:00
1728792000000,573.2,576.2,572.5,574.2,14786.241,2024-10-13 04:00:00
1728806400000,574.2,575.2,572.1,572.3,17631.778,2024-10-13 08:00:00
1728820800000,572.3,574.2,564.9,566.9,28023.164,2024-10-13 12:00:00
1728835200000,566.9,572.0,566.3,570.8,18830.784,2024-10-13 16:00:00
1728849600000,570.9,573.2,569.6,572.2,16499.822,2024-10-13 20:00:00
1728864000000,572.3,581.2,569.8,580.6,34997.004,2024-10-14 00:00:00
1728878400000,580.6,583.0,558.9,580.5,61859.892,2024-10-14 04:00:00
1728892800000,580.5,582.0,578.0,581.0,30372.203,2024-10-14 08:00:00
1728907200000,581.1,588.9,579.4,588.2,57001.229,2024-10-14 12:00:00
1728921600000,588.2,592.3,587.3,588.7,45685.844,2024-10-14 16:00:00
1728936000000,588.7,591.9,587.1,589.1,22887.004,2024-10-14 20:00:00
1728950400000,589.0,592.4,584.0,584.7,33414.594,2024-10-15 00:00:00
1728964800000,584.8,587.0,580.9,584.7,22736.056,2024-10-15 04:00:00
1728979200000,584.7,591.1,583.7,585.3,47668.254,2024-10-15 08:00:00
1728993600000,585.3,599.9,577.7,589.2,150641.096,2024-10-15 12:00:00
1729008000000,589.3,595.6,588.9,594.6,44665.925,2024-10-15 16:00:00
1729022400000,594.6,594.8,587.1,594.5,25179.972,2024-10-15 20:00:00
1729036800000,594.6,597.4,591.7,593.9,24377.789,2024-10-16 00:00:00
1729051200000,593.9,595.2,589.7,591.0,33672.456,2024-10-16 04:00:00
1729065600000,591.1,600.8,590.6,599.3,70270.845,2024-10-16 08:00:00
1729080000000,599.3,601.7,593.5,595.4,53774.46,2024-10-16 12:00:00
1729094400000,595.4,604.5,591.6,601.6,42863.273,2024-10-16 16:00:00
1729108800000,601.6,605.5,600.2,600.9,34992.306,2024-10-16 20:00:00
1729123200000,601.0,606.3,600.0,604.1,43152.698,2024-10-17 00:00:00
1729137600000,604.2,605.6,596.1,597.0,30031.498,2024-10-17 04:00:00
1729152000000,597.0,597.9,590.3,590.3,27403.019,2024-10-17 08:00:00
1729166400000,590.4,595.1,589.0,594.1,39576.367,2024-10-17 12:00:00
1729180800000,594.2,594.2,585.1,588.8,37546.75,2024-10-17 16:00:00
1729195200000,588.8,592.9,588.7,592.9,16489.084,2024-10-17 20:00:00
1729209600000,592.9,598.3,591.8,594.1,24885.395,2024-10-18 00:00:00
1729224000000,594.0,599.3,594.0,597.7,17858.88,2024-10-18 04:00:00
1729238400000,597.8,598.7,594.8,595.0,19910.253,2024-10-18 08:00:00
1729252800000,595.0,602.0,594.0,600.7,40861.42,2024-10-18 12:00:00
1729267200000,600.6,602.4,598.2,599.5,21510.693,2024-10-18 16:00:00
1729281600000,599.5,600.6,598.0,599.2,11717.028,2024-10-18 20:00:00
1729296000000,599.3,601.4,598.7,599.0,13473.399,2024-10-19 00:00:00
1729310400000,599.1,599.7,597.0,597.7,14203.944,2024-10-19 04:00:00
1729324800000,597.8,598.6,596.9,596.9,14502.366,2024-10-19 08:00:00
1729339200000,597.0,598.6,596.1,596.9,14361.896,2024-10-19 12:00:00
1729353600000,596.9,597.8,595.4,597.2,13748.632,2024-10-19 16:00:00
1729368000000,597.1,598.4,596.0,597.7,8650.002,2024-10-19 20:00:00
1729382400000,597.8,598.4,593.1,594.7,20024.534,2024-10-20 00:00:00
1729396800000,594.7,598.0,594.3,597.6,12842.428,2024-10-20 04:00:00
1729411200000,597.5,598.4,596.0,596.6,9472.111,2024-10-20 08:00:00
1729425600000,596.6,600.9,595.1,599.1,30627.376,2024-10-20 12:00:00
1729440000000,599.2,599.6,597.6,598.4,13113.956,2024-10-20 16:00:00
1729454400000,598.4,607.3,598.4,605.9,37491.652,2024-10-20 20:00:00
1729468800000,605.9,608.6,601.0,604.4,43200.939,2024-10-21 00:00:00
1729483200000,604.3,609.9,602.6,609.1,47373.258,2024-10-21 04:00:00
1729497600000,609.1,611.8,604.5,609.1,56545.299,2024-10-21 08:00:00
1729512000000,609.0,609.8,593.6,595.8,78700.316,2024-10-21 12:00:00
1729526400000,595.9,600.6,591.5,599.3,35278.435,2024-10-21 16:00:00
1729540800000,599.4,601.5,597.5,598.8,14782.531,2024-10-21 20:00:00
1729555200000,598.8,600.3,592.5,598.4,32504.815,2024-10-22 00:00:00
1729569600000,598.4,599.8,595.0,595.0,18710.767,2024-10-22 04:00:00
1729584000000,595.0,598.1,587.0,596.2,61636.249,2024-10-22 08:00:00
1729598400000,596.1,609.0,590.6,596.8,48181.858,2024-10-22 12:00:00
1729612800000,596.8,596.8,591.8,594.4,30088.878,2024-10-22 16:00:00
1729627200000,594.5,596.6,593.0,593.8,12634.367,2024-10-22 20:00:00
1729641600000,593.8,595.0,589.4,590.5,26293.235,2024-10-23 00:00:00
1729656000000,590.4,590.8,583.1,584.1,38728.305,2024-10-23 04:00:00
1729670400000,584.1,585.0,579.8,582.3,41017.74,2024-10-23 08:00:00
1729684800000,582.4,586.2,578.4,579.8,46216.256,2024-10-23 12:00:00
1729699200000,579.8,582.6,573.0,582.2,55408.025,2024-10-23 16:00:00
1729713600000,582.2,585.6,581.1,584.9,18034.904,2024-10-23 20:00:00
1729728000000,584.9,592.3,583.3,590.4,32963.198,2024-10-24 00:00:00
1729742400000,590.5,594.5,589.5,590.6,24166.829,2024-10-24 04:00:00
1729756800000,590.7,592.8,585.7,591.2,21933.701,2024-10-24 08:00:00
1729771200000,591.2,593.9,589.6,592.4,31381.329,2024-10-24 12:00:00
1729785600000,592.5,594.9,590.0,594.5,21861.926,2024-10-24 16:00:00
1729800000000,594.5,598.0,593.0,594.5,13474.554,2024-10-24 20:00:00
1729814400000,594.5,597.6,592.4,594.9,21544.189,2024-10-25 00:00:00
1729828800000,595.0,595.0,586.8,588.4,27219.663,2024-10-25 04:00:00
1729843200000,588.5,593.5,586.2,592.6,27911.794,2024-10-25 08:00:00
1729857600000,592.6,595.7,588.2,590.0,30597.908,2024-10-25 12:00:00
1729872000000,590.0,591.9,578.7,585.2,65480.257,2024-10-25 16:00:00
1729886400000,585.3,586.9,565.8,575.3,81460.882,2024-10-25 20:00:00
1729900800000,575.3,579.4,571.6,578.6,38505.833,2024-10-26 00:00:00
1729915200000,578.7,584.0,578.0,579.7,24783.271,2024-10-26 04:00:00
1729929600000,579.7,584.5,579.5,584.3,11548.747,2024-10-26 08:00:00
1729944000000,584.3,584.9,578.4,580.8,20604.579,2024-10-26 12:00:00
1729958400000,580.8,586.0,580.5,585.3,10785.708,2024-10-26 16:00:00
1729972800000,585.4,587.1,583.1,583.4,13759.299,2024-10-26 20:00:00
1729987200000,583.4,585.9,581.8,585.7,10255.989,2024-10-27 00:00:00
1730001600000,585.7,586.2,584.0,585.0,10484.263,2024-10-27 04:00:00
1730016000000,585.0,585.7,581.7,582.9,14292.094,2024-10-27 08:00:00
1730030400000,582.8,588.3,582.8,587.4,26419.109,2024-10-27 12:00:00
1730044800000,587.5,589.7,585.5,587.2,12473.423,2024-10-27 16:00:00
1730059200000,587.2,591.0,586.3,589.2,20530.221,2024-10-27 20:00:00
1730073600000,589.3,590.0,586.1,587.1,14588.076,2024-10-28 00:00:00
1730088000000,587.1,592.8,585.5,591.6,21643.533,2024-10-28 04:00:00
1730102400000,591.7,595.0,590.9,594.7,26632.884,2024-10-28 08:00:00
1730116800000,594.7,596.8,590.5,590.7,43087.469,2024-10-28 12:00:00
1730131200000,590.7,597.0,588.9,596.4,38069.179,2024-10-28 16:00:00
1730145600000,596.4,604.6,596.3,601.1,45794.741,2024-10-28 20:00:00
1730160000000,601.1,610.5,599.9,605.4,61653.734,2024-10-29 00:00:00
1730174400000,605.5,607.2,603.9,604.0,26678.363,2024-10-29 04:00:00
1730188800000,604.0,607.6,603.9,606.7,26628.362,2024-10-29 08:00:00
1730203200000,606.6,610.5,604.0,609.9,52648.617,2024-10-29 12:00:00
1730217600000,609.9,612.2,603.5,603.7,99643.457,2024-10-29 16:00:00
1730232000000,603.7,607.2,600.2,606.3,34302.824,2024-10-29 20:00:00
1730246400000,606.3,606.7,598.1,602.8,35051.957,2024-10-30 00:00:00
1730260800000,602.8,606.6,600.8,602.2,18207.203,2024-10-30 04:00:00
1730275200000,602.2,604.6,595.7,595.8,30751.281,2024-10-30 08:00:00
1730289600000,595.7,601.6,594.1,597.1,54550.786,2024-10-30 12:00:00
1730304000000,597.1,600.2,596.2,597.4,20244.074,2024-10-30 16:00:00
1730318400000,597.4,600.4,594.8,595.6,27900.98,2024-10-30 20:00:00
1730332800000,595.5,596.5,591.8,592.6,26262.499,2024-10-31 00:00:00
1730347200000,592.6,592.9,587.6,587.6,31354.522,2024-10-31 04:00:00
1730361600000,587.7,587.7,581.4,586.7,48316.414,2024-10-31 08:00:00
1730376000000,586.7,589.2,575.5,580.7,97659.855,2024-10-31 12:00:00
1730390400000,580.7,580.8,573.0,573.2,48897.738,2024-10-31 16:00:00
1730404800000,573.2,578.3,571.1,576.6,26665.147,2024-10-31 20:00:00
1730419200000,576.5,580.8,570.3,578.8,49198.492,2024-11-01 00:00:00
1730433600000,578.9,580.2,572.1,574.7,23035.277,2024-11-01 04:00:00
1730448000000,574.7,579.7,574.6,577.4,29384.407,2024-11-01 08:00:00
1730462400000,577.4,585.5,568.7,572.1,85913.697,2024-11-01 12:00:00
1730476800000,572.1,577.5,569.7,571.9,41258.559,2024-11-01 16:00:00
1730491200000,572.0,573.7,567.7,573.1,13464.752,2024-11-01 20:00:00
1730505600000,573.1,575.9,572.8,575.1,16669.77,2024-11-02 00:00:00
1730520000000,575.2,577.2,573.8,576.3,14747.445,2024-11-02 04:00:00
1730534400000,576.3,576.8,572.8,573.1,17150.452,2024-11-02 08:00:00
1730548800000,573.1,573.6,562.4,566.8,57306.91,2024-11-02 12:00:00
1730563200000,566.8,570.3,566.5,569.9,23399.77,2024-11-02 16:00:00
1730577600000,569.8,570.8,566.8,568.6,14442.256,2024-11-02 20:00:00
1730592000000,568.6,569.3,557.3,562.2,42973.236,2024-11-03 00:00:00
1730606400000,562.2,565.3,561.7,563.7,20468.026,2024-11-03 04:00:00
1730620800000,563.7,563.7,557.1,557.4,29995.171,2024-11-03 08:00:00
1730635200000,557.5,559.5,547.0,551.8,63726.79,2024-11-03 12:00:00
1730649600000,551.9,557.2,548.8,557.1,33618.352,2024-11-03 16:00:00
1730664000000,557.1,560.3,555.8,557.7,26726.893,2024-11-03 20:00:00
1730678400000,557.7,564.8,553.2,562.6,35169.497,2024-11-04 00:00:00
1730692800000,562.6,564.0,558.2,558.91,34367.546,2024-11-04 04:00:00
1730707200000,558.91,562.34,556.4,560.06,32963.097,2024-11-04 08:00:00
1730721600000,560.06,563.29,556.41,559.72,48436.993,2024-11-04 12:00:00
1730736000000,559.72,560.68,550.72,552.72,56224.584,2024-11-04 16:00:00
1730750400000,552.72,553.57,543.6,552.5,57790.116,2024-11-04 20:00:00
1730764800000,552.51,555.67,551.22,555.19,26304.739,2024-11-05 00:00:00
1730779200000,555.2,560.9,554.62,560.53,33406.269,2024-11-05 04:00:00
1730793600000,560.53,561.8,558.28,559.2,25136.841,2024-11-05 08:00:00
1730808000000,559.19,569.8,558.61,564.4,47997.498,2024-11-05 12:00:00
1730822400000,564.4,572.8,559.57,560.24,57615.928,2024-11-05 16:00:00
1730836800000,560.28,567.27,559.15,563.21,20976.478,2024-11-05 20:00:00
1730851200000,563.21,589.34,563.0,581.59,122441.964,2024-11-06 00:00:00
1730865600000,581.6,589.5,575.0,583.69,168288.404,2024-11-06 04:00:00
1730880000000,583.69,584.56,575.47,581.84,82934.678,2024-11-06 08:00:00
1730894400000,581.84,585.28,579.06,583.1,65529.467,2024-11-06 12:00:00
1730908800000,583.11,588.35,581.48,588.18,41802.509,2024-11-06 16:00:00
1730923200000,588.19,595.0,586.29,592.22,54937.905,2024-11-06 20:00:00
1730937600000,592.22,611.2,591.21,604.68,128075.419,2024-11-07 00:00:00
1730952000000,604.68,606.0,590.66,595.75,58979.46,2024-11-07 04:00:00
1730966400000,595.75,597.43,592.08,592.28,38661.848,2024-11-07 08:00:00
1730980800000,592.27,598.09,587.01,597.9,50084.001,2024-11-07 12:00:00
1730995200000,597.89,601.15,595.15,598.99,57711.311,2024-11-07 16:00:00
1731009600000,598.99,603.0,595.62,598.26,44088.467,2024-11-07 20:00:00
1731024000000,598.27,605.9,592.78,596.65,65197.429,2024-11-08 00:00:00
1731038400000,596.65,600.87,595.02,598.95,42119.689,2024-11-08 04:00:00
1731052800000,598.96,599.28,594.25,595.88,43691.318,2024-11-08 08:00:00
1731067200000,595.88,601.42,594.7,597.33,60637.607,2024-11-08 12:00:00
1731081600000,597.33,598.73,588.1,597.49,68391.637,2024-11-08 16:00:00
1731096000000,597.49,598.3,592.72,597.82,38715.038,2024-11-08 20:00:00
1731110400000,597.82,638.0,597.51,635.4,322632.92,2024-11-09 00:00:00
1731124800000,635.4,636.23,626.64,628.95,168084.007,2024-11-09 04:00:00
1731139200000,628.95,633.9,623.27,625.71,70170.931,2024-11-09 08:00:00
1731153600000,625.71,626.98,615.93,616.54,71459.159,2024-11-09 12:00:00
1731168000000,616.54,621.63,610.0,615.98,70630.768,2024-11-09 16:00:00
1731182400000,615.99,627.71,614.14,624.66,69194.87,2024-11-09 20:00:00
1731196800000,624.67,630.38,622.27,627.66,83018.261,2024-11-10 00:00:00
1731211200000,627.67,634.99,620.0,629.53,166632.559,2024-11-10 04:00:00
1731225600000,629.53,644.2,629.1,641.53,139738.039,2024-11-10 08:00:00
1731240000000,641.54,642.7,631.3,639.91,140698.676,2024-11-10 12:00:00
1731254400000,639.9,643.6,623.9,629.3,143875.861,2024-11-10 16:00:00
1731268800000,629.3,632.63,611.62,627.33,138820.351,2024-11-10 20:00:00
1731283200000,627.34,641.27,625.83,637.61,119629.057,2024-11-11 00:00:00
1731297600000,637.6,638.84,613.0,615.99,147571.132,2024-11-11 04:00:00
1731312000000,615.99,630.01,615.0,626.1,118235.054,2024-11-11 08:00:00
1731326400000,626.09,628.8,613.81,625.85,181152.812,2024-11-11 12:00:00
1731340800000,625.86,640.64,625.72,635.17,190827.358,2024-11-11 16:00:00
1731355200000,635.17,665.54,628.4,659.63,248969.325,2024-11-11 20:00:00
1731369600000,659.63,667.4,632.65,653.81,308477.887,2024-11-12 00:00:00
1731384000000,653.82,655.5,643.0,648.57,151558.0,2024-11-12 04:00:00
1731398400000,648.58,657.14,614.52,626.52,301553.306,2024-11-12 08:00:00
1731412800000,626.51,631.17,610.0,625.44,217592.793,2024-11-12 12:00:00
1731427200000,625.47,632.83,616.38,628.3,100874.243,2024-11-12 16:00:00
1731441600000,628.31,635.0,622.26,625.33,86402.784,2024-11-12 20:00:00
1731456000000,625.42,628.83,606.0,606.1,173326.382,2024-11-13 00:00:00
1731470400000,606.11,613.51,598.6,607.52,168274.49,2024-11-13 04:00:00
1731484800000,607.51,613.26,602.4,610.08,108890.843,2024-11-13 08:00:00
1731499200000,610.07,637.62,605.39,628.82,269631.215,2024-11-13 12:00:00
1731513600000,628.81,638.06,609.67,612.01,216274.757,2024-11-13 16:00:00
1731528000000,612.02,621.64,604.59,620.68,98274.427,2024-11-13 20:00:00
1731542400000,620.68,627.24,610.5,626.51,101324.914,2024-11-14 00:00:00
1731556800000,626.51,660.4,620.99,659.82,304630.597,2024-11-14 04:00:00
1731571200000,659.77,659.77,623.01,632.48,253244.094,2024-11-14 08:00:00
1731585600000,632.49,637.44,618.52,628.18,198586.464,2024-11-14 12:00:00
1731600000000,628.18,639.01,627.74,637.37,94271.561,2024-11-14 16:00:00
1731614400000,637.37,637.43,616.0,622.3,108592.07,2024-11-14 20:00:00
1731628800000,622.3,628.3,616.0,623.5,119167.448,2024-11-15 00:00:00
1731643200000,623.49,623.7,607.12,615.26,125800.285,2024-11-15 04:00:00
1731657600000,615.25,624.95,610.8,624.19,89413.6,2024-11-15 08:00:00
1731672000000,624.19,626.5,603.4,606.84,147275.532,2024-11-15 12:00:00
1731686400000,606.84,614.79,605.05,612.62,105169.143,2024-11-15 16:00:00
1731700800000,612.62,620.0,612.45,619.37,68082.213,2024-11-15 20:00:00
1731715200000,619.37,624.79,617.5,624.67,63224.345,2024-11-16 00:00:00
1731729600000,624.67,627.26,621.56,623.26,52051.38,2024-11-16 04:00:00
1731744000000,623.25,630.5,621.12,630.5,71921.903,2024-11-16 08:00:00
1731758400000,630.49,633.7,619.04,623.39,147413.627,2024-11-16 12:00:00
1731772800000,623.38,630.74,619.54,629.79,63116.882,2024-11-16 16:00:00
1731787200000,629.79,630.48,620.56,622.69,50159.786,2024-11-16 20:00:00
1731801600000,622.69,628.6,605.2,614.2,120103.362,2024-11-17 00:00:00
1731816000000,614.2,647.6,612.4,638.7,184608.596,2024-11-17 04:00:00
1731830400000,638.7,645.81,628.15,628.51,101052.565,2024-11-17 08:00:00
1731844800000,628.51,634.39,622.0,624.8,76993.976,2024-11-17 12:00:00
1731859200000,624.81,625.39,616.26,619.91,57022.298,2024-11-17 16:00:00
1731873600000,619.91,621.64,611.53,618.9,56039.579,2024-11-17 20:00:00
1731888000000,618.93,628.74,617.5,628.1,55584.646,2024-11-18 00:00:00
1731902400000,628.11,629.99,622.95,626.43,62630.918,2024-11-18 04:00:00
1731916800000,626.43,628.44,614.1,615.87,79384.346,2024-11-18 08:00:00
1731931200000,615.88,625.7,612.1,624.25,92257.165,2024-11-18 12:00:00
1731945600000,624.25,630.91,612.48,616.61,138188.411,2024-11-18 16:00:00
1731960000000,616.61,621.81,615.0,618.93,55336.65,2024-11-18 20:00:00
1731974400000,618.93,620.5,615.63,618.41,55088.834,2024-11-19 00:00:00
1731988800000,618.41,620.9,615.94,617.5,52446.056,2024-11-19 04:00:00
1732003200000,617.51,618.42,613.5,618.24,53545.399,2024-11-19 08:00:00
1732017600000,618.24,621.41,611.66,615.13,117801.601,2024-11-19 12:00:00
1732032000000,615.13,619.0,612.9,616.17,61412.315,2024-11-19 16:00:00
1732046400000,616.18,617.25,605.21,615.5,80147.005,2024-11-19 20:00:00
1732060800000,615.49,616.1,605.84,611.01,69659.538,2024-11-20 00:00:00
1732075200000,611.01,614.17,608.6,612.79,39403.67,2024-11-20 04:00:00
1732089600000,612.79,615.37,610.6,612.18,54727.923,2024-11-20 08:00:00
1732104000000,612.18,620.78,608.18,615.12,104038.902,2024-11-20 12:00:00
1732118400000,615.12,615.84,600.0,604.34,102876.189,2024-11-20 16:00:00
1732132800000,604.35,612.7,602.14,605.39,40436.406,2024-11-20 20:00:00
1732147200000,605.39,609.3,593.05,601.97,114952.004,2024-11-21 00:00:00
1732161600000,601.98,613.9,600.72,612.49,113317.627,2024-11-21 04:00:00
1732176000000,612.5,613.26,607.16,609.74,54754.264,2024-11-21 08:00:00
1732190400000,609.74,629.37,609.62,616.72,222852.511,2024-11-21 12:00:00
1732204800000,616.8,625.2,616.03,624.58,87399.575,2024-11-21 16:00:00
1732219200000,624.58,625.4,619.29,621.86,54019.177,2024-11-21 20:00:00
1732233600000,621.86,639.64,621.85,635.41,178003.983,2024-11-22 00:00:00
1732248000000,635.41,638.15,626.38,627.39,82527.65,2024-11-22 04:00:00
1732262400000,627.39,633.01,621.0,625.18,85139.628,2024-11-22 08:00:00
1732276800000,625.19,628.45,615.05,624.6,105327.384,2024-11-22 12:00:00
1732291200000,624.6,625.82,618.5,621.93,57098.083,2024-11-22 16:00:00
1732305600000,621.93,633.27,621.19,633.0,74569.195,2024-11-22 20:00:00
1732320000000,633.0,651.12,631.1,644.58,235282.169,2024-11-23 00:00:00
1732334400000,644.59,667.22,639.91,664.07,195273.19,2024-11-23 04:00:00
1732348800000,664.06,676.39,659.92,663.02,221727.498,2024-11-23 08:00:00
1732363200000,663.02,680.0,661.0,669.54,164266.477,2024-11-23 12:00:00
1732377600000,669.54,672.4,648.98,653.5,174974.979,2024-11-23 16:00:00
1732392000000,653.5,657.4,642.37,650.42,79660.659,2024-11-23 20:00:00
1732406400000,650.42,662.1,648.52,659.29,88627.075,2024-11-24 00:00:00
1732420800000,659.28,673.35,655.65,672.81,126526.472,2024-11-24 04:00:00
1732435200000,672.81,687.75,648.0,651.59,324441.995,2024-11-24 08:00:00
1732449600000,651.59,656.15,637.08,642.42,208620.16,2024-11-24 12:00:00
1732464000000,642.42,655.57,638.21,650.63,96551.957,2024-11-24 16:00:00
1732478400000,650.62,663.5,649.59,659.65,69803.709,2024-11-24 20:00:00
1732492800000,659.65,663.15,646.39,658.73,83057.917,2024-11-25 00:00:00
1732507200000,658.73,663.9,655.22,661.19,89108.24,2024-11-25 04:00:00
1732521600000,661.2,676.79,656.03,664.01,176102.148,2024-11-25 08:00:00
1732536000000,664.02,668.08,632.0,648.63,228256.569,2024-11-25 12:00:00
1732550400000,648.63,653.7,638.02,643.41,104849.273,2024-11-25 16:00:00
1732564800000,643.41,647.0,626.43,636.2,102137.143,2024-11-25 20:00:00
1732579200000,636.16,645.57,632.49,642.79,60198.031,2024-11-26 00:00:00
1732593600000,642.79,645.0,634.6,641.66,80313.165,2024-11-26 04:00:00
1732608000000,641.65,642.24,610.11,619.97,256459.743,2024-11-26 08:00:00
1732622400000,619.96,624.52,607.62,614.02,222028.363,2024-11-26 12:00:00
1732636800000,614.03,620.92,600.02,610.1,125591.305,2024-11-26 16:00:00
1732651200000,610.1,616.96,608.27,613.51,70031.331,2024-11-26 20:00:00
1732665600000,613.5,618.4,607.79,616.5,85481.676,2024-11-27 00:00:00
1732680000000,616.5,622.6,615.06,622.1,76457.886,2024-11-27 04:00:00
1732694400000,622.11,628.9,617.0,625.03,110203.158,2024-11-27 08:00:00
1732708800000,625.02,639.02,619.17,636.5,169030.925,2024-11-27 12:00:00
1732723200000,636.51,639.68,632.73,638.5,95172.666,2024-11-27 16:00:00
1732737600000,638.5,646.75,637.59,644.14,93277.574,2024-11-27 20:00:00
1732752000000,644.15,658.05,639.79,652.06,170756.555,2024-11-28 00:00:00
1732766400000,652.07,659.4,647.99,649.84,141984.591,2024-11-28 04:00:00
1732780800000,649.86,661.24,645.97,659.97,130553.159,2024-11-28 08:00:00
1732795200000,659.97,664.68,644.6,646.05,120053.051,2024-11-28 12:00:00
1732809600000,646.05,659.64,645.68,657.51,65787.688,2024-11-28 16:00:00
1732824000000,657.51,659.48,646.7,653.83,55654.584,2024-11-28 20:00:00
1732838400000,653.84,663.8,651.7,657.71,73284.393,2024-11-29 00:00:00
1732852800000,657.71,658.68,648.42,649.63,65192.434,2024-11-29 04:00:00
1732867200000,649.63,656.51,649.6,656.51,69126.951,2024-11-29 08:00:00
1732881600000,656.51,661.0,653.7,659.67,88461.699,2024-11-29 12:00:00
1732896000000,659.75,661.69,652.82,653.92,80614.146,2024-11-29 16:00:00
1732910400000,653.92,655.21,650.02,654.67,53214.107,2024-11-29 20:00:00
1732924800000,654.67,657.44,648.0,656.84,77593.61,2024-11-30 00:00:00
1732939200000,656.83,677.2,653.43,673.01,157548.153,2024-11-30 04:00:00
1732953600000,673.01,674.6,657.56,658.23,117991.602,2024-11-30 08:00:00
1732968000000,658.23,665.3,652.5,656.18,96681.019,2024-11-30 12:00:00
1732982400000,656.19,658.8,652.6,654.8,54412.646,2024-11-30 16:00:00
1732996800000,654.8,658.16,653.27,653.43,41585.539,2024-11-30 20:00:00
1733011200000,653.44,657.31,645.16,651.78,92875.445,2024-12-01 00:00:00
1733025600000,651.79,652.2,648.09,651.0,43122.841,2024-12-01 04:00:00
1733040000000,651.01,659.38,650.03,658.17,81202.211,2024-12-01 08:00:00
1733054400000,658.17,662.7,655.92,662.28,79854.482,2024-12-01 12:00:00
1733068800000,662.28,664.17,656.1,658.33,66815.053,2024-12-01 16:00:00
1733083200000,658.33,658.76,651.66,655.99,70547.221,2024-12-01 20:00:00
1733097600000,656.0,667.2,650.0,650.95,119278.327,2024-12-02 00:00:00
1733112000000,650.93,654.68,642.83,646.79,130184.784,2024-12-02 04:00:00
1733126400000,646.79,647.11,630.01,633.68,172543.814,2024-12-02 08:00:00
1733140800000,633.67,650.78,631.0,649.66,142579.811,2024-12-02 12:00:00
1733155200000,649.65,651.0,627.99,638.59,126191.361,2024-12-02 16:00:00
1733169600000,638.59,648.2,637.21,647.82,80852.095,2024-12-02 20:00:00
1733184000000,647.83,655.2,646.14,651.93,106800.93,2024-12-03 00:00:00
1733198400000,651.93,660.88,645.65,648.06,130352.232,2024-12-03 04:00:00
1733212800000,648.06,654.1,642.04,650.74,123432.623,2024-12-03 08:00:00
1733227200000,650.75,651.46,622.85,642.71,308296.738,2024-12-03 12:00:00
1733241600000,642.72,694.86,642.0,689.99,378880.477,2024-12-03 16:00:00
1733256000000,690.0,750.01,687.78,734.64,527884.798,2024-12-03 20:00:00
1733270400000,734.64,774.69,734.64,753.36,527035.2817,2024-12-04 00:00:00
1733284800000,753.37,765.54,745.36,764.7,246919.302,2024-12-04 04:00:00
1733299200000,764.69,793.86,761.13,782.05,459038.8463,2024-12-04 08:00:00
1733313600000,782.05,786.23,752.3,755.99,292985.404,2024-12-04 12:00:00
1733328000000,755.99,759.23,720.0,739.4,345589.367,2024-12-04 16:00:00
1733342400000,739.4,747.0,726.1,739.53,221408.227,2024-12-04 20:00:00
1733356800000,739.54,739.8,690.0,714.29,417152.269,2024-12-05 00:00:00
1733371200000,714.3,739.9,713.2,729.61,153131.473,2024-12-05 04:00:00
1733385600000,729.6,738.88,727.09,737.21,103534.775,2024-12-05 08:00:00
1733400000000,737.21,738.66,718.14,724.25,155743.658,2024-12-05 12:00:00
1733414400000,724.26,736.38,715.25,716.31,104656.844,2024-12-05 16:00:00
1733428800000,716.31,720.78,695.0,717.1,224880.369,2024-12-05 20:00:00
1733443200000,717.1,733.16,713.72,729.35,121179.416,2024-12-06 00:00:00
1733457600000,729.36,734.6,724.52,725.25,66008.935,2024-12-06 04:00:00
1733472000000,725.25,729.26,711.44,718.41,129712.595,2024-12-06 08:00:00
1733486400000,718.4,732.9,705.06,732.5,179769.066,2024-12-06 12:00:00
1733500800000,732.51,745.93,728.66,738.23,152628.343,2024-12-06 16:00:00
1733515200000,738.23,744.01,721.8,730.22,97840.12,2024-12-06 20:00:00
1733529600000,730.22,739.6,729.69,735.51,41900.754,2024-12-07 00:00:00
1733544000000,735.51,749.0,733.4,738.45,107542.531,2024-12-07 04:00:00
1733558400000,738.46,749.2,737.64,746.04,67335.589,2024-12-07 08:00:00
1733572800000,746.05,758.03,738.76,755.19,72032.447,2024-12-07 12:00:00
1733587200000,755.19,760.59,746.44,760.33,105669.709,2024-12-07 16:00:00
1733601600000,760.33,761.0,748.36,749.72,50795.143,2024-12-07 20:00:00
1733616000000,749.71,757.26,748.0,754.01,59011.884,2024-12-08 00:00:00
1733630400000,754.01,756.4,742.61,747.01,59039.832,2024-12-08 04:00:00
1733644800000,747.0,747.55,727.47,738.3,98633.739,2024-12-08 08:00:00
1733659200000,738.29,743.72,735.0,740.22,57936.289,2024-12-08 12:00:00
1733673600000,740.23,742.69,735.0,739.9,35848.771,2024-12-08 16:00:00
1733688000000,739.89,743.87,738.6,742.0,32650.049,2024-12-08 20:00:00
1733702400000,742.0,742.5,715.87,721.61,113812.066,2024-12-09 00:00:00
1733716800000,721.6,727.19,711.2,720.51,98518.568,2024-12-09 04:00:00
1733731200000,720.52,722.66,707.75,715.65,146659.888,2024-12-09 08:00:00
1733745600000,715.64,731.39,711.28,715.3,163005.699,2024-12-09 12:00:00
1733760000000,715.3,724.5,711.86,717.34,58126.99,2024-12-09 16:00:00
1733774400000,717.34,719.36,642.0,689.19,487986.513,2024-12-09 20:00:00
1733788800000,689.2,701.9,669.67,685.59,203486.204,2024-12-10 00:00:00
1733803200000,685.6,698.41,678.38,692.9,127363.488,2024-12-10 04:00:00
1733817600000,692.91,704.92,688.69,697.95,111015.063,2024-12-10 08:00:00
1733832000000,697.95,699.1,655.65,657.34,227603.539,2024-12-10 12:00:00
1733846400000,657.4,673.48,649.13,672.6,246733.871,2024-12-10 16:00:00
1733860800000,672.61,680.28,670.57,676.8,68599.585,2024-12-10 20:00:00
1733875200000,676.8,679.44,658.54,678.98,87424.475,2024-12-11 00:00:00
1733889600000,678.99,683.0,675.82,677.37,48239.604,2024-12-11 04:00:00
1733904000000,677.38,691.27,677.03,688.9,78960.778,2024-12-11 08:00:00
1733918400000,688.9,698.77,685.56,695.01,146991.18,2024-12-11 12:00:00
1733932800000,695.01,707.87,693.71,707.32,111132.921,2024-12-11 16:00:00
1733947200000,707.31,713.0,704.6,711.21,54070.344,2024-12-11 20:00:00
1733961600000,711.2,724.05,708.52,718.41,133486.333,2024-12-12 00:00:00
1733976000000,718.41,721.78,712.86,714.61,83201.223,2024-12-12 04:00:00
1733990400000,714.61,725.61,710.44,713.7,100340.466,2024-12-12 08:00:00
1734004800000,713.71,720.47,707.0,714.49,102250.042,2024-12-12 12:00:00
1734019200000,714.49,723.68,704.01,704.4,98902.61,2024-12-12 16:00:00
1734033600000,704.41,711.26,699.36,705.77,58696.291,2024-12-12 20:00:00
1734048000000,705.77,711.85,696.8,709.31,66989.931,2024-12-13 00:00:00
1734062400000,709.31,710.66,697.28,701.59,44903.25,2024-12-13 04:00:00
1734076800000,701.59,722.4,700.25,715.62,144516.539,2024-12-13 08:00:00
1734091200000,715.62,721.46,707.4,708.36,127737.803,2024-12-13 12:00:00
1734105600000,708.37,727.91,708.04,727.52,96750.707,2024-12-13 16:00:00
1734120000000,727.53,729.88,723.12,725.72,67700.064,2024-12-13 20:00:00
1734134400000,725.73,731.81,724.7,731.0,103787.884,2024-12-14 00:00:00
1734148800000,731.0,732.11,726.19,728.46,43731.776,2024-12-14 04:00:00
1734163200000,728.46,729.45,719.15,719.84,43902.999,2024-12-14 08:00:00
1734177600000,719.85,720.19,707.5,715.47,58495.953,2024-12-14 12:00:00
1734192000000,715.46,715.83,705.01,710.95,58777.604,2024-12-14 16:00:00
1734206400000,710.95,716.95,705.21,715.79,33232.929,2024-12-14 20:00:00
1734220800000,715.8,718.12,710.6,713.25,41254.657,2024-12-15 00:00:00
1734235200000,713.25,718.6,702.66,706.37,48379.497,2024-12-15 04:00:00
1734249600000,706.37,714.0,705.46,713.88,32136.954,2024-12-15 08:00:00
1734264000000,713.87,719.6,712.23,716.49,49297.0,2024-12-15 12:00:00
1734278400000,716.5,720.8,715.93,719.17,36827.607,2024-12-15 16:00:00
1734292800000,719.16,724.08,706.07,718.87,74562.08,2024-12-15 20:00:00
1734307200000,718.87,725.0,708.12,711.27,123159.329,2024-12-16 00:00:00
1734321600000,711.26,716.69,710.19,715.45,36013.213,2024-12-16 04:00:00
1734336000000,715.44,715.48,704.16,705.17,73815.165,2024-12-16 08:00:00
1734350400000,705.16,718.63,704.44,718.41,107871.017,2024-12-16 12:00:00
1734364800000,718.41,730.0,717.1,726.71,103531.819,2024-12-16 16:00:00
1734379200000,726.72,728.16,718.25,720.58,39454.01,2024-12-16 20:00:00
1734393600000,720.58,724.64,712.24,722.1,51037.675,2024-12-17 00:00:00
1734408000000,722.1,723.19,714.4,716.09,52739.832,2024-12-17 04:00:00
1734422400000,716.1,724.59,714.0,720.31,69481.824,2024-12-17 08:00:00
1734436800000,720.3,737.37,717.56,730.11,178861.247,2024-12-17 12:00:00
1734451200000,730.11,733.51,720.3,723.77,69483.807,2024-12-17 16:00:00
1734465600000,723.76,736.6,714.11,717.69,81264.487,2024-12-17 20:00:00
1734480000000,717.7,722.0,710.0,711.87,98826.834,2024-12-18 00:00:00
1734494400000,711.85,713.8,703.02,713.31,124571.105,2024-12-18 04:00:00
1734508800000,713.31,719.3,712.23,719.29,72819.023,2024-12-18 08:00:00
1734523200000,719.29,720.0,707.8,712.93,82164.317,2024-12-18 12:00:00
1734537600000,712.93,720.8,705.0,705.0,101235.783,2024-12-18 16:00:00
1734552000000,705.0,706.4,681.0,686.38,246958.96,2024-12-18 20:00:00
1734566400000,686.39,701.0,668.66,700.68,231985.195,2024-12-19 00:00:00
1734580800000,700.68,704.44,697.11,701.86,52456.817,2024-12-19 04:00:00
1734595200000,701.87,704.84,696.17,704.17,65828.13,2024-12-19 08:00:00
1734609600000,704.17,705.57,681.0,689.9,102687.526,2024-12-19 12:00:00
1734624000000,689.9,693.37,652.0,658.9,235844.453,2024-12-19 16:00:00
1734638400000,658.9,676.25,648.63,665.62,151464.359,2024-12-19 20:00:00
1734652800000,665.61,680.58,662.33,674.49,105718.868,2024-12-20 00:00:00
1734667200000,674.49,680.0,662.39,672.68,107160.018,2024-12-20 04:00:00
1734681600000,672.67,672.82,620.0,620.25,388983.114,2024-12-20 08:00:00
1734696000000,620.27,670.17,618.69,666.53,230810.033,2024-12-20 12:00:00
1734710400000,666.54,675.0,662.93,672.05,99212.661,2024-12-20 16:00:00
1734724800000,672.07,679.99,664.84,678.6,50464.712,2024-12-20 20:00:00
1734739200000,678.6,687.08,676.71,681.0,97559.836,2024-12-21 00:00:00
1734753600000,681.0,693.39,680.88,688.92,76593.874,2024-12-21 04:00:00
1734768000000,688.92,689.71,674.66,676.93,77337.187,2024-12-21 08:00:00
1734782400000,676.92,677.0,653.0,667.27,126803.548,2024-12-21 12:00:00
1734796800000,667.28,668.0,652.0,659.39,103067.241,2024-12-21 16:00:00
1734811200000,659.39,668.64,654.96,663.49,48076.103,2024-12-21 20:00:00
1734825600000,663.5,668.36,656.0,664.07,34353.302,2024-12-22 00:00:00
1734840000000,664.06,664.56,650.0,658.63,45970.624,2024-12-22 04:00:00
1734854400000,658.63,669.71,658.4,666.67,37220.181,2024-12-22 08:00:00
1734868800000,666.67,669.2,651.75,656.6,72272.173,2024-12-22 12:00:00
1734883200000,656.59,660.6,643.41,644.88,88341.589,2024-12-22 16:00:00
1734897600000,644.89,653.21,639.37,649.77,55546.507,2024-12-22 20:00:00
1734912000000,649.77,665.42,638.1,664.52,135011.234,2024-12-23 00:00:00
1734926400000,664.52,669.49,655.53,662.09,43427.336,2024-12-23 04:00:00
1734940800000,662.09,677.11,661.71,673.96,112158.758,2024-12-23 08:00:00
1734955200000,673.96,683.02,670.58,671.82,144600.888,2024-12-23 12:00:00
1734969600000,671.82,686.46,671.44,685.14,83842.887,2024-12-23 16:00:00
1734984000000,685.13,698.5,684.04,694.16,87322.988,2024-12-23 20:00:00
1734998400000,694.16,695.75,684.39,692.7,86062.861,2024-12-24 00:00:00
1735012800000,692.7,695.3,683.4,692.8,55744.314,2024-12-24 04:00:00
1735027200000,692.8,693.96,684.8,686.56,53888.635,2024-12-24 08:00:00
1735041600000,686.56,698.88,682.68,695.36,91445.836,2024-12-24 12:00:00
1735056000000,695.37,699.0,692.37,692.48,58820.362,2024-12-24 16:00:00
1735070400000,692.49,698.98,687.2,696.9,40974.209,2024-12-24 20:00:00
1735084800000,696.89,706.18,695.94,703.67,52666.588,2024-12-25 00:00:00
1735099200000,703.67,706.0,701.2,702.29,36532.827,2024-12-25 04:00:00
1735113600000,702.28,713.28,701.91,704.06,44994.692,2024-12-25 08:00:00
1735128000000,704.07,711.76,703.44,703.6,38472.065,2024-12-25 12:00:00
1735142400000,703.6,705.13,698.79,704.81,34587.184,2024-12-25 16:00:00
1735156800000,704.81,705.16,695.99,702.72,25256.894,2024-12-25 20:00:00
1735171200000,702.71,713.27,700.54,706.32,50806.662,2024-12-26 00:00:00
1735185600000,706.31,719.99,702.5,706.81,95414.664,2024-12-26 04:00:00
1735200000000,706.82,709.98,690.0,696.29,78343.015,2024-12-26 08:00:00
1735214400000,696.3,696.39,683.0,691.7,88221.9,2024-12-26 12:00:00
1735228800000,691.7,695.3,685.3,692.22,38219.112,2024-12-26 16:00:00
1735243200000,692.21,694.58,685.7,689.4,30094.649,2024-12-26 20:00:00
1735257600000,689.4,694.24,685.73,689.15,55675.525,2024-12-27 00:00:00
1735272000000,689.15,701.0,686.33,692.25,91109.895,2024-12-27 04:00:00
1735286400000,692.24,718.88,692.24,706.04,75483.017,2024-12-27 08:00:00
1735300800000,706.03,707.5,686.03,688.78,63899.331,2024-12-27 12:00:00
1735315200000,688.78,696.64,685.79,694.9,41668.69,2024-12-27 16:00:00
1735329600000,694.89,695.52,687.38,691.85,19319.585,2024-12-27 20:00:00
1735344000000,691.86,698.81,691.3,697.07,20864.919,2024-12-28 00:00:00
1735358400000,697.07,698.94,694.19,696.08,21833.515,2024-12-28 04:00:00
1735372800000,696.07,705.04,696.0,703.76,35866.756,2024-12-28 08:00:00
1735387200000,703.75,727.7,703.75,721.6,135727.746,2024-12-28 12:00:00
1735401600000,721.59,731.24,719.58,730.2,91883.017,2024-12-28 16:00:00
1735416000000,730.21,730.73,720.99,722.13,38075.908,2024-12-28 20:00:00
1735430400000,722.13,724.7,713.15,715.55,41287.322,2024-12-29 00:00:00
1735444800000,715.55,716.4,711.87,716.2,20161.423,2024-12-29 04:00:00
1735459200000,716.2,717.45,709.8,710.84,26740.538,2024-12-29 08:00:00
1735473600000,710.84,713.75,707.03,710.61,36455.542,2024-12-29 12:00:00
1735488000000,710.62,711.69,698.21,701.04,51279.579,2024-12-29 16:00:00
1735502400000,701.04,701.04,690.0,694.71,65603.74,2024-12-29 20:00:00
1735516800000,694.71,703.29,691.83,696.49,49215.98,2024-12-30 00:00:00
1735531200000,696.49,702.1,694.98,697.58,29750.26,2024-12-30 04:00:00
1735545600000,697.58,700.84,693.75,700.7,39237.875,2024-12-30 08:00:00
1735560000000,700.7,702.68,687.75,695.16,76716.318,2024-12-30 12:00:00
1735574400000,695.15,710.3,693.27,710.21,45021.61,2024-12-30 16:00:00
1735588800000,710.21,712.2,695.3,705.36,57325.06,2024-12-30 20:00:00
1735603200000,705.35,708.44,700.84,706.92,33486.412,2024-12-31 00:00:00
1735617600000,706.92,709.93,698.48,701.16,36278.554,2024-12-31 04:00:00
1735632000000,701.17,709.03,700.4,704.28,45722.897,2024-12-31 08:00:00
1735646400000,704.28,714.99,704.28,710.56,53511.819,2024-12-31 12:00:00
1735660800000,710.57,712.88,700.41,703.39,40534.349,2024-12-31 16:00:00
1735675200000,703.38,704.8,699.39,702.3,25930.801,2024-12-31 20:00:00
1735689600000,702.31,711.5,701.46,705.58,27840.111,2025-01-01 00:00:00
1735704000000,705.58,706.6,703.49,703.75,11559.058,2025-01-01 04:00:00
1735718400000,703.75,709.31,700.3,707.57,27176.503,2025-01-01 08:00:00
1735732800000,707.57,710.5,705.95,708.11,30563.419,2025-01-01 12:00:00
1735747200000,708.11,708.48,703.21,707.85,23558.565,2025-01-01 16:00:00
1735761600000,707.85,709.01,706.77,707.84,15005.683,2025-01-01 20:00:00
1735776000000,707.84,707.97,698.04,702.17,84946.292,2025-01-02 00:00:00
1735790400000,702.17,709.4,701.7,706.94,38373.33,2025-01-02 04:00:00
1735804800000,706.95,715.8,706.86,713.26,51245.199,2025-01-02 08:00:00
1735819200000,713.27,714.55,703.29,704.54,58953.187,2025-01-02 12:00:00
1735833600000,704.55,709.24,700.0,704.81,43444.476,2025-01-02 16:00:00
1735848000000,704.81,707.08,703.25,706.25,15571.327,2025-01-02 20:00:00
1735862400000,706.24,706.8,701.1,705.2,32169.368,2025-01-03 00:00:00
1735876800000,705.2,706.93,700.32,700.73,30249.697,2025-01-03 04:00:00
1735891200000,700.72,705.48,697.03,705.4,67538.879,2025-01-03 08:00:00
1735905600000,705.39,711.0,703.27,710.04,62948.536,2025-01-03 12:00:00
1735920000000,710.03,715.69,708.44,713.28,65607.393,2025-01-03 16:00:00
1735934400000,713.27,715.53,709.75,714.88,33187.802,2025-01-03 20:00:00
1735948800000,714.87,721.84,714.01,719.43,50807.676,2025-01-04 00:00:00
1735963200000,719.43,720.38,716.51,717.95,20403.115,2025-01-04 04:00:00
1735977600000,717.95,718.17,713.0,714.21,20864.28,2025-01-04 08:00:00
1735992000000,714.21,717.45,707.82,709.38,37862.465,2025-01-04 12:00:00
1736006400000,709.38,713.14,709.28,711.92,15226.184,2025-01-04 16:00:00
1736020800000,711.93,714.85,711.63,713.41,22110.542,2025-01-04 20:00:00
1736035200000,713.41,713.54,709.3,712.3,20410.38,2025-01-05 00:00:00
1736049600000,712.3,713.93,710.5,712.44,10626.928,2025-01-05 04:00:00
1736064000000,712.44,712.53,704.71,708.05,26582.797,2025-01-05 08:00:00
1736078400000,708.05,709.4,702.51,708.06,27443.107,2025-01-05 12:00:00
1736092800000,708.06,708.69,703.0,705.84,15218.616,2025-01-05 16:00:00
1736107200000,705.83,710.05,705.5,709.29,14862.517,2025-01-05 20:00:00
1736121600000,709.29,716.12,705.91,712.38,27922.824,2025-01-06 00:00:00
1736136000000,712.38,716.0,711.0,714.35,34392.272,2025-01-06 04:00:00
1736150400000,714.36,719.88,710.96,718.69,51824.698,2025-01-06 08:00:00
1736164800000,718.69,725.75,713.12,725.75,68794.756,2025-01-06 12:00:00
1736179200000,725.76,735.65,721.95,732.3,77453.013,2025-01-06 16:00:00
1736193600000,732.3,745.29,728.5,729.42,96960.296,2025-01-06 20:00:00
1736208000000,729.42,731.6,725.18,728.92,43601.512,2025-01-07 00:00:00
1736222400000,728.93,733.33,726.9,730.5,50191.579,2025-01-07 04:00:00
1736236800000,730.5,731.58,721.98,726.57,45740.608,2025-01-07 08:00:00
1736251200000,726.57,726.6,700.0,709.23,147935.529,2025-01-07 12:00:00
1736265600000,709.24,713.0,695.01,696.97,92492.601,2025-01-07 16:00:00
1736280000000,696.98,699.05,691.2,698.01,56134.853,2025-01-07 20:00:00
1736294400000,698.0,707.46,694.8,697.26,57462.042,2025-01-08 00:00:00
1736308800000,697.27,698.88,681.56,694.65,92145.347,2025-01-08 04:00:00
1736323200000,694.64,705.0,693.29,695.92,64804.001,2025-01-08 08:00:00
1736337600000,695.92,700.5,690.4,693.49,56871.751,2025-01-08 12:00:00
1736352000000,693.49,696.0,674.72,689.57,134399.291,2025-01-08 16:00:00
1736366400000,689.57,697.31,686.69,696.03,21595.525,2025-01-08 20:00:00
1736380800000,696.03,701.16,693.82,696.3,35651.634,2025-01-09 00:00:00
1736395200000,696.31,700.78,689.24,690.55,40658.991,2025-01-09 04:00:00
1736409600000,690.55,701.69,688.5,699.96,51522.459,2025-01-09 08:00:00
1736424000000,699.96,701.72,681.02,696.98,99868.365,2025-01-09 12:00:00
1736438400000,696.98,697.03,680.12,680.15,55309.993,2025-01-09 16:00:00
1736452800000,680.15,688.5,675.12,685.48,48895.136,2025-01-09 20:00:00
1736467200000,685.47,689.59,683.18,687.9,27938.128,2025-01-10 00:00:00
1736481600000,687.9,697.0,687.51,695.5,23985.666,2025-01-10 04:00:00
1736496000000,695.5,698.68,694.7,696.9,33847.065,2025-01-10 08:00:00
1736510400000,696.91,697.04,686.0,693.13,69923.935,2025-01-10 12:00:00
1736524800000,693.13,700.69,689.47,694.35,64098.988,2025-01-10 16:00:00
1736539200000,694.35,694.5,690.12,693.21,14796.705,2025-01-10 20:00:00
1736553600000,693.21,693.68,690.39,691.64,13778.842,2025-01-11 00:00:00
1736568000000,691.64,694.96,690.67,694.94,9876.146,2025-01-11 04:00:00
1736582400000,694.95,698.0,693.2,697.44,19367.907,2025-01-11 08:00:00
1736596800000,697.43,697.81,694.49,695.4,14632.686,2025-01-11 12:00:00
1736611200000,695.4,696.96,693.6,696.96,9498.062,2025-01-11 16:00:00
1736625600000,696.96,701.47,696.61,696.7,20581.147,2025-01-11 20:00:00
1736640000000,696.71,698.63,695.08,696.0,12482.994,2025-01-12 00:00:00
1736654400000,696.0,697.16,692.62,694.26,9339.719,2025-01-12 04:00:00
1736668800000,694.25,694.75,689.8,691.1,15131.724,2025-01-12 08:00:00
1736683200000,691.11,695.52,690.09,695.19,17109.344,2025-01-12 12:00:00
1736697600000,695.19,696.88,693.56,696.08,11414.292,2025-01-12 16:00:00
1736712000000,696.07,697.58,690.2,693.34,12733.222,2025-01-12 20:00:00
1736726400000,693.35,700.0,684.08,685.91,37024.122,2025-01-13 00:00:00
1736740800000,685.91,689.95,677.92,682.73,42530.507,2025-01-13 04:00:00
1736755200000,682.73,682.74,660.93,661.05,99081.817,2025-01-13 08:00:00
1736769600000,661.05,679.11,660.0,677.22,119337.13,2025-01-13 12:00:00
1736784000000,677.23,679.62,666.28,672.66,54013.705,2025-01-13 16:00:00
1736798400000,672.69,688.71,671.13,688.64,34642.662,2025-01-13 20:00:00
1736812800000,688.64,692.5,686.3,692.02,21071.532,2025-01-14 00:00:00
1736827200000,692.02,693.0,687.33,689.02,23559.767,2025-01-14 04:00:00
1736841600000,689.03,697.83,689.02,694.6,35859.435,2025-01-14 08:00:00
1736856000000,694.6,698.55,691.31,695.13,34660.913,2025-01-14 12:00:00
1736870400000,695.13,699.8,693.1,698.1,26075.305,2025-01-14 16:00:00
1736884800000,698.1,699.97,695.95,698.89,18496.657,2025-01-14 20:00:00
1736899200000,698.89,702.84,695.62,701.13,43504.35,2025-01-15 00:00:00
1736913600000,701.13,702.5,698.45,699.67,22988.577,2025-01-15 04:00:00
1736928000000,699.68,701.0,689.7,692.34,32960.239,2025-01-15 08:00:00
1736942400000,692.35,707.0,688.45,704.1,85937.933,2025-01-15 12:00:00
1736956800000,704.1,709.06,699.72,708.48,40432.465,2025-01-15 16:00:00
1736971200000,708.48,715.0,707.06,714.59,56895.188,2025-01-15 20:00:00
1736985600000,714.59,715.37,706.83,708.9,38491.706,2025-01-16 00:00:00
1737000000000,708.9,713.96,708.5,711.38,23865.128,2025-01-16 04:00:00
1737014400000,711.38,713.6,702.99,713.49,49000.65,2025-01-16 08:00:00
1737028800000,713.5,717.5,700.5,709.6,87399.47,2025-01-16 12:00:00
1737043200000,709.61,715.95,709.1,714.84,34646.339,2025-01-16 16:00:00
1737057600000,714.83,716.18,707.11,708.1,34701.433,2025-01-16 20:00:00
1737072000000,708.1,717.7,708.1,714.34,42377.145,2025-01-17 00:00:00
1737086400000,714.34,719.01,712.99,714.41,35901.15,2025-01-17 04:00:00
1737100800000,714.41,725.32,714.4,724.8,61803.799,2025-01-17 08:00:00
1737115200000,724.8,728.74,715.77,720.3,69807.05,2025-01-17 12:00:00
1737129600000,720.29,726.3,718.63,722.61,32474.006,2025-01-17 16:00:00
1737144000000,722.61,729.97,719.88,721.76,47388.128,2025-01-17 20:00:00
1737158400000,721.76,723.32,705.6,707.4,72712.203,2025-01-18 00:00:00
1737172800000,707.41,708.92,696.7,700.12,92925.62,2025-01-18 04:00:00
1737187200000,700.12,702.87,695.0,701.91,66276.852,2025-01-18 08:00:00
1737201600000,701.91,707.45,699.84,703.5,45844.129,2025-01-18 12:00:00
1737216000000,703.49,705.91,695.51,705.89,57728.436,2025-01-18 16:00:00
1737230400000,705.88,711.09,702.1,709.52,34993.216,2025-01-18 20:00:00
1737244800000,709.52,714.6,708.64,710.08,42528.236,2025-01-19 00:00:00
1737259200000,710.09,710.55,704.1,705.1,54187.97,2025-01-19 04:00:00
1737273600000,705.1,705.11,681.33,683.05,205675.371,2025-01-19 08:00:00
1737288000000,683.05,700.68,682.23,697.88,133535.729,2025-01-19 12:00:00
1737302400000,697.88,707.41,695.99,707.31,54355.126,2025-01-19 16:00:00
1737316800000,707.31,708.0,676.0,683.19,222702.866,2025-01-19 20:00:00
1737331200000,683.2,689.4,674.3,686.7,144554.154,2025-01-20 00:00:00
1737345600000,686.7,709.38,684.7,698.68,145594.523,2025-01-20 04:00:00
1737360000000,698.68,701.78,693.8,698.08,58993.944,2025-01-20 08:00:00
1737374400000,698.08,700.0,686.0,688.3,119160.748,2025-01-20 12:00:00
1737388800000,688.31,691.91,671.0,685.73,154811.257,2025-01-20 16:00:00
1737403200000,685.72,685.88,676.36,682.51,45121.861,2025-01-20 20:00:00
1737417600000,682.51,684.83,675.01,682.39,66597.761,2025-01-21 00:00:00
1737432000000,682.39,683.6,677.52,682.35,42202.091,2025-01-21 04:00:00
1737446400000,682.35,692.02,680.57,689.35,45848.337,2025-01-21 08:00:00
1737460800000,689.36,692.1,683.05,687.28,61946.835,2025-01-21 12:00:00
1737475200000,687.27,697.0,686.7,694.82,45499.513,2025-01-21 16:00:00
1737489600000,694.82,695.6,689.42,692.21,32108.934,2025-01-21 20:00:00
1737504000000,692.21,695.98,689.93,695.51,28825.038,2025-01-22 00:00:00
1737518400000,695.5,704.13,694.82,697.3,62850.564,2025-01-22 04:00:00
1737532800000,697.31,700.48,694.4,699.63,32634.334,2025-01-22 08:00:00
1737547200000,699.63,700.53,692.17,692.9,42138.906,2025-01-22 12:00:00
1737561600000,692.91,697.07,689.99,695.9,28782.331,2025-01-22 16:00:00
1737576000000,695.89,700.0,693.0,695.52,23179.06,2025-01-22 20:00:00
1737590400000,695.52,697.65,687.5,688.64,32768.598,2025-01-23 00:00:00
1737604800000,688.64,689.04,683.08,687.4,38465.55,2025-01-23 04:00:00
1737619200000,687.4,687.9,683.0,685.56,44576.343,2025-01-23 08:00:00
1737633600000,685.55,691.94,681.0,688.29,91837.743,2025-01-23 12:00:00
1737648000000,688.3,692.84,681.64,682.61,40497.147,2025-01-23 16:00:00
1737662400000,682.61,691.5,680.26,689.74,83046.075,2025-01-23 20:00:00
1737676800000,689.73,690.8,678.87,682.26,51538.052,2025-01-24 00:00:00
1737691200000,682.25,691.31,680.65,686.58,89089.227,2025-01-24 04:00:00
1737705600000,686.59,690.4,685.77,689.02,35142.436,2025-01-24 08:00:00
1737720000000,689.03,689.9,682.9,685.34,43291.965,2025-01-24 12:00:00
1737734400000,685.34,687.64,683.02,683.74,32184.592,2025-01-24 16:00:00
1737748800000,683.75,684.2,678.75,680.45,29338.033,2025-01-24 20:00:00
1737763200000,680.45,684.33,677.68,683.98,32174.982,2025-01-25 00:00:00
1737777600000,683.99,684.75,681.63,681.82,21582.316,2025-01-25 04:00:00
1737792000000,681.82,685.36,681.05,685.0,20230.899,2025-01-25 08:00:00
1737806400000,685.0,688.5,684.01,687.3,25836.257,2025-01-25 12:00:00
1737820800000,687.31,688.52,685.9,688.47,17585.528,2025-01-25 16:00:00
1737835200000,688.47,689.56,686.16,686.4,22793.294,2025-01-25 20:00:00
1737849600000,686.4,690.4,686.3,689.68,24122.599,2025-01-26 00:00:00
1737864000000,689.68,690.82,688.53,689.5,16307.836,2025-01-26 04:00:00
1737878400000,689.5,689.9,684.4,685.41,40750.794,2025-01-26 08:00:00
1737892800000,685.41,686.16,683.49,684.9,16363.839,2025-01-26 12:00:00
1737907200000,684.91,685.6,683.36,684.16,13658.716,2025-01-26 16:00:00
1737921600000,684.16,684.6,664.64,667.37,84683.384,2025-01-26 20:00:00
1737936000000,667.36,670.2,655.01,661.8,106025.205,2025-01-27 00:00:00
1737950400000,661.8,661.8,637.79,647.34,153144.995,2025-01-27 04:00:00
1737964800000,647.34,654.76,641.2,651.4,64524.634,2025-01-27 08:00:00
1737979200000,651.4,667.9,651.36,664.65,70003.892,2025-01-27 12:00:00
1737993600000,664.66,667.47,657.16,665.33,44935.304,2025-01-27 16:00:00
1738008000000,665.33,680.53,665.24,679.74,48033.765,2025-01-27 20:00:00
1738022400000,679.75,681.63,675.87,679.3,28251.48,2025-01-28 00:00:00
1738036800000,679.3,682.88,677.52,677.6,28750.962,2025-01-28 04:00:00
1738051200000,677.6,677.9,673.46,675.24,20643.067,2025-01-28 08:00:00
1738065600000,675.24,676.89,669.07,673.17,49945.592,2025-01-28 12:00:00
1738080000000,673.18,674.61,666.99,670.21,33010.614,2025-01-28 16:00:00
1738094400000,670.21,670.6,659.4,661.29,41989.759,2025-01-28 20:00:00
1738108800000,661.28,675.88,661.17,674.6,27968.142,2025-01-29 00:00:00
1738123200000,674.6,680.01,673.5,674.08,78619.62,2025-01-29 04:00:00
1738137600000,674.09,675.51,668.86,670.29,35750.086,2025-01-29 08:00:00
1738152000000,670.29,671.0,663.16,664.48,26950.95,2025-01-29 12:00:00
1738166400000,664.48,671.3,659.37,668.29,51529.142,2025-01-29 16:00:00
1738180800000,668.29,674.47,664.5,667.97,34718.198,2025-01-29 20:00:00
1738195200000,667.97,676.0,666.0,675.35,20889.224,2025-01-30 00:00:00
1738209600000,675.34,679.5,674.32,676.9,38863.966,2025-01-30 04:00:00
1738224000000,676.9,679.13,675.93,678.58,20775.624,2025-01-30 08:00:00
1738238400000,678.57,682.99,676.92,680.38,35431.895,2025-01-30 12:00:00
1738252800000,680.39,681.88,678.63,680.38,17250.225,2025-01-30 16:00:00
1738267200000,680.37,680.8,677.24,677.53,12208.487,2025-01-30 20:00:00
1738281600000,677.53,678.89,673.5,675.67,16032.209,2025-01-31 00:00:00
1738296000000,675.67,680.64,674.08,677.43,17342.904,2025-01-31 04:00:00
1738310400000,677.43,683.2,676.44,683.15,29833.14,2025-01-31 08:00:00
1738324800000,683.15,689.0,681.8,688.96,51763.266,2025-01-31 12:00:00
1738339200000,688.96,689.44,676.8,679.11,47274.679,2025-01-31 16:00:00
1738353600000,679.1,679.19,674.0,677.47,28461.663,2025-01-31 20:00:00
1738368000000,677.48,681.56,676.62,677.16,22394.432,2025-02-01 00:00:00
1738382400000,677.15,678.6,673.69,674.11,21276.961,2025-02-01 04:00:00
1738396800000,674.12,674.7,668.57,671.53,31278.398,2025-02-01 08:00:00
1738411200000,671.52,672.96,666.28,668.13,24101.195,2025-02-01 12:00:00
1738425600000,668.14,669.38,660.58,661.28,32032.247,2025-02-01 16:00:00
1738440000000,661.29,662.44,650.73,652.94,46288.139,2025-02-01 20:00:00
1738454400000,652.94,663.22,649.1,649.95,47417.278,2025-02-02 00:00:00
1738468800000,649.96,659.4,649.45,653.39,36156.872,2025-02-02 04:00:00
1738483200000,653.39,658.32,646.03,646.94,34003.029,2025-02-02 08:00:00
1738497600000,646.93,651.57,641.75,645.62,44826.89,2025-02-02 12:00:00
1738512000000,645.63,645.69,610.22,624.49,222062.267,2025-02-02 16:00:00
1738526400000,624.49,630.0,600.0,617.8,122262.267,2025-02-02 20:00:00
1738540800000,617.8,618.9,500.0,553.09,707634.845,2025-02-03 00:00:00
1738555200000,553.1,578.68,541.39,578.02,166880.273,2025-02-03 04:00:00
1738569600000,578.03,582.4,566.52,576.16,87127.535,2025-02-03 08:00:00
1738584000000,576.16,593.5,557.91,588.56,202018.54,2025-02-03 12:00:00
1738598400000,588.56,611.4,586.4,611.06,106800.84,2025-02-03 16:00:00
1738612800000,611.06,619.19,598.16,617.21,70394.852,2025-02-03 20:00:00
1738627200000,617.21,619.24,600.19,601.65,77158.499,2025-02-04 00:00:00
1738641600000,601.65,605.6,567.92,568.88,138530.467,2025-02-04 04:00:00
1738656000000,568.89,586.95,564.2,583.1,75608.98,2025-02-04 08:00:00
1738670400000,583.11,591.08,573.9,582.37,98779.612,2025-02-04 12:00:00
1738684800000,582.37,587.8,575.31,575.46,57454.403,2025-02-04 16:00:00
1738699200000,575.49,578.32,557.88,572.69,102039.512,2025-02-04 20:00:00
1738713600000,572.69,577.13,567.44,574.73,35040.833,2025-02-05 00:00:00
1738728000000,574.73,580.0,570.6,573.63,29279.007,2025-02-05 04:00:00
1738742400000,573.62,575.6,568.12,574.75,39382.972,2025-02-05 08:00:00
1738756800000,574.75,578.46,569.63,570.14,48074.809,2025-02-05 12:00:00
1738771200000,570.14,571.73,561.22,570.33,50852.046,2025-02-05 16:00:00
1738785600000,570.34,572.28,565.27,569.55,24425.558,2025-02-05 20:00:00
1738800000000,569.55,578.36,568.87,576.21,25625.875,2025-02-06 00:00:00
1738814400000,576.22,581.77,575.8,578.9,21244.639,2025-02-06 04:00:00
1738828800000,578.9,581.24,575.48,578.8,28179.351,2025-02-06 08:00:00
1738843200000,578.8,589.99,569.52,572.27,179363.244,2025-02-06 12:00:00
1738857600000,572.28,579.96,571.6,574.95,50617.493,2025-02-06 16:00:00
1738872000000,574.95,582.08,570.78,571.72,29312.351,2025-02-06 20:00:00
1738886400000,571.71,582.61,571.24,579.72,29804.458,2025-02-07 00:00:00
1738900800000,579.72,583.2,573.5,581.65,26616.551,2025-02-07 04:00:00
1738915200000,581.64,588.28,580.28,584.24,37668.97,2025-02-07 08:00:00
1738929600000,584.24,589.9,579.8,582.85,62473.363,2025-02-07 12:00:00
1738944000000,582.84,586.56,579.99,581.42,32994.506,2025-02-07 16:00:00
1738958400000,581.43,581.59,570.58,577.71,33116.032,2025-02-07 20:00:00
1738972800000,577.7,580.26,573.62,576.8,24705.247,2025-02-08 00:00:00
1738987200000,576.81,581.04,576.43,579.88,22198.713,2025-02-08 04:00:00
1739001600000,579.88,582.84,577.45,582.66,18659.781,2025-02-08 08:00:00
1739016000000,582.67,607.27,582.3,596.76,159073.037,2025-02-08 12:00:00
1739030400000,596.76,632.32,596.01,625.16,181584.384,2025-02-08 16:00:00
1739044800000,625.17,633.73,611.95,612.39,84584.384,2025-02-08 20:00:00
1739059200000,612.39,618.01,610.35,616.27,58047.246,2025-02-09 00:00:00
1739073600000,616.28,638.56,610.48,637.38,162887.008,2025-02-09 04:00:00
1739088000000,637.38,648.13,628.49,629.83,277093.983,2025-02-09 08:00:00
1739102400000,629.82,631.33,618.5,624.44,159866.203,2025-02-09 12:00:00
1739116800000,624.44,628.33,615.0,617.54,53108.598,2025-02-09 16:00:00
1739131200000,617.54,620.66,602.4,615.81,63088.033,2025-02-09 20:00:00
1739145600000,615.81,622.42,596.24,606.43,109317.664,2025-02-10 00:00:00
1739160000000,606.43,613.0,604.99,607.95,47023.36,2025-02-10 04:00:00
1739174400000,607.93,610.4,602.42,606.14,52399.946,2025-02-10 08:00:00
1739188800000,606.14,609.88,601.88,603.3,52996.745,2025-02-10 12:00:00
1739203200000,603.3,615.64,603.0,612.28,66821.748,2025-02-10 16:00:00
1739217600000,612.28,619.0,609.99,618.65,31569.575,2025-02-10 20:00:00
1739232000000,618.65,626.82,615.08,622.13,56875.758,2025-02-11 00:00:00
1739246400000,622.13,644.64,620.38,637.07,131315.736,2025-02-11 04:00:00
1739260800000,637.07,645.99,637.04,643.41,73228.854,2025-02-11 08:00:00
1739275200000,643.4,643.8,628.88,637.71,106131.418,2025-02-11 12:00:00
1739289600000,637.71,637.76,625.8,628.47,59340.136,2025-02-11 16:00:00
1739304000000,628.47,646.94,627.6,642.11,61647.389,2025-02-11 20:00:00
1739318400000,642.12,647.4,631.51,631.93,54428.165,2025-02-12 00:00:00
1739332800000,631.93,639.55,626.88,637.13,55195.38,2025-02-12 04:00:00
1739347200000,637.13,654.61,636.56,646.16,89397.473,2025-02-12 08:00:00
1739361600000,646.16,663.5,633.25,658.99,189177.06,2025-02-12 12:00:00
1739376000000,659.0,693.53,655.16,692.88,261929.193,2025-02-12 16:00:00
1739390400000,692.89,705.48,692.52,696.93,172089.352,2025-02-12 20:00:00
1739404800000,696.92,725.0,694.9,717.18,255992.876,2025-02-13 00:00:00
1739419200000,717.19,722.3,699.41,705.77,170402.975,2025-02-13 04:00:00
1739433600000,705.78,711.96,694.68,710.63,130689.477,2025-02-13 08:00:00
1739448000000,710.64,732.0,684.01,705.41,680140.565,2025-02-13 12:00:00
1739462400000,705.4,708.0,658.28,667.48,450147.639,2025-02-13 16:00:00
1739476800000,667.47,679.8,664.5,664.72,79548.163,2025-02-13 20:00:00
1739491200000,664.73,684.52,660.01,683.19,128236.889,2025-02-14 00:00:00
1739505600000,683.19,684.86,665.54,668.57,108301.175,2025-02-14 04:00:00
1739520000000,668.58,679.3,662.0,664.16,158774.631,2025-02-14 08:00:00
1739534400000,664.17,669.8,660.09,665.07,79381.362,2025-02-14 12:00:00
1739548800000,665.07,673.97,661.87,668.92,103032.445,2025-02-14 16:00:00
1739563200000,668.92,670.05,652.0,659.71,72734.373,2025-02-14 20:00:00
1739577600000,659.72,663.99,653.46,660.92,43728.855,2025-02-15 00:00:00
1739592000000,660.91,661.9,655.7,657.49,39345.408,2025-02-15 04:00:00
1739606400000,657.49,660.5,653.55,658.47,41235.574,2025-02-15 08:00:00
1739620800000,658.48,666.33,656.9,666.23,59162.927,2025-02-15 12:00:00
1739635200000,666.22,671.43,661.45,661.75,54255.8,2025-02-15 16:00:00
1739649600000,661.74,664.1,657.1,662.21,18222.333,2025-02-15 20:00:00
1739664000000,662.21,665.7,655.87,660.09,31710.702,2025-02-16 00:00:00
1739678400000,660.1,662.3,654.1,654.54,28452.846,2025-02-16 04:00:00
1739692800000,654.55,671.01,653.11,669.47,74006.78,2025-02-16 08:00:00
1739707200000,669.46,686.04,662.56,681.31,137565.002,2025-02-16 12:00:00
1739721600000,681.31,681.31,670.01,675.88,55313.516,2025-02-16 16:00:00
1739736000000,675.87,681.0,672.95,673.1,35157.117,2025-02-16 20:00:00
1739750400000,673.1,678.33,668.99,672.51,41744.193,2025-02-17 00:00:00
1739764800000,672.5,677.67,665.6,670.2,56994.142,2025-02-17 04:00:00
1739779200000,670.2,674.25,665.91,673.07,61718.359,2025-02-17 08:00:00
1739793600000,673.07,682.29,668.39,670.37,78996.699,2025-02-17 12:00:00
1739808000000,670.38,673.49,657.99,662.75,63152.456,2025-02-17 16:00:00
1739822400000,662.75,670.94,662.16,667.51,20744.427,2025-02-17 20:00:00
1739836800000,667.52,668.3,662.32,665.63,22234.262,2025-02-18 00:00:00
1739851200000,665.63,666.48,644.64,651.51,86333.005,2025-02-18 04:00:00
1739865600000,651.51,656.5,642.81,655.47,59007.049,2025-02-18 08:00:00
1739880000000,655.46,663.0,646.45,648.18,66310.534,2025-02-18 12:00:00
1739894400000,648.18,651.8,629.65,640.94,107680.905,2025-02-18 16:00:00
1739908800000,640.93,648.2,639.13,648.18,24791.233,2025-02-18 20:00:00
1739923200000,648.19,650.3,636.99,649.9,62624.303,2025-02-19 00:00:00
1739937600000,649.89,656.99,645.9,654.95,51161.883,2025-02-19 04:00:00
1739952000000,654.96,660.35,648.72,659.32,97158.4,2025-02-19 08:00:00
1739966400000,659.32,664.44,648.95,652.59,56992.086,2025-02-19 12:00:00
1739980800000,652.59,657.53,648.13,651.11,36758.688,2025-02-19 16:00:00
1739995200000,651.11,655.55,648.96,653.38,48102.883,2025-02-19 20:00:00
1740009600000,653.38,655.2,648.54,653.82,56036.187,2025-02-20 00:00:00
1740024000000,653.82,655.29,646.53,648.95,32107.78,2025-02-20 04:00:00
1740038400000,648.95,651.25,647.14,648.28,27657.974,2025-02-20 08:00:00
1740052800000,648.28,654.4,645.88,648.01,38999.013,2025-02-20 12:00:00
1740067200000,648.02,657.84,647.53,656.5,34852.433,2025-02-20 16:00:00
1740081600000,656.5,659.03,653.65,656.36,26240.981,2025-02-20 20:00:00
1740096000000,656.36,657.57,650.67,651.41,22139.203,2025-02-21 00:00:00
1740110400000,651.41,655.75,650.55,655.75,23204.598,2025-02-21 04:00:00
1740124800000,655.74,665.22,655.06,662.05,50336.591,2025-02-21 08:00:00
1740139200000,662.05,668.5,649.12,657.93,99878.687,2025-02-21 12:00:00
1740153600000,657.93,662.52,635.0,639.55,83923.54,2025-02-21 16:00:00
1740168000000,639.56,647.5,639.01,647.47,37844.536,2025-02-21 20:00:00
1740182400000,647.47,651.75,645.21,650.21,27227.17,2025-02-22 00:00:00
1740196800000,650.21,659.97,649.56,654.75,31428.685,2025-02-22 04:00:00
1740211200000,654.74,658.86,653.16,656.14,21881.977,2025-02-22 08:00:00
1740225600000,656.14,659.42,654.41,658.4,21051.069,2025-02-22 12:00:00
1740240000000,658.41,679.9,657.97,675.7,156456.411,2025-02-22 16:00:00
1740254400000,675.7,678.4,667.36,668.57,39877.872,2025-02-22 20:00:00
1740268800000,668.57,671.1,665.6,665.92,27368.272,2025-02-23 00:00:00
1740283200000,665.92,668.59,664.41,666.88,26963.955,2025-02-23 04:00:00
1740297600000,666.89,667.3,658.91,659.32,31097.819,2025-02-23 08:00:00
1740312000000,659.32,659.32,648.49,648.83,43029.091,2025-02-23 12:00:00
1740326400000,648.83,655.0,648.54,654.43,21319.417,2025-02-23 16:00:00
1740340800000,654.42,659.1,652.6,658.42,16879.459,2025-02-23 20:00:00
1740355200000,658.41,659.56,643.5,645.15,32781.699,2025-02-24 00:00:00
1740369600000,645.15,646.68,637.05,644.47,55348.785,2025-02-24 04:00:00
1740384000000,644.47,645.0,635.84,640.08,50528.613,2025-02-24 08:00:00
1740398400000,640.09,644.0,630.1,635.24,65972.975,2025-02-24 12:00:00
1740412800000,635.25,639.75,622.0,628.46,46719.315,2025-02-24 16:00:00
1740427200000,628.48,634.92,610.6,614.2,108795.766,2025-02-24 20:00:00
1740441600000,614.19,621.45,604.32,607.05,111849.738,2025-02-25 00:00:00
1740456000000,607.06,613.02,586.0,599.41,176300.669,2025-02-25 04:00:00
1740470400000,599.41,613.59,594.42,611.17,146872.146,2025-02-25 08:00:00
1740484800000,611.18,616.8,601.0,609.15,103269.846,2025-02-25 12:00:00
1740499200000,609.16,620.0,604.7,619.55,56294.909,2025-02-25 16:00:00
1740513600000,619.54,628.7,617.7,623.49,52847.304,2025-02-25 20:00:00
1740528000000,623.49,632.14,622.91,630.51,44391.497,2025-02-26 00:00:00
1740542400000,630.51,631.24,621.01,623.7,44055.185,2025-02-26 04:00:00
1740556800000,623.7,631.0,619.84,624.56,33370.887,2025-02-26 08:00:00
1740571200000,624.56,626.3,609.09,623.67,91421.047,2025-02-26 12:00:00
1740585600000,623.68,625.04,595.6,601.87,117467.23,2025-02-26 16:00:00
1740600000000,601.87,619.0,594.07,611.57,97329.585,2025-02-26 20:00:00
1740614400000,611.57,616.2,606.04,613.28,43666.809,2025-02-27 00:00:00
1740628800000,613.27,619.77,608.6,617.77,70488.861,2025-02-27 04:00:00
1740643200000,617.77,618.4,610.86,611.91,39252.284,2025-02-27 08:00:00
1740657600000,611.91,612.75,600.9,606.59,60477.729,2025-02-27 12:00:00
1740672000000,606.6,609.72,602.32,605.29,35747.1,2025-02-27 16:00:00
1740686400000,605.3,607.05,595.84,605.41,45885.333,2025-02-27 20:00:00
1740700800000,605.41,606.33,572.07,573.01,192321.218,2025-02-28 00:00:00
1740715200000,573.03,578.46,564.2,567.18,145382.022,2025-02-28 04:00:00
1740729600000,567.19,579.2,559.71,571.36,99140.44,2025-02-28 08:00:00
1740744000000,571.36,593.76,567.9,588.48,85620.673,2025-02-28 12:00:00
1740758400000,588.48,592.94,584.9,587.91,44716.367,2025-02-28 16:00:00
1740772800000,587.9,589.12,583.8,588.07,33818.599,2025-02-28 20:00:00
1740787200000,588.07,598.88,586.4,591.9,58910.068,2025-03-01 00:00:00
1740801600000,591.9,597.29,591.71,595.82,55582.27,2025-03-01 04:00:00
1740816000000,595.82,596.57,591.56,591.64,60352.73,2025-03-01 08:00:00
1740830400000,591.64,605.2,591.07,604.61,57840.538,2025-03-01 12:00:00
1740844800000,604.6,609.24,602.91,605.1,39383.695,2025-03-01 16:00:00
1740859200000,605.09,609.48,604.0,607.93,20185.055,2025-03-01 20:00:00
1740873600000,607.94,611.31,605.76,607.19,24989.447,2025-03-02 00:00:00
1740888000000,607.19,611.8,607.16,610.43,15897.252,2025-03-02 04:00:00
1740902400000,610.44,611.14,606.84,608.21,25312.0,2025-03-02 08:00:00
1740916800000,608.22,618.9,601.5,613.55,78338.294,2025-03-02 12:00:00
1740931200000,613.55,635.01,612.35,625.62,248540.703,2025-03-02 16:00:00
1740945600000,625.62,627.16,615.03,623.94,75991.534,2025-03-02 20:00:00
1740960000000,623.94,624.36,607.67,611.07,99768.423,2025-03-03 00:00:00
1740974400000,611.06,613.9,597.73,607.75,68527.672,2025-03-03 04:00:00
1740988800000,607.75,607.77,595.47,603.27,58771.352,2025-03-03 08:00:00
1741003200000,603.26,607.92,585.31,591.83,90521.841,2025-03-03 12:00:00
1741017600000,591.84,597.8,571.43,573.17,117896.213,2025-03-03 16:00:00
1741032000000,573.17,579.8,567.5,576.1,62464.378,2025-03-03 20:00:00
1741046400000,576.09,580.44,546.83,560.69,166127.112,2025-03-04 00:00:00
1741060800000,560.69,567.73,559.0,564.91,47330.013,2025-03-04 04:00:00
1741075200000,564.91,572.2,563.4,571.17,47052.734,2025-03-04 08:00:00
1741089600000,571.17,579.61,562.21,570.7,109859.251,2025-03-04 12:00:00
1741104000000,570.7,583.52,555.01,583.51,77002.619,2025-03-04 16:00:00
1741118400000,583.5,588.75,578.28,584.01,41498.122,2025-03-04 20:00:00
1741132800000,584.01,592.01,580.57,585.89,41885.728,2025-03-05 00:00:00
1741147200000,585.9,594.0,585.68,593.31,24141.07,2025-03-05 04:00:00
1741161600000,593.32,606.06,593.25,598.63,57526.791,2025-03-05 08:00:00
1741176000000,598.62,599.77,589.5,591.19,39781.284,2025-03-05 12:00:00
1741190400000,591.19,597.31,587.62,594.99,24146.276,2025-03-05 16:00:00
1741204800000,594.99,599.14,594.6,598.24,18724.839,2025-03-05 20:00:00
1741219200000,598.25,605.79,596.8,601.9,23287.668,2025-03-06 00:00:00
1741233600000,601.91,612.9,601.9,604.68,84569.366,2025-03-06 04:00:00
1741248000000,604.69,605.8,599.55,603.89,25965.148,2025-03-06 08:00:00
1741262400000,603.89,604.34,594.09,600.3,38522.272,2025-03-06 12:00:00
1741276800000,600.3,601.24,589.2,593.61,29106.961,2025-03-06 16:00:00
1741291200000,593.61,601.4,593.19,596.5,22249.975,2025-03-06 20:00:00
1741305600000,596.49,600.35,577.23,593.76,83184.851,2025-03-07 00:00:00
1741320000000,593.75,603.25,593.39,599.4,50481.888,2025-03-07 04:00:00
1741334400000,599.39,602.7,598.04,599.69,20812.904,2025-03-07 08:00:00
1741348800000,599.7,610.2,597.47,604.18,61217.679,2025-03-07 12:00:00
1741363200000,604.17,606.1,597.05,600.0,39540.626,2025-03-07 16:00:00
1741377600000,600.0,601.8,590.15,594.77,34125.985,2025-03-07 20:00:00
1741392000000,594.77,597.21,590.11,596.3,18048.408,2025-03-08 00:00:00
1741406400000,596.3,600.2,595.51,596.8,34501.88,2025-03-08 04:00:00
1741420800000,596.8,598.4,592.57,594.12,16541.716,2025-03-08 08:00:00
1741435200000,594.13,599.54,593.2,599.45,18548.933,2025-03-08 12:00:00
1741449600000,599.46,602.77,595.21,598.24,19583.006,2025-03-08 16:00:00
1741464000000,598.24,598.81,593.08,593.1,9996.688,2025-03-08 20:00:00
1741478400000,593.1,593.1,586.52,588.42,23611.97,2025-03-09 00:00:00
1741492800000,588.42,588.84,583.87,585.95,17201.365,2025-03-09 04:00:00
1741507200000,585.96,586.4,575.3,578.26,30575.626,2025-03-09 08:00:00
1741521600000,578.26,578.84,566.0,566.73,45709.39,2025-03-09 12:00:00
1741536000000,566.72,570.73,550.22,560.56,88523.132,2025-03-09 16:00:00
1741550400000,560.56,563.43,550.2,554.65,40761.421,2025-03-09 20:00:00
1741564800000,554.65,563.14,550.0,560.65,71533.965,2025-03-10 00:00:00
1741579200000,560.65,566.88,560.34,564.61,23431.149,2025-03-10 04:00:00
1741593600000,564.62,573.4,559.07,567.48,53792.21,2025-03-10 08:00:00
1741608000000,567.48,570.0,541.69,550.39,90410.605,2025-03-10 12:00:00
1741622400000,550.39,551.13,523.01,537.74,135151.836,2025-03-10 16:00:00
1741636800000,537.74,541.47,530.91,531.49,35834.855,2025-03-10 20:00:00
1741651200000,531.49,538.78,507.0,533.22,157044.458,2025-03-11 00:00:00
1741665600000,533.22,558.42,532.5,558.18,85965.077,2025-03-11 04:00:00
1741680000000,558.17,566.0,546.33,548.01,263548.405,2025-03-11 08:00:00
1741694400000,548.0,554.74,537.13,548.94,115724.27,2025-03-11 12:00:00
1741708800000,548.94,560.91,545.3,555.94,49629.238,2025-03-11 16:00:00
1741723200000,555.94,557.5,551.11,551.61,19959.073,2025-03-11 20:00:00
1741737600000,551.61,557.14,546.63,547.05,33294.346,2025-03-12 00:00:00
1741752000000,547.06,556.29,544.63,555.81,45569.848,2025-03-12 04:00:00
1741766400000,555.8,560.29,554.22,559.01,35156.17,2025-03-12 08:00:00
1741780800000,559.0,574.59,548.34,552.48,172489.945,2025-03-12 12:00:00
1741795200000,552.49,567.84,551.5,566.73,43842.943,2025-03-12 16:00:00
1741809600000,566.71,574.95,566.35,569.87,36870.959,2025-03-12 20:00:00
1741824000000,569.87,577.8,567.99,577.39,40626.817,2025-03-13 00:00:00
1741838400000,577.39,582.3,574.0,578.29,46411.03,2025-03-13 04:00:00
1741852800000,578.3,582.82,573.16,578.6,46329.921,2025-03-13 08:00:00
1741867200000,578.59,613.71,576.22,581.5,414867.458,2025-03-13 12:00:00
1741881600000,581.51,583.58,571.81,577.21,74091.862,2025-03-13 16:00:00
1741896000000,577.21,579.84,571.13,579.8,25169.94,2025-03-13 20:00:00
1741910400000,579.8,584.63,577.91,582.83,28460.51,2025-03-14 00:00:00
1741924800000,582.83,586.8,576.61,576.62,30765.369,2025-03-14 04:00:00
1741939200000,576.63,581.25,576.62,578.69,37919.481,2025-03-14 08:00:00
1741953600000,578.69,588.87,577.77,584.61,52245.131,2025-03-14 12:00:00
1741968000000,584.61,589.5,581.76,588.21,39945.0,2025-03-14 16:00:00
1741982400000,588.21,589.81,584.73,587.76,23676.591,2025-03-14 20:00:00
1741996800000,587.76,594.68,587.49,593.16,35987.646,2025-03-15 00:00:00
1742011200000,593.16,595.1,589.58,590.73,26749.434,2025-03-15 04:00:00
1742025600000,590.74,597.99,590.74,596.0,26503.547,2025-03-15 08:00:00
1742040000000,596.0,603.51,595.5,603.09,36905.381,2025-03-15 12:00:00
1742054400000,603.09,616.5,602.02,611.52,85690.155,2025-03-15 16:00:00
1742068800000,611.52,619.96,611.5,619.83,42487.846,2025-03-15 20:00:00
1742083200000,619.82,622.8,605.5,609.39,62979.783,2025-03-16 00:00:00
1742097600000,609.39,609.55,604.56,604.96,22864.444,2025-03-16 04:00:00
1742112000000,604.96,608.0,593.06,595.0,51341.937,2025-03-16 08:00:00
1742126400000,595.0,603.53,594.07,600.84,56664.188,2025-03-16 12:00:00
1742140800000,600.84,607.23,595.46,598.74,41175.098,2025-03-16 16:00:00
1742155200000,598.74,603.6,597.2,602.2,20748.866,2025-03-16 20:00:00
1742169600000,602.21,629.42,602.04,625.45,111858.731,2025-03-17 00:00:00
1742184000000,625.45,634.1,621.61,629.83,121760.753,2025-03-17 04:00:00
1742198400000,629.83,643.72,628.69,630.72,155971.775,2025-03-17 08:00:00
1742212800000,630.72,635.5,624.39,629.99,114923.244,2025-03-17 12:00:00
1742227200000,629.99,631.68,624.52,628.1,46852.149,2025-03-17 16:00:00
1742241600000,628.1,632.7,622.27,631.69,40301.532,2025-03-17 20:00:00
1742256000000,631.68,637.31,620.28,628.29,84227.284,2025-03-18 00:00:00
1742270400000,628.3,637.2,628.1,633.12,73556.653,2025-03-18 04:00:00
1742284800000,633.11,643.33,629.8,631.22,119751.136,2025-03-18 08:00:00
1742299200000,631.23,634.35,621.85,627.52,88087.083,2025-03-18 12:00:00
1742313600000,627.51,635.6,627.14,632.2,47136.894,2025-03-18 16:00:00
1742328000000,632.2,633.19,626.64,627.81,30678.783,2025-03-18 20:00:00
1742342400000,627.81,628.2,612.89,618.65,70043.639,2025-03-19 00:00:00
1742356800000,618.65,619.8,615.3,615.6,31429.904,2025-03-19 04:00:00
1742371200000,615.6,621.78,612.84,617.36,71049.188,2025-03-19 08:00:00
1742385600000,617.36,618.03,604.36,609.99,104465.045,2025-03-19 12:00:00
1742400000000,609.99,622.5,607.65,615.76,85586.039,2025-03-19 16:00:00
1742414400000,615.67,621.0,612.87,618.7,37419.83,2025-03-19 20:00:00
1742428800000,618.71,628.2,617.3,624.7,68253.443,2025-03-20 00:00:00
1742443200000,624.7,629.41,623.27,624.2,43917.886,2025-03-20 04:00:00
1742457600000,624.21,637.75,620.62,626.73,241360.135,2025-03-20 08:00:00
1742472000000,626.74,631.17,621.37,624.09,132801.957,2025-03-20 12:00:00
1742486400000,624.08,628.41,616.55,627.1,51904.55,2025-03-20 16:00:00
1742500800000,627.1,632.72,625.25,630.47,40234.154,2025-03-20 20:00:00
1742515200000,630.47,631.95,626.6,629.95,47095.985,2025-03-21 00:00:00
1742529600000,629.94,634.45,628.84,629.38,52330.996,2025-03-21 04:00:00
1742544000000,629.38,635.99,624.92,635.1,55643.074,2025-03-21 08:00:00
1742558400000,635.1,637.8,630.61,634.22,52814.629,2025-03-21 12:00:00
1742572800000,634.23,637.21,631.5,635.21,34170.074,2025-03-21 16:00:00
1742587200000,635.21,636.41,631.74,635.17,20150.811,2025-03-21 20:00:00
1742601600000,635.16,636.1,628.82,630.42,28492.617,2025-03-22 00:00:00
1742616000000,630.42,633.49,627.94,631.14,21701.708,2025-03-22 04:00:00
1742630400000,631.14,633.07,625.18,627.62,26138.048,2025-03-22 08:00:00
1742644800000,627.62,629.07,623.79,625.7,31468.8,2025-03-22 12:00:00
1742659200000,625.7,627.07,623.94,626.2,17747.256,2025-03-22 16:00:00
1742673600000,626.2,629.1,624.8,627.01,14657.654,2025-03-22 20:00:00
1742688000000,627.01,629.14,622.96,624.06,28316.395,2025-03-23 00:00:00
1742702400000,624.06,624.36,621.99,622.88,24510.955,2025-03-23 04:00:00
1742716800000,622.87,624.63,620.01,621.7,31301.59,2025-03-23 08:00:00
1742731200000,621.7,624.73,620.71,621.35,27993.583,2025-03-23 12:00:00
1742745600000,621.35,624.09,619.5,623.11,27962.998,2025-03-23 16:00:00
1742760000000,623.1,624.3,620.51,623.79,15517.057,2025-03-23 20:00:00
1742774400000,623.8,627.3,618.0,623.28,53648.679,2025-03-24 00:00:00
1742788800000,623.29,626.07,620.75,623.06,36263.064,2025-03-24 04:00:00
1742803200000,623.05,632.16,622.01,630.75,47844.409,2025-03-24 08:00:00
1742817600000,630.75,632.35,624.6,631.04,69265.087,2025-03-24 12:00:00
1742832000000,631.05,639.5,629.9,636.26,73169.724,2025-03-24 16:00:00
1742846400000,636.25,638.5,632.3,637.08,27385.028,2025-03-24 20:00:00
1742860800000,637.08,642.0,632.82,640.09,59367.673,2025-03-25 00:00:00
1742875200000,640.09,644.88,638.4,641.51,61102.772,2025-03-25 04:00:00
1742889600000,641.51,643.6,632.95,634.41,269376.963,2025-03-25 08:00:00
1742904000000,634.42,635.57,630.7,633.9,100901.296,2025-03-25 12:00:00
1742918400000,633.89,633.95,630.01,631.25,37621.516,2025-03-25 16:00:00
1742932800000,631.26,632.46,627.05,629.82,26201.337,2025-03-25 20:00:00
1742947200000,629.82,631.94,627.48,628.13,31562.964,2025-03-26 00:00:00
1742961600000,628.13,634.01,627.94,633.46,25479.711,2025-03-26 04:00:00
1742976000000,633.46,633.81,630.0,631.39,28300.703,2025-03-26 08:00:00
1742990400000,631.39,631.39,622.9,624.65,67270.349,2025-03-26 12:00:00
1743004800000,624.65,625.01,615.3,618.48,40335.684,2025-03-26 16:00:00
1743019200000,618.48,620.94,615.78,617.99,29144.424,2025-03-26 20:00:00
1743033600000,618.0,627.01,617.2,626.66,24516.71,2025-03-27 00:00:00
1743048000000,626.65,636.94,625.11,635.3,49013.112,2025-03-27 04:00:00
1743062400000,635.3,642.5,632.36,632.72,304088.056,2025-03-27 08:00:00
1743076800000,632.71,639.9,625.79,637.02,247391.541,2025-03-27 12:00:00
1743091200000,637.02,641.51,635.29,639.87,81145.175,2025-03-27 16:00:00
1743105600000,639.88,640.79,636.62,637.36,37247.253,2025-03-27 20:00:00
1743120000000,637.36,637.51,632.22,633.5,49443.63,2025-03-28 00:00:00
1743134400000,633.5,635.11,627.76,628.54,90782.646,2025-03-28 04:00:00
1743148800000,628.54,634.0,626.7,633.68,47891.079,2025-03-28 08:00:00
1743163200000,633.67,633.85,623.72,625.42,57175.476,2025-03-28 12:00:00
1743177600000,625.42,626.84,619.0,619.08,43296.884,2025-03-28 16:00:00
1743192000000,619.08,620.61,616.0,619.81,29227.445,2025-03-28 20:00:00
1743206400000,619.81,623.84,608.94,613.02,48620.233,2025-03-29 00:00:00
1743220800000,613.02,614.23,603.0,607.8,42567.928,2025-03-29 04:00:00
1743235200000,607.79,610.84,599.23,601.08,49176.057,2025-03-29 08:00:00
1743249600000,601.09,608.5,599.78,604.73,34800.473,2025-03-29 12:00:00
1743264000000,604.72,607.3,596.97,605.8,61076.337,2025-03-29 16:00:00
1743278400000,605.79,606.0,600.91,602.99,18181.233,2025-03-29 20:00:00
1743292800000,603.0,613.37,600.48,609.0,35878.802,2025-03-30 00:00:00
1743307200000,608.99,612.45,606.41,606.63,25432.104,2025-03-30 04:00:00
1743321600000,606.62,610.38,604.0,605.03,27899.089,2025-03-30 08:00:00
1743336000000,605.02,606.96,601.08,602.16,40117.616,2025-03-30 12:00:00
1743350400000,602.15,606.1,598.06,603.93,30573.751,2025-03-30 16:00:00
1743364800000,603.94,604.2,593.58,602.2,35748.043,2025-03-30 20:00:00
1743379200000,602.2,606.73,595.43,599.35,52052.447,2025-03-31 00:00:00
1743393600000,599.34,604.67,594.24,595.99,30680.556,2025-03-31 04:00:00
1743408000000,595.98,597.91,587.26,595.77,49859.597,2025-03-31 08:00:00
1743422400000,595.78,606.7,593.94,604.23,75899.16,2025-03-31 12:00:00
1743436800000,604.23,608.89,602.68,605.25,31440.675,2025-03-31 16:00:00
1743451200000,605.26,607.3,603.24,604.81,14831.834,2025-03-31 20:00:00
1743465600000,604.81,609.86,604.46,609.03,20927.626,2025-04-01 00:00:00
1743480000000,609.02,611.38,606.8,610.39,28183.171,2025-04-01 04:00:00
1743494400000,610.39,618.54,606.4,607.5,85529.217,2025-04-01 08:00:00
1743508800000,607.51,617.33,607.46,615.26,207345.882,2025-04-01 12:00:00
1743523200000,615.25,615.89,606.71,608.66,190950.364,2025-04-01 16:00:00
1743537600000,608.66,614.99,607.7,611.13,32666.809,2025-04-01 20:00:00
1743552000000,611.12,611.66,600.04,601.39,49424.394,2025-04-02 00:00:00
1743566400000,601.39,602.26,596.8,601.04,44427.485,2025-04-02 04:00:00
1743580800000,601.05,606.58,599.5,599.87,36549.35,2025-04-02 08:00:00
1743595200000,599.87,609.99,598.51,604.62,126709.217,2025-04-02 12:00:00
1743609600000,604.62,607.87,601.82,605.71,54448.153,2025-04-02 16:00:00
1743624000000,605.72,614.0,584.85,590.68,87949.358,2025-04-02 20:00:00
1743638400000,590.67,610.58,588.2,601.33,90160.239,2025-04-03 00:00:00
1743652800000,601.34,609.34,598.71,600.01,128142.917,2025-04-03 04:00:00
1743667200000,600.0,602.2,592.61,593.19,154622.001,2025-04-03 08:00:00
1743681600000,593.2,594.38,578.46,586.25,89894.602,2025-04-03 12:00:00
1743696000000,586.25,590.0,585.79,588.4,26196.212,2025-04-03 16:00:00
1743710400000,588.41,593.28,587.73,592.67,18912.543,2025-04-03 20:00:00
1743724800000,592.68,594.51,589.0,593.18,21402.388,2025-04-04 00:00:00
1743739200000,593.18,599.06,591.29,598.3,19509.903,2025-04-04 04:00:00
1743753600000,598.31,599.85,585.0,588.86,47566.714,2025-04-04 08:00:00
1743768000000,588.85,597.6,585.64,593.67,50117.845,2025-04-04 12:00:00
1743782400000,593.67,599.48,592.0,597.18,24630.061,2025-04-04 16:00:00
1743796800000,597.19,600.0,596.2,597.71,13918.494,2025-04-04 20:00:00
1743811200000,597.71,599.0,594.89,596.12,15198.904,2025-04-05 00:00:00
1743825600000,596.12,597.23,593.01,595.65,15966.92,2025-04-05 04:00:00
1743840000000,595.64,598.52,595.43,596.92,12144.522,2025-04-05 08:00:00
1743854400000,596.92,597.3,590.79,591.82,20871.999,2025-04-05 12:00:00
1743868800000,591.81,593.66,590.8,590.98,9511.538,2025-04-05 16:00:00
1743883200000,590.99,594.53,588.71,593.13,12244.196,2025-04-05 20:00:00
1743897600000,593.13,593.78,590.16,591.87,14262.96,2025-04-06 00:00:00
1743912000000,591.87,593.47,590.16,590.31,31388.941,2025-04-06 04:00:00
1743926400000,590.31,590.7,587.1,589.11,20505.208,2025-04-06 08:00:00
1743940800000,589.11,589.16,579.19,581.24,36448.886,2025-04-06 12:00:00
1743955200000,581.24,581.24,552.02,558.81,142264.848,2025-04-06 16:00:00
1743969600000,558.8,560.22,544.17,555.54,87385.422,2025-04-06 20:00:00
1743984000000,555.55,565.64,546.49,550.18,77898.082,2025-04-07 00:00:00
1743998400000,550.17,553.74,520.0,530.1,201008.528,2025-04-07 04:00:00
1744012800000,530.08,548.6,529.14,540.0,174058.896,2025-04-07 08:00:00
1744027200000,540.01,567.6,539.66,552.01,203767.769,2025-04-07 12:00:00
1744041600000,552.0,557.19,546.45,553.79,46268.437,2025-04-07 16:00:00
1744056000000,553.8,559.88,553.77,554.6,24292.148,2025-04-07 20:00:00
1744070400000,554.6,565.27,553.16,561.69,36758.608,2025-04-08 00:00:00
1744084800000,561.68,566.0,556.4,560.25,32012.092,2025-04-08 04:00:00
1744099200000,560.24,564.17,555.43,563.82,24370.96,2025-04-08 08:00:00
1744113600000,563.82,565.87,556.5,559.79,40466.186,2025-04-08 12:00:00
1744128000000,559.79,561.84,547.64,552.89,53700.621,2025-04-08 16:00:00
1744142400000,552.89,558.4,551.72,553.72,24883.393,2025-04-08 20:00:00
1744156800000,553.72,554.76,534.3,542.69,80340.247,2025-04-09 00:00:00
1744171200000,542.69,557.8,541.61,556.62,45950.211,2025-04-09 04:00:00
1744185600000,556.61,559.48,548.97,550.34,46039.241,2025-04-09 08:00:00
1744200000000,550.34,563.62,548.9,561.25,41245.966,2025-04-09 12:00:00
1744214400000,561.25,585.97,560.85,579.75,131613.961,2025-04-09 16:00:00
1744228800000,579.76,584.83,579.16,582.32,33180.501,2025-04-09 20:00:00
1744243200000,582.32,582.51,572.08,575.27,38920.353,2025-04-10 00:00:00
1744257600000,575.26,580.27,574.45,579.47,26027.529,2025-04-10 04:00:00
1744272000000,579.47,583.58,574.57,575.69,134032.802,2025-04-10 08:00:00
1744286400000,575.69,580.8,566.8,568.06,121176.381,2025-04-10 12:00:00
1744300800000,568.05,576.76,566.17,574.94,30964.798,2025-04-10 16:00:00
1744315200000,574.94,578.56,574.1,578.03,18098.0,2025-04-10 20:00:00
1744329600000,578.03,580.65,575.7,580.19,34723.011,2025-04-11 00:00:00
1744344000000,580.19,582.36,578.39,581.46,24731.067,2025-04-11 04:00:00
1744358400000,581.46,585.12,579.33,583.12,31256.779,2025-04-11 08:00:00
1744372800000,583.13,585.93,580.29,585.28,38433.559,2025-04-11 12:00:00
1744387200000,585.28,590.36,583.83,588.16,28710.78,2025-04-11 16:00:00
1744401600000,588.15,589.7,585.76,585.93,16845.524,2025-04-11 20:00:00
1744416000000,585.93,590.59,584.53,585.05,24553.038,2025-04-12 00:00:00
1744430400000,585.04,589.27,584.0,588.89,19957.569,2025-04-12 04:00:00
1744444800000,588.88,591.58,588.7,590.25,26549.664,2025-04-12 08:00:00
1744459200000,590.25,600.48,589.5,599.22,49919.333,2025-04-12 12:00:00
1744473600000,599.23,600.03,594.75,596.26,17233.264,2025-04-12 16:00:00
1744488000000,596.25,599.82,596.25,597.29,13055.84,2025-04-12 20:00:00
1744502400000,597.3,598.67,593.13,595.9,15712.4,2025-04-13 00:00:00
1744516800000,595.9,595.93,590.9,593.33,18548.897,2025-04-13 04:00:00
1744531200000,593.34,594.67,587.39,588.4,18631.867,2025-04-13 08:00:00
1744545600000,588.39,590.0,583.33,584.22,40341.233,2025-04-13 12:00:00
1744560000000,584.23,589.27,580.32,582.76,32219.07,2025-04-13 16:00:00
1744574400000,582.76,585.2,580.72,584.28,19442.818,2025-04-13 20:00:00
1744588800000,584.29,592.0,583.8,588.2,37689.446,2025-04-14 00:00:00
1744603200000,588.2,590.87,587.05,590.76,25129.513,2025-04-14 04:00:00
1744617600000,590.76,592.9,588.48,592.6,21778.073,2025-04-14 08:00:00
1744632000000,592.6,593.1,585.45,585.66,33763.426,2025-04-14 12:00:00
1744646400000,585.66,587.88,583.14,587.25,22497.92,2025-04-14 16:00:00
1744660800000,587.25,587.41,584.13,584.54,12969.417,2025-04-14 20:00:00
1744675200000,584.53,587.61,582.7,587.61,24079.966,2025-04-15 00:00:00
1744689600000,587.6,590.17,586.11,589.57,24431.966,2025-04-15 04:00:00
1744704000000,589.58,590.84,587.33,588.59,25887.353,2025-04-15 08:00:00
1744718400000,588.59,590.28,584.0,584.53,33619.978,2025-04-15 12:00:00
1744732800000,584.54,585.48,582.07,583.66,16236.883,2025-04-15 16:00:00
1744747200000,583.65,583.75,579.38,579.52,17384.433,2025-04-15 20:00:00
1744761600000,579.52,584.0,576.0,583.3,31854.976,2025-04-16 00:00:00
1744776000000,583.3,584.3,577.69,578.25,28050.694,2025-04-16 04:00:00
1744790400000,578.24,583.0,576.72,582.09,33427.524,2025-04-16 08:00:00
1744804800000,582.09,585.4,578.9,583.44,29650.506,2025-04-16 12:00:00
1744819200000,583.44,587.0,576.5,584.8,37179.243,2025-04-16 16:00:00
1744833600000,584.79,585.64,582.6,582.8,14375.005,2025-04-16 20:00:00
1744848000000,582.8,584.78,581.0,582.07,14432.009,2025-04-17 00:00:00
1744862400000,582.07,584.77,581.65,583.44,14882.232,2025-04-17 04:00:00
1744876800000,583.45,586.86,581.86,586.2,40356.322,2025-04-17 08:00:00
1744891200000,586.19,590.32,584.09,589.75,37183.916,2025-04-17 12:00:00
1744905600000,589.74,592.97,588.69,590.8,23928.378,2025-04-17 16:00:00
1744920000000,590.79,592.67,589.24,590.49,21065.402,2025-04-17 20:00:00
1744934400000,590.5,590.88,587.96,590.5,19386.851,2025-04-18 00:00:00
1744948800000,590.51,590.53,587.08,588.63,27180.114,2025-04-18 04:00:00
1744963200000,588.63,592.01,587.71,591.86,69417.104,2025-04-18 08:00:00
1744977600000,591.86,594.38,590.86,593.73,29679.777,2025-04-18 12:00:00
1744992000000,593.72,596.08,591.93,592.49,32136.341,2025-04-18 16:00:00
1745006400000,592.49,594.64,591.61,591.71,13775.561,2025-04-18 20:00:00
1745020800000,591.7,593.39,591.31,593.35,11841.891,2025-04-19 00:00:00
1745035200000,593.34,594.49,591.98,593.13,14285.975,2025-04-19 04:00:00
1745049600000,593.12,593.54,589.8,591.04,16774.982,2025-04-19 08:00:00
1745064000000,591.04,591.39,588.13,589.41,23319.156,2025-04-19 12:00:00
1745078400000,589.4,591.38,587.7,591.03,18016.168,2025-04-19 16:00:00
1745092800000,591.02,593.63,590.66,591.73,12370.831,2025-04-19 20:00:00
1745107200000,591.74,593.73,591.73,592.6,14226.472,2025-04-20 00:00:00
1745121600000,592.59,595.0,591.85,593.98,28793.991,2025-04-20 04:00:00
1745136000000,593.98,595.23,589.3,590.02,32258.248,2025-04-20 08:00:00
1745150400000,590.01,592.36,587.82,588.2,17773.391,2025-04-20 12:00:00
1745164800000,588.2,590.0,587.5,589.95,10575.753,2025-04-20 16:00:00
1745179200000,589.95,593.32,589.49,592.77,11715.743,2025-04-20 20:00:00
1745193600000,592.77,604.06,592.53,602.25,53104.051,2025-04-21 00:00:00
1745208000000,602.26,608.52,602.25,604.46,25557.478,2025-04-21 04:00:00
1745222400000,604.46,606.38,600.22,600.78,21266.868,2025-04-21 08:00:00
1745236800000,600.79,605.6,600.4,604.03,30011.425,2025-04-21 12:00:00
1745251200000,604.03,604.6,594.5,598.04,29608.501,2025-04-21 16:00:00
1745265600000,598.02,598.02,595.24,597.34,12378.099,2025-04-21 20:00:00
1745280000000,597.32,602.94,595.0,599.98,28224.038,2025-04-22 00:00:00
1745294400000,599.98,605.15,599.24,604.31,32782.677,2025-04-22 04:00:00
1745308800000,604.32,607.31,604.32,605.88,60755.571,2025-04-22 08:00:00
1745323200000,605.88,612.21,605.2,609.79,97677.565,2025-04-22 12:00:00
1745337600000,609.78,610.99,606.51,608.15,21493.246,2025-04-22 16:00:00
1745352000000,608.14,619.9,606.96,618.51,44535.067,2025-04-22 20:00:00
1745366400000,618.5,619.92,611.95,615.32,54270.755,2025-04-23 00:00:00
1745380800000,615.32,619.99,613.03,617.69,44573.726,2025-04-23 04:00:00
1745395200000,617.68,617.69,608.96,611.19,51088.612,2025-04-23 08:00:00
1745409600000,611.18,614.2,602.65,606.62,98168.427,2025-04-23 12:00:00
1745424000000,606.62,608.66,602.21,602.5,42299.048,2025-04-23 16:00:00
1745438400000,602.49,607.28,601.38,605.71,23724.88,2025-04-23 20:00:00
1745452800000,605.72,606.78,601.8,604.06,27444.891,2025-04-24 00:00:00
1745467200000,604.06,606.58,601.69,602.88,30264.449,2025-04-24 04:00:00
1745481600000,602.88,604.82,592.59,597.69,48485.107,2025-04-24 08:00:00
1745496000000,597.69,600.91,595.84,598.46,52248.76,2025-04-24 12:00:00
1745510400000,598.47,600.87,595.48,598.94,26221.117,2025-04-24 16:00:00
1745524800000,598.95,602.57,598.0,601.55,19549.956,2025-04-24 20:00:00
1745539200000,601.56,604.17,597.2,600.78,25877.471,2025-04-25 00:00:00
1745553600000,600.78,609.85,600.77,606.43,53789.788,2025-04-25 04:00:00
1745568000000,606.42,610.35,603.92,605.89,70779.02,2025-04-25 08:00:00
1745582400000,605.88,608.61,601.6,605.53,56631.19,2025-04-25 12:00:00
1745596800000,605.53,606.72,602.29,604.6,23862.669,2025-04-25 16:00:00
1745611200000,604.6,604.6,598.01,599.91,26486.416,2025-04-25 20:00:00
1745625600000,599.9,606.9,599.34,602.2,32321.597,2025-04-26 00:00:00
1745640000000,602.2,605.12,600.1,602.32,16266.719,2025-04-26 04:00:00
1745654400000,602.33,606.17,600.74,602.22,32332.367,2025-04-26 08:00:00
1745668800000,602.23,608.96,601.6,607.95,25982.359,2025-04-26 12:00:00
1745683200000,607.96,609.25,606.72,608.12,17034.368,2025-04-26 16:00:00
1745697600000,608.12,609.0,606.37,607.23,13595.732,2025-04-26 20:00:00
1745712000000,607.23,608.68,600.0,602.77,29596.547,2025-04-27 00:00:00
1745726400000,602.76,602.76,597.0,599.96,21813.589,2025-04-27 04:00:00
1745740800000,599.97,601.22,598.8,600.53,15563.343,2025-04-27 08:00:00
1745755200000,600.53,601.4,597.18,599.6,19439.879,2025-04-27 12:00:00
1745769600000,599.59,606.2,597.59,605.45,19831.215,2025-04-27 16:00:00
1745784000000,605.46,607.06,602.74,603.46,15539.903,2025-04-27 20:00:00
1745798400000,603.46,605.8,598.2,603.83,26333.921,2025-04-28 00:00:00
1745812800000,603.82,607.0,603.3,605.27,18728.662,2025-04-28 04:00:00
1745827200000,605.28,608.27,602.92,607.49,32448.755,2025-04-28 08:00:00
1745841600000,607.5,607.86,598.81,600.91,30001.584,2025-04-28 12:00:00
1745856000000,600.91,605.5,598.66,604.86,23208.989,2025-04-28 16:00:00
1745870400000,604.86,606.54,603.21,606.16,13056.097,2025-04-28 20:00:00
1745884800000,606.16,607.28,603.43,606.52,17698.343,2025-04-29 00:00:00
1745899200000,606.52,610.75,605.19,609.74,39186.606,2025-04-29 04:00:00
1745913600000,609.74,610.37,602.43,603.7,64591.475,2025-04-29 08:00:00
1745928000000,603.69,604.2,600.87,601.61,42051.041,2025-04-29 12:00:00
1745942400000,601.6,604.37,600.65,602.81,38401.479,2025-04-29 16:00:00
1745956800000,602.81,602.81,598.1,601.0,34881.053,2025-04-29 20:00:00
1745971200000,601.0,603.89,600.0,603.87,26473.996,2025-04-30 00:00:00
1745985600000,603.87,604.44,602.2,603.29,30851.171,2025-04-30 04:00:00
1746000000000,603.29,603.3,599.79,602.43,53902.016,2025-04-30 08:00:00
1746014400000,602.42,602.5,591.42,597.09,60199.814,2025-04-30 12:00:00
1746028800000,597.08,599.2,594.52,598.44,22653.121,2025-04-30 16:00:00
1746043200000,598.45,600.34,598.31,599.88,16500.546,2025-04-30 20:00:00
1746057600000,599.88,602.5,599.24,599.26,23462.285,2025-05-01 00:00:00
1746072000000,599.26,601.34,598.7,599.72,22032.279,2025-05-01 04:00:00
1746086400000,599.72,605.28,599.71,603.66,33710.122,2025-05-01 08:00:00
1746100800000,603.65,605.05,600.91,602.66,36932.949,2025-05-01 12:00:00
1746115200000,602.67,603.88,600.06,600.37,22691.164,2025-05-01 16:00:00
1746129600000,600.36,600.68,598.14,599.63,17400.43,2025-05-01 20:00:00
1746144000000,599.64,603.61,598.9,601.29,25940.943,2025-05-02 00:00:00
1746158400000,601.29,601.99,595.12,595.69,25932.932,2025-05-02 04:00:00
1746172800000,595.69,600.65,595.5,597.85,28022.758,2025-05-02 08:00:00
1746187200000,597.85,600.82,596.63,599.75,24588.817,2025-05-02 12:00:00
1746201600000,599.75,601.89,598.33,599.0,18005.769,2025-05-02 16:00:00
1746216000000,598.99,601.68,598.28,600.69,18853.646,2025-05-02 20:00:00
1746230400000,600.69,601.2,598.18,599.29,16495.822,2025-05-03 00:00:00
1746244800000,599.28,600.15,597.39,597.47,13620.246,2025-05-03 04:00:00
1746259200000,597.48,597.66,595.23,596.34,18204.616,2025-05-03 08:00:00
1746273600000,596.34,599.12,596.34,598.7,12077.351,2025-05-03 12:00:00
1746288000000,598.69,599.96,596.45,599.96,26385.987,2025-05-03 16:00:00
1746302400000,599.95,600.0,598.44,599.36,13986.272,2025-05-03 20:00:00
1746316800000,599.36,600.49,598.24,599.8,17349.958,2025-05-04 00:00:00
1746331200000,599.8,600.22,596.53,597.09,25285.776,2025-05-04 04:00:00
1746345600000,597.09,597.1,593.0,594.14,18304.215,2025-05-04 08:00:00
1746360000000,594.14,594.25,588.14,589.34,35302.408,2025-05-04 12:00:00
1746374400000,589.33,589.8,586.0,588.55,26439.881,2025-05-04 16:00:00
1746388800000,588.55,590.02,584.7,586.03,21278.597,2025-05-04 20:00:00
1746403200000,586.02,588.99,583.55,588.27,31427.299,2025-05-05 00:00:00
1746417600000,588.28,592.0,588.18,591.84,25585.944,2025-05-05 04:00:00
1746432000000,591.84,596.74,590.53,593.57,55056.2,2025-05-05 08:00:00
1746446400000,593.57,597.0,592.81,597.0,41664.516,2025-05-05 12:00:00
1746460800000,596.99,599.87,596.84,599.34,31244.868,2025-05-05 16:00:00
1746475200000,599.34,599.98,596.68,597.61,16121.762,2025-05-05 20:00:00
1746489600000,597.61,600.41,596.36,599.22,32091.215,2025-05-06 00:00:00
1746504000000,599.21,599.86,597.8,599.04,28763.381,2025-05-06 04:00:00
1746518400000,599.03,599.04,593.23,594.39,61929.169,2025-05-06 08:00:00
1746532800000,594.39,599.0,593.76,598.54,34215.5,2025-05-06 12:00:00
1746547200000,598.54,602.56,596.69,599.52,29959.386,2025-05-06 16:00:00
1746561600000,599.52,603.18,596.83,602.57,27654.456,2025-05-06 20:00:00
1746576000000,602.57,607.0,601.44,602.01,32112.53,2025-05-07 00:00:00
1746590400000,602.0,606.64,601.98,606.6,34962.975,2025-05-07 04:00:00
1746604800000,606.59,606.96,603.85,606.49,31232.879,2025-05-07 08:00:00
1746619200000,606.49,609.07,600.51,600.82,47202.474,2025-05-07 12:00:00
1746633600000,600.81,602.07,598.0,599.04,29633.103,2025-05-07 16:00:00
1746648000000,599.04,603.98,597.89,602.7,18944.63,2025-05-07 20:00:00
1746662400000,602.7,611.0,600.8,610.99,59041.128,2025-05-08 00:00:00
1746676800000,611.0,614.5,608.19,612.75,58576.191,2025-05-08 04:00:00
1746691200000,612.74,617.88,612.69,613.62,50569.184,2025-05-08 08:00:00
1746705600000,613.62,623.49,613.25,621.01,93951.153,2025-05-08 12:00:00
1746720000000,621.0,622.9,614.84,619.4,58920.328,2025-05-08 16:00:00
1746734400000,619.41,629.33,619.13,629.17,63209.541,2025-05-08 20:00:00
1746748800000,629.17,629.37,623.12,624.7,57799.851,2025-05-09 00:00:00
1746763200000,624.71,635.87,624.5,631.53,65625.863,2025-05-09 04:00:00
1746777600000,631.53,641.16,628.83,636.66,124768.042,2025-05-09 08:00:00
1746792000000,636.65,643.94,631.55,635.9,88051.418,2025-05-09 12:00:00
1746806400000,635.89,636.81,631.15,635.24,31901.361,2025-05-09 16:00:00
1746820800000,635.24,671.15,635.0,666.29,112588.334,2025-05-09 20:00:00
1746835200000,666.29,678.95,659.29,661.72,160795.468,2025-05-10 00:00:00
1746849600000,661.72,664.39,655.0,661.86,66118.429,2025-05-10 04:00:00
1746864000000,661.87,663.5,648.84,649.25,66213.509,2025-05-10 08:00:00
1746878400000,649.27,655.52,648.83,651.44,51243.108,2025-05-10 12:00:00
1746892800000,651.45,658.5,650.85,652.36,42482.785,2025-05-10 16:00:00
1746907200000,652.36,664.0,649.5,663.9,57742.131,2025-05-10 20:00:00
1746921600000,663.9,668.49,655.91,662.31,106580.964,2025-05-11 00:00:00
1746936000000,662.3,667.29,654.42,655.54,67382.439,2025-05-11 04:00:00
1746950400000,655.54,659.83,654.49,659.1,35585.361,2025-05-11 08:00:00
1746964800000,659.11,659.76,649.6,651.41,65191.027,2025-05-11 12:00:00
1746979200000,651.41,655.16,647.83,653.43,25418.799,2025-05-11 16:00:00
1746993600000,653.42,653.59,648.8,651.15,19840.369,2025-05-11 20:00:00
1747008000000,651.15,657.42,647.31,655.7,42906.519,2025-05-12 00:00:00
1747022400000,655.7,668.17,652.3,661.29,77416.513,2025-05-12 04:00:00
1747036800000,661.3,693.0,657.67,678.1,188182.105,2025-05-12 08:00:00
1747051200000,678.09,691.88,661.0,663.68,158957.575,2025-05-12 12:00:00
1747065600000,663.69,671.0,649.55,659.83,88074.58,2025-05-12 16:00:00
1747080000000,659.83,663.74,658.0,660.07,30849.653,2025-05-12 20:00:00
1747094400000,660.08,660.13,640.8,641.93,85046.262,2025-05-13 00:00:00
1747108800000,641.92,652.54,640.66,649.48,42587.612,2025-05-13 04:00:00
1747123200000,649.48,654.49,648.0,653.12,49553.082,2025-05-13 08:00:00
1747137600000,653.13,659.01,649.84,655.54,106687.901,2025-05-13 12:00:00
1747152000000,655.54,672.0,655.3,666.66,96180.346,2025-05-13 16:00:00
1747166400000,666.65,667.13,662.37,664.13,36254.547,2025-05-13 20:00:00
1747180800000,664.12,667.33,657.74,661.8,70524.113,2025-05-14 00:00:00
1747195200000,661.8,664.39,656.57,658.29,42543.162,2025-05-14 04:00:00
1747209600000,658.28,661.05,650.08,659.7,72464.524,2025-05-14 08:00:00
1747224000000,659.71,659.85,648.3,651.92,64075.94,2025-05-14 12:00:00
1747238400000,651.93,654.68,647.15,652.62,24066.433,2025-05-14 16:00:00
1747252800000,652.62,653.36,649.5,652.47,16355.822,2025-05-14 20:00:00
1747267200000,652.47,654.97,645.04,647.72,34255.816,2025-05-15 00:00:00
1747281600000,647.71,652.52,642.29,644.53,68142.647,2025-05-15 04:00:00
1747296000000,644.54,654.37,644.44,653.38,62717.736,2025-05-15 08:00:00
1747310400000,653.37,656.13,643.21,655.4,65492.54,2025-05-15 12:00:00
1747324800000,655.39,661.0,648.51,651.93,54904.067,2025-05-15 16:00:00
1747339200000,651.93,654.9,645.75,651.88,28048.007,2025-05-15 20:00:00
1747353600000,651.88,659.97,646.7,657.89,43934.29,2025-05-16 00:00:00
1747368000000,657.89,659.28,655.2,655.48,37668.137,2025-05-16 04:00:00
1747382400000,655.49,657.39,651.65,654.37,43934.82,2025-05-16 08:00:00
1747396800000,654.36,655.16,650.11,651.99,30596.977,2025-05-16 12:00:00
1747411200000,652.0,654.51,648.07,649.8,22266.142,2025-05-16 16:00:00
1747425600000,649.8,650.42,644.0,646.76,22393.241,2025-05-16 20:00:00
1747440000000,646.76,646.9,635.05,643.47,48662.647,2025-05-17 00:00:00
1747454400000,643.46,645.84,642.28,643.05,21384.293,2025-05-17 04:00:00
1747468800000,643.04,644.22,639.57,641.52,20537.896,2025-05-17 08:00:00
1747483200000,641.52,642.99,636.61,640.56,21181.016,2025-05-17 12:00:00
1747497600000,640.57,642.74,636.01,640.42,16540.633,2025-05-17 16:00:00
1747512000000,640.41,642.64,637.77,639.51,13471.226,2025-05-17 20:00:00
1747526400000,639.5,643.4,639.0,642.4,13640.426,2025-05-18 00:00:00
1747540800000,642.41,646.33,642.41,645.59,19955.652,2025-05-18 04:00:00
1747555200000,645.59,648.97,644.95,645.19,21594.563,2025-05-18 08:00:00
1747569600000,645.2,655.19,643.9,653.98,37481.423,2025-05-18 12:00:00
1747584000000,653.98,655.06,638.1,638.13,50881.952,2025-05-18 16:00:00
1747598400000,638.12,652.5,634.39,651.53,45921.28,2025-05-18 20:00:00
1747612800000,651.54,653.53,638.29,638.93,44721.223,2025-05-19 00:00:00
1747627200000,638.94,640.99,633.51,638.62,41798.197,2025-05-19 04:00:00
1747641600000,638.61,641.2,637.11,639.96,24378.556,2025-05-19 08:00:00
1747656000000,639.95,647.5,635.93,645.2,41833.757,2025-05-19 12:00:00
1747670400000,645.21,649.55,644.4,648.44,34779.189,2025-05-19 16:00:00
1747684800000,648.43,652.01,647.41,649.62,23390.598,2025-05-19 20:00:00
1747699200000,649.62,653.75,648.5,650.53,28428.121,2025-05-20 00:00:00
1747713600000,650.53,652.38,646.35,647.34,27321.723,2025-05-20 04:00:00
1747728000000,647.33,648.43,641.72,643.82,28363.296,2025-05-20 08:00:00
1747742400000,643.81,645.73,640.14,644.8,35652.771,2025-05-20 12:00:00
1747756800000,644.8,649.0,642.88,648.05,26650.005,2025-05-20 16:00:00
1747771200000,648.05,652.67,647.07,650.0,23168.375,2025-05-20 20:00:00
1747785600000,650.0,657.98,648.49,656.59,45501.941,2025-05-21 00:00:00
1747800000000,656.6,669.0,652.51,652.89,78201.168,2025-05-21 04:00:00
1747814400000,652.9,655.2,650.03,654.86,33280.384,2025-05-21 08:00:00
1747828800000,654.86,665.33,652.18,663.62,101979.876,2025-05-21 12:00:00
1747843200000,663.62,672.57,660.32,670.96,171841.123,2025-05-21 16:00:00
1747857600000,670.96,678.0,668.26,673.31,39727.403,2025-05-21 20:00:00
1747872000000,673.31,690.02,673.0,685.34,123534.225,2025-05-22 00:00:00
1747886400000,685.34,687.5,678.69,682.64,60308.819,2025-05-22 04:00:00
1747900800000,682.63,687.99,681.23,687.11,74926.925,2025-05-22 08:00:00
1747915200000,687.1,688.0,681.29,681.94,59349.875,2025-05-22 12:00:00
1747929600000,681.94,686.01,679.26,680.99,44420.727,2025-05-22 16:00:00
1747944000000,681.0,687.18,679.2,686.57,27467.425,2025-05-22 20:00:00
1747958400000,686.57,691.35,683.9,688.01,42893.751,2025-05-23 00:00:00
1747972800000,688.01,689.94,682.03,682.29,42647.358,2025-05-23 04:00:00
1747987200000,682.29,687.24,670.01,672.0,60806.792,2025-05-23 08:00:00
1748001600000,672.0,675.0,652.19,670.56,130024.464,2025-05-23 12:00:00
1748016000000,670.56,671.07,665.24,665.61,32912.63,2025-05-23 16:00:00
1748030400000,665.61,665.61,654.0,656.98,34383.712,2025-05-23 20:00:00
1748044800000,656.99,666.42,655.4,664.46,35629.614,2025-05-24 00:00:00
1748059200000,664.47,671.62,664.24,668.17,32195.709,2025-05-24 04:00:00
1748073600000,668.16,677.47,668.15,674.69,39218.864,2025-05-24 08:00:00
1748088000000,674.69,676.21,671.53,674.09,23604.104,2025-05-24 12:00:00
1748102400000,674.09,676.75,672.7,676.58,14984.982,2025-05-24 16:00:00
1748116800000,676.58,676.8,666.17,668.01,19508.766,2025-05-24 20:00:00
1748131200000,668.0,668.36,660.07,665.91,29276.938,2025-05-25 00:00:00
1748145600000,665.91,666.4,660.1,661.96,18736.409,2025-05-25 04:00:00
1748160000000,661.96,662.9,657.1,661.88,47890.132,2025-05-25 08:00:00
1748174400000,661.89,668.13,661.17,663.2,32653.314,2025-05-25 12:00:00
1748188800000,663.21,668.24,661.81,667.27,22616.818,2025-05-25 16:00:00
1748203200000,667.27,671.67,665.7,669.44,18034.711,2025-05-25 20:00:00
1748217600000,669.45,677.47,668.22,674.28,32622.214,2025-05-26 00:00:00
1748232000000,674.27,675.53,671.8,674.74,28351.916,2025-05-26 04:00:00
1748246400000,674.74,675.93,672.37,674.17,31585.203,2025-05-26 08:00:00
1748260800000,674.18,676.38,671.11,675.41,50785.405,2025-05-26 12:00:00
1748275200000,675.41,678.33,670.99,672.32,27616.1,2025-05-26 16:00:00
1748289600000,672.32,675.08,671.4,674.29,9187.414,2025-05-26 20:00:00
1748304000000,674.3,674.81,666.56,674.13,42028.768,2025-05-27 00:00:00
1748318400000,674.14,681.56,672.72,681.01,44971.206,2025-05-27 04:00:00
1748332800000,681.01,684.39,679.64,682.2,56721.411,2025-05-27 08:00:00
1748347200000,682.2,697.73,682.18,691.02,117595.475,2025-05-27 12:00:00
1748361600000,691.02,694.52,688.1,689.6,39829.484,2025-05-27 16:00:00
1748376000000,689.6,689.9,685.92,686.91,25017.147,2025-05-27 20:00:00
1748390400000,686.9,687.15,681.43,684.34,33217.134,2025-05-28 00:00:00
1748404800000,684.34,685.12,680.04,681.97,29359.408,2025-05-28 04:00:00
1748419200000,681.97,687.48,681.2,687.44,39427.041,2025-05-28 08:00:00
1748433600000,687.44,689.22,681.01,681.88,59388.801,2025-05-28 12:00:00
1748448000000,681.88,688.87,681.88,683.21,29216.745,2025-05-28 16:00:00
1748462400000,683.2,688.91,683.11,686.89,21266.614,2025-05-28 20:00:00
1748476800000,686.89,691.24,685.71,686.3,37734.034,2025-05-29 00:00:00
1748491200000,686.3,687.23,680.31,685.29,45540.784,2025-05-29 04:00:00
1748505600000,685.3,690.06,684.39,685.79,50478.558,2025-05-29 08:00:00
1748520000000,685.79,685.98,679.11,681.19,41856.899,2025-05-29 12:00:00
1748534400000,681.19,681.26,673.33,674.87,31797.171,2025-05-29 16:00:00
1748548800000,674.88,682.84,673.56,675.02,53577.69,2025-05-29 20:00:00
1748563200000,675.02,678.5,665.7,673.14,54270.019,2025-05-30 00:00:00
1748577600000,673.14,674.4,667.0,667.27,38900.353,2025-05-30 04:00:00
1748592000000,667.27,671.76,665.95,671.19,30660.501,2025-05-30 08:00:00
1748606400000,671.18,672.37,666.77,668.54,28890.763,2025-05-30 12:00:00
1748620800000,668.53,669.54,660.37,666.32,36236.519,2025-05-30 16:00:00
1748635200000,666.33,666.78,653.22,655.36,29765.354,2025-05-30 20:00:00
1748649600000,655.36,656.04,645.04,650.69,66046.389,2025-05-31 00:00:00
1748664000000,650.69,655.47,647.71,653.85,20448.342,2025-05-31 04:00:00
1748678400000,653.84,656.51,652.1,654.06,19465.77,2025-05-31 08:00:00
1748692800000,654.07,659.53,653.9,656.34,29210.911,2025-05-31 12:00:00
1748707200000,656.35,660.36,655.63,658.53,12598.046,2025-05-31 16:00:00
1748721600000,658.53,661.42,657.81,658.01,10609.932,2025-05-31 20:00:00
1748736000000,658.01,658.08,652.7,655.58,21026.385,2025-06-01 00:00:00
1748750400000,655.58,657.12,652.4,653.61,17274.06,2025-06-01 04:00:00
1748764800000,653.61,653.61,648.09,650.5,27153.784,2025-06-01 08:00:00
1748779200000,650.5,654.78,647.58,654.72,28204.584,2025-06-01 12:00:00
1748793600000,654.72,657.99,650.8,655.04,23470.579,2025-06-01 16:00:00
1748808000000,655.03,662.48,654.98,660.77,14678.056,2025-06-01 20:00:00
1748822400000,660.77,664.24,656.46,656.68,21829.563,2025-06-02 00:00:00
1748836800000,656.69,659.4,655.18,658.16,21712.038,2025-06-02 04:00:00
1748851200000,658.16,658.57,650.45,651.32,25831.276,2025-06-02 08:00:00
1748865600000,651.33,658.24,650.05,657.23,31487.618,2025-06-02 12:00:00
1748880000000,657.23,662.0,655.7,661.1,20143.744,2025-06-02 16:00:00
1748894400000,661.1,667.0,660.35,665.93,22781.366,2025-06-02 20:00:00
1748908800000,665.93,673.43,665.81,667.65,43316.448,2025-06-03 00:00:00
1748923200000,667.65,668.43,665.1,665.1,17682.717,2025-06-03 04:00:00
1748937600000,665.11,668.1,663.66,665.2,28296.616,2025-06-03 08:00:00
1748952000000,665.2,668.55,662.07,667.19,34391.047,2025-06-03 12:00:00
1748966400000,667.19,667.89,663.16,665.2,17486.409,2025-06-03 16:00:00
1748980800000,665.2,665.27,657.11,661.59,17204.222,2025-06-03 20:00:00
1748995200000,661.6,669.99,660.84,668.41,21955.945,2025-06-04 00:00:00
1749009600000,668.41,671.01,668.04,670.86,24157.593,2025-06-04 04:00:00
1749024000000,670.86,671.76,667.6,667.8,18669.406,2025-06-04 08:00:00
1749038400000,667.81,670.99,665.15,669.47,24467.349,2025-06-04 12:00:00
1749052800000,669.47,670.1,666.28,667.42,19381.701,2025-06-04 16:00:00
1749067200000,667.42,667.49,661.92,663.23,15841.808,2025-06-04 20:00:00
1749081600000,663.24,666.65,662.94,665.78,14753.858,2025-06-05 00:00:00
1749096000000,665.78,668.54,665.12,668.49,19773.74,2025-06-05 04:00:00
1749110400000,668.5,670.92,661.88,661.99,50741.469,2025-06-05 08:00:00
1749124800000,661.98,665.5,656.57,659.3,40667.704,2025-06-05 12:00:00
1749139200000,659.3,659.3,641.36,644.49,50888.353,2025-06-05 16:00:00
1749153600000,644.5,644.56,625.44,633.32,94718.025,2025-06-05 20:00:00
1749168000000,633.33,641.65,629.38,641.38,30990.593,2025-06-06 00:00:00
1749182400000,641.38,642.48,635.01,641.46,42468.666,2025-06-06 04:00:00
1749196800000,641.46,646.88,640.81,646.32,24512.722,2025-06-06 08:00:00
1749211200000,646.33,651.51,645.54,647.61,42424.102,2025-06-06 12:00:00
1749225600000,647.61,648.66,644.01,645.11,16531.897,2025-06-06 16:00:00
1749240000000,645.11,646.62,641.21,642.7,12607.977,2025-06-06 20:00:00
1749254400000,642.71,647.28,639.69,647.09,19901.026,2025-06-07 00:00:00
1749268800000,647.1,649.99,645.46,648.62,14498.799,2025-06-07 04:00:00
1749283200000,648.61,649.08,646.46,648.35,13002.983,2025-06-07 08:00:00
1749297600000,648.35,651.41,648.22,650.7,19113.894,2025-06-07 12:00:00
1749312000000,650.7,652.67,649.23,652.04,13758.038,2025-06-07 16:00:00
1749326400000,652.04,653.81,650.4,650.82,10391.63,2025-06-07 20:00:00
1749340800000,650.82,650.84,648.6,649.35,9525.137,2025-06-08 00:00:00
1749355200000,649.36,650.62,648.7,649.27,10843.46,2025-06-08 04:00:00
1749369600000,649.27,650.48,646.49,650.47,16655.465,2025-06-08 08:00:00
1749384000000,650.47,652.08,649.62,651.83,14466.376,2025-06-08 12:00:00
1749398400000,651.84,654.94,651.83,654.6,11381.713,2025-06-08 16:00:00
1749412800000,654.61,656.39,651.55,652.0,9428.163,2025-06-08 20:00:00
1749427200000,652.0,653.5,648.53,651.59,14143.214,2025-06-09 00:00:00
1749441600000,651.6,651.6,648.01,649.4,11411.446,2025-06-09 04:00:00
1749456000000,649.4,656.42,648.29,655.51,24758.739,2025-06-09 08:00:00
1749470400000,655.51,657.3,653.01,656.58,22807.976,2025-06-09 12:00:00
1749484800000,656.58,660.96,656.57,659.7,15366.248,2025-06-09 16:00:00
1749499200000,659.71,667.74,659.71,665.58,38784.535,2025-06-09 20:00:00
1749513600000,665.58,667.97,663.42,664.01,24045.182,2025-06-10 00:00:00
1749528000000,664.01,664.4,660.18,660.71,18034.203,2025-06-10 04:00:00
1749542400000,660.71,665.76,657.26,665.19,41607.002,2025-06-10 08:00:00
1749556800000,665.19,667.71,658.33,661.3,38085.226,2025-06-10 12:00:00
1749571200000,661.29,669.2,661.2,667.54,25957.161,2025-06-10 16:00:00
1749585600000,667.54,674.0,667.33,673.51,28916.282,2025-06-10 20:00:00
1749600000000,673.51,674.14,668.3,670.57,23448.229,2025-06-11 00:00:00
1749614400000,670.58,674.8,668.51,670.39,27043.874,2025-06-11 04:00:00
1749628800000,670.39,672.79,666.1,667.39,38504.05,2025-06-11 08:00:00
1749643200000,667.4,672.16,665.9,669.66,45155.801,2025-06-11 12:00:00
1749657600000,669.66,669.94,665.4,667.25,25087.396,2025-06-11 16:00:00
1749672000000,667.24,669.12,662.2,667.43,18694.735,2025-06-11 20:00:00
1749686400000,667.42,669.93,663.76,665.76,20560.782,2025-06-12 00:00:00
1749700800000,665.76,668.4,663.99,667.05,18590.872,2025-06-12 04:00:00
1749715200000,667.04,668.76,663.3,663.45,27334.852,2025-06-12 08:00:00
1749729600000,663.45,665.27,659.92,660.21,33212.394,2025-06-12 12:00:00
1749744000000,660.2,667.0,657.89,658.46,26021.621,2025-06-12 16:00:00
1749758400000,658.46,659.27,651.91,654.75,27073.454,2025-06-12 20:00:00
1749772800000,654.76,654.81,639.01,649.33,94925.594,2025-06-13 00:00:00
1749787200000,649.33,655.13,646.01,655.01,26121.587,2025-06-13 04:00:00
1749801600000,655.01,659.42,652.28,654.51,52977.838,2025-06-13 08:00:00
1749816000000,654.51,654.75,649.38,653.5,25887.202,2025-06-13 12:00:00
1749830400000,653.49,655.41,649.59,651.3,14812.983,2025-06-13 16:00:00
1749844800000,651.3,655.47,650.4,655.35,8578.713,2025-06-13 20:00:00
1749859200000,655.35,655.36,650.12,651.34,11682.922,2025-06-14 00:00:00
1749873600000,651.35,652.55,650.1,651.84,10642.749,2025-06-14 04:00:00
1749888000000,651.84,651.84,649.18,650.71,12425.77,2025-06-14 08:00:00
1749902400000,650.7,650.79,644.31,645.43,20386.731,2025-06-14 12:00:00
1749916800000,645.42,646.12,639.01,640.73,27395.496,2025-06-14 16:00:00
1749931200000,640.73,646.41,639.0,645.61,11156.475,2025-06-14 20:00:00
1749945600000,645.61,647.93,645.04,647.54,9586.003,2025-06-15 00:00:00
1749960000000,647.55,652.0,647.55,649.02,15908.581,2025-06-15 04:00:00
1749974400000,649.02,649.26,645.9,648.23,14420.233,2025-06-15 08:00:00
1749988800000,648.23,650.99,646.83,647.69,17115.954,2025-06-15 12:00:00
1750003200000,647.69,649.1,645.81,646.75,9959.297,2025-06-15 16:00:00
1750017600000,646.75,648.48,642.77,648.19,12334.578,2025-06-15 20:00:00
1750032000000,648.19,652.47,646.26,651.53,17932.57,2025-06-16 00:00:00
1750046400000,651.53,656.6,651.1,655.83,23239.102,2025-06-16 04:00:00
1750060800000,655.83,656.64,652.92,654.43,18466.953,2025-06-16 08:00:00
1750075200000,654.43,659.46,653.64,657.47,22987.181,2025-06-16 12:00:00
1750089600000,657.47,659.28,655.4,659.03,18798.671,2025-06-16 16:00:00
1750104000000,659.03,659.04,650.01,650.74,22779.31,2025-06-16 20:00:00
1750118400000,650.74,656.59,647.3,656.4,22601.13,2025-06-17 00:00:00
1750132800000,656.4,659.0,655.05,657.84,25715.504,2025-06-17 04:00:00
1750147200000,657.84,658.97,652.31,653.49,61602.347,2025-06-17 08:00:00
1750161600000,653.48,656.0,645.08,646.28,32719.967,2025-06-17 12:00:00
1750176000000,646.28,649.9,640.11,648.44,28942.322,2025-06-17 16:00:00
1750190400000,648.44,649.02,645.54,648.08,11400.993,2025-06-17 20:00:00
1750204800000,648.09,654.31,647.98,651.9,20228.593,2025-06-18 00:00:00
1750219200000,651.89,653.47,650.45,651.45,13656.923,2025-06-18 04:00:00
1750233600000,651.45,652.4,641.7,645.1,33706.973,2025-06-18 08:00:00
1750248000000,645.1,645.1,637.35,642.32,34731.363,2025-06-18 12:00:00
1750262400000,642.32,643.21,637.72,639.53,27580.942,2025-06-18 16:00:00
1750276800000,639.55,645.48,638.7,644.77,13820.88,2025-06-18 20:00:00
1750291200000,644.77,645.89,641.35,645.3,13393.456,2025-06-19 00:00:00
1750305600000,645.3,646.5,643.83,644.55,15677.458,2025-06-19 04:00:00
1750320000000,644.54,645.84,642.34,642.39,12690.412,2025-06-19 08:00:00
1750334400000,642.4,642.82,639.41,639.66,18778.274,2025-06-19 12:00:00
1750348800000,639.67,642.95,638.66,642.65,11745.064,2025-06-19 16:00:00
1750363200000,642.65,645.0,641.93,644.65,8120.321,2025-06-19 20:00:00
1750377600000,644.65,645.55,643.66,644.81,10907.482,2025-06-20 00:00:00
1750392000000,644.81,647.85,641.64,647.82,20151.516,2025-06-20 04:00:00
1750406400000,647.83,649.73,646.49,647.34,31444.217,2025-06-20 08:00:00
1750420800000,647.33,651.02,642.93,645.46,28872.137,2025-06-20 12:00:00
1750435200000,645.45,645.59,638.0,642.69,39051.057,2025-06-20 16:00:00
1750449600000,642.68,645.27,639.59,641.61,12853.213,2025-06-20 20:00:00
1750464000000,641.61,644.84,641.03,644.2,11080.796,2025-06-21 00:00:00
1750478400000,644.21,644.41,639.27,641.38,15032.977,2025-06-21 04:00:00
1750492800000,641.38,643.01,639.36,642.44,13819.7,2025-06-21 08:00:00
1750507200000,642.43,642.78,634.58,636.85,27254.037,2025-06-21 12:00:00
1750521600000,636.85,637.23,630.85,631.09,26340.998,2025-06-21 16:00:00
1750536000000,631.08,633.3,621.94,628.97,49979.608,2025-06-21 20:00:00
1750550400000,628.98,633.3,627.0,629.5,26621.916,2025-06-22 00:00:00
1750564800000,629.49,635.51,629.42,632.61,19495.226,2025-06-22 04:00:00
1750579200000,632.62,633.0,627.44,630.39,22067.902,2025-06-22 08:00:00
1750593600000,630.39,631.13,606.69,607.62,115064.597,2025-06-22 12:00:00
1750608000000,607.62,612.66,604.5,605.53,29497.985,2025-06-22 16:00:00
1750622400000,605.53,616.8,601.25,615.81,30767.407,2025-06-22 20:00:00
1750636800000,615.81,620.82,615.05,619.99,21113.372,2025-06-23 00:00:00
1750651200000,620.0,624.62,620.0,623.86,22334.769,2025-06-23 04:00:00
1750665600000,623.87,624.84,616.11,617.28,19724.832,2025-06-23 08:00:00
1750680000000,617.27,627.89,616.0,622.99,44537.396,2025-06-23 12:00:00
1750694400000,622.99,630.84,617.02,629.8,68608.897,2025-06-23 16:00:00
1750708800000,629.8,642.79,628.61,640.49,43355.063,2025-06-23 20:00:00
1750723200000,640.5,641.28,636.67,639.76,26003.436,2025-06-24 00:00:00
1750737600000,639.77,642.71,638.6,639.15,24348.328,2025-06-24 04:00:00
1750752000000,639.15,641.84,636.17,638.5,29630.319,2025-06-24 08:00:00
1750766400000,638.49,641.55,637.86,639.58,24475.871,2025-06-24 12:00:00
1750780800000,639.58,644.0,639.57,642.4,19091.992,2025-06-24 16:00:00
1750795200000,642.39,644.09,641.97,643.53,8057.285,2025-06-24 20:00:00
1750809600000,643.53,650.37,641.85,648.2,48460.75,2025-06-25 00:00:00
1750824000000,648.2,652.64,643.1,645.15,35518.862,2025-06-25 04:00:00
1750838400000,645.15,648.53,641.99,647.41,25075.039,2025-06-25 08:00:00
1750852800000,647.41,647.9,642.25,642.49,36951.153,2025-06-25 12:00:00
1750867200000,642.49,647.67,642.01,647.6,12228.356,2025-06-25 16:00:00
1750881600000,647.59,648.39,644.0,646.07,11198.994,2025-06-25 20:00:00
1750896000000,646.06,650.0,645.41,648.59,16935.11,2025-06-26 00:00:00
1750910400000,648.59,649.63,644.55,647.53,16939.939,2025-06-26 04:00:00
1750924800000,647.52,648.55,644.41,644.48,19137.552,2025-06-26 08:00:00
1750939200000,644.49,645.85,641.12,645.0,24845.655,2025-06-26 12:00:00
1750953600000,645.0,647.58,644.25,645.19,13812.762,2025-06-26 16:00:00
1750968000000,645.19,646.56,641.35,642.3,11386.268,2025-06-26 20:00:00
1750982400000,642.3,645.94,639.16,645.88,15429.043,2025-06-27 00:00:00
1750996800000,645.88,646.87,643.01,643.69,12334.271,2025-06-27 04:00:00
1751011200000,643.7,645.64,643.21,645.53,13285.143,2025-06-27 08:00:00
1751025600000,645.53,648.0,643.8,646.61,20254.788,2025-06-27 12:00:00
1751040000000,646.61,648.44,642.47,645.3,12393.185,2025-06-27 16:00:00
1751054400000,645.31,647.0,645.01,645.71,7606.525,2025-06-27 20:00:00
1751068800000,645.72,646.1,644.25,644.47,6388.002,2025-06-28 00:00:00
1751083200000,644.47,647.05,644.4,647.01,12131.917,2025-06-28 04:00:00
1751097600000,647.01,647.04,645.3,646.36,7321.737,2025-06-28 08:00:00
1751112000000,646.37,646.87,645.2,646.62,12427.601,2025-06-28 12:00:00
1751126400000,646.62,648.01,645.5,647.56,10952.355,2025-06-28 16:00:00
1751140800000,647.57,649.18,647.32,648.6,8493.353,2025-06-28 20:00:00
1751155200000,648.61,648.84,646.94,648.67,6732.881,2025-06-29 00:00:00
1751169600000,648.67,650.32,648.6,649.29,11785.08,2025-06-29 04:00:00
1751184000000,649.3,651.86,649.2,651.12,14884.906,2025-06-29 08:00:00
1751198400000,651.13,651.24,648.4,649.0,13690.696,2025-06-29 12:00:00
1751212800000,649.0,649.61,648.0,648.65,7437.108,2025-06-29 16:00:00
1751227200000,648.66,656.0,646.72,654.9,18705.125,2025-06-29 20:00:00
1751241600000,654.9,657.12,653.45,655.41,15655.057,2025-06-30 00:00:00
1751256000000,655.42,656.61,652.48,654.6,15258.133,2025-06-30 04:00:00
1751270400000,654.6,655.2,651.63,654.16,26254.388,2025-06-30 08:00:00
1751284800000,654.15,656.79,651.17,656.52,24398.419,2025-06-30 12:00:00
1751299200000,656.52,659.42,655.24,659.36,19985.768,2025-06-30 16:00:00
1751313600000,659.37,660.0,656.52,656.9,9150.431,2025-06-30 20:00:00
1751328000000,656.9,659.1,654.76,655.77,12470.937,2025-07-01 00:00:00
1751342400000,655.77,655.78,651.5,653.92,17560.718,2025-07-01 04:00:00
1751356800000,653.93,653.93,651.56,652.27,14100.299,2025-07-01 08:00:00
1751371200000,652.28,652.59,645.64,645.98,22670.095,2025-07-01 12:00:00
1751385600000,645.98,647.0,644.5,645.65,10536.405,2025-07-01 16:00:00
1751400000000,645.65,647.4,644.0,646.33,8464.601,2025-07-01 20:00:00
1751414400000,646.34,650.0,643.71,649.6,13033.736,2025-07-02 00:00:00
1751428800000,649.59,657.44,649.5,657.33,17769.921,2025-07-02 04:00:00
1751443200000,657.33,659.85,656.75,657.11,18639.0,2025-07-02 08:00:00
1751457600000,657.11,661.99,655.29,661.64,19685.332,2025-07-02 12:00:00
1751472000000,661.65,664.8,661.43,663.85,26259.679,2025-07-02 16:00:00
1751486400000,663.85,664.85,659.2,659.71,17420.287,2025-07-02 20:00:00
1751500800000,659.7,661.14,658.06,659.36,10443.735,2025-07-03 00:00:00
1751515200000,659.36,663.0,659.0,662.77,18247.658,2025-07-03 04:00:00
1751529600000,662.77,664.5,660.99,661.91,19125.75,2025-07-03 08:00:00
1751544000000,661.92,664.4,656.7,657.07,27858.643,2025-07-03 12:00:00
1751558400000,657.07,661.9,657.06,661.57,9802.433,2025-07-03 16:00:00
1751572800000,661.57,664.57,661.13,663.59,13523.217,2025-07-03 20:00:00
1751587200000,663.58,664.17,660.2,662.04,14759.787,2025-07-04 00:00:00
1751601600000,662.04,662.09,655.92,655.93,16100.086,2025-07-04 04:00:00
1751616000000,655.93,659.86,654.69,659.62,12248.636,2025-07-04 08:00:00
1751630400000,659.63,660.1,652.09,652.78,24477.818,2025-07-04 12:00:00
1751644800000,652.79,653.41,650.21,651.52,14740.567,2025-07-04 16:00:00
1751659200000,651.52,654.11,650.65,653.6,6700.518,2025-07-04 20:00:00
1751673600000,653.6,656.13,652.8,656.0,11333.466,2025-07-05 00:00:00
1751688000000,656.0,656.75,654.27,654.46,8697.03,2025-07-05 04:00:00
1751702400000,654.47,655.9,653.88,655.35,9836.396,2025-07-05 08:00:00
1751716800000,655.34,655.53,654.17,654.36,6681.906,2025-07-05 12:00:00
1751731200000,654.36,654.82,652.0,654.1,10002.353,2025-07-05 16:00:00
1751745600000,654.1,656.4,653.85,656.16,5097.138,2025-07-05 20:00:00
1751760000000,656.17,656.8,654.46,654.84,6099.237,2025-07-06 00:00:00
1751774400000,654.84,656.13,653.61,654.76,6265.296,2025-07-06 04:00:00
1751788800000,654.76,656.48,653.54,656.46,9952.273,2025-07-06 08:00:00
1751803200000,656.46,663.5,655.49,662.85,26593.511,2025-07-06 12:00:00
1751817600000,662.86,663.7,661.2,663.07,15344.323,2025-07-06 16:00:00
1751832000000,663.06,664.99,660.92,663.13,18144.479,2025-07-06 20:00:00
1751846400000,663.13,663.23,660.38,660.84,10983.009,2025-07-07 00:00:00
1751860800000,660.84,662.79,660.62,662.78,9968.755,2025-07-07 04:00:00
1751875200000,662.79,663.5,661.43,662.31,20317.566,2025-07-07 08:00:00
1751889600000,662.31,662.7,658.87,659.02,15465.786,2025-07-07 12:00:00
1751904000000,659.02,661.87,656.77,661.45,17578.357,2025-07-07 16:00:00
1751918400000,661.44,661.45,658.0,661.06,8919.511,2025-07-07 20:00:00
1751932800000,661.06,662.6,657.5,659.75,14183.555,2025-07-08 00:00:00
1751947200000,659.76,660.43,658.64,659.81,13374.459,2025-07-08 04:00:00
1751961600000,659.8,661.69,659.26,661.11,24489.981,2025-07-08 08:00:00
1751976000000,661.11,661.83,657.64,658.18,13458.243,2025-07-08 12:00:00
1751990400000,658.17,662.0,657.36,660.96,13162.433,2025-07-08 16:00:00
1752004800000,660.96,660.98,657.75,660.63,7705.371,2025-07-08 20:00:00
1752019200000,660.63,662.43,660.06,661.61,12535.595,2025-07-09 00:00:00
1752033600000,661.61,664.55,661.27,662.61,12232.15,2025-07-09 04:00:00
1752048000000,662.6,662.87,659.05,661.35,14382.553,2025-07-09 08:00:00
1752062400000,661.35,663.46,660.11,662.46,25873.622,2025-07-09 12:00:00
1752076800000,662.46,670.0,662.0,669.26,31862.919,2025-07-09 16:00:00
1752091200000,669.26,671.5,666.2,668.68,26664.756,2025-07-09 20:00:00
1752105600000,668.69,671.47,668.15,670.5,20783.155,2025-07-10 00:00:00
1752120000000,670.5,673.21,670.0,671.66,21498.205,2025-07-10 04:00:00
1752134400000,671.65,674.0,669.29,670.01,37205.851,2025-07-10 08:00:00
1752148800000,670.0,671.78,667.25,668.17,19283.771,2025-07-10 12:00:00
1752163200000,668.16,679.0,667.85,675.92,47278.232,2025-07-10 16:00:00
1752177600000,675.92,687.7,675.6,685.8,68918.322,2025-07-10 20:00:00
1752192000000,685.8,692.0,683.81,689.45,49707.922,2025-07-11 00:00:00
1752206400000,689.44,695.0,684.64,684.89,59957.662,2025-07-11 04:00:00
1752220800000,684.89,690.82,684.57,688.31,46728.758,2025-07-11 08:00:00
1752235200000,688.3,694.26,686.18,687.26,41202.681,2025-07-11 12:00:00
1752249600000,687.26,697.24,686.1,694.0,46845.716,2025-07-11 16:00:00
1752264000000,694.0,694.18,682.83,689.99,23911.165,2025-07-11 20:00:00
1752278400000,689.98,695.33,688.06,695.28,25007.294,2025-07-12 00:00:00
1752292800000,695.29,697.0,690.14,694.22,25083.903,2025-07-12 04:00:00
1752307200000,694.22,694.45,690.37,691.84,22724.551,2025-07-12 08:00:00
1752321600000,691.84,692.0,679.63,681.19,39027.015,2025-07-12 12:00:00
1752336000000,681.2,686.61,680.0,684.5,14252.817,2025-07-12 16:00:00
1752350400000,684.5,686.27,680.41,685.86,8689.605,2025-07-12 20:00:00
1752364800000,685.86,687.8,685.12,686.88,10277.438,2025-07-13 00:00:00
1752379200000,686.89,690.1,686.76,690.1,10061.53,2025-07-13 04:00:00
1752393600000,690.1,691.22,688.07,691.15,12934.859,2025-07-13 08:00:00
1752408000000,691.15,694.12,689.8,691.21,25634.656,2025-07-13 12:00:00
1752422400000,691.21,693.5,688.1,691.61,13067.96,2025-07-13 16:00:00
1752436800000,691.61,693.19,688.46,692.0,12949.28,2025-07-13 20:00:00
1752451200000,692.01,699.0,689.79,697.15,40797.31,2025-07-14 00:00:00
1752465600000,697.15,707.54,693.2,706.42,88548.168,2025-07-14 04:00:00
1752480000000,706.43,706.7,700.84,704.42,46535.69,2025-07-14 08:00:00
1752494400000,704.42,705.24,690.3,692.57,39974.263,2025-07-14 12:00:00
1752508800000,692.57,694.35,687.87,690.06,21286.648,2025-07-14 16:00:00
1752523200000,690.07,692.39,686.05,689.12,16492.917,2025-07-14 20:00:00
1752537600000,689.13,691.1,675.3,679.77,50951.196,2025-07-15 00:00:00
1752552000000,679.78,683.67,676.77,679.2,26739.527,2025-07-15 04:00:00
1752566400000,679.2,681.05,676.37,680.49,21285.76,2025-07-15 08:00:00
1752580800000,680.49,687.75,676.81,683.1,43318.807,2025-07-15 12:00:00
1752595200000,683.1,688.55,682.74,684.59,23373.037,2025-07-15 16:00:00
1752609600000,684.6,693.21,683.5,689.92,23294.164,2025-07-15 20:00:00
1752624000000,689.93,693.64,685.93,687.88,15913.339,2025-07-16 00:00:00
1752638400000,687.87,693.84,685.2,692.08,22877.832,2025-07-16 04:00:00
1752652800000,692.09,695.71,690.79,694.38,23340.495,2025-07-16 08:00:00
1752667200000,694.38,706.34,691.0,700.2,68203.681,2025-07-16 12:00:00
1752681600000,700.21,711.0,698.81,706.83,61556.363,2025-07-16 16:00:00
1752696000000,706.84,715.56,706.38,708.61,46443.228,2025-07-16 20:00:00
1752710400000,708.61,723.4,707.87,709.62,93887.626,2025-07-17 00:00:00
1752724800000,709.62,723.47,706.14,720.9,78416.465,2025-07-17 04:00:00
1752739200000,720.91,721.8,713.96,717.65,67207.252,2025-07-17 08:00:00
1752753600000,717.64,727.85,711.96,721.36,79215.927,2025-07-17 12:00:00
1752768000000,721.37,722.0,713.74,715.61,45533.334,2025-07-17 16:00:00
1752782400000,715.61,725.49,709.98,720.65,45312.071,2025-07-17 20:00:00
1752796800000,720.64,736.47,719.83,736.43,69506.579,2025-07-18 00:00:00
1752811200000,736.44,748.4,733.55,740.28,109835.229,2025-07-18 04:00:00
1752825600000,740.28,742.08,733.05,736.95,72079.474,2025-07-18 08:00:00
1752840000000,736.95,765.56,731.32,737.81,174315.629,2025-07-18 12:00:00
1752854400000,737.81,748.28,729.27,731.85,72007.074,2025-07-18 16:00:00
1752868800000,731.84,734.73,718.73,729.92,58686.1,2025-07-18 20:00:00
1752883200000,729.92,735.1,718.76,734.9,44148.771,2025-07-19 00:00:00
1752897600000,734.89,739.3,731.6,732.36,23360.52,2025-07-19 04:00:00
1752912000000,732.37,738.66,728.18,736.7,31205.565,2025-07-19 08:00:00
1752926400000,736.71,742.5,727.3,730.81,53208.882,2025-07-19 12:00:00
1752940800000,730.81,735.08,728.06,734.47,18129.586,2025-07-19 16:00:00
1752955200000,734.46,735.71,725.1,733.2,18042.486,2025-07-19 20:00:00
1752969600000,733.2,746.15,731.5,742.92,34469.806,2025-07-20 00:00:00
1752984000000,742.92,745.54,738.92,744.69,22536.898,2025-07-20 04:00:00
1752998400000,744.68,750.89,744.58,748.76,47291.428,2025-07-20 08:00:00
1753012800000,748.76,751.85,743.55,751.0,43271.112,2025-07-20 12:00:00
1753027200000,751.01,756.36,745.92,753.1,51708.553,2025-07-20 16:00:00
1753041600000,753.09,761.29,744.73,756.82,53977.406,2025-07-20 20:00:00
1753056000000,756.82,764.13,746.06,763.21,55464.026,2025-07-21 00:00:00
1753070400000,763.2,766.94,759.34,760.39,41804.062,2025-07-21 04:00:00
1753084800000,760.4,778.69,760.05,768.98,67835.236,2025-07-21 08:00:00
1753099200000,768.98,781.99,765.84,774.35,81467.975,2025-07-21 12:00:00
1753113600000,774.35,775.23,755.44,757.14,66782.425,2025-07-21 16:00:00
1753128000000,757.14,767.43,754.72,766.22,25066.228,2025-07-21 20:00:00
1753142400000,766.22,772.0,753.13,760.13,65174.612,2025-07-22 00:00:00
1753156800000,760.13,763.98,745.0,758.14,66704.954,2025-07-22 04:00:00
1753171200000,758.14,765.58,749.53,765.57,70908.37,2025-07-22 08:00:00
1753185600000,765.58,767.25,755.72,763.79,60152.571,2025-07-22 12:00:00
1753200000000,763.8,775.64,763.56,772.08,44499.734,2025-07-22 16:00:00
1753214400000,772.07,788.35,771.5,786.68,51633.815,2025-07-22 20:00:00
1753228800000,786.69,804.7,785.07,797.09,176857.6326,2025-07-23 00:00:00
1753243200000,797.09,801.65,792.23,794.42,74491.046,2025-07-23 04:00:00
1753257600000,794.42,808.81,788.24,808.46,99463.275,2025-07-23 08:00:00
1753272000000,808.47,809.84,775.3,784.43,192578.678,2025-07-23 12:00:00
1753286400000,784.43,784.56,761.0,770.83,96769.365,2025-07-23 16:00:00
1753300800000,770.82,777.24,752.47,776.74,68927.16,2025-07-23 20:00:00
1753315200000,776.74,786.16,772.68,779.44,42943.384,2025-07-24 00:00:00
1753329600000,779.44,780.1,742.62,759.09,121275.463,2025-07-24 04:00:00
1753344000000,759.09,772.31,755.54,770.21,51387.893,2025-07-24 08:00:00
1753358400000,770.2,781.05,760.72,778.21,74387.624,2025-07-24 12:00:00
1753372800000,778.21,785.79,769.78,778.95,47553.929,2025-07-24 16:00:00
1753387200000,778.95,781.55,769.69,770.74,25888.444,2025-07-24 20:00:00
1753401600000,770.74,771.38,753.12,756.81,59570.782,2025-07-25 00:00:00
1753416000000,756.8,766.65,752.22,761.4,56827.84,2025-07-25 04:00:00
1753430400000,761.4,773.25,761.22,771.67,41888.965,2025-07-25 08:00:00
1753444800000,771.67,780.0,760.12,765.63,66070.172,2025-07-25 12:00:00
1753459200000,765.64,777.35,763.3,774.31,34345.792,2025-07-25 16:00:00
1753473600000,774.32,786.0,773.7,785.45,25364.57,2025-07-25 20:00:00
1753488000000,785.44,785.7,778.28,783.52,23206.042,2025-07-26 00:00:00
1753502400000,783.53,784.18,780.5,782.55,12794.768,2025-07-26 04:00:00
1753516800000,782.55,785.6,780.11,781.7,19071.726,2025-07-26 08:00:00
1753531200000,781.7,783.16,779.33,781.32,14342.587,2025-07-26 12:00:00
1753545600000,781.31,784.92,778.51,784.87,12902.433,2025-07-26 16:00:00
1753560000000,784.88,798.0,783.61,793.29,46446.835,2025-07-26 20:00:00
1753574400000,793.3,799.25,791.04,794.28,35659.244,2025-07-27 00:00:00
1753588800000,794.29,799.0,793.44,796.41,24698.691,2025-07-27 04:00:00
1753603200000,796.41,799.4,792.12,796.7,23996.803,2025-07-27 08:00:00
1753617600000,796.71,816.6,793.4,814.98,70007.2539,2025-07-27 12:00:00
1753632000000,814.98,831.0,812.55,830.35,134506.1752,2025-07-27 16:00:00
1753646400000,830.35,847.12,820.11,844.0,108428.0884,2025-07-27 20:00:00
1753660800000,844.0,855.01,839.74,841.67,115260.3405,2025-07-28 00:00:00
1753675200000,841.67,860.0,839.93,855.77,97304.5617,2025-07-28 04:00:00
1753689600000,855.77,861.1,845.0,850.59,88625.101,2025-07-28 08:00:00
1753704000000,850.59,857.5,830.74,836.18,103112.259,2025-07-28 12:00:00
1753718400000,836.18,841.1,825.61,831.74,61123.509,2025-07-28 16:00:00
1753732800000,831.73,832.45,820.64,824.07,52308.92,2025-07-28 20:00:00
1753747200000,824.07,835.06,815.0,829.09,77086.889,2025-07-29 00:00:00
1753761600000,829.08,834.14,825.07,825.3,55793.136,2025-07-29 04:00:00
1753776000000,825.29,833.81,821.0,826.3,64923.52,2025-07-29 08:00:00
1753790400000,826.3,830.3,801.91,805.28,90877.604,2025-07-29 12:00:00
1753804800000,805.28,815.8,800.33,803.61,98887.723,2025-07-29 16:00:00
1753819200000,803.61,809.26,800.12,805.1,39797.26,2025-07-29 20:00:00
1753833600000,805.11,811.64,796.1,804.6,41718.11,2025-07-30 00:00:00
1753848000000,804.61,806.81,795.81,800.44,43043.174,2025-07-30 04:00:00
1753862400000,800.45,807.34,786.23,788.52,96589.25,2025-07-30 08:00:00
1753876800000,788.52,795.83,779.01,790.8,79983.276,2025-07-30 12:00:00
1753891200000,790.8,794.75,766.21,785.31,82282.945,2025-07-30 16:00:00
1753905600000,785.3,793.68,783.01,793.51,25981.981,2025-07-30 20:00:00
1753920000000,793.51,800.0,791.14,798.9,37510.289,2025-07-31 00:00:00
1753934400000,798.89,805.28,796.86,803.69,30236.502,2025-07-31 04:00:00
1753948800000,803.69,814.8,799.15,800.59,66157.411,2025-07-31 08:00:00
1753963200000,800.59,801.27,787.4,799.79,63317.214,2025-07-31 12:00:00
1753977600000,799.79,814.0,793.75,796.18,83973.175,2025-07-31 16:00:00
1753992000000,796.18,798.76,781.38,783.14,53831.554,2025-07-31 20:00:00
1754006400000,783.13,795.4,774.68,783.88,81974.224,2025-08-01 00:00:00
1754020800000,783.88,784.18,770.16,773.6,61571.132,2025-08-01 04:00:00
1754035200000,773.59,773.59,762.84,771.55,75334.822,2025-08-01 08:00:00
1754049600000,771.54,775.98,756.0,763.96,77296.961,2025-08-01 12:00:00
1754064000000,763.95,767.9,754.0,761.25,45458.523,2025-08-01 16:00:00
1754078400000,761.26,762.73,744.69,757.08,52195.896,2025-08-01 20:00:00
1754092800000,757.08,768.64,755.47,764.29,26648.2,2025-08-02 00:00:00
1754107200000,764.3,770.11,750.0,758.93,49019.094,2025-08-02 04:00:00
1754121600000,758.93,759.34,750.75,756.29,23230.084,2025-08-02 08:00:00
1754136000000,756.28,756.28,741.3,743.22,27764.26,2025-08-02 12:00:00
1754150400000,743.21,750.04,734.25,737.31,58115.914,2025-08-02 16:00:00
1754164800000,737.31,745.23,732.36,736.42,24505.44,2025-08-02 20:00:00
1754179200000,736.43,744.71,730.01,744.09,34762.88,2025-08-03 00:00:00
1754193600000,744.09,749.09,741.37,748.06,18629.34,2025-08-03 04:00:00
1754208000000,748.07,753.71,746.41,748.44,26335.987,2025-08-03 08:00:00
1754222400000,748.44,751.33,745.57,748.62,22704.071,2025-08-03 12:00:00
1754236800000,748.62,755.53,747.2,752.8,24476.504,2025-08-03 16:00:00
1754251200000,752.79,754.6,750.37,751.21,15792.183,2025-08-03 20:00:00
1754265600000,751.21,759.01,750.47,754.04,27924.278,2025-08-04 00:00:00
1754280000000,754.04,758.06,752.1,757.11,16312.219,2025-08-04 04:00:00
1754294400000,757.11,760.25,754.65,755.36,25852.58,2025-08-04 08:00:00
1754308800000,755.36,765.84,755.06,760.44,50891.014,2025-08-04 12:00:00
1754323200000,760.44,769.7,760.0,760.99,29395.442,2025-08-04 16:00:00
1754337600000,761.0,770.0,760.2,768.63,21129.873,2025-08-04 20:00:00
1754352000000,768.62,769.79,760.35,760.77,19067.168,2025-08-05 00:00:00
1754366400000,760.78,767.06,755.15,757.44,25607.952,2025-08-05 04:00:00
1754380800000,757.43,766.23,755.56,765.21,25971.336,2025-08-05 08:00:00
1754395200000,765.2,765.57,746.15,748.96,54303.864,2025-08-05 12:00:00
1754409600000,748.96,754.19,747.21,748.36,31375.979,2025-08-05 16:00:00
1754424000000,748.35,756.27,745.11,755.13,23132.661,2025-08-05 20:00:00
1754438400000,755.13,756.03,746.26,748.65,20541.887,2025-08-06 00:00:00
1754452800000,748.65,763.43,747.33,763.1,29448.366,2025-08-06 04:00:00
1754467200000,763.1,764.9,758.82,762.11,25845.888,2025-08-06 08:00:00
1754481600000,762.12,769.67,757.74,769.22,36888.443,2025-08-06 12:00:00
1754496000000,769.22,774.84,765.75,773.2,32829.672,2025-08-06 16:00:00
1754510400000,773.2,773.34,767.84,769.55,18130.454,2025-08-06 20:00:00
1754524800000,769.55,774.6,765.86,766.48,18736.665,2025-08-07 00:00:00
1754539200000,766.47,769.51,765.0,768.05,33447.529,2025-08-07 04:00:00
1754553600000,768.05,779.67,764.17,776.95,47216.676,2025-08-07 08:00:00
1754568000000,776.96,777.9,770.38,775.66,31634.606,2025-08-07 12:00:00
1754582400000,775.65,780.75,768.02,780.66,23980.139,2025-08-07 16:00:00
1754596800000,780.66,788.68,780.2,788.67,33091.187,2025-08-07 20:00:00
1754611200000,788.67,793.0,780.74,786.48,55057.783,2025-08-08 00:00:00
1754625600000,786.48,791.67,784.08,789.67,22564.029,2025-08-08 04:00:00
1754640000000,789.66,790.81,784.03,789.22,25610.536,2025-08-08 08:00:00
1754654400000,789.23,796.77,781.7,784.96,44579.193,2025-08-08 12:00:00
1754668800000,784.96,796.48,784.54,795.46,27311.648,2025-08-08 16:00:00
1754683200000,795.47,798.5,791.9,793.5,20186.529,2025-08-08 20:00:00
1754697600000,793.5,797.6,792.81,797.11,16944.755,2025-08-09 00:00:00
1754712000000,797.12,810.0,796.82,809.5,49398.516,2025-08-09 04:00:00
1754726400000,809.51,819.44,805.91,811.59,47969.217,2025-08-09 08:00:00
1754740800000,811.6,815.5,804.79,806.47,33806.542,2025-08-09 12:00:00
1754755200000,806.48,809.15,802.88,804.73,25089.415,2025-08-09 16:00:00
1754769600000,804.72,807.72,797.9,798.83,29176.308,2025-08-09 20:00:00
1754784000000,798.83,813.11,798.83,811.21,36944.015,2025-08-10 00:00:00
1754798400000,811.21,815.5,798.25,799.29,35262.076,2025-08-10 04:00:00
1754812800000,799.3,804.69,793.68,798.98,27870.349,2025-08-10 08:00:00
1754827200000,798.97,803.79,795.33,802.09,24782.18,2025-08-10 12:00:00
1754841600000,802.08,805.22,800.38,803.0,15260.013,2025-08-10 16:00:00
1754856000000,803.0,807.33,799.2,807.22,22616.67,2025-08-10 20:00:00
1754870400000,807.22,827.59,806.12,821.19,73482.701,2025-08-11 00:00:00
1754884800000,821.19,824.57,809.77,811.82,49936.331,2025-08-11 04:00:00
1754899200000,811.81,816.59,794.0,796.23,50574.442,2025-08-11 08:00:00
1754913600000,796.22,807.5,792.0,807.43,65626.457,2025-08-11 12:00:00
1754928000000,807.42,812.41,801.14,806.32,45623.169,2025-08-11 16:00:00
1754942400000,806.32,810.99,797.56,805.09,30977.472,2025-08-11 20:00:00
1754956800000,805.09,815.0,803.79,808.38,28422.351,2025-08-12 00:00:00
1754971200000,808.38,813.38,803.22,807.89,25185.47,2025-08-12 04:00:00
1754985600000,807.9,809.01,797.73,803.19,33020.569,2025-08-12 08:00:00
1755000000000,803.19,820.78,800.0,820.68,75872.143,2025-08-12 12:00:00
1755014400000,820.69,832.76,820.68,831.76,60361.389,2025-08-12 16:00:00
1755028800000,831.76,839.9,830.6,832.47,45900.337,2025-08-12 20:00:00
1755043200000,832.48,840.79,828.23,836.3,46002.948,2025-08-13 00:00:00
1755057600000,836.31,854.44,831.75,846.74,119088.769,2025-08-13 04:00:00
1755072000000,846.73,858.48,844.52,854.89,79824.161,2025-08-13 08:00:00
1755086400000,854.89,858.89,838.72,841.44,89164.989,2025-08-13 12:00:00
1755100800000,841.44,848.61,837.56,845.21,33960.866,2025-08-13 16:00:00
1755115200000,845.21,850.0,840.0,848.01,27819.58,2025-08-13 20:00:00
1755129600000,848.02,857.0,843.57,855.11,54935.186,2025-08-14 00:00:00
1755144000000,855.11,865.68,850.0,858.01,119205.7473,2025-08-14 04:00:00
1755158400000,858.01,869.4,855.71,862.23,88374.449,2025-08-14 08:00:00
1755172800000,862.23,865.5,820.6,846.97,216344.857,2025-08-14 12:00:00
1755187200000,846.97,848.06,828.0,838.12,78081.932,2025-08-14 16:00:00
1755201600000,838.11,842.94,824.8,840.42,35714.808,2025-08-14 20:00:00
1755216000000,840.42,849.3,833.6,848.59,38734.403,2025-08-15 00:00:00
1755230400000,848.58,853.53,845.22,848.07,34340.052,2025-08-15 04:00:00
1755244800000,848.06,852.64,841.26,843.73,28626.793,2025-08-15 08:00:00
1755259200000,843.72,847.56,815.52,818.65,89314.348,2025-08-15 12:00:00
1755273600000,818.65,826.0,812.57,820.71,36839.291,2025-08-15 16:00:00
1755288000000,820.71,832.0,819.2,827.81,24236.221,2025-08-15 20:00:00
1755302400000,827.8,836.72,826.0,831.8,26501.168,2025-08-16 00:00:00
1755316800000,831.8,837.0,830.26,835.4,19022.631,2025-08-16 04:00:00
1755331200000,835.4,836.29,826.23,826.45,25883.23,2025-08-16 08:00:00
1755345600000,826.46,835.48,825.06,831.67,20405.892,2025-08-16 12:00:00
1755360000000,831.68,836.32,831.2,834.41,11114.293,2025-08-16 16:00:00
1755374400000,834.41,839.79,833.5,838.71,11584.886,2025-08-16 20:00:00
1755388800000,838.71,851.41,838.04,844.57,36824.375,2025-08-17 00:00:00
1755403200000,844.56,855.68,844.51,854.22,27836.608,2025-08-17 04:00:00
1755417600000,854.21,864.0,851.65,861.55,37805.39,2025-08-17 08:00:00
1755432000000,861.56,862.16,855.2,860.03,23814.401,2025-08-17 12:00:00
1755446400000,860.03,861.34,848.46,851.12,23325.044,2025-08-17 16:00:00
1755460800000,851.13,858.94,850.59,855.38,15348.038,2025-08-17 20:00:00
1755475200000,855.38,858.51,831.7,835.71,67472.906,2025-08-18 00:00:00
1755489600000,835.7,839.92,825.0,830.22,47143.955,2025-08-18 04:00:00
1755504000000,830.21,837.51,828.5,831.55,44770.022,2025-08-18 08:00:00
1755518400000,831.54,842.39,830.57,841.85,38747.177,2025-08-18 12:00:00
1755532800000,841.84,848.11,838.35,844.9,18123.887,2025-08-18 16:00:00
1755547200000,844.91,855.84,842.62,846.99,17483.656,2025-08-18 20:00:00
1755561600000,847.0,851.95,840.06,842.01,37771.248,2025-08-19 00:00:00
1755576000000,842.0,849.82,834.98,838.34,39912.149,2025-08-19 04:00:00
1755590400000,838.35,848.38,835.9,846.46,22285.201,2025-08-19 08:00:00
1755604800000,846.46,847.85,829.55,832.19,55132.418,2025-08-19 12:00:00
1755619200000,832.2,835.23,825.01,832.88,31133.211,2025-08-19 16:00:00
1755633600000,832.89,837.11,823.0,824.11,25567.799,2025-08-19 20:00:00
1755648000000,824.1,837.11,818.57,836.55,46073.271,2025-08-20 00:00:00
1755662400000,836.55,837.32,832.42,834.35,23243.211,2025-08-20 04:00:00
1755676800000,834.36,834.79,826.18,831.03,52321.668,2025-08-20 08:00:00
1755691200000,831.03,837.32,818.88,832.83,60435.498,2025-08-20 12:00:00
1755705600000,832.84,869.99,832.84,869.11,114362.238,2025-08-20 16:00:00
1755720000000,869.11,881.02,866.6,869.05,95723.9755,2025-08-20 20:00:00
1755734400000,869.05,883.86,866.11,866.21,60780.07,2025-08-21 00:00:00
1755748800000,866.21,866.59,858.03,862.48,43401.212,2025-08-21 04:00:00
1755763200000,862.48,864.34,849.02,851.24,73781.072,2025-08-21 08:00:00
1755777600000,851.24,856.88,841.1,841.85,51684.426,2025-08-21 12:00:00
1755792000000,841.84,844.68,834.52,836.4,28044.739,2025-08-21 16:00:00
1755806400000,836.4,842.83,833.46,839.49,20198.157,2025-08-21 20:00:00
1755820800000,839.49,853.34,839.23,845.69,35016.989,2025-08-22 00:00:00
1755835200000,845.7,854.45,845.66,851.02,28211.276,2025-08-22 04:00:00
1755849600000,851.02,855.18,844.24,848.99,41734.98,2025-08-22 08:00:00
1755864000000,849.0,882.0,842.7,876.22,158096.845,2025-08-22 12:00:00
1755878400000,876.22,898.54,876.22,894.6,108556.4899,2025-08-22 16:00:00
1755892800000,894.6,900.71,892.66,900.21,59225.9518,2025-08-22 20:00:00
1755907200000,900.2,900.21,875.71,882.78,52437.479,2025-08-23 00:00:00
1755921600000,882.77,893.23,882.57,887.32,32995.138,2025-08-23 04:00:00
1755936000000,887.33,897.11,884.3,888.41,46528.819,2025-08-23 08:00:00
1755950400000,888.42,894.12,885.32,888.64,28201.236,2025-08-23 12:00:00
1755964800000,888.64,889.77,879.1,883.38,23433.287,2025-08-23 16:00:00
1755979200000,883.37,883.93,875.55,880.42,25683.913,2025-08-23 20:00:00
1755993600000,880.42,886.66,874.51,878.64,43485.119,2025-08-24 00:00:00
1756008000000,878.64,882.22,870.24,870.36,35675.958,2025-08-24 04:00:00
1756022400000,870.36,872.06,860.49,861.5,45819.783,2025-08-24 08:00:00
1756036800000,861.49,872.37,860.0,867.43,43458.466,2025-08-24 12:00:00
1756051200000,867.43,883.46,859.34,869.52,76461.487,2025-08-24 16:00:00
1756065600000,869.51,880.24,860.35,876.51,44591.504,2025-08-24 20:00:00
1756080000000,876.51,880.75,865.73,876.2,38047.329,2025-08-25 00:00:00
1756094400000,876.2,880.0,857.0,858.54,57331.141,2025-08-25 04:00:00
1756108800000,858.53,864.0,850.58,854.52,45646.372,2025-08-25 08:00:00
1756123200000,854.53,871.72,854.0,863.52,55229.039,2025-08-25 12:00:00
1756137600000,863.52,870.25,853.08,853.88,37173.187,2025-08-25 16:00:00
1756152000000,853.88,857.5,832.76,839.32,87143.087,2025-08-25 20:00:00
1756166400000,839.32,849.71,829.59,844.58,61840.22,2025-08-26 00:00:00
1756180800000,844.58,847.7,839.16,842.73,26455.298,2025-08-26 04:00:00
1756195200000,842.72,845.1,839.39,841.7,18556.744,2025-08-26 08:00:00
1756209600000,841.7,853.84,839.0,849.67,48355.717,2025-08-26 12:00:00
1756224000000,849.67,861.13,849.25,860.72,22227.761,2025-08-26 16:00:00
1756238400000,860.72,868.0,859.83,863.7,17446.349,2025-08-26 20:00:00
1756252800000,863.7,864.5,857.35,862.13,21207.325,2025-08-27 00:00:00
1756267200000,862.14,866.84,856.4,857.32,18630.449,2025-08-27 04:00:00
1756281600000,857.33,860.0,852.9,859.31,19487.753,2025-08-27 08:00:00
1756296000000,859.31,866.0,856.08,864.83,29052.439,2025-08-27 12:00:00
1756310400000,864.83,867.1,858.5,860.71,16237.627,2025-08-27 16:00:00
1756324800000,860.71,865.86,854.02,855.18,30627.864,2025-08-27 20:00:00
1756339200000,855.18,865.0,850.85,864.32,36674.104,2025-08-28 00:00:00
1756353600000,864.32,872.81,862.91,869.25,31544.021,2025-08-28 04:00:00
1756368000000,869.25,874.37,865.25,874.27,26776.633,2025-08-28 08:00:00
1756382400000,874.27,879.32,866.56,869.67,67114.636,2025-08-28 12:00:00
1756396800000,869.66,881.36,863.48,868.69,56841.695,2025-08-28 16:00:00
1756411200000,868.69,877.15,868.0,873.47,13463.833,2025-08-28 20:00:00
1756425600000,873.48,878.0,872.03,873.25,22714.035,2025-08-29 00:00:00
1756440000000,873.25,873.77,856.0,857.2,35868.333,2025-08-29 04:00:00
1756454400000,857.19,860.61,850.19,854.61,31235.981,2025-08-29 08:00:00
1756468800000,854.62,865.32,852.13,858.32,50236.919,2025-08-29 12:00:00
1756483200000,858.32,861.03,852.86,858.27,26234.61,2025-08-29 16:00:00
1756497600000,858.27,864.0,853.28,862.3,14234.341,2025-08-29 20:00:00
1756512000000,862.3,862.32,852.27,860.48,24175.286,2025-08-30 00:00:00
1756526400000,860.48,862.36,857.14,860.35,15472.162,2025-08-30 04:00:00
1756540800000,860.36,861.36,858.15,860.3,11506.281,2025-08-30 08:00:00
1756555200000,860.3,860.37,851.61,859.2,24383.645,2025-08-30 12:00:00
1756569600000,859.2,859.29,856.25,858.95,13423.061,2025-08-30 16:00:00
1756584000000,858.95,864.0,857.06,862.0,12079.546,2025-08-30 20:00:00
1756598400000,862.0,864.5,859.39,863.12,16840.4,2025-08-31 00:00:00
1756612800000,863.11,863.31,857.91,858.6,15400.108,2025-08-31 04:00:00
1756627200000,858.6,861.4,857.0,860.07,15982.637,2025-08-31 08:00:00
1756641600000,860.06,862.12,859.11,861.91,13222.737,2025-08-31 12:00:00
1756656000000,861.91,867.19,861.2,864.77,18948.324,2025-08-31 16:00:00
1756670400000,864.78,867.7,857.26,857.65,13846.987,2025-08-31 20:00:00
1756684800000,857.66,866.01,853.77,856.58,38495.028,2025-09-01 00:00:00
1756699200000,856.57,867.24,849.37,865.56,44378.483,2025-09-01 04:00:00
1756713600000,865.57,869.15,851.0,852.2,68695.145,2025-09-01 08:00:00
1756728000000,852.2,855.18,844.22,847.2,43584.894,2025-09-01 12:00:00
1756742400000,847.19,849.4,843.82,849.38,19938.335,2025-09-01 16:00:00
1756756800000,849.39,849.44,840.0,845.68,39093.83,2025-09-01 20:00:00
1756771200000,845.68,854.28,843.29,852.4,24955.498,2025-09-02 00:00:00
1756785600000,852.41,855.81,850.61,855.2,22297.79,2025-09-02 04:00:00
1756800000000,855.2,856.68,846.72,847.71,41697.827,2025-09-02 08:00:00
1756814400000,847.7,852.58,840.71,846.84,46499.766,2025-09-02 12:00:00
1756828800000,846.84,851.35,845.72,849.84,17232.703,2025-09-02 16:00:00
1756843200000,849.84,853.96,849.4,851.8,11649.585,2025-09-02 20:00:00
1756857600000,851.8,854.0,848.91,851.57,14919.134,2025-09-03 00:00:00
1756872000000,851.56,854.69,849.45,854.65,12887.191,2025-09-03 04:00:00
1756886400000,854.64,855.21,852.07,854.01,15085.426,2025-09-03 08:00:00
1756900800000,854.01,864.06,852.1,860.31,36894.03,2025-09-03 12:00:00
1756915200000,860.3,862.36,856.62,857.01,19420.185,2025-09-03 16:00:00
1756929600000,857.01,857.22,852.4,854.76,17247.056,2025-09-03 20:00:00
1756944000000,854.76,856.72,848.01,848.68,16267.388,2025-09-04 00:00:00
1756958400000,848.68,849.74,844.36,847.71,22738.72,2025-09-04 04:00:00
1756972800000,847.7,849.84,847.0,847.78,17385.748,2025-09-04 08:00:00
1756987200000,847.78,849.79,842.81,844.26,23756.219,2025-09-04 12:00:00
1757001600000,844.25,846.75,841.1,843.53,17805.214,2025-09-04 16:00:00
1757016000000,843.54,849.73,843.24,843.63,10242.613,2025-09-04 20:00:00
1757030400000,843.62,847.75,842.22,845.78,11226.788,2025-09-05 00:00:00
1757044800000,845.78,851.17,843.61,850.68,17778.894,2025-09-05 04:00:00
1757059200000,850.67,851.0,847.53,850.9,14546.806,2025-09-05 08:00:00
1757073600000,850.89,857.73,844.71,848.81,56495.04,2025-09-05 12:00:00
1757088000000,848.81,851.65,848.44,850.96,10870.62,2025-09-05 16:00:00
1757102400000,850.96,852.53,848.5,850.14,9938.803,2025-09-05 20:00:00
1757116800000,850.14,859.61,849.55,858.2,23494.705,2025-09-06 00:00:00
1757131200000,858.2,859.96,855.99,859.42,23905.057,2025-09-06 04:00:00
1757145600000,859.42,862.0,856.43,861.07,38325.03,2025-09-06 08:00:00
1757160000000,861.07,865.0,858.95,859.51,29272.659,2025-09-06 12:00:00
1757174400000,859.52,861.74,857.49,857.79,19560.872,2025-09-06 16:00:00
1757188800000,857.8,863.29,856.59,860.85,9675.731,2025-09-06 20:00:00
1757203200000,860.86,868.25,860.55,866.12,24826.77,2025-09-07 00:00:00
1757217600000,866.12,868.0,864.65,867.64,17443.773,2025-09-07 04:00:00
1757232000000,867.64,874.44,867.31,873.64,29272.412,2025-09-07 08:00:00
1757246400000,873.63,875.48,869.51,874.68,23820.624,2025-09-07 12:00:00
1757260800000,874.68,876.6,872.4,875.28,17571.468,2025-09-07 16:00:00
1757275200000,875.28,884.05,873.3,880.05,23603.011,2025-09-07 20:00:00
1757289600000,880.05,885.85,877.77,882.14,42393.997,2025-09-08 00:00:00
1757304000000,882.15,882.4,871.66,874.18,33371.496,2025-09-08 04:00:00
1757318400000,874.19,879.37,870.01,878.72,34297.07,2025-09-08 08:00:00
1757332800000,878.72,882.92,877.2,880.18,32999.653,2025-09-08 12:00:00
1757347200000,880.18,882.16,876.1,877.63,20135.376,2025-09-08 16:00:00
1757361600000,877.64,882.56,877.03,878.08,14377.189,2025-09-08 20:00:00
1757376000000,878.08,879.98,872.0,875.14,23660.538,2025-09-09 00:00:00
1757390400000,875.13,884.45,874.1,881.12,27888.298,2025-09-09 04:00:00
1757404800000,881.13,884.83,880.21,880.22,20438.593,2025-09-09 08:00:00
1757419200000,880.22,882.29,871.38,873.35,39431.197,2025-09-09 12:00:00
1757433600000,873.35,877.43,872.73,877.1,16043.943,2025-09-09 16:00:00
1757448000000,877.11,883.53,874.55,880.01,23147.461,2025-09-09 20:00:00
1757462400000,880.0,882.6,877.04,880.4,20113.735,2025-09-10 00:00:00
1757476800000,880.4,885.76,878.82,883.43,29681.203,2025-09-10 04:00:00
1757491200000,883.43,885.2,881.06,884.68,25531.521,2025-09-10 08:00:00
1757505600000,884.67,907.38,884.36,895.5,163317.708,2025-09-10 12:00:00
1757520000000,895.5,899.55,888.66,890.79,44603.929,2025-09-10 16:00:00
1757534400000,890.79,895.24,888.33,893.77,23582.082,2025-09-10 20:00:00
1757548800000,893.77,895.16,888.38,894.55,23770.005,2025-09-11 00:00:00
1757563200000,894.55,898.56,892.6,896.58,24245.219,2025-09-11 04:00:00
1757577600000,896.57,902.37,894.89,899.07,33249.078,2025-09-11 08:00:00
1757592000000,899.08,904.53,891.27,893.31,64251.906,2025-09-11 12:00:00
1757606400000,893.31,897.92,893.3,896.81,14304.576,2025-09-11 16:00:00
1757620800000,896.81,903.67,895.33,902.77,20092.398,2025-09-11 20:00:00
1757635200000,902.77,908.93,901.41,904.7,31513.714,2025-09-12 00:00:00
1757649600000,904.69,909.69,903.14,903.45,38243.545,2025-09-12 04:00:00
1757664000000,903.45,909.51,902.34,905.44,35782.138,2025-09-12 08:00:00
1757678400000,905.45,909.88,904.0,907.01,28142.873,2025-09-12 12:00:00
1757692800000,907.01,925.78,906.96,924.2,72437.6847,2025-09-12 16:00:00
1757707200000,924.19,929.9,922.16,924.8,34147.9825,2025-09-12 20:00:00
1757721600000,924.81,929.33,923.64,927.73,32172.496,2025-09-13 00:00:00
1757736000000,927.72,927.98,924.0,925.29,22070.107,2025-09-13 04:00:00
1757750400000,925.29,943.46,924.27,941.16,71804.3044,2025-09-13 08:00:00
1757764800000,941.16,943.86,931.6,936.59,54943.383,2025-09-13 12:00:00
1757779200000,936.6,937.98,922.11,930.14,53094.681,2025-09-13 16:00:00
1757793600000,930.14,934.35,928.56,933.68,17666.261,2025-09-13 20:00:00
1757808000000,933.68,938.12,929.34,931.06,25395.771,2025-09-14 00:00:00
1757822400000,931.05,944.95,927.8,937.47,36397.915,2025-09-14 04:00:00
1757836800000,937.48,941.39,930.99,931.64,22162.806,2025-09-14 08:00:00
1757851200000,931.65,936.68,921.91,924.3,41906.109,2025-09-14 12:00:00
1757865600000,924.31,929.05,923.1,927.59,19817.797,2025-09-14 16:00:00
1757880000000,927.58,934.19,925.24,926.51,14134.577,2025-09-14 20:00:00
1757894400000,926.51,932.95,922.0,932.31,26678.766,2025-09-15 00:00:00
1757908800000,932.31,935.72,922.28,923.43,31089.259,2025-09-15 04:00:00
1757923200000,923.42,923.42,910.64,920.12,52159.528,2025-09-15 08:00:00
1757937600000,920.11,923.16,912.27,916.5,42106.257,2025-09-15 12:00:00
1757952000000,916.51,922.08,912.73,919.5,15446.201,2025-09-15 16:00:00
1757966400000,919.5,922.4,918.24,919.68,7769.076,2025-09-15 20:00:00
1757980800000,919.68,922.68,916.66,921.16,14974.101,2025-09-16 00:00:00
1757995200000,921.15,932.36,916.77,930.89,46290.786,2025-09-16 04:00:00
1758009600000,930.9,933.55,924.81,927.48,26409.801,2025-09-16 08:00:00
1758024000000,927.49,937.89,921.94,937.64,53458.32,2025-09-16 12:00:00
1758038400000,937.64,957.17,932.49,954.66,106691.2545,2025-09-16 16:00:00
1758052800000,954.65,959.0,953.28,955.65,37094.576,2025-09-16 20:00:00
1758067200000,955.65,963.0,954.31,957.0,55393.4275,2025-09-17 00:00:00
1758081600000,957.0,959.28,946.69,954.7,48216.698,2025-09-17 04:00:00
1758096000000,954.7,957.19,951.16,953.24,32488.46,2025-09-17 08:00:00
1758110400000,953.25,954.81,947.11,951.15,32893.53,2025-09-17 12:00:00
1758124800000,951.14,962.68,946.1,956.46,71349.018,2025-09-17 16:00:00
1758139200000,956.46,995.44,951.7,989.98,121852.0623,2025-09-17 20:00:00
1758153600000,989.97,997.0,982.75,995.52,71209.241,2025-09-18 00:00:00
1758168000000,995.52,999.72,987.14,998.22,69176.966,2025-09-18 04:00:00
1758182400000,998.23,1006.88,990.48,991.71,137415.4047,2025-09-18 08:00:00
1758196800000,991.72,998.89,990.8,993.45,50020.893,2025-09-18 12:00:00
1758211200000,993.44,995.48,985.6,988.01,42804.842,2025-09-18 16:00:00
1758225600000,988.0,989.03,979.48,981.04,32045.215,2025-09-18 20:00:00
1758240000000,981.05,988.67,980.7,984.96,40855.712,2025-09-19 00:00:00
1758254400000,984.96,997.7,982.12,994.76,84339.996,2025-09-19 04:00:00
1758268800000,994.75,1002.99,984.64,985.75,89119.718,2025-09-19 08:00:00
1758283200000,985.74,992.41,973.9,982.64,65298.09,2025-09-19 12:00:00
1758297600000,982.63,985.2,975.0,978.3,31629.685,2025-09-19 16:00:00
1758312000000,978.3,985.45,977.15,984.1,22339.56,2025-09-19 20:00:00
1758326400000,984.1,993.11,982.9,991.61,35618.362,2025-09-20 00:00:00
1758340800000,991.61,1001.65,990.79,999.46,38784.865,2025-09-20 04:00:00
1758355200000,999.48,1005.32,993.79,1001.77,63509.079,2025-09-20 08:00:00
1758369600000,1001.77,1028.01,998.51,1021.1,102856.8666,2025-09-20 12:00:00
1758384000000,1021.09,1029.12,1017.0,1019.16,68296.109,2025-09-20 16:00:00
1758398400000,1019.15,1048.0,1018.23,1043.77,71900.795,2025-09-20 20:00:00
1758412800000,1043.77,1083.47,1039.41,1069.46,169396.9373,2025-09-21 00:00:00
1758427200000,1069.46,1080.79,1058.91,1073.73,74833.267,2025-09-21 04:00:00
1758441600000,1073.73,1075.25,1050.32,1051.11,77528.058,2025-09-21 08:00:00
1758456000000,1051.12,1057.97,1044.0,1056.31,54942.037,2025-09-21 12:00:00
1758470400000,1056.32,1058.0,1039.2,1047.85,52106.523,2025-09-21 16:00:00
1758484800000,1047.85,1054.99,1040.98,1047.8,35604.46,2025-09-21 20:00:00
1758499200000,1047.8,1050.55,1024.86,1029.95,106198.084,2025-09-22 00:00:00
1758513600000,1029.94,1038.37,993.31,1023.76,166170.306,2025-09-22 04:00:00
1758528000000,1023.75,1035.81,1012.52,1018.36,76916.756,2025-09-22 08:00:00
1758542400000,1018.36,1027.82,993.9,997.61,106609.258,2025-09-22 12:00:00
1758556800000,997.61,998.3,976.89,981.04,96553.511,2025-09-22 16:00:00
1758571200000,981.03,997.68,978.6,992.9,36282.481,2025-09-22 20:00:00
1758585600000,992.9,997.4,962.38,982.49,78563.247,2025-09-23 00:00:00
1758600000000,982.49,1007.67,976.48,1001.69,86768.979,2025-09-23 04:00:00
1758614400000,1001.7,1020.0,997.0,1010.75,74614.554,2025-09-23 08:00:00
1758628800000,1010.74,1026.47,1008.87,1022.67,101516.673,2025-09-23 12:00:00
1758643200000,1022.68,1027.37,1006.11,1009.25,55433.724,2025-09-23 16:00:00
1758657600000,1009.25,1021.0,1008.32,1015.98,23173.893,2025-09-23 20:00:00
1758672000000,1015.98,1026.79,1002.01,1002.56,64226.849,2025-09-24 00:00:00
1758686400000,1002.56,1019.1,991.46,1018.08,67852.559,2025-09-24 04:00:00
1758700800000,1018.09,1034.5,1012.5,1015.99,103521.23,2025-09-24 08:00:00
1758715200000,1016.0,1021.17,1003.35,1009.2,70584.063,2025-09-24 12:00:00
1758729600000,1009.2,1019.63,1007.93,1015.65,33864.301,2025-09-24 16:00:00
1758744000000,1015.64,1019.85,1012.0,1018.49,23000.88,2025-09-24 20:00:00
1758758400000,1018.49,1019.9,995.14,999.41,79262.967,2025-09-25 00:00:00
1758772800000,999.41,1000.0,985.6,992.0,73838.493,2025-09-25 04:00:00
1758787200000,991.99,996.34,981.03,986.09,46118.657,2025-09-25 08:00:00
1758801600000,986.09,1000.39,980.0,995.3,90665.509,2025-09-25 12:00:00
1758816000000,995.29,997.26,949.0,958.65,272918.647,2025-09-25 16:00:00
1758830400000,958.65,961.12,939.55,945.9,72316.981,2025-09-25 20:00:00
1758844800000,945.9,959.0,941.03,945.61,76189.935,2025-09-26 00:00:00
1758859200000,945.6,949.98,936.0,949.46,59032.292,2025-09-26 04:00:00
1758873600000,949.46,951.12,932.04,937.29,76377.262,2025-09-26 08:00:00
1758888000000,937.3,951.87,932.01,942.42,82011.852,2025-09-26 12:00:00
1758902400000,942.42,966.23,941.41,954.81,67389.841,2025-09-26 16:00:00
1758916800000,954.81,960.85,951.52,960.8,23756.332,2025-09-26 20:00:00
1758931200000,960.81,967.47,955.56,966.41,33563.663,2025-09-27 00:00:00
1758945600000,966.4,974.01,965.23,972.29,48622.329,2025-09-27 04:00:00
1758960000000,972.28,975.13,964.95,970.41,42953.596,2025-09-27 08:00:00
1758974400000,970.41,985.79,968.39,976.23,54658.081,2025-09-27 12:00:00
1758988800000,976.23,976.98,965.0,969.61,27722.967,2025-09-27 16:00:00
1759003200000,969.6,978.0,967.2,968.45,37725.779,2025-09-27 20:00:00
1759017600000,968.46,974.93,965.38,974.25,35713.355,2025-09-28 00:00:00
1759032000000,974.25,975.26,968.6,969.5,21753.807,2025-09-28 04:00:00
1759046400000,969.49,973.23,962.68,973.22,39881.415,2025-09-28 08:00:00
1759060800000,973.23,979.26,966.31,976.0,36095.463,2025-09-28 12:00:00
1759075200000,976.0,980.55,975.53,978.22,22129.608,2025-09-28 16:00:00
1759089600000,978.23,993.65,977.8,993.01,32912.832,2025-09-28 20:00:00
1759104000000,993.01,1011.41,991.12,1010.26,45752.513,2025-09-29 00:00:00
1759118400000,1010.26,1013.73,1005.44,1009.87,35406.568,2025-09-29 04:00:00
1759132800000,1009.86,1012.75,1002.11,1004.94,51138.304,2025-09-29 08:00:00
1759147200000,1004.94,1023.16,1000.0,1011.08,80902.15,2025-09-29 12:00:00
1759161600000,1011.07,1021.31,1003.53,1020.23,39148.102,2025-09-29 16:00:00
1759176000000,1020.23,1036.0,1019.02,1029.79,39634.863,2025-09-29 20:00:00
1759190400000,1029.79,1034.01,1020.87,1023.2,35681.851,2025-09-30 00:00:00
1759204800000,1023.19,1027.98,1016.76,1020.13,38610.655,2025-09-30 04:00:00
1759219200000,1020.12,1021.65,1003.13,1014.36,75809.647,2025-09-30 08:00:00
1759233600000,1014.36,1014.66,992.93,998.19,58527.453,2025-09-30 12:00:00
1759248000000,998.2,1009.49,996.78,1007.29,30285.098,2025-09-30 16:00:00
1759262400000,1007.29,1010.5,1001.3,1008.51,19916.267,2025-09-30 20:00:00
1759276800000,1008.51,1016.0,1003.35,1004.81,33219.802,2025-10-01 00:00:00
1759291200000,1004.8,1013.32,1004.54,1010.03,26583.993,2025-10-01 04:00:00
1759305600000,1010.03,1036.2,1009.5,1023.42,85163.799,2025-10-01 08:00:00
1759320000000,1023.42,1028.6,1015.24,1019.31,64011.555,2025-10-01 12:00:00
1759334400000,1019.32,1025.36,1016.49,1019.7,34979.889,2025-10-01 16:00:00
1759348800000,1019.71,1026.59,1017.46,1026.5,25048.773,2025-10-01 20:00:00
1759363200000,1026.5,1037.6,1022.01,1031.04,57301.513,2025-10-02 00:00:00
1759377600000,1031.04,1041.18,1026.93,1036.1,41695.27,2025-10-02 04:00:00
1759392000000,1036.11,1050.0,1033.61,1047.81,43389.383,2025-10-02 08:00:00
1759406400000,1047.81,1063.45,1041.09,1055.68,94596.817,2025-10-02 12:00:00
1759420800000,1055.68,1076.71,1054.96,1073.81,54374.442,2025-10-02 16:00:00
1759435200000,1073.82,1099.22,1073.01,1090.22,89322.02,2025-10-02 20:00:00
1759449600000,1090.22,1112.57,1084.02,1108.0,108032.2594,2025-10-03 00:00:00
1759464000000,1107.99,1112.68,1084.66,1086.24,88059.094,2025-10-03 04:00:00
1759478400000,1086.25,1114.95,1083.84,1106.39,78824.281,2025-10-03 08:00:00
1759492800000,1106.4,1168.0,1102.48,1165.3,204171.5253,2025-10-03 12:00:00
1759507200000,1165.3,1178.65,1120.1,1170.39,172839.5583,2025-10-03 16:00:00
1759521600000,1170.39,1192.42,1164.82,1189.4,93070.0026,2025-10-03 20:00:00
1759536000000,1189.4,1190.47,1164.0,1170.39,75136.165,2025-10-04 00:00:00
1759550400000,1170.39,1182.39,1165.15,1166.82,48231.612,2025-10-04 04:00:00
1759564800000,1166.82,1168.86,1145.0,1151.69,62960.971,2025-10-04 08:00:00
1759579200000,1151.69,1154.18,1139.77,1144.44,56232.377,2025-10-04 12:00:00
1759593600000,1144.42,1158.52,1134.93,1146.99,58361.665,2025-10-04 16:00:00
1759608000000,1146.98,1156.35,1144.44,1150.75,36515.719,2025-10-04 20:00:00
1759622400000,1150.75,1169.55,1143.14,1163.22,61516.806,2025-10-05 00:00:00
1759636800000,1163.23,1189.0,1163.09,1178.03,82710.947,2025-10-05 04:00:00
1759651200000,1178.02,1180.17,1153.84,1167.85,62843.658,2025-10-05 08:00:00
1759665600000,1167.85,1171.2,1156.99,1158.57,38162.867,2025-10-05 12:00:00
1759680000000,1158.57,1169.73,1148.25,1149.82,34864.244,2025-10-05 16:00:00
1759694400000,1149.82,1167.38,1147.84,1167.38,26631.656,2025-10-05 20:00:00
1759708800000,1167.38,1183.99,1161.85,1182.33,64919.483,2025-10-06 00:00:00
1759723200000,1182.32,1223.9,1178.51,1198.26,158776.3162,2025-10-06 04:00:00
1759737600000,1198.26,1222.71,1198.26,1222.19,82124.588,2025-10-06 08:00:00
1759752000000,1222.19,1239.94,1209.22,1221.5,152394.0799,2025-10-06 12:00:00
1759766400000,1221.49,1227.85,1213.91,1225.53,82318.28,2025-10-06 16:00:00
1759780800000,1225.52,1230.44,1218.01,1223.19,46944.813,2025-10-06 20:00:00
1759795200000,1223.17,1229.56,1204.61,1223.34,70710.701,2025-10-07 00:00:00
1759809600000,1223.35,1263.99,1220.43,1250.04,174258.4373,2025-10-07 04:00:00
1759824000000,1250.04,1317.45,1232.72,1313.15,274708.5309,2025-10-07 08:00:00
1759838400000,1313.14,1349.99,1260.68,1280.97,512769.6155,2025-10-07 12:00:00
1759852800000,1280.96,1303.0,1265.4,1296.99,181510.933,2025-10-07 16:00:00
1759867200000,1296.98,1328.2,1295.5,1304.43,137720.271,2025-10-07 20:00:00
1759881600000,1304.43,1334.19,1271.04,1276.22,222864.968,2025-10-08 00:00:00
1759896000000,1276.22,1313.83,1264.32,1312.47,162548.119,2025-10-08 04:00:00
1759910400000,1312.47,1327.74,1302.56,1313.37,130370.492,2025-10-08 08:00:00
1759924800000,1313.37,1320.0,1285.0,1293.96,140909.05,2025-10-08 12:00:00
1759939200000,1293.96,1322.79,1289.0,1315.71,90690.224,2025-10-08 16:00:00
1759953600000,1315.71,1324.74,1295.0,1307.4,79172.27,2025-10-08 20:00:00
1759968000000,1307.4,1318.24,1252.92,1278.88,184507.711,2025-10-09 00:00:00
1759982400000,1278.88,1320.0,1272.31,1309.9,187386.523,2025-10-09 04:00:00
1759996800000,1309.89,1310.49,1267.67,1281.23,175999.44,2025-10-09 08:00:00
1760011200000,1281.22,1290.89,1227.32,1239.64,238890.708,2025-10-09 12:00:00
1760025600000,1239.65,1247.43,1224.38,1241.46,92773.4,2025-10-09 16:00:00
1760040000000,1241.47,1260.64,1239.97,1255.35,46069.822,2025-10-09 20:00:00
1760054400000,1255.35,1269.19,1244.1,1259.62,79559.491,2025-10-10 00:00:00
1760068800000,1259.62,1278.52,1258.04,1263.75,85038.533,2025-10-10 04:00:00
1760083200000,1263.76,1273.67,1245.81,1270.71,87016.806,2025-10-10 08:00:00
1760097600000,1270.72,1274.16,1205.23,1215.49,222145.968,2025-10-10 12:00:00
1760112000000,1215.49,1247.04,1210.06,1235.58,152593.862,2025-10-10 16:00:00
1760126400000,1235.58,1243.42,860.11,1102.47,878671.013,2025-10-10 20:00:00
1760140800000,1102.57,1143.33,1073.0,1128.42,346186.066,2025-10-11 00:00:00
1760155200000,1128.36,1140.0,1084.47,1094.02,179384.26,2025-10-11 04:00:00
1760169600000,1094.03,1140.11,1090.0,1129.79,147321.808,2025-10-11 08:00:00
1760184000000,1129.78,1158.28,1115.02,1142.71,119311.118,2025-10-11 12:00:00
1760198400000,1142.71,1182.76,1135.32,1141.14,147647.126,2025-10-11 16:00:00
1760212800000,1141.14,1147.64,1106.24,1135.07,111054.867,2025-10-11 20:00:00
1760227200000,1135.07,1137.97,1107.43,1121.3,99493.494,2025-10-12 00:00:00
1760241600000,1121.3,1170.39,1117.58,1160.83,99947.407,2025-10-12 04:00:00
1760256000000,1160.82,1231.0,1154.73,1230.12,253058.1,2025-10-12 08:00:00
1760270400000,1230.11,1307.98,1220.0,1302.29,375150.835,2025-10-12 12:00:00
1760284800000,1302.29,1312.31,1272.11,1296.19,234970.336,2025-10-12 16:00:00
1760299200000,1296.23,1319.8,1276.24,1302.65,142627.844,2025-10-12 20:00:00
1760313600000,1302.65,1322.0,1292.02,1296.29,151908.591,2025-10-13 00:00:00
1760328000000,1296.3,1353.55,1283.44,1343.95,275326.482,2025-10-13 04:00:00
1760342400000,1343.95,1375.11,1266.0,1294.2,564374.4789,2025-10-13 08:00:00
1760356800000,1294.2,1304.98,1251.28,1274.15,297319.01,2025-10-13 12:00:00
1760371200000,1274.15,1288.92,1261.61,1271.56,125665.688,2025-10-13 16:00:00
1760385600000,1271.56,1299.0,1271.46,1294.55,68482.722,2025-10-13 20:00:00
1760400000000,1294.54,1318.26,1271.28,1278.14,116224.342,2025-10-14 00:00:00
1760414400000,1278.14,1280.16,1179.4,1195.36,319672.236,2025-10-14 04:00:00
1760428800000,1195.35,1213.03,1164.6,1170.35,246725.858,2025-10-14 08:00:00
1760443200000,1170.35,1216.47,1143.01,1213.75,354133.669,2025-10-14 12:00:00
1760457600000,1213.76,1250.65,1191.66,1206.54,249098.11,2025-10-14 16:00:00
1760472000000,1206.55,1222.71,1203.45,1208.52,112805.567,2025-10-14 20:00:00
1760486400000,1208.55,1222.76,1199.79,1206.66,81399.732,2025-10-15 00:00:00
1760500800000,1206.66,1216.36,1176.14,1189.77,133311.337,2025-10-15 04:00:00
1760515200000,1189.76,1215.24,1177.14,1185.02,127909.681,2025-10-15 08:00:00
1760529600000,1185.01,1191.29,1164.5,1168.53,167214.152,2025-10-15 12:00:00
1760544000000,1168.54,1187.88,1156.13,1164.3,117871.206,2025-10-15 16:00:00
1760558400000,1164.3,1170.4,1148.92,1162.57,79621.639,2025-10-15 20:00:00
1760572800000,1162.57,1195.0,1158.69,1183.82,93924.651,2025-10-16 00:00:00
1760587200000,1183.83,1192.37,1173.87,1184.47,88770.421,2025-10-16 04:00:00
1760601600000,1184.48,1194.21,1170.11,1181.67,136912.269,2025-10-16 08:00:00
1760616000000,1181.68,1191.27,1132.36,1135.2,152233.155,2025-10-16 12:00:00
1760630400000,1135.2,1156.53,1122.31,1145.3,183547.639,2025-10-16 16:00:00
1760644800000,1145.31,1164.62,1141.29,1144.83,61438.362,2025-10-16 20:00:00
1760659200000,1144.83,1156.3,1137.42,1150.54,60190.929,2025-10-17 00:00:00
1760673600000,1150.54,1154.09,1059.53,1062.67,247556.486,2025-10-17 04:00:00
1760688000000,1062.68,1080.0,1021.0,1072.28,412436.785,2025-10-17 08:00:00
1760702400000,1072.28,1077.31,1046.99,1074.01,178906.177,2025-10-17 12:00:00
1760716800000,1074.01,1093.0,1063.21,1066.84,118370.016,2025-10-17 16:00:00
1760731200000,1066.85,1090.36,1064.56,1071.15,48761.378,2025-10-17 20:00:00
1760745600000,1071.15,1094.8,1069.41,1090.19,64988.882,2025-10-18 00:00:00
1760760000000,1090.18,1131.05,1080.08,1119.34,120645.623,2025-10-18 04:00:00
1760774400000,1119.33,1125.5,1096.48,1103.58,90196.171,2025-10-18 08:00:00
1760788800000,1103.59,1105.8,1082.7,1091.24,63752.634,2025-10-18 12:00:00
1760803200000,1091.24,1103.84,1081.67,1103.09,41039.024,2025-10-18 16:00:00
1760817600000,1103.08,1105.38,1083.8,1092.43,39374.183,2025-10-18 20:00:00
1760832000000,1092.42,1094.18,1077.0,1091.71,35912.744,2025-10-19 00:00:00
1760846400000,1091.72,1097.5,1081.92,1084.38,37769.692,2025-10-19 04:00:00
1760860800000,1084.39,1110.0,1068.04,1100.55,134768.661,2025-10-19 08:00:00
1760875200000,1100.55,1122.98,1091.27,1118.94,113855.833,2025-10-19 12:00:00
1760889600000,1118.94,1133.76,1115.43,1117.11,58143.795,2025-10-19 16:00:00
1760904000000,1117.11,1121.82,1107.6,1109.88,29536.847,2025-10-19 20:00:00
1760918400000,1109.88,1130.27,1088.19,1128.17,85423.794,2025-10-20 00:00:00
1760932800000,1128.17,1143.2,1121.27,1125.08,95828.533,2025-10-20 04:00:00
1760947200000,1125.07,1129.88,1109.84,1115.44,84104.74,2025-10-20 08:00:00
1760961600000,1115.45,1117.03,1099.49,1110.6,94546.764,2025-10-20 12:00:00
1760976000000,1110.61,1110.61,1088.33,1100.91,94453.306,2025-10-20 16:00:00
1760990400000,1100.91,1104.28,1092.56,1100.19,26953.918,2025-10-20 20:00:00
1761004800000,1100.2,1102.16,1077.0,1081.63,58595.071,2025-10-21 00:00:00
1761019200000,1081.62,1081.99,1062.0,1072.25,91129.277,2025-10-21 04:00:00
1761033600000,1072.24,1079.68,1065.61,1076.54,55340.994,2025-10-21 08:00:00
1761048000000,1076.54,1114.53,1068.39,1111.97,148101.162,2025-10-21 12:00:00
1761062400000,1111.96,1113.27,1080.27,1089.64,120738.189,2025-10-21 16:00:00
1761076800000,1089.65,1091.0,1052.46,1057.16,67619.808,2025-10-21 20:00:00
1761091200000,1057.16,1071.01,1053.57,1067.99,61299.868,2025-10-22 00:00:00
1761105600000,1067.99,1074.79,1061.5,1071.14,41920.445,2025-10-22 04:00:00
1761120000000,1071.13,1075.15,1058.85,1069.46,63159.291,2025-10-22 08:00:00
1761134400000,1069.46,1083.8,1065.61,1080.99,127027.728,2025-10-22 12:00:00
1761148800000,1080.99,1081.69,1063.42,1069.95,49580.465,2025-10-22 16:00:00
1761163200000,1069.96,1073.72,1053.25,1071.82,54261.265,2025-10-22 20:00:00
1761177600000,1071.83,1091.56,1071.83,1087.01,49571.647,2025-10-23 00:00:00
1761192000000,1087.02,1112.12,1083.17,1109.98,99130.765,2025-10-23 04:00:00
1761206400000,1109.97,1123.32,1092.93,1094.55,156289.93,2025-10-23 08:00:00
1761220800000,1094.55,1161.9,1076.54,1129.95,312482.035,2025-10-23 12:00:00
1761235200000,1129.95,1140.5,1107.37,1117.8,107023.923,2025-10-23 16:00:00
1761249600000,1117.81,1131.02,1111.04,1126.72,50448.418,2025-10-23 20:00:00
1761264000000,1126.71,1140.94,1126.55,1135.59,60710.45,2025-10-24 00:00:00
1761278400000,1135.58,1144.17,1121.8,1125.25,68616.622,2025-10-24 04:00:00
1761292800000,1125.24,1135.85,1120.27,1125.37,57386.315,2025-10-24 08:00:00
1761307200000,1125.37,1137.78,1103.04,1104.42,89359.286,2025-10-24 12:00:00
1761321600000,1104.41,1114.4,1097.39,1109.86,43459.543,2025-10-24 16:00:00
1761336000000,1109.86,1113.75,1106.76,1109.01,23180.426,2025-10-24 20:00:00
1761350400000,1109.0,1119.34,1100.96,1117.17,34662.276,2025-10-25 00:00:00
1761364800000,1117.17,1119.15,1110.69,1112.72,31058.85,2025-10-25 04:00:00
1761379200000,1112.71,1118.23,1110.0,1115.76,25075.142,2025-10-25 08:00:00
1761393600000,1115.76,1118.0,1105.0,1108.61,34193.458,2025-10-25 12:00:00
1761408000000,1108.61,1117.05,1107.68,1116.33,17217.97,2025-10-25 16:00:00
1761422400000,1116.34,1120.89,1112.87,1116.53,20508.887,2025-10-25 20:00:00
1761436800000,1116.53,1124.37,1114.48,1116.98,36032.509,2025-10-26 00:00:00
1761451200000,1116.98,1122.24,1116.02,1120.39,18055.535,2025-10-26 04:00:00
1761465600000,1120.39,1136.36,1120.38,1135.28,56712.958,2025-10-26 08:00:00
1761480000000,1135.39,1139.25,1126.77,1133.43,59874.88,2025-10-26 12:00:00
1761494400000,1133.42,1133.8,1123.18,1126.58,26654.804,2025-10-26 16:00:00
1761508800000,1126.58,1143.35,1123.05,1138.19,43608.859,2025-10-26 20:00:00
1761523200000,1138.19,1164.54,1136.96,1151.18,84946.356,2025-10-27 00:00:00
1761537600000,1151.18,1161.0,1135.76,1156.48,98162.814,2025-10-27 04:00:00
1761552000000,1156.49,1179.98,1147.32,1179.7,100883.129,2025-10-27 08:00:00
1761566400000,1179.69,1182.6,1131.44,1143.86,121087.152,2025-10-27 12:00:00
1761580800000,1143.85,1153.88,1142.1,1145.17,48955.773,2025-10-27 16:00:00
1761595200000,1145.18,1147.41,1132.85,1138.88,40432.471,2025-10-27 20:00:00
1761609600000,1138.88,1147.57,1131.5,1138.51,37933.716,2025-10-28 00:00:00
1761624000000,1138.52,1143.73,1121.14,1132.46,52016.823,2025-10-28 04:00:00
1761638400000,1132.46,1139.0,1130.1,1132.16,29953.118,2025-10-28 08:00:00
1761652800000,1132.16,1147.19,1127.0,1135.62,69244.871,2025-10-28 12:00:00
1761667200000,1135.62,1148.94,1126.61,1128.92,43005.894,2025-10-28 16:00:00
1761681600000,1128.92,1129.3,1074.0,1103.45,119424.748,2025-10-28 20:00:00
1761696000000,1103.45,1108.54,1098.33,1104.61,37471.065,2025-10-29 00:00:00
1761710400000,1104.6,1121.35,1103.92,1117.28,61162.476,2025-10-29 04:00:00
1761724800000,1117.29,1120.16,1110.68,1113.66,135891.142,2025-10-29 08:00:00
1761739200000,1113.67,1118.8,1096.0,1099.23,71454.854,2025-10-29 12:00:00
1761753600000,1099.24,1114.16,1082.59,1107.24,116790.481,2025-10-29 16:00:00
1761768000000,1107.24,1119.42,1103.4,1107.7,36943.478,2025-10-29 20:00:00
1761782400000,1107.7,1120.15,1104.47,1118.97,47837.444,2025-10-30 00:00:00
1761796800000,1118.97,1118.97,1090.0,1118.24,91731.404,2025-10-30 04:00:00
1761811200000,1118.25,1129.55,1107.81,1111.56,76991.759,2025-10-30 08:00:00
1761825600000,1111.56,1114.19,1075.4,1077.13,124771.993,2025-10-30 12:00:00
1761840000000,1077.13,1084.25,1058.8,1061.76,75333.386,2025-10-30 16:00:00
1761854400000,1061.76,1079.56,1043.48,1079.05,91625.671,2025-10-30 20:00:00
1761868800000,1079.06,1089.11,1074.83,1086.2,59685.698,2025-10-31 00:00:00
1761883200000,1086.2,1103.4,1085.44,1099.03,81477.168,2025-10-31 04:00:00
1761897600000,1099.04,1104.93,1077.82,1088.19,246999.367,2025-10-31 08:00:00
1761912000000,1088.19,1092.41,1077.19,1084.53,83050.804,2025-10-31 12:00:00
1761926400000,1084.52,1092.23,1071.43,1090.0,47291.716,2025-10-31 16:00:00
1761940800000,1090.0,1091.0,1084.01,1088.9,19164.893,2025-10-31 20:00:00
1761955200000,1088.9,1095.0,1082.02,1090.0,52406.356,2025-11-01 00:00:00
1761969600000,1089.99,1091.37,1084.28,1086.46,21604.788,2025-11-01 04:00:00
1761984000000,1086.47,1089.52,1085.52,1089.11,19151.047,2025-11-01 08:00:00
1761998400000,1089.11,1096.42,1081.8,1092.6,41372.306,2025-11-01 12:00:00
1762012800000,1092.6,1096.7,1090.52,1094.52,16951.753,2025-11-01 16:00:00
1762027200000,1094.51,1096.93,1090.22,1094.53,12007.298,2025-11-01 20:00:00
1762041600000,1094.54,1094.76,1087.7,1089.61,17253.752,2025-11-02 00:00:00
1762056000000,1089.62,1094.92,1088.38,1093.8,18847.412,2025-11-02 04:00:00
1762070400000,1093.8,1094.73,1080.79,1087.91,26133.39,2025-11-02 08:00:00
1762084800000,1087.91,1087.91,1077.82,1080.4,29625.889,2025-11-02 12:00:00
1762099200000,1080.41,1080.41,1071.74,1078.65,27322.282,2025-11-02 16:00:00
1762113600000,1078.64,1085.6,1076.61,1083.25,13219.823,2025-11-02 20:00:00
1762128000000,1083.25,1087.24,1041.14,1043.7,88606.555,2025-11-03 00:00:00
1762142400000,1043.7,1049.4,1024.19,1028.85,111703.607,2025-11-03 04:00:00
1762156800000,1028.85,1031.48,1008.71,1015.95,122114.058,2025-11-03 08:00:00
1762171200000,1015.95,1026.49,960.18,980.28,205902.751,2025-11-03 12:00:00
1762185600000,980.28,1010.48,976.66,996.34,102737.754,2025-11-03 16:00:00
1762200000000,996.34,997.62,981.25,993.54,54134.16,2025-11-03 20:00:00
1762214400000,993.54,1000.98,982.22,999.21,53110.025,2025-11-04 00:00:00
1762228800000,999.22,1002.12,940.0,944.63,196475.597,2025-11-04 04:00:00
1762243200000,944.63,963.16,939.6,958.0,110694.111,2025-11-04 08:00:00
1762257600000,958.0,966.94,934.64,949.85,125393.666,2025-11-04 12:00:00
1762272000000,949.88,953.2,908.17,919.52,212501.724,2025-11-04 16:00:00
1762286400000,919.51,941.61,880.8,936.77,287100.395,2025-11-04 20:00:00
1762300800000,936.79,955.9,900.39,949.19,190178.74,2025-11-05 00:00:00
1762315200000,949.2,957.28,941.05,953.84,66513.04,2025-11-05 04:00:00
1762329600000,953.83,953.88,937.0,945.37,69069.661,2025-11-05 08:00:00
1762344000000,945.37,965.68,944.07,965.68,91518.282,2025-11-05 12:00:00
1762358400000,965.68,969.27,957.21,959.5,70168.339,2025-11-05 16:00:00
1762372800000,959.49,964.55,951.7,959.33,38695.965,2025-11-05 20:00:00
1762387200000,959.32,964.0,943.75,963.02,49532.376,2025-11-06 00:00:00
1762401600000,963.02,965.23,946.02,951.41,36000.031,2025-11-06 04:00:00
1762416000000,951.4,958.4,948.5,955.29,36625.692,2025-11-06 08:00:00
1762430400000,955.29,955.6,927.63,933.71,90820.696,2025-11-06 12:00:00
1762444800000,933.71,955.45,925.07,948.1,69597.141,2025-11-06 16:00:00
1762459200000,948.09,954.46,944.26,950.4,30046.489,2025-11-06 20:00:00
1762473600000,950.4,976.33,944.9,967.09,76234.782,2025-11-07 00:00:00
1762488000000,967.09,971.44,957.81,970.06,48890.047,2025-11-07 04:00:00
1762502400000,970.05,970.85,937.0,942.57,59348.182,2025-11-07 08:00:00
1762516800000,942.57,949.78,925.7,944.73,94101.329,2025-11-07 12:00:00
1762531200000,944.73,985.49,939.9,981.81,108982.572,2025-11-07 16:00:00
1762545600000,981.8,995.6,974.27,991.15,65156.592,2025-11-07 20:00:00
1762560000000,991.14,1007.41,980.05,996.72,86667.879,2025-11-08 00:00:00
1762574400000,996.71,1002.08,984.92,995.38,60184.07,2025-11-08 04:00:00
1762588800000,995.38,1003.15,987.1,989.6,51331.481,2025-11-08 08:00:00
1762603200000,989.61,998.29,983.34,990.8,38269.099,2025-11-08 12:00:00
1762617600000,990.79,1005.77,985.01,996.32,46721.748,2025-11-08 16:00:00
1762632000000,996.33,999.76,989.65,991.03,18531.412,2025-11-08 20:00:00
1762646400000,991.01,994.24,975.84,981.07,36539.673,2025-11-09 00:00:00
1762660800000,981.07,993.3,980.81,989.6,25684.939,2025-11-09 04:00:00
1762675200000,989.59,995.6,982.2,990.3,39630.132,2025-11-09 08:00:00
1762689600000,990.3,999.0,977.35,994.46,74469.795,2025-11-09 12:00:00
1762704000000,994.46,1005.0,991.36,1004.96,41293.766,2025-11-09 16:00:00
1762718400000,1004.96,1007.16,990.6,996.63,39042.443,2025-11-09 20:00:00
1762732800000,996.63,1019.56,991.6,1013.16,69798.253,2025-11-10 00:00:00
1762747200000,1013.16,1014.69,1004.02,1005.98,32133.525,2025-11-10 04:00:00
1762761600000,1005.99,1006.46,996.02,999.49,44416.606,2025-11-10 08:00:00
1762776000000,999.5,1004.28,976.7,980.04,77551.672,2025-11-10 12:00:00
1762790400000,980.04,989.45,976.22,987.89,33394.089,2025-11-10 16:00:00
1762804800000,987.89,996.3,983.59,991.98,23834.651,2025-11-10 20:00:00
1762819200000,991.99,1008.6,986.96,1000.92,51903.581,2025-11-11 00:00:00
1762833600000,1000.92,1003.82,972.24,974.63,54994.165,2025-11-11 04:00:00
1762848000000,974.62,983.42,973.19,980.75,32670.547,2025-11-11 08:00:00
1762862400000,980.75,984.84,972.0,975.7,50896.671,2025-11-11 12:00:00
1762876800000,975.7,977.81,960.8,961.27,60081.158,2025-11-11 16:00:00
1762891200000,961.28,965.7,956.08,958.08,33405.747,2025-11-11 20:00:00
1762905600000,958.08,965.64,955.31,961.4,30243.044,2025-11-12 00:00:00
1762920000000,961.39,962.81,951.8,953.13,22749.042,2025-11-12 04:00:00
1762934400000,953.12,975.36,953.12,971.43,35477.01,2025-11-12 08:00:00
1762948800000,971.44,978.61,946.23,949.1,57291.325,2025-11-12 12:00:00
1762963200000,949.11,955.0,937.9,948.68,53937.756,2025-11-12 16:00:00
1762977600000,948.68,957.79,946.8,952.86,17288.939,2025-11-12 20:00:00
1762992000000,952.87,963.9,946.52,959.7,31741.008,2025-11-13 00:00:00
1763006400000,959.7,972.2,957.4,964.89,33721.449,2025-11-13 04:00:00
1763020800000,964.9,968.05,959.74,967.07,23864.14,2025-11-13 08:00:00
1763035200000,967.07,968.17,952.55,957.36,46959.753,2025-11-13 12:00:00
1763049600000,957.36,959.43,911.14,913.54,133900.952,2025-11-13 16:00:00
1763064000000,913.54,932.68,905.72,927.15,64157.776,2025-11-13 20:00:00
1763078400000,927.15,934.04,918.63,924.03,57293.352,2025-11-14 00:00:00
1763092800000,924.02,926.9,900.0,923.08,90291.578,2025-11-14 04:00:00
1763107200000,923.07,923.07,904.56,909.17,57537.473,2025-11-14 08:00:00
1763121600000,909.16,931.04,887.88,925.5,154981.007,2025-11-14 12:00:00
1763136000000,925.51,933.37,918.61,931.81,42493.685,2025-11-14 16:00:00
1763150400000,931.81,933.56,908.0,915.25,35595.913,2025-11-14 20:00:00
1763164800000,915.26,936.13,914.91,931.85,40128.046,2025-11-15 00:00:00
1763179200000,931.85,936.79,927.01,936.19,27259.723,2025-11-15 04:00:00
1763193600000,936.2,939.19,929.0,930.73,33895.798,2025-11-15 08:00:00
1763208000000,930.73,938.11,929.1,936.57,18518.814,2025-11-15 12:00:00
1763222400000,936.57,945.22,931.1,941.33,22920.588,2025-11-15 16:00:00
1763236800000,941.33,941.57,926.01,932.28,19261.736,2025-11-15 20:00:00
1763251200000,932.27,941.61,921.49,941.21,28123.223,2025-11-16 00:00:00
1763265600000,941.2,948.23,937.89,943.47,21733.914,2025-11-16 04:00:00
1763280000000,943.48,949.77,930.32,931.79,31695.816,2025-11-16 08:00:00
1763294400000,931.8,939.23,922.2,923.62,45552.988,2025-11-16 12:00:00
1763308800000,923.62,930.45,908.16,919.93,76406.408,2025-11-16 16:00:00
1763323200000,919.94,931.82,910.15,926.56,48645.528,2025-11-16 20:00:00
1763337600000,926.59,939.55,919.61,934.52,46999.858,2025-11-17 00:00:00
1763352000000,934.52,937.79,930.01,935.28,26149.733,2025-11-17 04:00:00
1763366400000,935.28,938.65,931.3,933.45,21265.455,2025-11-17 08:00:00
1763380800000,933.45,934.63,899.95,911.89,103611.973,2025-11-17 12:00:00
1763395200000,911.9,922.01,893.39,897.39,83479.024,2025-11-17 16:00:00
1763409600000,897.39,911.03,891.72,907.36,51385.813,2025-11-17 20:00:00
1763424000000,907.36,918.75,884.4,903.4,120561.015,2025-11-18 00:00:00
1763438400000,903.4,913.61,892.75,910.33,67949.071,2025-11-18 04:00:00
1763452800000,910.33,925.0,909.93,915.46,46510.282,2025-11-18 08:00:00
1763467200000,915.47,927.44,910.42,926.11,49301.509,2025-11-18 12:00:00
1763481600000,926.1,939.99,924.18,935.8,54440.773,2025-11-18 16:00:00
1763496000000,935.8,937.2,928.5,932.79,18512.808,2025-11-18 20:00:00
1763510400000,932.79,941.06,924.78,932.26,33861.192,2025-11-19 00:00:00
1763524800000,932.27,932.88,912.9,931.12,41521.555,2025-11-19 04:00:00
1763539200000,931.12,934.0,919.32,921.62,26067.508,2025-11-19 08:00:00
1763553600000,921.61,925.44,892.68,894.73,62100.004,2025-11-19 12:00:00
1763568000000,894.72,899.56,872.38,878.9,84300.586,2025-11-19 16:00:00
1763582400000,878.9,901.41,876.4,897.77,48507.429,2025-11-19 20:00:00
1763596800000,897.78,917.0,893.8,910.06,51358.968,2025-11-20 00:00:00
1763611200000,910.06,914.6,899.39,907.85,34543.398,2025-11-20 04:00:00
1763625600000,907.85,908.87,896.67,902.31,22957.814,2025-11-20 08:00:00
1763640000000,902.3,909.0,888.95,889.96,52579.771,2025-11-20 12:00:00
1763654400000,889.97,890.56,868.3,880.44,92928.993,2025-11-20 16:00:00
1763668800000,880.44,883.61,865.57,866.51,47434.037,2025-11-20 20:00:00
1763683200000,866.51,877.33,855.45,863.36,65045.639,2025-11-21 00:00:00
1763697600000,863.35,867.0,807.24,832.03,161303.164,2025-11-21 04:00:00
1763712000000,832.03,839.92,802.55,809.08,161139.212,2025-11-21 08:00:00
1763726400000,809.08,831.47,790.79,813.67,151327.344,2025-11-21 12:00:00
1763740800000,813.67,836.36,808.03,825.55,74771.145,2025-11-21 16:00:00
1763755200000,825.54,836.27,813.85,830.46,40899.545,2025-11-21 20:00:00
1763769600000,830.47,842.93,830.1,836.41,34082.243,2025-11-22 00:00:00
1763784000000,836.41,837.47,819.58,831.79,33066.206,2025-11-22 04:00:00
1763798400000,831.8,832.66,813.77,825.6,41679.665,2025-11-22 08:00:00
1763812800000,825.6,828.88,815.26,823.22,23979.052,2025-11-22 12:00:00
1763827200000,823.21,834.18,822.91,832.91,17174.514,2025-11-22 16:00:00
1763841600000,832.91,841.86,825.92,833.78,17243.94,2025-11-22 20:00:00
1763856000000,833.78,850.2,833.28,846.85,41608.321,2025-11-23 00:00:00
1763870400000,846.85,854.49,836.62,841.18,36332.617,2025-11-23 04:00:00
1763884800000,841.19,846.87,838.83,842.58,17845.817,2025-11-23 08:00:00
1763899200000,842.59,851.86,842.35,849.9,24500.312,2025-11-23 12:00:00
1763913600000,849.9,853.2,843.15,849.79,28261.608,2025-11-23 16:00:00
1763928000000,849.78,855.46,842.26,843.6,18975.502,2025-11-23 20:00:00
1763942400000,843.6,853.08,836.08,849.51,47469.954,2025-11-24 00:00:00
1763956800000,849.51,858.4,838.73,853.88,42397.787,2025-11-24 04:00:00
1763971200000,853.88,856.7,840.5,842.64,29293.994,2025-11-24 08:00:00
1763985600000,842.63,848.31,830.01,844.5,48134.006,2025-11-24 12:00:00
1764000000000,844.49,871.24,844.21,868.58,50790.266,2025-11-24 16:00:00
1764014400000,868.58,876.3,863.24,864.92,30378.795,2025-11-24 20:00:00
1764028800000,864.9,867.0,856.6,860.74,25037.456,2025-11-25 00:00:00
1764043200000,860.74,865.0,855.49,855.82,28148.533,2025-11-25 04:00:00
1764057600000,855.82,859.59,846.81,850.65,28107.232,2025-11-25 08:00:00
1764072000000,850.65,856.2,837.47,846.3,34986.425,2025-11-25 12:00:00
1764086400000,846.31,861.83,845.44,855.28,25900.71,2025-11-25 16:00:00
1764100800000,855.29,867.66,851.1,862.57,16570.503,2025-11-25 20:00:00
1764115200000,862.58,869.98,859.14,860.11,17168.855,2025-11-26 00:00:00
1764129600000,860.11,862.86,857.43,860.44,14131.996,2025-11-26 04:00:00
1764144000000,860.45,860.85,852.72,857.77,17708.419,2025-11-26 08:00:00
1764158400000,857.78,868.21,851.72,865.0,30485.884,2025-11-26 12:00:00
1764172800000,865.0,897.25,864.96,896.55,57588.91,2025-11-26 16:00:00
1764187200000,896.55,897.0,889.29,891.78,22565.328,2025-11-26 20:00:00
1764201600000,891.77,904.86,889.25,895.64,44626.617,2025-11-27 00:00:00
1764216000000,895.63,899.21,890.81,893.72,22671.261,2025-11-27 04:00:00
1764230400000,893.72,895.98,889.71,892.58,21273.223,2025-11-27 08:00:00
1764244800000,892.58,894.22,883.8,893.2,26071.407,2025-11-27 12:00:00
1764259200000,893.21,898.67,890.17,896.39,15717.46,2025-11-27 16:00:00
1764273600000,896.39,898.71,890.77,895.74,10889.116,2025-11-27 20:00:00
1764288000000,895.75,899.8,889.04,892.59,23955.272,2025-11-28 00:00:00
1764302400000,892.6,898.11,881.6,882.47,24229.14,2025-11-28 04:00:00
1764316800000,882.46,898.52,882.42,891.81,30522.588,2025-11-28 08:00:00
1764331200000,891.8,906.5,887.2,902.0,39092.352,2025-11-28 12:00:00
1764345600000,902.0,902.33,876.15,886.29,40933.011,2025-11-28 16:00:00
1764360000000,886.28,890.46,883.1,887.19,16111.314,2025-11-28 20:00:00
1764374400000,887.2,889.0,883.47,884.14,9266.638,2025-11-29 00:00:00
1764388800000,884.13,884.84,876.46,879.06,20049.553,2025-11-29 04:00:00
1764403200000,879.07,882.25,877.49,878.56,11412.749,2025-11-29 08:00:00
1764417600000,878.56,882.0,875.22,880.93,13858.102,2025-11-29 12:00:00
1764432000000,880.92,881.76,868.25,873.1,20084.97,2025-11-29 16:00:00
1764446400000,873.09,875.66,870.6,872.9,5387.92,2025-11-29 20:00:00
1764460800000,872.9,878.94,869.56,875.59,8799.637,2025-11-30 00:00:00
1764475200000,875.6,876.95,870.13,874.78,8109.893,2025-11-30 04:00:00
1764489600000,874.79,879.69,874.4,876.72,11745.988,2025-11-30 08:00:00
1764504000000,876.72,897.89,875.7,893.99,41331.25,2025-11-30 12:00:00
1764518400000,894.0,899.75,892.85,894.99,15218.996,2025-11-30 16:00:00
1764532800000,895.0,897.0,874.2,875.31,21024.823,2025-11-30 20:00:00
1764547200000,875.3,877.12,827.59,829.4,113470.535,2025-12-01 00:00:00
1764561600000,829.39,832.97,820.73,832.43,44794.959,2025-12-01 04:00:00
1764576000000,832.44,833.39,823.0,824.86,53903.818,2025-12-01 08:00:00
1764590400000,824.86,826.39,801.7,811.85,77863.22,2025-12-01 12:00:00
1764604800000,811.86,818.86,808.41,814.7,26273.019,2025-12-01 16:00:00
1764619200000,814.69,832.32,814.61,826.61,26440.834,2025-12-01 20:00:00
1764633600000,826.6,834.0,820.46,828.38,27989.896,2025-12-02 00:00:00
1764648000000,828.39,833.0,828.2,830.94,19969.823,2025-12-02 04:00:00
1764662400000,830.93,845.3,825.25,843.23,42653.005,2025-12-02 08:00:00
1764676800000,843.23,875.6,839.74,871.4,72527.983,2025-12-02 12:00:00
1764691200000,871.39,885.0,865.23,882.58,44604.987,2025-12-02 16:00:00
1764705600000,882.57,882.9,872.6,876.61,25403.986,2025-12-02 20:00:00
1764720000000,876.6,889.56,873.6,887.82,32395.087,2025-12-03 00:00:00
1764734400000,887.81,910.57,887.37,896.55,56682.861,2025-12-03 04:00:00
1764748800000,896.55,901.59,893.57,898.92,21290.827,2025-12-03 08:00:00
1764763200000,898.92,906.19,887.79,897.2,54770.574,2025-12-03 12:00:00
1764777600000,897.2,908.0,892.85,906.99,24419.941,2025-12-03 16:00:00
1764792000000,906.99,922.63,905.0,920.76,37750.639,2025-12-03 20:00:00
1764806400000,920.77,928.24,914.89,916.8,41758.73,2025-12-04 00:00:00
1764820800000,916.81,919.12,906.3,910.79,28830.444,2025-12-04 04:00:00
1764835200000,910.79,913.17,907.07,908.88,16205.431,2025-12-04 08:00:00
1764849600000,908.88,916.13,901.78,910.76,27564.679,2025-12-04 12:00:00
1764864000000,910.76,912.43,886.79,898.52,36222.626,2025-12-04 16:00:00
1764878400000,898.52,904.18,896.0,899.92,15197.653,2025-12-04 20:00:00
1764892800000,899.92,907.06,899.4,901.81,11131.427,2025-12-05 00:00:00
1764907200000,901.8,907.92,898.37,901.65,15682.532,2025-12-05 04:00:00
1764921600000,901.64,902.32,889.53,894.09,21814.714,2025-12-05 08:00:00
1764936000000,894.09,900.18,884.59,888.87,36541.041,2025-12-05 12:00:00
1764950400000,888.86,889.39,870.18,883.69,42934.256,2025-12-05 16:00:00
1764964800000,883.69,885.15,878.5,883.57,9390.029,2025-12-05 20:00:00
1764979200000,883.57,888.52,881.11,887.54,11469.471,2025-12-06 00:00:00
1764993600000,887.53,888.1,881.8,884.76,9208.492,2025-12-06 04:00:00
1765008000000,884.76,885.1,878.01,883.58,11977.99,2025-12-06 08:00:00
1765022400000,883.58,896.91,883.17,890.28,21139.42,2025-12-06 12:00:00
1765036800000,890.29,897.9,888.15,889.57,16913.644,2025-12-06 16:00:00
1765051200000,889.57,895.73,889.3,890.38,10580.964,2025-12-06 20:00:00
1765065600000,890.38,898.22,889.84,897.92,10462.168,2025-12-07 00:00:00
1765080000000,897.92,898.0,891.0,891.52,10095.101,2025-12-07 04:00:00
1765094400000,891.52,893.39,886.57,887.88,14164.964,2025-12-07 08:00:00
1765108800000,887.88,893.89,870.23,890.3,45661.029,2025-12-07 12:00:00
1765123200000,890.3,906.0,886.6,903.8,31166.511,2025-12-07 16:00:00
1765137600000,903.8,905.21,881.08,894.37,20339.041,2025-12-07 20:00:00
1765152000000,894.38,909.68,891.12,902.01,20357.301,2025-12-08 00:00:00
1765166400000,902.02,905.84,900.42,903.1,15272.644,2025-12-08 04:00:00
1765180800000,903.1,912.65,902.62,905.93,17934.211,2025-12-08 08:00:00
1765195200000,905.93,913.29,896.33,896.56,33966.033,2025-12-08 12:00:00
1765209600000,896.57,900.81,888.93,894.78,20898.369,2025-12-08 16:00:00
1765224000000,894.78,905.0,894.75,897.12,12925.502,2025-12-08 20:00:00
1765238400000,897.13,899.74,888.16,894.04,16455.728,2025-12-09 00:00:00
1765252800000,894.05,896.26,884.54,889.16,23423.253,2025-12-09 04:00:00
1765267200000,889.18,889.19,883.58,887.16,20480.707,2025-12-09 08:00:00
1765281600000,887.17,908.9,881.78,907.67,43695.458,2025-12-09 12:00:00
1765296000000,907.67,928.0,907.67,914.21,76667.15,2025-12-09 16:00:00
1765310400000,914.21,914.4,893.97,897.3,28923.277,2025-12-09 20:00:00
1765324800000,897.3,898.96,887.26,890.51,34019.047,2025-12-10 00:00:00
1765339200000,890.51,897.05,889.1,894.19,20188.233,2025-12-10 04:00:00
1765353600000,894.2,896.16,884.53,886.67,27894.594,2025-12-10 08:00:00
1765368000000,886.67,892.6,884.27,891.4,26809.368,2025-12-10 12:00:00
1765382400000,891.39,905.17,889.73,901.95,42232.198,2025-12-10 16:00:00
1765396800000,901.96,915.0,890.72,893.43,35189.581,2025-12-10 20:00:00
1765411200000,893.43,894.7,861.46,868.19,53522.898,2025-12-11 00:00:00
1765425600000,868.19,873.86,864.84,866.88,26940.162,2025-12-11 04:00:00
1765440000000,866.87,869.0,862.25,866.61,22144.007,2025-12-11 08:00:00
1765454400000,866.6,870.9,859.54,865.91,32556.221,2025-12-11 12:00:00
1765468800000,865.9,881.21,861.09,876.05,22767.139,2025-12-11 16:00:00
1765483200000,876.05,891.5,875.83,885.91,24546.437,2025-12-11 20:00:00
1765497600000,885.92,896.07,880.0,892.42,20301.545,2025-12-12 00:00:00
1765512000000,892.41,894.15,886.27,889.25,16357.61,2025-12-12 04:00:00
1765526400000,889.26,889.48,883.5,886.09,16792.455,2025-12-12 08:00:00
1765540800000,886.08,892.31,872.37,874.18,29376.497,2025-12-12 12:00:00
1765555200000,874.18,882.11,870.58,877.35,21523.199,2025-12-12 16:00:00
1765569600000,877.35,882.66,875.2,881.58,6289.16,2025-12-12 20:00:00
1765584000000,881.59,887.63,880.32,887.35,11162.182,2025-12-13 00:00:00
1765598400000,887.34,889.2,883.7,886.21,11074.25,2025-12-13 04:00:00
1765612800000,886.2,894.26,885.8,892.11,17323.383,2025-12-13 08:00:00
1765627200000,892.1,899.99,886.94,898.92,25761.366,2025-12-13 12:00:00
1765641600000,898.92,904.22,891.2,893.49,19283.434,2025-12-13 16:00:00
1765656000000,893.48,897.36,889.49,896.82,7796.439,2025-12-13 20:00:00
1765670400000,896.82,899.5,894.26,895.55,10026.819,2025-12-14 00:00:00
1765684800000,895.55,896.77,892.11,896.18,10764.571,2025-12-14 04:00:00
1765699200000,896.19,898.68,884.12,888.77,20898.951,2025-12-14 08:00:00
1765713600000,888.78,894.73,883.04,886.51,23991.956,2025-12-14 12:00:00
1765728000000,886.52,888.5,880.77,883.31,17986.443,2025-12-14 16:00:00
1765742400000,883.31,884.9,870.11,877.27,27245.288,2025-12-14 20:00:00
1765756800000,877.27,895.42,876.31,888.96,25016.568,2025-12-15 00:00:00
1765771200000,888.95,891.6,886.6,889.38,16299.868,2025-12-15 04:00:00
1765785600000,889.38,893.32,887.12,887.76,19627.634,2025-12-15 08:00:00
1765800000000,887.75,890.2,852.0,859.14,71042.976,2025-12-15 12:00:00
1765814400000,859.13,859.95,840.75,849.95,55523.856,2025-12-15 16:00:00
1765828800000,849.95,859.09,844.7,858.6,23356.969,2025-12-15 20:00:00
1765843200000,858.61,858.75,850.57,855.45,22790.773,2025-12-16 00:00:00
1765857600000,855.46,865.9,847.0,859.57,33887.918,2025-12-16 04:00:00
1765872000000,859.58,866.25,857.03,865.8,24580.999,2025-12-16 08:00:00
1765886400000,865.8,878.44,858.56,876.65,73754.17,2025-12-16 12:00:00
1765900800000,876.64,876.66,866.26,870.37,50489.28,2025-12-16 16:00:00
1765915200000,870.36,875.78,869.1,875.63,35332.196,2025-12-16 20:00:00
1765929600000,875.64,875.75,862.0,863.43,35811.366,2025-12-17 00:00:00
1765944000000,863.44,871.13,855.55,868.06,63123.003,2025-12-17 04:00:00
1765958400000,868.07,868.07,855.41,859.82,64228.017,2025-12-17 08:00:00
1765972800000,859.84,876.16,852.74,853.78,121657.932,2025-12-17 12:00:00
1765987200000,853.77,857.96,833.39,840.8,76305.52,2025-12-17 16:00:00
1766001600000,840.8,844.9,836.74,843.07,16947.371,2025-12-17 20:00:00
1766016000000,843.07,846.76,833.2,836.7,35716.381,2025-12-18 00:00:00
1766030400000,836.69,839.5,830.12,833.72,45122.9,2025-12-18 04:00:00
1766044800000,833.72,841.73,832.78,839.72,57688.688,2025-12-18 08:00:00
1766059200000,839.73,853.49,837.31,848.22,118751.35,2025-12-18 12:00:00
1766073600000,848.22,848.93,818.39,820.53,125254.634,2025-12-18 16:00:00
1766088000000,820.52,831.91,820.19,830.07,49490.925,2025-12-18 20:00:00
1766102400000,830.08,841.93,822.38,837.66,71548.362,2025-12-19 00:00:00
1766116800000,837.67,850.22,835.51,843.15,166882.292,2025-12-19 04:00:00
1766131200000,843.15,849.48,842.15,849.1,901756.752,2025-12-19 08:00:00
1766145600000,849.11,855.0,843.6,846.6,34448.794,2025-12-19 12:00:00
1766160000000,846.61,857.99,843.6,856.15,31370.003,2025-12-19 16:00:00
1766174400000,856.15,862.33,854.23,856.17,21340.754,2025-12-19 20:00:00
1766188800000,856.17,859.7,852.39,858.41,10760.073,2025-12-20 00:00:00
1766203200000,858.41,858.59,852.18,853.85,14736.051,2025-12-20 04:00:00
1766217600000,853.84,856.33,850.95,853.57,10039.994,2025-12-20 08:00:00
1766232000000,853.56,853.97,850.9,853.97,10911.881,2025-12-20 12:00:00
1766246400000,853.97,854.6,852.54,853.05,4159.501,2025-12-20 16:00:00
1766260800000,853.05,855.12,851.01,854.17,6407.632,2025-12-20 20:00:00
1766275200000,854.17,855.21,846.84,850.3,9237.19,2025-12-21 00:00:00
1766289600000,850.31,850.81,848.2,849.89,8049.558,2025-12-21 04:00:00
1766304000000,849.88,859.91,848.99,856.79,13717.77,2025-12-21 08:00:00
1766318400000,856.78,859.5,845.5,848.59,21426.204,2025-12-21 12:00:00
1766332800000,848.59,856.66,846.4,855.69,11133.813,2025-12-21 16:00:00
1766347200000,855.7,859.63,851.2,858.64,6422.282,2025-12-21 20:00:00
1766361600000,858.63,867.84,850.85,856.0,21362.097,2025-12-22 00:00:00
1766376000000,856.01,861.04,855.14,858.69,18013.387,2025-12-22 04:00:00
1766390400000,858.69,868.22,858.5,865.4,46627.397,2025-12-22 08:00:00
1766404800000,865.4,871.0,861.77,867.75,26552.6,2025-12-22 12:00:00
1766419200000,867.76,869.16,857.0,857.6,20559.279,2025-12-22 16:00:00
1766433600000,857.6,861.18,853.5,858.66,14161.228,2025-12-22 20:00:00
1766448000000,858.67,861.46,852.23,857.27,12228.493,2025-12-23 00:00:00
1766462400000,857.27,857.8,847.06,848.61,19768.002,2025-12-23 04:00:00
1766476800000,848.6,853.29,847.97,852.97,11762.385,2025-12-23 08:00:00
1766491200000,852.97,852.98,838.24,844.17,29624.003,2025-12-23 12:00:00
1766505600000,844.17,850.23,839.0,841.44,21087.091,2025-12-23 16:00:00
1766520000000,841.43,847.66,840.2,844.3,9424.9,2025-12-23 20:00:00
1766534400000,844.3,847.8,836.29,840.75,13103.304,2025-12-24 00:00:00
1766548800000,840.75,842.52,836.21,838.0,17856.363,2025-12-24 04:00:00
1766563200000,838.0,839.63,835.21,837.99,17665.761,2025-12-24 08:00:00
1766577600000,837.99,843.26,835.63,841.2,15119.026,2025-12-24 12:00:00
1766592000000,841.2,849.0,839.9,847.78,13476.381,2025-12-24 16:00:00
1766606400000,847.79,850.0,846.19,846.58,7696.946,2025-12-24 20:00:00
1766620800000,846.57,847.99,843.94,844.95,6395.533,2025-12-25 00:00:00
1766635200000,844.96,845.28,842.0,843.29,8160.447,2025-12-25 04:00:00
1766649600000,843.29,844.53,835.3,837.6,13228.12,2025-12-25 08:00:00
1766664000000,837.6,844.69,835.11,842.53,14980.284,2025-12-25 12:00:00
1766678400000,842.52,842.96,839.75,841.35,10186.889,2025-12-25 16:00:00
1766692800000,841.35,843.5,826.81,829.64,19825.814,2025-12-25 20:00:00
1766707200000,829.63,844.8,828.0,840.77,28977.275,2025-12-26 00:00:00
1766721600000,840.77,847.16,837.44,840.88,14830.72,2025-12-26 04:00:00
1766736000000,840.89,843.16,838.86,839.26,15286.824,2025-12-26 08:00:00
1766750400000,839.27,843.4,821.21,828.93,36367.94,2025-12-26 12:00:00
1766764800000,828.94,834.9,827.96,832.83,16057.631,2025-12-26 16:00:00
1766779200000,832.83,838.19,832.02,834.72,8712.396,2025-12-26 20:00:00
1766793600000,834.72,836.5,834.0,836.2,7300.265,2025-12-27 00:00:00
1766808000000,836.2,843.09,834.15,840.57,15322.353,2025-12-27 04:00:00
1766822400000,840.56,843.42,837.62,840.96,37401.544,2025-12-27 08:00:00
1766836800000,840.97,841.53,838.47,840.9,13993.989,2025-12-27 12:00:00
1766851200000,840.9,841.77,839.44,840.95,6325.176,2025-12-27 16:00:00
1766865600000,840.95,846.54,839.79,845.04,9539.039,2025-12-27 20:00:00
1766880000000,845.05,845.68,839.2,841.6,9512.777,2025-12-28 00:00:00
1766894400000,841.61,844.2,841.4,843.92,8963.126,2025-12-28 04:00:00
1766908800000,843.92,857.0,843.92,854.6,22100.775,2025-12-28 08:00:00
1766923200000,854.61,863.4,854.6,860.58,21479.105,2025-12-28 12:00:00
1766937600000,860.57,867.22,858.81,859.68,20352.352,2025-12-28 16:00:00
1766952000000,859.68,862.37,856.84,859.32,9193.851,2025-12-28 20:00:00
1766966400000,859.32,872.12,858.71,869.19,29030.762,2025-12-29 00:00:00
1766980800000,869.2,871.66,858.8,860.58,23072.611,2025-12-29 04:00:00
1766995200000,860.58,861.79,847.55,853.04,27299.059,2025-12-29 08:00:00
1767009600000,853.05,855.4,846.0,853.6,27400.463,2025-12-29 12:00:00
1767024000000,853.59,855.69,850.0,853.03,14001.161,2025-12-29 16:00:00
1767038400000,853.03,855.04,851.43,852.46,6347.391,2025-12-29 20:00:00
1767052800000,852.46,853.5,848.7,852.5,8009.531,2025-12-30 00:00:00
1767067200000,852.5,854.89,850.38,853.75,8925.111,2025-12-30 04:00:00
1767081600000,853.75,859.76,853.75,854.8,15274.663,2025-12-30 08:00:00
1767096000000,854.8,864.05,854.61,862.78,21602.347,2025-12-30 12:00:00
1767110400000,862.79,863.06,857.35,859.79,12085.801,2025-12-30 16:00:00
1767124800000,859.79,863.06,858.33,861.65,7335.594,2025-12-30 20:00:00
1767139200000,861.66,863.0,857.69,859.29,7583.481,2025-12-31 00:00:00
1767153600000,859.29,868.0,858.99,867.99,36435.919,2025-12-31 04:00:00
1767168000000,867.99,869.35,864.95,869.2,21051.516,2025-12-31 08:00:00
1767182400000,869.19,877.29,860.53,863.3,45328.072,2025-12-31 12:00:00
1767196800000,863.3,864.81,857.88,864.32,23389.056,2025-12-31 16:00:00
1767211200000,864.31,866.56,860.84,864.3,16206.574,2025-12-31 20:00:00
1767225600000,864.31,874.51,863.79,869.16,21044.853,2026-01-01 00:00:00
1767240000000,869.15,869.21,859.2,859.52,19240.256,2026-01-01 04:00:00
1767254400000,859.52,861.97,858.98,861.59,9032.058,2026-01-01 08:00:00
1767268800000,861.6,861.6,856.14,859.36,13427.04,2026-01-01 12:00:00
1767283200000,859.36,861.77,857.22,861.56,8959.233,2026-01-01 16:00:00
1767297600000,861.57,864.65,860.16,864.39,9010.222,2026-01-01 20:00:00
1767312000000,864.4,867.17,859.64,865.79,13915.019,2026-01-02 00:00:00
1767326400000,865.8,867.97,863.08,864.9,15159.541,2026-01-02 04:00:00
1767340800000,864.89,874.38,864.89,869.51,22093.491,2026-01-02 08:00:00
1767355200000,869.52,882.37,865.26,877.99,33624.126,2026-01-02 12:00:00
1767369600000,878.0,891.14,877.47,880.55,34905.512,2026-01-02 16:00:00
1767384000000,880.55,885.63,878.53,881.25,9374.053,2026-01-02 20:00:00
1767398400000,881.25,884.24,875.14,879.2,15144.254,2026-01-03 00:00:00
1767412800000,879.2,880.12,868.65,873.0,19866.371,2026-01-03 04:00:00
1767427200000,873.0,875.62,871.58,874.24,12504.665,2026-01-03 08:00:00
1767441600000,874.24,877.54,871.6,873.44,17977.215,2026-01-03 12:00:00
1767456000000,873.44,877.3,873.43,876.4,7921.329,2026-01-03 16:00:00
1767470400000,876.41,880.0,875.5,878.63,6551.371,2026-01-03 20:00:00
1767484800000,878.64,883.71,878.47,883.14,15343.649,2026-01-04 00:00:00
1767499200000,883.13,890.84,882.84,884.66,26352.251,2026-01-04 04:00:00
1767513600000,884.67,887.39,882.58,884.88,13162.733,2026-01-04 08:00:00
1767528000000,884.88,890.0,883.59,889.3,14327.791,2026-01-04 12:00:00
1767542400000,889.3,902.85,889.29,892.53,38734.448,2026-01-04 16:00:00
1767556800000,892.52,897.65,892.41,895.43,10766.235,2026-01-04 20:00:00
1767571200000,895.43,906.91,894.73,900.02,32277.447,2026-01-05 00:00:00
1767585600000,900.02,900.68,890.59,899.2,21712.66,2026-01-05 04:00:00
1767600000000,899.2,909.0,895.6,908.89,23921.654,2026-01-05 08:00:00
1767614400000,908.89,908.91,900.49,906.46,24314.355,2026-01-05 12:00:00
1767628800000,906.46,914.0,901.31,911.12,22275.03,2026-01-05 16:00:00
1767643200000,911.12,916.55,908.96,910.31,15851.639,2026-01-05 20:00:00
1767657600000,910.31,911.63,904.83,908.14,15841.255,2026-01-06 00:00:00
1767672000000,908.15,910.11,902.96,904.71,19375.765,2026-01-06 04:00:00
1767686400000,904.71,914.92,904.52,913.13,15559.14,2026-01-06 08:00:00
1767700800000,913.13,923.93,911.54,919.1,53413.814,2026-01-06 12:00:00
1767715200000,919.1,920.68,891.66,901.2,38765.03,2026-01-06 16:00:00
1767729600000,901.19,919.78,901.03,917.64,23942.185,2026-01-06 20:00:00
1767744000000,917.64,919.25,904.58,909.84,18852.09,2026-01-07 00:00:00
1767758400000,909.85,918.99,909.07,918.82,19158.88,2026-01-07 04:00:00
1767772800000,918.81,920.27,908.2,910.44,56286.517,2026-01-07 08:00:00
1767787200000,910.44,910.99,895.11,899.43,31662.888,2026-01-07 12:00:00
1767801600000,899.44,901.95,892.64,897.12,14078.974,2026-01-07 16:00:00
1767816000000,897.12,901.05,894.01,900.3,8612.441,2026-01-07 20:00:00
1767830400000,900.31,905.0,892.38,893.61,15196.293,2026-01-08 00:00:00
1767844800000,893.62,897.68,875.1,885.02,42311.827,2026-01-08 04:00:00
1767859200000,885.02,887.89,879.28,886.77,22250.475,2026-01-08 08:00:00
1767873600000,886.77,889.24,877.7,888.92,26874.549,2026-01-08 12:00:00
1767888000000,888.92,891.71,885.69,888.32,16374.724,2026-01-08 16:00:00
1767902400000,888.32,894.63,885.32,892.26,11514.887,2026-01-08 20:00:00
1767916800000,892.27,896.56,887.91,895.8,13532.968,2026-01-09 00:00:00
1767931200000,895.81,899.0,893.66,893.66,8919.155,2026-01-09 04:00:00
1767945600000,893.67,894.5,886.2,889.64,14219.233,2026-01-09 08:00:00
1767960000000,889.63,900.22,885.28,894.77,24722.784,2026-01-09 12:00:00
1767974400000,894.77,901.06,890.94,893.34,13942.441,2026-01-09 16:00:00
1767988800000,893.33,898.25,891.94,896.86,6244.786,2026-01-09 20:00:00
1768003200000,896.87,908.0,896.81,907.31,20568.908,2026-01-10 00:00:00
1768017600000,907.31,910.22,903.05,905.37,19150.01,2026-01-10 04:00:00
1768032000000,905.38,906.43,898.98,900.47,19272.135,2026-01-10 08:00:00
1768046400000,900.47,910.82,899.13,908.78,22202.25,2026-01-10 12:00:00
1768060800000,908.79,915.86,906.89,913.93,25640.876,2026-01-10 16:00:00
1768075200000,913.94,915.91,902.23,907.93,18078.314,2026-01-10 20:00:00
1768089600000,907.93,914.11,904.3,913.2,13812.914,2026-01-11 00:00:00
1768104000000,913.21,916.3,910.69,913.55,17935.729,2026-01-11 04:00:00
1768118400000,913.55,917.33,911.62,912.05,15847.022,2026-01-11 08:00:00
1768132800000,912.06,915.38,906.29,908.64,24216.71,2026-01-11 12:00:00
1768147200000,908.64,911.17,903.5,904.45,14826.627,2026-01-11 16:00:00
1768161600000,904.45,905.31,898.75,904.32,11982.079,2026-01-11 20:00:00
1768176000000,904.32,910.81,896.85,905.27,29339.481,2026-01-12 00:00:00
1768190400000,905.28,910.21,903.97,904.81,16449.507,2026-01-12 04:00:00
1768204800000,904.82,908.3,898.26,901.28,18144.889,2026-01-12 08:00:00
1768219200000,901.27,905.22,894.0,904.28,21588.505,2026-01-12 12:00:00
1768233600000,904.28,909.11,900.0,907.79,13374.901,2026-01-12 16:00:00
1768248000000,907.78,908.31,901.22,905.78,9624.89,2026-01-12 20:00:00
1768262400000,905.79,907.86,902.25,906.36,15128.291,2026-01-13 00:00:00
1768276800000,906.36,914.98,906.35,910.05,31542.253,2026-01-13 04:00:00
1768291200000,910.05,912.2,907.52,907.68,94132.528,2026-01-13 08:00:00
1768305600000,907.69,916.6,906.18,916.47,36012.131,2026-01-13 12:00:00
1768320000000,916.47,945.55,916.38,941.5,78320.053,2026-01-13 16:00:00
1768334400000,941.5,952.96,940.0,943.73,56779.741,2026-01-13 20:00:00
1768348800000,943.73,954.68,943.64,950.13,39897.992,2026-01-14 00:00:00
1768363200000,950.14,952.2,934.67,937.45,33053.637,2026-01-14 04:00:00
1768377600000,937.45,938.92,928.5,928.79,24800.902,2026-01-14 08:00:00
1768392000000,928.78,946.24,928.53,942.03,35926.368,2026-01-14 12:00:00
1768406400000,942.03,947.57,938.25,943.78,30892.589,2026-01-14 16:00:00
1768420800000,943.79,949.85,943.2,948.47,18637.21,2026-01-14 20:00:00
1768435200000,948.48,948.85,929.05,931.89,35679.044,2026-01-15 00:00:00
1768449600000,931.9,940.09,931.41,939.14,17679.776,2026-01-15 04:00:00
1768464000000,939.13,942.96,937.66,938.09,14257.754,2026-01-15 08:00:00
1768478400000,938.1,945.71,930.23,937.64,30102.908,2026-01-15 12:00:00
1768492800000,937.63,942.62,925.01,928.07,22789.135,2026-01-15 16:00:00
1768507200000,928.07,933.55,924.05,931.2,10692.851,2026-01-15 20:00:00
1768521600000,931.21,933.98,929.22,929.59,9518.555,2026-01-16 00:00:00
1768536000000,929.6,936.13,927.16,934.04,15999.441,2026-01-16 04:00:00
1768550400000,934.05,938.56,931.99,935.38,12838.551,2026-01-16 08:00:00
1768564800000,935.38,937.46,923.69,926.97,20886.666,2026-01-16 12:00:00
1768579200000,926.97,932.36,926.53,931.36,9459.873,2026-01-16 16:00:00
1768593600000,931.36,939.43,928.71,938.16,8767.297,2026-01-16 20:00:00
1768608000000,938.17,940.03,935.54,937.65,9383.812,2026-01-17 00:00:00
1768622400000,937.65,939.08,935.5,935.9,8392.618,2026-01-17 04:00:00
1768636800000,935.9,944.51,935.65,942.93,12855.751,2026-01-17 08:00:00
1768651200000,942.92,959.52,941.43,955.37,28646.576,2026-01-17 12:00:00
1768665600000,955.37,956.0,949.1,952.5,15818.879,2026-01-17 16:00:00
1768680000000,952.5,954.0,945.37,947.12,11089.695,2026-01-17 20:00:00
1768694400000,947.11,951.13,943.14,950.4,12902.498,2026-01-18 00:00:00
1768708800000,950.41,950.41,944.73,944.74,8501.18,2026-01-18 04:00:00
1768723200000,944.73,947.38,943.81,946.79,10221.371,2026-01-18 08:00:00
1768737600000,946.8,950.75,944.44,950.13,14302.353,2026-01-18 12:00:00
1768752000000,950.14,953.33,948.68,949.7,8865.199,2026-01-18 16:00:00
1768766400000,949.7,953.24,931.7,932.51,22055.649,2026-01-18 20:00:00
1768780800000,932.51,932.51,901.0,925.18,92680.132,2026-01-19 00:00:00
1768795200000,925.17,927.87,922.89,927.29,22206.767,2026-01-19 04:00:00
1768809600000,927.29,929.8,924.49,928.23,23018.953,2026-01-19 08:00:00
1768824000000,928.23,930.0,923.12,925.21,52537.789,2026-01-19 12:00:00
1768838400000,925.22,929.03,924.86,926.56,9043.96,2026-01-19 16:00:00
1768852800000,926.56,927.6,919.32,923.6,9952.959,2026-01-19 20:00:00
1768867200000,923.6,933.13,923.5,927.63,20877.091,2026-01-20 00:00:00
1768881600000,927.63,928.62,914.27,917.77,35743.215,2026-01-20 04:00:00
1768896000000,917.77,917.89,908.66,912.68,19234.568,2026-01-20 08:00:00
1768910400000,912.69,915.99,896.66,905.33,36885.818,2026-01-20 12:00:00
1768924800000,905.33,908.5,887.24,895.7,25525.077,2026-01-20 16:00:00
1768939200000,895.7,898.0,884.0,884.2,25494.46,2026-01-20 20:00:00
1768953600000,884.19,884.2,867.0,881.44,43214.098,2026-01-21 00:00:00
1768968000000,881.44,885.92,874.36,875.36,19895.11,2026-01-21 04:00:00
1768982400000,875.36,876.2,870.0,870.78,31306.702,2026-01-21 08:00:00
1768996800000,870.77,893.69,864.54,892.66,43250.267,2026-01-21 12:00:00
1769011200000,892.67,892.94,865.75,889.83,43597.009,2026-01-21 16:00:00
1769025600000,889.83,892.45,882.25,883.36,20355.035,2026-01-21 20:00:00
1769040000000,883.35,894.28,883.35,891.43,16075.308,2026-01-22 00:00:00
1769054400000,891.42,893.05,887.79,888.83,10580.387,2026-01-22 04:00:00
1769068800000,888.82,897.58,888.69,892.93,24713.307,2026-01-22 08:00:00
1769083200000,892.93,895.04,878.18,883.03,25648.463,2026-01-22 12:00:00
1769097600000,883.03,888.95,881.81,888.35,10854.068,2026-01-22 16:00:00
1769112000000,888.34,892.0,885.34,888.06,10914.939,2026-01-22 20:00:00
1769126400000,888.06,892.37,887.63,891.55,13541.505,2026-01-23 00:00:00
1769140800000,891.56,893.42,889.15,891.32,8783.062,2026-01-23 04:00:00
1769155200000,891.33,891.76,885.69,887.36,17690.757,2026-01-23 08:00:00
1769169600000,887.35,892.43,883.1,892.0,17798.532,2026-01-23 12:00:00
1769184000000,892.01,904.99,889.98,893.72,29989.539,2026-01-23 16:00:00
1769198400000,893.72,894.91,888.49,891.63,8332.215,2026-01-23 20:00:00
1769212800000,891.62,894.24,889.33,892.9,11169.447,2026-01-24 00:00:00
1769227200000,892.9,894.16,891.46,892.06,7377.056,2026-01-24 04:00:00
1769241600000,892.06,893.98,891.2,892.57,7476.488,2026-01-24 08:00:00
1769256000000,892.58,892.88,888.69,888.7,13096.691,2026-01-24 12:00:00
1769270400000,888.7,890.34,886.53,888.12,8660.741,2026-01-24 16:00:00
1769284800000,888.13,889.79,887.01,887.17,3492.14,2026-01-24 20:00:00
1769299200000,887.18,887.75,880.1,881.24,12552.896,2026-01-25 00:00:00
1769313600000,881.24,883.67,879.32,879.4,10167.517,2026-01-25 04:00:00
1769328000000,879.4,883.25,877.14,880.52,14191.407,2026-01-25 08:00:00
1769342400000,880.51,881.49,876.77,877.55,10411.09,2026-01-25 12:00:00
1769356800000,877.55,877.69,856.0,858.86,50113.62,2026-01-25 16:00:00
1769371200000,858.86,866.66,856.01,866.02,23343.696,2026-01-25 20:00:00
1769385600000,866.02,875.98,864.91,868.21,26854.106,2026-01-26 00:00:00
1769400000000,868.2,874.68,868.0,874.64,9426.046,2026-01-26 04:00:00
1769414400000,874.63,877.83,869.4,873.12,15552.798,2026-01-26 08:00:00
1769428800000,873.12,878.34,869.63,876.47,20007.138,2026-01-26 12:00:00
